step_id,sim_time_s,Vx_kmh,beta_deg,w_degps,delta1_deg,delta2_deg,delta3_deg,fb_deg,beta_int_deg,status
0,0.000000,15.000000,0.000000,0.000000,0.000000,0.000000,-0.000000,-0.000000,0.000000,OK
1,0.010000,14.998948,0.000001,-0.000397,0.000000,-0.000000,-0.000000,-0.000000,0.000000,OK
2,0.020000,14.996075,-0.000001,-0.000034,0.000000,0.000000,0.000001,0.000001,-0.000000,OK
3,0.030000,14.993051,-0.000008,0.000297,0.000000,0.000000,0.000005,0.000005,-0.000000,OK
4,0.040000,14.990256,-0.000009,0.000005,0.000000,0.000000,0.000005,0.000005,-0.000000,OK
5,0.050000,14.987641,-0.000006,-0.000102,0.000000,0.000000,0.000004,0.000004,-0.000000,OK
6,0.060000,14.985138,-0.000004,-0.000068,0.000000,0.000000,0.000003,0.000003,-0.000000,OK
7,0.070000,14.982773,-0.000004,-0.000063,0.000000,0.000000,0.000003,0.000003,-0.000000,OK
8,0.080000,14.980533,-0.000005,-0.000028,0.000000,0.000000,0.000003,0.000003,-0.000000,OK
9,0.090000,14.978351,-0.000008,0.000067,0.000000,0.000000,0.000005,0.000005,-0.000000,OK
10,0.100000,14.976158,-0.000010,0.000180,0.000000,0.000000,0.000006,0.000006,-0.000001,OK
11,0.110000,14.973906,-0.000011,0.000274,0.000000,0.000000,0.000007,0.000007,-0.000001,OK
12,0.120000,14.971553,-0.000009,0.000342,0.000000,0.000000,0.000006,0.000006,-0.000001,OK
13,0.130000,14.969072,-0.000005,0.000383,0.000000,0.000000,0.000004,0.000004,-0.000001,OK
14,0.140000,14.966458,-0.000000,0.000389,0.000000,0.000000,0.000001,0.000001,-0.000001,OK
15,0.150000,14.963727,0.000005,0.000356,0.000000,-0.000000,-0.000003,-0.000003,-0.000001,OK
16,0.160000,14.960912,0.000008,0.000291,0.000000,-0.000000,-0.000005,-0.000005,-0.000001,OK
17,0.170000,14.958055,0.000008,0.000205,0.000000,-0.000000,-0.000005,-0.000005,-0.000001,OK
18,0.180000,14.955204,0.000004,0.000110,0.000000,-0.000000,-0.000002,-0.000002,-0.000001,OK
19,0.190000,14.952410,-0.000005,0.000016,0.000000,0.000000,0.000003,0.000003,-0.000001,OK
20,0.200000,14.949706,-0.000017,-0.000059,0.000000,0.000000,0.000011,0.000011,-0.000001,OK
21,0.210000,14.947111,-0.000032,-0.000105,0.000000,0.000000,0.000020,0.000020,-0.000001,OK
22,0.220000,14.944628,-0.000046,-0.000120,0.000000,0.000001,0.000028,0.000028,-0.000002,OK
23,0.230000,14.942241,-0.000057,-0.000105,0.000000,0.000001,0.000035,0.000035,-0.000002,OK
24,0.240000,14.939919,-0.000062,-0.000064,0.000000,0.000001,0.000038,0.000038,-0.000003,OK
25,0.250000,14.937618,-0.000060,-0.000025,0.000000,0.000001,0.000037,0.000037,-0.000003,OK
26,0.260000,14.935275,-0.000050,0.000054,0.000000,0.000001,0.000032,0.000032,-0.000004,OK
27,0.270000,14.932861,-0.000033,0.000128,0.000000,0.000001,0.000022,0.000022,-0.000004,OK
28,0.280000,14.930363,-0.000010,0.000163,0.000000,0.000000,0.000008,0.000008,-0.000004,OK
29,0.290000,14.927768,0.000015,0.000173,0.000000,-0.000000,-0.000007,-0.000007,-0.000004,OK
30,0.300000,14.925079,0.000039,0.000161,0.000000,-0.000001,-0.000021,-0.000021,-0.000004,OK
31,0.310000,14.922319,0.000058,0.000120,0.000000,-0.000001,-0.000033,-0.000033,-0.000003,OK
32,0.320000,14.919529,0.000070,0.000054,0.000000,-0.000001,-0.000041,-0.000041,-0.000002,OK
33,0.330000,14.916750,0.000072,-0.000024,0.000000,-0.000001,-0.000042,-0.000042,-0.000002,OK
34,0.340000,14.914025,0.000064,-0.000102,0.000000,-0.000001,-0.000038,-0.000038,-0.000001,OK
35,0.350000,14.911377,0.000048,-0.000160,0.000000,-0.000001,-0.000028,-0.000028,-0.000001,OK
36,0.360000,14.908812,0.000026,-0.000191,0.000000,-0.000000,-0.000015,-0.000015,-0.000000,OK
37,0.370000,14.906321,0.000002,-0.000192,0.000000,-0.000000,-0.000001,-0.000001,-0.000000,OK
38,0.380000,14.903883,-0.000021,-0.000166,0.000000,0.000000,0.000013,0.000013,-0.000001,OK
39,0.390000,14.901468,-0.000037,-0.000121,0.000000,0.000001,0.000023,0.000023,-0.000001,OK
40,0.400000,14.899045,-0.000044,-0.000065,0.000000,0.000001,0.000027,0.000027,-0.000001,OK
41,0.410000,14.896588,-0.000042,-0.000011,0.000000,0.000001,0.000026,0.000026,-0.000002,OK
42,0.420000,14.894081,-0.000030,0.000032,0.000000,0.000000,0.000019,0.000019,-0.000002,OK
43,0.430000,14.891514,-0.000011,0.000061,0.000000,0.000000,0.000008,0.000008,-0.000002,OK
44,0.440000,14.888893,0.000012,0.000070,0.000000,-0.000000,-0.000006,-0.000006,-0.000002,OK
45,0.450000,14.886233,0.000034,0.000059,0.000000,-0.000000,-0.000020,-0.000020,-0.000002,OK
46,0.460000,14.883553,0.000052,0.000033,0.000000,-0.000001,-0.000031,-0.000031,-0.000001,OK
47,0.470000,14.880871,0.000062,-0.000002,0.000000,-0.000001,-0.000037,-0.000037,-0.000001,OK
48,0.480000,14.878208,0.000062,-0.000039,0.000000,-0.000001,-0.000037,-0.000037,0.000000,OK
49,0.490000,14.875574,0.000052,-0.000070,0.000000,-0.000001,-0.000031,-0.000031,0.000001,OK
50,0.500000,14.872975,0.000034,-0.000088,0.000000,-0.000000,-0.000021,-0.000021,0.000001,OK
51,0.510000,14.870410,0.000010,-0.000094,0.000000,-0.000000,-0.000007,-0.000007,0.000001,OK
52,0.520000,14.867874,-0.000014,-0.000088,0.000000,0.000000,0.000008,0.000008,0.000001,OK
53,0.530000,14.865360,-0.000037,-0.000071,0.000000,0.000001,0.000022,0.000022,0.000000,OK
54,0.540000,14.862857,-0.000053,-0.000046,0.000000,0.000001,0.000032,0.000032,-0.000000,OK
55,0.550000,14.860355,-0.000062,-0.000016,0.000000,0.000001,0.000037,0.000037,-0.000001,OK
56,0.560000,14.857845,-0.000061,0.000013,0.000000,0.000001,0.000037,0.000037,-0.000001,OK
57,0.570000,14.855318,-0.000051,0.000040,0.000000,0.000001,0.000032,0.000032,-0.000002,OK
58,0.580000,14.852766,-0.000035,0.000063,0.000000,0.000001,0.000022,0.000022,-0.000002,OK
59,0.590000,14.850185,-0.000015,0.000076,0.000000,0.000000,0.000010,0.000010,-0.000002,OK
60,0.600000,14.847578,0.000005,0.000080,0.000000,-0.000000,-0.000002,-0.000002,-0.000002,OK
61,0.610000,14.844950,0.000022,0.000074,0.000000,-0.000000,-0.000012,-0.000012,-0.000002,OK
62,0.620000,14.842309,0.000034,0.000059,0.000000,-0.000000,-0.000020,-0.000020,-0.000002,OK
63,0.630000,14.839668,0.000039,0.000038,0.000000,-0.000001,-0.000023,-0.000023,-0.000001,OK
64,0.640000,14.837041,0.000036,0.000014,0.000000,-0.000000,-0.000021,-0.000021,-0.000001,OK
65,0.650000,14.834437,0.000026,-0.000007,0.000000,-0.000000,-0.000015,-0.000015,-0.000001,OK
66,0.660000,14.831861,0.000012,-0.000021,0.000000,-0.000000,-0.000007,-0.000007,-0.000001,OK
67,0.670000,14.829313,-0.000005,-0.000026,0.000000,0.000000,0.000003,0.000003,-0.000001,OK
68,0.680000,14.826788,-0.000021,-0.000021,0.000000,0.000000,0.000013,0.000013,-0.000001,OK
69,0.690000,14.824277,-0.000034,-0.000007,0.000000,0.000000,0.000021,0.000021,-0.000001,OK
70,0.700000,14.821766,-0.000041,0.000013,0.000000,0.000001,0.000025,0.000025,-0.000002,OK
71,0.710000,14.819244,-0.000041,0.000034,0.000000,0.000001,0.000026,0.000026,-0.000002,OK
72,0.720000,14.816703,-0.000035,0.000053,0.000000,0.000001,0.000022,0.000022,-0.000002,OK
73,0.730000,14.814138,-0.000023,0.000067,0.000000,0.000000,0.000015,0.000015,-0.000003,OK
74,0.740000,14.811548,-0.000008,0.000073,0.000000,0.000000,0.000006,0.000006,-0.000003,OK
75,0.750000,14.808939,0.000008,0.000069,0.000000,-0.000000,-0.000004,-0.000004,-0.000003,OK
76,0.760000,14.806321,0.000023,0.000056,0.000000,-0.000000,-0.000012,-0.000012,-0.000002,OK
77,0.770000,14.803703,0.000033,0.000038,0.000000,-0.000000,-0.000019,-0.000019,-0.000002,OK
78,0.780000,14.801095,0.000038,0.000018,0.000000,-0.000001,-0.000022,-0.000022,-0.000002,OK
79,0.790000,14.798505,0.000037,-0.000001,0.000000,-0.000001,-0.000022,-0.000022,-0.000001,OK
80,0.800000,14.795932,0.000030,-0.000014,0.000000,-0.000000,-0.000018,-0.000018,-0.000001,OK
81,0.810000,14.793376,0.000019,-0.000021,0.000000,-0.000000,-0.000011,-0.000011,-0.000001,OK
82,0.820000,14.790832,0.000006,-0.000022,0.000000,-0.000000,-0.000003,-0.000003,-0.000001,OK
83,0.830000,14.788294,-0.000008,-0.000018,0.000000,0.000000,0.000005,0.000005,-0.000001,OK
84,0.840000,14.785756,-0.000019,-0.000010,0.000000,0.000000,0.000012,0.000012,-0.000001,OK
85,0.850000,14.783213,-0.000026,-0.000001,0.000000,0.000000,0.000016,0.000016,-0.000001,OK
86,0.860000,14.780664,-0.000029,0.000008,0.000000,0.000000,0.000018,0.000018,-0.000002,OK
87,0.870000,14.778105,-0.000026,0.000015,0.000000,0.000000,0.000016,0.000016,-0.000002,OK
88,0.880000,14.775537,-0.000019,0.000019,0.000000,0.000000,0.000012,0.000012,-0.000002,OK
89,0.890000,14.772962,-0.000009,0.000020,0.000000,0.000000,0.000006,0.000006,-0.000002,OK
90,0.900000,14.770382,0.000002,0.000018,0.000000,-0.000000,-0.000000,-0.000000,-0.000002,OK
91,0.910000,14.767800,0.000012,0.000014,0.000000,-0.000000,-0.000006,-0.000006,-0.000002,OK
92,0.920000,14.765218,0.000020,0.000008,0.000000,-0.000000,-0.000011,-0.000011,-0.000002,OK
93,0.930000,14.762638,0.000023,0.000001,0.000000,-0.000000,-0.000013,-0.000013,-0.000001,OK
94,0.940000,14.760062,0.000023,-0.000006,0.000000,-0.000000,-0.000013,-0.000013,-0.000001,OK
95,0.950000,14.757492,0.000019,-0.000012,0.000000,-0.000000,-0.000011,-0.000011,-0.000001,OK
96,0.960000,14.754930,0.000012,-0.000016,0.000000,-0.000000,-0.000007,-0.000007,-0.000001,OK
97,0.970000,14.752375,0.000003,-0.000019,0.000000,-0.000000,-0.000002,-0.000002,-0.000001,OK
98,0.980000,14.749827,-0.000006,-0.000018,0.000000,0.000000,0.000004,0.000004,-0.000001,OK
99,0.990000,14.747284,-0.000014,-0.000015,0.000000,0.000000,0.000009,0.000009,-0.000001,OK
100,1.000000,14.744744,-0.000019,-0.000009,0.000000,0.000000,0.000012,0.000012,-0.000001,OK
101,1.010000,14.742203,-0.000021,-0.000002,0.025132,0.000594,-0.013623,0.000014,-0.000001,OK
102,1.020000,14.739659,0.000005,0.000966,0.050260,0.001188,-0.027278,-0.000002,-0.000001,OK
103,1.030000,14.737108,0.000131,0.003186,0.075380,0.001779,-0.040994,-0.000079,-0.000000,OK
104,1.040000,14.734550,0.000398,0.007982,0.100489,0.002369,-0.054795,-0.000241,0.000004,OK
105,1.050000,14.731985,0.000823,0.016140,0.125581,0.002956,-0.068689,-0.000500,0.000012,OK
106,1.060000,14.729416,0.001399,0.028350,0.150654,0.003540,-0.082671,-0.000852,0.000026,OK
107,1.070000,14.726844,0.002103,0.045252,0.175702,0.004121,-0.096724,-0.001285,0.000047,OK
108,1.080000,14.724274,0.002891,0.067376,0.200723,0.004701,-0.110823,-0.001773,0.000076,OK
109,1.090000,14.721709,0.003711,0.095118,0.225713,0.005280,-0.124932,-0.002283,0.000113,OK
110,1.100000,14.719150,0.004499,0.128767,0.250666,0.005857,-0.139012,-0.002779,0.000158,OK
111,1.110000,14.716599,0.005191,0.168516,0.275581,0.006436,-0.153020,-0.003220,0.000210,OK
112,1.120000,14.714052,0.005722,0.214475,0.300451,0.007015,-0.166916,-0.003567,0.000267,OK
113,1.130000,14.711507,0.006029,0.266661,0.325274,0.007597,-0.180658,-0.003781,0.000328,OK
114,1.140000,14.708961,0.006054,0.325002,0.350046,0.008181,-0.194208,-0.003827,0.000388,OK
115,1.150000,14.706411,0.005744,0.389340,0.374763,0.008769,-0.207530,-0.003669,0.000446,OK
116,1.160000,14.703853,0.005052,0.459432,0.399420,0.009361,-0.220593,-0.003279,0.000496,OK
117,1.170000,14.701286,0.003938,0.534958,0.424014,0.009957,-0.233367,-0.002631,0.000535,OK
118,1.180000,14.698712,0.002372,0.615525,0.448542,0.010559,-0.245831,-0.001703,0.000559,OK
119,1.190000,14.696131,0.000337,0.700685,0.472998,0.011165,-0.257969,-0.000483,0.000563,OK
120,1.200000,14.693545,-0.002171,0.789952,0.497380,0.011777,-0.269775,0.001032,0.000541,OK
121,1.210000,14.690957,-0.005138,0.882814,0.521683,0.012394,-0.281254,0.002838,0.000489,OK
122,1.220000,14.688368,-0.008530,0.978749,0.545904,0.013016,-0.292421,0.004916,0.000404,OK
123,1.230000,14.685779,-0.012299,1.077229,0.570039,0.013641,-0.303300,0.007239,0.000281,OK
124,1.240000,14.683191,-0.016380,1.177726,0.594083,0.014269,-0.313927,0.009770,0.000117,OK
125,1.250000,14.680604,-0.020699,1.279709,0.618034,0.014898,-0.324344,0.012464,-0.000090,OK
126,1.260000,14.678016,-0.025170,1.382649,0.641887,0.015528,-0.334599,0.015273,-0.000341,OK
127,1.270000,14.675428,-0.029706,1.486020,0.665639,0.016157,-0.344741,0.018143,-0.000638,OK
128,1.280000,14.672839,-0.034218,1.589309,0.689286,0.016784,-0.354823,0.021021,-0.000981,OK
129,1.290000,14.670250,-0.038619,1.692028,0.712824,0.017407,-0.364895,0.023855,-0.001367,OK
130,1.300000,14.667659,-0.042824,1.793724,0.736249,0.018026,-0.375006,0.026592,-0.001795,OK
131,1.310000,14.665068,-0.046756,1.893990,0.759558,0.018638,-0.385204,0.029185,-0.002263,OK
132,1.320000,14.662476,-0.050342,1.992471,0.782747,0.019242,-0.395529,0.031588,-0.002766,OK
133,1.330000,14.659883,-0.053520,2.088866,0.805813,0.019839,-0.406021,0.033762,-0.003301,OK
134,1.340000,14.657290,-0.056238,2.182924,0.828751,0.020426,-0.416711,0.035675,-0.003864,OK
135,1.350000,14.654695,-0.058458,2.274439,0.851559,0.021003,-0.427621,0.037299,-0.004448,OK
136,1.360000,14.652100,-0.060155,2.363248,0.874232,0.021570,-0.438768,0.038618,-0.005050,OK
137,1.370000,14.649506,-0.061322,2.449222,0.896766,0.022126,-0.450157,0.039624,-0.005663,OK
138,1.380000,14.646913,-0.061963,2.532274,0.919160,0.022672,-0.461784,0.040319,-0.006283,OK
139,1.390000,14.644323,-0.062100,2.612354,0.941408,0.023207,-0.473638,0.040712,-0.006904,OK
140,1.400000,14.641737,-0.061764,2.689459,0.963507,0.023732,-0.485701,0.040819,-0.007521,OK
141,1.410000,14.639156,-0.060996,2.763630,0.985455,0.024247,-0.497949,0.040663,-0.008131,OK
142,1.420000,14.636581,-0.059840,2.834953,1.007246,0.024752,-0.510353,0.040269,-0.008730,OK
143,1.430000,14.634010,-0.058348,2.903558,1.028879,0.025249,-0.522884,0.039665,-0.009313,OK
144,1.440000,14.631444,-0.056574,2.969606,1.050349,0.025738,-0.535508,0.038884,-0.009879,OK
145,1.450000,14.628881,-0.054574,3.033284,1.071654,0.026220,-0.548191,0.037957,-0.010425,OK
146,1.460000,14.626319,-0.052410,3.094793,1.092789,0.026694,-0.560896,0.036920,-0.010949,OK
147,1.470000,14.623759,-0.050146,3.154339,1.113751,0.027164,-0.573581,0.035812,-0.011450,OK
148,1.480000,14.621199,-0.047848,3.212127,1.134538,0.027628,-0.586205,0.034673,-0.011929,OK
149,1.490000,14.618640,-0.045584,3.268361,1.155145,0.028088,-0.598727,0.033542,-0.012384,OK
150,1.500000,14.616082,-0.043419,3.323239,1.175571,0.028545,-0.611104,0.032461,-0.012819,OK
151,1.510000,14.613527,-0.041413,3.376958,1.195810,0.029000,-0.623298,0.031464,-0.013233,OK
152,1.520000,14.610975,-0.039617,3.429713,1.215861,0.029453,-0.635276,0.030585,-0.013629,OK
153,1.530000,14.608428,-0.038073,3.481700,1.235719,0.029905,-0.647009,0.029848,-0.014010,OK
154,1.540000,14.605885,-0.036808,3.533108,1.255383,0.030356,-0.658476,0.029274,-0.014378,OK
155,1.550000,14.603346,-0.035841,3.584121,1.274848,0.030806,-0.669666,0.028873,-0.014736,OK
156,1.560000,14.600811,-0.035179,3.634906,1.294112,0.031256,-0.680569,0.028651,-0.015088,OK
157,1.570000,14.598278,-0.034820,3.685612,1.313172,0.031706,-0.691183,0.028610,-0.015436,OK
158,1.580000,14.595748,-0.034757,3.736364,1.332024,0.032154,-0.701511,0.028746,-0.015784,OK
159,1.590000,14.593219,-0.034975,3.787258,1.350666,0.032602,-0.711556,0.029052,-0.016133,OK
160,1.600000,14.590691,-0.035458,3.838367,1.369094,0.033049,-0.721327,0.029519,-0.016488,OK
161,1.610000,14.588164,-0.036183,3.889736,1.387307,0.033493,-0.730834,0.030135,-0.016850,OK
162,1.620000,14.585638,-0.037123,3.941393,1.405300,0.033936,-0.740091,0.030884,-0.017221,OK
163,1.630000,14.583113,-0.038249,3.993348,1.423071,0.034377,-0.749112,0.031751,-0.017604,OK
164,1.640000,14.580590,-0.039524,4.045595,1.440618,0.034814,-0.757917,0.032714,-0.017999,OK
165,1.650000,14.578070,-0.040912,4.098118,1.457937,0.035248,-0.766526,0.033751,-0.018408,OK
166,1.660000,14.575552,-0.042371,4.150890,1.475026,0.035677,-0.774962,0.034839,-0.018832,OK
167,1.670000,14.573036,-0.043865,4.203867,1.491882,0.036102,-0.783245,0.035954,-0.019270,OK
168,1.680000,14.570522,-0.045354,4.256998,1.508503,0.036521,-0.791396,0.037075,-0.019724,OK
169,1.690000,14.568012,-0.046809,4.310214,1.524885,0.036934,-0.799434,0.038181,-0.020192,OK
170,1.700000,14.565504,-0.048199,4.363438,1.541026,0.037341,-0.807373,0.039257,-0.020674,OK
171,1.710000,14.562999,-0.049505,4.416585,1.556925,0.037741,-0.815227,0.040287,-0.021169,OK
172,1.720000,14.560498,-0.050707,4.469564,1.572577,0.038134,-0.823004,0.041262,-0.021676,OK
173,1.730000,14.558001,-0.051792,4.522284,1.587981,0.038520,-0.830712,0.042172,-0.022194,OK
174,1.740000,14.555508,-0.052750,4.574657,1.603134,0.038898,-0.838357,0.043010,-0.022721,OK
175,1.750000,14.553019,-0.053572,4.626597,1.618034,0.039268,-0.845942,0.043772,-0.023257,OK
176,1.760000,14.550535,-0.054253,4.678026,1.632679,0.039630,-0.853471,0.044452,-0.023800,OK
177,1.770000,14.548056,-0.054791,4.728866,1.647065,0.039984,-0.860943,0.045049,-0.024348,OK
178,1.780000,14.545580,-0.055188,4.779042,1.661192,0.040330,-0.868357,0.045563,-0.024899,OK
179,1.790000,14.543109,-0.055450,4.828481,1.675056,0.040668,-0.875710,0.045997,-0.025454,OK
180,1.800000,14.540642,-0.055588,4.877111,1.688656,0.040997,-0.882992,0.046358,-0.026010,OK
181,1.810000,14.538181,-0.055617,4.924861,1.701989,0.041320,-0.890196,0.046653,-0.026566,OK
182,1.820000,14.535725,-0.055555,4.971667,1.715053,0.041634,-0.897309,0.046893,-0.027122,OK
183,1.830000,14.533276,-0.055420,5.017473,1.727847,0.041941,-0.904318,0.047090,-0.027676,OK
184,1.840000,14.530833,-0.055232,5.062232,1.740368,0.042241,-0.911212,0.047254,-0.028228,OK
185,1.850000,14.528398,-0.055009,5.105908,1.752613,0.042533,-0.917979,0.047394,-0.028778,OK
186,1.860000,14.525971,-0.054763,5.148479,1.764582,0.042819,-0.924610,0.047521,-0.029326,OK
187,1.870000,14.523552,-0.054507,5.189928,1.776273,0.043098,-0.931097,0.047640,-0.029871,OK
188,1.880000,14.521140,-0.054250,5.230249,1.787683,0.043370,-0.937433,0.047757,-0.030413,OK
189,1.890000,14.518736,-0.053999,5.269436,1.798811,0.043636,-0.943611,0.047876,-0.030953,OK
190,1.900000,14.516339,-0.053763,5.307488,1.809654,0.043895,-0.949628,0.048003,-0.031491,OK
191,1.910000,14.513949,-0.053546,5.344402,1.820212,0.044148,-0.955478,0.048141,-0.032026,OK
192,1.920000,14.511566,-0.053356,5.380177,1.830482,0.044395,-0.961156,0.048294,-0.032560,OK
193,1.930000,14.509190,-0.053197,5.414815,1.840464,0.044634,-0.966657,0.048464,-0.033092,OK
194,1.940000,14.506823,-0.053073,5.448319,1.850154,0.044868,-0.971979,0.048655,-0.033623,OK
195,1.950000,14.504464,-0.052986,5.480696,1.859553,0.045095,-0.977120,0.048868,-0.034153,OK
196,1.960000,14.502114,-0.052934,5.511961,1.868658,0.045316,-0.982079,0.049101,-0.034682,OK
197,1.970000,14.499773,-0.052913,5.542131,1.877468,0.045530,-0.986857,0.049353,-0.035211,OK
198,1.980000,14.497441,-0.052917,5.571227,1.885981,0.045737,-0.991458,0.049620,-0.035740,OK
199,1.990000,14.495118,-0.052939,5.599273,1.894197,0.045938,-0.995884,0.049898,-0.036270,OK
200,2.000000,14.492805,-0.052970,5.626291,1.902113,0.046132,-1.000140,0.050182,-0.036799,OK
201,2.010000,14.490500,-0.053005,5.652303,1.909729,0.046318,-1.004229,0.050467,-0.037329,OK
202,2.020000,14.488205,-0.053036,5.677326,1.917044,0.046498,-1.008154,0.050752,-0.037860,OK
203,2.030000,14.485918,-0.053060,5.701379,1.924055,0.046670,-1.011916,0.051031,-0.038390,OK
204,2.040000,14.483641,-0.053074,5.724477,1.930763,0.046835,-1.015517,0.051305,-0.038921,OK
205,2.050000,14.481374,-0.053074,5.746635,1.937166,0.046993,-1.018958,0.051570,-0.039452,OK
206,2.060000,14.479116,-0.053057,5.767868,1.943263,0.047143,-1.022241,0.051825,-0.039982,OK
207,2.070000,14.476869,-0.053020,5.788191,1.949054,0.047285,-1.025367,0.052068,-0.040513,OK
208,2.080000,14.474631,-0.052961,5.807619,1.954536,0.047420,-1.028336,0.052298,-0.041042,OK
209,2.090000,14.472404,-0.052876,5.826167,1.959710,0.047548,-1.031151,0.052511,-0.041571,OK
210,2.100000,14.470187,-0.052763,5.843847,1.964575,0.047667,-1.033811,0.052707,-0.042099,OK
211,2.110000,14.467980,-0.052623,5.860669,1.969129,0.047779,-1.036318,0.052886,-0.042625,OK
212,2.120000,14.465783,-0.052455,5.876638,1.973372,0.047883,-1.038670,0.053048,-0.043149,OK
213,2.130000,14.463598,-0.052263,5.891760,1.977303,0.047980,-1.040865,0.053194,-0.043672,OK
214,2.140000,14.461423,-0.052050,5.906036,1.980923,0.048068,-1.042901,0.053326,-0.044192,OK
215,2.150000,14.459259,-0.051822,5.919467,1.984229,0.048149,-1.044773,0.053449,-0.044711,OK
216,2.160000,14.457107,-0.051583,5.932055,1.987223,0.048223,-1.046479,0.053563,-0.045227,OK
217,2.170000,14.454966,-0.051338,5.943800,1.989902,0.048289,-1.048017,0.053673,-0.045740,OK
218,2.180000,14.452838,-0.051089,5.954703,1.992267,0.048347,-1.049383,0.053779,-0.046251,OK
219,2.190000,14.450721,-0.050839,5.964765,1.994318,0.048398,-1.050576,0.053883,-0.046759,OK
220,2.200000,14.448616,-0.050589,5.973984,1.996053,0.048441,-1.051596,0.053986,-0.047265,OK
221,2.210000,14.446523,-0.050340,5.982360,1.997474,0.048477,-1.052441,0.054088,-0.047768,OK
222,2.220000,14.444442,-0.050094,5.989883,1.998579,0.048506,-1.053110,0.054191,-0.048269,OK
223,2.230000,14.442374,-0.049851,5.996550,1.999368,0.048527,-1.053602,0.054295,-0.048768,OK
224,2.240000,14.440317,-0.049613,6.002347,1.999842,0.048541,-1.053918,0.054400,-0.049264,OK
225,2.250000,14.438274,-0.049381,6.007266,2.000000,0.048547,-1.054054,0.054508,-0.049758,OK
226,2.260000,14.436242,-0.049157,6.011301,1.999842,0.048546,-1.054011,0.054619,-0.050249,OK
227,2.270000,14.434224,-0.048941,6.014436,1.999368,0.048537,-1.053788,0.054734,-0.050739,OK
228,2.280000,14.432219,-0.048733,6.016652,1.998579,0.048522,-1.053386,0.054853,-0.051226,OK
229,2.290000,14.430229,-0.048529,6.017951,1.997474,0.048498,-1.052805,0.054973,-0.051711,OK
230,2.300000,14.428252,-0.048328,6.018329,1.996053,0.048468,-1.052048,0.055094,-0.052195,OK
231,2.310000,14.426290,-0.048125,6.017776,1.994318,0.048429,-1.051117,0.055213,-0.052676,OK
232,2.320000,14.424339,-0.047916,6.016270,1.992267,0.048384,-1.050014,0.055327,-0.053155,OK
233,2.330000,14.422404,-0.047699,6.013822,1.989902,0.048330,-1.048741,0.055436,-0.053632,OK
234,2.340000,14.420483,-0.047471,6.010437,1.987223,0.048269,-1.047300,0.055536,-0.054107,OK
235,2.350000,14.418576,-0.047230,6.006097,1.984229,0.048201,-1.045693,0.055628,-0.054579,OK
236,2.360000,14.416684,-0.046975,6.000783,1.980923,0.048125,-1.043920,0.055709,-0.055049,OK
237,2.370000,14.414807,-0.046703,5.994491,1.977303,0.048041,-1.041982,0.055780,-0.055516,OK
238,2.380000,14.412945,-0.046415,5.987222,1.973372,0.047949,-1.039881,0.055839,-0.055980,OK
239,2.390000,14.411098,-0.046109,5.978976,1.969129,0.047850,-1.037618,0.055886,-0.056441,OK
240,2.400000,14.409267,-0.045783,5.969747,1.964575,0.047743,-1.035194,0.055919,-0.056899,OK
241,2.410000,14.407450,-0.045436,5.959533,1.959710,0.047629,-1.032610,0.055938,-0.057353,OK
242,2.420000,14.405650,-0.045066,5.948337,1.954536,0.047507,-1.029868,0.055942,-0.057804,OK
243,2.430000,14.403865,-0.044673,5.936161,1.949054,0.047377,-1.026968,0.055929,-0.058251,OK
244,2.440000,14.402096,-0.044258,5.923007,1.943263,0.047239,-1.023910,0.055901,-0.058693,OK
245,2.450000,14.400343,-0.043821,5.908878,1.937166,0.047094,-1.020696,0.055858,-0.059132,OK
246,2.460000,14.398606,-0.043363,5.893776,1.930763,0.046941,-1.017324,0.055801,-0.059565,OK
247,2.470000,14.396885,-0.042888,5.877705,1.924055,0.046781,-1.013793,0.055730,-0.059994,OK
248,2.480000,14.395181,-0.042397,5.860672,1.917044,0.046614,-1.010104,0.055647,-0.060418,OK
249,2.490000,14.393493,-0.041893,5.842682,1.909729,0.046439,-1.006254,0.055554,-0.060837,OK
250,2.500000,14.391822,-0.041377,5.823742,1.902113,0.046256,-1.002244,0.055452,-0.061251,OK
251,2.510000,14.390168,-0.040851,5.803861,1.894197,0.046067,-0.998074,0.055340,-0.061659,OK
252,2.520000,14.388530,-0.040317,5.783045,1.885981,0.045870,-0.993742,0.055221,-0.062062,OK
253,2.530000,14.386910,-0.039774,5.761303,1.877468,0.045665,-0.989250,0.055095,-0.062460,OK
254,2.540000,14.385307,-0.039226,5.738643,1.868658,0.045454,-0.984598,0.054962,-0.062852,OK
255,2.550000,14.383720,-0.038672,5.715072,1.859553,0.045236,-0.979785,0.054823,-0.063239,OK
256,2.560000,14.382151,-0.038115,5.690597,1.850154,0.045010,-0.974811,0.054679,-0.063620,OK
257,2.570000,14.380600,-0.037556,5.665225,1.840464,0.044778,-0.969676,0.054531,-0.063996,OK
258,2.580000,14.379066,-0.036996,5.638964,1.830482,0.044538,-0.964380,0.054381,-0.064366,OK
259,2.590000,14.377550,-0.036438,5.611820,1.820212,0.044292,-0.958922,0.054228,-0.064730,OK
260,2.600000,14.376052,-0.035880,5.583802,1.809654,0.044039,-0.953305,0.054073,-0.065089,OK
261,2.610000,14.374572,-0.035325,5.554916,1.798811,0.043779,-0.947527,0.053916,-0.065442,OK
262,2.620000,14.373110,-0.034770,5.525172,1.787683,0.043512,-0.941591,0.053757,-0.065790,OK
263,2.630000,14.371666,-0.034217,5.494575,1.776273,0.043239,-0.935498,0.053596,-0.066132,OK
264,2.640000,14.370240,-0.033663,5.463133,1.764582,0.042959,-0.929249,0.053432,-0.066469,OK
265,2.650000,14.368833,-0.033107,5.430851,1.752613,0.042672,-0.922846,0.053264,-0.066800,OK
266,2.660000,14.367444,-0.032549,5.397736,1.740368,0.042379,-0.916290,0.053092,-0.067125,OK
267,2.670000,14.366074,-0.031989,5.363792,1.727847,0.042079,-0.909583,0.052916,-0.067445,OK
268,2.680000,14.364722,-0.031425,5.329024,1.715053,0.041772,-0.902727,0.052734,-0.067759,OK
269,2.690000,14.363389,-0.030856,5.293437,1.701989,0.041459,-0.895723,0.052548,-0.068068,OK
270,2.700000,14.362074,-0.030283,5.257035,1.688656,0.041139,-0.888571,0.052355,-0.068371,OK
271,2.710000,14.360779,-0.029705,5.219823,1.675056,0.040813,-0.881275,0.052157,-0.068668,OK
272,2.720000,14.359503,-0.029120,5.181807,1.661192,0.040481,-0.873836,0.051952,-0.068959,OK
273,2.730000,14.358246,-0.028528,5.142992,1.647065,0.040142,-0.866255,0.051739,-0.069244,OK
274,2.740000,14.357008,-0.027927,5.103382,1.632679,0.039797,-0.858535,0.051518,-0.069524,OK
275,2.750000,14.355790,-0.027317,5.062983,1.618034,0.039445,-0.850677,0.051289,-0.069797,OK
276,2.760000,14.354591,-0.026698,5.021799,1.603134,0.039088,-0.842683,0.051051,-0.070064,OK
277,2.770000,14.353411,-0.026069,4.979836,1.587981,0.038724,-0.834555,0.050803,-0.070324,OK
278,2.780000,14.352251,-0.025429,4.937099,1.572577,0.038354,-0.826293,0.050547,-0.070579,OK
279,2.790000,14.351111,-0.024781,4.893592,1.556925,0.037977,-0.817899,0.050282,-0.070827,OK
280,2.800000,14.349991,-0.024123,4.849322,1.541026,0.037595,-0.809374,0.050008,-0.071068,OK
281,2.810000,14.348890,-0.023456,4.804293,1.524885,0.037207,-0.800719,0.049725,-0.071302,OK
282,2.820000,14.347810,-0.022781,4.758513,1.508503,0.036813,-0.791936,0.049434,-0.071530,OK
283,2.830000,14.346749,-0.022099,4.711986,1.491882,0.036413,-0.783026,0.049135,-0.071751,OK
284,2.840000,14.345709,-0.021408,4.664720,1.475026,0.036008,-0.773990,0.048828,-0.071965,OK
285,2.850000,14.344688,-0.020711,4.616722,1.457937,0.035597,-0.764829,0.048513,-0.072172,OK
286,2.860000,14.343689,-0.020006,4.567997,1.440618,0.035180,-0.755545,0.048190,-0.072372,OK
287,2.870000,14.342709,-0.019296,4.518553,1.423071,0.034757,-0.746139,0.047860,-0.072565,OK
288,2.880000,14.341750,-0.018579,4.468397,1.405300,0.034329,-0.736612,0.047523,-0.072751,OK
289,2.890000,14.340811,-0.017858,4.417537,1.387307,0.033896,-0.726966,0.047180,-0.072930,OK
290,2.900000,14.339892,-0.017132,4.365980,1.369094,0.033458,-0.717200,0.046830,-0.073101,OK
291,2.910000,14.338995,-0.016403,4.313734,1.350666,0.033014,-0.707318,0.046474,-0.073265,OK
292,2.920000,14.338118,-0.015671,4.260807,1.332024,0.032565,-0.697320,0.046114,-0.073422,OK
293,2.930000,14.337261,-0.014937,4.207207,1.313172,0.032111,-0.687207,0.045748,-0.073571,OK
294,2.940000,14.336426,-0.014200,4.152944,1.294112,0.031651,-0.676981,0.045377,-0.073713,OK
295,2.950000,14.335611,-0.013462,4.098025,1.274848,0.031187,-0.666644,0.045001,-0.073848,OK
296,2.960000,14.334818,-0.012721,4.042461,1.255383,0.030718,-0.656197,0.044620,-0.073975,OK
297,2.970000,14.334045,-0.011978,3.986258,1.235719,0.030245,-0.645642,0.044234,-0.074095,OK
298,2.980000,14.333293,-0.011234,3.929426,1.215861,0.029766,-0.634982,0.043844,-0.074207,OK
299,2.990000,14.332562,-0.010487,3.871975,1.195810,0.029283,-0.624216,0.043448,-0.074312,OK
300,3.000000,14.331853,-0.009738,3.813912,1.175571,0.028795,-0.613348,0.043048,-0.074409,OK
301,3.010000,14.331164,-0.008988,3.755248,1.155145,0.028303,-0.602379,0.042642,-0.074499,OK
302,3.020000,14.330497,-0.008235,3.695992,1.134538,0.027806,-0.591312,0.042232,-0.074582,OK
303,3.030000,14.329851,-0.007481,3.636153,1.113751,0.027305,-0.580147,0.041817,-0.074656,OK
304,3.040000,14.329226,-0.006725,3.575741,1.092789,0.026800,-0.568887,0.041397,-0.074724,OK
305,3.050000,14.328622,-0.005967,3.514766,1.071654,0.026291,-0.557533,0.040972,-0.074783,OK
306,3.060000,14.328040,-0.005206,3.453237,1.050349,0.025777,-0.546089,0.040541,-0.074835,OK
307,3.070000,14.327480,-0.004443,3.391165,1.028879,0.025260,-0.534555,0.040106,-0.074880,OK
308,3.080000,14.326941,-0.003678,3.328558,1.007246,0.024738,-0.522934,0.039665,-0.074917,OK
309,3.090000,14.326423,-0.002910,3.265428,0.985455,0.024213,-0.511229,0.039219,-0.074946,OK
310,3.100000,14.325927,-0.002139,3.201783,0.963507,0.023683,-0.499440,0.038767,-0.074967,OK
311,3.110000,14.325452,-0.001366,3.137635,0.941408,0.023150,-0.487569,0.038310,-0.074981,OK
312,3.120000,14.324999,-0.000590,3.072993,0.919160,0.022614,-0.475620,0.037847,-0.074987,OK
313,3.130000,14.324568,0.000188,3.007868,0.896766,0.022073,-0.463592,0.037380,-0.074985,OK
314,3.140000,14.324158,0.000967,2.942269,0.874232,0.021530,-0.451490,0.036907,-0.074975,OK
315,3.150000,14.323770,0.001749,2.876208,0.851559,0.020983,-0.439314,0.036430,-0.074958,OK
316,3.160000,14.323404,0.002532,2.809694,0.828751,0.020432,-0.427066,0.035947,-0.074932,OK
317,3.170000,14.323060,0.003316,2.742739,0.805813,0.019879,-0.414748,0.035460,-0.074899,OK
318,3.180000,14.322737,0.004102,2.675352,0.782747,0.019322,-0.402363,0.034968,-0.074858,OK
319,3.190000,14.322436,0.004889,2.607544,0.759558,0.018763,-0.389912,0.034471,-0.074809,OK
320,3.200000,14.322157,0.005676,2.539326,0.736249,0.018200,-0.377398,0.033971,-0.074752,OK
321,3.210000,14.321900,0.006464,2.470708,0.712824,0.017634,-0.364821,0.033466,-0.074688,OK
322,3.220000,14.321665,0.007251,2.401700,0.689286,0.017066,-0.352185,0.032957,-0.074615,OK
323,3.230000,14.321452,0.008039,2.332315,0.665639,0.016495,-0.339490,0.032444,-0.074535,OK
324,3.240000,14.321260,0.008826,2.262562,0.641887,0.015922,-0.326739,0.031928,-0.074447,OK
325,3.250000,14.321091,0.009612,2.192452,0.618034,0.015346,-0.313935,0.031408,-0.074351,OK
326,3.260000,14.320944,0.010397,2.121997,0.594083,0.014768,-0.301078,0.030885,-0.074247,OK
327,3.270000,14.320818,0.011181,2.051206,0.570039,0.014187,-0.288171,0.030359,-0.074135,OK
328,3.280000,14.320715,0.011963,1.980091,0.545904,0.013604,-0.275216,0.029830,-0.074015,OK
329,3.290000,14.320633,0.012744,1.908663,0.521683,0.013019,-0.262216,0.029297,-0.073888,OK
330,3.300000,14.320574,0.013523,1.836932,0.497380,0.012432,-0.249171,0.028762,-0.073752,OK
331,3.310000,14.320537,0.014300,1.764909,0.472998,0.011844,-0.236085,0.028225,-0.073609,OK
332,3.320000,14.320522,0.015075,1.692605,0.448542,0.011253,-0.222960,0.027684,-0.073459,OK
333,3.330000,14.320529,0.015849,1.620033,0.424014,0.010661,-0.209797,0.027141,-0.073300,OK
334,3.340000,14.320558,0.016620,1.547202,0.399420,0.010067,-0.196600,0.026595,-0.073134,OK
335,3.350000,14.320609,0.017389,1.474125,0.374763,0.009471,-0.183369,0.026047,-0.072960,OK
336,3.360000,14.320683,0.018156,1.400812,0.350046,0.008874,-0.170107,0.025495,-0.072779,OK
337,3.370000,14.320779,0.018921,1.327276,0.325274,0.008275,-0.156818,0.024942,-0.072589,OK
338,3.380000,14.320896,0.019685,1.253528,0.300451,0.007676,-0.143502,0.024386,-0.072392,OK
339,3.390000,14.321036,0.020446,1.179579,0.275581,0.007075,-0.130162,0.023827,-0.072188,OK
340,3.400000,14.321199,0.021205,1.105441,0.250666,0.006473,-0.116800,0.023265,-0.071976,OK
341,3.410000,14.321383,0.021962,1.031125,0.225713,0.005870,-0.103419,0.022701,-0.071756,OK
342,3.420000,14.321589,0.022717,0.956644,0.200723,0.005266,-0.090021,0.022135,-0.071529,OK
343,3.430000,14.321818,0.023469,0.882008,0.175702,0.004661,-0.076608,0.021566,-0.071294,OK
344,3.440000,14.322069,0.024220,0.807229,0.150654,0.004056,-0.063182,0.020994,-0.071052,OK
345,3.450000,14.322342,0.024968,0.732319,0.125581,0.003450,-0.049745,0.020421,-0.070803,OK
346,3.460000,14.322638,0.025713,0.657290,0.100489,0.002843,-0.036300,0.019845,-0.070545,OK
347,3.470000,14.322956,0.026455,0.582154,0.075380,0.002236,-0.022848,0.019267,-0.070281,OK
348,3.480000,14.323296,0.027195,0.506922,0.050260,0.001629,-0.009392,0.018688,-0.070009,OK
349,3.490000,14.323658,0.027931,0.431606,0.025132,0.001022,0.004065,0.018106,-0.069730,OK
350,3.500000,14.324042,0.028664,0.356217,0.000000,0.000414,0.017523,0.017523,-0.069443,OK
351,3.510000,14.324449,0.029393,0.280767,-0.025132,-0.000194,0.030979,0.016939,-0.069149,OK
352,3.520000,14.324878,0.030118,0.205269,-0.050260,-0.000801,0.044430,0.016353,-0.068848,OK
353,3.530000,14.325330,0.030839,0.129733,-0.075380,-0.001409,0.057875,0.015766,-0.068540,OK
354,3.540000,14.325803,0.031556,0.054173,-0.100489,-0.002016,0.071311,0.015178,-0.068224,OK
355,3.550000,14.326299,0.032268,-0.021401,-0.125581,-0.002623,0.084736,0.014590,-0.067901,OK
356,3.560000,14.326817,0.032976,-0.096977,-0.150654,-0.003229,0.098149,0.014000,-0.067572,OK
357,3.570000,14.327358,0.033678,-0.172542,-0.175702,-0.003835,0.111546,0.013410,-0.067235,OK
358,3.580000,14.327920,0.034376,-0.248085,-0.200723,-0.004440,0.124927,0.012820,-0.066891,OK
359,3.590000,14.328505,0.035068,-0.323593,-0.225713,-0.005045,0.138288,0.012229,-0.066540,OK
360,3.600000,14.329113,0.035755,-0.399057,-0.250666,-0.005648,0.151628,0.011638,-0.066183,OK
361,3.610000,14.329742,0.036437,-0.474462,-0.275581,-0.006251,0.164944,0.011047,-0.065818,OK
362,3.620000,14.330394,0.037113,-0.549798,-0.300451,-0.006852,0.178234,0.010456,-0.065447,OK
363,3.630000,14.331069,0.037783,-0.625053,-0.325274,-0.007453,0.191496,0.009865,-0.065069,OK
364,3.640000,14.331765,0.038447,-0.700216,-0.350046,-0.008052,0.204729,0.009274,-0.064685,OK
365,3.650000,14.332484,0.039105,-0.775273,-0.374763,-0.008650,0.217929,0.008684,-0.064294,OK
366,3.660000,14.333225,0.039757,-0.850213,-0.399420,-0.009247,0.231094,0.008094,-0.063896,OK
367,3.670000,14.333988,0.040404,-0.925026,-0.424014,-0.009842,0.244223,0.007504,-0.063492,OK
368,3.680000,14.334774,0.041044,-0.999697,-0.448542,-0.010435,0.257314,0.006915,-0.063082,OK
369,3.690000,14.335582,0.041677,-1.074217,-0.472998,-0.011027,0.270363,0.006326,-0.062665,OK
370,3.700000,14.336413,0.042305,-1.148574,-0.497380,-0.011617,0.283370,0.005738,-0.062242,OK
371,3.710000,14.337265,0.042926,-1.222755,-0.521683,-0.012205,0.296331,0.005151,-0.061813,OK
372,3.720000,14.338140,0.043540,-1.296749,-0.545904,-0.012792,0.309246,0.004564,-0.061377,OK
373,3.730000,14.339037,0.044148,-1.370545,-0.570039,-0.013376,0.322111,0.003979,-0.060936,OK
374,3.740000,14.339957,0.044749,-1.444131,-0.594083,-0.013958,0.334924,0.003395,-0.060488,OK
375,3.750000,14.340899,0.045344,-1.517495,-0.618034,-0.014537,0.347685,0.002811,-0.060035,OK
376,3.760000,14.341863,0.045931,-1.590625,-0.641887,-0.015115,0.360389,0.002229,-0.059576,OK
377,3.770000,14.342849,0.046512,-1.663511,-0.665639,-0.015690,0.373036,0.001648,-0.059111,OK
378,3.780000,14.343858,0.047086,-1.736141,-0.689286,-0.016262,0.385623,0.001069,-0.058640,OK
379,3.790000,14.344889,0.047652,-1.808502,-0.712824,-0.016832,0.398149,0.000490,-0.058163,OK
380,3.800000,14.345942,0.048211,-1.880585,-0.736249,-0.017399,0.410611,-0.000086,-0.057681,OK
381,3.810000,14.347017,0.048763,-1.952377,-0.759558,-0.017964,0.423007,-0.000661,-0.057193,OK
382,3.820000,14.348115,0.049308,-2.023869,-0.782747,-0.018525,0.435335,-0.001235,-0.056700,OK
383,3.830000,14.349235,0.049845,-2.095047,-0.805813,-0.019084,0.447593,-0.001806,-0.056202,OK
384,3.840000,14.350377,0.050375,-2.165903,-0.828751,-0.019639,0.459780,-0.002376,-0.055698,OK
385,3.850000,14.351542,0.050897,-2.236424,-0.851559,-0.020191,0.471893,-0.002943,-0.055189,OK
386,3.860000,14.352729,0.051411,-2.306599,-0.874232,-0.020741,0.483930,-0.003509,-0.054675,OK
387,3.870000,14.353938,0.051918,-2.376419,-0.896766,-0.021286,0.495889,-0.004073,-0.054156,OK
388,3.880000,14.355169,0.052417,-2.445871,-0.919160,-0.021829,0.507769,-0.004635,-0.053632,OK
389,3.890000,14.356422,0.052909,-2.514946,-0.941408,-0.022368,0.519567,-0.005194,-0.053103,OK
390,3.900000,14.357698,0.053393,-2.583633,-0.963507,-0.022903,0.531281,-0.005752,-0.052569,OK
391,3.910000,14.358996,0.053869,-2.651921,-0.985455,-0.023435,0.542910,-0.006307,-0.052030,OK
392,3.920000,14.360316,0.054338,-2.719801,-1.007246,-0.023963,0.554451,-0.006859,-0.051487,OK
393,3.930000,14.361658,0.054799,-2.787261,-1.028879,-0.024487,0.565903,-0.007410,-0.050939,OK
394,3.940000,14.363023,0.055251,-2.854291,-1.050349,-0.025007,0.577264,-0.007958,-0.050386,OK
395,3.950000,14.364410,0.055696,-2.920881,-1.071654,-0.025524,0.588531,-0.008503,-0.049829,OK
396,3.960000,14.365819,0.056133,-2.987021,-1.092789,-0.026036,0.599704,-0.009046,-0.049268,OK
397,3.970000,14.367250,0.056562,-3.052700,-1.113751,-0.026544,0.610780,-0.009586,-0.048702,OK
398,3.980000,14.368703,0.056982,-3.117908,-1.134538,-0.027048,0.621758,-0.010123,-0.048132,OK
399,3.990000,14.370179,0.057395,-3.182636,-1.155145,-0.027547,0.632636,-0.010658,-0.047558,OK
400,4.000000,14.371676,0.057799,-3.246872,-1.175571,-0.028043,0.643411,-0.011189,-0.046980,OK
401,4.010000,14.373196,0.058195,-3.310608,-1.195810,-0.028533,0.654083,-0.011718,-0.046398,OK
402,4.020000,14.374738,0.058582,-3.373833,-1.215861,-0.029019,0.664650,-0.012243,-0.045813,OK
403,4.030000,14.376302,0.058961,-3.436537,-1.235719,-0.029501,0.675109,-0.012765,-0.045223,OK
404,4.040000,14.377888,0.059330,-3.498710,-1.255383,-0.029978,0.685460,-0.013283,-0.044630,OK
405,4.050000,14.379497,0.059691,-3.560343,-1.274848,-0.030450,0.695701,-0.013798,-0.044033,OK
406,4.060000,14.381127,0.060043,-3.621427,-1.294112,-0.030917,0.705830,-0.014310,-0.043432,OK
407,4.070000,14.382780,0.060386,-3.681950,-1.313172,-0.031380,0.715845,-0.014817,-0.042829,OK
408,4.080000,14.384454,0.060719,-3.741904,-1.332024,-0.031837,0.725745,-0.015321,-0.042221,OK
409,4.090000,14.386151,0.061043,-3.801280,-1.350666,-0.032289,0.735529,-0.015821,-0.041611,OK
410,4.100000,14.387870,0.061358,-3.860067,-1.369094,-0.032737,0.745195,-0.016316,-0.040997,OK
411,4.110000,14.389610,0.061664,-3.918257,-1.387307,-0.033179,0.754740,-0.016808,-0.040381,OK
412,4.120000,14.391373,0.061959,-3.975840,-1.405300,-0.033615,0.764165,-0.017295,-0.039761,OK
413,4.130000,14.393158,0.062246,-4.032808,-1.423071,-0.034047,0.773467,-0.017778,-0.039139,OK
414,4.140000,14.394965,0.062522,-4.089151,-1.440618,-0.034472,0.782645,-0.018257,-0.038513,OK
415,4.150000,14.396793,0.062789,-4.144861,-1.457937,-0.034893,0.791697,-0.018731,-0.037886,OK
416,4.160000,14.398644,0.063046,-4.199928,-1.475026,-0.035308,0.800622,-0.019200,-0.037255,OK
417,4.170000,14.400517,0.063293,-4.254344,-1.491882,-0.035717,0.809419,-0.019665,-0.036622,OK
418,4.180000,14.402411,0.063530,-4.308101,-1.508503,-0.036121,0.818086,-0.020125,-0.035987,OK
419,4.190000,14.404328,0.063758,-4.361190,-1.524885,-0.036519,0.826621,-0.020580,-0.035349,OK
420,4.200000,14.406266,0.063975,-4.413602,-1.541026,-0.036911,0.835024,-0.021030,-0.034710,OK
421,4.210000,14.408226,0.064183,-4.465330,-1.556925,-0.037297,0.843293,-0.021476,-0.034068,OK
422,4.220000,14.410208,0.064381,-4.516365,-1.572577,-0.037677,0.851427,-0.021916,-0.033424,OK
423,4.230000,14.412212,0.064568,-4.566699,-1.587981,-0.038051,0.859424,-0.022352,-0.032778,OK
424,4.240000,14.414238,0.064746,-4.616325,-1.603134,-0.038420,0.867283,-0.022782,-0.032131,OK
425,4.250000,14.416285,0.064914,-4.665235,-1.618034,-0.038782,0.875003,-0.023208,-0.031482,OK
426,4.260000,14.418354,0.065073,-4.713421,-1.632679,-0.039138,0.882583,-0.023628,-0.030831,OK
427,4.270000,14.420445,0.065221,-4.760876,-1.647065,-0.039487,0.890021,-0.024043,-0.030179,OK
428,4.280000,14.422558,0.065359,-4.807592,-1.661192,-0.039831,0.897316,-0.024453,-0.029525,OK
429,4.290000,14.424692,0.065487,-4.853562,-1.675056,-0.040168,0.904467,-0.024857,-0.028870,OK
430,4.300000,14.426848,0.065606,-4.898779,-1.688656,-0.040499,0.911474,-0.025256,-0.028214,OK
431,4.310000,14.429025,0.065714,-4.943236,-1.701989,-0.040823,0.918334,-0.025650,-0.027557,OK
432,4.320000,14.431224,0.065813,-4.986926,-1.715053,-0.041141,0.925047,-0.026038,-0.026899,OK
433,4.330000,14.433444,0.065902,-5.029842,-1.727847,-0.041452,0.931612,-0.026421,-0.026240,OK
434,4.340000,14.435686,0.065980,-5.071978,-1.740368,-0.041757,0.938027,-0.026798,-0.025580,OK
435,4.350000,14.437950,0.066049,-5.113327,-1.752613,-0.042055,0.944292,-0.027170,-0.024920,OK
436,4.360000,14.440235,0.066108,-5.153883,-1.764582,-0.042347,0.950406,-0.027535,-0.024258,OK
437,4.370000,14.442541,0.066156,-5.193639,-1.776273,-0.042632,0.956368,-0.027895,-0.023597,OK
438,4.380000,14.444869,0.066195,-5.232589,-1.787683,-0.042910,0.962176,-0.028250,-0.022935,OK
439,4.390000,14.447217,0.066224,-5.270728,-1.798811,-0.043181,0.967831,-0.028598,-0.022273,OK
440,4.400000,14.449588,0.066242,-5.308049,-1.809654,-0.043445,0.973330,-0.028940,-0.021610,OK
441,4.410000,14.451979,0.066251,-5.344546,-1.820212,-0.043702,0.978674,-0.029277,-0.020948,OK
442,4.420000,14.454392,0.066249,-5.380214,-1.830482,-0.043953,0.983862,-0.029607,-0.020285,OK
443,4.430000,14.456825,0.066238,-5.415048,-1.840464,-0.044196,0.988892,-0.029931,-0.019623,OK
444,4.440000,14.459280,0.066216,-5.449041,-1.850154,-0.044433,0.993764,-0.030249,-0.018961,OK
445,4.450000,14.461756,0.066184,-5.482189,-1.859553,-0.044662,0.998477,-0.030561,-0.018299,OK
446,4.460000,14.464253,0.066142,-5.514486,-1.868658,-0.044885,1.003031,-0.030866,-0.017638,OK
447,4.470000,14.466770,0.066090,-5.545927,-1.877468,-0.045100,1.007425,-0.031166,-0.016977,OK
448,4.480000,14.469309,0.066028,-5.576508,-1.885981,-0.045308,1.011658,-0.031458,-0.016316,OK
449,4.490000,14.471868,0.065955,-5.606224,-1.894197,-0.045509,1.015729,-0.031745,-0.015657,OK
450,4.500000,14.474449,0.065873,-5.635069,-1.902113,-0.045703,1.019638,-0.032025,-0.014998,OK
451,4.510000,14.477049,0.065780,-5.663040,-1.909729,-0.045889,1.023385,-0.032298,-0.014340,OK
452,4.520000,14.479671,0.065677,-5.690131,-1.917044,-0.046068,1.026969,-0.032565,-0.013683,OK
453,4.530000,14.482313,0.065565,-5.716339,-1.924055,-0.046240,1.030389,-0.032825,-0.013028,OK
454,4.540000,14.484976,0.065442,-5.741660,-1.930763,-0.046405,1.033644,-0.033079,-0.012373,OK
455,4.550000,14.487659,0.065309,-5.766089,-1.937166,-0.046562,1.036735,-0.033325,-0.011720,OK
456,4.560000,14.490363,0.065167,-5.789623,-1.943263,-0.046711,1.039661,-0.033566,-0.011069,OK
457,4.570000,14.493087,0.065014,-5.812258,-1.949054,-0.046854,1.042422,-0.033799,-0.010419,OK
458,4.580000,14.495831,0.064851,-5.833990,-1.954536,-0.046989,1.045017,-0.034026,-0.009770,OK
459,4.590000,14.498595,0.064678,-5.854815,-1.959710,-0.047116,1.047445,-0.034245,-0.009123,OK
460,4.600000,14.501380,0.064496,-5.874731,-1.964575,-0.047236,1.049707,-0.034458,-0.008478,OK
461,4.610000,14.504185,0.064304,-5.893735,-1.969129,-0.047349,1.051802,-0.034665,-0.007835,OK
462,4.620000,14.507009,0.064101,-5.911822,-1.973372,-0.047454,1.053730,-0.034864,-0.007194,OK
463,4.630000,14.509854,0.063889,-5.928990,-1.977303,-0.047551,1.055490,-0.035056,-0.006555,OK
464,4.640000,14.512718,0.063668,-5.945237,-1.980923,-0.047641,1.057083,-0.035241,-0.005919,OK
465,4.650000,14.515602,0.063436,-5.960559,-1.984229,-0.047723,1.058508,-0.035420,-0.005284,OK
466,4.660000,14.518506,0.063195,-5.974955,-1.987223,-0.047798,1.059765,-0.035591,-0.004652,OK
467,4.670000,14.521430,0.062944,-5.988421,-1.989902,-0.047865,1.060855,-0.035755,-0.004023,OK
468,4.680000,14.524373,0.062684,-6.000956,-1.992267,-0.047925,1.061776,-0.035912,-0.003396,OK
469,4.690000,14.527335,0.062414,-6.012557,-1.994318,-0.047977,1.062528,-0.036062,-0.002772,OK
470,4.700000,14.530317,0.062135,-6.023222,-1.996053,-0.048021,1.063113,-0.036206,-0.002151,OK
471,4.710000,14.533318,0.061846,-6.032951,-1.997474,-0.048058,1.063528,-0.036342,-0.001532,OK
472,4.720000,14.536338,0.061548,-6.041740,-1.998579,-0.048087,1.063776,-0.036471,-0.000917,OK
473,4.730000,14.539377,0.061241,-6.049589,-1.999368,-0.048109,1.063855,-0.036593,-0.000304,OK
474,4.740000,14.542435,0.060925,-6.056494,-1.999842,-0.048123,1.063766,-0.036707,0.000305,OK
475,4.750000,14.545512,0.060599,-6.062457,-2.000000,-0.048129,1.063509,-0.036815,0.000911,OK
476,4.760000,14.548608,0.060264,-6.067476,-1.999842,-0.048128,1.063084,-0.036915,0.001514,OK
477,4.770000,14.551722,0.059921,-6.071549,-1.999368,-0.048119,1.062490,-0.037009,0.002113,OK
478,4.780000,14.554855,0.059568,-6.074675,-1.998579,-0.048102,1.061729,-0.037095,0.002709,OK
479,4.790000,14.558007,0.059206,-6.076855,-1.997474,-0.048078,1.060801,-0.037174,0.003301,OK
480,4.800000,14.561176,0.058834,-6.078087,-1.996053,-0.048046,1.059706,-0.037245,0.003889,OK
481,4.810000,14.564364,0.058453,-6.078372,-1.994318,-0.048006,1.058444,-0.037309,0.004473,OK
482,4.820000,14.567570,0.058062,-6.077707,-1.992267,-0.047959,1.057016,-0.037365,0.005054,OK
483,4.830000,14.570795,0.057662,-6.076096,-1.989902,-0.047904,1.055422,-0.037413,0.005631,OK
484,4.840000,14.574037,0.057253,-6.073535,-1.987223,-0.047842,1.053662,-0.037454,0.006203,OK
485,4.850000,14.577296,0.056835,-6.070028,-1.984229,-0.047772,1.051736,-0.037487,0.006772,OK
486,4.860000,14.580574,0.056408,-6.065572,-1.980923,-0.047695,1.049646,-0.037513,0.007336,OK
487,4.870000,14.583869,0.055973,-6.060169,-1.977303,-0.047610,1.047390,-0.037532,0.007895,OK
488,4.880000,14.587181,0.055529,-6.053819,-1.973372,-0.047517,1.044970,-0.037543,0.008451,OK
489,4.890000,14.590511,0.055077,-6.046524,-1.969129,-0.047417,1.042386,-0.037547,0.009002,OK
490,4.900000,14.593858,0.054617,-6.038283,-1.964575,-0.047309,1.039639,-0.037544,0.009548,OK
491,4.910000,14.597222,0.054148,-6.029099,-1.959710,-0.047194,1.036729,-0.037534,0.010089,OK
492,4.920000,14.600603,0.053672,-6.018971,-1.954536,-0.047071,1.033656,-0.037516,0.010626,OK
493,4.930000,14.604001,0.053188,-6.007903,-1.949054,-0.046941,1.030421,-0.037492,0.011158,OK
494,4.940000,14.607415,0.052696,-5.995894,-1.943263,-0.046803,1.027025,-0.037460,0.011685,OK
495,4.950000,14.610846,0.052196,-5.982946,-1.937166,-0.046658,1.023469,-0.037421,0.012207,OK
496,4.960000,14.614293,0.051689,-5.969062,-1.930763,-0.046506,1.019752,-0.037375,0.012724,OK
497,4.970000,14.617756,0.051174,-5.954243,-1.924055,-0.046346,1.015876,-0.037322,0.013235,OK
498,4.980000,14.621236,0.050651,-5.938492,-1.917044,-0.046179,1.011842,-0.037262,0.013742,OK
499,4.990000,14.624731,0.050122,-5.921809,-1.909729,-0.046005,1.007649,-0.037194,0.014243,OK
500,5.000000,14.628243,0.049585,-5.904198,-1.902113,-0.045823,1.003300,-0.037120,0.014739,OK
501,5.010000,14.631769,0.049040,-5.885661,-1.894197,-0.045634,0.998794,-0.037039,0.015229,OK
502,5.020000,14.635312,0.048489,-5.866200,-1.885981,-0.045438,0.994133,-0.036950,0.015714,OK
503,5.030000,14.638870,0.047930,-5.845819,-1.877468,-0.045234,0.989317,-0.036855,0.016193,OK
504,5.040000,14.642443,0.047364,-5.824519,-1.868658,-0.045024,0.984348,-0.036752,0.016667,OK
505,5.050000,14.646031,0.046791,-5.802305,-1.859553,-0.044806,0.979226,-0.036642,0.017135,OK
506,5.060000,14.649634,0.046212,-5.779179,-1.850154,-0.044581,0.973952,-0.036526,0.017597,OK
507,5.070000,14.653251,0.045625,-5.755143,-1.840464,-0.044349,0.968527,-0.036402,0.018053,OK
508,5.080000,14.656884,0.045031,-5.730203,-1.830482,-0.044110,0.962952,-0.036271,0.018504,OK
509,5.090000,14.660530,0.044431,-5.704361,-1.820212,-0.043864,0.957228,-0.036133,0.018948,OK
510,5.100000,14.664191,0.043824,-5.677620,-1.809654,-0.043612,0.951357,-0.035988,0.019386,OK
511,5.110000,14.667866,0.043211,-5.649986,-1.798811,-0.043352,0.945338,-0.035836,0.019818,OK
512,5.120000,14.671555,0.042591,-5.621460,-1.787683,-0.043085,0.939174,-0.035677,0.020244,OK
513,5.130000,14.675258,0.041965,-5.592049,-1.776273,-0.042812,0.932864,-0.035511,0.020664,OK
514,5.140000,14.678974,0.041333,-5.561755,-1.764582,-0.042531,0.926411,-0.035338,0.021077,OK
515,5.150000,14.682703,0.040694,-5.530584,-1.752613,-0.042244,0.919816,-0.035159,0.021484,OK
516,5.160000,14.686446,0.040050,-5.498539,-1.740368,-0.041950,0.913079,-0.034972,0.021885,OK
517,5.170000,14.690202,0.039400,-5.465626,-1.727847,-0.041650,0.906202,-0.034779,0.022279,OK
518,5.180000,14.693971,0.038744,-5.431849,-1.715053,-0.041343,0.899185,-0.034580,0.022666,OK
519,5.190000,14.697753,0.038083,-5.397213,-1.701989,-0.041029,0.892031,-0.034373,0.023047,OK
520,5.200000,14.701547,0.037417,-5.361723,-1.688656,-0.040709,0.884740,-0.034161,0.023421,OK
521,5.210000,14.705353,0.036745,-5.325384,-1.675056,-0.040383,0.877314,-0.033941,0.023789,OK
522,5.220000,14.709172,0.036068,-5.288202,-1.661192,-0.040050,0.869753,-0.033715,0.024149,OK
523,5.230000,14.713002,0.035386,-5.250182,-1.647065,-0.039710,0.862059,-0.033483,0.024503,OK
524,5.240000,14.716845,0.034699,-5.211329,-1.632679,-0.039365,0.854234,-0.033245,0.024850,OK
525,5.250000,14.720699,0.034008,-5.171649,-1.618034,-0.039013,0.846278,-0.033000,0.025190,OK
526,5.260000,14.724564,0.033312,-5.131148,-1.603134,-0.038655,0.838194,-0.032749,0.025523,OK
527,5.270000,14.728441,0.032612,-5.089833,-1.587981,-0.038291,0.829982,-0.032492,0.025849,OK
528,5.280000,14.732328,0.031907,-5.047708,-1.572577,-0.037921,0.821643,-0.032228,0.026168,OK
529,5.290000,14.736227,0.031198,-5.004781,-1.556925,-0.037545,0.813180,-0.031959,0.026480,OK
530,5.300000,14.740136,0.030486,-4.961057,-1.541026,-0.037162,0.804593,-0.031684,0.026785,OK
531,5.310000,14.744055,0.029769,-4.916542,-1.524885,-0.036774,0.795885,-0.031403,0.027083,OK
532,5.320000,14.747985,0.029049,-4.871245,-1.508503,-0.036380,0.787056,-0.031116,0.027374,OK
533,5.330000,14.751925,0.028325,-4.825171,-1.491882,-0.035981,0.778107,-0.030823,0.027657,OK
534,5.340000,14.755875,0.027597,-4.778326,-1.475026,-0.035575,0.769042,-0.030525,0.027933,OK
535,5.350000,14.759834,0.026867,-4.730719,-1.457937,-0.035164,0.759860,-0.030221,0.028201,OK
536,5.360000,14.763803,0.026133,-4.682355,-1.440618,-0.034748,0.750564,-0.029911,0.028463,OK
537,5.370000,14.767782,0.025396,-4.633243,-1.423071,-0.034326,0.741155,-0.029596,0.028717,OK
538,5.380000,14.771769,0.024655,-4.583389,-1.405300,-0.033898,0.731635,-0.029275,0.028963,OK
539,5.390000,14.775765,0.023912,-4.532800,-1.387307,-0.033465,0.722005,-0.028949,0.029202,OK
540,5.400000,14.779770,0.023167,-4.481485,-1.369094,-0.033027,0.712267,-0.028617,0.029434,OK
541,5.410000,14.783783,0.022418,-4.429451,-1.350666,-0.032584,0.702423,-0.028280,0.029658,OK
542,5.420000,14.787805,0.021668,-4.376706,-1.332024,-0.032135,0.692474,-0.027938,0.029875,OK
543,5.430000,14.791834,0.020914,-4.323257,-1.313172,-0.031682,0.682421,-0.027591,0.030084,OK
544,5.440000,14.795871,0.020159,-4.269112,-1.294112,-0.031223,0.672267,-0.027238,0.030286,OK
545,5.450000,14.799916,0.019401,-4.214280,-1.274848,-0.030759,0.662013,-0.026881,0.030480,OK
546,5.460000,14.803969,0.018642,-4.158769,-1.255383,-0.030291,0.651661,-0.026518,0.030666,OK
547,5.470000,14.808029,0.017881,-4.102587,-1.235719,-0.029817,0.641213,-0.026151,0.030845,OK
548,5.480000,14.812095,0.017118,-4.045743,-1.215861,-0.029339,0.630669,-0.025779,0.031016,OK
549,5.490000,14.816169,0.016354,-3.988244,-1.195810,-0.028857,0.620033,-0.025402,0.031180,OK
550,5.500000,14.820249,0.015588,-3.930100,-1.175571,-0.028369,0.609306,-0.025021,0.031335,OK
551,5.510000,14.824335,0.014821,-3.871320,-1.155145,-0.027878,0.598489,-0.024634,0.031484,OK
552,5.520000,14.828428,0.014053,-3.811911,-1.134538,-0.027381,0.587584,-0.024244,0.031624,OK
553,5.530000,14.832526,0.013284,-3.751884,-1.113751,-0.026881,0.576593,-0.023849,0.031757,OK
554,5.540000,14.836630,0.012515,-3.691247,-1.092789,-0.026376,0.565518,-0.023450,0.031882,OK
555,5.550000,14.840740,0.011744,-3.630010,-1.071654,-0.025867,0.554361,-0.023046,0.032000,OK
556,5.560000,14.844855,0.010973,-3.568181,-1.050349,-0.025354,0.543123,-0.022639,0.032109,OK
557,5.570000,14.848975,0.010202,-3.505770,-1.028879,-0.024837,0.531807,-0.022227,0.032211,OK
558,5.580000,14.853100,0.009431,-3.442787,-1.007246,-0.024316,0.520414,-0.021812,0.032306,OK
559,5.590000,14.857230,0.008660,-3.379241,-0.985455,-0.023791,0.508945,-0.021392,0.032392,OK
560,5.600000,14.861364,0.007889,-3.315141,-0.963507,-0.023263,0.497404,-0.020969,0.032471,OK
561,5.610000,14.865503,0.007118,-3.250498,-0.941408,-0.022730,0.485791,-0.020542,0.032542,OK
562,5.620000,14.869645,0.006348,-3.185321,-0.919160,-0.022194,0.474108,-0.020111,0.032606,OK
563,5.630000,14.873791,0.005578,-3.119620,-0.896766,-0.021655,0.462359,-0.019677,0.032662,OK
564,5.640000,14.877941,0.004809,-3.053406,-0.874232,-0.021112,0.450543,-0.019240,0.032710,OK
565,5.650000,14.882095,0.004040,-2.986687,-0.851559,-0.020566,0.438664,-0.018799,0.032750,OK
566,5.660000,14.886251,0.003273,-2.919475,-0.828751,-0.020017,0.426723,-0.018355,0.032783,OK
567,5.670000,14.890410,0.002507,-2.851780,-0.805813,-0.019464,0.414722,-0.017908,0.032808,OK
568,5.680000,14.894572,0.001742,-2.783612,-0.782747,-0.018908,0.402663,-0.017458,0.032825,OK
569,5.690000,14.898737,0.000979,-2.714981,-0.759558,-0.018350,0.390548,-0.017005,0.032835,OK
570,5.700000,14.902904,0.000217,-2.645898,-0.736249,-0.017788,0.378379,-0.016549,0.032837,OK
571,5.710000,14.907073,-0.000543,-2.576373,-0.712824,-0.017224,0.366157,-0.016090,0.032832,OK
572,5.720000,14.911244,-0.001302,-2.506417,-0.689286,-0.016657,0.353886,-0.015628,0.032819,OK
573,5.730000,14.915417,-0.002058,-2.436041,-0.665639,-0.016087,0.341566,-0.015164,0.032798,OK
574,5.740000,14.919591,-0.002812,-2.365255,-0.641887,-0.015515,0.329200,-0.014698,0.032770,OK
575,5.750000,14.923767,-0.003564,-2.294071,-0.618034,-0.014940,0.316790,-0.014229,0.032735,OK
576,5.760000,14.927943,-0.004313,-2.222499,-0.594083,-0.014363,0.304338,-0.013758,0.032691,OK
577,5.770000,14.932120,-0.005060,-2.150550,-0.570039,-0.013784,0.291845,-0.013284,0.032641,OK
578,5.780000,14.936298,-0.005804,-2.078235,-0.545904,-0.013202,0.279313,-0.012809,0.032583,OK
579,5.790000,14.940477,-0.006545,-2.005566,-0.521683,-0.012618,0.266746,-0.012331,0.032517,OK
580,5.800000,14.944656,-0.007284,-1.932553,-0.497380,-0.012033,0.254144,-0.011852,0.032444,OK
581,5.810000,14.948834,-0.008019,-1.859208,-0.472998,-0.011445,0.241510,-0.011371,0.032364,OK
582,5.820000,14.953013,-0.008751,-1.785542,-0.448542,-0.010856,0.228845,-0.010888,0.032277,OK
583,5.830000,14.957191,-0.009479,-1.711567,-0.424014,-0.010265,0.216152,-0.010403,0.032182,OK
584,5.840000,14.961369,-0.010205,-1.637294,-0.399420,-0.009672,0.203433,-0.009917,0.032080,OK
585,5.850000,14.965546,-0.010926,-1.562736,-0.374763,-0.009078,0.190690,-0.009429,0.031971,OK
586,5.860000,14.969721,-0.011645,-1.487904,-0.350046,-0.008483,0.177924,-0.008940,0.031854,OK
587,5.870000,14.973896,-0.012360,-1.412809,-0.325274,-0.007886,0.165139,-0.008450,0.031731,OK
588,5.880000,14.978069,-0.013071,-1.337466,-0.300451,-0.007288,0.152335,-0.007958,0.031600,OK
589,5.890000,14.982241,-0.013778,-1.261884,-0.275581,-0.006688,0.139515,-0.007464,0.031462,OK
590,5.900000,14.986411,-0.014482,-1.186077,-0.250666,-0.006088,0.126682,-0.006970,0.031317,OK
591,5.910000,14.990579,-0.015182,-1.110057,-0.225713,-0.005486,0.113837,-0.006474,0.031165,OK
592,5.920000,14.994745,-0.015878,-1.033835,-0.200723,-0.004884,0.100981,-0.005977,0.031007,OK
593,5.930000,14.998908,-0.016570,-0.957424,-0.175702,-0.004281,0.088118,-0.005479,0.030841,OK
594,5.940000,15.003069,-0.017257,-0.880837,-0.150654,-0.003678,0.075249,-0.004980,0.030668,OK
595,5.950000,15.007227,-0.017940,-0.804085,-0.125581,-0.003073,0.062377,-0.004480,0.030489,OK
596,5.960000,15.011382,-0.018619,-0.727181,-0.100489,-0.002469,0.049502,-0.003980,0.030303,OK
597,5.970000,15.015533,-0.019293,-0.650137,-0.075380,-0.001863,0.036628,-0.003479,0.030110,OK
598,5.980000,15.019682,-0.019962,-0.572965,-0.050260,-0.001258,0.023755,-0.002978,0.029910,OK
599,5.990000,15.023827,-0.020625,-0.495678,-0.025132,-0.000652,0.010887,-0.002477,0.029704,OK
600,6.000000,15.027968,-0.021284,-0.418287,-0.000000,-0.000047,-0.001975,-0.001975,0.029491,OK
601,6.010000,15.032106,-0.021937,-0.340805,0.025132,0.000559,-0.014830,-0.001474,0.029272,OK
602,6.020000,15.036239,-0.022584,-0.263244,0.050260,0.001165,-0.027674,-0.000973,0.029046,OK
603,6.030000,15.040368,-0.023225,-0.185617,0.075380,0.001770,-0.040506,-0.000472,0.028814,OK
604,6.040000,15.044492,-0.023861,-0.107935,0.100489,0.002375,-0.053325,0.000029,0.028575,OK
605,6.050000,15.048612,-0.024490,-0.030211,0.125581,0.002980,-0.066128,0.000529,0.028330,OK
606,6.060000,15.052728,-0.025113,0.047542,0.150654,0.003584,-0.078912,0.001028,0.028079,OK
607,6.070000,15.056838,-0.025730,0.125313,0.175702,0.004188,-0.091677,0.001527,0.027822,OK
608,6.080000,15.060943,-0.026340,0.203089,0.200723,0.004791,-0.104421,0.002025,0.027558,OK
609,6.090000,15.065043,-0.026943,0.280859,0.225713,0.005393,-0.117140,0.002522,0.027289,OK
610,6.100000,15.069137,-0.027541,0.358608,0.250666,0.005994,-0.129834,0.003018,0.027014,OK
611,6.110000,15.073226,-0.028131,0.436326,0.275581,0.006595,-0.142500,0.003513,0.026732,OK
612,6.120000,15.077308,-0.028715,0.514000,0.300451,0.007194,-0.155136,0.004006,0.026445,OK
613,6.130000,15.081385,-0.029292,0.591618,0.325274,0.007792,-0.167740,0.004499,0.026152,OK
614,6.140000,15.085456,-0.029862,0.669168,0.350046,0.008389,-0.180311,0.004991,0.025854,OK
615,6.150000,15.089520,-0.030426,0.746636,0.374763,0.008985,-0.192846,0.005481,0.025549,OK
616,6.160000,15.093578,-0.030983,0.824011,0.399420,0.009579,-0.205343,0.005970,0.025239,OK
617,6.170000,15.097629,-0.031533,0.901281,0.424014,0.010172,-0.217800,0.006458,0.024924,OK
618,6.180000,15.101674,-0.032076,0.978433,0.448542,0.010763,-0.230216,0.006944,0.024603,OK
619,6.190000,15.105711,-0.032612,1.055455,0.472998,0.011352,-0.242589,0.007429,0.024277,OK
620,6.200000,15.109742,-0.033141,1.132334,0.497380,0.011940,-0.254916,0.007912,0.023946,OK
621,6.210000,15.113765,-0.033664,1.209059,0.521683,0.012525,-0.267195,0.008394,0.023609,OK
622,6.220000,15.117781,-0.034179,1.285617,0.545904,0.013109,-0.279426,0.008874,0.023267,OK
623,6.230000,15.121789,-0.034688,1.361996,0.570039,0.013691,-0.291605,0.009353,0.022921,OK
624,6.240000,15.125789,-0.035190,1.438183,0.594083,0.014270,-0.303731,0.009829,0.022569,OK
625,6.250000,15.129782,-0.035684,1.514167,0.618034,0.014847,-0.315802,0.010304,0.022212,OK
626,6.260000,15.133767,-0.036171,1.589935,0.641887,0.015422,-0.327816,0.010778,0.021850,OK
627,6.270000,15.137743,-0.036651,1.665475,0.665639,0.015995,-0.339772,0.011249,0.021484,OK
628,6.280000,15.141712,-0.037124,1.740775,0.689286,0.016564,-0.351667,0.011718,0.021112,OK
629,6.290000,15.145672,-0.037590,1.815823,0.712824,0.017132,-0.363499,0.012186,0.020736,OK
630,6.300000,15.149623,-0.038048,1.890606,0.736249,0.017696,-0.375268,0.012651,0.020356,OK
631,6.310000,15.153566,-0.038499,1.965113,0.759558,0.018258,-0.386970,0.013114,0.019971,OK
632,6.320000,15.157500,-0.038942,2.039332,0.782747,0.018817,-0.398605,0.013575,0.019582,OK
633,6.330000,15.161425,-0.039378,2.113250,0.805813,0.019373,-0.410170,0.014033,0.019188,OK
634,6.340000,15.165341,-0.039806,2.186857,0.828751,0.019925,-0.421665,0.014489,0.018790,OK
635,6.350000,15.169247,-0.040227,2.260139,0.851559,0.020475,-0.433086,0.014942,0.018387,OK
636,6.360000,15.173145,-0.040640,2.333086,0.874232,0.021021,-0.444432,0.015393,0.017981,OK
637,6.370000,15.177033,-0.041045,2.405685,0.896766,0.021564,-0.455702,0.015842,0.017571,OK
638,6.380000,15.180912,-0.041442,2.477925,0.919160,0.022104,-0.466893,0.016287,0.017156,OK
639,6.390000,15.184781,-0.041832,2.549795,0.941408,0.022640,-0.478005,0.016730,0.016738,OK
640,6.400000,15.188640,-0.042214,2.621282,0.963507,0.023173,-0.489035,0.017170,0.016316,OK
641,6.410000,15.192489,-0.042588,2.692376,0.985455,0.023702,-0.499982,0.017608,0.015890,OK
642,6.420000,15.196328,-0.042954,2.763064,1.007246,0.024227,-0.510844,0.018042,0.015460,OK
643,6.430000,15.200157,-0.043312,2.833336,1.028879,0.024748,-0.521619,0.018474,0.015027,OK
644,6.440000,15.203976,-0.043662,2.903180,1.050349,0.025266,-0.532306,0.018902,0.014591,OK
645,6.450000,15.207785,-0.044004,2.972585,1.071654,0.025779,-0.542903,0.019327,0.014151,OK
646,6.460000,15.211583,-0.044339,3.041540,1.092789,0.026289,-0.553409,0.019750,0.013707,OK
647,6.470000,15.215371,-0.044665,3.110034,1.113751,0.026794,-0.563822,0.020169,0.013260,OK
648,6.480000,15.219148,-0.044983,3.178055,1.134538,0.027295,-0.574140,0.020585,0.012811,OK
649,6.490000,15.222914,-0.045293,3.245593,1.155145,0.027792,-0.584361,0.020997,0.012358,OK
650,6.500000,15.226670,-0.045596,3.312637,1.175571,0.028284,-0.594485,0.021406,0.011902,OK
651,6.510000,15.230415,-0.045890,3.379175,1.195810,0.028772,-0.604510,0.021812,0.011443,OK
652,6.520000,15.234148,-0.046176,3.445198,1.215861,0.029255,-0.614434,0.022215,0.010981,OK
653,6.530000,15.237871,-0.046454,3.510694,1.235719,0.029734,-0.624256,0.022614,0.010517,OK
654,6.540000,15.241582,-0.046723,3.575653,1.255383,0.030208,-0.633974,0.023009,0.010049,OK
655,6.550000,15.245282,-0.046985,3.640064,1.274848,0.030677,-0.643586,0.023401,0.009579,OK
656,6.560000,15.248971,-0.047238,3.703917,1.294112,0.031141,-0.653093,0.023789,0.009107,OK
657,6.570000,15.252648,-0.047483,3.767201,1.313172,0.031601,-0.662491,0.024174,0.008632,OK
658,6.580000,15.256314,-0.047720,3.829906,1.332024,0.032055,-0.671779,0.024554,0.008155,OK
659,6.590000,15.259968,-0.047948,3.892022,1.350666,0.032505,-0.680957,0.024931,0.007676,OK
660,6.600000,15.263610,-0.048168,3.953538,1.369094,0.032949,-0.690023,0.025304,0.007194,OK
661,6.610000,15.267241,-0.048380,4.014445,1.387307,0.033388,-0.698975,0.025673,0.006710,OK
662,6.620000,15.270860,-0.048583,4.074732,1.405300,0.033822,-0.707812,0.026038,0.006224,OK
663,6.630000,15.274467,-0.048778,4.134391,1.423071,0.034250,-0.716533,0.026398,0.005737,OK
664,6.640000,15.278062,-0.048964,4.193410,1.440618,0.034673,-0.725137,0.026755,0.005247,OK
665,6.650000,15.281644,-0.049142,4.251780,1.457937,0.035091,-0.733622,0.027107,0.004755,OK
666,6.660000,15.285215,-0.049311,4.309492,1.475026,0.035503,-0.741988,0.027455,0.004262,OK
667,6.670000,15.288774,-0.049471,4.366537,1.491882,0.035909,-0.750232,0.027799,0.003768,OK
668,6.680000,15.292320,-0.049623,4.422904,1.508503,0.036310,-0.758353,0.028138,0.003271,OK
669,6.690000,15.295853,-0.049766,4.478585,1.524885,0.036705,-0.766352,0.028473,0.002774,OK
670,6.700000,15.299375,-0.049901,4.533570,1.541026,0.037094,-0.774225,0.028803,0.002275,OK
671,6.710000,15.302884,-0.050027,4.587852,1.556925,0.037478,-0.781973,0.029129,0.001774,OK
672,6.720000,15.306380,-0.050144,4.641419,1.572577,0.037855,-0.789593,0.029450,0.001273,OK
673,6.730000,15.309864,-0.050253,4.694265,1.587981,0.038227,-0.797086,0.029766,0.000770,OK
674,6.740000,15.313335,-0.050353,4.746381,1.603134,0.038592,-0.804449,0.030078,0.000267,OK
675,6.750000,15.316793,-0.050444,4.797757,1.618034,0.038951,-0.811682,0.030385,-0.000237,OK
676,6.760000,15.320239,-0.050527,4.848385,1.632679,0.039304,-0.818784,0.030688,-0.000743,OK
677,6.770000,15.323671,-0.050601,4.898258,1.647065,0.039651,-0.825753,0.030985,-0.001249,OK
678,6.780000,15.327091,-0.050667,4.947367,1.661192,0.039992,-0.832589,0.031278,-0.001755,OK
679,6.790000,15.330498,-0.050724,4.995705,1.675056,0.040327,-0.839290,0.031566,-0.002263,OK
680,6.800000,15.333892,-0.050773,5.043263,1.688656,0.040655,-0.845856,0.031849,-0.002770,OK
681,6.810000,15.337272,-0.050813,5.090033,1.701989,0.040976,-0.852286,0.032127,-0.003279,OK
682,6.820000,15.340640,-0.050844,5.136008,1.715053,0.041291,-0.858578,0.032400,-0.003787,OK
683,6.830000,15.343994,-0.050867,5.181181,1.727847,0.041600,-0.864732,0.032668,-0.004296,OK
684,6.840000,15.347335,-0.050882,5.225544,1.740368,0.041902,-0.870747,0.032932,-0.004804,OK
685,6.850000,15.350663,-0.050889,5.269091,1.752613,0.042198,-0.876622,0.033190,-0.005313,OK
686,6.860000,15.353978,-0.050887,5.311813,1.764582,0.042486,-0.882356,0.033443,-0.005822,OK
687,6.870000,15.357279,-0.050876,5.353705,1.776273,0.042769,-0.887948,0.033691,-0.006331,OK
688,6.880000,15.360567,-0.050858,5.394759,1.787683,0.043044,-0.893398,0.033934,-0.006840,OK
689,6.890000,15.363841,-0.050831,5.434969,1.798811,0.043312,-0.898705,0.034172,-0.007348,OK
690,6.900000,15.367102,-0.050795,5.474327,1.809654,0.043574,-0.903867,0.034405,-0.007856,OK
691,6.910000,15.370349,-0.050752,5.512829,1.820212,0.043829,-0.908885,0.034633,-0.008363,OK
692,6.920000,15.373582,-0.050700,5.550467,1.830482,0.044077,-0.913758,0.034855,-0.008870,OK
693,6.930000,15.376802,-0.050640,5.587236,1.840464,0.044318,-0.918484,0.035073,-0.009377,OK
694,6.940000,15.380008,-0.050572,5.623129,1.850154,0.044552,-0.923063,0.035285,-0.009882,OK
695,6.950000,15.383201,-0.050496,5.658141,1.859553,0.044779,-0.927495,0.035491,-0.010387,OK
696,6.960000,15.386379,-0.050412,5.692266,1.868658,0.044999,-0.931779,0.035693,-0.010892,OK
697,6.970000,15.389544,-0.050320,5.725498,1.877468,0.045212,-0.935914,0.035889,-0.011395,OK
698,6.980000,15.392695,-0.050219,5.757832,1.885981,0.045417,-0.939900,0.036080,-0.011897,OK
699,6.990000,15.395832,-0.050111,5.789263,1.894197,0.045616,-0.943737,0.036266,-0.012398,OK
700,7.000000,15.398955,-0.049994,5.819785,1.902113,0.045807,-0.947423,0.036446,-0.012898,OK
701,7.010000,15.402064,-0.049870,5.849394,1.909729,0.045991,-0.950958,0.036620,-0.013397,OK
702,7.020000,15.405159,-0.049737,5.878085,1.917044,0.046168,-0.954342,0.036789,-0.013894,OK
703,7.030000,15.408240,-0.049597,5.905853,1.924055,0.046338,-0.957574,0.036953,-0.014390,OK
704,7.040000,15.411306,-0.049449,5.932693,1.930763,0.046500,-0.960654,0.037111,-0.014885,OK
705,7.050000,15.414359,-0.049292,5.958601,1.937166,0.046655,-0.963582,0.037264,-0.015377,OK
706,7.060000,15.417397,-0.049128,5.983573,1.943263,0.046802,-0.966356,0.037411,-0.015869,OK
707,7.070000,15.420422,-0.048957,6.007605,1.949054,0.046943,-0.968977,0.037553,-0.016358,OK
708,7.080000,15.423431,-0.048777,6.030692,1.954536,0.047075,-0.971445,0.037689,-0.016846,OK
709,7.090000,15.426427,-0.048589,6.052831,1.959710,0.047201,-0.973759,0.037820,-0.017332,OK
710,7.100000,15.429408,-0.048394,6.074018,1.964575,0.047319,-0.975919,0.037945,-0.017816,OK
711,7.110000,15.432375,-0.048191,6.094249,1.969129,0.047429,-0.977924,0.038064,-0.018298,OK
712,7.120000,15.435327,-0.047981,6.113522,1.973372,0.047532,-0.979774,0.038177,-0.018778,OK
713,7.130000,15.438265,-0.047763,6.131833,1.977303,0.047627,-0.981469,0.038285,-0.019255,OK
714,7.140000,15.441188,-0.047537,6.149178,1.980923,0.047715,-0.983010,0.038388,-0.019731,OK
715,7.150000,15.444097,-0.047304,6.165556,1.984229,0.047796,-0.984395,0.038484,-0.020204,OK
716,7.160000,15.446991,-0.047064,6.180962,1.987223,0.047869,-0.985625,0.038575,-0.020674,OK
717,7.170000,15.449871,-0.046816,6.195395,1.989902,0.047934,-0.986699,0.038661,-0.021142,OK
718,7.180000,15.452736,-0.046560,6.208852,1.992267,0.047992,-0.987617,0.038740,-0.021608,OK
719,7.190000,15.455586,-0.046297,6.221331,1.994318,0.048042,-0.988380,0.038814,-0.022071,OK
720,7.200000,15.458421,-0.046028,6.232829,1.996053,0.048084,-0.988987,0.038882,-0.022531,OK
721,7.210000,15.461242,-0.045751,6.243346,1.997474,0.048120,-0.989437,0.038945,-0.022989,OK
722,7.220000,15.464048,-0.045467,6.252876,1.998579,0.048147,-0.989732,0.039002,-0.023444,OK
723,7.230000,15.466839,-0.045176,6.261422,1.999368,0.048167,-0.989872,0.039053,-0.023895,OK
724,7.240000,15.469614,-0.044878,6.268979,1.999842,0.048179,-0.989855,0.039099,-0.024344,OK
725,7.250000,15.472375,-0.044573,6.275549,2.000000,0.048184,-0.989683,0.039139,-0.024790,OK
726,7.260000,15.475122,-0.044262,6.281127,1.999842,0.048181,-0.989355,0.039173,-0.025232,OK
727,7.270000,15.477852,-0.043943,6.285715,1.999368,0.048170,-0.988871,0.039202,-0.025672,OK
728,7.280000,15.480568,-0.043618,6.289310,1.998579,0.048152,-0.988232,0.039225,-0.026108,OK
729,7.290000,15.483269,-0.043286,6.291912,1.997474,0.048127,-0.987439,0.039242,-0.026541,OK
730,7.300000,15.485955,-0.042946,6.293521,1.996053,0.048093,-0.986490,0.039253,-0.026970,OK
731,7.310000,15.488625,-0.042600,6.294136,1.994318,0.048052,-0.985387,0.039258,-0.027396,OK
732,7.320000,15.491280,-0.042245,6.293755,1.992267,0.048004,-0.984130,0.039257,-0.027819,OK
733,7.330000,15.493920,-0.041884,6.292382,1.989902,0.047948,-0.982720,0.039249,-0.028238,OK
734,7.340000,15.496545,-0.041516,6.290013,1.987223,0.047884,-0.981155,0.039236,-0.028653,OK
735,7.350000,15.499154,-0.041142,6.286651,1.984229,0.047813,-0.979437,0.039217,-0.029064,OK
736,7.360000,15.501747,-0.040761,6.282294,1.980923,0.047734,-0.977565,0.039192,-0.029472,OK
737,7.370000,15.504326,-0.040374,6.276944,1.977303,0.047648,-0.975541,0.039162,-0.029876,OK
738,7.380000,15.506888,-0.039980,6.270602,1.973372,0.047554,-0.973364,0.039126,-0.030275,OK
739,7.390000,15.509435,-0.039581,6.263267,1.969129,0.047453,-0.971034,0.039084,-0.030671,OK
740,7.400000,15.511967,-0.039175,6.254942,1.964575,0.047344,-0.968553,0.039037,-0.031063,OK
741,7.410000,15.514483,-0.038764,6.245626,1.959710,0.047228,-0.965921,0.038984,-0.031451,OK
742,7.420000,15.516983,-0.038347,6.235322,1.954536,0.047104,-0.963137,0.038925,-0.031834,OK
743,7.430000,15.519467,-0.037924,6.224031,1.949054,0.046973,-0.960203,0.038861,-0.032213,OK
744,7.440000,15.521936,-0.037495,6.211755,1.943263,0.046835,-0.957119,0.038791,-0.032588,OK
745,7.450000,15.524388,-0.037061,6.198494,1.937166,0.046689,-0.953886,0.038716,-0.032959,OK
746,7.460000,15.526825,-0.036621,6.184252,1.930763,0.046536,-0.950504,0.038635,-0.033325,OK
747,7.470000,15.529246,-0.036176,6.169030,1.924055,0.046375,-0.946973,0.038549,-0.033687,OK
748,7.480000,15.531651,-0.035725,6.152830,1.917044,0.046207,-0.943295,0.038457,-0.034044,OK
749,7.490000,15.534039,-0.035269,6.135655,1.909729,0.046032,-0.939470,0.038360,-0.034397,OK
750,7.500000,15.536412,-0.034808,6.117507,1.902113,0.045850,-0.935499,0.038257,-0.034745,OK
751,7.510000,15.538768,-0.034341,6.098389,1.894197,0.045660,-0.931382,0.038149,-0.035088,OK
752,7.520000,15.541108,-0.033869,6.078304,1.885981,0.045464,-0.927120,0.038035,-0.035427,OK
753,7.530000,15.543432,-0.033392,6.057254,1.877468,0.045260,-0.922713,0.037916,-0.035761,OK
754,7.540000,15.545740,-0.032910,6.035243,1.868658,0.045048,-0.918164,0.037791,-0.036090,OK
755,7.550000,15.548031,-0.032422,6.012273,1.859553,0.044830,-0.913472,0.037660,-0.036414,OK
756,7.560000,15.550306,-0.031930,5.988349,1.850154,0.044605,-0.908637,0.037525,-0.036733,OK
757,7.570000,15.552564,-0.031432,5.963474,1.840464,0.044373,-0.903662,0.037383,-0.037048,OK
758,7.580000,15.554805,-0.030930,5.937652,1.830482,0.044133,-0.898547,0.037236,-0.037357,OK
759,7.590000,15.557030,-0.030422,5.910886,1.820212,0.043887,-0.893292,0.037084,-0.037661,OK
760,7.600000,15.559238,-0.029910,5.883180,1.809654,0.043634,-0.887899,0.036926,-0.037960,OK
761,7.610000,15.561430,-0.029393,5.854539,1.798811,0.043374,-0.882368,0.036763,-0.038254,OK
762,7.620000,15.563605,-0.028871,5.824966,1.787683,0.043107,-0.876700,0.036594,-0.038543,OK
763,7.630000,15.565763,-0.028345,5.794468,1.776273,0.042833,-0.870897,0.036420,-0.038826,OK
764,7.640000,15.567904,-0.027815,5.763047,1.764582,0.042553,-0.864958,0.036241,-0.039105,OK
765,7.650000,15.570027,-0.027280,5.730709,1.752613,0.042265,-0.858886,0.036057,-0.039377,OK
766,7.660000,15.572134,-0.026741,5.697458,1.740368,0.041972,-0.852680,0.035867,-0.039645,OK
767,7.670000,15.574224,-0.026198,5.663300,1.727847,0.041671,-0.846343,0.035672,-0.039907,OK
768,7.680000,15.576297,-0.025651,5.628241,1.715053,0.041364,-0.839875,0.035472,-0.040163,OK
769,7.690000,15.578352,-0.025100,5.592284,1.701989,0.041050,-0.833277,0.035267,-0.040414,OK
770,7.700000,15.580390,-0.024545,5.555436,1.688656,0.040730,-0.826550,0.035057,-0.040660,OK
771,7.710000,15.582411,-0.023987,5.517703,1.675056,0.040404,-0.819695,0.034842,-0.040900,OK
772,7.720000,15.584414,-0.023425,5.479089,1.661192,0.040071,-0.812713,0.034622,-0.041134,OK
773,7.730000,15.586400,-0.022859,5.439602,1.647065,0.039732,-0.805606,0.034397,-0.041363,OK
774,7.740000,15.588368,-0.022291,5.399247,1.632679,0.039387,-0.798374,0.034167,-0.041585,OK
775,7.750000,15.590319,-0.021719,5.358030,1.618034,0.039035,-0.791019,0.033932,-0.041803,OK
776,7.760000,15.592251,-0.021143,5.315958,1.603134,0.038677,-0.783542,0.033693,-0.042014,OK
777,7.770000,15.594167,-0.020565,5.273036,1.587981,0.038314,-0.775944,0.033449,-0.042220,OK
778,7.780000,15.596064,-0.019984,5.229273,1.572577,0.037944,-0.768226,0.033200,-0.042420,OK
779,7.790000,15.597943,-0.019400,5.184673,1.556925,0.037568,-0.760389,0.032947,-0.042614,OK
780,7.800000,15.599805,-0.018813,5.139245,1.541026,0.037186,-0.752435,0.032689,-0.042802,OK
781,7.810000,15.601648,-0.018224,5.092996,1.524885,0.036798,-0.744365,0.032426,-0.042984,OK
782,7.820000,15.603473,-0.017632,5.045931,1.508503,0.036405,-0.736180,0.032159,-0.043160,OK
783,7.830000,15.605280,-0.017038,4.998059,1.491882,0.036006,-0.727882,0.031888,-0.043331,OK
784,7.840000,15.607069,-0.016441,4.949387,1.475026,0.035601,-0.719471,0.031612,-0.043495,OK
785,7.850000,15.608840,-0.015842,4.899923,1.457937,0.035191,-0.710950,0.031332,-0.043653,OK
786,7.860000,15.610592,-0.015241,4.849673,1.440618,0.034775,-0.702319,0.031047,-0.043806,OK
787,7.870000,15.612325,-0.014637,4.798647,1.423071,0.034353,-0.693580,0.030758,-0.043952,OK
788,7.880000,15.614041,-0.014032,4.746851,1.405300,0.033926,-0.684734,0.030465,-0.044093,OK
789,7.890000,15.615737,-0.013424,4.694294,1.387307,0.033494,-0.675783,0.030168,-0.044227,OK
790,7.900000,15.617415,-0.012815,4.640984,1.369094,0.033057,-0.666728,0.029867,-0.044355,OK
791,7.910000,15.619074,-0.012205,4.586929,1.350666,0.032614,-0.657570,0.029561,-0.044477,OK
792,7.920000,15.620715,-0.011592,4.532137,1.332024,0.032166,-0.648311,0.029252,-0.044593,OK
793,7.930000,15.622336,-0.010978,4.476618,1.313172,0.031713,-0.638953,0.028938,-0.044703,OK
794,7.940000,15.623939,-0.010363,4.420379,1.294112,0.031255,-0.629496,0.028621,-0.044806,OK
795,7.950000,15.625523,-0.009746,4.363430,1.274848,0.030793,-0.619943,0.028300,-0.044904,OK
796,7.960000,15.627087,-0.009128,4.305778,1.255383,0.030325,-0.610294,0.027974,-0.044995,OK
797,7.970000,15.628633,-0.008509,4.247434,1.235719,0.029853,-0.600551,0.027646,-0.045080,OK
798,7.980000,15.630159,-0.007889,4.188406,1.215861,0.029376,-0.590717,0.027313,-0.045159,OK
799,7.990000,15.631666,-0.007268,4.128704,1.195810,0.028894,-0.580791,0.026977,-0.045232,OK
800,8.000000,15.633153,-0.006647,4.068337,1.175571,0.028408,-0.570777,0.026637,-0.045298,OK
801,8.010000,15.634622,-0.006025,4.007314,1.155145,0.027917,-0.560674,0.026294,-0.045358,OK
802,8.020000,15.636070,-0.005402,3.945644,1.134538,0.027422,-0.550486,0.025947,-0.045412,OK
803,8.030000,15.637500,-0.004778,3.883338,1.113751,0.026922,-0.540213,0.025597,-0.045460,OK
804,8.040000,15.638909,-0.004155,3.820405,1.092789,0.026419,-0.529858,0.025244,-0.045502,OK
805,8.050000,15.640299,-0.003531,3.756855,1.071654,0.025911,-0.519421,0.024887,-0.045537,OK
806,8.060000,15.641669,-0.002907,3.692699,1.050349,0.025399,-0.508904,0.024527,-0.045566,OK
807,8.070000,15.643019,-0.002283,3.627945,1.028879,0.024883,-0.498309,0.024165,-0.045589,OK
808,8.080000,15.644350,-0.001660,3.562604,1.007246,0.024363,-0.487638,0.023799,-0.045606,OK
809,8.090000,15.645660,-0.001036,3.496687,0.985455,0.023839,-0.476892,0.023430,-0.045616,OK
810,8.100000,15.646951,-0.000413,3.430203,0.963507,0.023312,-0.466073,0.023058,-0.045620,OK
811,8.110000,15.648221,0.000210,3.363164,0.941408,0.022781,-0.455182,0.022683,-0.045618,OK
812,8.120000,15.649472,0.000832,3.295580,0.919160,0.022246,-0.444222,0.022306,-0.045610,OK
813,8.130000,15.650702,0.001453,3.227461,0.896766,0.021708,-0.433194,0.021926,-0.045595,OK
814,8.140000,15.651912,0.002074,3.158818,0.874232,0.021167,-0.422099,0.021543,-0.045574,OK
815,8.150000,15.653102,0.002694,3.089662,0.851559,0.020622,-0.410939,0.021157,-0.045547,OK
816,8.160000,15.654271,0.003313,3.020004,0.828751,0.020074,-0.399717,0.020769,-0.045514,OK
817,8.170000,15.655420,0.003931,2.949855,0.805813,0.019522,-0.388433,0.020379,-0.045475,OK
818,8.180000,15.656548,0.004547,2.879225,0.782747,0.018968,-0.377090,0.019986,-0.045430,OK
819,8.190000,15.657656,0.005162,2.808127,0.759558,0.018411,-0.365689,0.019591,-0.045378,OK
820,8.200000,15.658743,0.005776,2.736571,0.736249,0.017851,-0.354231,0.019194,-0.045320,OK
821,8.210000,15.659810,0.006389,2.664568,0.712824,0.017288,-0.342720,0.018795,-0.045256,OK
822,8.220000,15.660856,0.007000,2.592130,0.689286,0.016722,-0.331156,0.018393,-0.045186,OK
823,8.230000,15.661881,0.007609,2.519269,0.665639,0.016154,-0.319542,0.017990,-0.045110,OK
824,8.240000,15.662885,0.008216,2.445995,0.641887,0.015583,-0.307878,0.017584,-0.045028,OK
825,8.250000,15.663869,0.008821,2.372320,0.618034,0.015010,-0.296167,0.017177,-0.044940,OK
826,8.260000,15.664831,0.009425,2.298257,0.594083,0.014434,-0.284411,0.016768,-0.044846,OK
827,8.270000,15.665773,0.010026,2.223816,0.570039,0.013856,-0.272611,0.016357,-0.044745,OK
828,8.280000,15.666694,0.010625,2.149009,0.545904,0.013276,-0.260770,0.015945,-0.044639,OK
829,8.290000,15.667593,0.011221,2.073848,0.521683,0.012694,-0.248888,0.015531,-0.044527,OK
830,8.300000,15.668472,0.011816,1.998346,0.497380,0.012110,-0.236969,0.015115,-0.044409,OK
831,8.310000,15.669329,0.012407,1.922513,0.472998,0.011524,-0.225013,0.014698,-0.044285,OK
832,8.320000,15.670166,0.012996,1.846362,0.448542,0.010936,-0.213022,0.014280,-0.044155,OK
833,8.330000,15.670981,0.013582,1.769905,0.424014,0.010347,-0.200999,0.013860,-0.044019,OK
834,8.340000,15.671775,0.014165,1.693155,0.399420,0.009756,-0.188945,0.013439,-0.043877,OK
835,8.350000,15.672547,0.014746,1.616123,0.374763,0.009163,-0.176862,0.013017,-0.043730,OK
836,8.360000,15.673299,0.015324,1.538823,0.350046,0.008569,-0.164752,0.012594,-0.043576,OK
837,8.370000,15.674029,0.015898,1.461266,0.325274,0.007974,-0.152617,0.012170,-0.043417,OK
838,8.380000,15.674737,0.016470,1.383467,0.300451,0.007377,-0.140459,0.011744,-0.043253,OK
839,8.390000,15.675425,0.017039,1.305437,0.275581,0.006779,-0.128279,0.011318,-0.043082,OK
840,8.400000,15.676091,0.017605,1.227189,0.250666,0.006180,-0.116080,0.010890,-0.042906,OK
841,8.410000,15.676735,0.018168,1.148736,0.225713,0.005581,-0.103863,0.010461,-0.042725,OK
842,8.420000,15.677358,0.018728,1.070091,0.200723,0.004980,-0.091631,0.010032,-0.042537,OK
843,8.430000,15.677959,0.019285,0.991268,0.175702,0.004379,-0.079385,0.009601,-0.042345,OK
844,8.440000,15.678539,0.019839,0.912277,0.150654,0.003777,-0.067127,0.009170,-0.042146,OK
845,8.450000,15.679097,0.020389,0.833134,0.125581,0.003174,-0.054858,0.008737,-0.041942,OK
846,8.460000,15.679634,0.020936,0.753849,0.100489,0.002571,-0.042582,0.008305,-0.041733,OK
847,8.470000,15.680149,0.021479,0.674436,0.075380,0.001967,-0.030299,0.007871,-0.041518,OK
848,8.480000,15.680642,0.022019,0.594909,0.050260,0.001363,-0.018012,0.007438,-0.041298,OK
849,8.490000,15.681114,0.022554,0.515279,0.025132,0.000759,-0.005722,0.007004,-0.041072,OK
850,8.500000,15.681565,0.023085,0.435560,0.000000,0.000155,0.006569,0.006569,-0.040842,OK
851,8.510000,15.681993,0.023613,0.355765,-0.025132,-0.000449,0.018860,0.006135,-0.040605,OK
852,8.520000,15.682400,0.024135,0.275905,-0.050260,-0.001053,0.031147,0.005701,-0.040364,OK
853,8.530000,15.682785,0.024654,0.195995,-0.075380,-0.001657,0.043429,0.005267,-0.040117,OK
854,8.540000,15.683149,0.025167,0.116047,-0.100489,-0.002260,0.055705,0.004833,-0.039866,OK
855,8.550000,15.683491,0.025676,0.036074,-0.125581,-0.002863,0.067973,0.004399,-0.039609,OK
856,8.560000,15.683811,0.026181,-0.043911,-0.150654,-0.003466,0.080231,0.003965,-0.039347,OK
857,8.570000,15.684110,0.026680,-0.123895,-0.175702,-0.004068,0.092476,0.003532,-0.039080,OK
858,8.580000,15.684387,0.027174,-0.203866,-0.200723,-0.004670,0.104707,0.003100,-0.038809,OK
859,8.590000,15.684642,0.027664,-0.283810,-0.225713,-0.005270,0.116923,0.002668,-0.038532,OK
860,8.600000,15.684876,0.028148,-0.363715,-0.250666,-0.005870,0.129121,0.002236,-0.038251,OK
861,8.610000,15.685088,0.028628,-0.443568,-0.275581,-0.006469,0.141299,0.001806,-0.037964,OK
862,8.620000,15.685278,0.029102,-0.523356,-0.300451,-0.007067,0.153456,0.001375,-0.037673,OK
863,8.630000,15.685447,0.029571,-0.603066,-0.325274,-0.007664,0.165589,0.000946,-0.037378,OK
864,8.640000,15.685595,0.030035,-0.682686,-0.350046,-0.008259,0.177697,0.000517,-0.037077,OK
865,8.650000,15.685720,0.030494,-0.762201,-0.374763,-0.008853,0.189778,0.000090,-0.036772,OK
866,8.660000,15.685824,0.030948,-0.841601,-0.399420,-0.009446,0.201830,-0.000337,-0.036463,OK
867,8.670000,15.685907,0.031397,-0.920871,-0.424014,-0.010037,0.213851,-0.000764,-0.036149,OK
868,8.680000,15.685968,0.031840,-0.999999,-0.448542,-0.010627,0.225839,-0.001189,-0.035830,OK
869,8.690000,15.686008,0.032278,-1.078972,-0.472998,-0.011215,0.237792,-0.001613,-0.035508,OK
870,8.700000,15.686026,0.032711,-1.157777,-0.497380,-0.011801,0.249709,-0.002037,-0.035181,OK
871,8.710000,15.686023,0.033139,-1.236402,-0.521683,-0.012385,0.261588,-0.002459,-0.034849,OK
872,8.720000,15.685998,0.033561,-1.314834,-0.545904,-0.012967,0.273427,-0.002880,-0.034514,OK
873,8.730000,15.685952,0.033978,-1.393059,-0.570039,-0.013548,0.285223,-0.003300,-0.034174,OK
874,8.740000,15.685885,0.034390,-1.471066,-0.594083,-0.014126,0.296976,-0.003719,-0.033830,OK
875,8.750000,15.685796,0.034796,-1.548841,-0.618034,-0.014702,0.308683,-0.004136,-0.033482,OK
876,8.760000,15.685687,0.035196,-1.626372,-0.641887,-0.015275,0.320343,-0.004553,-0.033130,OK
877,8.770000,15.685556,0.035591,-1.703645,-0.665639,-0.015846,0.331954,-0.004968,-0.032774,OK
878,8.780000,15.685404,0.035980,-1.780649,-0.689286,-0.016415,0.343514,-0.005381,-0.032414,OK
879,8.790000,15.685230,0.036363,-1.857371,-0.712824,-0.016981,0.355021,-0.005793,-0.032051,OK
880,8.800000,15.685036,0.036740,-1.933799,-0.736249,-0.017544,0.366474,-0.006203,-0.031683,OK
881,8.810000,15.684821,0.037112,-2.009918,-0.759558,-0.018104,0.377871,-0.006611,-0.031312,OK
882,8.820000,15.684585,0.037477,-2.085719,-0.782747,-0.018662,0.389209,-0.007017,-0.030937,OK
883,8.830000,15.684328,0.037836,-2.161187,-0.805813,-0.019216,0.400488,-0.007422,-0.030559,OK
884,8.840000,15.684050,0.038189,-2.236312,-0.828751,-0.019768,0.411706,-0.007825,-0.030177,OK
885,8.850000,15.683751,0.038537,-2.311081,-0.851559,-0.020316,0.422860,-0.008226,-0.029792,OK
886,8.860000,15.683432,0.038878,-2.385482,-0.874232,-0.020861,0.433950,-0.008625,-0.029403,OK
887,8.870000,15.683092,0.039213,-2.459504,-0.896766,-0.021403,0.444972,-0.009023,-0.029011,OK
888,8.880000,15.682731,0.039543,-2.533134,-0.919160,-0.021942,0.455926,-0.009418,-0.028615,OK
889,8.890000,15.682350,0.039867,-2.606362,-0.941408,-0.022477,0.466810,-0.009812,-0.028217,OK
890,8.900000,15.681948,0.040185,-2.679175,-0.963507,-0.023008,0.477622,-0.010204,-0.027815,OK
891,8.910000,15.681527,0.040498,-2.751562,-0.985455,-0.023536,0.488360,-0.010594,-0.027410,OK
892,8.920000,15.681084,0.040804,-2.823511,-1.007246,-0.024060,0.499023,-0.010982,-0.027002,OK
893,8.930000,15.680622,0.041105,-2.895011,-1.028879,-0.024581,0.509609,-0.011368,-0.026591,OK
894,8.940000,15.680140,0.041400,-2.966050,-1.050349,-0.025097,0.520116,-0.011752,-0.026177,OK
895,8.950000,15.679637,0.041690,-3.036617,-1.071654,-0.025609,0.530542,-0.012134,-0.025760,OK
896,8.960000,15.679115,0.041973,-3.106700,-1.092789,-0.026118,0.540887,-0.012514,-0.025340,OK
897,8.970000,15.678572,0.042250,-3.176289,-1.113751,-0.026622,0.551149,-0.012891,-0.024918,OK
898,8.980000,15.678010,0.042522,-3.245371,-1.134538,-0.027122,0.561325,-0.013267,-0.024492,OK
899,8.990000,15.677428,0.042787,-3.313936,-1.155145,-0.027618,0.571415,-0.013640,-0.024065,OK
900,9.000000,15.676827,0.043046,-3.381971,-1.175571,-0.028109,0.581416,-0.014010,-0.023634,OK
901,9.010000,15.676206,0.043298,-3.449467,-1.195810,-0.028596,0.591329,-0.014378,-0.023201,OK
902,9.020000,15.675565,0.043544,-3.516413,-1.215861,-0.029079,0.601150,-0.014744,-0.022766,OK
903,9.030000,15.674906,0.043784,-3.582796,-1.235719,-0.029556,0.610878,-0.015106,-0.022328,OK
904,9.040000,15.674227,0.044016,-3.648607,-1.255383,-0.030030,0.620512,-0.015466,-0.021888,OK
905,9.050000,15.673529,0.044242,-3.713835,-1.274848,-0.030498,0.630051,-0.015823,-0.021445,OK
906,9.060000,15.672811,0.044462,-3.778469,-1.294112,-0.030961,0.639493,-0.016177,-0.021001,OK
907,9.070000,15.672075,0.044674,-3.842499,-1.313172,-0.031420,0.648836,-0.016528,-0.020554,OK
908,9.080000,15.671320,0.044880,-3.905915,-1.332024,-0.031874,0.658079,-0.016875,-0.020105,OK
909,9.090000,15.670547,0.045078,-3.968705,-1.350666,-0.032322,0.667221,-0.017220,-0.019654,OK
910,9.100000,15.669754,0.045270,-4.030860,-1.369094,-0.032766,0.676260,-0.017561,-0.019202,OK
911,9.110000,15.668943,0.045455,-4.092371,-1.387307,-0.033204,0.685195,-0.017899,-0.018747,OK
912,9.120000,15.668114,0.045633,-4.153226,-1.405300,-0.033637,0.694024,-0.018234,-0.018291,OK
913,9.130000,15.667266,0.045804,-4.213417,-1.423071,-0.034065,0.702747,-0.018566,-0.017833,OK
914,9.140000,15.666401,0.045968,-4.272934,-1.440618,-0.034488,0.711361,-0.018894,-0.017373,OK
915,9.150000,15.665517,0.046125,-4.331767,-1.457937,-0.034904,0.719865,-0.019219,-0.016912,OK
916,9.160000,15.664615,0.046276,-4.389906,-1.475026,-0.035316,0.728257,-0.019541,-0.016449,OK
917,9.170000,15.663695,0.046419,-4.447344,-1.491882,-0.035722,0.736538,-0.019859,-0.015985,OK
918,9.180000,15.662758,0.046556,-4.504070,-1.508503,-0.036122,0.744704,-0.020174,-0.015519,OK
919,9.190000,15.661802,0.046686,-4.560076,-1.524885,-0.036516,0.752756,-0.020486,-0.015052,OK
920,9.200000,15.660830,0.046810,-4.615353,-1.541026,-0.036905,0.760691,-0.020794,-0.014584,OK
921,9.210000,15.659840,0.046927,-4.669892,-1.556925,-0.037288,0.768508,-0.021098,-0.014115,OK
922,9.220000,15.658832,0.047037,-4.723685,-1.572577,-0.037665,0.776206,-0.021400,-0.013645,OK
923,9.230000,15.657808,0.047140,-4.776722,-1.587981,-0.038036,0.783784,-0.021698,-0.013173,OK
924,9.240000,15.656767,0.047237,-4.828997,-1.603134,-0.038401,0.791240,-0.021992,-0.012701,OK
925,9.250000,15.655708,0.047328,-4.880500,-1.618034,-0.038760,0.798574,-0.022283,-0.012228,OK
926,9.260000,15.654633,0.047412,-4.931224,-1.632679,-0.039113,0.805784,-0.022570,-0.011753,OK
927,9.270000,15.653541,0.047489,-4.981160,-1.647065,-0.039459,0.812869,-0.022854,-0.011279,OK
928,9.280000,15.652433,0.047560,-5.030302,-1.661192,-0.039800,0.819828,-0.023135,-0.010803,OK
929,9.290000,15.651308,0.047624,-5.078640,-1.675056,-0.040134,0.826660,-0.023411,-0.010327,OK
930,9.300000,15.650167,0.047682,-5.126169,-1.688656,-0.040462,0.833363,-0.023684,-0.009850,OK
931,9.310000,15.649010,0.047733,-5.172879,-1.701989,-0.040783,0.839937,-0.023954,-0.009373,OK
932,9.320000,15.647836,0.047778,-5.218765,-1.715053,-0.041098,0.846380,-0.024219,-0.008895,OK
933,9.330000,15.646647,0.047816,-5.263818,-1.727847,-0.041407,0.852692,-0.024481,-0.008417,OK
934,9.340000,15.645442,0.047847,-5.308032,-1.740368,-0.041709,0.858871,-0.024739,-0.007938,OK
935,9.350000,15.644222,0.047872,-5.351400,-1.752613,-0.042004,0.864917,-0.024993,-0.007459,OK
936,9.360000,15.642986,0.047890,-5.393915,-1.764582,-0.042293,0.870829,-0.025244,-0.006981,OK
937,9.370000,15.641734,0.047901,-5.435571,-1.776273,-0.042575,0.876605,-0.025490,-0.006502,OK
938,9.380000,15.640468,0.047906,-5.476361,-1.787683,-0.042850,0.882245,-0.025732,-0.006022,OK
939,9.390000,15.639186,0.047903,-5.516279,-1.798811,-0.043119,0.887748,-0.025970,-0.005543,OK
940,9.400000,15.637889,0.047894,-5.555318,-1.809654,-0.043380,0.893113,-0.026204,-0.005064,OK
941,9.410000,15.636578,0.047879,-5.593473,-1.820212,-0.043635,0.898339,-0.026434,-0.004586,OK
942,9.420000,15.635251,0.047856,-5.630737,-1.830482,-0.043883,0.903425,-0.026660,-0.004107,OK
943,9.430000,15.633910,0.047827,-5.667105,-1.840464,-0.044124,0.908371,-0.026882,-0.003629,OK
944,9.440000,15.632555,0.047791,-5.702571,-1.850154,-0.044359,0.913175,-0.027099,-0.003151,OK
945,9.450000,15.631185,0.047748,-5.737130,-1.859553,-0.044586,0.917837,-0.027312,-0.002673,OK
946,9.460000,15.629801,0.047698,-5.770777,-1.868658,-0.044806,0.922356,-0.027520,-0.002197,OK
947,9.470000,15.628404,0.047641,-5.803505,-1.877468,-0.045019,0.926732,-0.027725,-0.001720,OK
948,9.480000,15.626992,0.047578,-5.835310,-1.885981,-0.045225,0.930963,-0.027924,-0.001244,OK
949,9.490000,15.625566,0.047507,-5.866188,-1.894197,-0.045423,0.935049,-0.028120,-0.000769,OK
950,9.500000,15.624127,0.047430,-5.896133,-1.902113,-0.045615,0.938990,-0.028311,-0.000295,OK
951,9.510000,15.622674,0.047347,-5.925141,-1.909729,-0.045799,0.942783,-0.028497,0.000179,OK
952,9.520000,15.621208,0.047256,-5.953208,-1.917044,-0.045976,0.946430,-0.028679,0.000651,OK
953,9.530000,15.619728,0.047159,-5.980329,-1.924055,-0.046146,0.949930,-0.028857,0.001123,OK
954,9.540000,15.618236,0.047055,-6.006499,-1.930763,-0.046309,0.953281,-0.029029,0.001593,OK
955,9.550000,15.616730,0.046944,-6.031716,-1.937166,-0.046464,0.956483,-0.029198,0.002063,OK
956,9.560000,15.615212,0.046826,-6.055975,-1.943263,-0.046612,0.959536,-0.029361,0.002531,OK
957,9.570000,15.613681,0.046702,-6.079272,-1.949054,-0.046753,0.962439,-0.029520,0.002998,OK
958,9.580000,15.612137,0.046571,-6.101605,-1.954536,-0.046886,0.965192,-0.029674,0.003464,OK
959,9.590000,15.610581,0.046434,-6.122969,-1.959710,-0.047012,0.967794,-0.029824,0.003928,OK
960,9.600000,15.609012,0.046289,-6.143362,-1.964575,-0.047130,0.970244,-0.029969,0.004391,OK
961,9.610000,15.607432,0.046138,-6.162780,-1.969129,-0.047241,0.972543,-0.030109,0.004852,OK
962,9.620000,15.605839,0.045981,-6.181220,-1.973372,-0.047344,0.974690,-0.030245,0.005312,OK
963,9.630000,15.604234,0.045817,-6.198681,-1.977303,-0.047440,0.976685,-0.030375,0.005770,OK
964,9.640000,15.602618,0.045646,-6.215158,-1.980923,-0.047529,0.978526,-0.030501,0.006227,OK
965,9.650000,15.600989,0.045469,-6.230651,-1.984229,-0.047610,0.980214,-0.030622,0.006681,OK
966,9.660000,15.599349,0.045285,-6.245156,-1.987223,-0.047683,0.981749,-0.030738,0.007134,OK
967,9.670000,15.597698,0.045094,-6.258671,-1.989902,-0.047749,0.983131,-0.030849,0.007585,OK
968,9.680000,15.596036,0.044897,-6.271195,-1.992267,-0.047808,0.984358,-0.030955,0.008034,OK
969,9.690000,15.594362,0.044693,-6.282725,-1.994318,-0.047859,0.985431,-0.031056,0.008481,OK
970,9.700000,15.592677,0.044483,-6.293260,-1.996053,-0.047902,0.986349,-0.031153,0.008926,OK
971,9.710000,15.590981,0.044267,-6.302800,-1.997474,-0.047938,0.987113,-0.031244,0.009369,OK
972,9.720000,15.589274,0.044044,-6.311341,-1.998579,-0.047966,0.987722,-0.031331,0.009809,OK
973,9.730000,15.587557,0.043815,-6.318883,-1.999368,-0.047986,0.988175,-0.031412,0.010247,OK
974,9.740000,15.585829,0.043579,-6.325425,-1.999842,-0.047999,0.988474,-0.031489,0.010683,OK
975,9.750000,15.584091,0.043337,-6.330966,-2.000000,-0.048005,0.988618,-0.031560,0.011116,OK
976,9.760000,15.582342,0.043088,-6.335506,-1.999842,-0.048003,0.988607,-0.031626,0.011547,OK
977,9.770000,15.580583,0.042833,-6.339045,-1.999368,-0.047993,0.988440,-0.031688,0.011976,OK
978,9.780000,15.578814,0.042572,-6.341580,-1.998579,-0.047975,0.988118,-0.031744,0.012401,OK
979,9.790000,15.577035,0.042304,-6.343113,-1.997474,-0.047951,0.987640,-0.031795,0.012824,OK
980,9.800000,15.575246,0.042030,-6.343644,-1.996053,-0.047918,0.987008,-0.031840,0.013245,OK
981,9.810000,15.573447,0.041748,-6.343172,-1.994318,-0.047878,0.986221,-0.031880,0.013662,OK
982,9.820000,15.571639,0.041460,-6.341697,-1.992267,-0.047830,0.985280,-0.031914,0.014077,OK
983,9.830000,15.569821,0.041164,-6.339222,-1.989902,-0.047775,0.984183,-0.031943,0.014488,OK
984,9.840000,15.567993,0.040862,-6.335744,-1.987223,-0.047712,0.982933,-0.031966,0.014897,OK
985,9.850000,15.566157,0.040554,-6.331267,-1.984229,-0.047642,0.981527,-0.031984,0.015302,OK
986,9.860000,15.564311,0.040239,-6.325790,-1.980923,-0.047564,0.979967,-0.031996,0.015705,OK
987,9.870000,15.562455,0.039918,-6.319314,-1.977303,-0.047479,0.978253,-0.032003,0.016104,OK
988,9.880000,15.560591,0.039591,-6.311841,-1.973372,-0.047386,0.976385,-0.032005,0.016500,OK
989,9.890000,15.558718,0.039259,-6.303372,-1.969129,-0.047286,0.974363,-0.032001,0.016893,OK
990,9.900000,15.556836,0.038920,-6.293908,-1.964575,-0.047178,0.972187,-0.031993,0.017282,OK
991,9.910000,15.554946,0.038575,-6.283452,-1.959710,-0.047063,0.969858,-0.031979,0.017667,OK
992,9.920000,15.553047,0.038224,-6.272005,-1.954536,-0.046940,0.967376,-0.031959,0.018050,OK
993,9.930000,15.551139,0.037868,-6.259569,-1.949054,-0.046810,0.964741,-0.031935,0.018428,OK
994,9.940000,15.549223,0.037506,-6.246147,-1.943263,-0.046672,0.961954,-0.031905,0.018803,OK
995,9.950000,15.547299,0.037138,-6.231733,-1.937166,-0.046527,0.959015,-0.031870,0.019175,OK
996,9.960000,15.545368,0.036765,-6.216335,-1.930763,-0.046375,0.955924,-0.031830,0.019542,OK
997,9.970000,15.543429,0.036386,-6.199966,-1.924055,-0.046216,0.952682,-0.031785,0.019906,OK
998,9.980000,15.541482,0.036001,-6.182624,-1.917044,-0.046049,0.949289,-0.031734,0.020266,OK
999,9.990000,15.539527,0.035611,-6.164306,-1.909729,-0.045874,0.945747,-0.031678,0.020622,OK
1000,10.000000,15.537565,0.035216,-6.145014,-1.902113,-0.045693,0.942054,-0.031617,0.020975,OK
1001,10.010000,15.535595,0.034814,-6.124755,-1.894197,-0.045504,0.938213,-0.031550,0.021323,OK
1002,10.020000,15.533619,0.034408,-6.103533,-1.885981,-0.045309,0.934223,-0.031478,0.021667,OK
1003,10.030000,15.531636,0.033996,-6.081350,-1.877468,-0.045106,0.930085,-0.031401,0.022007,OK
1004,10.040000,15.529645,0.033578,-6.058209,-1.868658,-0.044895,0.925800,-0.031318,0.022343,OK
1005,10.050000,15.527648,0.033155,-6.034114,-1.859553,-0.044678,0.921368,-0.031230,0.022674,OK
1006,10.060000,15.525645,0.032727,-6.009074,-1.850154,-0.044454,0.916790,-0.031137,0.023001,OK
1007,10.070000,15.523636,0.032293,-5.983087,-1.840464,-0.044223,0.912067,-0.031038,0.023324,OK
1008,10.080000,15.521620,0.031853,-5.956156,-1.830482,-0.043984,0.907200,-0.030934,0.023643,OK
1009,10.090000,15.519597,0.031409,-5.928286,-1.820212,-0.043739,0.902188,-0.030824,0.023957,OK
1010,10.100000,15.517569,0.030959,-5.899485,-1.809654,-0.043487,0.897034,-0.030709,0.024267,OK
1011,10.110000,15.515534,0.030504,-5.869758,-1.798811,-0.043228,0.891737,-0.030588,0.024572,OK
1012,10.120000,15.513494,0.030043,-5.839107,-1.787683,-0.042962,0.886298,-0.030462,0.024872,OK
1013,10.130000,15.511448,0.029577,-5.807538,-1.776273,-0.042689,0.880719,-0.030330,0.025168,OK
1014,10.140000,15.509396,0.029106,-5.775056,-1.764582,-0.042410,0.875000,-0.030193,0.025459,OK
1015,10.150000,15.507338,0.028631,-5.741666,-1.752613,-0.042123,0.869142,-0.030051,0.025745,OK
1016,10.160000,15.505275,0.028150,-5.707375,-1.740368,-0.041831,0.863146,-0.029903,0.026027,OK
1017,10.170000,15.503206,0.027664,-5.672187,-1.727847,-0.041531,0.857013,-0.029750,0.026303,OK
1018,10.180000,15.501132,0.027173,-5.636108,-1.715053,-0.041225,0.850743,-0.029592,0.026575,OK
1019,10.190000,15.499053,0.026678,-5.599144,-1.701989,-0.040912,0.844338,-0.029428,0.026842,OK
1020,10.200000,15.496968,0.026178,-5.561302,-1.688656,-0.040593,0.837798,-0.029259,0.027104,OK
1021,10.210000,15.494879,0.025674,-5.522586,-1.675056,-0.040268,0.831125,-0.029084,0.027360,OK
1022,10.220000,15.492784,0.025165,-5.483004,-1.661192,-0.039936,0.824319,-0.028905,0.027612,OK
1023,10.230000,15.490684,0.024652,-5.442562,-1.647065,-0.039598,0.817382,-0.028720,0.027858,OK
1024,10.240000,15.488580,0.024134,-5.401266,-1.632679,-0.039254,0.810314,-0.028530,0.028100,OK
1025,10.250000,15.486470,0.023612,-5.359123,-1.618034,-0.038903,0.803117,-0.028335,0.028336,OK
1026,10.260000,15.484356,0.023086,-5.316140,-1.603134,-0.038546,0.795791,-0.028135,0.028567,OK
1027,10.270000,15.482237,0.022557,-5.272324,-1.587981,-0.038183,0.788339,-0.027930,0.028792,OK
1028,10.280000,15.480113,0.022023,-5.227681,-1.572577,-0.037814,0.780760,-0.027720,0.029013,OK
1029,10.290000,15.477984,0.021486,-5.182219,-1.556925,-0.037439,0.773056,-0.027505,0.029227,OK
1030,10.300000,15.475851,0.020945,-5.135945,-1.541026,-0.037058,0.765228,-0.027285,0.029437,OK
1031,10.310000,15.473714,0.020400,-5.088866,-1.524885,-0.036672,0.757278,-0.027060,0.029641,OK
1032,10.320000,15.471572,0.019852,-5.040991,-1.508503,-0.036279,0.749206,-0.026831,0.029839,OK
1033,10.330000,15.469425,0.019300,-4.992326,-1.491882,-0.035881,0.741015,-0.026596,0.030032,OK
1034,10.340000,15.467274,0.018745,-4.942880,-1.475026,-0.035477,0.732704,-0.026357,0.030220,OK
1035,10.350000,15.465119,0.018186,-4.892660,-1.457937,-0.035067,0.724275,-0.026113,0.030402,OK
1036,10.360000,15.462959,0.017624,-4.841674,-1.440618,-0.034652,0.715731,-0.025864,0.030578,OK
1037,10.370000,15.460796,0.017059,-4.789931,-1.423071,-0.034232,0.707071,-0.025610,0.030749,OK
1038,10.380000,15.458627,0.016491,-4.737438,-1.405300,-0.033806,0.698297,-0.025352,0.030913,OK
1039,10.390000,15.456455,0.015920,-4.684204,-1.387307,-0.033374,0.689411,-0.025089,0.031073,OK
1040,10.400000,15.454279,0.015346,-4.630238,-1.369094,-0.032938,0.680414,-0.024821,0.031226,OK
1041,10.410000,15.452098,0.014769,-4.575547,-1.350666,-0.032496,0.671308,-0.024549,0.031374,OK
1042,10.420000,15.449913,0.014190,-4.520141,-1.332024,-0.032049,0.662093,-0.024272,0.031516,OK
1043,10.430000,15.447724,0.013607,-4.464029,-1.313172,-0.031596,0.652771,-0.023990,0.031652,OK
1044,10.440000,15.445531,0.013022,-4.407218,-1.294112,-0.031139,0.643344,-0.023704,0.031782,OK
1045,10.450000,15.443334,0.012435,-4.349719,-1.274848,-0.030677,0.633814,-0.023414,0.031906,OK
1046,10.460000,15.441133,0.011844,-4.291541,-1.255383,-0.030210,0.624180,-0.023119,0.032025,OK
1047,10.470000,15.438928,0.011252,-4.232692,-1.235719,-0.029739,0.614446,-0.022820,0.032137,OK
1048,10.480000,15.436719,0.010657,-4.173182,-1.215861,-0.029262,0.604612,-0.022516,0.032244,OK
1049,10.490000,15.434506,0.010060,-4.113020,-1.195810,-0.028781,0.594680,-0.022209,0.032345,OK
1050,10.500000,15.432289,0.009462,-4.052217,-1.175571,-0.028296,0.584652,-0.021896,0.032439,OK
1051,10.510000,15.430068,0.008861,-3.990781,-1.155145,-0.027805,0.574529,-0.021580,0.032528,OK
1052,10.520000,15.427843,0.008258,-3.928722,-1.134538,-0.027311,0.564313,-0.021260,0.032610,OK
1053,10.530000,15.425615,0.007653,-3.866051,-1.113751,-0.026812,0.554004,-0.020935,0.032687,OK
1054,10.540000,15.423382,0.007047,-3.802777,-1.092789,-0.026309,0.543606,-0.020607,0.032757,OK
1055,10.550000,15.421145,0.006439,-3.738910,-1.071654,-0.025802,0.533119,-0.020274,0.032822,OK
1056,10.560000,15.418905,0.005830,-3.674460,-1.050349,-0.025290,0.522545,-0.019938,0.032880,OK
1057,10.570000,15.416660,0.005220,-3.609438,-1.028879,-0.024775,0.511886,-0.019598,0.032932,OK
1058,10.580000,15.414412,0.004608,-3.543854,-1.007246,-0.024256,0.501142,-0.019254,0.032978,OK
1059,10.590000,15.412160,0.003995,-3.477718,-0.985455,-0.023733,0.490317,-0.018906,0.033018,OK
1060,10.600000,15.409904,0.003381,-3.411041,-0.963507,-0.023206,0.479412,-0.018555,0.033052,OK
1061,10.610000,15.407644,0.002766,-3.343833,-0.941408,-0.022675,0.468427,-0.018200,0.033080,OK
1062,10.620000,15.405380,0.002151,-3.276105,-0.919160,-0.022141,0.457366,-0.017841,0.033101,OK
1063,10.630000,15.403113,0.001535,-3.207869,-0.896766,-0.021603,0.446229,-0.017479,0.033117,OK
1064,10.640000,15.400841,0.000918,-3.139134,-0.874232,-0.021062,0.435019,-0.017114,0.033126,OK
1065,10.650000,15.398566,0.000300,-3.069911,-0.851559,-0.020518,0.423737,-0.016745,0.033129,OK
1066,10.660000,15.396286,-0.000317,-3.000212,-0.828751,-0.019970,0.412385,-0.016372,0.033126,OK
1067,10.670000,15.394003,-0.000935,-2.930048,-0.805813,-0.019419,0.400964,-0.015997,0.033116,OK
1068,10.680000,15.391716,-0.001553,-2.859430,-0.782747,-0.018865,0.389477,-0.015618,0.033101,OK
1069,10.690000,15.389425,-0.002171,-2.788369,-0.759558,-0.018308,0.377925,-0.015237,0.033079,OK
1070,10.700000,15.387130,-0.002789,-2.716876,-0.736249,-0.017748,0.366310,-0.014852,0.033051,OK
1071,10.710000,15.384832,-0.003407,-2.644962,-0.712824,-0.017185,0.354633,-0.014464,0.033017,OK
1072,10.720000,15.382529,-0.004025,-2.572640,-0.689286,-0.016620,0.342897,-0.014074,0.032977,OK
1073,10.730000,15.380223,-0.004642,-2.499920,-0.665639,-0.016052,0.331104,-0.013680,0.032930,OK
1074,10.740000,15.377912,-0.005259,-2.426815,-0.641887,-0.015481,0.319255,-0.013284,0.032878,OK
1075,10.750000,15.375598,-0.005875,-2.353335,-0.618034,-0.014908,0.307352,-0.012885,0.032819,OK
1076,10.760000,15.373280,-0.006490,-2.279492,-0.594083,-0.014333,0.295397,-0.012483,0.032754,OK
1077,10.770000,15.370958,-0.007105,-2.205298,-0.570039,-0.013755,0.283391,-0.012079,0.032683,OK
1078,10.780000,15.368632,-0.007719,-2.130764,-0.545904,-0.013175,0.271337,-0.011672,0.032606,OK
1079,10.790000,15.366302,-0.008331,-2.055904,-0.521683,-0.012593,0.259237,-0.011262,0.032523,OK
1080,10.800000,15.363968,-0.008943,-1.980727,-0.497380,-0.012009,0.247092,-0.010851,0.032433,OK
1081,10.810000,15.361630,-0.009553,-1.905246,-0.472998,-0.011423,0.234904,-0.010437,0.032338,OK
1082,10.820000,15.359288,-0.010162,-1.829474,-0.448542,-0.010836,0.222675,-0.010021,0.032236,OK
1083,10.830000,15.356942,-0.010770,-1.753422,-0.424014,-0.010246,0.210408,-0.009602,0.032128,OK
1084,10.840000,15.354593,-0.011376,-1.677102,-0.399420,-0.009655,0.198103,-0.009182,0.032015,OK
1085,10.850000,15.352239,-0.011980,-1.600527,-0.374763,-0.009062,0.185764,-0.008759,0.031895,OK
1086,10.860000,15.349881,-0.012583,-1.523710,-0.350046,-0.008468,0.173391,-0.008334,0.031769,OK
1087,10.870000,15.347520,-0.013185,-1.446662,-0.325274,-0.007873,0.160987,-0.007908,0.031637,OK
1088,10.880000,15.345154,-0.013784,-1.369397,-0.300451,-0.007276,0.148554,-0.007479,0.031499,OK
1089,10.890000,15.342785,-0.014382,-1.291927,-0.275581,-0.006678,0.136094,-0.007048,0.031355,OK
1090,10.900000,15.340411,-0.014979,-1.214264,-0.250666,-0.006079,0.123609,-0.006616,0.031206,OK
1091,10.910000,15.338034,-0.015573,-1.136421,-0.225713,-0.005480,0.111101,-0.006181,0.031050,OK
1092,10.920000,15.335652,-0.016166,-1.058411,-0.200723,-0.004879,0.098571,-0.005745,0.030888,OK
1093,10.930000,15.333266,-0.016756,-0.980247,-0.175702,-0.004277,0.086022,-0.005307,0.030721,OK
1094,10.940000,15.330877,-0.017344,-0.901940,-0.150654,-0.003675,0.073455,-0.004867,0.030547,OK
1095,10.950000,15.328483,-0.017930,-0.823503,-0.125581,-0.003072,0.060873,-0.004426,0.030368,OK
1096,10.960000,15.326086,-0.018514,-0.744949,-0.100489,-0.002469,0.048278,-0.003983,0.030183,OK
1097,10.970000,15.323684,-0.019095,-0.666291,-0.075380,-0.001865,0.035671,-0.003539,0.029992,OK
1098,10.980000,15.321278,-0.019673,-0.587542,-0.050260,-0.001261,0.023054,-0.003094,0.029795,OK
1099,10.990000,15.318869,-0.020248,-0.508713,-0.025132,-0.000656,0.010430,-0.002647,0.029593,OK
1100,11.000000,15.316455,-0.020820,-0.429817,-0.000000,-0.000052,-0.002200,-0.002200,0.029384,OK
1101,11.010000,15.314037,-0.021389,-0.350868,0.025132,0.000552,-0.014834,-0.001752,0.029170,OK
1102,11.020000,15.311615,-0.021955,-0.271877,0.050260,0.001157,-0.027469,-0.001303,0.028951,OK
1103,11.030000,15.309190,-0.022517,-0.192857,0.075380,0.001761,-0.040105,-0.000853,0.028726,OK
1104,11.040000,15.306760,-0.023076,-0.113822,0.100489,0.002365,-0.052738,-0.000402,0.028495,OK
1105,11.050000,15.304326,-0.023631,-0.034783,0.125581,0.002969,-0.065367,0.000049,0.028259,OK
1106,11.060000,15.301888,-0.024183,0.044247,0.150654,0.003572,-0.077990,0.000501,0.028017,OK
1107,11.070000,15.299446,-0.024730,0.123255,0.175702,0.004174,-0.090604,0.000954,0.027770,OK
1108,11.080000,15.297001,-0.025274,0.202229,0.200723,0.004776,-0.103209,0.001406,0.027517,OK
1109,11.090000,15.294551,-0.025814,0.281156,0.225713,0.005377,-0.115802,0.001859,0.027259,OK
1110,11.100000,15.292097,-0.026350,0.360023,0.250666,0.005978,-0.128380,0.002312,0.026995,OK
1111,11.110000,15.289639,-0.026882,0.438818,0.275581,0.006577,-0.140943,0.002766,0.026726,OK
1112,11.120000,15.287178,-0.027410,0.517528,0.300451,0.007176,-0.153487,0.003220,0.026452,OK
1113,11.130000,15.284712,-0.027933,0.596141,0.325274,0.007773,-0.166011,0.003674,0.026173,OK
1114,11.140000,15.282243,-0.028453,0.674645,0.350046,0.008369,-0.178513,0.004128,0.025888,OK
1115,11.150000,15.279769,-0.028968,0.753026,0.374763,0.008964,-0.190991,0.004581,0.025599,OK
1116,11.160000,15.277292,-0.029479,0.831272,0.399420,0.009557,-0.203443,0.005035,0.025304,OK
1117,11.170000,15.274810,-0.029986,0.909370,0.424014,0.010149,-0.215867,0.005489,0.025004,OK
1118,11.180000,15.272325,-0.030488,0.987309,0.448542,0.010739,-0.228261,0.005943,0.024699,OK
1119,11.190000,15.269836,-0.030986,1.065076,0.472998,0.011328,-0.240622,0.006397,0.024389,OK
1120,11.200000,15.267343,-0.031479,1.142658,0.497380,0.011915,-0.252950,0.006850,0.024075,OK
1121,11.210000,15.264846,-0.031968,1.220043,0.521683,0.012500,-0.265242,0.007303,0.023755,OK
1122,11.220000,15.262346,-0.032452,1.297218,0.545904,0.013083,-0.277495,0.007756,0.023430,OK
1123,11.230000,15.259842,-0.032932,1.374172,0.570039,0.013664,-0.289709,0.008209,0.023101,OK
1124,11.240000,15.257333,-0.033407,1.450891,0.594083,0.014243,-0.301881,0.008660,0.022767,OK
1125,11.250000,15.254822,-0.033877,1.527364,0.618034,0.014819,-0.314009,0.009112,0.022428,OK
1126,11.260000,15.252306,-0.034342,1.603578,0.641887,0.015393,-0.326092,0.009563,0.022085,OK
1127,11.270000,15.249787,-0.034802,1.679521,0.665639,0.015965,-0.338127,0.010013,0.021737,OK
1128,11.280000,15.247264,-0.035257,1.755181,0.689286,0.016535,-0.350113,0.010462,0.021384,OK
1129,11.290000,15.244737,-0.035707,1.830545,0.712824,0.017101,-0.362047,0.010910,0.021027,OK
1130,11.300000,15.242207,-0.036151,1.905602,0.736249,0.017666,-0.373928,0.011358,0.020666,OK
1131,11.310000,15.239674,-0.036590,1.980340,0.759558,0.018227,-0.385753,0.011804,0.020300,OK
1132,11.320000,15.237136,-0.037024,2.054746,0.782747,0.018785,-0.397522,0.012250,0.019929,OK
1133,11.330000,15.234596,-0.037452,2.128808,0.805813,0.019341,-0.409232,0.012694,0.019555,OK
1134,11.340000,15.232051,-0.037874,2.202515,0.828751,0.019893,-0.420882,0.013136,0.019176,OK
1135,11.350000,15.229504,-0.038290,2.275855,0.851559,0.020443,-0.432468,0.013578,0.018793,OK
1136,11.360000,15.226953,-0.038701,2.348816,0.874232,0.020989,-0.443991,0.014017,0.018406,OK
1137,11.370000,15.224398,-0.039106,2.421388,0.896766,0.021532,-0.455447,0.014456,0.018015,OK
1138,11.380000,15.221840,-0.039505,2.493557,0.919160,0.022071,-0.466835,0.014893,0.017620,OK
1139,11.390000,15.219279,-0.039898,2.565314,0.941408,0.022607,-0.478153,0.015328,0.017221,OK
1140,11.400000,15.216715,-0.040285,2.636647,0.963507,0.023140,-0.489399,0.015762,0.016818,OK
1141,11.410000,15.214147,-0.040666,2.707544,0.985455,0.023668,-0.500572,0.016194,0.016412,OK
1142,11.420000,15.211577,-0.041041,2.777994,1.007246,0.024194,-0.511669,0.016624,0.016001,OK
1143,11.430000,15.209003,-0.041410,2.847986,1.028879,0.024715,-0.522689,0.017052,0.015587,OK
1144,11.440000,15.206426,-0.041773,2.917510,1.050349,0.025232,-0.533630,0.017479,0.015169,OK
1145,11.450000,15.203846,-0.042130,2.986553,1.071654,0.025746,-0.544490,0.017904,0.014748,OK
1146,11.460000,15.201262,-0.042481,3.055106,1.092789,0.026255,-0.555268,0.018327,0.014323,OK
1147,11.470000,15.198676,-0.042825,3.123157,1.113751,0.026760,-0.565961,0.018748,0.013895,OK
1148,11.480000,15.196087,-0.043164,3.190696,1.134538,0.027261,-0.576569,0.019166,0.013463,OK
1149,11.490000,15.193495,-0.043496,3.257712,1.155145,0.027758,-0.587088,0.019583,0.013029,OK
1150,11.500000,15.190901,-0.043821,3.324194,1.175571,0.028251,-0.597519,0.019998,0.012590,OK
1151,11.510000,15.188303,-0.044140,3.390133,1.195810,0.028739,-0.607858,0.020410,0.012149,OK
1152,11.520000,15.185703,-0.044453,3.455517,1.215861,0.029222,-0.618105,0.020820,0.011704,OK
1153,11.530000,15.183100,-0.044759,3.520336,1.235719,0.029701,-0.628257,0.021227,0.011257,OK
1154,11.540000,15.180494,-0.045059,3.584580,1.255383,0.030175,-0.638313,0.021632,0.010806,OK
1155,11.550000,15.177886,-0.045352,3.648240,1.274848,0.030645,-0.648272,0.022035,0.010353,OK
1156,11.560000,15.175275,-0.045638,3.711304,1.294112,0.031109,-0.658131,0.022435,0.009896,OK
1157,11.570000,15.172662,-0.045918,3.773764,1.313172,0.031569,-0.667890,0.022832,0.009437,OK
1158,11.580000,15.170046,-0.046191,3.835609,1.332024,0.032024,-0.677546,0.023227,0.008975,OK
1159,11.590000,15.167428,-0.046457,3.896830,1.350666,0.032474,-0.687098,0.023619,0.008511,OK
1160,11.600000,15.164808,-0.046716,3.957417,1.369094,0.032918,-0.696544,0.024008,0.008043,OK
1161,11.610000,15.162186,-0.046968,4.017360,1.387307,0.033358,-0.705884,0.024394,0.007574,OK
1162,11.620000,15.159561,-0.047214,4.076651,1.405300,0.033792,-0.715115,0.024777,0.007102,OK
1163,11.630000,15.156934,-0.047452,4.135280,1.423071,0.034221,-0.724235,0.025158,0.006627,OK
1164,11.640000,15.154305,-0.047684,4.193238,1.440618,0.034644,-0.733244,0.025535,0.006150,OK
1165,11.650000,15.151674,-0.047908,4.250516,1.457937,0.035063,-0.742140,0.025909,0.005671,OK
1166,11.660000,15.149041,-0.048126,4.307105,1.475026,0.035475,-0.750922,0.026280,0.005190,OK
1167,11.670000,15.146406,-0.048336,4.362996,1.491882,0.035882,-0.759587,0.026648,0.004707,OK
1168,11.680000,15.143770,-0.048539,4.418181,1.508503,0.036283,-0.768136,0.027013,0.004221,OK
1169,11.690000,15.141131,-0.048735,4.472651,1.524885,0.036679,-0.776565,0.027374,0.003734,OK
1170,11.700000,15.138491,-0.048924,4.526397,1.541026,0.037069,-0.784874,0.027732,0.003245,OK
1171,11.710000,15.135849,-0.049105,4.579412,1.556925,0.037453,-0.793062,0.028086,0.002754,OK
1172,11.720000,15.133206,-0.049280,4.631687,1.572577,0.037831,-0.801126,0.028437,0.002261,OK
1173,11.730000,15.130561,-0.049447,4.683215,1.587981,0.038203,-0.809067,0.028785,0.001766,OK
1174,11.740000,15.127914,-0.049607,4.733986,1.603134,0.038570,-0.816882,0.029129,0.001270,OK
1175,11.750000,15.125266,-0.049759,4.783994,1.618034,0.038930,-0.824570,0.029469,0.000773,OK
1176,11.760000,15.122617,-0.049904,4.833231,1.632679,0.039284,-0.832130,0.029806,0.000274,OK
1177,11.770000,15.119966,-0.050042,4.881688,1.647065,0.039631,-0.839561,0.030139,-0.000227,OK
1178,11.780000,15.117315,-0.050172,4.929360,1.661192,0.039973,-0.846862,0.030468,-0.000729,OK
1179,11.790000,15.114662,-0.050295,4.976238,1.675056,0.040308,-0.854030,0.030793,-0.001232,OK
1180,11.800000,15.112008,-0.050411,5.022315,1.688656,0.040637,-0.861066,0.031114,-0.001736,OK
1181,11.810000,15.109353,-0.050519,5.067585,1.701989,0.040960,-0.867967,0.031432,-0.002241,OK
1182,11.820000,15.106697,-0.050619,5.112040,1.715053,0.041276,-0.874733,0.031745,-0.002747,OK
1183,11.830000,15.104040,-0.050712,5.155674,1.727847,0.041586,-0.881363,0.032054,-0.003254,OK
1184,11.840000,15.101382,-0.050798,5.198480,1.740368,0.041889,-0.887855,0.032360,-0.003762,OK
1185,11.850000,15.098724,-0.050876,5.240451,1.752613,0.042185,-0.894209,0.032661,-0.004271,OK
1186,11.860000,15.096064,-0.050946,5.281582,1.764582,0.042475,-0.900423,0.032958,-0.004780,OK
1187,11.870000,15.093404,-0.051008,5.321865,1.776273,0.042758,-0.906497,0.033250,-0.005290,OK
1188,11.880000,15.090744,-0.051064,5.361296,1.787683,0.043035,-0.912428,0.033539,-0.005801,OK
1189,11.890000,15.088083,-0.051111,5.399867,1.798811,0.043304,-0.918217,0.033823,-0.006312,OK
1190,11.900000,15.085421,-0.051151,5.437573,1.809654,0.043567,-0.923863,0.034102,-0.006824,OK
1191,11.910000,15.082760,-0.051183,5.474409,1.820212,0.043823,-0.929364,0.034377,-0.007335,OK
1192,11.920000,15.080097,-0.051207,5.510369,1.830482,0.044072,-0.934719,0.034648,-0.007848,OK
1193,11.930000,15.077435,-0.051224,5.545447,1.840464,0.044314,-0.939928,0.034914,-0.008360,OK
1194,11.940000,15.074772,-0.051232,5.579638,1.850154,0.044549,-0.944990,0.035175,-0.008872,OK
1195,11.950000,15.072109,-0.051233,5.612938,1.859553,0.044778,-0.949903,0.035432,-0.009384,OK
1196,11.960000,15.069446,-0.051227,5.645341,1.868658,0.044999,-0.954668,0.035684,-0.009897,OK
1197,11.970000,15.066783,-0.051212,5.676842,1.877468,0.045213,-0.959282,0.035932,-0.010409,OK
1198,11.980000,15.064120,-0.051190,5.707437,1.885981,0.045420,-0.963746,0.036174,-0.010921,OK
1199,11.990000,15.061458,-0.051159,5.737121,1.894197,0.045619,-0.968059,0.036412,-0.011432,OK
1200,12.000000,15.058795,-0.051121,5.765889,1.902113,0.045812,-0.972220,0.036645,-0.011944,OK
1201,12.010000,15.056132,-0.051075,5.793739,1.909729,0.045997,-0.976228,0.036872,-0.012454,OK
1202,12.020000,15.053470,-0.051022,5.820665,1.917044,0.046175,-0.980082,0.037095,-0.012964,OK
1203,12.030000,15.050808,-0.050960,5.846663,1.924055,0.046346,-0.983782,0.037313,-0.013474,OK
1204,12.040000,15.048147,-0.050890,5.871730,1.930763,0.046510,-0.987328,0.037526,-0.013983,OK
1205,12.050000,15.045486,-0.050813,5.895862,1.937166,0.046666,-0.990718,0.037733,-0.014491,OK
1206,12.060000,15.042825,-0.050728,5.919055,1.943263,0.046815,-0.993952,0.037936,-0.014998,OK
1207,12.070000,15.040165,-0.050634,5.941307,1.949054,0.046956,-0.997030,0.038133,-0.015505,OK
1208,12.080000,15.037505,-0.050533,5.962613,1.954536,0.047090,-0.999950,0.038325,-0.016010,OK
1209,12.090000,15.034847,-0.050424,5.982972,1.959710,0.047217,-1.002713,0.038512,-0.016514,OK
1210,12.100000,15.032188,-0.050307,6.002380,1.964575,0.047336,-1.005317,0.038693,-0.017017,OK
1211,12.110000,15.029531,-0.050183,6.020833,1.969129,0.047448,-1.007763,0.038869,-0.017519,OK
1212,12.120000,15.026874,-0.050050,6.038331,1.973372,0.047552,-1.010051,0.039040,-0.018020,OK
1213,12.130000,15.024219,-0.049909,6.054869,1.977303,0.047649,-1.012178,0.039205,-0.018519,OK
1214,12.140000,15.021564,-0.049761,6.070447,1.980923,0.047738,-1.014146,0.039365,-0.019016,OK
1215,12.150000,15.018910,-0.049604,6.085061,1.984229,0.047820,-1.015953,0.039519,-0.019512,OK
1216,12.160000,15.016257,-0.049440,6.098710,1.987223,0.047894,-1.017600,0.039667,-0.020007,OK
1217,12.170000,15.013605,-0.049268,6.111392,1.989902,0.047961,-1.019087,0.039810,-0.020500,OK
1218,12.180000,15.010954,-0.049087,6.123105,1.992267,0.048020,-1.020411,0.039948,-0.020990,OK
1219,12.190000,15.008305,-0.048900,6.133847,1.994318,0.048072,-1.021575,0.040079,-0.021479,OK
1220,12.200000,15.005656,-0.048704,6.143617,1.996053,0.048116,-1.022577,0.040206,-0.021966,OK
1221,12.210000,15.003009,-0.048501,6.152416,1.997474,0.048152,-1.023417,0.040326,-0.022451,OK
1222,12.220000,15.000363,-0.048290,6.160238,1.998579,0.048181,-1.024094,0.040441,-0.022934,OK
1223,12.230000,14.997718,-0.048071,6.167087,1.999368,0.048202,-1.024610,0.040550,-0.023415,OK
1224,12.240000,14.995075,-0.047844,6.172959,1.999842,0.048216,-1.024963,0.040653,-0.023893,OK
1225,12.250000,14.992433,-0.047610,6.177855,2.000000,0.048222,-1.025153,0.040751,-0.024370,OK
1226,12.260000,14.989792,-0.047368,6.181773,1.999842,0.048220,-1.025181,0.040843,-0.024843,OK
1227,12.270000,14.987153,-0.047119,6.184713,1.999368,0.048211,-1.025046,0.040928,-0.025314,OK
1228,12.280000,14.984515,-0.046861,6.186678,1.998579,0.048194,-1.024749,0.041008,-0.025783,OK
1229,12.290000,14.981879,-0.046596,6.187662,1.997474,0.048170,-1.024289,0.041082,-0.026249,OK
1230,12.300000,14.979244,-0.046323,6.187670,1.996053,0.048138,-1.023666,0.041150,-0.026712,OK
1231,12.310000,14.976611,-0.046041,6.186701,1.994318,0.048099,-1.022882,0.041211,-0.027173,OK
1232,12.320000,14.973980,-0.045751,6.184755,1.992267,0.048051,-1.021935,0.041266,-0.027630,OK
1233,12.330000,14.971350,-0.045453,6.181834,1.989902,0.047997,-1.020826,0.041314,-0.028085,OK
1234,12.340000,14.968722,-0.045147,6.177936,1.987223,0.047934,-1.019555,0.041357,-0.028536,OK
1235,12.350000,14.966095,-0.044834,6.173064,1.984229,0.047864,-1.018122,0.041393,-0.028985,OK
1236,12.360000,14.963470,-0.044513,6.167219,1.980923,0.047787,-1.016527,0.041422,-0.029430,OK
1237,12.370000,14.960847,-0.044184,6.160402,1.977303,0.047702,-1.014771,0.041446,-0.029871,OK
1238,12.380000,14.958225,-0.043848,6.152614,1.973372,0.047610,-1.012852,0.041464,-0.030310,OK
1239,12.390000,14.955606,-0.043505,6.143856,1.969129,0.047510,-1.010773,0.041475,-0.030745,OK
1240,12.400000,14.952988,-0.043154,6.134130,1.964575,0.047402,-1.008532,0.041481,-0.031177,OK
1241,12.410000,14.950371,-0.042796,6.123438,1.959710,0.047287,-1.006131,0.041480,-0.031605,OK
1242,12.420000,14.947757,-0.042431,6.111782,1.954536,0.047165,-1.003569,0.041473,-0.032029,OK
1243,12.430000,14.945145,-0.042059,6.099164,1.949054,0.047035,-1.000847,0.041460,-0.032449,OK
1244,12.440000,14.942534,-0.041680,6.085586,1.943263,0.046898,-0.997965,0.041441,-0.032866,OK
1245,12.450000,14.939925,-0.041294,6.071050,1.937166,0.046753,-0.994924,0.041416,-0.033279,OK
1246,12.460000,14.937318,-0.040901,6.055560,1.930763,0.046601,-0.991724,0.041385,-0.033688,OK
1247,12.470000,14.934713,-0.040501,6.039117,1.924055,0.046441,-0.988365,0.041347,-0.034093,OK
1248,12.480000,14.932109,-0.040094,6.021724,1.917044,0.046275,-0.984849,0.041304,-0.034494,OK
1249,12.490000,14.929508,-0.039680,6.003384,1.909729,0.046101,-0.981175,0.041254,-0.034891,OK
1250,12.500000,14.926908,-0.039260,5.984101,1.902113,0.045919,-0.977344,0.041198,-0.035284,OK
1251,12.510000,14.924310,-0.038832,5.963878,1.894197,0.045731,-0.973357,0.041135,-0.035672,OK
1252,12.520000,14.921715,-0.038398,5.942717,1.885981,0.045535,-0.969214,0.041067,-0.036056,OK
1253,12.530000,14.919121,-0.037957,5.920623,1.877468,0.045332,-0.964917,0.040992,-0.036435,OK
1254,12.540000,14.916528,-0.037509,5.897598,1.868658,0.045122,-0.960465,0.040911,-0.036810,OK
1255,12.550000,14.913938,-0.037054,5.873648,1.859553,0.044905,-0.955859,0.040823,-0.037181,OK
1256,12.560000,14.911350,-0.036593,5.848775,1.850154,0.044681,-0.951100,0.040729,-0.037547,OK
1257,12.570000,14.908763,-0.036124,5.822985,1.840464,0.044449,-0.946189,0.040629,-0.037908,OK
1258,12.580000,14.906179,-0.035649,5.796280,1.830482,0.044211,-0.941126,0.040522,-0.038265,OK
1259,12.590000,14.903596,-0.035168,5.768665,1.820212,0.043966,-0.935913,0.040409,-0.038616,OK
1260,12.600000,14.901015,-0.034680,5.740146,1.809654,0.043713,-0.930549,0.040290,-0.038963,OK
1261,12.610000,14.898436,-0.034185,5.710726,1.798811,0.043454,-0.925036,0.040164,-0.039305,OK
1262,12.620000,14.895858,-0.033684,5.680411,1.787683,0.043188,-0.919375,0.040032,-0.039642,OK
1263,12.630000,14.893283,-0.033177,5.649205,1.776273,0.042915,-0.913567,0.039893,-0.039974,OK
1264,12.640000,14.890709,-0.032664,5.617113,1.764582,0.042635,-0.907611,0.039748,-0.040300,OK
1265,12.650000,14.888137,-0.032144,5.584140,1.752613,0.042349,-0.901510,0.039597,-0.040622,OK
1266,12.660000,14.885566,-0.031618,5.550293,1.740368,0.042056,-0.895264,0.039440,-0.040938,OK
1267,12.670000,14.882998,-0.031086,5.515576,1.727847,0.041756,-0.888875,0.039276,-0.041249,OK
1268,12.680000,14.880431,-0.030549,5.479995,1.715053,0.041450,-0.882342,0.039106,-0.041554,OK
1269,12.690000,14.877866,-0.030005,5.443556,1.701989,0.041137,-0.875667,0.038930,-0.041854,OK
1270,12.700000,14.875302,-0.029456,5.406264,1.688656,0.040818,-0.868851,0.038748,-0.042149,OK
1271,12.710000,14.872740,-0.028902,5.368126,1.675056,0.040492,-0.861895,0.038560,-0.042438,OK
1272,12.720000,14.870180,-0.028342,5.329148,1.661192,0.040160,-0.854801,0.038366,-0.042721,OK
1273,12.730000,14.867621,-0.027776,5.289336,1.647065,0.039821,-0.847568,0.038165,-0.042999,OK
1274,12.740000,14.865064,-0.027205,5.248697,1.632679,0.039476,-0.840199,0.037959,-0.043271,OK
1275,12.750000,14.862508,-0.026629,5.207236,1.618034,0.039125,-0.832694,0.037746,-0.043537,OK
1276,12.760000,14.859954,-0.026048,5.164961,1.603134,0.038768,-0.825055,0.037528,-0.043798,OK
1277,12.770000,14.857401,-0.025462,5.121878,1.587981,0.038405,-0.817282,0.037304,-0.044053,OK
1278,12.780000,14.854850,-0.024871,5.077995,1.572577,0.038035,-0.809377,0.037073,-0.044301,OK
1279,12.790000,14.852300,-0.024276,5.033318,1.556925,0.037660,-0.801341,0.036837,-0.044544,OK
1280,12.800000,14.849752,-0.023675,4.987855,1.541026,0.037278,-0.793175,0.036595,-0.044781,OK
1281,12.810000,14.847205,-0.023070,4.941612,1.524885,0.036891,-0.784881,0.036348,-0.045011,OK
1282,12.820000,14.844659,-0.022460,4.894597,1.508503,0.036498,-0.776460,0.036094,-0.045236,OK
1283,12.830000,14.842114,-0.021846,4.846818,1.491882,0.036099,-0.767913,0.035835,-0.045455,OK
1284,12.840000,14.839571,-0.021228,4.798282,1.475026,0.035695,-0.759241,0.035570,-0.045667,OK
1285,12.850000,14.837028,-0.020605,4.748997,1.457937,0.035284,-0.750446,0.035300,-0.045873,OK
1286,12.860000,14.834487,-0.019978,4.698971,1.440618,0.034869,-0.741530,0.035023,-0.046073,OK
1287,12.870000,14.831947,-0.019347,4.648211,1.423071,0.034447,-0.732492,0.034741,-0.046266,OK
1288,12.880000,14.829409,-0.018712,4.596727,1.405300,0.034021,-0.723336,0.034454,-0.046453,OK
1289,12.890000,14.826871,-0.018073,4.544525,1.387307,0.033589,-0.714062,0.034161,-0.046634,OK
1290,12.900000,14.824334,-0.017431,4.491614,1.369094,0.033151,-0.704672,0.033863,-0.046808,OK
1291,12.910000,14.821798,-0.016784,4.438003,1.350666,0.032709,-0.695167,0.033559,-0.046976,OK
1292,12.920000,14.819263,-0.016134,4.383700,1.332024,0.032261,-0.685548,0.033249,-0.047137,OK
1293,12.930000,14.816729,-0.015481,4.328714,1.313172,0.031808,-0.675818,0.032934,-0.047292,OK
1294,12.940000,14.814195,-0.014824,4.273053,1.294112,0.031350,-0.665977,0.032614,-0.047440,OK
1295,12.950000,14.811663,-0.014163,4.216727,1.274848,0.030887,-0.656028,0.032289,-0.047582,OK
1296,12.960000,14.809131,-0.013500,4.159744,1.255383,0.030419,-0.645971,0.031958,-0.047717,OK
1297,12.970000,14.806600,-0.012833,4.102113,1.235719,0.029947,-0.635809,0.031623,-0.047845,OK
1298,12.980000,14.804070,-0.012163,4.043844,1.215861,0.029469,-0.625542,0.031282,-0.047967,OK
1299,12.990000,14.801540,-0.011491,3.984946,1.195810,0.028987,-0.615173,0.030936,-0.048082,OK
1300,13.000000,14.799011,-0.010816,3.925427,1.175571,0.028501,-0.604703,0.030585,-0.048190,OK
1301,13.010000,14.796483,-0.010138,3.865298,1.155145,0.028010,-0.594134,0.030229,-0.048292,OK
1302,13.020000,14.793955,-0.009458,3.804568,1.134538,0.027514,-0.583467,0.029868,-0.048386,OK
1303,13.030000,14.791428,-0.008775,3.743246,1.113751,0.027014,-0.572704,0.029502,-0.048474,OK
1304,13.040000,14.788901,-0.008090,3.681343,1.092789,0.026510,-0.561846,0.029131,-0.048555,OK
1305,13.050000,14.786374,-0.007403,3.618869,1.071654,0.026002,-0.550896,0.028756,-0.048629,OK
1306,13.060000,14.783848,-0.006714,3.555832,1.050349,0.025490,-0.539855,0.028376,-0.048696,OK
1307,13.070000,14.781322,-0.006023,3.492243,1.028879,0.024973,-0.528724,0.027992,-0.048756,OK
1308,13.080000,14.778797,-0.005330,3.428113,1.007246,0.024453,-0.517506,0.027603,-0.048809,OK
1309,13.090000,14.776271,-0.004635,3.363451,0.985455,0.023929,-0.506202,0.027209,-0.048856,OK
1310,13.100000,14.773746,-0.003939,3.298268,0.963507,0.023401,-0.494814,0.026811,-0.048895,OK
1311,13.110000,14.771221,-0.003242,3.232574,0.941408,0.022869,-0.483343,0.026409,-0.048928,OK
1312,13.120000,14.768696,-0.002543,3.166379,0.919160,0.022334,-0.471792,0.026002,-0.048953,OK
1313,13.130000,14.766171,-0.001843,3.099695,0.896766,0.021795,-0.460163,0.025592,-0.048971,OK
1314,13.140000,14.763647,-0.001142,3.032531,0.874232,0.021253,-0.448456,0.025177,-0.048983,OK
1315,13.150000,14.761122,-0.000440,2.964898,0.851559,0.020707,-0.436674,0.024758,-0.048987,OK
1316,13.160000,14.758597,0.000263,2.896807,0.828751,0.020158,-0.424819,0.024335,-0.048985,OK
1317,13.170000,14.756072,0.000966,2.828269,0.805813,0.019606,-0.412893,0.023908,-0.048975,OK
1318,13.180000,14.753547,0.001670,2.759294,0.782747,0.019051,-0.400897,0.023477,-0.048958,OK
1319,13.190000,14.751021,0.002375,2.689894,0.759558,0.018492,-0.388833,0.023042,-0.048935,OK
1320,13.200000,14.748496,0.003080,2.620080,0.736249,0.017931,-0.376703,0.022604,-0.048904,OK
1321,13.210000,14.745970,0.003785,2.549862,0.712824,0.017367,-0.364510,0.022162,-0.048866,OK
1322,13.220000,14.743444,0.004490,2.479252,0.689286,0.016801,-0.352254,0.021717,-0.048821,OK
1323,13.230000,14.740917,0.005195,2.408261,0.665639,0.016231,-0.339939,0.021267,-0.048769,OK
1324,13.240000,14.738390,0.005900,2.336900,0.641887,0.015659,-0.327565,0.020815,-0.048710,OK
1325,13.250000,14.735863,0.006605,2.265180,0.618034,0.015085,-0.315135,0.020359,-0.048644,OK
1326,13.260000,14.733335,0.007309,2.193114,0.594083,0.014508,-0.302650,0.019900,-0.048571,OK
1327,13.270000,14.730807,0.008013,2.120711,0.570039,0.013929,-0.290113,0.019437,-0.048491,OK
1328,13.280000,14.728278,0.008717,2.047984,0.545904,0.013348,-0.277526,0.018972,-0.048404,OK
1329,13.290000,14.725749,0.009419,1.974944,0.521683,0.012764,-0.264890,0.018503,-0.048309,OK
1330,13.300000,14.723219,0.010121,1.901603,0.497380,0.012179,-0.252208,0.018032,-0.048208,OK
1331,13.310000,14.720689,0.010821,1.827972,0.472998,0.011592,-0.239481,0.017557,-0.048100,OK
1332,13.320000,14.718158,0.011521,1.754063,0.448542,0.011002,-0.226712,0.017080,-0.047985,OK
1333,13.330000,14.715626,0.012219,1.679888,0.424014,0.010411,-0.213902,0.016600,-0.047863,OK
1334,13.340000,14.713094,0.012916,1.605459,0.399420,0.009819,-0.201054,0.016117,-0.047733,OK
1335,13.350000,14.710560,0.013612,1.530788,0.374763,0.009225,-0.188170,0.015632,-0.047597,OK
1336,13.360000,14.708026,0.014306,1.455886,0.350046,0.008629,-0.175251,0.015143,-0.047454,OK
1337,13.370000,14.705492,0.014999,1.380768,0.325274,0.008032,-0.162299,0.014653,-0.047304,OK
1338,13.380000,14.702956,0.015690,1.305443,0.300451,0.007434,-0.149318,0.014159,-0.047147,OK
1339,13.390000,14.700420,0.016380,1.229925,0.275581,0.006835,-0.136309,0.013664,-0.046984,OK
1340,13.400000,14.697883,0.017068,1.154226,0.250666,0.006234,-0.123273,0.013165,-0.046813,OK
1341,13.410000,14.695345,0.017755,1.078358,0.225713,0.005633,-0.110213,0.012665,-0.046635,OK
1342,13.420000,14.692806,0.018439,1.002333,0.200723,0.005030,-0.097131,0.012162,-0.046451,OK
1343,13.430000,14.690266,0.019122,0.926164,0.175702,0.004427,-0.084030,0.011657,-0.046260,OK
1344,13.440000,14.687725,0.019802,0.849862,0.150654,0.003823,-0.070910,0.011150,-0.046062,OK
1345,13.450000,14.685183,0.020480,0.773440,0.125581,0.003219,-0.057775,0.010641,-0.045857,OK
1346,13.460000,14.682641,0.021155,0.696910,0.100489,0.002614,-0.044626,0.010130,-0.045645,OK
1347,13.470000,14.680097,0.021828,0.620285,0.075380,0.002008,-0.031465,0.009617,-0.045427,OK
1348,13.480000,14.677553,0.022498,0.543576,0.050260,0.001403,-0.018294,0.009102,-0.045202,OK
1349,13.490000,14.675007,0.023165,0.466796,0.025132,0.000797,-0.005115,0.008586,-0.044970,OK
1350,13.500000,14.672461,0.023829,0.389957,0.000000,0.000191,0.008069,0.008069,-0.044732,OK
1351,13.510000,14.669913,0.024489,0.313072,-0.025132,-0.000415,0.021257,0.007550,-0.044487,OK
1352,13.520000,14.667365,0.025146,0.236152,-0.050260,-0.001022,0.034446,0.007030,-0.044236,OK
1353,13.530000,14.664815,0.025800,0.159210,-0.075380,-0.001627,0.047634,0.006509,-0.043978,OK
1354,13.540000,14.662265,0.026450,0.082259,-0.100489,-0.002233,0.060820,0.005987,-0.043713,OK
1355,13.550000,14.659714,0.027096,0.005310,-0.125581,-0.002838,0.074002,0.005463,-0.043442,OK
1356,13.560000,14.657162,0.027739,-0.071625,-0.150654,-0.003443,0.087176,0.004939,-0.043165,OK
1357,13.570000,14.654608,0.028377,-0.148532,-0.175702,-0.004047,0.100342,0.004414,-0.042881,OK
1358,13.580000,14.652054,0.029012,-0.225401,-0.200723,-0.004651,0.113497,0.003888,-0.042591,OK
1359,13.590000,14.649499,0.029642,-0.302218,-0.225713,-0.005254,0.126638,0.003362,-0.042295,OK
1360,13.600000,14.646943,0.030268,-0.378971,-0.250666,-0.005856,0.139764,0.002835,-0.041992,OK
1361,13.610000,14.644386,0.030890,-0.455648,-0.275581,-0.006457,0.152874,0.002307,-0.041683,OK
1362,13.620000,14.641829,0.031508,-0.532238,-0.300451,-0.007057,0.165963,0.001779,-0.041368,OK
1363,13.630000,14.639270,0.032121,-0.608727,-0.325274,-0.007657,0.179032,0.001251,-0.041047,OK
1364,13.640000,14.636711,0.032730,-0.685104,-0.350046,-0.008254,0.192076,0.000722,-0.040719,OK
1365,13.650000,14.634151,0.033334,-0.761356,-0.374763,-0.008851,0.205095,0.000192,-0.040386,OK
1366,13.660000,14.631590,0.033934,-0.837471,-0.399420,-0.009446,0.218087,-0.000337,-0.040047,OK
1367,13.670000,14.629028,0.034529,-0.913438,-0.424014,-0.010040,0.231048,-0.000867,-0.039701,OK
1368,13.680000,14.626466,0.035120,-0.989244,-0.448542,-0.010632,0.243978,-0.001397,-0.039350,OK
1369,13.690000,14.623903,0.035705,-1.064877,-0.472998,-0.011222,0.256873,-0.001927,-0.038993,OK
1370,13.700000,14.621339,0.036286,-1.140324,-0.497380,-0.011811,0.269733,-0.002456,-0.038630,OK
1371,13.710000,14.618775,0.036862,-1.215575,-0.521683,-0.012398,0.282554,-0.002986,-0.038262,OK
1372,13.720000,14.616210,0.037433,-1.290617,-0.545904,-0.012983,0.295336,-0.003516,-0.037887,OK
1373,13.730000,14.613645,0.037999,-1.365437,-0.570039,-0.013565,0.308075,-0.004046,-0.037507,OK
1374,13.740000,14.611079,0.038560,-1.440024,-0.594083,-0.014146,0.320770,-0.004575,-0.037122,OK
1375,13.750000,14.608513,0.039115,-1.514367,-0.618034,-0.014724,0.333418,-0.005104,-0.036731,OK
1376,13.760000,14.605946,0.039665,-1.588453,-0.641887,-0.015301,0.346019,-0.005632,-0.036334,OK
1377,13.770000,14.603379,0.040210,-1.662270,-0.665639,-0.015874,0.358569,-0.006160,-0.035932,OK
1378,13.780000,14.600812,0.040749,-1.735806,-0.689286,-0.016445,0.371067,-0.006687,-0.035524,OK
1379,13.790000,14.598245,0.041282,-1.809050,-0.712824,-0.017014,0.383510,-0.007213,-0.035112,OK
1380,13.800000,14.595677,0.041809,-1.881991,-0.736249,-0.017580,0.395898,-0.007739,-0.034694,OK
1381,13.810000,14.593110,0.042331,-1.954615,-0.759558,-0.018143,0.408227,-0.008263,-0.034270,OK
1382,13.820000,14.590542,0.042846,-2.026913,-0.782747,-0.018704,0.420496,-0.008787,-0.033842,OK
1383,13.830000,14.587975,0.043356,-2.098871,-0.805813,-0.019261,0.432703,-0.009309,-0.033408,OK
1384,13.840000,14.585408,0.043859,-2.170479,-0.828751,-0.019815,0.444846,-0.009830,-0.032970,OK
1385,13.850000,14.582841,0.044355,-2.241725,-0.851559,-0.020366,0.456923,-0.010350,-0.032526,OK
1386,13.860000,14.580274,0.044845,-2.312598,-0.874232,-0.020914,0.468932,-0.010868,-0.032078,OK
1387,13.870000,14.577708,0.045329,-2.383087,-0.896766,-0.021459,0.480872,-0.011385,-0.031624,OK
1388,13.880000,14.575142,0.045806,-2.453181,-0.919160,-0.022000,0.492739,-0.011901,-0.031166,OK
1389,13.890000,14.572577,0.046277,-2.522869,-0.941408,-0.022538,0.504533,-0.012414,-0.030703,OK
1390,13.900000,14.570012,0.046741,-2.592139,-0.963507,-0.023073,0.516251,-0.012926,-0.030236,OK
1391,13.910000,14.567448,0.047198,-2.660981,-0.985455,-0.023603,0.527892,-0.013437,-0.029764,OK
1392,13.920000,14.564885,0.047649,-2.729385,-1.007246,-0.024130,0.539453,-0.013945,-0.029288,OK
1393,13.930000,14.562322,0.048093,-2.797339,-1.028879,-0.024653,0.550933,-0.014452,-0.028807,OK
1394,13.940000,14.559761,0.048530,-2.864833,-1.050349,-0.025173,0.562330,-0.014957,-0.028321,OK
1395,13.950000,14.557200,0.048960,-2.931856,-1.071654,-0.025688,0.573641,-0.015460,-0.027832,OK
1396,13.960000,14.554641,0.049384,-2.998398,-1.092789,-0.026199,0.584866,-0.015961,-0.027338,OK
1397,13.970000,14.552083,0.049800,-3.064447,-1.113751,-0.026706,0.596002,-0.016460,-0.026840,OK
1398,13.980000,14.549527,0.050210,-3.129995,-1.134538,-0.027209,0.607048,-0.016957,-0.026338,OK
1399,13.990000,14.546971,0.050612,-3.195030,-1.155145,-0.027708,0.618001,-0.017451,-0.025832,OK
1400,14.000000,14.544418,0.051007,-3.259543,-1.175571,-0.028202,0.628860,-0.017944,-0.025322,OK
1401,14.010000,14.541866,0.051395,-3.323522,-1.195810,-0.028692,0.639623,-0.018433,-0.024808,OK
1402,14.020000,14.539316,0.051776,-3.386959,-1.215861,-0.029177,0.650289,-0.018921,-0.024290,OK
1403,14.030000,14.536768,0.052149,-3.449843,-1.235719,-0.029658,0.660856,-0.019405,-0.023768,OK
1404,14.040000,14.534221,0.052515,-3.512165,-1.255383,-0.030134,0.671321,-0.019887,-0.023243,OK
1405,14.050000,14.531677,0.052873,-3.573914,-1.274848,-0.030605,0.681684,-0.020367,-0.022715,OK
1406,14.060000,14.529136,0.053224,-3.635081,-1.294112,-0.031072,0.691942,-0.020843,-0.022182,OK
1407,14.070000,14.526596,0.053567,-3.695657,-1.313172,-0.031533,0.702094,-0.021317,-0.021647,OK
1408,14.080000,14.524059,0.053903,-3.755631,-1.332024,-0.031990,0.712139,-0.021788,-0.021108,OK
1409,14.090000,14.521525,0.054230,-3.814996,-1.350666,-0.032441,0.722074,-0.022256,-0.020565,OK
1410,14.100000,14.518994,0.054550,-3.873741,-1.369094,-0.032888,0.731898,-0.022720,-0.020020,OK
1411,14.110000,14.516465,0.054862,-3.931857,-1.387307,-0.033329,0.741610,-0.023182,-0.019471,OK
1412,14.120000,14.513940,0.055166,-3.989336,-1.405300,-0.033765,0.751207,-0.023640,-0.018920,OK
1413,14.130000,14.511417,0.055462,-4.046168,-1.423071,-0.034196,0.760689,-0.024095,-0.018365,OK
1414,14.140000,14.508898,0.055750,-4.102344,-1.440618,-0.034621,0.770053,-0.024547,-0.017807,OK
1415,14.150000,14.506382,0.056030,-4.157857,-1.457937,-0.035041,0.779299,-0.024995,-0.017247,OK
1416,14.160000,14.503870,0.056302,-4.212696,-1.475026,-0.035455,0.788424,-0.025439,-0.016684,OK
1417,14.170000,14.501362,0.056566,-4.266855,-1.491882,-0.035864,0.797427,-0.025880,-0.016118,OK
1418,14.180000,14.498857,0.056821,-4.320324,-1.508503,-0.036267,0.806307,-0.026318,-0.015550,OK
1419,14.190000,14.496357,0.057069,-4.373096,-1.524885,-0.036664,0.815062,-0.026751,-0.014980,OK
1420,14.200000,14.493860,0.057308,-4.425162,-1.541026,-0.037056,0.823691,-0.027181,-0.014406,OK
1421,14.210000,14.491368,0.057538,-4.476514,-1.556925,-0.037442,0.832192,-0.027608,-0.013831,OK
1422,14.220000,14.488881,0.057761,-4.527144,-1.572577,-0.037822,0.840564,-0.028030,-0.013253,OK
1423,14.230000,14.486398,0.057975,-4.577045,-1.587981,-0.038195,0.848805,-0.028448,-0.012674,OK
1424,14.240000,14.483919,0.058180,-4.626209,-1.603134,-0.038563,0.856914,-0.028862,-0.012092,OK
1425,14.250000,14.481446,0.058377,-4.674629,-1.618034,-0.038925,0.864891,-0.029272,-0.011508,OK
1426,14.260000,14.478978,0.058566,-4.722297,-1.632679,-0.039281,0.872732,-0.029678,-0.010922,OK
1427,14.270000,14.476515,0.058746,-4.769206,-1.647065,-0.039630,0.880438,-0.030080,-0.010335,OK
1428,14.280000,14.474057,0.058918,-4.815348,-1.661192,-0.039973,0.888007,-0.030478,-0.009746,OK
1429,14.290000,14.471605,0.059081,-4.860718,-1.675056,-0.040310,0.895437,-0.030871,-0.009155,OK
1430,14.300000,14.469158,0.059235,-4.905307,-1.688656,-0.040641,0.902727,-0.031260,-0.008563,OK
1431,14.310000,14.466718,0.059381,-4.949110,-1.701989,-0.040965,0.909877,-0.031644,-0.007969,OK
1432,14.320000,14.464283,0.059518,-4.992119,-1.715053,-0.041283,0.916885,-0.032024,-0.007374,OK
1433,14.330000,14.461855,0.059646,-5.034328,-1.727847,-0.041594,0.923749,-0.032399,-0.006777,OK
1434,14.340000,14.459433,0.059766,-5.075731,-1.740368,-0.041898,0.930469,-0.032770,-0.006180,OK
1435,14.350000,14.457017,0.059876,-5.116322,-1.752613,-0.042196,0.937043,-0.033135,-0.005581,OK
1436,14.360000,14.454609,0.059978,-5.156094,-1.764582,-0.042488,0.943471,-0.033497,-0.004981,OK
1437,14.370000,14.452207,0.060071,-5.195041,-1.776273,-0.042772,0.949751,-0.033853,-0.004380,OK
1438,14.380000,14.449812,0.060156,-5.233158,-1.787683,-0.043050,0.955882,-0.034204,-0.003779,OK
1439,14.390000,14.447424,0.060231,-5.270440,-1.798811,-0.043321,0.961864,-0.034550,-0.003176,OK
1440,14.400000,14.445044,0.060297,-5.306879,-1.809654,-0.043586,0.967695,-0.034892,-0.002573,OK
1441,14.410000,14.442671,0.060355,-5.342472,-1.820212,-0.043843,0.973373,-0.035228,-0.001970,OK
1442,14.420000,14.440306,0.060403,-5.377213,-1.830482,-0.044094,0.978899,-0.035559,-0.001366,OK
1443,14.430000,14.437949,0.060443,-5.411096,-1.840464,-0.044337,0.984272,-0.035885,-0.000761,OK
1444,14.440000,14.435600,0.060473,-5.444116,-1.850154,-0.044574,0.989490,-0.036205,-0.000157,OK
1445,14.450000,14.433260,0.060494,-5.476270,-1.859553,-0.044803,0.994552,-0.036521,0.000448,OK
1446,14.460000,14.430928,0.060506,-5.507551,-1.868658,-0.045026,0.999458,-0.036830,0.001053,OK
1447,14.470000,14.428604,0.060509,-5.537956,-1.877468,-0.045241,1.004207,-0.037135,0.001658,OK
1448,14.480000,14.426289,0.060503,-5.567480,-1.885981,-0.045449,1.008797,-0.037434,0.002263,OK
1449,14.490000,14.423983,0.060488,-5.596119,-1.894197,-0.045650,1.013229,-0.037727,0.002868,OK
1450,14.500000,14.421687,0.060463,-5.623868,-1.902113,-0.045844,1.017501,-0.038015,0.003473,OK
1451,14.510000,14.419399,0.060430,-5.650723,-1.909729,-0.046031,1.021613,-0.038296,0.004077,OK
1452,14.520000,14.417121,0.060387,-5.676681,-1.917044,-0.046210,1.025564,-0.038573,0.004681,OK
1453,14.530000,14.414853,0.060335,-5.701738,-1.924055,-0.046382,1.029353,-0.038843,0.005284,OK
1454,14.540000,14.412595,0.060274,-5.725890,-1.930763,-0.046547,1.032980,-0.039108,0.005887,OK
1455,14.550000,14.410347,0.060203,-5.749134,-1.937166,-0.046704,1.036444,-0.039367,0.006489,OK
1456,14.560000,14.408109,0.060124,-5.771466,-1.943263,-0.046855,1.039744,-0.039619,0.007090,OK
1457,14.570000,14.405881,0.060035,-5.792884,-1.949054,-0.046997,1.042880,-0.039866,0.007691,OK
1458,14.580000,14.403665,0.059937,-5.813384,-1.954536,-0.047132,1.045851,-0.040107,0.008290,OK
1459,14.590000,14.401458,0.059829,-5.832963,-1.959710,-0.047260,1.048657,-0.040342,0.008888,OK
1460,14.600000,14.399263,0.059713,-5.851619,-1.964575,-0.047381,1.051297,-0.040570,0.009486,OK
1461,14.610000,14.397079,0.059587,-5.869348,-1.969129,-0.047493,1.053771,-0.040793,0.010081,OK
1462,14.620000,14.394907,0.059451,-5.886150,-1.973372,-0.047599,1.056078,-0.041009,0.010676,OK
1463,14.630000,14.392745,0.059307,-5.902021,-1.977303,-0.047697,1.058218,-0.041219,0.011269,OK
1464,14.640000,14.390596,0.059153,-5.916958,-1.980923,-0.047787,1.060190,-0.041422,0.011861,OK
1465,14.650000,14.388458,0.058990,-5.930961,-1.984229,-0.047870,1.061994,-0.041620,0.012450,OK
1466,14.660000,14.386333,0.058818,-5.944027,-1.987223,-0.047945,1.063630,-0.041810,0.013039,OK
1467,14.670000,14.384220,0.058637,-5.956155,-1.989902,-0.048013,1.065098,-0.041995,0.013625,OK
1468,14.680000,14.382119,0.058446,-5.967343,-1.992267,-0.048073,1.066396,-0.042173,0.014209,OK
1469,14.690000,14.380030,0.058246,-5.977589,-1.994318,-0.048125,1.067526,-0.042344,0.014792,OK
1470,14.700000,14.377955,0.058038,-5.986892,-1.996053,-0.048170,1.068486,-0.042509,0.015372,OK
1471,14.710000,14.375892,0.057820,-5.995252,-1.997474,-0.048207,1.069276,-0.042667,0.015951,OK
1472,14.720000,14.373842,0.057593,-6.002669,-1.998579,-0.048237,1.069896,-0.042819,0.016526,OK
1473,14.730000,14.371806,0.057357,-6.009145,-1.999368,-0.048259,1.070347,-0.042964,0.017100,OK
1474,14.740000,14.369783,0.057112,-6.014666,-1.999842,-0.048274,1.070627,-0.043103,0.017671,OK
1475,14.750000,14.367774,0.056858,-6.019238,-2.000000,-0.048281,1.070738,-0.043235,0.018240,OK
1476,14.760000,14.365779,0.056595,-6.022864,-1.999842,-0.048280,1.070677,-0.043360,0.018806,OK
1477,14.770000,14.363797,0.056323,-6.025544,-1.999368,-0.048271,1.070447,-0.043478,0.019369,OK
1478,14.780000,14.361830,0.056042,-6.027276,-1.998579,-0.048255,1.070046,-0.043590,0.019929,OK
1479,14.790000,14.359877,0.055752,-6.028052,-1.997474,-0.048232,1.069476,-0.043694,0.020487,OK
1480,14.800000,14.357937,0.055452,-6.027868,-1.996053,-0.048201,1.068735,-0.043792,0.021041,OK
1481,14.810000,14.356013,0.055142,-6.026755,-1.994318,-0.048162,1.067825,-0.043882,0.021593,OK
1482,14.820000,14.354105,0.054823,-6.024706,-1.992267,-0.048115,1.066745,-0.043964,0.022141,OK
1483,14.830000,14.352211,0.054495,-6.021707,-1.989902,-0.048061,1.065496,-0.044040,0.022686,OK
1484,14.840000,14.350333,0.054157,-6.017754,-1.987223,-0.047999,1.064077,-0.044108,0.023228,OK
1485,14.850000,14.348470,0.053810,-6.012856,-1.984229,-0.047930,1.062488,-0.044169,0.023766,OK
1486,14.860000,14.346622,0.053454,-6.007019,-1.980923,-0.047853,1.060731,-0.044223,0.024300,OK
1487,14.870000,14.344791,0.053090,-6.000242,-1.977303,-0.047769,1.058804,-0.044269,0.024831,OK
1488,14.880000,14.342975,0.052716,-5.992522,-1.973372,-0.047677,1.056709,-0.044309,0.025358,OK
1489,14.890000,14.341175,0.052334,-5.983860,-1.969129,-0.047577,1.054444,-0.044341,0.025882,OK
1490,14.900000,14.339391,0.051944,-5.974261,-1.964575,-0.047470,1.052012,-0.044367,0.026401,OK
1491,14.910000,14.337624,0.051545,-5.963727,-1.959710,-0.047356,1.049412,-0.044385,0.026916,OK
1492,14.920000,14.335873,0.051138,-5.952258,-1.954536,-0.047234,1.046644,-0.044397,0.027428,OK
1493,14.930000,14.334139,0.050722,-5.939857,-1.949054,-0.047104,1.043709,-0.044401,0.027935,OK
1494,14.940000,14.332422,0.050298,-5.926525,-1.943263,-0.046967,1.040607,-0.044398,0.028438,OK
1495,14.950000,14.330722,0.049866,-5.912265,-1.937166,-0.046823,1.037339,-0.044388,0.028937,OK
1496,14.960000,14.329039,0.049426,-5.897081,-1.930763,-0.046671,1.033905,-0.044371,0.029431,OK
1497,14.970000,14.327373,0.048977,-5.880973,-1.924055,-0.046512,1.030306,-0.044347,0.029921,OK
1498,14.980000,14.325724,0.048521,-5.863946,-1.917044,-0.046346,1.026542,-0.044315,0.030406,OK
1499,14.990000,14.324093,0.048056,-5.846000,-1.909729,-0.046172,1.022614,-0.044277,0.030886,OK
1500,15.000000,14.322480,0.047584,-5.827141,-1.902113,-0.045991,1.018523,-0.044231,0.031362,OK
1501,15.010000,14.320885,0.047103,-5.807370,-1.894197,-0.045803,1.014268,-0.044179,0.031833,OK
1502,15.020000,14.319307,0.046615,-5.786691,-1.885981,-0.045607,1.009852,-0.044119,0.032300,OK
1503,15.030000,14.317748,0.046118,-5.765107,-1.877468,-0.045405,1.005274,-0.044051,0.032761,OK
1504,15.040000,14.316207,0.045614,-5.742623,-1.868658,-0.045195,1.000535,-0.043977,0.033217,OK
1505,15.050000,14.314685,0.045102,-5.719240,-1.859553,-0.044978,0.995636,-0.043895,0.033668,OK
1506,15.060000,14.313181,0.044581,-5.694964,-1.850154,-0.044753,0.990578,-0.043806,0.034114,OK
1507,15.070000,14.311696,0.044053,-5.669798,-1.840464,-0.044522,0.985361,-0.043709,0.034554,OK
1508,15.080000,14.310229,0.043518,-5.643746,-1.830482,-0.044284,0.979987,-0.043605,0.034989,OK
1509,15.090000,14.308782,0.042974,-5.616813,-1.820212,-0.044038,0.974456,-0.043494,0.035419,OK
1510,15.100000,14.307354,0.042423,-5.589003,-1.809654,-0.043786,0.968769,-0.043375,0.035843,OK
1511,15.110000,14.305945,0.041864,-5.560319,-1.798811,-0.043527,0.962927,-0.043249,0.036262,OK
1512,15.120000,14.304555,0.041298,-5.530768,-1.787683,-0.043261,0.956932,-0.043116,0.036675,OK
1513,15.130000,14.303185,0.040724,-5.500354,-1.776273,-0.042988,0.950783,-0.042976,0.037082,OK
1514,15.140000,14.301834,0.040143,-5.469081,-1.764582,-0.042708,0.944481,-0.042828,0.037484,OK
1515,15.150000,14.300504,0.039555,-5.436954,-1.752613,-0.042422,0.938029,-0.042673,0.037879,OK
1516,15.160000,14.299193,0.038960,-5.403979,-1.740368,-0.042128,0.931427,-0.042510,0.038269,OK
1517,15.170000,14.297902,0.038357,-5.370160,-1.727847,-0.041829,0.924675,-0.042341,0.038652,OK
1518,15.180000,14.296631,0.037748,-5.335504,-1.715053,-0.041522,0.917775,-0.042164,0.039030,OK
1519,15.190000,14.295380,0.037132,-5.300016,-1.701989,-0.041209,0.910728,-0.041980,0.039401,OK
1520,15.200000,14.294150,0.036510,-5.263701,-1.688656,-0.040890,0.903536,-0.041789,0.039766,OK
1521,15.210000,14.292940,0.035881,-5.226565,-1.675056,-0.040563,0.896198,-0.041591,0.040125,OK
1522,15.220000,14.291750,0.035245,-5.188614,-1.661192,-0.040231,0.888717,-0.041386,0.040478,OK
1523,15.230000,14.290581,0.034603,-5.149854,-1.647065,-0.039892,0.881093,-0.041174,0.040824,OK
1524,15.240000,14.289433,0.033955,-5.110291,-1.632679,-0.039547,0.873328,-0.040955,0.041163,OK
1525,15.250000,14.288306,0.033301,-5.069931,-1.618034,-0.039196,0.865423,-0.040729,0.041496,OK
1526,15.260000,14.287200,0.032641,-5.028781,-1.603134,-0.038838,0.857380,-0.040496,0.041823,OK
1527,15.270000,14.286115,0.031975,-4.986847,-1.587981,-0.038474,0.849198,-0.040256,0.042142,OK
1528,15.280000,14.285051,0.031304,-4.944136,-1.572577,-0.038105,0.840881,-0.040010,0.042455,OK
1529,15.290000,14.284008,0.030627,-4.900655,-1.556925,-0.037729,0.832428,-0.039757,0.042762,OK
1530,15.300000,14.282987,0.029944,-4.856409,-1.541026,-0.037347,0.823842,-0.039497,0.043061,OK
1531,15.310000,14.281987,0.029256,-4.811407,-1.524885,-0.036959,0.815124,-0.039231,0.043354,OK
1532,15.320000,14.281008,0.028563,-4.765655,-1.508503,-0.036566,0.806276,-0.038957,0.043639,OK
1533,15.330000,14.280052,0.027864,-4.719160,-1.491882,-0.036166,0.797297,-0.038678,0.043918,OK
1534,15.340000,14.279116,0.027161,-4.671930,-1.475026,-0.035761,0.788191,-0.038391,0.044189,OK
1535,15.350000,14.278203,0.026452,-4.623971,-1.457937,-0.035351,0.778959,-0.038098,0.044454,OK
1536,15.360000,14.277312,0.025739,-4.575292,-1.440618,-0.034934,0.769601,-0.037799,0.044711,OK
1537,15.370000,14.276442,0.025021,-4.525900,-1.423071,-0.034512,0.760120,-0.037493,0.044962,OK
1538,15.380000,14.275595,0.024298,-4.475802,-1.405300,-0.034085,0.750517,-0.037181,0.045205,OK
1539,15.390000,14.274769,0.023571,-4.425007,-1.387307,-0.033652,0.740794,-0.036863,0.045440,OK
1540,15.400000,14.273966,0.022839,-4.373522,-1.369094,-0.033214,0.730952,-0.036538,0.045669,OK
1541,15.410000,14.273185,0.022103,-4.321355,-1.350666,-0.032771,0.720993,-0.036207,0.045890,OK
1542,15.420000,14.272427,0.021362,-4.268515,-1.332024,-0.032323,0.710918,-0.035869,0.046103,OK
1543,15.430000,14.271691,0.020618,-4.215009,-1.313172,-0.031869,0.700730,-0.035526,0.046310,OK
1544,15.440000,14.270977,0.019870,-4.160846,-1.294112,-0.031410,0.690429,-0.035176,0.046508,OK
1545,15.450000,14.270286,0.019117,-4.106034,-1.274848,-0.030947,0.680017,-0.034820,0.046699,OK
1546,15.460000,14.269618,0.018361,-4.050582,-1.255383,-0.030478,0.669496,-0.034458,0.046883,OK
1547,15.470000,14.268972,0.017602,-3.994498,-1.235719,-0.030005,0.658868,-0.034091,0.047059,OK
1548,15.480000,14.268349,0.016839,-3.937790,-1.215861,-0.029527,0.648135,-0.033717,0.047227,OK
1549,15.490000,14.267749,0.016073,-3.880469,-1.195810,-0.029044,0.637297,-0.033338,0.047388,OK
1550,15.500000,14.267171,0.015303,-3.822542,-1.175571,-0.028557,0.626358,-0.032952,0.047541,OK
1551,15.510000,14.266617,0.014530,-3.764019,-1.155145,-0.028065,0.615318,-0.032562,0.047686,OK
1552,15.520000,14.266085,0.013755,-3.704908,-1.134538,-0.027569,0.604179,-0.032165,0.047824,OK
1553,15.530000,14.265577,0.012977,-3.645219,-1.113751,-0.027068,0.592944,-0.031763,0.047954,OK
1554,15.540000,14.265092,0.012196,-3.584961,-1.092789,-0.026563,0.581614,-0.031355,0.048076,OK
1555,15.550000,14.264630,0.011413,-3.524143,-1.071654,-0.026054,0.570191,-0.030943,0.048190,OK
1556,15.560000,14.264191,0.010627,-3.462775,-1.050349,-0.025540,0.558676,-0.030524,0.048296,OK
1557,15.570000,14.263775,0.009839,-3.400866,-1.028879,-0.025023,0.547072,-0.030101,0.048395,OK
1558,15.580000,14.263382,0.009049,-3.338426,-1.007246,-0.024502,0.535381,-0.029672,0.048485,OK
1559,15.590000,14.263013,0.008258,-3.275464,-0.985455,-0.023977,0.523604,-0.029238,0.048568,OK
1560,15.600000,14.262667,0.007464,-3.211991,-0.963507,-0.023448,0.511743,-0.028800,0.048642,OK
1561,15.610000,14.262345,0.006669,-3.148015,-0.941408,-0.022915,0.499800,-0.028356,0.048709,OK
1562,15.620000,14.262046,0.005873,-3.083547,-0.919160,-0.022379,0.487777,-0.027907,0.048768,OK
1563,15.630000,14.261771,0.005075,-3.018597,-0.896766,-0.021839,0.475676,-0.027454,0.048818,OK
1564,15.640000,14.261519,0.004276,-2.953175,-0.874232,-0.021296,0.463500,-0.026996,0.048861,OK
1565,15.650000,14.261291,0.003476,-2.887291,-0.851559,-0.020749,0.451249,-0.026533,0.048896,OK
1566,15.660000,14.261086,0.002675,-2.820955,-0.828751,-0.020199,0.438926,-0.026066,0.048923,OK
1567,15.670000,14.260905,0.001873,-2.754177,-0.805813,-0.019646,0.426533,-0.025595,0.048941,OK
1568,15.680000,14.260748,0.001071,-2.686968,-0.782747,-0.019089,0.414072,-0.025119,0.048952,OK
1569,15.690000,14.260614,0.000268,-2.619337,-0.759558,-0.018530,0.401545,-0.024638,0.048955,OK
1570,15.700000,14.260504,-0.000535,-2.551296,-0.736249,-0.017968,0.388954,-0.024154,0.048949,OK
1571,15.710000,14.260418,-0.001338,-2.482855,-0.712824,-0.017403,0.376301,-0.023665,0.048936,OK
1572,15.720000,14.260356,-0.002141,-2.414025,-0.689286,-0.016835,0.363588,-0.023173,0.048915,OK
1573,15.730000,14.260317,-0.002944,-2.344815,-0.665639,-0.016265,0.350818,-0.022676,0.048885,OK
1574,15.740000,14.260303,-0.003747,-2.275237,-0.641887,-0.015691,0.337991,-0.022176,0.048848,OK
1575,15.750000,14.260312,-0.004549,-2.205301,-0.618034,-0.015116,0.325111,-0.021671,0.048802,OK
1576,15.760000,14.260345,-0.005351,-2.135018,-0.594083,-0.014538,0.312179,-0.021164,0.048749,OK
1577,15.770000,14.260402,-0.006152,-2.064399,-0.570039,-0.013958,0.299198,-0.020652,0.048687,OK
1578,15.780000,14.260483,-0.006953,-1.993455,-0.545904,-0.013375,0.286169,-0.020137,0.048618,OK
1579,15.790000,14.260588,-0.007752,-1.922196,-0.521683,-0.012791,0.273095,-0.019619,0.048540,OK
1580,15.800000,14.260717,-0.008550,-1.850634,-0.497380,-0.012204,0.259977,-0.019097,0.048455,OK
1581,15.810000,14.260870,-0.009347,-1.778779,-0.472998,-0.011616,0.246819,-0.018573,0.048361,OK
1582,15.820000,14.261047,-0.010142,-1.706644,-0.448542,-0.011025,0.233622,-0.018045,0.048260,OK
1583,15.830000,14.261249,-0.010936,-1.634238,-0.424014,-0.010433,0.220388,-0.017514,0.048150,OK
1584,15.840000,14.261474,-0.011728,-1.561574,-0.399420,-0.009839,0.207119,-0.016980,0.048033,OK
1585,15.850000,14.261723,-0.012519,-1.488663,-0.374763,-0.009244,0.193819,-0.016443,0.047908,OK
1586,15.860000,14.261996,-0.013308,-1.415517,-0.350046,-0.008647,0.180488,-0.015903,0.047775,OK
1587,15.870000,14.262294,-0.014095,-1.342146,-0.325274,-0.008049,0.167129,-0.015360,0.047634,OK
1588,15.880000,14.262615,-0.014880,-1.268564,-0.300451,-0.007450,0.153744,-0.014814,0.047485,OK
1589,15.890000,14.262961,-0.015663,-1.194780,-0.275581,-0.006849,0.140336,-0.014266,0.047328,OK
1590,15.900000,14.263331,-0.016444,-1.120808,-0.250666,-0.006247,0.126906,-0.013715,0.047164,OK
1591,15.910000,14.263725,-0.017223,-1.046658,-0.225713,-0.005644,0.113457,-0.013162,0.046992,OK
1592,15.920000,14.264143,-0.018000,-0.972343,-0.200723,-0.005041,0.099991,-0.012606,0.046812,OK
1593,15.930000,14.264585,-0.018773,-0.897873,-0.175702,-0.004436,0.086511,-0.012048,0.046624,OK
1594,15.940000,14.265052,-0.019545,-0.823261,-0.150654,-0.003831,0.073018,-0.011488,0.046429,OK
1595,15.950000,14.265542,-0.020313,-0.748519,-0.125581,-0.003226,0.059514,-0.010925,0.046226,OK
1596,15.960000,14.266057,-0.021078,-0.673657,-0.100489,-0.002619,0.046002,-0.010361,0.046015,OK
1597,15.970000,14.266596,-0.021839,-0.598688,-0.075380,-0.002013,0.032484,-0.009795,0.045796,OK
1598,15.980000,14.267159,-0.022597,-0.523624,-0.050260,-0.001406,0.018961,-0.009227,0.045570,OK
1599,15.990000,14.267746,-0.023352,-0.448475,-0.025132,-0.000798,0.005437,-0.008657,0.045337,OK
1600,16.000000,14.268357,-0.024102,-0.373255,-0.000000,-0.000191,-0.008087,-0.008087,0.045096,OK
1601,16.010000,14.268993,-0.024849,-0.297973,0.025132,0.000416,-0.021608,-0.007514,0.044847,OK
1602,16.020000,14.269653,-0.025591,-0.222643,0.050260,0.001024,-0.035124,-0.006941,0.044591,OK
1603,16.030000,14.270337,-0.026329,-0.147275,0.075380,0.001631,-0.048634,-0.006367,0.044328,OK
1604,16.040000,14.271045,-0.027062,-0.071882,0.100489,0.002238,-0.062135,-0.005792,0.044058,OK
1605,16.050000,14.271778,-0.027790,0.003524,0.125581,0.002844,-0.075625,-0.005216,0.043780,OK
1606,16.060000,14.272534,-0.028514,0.078933,0.150654,0.003450,-0.089101,-0.004639,0.043494,OK
1607,16.070000,14.273315,-0.029232,0.154332,0.175702,0.004056,-0.102562,-0.004062,0.043202,OK
1608,16.080000,14.274120,-0.029946,0.229711,0.200723,0.004661,-0.116005,-0.003484,0.042903,OK
1609,16.090000,14.274949,-0.030654,0.305056,0.225713,0.005265,-0.129428,-0.002906,0.042596,OK
1610,16.100000,14.275802,-0.031357,0.380356,0.250666,0.005868,-0.142828,-0.002327,0.042283,OK
1611,16.110000,14.276680,-0.032055,0.455600,0.275581,0.006471,-0.156205,-0.001748,0.041962,OK
1612,16.120000,14.277582,-0.032747,0.530776,0.300451,0.007072,-0.169555,-0.001169,0.041635,OK
1613,16.130000,14.278508,-0.033433,0.605872,0.325274,0.007672,-0.182876,-0.000590,0.041300,OK
1614,16.140000,14.279458,-0.034114,0.680877,0.350046,0.008271,-0.196167,-0.000011,0.040959,OK
1615,16.150000,14.280432,-0.034789,0.755779,0.374763,0.008869,-0.209424,0.000568,0.040611,OK
1616,16.160000,14.281430,-0.035458,0.830565,0.399420,0.009465,-0.222647,0.001147,0.040257,OK
1617,16.170000,14.282453,-0.036122,0.905226,0.424014,0.010060,-0.235832,0.001725,0.039895,OK
1618,16.180000,14.283499,-0.036779,0.979748,0.448542,0.010653,-0.248977,0.002304,0.039528,OK
1619,16.190000,14.284570,-0.037430,1.054120,0.472998,0.011245,-0.262081,0.002881,0.039153,OK
1620,16.200000,14.285665,-0.038075,1.128331,0.497380,0.011835,-0.275141,0.003459,0.038773,OK
1621,16.210000,14.286784,-0.038713,1.202369,0.521683,0.012422,-0.288155,0.004035,0.038385,OK
1622,16.220000,14.287927,-0.039345,1.276222,0.545904,0.013008,-0.301121,0.004611,0.037992,OK
1623,16.230000,14.289095,-0.039971,1.349879,0.570039,0.013592,-0.314037,0.005186,0.037592,OK
1624,16.240000,14.290286,-0.040589,1.423328,0.594083,0.014174,-0.326901,0.005760,0.037186,OK
1625,16.250000,14.291502,-0.041201,1.496558,0.618034,0.014753,-0.339710,0.006333,0.036774,OK
1626,16.260000,14.292741,-0.041806,1.569556,0.641887,0.015331,-0.352463,0.006905,0.036356,OK
1627,16.270000,14.294005,-0.042404,1.642312,0.665639,0.015905,-0.365158,0.007476,0.035932,OK
1628,16.280000,14.295292,-0.042995,1.714815,0.689286,0.016478,-0.377793,0.008046,0.035502,OK
1629,16.290000,14.296604,-0.043578,1.787052,0.712824,0.017047,-0.390365,0.008613,0.035067,OK
1630,16.300000,14.297940,-0.044154,1.859013,0.736249,0.017614,-0.402872,0.009180,0.034625,OK
1631,16.310000,14.299299,-0.044722,1.930687,0.759558,0.018178,-0.415313,0.009745,0.034178,OK
1632,16.320000,14.300683,-0.045284,2.002061,0.782747,0.018739,-0.427685,0.010308,0.033725,OK
1633,16.330000,14.302091,-0.045837,2.073126,0.805813,0.019298,-0.439987,0.010869,0.033267,OK
1634,16.340000,14.303522,-0.046383,2.143870,0.828751,0.019853,-0.452216,0.011428,0.032803,OK
1635,16.350000,14.304978,-0.046921,2.214282,0.851559,0.020405,-0.464371,0.011986,0.032334,OK
1636,16.360000,14.306457,-0.047451,2.284351,0.874232,0.020954,-0.476449,0.012541,0.031859,OK
1637,16.370000,14.307961,-0.047974,2.354067,0.896766,0.021500,-0.488449,0.013095,0.031379,OK
1638,16.380000,14.309488,-0.048488,2.423419,0.919160,0.022042,-0.500368,0.013646,0.030894,OK
1639,16.390000,14.311040,-0.048995,2.492396,0.941408,0.022580,-0.512204,0.014195,0.030404,OK
1640,16.400000,14.312615,-0.049494,2.560988,0.963507,0.023116,-0.523956,0.014742,0.029910,OK
1641,16.410000,14.314214,-0.049986,2.629184,0.985455,0.023647,-0.535622,0.015287,0.029410,OK
1642,16.420000,14.315837,-0.050469,2.696973,1.007246,0.024175,-0.547199,0.015829,0.028905,OK
1643,16.430000,14.317484,-0.050944,2.764346,1.028879,0.024699,-0.558687,0.016369,0.028396,OK
1644,16.440000,14.319154,-0.051412,2.831292,1.050349,0.025219,-0.570082,0.016906,0.027881,OK
1645,16.450000,14.320848,-0.051871,2.897801,1.071654,0.025735,-0.581383,0.017441,0.027363,OK
1646,16.460000,14.322567,-0.052322,2.963862,1.092789,0.026247,-0.592589,0.017974,0.026839,OK
1647,16.470000,14.324309,-0.052766,3.029465,1.113751,0.026755,-0.603697,0.018503,0.026312,OK
1648,16.480000,14.326074,-0.053200,3.094600,1.134538,0.027258,-0.614706,0.019030,0.025780,OK
1649,16.490000,14.327864,-0.053627,3.159258,1.155145,0.027758,-0.625613,0.019554,0.025244,OK
1650,16.500000,14.329677,-0.054045,3.223427,1.175571,0.028253,-0.636418,0.020076,0.024703,OK
1651,16.510000,14.331513,-0.054455,3.287098,1.195810,0.028743,-0.647119,0.020594,0.024159,OK
1652,16.520000,14.333374,-0.054856,3.350261,1.215861,0.029229,-0.657713,0.021109,0.023610,OK
1653,16.530000,14.335258,-0.055248,3.412907,1.235719,0.029710,-0.668199,0.021620,0.023057,OK
1654,16.540000,14.337166,-0.055632,3.475025,1.255383,0.030187,-0.678576,0.022129,0.022501,OK
1655,16.550000,14.339097,-0.056006,3.536605,1.274848,0.030659,-0.688841,0.022633,0.021941,OK
1656,16.560000,14.341052,-0.056372,3.597638,1.294112,0.031126,-0.698994,0.023134,0.021377,OK
1657,16.570000,14.343030,-0.056728,3.658115,1.313172,0.031588,-0.709032,0.023632,0.020810,OK
1658,16.580000,14.345032,-0.057075,3.718025,1.332024,0.032045,-0.718955,0.024125,0.020239,OK
1659,16.590000,14.347058,-0.057413,3.777360,1.350666,0.032497,-0.728760,0.024615,0.019665,OK
1660,16.600000,14.349107,-0.057741,3.836110,1.369094,0.032944,-0.738446,0.025101,0.019088,OK
1661,16.610000,14.351179,-0.058060,3.894265,1.387307,0.033386,-0.748011,0.025582,0.018507,OK
1662,16.620000,14.353275,-0.058369,3.951817,1.405300,0.033822,-0.757455,0.026059,0.017924,OK
1663,16.630000,14.355394,-0.058668,4.008756,1.423071,0.034253,-0.766774,0.026532,0.017337,OK
1664,16.640000,14.357536,-0.058957,4.065074,1.440618,0.034679,-0.775969,0.027001,0.016747,OK
1665,16.650000,14.359702,-0.059237,4.120761,1.457937,0.035099,-0.785038,0.027464,0.016155,OK
1666,16.660000,14.361891,-0.059506,4.175809,1.475026,0.035514,-0.793978,0.027924,0.015560,OK
1667,16.670000,14.364104,-0.059766,4.230209,1.491882,0.035923,-0.802789,0.028378,0.014962,OK
1668,16.680000,14.366339,-0.060015,4.283953,1.508503,0.036326,-0.811470,0.028828,0.014362,OK
1669,16.690000,14.368598,-0.060255,4.337031,1.524885,0.036724,-0.820018,0.029273,0.013759,OK
1670,16.700000,14.370880,-0.060485,4.389437,1.541026,0.037116,-0.828433,0.029713,0.013155,OK
1671,16.710000,14.373185,-0.060704,4.441160,1.556925,0.037502,-0.836713,0.030149,0.012548,OK
1672,16.720000,14.375513,-0.060914,4.492195,1.572577,0.037882,-0.844858,0.030579,0.011938,OK
1673,16.730000,14.377865,-0.061113,4.542531,1.587981,0.038256,-0.852864,0.031004,0.011327,OK
1674,16.740000,14.380239,-0.061302,4.592162,1.603134,0.038624,-0.860733,0.031424,0.010714,OK
1675,16.750000,14.382636,-0.061481,4.641080,1.618034,0.038986,-0.868461,0.031839,0.010100,OK
1676,16.760000,14.385056,-0.061651,4.689277,1.632679,0.039341,-0.876048,0.032249,0.009483,OK
1677,16.770000,14.387499,-0.061810,4.736746,1.647065,0.039691,-0.883493,0.032653,0.008865,OK
1678,16.780000,14.389965,-0.061959,4.783479,1.661192,0.040034,-0.890794,0.033053,0.008245,OK
1679,16.790000,14.392453,-0.062098,4.829469,1.675056,0.040371,-0.897951,0.033446,0.007624,OK
1680,16.800000,14.394965,-0.062226,4.874709,1.688656,0.040702,-0.904962,0.033835,0.007002,OK
1681,16.810000,14.397499,-0.062345,4.919192,1.701989,0.041026,-0.911826,0.034218,0.006379,OK
1682,16.820000,14.400056,-0.062454,4.962911,1.715053,0.041343,-0.918542,0.034595,0.005754,OK
1683,16.830000,14.402635,-0.062552,5.005859,1.727847,0.041654,-0.925109,0.034967,0.005129,OK
1684,16.840000,14.405237,-0.062641,5.048029,1.740368,0.041959,-0.931526,0.035333,0.004502,OK
1685,16.850000,14.407861,-0.062719,5.089415,1.752613,0.042257,-0.937792,0.035694,0.003875,OK
1686,16.860000,14.410508,-0.062787,5.130011,1.764582,0.042548,-0.943906,0.036049,0.003247,OK
1687,16.870000,14.413177,-0.062845,5.169810,1.776273,0.042832,-0.949867,0.036398,0.002619,OK
1688,16.880000,14.415869,-0.062893,5.208805,1.787683,0.043110,-0.955675,0.036741,0.001990,OK
1689,16.890000,14.418583,-0.062930,5.246992,1.798811,0.043381,-0.961328,0.037078,0.001360,OK
1690,16.900000,14.421319,-0.062958,5.284364,1.809654,0.043645,-0.966825,0.037409,0.000731,OK
1691,16.910000,14.424077,-0.062975,5.320914,1.820212,0.043902,-0.972166,0.037734,0.000101,OK
1692,16.920000,14.426858,-0.062982,5.356638,1.830482,0.044153,-0.977350,0.038053,-0.000529,OK
1693,16.930000,14.429660,-0.062978,5.391530,1.840464,0.044396,-0.982376,0.038366,-0.001159,OK
1694,16.940000,14.432485,-0.062965,5.425585,1.850154,0.044632,-0.987243,0.038673,-0.001788,OK
1695,16.950000,14.435331,-0.062941,5.458796,1.859553,0.044861,-0.991951,0.038973,-0.002418,OK
1696,16.960000,14.438199,-0.062907,5.491159,1.868658,0.045083,-0.996499,0.039267,-0.003047,OK
1697,16.970000,14.441089,-0.062862,5.522669,1.877468,0.045298,-1.000886,0.039555,-0.003675,OK
1698,16.980000,14.444001,-0.062808,5.553320,1.885981,0.045506,-1.005112,0.039836,-0.004303,OK
1699,16.990000,14.446934,-0.062742,5.583108,1.894197,0.045707,-1.009176,0.040111,-0.004931,OK
1700,17.000000,14.449889,-0.062667,5.612029,1.902113,0.045900,-1.013078,0.040379,-0.005557,OK
1701,17.010000,14.452866,-0.062582,5.640077,1.909729,0.046086,-1.016816,0.040641,-0.006183,OK
1702,17.020000,14.455864,-0.062486,5.667248,1.917044,0.046265,-1.020390,0.040895,-0.006808,OK
1703,17.030000,14.458883,-0.062380,5.693538,1.924055,0.046437,-1.023801,0.041144,-0.007432,OK
1704,17.040000,14.461924,-0.062263,5.718943,1.930763,0.046601,-1.027047,0.041385,-0.008055,OK
1705,17.050000,14.464985,-0.062137,5.743458,1.937166,0.046758,-1.030128,0.041620,-0.008676,OK
1706,17.060000,14.468068,-0.062000,5.767080,1.943263,0.046907,-1.033043,0.041848,-0.009296,OK
1707,17.070000,14.471172,-0.061853,5.789805,1.949054,0.047049,-1.035792,0.042069,-0.009914,OK
1708,17.080000,14.474297,-0.061696,5.811629,1.954536,0.047184,-1.038375,0.042283,-0.010531,OK
1709,17.090000,14.477443,-0.061529,5.832548,1.959710,0.047311,-1.040792,0.042491,-0.011147,OK
1710,17.100000,14.480609,-0.061352,5.852560,1.964575,0.047431,-1.043041,0.042691,-0.011760,OK
1711,17.110000,14.483796,-0.061164,5.871661,1.969129,0.047543,-1.045124,0.042885,-0.012372,OK
1712,17.120000,14.487004,-0.060967,5.889848,1.973372,0.047648,-1.047039,0.043071,-0.012982,OK
1713,17.130000,14.490232,-0.060760,5.907117,1.977303,0.047745,-1.048786,0.043250,-0.013589,OK
1714,17.140000,14.493481,-0.060543,5.923467,1.980923,0.047834,-1.050365,0.043423,-0.014195,OK
1715,17.150000,14.496750,-0.060316,5.938893,1.984229,0.047916,-1.051777,0.043588,-0.014798,OK
1716,17.160000,14.500039,-0.060079,5.953395,1.987223,0.047991,-1.053020,0.043746,-0.015398,OK
1717,17.170000,14.503349,-0.059832,5.966969,1.989902,0.048058,-1.054094,0.043898,-0.015997,OK
1718,17.180000,14.506678,-0.059576,5.979612,1.992267,0.048117,-1.055001,0.044042,-0.016593,OK
1719,17.190000,14.510027,-0.059309,5.991324,1.994318,0.048169,-1.055738,0.044178,-0.017186,OK
1720,17.200000,14.513396,-0.059034,6.002101,1.996053,0.048213,-1.056308,0.044308,-0.017776,OK
1721,17.210000,14.516785,-0.058748,6.011943,1.997474,0.048249,-1.056708,0.044431,-0.018363,OK
1722,17.220000,14.520193,-0.058454,6.020846,1.998579,0.048278,-1.056940,0.044546,-0.018948,OK
1723,17.230000,14.523621,-0.058150,6.028810,1.999368,0.048299,-1.057004,0.044655,-0.019529,OK
1724,17.240000,14.527068,-0.057836,6.035833,1.999842,0.048313,-1.056899,0.044756,-0.020108,OK
1725,17.250000,14.530535,-0.057513,6.041914,2.000000,0.048319,-1.056625,0.044849,-0.020683,OK
1726,17.260000,14.534020,-0.057181,6.047051,1.999842,0.048317,-1.056184,0.044936,-0.021255,OK
1727,17.270000,14.537525,-0.056840,6.051244,1.999368,0.048308,-1.055575,0.045015,-0.021823,OK
1728,17.280000,14.541048,-0.056489,6.054492,1.998579,0.048291,-1.054797,0.045087,-0.022388,OK
1729,17.290000,14.544590,-0.056129,6.056794,1.997474,0.048266,-1.053853,0.045152,-0.022949,OK
1730,17.300000,14.548151,-0.055759,6.058149,1.996053,0.048234,-1.052741,0.045209,-0.023507,OK
1731,17.310000,14.551730,-0.055380,6.058557,1.994318,0.048194,-1.051463,0.045258,-0.024061,OK
1732,17.320000,14.555328,-0.054991,6.058017,1.992267,0.048147,-1.050018,0.045300,-0.024611,OK
1733,17.330000,14.558944,-0.054592,6.056531,1.989902,0.048092,-1.048407,0.045334,-0.025157,OK
1734,17.340000,14.562578,-0.054185,6.054096,1.987223,0.048029,-1.046631,0.045360,-0.025698,OK
1735,17.350000,14.566230,-0.053768,6.050715,1.984229,0.047959,-1.044689,0.045379,-0.026236,OK
1736,17.360000,14.569900,-0.053342,6.046386,1.980923,0.047881,-1.042581,0.045390,-0.026770,OK
1737,17.370000,14.573588,-0.052908,6.041110,1.977303,0.047795,-1.040309,0.045394,-0.027299,OK
1738,17.380000,14.577293,-0.052465,6.034889,1.973372,0.047702,-1.037873,0.045390,-0.027823,OK
1739,17.390000,14.581016,-0.052013,6.027721,1.969129,0.047602,-1.035273,0.045380,-0.028343,OK
1740,17.400000,14.584756,-0.051553,6.019609,1.964575,0.047494,-1.032509,0.045361,-0.028859,OK
1741,17.410000,14.588513,-0.051085,6.010554,1.959710,0.047378,-1.029583,0.045336,-0.029370,OK
1742,17.420000,14.592287,-0.050609,6.000555,1.954536,0.047255,-1.026494,0.045303,-0.029876,OK
1743,17.430000,14.596078,-0.050125,5.989616,1.949054,0.047125,-1.023243,0.045264,-0.030377,OK
1744,17.440000,14.599886,-0.049633,5.977736,1.943263,0.046987,-1.019831,0.045216,-0.030873,OK
1745,17.450000,14.603710,-0.049133,5.964918,1.937166,0.046841,-1.016259,0.045162,-0.031365,OK
1746,17.460000,14.607551,-0.048625,5.951163,1.930763,0.046689,-1.012527,0.045101,-0.031851,OK
1747,17.470000,14.611408,-0.048110,5.936474,1.924055,0.046529,-1.008636,0.045032,-0.032332,OK
1748,17.480000,14.615281,-0.047587,5.920851,1.917044,0.046361,-1.004586,0.044956,-0.032808,OK
1749,17.490000,14.619170,-0.047057,5.904298,1.909729,0.046186,-1.000379,0.044873,-0.033279,OK
1750,17.500000,14.623075,-0.046519,5.886815,1.902113,0.046004,-0.996015,0.044783,-0.033744,OK
1751,17.510000,14.626995,-0.045974,5.868407,1.894197,0.045815,-0.991495,0.044686,-0.034204,OK
1752,17.520000,14.630931,-0.045422,5.849074,1.885981,0.045618,-0.986820,0.044582,-0.034658,OK
1753,17.530000,14.634882,-0.044862,5.828821,1.877468,0.045414,-0.981990,0.044470,-0.035106,OK
1754,17.540000,14.638848,-0.044295,5.807649,1.868658,0.045203,-0.977007,0.044352,-0.035549,OK
1755,17.550000,14.642829,-0.043721,5.785561,1.859553,0.044985,-0.971872,0.044226,-0.035987,OK
1756,17.560000,14.646825,-0.043139,5.762562,1.850154,0.044760,-0.966585,0.044093,-0.036418,OK
1757,17.570000,14.650835,-0.042551,5.738652,1.840464,0.044528,-0.961147,0.043952,-0.036843,OK
1758,17.580000,14.654860,-0.041956,5.713837,1.830482,0.044288,-0.955560,0.043805,-0.037263,OK
1759,17.590000,14.658899,-0.041354,5.688120,1.820212,0.044042,-0.949825,0.043651,-0.037677,OK
1760,17.600000,14.662952,-0.040746,5.661503,1.809654,0.043789,-0.943941,0.043489,-0.038084,OK
1761,17.610000,14.667019,-0.040131,5.633992,1.798811,0.043529,-0.937911,0.043321,-0.038485,OK
1762,17.620000,14.671099,-0.039509,5.605589,1.787683,0.043262,-0.931736,0.043146,-0.038880,OK
1763,17.630000,14.675193,-0.038881,5.576299,1.776273,0.042988,-0.925417,0.042963,-0.039269,OK
1764,17.640000,14.679301,-0.038247,5.546126,1.764582,0.042707,-0.918954,0.042774,-0.039652,OK
1765,17.650000,14.683421,-0.037606,5.515075,1.752613,0.042419,-0.912349,0.042578,-0.040028,OK
1766,17.660000,14.687554,-0.036960,5.483149,1.740368,0.042125,-0.905602,0.042375,-0.040397,OK
1767,17.670000,14.691701,-0.036308,5.450353,1.727847,0.041824,-0.898717,0.042165,-0.040760,OK
1768,17.680000,14.695859,-0.035650,5.416693,1.715053,0.041517,-0.891692,0.041949,-0.041117,OK
1769,17.690000,14.700030,-0.034987,5.382172,1.701989,0.041203,-0.884530,0.041725,-0.041467,OK
1770,17.700000,14.704214,-0.034318,5.346797,1.688656,0.040883,-0.877231,0.041496,-0.041810,OK
1771,17.710000,14.708409,-0.033644,5.310571,1.675056,0.040556,-0.869798,0.041260,-0.042146,OK
1772,17.720000,14.712616,-0.032965,5.273501,1.661192,0.040222,-0.862231,0.041017,-0.042476,OK
1773,17.730000,14.716834,-0.032281,5.235592,1.647065,0.039883,-0.854532,0.040768,-0.042799,OK
1774,17.740000,14.721064,-0.031592,5.196848,1.632679,0.039537,-0.846701,0.040512,-0.043115,OK
1775,17.750000,14.725305,-0.030898,5.157277,1.618034,0.039184,-0.838741,0.040251,-0.043424,OK
1776,17.760000,14.729557,-0.030200,5.116883,1.603134,0.038826,-0.830652,0.039983,-0.043726,OK
1777,17.770000,14.733820,-0.029497,5.075673,1.587981,0.038461,-0.822436,0.039709,-0.044021,OK
1778,17.780000,14.738094,-0.028790,5.033652,1.572577,0.038091,-0.814094,0.039429,-0.044309,OK
1779,17.790000,14.742377,-0.028079,4.990827,1.556925,0.037714,-0.805628,0.039142,-0.044589,OK
1780,17.800000,14.746671,-0.027364,4.947204,1.541026,0.037332,-0.797039,0.038850,-0.044863,OK
1781,17.810000,14.750975,-0.026646,4.902789,1.524885,0.036943,-0.788329,0.038552,-0.045130,OK
1782,17.820000,14.755288,-0.025923,4.857589,1.508503,0.036549,-0.779499,0.038248,-0.045389,OK
1783,17.830000,14.759611,-0.025197,4.811610,1.491882,0.036149,-0.770551,0.037939,-0.045641,OK
1784,17.840000,14.763943,-0.024467,4.764860,1.475026,0.035743,-0.761485,0.037623,-0.045885,OK
1785,17.850000,14.768285,-0.023734,4.717346,1.457937,0.035332,-0.752305,0.037302,-0.046123,OK
1786,17.860000,14.772635,-0.022998,4.669073,1.440618,0.034915,-0.743010,0.036975,-0.046353,OK
1787,17.870000,14.776994,-0.022259,4.620050,1.423071,0.034492,-0.733603,0.036643,-0.046575,OK
1788,17.880000,14.781361,-0.021517,4.570283,1.405300,0.034064,-0.724086,0.036305,-0.046790,OK
1789,17.890000,14.785736,-0.020772,4.519780,1.387307,0.033631,-0.714459,0.035962,-0.046998,OK
1790,17.900000,14.790120,-0.020024,4.468549,1.369094,0.033193,-0.704725,0.035614,-0.047198,OK
1791,17.910000,14.794511,-0.019274,4.416596,1.350666,0.032749,-0.694885,0.035260,-0.047391,OK
1792,17.920000,14.798910,-0.018521,4.363930,1.332024,0.032300,-0.684941,0.034901,-0.047576,OK
1793,17.930000,14.803316,-0.017766,4.310559,1.313172,0.031846,-0.674894,0.034537,-0.047754,OK
1794,17.940000,14.807729,-0.017009,4.256491,1.294112,0.031387,-0.664747,0.034167,-0.047924,OK
1795,17.950000,14.812149,-0.016250,4.201733,1.274848,0.030923,-0.654500,0.033793,-0.048087,OK
1796,17.960000,14.816576,-0.015489,4.146293,1.255383,0.030454,-0.644156,0.033414,-0.048241,OK
1797,17.970000,14.821009,-0.014726,4.090181,1.235719,0.029980,-0.633716,0.033030,-0.048389,OK
1798,17.980000,14.825449,-0.013962,4.033404,1.215861,0.029501,-0.623181,0.032641,-0.048528,OK
1799,17.990000,14.829894,-0.013196,3.975971,1.195810,0.029018,-0.612555,0.032248,-0.048660,OK
1800,18.000000,14.834345,-0.012429,3.917891,1.175571,0.028531,-0.601838,0.031850,-0.048785,OK
1801,18.010000,14.838802,-0.011661,3.859172,1.155145,0.028039,-0.591032,0.031447,-0.048901,OK
1802,18.020000,14.843264,-0.010892,3.799823,1.134538,0.027542,-0.580139,0.031040,-0.049010,OK
1803,18.030000,14.847731,-0.010122,3.739853,1.113751,0.027041,-0.569161,0.030629,-0.049111,OK
1804,18.040000,14.852203,-0.009352,3.679271,1.092789,0.026536,-0.558099,0.030214,-0.049205,OK
1805,18.050000,14.856680,-0.008581,3.618086,1.071654,0.026027,-0.546955,0.029794,-0.049291,OK
1806,18.060000,14.861161,-0.007809,3.556308,1.050349,0.025513,-0.535732,0.029370,-0.049369,OK
1807,18.070000,14.865646,-0.007038,3.493945,1.028879,0.024996,-0.524431,0.028942,-0.049439,OK
1808,18.080000,14.870136,-0.006266,3.431008,1.007246,0.024474,-0.513053,0.028511,-0.049502,OK
1809,18.090000,14.874629,-0.005495,3.367506,0.985455,0.023949,-0.501601,0.028075,-0.049557,OK
1810,18.100000,14.879125,-0.004724,3.303448,0.963507,0.023420,-0.490077,0.027636,-0.049604,OK
1811,18.110000,14.883625,-0.003953,3.238844,0.941408,0.022888,-0.478482,0.027194,-0.049644,OK
1812,18.120000,14.888128,-0.003183,3.173704,0.919160,0.022351,-0.466818,0.026747,-0.049675,OK
1813,18.130000,14.892633,-0.002413,3.108038,0.896766,0.021812,-0.455087,0.026298,-0.049700,OK
1814,18.140000,14.897142,-0.001645,3.041856,0.874232,0.021268,-0.443291,0.025845,-0.049716,OK
1815,18.150000,14.901652,-0.000877,2.975167,0.851559,0.020722,-0.431433,0.025388,-0.049725,OK
1816,18.160000,14.906165,-0.000110,2.907983,0.828751,0.020172,-0.419513,0.024929,-0.049726,OK
1817,18.170000,14.910680,0.000655,2.840313,0.805813,0.019619,-0.407533,0.024467,-0.049719,OK
1818,18.180000,14.915196,0.001419,2.772168,0.782747,0.019063,-0.395497,0.024001,-0.049705,OK
1819,18.190000,14.919714,0.002181,2.703557,0.759558,0.018504,-0.383405,0.023533,-0.049683,OK
1820,18.200000,14.924233,0.002941,2.634493,0.736249,0.017942,-0.371260,0.023062,-0.049654,OK
1821,18.210000,14.928753,0.003700,2.564984,0.712824,0.017377,-0.359063,0.022589,-0.049617,OK
1822,18.220000,14.933274,0.004456,2.495042,0.689286,0.016810,-0.346817,0.022112,-0.049572,OK
1823,18.230000,14.937796,0.005210,2.424678,0.665639,0.016240,-0.334523,0.021634,-0.049520,OK
1824,18.240000,14.942317,0.005962,2.353901,0.641887,0.015667,-0.322183,0.021153,-0.049461,OK
1825,18.250000,14.946839,0.006712,2.282724,0.618034,0.015092,-0.309800,0.020670,-0.049393,OK
1826,18.260000,14.951361,0.007459,2.211156,0.594083,0.014515,-0.297375,0.020184,-0.049319,OK
1827,18.270000,14.955883,0.008203,2.139209,0.570039,0.013935,-0.284910,0.019697,-0.049237,OK
1828,18.280000,14.960404,0.008944,2.066894,0.545904,0.013353,-0.272408,0.019207,-0.049147,OK
1829,18.290000,14.964924,0.009683,1.994222,0.521683,0.012769,-0.259870,0.018716,-0.049051,OK
1830,18.300000,14.969444,0.010418,1.921204,0.497380,0.012183,-0.247298,0.018223,-0.048946,OK
1831,18.310000,14.973962,0.011150,1.847851,0.472998,0.011596,-0.234694,0.017728,-0.048835,OK
1832,18.320000,14.978479,0.011878,1.774176,0.448542,0.011006,-0.222061,0.017231,-0.048716,OK
1833,18.330000,14.982994,0.012603,1.700189,0.424014,0.010415,-0.209400,0.016733,-0.048590,OK
1834,18.340000,14.987507,0.013324,1.625901,0.399420,0.009822,-0.196714,0.016234,-0.048457,OK
1835,18.350000,14.992019,0.014042,1.551326,0.374763,0.009227,-0.184003,0.015733,-0.048316,OK
1836,18.360000,14.996528,0.014755,1.476474,0.350046,0.008631,-0.171271,0.015231,-0.048169,OK
1837,18.370000,15.001034,0.015466,1.401358,0.325274,0.008034,-0.158520,0.014728,-0.048014,OK
1838,18.380000,15.005538,0.016172,1.325990,0.300451,0.007436,-0.145751,0.014223,-0.047853,OK
1839,18.390000,15.010039,0.016874,1.250382,0.275581,0.006836,-0.132967,0.013717,-0.047684,OK
1840,18.400000,15.014537,0.017573,1.174546,0.250666,0.006235,-0.120169,0.013210,-0.047508,OK
1841,18.410000,15.019032,0.018267,1.098494,0.225713,0.005634,-0.107360,0.012702,-0.047325,OK
1842,18.420000,15.023523,0.018958,1.022239,0.200723,0.005031,-0.094542,0.012193,-0.047136,OK
1843,18.430000,15.028010,0.019644,0.945793,0.175702,0.004428,-0.081716,0.011684,-0.046939,OK
1844,18.440000,15.032494,0.020325,0.869168,0.150654,0.003824,-0.068885,0.011173,-0.046736,OK
1845,18.450000,15.036973,0.021002,0.792376,0.125581,0.003219,-0.056051,0.010662,-0.046526,OK
1846,18.460000,15.041448,0.021674,0.715430,0.100489,0.002614,-0.043216,0.010150,-0.046309,OK
1847,18.470000,15.045918,0.022342,0.638341,0.075380,0.002009,-0.030381,0.009638,-0.046086,OK
1848,18.480000,15.050384,0.023004,0.561122,0.050260,0.001403,-0.017548,0.009126,-0.045856,OK
1849,18.490000,15.054844,0.023661,0.483786,0.025132,0.000797,-0.004720,0.008613,-0.045619,OK
1850,18.500000,15.059300,0.024312,0.406344,0.000000,0.000191,0.008101,0.008101,-0.045376,OK
1851,18.510000,15.063750,0.024958,0.328810,-0.025132,-0.000415,0.020914,0.007589,-0.045127,OK
1852,18.520000,15.068195,0.025597,0.251194,-0.050260,-0.001020,0.033716,0.007077,-0.044871,OK
1853,18.530000,15.072634,0.026231,0.173510,-0.075380,-0.001626,0.046506,0.006566,-0.044608,OK
1854,18.540000,15.077067,0.026859,0.095769,-0.100489,-0.002231,0.059282,0.006055,-0.044340,OK
1855,18.550000,15.081494,0.027480,0.017985,-0.125581,-0.002836,0.072042,0.005545,-0.044065,OK
1856,18.560000,15.085915,0.028095,-0.059831,-0.150654,-0.003441,0.084783,0.005035,-0.043784,OK
1857,18.570000,15.090329,0.028703,-0.137667,-0.175702,-0.004045,0.097504,0.004527,-0.043497,OK
1858,18.580000,15.094737,0.029304,-0.215510,-0.200723,-0.004648,0.110203,0.004019,-0.043204,OK
1859,18.590000,15.099138,0.029899,-0.293347,-0.225713,-0.005250,0.122878,0.003513,-0.042905,OK
1860,18.600000,15.103532,0.030487,-0.371167,-0.250666,-0.005852,0.135526,0.003008,-0.042600,OK
1861,18.610000,15.107918,0.031069,-0.448957,-0.275581,-0.006453,0.148147,0.002504,-0.042289,OK
1862,18.620000,15.112298,0.031643,-0.526705,-0.300451,-0.007052,0.160737,0.002001,-0.041973,OK
1863,18.630000,15.116669,0.032210,-0.604398,-0.325274,-0.007651,0.173295,0.001499,-0.041651,OK
1864,18.640000,15.121033,0.032771,-0.682025,-0.350046,-0.008248,0.185819,0.000999,-0.041323,OK
1865,18.650000,15.125390,0.033324,-0.759573,-0.374763,-0.008844,0.198308,0.000500,-0.040990,OK
1866,18.660000,15.129738,0.033871,-0.837029,-0.399420,-0.009438,0.210758,0.000003,-0.040651,OK
1867,18.670000,15.134078,0.034411,-0.914381,-0.424014,-0.010031,0.223168,-0.000493,-0.040307,OK
1868,18.680000,15.138409,0.034943,-0.991618,-0.448542,-0.010622,0.235537,-0.000987,-0.039958,OK
1869,18.690000,15.142732,0.035469,-1.068726,-0.472998,-0.011212,0.247862,-0.001480,-0.039603,OK
1870,18.700000,15.147047,0.035987,-1.145693,-0.497380,-0.011799,0.260141,-0.001971,-0.039243,OK
1871,18.710000,15.151352,0.036499,-1.222507,-0.521683,-0.012385,0.272372,-0.002460,-0.038878,OK
1872,18.720000,15.155648,0.037003,-1.299156,-0.545904,-0.012969,0.284554,-0.002948,-0.038508,OK
1873,18.730000,15.159936,0.037500,-1.375628,-0.570039,-0.013551,0.296684,-0.003434,-0.038133,OK
1874,18.740000,15.164213,0.037990,-1.451909,-0.594083,-0.014130,0.308761,-0.003918,-0.037753,OK
1875,18.750000,15.168482,0.038473,-1.527989,-0.618034,-0.014708,0.320783,-0.004400,-0.037368,OK
1876,18.760000,15.172741,0.038949,-1.603854,-0.641887,-0.015283,0.332748,-0.004880,-0.036979,OK
1877,18.770000,15.176990,0.039417,-1.679493,-0.665639,-0.015855,0.344654,-0.005358,-0.036585,OK
1878,18.780000,15.181229,0.039878,-1.754893,-0.689286,-0.016425,0.356499,-0.005834,-0.036186,OK
1879,18.790000,15.185458,0.040331,-1.830042,-0.712824,-0.016993,0.368282,-0.006308,-0.035783,OK
1880,18.800000,15.189676,0.040778,-1.904929,-0.736249,-0.017557,0.380001,-0.006779,-0.035375,OK
1881,18.810000,15.193885,0.041216,-1.979540,-0.759558,-0.018119,0.391653,-0.007248,-0.034963,OK
1882,18.820000,15.198083,0.041647,-2.053865,-0.782747,-0.018678,0.403238,-0.007715,-0.034546,OK
1883,18.830000,15.202270,0.042070,-2.127890,-0.805813,-0.019234,0.414753,-0.008179,-0.034126,OK
1884,18.840000,15.206447,0.042486,-2.201605,-0.828751,-0.019787,0.426196,-0.008641,-0.033701,OK
1885,18.850000,15.210612,0.042894,-2.274996,-0.851559,-0.020337,0.437567,-0.009101,-0.033272,OK
1886,18.860000,15.214767,0.043294,-2.348054,-0.874232,-0.020883,0.448863,-0.009557,-0.032839,OK
1887,18.870000,15.218910,0.043686,-2.420764,-0.896766,-0.021427,0.460082,-0.010011,-0.032402,OK
1888,18.880000,15.223042,0.044071,-2.493117,-0.919160,-0.021966,0.471223,-0.010462,-0.031961,OK
1889,18.890000,15.227163,0.044448,-2.565100,-0.941408,-0.022503,0.482284,-0.010910,-0.031517,OK
1890,18.900000,15.231272,0.044816,-2.636702,-0.963507,-0.023036,0.493263,-0.011355,-0.031069,OK
1891,18.910000,15.235370,0.045177,-2.707911,-0.985455,-0.023565,0.504160,-0.011798,-0.030617,OK
1892,18.920000,15.239456,0.045529,-2.778715,-1.007246,-0.024090,0.514971,-0.012237,-0.030162,OK
1893,18.930000,15.243530,0.045874,-2.849104,-1.028879,-0.024611,0.525696,-0.012673,-0.029703,OK
1894,18.940000,15.247592,0.046211,-2.919065,-1.050349,-0.025129,0.536332,-0.013106,-0.029241,OK
1895,18.950000,15.251641,0.046539,-2.988589,-1.071654,-0.025642,0.546879,-0.013536,-0.028775,OK
1896,18.960000,15.255679,0.046860,-3.057662,-1.092789,-0.026152,0.557334,-0.013963,-0.028307,OK
1897,18.970000,15.259704,0.047172,-3.126275,-1.113751,-0.026657,0.567697,-0.014386,-0.027835,OK
1898,18.980000,15.263717,0.047477,-3.194417,-1.134538,-0.027158,0.577965,-0.014806,-0.027360,OK
1899,18.990000,15.267717,0.047773,-3.262075,-1.155145,-0.027655,0.588137,-0.015223,-0.026882,OK
1900,19.000000,15.271705,0.048061,-3.329239,-1.175571,-0.028148,0.598211,-0.015636,-0.026402,OK
1901,19.010000,15.275680,0.048341,-3.395899,-1.195810,-0.028636,0.608186,-0.016045,-0.025918,OK
1902,19.020000,15.279642,0.048613,-3.462043,-1.215861,-0.029119,0.618060,-0.016452,-0.025432,OK
1903,19.030000,15.283591,0.048877,-3.527662,-1.235719,-0.029598,0.627832,-0.016854,-0.024944,OK
1904,19.040000,15.287527,0.049132,-3.592743,-1.255383,-0.030072,0.637501,-0.017253,-0.024452,OK
1905,19.050000,15.291450,0.049379,-3.657276,-1.274848,-0.030541,0.647065,-0.017648,-0.023958,OK
1906,19.060000,15.295360,0.049618,-3.721252,-1.294112,-0.031005,0.656522,-0.018040,-0.023462,OK
1907,19.070000,15.299257,0.049849,-3.784659,-1.313172,-0.031465,0.665872,-0.018428,-0.022964,OK
1908,19.080000,15.303140,0.050072,-3.847487,-1.332024,-0.031920,0.675112,-0.018811,-0.022463,OK
1909,19.090000,15.307009,0.050286,-3.909726,-1.350666,-0.032369,0.684242,-0.019191,-0.021960,OK
1910,19.100000,15.310865,0.050491,-3.971366,-1.369094,-0.032813,0.693259,-0.019567,-0.021455,OK
1911,19.110000,15.314708,0.050689,-4.032396,-1.387307,-0.033252,0.702164,-0.019939,-0.020948,OK
1912,19.120000,15.318536,0.050878,-4.092807,-1.405300,-0.033686,0.710954,-0.020307,-0.020440,OK
1913,19.130000,15.322351,0.051058,-4.152589,-1.423071,-0.034115,0.719628,-0.020670,-0.019929,OK
1914,19.140000,15.326152,0.051230,-4.211731,-1.440618,-0.034538,0.728185,-0.021030,-0.019417,OK
1915,19.150000,15.329939,0.051394,-4.270225,-1.457937,-0.034956,0.736623,-0.021385,-0.018903,OK
1916,19.160000,15.333712,0.051549,-4.328060,-1.475026,-0.035368,0.744942,-0.021736,-0.018387,OK
1917,19.170000,15.337471,0.051695,-4.385228,-1.491882,-0.035774,0.753141,-0.022082,-0.017870,OK
1918,19.180000,15.341216,0.051833,-4.441718,-1.508503,-0.036175,0.761217,-0.022424,-0.017352,OK
1919,19.190000,15.344946,0.051963,-4.497522,-1.524885,-0.036570,0.769170,-0.022761,-0.016832,OK
1920,19.200000,15.348662,0.052084,-4.552629,-1.541026,-0.036959,0.776998,-0.023094,-0.016312,OK
1921,19.210000,15.352363,0.052196,-4.607033,-1.556925,-0.037343,0.784701,-0.023423,-0.015790,OK
1922,19.220000,15.356051,0.052300,-4.660722,-1.572577,-0.037720,0.792278,-0.023746,-0.015267,OK
1923,19.230000,15.359723,0.052395,-4.713689,-1.587981,-0.038092,0.799726,-0.024065,-0.014743,OK
1924,19.240000,15.363381,0.052481,-4.765925,-1.603134,-0.038457,0.807046,-0.024380,-0.014218,OK
1925,19.250000,15.367024,0.052559,-4.817421,-1.618034,-0.038817,0.814236,-0.024689,-0.013692,OK
1926,19.260000,15.370653,0.052629,-4.868170,-1.632679,-0.039170,0.821295,-0.024994,-0.013166,OK
1927,19.270000,15.374267,0.052690,-4.918162,-1.647065,-0.039517,0.828223,-0.025294,-0.012639,OK
1928,19.280000,15.377866,0.052742,-4.967389,-1.661192,-0.039858,0.835017,-0.025590,-0.012112,OK
1929,19.290000,15.381450,0.052786,-5.015844,-1.675056,-0.040192,0.841677,-0.025880,-0.011584,OK
1930,19.300000,15.385019,0.052822,-5.063519,-1.688656,-0.040520,0.848202,-0.026165,-0.011056,OK
1931,19.310000,15.388573,0.052849,-5.110405,-1.701989,-0.040842,0.854591,-0.026446,-0.010527,OK
1932,19.320000,15.392112,0.052868,-5.156496,-1.715053,-0.041157,0.860844,-0.026722,-0.009998,OK
1933,19.330000,15.395635,0.052878,-5.201783,-1.727847,-0.041466,0.866959,-0.026992,-0.009470,OK
1934,19.340000,15.399144,0.052881,-5.246260,-1.740368,-0.041768,0.872935,-0.027258,-0.008941,OK
1935,19.350000,15.402637,0.052875,-5.289918,-1.752613,-0.042064,0.878771,-0.027519,-0.008412,OK
1936,19.360000,15.406115,0.052860,-5.332752,-1.764582,-0.042352,0.884468,-0.027774,-0.007883,OK
1937,19.370000,15.409578,0.052838,-5.374754,-1.776273,-0.042635,0.890023,-0.028025,-0.007355,OK
1938,19.380000,15.413025,0.052807,-5.415917,-1.787683,-0.042910,0.895436,-0.028271,-0.006827,OK
1939,19.390000,15.416457,0.052768,-5.456235,-1.798811,-0.043179,0.900707,-0.028511,-0.006299,OK
1940,19.400000,15.419874,0.052721,-5.495700,-1.809654,-0.043440,0.905834,-0.028746,-0.005772,OK
1941,19.410000,15.423275,0.052666,-5.534308,-1.820212,-0.043695,0.910817,-0.028977,-0.005245,OK
1942,19.420000,15.426660,0.052602,-5.572050,-1.830482,-0.043943,0.915655,-0.029202,-0.004719,OK
1943,19.430000,15.430029,0.052531,-5.608922,-1.840464,-0.044184,0.920347,-0.029422,-0.004194,OK
1944,19.440000,15.433383,0.052452,-5.644916,-1.850154,-0.044418,0.924893,-0.029636,-0.003670,OK
1945,19.450000,15.436721,0.052365,-5.680028,-1.859553,-0.044646,0.929293,-0.029846,-0.003146,OK
1946,19.460000,15.440044,0.052269,-5.714252,-1.868658,-0.044865,0.933544,-0.030050,-0.002623,OK
1947,19.470000,15.443350,0.052166,-5.747582,-1.877468,-0.045078,0.937648,-0.030249,-0.002102,OK
1948,19.480000,15.446641,0.052055,-5.780012,-1.885981,-0.045284,0.941604,-0.030443,-0.001581,OK
1949,19.490000,15.449916,0.051936,-5.811537,-1.894197,-0.045483,0.945410,-0.030631,-0.001062,OK
1950,19.500000,15.453175,0.051810,-5.842152,-1.902113,-0.045674,0.949066,-0.030814,-0.000544,OK
1951,19.510000,15.456418,0.051675,-5.871852,-1.909729,-0.045858,0.952572,-0.030992,-0.000027,OK
1952,19.520000,15.459645,0.051533,-5.900632,-1.917044,-0.046035,0.955928,-0.031164,0.000488,OK
1953,19.530000,15.462855,0.051383,-5.928488,-1.924055,-0.046205,0.959133,-0.031331,0.001002,OK
1954,19.540000,15.466050,0.051225,-5.955414,-1.930763,-0.046367,0.962186,-0.031492,0.001515,OK
1955,19.550000,15.469229,0.051059,-5.981407,-1.937166,-0.046522,0.965087,-0.031648,0.002025,OK
1956,19.560000,15.472391,0.050886,-6.006462,-1.943263,-0.046670,0.967836,-0.031799,0.002534,OK
1957,19.570000,15.475537,0.050705,-6.030574,-1.949054,-0.046810,0.970432,-0.031944,0.003041,OK
1958,19.580000,15.478667,0.050517,-6.053740,-1.954536,-0.046943,0.972876,-0.032083,0.003546,OK
1959,19.590000,15.481780,0.050321,-6.075957,-1.959710,-0.047068,0.975166,-0.032217,0.004049,OK
1960,19.600000,15.484878,0.050118,-6.097219,-1.964575,-0.047186,0.977303,-0.032346,0.004551,OK
1961,19.610000,15.487958,0.049907,-6.117524,-1.969129,-0.047297,0.979285,-0.032469,0.005050,OK
1962,19.620000,15.491023,0.049688,-6.136869,-1.973372,-0.047400,0.981114,-0.032586,0.005547,OK
1963,19.630000,15.494071,0.049463,-6.155249,-1.977303,-0.047495,0.982789,-0.032698,0.006041,OK
1964,19.640000,15.497102,0.049229,-6.172662,-1.980923,-0.047583,0.984309,-0.032804,0.006534,OK
1965,19.650000,15.500117,0.048989,-6.189106,-1.984229,-0.047664,0.985675,-0.032905,0.007023,OK
1966,19.660000,15.503115,0.048741,-6.204576,-1.987223,-0.047737,0.986886,-0.033000,0.007511,OK
1967,19.670000,15.506097,0.048487,-6.219071,-1.989902,-0.047802,0.987942,-0.033090,0.007996,OK
1968,19.680000,15.509062,0.048225,-6.232588,-1.992267,-0.047860,0.988843,-0.033174,0.008478,OK
1969,19.690000,15.512010,0.047955,-6.245124,-1.994318,-0.047910,0.989589,-0.033252,0.008957,OK
1970,19.700000,15.514942,0.047679,-6.256677,-1.996053,-0.047953,0.990180,-0.033325,0.009434,OK
1971,19.710000,15.517856,0.047397,-6.267247,-1.997474,-0.047988,0.990616,-0.033392,0.009908,OK
1972,19.720000,15.520754,0.047107,-6.276829,-1.998579,-0.048016,0.990897,-0.033454,0.010379,OK
1973,19.730000,15.523635,0.046811,-6.285424,-1.999368,-0.048036,0.991022,-0.033510,0.010847,OK
1974,19.740000,15.526500,0.046507,-6.293028,-1.999842,-0.048048,0.990993,-0.033561,0.011312,OK
1975,19.750000,15.529347,0.046198,-6.299643,-2.000000,-0.048053,0.990808,-0.033606,0.011774,OK
1976,19.760000,15.532177,0.045881,-6.305263,-1.999842,-0.048050,0.990469,-0.033645,0.012233,OK
1977,19.770000,15.534991,0.045558,-6.309891,-1.999368,-0.048040,0.989975,-0.033679,0.012689,OK
1978,19.780000,15.537787,0.045229,-6.313525,-1.998579,-0.048022,0.989326,-0.033708,0.013141,OK
1979,19.790000,15.540566,0.044892,-6.316163,-1.997474,-0.047996,0.988523,-0.033730,0.013590,OK
1980,19.800000,15.543328,0.044549,-6.317805,-1.996053,-0.047963,0.987566,-0.033747,0.014036,OK
1981,19.810000,15.546073,0.044198,-6.318450,-1.994318,-0.047922,0.986455,-0.033758,0.014478,OK
1982,19.820000,15.548800,0.043841,-6.318098,-1.992267,-0.047874,0.985192,-0.033762,0.014916,OK
1983,19.830000,15.551511,0.043476,-6.316752,-1.989902,-0.047818,0.983775,-0.033761,0.015351,OK
1984,19.840000,15.554204,0.043105,-6.314406,-1.987223,-0.047755,0.982205,-0.033754,0.015782,OK
1985,19.850000,15.556880,0.042728,-6.311065,-1.984229,-0.047684,0.980482,-0.033741,0.016209,OK
1986,19.860000,15.559538,0.042344,-6.306728,-1.980923,-0.047605,0.978606,-0.033723,0.016632,OK
1987,19.870000,15.562179,0.041954,-6.301394,-1.977303,-0.047519,0.976579,-0.033699,0.017052,OK
1988,19.880000,15.564802,0.041559,-6.295065,-1.973372,-0.047425,0.974399,-0.033669,0.017468,OK
1989,19.890000,15.567408,0.041157,-6.287742,-1.969129,-0.047324,0.972068,-0.033634,0.017879,OK
1990,19.900000,15.569996,0.040750,-6.279425,-1.964575,-0.047216,0.969586,-0.033593,0.018287,OK
1991,19.910000,15.572567,0.040337,-6.270116,-1.959710,-0.047100,0.966953,-0.033547,0.018690,OK
1992,19.920000,15.575120,0.039918,-6.259816,-1.954536,-0.046976,0.964171,-0.033495,0.019089,OK
1993,19.930000,15.577656,0.039494,-6.248527,-1.949054,-0.046845,0.961238,-0.033438,0.019484,OK
1994,19.940000,15.580173,0.039064,-6.236249,-1.943263,-0.046707,0.958156,-0.033376,0.019875,OK
1995,19.950000,15.582673,0.038629,-6.222985,-1.937166,-0.046561,0.954926,-0.033308,0.020261,OK
1996,19.960000,15.585155,0.038189,-6.208737,-1.930763,-0.046408,0.951547,-0.033235,0.020643,OK
1997,19.970000,15.587619,0.037743,-6.193506,-1.924055,-0.046248,0.948021,-0.033156,0.021020,OK
1998,19.980000,15.590065,0.037293,-6.177295,-1.917044,-0.046080,0.944348,-0.033072,0.021393,OK
1999,19.990000,15.592494,0.036837,-6.160106,-1.909729,-0.045905,0.940528,-0.032983,0.021762,OK
2000,20.000000,15.594904,0.036376,-6.141942,-1.902113,-0.045723,0.936563,-0.032888,0.022125,OK
2001,20.010000,15.597296,0.035909,-6.122805,-1.894197,-0.045534,0.932453,-0.032788,0.022485,OK
2002,20.020000,15.599670,0.035438,-6.102698,-1.885981,-0.045337,0.928199,-0.032682,0.022839,OK
2003,20.030000,15.602026,0.034962,-6.081624,-1.877468,-0.045133,0.923801,-0.032571,0.023189,OK
2004,20.040000,15.604363,0.034481,-6.059587,-1.868658,-0.044922,0.919261,-0.032455,0.023533,OK
2005,20.050000,15.606682,0.033995,-6.036588,-1.859553,-0.044704,0.914579,-0.032333,0.023873,OK
2006,20.060000,15.608983,0.033503,-6.012633,-1.850154,-0.044479,0.909755,-0.032206,0.024208,OK
2007,20.070000,15.611266,0.033008,-5.987723,-1.840464,-0.044247,0.904791,-0.032074,0.024538,OK
2008,20.080000,15.613530,0.032507,-5.961864,-1.830482,-0.044008,0.899688,-0.031936,0.024863,OK
2009,20.090000,15.615775,0.032002,-5.935059,-1.820212,-0.043762,0.894446,-0.031793,0.025184,OK
2010,20.100000,15.618002,0.031492,-5.907311,-1.809654,-0.043509,0.889066,-0.031644,0.025498,OK
2011,20.110000,15.620210,0.030977,-5.878626,-1.798811,-0.043249,0.883549,-0.031490,0.025808,OK
2012,20.120000,15.622400,0.030458,-5.849007,-1.787683,-0.042982,0.877896,-0.031331,0.026113,OK
2013,20.130000,15.624571,0.029935,-5.818458,-1.776273,-0.042709,0.872108,-0.031167,0.026412,OK
2014,20.140000,15.626723,0.029407,-5.786985,-1.764582,-0.042429,0.866186,-0.030998,0.026706,OK
2015,20.150000,15.628857,0.028876,-5.754593,-1.752613,-0.042142,0.860130,-0.030823,0.026995,OK
2016,20.160000,15.630971,0.028340,-5.721285,-1.740368,-0.041848,0.853942,-0.030643,0.027278,OK
2017,20.170000,15.633066,0.027800,-5.687068,-1.727847,-0.041548,0.847623,-0.030458,0.027556,OK
2018,20.180000,15.635143,0.027257,-5.651946,-1.715053,-0.041241,0.841173,-0.030269,0.027829,OK
2019,20.190000,15.637200,0.026710,-5.615924,-1.701989,-0.040928,0.834594,-0.030074,0.028096,OK
2020,20.200000,15.639238,0.026159,-5.579009,-1.688656,-0.040608,0.827887,-0.029874,0.028358,OK
2021,20.210000,15.641257,0.025604,-5.541206,-1.675056,-0.040282,0.821053,-0.029669,0.028614,OK
2022,20.220000,15.643257,0.025046,-5.502520,-1.661192,-0.039949,0.814093,-0.029460,0.028864,OK
2023,20.230000,15.645238,0.024485,-5.462958,-1.647065,-0.039610,0.807007,-0.029246,0.029109,OK
2024,20.240000,15.647199,0.023921,-5.422526,-1.632679,-0.039265,0.799798,-0.029027,0.029348,OK
2025,20.250000,15.649141,0.023353,-5.381229,-1.618034,-0.038914,0.792466,-0.028803,0.029582,OK
2026,20.260000,15.651063,0.022783,-5.339075,-1.603134,-0.038556,0.785012,-0.028574,0.029810,OK
2027,20.270000,15.652965,0.022209,-5.296069,-1.587981,-0.038193,0.777438,-0.028341,0.030032,OK
2028,20.280000,15.654848,0.021633,-5.252218,-1.572577,-0.037823,0.769745,-0.028104,0.030248,OK
2029,20.290000,15.656712,0.021054,-5.207530,-1.556925,-0.037448,0.761933,-0.027862,0.030459,OK
2030,20.300000,15.658555,0.020473,-5.162010,-1.541026,-0.037066,0.754005,-0.027615,0.030663,OK
2031,20.310000,15.660379,0.019888,-5.115666,-1.524885,-0.036679,0.745961,-0.027364,0.030862,OK
2032,20.320000,15.662183,0.019302,-5.068505,-1.508503,-0.036286,0.737803,-0.027109,0.031055,OK
2033,20.330000,15.663967,0.018713,-5.020534,-1.491882,-0.035887,0.729532,-0.026849,0.031242,OK
2034,20.340000,15.665731,0.018122,-4.971761,-1.475026,-0.035482,0.721150,-0.026585,0.031423,OK
2035,20.350000,15.667475,0.017528,-4.922193,-1.457937,-0.035072,0.712657,-0.026316,0.031599,OK
2036,20.360000,15.669199,0.016933,-4.871838,-1.440618,-0.034656,0.704055,-0.026044,0.031768,OK
2037,20.370000,15.670902,0.016335,-4.820703,-1.423071,-0.034235,0.695345,-0.025767,0.031931,OK
2038,20.380000,15.672586,0.015736,-4.768797,-1.405300,-0.033809,0.686530,-0.025486,0.032089,OK
2039,20.390000,15.674249,0.015135,-4.716128,-1.387307,-0.033377,0.677609,-0.025201,0.032240,OK
2040,20.400000,15.675892,0.014532,-4.662703,-1.369094,-0.032940,0.668584,-0.024912,0.032385,OK
2041,20.410000,15.677514,0.013927,-4.608531,-1.350666,-0.032497,0.659458,-0.024619,0.032525,OK
2042,20.420000,15.679116,0.013321,-4.553620,-1.332024,-0.032050,0.650231,-0.024322,0.032658,OK
2043,20.430000,15.680697,0.012714,-4.497979,-1.313172,-0.031597,0.640904,-0.024021,0.032785,OK
2044,20.440000,15.682258,0.012105,-4.441617,-1.294112,-0.031140,0.631480,-0.023716,0.032906,OK
2045,20.450000,15.683797,0.011494,-4.384542,-1.274848,-0.030677,0.621960,-0.023407,0.033021,OK
2046,20.460000,15.685317,0.010883,-4.326764,-1.255383,-0.030210,0.612344,-0.023095,0.033130,OK
2047,20.470000,15.686815,0.010271,-4.268290,-1.235719,-0.029738,0.602636,-0.022779,0.033233,OK
2048,20.480000,15.688293,0.009658,-4.209131,-1.215861,-0.029261,0.592835,-0.022459,0.033329,OK
2049,20.490000,15.689749,0.009044,-4.149295,-1.195810,-0.028779,0.582944,-0.022136,0.033420,OK
2050,20.500000,15.691185,0.008429,-4.088792,-1.175571,-0.028293,0.572964,-0.021809,0.033504,OK
2051,20.510000,15.692599,0.007813,-4.027632,-1.155145,-0.027803,0.562897,-0.021479,0.033582,OK
2052,20.520000,15.693993,0.007197,-3.965823,-1.134538,-0.027308,0.552745,-0.021145,0.033654,OK
2053,20.530000,15.695365,0.006581,-3.903376,-1.113751,-0.026809,0.542508,-0.020809,0.033720,OK
2054,20.540000,15.696716,0.005964,-3.840300,-1.092789,-0.026306,0.532188,-0.020468,0.033779,OK
2055,20.550000,15.698046,0.005348,-3.776606,-1.071654,-0.025798,0.521788,-0.020125,0.033833,OK
2056,20.560000,15.699354,0.004731,-3.712302,-1.050349,-0.025287,0.511308,-0.019779,0.033880,OK
2057,20.570000,15.700641,0.004114,-3.647400,-1.028879,-0.024771,0.500750,-0.019429,0.033921,OK
2058,20.580000,15.701907,0.003497,-3.581909,-1.007246,-0.024251,0.490116,-0.019077,0.033956,OK
2059,20.590000,15.703151,0.002881,-3.515841,-0.985455,-0.023728,0.479408,-0.018721,0.033985,OK
2060,20.600000,15.704373,0.002265,-3.449204,-0.963507,-0.023201,0.468627,-0.018363,0.034008,OK
2061,20.610000,15.705574,0.001649,-3.382010,-0.941408,-0.022670,0.457774,-0.018002,0.034024,OK
2062,20.620000,15.706753,0.001034,-3.314269,-0.919160,-0.022136,0.446852,-0.017638,0.034035,OK
2063,20.630000,15.707910,0.000420,-3.245992,-0.896766,-0.021598,0.435862,-0.017271,0.034039,OK
2064,20.640000,15.709046,-0.000194,-3.177189,-0.874232,-0.021057,0.424806,-0.016902,0.034037,OK
2065,20.650000,15.710160,-0.000807,-3.107872,-0.851559,-0.020513,0.413686,-0.016530,0.034029,OK
2066,20.660000,15.711251,-0.001418,-3.038052,-0.828751,-0.019965,0.402502,-0.016156,0.034015,OK
2067,20.670000,15.712321,-0.002029,-2.967739,-0.805813,-0.019414,0.391258,-0.015780,0.033994,OK
2068,20.680000,15.713369,-0.002638,-2.896944,-0.782747,-0.018860,0.379954,-0.015401,0.033968,OK
2069,20.690000,15.714395,-0.003247,-2.825679,-0.759558,-0.018303,0.368592,-0.015020,0.033936,OK
2070,20.700000,15.715399,-0.003853,-2.753955,-0.736249,-0.017743,0.357175,-0.014636,0.033897,OK
2071,20.710000,15.716381,-0.004459,-2.681783,-0.712824,-0.017180,0.345703,-0.014251,0.033852,OK
2072,20.720000,15.717340,-0.005063,-2.609175,-0.689286,-0.016615,0.334179,-0.013863,0.033802,OK
2073,20.730000,15.718277,-0.005665,-2.536142,-0.665639,-0.016047,0.322605,-0.013474,0.033745,OK
2074,20.740000,15.719192,-0.006265,-2.462696,-0.641887,-0.015477,0.310981,-0.013082,0.033682,OK
2075,20.750000,15.720085,-0.006863,-2.388848,-0.618034,-0.014904,0.299311,-0.012689,0.033614,OK
2076,20.760000,15.720955,-0.007460,-2.314609,-0.594083,-0.014328,0.287595,-0.012294,0.033539,OK
2077,20.770000,15.721803,-0.008054,-2.239992,-0.570039,-0.013751,0.275835,-0.011897,0.033459,OK
2078,20.780000,15.722629,-0.008646,-2.165009,-0.545904,-0.013171,0.264034,-0.011499,0.033372,OK
2079,20.790000,15.723432,-0.009236,-2.089671,-0.521683,-0.012589,0.252193,-0.011099,0.033280,OK
2080,20.800000,15.724213,-0.009823,-2.013989,-0.497380,-0.012006,0.240314,-0.010697,0.033182,OK
2081,20.810000,15.724971,-0.010408,-1.937977,-0.472998,-0.011420,0.228398,-0.010294,0.033078,OK
2082,20.820000,15.725706,-0.010990,-1.861646,-0.448542,-0.010833,0.216448,-0.009890,0.032968,OK
2083,20.830000,15.726419,-0.011569,-1.785008,-0.424014,-0.010243,0.204465,-0.009484,0.032852,OK
2084,20.840000,15.727110,-0.012146,-1.708076,-0.399420,-0.009653,0.192451,-0.009078,0.032731,OK
2085,20.850000,15.727777,-0.012720,-1.630862,-0.374763,-0.009060,0.180409,-0.008670,0.032603,OK
2086,20.860000,15.728422,-0.013291,-1.553379,-0.350046,-0.008467,0.168339,-0.008261,0.032470,OK
2087,20.870000,15.729045,-0.013859,-1.475639,-0.325274,-0.007872,0.156244,-0.007850,0.032332,OK
2088,20.880000,15.729645,-0.014425,-1.397655,-0.300451,-0.007275,0.144125,-0.007439,0.032188,OK
2089,20.890000,15.730222,-0.014987,-1.319440,-0.275581,-0.006678,0.131986,-0.007026,0.032038,OK
2090,20.900000,15.730776,-0.015547,-1.241007,-0.250666,-0.006079,0.119826,-0.006613,0.031882,OK
2091,20.910000,15.731307,-0.016104,-1.162369,-0.225713,-0.005480,0.107649,-0.006198,0.031721,OK
2092,20.920000,15.731816,-0.016658,-1.083539,-0.200723,-0.004880,0.095457,-0.005783,0.031555,OK
2093,20.930000,15.732302,-0.017209,-1.004529,-0.175702,-0.004279,0.083250,-0.005366,0.031383,OK
2094,20.940000,15.732765,-0.017757,-0.925352,-0.150654,-0.003677,0.071031,-0.004949,0.031205,OK
2095,20.950000,15.733205,-0.018301,-0.846022,-0.125581,-0.003074,0.058802,-0.004530,0.031022,OK
2096,20.960000,15.733622,-0.018842,-0.766550,-0.100489,-0.002472,0.046565,-0.004112,0.030834,OK
2097,20.970000,15.734017,-0.019379,-0.686951,-0.075380,-0.001868,0.034321,-0.003692,0.030640,OK
2098,20.980000,15.734388,-0.019913,-0.607236,-0.050260,-0.001265,0.022072,-0.003273,0.030441,OK
2099,20.990000,15.734737,-0.020442,-0.527419,-0.025132,-0.000661,0.009820,-0.002853,0.030236,OK
2100,21.000000,15.735063,-0.020968,-0.447512,-0.000000,-0.000057,-0.002432,-0.002432,0.030027,OK
2101,21.010000,15.735366,-0.021490,-0.367530,0.025132,0.000546,-0.014685,-0.002012,0.029812,OK
2102,21.020000,15.735646,-0.022007,-0.287483,0.050260,0.001150,-0.026934,-0.001592,0.029592,OK
2103,21.030000,15.735904,-0.022520,-0.207386,0.075380,0.001754,-0.039179,-0.001171,0.029366,OK
2104,21.040000,15.736138,-0.023028,-0.127251,0.100489,0.002357,-0.051418,-0.000751,0.029136,OK
2105,21.050000,15.736350,-0.023532,-0.047091,0.125581,0.002960,-0.063649,-0.000331,0.028901,OK
2106,21.060000,15.736539,-0.024031,0.033081,0.150654,0.003562,-0.075869,0.000088,0.028660,OK
2107,21.070000,15.736705,-0.024525,0.113252,0.175702,0.004164,-0.088078,0.000508,0.028415,OK
2108,21.080000,15.736848,-0.025015,0.193409,0.200723,0.004765,-0.100274,0.000926,0.028165,OK
2109,21.090000,15.736968,-0.025500,0.273539,0.225713,0.005365,-0.112453,0.001345,0.027910,OK
2110,21.100000,15.737066,-0.025979,0.353629,0.250666,0.005965,-0.124616,0.001762,0.027650,OK
2111,21.110000,15.737141,-0.026454,0.433667,0.275581,0.006563,-0.136759,0.002180,0.027386,OK
2112,21.120000,15.737193,-0.026924,0.513640,0.300451,0.007161,-0.148881,0.002596,0.027116,OK
2113,21.130000,15.737223,-0.027389,0.593534,0.325274,0.007757,-0.160979,0.003012,0.026843,OK
2114,21.140000,15.737229,-0.027848,0.673337,0.350046,0.008352,-0.173053,0.003427,0.026564,OK
2115,21.150000,15.737214,-0.028303,0.753035,0.374763,0.008946,-0.185100,0.003841,0.026281,OK
2116,21.160000,15.737175,-0.028753,0.832617,0.399420,0.009539,-0.197118,0.004255,0.025994,OK
2117,21.170000,15.737114,-0.029197,0.912069,0.424014,0.010130,-0.209106,0.004668,0.025702,OK
2118,21.180000,15.737031,-0.029637,0.991377,0.448542,0.010719,-0.221062,0.005080,0.025405,OK
2119,21.190000,15.736925,-0.030071,1.070531,0.472998,0.011306,-0.232983,0.005491,0.025104,OK
2120,21.200000,15.736796,-0.030501,1.149515,0.497380,0.011892,-0.244868,0.005901,0.024799,OK
2121,21.210000,15.736645,-0.030925,1.228319,0.521683,0.012476,-0.256715,0.006310,0.024490,OK
2122,21.220000,15.736472,-0.031344,1.306928,0.545904,0.013058,-0.268522,0.006718,0.024177,OK
2123,21.230000,15.736276,-0.031757,1.385330,0.570039,0.013638,-0.280288,0.007125,0.023859,OK
2124,21.240000,15.736058,-0.032166,1.463512,0.594083,0.014216,-0.292011,0.007531,0.023538,OK
2125,21.250000,15.735818,-0.032569,1.541462,0.618034,0.014791,-0.303688,0.007935,0.023212,OK
2126,21.260000,15.735556,-0.032966,1.619167,0.641887,0.015365,-0.315318,0.008339,0.022882,OK
2127,21.270000,15.735271,-0.033358,1.696614,0.665639,0.015935,-0.326900,0.008741,0.022549,OK
2128,21.280000,15.734965,-0.033744,1.773789,0.689286,0.016503,-0.338431,0.009141,0.022211,OK
2129,21.290000,15.734636,-0.034125,1.850682,0.712824,0.017069,-0.349910,0.009540,0.021870,OK
2130,21.300000,15.734286,-0.034500,1.927278,0.736249,0.017632,-0.361336,0.009937,0.021525,OK
2131,21.310000,15.733913,-0.034869,2.003566,0.759558,0.018192,-0.372705,0.010333,0.021176,OK
2132,21.320000,15.733519,-0.035232,2.079534,0.782747,0.018749,-0.384017,0.010727,0.020824,OK
2133,21.330000,15.733103,-0.035589,2.155168,0.805813,0.019304,-0.395270,0.011119,0.020468,OK
2134,21.340000,15.732666,-0.035940,2.230457,0.828751,0.019855,-0.406462,0.011510,0.020109,OK
2135,21.350000,15.732206,-0.036285,2.305389,0.851559,0.020403,-0.417591,0.011898,0.019746,OK
2136,21.360000,15.731725,-0.036625,2.379951,0.874232,0.020948,-0.428656,0.012285,0.019380,OK
2137,21.370000,15.731223,-0.036959,2.454133,0.896766,0.021490,-0.439654,0.012670,0.019010,OK
2138,21.380000,15.730699,-0.037286,2.527922,0.919160,0.022028,-0.450585,0.013053,0.018637,OK
2139,21.390000,15.730154,-0.037609,2.601307,0.941408,0.022562,-0.461445,0.013435,0.018261,OK
2140,21.400000,15.729588,-0.037925,2.674276,0.963507,0.023094,-0.472235,0.013814,0.017882,OK
2141,21.410000,15.729001,-0.038236,2.746817,0.985455,0.023621,-0.482951,0.014192,0.017499,OK
2142,21.420000,15.728393,-0.038542,2.818919,1.007246,0.024145,-0.493592,0.014568,0.017114,OK
2143,21.430000,15.727763,-0.038841,2.890569,1.028879,0.024665,-0.504157,0.014942,0.016726,OK
2144,21.440000,15.727113,-0.039135,2.961758,1.050349,0.025181,-0.514644,0.015314,0.016334,OK
2145,21.450000,15.726442,-0.039424,3.032472,1.071654,0.025693,-0.525051,0.015684,0.015940,OK
2146,21.460000,15.725751,-0.039706,3.102700,1.092789,0.026201,-0.535376,0.016052,0.015543,OK
2147,21.470000,15.725038,-0.039982,3.172432,1.113751,0.026705,-0.545619,0.016418,0.015143,OK
2148,21.480000,15.724306,-0.040252,3.241656,1.134538,0.027205,-0.555778,0.016781,0.014741,OK
2149,21.490000,15.723553,-0.040517,3.310360,1.155145,0.027701,-0.565850,0.017142,0.014335,OK
2150,21.500000,15.722779,-0.040775,3.378534,1.175571,0.028192,-0.575835,0.017501,0.013928,OK
2151,21.510000,15.721986,-0.041026,3.446165,1.195810,0.028678,-0.585731,0.017857,0.013517,OK
2152,21.520000,15.721172,-0.041272,3.513244,1.215861,0.029160,-0.595536,0.018211,0.013105,OK
2153,21.530000,15.720339,-0.041510,3.579759,1.235719,0.029638,-0.605250,0.018561,0.012690,OK
2154,21.540000,15.719485,-0.041743,3.645700,1.255383,0.030111,-0.614869,0.018909,0.012272,OK
2155,21.550000,15.718612,-0.041968,3.711056,1.274848,0.030579,-0.624394,0.019255,0.011852,OK
2156,21.560000,15.717719,-0.042187,3.775816,1.294112,0.031042,-0.633823,0.019597,0.011431,OK
2157,21.570000,15.716807,-0.042400,3.839969,1.313172,0.031501,-0.643153,0.019936,0.011007,OK
2158,21.580000,15.715875,-0.042605,3.903506,1.332024,0.031954,-0.652384,0.020273,0.010581,OK
2159,21.590000,15.714924,-0.042804,3.966416,1.350666,0.032402,-0.661515,0.020606,0.010153,OK
2160,21.600000,15.713954,-0.042996,4.028689,1.369094,0.032846,-0.670543,0.020936,0.009723,OK
2161,21.610000,15.712964,-0.043181,4.090316,1.387307,0.033284,-0.679468,0.021263,0.009291,OK
2162,21.620000,15.711956,-0.043360,4.151285,1.405300,0.033717,-0.688287,0.021587,0.008857,OK
2163,21.630000,15.710929,-0.043531,4.211588,1.423071,0.034144,-0.697000,0.021908,0.008422,OK
2164,21.640000,15.709883,-0.043696,4.271214,1.440618,0.034566,-0.705605,0.022225,0.007985,OK
2165,21.650000,15.708819,-0.043854,4.330155,1.457937,0.034983,-0.714101,0.022540,0.007546,OK
2166,21.660000,15.707736,-0.044006,4.388401,1.475026,0.035394,-0.722486,0.022850,0.007106,OK
2167,21.670000,15.706635,-0.044151,4.445942,1.491882,0.035800,-0.730759,0.023158,0.006665,OK
2168,21.680000,15.705516,-0.044289,4.502771,1.508503,0.036200,-0.738919,0.023463,0.006222,OK
2169,21.690000,15.704379,-0.044421,4.558877,1.524885,0.036594,-0.746965,0.023764,0.005778,OK
2170,21.700000,15.703224,-0.044546,4.614251,1.541026,0.036982,-0.754894,0.024062,0.005332,OK
2171,21.710000,15.702050,-0.044665,4.668886,1.556925,0.037365,-0.762707,0.024356,0.004886,OK
2172,21.720000,15.700860,-0.044777,4.722773,1.572577,0.037742,-0.770401,0.024647,0.004438,OK
2173,21.730000,15.699652,-0.044883,4.775903,1.587981,0.038112,-0.777975,0.024935,0.003989,OK
2174,21.740000,15.698426,-0.044982,4.828267,1.603134,0.038477,-0.785428,0.025220,0.003539,OK
2175,21.750000,15.697183,-0.045075,4.879858,1.618034,0.038836,-0.792759,0.025501,0.003088,OK
2176,21.760000,15.695923,-0.045161,4.930668,1.632679,0.039188,-0.799967,0.025778,0.002637,OK
2177,21.770000,15.694646,-0.045241,4.980688,1.647065,0.039535,-0.807051,0.026052,0.002184,OK
2178,21.780000,15.693352,-0.045314,5.029911,1.661192,0.039875,-0.814009,0.026323,0.001731,OK
2179,21.790000,15.692042,-0.045381,5.078330,1.675056,0.040209,-0.820840,0.026590,0.001277,OK
2180,21.800000,15.690715,-0.045442,5.125936,1.688656,0.040537,-0.827544,0.026853,0.000823,OK
2181,21.810000,15.689371,-0.045496,5.172722,1.701989,0.040858,-0.834118,0.027113,0.000368,OK
2182,21.820000,15.688011,-0.045543,5.218681,1.715053,0.041173,-0.840563,0.027370,-0.000087,OK
2183,21.830000,15.686635,-0.045584,5.263806,1.727847,0.041481,-0.846877,0.027622,-0.000543,OK
2184,21.840000,15.685243,-0.045618,5.308089,1.740368,0.041783,-0.853059,0.027871,-0.000999,OK
2185,21.850000,15.683836,-0.045646,5.351524,1.752613,0.042078,-0.859108,0.028116,-0.001456,OK
2186,21.860000,15.682412,-0.045667,5.394105,1.764582,0.042366,-0.865023,0.028357,-0.001913,OK
2187,21.870000,15.680973,-0.045682,5.435824,1.776273,0.042648,-0.870804,0.028594,-0.002369,OK
2188,21.880000,15.679518,-0.045690,5.476674,1.787683,0.042923,-0.876449,0.028827,-0.002826,OK
2189,21.890000,15.678049,-0.045691,5.516651,1.798811,0.043192,-0.881957,0.029056,-0.003283,OK
2190,21.900000,15.676564,-0.045686,5.555747,1.809654,0.043453,-0.887327,0.029282,-0.003740,OK
2191,21.910000,15.675064,-0.045674,5.593956,1.820212,0.043708,-0.892559,0.029503,-0.004197,OK
2192,21.920000,15.673549,-0.045655,5.631273,1.830482,0.043956,-0.897652,0.029720,-0.004653,OK
2193,21.930000,15.672020,-0.045630,5.667692,1.840464,0.044197,-0.902605,0.029933,-0.005110,OK
2194,21.940000,15.670476,-0.045598,5.703206,1.850154,0.044430,-0.907417,0.030141,-0.005566,OK
2195,21.950000,15.668917,-0.045559,5.737812,1.859553,0.044657,-0.912088,0.030346,-0.006021,OK
2196,21.960000,15.667345,-0.045513,5.771502,1.868658,0.044877,-0.916616,0.030546,-0.006476,OK
2197,21.970000,15.665758,-0.045461,5.804273,1.877468,0.045090,-0.921001,0.030742,-0.006931,OK
2198,21.980000,15.664157,-0.045402,5.836118,1.885981,0.045296,-0.925241,0.030933,-0.007385,OK
2199,21.990000,15.662542,-0.045336,5.867034,1.894197,0.045494,-0.929338,0.031121,-0.007838,OK
2200,22.000000,15.660914,-0.045263,5.897016,1.902113,0.045686,-0.933289,0.031303,-0.008291,OK
2201,22.010000,15.659272,-0.045184,5.926058,1.909729,0.045870,-0.937094,0.031482,-0.008743,OK
2202,22.020000,15.657617,-0.045098,5.954157,1.917044,0.046047,-0.940753,0.031656,-0.009194,OK
2203,22.030000,15.655949,-0.045006,5.981307,1.924055,0.046216,-0.944264,0.031825,-0.009644,OK
2204,22.040000,15.654267,-0.044906,6.007506,1.930763,0.046379,-0.947628,0.031990,-0.010093,OK
2205,22.050000,15.652573,-0.044801,6.032749,1.937166,0.046534,-0.950843,0.032151,-0.010541,OK
2206,22.060000,15.650866,-0.044688,6.057032,1.943263,0.046682,-0.953909,0.032307,-0.010988,OK
2207,22.070000,15.649146,-0.044569,6.080352,1.949054,0.046822,-0.956826,0.032458,-0.011433,OK
2208,22.080000,15.647414,-0.044443,6.102705,1.954536,0.046955,-0.959593,0.032605,-0.011878,OK
2209,22.090000,15.645669,-0.044311,6.124088,1.959710,0.047081,-0.962210,0.032747,-0.012321,OK
2210,22.100000,15.643912,-0.044172,6.144498,1.964575,0.047199,-0.964675,0.032885,-0.012763,OK
2211,22.110000,15.642143,-0.044027,6.163931,1.969129,0.047310,-0.966990,0.033018,-0.013203,OK
2212,22.120000,15.640362,-0.043875,6.182384,1.973372,0.047413,-0.969153,0.033146,-0.013642,OK
2213,22.130000,15.638569,-0.043716,6.199856,1.977303,0.047509,-0.971163,0.033269,-0.014079,OK
2214,22.140000,15.636765,-0.043551,6.216343,1.980923,0.047597,-0.973021,0.033388,-0.014514,OK
2215,22.150000,15.634949,-0.043380,6.231843,1.984229,0.047678,-0.974727,0.033502,-0.014948,OK
2216,22.160000,15.633122,-0.043201,6.246354,1.987223,0.047751,-0.976279,0.033611,-0.015380,OK
2217,22.170000,15.631283,-0.043017,6.259873,1.989902,0.047817,-0.977678,0.033715,-0.015810,OK
2218,22.180000,15.629434,-0.042826,6.272399,1.992267,0.047875,-0.978923,0.033815,-0.016239,OK
2219,22.190000,15.627575,-0.042628,6.283931,1.994318,0.047926,-0.980015,0.033909,-0.016665,OK
2220,22.200000,15.625705,-0.042424,6.294465,1.996053,0.047969,-0.980952,0.033999,-0.017089,OK
2221,22.210000,15.623825,-0.042214,6.304002,1.997474,0.048005,-0.981734,0.034084,-0.017511,OK
2222,22.220000,15.621935,-0.041998,6.312538,1.998579,0.048033,-0.982362,0.034164,-0.017931,OK
2223,22.230000,15.620036,-0.041775,6.320074,1.999368,0.048053,-0.982835,0.034240,-0.018349,OK
2224,22.240000,15.618127,-0.041547,6.326608,1.999842,0.048066,-0.983154,0.034310,-0.018765,OK
2225,22.250000,15.616209,-0.041311,6.332140,2.000000,0.048071,-0.983317,0.034376,-0.019178,OK
2226,22.260000,15.614281,-0.041070,6.336668,1.999842,0.048069,-0.983325,0.034436,-0.019588,OK
2227,22.270000,15.612345,-0.040822,6.340192,1.999368,0.048059,-0.983179,0.034492,-0.019997,OK
2228,22.280000,15.610400,-0.040568,6.342713,1.998579,0.048042,-0.982877,0.034542,-0.020402,OK
2229,22.290000,15.608447,-0.040308,6.344232,1.997474,0.048017,-0.982420,0.034587,-0.020805,OK
2230,22.300000,15.606486,-0.040041,6.344749,1.996053,0.047984,-0.981808,0.034627,-0.021206,OK
2231,22.310000,15.604516,-0.039766,6.344257,1.994318,0.047944,-0.981042,0.034662,-0.021603,OK
2232,22.320000,15.602538,-0.039486,6.342758,1.992267,0.047896,-0.980121,0.034690,-0.021998,OK
2233,22.330000,15.600553,-0.039198,6.340259,1.989902,0.047841,-0.979046,0.034714,-0.022390,OK
2234,22.340000,15.598559,-0.038904,6.336755,1.987223,0.047778,-0.977816,0.034732,-0.022779,OK
2235,22.350000,15.596559,-0.038603,6.332242,1.984229,0.047707,-0.976432,0.034744,-0.023165,OK
2236,22.360000,15.594552,-0.038296,6.326736,1.980923,0.047629,-0.974894,0.034752,-0.023548,OK
2237,22.370000,15.592536,-0.037983,6.320236,1.977303,0.047544,-0.973201,0.034754,-0.023928,OK
2238,22.380000,15.590514,-0.037664,6.312737,1.973372,0.047451,-0.971354,0.034751,-0.024305,OK
2239,22.390000,15.588484,-0.037339,6.304238,1.969129,0.047350,-0.969354,0.034742,-0.024678,OK
2240,22.400000,15.586448,-0.037007,6.294742,1.964575,0.047243,-0.967200,0.034728,-0.025048,OK
2241,22.410000,15.584405,-0.036670,6.284254,1.959710,0.047127,-0.964893,0.034710,-0.025415,OK
2242,22.420000,15.582355,-0.036327,6.272775,1.954536,0.047004,-0.962433,0.034685,-0.025778,OK
2243,22.430000,15.580300,-0.035978,6.260307,1.949054,0.046874,-0.959821,0.034656,-0.026138,OK
2244,22.440000,15.578237,-0.035624,6.246850,1.943263,0.046736,-0.957056,0.034621,-0.026494,OK
2245,22.450000,15.576169,-0.035264,6.232408,1.937166,0.046591,-0.954139,0.034582,-0.026847,OK
2246,22.460000,15.574095,-0.034898,6.216984,1.930763,0.046439,-0.951071,0.034537,-0.027196,OK
2247,22.470000,15.572015,-0.034527,6.200580,1.924055,0.046279,-0.947852,0.034487,-0.027541,OK
2248,22.480000,15.569929,-0.034150,6.183198,1.917044,0.046112,-0.944482,0.034431,-0.027883,OK
2249,22.490000,15.567838,-0.033767,6.164842,1.909729,0.045938,-0.940962,0.034371,-0.028220,OK
2250,22.500000,15.565741,-0.033379,6.145515,1.902113,0.045757,-0.937293,0.034305,-0.028554,OK
2251,22.510000,15.563639,-0.032986,6.125220,1.894197,0.045568,-0.933475,0.034233,-0.028884,OK
2252,22.520000,15.561531,-0.032587,6.103959,1.885981,0.045372,-0.929508,0.034157,-0.029210,OK
2253,22.530000,15.559418,-0.032182,6.081738,1.877468,0.045169,-0.925393,0.034075,-0.029532,OK
2254,22.540000,15.557301,-0.031772,6.058559,1.868658,0.044959,-0.921131,0.033988,-0.029849,OK
2255,22.550000,15.555178,-0.031356,6.034426,1.859553,0.044741,-0.916723,0.033895,-0.030163,OK
2256,22.560000,15.553050,-0.030935,6.009343,1.850154,0.044517,-0.912169,0.033797,-0.030472,OK
2257,22.570000,15.550917,-0.030508,5.983315,1.840464,0.044285,-0.907469,0.033693,-0.030777,OK
2258,22.580000,15.548780,-0.030076,5.956345,1.830482,0.044047,-0.902625,0.033585,-0.031078,OK
2259,22.590000,15.546638,-0.029639,5.928438,1.820212,0.043802,-0.897637,0.033470,-0.031374,OK
2260,22.600000,15.544492,-0.029196,5.899598,1.809654,0.043549,-0.892507,0.033351,-0.031666,OK
2261,22.610000,15.542341,-0.028748,5.869831,1.798811,0.043290,-0.887234,0.033226,-0.031954,OK
2262,22.620000,15.540186,-0.028294,5.839141,1.787683,0.043024,-0.881819,0.033095,-0.032237,OK
2263,22.630000,15.538026,-0.027836,5.807532,1.776273,0.042751,-0.876264,0.032959,-0.032515,OK
2264,22.640000,15.535862,-0.027372,5.775011,1.764582,0.042472,-0.870569,0.032818,-0.032789,OK
2265,22.650000,15.533694,-0.026904,5.741582,1.752613,0.042185,-0.864735,0.032671,-0.033058,OK
2266,22.660000,15.531522,-0.026430,5.707250,1.740368,0.041892,-0.858763,0.032519,-0.033322,OK
2267,22.670000,15.529346,-0.025952,5.672022,1.727847,0.041593,-0.852653,0.032362,-0.033582,OK
2268,22.680000,15.527166,-0.025469,5.635902,1.715053,0.041287,-0.846408,0.032200,-0.033836,OK
2269,22.690000,15.524982,-0.024981,5.598898,1.701989,0.040974,-0.840026,0.032032,-0.034086,OK
2270,22.700000,15.522794,-0.024489,5.561014,1.688656,0.040655,-0.833511,0.031859,-0.034331,OK
2271,22.710000,15.520603,-0.023992,5.522257,1.675056,0.040329,-0.826862,0.031680,-0.034571,OK
2272,22.720000,15.518407,-0.023490,5.482633,1.661192,0.039997,-0.820080,0.031497,-0.034806,OK
2273,22.730000,15.516208,-0.022984,5.442149,1.647065,0.039659,-0.813167,0.031309,-0.035036,OK
2274,22.740000,15.514006,-0.022474,5.400810,1.632679,0.039315,-0.806124,0.031115,-0.035261,OK
2275,22.750000,15.511799,-0.021960,5.358624,1.618034,0.038964,-0.798951,0.030916,-0.035480,OK
2276,22.760000,15.509590,-0.021442,5.315597,1.603134,0.038607,-0.791650,0.030712,-0.035695,OK
2277,22.770000,15.507376,-0.020919,5.271737,1.587981,0.038244,-0.784221,0.030503,-0.035904,OK
2278,22.780000,15.505160,-0.020393,5.227050,1.572577,0.037875,-0.776667,0.030290,-0.036108,OK
2279,22.790000,15.502939,-0.019863,5.181543,1.556925,0.037500,-0.768987,0.030071,-0.036306,OK
2280,22.800000,15.500716,-0.019329,5.135224,1.541026,0.037119,-0.761184,0.029847,-0.036500,OK
2281,22.810000,15.498489,-0.018791,5.088100,1.524885,0.036732,-0.753259,0.029619,-0.036688,OK
2282,22.820000,15.496259,-0.018250,5.040179,1.508503,0.036340,-0.745212,0.029385,-0.036870,OK
2283,22.830000,15.494025,-0.017705,4.991467,1.491882,0.035941,-0.737044,0.029147,-0.037047,OK
2284,22.840000,15.491788,-0.017157,4.941974,1.475026,0.035537,-0.728758,0.028904,-0.037219,OK
2285,22.850000,15.489548,-0.016606,4.891706,1.457937,0.035127,-0.720355,0.028656,-0.037385,OK
2286,22.860000,15.487305,-0.016051,4.840673,1.440618,0.034712,-0.711835,0.028403,-0.037545,OK
2287,22.870000,15.485059,-0.015493,4.788881,1.423071,0.034292,-0.703200,0.028146,-0.037700,OK
2288,22.880000,15.482809,-0.014931,4.736340,1.405300,0.033865,-0.694451,0.027884,-0.037849,OK
2289,22.890000,15.480556,-0.014367,4.683057,1.387307,0.033434,-0.685590,0.027617,-0.037993,OK
2290,22.900000,15.478300,-0.013800,4.629041,1.369094,0.032997,-0.676618,0.027345,-0.038131,OK
2291,22.910000,15.476041,-0.013230,4.574300,1.350666,0.032555,-0.667536,0.027069,-0.038263,OK
2292,22.920000,15.473779,-0.012657,4.518844,1.332024,0.032108,-0.658346,0.026789,-0.038390,OK
2293,22.930000,15.471514,-0.012081,4.462682,1.313172,0.031656,-0.649050,0.026504,-0.038511,OK
2294,22.940000,15.469246,-0.011502,4.405821,1.294112,0.031199,-0.639648,0.026214,-0.038626,OK
2295,22.950000,15.466974,-0.010921,4.348271,1.274848,0.030736,-0.630142,0.025920,-0.038735,OK
2296,22.960000,15.464700,-0.010338,4.290041,1.255383,0.030269,-0.620533,0.025622,-0.038838,OK
2297,22.970000,15.462423,-0.009752,4.231141,1.235719,0.029798,-0.610824,0.025319,-0.038936,OK
2298,22.980000,15.460142,-0.009164,4.171579,1.215861,0.029321,-0.601015,0.025012,-0.039028,OK
2299,22.990000,15.457858,-0.008574,4.111366,1.195810,0.028840,-0.591108,0.024701,-0.039113,OK
2300,23.000000,15.455572,-0.007982,4.050510,1.175571,0.028354,-0.581105,0.024385,-0.039193,OK
2301,23.010000,15.453282,-0.007387,3.989022,1.155145,0.027864,-0.571007,0.024066,-0.039267,OK
2302,23.020000,15.450989,-0.006791,3.926911,1.134538,0.027370,-0.560815,0.023742,-0.039335,OK
2303,23.030000,15.448694,-0.006193,3.864187,1.113751,0.026871,-0.550531,0.023414,-0.039397,OK
2304,23.040000,15.446395,-0.005594,3.800860,1.092789,0.026367,-0.540158,0.023083,-0.039453,OK
2305,23.050000,15.444093,-0.004993,3.736940,1.071654,0.025860,-0.529696,0.022747,-0.039503,OK
2306,23.060000,15.441788,-0.004390,3.672438,1.050349,0.025349,-0.519146,0.022407,-0.039547,OK
2307,23.070000,15.439480,-0.003786,3.607363,1.028879,0.024833,-0.508512,0.022064,-0.039584,OK
2308,23.080000,15.437169,-0.003181,3.541725,1.007246,0.024314,-0.497793,0.021717,-0.039616,OK
2309,23.090000,15.434855,-0.002575,3.475536,0.985455,0.023791,-0.486993,0.021366,-0.039642,OK
2310,23.100000,15.432538,-0.001967,3.408806,0.963507,0.023264,-0.476112,0.021011,-0.039662,OK
2311,23.110000,15.430218,-0.001359,3.341545,0.941408,0.022733,-0.465152,0.020653,-0.039675,OK
2312,23.120000,15.427895,-0.000750,3.273764,0.919160,0.022199,-0.454115,0.020292,-0.039683,OK
2313,23.130000,15.425568,-0.000140,3.205473,0.896766,0.021661,-0.443003,0.019926,-0.039684,OK
2314,23.140000,15.423239,0.000470,3.136684,0.874232,0.021120,-0.431818,0.019558,-0.039679,OK
2315,23.150000,15.420906,0.001081,3.067408,0.851559,0.020575,-0.420560,0.019186,-0.039669,OK
2316,23.160000,15.418570,0.001692,2.997655,0.828751,0.020027,-0.409232,0.018811,-0.039652,OK
2317,23.170000,15.416231,0.002303,2.927437,0.805813,0.019476,-0.397836,0.018432,-0.039629,OK
2318,23.180000,15.413889,0.002915,2.856765,0.782747,0.018922,-0.386373,0.018051,-0.039600,OK
2319,23.190000,15.411544,0.003527,2.785649,0.759558,0.018365,-0.374846,0.017666,-0.039564,OK
2320,23.200000,15.409196,0.004138,2.714102,0.736249,0.017805,-0.363255,0.017278,-0.039523,OK
2321,23.210000,15.406844,0.004750,2.642134,0.712824,0.017243,-0.351603,0.016888,-0.039475,OK
2322,23.220000,15.404489,0.005361,2.569757,0.689286,0.016677,-0.339892,0.016494,-0.039422,OK
2323,23.230000,15.402131,0.005972,2.496983,0.665639,0.016109,-0.328123,0.016098,-0.039362,OK
2324,23.240000,15.399770,0.006583,2.423823,0.641887,0.015538,-0.316298,0.015698,-0.039296,OK
2325,23.250000,15.397405,0.007193,2.350288,0.618034,0.014965,-0.304419,0.015296,-0.039224,OK
2326,23.260000,15.395037,0.007802,2.276390,0.594083,0.014390,-0.292488,0.014892,-0.039146,OK
2327,23.270000,15.392666,0.008411,2.202141,0.570039,0.013812,-0.280506,0.014485,-0.039062,OK
2328,23.280000,15.390292,0.009018,2.127553,0.545904,0.013232,-0.268477,0.014075,-0.038972,OK
2329,23.290000,15.387914,0.009625,2.052637,0.521683,0.012650,-0.256400,0.013663,-0.038876,OK
2330,23.300000,15.385533,0.010230,1.977405,0.497380,0.012066,-0.244279,0.013248,-0.038773,OK
2331,23.310000,15.383149,0.010835,1.901869,0.472998,0.011480,-0.232116,0.012832,-0.038665,OK
2332,23.320000,15.380761,0.011438,1.826042,0.448542,0.010892,-0.219911,0.012413,-0.038551,OK
2333,23.330000,15.378370,0.012039,1.749934,0.424014,0.010303,-0.207667,0.011992,-0.038430,OK
2334,23.340000,15.375975,0.012639,1.673559,0.399420,0.009711,-0.195386,0.011568,-0.038304,OK
2335,23.350000,15.373578,0.013238,1.596929,0.374763,0.009119,-0.183071,0.011143,-0.038172,OK
2336,23.360000,15.371177,0.013835,1.520056,0.350046,0.008525,-0.170722,0.010716,-0.038033,OK
2337,23.370000,15.368772,0.014430,1.442953,0.325274,0.007929,-0.158341,0.010286,-0.037889,OK
2338,23.380000,15.366364,0.015024,1.365632,0.300451,0.007332,-0.145932,0.009855,-0.037739,OK
2339,23.390000,15.363952,0.015616,1.288106,0.275581,0.006734,-0.133495,0.009422,-0.037583,OK
2340,23.400000,15.361537,0.016207,1.210388,0.250666,0.006135,-0.121034,0.008986,-0.037420,OK
2341,23.410000,15.359119,0.016795,1.132490,0.225713,0.005535,-0.108548,0.008549,-0.037253,OK
2342,23.420000,15.356697,0.017382,1.054424,0.200723,0.004935,-0.096042,0.008110,-0.037079,OK
2343,23.430000,15.354272,0.017966,0.976203,0.175702,0.004333,-0.083516,0.007670,-0.036899,OK
2344,23.440000,15.351843,0.018549,0.897841,0.150654,0.003731,-0.070973,0.007227,-0.036714,OK
2345,23.450000,15.349410,0.019129,0.819348,0.125581,0.003128,-0.058414,0.006784,-0.036522,OK
2346,23.460000,15.346974,0.019707,0.740739,0.100489,0.002524,-0.045841,0.006339,-0.036325,OK
2347,23.470000,15.344535,0.020282,0.662026,0.075380,0.001920,-0.033257,0.005892,-0.036122,OK
2348,23.480000,15.342092,0.020854,0.583220,0.050260,0.001316,-0.020663,0.005444,-0.035914,OK
2349,23.490000,15.339645,0.021424,0.504336,0.025132,0.000712,-0.008062,0.004996,-0.035700,OK
2350,23.500000,15.337195,0.021990,0.425385,0.000000,0.000107,0.004546,0.004546,-0.035480,OK
2351,23.510000,15.334742,0.022554,0.346380,-0.025132,-0.000497,0.017157,0.004095,-0.035254,OK
2352,23.520000,15.332284,0.023114,0.267334,-0.050260,-0.001102,0.029770,0.003643,-0.035023,OK
2353,23.530000,15.329824,0.023671,0.188259,-0.075380,-0.001706,0.042383,0.003191,-0.034786,OK
2354,23.540000,15.327359,0.024224,0.109168,-0.100489,-0.002310,0.054994,0.002738,-0.034544,OK
2355,23.550000,15.324891,0.024773,0.030074,-0.125581,-0.002913,0.067600,0.002284,-0.034296,OK
2356,23.560000,15.322420,0.025319,-0.049011,-0.150654,-0.003517,0.080201,0.001830,-0.034043,OK
2357,23.570000,15.319945,0.025862,-0.128074,-0.175702,-0.004119,0.092794,0.001375,-0.033785,OK
2358,23.580000,15.317466,0.026400,-0.207103,-0.200723,-0.004721,0.105377,0.000920,-0.033521,OK
2359,23.590000,15.314984,0.026935,-0.286084,-0.225713,-0.005322,0.117947,0.000465,-0.033251,OK
2360,23.600000,15.312498,0.027465,-0.365006,-0.250666,-0.005923,0.130504,0.000009,-0.032977,OK
2361,23.610000,15.310009,0.027992,-0.443856,-0.275581,-0.006522,0.143045,-0.000447,-0.032697,OK
2362,23.620000,15.307516,0.028514,-0.522620,-0.300451,-0.007121,0.155568,-0.000903,-0.032411,OK
2363,23.630000,15.305020,0.029032,-0.601287,-0.325274,-0.007718,0.168070,-0.001359,-0.032121,OK
2364,23.640000,15.302520,0.029547,-0.679845,-0.350046,-0.008314,0.180551,-0.001815,-0.031826,OK
2365,23.650000,15.300016,0.030057,-0.758280,-0.374763,-0.008909,0.193008,-0.002271,-0.031525,OK
2366,23.660000,15.297509,0.030562,-0.836579,-0.399420,-0.009503,0.205439,-0.002728,-0.031219,OK
2367,23.670000,15.294998,0.031064,-0.914732,-0.424014,-0.010094,0.217842,-0.003184,-0.030909,OK
2368,23.680000,15.292484,0.031561,-0.992724,-0.448542,-0.010685,0.230214,-0.003640,-0.030593,OK
2369,23.690000,15.289967,0.032053,-1.070544,-0.472998,-0.011273,0.242555,-0.004096,-0.030273,OK
2370,23.700000,15.287446,0.032542,-1.148179,-0.497380,-0.011860,0.254862,-0.004551,-0.029947,OK
2371,23.710000,15.284921,0.033025,-1.225616,-0.521683,-0.012445,0.267134,-0.005007,-0.029617,OK
2372,23.720000,15.282393,0.033504,-1.302844,-0.545904,-0.013028,0.279367,-0.005462,-0.029282,OK
2373,23.730000,15.279862,0.033979,-1.379850,-0.570039,-0.013610,0.291560,-0.005916,-0.028942,OK
2374,23.740000,15.277327,0.034449,-1.456621,-0.594083,-0.014188,0.303712,-0.006370,-0.028598,OK
2375,23.750000,15.274788,0.034914,-1.533146,-0.618034,-0.014765,0.315821,-0.006824,-0.028249,OK
2376,23.760000,15.272247,0.035374,-1.609412,-0.641887,-0.015339,0.327883,-0.007277,-0.027895,OK
2377,23.770000,15.269702,0.035829,-1.685406,-0.665639,-0.015911,0.339898,-0.007729,-0.027537,OK
2378,23.780000,15.267153,0.036279,-1.761117,-0.689286,-0.016481,0.351864,-0.008181,-0.027174,OK
2379,23.790000,15.264602,0.036724,-1.836533,-0.712824,-0.017048,0.363779,-0.008631,-0.026807,OK
2380,23.800000,15.262047,0.037164,-1.911641,-0.736249,-0.017612,0.375641,-0.009081,-0.026435,OK
2381,23.810000,15.259489,0.037598,-1.986429,-0.759558,-0.018173,0.387447,-0.009529,-0.026059,OK
2382,23.820000,15.256927,0.038026,-2.060885,-0.782747,-0.018732,0.399197,-0.009977,-0.025679,OK
2383,23.830000,15.254362,0.038450,-2.134997,-0.805813,-0.019287,0.410888,-0.010423,-0.025294,OK
2384,23.840000,15.251795,0.038867,-2.208754,-0.828751,-0.019840,0.422518,-0.010867,-0.024905,OK
2385,23.850000,15.249224,0.039278,-2.282143,-0.851559,-0.020389,0.434086,-0.011311,-0.024513,OK
2386,23.860000,15.246650,0.039684,-2.355153,-0.874232,-0.020935,0.445590,-0.011753,-0.024116,OK
2387,23.870000,15.244072,0.040084,-2.427773,-0.896766,-0.021478,0.457028,-0.012193,-0.023715,OK
2388,23.880000,15.241492,0.040479,-2.499991,-0.919160,-0.022018,0.468398,-0.012632,-0.023310,OK
2389,23.890000,15.238909,0.040867,-2.571796,-0.941408,-0.022554,0.479697,-0.013069,-0.022902,OK
2390,23.900000,15.236323,0.041250,-2.643176,-0.963507,-0.023086,0.490926,-0.013505,-0.022489,OK
2391,23.910000,15.233734,0.041626,-2.714121,-0.985455,-0.023615,0.502080,-0.013939,-0.022073,OK
2392,23.920000,15.231141,0.041997,-2.784618,-1.007246,-0.024140,0.513160,-0.014372,-0.021653,OK
2393,23.930000,15.228546,0.042362,-2.854657,-1.028879,-0.024662,0.524162,-0.014802,-0.021229,OK
2394,23.940000,15.225949,0.042720,-2.924227,-1.050349,-0.025179,0.535085,-0.015231,-0.020802,OK
2395,23.950000,15.223348,0.043073,-2.993317,-1.071654,-0.025693,0.545928,-0.015658,-0.020371,OK
2396,23.960000,15.220744,0.043419,-3.061916,-1.092789,-0.026202,0.556689,-0.016083,-0.019937,OK
2397,23.970000,15.218138,0.043760,-3.130013,-1.113751,-0.026707,0.567365,-0.016506,-0.019499,OK
2398,23.980000,15.215529,0.044094,-3.197597,-1.134538,-0.027209,0.577956,-0.016927,-0.019059,OK
2399,23.990000,15.212918,0.044421,-3.264657,-1.155145,-0.027705,0.588459,-0.017346,-0.018614,OK
2400,24.000000,15.210304,0.044743,-3.331184,-1.175571,-0.028198,0.598873,-0.017762,-0.018167,OK
2401,24.010000,15.207687,0.045058,-3.397167,-1.195810,-0.028686,0.609196,-0.018177,-0.017716,OK
2402,24.020000,15.205068,0.045366,-3.462594,-1.215861,-0.029169,0.619426,-0.018589,-0.017263,OK
2403,24.030000,15.202447,0.045669,-3.527457,-1.235719,-0.029648,0.629563,-0.018998,-0.016806,OK
2404,24.040000,15.199823,0.045964,-3.591744,-1.255383,-0.030123,0.639603,-0.019405,-0.016346,OK
2405,24.050000,15.197196,0.046253,-3.655446,-1.274848,-0.030592,0.649546,-0.019810,-0.015884,OK
2406,24.060000,15.194568,0.046536,-3.718553,-1.294112,-0.031057,0.659390,-0.020212,-0.015418,OK
2407,24.070000,15.191937,0.046811,-3.781054,-1.313172,-0.031517,0.669133,-0.020612,-0.014950,OK
2408,24.080000,15.189304,0.047080,-3.842941,-1.332024,-0.031971,0.678774,-0.021008,-0.014480,OK
2409,24.090000,15.186668,0.047342,-3.904202,-1.350666,-0.032421,0.688311,-0.021402,-0.014006,OK
2410,24.100000,15.184031,0.047598,-3.964830,-1.369094,-0.032866,0.697742,-0.021794,-0.013530,OK
2411,24.110000,15.181392,0.047846,-4.024813,-1.387307,-0.033305,0.707067,-0.022182,-0.013052,OK
2412,24.120000,15.178750,0.048088,-4.084144,-1.405300,-0.033740,0.716283,-0.022567,-0.012571,OK
2413,24.130000,15.176107,0.048322,-4.142812,-1.423071,-0.034169,0.725390,-0.022950,-0.012088,OK
2414,24.140000,15.173462,0.048550,-4.200808,-1.440618,-0.034592,0.734385,-0.023329,-0.011602,OK
2415,24.150000,15.170815,0.048771,-4.258124,-1.457937,-0.035010,0.743267,-0.023705,-0.011114,OK
2416,24.160000,15.168166,0.048985,-4.314751,-1.475026,-0.035423,0.752034,-0.024078,-0.010625,OK
2417,24.170000,15.165515,0.049191,-4.370679,-1.491882,-0.035830,0.760686,-0.024448,-0.010133,OK
2418,24.180000,15.162863,0.049391,-4.425901,-1.508503,-0.036232,0.769221,-0.024815,-0.009639,OK
2419,24.190000,15.160209,0.049583,-4.480407,-1.524885,-0.036627,0.777637,-0.025178,-0.009143,OK
2420,24.200000,15.157554,0.049768,-4.534189,-1.541026,-0.037017,0.785933,-0.025538,-0.008645,OK
2421,24.210000,15.154897,0.049947,-4.587239,-1.556925,-0.037401,0.794108,-0.025895,-0.008146,OK
2422,24.220000,15.152239,0.050117,-4.639549,-1.572577,-0.037779,0.802160,-0.026248,-0.007645,OK
2423,24.230000,15.149580,0.050281,-4.691110,-1.587981,-0.038152,0.810088,-0.026598,-0.007142,OK
2424,24.240000,15.146919,0.050438,-4.741915,-1.603134,-0.038518,0.817891,-0.026944,-0.006637,OK
2425,24.250000,15.144257,0.050587,-4.791956,-1.618034,-0.038878,0.825567,-0.027286,-0.006131,OK
2426,24.260000,15.141593,0.050728,-4.841225,-1.632679,-0.039232,0.833115,-0.027625,-0.005624,OK
2427,24.270000,15.138929,0.050863,-4.889715,-1.647065,-0.039580,0.840534,-0.027960,-0.005116,OK
2428,24.280000,15.136264,0.050990,-4.937418,-1.661192,-0.039922,0.847823,-0.028291,-0.004606,OK
2429,24.290000,15.133597,0.051110,-4.984327,-1.675056,-0.040257,0.854980,-0.028619,-0.004095,OK
2430,24.300000,15.130930,0.051222,-5.030435,-1.688656,-0.040586,0.862004,-0.028942,-0.003582,OK
2431,24.310000,15.128262,0.051327,-5.075734,-1.701989,-0.040909,0.868894,-0.029262,-0.003069,OK
2432,24.320000,15.125593,0.051425,-5.120219,-1.715053,-0.041225,0.875650,-0.029577,-0.002555,OK
2433,24.330000,15.122923,0.051515,-5.163881,-1.727847,-0.041534,0.882269,-0.029889,-0.002040,OK
2434,24.340000,15.120252,0.051597,-5.206715,-1.740368,-0.041838,0.888751,-0.030197,-0.001524,OK
2435,24.350000,15.117581,0.051672,-5.248714,-1.752613,-0.042134,0.895094,-0.030500,-0.001007,OK
2436,24.360000,15.114909,0.051740,-5.289871,-1.764582,-0.042424,0.901298,-0.030799,-0.000490,OK
2437,24.370000,15.112237,0.051800,-5.330181,-1.776273,-0.042707,0.907362,-0.031094,0.000028,OK
2438,24.380000,15.109565,0.051852,-5.369637,-1.787683,-0.042984,0.913284,-0.031385,0.000547,OK
2439,24.390000,15.106892,0.051896,-5.408234,-1.798811,-0.043253,0.919063,-0.031671,0.001066,OK
2440,24.400000,15.104218,0.051933,-5.445965,-1.809654,-0.043516,0.924699,-0.031953,0.001585,OK
2441,24.410000,15.101545,0.051963,-5.482825,-1.820212,-0.043772,0.930191,-0.032230,0.002105,OK
2442,24.420000,15.098871,0.051984,-5.518808,-1.830482,-0.044021,0.935537,-0.032503,0.002625,OK
2443,24.430000,15.096197,0.051998,-5.553909,-1.840464,-0.044264,0.940738,-0.032771,0.003145,OK
2444,24.440000,15.093523,0.052005,-5.588123,-1.850154,-0.044499,0.945791,-0.033035,0.003665,OK
2445,24.450000,15.090849,0.052003,-5.621444,-1.859553,-0.044727,0.950696,-0.033294,0.004185,OK
2446,24.460000,15.088175,0.051994,-5.653868,-1.868658,-0.044948,0.955452,-0.033549,0.004705,OK
2447,24.470000,15.085501,0.051977,-5.685389,-1.877468,-0.045162,0.960059,-0.033798,0.005224,OK
2448,24.480000,15.082828,0.051952,-5.716004,-1.885981,-0.045369,0.964515,-0.034043,0.005744,OK
2449,24.490000,15.080154,0.051920,-5.745707,-1.894197,-0.045569,0.968821,-0.034283,0.006263,OK
2450,24.500000,15.077481,0.051879,-5.774494,-1.902113,-0.045762,0.972974,-0.034519,0.006782,OK
2451,24.510000,15.074808,0.051831,-5.802362,-1.909729,-0.045947,0.976975,-0.034749,0.007300,OK
2452,24.520000,15.072136,0.051775,-5.829305,-1.917044,-0.046125,0.980822,-0.034974,0.007818,OK
2453,24.530000,15.069464,0.051711,-5.855320,-1.924055,-0.046296,0.984516,-0.035194,0.008335,OK
2454,24.540000,15.066792,0.051640,-5.880402,-1.930763,-0.046460,0.988055,-0.035410,0.008852,OK
2455,24.550000,15.064121,0.051560,-5.904550,-1.937166,-0.046616,0.991438,-0.035620,0.009367,OK
2456,24.560000,15.061451,0.051473,-5.927758,-1.943263,-0.046765,0.994666,-0.035825,0.009882,OK
2457,24.570000,15.058781,0.051378,-5.950024,-1.949054,-0.046906,0.997738,-0.036024,0.010396,OK
2458,24.580000,15.056112,0.051274,-5.971344,-1.954536,-0.047041,1.000653,-0.036219,0.010908,OK
2459,24.590000,15.053444,0.051164,-5.991715,-1.959710,-0.047167,1.003410,-0.036408,0.011420,OK
2460,24.600000,15.050776,0.051045,-6.011135,-1.964575,-0.047287,1.006009,-0.036592,0.011930,OK
2461,24.610000,15.048110,0.050918,-6.029600,-1.969129,-0.047398,1.008450,-0.036771,0.012440,OK
2462,24.620000,15.045444,0.050784,-6.047108,-1.973372,-0.047503,1.010732,-0.036944,0.012948,OK
2463,24.630000,15.042779,0.050641,-6.063657,-1.977303,-0.047600,1.012855,-0.037112,0.013454,OK
2464,24.640000,15.040116,0.050491,-6.079243,-1.980923,-0.047689,1.014818,-0.037274,0.013959,OK
2465,24.650000,15.037453,0.050333,-6.093866,-1.984229,-0.047771,1.016622,-0.037431,0.014462,OK
2466,24.660000,15.034791,0.050167,-6.107523,-1.987223,-0.047845,1.018265,-0.037582,0.014964,OK
2467,24.670000,15.032131,0.049993,-6.120212,-1.989902,-0.047912,1.019747,-0.037728,0.015464,OK
2468,24.680000,15.029472,0.049811,-6.131932,-1.992267,-0.047971,1.021068,-0.037868,0.015962,OK
2469,24.690000,15.026814,0.049622,-6.142681,-1.994318,-0.048023,1.022228,-0.038002,0.016458,OK
2470,24.700000,15.024157,0.049425,-6.152456,-1.996053,-0.048067,1.023226,-0.038131,0.016952,OK
2471,24.710000,15.021502,0.049220,-6.161259,-1.997474,-0.048103,1.024063,-0.038254,0.017445,OK
2472,24.720000,15.018847,0.049008,-6.169086,-1.998579,-0.048132,1.024738,-0.038372,0.017935,OK
2473,24.730000,15.016195,0.048788,-6.175938,-1.999368,-0.048153,1.025250,-0.038484,0.018423,OK
2474,24.740000,15.013543,0.048560,-6.181812,-1.999842,-0.048167,1.025601,-0.038590,0.018908,OK
2475,24.750000,15.010894,0.048325,-6.186710,-2.000000,-0.048173,1.025789,-0.038690,0.019391,OK
2476,24.760000,15.008245,0.048081,-6.190629,-1.999842,-0.048172,1.025815,-0.038785,0.019872,OK
2477,24.770000,15.005599,0.047831,-6.193570,-1.999368,-0.048163,1.025678,-0.038874,0.020350,OK
2478,24.780000,15.002953,0.047572,-6.195534,-1.998579,-0.048146,1.025379,-0.038956,0.020826,OK
2479,24.790000,15.000310,0.047306,-6.196518,-1.997474,-0.048122,1.024918,-0.039033,0.021299,OK
2480,24.800000,14.997668,0.047031,-6.196524,-1.996053,-0.048090,1.024294,-0.039104,0.021770,OK
2481,24.810000,14.995027,0.046749,-6.195553,-1.994318,-0.048050,1.023508,-0.039168,0.022237,OK
2482,24.820000,14.992389,0.046458,-6.193603,-1.992267,-0.048003,1.022561,-0.039226,0.022702,OK
2483,24.830000,14.989752,0.046159,-6.190678,-1.989902,-0.047948,1.021451,-0.039277,0.023163,OK
2484,24.840000,14.987116,0.045852,-6.186776,-1.987223,-0.047886,1.020180,-0.039322,0.023622,OK
2485,24.850000,14.984483,0.045538,-6.181900,-1.984229,-0.047816,1.018746,-0.039361,0.024077,OK
2486,24.860000,14.981851,0.045216,-6.176049,-1.980923,-0.047739,1.017151,-0.039394,0.024529,OK
2487,24.870000,14.979221,0.044887,-6.169225,-1.977303,-0.047654,1.015395,-0.039421,0.024978,OK
2488,24.880000,14.976593,0.044550,-6.161429,-1.973372,-0.047562,1.013477,-0.039442,0.025424,OK
2489,24.890000,14.973967,0.044206,-6.152663,-1.969129,-0.047462,1.011397,-0.039456,0.025866,OK
2490,24.900000,14.971342,0.043854,-6.142929,-1.964575,-0.047354,1.009157,-0.039465,0.026304,OK
2491,24.910000,14.968720,0.043496,-6.132228,-1.959710,-0.047240,1.006757,-0.039467,0.026739,OK
2492,24.920000,14.966099,0.043130,-6.120562,-1.954536,-0.047117,1.004196,-0.039463,0.027171,OK
2493,24.930000,14.963480,0.042758,-6.107933,-1.949054,-0.046987,1.001475,-0.039454,0.027598,OK
2494,24.940000,14.960863,0.042378,-6.094343,-1.943263,-0.046850,0.998595,-0.039438,0.028022,OK
2495,24.950000,14.958248,0.041991,-6.079795,-1.937166,-0.046706,0.995555,-0.039416,0.028442,OK
2496,24.960000,14.955635,0.041598,-6.064292,-1.930763,-0.046554,0.992357,-0.039388,0.028858,OK
2497,24.970000,14.953024,0.041197,-6.047835,-1.924055,-0.046394,0.989000,-0.039353,0.029270,OK
2498,24.980000,14.950415,0.040790,-6.030428,-1.917044,-0.046228,0.985486,-0.039313,0.029678,OK
2499,24.990000,14.947807,0.040376,-6.012073,-1.909729,-0.046054,0.981815,-0.039266,0.030081,OK
2500,25.000000,14.945202,0.039955,-5.992774,-1.902113,-0.045873,0.977986,-0.039214,0.030481,OK
2501,25.010000,14.942598,0.039527,-5.972534,-1.894197,-0.045684,0.974002,-0.039155,0.030876,OK
2502,25.020000,14.939997,0.039093,-5.951356,-1.885981,-0.045488,0.969862,-0.039089,0.031267,OK
2503,25.030000,14.937397,0.038652,-5.929244,-1.877468,-0.045286,0.965568,-0.039018,0.031654,OK
2504,25.040000,14.934800,0.038203,-5.906202,-1.868658,-0.045076,0.961119,-0.038940,0.032036,OK
2505,25.050000,14.932204,0.037749,-5.882232,-1.859553,-0.044858,0.956516,-0.038856,0.032413,OK
2506,25.060000,14.929610,0.037287,-5.857339,-1.850154,-0.044634,0.951761,-0.038765,0.032786,OK
2507,25.070000,14.927018,0.036819,-5.831528,-1.840464,-0.044403,0.946854,-0.038668,0.033154,OK
2508,25.080000,14.924428,0.036344,-5.804802,-1.830482,-0.044165,0.941795,-0.038565,0.033518,OK
2509,25.090000,14.921840,0.035862,-5.777166,-1.820212,-0.043919,0.936586,-0.038455,0.033876,OK
2510,25.100000,14.919254,0.035374,-5.748624,-1.809654,-0.043667,0.931226,-0.038340,0.034230,OK
2511,25.110000,14.916670,0.034880,-5.719181,-1.798811,-0.043408,0.925718,-0.038217,0.034579,OK
2512,25.120000,14.914088,0.034379,-5.688841,-1.787683,-0.043142,0.920062,-0.038089,0.034923,OK
2513,25.130000,14.911507,0.033872,-5.657610,-1.776273,-0.042869,0.914258,-0.037954,0.035261,OK
2514,25.140000,14.908928,0.033358,-5.625493,-1.764582,-0.042590,0.908308,-0.037813,0.035595,OK
2515,25.150000,14.906352,0.032839,-5.592495,-1.752613,-0.042303,0.902212,-0.037665,0.035923,OK
2516,25.160000,14.903776,0.032313,-5.558621,-1.740368,-0.042010,0.895971,-0.037511,0.036246,OK
2517,25.170000,14.901203,0.031782,-5.523876,-1.727847,-0.041711,0.889587,-0.037351,0.036564,OK
2518,25.180000,14.898632,0.031245,-5.488267,-1.715053,-0.041404,0.883060,-0.037185,0.036877,OK
2519,25.190000,14.896062,0.030702,-5.451799,-1.701989,-0.041092,0.876391,-0.037013,0.037184,OK
2520,25.200000,14.893494,0.030153,-5.414478,-1.688656,-0.040772,0.869581,-0.036834,0.037485,OK
2521,25.210000,14.890927,0.029599,-5.376310,-1.675056,-0.040447,0.862631,-0.036650,0.037781,OK
2522,25.220000,14.888363,0.029039,-5.337301,-1.661192,-0.040115,0.855543,-0.036459,0.038072,OK
2523,25.230000,14.885799,0.028474,-5.297458,-1.647065,-0.039776,0.848317,-0.036262,0.038356,OK
2524,25.240000,14.883238,0.027903,-5.256786,-1.632679,-0.039431,0.840954,-0.036060,0.038635,OK
2525,25.250000,14.880678,0.027328,-5.215293,-1.618034,-0.039080,0.833456,-0.035851,0.038909,OK
2526,25.260000,14.878120,0.026747,-5.172985,-1.603134,-0.038723,0.825824,-0.035636,0.039176,OK
2527,25.270000,14.875563,0.026162,-5.129868,-1.587981,-0.038360,0.818058,-0.035416,0.039438,OK
2528,25.280000,14.873007,0.025571,-5.085950,-1.572577,-0.037991,0.810160,-0.035189,0.039693,OK
2529,25.290000,14.870453,0.024976,-5.041238,-1.556925,-0.037615,0.802132,-0.034957,0.039943,OK
2530,25.300000,14.867901,0.024376,-4.995739,-1.541026,-0.037234,0.793974,-0.034719,0.040187,OK
2531,25.310000,14.865350,0.023772,-4.949459,-1.524885,-0.036847,0.785687,-0.034475,0.040425,OK
2532,25.320000,14.862800,0.023163,-4.902407,-1.508503,-0.036454,0.777274,-0.034226,0.040656,OK
2533,25.330000,14.860252,0.022549,-4.854591,-1.491882,-0.036055,0.768735,-0.033971,0.040882,OK
2534,25.340000,14.857704,0.021932,-4.806016,-1.475026,-0.035651,0.760071,-0.033710,0.041101,OK
2535,25.350000,14.855158,0.021310,-4.756692,-1.457937,-0.035241,0.751284,-0.033443,0.041314,OK
2536,25.360000,14.852614,0.020683,-4.706626,-1.440618,-0.034825,0.742376,-0.033171,0.041521,OK
2537,25.370000,14.850070,0.020053,-4.655827,-1.423071,-0.034404,0.733347,-0.032893,0.041722,OK
2538,25.380000,14.847527,0.019419,-4.604301,-1.405300,-0.033977,0.724200,-0.032609,0.041916,OK
2539,25.390000,14.844986,0.018781,-4.552058,-1.387307,-0.033545,0.714934,-0.032320,0.042104,OK
2540,25.400000,14.842445,0.018139,-4.499105,-1.369094,-0.033108,0.705553,-0.032026,0.042285,OK
2541,25.410000,14.839906,0.017493,-4.445452,-1.350666,-0.032665,0.696057,-0.031726,0.042460,OK
2542,25.420000,14.837367,0.016844,-4.391106,-1.332024,-0.032217,0.686448,-0.031421,0.042628,OK
2543,25.430000,14.834830,0.016191,-4.336076,-1.313172,-0.031765,0.676727,-0.031110,0.042790,OK
2544,25.440000,14.832293,0.015535,-4.280371,-1.294112,-0.031307,0.666895,-0.030794,0.042946,OK
2545,25.450000,14.829757,0.014876,-4.224000,-1.274848,-0.030844,0.656956,-0.030473,0.043094,OK
2546,25.460000,14.827222,0.014213,-4.166971,-1.255383,-0.030376,0.646909,-0.030146,0.043237,OK
2547,25.470000,14.824687,0.013547,-4.109295,-1.235719,-0.029904,0.636756,-0.029814,0.043372,OK
2548,25.480000,14.822153,0.012879,-4.050979,-1.215861,-0.029427,0.626499,-0.029478,0.043501,OK
2549,25.490000,14.819620,0.012207,-3.992033,-1.195810,-0.028945,0.616140,-0.029136,0.043623,OK
2550,25.500000,14.817087,0.011533,-3.932467,-1.175571,-0.028458,0.605680,-0.028789,0.043738,OK
2551,25.510000,14.814555,0.010856,-3.872290,-1.155145,-0.027967,0.595121,-0.028437,0.043847,OK
2552,25.520000,14.812023,0.010177,-3.811511,-1.134538,-0.027472,0.584464,-0.028080,0.043949,OK
2553,25.530000,14.809492,0.009495,-3.750141,-1.113751,-0.026972,0.573712,-0.027719,0.044043,OK
2554,25.540000,14.806960,0.008811,-3.688188,-1.092789,-0.026468,0.562865,-0.027353,0.044132,OK
2555,25.550000,14.804430,0.008125,-3.625663,-1.071654,-0.025960,0.551925,-0.026981,0.044213,OK
2556,25.560000,14.801899,0.007437,-3.562576,-1.050349,-0.025448,0.540895,-0.026606,0.044287,OK
2557,25.570000,14.799369,0.006747,-3.498936,-1.028879,-0.024932,0.529775,-0.026226,0.044355,OK
2558,25.580000,14.796839,0.006055,-3.434754,-1.007246,-0.024411,0.518568,-0.025841,0.044415,OK
2559,25.590000,14.794309,0.005362,-3.370040,-0.985455,-0.023887,0.507275,-0.025452,0.044469,OK
2560,25.600000,14.791779,0.004667,-3.304804,-0.963507,-0.023359,0.495898,-0.025058,0.044516,OK
2561,25.610000,14.789249,0.003971,-3.239057,-0.941408,-0.022828,0.484439,-0.024660,0.044555,OK
2562,25.620000,14.786719,0.003273,-3.172809,-0.919160,-0.022292,0.472899,-0.024258,0.044588,OK
2563,25.630000,14.784188,0.002574,-3.106070,-0.896766,-0.021754,0.461281,-0.023851,0.044614,OK
2564,25.640000,14.781658,0.001874,-3.038851,-0.874232,-0.021212,0.449585,-0.023441,0.044632,OK
2565,25.650000,14.779127,0.001173,-2.971163,-0.851559,-0.020666,0.437815,-0.023026,0.044644,OK
2566,25.660000,14.776597,0.000472,-2.903017,-0.828751,-0.020117,0.425972,-0.022608,0.044649,OK
2567,25.670000,14.774066,-0.000230,-2.834422,-0.805813,-0.019565,0.414057,-0.022185,0.044647,OK
2568,25.680000,14.771534,-0.000933,-2.765391,-0.782747,-0.019010,0.402073,-0.021759,0.044637,OK
2569,25.690000,14.769002,-0.001637,-2.695935,-0.759558,-0.018452,0.390021,-0.021329,0.044621,OK
2570,25.700000,14.766470,-0.002340,-2.626063,-0.736249,-0.017891,0.377903,-0.020895,0.044597,OK
2571,25.710000,14.763937,-0.003044,-2.555787,-0.712824,-0.017327,0.365722,-0.020457,0.044567,OK
2572,25.720000,14.761403,-0.003748,-2.485119,-0.689286,-0.016760,0.353478,-0.020016,0.044530,OK
2573,25.730000,14.758869,-0.004452,-2.414069,-0.665639,-0.016191,0.341175,-0.019571,0.044485,OK
2574,25.740000,14.756335,-0.005156,-2.342649,-0.641887,-0.015619,0.328813,-0.019123,0.044433,OK
2575,25.750000,14.753799,-0.005859,-2.270871,-0.618034,-0.015045,0.316395,-0.018672,0.044375,OK
2576,25.760000,14.751263,-0.006562,-2.198744,-0.594083,-0.014468,0.303923,-0.018217,0.044309,OK
2577,25.770000,14.748726,-0.007265,-2.126281,-0.570039,-0.013889,0.291398,-0.017759,0.044237,OK
2578,25.780000,14.746188,-0.007967,-2.053493,-0.545904,-0.013308,0.278823,-0.017298,0.044157,OK
2579,25.790000,14.743649,-0.008668,-1.980393,-0.521683,-0.012725,0.266200,-0.016834,0.044070,OK
2580,25.800000,14.741109,-0.009368,-1.906990,-0.497380,-0.012140,0.253530,-0.016367,0.043977,OK
2581,25.810000,14.738569,-0.010068,-1.833297,-0.472998,-0.011552,0.240815,-0.015897,0.043876,OK
2582,25.820000,14.736027,-0.010766,-1.759326,-0.448542,-0.010963,0.228059,-0.015425,0.043768,OK
2583,25.830000,14.733484,-0.011463,-1.685089,-0.424014,-0.010372,0.215261,-0.014949,0.043654,OK
2584,25.840000,14.730940,-0.012158,-1.610597,-0.399420,-0.009780,0.202426,-0.014471,0.043532,OK
2585,25.850000,14.728396,-0.012853,-1.535863,-0.374763,-0.009186,0.189554,-0.013990,0.043404,OK
2586,25.860000,14.725849,-0.013546,-1.460899,-0.350046,-0.008591,0.176647,-0.013507,0.043268,OK
2587,25.870000,14.723302,-0.014237,-1.385716,-0.325274,-0.007994,0.163709,-0.013021,0.043126,OK
2588,25.880000,14.720753,-0.014927,-1.310328,-0.300451,-0.007396,0.150740,-0.012532,0.042976,OK
2589,25.890000,14.718204,-0.015616,-1.234746,-0.275581,-0.006796,0.137743,-0.012041,0.042820,OK
2590,25.900000,14.715652,-0.016303,-1.158982,-0.250666,-0.006196,0.124720,-0.011547,0.042657,OK
2591,25.910000,14.713100,-0.016988,-1.083050,-0.225713,-0.005595,0.111673,-0.011051,0.042487,OK
2592,25.920000,14.710546,-0.017671,-1.006960,-0.200723,-0.004992,0.098603,-0.010553,0.042311,OK
2593,25.930000,14.707991,-0.018352,-0.930725,-0.175702,-0.004389,0.085514,-0.010052,0.042127,OK
2594,25.940000,14.705434,-0.019031,-0.854358,-0.150654,-0.003786,0.072407,-0.009550,0.041937,OK
2595,25.950000,14.702876,-0.019707,-0.777871,-0.125581,-0.003181,0.059284,-0.009046,0.041740,OK
2596,25.960000,14.700316,-0.020381,-0.701275,-0.100489,-0.002576,0.046148,-0.008539,0.041536,OK
2597,25.970000,14.697755,-0.021053,-0.624584,-0.075380,-0.001971,0.032999,-0.008031,0.041325,OK
2598,25.980000,14.695192,-0.021721,-0.547809,-0.050260,-0.001365,0.019840,-0.007521,0.041108,OK
2599,25.990000,14.692628,-0.022387,-0.470963,-0.025132,-0.000760,0.006674,-0.007010,0.040884,OK
2600,26.000000,14.690062,-0.023049,-0.394058,-0.000000,-0.000154,-0.006497,-0.006497,0.040654,OK
2601,26.010000,14.687494,-0.023708,-0.317106,0.025132,0.000452,-0.019673,-0.005983,0.040417,OK
2602,26.020000,14.684925,-0.024364,-0.240120,0.050260,0.001058,-0.032850,-0.005468,0.040173,OK
2603,26.030000,14.682355,-0.025016,-0.163111,0.075380,0.001664,-0.046026,-0.004952,0.039923,OK
2604,26.040000,14.679782,-0.025665,-0.086093,0.100489,0.002270,-0.059200,-0.004434,0.039666,OK
2605,26.050000,14.677208,-0.026310,-0.009077,0.125581,0.002875,-0.072370,-0.003916,0.039403,OK
2606,26.060000,14.674633,-0.026951,0.067924,0.150654,0.003480,-0.085532,-0.003396,0.039134,OK
2607,26.070000,14.672055,-0.027588,0.144899,0.175702,0.004084,-0.098686,-0.002876,0.038858,OK
2608,26.080000,14.669476,-0.028221,0.221834,0.200723,0.004687,-0.111829,-0.002355,0.038576,OK
2609,26.090000,14.666895,-0.028850,0.298718,0.225713,0.005290,-0.124958,-0.001833,0.038287,OK
2610,26.100000,14.664313,-0.029475,0.375538,0.250666,0.005892,-0.138073,-0.001311,0.037992,OK
2611,26.110000,14.661729,-0.030096,0.452282,0.275581,0.006493,-0.151171,-0.000788,0.037691,OK
2612,26.120000,14.659143,-0.030712,0.528939,0.300451,0.007093,-0.164249,-0.000265,0.037384,OK
2613,26.130000,14.656555,-0.031324,0.605495,0.325274,0.007692,-0.177306,0.000259,0.037071,OK
2614,26.140000,14.653966,-0.031931,0.681938,0.350046,0.008290,-0.190340,0.000783,0.036752,OK
2615,26.150000,14.651374,-0.032534,0.758257,0.374763,0.008886,-0.203347,0.001307,0.036426,OK
2616,26.160000,14.648782,-0.033132,0.834439,0.399420,0.009481,-0.216328,0.001832,0.036095,OK
2617,26.170000,14.646187,-0.033726,0.910473,0.424014,0.010075,-0.229278,0.002357,0.035758,OK
2618,26.180000,14.643591,-0.034315,0.986345,0.448542,0.010667,-0.242197,0.002882,0.035415,OK
2619,26.190000,14.640993,-0.034900,1.062044,0.472998,0.011257,-0.255082,0.003407,0.035066,OK
2620,26.200000,14.638394,-0.035479,1.137558,0.497380,0.011846,-0.267931,0.003932,0.034711,OK
2621,26.210000,14.635792,-0.036054,1.212874,0.521683,0.012432,-0.280742,0.004457,0.034350,OK
2622,26.220000,14.633189,-0.036624,1.287981,0.545904,0.013017,-0.293513,0.004982,0.033984,OK
2623,26.230000,14.630585,-0.037188,1.362867,0.570039,0.013600,-0.306242,0.005507,0.033612,OK
2624,26.240000,14.627979,-0.037748,1.437520,0.594083,0.014180,-0.318927,0.006031,0.033235,OK
2625,26.250000,14.625371,-0.038302,1.511928,0.618034,0.014759,-0.331566,0.006555,0.032852,OK
2626,26.260000,14.622762,-0.038850,1.586078,0.641887,0.015335,-0.344157,0.007079,0.032463,OK
2627,26.270000,14.620151,-0.039394,1.659959,0.665639,0.015908,-0.356698,0.007602,0.032069,OK
2628,26.280000,14.617539,-0.039932,1.733560,0.689286,0.016479,-0.369186,0.008124,0.031670,OK
2629,26.290000,14.614925,-0.040464,1.806868,0.712824,0.017048,-0.381621,0.008646,0.031265,OK
2630,26.300000,14.612310,-0.040990,1.879872,0.736249,0.017614,-0.393999,0.009166,0.030855,OK
2631,26.310000,14.609694,-0.041510,1.952559,0.759558,0.018177,-0.406320,0.009686,0.030440,OK
2632,26.320000,14.607076,-0.042024,2.024919,0.782747,0.018737,-0.418581,0.010205,0.030020,OK
2633,26.330000,14.604456,-0.042532,2.096939,0.805813,0.019294,-0.430780,0.010722,0.029595,OK
2634,26.340000,14.601836,-0.043034,2.168609,0.828751,0.019849,-0.442915,0.011238,0.029164,OK
2635,26.350000,14.599214,-0.043529,2.239916,0.851559,0.020400,-0.454984,0.011753,0.028729,OK
2636,26.360000,14.596591,-0.044018,2.310849,0.874232,0.020947,-0.466986,0.012266,0.028289,OK
2637,26.370000,14.593967,-0.044501,2.381398,0.896766,0.021492,-0.478918,0.012778,0.027844,OK
2638,26.380000,14.591342,-0.044977,2.451552,0.919160,0.022033,-0.490779,0.013289,0.027394,OK
2639,26.390000,14.588716,-0.045446,2.521298,0.941408,0.022571,-0.502566,0.013798,0.026940,OK
2640,26.400000,14.586089,-0.045909,2.590627,0.963507,0.023105,-0.514277,0.014305,0.026481,OK
2641,26.410000,14.583461,-0.046365,2.659528,0.985455,0.023636,-0.525912,0.014810,0.026017,OK
2642,26.420000,14.580832,-0.046814,2.727989,1.007246,0.024163,-0.537467,0.015314,0.025549,OK
2643,26.430000,14.578203,-0.047257,2.795999,1.028879,0.024686,-0.548941,0.015816,0.025076,OK
2644,26.440000,14.575572,-0.047694,2.863549,1.050349,0.025205,-0.560332,0.016316,0.024599,OK
2645,26.450000,14.572941,-0.048123,2.930628,1.071654,0.025720,-0.571639,0.016815,0.024118,OK
2646,26.460000,14.570309,-0.048545,2.997224,1.092789,0.026231,-0.582858,0.017311,0.023633,OK
2647,26.470000,14.567677,-0.048961,3.063328,1.113751,0.026738,-0.593990,0.017805,0.023143,OK
2648,26.480000,14.565044,-0.049370,3.128929,1.134538,0.027241,-0.605031,0.018297,0.022649,OK
2649,26.490000,14.562411,-0.049771,3.194017,1.155145,0.027739,-0.615980,0.018787,0.022152,OK
2650,26.500000,14.559777,-0.050166,3.258582,1.175571,0.028234,-0.626835,0.019274,0.021650,OK
2651,26.510000,14.557144,-0.050553,3.322613,1.195810,0.028723,-0.637595,0.019760,0.021144,OK
2652,26.520000,14.554510,-0.050933,3.386101,1.215861,0.029208,-0.648258,0.020242,0.020635,OK
2653,26.530000,14.551876,-0.051306,3.449034,1.235719,0.029689,-0.658821,0.020722,0.020122,OK
2654,26.540000,14.549242,-0.051671,3.511405,1.255383,0.030165,-0.669284,0.021200,0.019605,OK
2655,26.550000,14.546608,-0.052029,3.573202,1.274848,0.030636,-0.679644,0.021675,0.019085,OK
2656,26.560000,14.543974,-0.052379,3.634417,1.294112,0.031103,-0.689901,0.022147,0.018561,OK
2657,26.570000,14.541340,-0.052722,3.695039,1.313172,0.031564,-0.700051,0.022616,0.018034,OK
2658,26.580000,14.538707,-0.053057,3.755059,1.332024,0.032020,-0.710095,0.023082,0.017503,OK
2659,26.590000,14.536075,-0.053384,3.814468,1.350666,0.032472,-0.720029,0.023546,0.016970,OK
2660,26.600000,14.533443,-0.053704,3.873256,1.369094,0.032918,-0.729853,0.024006,0.016433,OK
2661,26.610000,14.530811,-0.054015,3.931414,1.387307,0.033359,-0.739564,0.024463,0.015892,OK
2662,26.620000,14.528181,-0.054319,3.988934,1.405300,0.033795,-0.749162,0.024917,0.015349,OK
2663,26.630000,14.525551,-0.054615,4.045806,1.423071,0.034226,-0.758644,0.025367,0.014803,OK
2664,26.640000,14.522922,-0.054903,4.102022,1.440618,0.034651,-0.768009,0.025815,0.014254,OK
2665,26.650000,14.520294,-0.055183,4.157572,1.457937,0.035071,-0.777256,0.026258,0.013702,OK
2666,26.660000,14.517668,-0.055454,4.212449,1.475026,0.035485,-0.786383,0.026699,0.013148,OK
2667,26.670000,14.515042,-0.055718,4.266643,1.491882,0.035894,-0.795388,0.027135,0.012591,OK
2668,26.680000,14.512419,-0.055973,4.320146,1.508503,0.036297,-0.804270,0.027569,0.012031,OK
2669,26.690000,14.509796,-0.056221,4.372951,1.524885,0.036694,-0.813028,0.027998,0.011469,OK
2670,26.700000,14.507176,-0.056460,4.425048,1.541026,0.037085,-0.821660,0.028424,0.010904,OK
2671,26.710000,14.504557,-0.056690,4.476431,1.556925,0.037471,-0.830165,0.028846,0.010337,OK
2672,26.720000,14.501940,-0.056913,4.527091,1.572577,0.037851,-0.838541,0.029264,0.009768,OK
2673,26.730000,14.499325,-0.057127,4.577020,1.587981,0.038224,-0.846787,0.029678,0.009197,OK
2674,26.740000,14.496712,-0.057333,4.626210,1.603134,0.038592,-0.854901,0.030088,0.008623,OK
2675,26.750000,14.494101,-0.057530,4.674655,1.618034,0.038954,-0.862882,0.030494,0.008048,OK
2676,26.760000,14.491493,-0.057719,4.722347,1.632679,0.039309,-0.870730,0.030896,0.007471,OK
2677,26.770000,14.488888,-0.057900,4.769278,1.647065,0.039659,-0.878442,0.031294,0.006892,OK
2678,26.780000,14.486285,-0.058072,4.815441,1.661192,0.040002,-0.886017,0.031688,0.006311,OK
2679,26.790000,14.483684,-0.058235,4.860830,1.675056,0.040339,-0.893454,0.032077,0.005729,OK
2680,26.800000,14.481087,-0.058390,4.905437,1.688656,0.040669,-0.900752,0.032462,0.005145,OK
2681,26.810000,14.478493,-0.058537,4.949256,1.701989,0.040993,-0.907909,0.032842,0.004560,OK
2682,26.820000,14.475902,-0.058675,4.992280,1.715053,0.041311,-0.914925,0.033218,0.003973,OK
2683,26.830000,14.473314,-0.058804,5.034503,1.727847,0.041622,-0.921798,0.033590,0.003385,OK
2684,26.840000,14.470730,-0.058924,5.075918,1.740368,0.041926,-0.928527,0.033957,0.002795,OK
2685,26.850000,14.468149,-0.059036,5.116519,1.752613,0.042224,-0.935111,0.034319,0.002205,OK
2686,26.860000,14.465573,-0.059139,5.156300,1.764582,0.042516,-0.941548,0.034676,0.001614,OK
2687,26.870000,14.463000,-0.059233,5.195255,1.776273,0.042800,-0.947839,0.035029,0.001021,OK
2688,26.880000,14.460431,-0.059319,5.233378,1.787683,0.043078,-0.953981,0.035377,0.000428,OK
2689,26.890000,14.457866,-0.059395,5.270663,1.798811,0.043349,-0.959973,0.035720,-0.000166,OK
2690,26.900000,14.455306,-0.059463,5.307105,1.809654,0.043613,-0.965815,0.036058,-0.000760,OK
2691,26.910000,14.452750,-0.059522,5.342699,1.820212,0.043871,-0.971506,0.036391,-0.001356,OK
2692,26.920000,14.450199,-0.059572,5.377439,1.830482,0.044121,-0.977045,0.036719,-0.001951,OK
2693,26.930000,14.447653,-0.059613,5.411319,1.840464,0.044364,-0.982430,0.037041,-0.002547,OK
2694,26.940000,14.445112,-0.059645,5.444336,1.850154,0.044601,-0.987661,0.037359,-0.003144,OK
2695,26.950000,14.442576,-0.059668,5.476484,1.859553,0.044830,-0.992737,0.037671,-0.003741,OK
2696,26.960000,14.440045,-0.059682,5.507758,1.868658,0.045053,-0.997656,0.037978,-0.004337,OK
2697,26.970000,14.437520,-0.059687,5.538154,1.877468,0.045268,-1.002420,0.038279,-0.004934,OK
2698,26.980000,14.435000,-0.059682,5.567667,1.885981,0.045476,-1.007025,0.038575,-0.005531,OK
2699,26.990000,14.432486,-0.059669,5.596292,1.894197,0.045677,-1.011472,0.038865,-0.006128,OK
2700,27.000000,14.429978,-0.059647,5.624027,1.902113,0.045871,-1.015760,0.039150,-0.006724,OK
2701,27.010000,14.427476,-0.059616,5.650867,1.909729,0.046058,-1.019888,0.039430,-0.007320,OK
2702,27.020000,14.424980,-0.059575,5.676807,1.917044,0.046237,-1.023856,0.039703,-0.007916,OK
2703,27.030000,14.422491,-0.059525,5.701844,1.924055,0.046409,-1.027662,0.039971,-0.008511,OK
2704,27.040000,14.420008,-0.059467,5.725975,1.930763,0.046574,-1.031306,0.040233,-0.009106,OK
2705,27.050000,14.417532,-0.059399,5.749196,1.937166,0.046731,-1.034787,0.040489,-0.009700,OK
2706,27.060000,14.415063,-0.059322,5.771504,1.943263,0.046881,-1.038105,0.040740,-0.010293,OK
2707,27.070000,14.412601,-0.059236,5.792895,1.949054,0.047024,-1.041260,0.040984,-0.010886,OK
2708,27.080000,14.410147,-0.059140,5.813367,1.954536,0.047159,-1.044249,0.041223,-0.011477,OK
2709,27.090000,14.407699,-0.059036,5.832916,1.959710,0.047287,-1.047074,0.041455,-0.012067,OK
2710,27.100000,14.405260,-0.058922,5.851540,1.964575,0.047407,-1.049734,0.041681,-0.012657,OK
2711,27.110000,14.402828,-0.058799,5.869237,1.969129,0.047520,-1.052227,0.041902,-0.013245,OK
2712,27.120000,14.400404,-0.058667,5.886003,1.973372,0.047625,-1.054555,0.042116,-0.013831,OK
2713,27.130000,14.397988,-0.058526,5.901837,1.977303,0.047723,-1.056715,0.042324,-0.014416,OK
2714,27.140000,14.395580,-0.058375,5.916737,1.980923,0.047813,-1.058708,0.042525,-0.015000,OK
2715,27.150000,14.393181,-0.058216,5.930700,1.984229,0.047896,-1.060533,0.042721,-0.015582,OK
2716,27.160000,14.390790,-0.058047,5.943724,1.987223,0.047971,-1.062191,0.042910,-0.016163,OK
2717,27.170000,14.388409,-0.057869,5.955808,1.989902,0.048039,-1.063680,0.043092,-0.016742,OK
2718,27.180000,14.386036,-0.057682,5.966951,1.992267,0.048099,-1.065001,0.043269,-0.017318,OK
2719,27.190000,14.383672,-0.057486,5.977150,1.994318,0.048151,-1.066153,0.043438,-0.017893,OK
2720,27.200000,14.381318,-0.057281,5.986405,1.996053,0.048196,-1.067135,0.043602,-0.018466,OK
2721,27.210000,14.378973,-0.057067,5.994715,1.997474,0.048233,-1.067948,0.043759,-0.019037,OK
2722,27.220000,14.376637,-0.056844,6.002077,1.998579,0.048263,-1.068592,0.043909,-0.019605,OK
2723,27.230000,14.374312,-0.056612,6.008492,1.999368,0.048285,-1.069066,0.044053,-0.020171,OK
2724,27.240000,14.371996,-0.056371,6.013959,1.999842,0.048299,-1.069370,0.044190,-0.020735,OK
2725,27.250000,14.369691,-0.056121,6.018478,2.000000,0.048306,-1.069504,0.044321,-0.021296,OK
2726,27.260000,14.367396,-0.055862,6.022047,1.999842,0.048305,-1.069468,0.044445,-0.021855,OK
2727,27.270000,14.365112,-0.055595,6.024669,1.999368,0.048297,-1.069262,0.044562,-0.022411,OK
2728,27.280000,14.362838,-0.055318,6.026339,1.998579,0.048281,-1.068886,0.044673,-0.022964,OK
2729,27.290000,14.360575,-0.055033,6.027062,1.997474,0.048257,-1.068340,0.044777,-0.023514,OK
2730,27.300000,14.358323,-0.054738,6.026834,1.996053,0.048226,-1.067624,0.044874,-0.024062,OK
2731,27.310000,14.356083,-0.054434,6.025659,1.994318,0.048187,-1.066738,0.044963,-0.024606,OK
2732,27.320000,14.353853,-0.054120,6.023534,1.992267,0.048141,-1.065683,0.045046,-0.025147,OK
2733,27.330000,14.351636,-0.053797,6.020463,1.989902,0.048087,-1.064459,0.045121,-0.025685,OK
2734,27.340000,14.349430,-0.053464,6.016443,1.987223,0.048025,-1.063065,0.045188,-0.026220,OK
2735,27.350000,14.347235,-0.053122,6.011479,1.984229,0.047956,-1.061502,0.045249,-0.026751,OK
2736,27.360000,14.345053,-0.052771,6.005569,1.980923,0.047879,-1.059771,0.045302,-0.027279,OK
2737,27.370000,14.342884,-0.052411,5.998716,1.977303,0.047794,-1.057870,0.045348,-0.027803,OK
2738,27.380000,14.340726,-0.052043,5.990920,1.973372,0.047702,-1.055800,0.045387,-0.028323,OK
2739,27.390000,14.338581,-0.051666,5.982183,1.969129,0.047603,-1.053562,0.045420,-0.028840,OK
2740,27.400000,14.336449,-0.051280,5.972507,1.964575,0.047496,-1.051156,0.045445,-0.029353,OK
2741,27.410000,14.334330,-0.050886,5.961894,1.959710,0.047381,-1.048582,0.045463,-0.029862,OK
2742,27.420000,14.332224,-0.050484,5.950345,1.954536,0.047259,-1.045841,0.045473,-0.030366,OK
2743,27.430000,14.330131,-0.050073,5.937863,1.949054,0.047130,-1.042932,0.045477,-0.030867,OK
2744,27.440000,14.328051,-0.049654,5.924450,1.943263,0.046993,-1.039857,0.045474,-0.031364,OK
2745,27.450000,14.325986,-0.049227,5.910107,1.937166,0.046849,-1.036615,0.045464,-0.031856,OK
2746,27.460000,14.323933,-0.048791,5.894839,1.930763,0.046697,-1.033207,0.045447,-0.032344,OK
2747,27.470000,14.321895,-0.048348,5.878647,1.924055,0.046538,-1.029635,0.045422,-0.032827,OK
2748,27.480000,14.319871,-0.047897,5.861534,1.917044,0.046371,-1.025897,0.045391,-0.033306,OK
2749,27.490000,14.317861,-0.047437,5.843503,1.909729,0.046198,-1.021995,0.045353,-0.033781,OK
2750,27.500000,14.315865,-0.046970,5.824557,1.902113,0.046017,-1.017929,0.045307,-0.034250,OK
2751,27.510000,14.313883,-0.046495,5.804685,1.894197,0.045828,-1.013701,0.045254,-0.034715,OK
2752,27.520000,14.311915,-0.046011,5.783906,1.885981,0.045633,-1.009310,0.045194,-0.035175,OK
2753,27.530000,14.309963,-0.045520,5.762238,1.877468,0.045430,-1.004758,0.045127,-0.035631,OK
2754,27.540000,14.308027,-0.045021,5.739674,1.868658,0.045220,-1.000044,0.045053,-0.036081,OK
2755,27.550000,14.306106,-0.044514,5.716205,1.859553,0.045003,-0.995171,0.044971,-0.036526,OK
2756,27.560000,14.304200,-0.044000,5.691839,1.850154,0.044779,-0.990137,0.044883,-0.036966,OK
2757,27.570000,14.302309,-0.043477,5.666584,1.840464,0.044548,-0.984946,0.044787,-0.037401,OK
2758,27.580000,14.300434,-0.042947,5.640447,1.830482,0.044309,-0.979596,0.044684,-0.037830,OK
2759,27.590000,14.298575,-0.042410,5.613428,1.820212,0.044064,-0.974089,0.044573,-0.038254,OK
2760,27.600000,14.296733,-0.041865,5.585530,1.809654,0.043812,-0.968426,0.044455,-0.038673,OK
2761,27.610000,14.294906,-0.041312,5.556760,1.798811,0.043552,-0.962608,0.044330,-0.039086,OK
2762,27.620000,14.293094,-0.040752,5.527132,1.787683,0.043286,-0.956635,0.044198,-0.039494,OK
2763,27.630000,14.291299,-0.040184,5.496635,1.776273,0.043013,-0.950509,0.044058,-0.039895,OK
2764,27.640000,14.289521,-0.039610,5.465270,1.764582,0.042734,-0.944230,0.043912,-0.040292,OK
2765,27.650000,14.287760,-0.039028,5.433052,1.752613,0.042447,-0.937800,0.043758,-0.040682,OK
2766,27.660000,14.286016,-0.038439,5.399990,1.740368,0.042154,-0.931219,0.043596,-0.041066,OK
2767,27.670000,14.284289,-0.037843,5.366088,1.727847,0.041854,-0.924489,0.043428,-0.041445,OK
2768,27.680000,14.282579,-0.037240,5.331346,1.715053,0.041548,-0.917610,0.043252,-0.041817,OK
2769,27.690000,14.280886,-0.036630,5.295770,1.701989,0.041235,-0.910584,0.043070,-0.042183,OK
2770,27.700000,14.279211,-0.036013,5.259368,1.688656,0.040915,-0.903412,0.042880,-0.042544,OK
2771,27.710000,14.277553,-0.035390,5.222147,1.675056,0.040589,-0.896094,0.042683,-0.042897,OK
2772,27.720000,14.275913,-0.034760,5.184111,1.661192,0.040257,-0.888632,0.042479,-0.043245,OK
2773,27.730000,14.274291,-0.034124,5.145266,1.647065,0.039918,-0.881028,0.042267,-0.043586,OK
2774,27.740000,14.272686,-0.033481,5.105619,1.632679,0.039573,-0.873282,0.042049,-0.043921,OK
2775,27.750000,14.271100,-0.032832,5.065175,1.618034,0.039222,-0.865395,0.041824,-0.044249,OK
2776,27.760000,14.269532,-0.032177,5.023943,1.603134,0.038864,-0.857369,0.041592,-0.044571,OK
2777,27.770000,14.267983,-0.031517,4.981927,1.587981,0.038500,-0.849205,0.041353,-0.044886,OK
2778,27.780000,14.266452,-0.030850,4.939135,1.572577,0.038131,-0.840904,0.041107,-0.045195,OK
2779,27.790000,14.264939,-0.030177,4.895573,1.556925,0.037755,-0.832468,0.040855,-0.045497,OK
2780,27.800000,14.263445,-0.029500,4.851249,1.541026,0.037373,-0.823898,0.040596,-0.045792,OK
2781,27.810000,14.261970,-0.028816,4.806169,1.524885,0.036985,-0.815195,0.040330,-0.046080,OK
2782,27.820000,14.260515,-0.028127,4.760340,1.508503,0.036592,-0.806360,0.040057,-0.046361,OK
2783,27.830000,14.259078,-0.027434,4.713770,1.491882,0.036192,-0.797396,0.039778,-0.046635,OK
2784,27.840000,14.257660,-0.026734,4.666467,1.475026,0.035787,-0.788303,0.039492,-0.046903,OK
2785,27.850000,14.256262,-0.026030,4.618436,1.457937,0.035377,-0.779083,0.039200,-0.047163,OK
2786,27.860000,14.254884,-0.025321,4.569687,1.440618,0.034960,-0.769737,0.038901,-0.047416,OK
2787,27.870000,14.253524,-0.024607,4.520227,1.423071,0.034538,-0.760267,0.038596,-0.047662,OK
2788,27.880000,14.252185,-0.023889,4.470062,1.405300,0.034111,-0.750675,0.038284,-0.047901,OK
2789,27.890000,14.250866,-0.023166,4.419202,1.387307,0.033678,-0.740961,0.037966,-0.048133,OK
2790,27.900000,14.249566,-0.022438,4.367654,1.369094,0.033240,-0.731128,0.037642,-0.048357,OK
2791,27.910000,14.248287,-0.021706,4.315426,1.350666,0.032797,-0.721177,0.037311,-0.048574,OK
2792,27.920000,14.247027,-0.020970,4.262527,1.332024,0.032349,-0.711110,0.036974,-0.048784,OK
2793,27.930000,14.245789,-0.020230,4.208964,1.313172,0.031895,-0.700927,0.036631,-0.048986,OK
2794,27.940000,14.244570,-0.019485,4.154747,1.294112,0.031437,-0.690632,0.036282,-0.049181,OK
2795,27.950000,14.243372,-0.018737,4.099883,1.274848,0.030973,-0.680225,0.035927,-0.049369,OK
2796,27.960000,14.242194,-0.017985,4.044381,1.255383,0.030504,-0.669708,0.035565,-0.049548,OK
2797,27.970000,14.241038,-0.017229,3.988250,1.235719,0.030031,-0.659083,0.035198,-0.049721,OK
2798,27.980000,14.239902,-0.016470,3.931498,1.215861,0.029553,-0.648352,0.034825,-0.049885,OK
2799,27.990000,14.238787,-0.015708,3.874135,1.195810,0.029070,-0.637516,0.034446,-0.050042,OK
2800,28.000000,14.237693,-0.014942,3.816169,1.175571,0.028583,-0.626577,0.034061,-0.050192,OK
2801,28.010000,14.236620,-0.014173,3.757609,1.155145,0.028091,-0.615536,0.033670,-0.050334,OK
2802,28.020000,14.235568,-0.013400,3.698464,1.134538,0.027595,-0.604397,0.033274,-0.050468,OK
2803,28.030000,14.234538,-0.012625,3.638744,1.113751,0.027094,-0.593159,0.032872,-0.050594,OK
2804,28.040000,14.233529,-0.011847,3.578457,1.092789,0.026589,-0.581826,0.032465,-0.050712,OK
2805,28.050000,14.232542,-0.011067,3.517614,1.071654,0.026080,-0.570399,0.032052,-0.050823,OK
2806,28.060000,14.231576,-0.010284,3.456223,1.050349,0.025567,-0.558879,0.031633,-0.050926,OK
2807,28.070000,14.230632,-0.009499,3.394295,1.028879,0.025049,-0.547270,0.031210,-0.051021,OK
2808,28.080000,14.229710,-0.008711,3.331838,1.007246,0.024528,-0.535571,0.030781,-0.051108,OK
2809,28.090000,14.228809,-0.007921,3.268863,0.985455,0.024003,-0.523787,0.030346,-0.051187,OK
2810,28.100000,14.227931,-0.007130,3.205379,0.963507,0.023474,-0.511917,0.029907,-0.051258,OK
2811,28.110000,14.227075,-0.006337,3.141397,0.941408,0.022941,-0.499965,0.029463,-0.051322,OK
2812,28.120000,14.226241,-0.005542,3.076925,0.919160,0.022405,-0.487931,0.029014,-0.051377,OK
2813,28.130000,14.225429,-0.004745,3.011975,0.896766,0.021865,-0.475819,0.028559,-0.051425,OK
2814,28.140000,14.224639,-0.003947,2.946556,0.874232,0.021322,-0.463630,0.028101,-0.051464,OK
2815,28.150000,14.223872,-0.003149,2.880678,0.851559,0.020775,-0.451366,0.027637,-0.051496,OK
2816,28.160000,14.223127,-0.002349,2.814352,0.828751,0.020225,-0.439028,0.027169,-0.051519,OK
2817,28.170000,14.222405,-0.001548,2.747588,0.805813,0.019672,-0.426620,0.026696,-0.051535,OK
2818,28.180000,14.221705,-0.000746,2.680396,0.782747,0.019115,-0.414143,0.026219,-0.051542,OK
2819,28.190000,14.221029,0.000056,2.612786,0.759558,0.018556,-0.401598,0.025737,-0.051541,OK
2820,28.200000,14.220374,0.000859,2.544770,0.736249,0.017994,-0.388988,0.025251,-0.051533,OK
2821,28.210000,14.219743,0.001662,2.476357,0.712824,0.017429,-0.376316,0.024761,-0.051516,OK
2822,28.220000,14.219135,0.002465,2.407558,0.689286,0.016861,-0.363582,0.024267,-0.051492,OK
2823,28.230000,14.218550,0.003268,2.338384,0.665639,0.016290,-0.350790,0.023768,-0.051459,OK
2824,28.240000,14.217988,0.004072,2.268846,0.641887,0.015717,-0.337941,0.023266,-0.051418,OK
2825,28.250000,14.217449,0.004874,2.198953,0.618034,0.015142,-0.325037,0.022760,-0.051369,OK
2826,28.260000,14.216933,0.005677,2.128718,0.594083,0.014564,-0.312080,0.022250,-0.051313,OK
2827,28.270000,14.216441,0.006479,2.058151,0.570039,0.013983,-0.299073,0.021737,-0.051248,OK
2828,28.280000,14.215972,0.007280,1.987262,0.545904,0.013401,-0.286017,0.021220,-0.051175,OK
2829,28.290000,14.215527,0.008080,1.916063,0.521683,0.012816,-0.272915,0.020699,-0.051094,OK
2830,28.300000,14.215105,0.008879,1.844565,0.497380,0.012230,-0.259768,0.020175,-0.051006,OK
2831,28.310000,14.214707,0.009677,1.772778,0.472998,0.011641,-0.246580,0.019648,-0.050909,OK
2832,28.320000,14.214332,0.010474,1.700715,0.448542,0.011051,-0.233352,0.019117,-0.050804,OK
2833,28.330000,14.213981,0.011270,1.628385,0.424014,0.010458,-0.220085,0.018584,-0.050691,OK
2834,28.340000,14.213654,0.012064,1.555802,0.399420,0.009865,-0.206784,0.018047,-0.050571,OK
2835,28.350000,14.213351,0.012857,1.482976,0.374763,0.009269,-0.193448,0.017507,-0.050442,OK
2836,28.360000,14.213071,0.013648,1.409918,0.350046,0.008672,-0.180082,0.016964,-0.050306,OK
2837,28.370000,14.212816,0.014437,1.336641,0.325274,0.008074,-0.166687,0.016418,-0.050161,OK
2838,28.380000,14.212584,0.015225,1.263156,0.300451,0.007474,-0.153265,0.015869,-0.050009,OK
2839,28.390000,14.212377,0.016011,1.189474,0.275581,0.006874,-0.139818,0.015318,-0.049849,OK
2840,28.400000,14.212194,0.016795,1.115608,0.250666,0.006272,-0.126349,0.014763,-0.049681,OK
2841,28.410000,14.212035,0.017577,1.041568,0.225713,0.005669,-0.112860,0.014206,-0.049505,OK
2842,28.420000,14.211900,0.018357,0.967368,0.200723,0.005065,-0.099352,0.013647,-0.049322,OK
2843,28.430000,14.211790,0.019134,0.893017,0.175702,0.004461,-0.085829,0.013085,-0.049130,OK
2844,28.440000,14.211704,0.019909,0.818528,0.150654,0.003856,-0.072293,0.012520,-0.048931,OK
2845,28.450000,14.211643,0.020680,0.743913,0.125581,0.003250,-0.058744,0.011954,-0.048724,OK
2846,28.460000,14.211606,0.021449,0.669183,0.100489,0.002644,-0.045187,0.011385,-0.048510,OK
2847,28.470000,14.211593,0.022215,0.594349,0.075380,0.002037,-0.031622,0.010815,-0.048288,OK
2848,28.480000,14.211605,0.022978,0.519424,0.050260,0.001430,-0.018053,0.010242,-0.048058,OK
2849,28.490000,14.211642,0.023736,0.444420,0.025132,0.000822,-0.004480,0.009668,-0.047821,OK
2850,28.500000,14.211703,0.024492,0.369347,0.000000,0.000215,0.009093,0.009093,-0.047576,OK
2851,28.510000,14.211789,0.025243,0.294218,-0.025132,-0.000393,0.022664,0.008516,-0.047323,OK
2852,28.520000,14.211900,0.025990,0.219044,-0.050260,-0.001000,0.036232,0.007938,-0.047063,OK
2853,28.530000,14.212036,0.026733,0.143837,-0.075380,-0.001607,0.049794,0.007358,-0.046796,OK
2854,28.540000,14.212197,0.027471,0.068609,-0.100489,-0.002214,0.063348,0.006778,-0.046521,OK
2855,28.550000,14.212382,0.028205,-0.006630,-0.125581,-0.002821,0.076891,0.006196,-0.046239,OK
2856,28.560000,14.212593,0.028935,-0.081866,-0.150654,-0.003427,0.090422,0.005614,-0.045950,OK
2857,28.570000,14.212829,0.029659,-0.157089,-0.175702,-0.004033,0.103938,0.005031,-0.045653,OK
2858,28.580000,14.213089,0.030379,-0.232286,-0.200723,-0.004638,0.117438,0.004448,-0.045350,OK
2859,28.590000,14.213375,0.031093,-0.307447,-0.225713,-0.005242,0.130918,0.003863,-0.045039,OK
2860,28.600000,14.213686,0.031803,-0.382558,-0.250666,-0.005846,0.144377,0.003279,-0.044721,OK
2861,28.610000,14.214022,0.032507,-0.457610,-0.275581,-0.006448,0.157812,0.002694,-0.044395,OK
2862,28.620000,14.214384,0.033206,-0.532590,-0.300451,-0.007050,0.171221,0.002108,-0.044063,OK
2863,28.630000,14.214771,0.033899,-0.607486,-0.325274,-0.007650,0.184603,0.001523,-0.043724,OK
2864,28.640000,14.215183,0.034587,-0.682288,-0.350046,-0.008249,0.197955,0.000937,-0.043379,OK
2865,28.650000,14.215620,0.035270,-0.756982,-0.374763,-0.008847,0.211274,0.000351,-0.043026,OK
2866,28.660000,14.216083,0.035947,-0.831558,-0.399420,-0.009444,0.224558,-0.000235,-0.042666,OK
2867,28.670000,14.216572,0.036618,-0.906004,-0.424014,-0.010039,0.237806,-0.000820,-0.042300,OK
2868,28.680000,14.217086,0.037283,-0.980308,-0.448542,-0.010632,0.251016,-0.001406,-0.041927,OK
2869,28.690000,14.217625,0.037942,-1.054458,-0.472998,-0.011224,0.264184,-0.001991,-0.041548,OK
2870,28.700000,14.218190,0.038595,-1.128444,-0.497380,-0.011814,0.277309,-0.002576,-0.041162,OK
2871,28.710000,14.218781,0.039242,-1.202253,-0.521683,-0.012402,0.290389,-0.003160,-0.040770,OK
2872,28.720000,14.219397,0.039882,-1.275874,-0.545904,-0.012988,0.303421,-0.003744,-0.040371,OK
2873,28.730000,14.220039,0.040516,-1.349296,-0.570039,-0.013572,0.316404,-0.004327,-0.039966,OK
2874,28.740000,14.220706,0.041144,-1.422506,-0.594083,-0.014154,0.329335,-0.004909,-0.039554,OK
2875,28.750000,14.221400,0.041764,-1.495493,-0.618034,-0.014734,0.342213,-0.005490,-0.039137,OK
2876,28.760000,14.222119,0.042378,-1.568246,-0.641887,-0.015311,0.355035,-0.006070,-0.038713,OK
2877,28.770000,14.222864,0.042985,-1.640754,-0.665639,-0.015886,0.367799,-0.006649,-0.038283,OK
2878,28.780000,14.223635,0.043584,-1.713005,-0.689286,-0.016458,0.380503,-0.007227,-0.037847,OK
2879,28.790000,14.224432,0.044176,-1.784987,-0.712824,-0.017028,0.393146,-0.007803,-0.037405,OK
2880,28.800000,14.225254,0.044761,-1.856689,-0.736249,-0.017595,0.405724,-0.008378,-0.036958,OK
2881,28.810000,14.226103,0.045339,-1.928101,-0.759558,-0.018159,0.418236,-0.008951,-0.036504,OK
2882,28.820000,14.226977,0.045909,-1.999211,-0.782747,-0.018721,0.430681,-0.009523,-0.036045,OK
2883,28.830000,14.227878,0.046471,-2.070008,-0.805813,-0.019279,0.443055,-0.010092,-0.035581,OK
2884,28.840000,14.228805,0.047025,-2.140480,-0.828751,-0.019835,0.455357,-0.010660,-0.035110,OK
2885,28.850000,14.229757,0.047572,-2.210619,-0.851559,-0.020387,0.467585,-0.011226,-0.034635,OK
2886,28.860000,14.230736,0.048111,-2.280411,-0.874232,-0.020936,0.479736,-0.011790,-0.034153,OK
2887,28.870000,14.231741,0.048642,-2.349848,-0.896766,-0.021482,0.491810,-0.012352,-0.033667,OK
2888,28.880000,14.232772,0.049166,-2.418917,-0.919160,-0.022024,0.503803,-0.012912,-0.033175,OK
2889,28.890000,14.233829,0.049681,-2.487609,-0.941408,-0.022563,0.515715,-0.013469,-0.032679,OK
2890,28.900000,14.234912,0.050189,-2.555913,-0.963507,-0.023099,0.527542,-0.014025,-0.032177,OK
2891,28.910000,14.236022,0.050688,-2.623820,-0.985455,-0.023630,0.539283,-0.014578,-0.031670,OK
2892,28.920000,14.237158,0.051180,-2.691317,-1.007246,-0.024158,0.550936,-0.015129,-0.031158,OK
2893,28.930000,14.238320,0.051664,-2.758396,-1.028879,-0.024682,0.562499,-0.015678,-0.030641,OK
2894,28.940000,14.239508,0.052140,-2.825045,-1.050349,-0.025203,0.573970,-0.016224,-0.030120,OK
2895,28.950000,14.240723,0.052608,-2.891255,-1.071654,-0.025719,0.585347,-0.016768,-0.029594,OK
2896,28.960000,14.241963,0.053068,-2.957016,-1.092789,-0.026231,0.596628,-0.017309,-0.029063,OK
2897,28.970000,14.243231,0.053520,-3.022317,-1.113751,-0.026739,0.607812,-0.017848,-0.028528,OK
2898,28.980000,14.244524,0.053964,-3.087149,-1.134538,-0.027243,0.618897,-0.018384,-0.027988,OK
2899,28.990000,14.245844,0.054399,-3.151501,-1.155145,-0.027743,0.629881,-0.018918,-0.027444,OK
2900,29.000000,14.247191,0.054827,-3.215364,-1.175571,-0.028238,0.640762,-0.019448,-0.026896,OK
2901,29.010000,14.248564,0.055245,-3.278728,-1.195810,-0.028728,0.651538,-0.019975,-0.026344,OK
2902,29.020000,14.249963,0.055655,-3.341582,-1.215861,-0.029215,0.662208,-0.020500,-0.025787,OK
2903,29.030000,14.251388,0.056057,-3.403918,-1.235719,-0.029696,0.672770,-0.021021,-0.025226,OK
2904,29.040000,14.252840,0.056449,-3.465725,-1.255383,-0.030173,0.683223,-0.021539,-0.024662,OK
2905,29.050000,14.254319,0.056833,-3.526993,-1.274848,-0.030645,0.693564,-0.022053,-0.024094,OK
2906,29.060000,14.255824,0.057208,-3.587714,-1.294112,-0.031112,0.703792,-0.022564,-0.023522,OK
2907,29.070000,14.257356,0.057573,-3.647877,-1.313172,-0.031575,0.713905,-0.023071,-0.022946,OK
2908,29.080000,14.258914,0.057929,-3.707474,-1.332024,-0.032032,0.723903,-0.023574,-0.022367,OK
2909,29.090000,14.260498,0.058276,-3.766494,-1.350666,-0.032484,0.733783,-0.024073,-0.021784,OK
2910,29.100000,14.262109,0.058613,-3.824929,-1.369094,-0.032932,0.743543,-0.024569,-0.021198,OK
2911,29.110000,14.263746,0.058940,-3.882770,-1.387307,-0.033373,0.753183,-0.025060,-0.020608,OK
2912,29.120000,14.265410,0.059258,-3.940006,-1.405300,-0.033810,0.762700,-0.025547,-0.020016,OK
2913,29.130000,14.267101,0.059565,-3.996630,-1.423071,-0.034242,0.772094,-0.026029,-0.019420,OK
2914,29.140000,14.268818,0.059863,-4.052633,-1.440618,-0.034667,0.781362,-0.026507,-0.018821,OK
2915,29.150000,14.270561,0.060151,-4.108005,-1.457937,-0.035088,0.790503,-0.026981,-0.018220,OK
2916,29.160000,14.272332,0.060429,-4.162738,-1.475026,-0.035503,0.799516,-0.027450,-0.017616,OK
2917,29.170000,14.274128,0.060697,-4.216823,-1.491882,-0.035912,0.808400,-0.027914,-0.017009,OK
2918,29.180000,14.275951,0.060954,-4.270253,-1.508503,-0.036316,0.817152,-0.028373,-0.016399,OK
2919,29.190000,14.277801,0.061202,-4.323018,-1.524885,-0.036713,0.825772,-0.028828,-0.015787,OK
2920,29.200000,14.279677,0.061439,-4.375110,-1.541026,-0.037105,0.834258,-0.029277,-0.015173,OK
2921,29.210000,14.281579,0.061667,-4.426522,-1.556925,-0.037492,0.842608,-0.029722,-0.014556,OK
2922,29.220000,14.283508,0.061884,-4.477245,-1.572577,-0.037872,0.850822,-0.030162,-0.013937,OK
2923,29.230000,14.285464,0.062091,-4.527271,-1.587981,-0.038246,0.858898,-0.030596,-0.013316,OK
2924,29.240000,14.287446,0.062287,-4.576593,-1.603134,-0.038614,0.866835,-0.031026,-0.012693,OK
2925,29.250000,14.289454,0.062474,-4.625204,-1.618034,-0.038976,0.874631,-0.031450,-0.012069,OK
2926,29.260000,14.291489,0.062651,-4.673094,-1.632679,-0.039332,0.882285,-0.031869,-0.011442,OK
2927,29.270000,14.293550,0.062817,-4.720258,-1.647065,-0.039682,0.889796,-0.032283,-0.010814,OK
2928,29.280000,14.295638,0.062973,-4.766688,-1.661192,-0.040026,0.897164,-0.032692,-0.010184,OK
2929,29.290000,14.297752,0.063119,-4.812376,-1.675056,-0.040363,0.904385,-0.033095,-0.009553,OK
2930,29.300000,14.299893,0.063255,-4.857316,-1.688656,-0.040693,0.911460,-0.033493,-0.008921,OK
2931,29.310000,14.302059,0.063380,-4.901501,-1.701989,-0.041018,0.918388,-0.033885,-0.008287,OK
2932,29.320000,14.304253,0.063496,-4.944923,-1.715053,-0.041336,0.925166,-0.034272,-0.007652,OK
2933,29.330000,14.306472,0.063601,-4.987577,-1.727847,-0.041647,0.931795,-0.034653,-0.007016,OK
2934,29.340000,14.308718,0.063696,-5.029456,-1.740368,-0.041952,0.938273,-0.035028,-0.006379,OK
2935,29.350000,14.310990,0.063781,-5.070553,-1.752613,-0.042250,0.944599,-0.035398,-0.005741,OK
2936,29.360000,14.313288,0.063855,-5.110861,-1.764582,-0.042541,0.950772,-0.035762,-0.005102,OK
2937,29.370000,14.315612,0.063920,-5.150376,-1.776273,-0.042826,0.956792,-0.036120,-0.004463,OK
2938,29.380000,14.317963,0.063974,-5.189089,-1.787683,-0.043104,0.962657,-0.036473,-0.003823,OK
2939,29.390000,14.320339,0.064017,-5.226997,-1.798811,-0.043375,0.968366,-0.036819,-0.003183,OK
2940,29.400000,14.322742,0.064051,-5.264092,-1.809654,-0.043639,0.973918,-0.037159,-0.002543,OK
2941,29.410000,14.325171,0.064074,-5.300369,-1.820212,-0.043897,0.979313,-0.037493,-0.001902,OK
2942,29.420000,14.327625,0.064087,-5.335823,-1.830482,-0.044147,0.984550,-0.037821,-0.001261,OK
2943,29.430000,14.330106,0.064089,-5.370448,-1.840464,-0.044391,0.989628,-0.038143,-0.000620,OK
2944,29.440000,14.332613,0.064081,-5.404238,-1.850154,-0.044627,0.994546,-0.038459,0.000020,OK
2945,29.450000,14.335145,0.064062,-5.437188,-1.859553,-0.044856,0.999304,-0.038768,0.000661,OK
2946,29.460000,14.337704,0.064033,-5.469294,-1.868658,-0.045079,1.003901,-0.039070,0.001301,OK
2947,29.470000,14.340288,0.063993,-5.500549,-1.877468,-0.045294,1.008336,-0.039367,0.001941,OK
2948,29.480000,14.342898,0.063943,-5.530950,-1.885981,-0.045502,1.012608,-0.039656,0.002581,OK
2949,29.490000,14.345533,0.063883,-5.560492,-1.894197,-0.045703,1.016717,-0.039940,0.003220,OK
2950,29.500000,14.348194,0.063812,-5.589170,-1.902113,-0.045896,1.020663,-0.040216,0.003858,OK
2951,29.510000,14.350881,0.063731,-5.616978,-1.909729,-0.046083,1.024444,-0.040486,0.004495,OK
2952,29.520000,14.353593,0.063639,-5.643914,-1.917044,-0.046262,1.028060,-0.040749,0.005131,OK
2953,29.530000,14.356331,0.063537,-5.669973,-1.924055,-0.046433,1.031511,-0.041006,0.005767,OK
2954,29.540000,14.359094,0.063424,-5.695151,-1.930763,-0.046598,1.034796,-0.041255,0.006401,OK
2955,29.550000,14.361883,0.063302,-5.719443,-1.937166,-0.046755,1.037914,-0.041498,0.007034,OK
2956,29.560000,14.364696,0.063168,-5.742846,-1.943263,-0.046904,1.040866,-0.041734,0.007666,OK
2957,29.570000,14.367535,0.063025,-5.765356,-1.949054,-0.047047,1.043651,-0.041963,0.008296,OK
2958,29.580000,14.370399,0.062871,-5.786970,-1.954536,-0.047181,1.046268,-0.042185,0.008925,OK
2959,29.590000,14.373288,0.062707,-5.807684,-1.959710,-0.047309,1.048717,-0.042400,0.009552,OK
2960,29.600000,14.376202,0.062532,-5.827495,-1.964575,-0.047429,1.050998,-0.042608,0.010177,OK
2961,29.610000,14.379141,0.062348,-5.846399,-1.969129,-0.047541,1.053110,-0.042809,0.010801,OK
2962,29.620000,14.382105,0.062153,-5.864394,-1.973372,-0.047646,1.055053,-0.043003,0.011422,OK
2963,29.630000,14.385094,0.061948,-5.881477,-1.977303,-0.047743,1.056827,-0.043190,0.012042,OK
2964,29.640000,14.388107,0.061733,-5.897644,-1.980923,-0.047833,1.058432,-0.043369,0.012659,OK
2965,29.650000,14.391145,0.061508,-5.912894,-1.984229,-0.047915,1.059867,-0.043542,0.013274,OK
2966,29.660000,14.394207,0.061273,-5.927224,-1.987223,-0.047990,1.061133,-0.043707,0.013887,OK
2967,29.670000,14.397294,0.061028,-5.940630,-1.989902,-0.048057,1.062229,-0.043865,0.014497,OK
2968,29.680000,14.400405,0.060773,-5.953112,-1.992267,-0.048116,1.063155,-0.044016,0.015105,OK
2969,29.690000,14.403540,0.060508,-5.964667,-1.994318,-0.048168,1.063911,-0.044160,0.015710,OK
2970,29.700000,14.406699,0.060234,-5.975292,-1.996053,-0.048212,1.064497,-0.044296,0.016312,OK
2971,29.710000,14.409882,0.059949,-5.984989,-1.997474,-0.048249,1.064913,-0.044426,0.016912,OK
2972,29.720000,14.413090,0.059656,-5.993750,-1.998579,-0.048278,1.065158,-0.044548,0.017508,OK
2973,29.730000,14.416321,0.059352,-6.001579,-1.999368,-0.048299,1.065234,-0.044662,0.018102,OK
2974,29.740000,14.419576,0.059039,-6.008472,-1.999842,-0.048313,1.065140,-0.044770,0.018692,OK
2975,29.750000,14.422854,0.058717,-6.014428,-2.000000,-0.048319,1.064876,-0.044870,0.019279,OK
2976,29.760000,14.426156,0.058385,-6.019447,-1.999842,-0.048318,1.064442,-0.044962,0.019863,OK
2977,29.770000,14.429482,0.058043,-6.023527,-1.999368,-0.048309,1.063839,-0.045048,0.020444,OK
2978,29.780000,14.432830,0.057692,-6.026667,-1.998579,-0.048292,1.063066,-0.045126,0.021020,OK
2979,29.790000,14.436202,0.057332,-6.028866,-1.997474,-0.048267,1.062124,-0.045196,0.021594,OK
2980,29.800000,14.439597,0.056962,-6.030125,-1.996053,-0.048235,1.061014,-0.045259,0.022163,OK
2981,29.810000,14.443015,0.056582,-6.030442,-1.994318,-0.048195,1.059735,-0.045314,0.022729,OK
2982,29.820000,14.446456,0.056192,-6.029818,-1.992267,-0.048148,1.058289,-0.045361,0.023291,OK
2983,29.830000,14.449919,0.055792,-6.028253,-1.989902,-0.048093,1.056675,-0.045400,0.023849,OK
2984,29.840000,14.453405,0.055383,-6.025745,-1.987223,-0.048031,1.054894,-0.045431,0.024403,OK
2985,29.850000,14.456913,0.054965,-6.022296,-1.984229,-0.047960,1.052945,-0.045455,0.024953,OK
2986,29.860000,14.460444,0.054538,-6.017906,-1.980923,-0.047883,1.050830,-0.045472,0.025498,OK
2987,29.870000,14.463997,0.054101,-6.012575,-1.977303,-0.047797,1.048548,-0.045480,0.026039,OK
2988,29.880000,14.467571,0.053656,-6.006304,-1.973372,-0.047704,1.046101,-0.045482,0.026576,OK
2989,29.890000,14.471168,0.053203,-5.999093,-1.969129,-0.047604,1.043488,-0.045475,0.027108,OK
2990,29.900000,14.474787,0.052740,-5.990943,-1.964575,-0.047496,1.040710,-0.045462,0.027635,OK
2991,29.910000,14.478427,0.052270,-5.981856,-1.959710,-0.047381,1.037768,-0.045441,0.028158,OK
2992,29.920000,14.482089,0.051791,-5.971832,-1.954536,-0.047258,1.034662,-0.045412,0.028676,OK
2993,29.930000,14.485771,0.051304,-5.960873,-1.949054,-0.047127,1.031392,-0.045377,0.029189,OK
2994,29.940000,14.489476,0.050808,-5.948980,-1.943263,-0.046990,1.027960,-0.045333,0.029697,OK
2995,29.950000,14.493201,0.050305,-5.936155,-1.937166,-0.046844,1.024365,-0.045283,0.030200,OK
2996,29.960000,14.496947,0.049794,-5.922399,-1.930763,-0.046692,1.020610,-0.045225,0.030698,OK
2997,29.970000,14.500714,0.049275,-5.907714,-1.924055,-0.046532,1.016693,-0.045160,0.031190,OK
2998,29.980000,14.504501,0.048749,-5.892102,-1.917044,-0.046364,1.012617,-0.045088,0.031678,OK
2999,29.990000,14.508309,0.048214,-5.875566,-1.909729,-0.046189,1.008381,-0.045009,0.032160,OK
3000,30.000000,14.512137,0.047672,-5.858107,-1.902113,-0.046007,1.003988,-0.044922,0.032637,OK
