step_id,sim_time_s,Vx_kmh,beta_deg,w_degps,delta1_deg,delta2_deg,delta3_deg,fb_deg,beta_int_deg,status
0,0.000000,40.000000,0.000000,0.000000,0.000000,0.000000,0.000000,-0.000000,0.000000,OK
1,0.010000,39.998935,0.000001,-0.000267,0.000000,-0.000000,-0.000001,-0.000001,0.000000,OK
2,0.020000,39.996823,0.000002,-0.000190,0.000000,-0.000000,-0.000001,-0.000001,0.000000,OK
3,0.030000,39.994298,0.000001,-0.000021,0.000000,-0.000000,-0.000001,-0.000001,0.000000,OK
4,0.040000,39.991596,-0.000001,0.000042,0.000000,0.000000,0.000000,0.000000,0.000000,OK
5,0.050000,39.988893,-0.000002,0.000064,0.000000,0.000000,0.000001,0.000001,0.000000,OK
6,0.060000,39.986248,-0.000002,0.000082,0.000000,0.000000,0.000001,0.000001,-0.000000,OK
7,0.070000,39.983658,-0.000001,0.000100,0.000000,0.000000,0.000001,0.000001,-0.000000,OK
8,0.080000,39.981103,-0.000001,0.000115,0.000000,0.000000,0.000001,0.000001,-0.000000,OK
9,0.090000,39.978553,-0.000001,0.000127,0.000000,0.000000,0.000000,0.000000,-0.000000,OK
10,0.100000,39.975986,-0.000001,0.000134,0.000000,0.000000,0.000000,0.000000,-0.000000,OK
11,0.110000,39.973383,-0.000001,0.000136,0.000000,0.000000,0.000001,0.000001,-0.000000,OK
12,0.120000,39.970734,-0.000003,0.000133,0.000000,0.000000,0.000002,0.000002,-0.000000,OK
13,0.130000,39.968039,-0.000004,0.000125,0.000000,0.000000,0.000003,0.000003,-0.000000,OK
14,0.140000,39.965301,-0.000007,0.000114,0.000000,0.000000,0.000004,0.000004,-0.000000,OK
15,0.150000,39.962532,-0.000009,0.000103,0.000000,0.000000,0.000006,0.000006,-0.000000,OK
16,0.160000,39.959745,-0.000012,0.000092,0.000000,0.000000,0.000007,0.000007,-0.000000,OK
17,0.170000,39.956957,-0.000014,0.000083,0.000000,0.000000,0.000009,0.000009,-0.000001,OK
18,0.180000,39.954186,-0.000016,0.000077,0.000000,0.000000,0.000010,0.000010,-0.000001,OK
19,0.190000,39.951447,-0.000016,0.000074,0.000000,0.000000,0.000010,0.000010,-0.000001,OK
20,0.200000,39.948756,-0.000016,0.000075,0.000000,0.000000,0.000010,0.000010,-0.000001,OK
21,0.210000,39.946117,-0.000016,0.000078,0.000000,0.000000,0.000010,0.000010,-0.000001,OK
22,0.220000,39.943530,-0.000014,0.000084,0.000000,0.000000,0.000009,0.000009,-0.000001,OK
23,0.230000,39.940987,-0.000012,0.000090,0.000000,0.000000,0.000008,0.000008,-0.000001,OK
24,0.240000,39.938471,-0.000010,0.000096,0.000000,0.000000,0.000007,0.000007,-0.000002,OK
25,0.250000,39.935962,-0.000009,0.000101,0.000000,0.000000,0.000006,0.000006,-0.000002,OK
26,0.260000,39.933439,-0.000007,0.000103,0.000000,0.000000,0.000005,0.000005,-0.000002,OK
27,0.270000,39.930883,-0.000006,0.000102,0.000000,0.000000,0.000004,0.000004,-0.000002,OK
28,0.280000,39.928284,-0.000005,0.000097,0.000000,0.000000,0.000004,0.000004,-0.000002,OK
29,0.290000,39.925642,-0.000005,0.000090,0.000000,0.000000,0.000004,0.000004,-0.000002,OK
30,0.300000,39.922965,-0.000006,0.000081,0.000000,0.000000,0.000004,0.000004,-0.000002,OK
31,0.310000,39.920271,-0.000007,0.000071,0.000000,0.000000,0.000005,0.000005,-0.000002,OK
32,0.320000,39.917582,-0.000007,0.000061,0.000000,0.000000,0.000005,0.000005,-0.000002,OK
33,0.330000,39.914919,-0.000008,0.000054,0.000000,0.000000,0.000006,0.000006,-0.000002,OK
34,0.340000,39.912298,-0.000009,0.000050,0.000000,0.000000,0.000006,0.000006,-0.000002,OK
35,0.350000,39.909726,-0.000009,0.000050,0.000000,0.000000,0.000007,0.000007,-0.000002,OK
36,0.360000,39.907201,-0.000009,0.000052,0.000000,0.000000,0.000007,0.000007,-0.000002,OK
37,0.370000,39.904713,-0.000009,0.000058,0.000000,0.000000,0.000007,0.000007,-0.000003,OK
38,0.380000,39.902246,-0.000008,0.000065,0.000000,0.000000,0.000006,0.000006,-0.000003,OK
39,0.390000,39.899783,-0.000007,0.000072,0.000000,0.000000,0.000005,0.000005,-0.000003,OK
40,0.400000,39.897309,-0.000006,0.000077,0.000000,0.000000,0.000005,0.000005,-0.000003,OK
41,0.410000,39.894812,-0.000005,0.000080,0.000000,0.000000,0.000004,0.000004,-0.000003,OK
42,0.420000,39.892291,-0.000004,0.000081,0.000000,0.000000,0.000004,0.000004,-0.000003,OK
43,0.430000,39.889747,-0.000003,0.000078,0.000000,0.000000,0.000003,0.000003,-0.000003,OK
44,0.440000,39.887190,-0.000003,0.000074,0.000000,0.000000,0.000003,0.000003,-0.000003,OK
45,0.450000,39.884628,-0.000003,0.000068,0.000000,0.000000,0.000003,0.000003,-0.000003,OK
46,0.460000,39.882073,-0.000004,0.000062,0.000000,0.000000,0.000004,0.000004,-0.000003,OK
47,0.470000,39.879532,-0.000004,0.000057,0.000000,0.000000,0.000004,0.000004,-0.000003,OK
48,0.480000,39.877012,-0.000005,0.000053,0.000000,0.000000,0.000005,0.000005,-0.000003,OK
49,0.490000,39.874514,-0.000006,0.000052,0.000000,0.000000,0.000005,0.000005,-0.000003,OK
50,0.500000,39.872038,-0.000007,0.000053,0.000000,0.000000,0.000006,0.000006,-0.000003,OK
51,0.510000,39.869581,-0.000008,0.000055,0.000000,0.000000,0.000006,0.000006,-0.000003,OK
52,0.520000,39.867140,-0.000008,0.000059,0.000000,0.000000,0.000006,0.000006,-0.000003,OK
53,0.530000,39.864710,-0.000008,0.000064,0.000000,0.000000,0.000006,0.000006,-0.000003,OK
54,0.540000,39.862287,-0.000007,0.000069,0.000000,0.000000,0.000006,0.000006,-0.000003,OK
55,0.550000,39.859866,-0.000006,0.000073,0.000000,0.000000,0.000006,0.000006,-0.000004,OK
56,0.560000,39.857445,-0.000006,0.000003,0.000000,0.000000,0.000005,0.000005,-0.000004,OK
57,0.570000,39.854967,-0.000022,0.014725,0.000000,0.000000,0.000015,0.000015,-0.000004,OK
58,0.580000,39.846109,-0.000169,0.024752,0.000000,0.000002,0.000104,0.000104,-0.000005,OK
59,0.590000,39.827691,-0.000182,0.017655,0.000000,0.000003,0.000113,0.000113,-0.000007,OK
60,0.600000,39.801747,-0.000143,0.015112,0.000000,0.000002,0.000090,0.000090,-0.000009,OK
61,0.610000,39.770680,-0.000156,0.014119,0.000000,0.000002,0.000098,0.000098,-0.000010,OK
62,0.620000,39.736405,-0.000255,0.012642,0.000000,0.000004,0.000159,0.000159,-0.000013,OK
63,0.630000,39.700285,-0.000437,0.010319,0.000000,0.000006,0.000271,0.000271,-0.000017,OK
64,0.640000,39.663238,-0.000670,0.007393,0.000000,0.000010,0.000414,0.000414,-0.000024,OK
65,0.650000,39.625855,-0.000908,0.004336,0.000000,0.000013,0.000561,0.000561,-0.000033,OK
66,0.660000,39.588504,-0.001100,0.001598,0.000000,0.000016,0.000682,0.000682,-0.000044,OK
67,0.670000,39.551418,-0.001206,-0.000521,0.000000,0.000018,0.000752,0.000752,-0.000056,OK
68,0.680000,39.514760,-0.001198,-0.001945,0.000000,0.000018,0.000753,0.000753,-0.000068,OK
69,0.690000,39.478660,-0.001066,-0.002805,0.000000,0.000016,0.000679,0.000679,-0.000079,OK
70,0.700000,39.443241,-0.000817,-0.003346,0.000000,0.000013,0.000533,0.000533,-0.000087,OK
71,0.710000,39.408615,-0.000473,-0.003815,0.000000,0.000008,0.000329,0.000329,-0.000092,OK
72,0.720000,39.374872,-0.000070,-0.004382,0.000000,0.000002,0.000088,0.000088,-0.000092,OK
73,0.730000,39.342066,0.000349,-0.005113,0.000000,-0.000004,-0.000165,-0.000165,-0.000089,OK
74,0.740000,39.310206,0.000738,-0.005993,0.000000,-0.000009,-0.000402,-0.000402,-0.000081,OK
75,0.750000,39.279253,0.001057,-0.006972,0.000000,-0.000014,-0.000599,-0.000599,-0.000071,OK
76,0.760000,39.249125,0.001280,-0.007991,0.000000,-0.000017,-0.000739,-0.000739,-0.000058,OK
77,0.770000,39.219703,0.001392,-0.008995,0.000000,-0.000019,-0.000813,-0.000813,-0.000044,OK
78,0.780000,39.190845,0.001398,-0.009926,0.000000,-0.000019,-0.000824,-0.000824,-0.000030,OK
79,0.790000,39.162400,0.001316,-0.010717,0.000000,-0.000018,-0.000781,-0.000781,-0.000017,OK
80,0.800000,39.134231,0.001173,-0.011284,0.000000,-0.000017,-0.000701,-0.000701,-0.000005,OK
81,0.810000,39.106236,0.000999,-0.011556,0.000000,-0.000014,-0.000601,-0.000601,0.000005,OK
82,0.820000,39.078371,0.000824,-0.011479,0.000000,-0.000012,-0.000501,-0.000501,0.000013,OK
83,0.830000,39.050651,0.000676,-0.011053,0.000000,-0.000010,-0.000416,-0.000416,0.000020,OK
84,0.840000,39.023147,0.000572,-0.010330,0.000000,-0.000008,-0.000356,-0.000356,0.000025,OK
85,0.850000,38.995965,0.000520,-0.009398,0.000000,-0.000008,-0.000327,-0.000327,0.000031,OK
86,0.860000,38.969219,0.000517,-0.008363,0.000000,-0.000008,-0.000328,-0.000328,0.000036,OK
87,0.870000,38.943002,0.000554,-0.007325,0.000000,-0.000008,-0.000353,-0.000353,0.000041,OK
88,0.880000,38.917372,0.000611,-0.006369,0.000000,-0.000009,-0.000390,-0.000390,0.000047,OK
89,0.890000,38.892344,0.000670,-0.005555,0.000000,-0.000010,-0.000429,-0.000429,0.000054,OK
90,0.900000,38.867886,0.000711,-0.004918,0.000000,-0.000011,-0.000457,-0.000457,0.000061,OK
91,0.910000,38.843937,0.000719,-0.004478,0.000000,-0.000011,-0.000466,-0.000466,0.000068,OK
92,0.920000,38.820416,0.000686,-0.004225,0.000000,-0.000011,-0.000449,-0.000449,0.000075,OK
93,0.930000,38.797245,0.000609,-0.004128,0.000000,-0.000010,-0.000406,-0.000406,0.000081,OK
94,0.940000,38.774359,0.000495,-0.004134,0.000000,-0.000008,-0.000340,-0.000340,0.000086,OK
95,0.950000,38.751723,0.000353,-0.004176,0.000000,-0.000006,-0.000257,-0.000257,0.000090,OK
96,0.960000,38.729331,0.000199,-0.004183,0.000000,-0.000004,-0.000166,-0.000166,0.000092,OK
97,0.970000,38.707200,0.000051,-0.004096,0.000000,-0.000002,-0.000077,-0.000077,0.000092,OK
98,0.980000,38.685367,-0.000077,-0.003881,0.000000,0.000000,0.000001,0.000001,0.000092,OK
99,0.990000,38.663872,-0.000173,-0.003534,0.000000,0.000001,0.000059,0.000059,0.000090,OK
100,1.000000,38.642754,-0.000230,-0.003078,3.000000,0.070891,0.565010,0.000094,0.000088,OK
101,1.010000,38.623975,0.012905,0.093388,3.000000,0.070703,0.555970,-0.007852,0.000217,OK
102,1.020000,38.603408,0.052632,0.383839,3.000000,0.070133,0.530671,-0.031951,0.000743,OK
103,1.030000,38.581918,0.112233,0.835825,3.000000,0.069275,0.493094,-0.068272,0.001865,OK
104,1.040000,38.560062,0.183597,1.404382,3.000000,0.068242,0.448081,-0.112009,0.003701,OK
105,1.050000,38.538226,0.258291,2.041534,3.000000,0.067152,0.400696,-0.158117,0.006284,OK
106,1.060000,38.516659,0.329471,2.706118,3.000000,0.066104,0.355078,-0.202472,0.009579,OK
107,1.070000,38.495518,0.392983,3.375451,3.000000,0.065157,0.313767,-0.242544,0.013509,OK
108,1.080000,38.474899,0.446458,4.037364,3.000000,0.064346,0.278240,-0.276862,0.017973,OK
109,1.090000,38.454823,0.488785,4.685810,3.000000,0.063689,0.249221,-0.304702,0.022861,OK
110,1.100000,38.435279,0.519637,5.316927,3.000000,0.063190,0.226964,-0.325811,0.028058,OK
111,1.110000,38.416246,0.539032,5.926039,3.000000,0.062851,0.211512,-0.340143,0.033448,OK
112,1.120000,38.397685,0.547610,6.511203,3.000000,0.062665,0.202535,-0.348028,0.038924,OK
113,1.130000,38.379548,0.546354,7.071325,3.000000,0.062618,0.199489,-0.350006,0.044387,OK
114,1.140000,38.361788,0.536400,7.605532,3.000000,0.062696,0.201733,-0.346716,0.049751,OK
115,1.150000,38.344373,0.518953,8.112995,3.000000,0.062882,0.208579,-0.338842,0.054941,OK
116,1.160000,38.327276,0.495225,8.592695,3.000000,0.063160,0.219330,-0.327082,0.059893,OK
117,1.170000,38.310488,0.466343,9.042954,3.000000,0.063514,0.233337,-0.312084,0.064557,OK
118,1.180000,38.294005,0.433535,9.463457,3.000000,0.063928,0.249879,-0.294567,0.068892,OK
119,1.190000,38.277823,0.398046,9.854534,3.000000,0.064384,0.268225,-0.275264,0.072872,OK
120,1.200000,38.261939,0.361057,10.216997,3.000000,0.064866,0.287674,-0.254875,0.076483,OK
121,1.210000,38.246343,0.323694,10.551669,3.000000,0.065357,0.307549,-0.234077,0.079720,OK
122,1.220000,38.231019,0.287020,10.859354,3.000000,0.065843,0.327210,-0.213507,0.082590,OK
123,1.230000,38.215943,0.251994,11.140599,3.000000,0.066310,0.346072,-0.193751,0.085110,OK
124,1.240000,38.201088,0.219462,11.395546,3.000000,0.066746,0.363612,-0.175330,0.087305,OK
125,1.250000,38.186427,0.190137,11.623906,3.000000,0.067139,0.379386,-0.158685,0.089206,OK
126,1.260000,38.171942,0.164515,11.825063,3.000000,0.067483,0.393076,-0.144135,0.090851,OK
127,1.270000,38.157625,0.142778,11.999156,3.000000,0.067774,0.404553,-0.131807,0.092279,OK
128,1.280000,38.143478,0.124853,12.146526,3.000000,0.068013,0.413842,-0.121675,0.093528,OK
129,1.290000,38.129511,0.110586,12.267219,3.000000,0.068203,0.421018,-0.113668,0.094633,OK
130,1.300000,38.115739,0.099701,12.362230,3.000000,0.068345,0.426231,-0.107636,0.095630,OK
131,1.310000,38.102178,0.091826,12.433469,3.000000,0.068446,0.429688,-0.103370,0.096549,OK
132,1.320000,38.088875,0.086555,12.483359,3.000000,0.068510,0.431625,-0.100640,0.097414,OK
133,1.330000,38.075824,0.083495,12.515684,3.000000,0.068544,0.432265,-0.099222,0.098249,OK
134,1.340000,38.063026,0.082267,12.534948,3.000000,0.068552,0.431826,-0.098896,0.099072,OK
135,1.350000,38.050453,0.082529,12.544753,3.000000,0.068538,0.430506,-0.099466,0.099897,OK
136,1.360000,38.038074,0.084034,12.547882,3.000000,0.068507,0.428443,-0.100789,0.100738,OK
137,1.370000,38.025865,0.086563,12.546523,3.000000,0.068461,0.425763,-0.102739,0.101603,OK
138,1.380000,38.013814,0.089883,12.542387,3.000000,0.068403,0.422601,-0.105181,0.102502,OK
139,1.390000,38.001913,0.093778,12.536236,3.000000,0.068337,0.419083,-0.107987,0.103440,OK
140,1.400000,37.990159,0.098053,12.528357,3.000000,0.068265,0.415324,-0.111042,0.104420,OK
141,1.410000,37.978559,0.102524,12.518774,3.000000,0.068189,0.411434,-0.114237,0.105446,OK
142,1.420000,37.967118,0.107034,12.507475,3.000000,0.068113,0.407507,-0.117478,0.106516,OK
143,1.430000,37.955847,0.111456,12.494575,3.000000,0.068037,0.403621,-0.120689,0.107630,OK
144,1.440000,37.944750,0.115698,12.480383,3.000000,0.067963,0.399831,-0.123813,0.108787,OK
145,1.450000,37.933834,0.119697,12.465395,3.000000,0.067892,0.396178,-0.126811,0.109984,OK
146,1.460000,37.923100,0.123402,12.450219,3.000000,0.067825,0.392694,-0.129651,0.111218,OK
147,1.470000,37.912547,0.126766,12.435475,3.000000,0.067762,0.389408,-0.132302,0.112486,OK
148,1.480000,37.902175,0.129735,12.421697,3.000000,0.067705,0.386354,-0.134733,0.113783,OK
149,1.490000,37.891980,0.132244,12.409374,3.000000,0.067654,0.383575,-0.136899,0.115106,OK
150,1.500000,37.881959,0.134228,12.398781,3.000000,0.067610,0.381111,-0.138761,0.116448,OK
151,1.510000,37.872110,0.135656,12.389938,3.000000,0.067573,0.378983,-0.140296,0.117805,OK
152,1.520000,37.862427,0.136536,12.382748,3.000000,0.067545,0.377189,-0.141507,0.119170,OK
153,1.530000,37.852906,0.136920,12.377021,3.000000,0.067523,0.375701,-0.142422,0.120539,OK
154,1.540000,37.843543,0.136896,12.372606,3.000000,0.067507,0.374467,-0.143092,0.121908,OK
155,1.550000,37.834331,0.136585,12.369276,3.000000,0.067496,0.373415,-0.143588,0.123274,OK
156,1.560000,37.825265,0.136124,12.366791,3.000000,0.067486,0.372464,-0.143992,0.124635,OK
157,1.570000,37.816340,0.135635,12.364911,3.000000,0.067477,0.371542,-0.144377,0.125992,OK
158,1.580000,37.807554,0.135202,12.363404,3.000000,0.067467,0.370595,-0.144793,0.127344,OK
159,1.590000,37.798904,0.134864,12.362055,3.000000,0.067456,0.369601,-0.145265,0.128692,OK
160,1.600000,37.790391,0.134609,12.360690,3.000000,0.067444,0.368568,-0.145784,0.130038,OK
161,1.610000,37.782015,0.134387,12.359201,3.000000,0.067431,0.367523,-0.146323,0.131382,OK
162,1.620000,37.773777,0.134131,12.357562,3.000000,0.067419,0.366508,-0.146840,0.132724,OK
163,1.630000,37.765674,0.133779,12.355840,3.000000,0.067408,0.365561,-0.147298,0.134061,OK
164,1.640000,37.757706,0.133290,12.354175,3.000000,0.067399,0.364706,-0.147671,0.135394,OK
165,1.650000,37.749865,0.132659,12.352741,3.000000,0.067392,0.363947,-0.147956,0.136721,OK
166,1.660000,37.742148,0.131913,12.351699,3.000000,0.067387,0.363268,-0.148168,0.138040,OK
167,1.670000,37.734546,0.131106,12.351141,3.000000,0.067383,0.362636,-0.148339,0.139351,OK
168,1.680000,37.727056,0.130298,12.351060,3.000000,0.067379,0.362016,-0.148506,0.140654,OK
169,1.690000,37.719672,0.129544,12.351334,3.000000,0.067375,0.361374,-0.148701,0.141949,OK
170,1.700000,37.712393,0.128882,12.351753,3.000000,0.067369,0.360685,-0.148949,0.143238,OK
171,1.710000,37.705219,0.128327,12.352065,3.000000,0.067362,0.359942,-0.149257,0.144522,OK
172,1.720000,37.698150,0.127872,12.352038,3.000000,0.067353,0.359148,-0.149623,0.145800,OK
173,1.730000,37.691190,0.127496,12.351518,3.000000,0.067343,0.358313,-0.150035,0.147075,OK
174,1.740000,37.684337,0.127176,12.350468,3.000000,0.067333,0.357454,-0.150479,0.148347,OK
175,1.750000,37.677593,0.126893,12.348980,3.000000,0.067322,0.356580,-0.150944,0.149616,OK
176,1.760000,37.670954,0.126638,12.347244,3.000000,0.067310,0.355697,-0.151424,0.150882,OK
177,1.770000,37.664417,0.126409,12.345502,3.000000,0.067299,0.354806,-0.151918,0.152146,OK
178,1.780000,37.657977,0.126207,12.343986,3.000000,0.067287,0.353905,-0.152428,0.153408,OK
179,1.790000,37.651629,0.126031,12.342855,3.000000,0.067274,0.352995,-0.152953,0.154669,OK
180,1.800000,37.645368,0.125873,12.342171,3.000000,0.067262,0.352080,-0.153488,0.155927,OK
181,1.810000,37.639192,0.125717,12.341882,3.000000,0.067249,0.351170,-0.154022,0.157185,OK
182,1.820000,37.633099,0.125539,12.341851,3.000000,0.067237,0.350278,-0.154543,0.158440,OK
183,1.830000,37.627088,0.125317,12.341900,3.000000,0.067225,0.349419,-0.155037,0.159693,OK
184,1.840000,37.621160,0.125037,12.341858,3.000000,0.067214,0.348602,-0.155494,0.160944,OK
185,1.850000,37.615315,0.124697,12.341608,3.000000,0.067204,0.347826,-0.155914,0.162191,OK
186,1.860000,37.609552,0.124314,12.341108,3.000000,0.067195,0.347084,-0.156305,0.163434,OK
187,1.870000,37.603869,0.123915,12.340395,3.000000,0.067186,0.346358,-0.156686,0.164673,OK
188,1.880000,37.598265,0.123535,12.339565,3.000000,0.067177,0.345627,-0.157075,0.165908,OK
189,1.890000,37.592735,0.123205,12.338742,3.000000,0.067167,0.344872,-0.157493,0.167140,OK
190,1.900000,37.587278,0.122944,12.338038,3.000000,0.067156,0.344082,-0.157951,0.168370,OK
191,1.910000,37.581890,0.122752,12.337536,3.000000,0.067144,0.343255,-0.158450,0.169597,OK
192,1.920000,37.576568,0.122614,12.337266,3.000000,0.067132,0.342401,-0.158980,0.170823,OK
193,1.930000,37.571310,0.122499,12.337215,3.000000,0.067119,0.341537,-0.159523,0.172048,OK
194,1.940000,37.566116,0.122371,12.337342,3.000000,0.067106,0.340685,-0.160059,0.173272,OK
195,1.950000,37.560982,0.122200,12.337592,3.000000,0.067094,0.339864,-0.160567,0.174494,OK
196,1.960000,37.555908,0.121965,12.337922,3.000000,0.067083,0.339086,-0.161036,0.175714,OK
197,1.970000,37.550891,0.121662,12.338301,3.000000,0.067073,0.338353,-0.161462,0.176930,OK
198,1.980000,37.545930,0.121305,12.338716,3.000000,0.067064,0.337658,-0.161855,0.178143,OK
199,1.990000,37.541023,0.120918,12.339164,3.000000,0.067055,0.336986,-0.162227,0.179353,OK
200,2.000000,37.536165,0.120528,12.339639,3.000000,0.067046,0.336321,-0.162596,0.180558,OK
201,2.010000,37.531357,0.120158,12.340128,3.000000,0.067037,0.335649,-0.162974,0.181759,OK
202,2.020000,37.526596,0.119822,12.340611,3.000000,0.067028,0.334961,-0.163372,0.182958,OK
203,2.030000,37.521881,0.119522,12.341062,3.000000,0.067018,0.334255,-0.163790,0.184153,OK
204,2.040000,37.517211,0.119251,12.341464,3.000000,0.067008,0.333536,-0.164223,0.185345,OK
205,2.050000,37.512584,0.118994,12.341824,3.000000,0.066998,0.332813,-0.164664,0.186535,OK
206,2.060000,37.508000,0.118738,12.342170,3.000000,0.066987,0.332092,-0.165104,0.187723,OK
207,2.070000,37.503456,0.118472,12.342557,3.000000,0.066977,0.331382,-0.165537,0.188907,OK
208,2.080000,37.498949,0.118193,12.343056,3.000000,0.066967,0.330683,-0.165960,0.190089,OK
209,2.090000,37.494477,0.117903,12.343731,3.000000,0.066957,0.329994,-0.166376,0.191268,OK
210,2.100000,37.490036,0.117611,12.344624,3.000000,0.066947,0.329310,-0.166789,0.192444,OK
211,2.110000,37.485623,0.117323,12.345738,3.000000,0.066938,0.328626,-0.167202,0.193618,OK
212,2.120000,37.481237,0.117042,12.347034,3.000000,0.066928,0.327941,-0.167619,0.194788,OK
213,2.130000,37.476874,0.116768,12.348437,3.000000,0.066918,0.327255,-0.168038,0.195956,OK
214,2.140000,37.472536,0.116492,12.349855,3.000000,0.066908,0.326572,-0.168456,0.197121,OK
215,2.150000,37.468219,0.116207,12.351200,3.000000,0.066898,0.325898,-0.168866,0.198283,OK
216,2.160000,37.463925,0.115905,12.352411,3.000000,0.066889,0.325237,-0.169264,0.199442,OK
217,2.170000,37.459651,0.115582,12.353471,3.000000,0.066880,0.324591,-0.169648,0.200598,OK
218,2.180000,37.455398,0.115242,12.354410,3.000000,0.066871,0.323958,-0.170020,0.201750,OK
219,2.190000,37.451162,0.114894,12.355297,3.000000,0.066862,0.323333,-0.170386,0.202899,OK
220,2.200000,37.446941,0.114551,12.356221,3.000000,0.066854,0.322708,-0.170753,0.204045,OK
221,2.210000,37.442733,0.114225,12.357270,3.000000,0.066845,0.322074,-0.171128,0.205187,OK
222,2.220000,37.438534,0.113925,12.358508,3.000000,0.066836,0.321427,-0.171518,0.206326,OK
223,2.230000,37.434342,0.113653,12.359962,3.000000,0.066826,0.320765,-0.171923,0.207463,OK
224,2.240000,37.430154,0.113403,12.361617,3.000000,0.066816,0.320092,-0.172340,0.208597,OK
225,2.250000,37.425964,0.113163,12.363406,3.000000,0.066806,0.319413,-0.172762,0.209728,OK
226,2.260000,37.421758,0.112919,12.365292,3.000000,0.066796,0.318736,-0.173180,0.210857,OK
227,2.270000,37.417549,0.112659,12.367232,3.000000,0.066787,0.318071,-0.173587,0.211984,OK
228,2.280000,37.413339,0.112372,12.369166,3.000000,0.066777,0.317423,-0.173977,0.213108,OK
229,2.290000,37.409130,0.112058,12.371070,3.000000,0.066769,0.316793,-0.174349,0.214228,OK
230,2.300000,37.404923,0.111723,12.372939,3.000000,0.066760,0.316177,-0.174706,0.215346,OK
231,2.310000,37.400719,0.111376,12.374782,3.000000,0.066752,0.315571,-0.175055,0.216459,OK
232,2.320000,37.396521,0.111029,12.376616,3.000000,0.066744,0.314966,-0.175402,0.217570,OK
233,2.330000,37.392329,0.110693,12.378456,3.000000,0.066735,0.314356,-0.175754,0.218676,OK
234,2.340000,37.388147,0.110373,12.380308,3.000000,0.066727,0.313740,-0.176114,0.219780,OK
235,2.350000,37.383975,0.110069,12.382172,3.000000,0.066718,0.313116,-0.176482,0.220881,OK
236,2.360000,37.379818,0.109776,12.384036,3.000000,0.066709,0.312487,-0.176855,0.221979,OK
237,2.370000,37.375675,0.109487,12.385892,3.000000,0.066701,0.311859,-0.177229,0.223074,OK
238,2.380000,37.371551,0.109194,12.387732,3.000000,0.066692,0.311235,-0.177599,0.224165,OK
239,2.390000,37.367447,0.108892,12.389555,3.000000,0.066683,0.310620,-0.177962,0.225254,OK
240,2.400000,37.363365,0.108580,12.391368,3.000000,0.066675,0.310013,-0.178318,0.226340,OK
241,2.410000,37.359305,0.108259,12.393176,3.000000,0.066667,0.309414,-0.178667,0.227423,OK
242,2.420000,37.355271,0.107935,12.394985,3.000000,0.066659,0.308821,-0.179012,0.228502,OK
243,2.430000,37.351263,0.107612,12.396790,3.000000,0.066650,0.308230,-0.179356,0.229578,OK
244,2.440000,37.347283,0.107295,12.398573,3.000000,0.066642,0.307639,-0.179702,0.230651,OK
245,2.450000,37.343333,0.106984,12.400310,3.000000,0.066634,0.307048,-0.180051,0.231721,OK
246,2.460000,37.339415,0.106678,12.401972,3.000000,0.066626,0.306457,-0.180401,0.232788,OK
247,2.470000,37.335532,0.106374,12.403533,3.000000,0.066617,0.305869,-0.180750,0.233852,OK
248,2.480000,37.331686,0.106066,12.404974,3.000000,0.066609,0.305286,-0.181096,0.234912,OK
249,2.490000,37.327879,0.105753,12.406295,3.000000,0.066601,0.304711,-0.181437,0.235970,OK
250,2.500000,37.324113,0.105435,12.407515,3.000000,0.066593,0.304143,-0.181773,0.237024,OK
251,2.510000,37.320390,0.105113,12.408662,3.000000,0.066585,0.303581,-0.182106,0.238075,OK
252,2.520000,37.316712,0.104795,12.409771,3.000000,0.066578,0.303021,-0.182438,0.239123,OK
253,2.530000,37.313079,0.104484,12.410874,3.000000,0.066570,0.302462,-0.182774,0.240168,OK
254,2.540000,37.309494,0.104185,12.411988,3.000000,0.066562,0.301899,-0.183116,0.241210,OK
255,2.550000,37.305957,0.103900,12.413117,3.000000,0.066553,0.301333,-0.183464,0.242249,OK
256,2.560000,37.302472,0.103626,12.414240,3.000000,0.066545,0.300764,-0.183818,0.243285,OK
257,2.570000,37.299040,0.103360,12.415332,3.000000,0.066536,0.300195,-0.184175,0.244319,OK
258,2.580000,37.295663,0.103095,12.416357,3.000000,0.066528,0.299631,-0.184532,0.245350,OK
259,2.590000,37.292343,0.102825,12.417285,3.000000,0.066520,0.299074,-0.184884,0.246378,OK
260,2.600000,37.289083,0.102548,12.418100,3.000000,0.066512,0.298526,-0.185230,0.247403,OK
261,2.610000,37.285885,0.102262,12.418795,3.000000,0.066504,0.297989,-0.185570,0.248426,OK
262,2.620000,37.282751,0.101970,12.419381,3.000000,0.066496,0.297461,-0.185905,0.249446,OK
263,2.630000,37.279683,0.101677,12.419877,3.000000,0.066488,0.296939,-0.186238,0.250462,OK
264,2.640000,37.276682,0.101388,12.420308,3.000000,0.066480,0.296421,-0.186571,0.251476,OK
265,2.650000,37.273750,0.101107,12.420691,3.000000,0.066472,0.295903,-0.186908,0.252487,OK
266,2.660000,37.270890,0.100837,12.421043,3.000000,0.066464,0.295384,-0.187250,0.253496,OK
267,2.670000,37.268101,0.100578,12.421365,3.000000,0.066456,0.294865,-0.187597,0.254502,OK
268,2.680000,37.265387,0.100327,12.421654,3.000000,0.066447,0.294346,-0.187949,0.255505,OK
269,2.690000,37.262750,0.100081,12.421900,3.000000,0.066439,0.293830,-0.188301,0.256506,OK
270,2.700000,37.260191,0.099835,12.422093,3.000000,0.066431,0.293321,-0.188653,0.257504,OK
271,2.710000,37.257712,0.099586,12.422225,3.000000,0.066422,0.292819,-0.189002,0.258500,OK
272,2.720000,37.255315,0.099334,12.422292,3.000000,0.066414,0.292326,-0.189347,0.259493,OK
273,2.730000,37.253002,0.099078,12.422293,3.000000,0.066406,0.291841,-0.189689,0.260484,OK
274,2.740000,37.250774,0.098823,12.422231,3.000000,0.066398,0.291362,-0.190030,0.261472,OK
275,2.750000,37.248634,0.098571,12.422108,3.000000,0.066390,0.290889,-0.190371,0.262458,OK
276,2.760000,37.246583,0.098323,12.421925,3.000000,0.066382,0.290418,-0.190715,0.263441,OK
277,2.770000,37.244622,0.098083,12.421677,3.000000,0.066374,0.289951,-0.191061,0.264422,OK
278,2.780000,37.242755,0.097847,12.421360,3.000000,0.066366,0.289488,-0.191409,0.265400,OK
279,2.790000,37.240981,0.097616,12.420969,3.000000,0.066357,0.289029,-0.191758,0.266377,OK
280,2.800000,37.239304,0.097385,12.420503,3.000000,0.066349,0.288577,-0.192106,0.267350,OK
281,2.810000,37.237725,0.097153,12.419964,3.000000,0.066341,0.288133,-0.192453,0.268322,OK
282,2.820000,37.236245,0.096919,12.419359,3.000000,0.066333,0.287697,-0.192797,0.269291,OK
283,2.830000,37.234867,0.096685,12.418699,3.000000,0.066325,0.287269,-0.193140,0.270258,OK
284,2.840000,37.233592,0.096451,12.417997,3.000000,0.066317,0.286848,-0.193482,0.271223,OK
285,2.850000,37.232421,0.096222,12.417263,3.000000,0.066308,0.286432,-0.193826,0.272185,OK
286,2.860000,37.231355,0.095998,12.416500,3.000000,0.066300,0.286021,-0.194171,0.273145,OK
287,2.870000,37.230397,0.095781,12.415706,3.000000,0.066292,0.285613,-0.194520,0.274103,OK
288,2.880000,37.229548,0.095570,12.414873,3.000000,0.066284,0.285209,-0.194871,0.275058,OK
289,2.890000,37.228809,0.095364,12.413985,3.000000,0.066275,0.284810,-0.195224,0.276012,OK
290,2.900000,37.228182,0.095160,12.413029,3.000000,0.066267,0.284418,-0.195578,0.276963,OK
291,2.910000,37.227669,0.094955,12.411995,3.000000,0.066259,0.284034,-0.195930,0.277913,OK
292,2.920000,37.227271,0.094749,12.410878,3.000000,0.066250,0.283660,-0.196279,0.278861,OK
293,2.930000,37.226991,0.094540,12.409680,3.000000,0.066242,0.283295,-0.196627,0.279806,OK
294,2.940000,37.226829,0.094329,12.408409,3.000000,0.066234,0.282940,-0.196972,0.280749,OK
295,2.950000,37.226786,0.094119,12.407079,3.000000,0.066226,0.282593,-0.197317,0.281690,OK
296,2.960000,37.226865,0.093911,12.405703,3.000000,0.066218,0.282253,-0.197662,0.282630,OK
297,2.970000,37.227066,0.093709,12.404292,3.000000,0.066210,0.281918,-0.198009,0.283567,OK
298,2.980000,37.227391,0.093513,12.402851,3.000000,0.066201,0.281588,-0.198358,0.284502,OK
299,2.990000,37.227840,0.093323,12.401379,3.000000,0.066193,0.281264,-0.198711,0.285435,OK
300,3.000000,37.228416,0.093138,12.399872,3.000000,0.066185,0.280944,-0.199066,0.286366,OK
301,3.010000,37.229119,0.092956,12.398321,3.000000,0.066176,0.280632,-0.199422,0.287296,OK
302,3.020000,37.229951,0.092775,12.396718,3.000000,0.066168,0.280328,-0.199777,0.288224,OK
303,3.030000,37.230914,0.092593,12.395057,3.000000,0.066159,0.280034,-0.200131,0.289150,OK
304,3.040000,37.232008,0.092410,12.393336,3.000000,0.066151,0.279749,-0.200483,0.290074,OK
305,3.050000,37.233234,0.092227,12.391555,3.000000,0.066143,0.279474,-0.200834,0.290996,OK
306,3.060000,37.234595,0.092045,12.389718,3.000000,0.066135,0.279207,-0.201185,0.291916,OK
307,3.070000,37.236091,0.091865,12.387832,3.000000,0.066126,0.278948,-0.201537,0.292835,OK
308,3.080000,37.237723,0.091690,12.385898,3.000000,0.066118,0.278696,-0.201890,0.293752,OK
309,3.090000,37.239492,0.091518,12.383921,3.000000,0.066110,0.278451,-0.202244,0.294667,OK
310,3.100000,37.241399,0.091350,12.381901,3.000000,0.066101,0.278213,-0.202600,0.295581,OK
311,3.110000,37.243446,0.091185,12.379836,3.000000,0.066093,0.277982,-0.202957,0.296492,OK
312,3.120000,37.245633,0.091022,12.377725,3.000000,0.066084,0.277760,-0.203314,0.297403,OK
313,3.130000,37.247961,0.090860,12.375569,3.000000,0.066076,0.277547,-0.203672,0.298311,OK
314,3.140000,37.250432,0.090698,12.373369,3.000000,0.066067,0.277343,-0.204028,0.299218,OK
315,3.150000,37.253046,0.090537,12.371127,3.000000,0.066059,0.277149,-0.204384,0.300124,OK
316,3.160000,37.255804,0.090376,12.368848,3.000000,0.066051,0.276964,-0.204739,0.301027,OK
317,3.170000,37.258708,0.090217,12.366533,3.000000,0.066042,0.276787,-0.205095,0.301930,OK
318,3.180000,37.261757,0.090061,12.364186,3.000000,0.066034,0.276618,-0.205452,0.302830,OK
319,3.190000,37.264953,0.089910,12.361805,3.000000,0.066025,0.276457,-0.205810,0.303729,OK
320,3.200000,37.268297,0.089762,12.359388,3.000000,0.066017,0.276303,-0.206171,0.304627,OK
321,3.210000,37.271789,0.089618,12.356931,3.000000,0.066008,0.276157,-0.206532,0.305523,OK
322,3.220000,37.275431,0.089476,12.354429,3.000000,0.066000,0.276020,-0.206894,0.306418,OK
323,3.230000,37.279222,0.089334,12.351880,3.000000,0.065991,0.275892,-0.207256,0.307311,OK
324,3.240000,37.283165,0.089193,12.349282,3.000000,0.065983,0.275774,-0.207617,0.308203,OK
325,3.250000,37.287258,0.089051,12.346639,3.000000,0.065974,0.275666,-0.207978,0.309094,OK
326,3.260000,37.291504,0.088910,12.343955,3.000000,0.065966,0.275569,-0.208337,0.309983,OK
327,3.270000,37.295902,0.088769,12.341237,3.000000,0.065957,0.275480,-0.208697,0.310870,OK
328,3.280000,37.300454,0.088631,12.338491,3.000000,0.065949,0.275401,-0.209057,0.311757,OK
329,3.290000,37.305160,0.088496,12.335720,3.000000,0.065940,0.275329,-0.209418,0.312642,OK
330,3.300000,37.310019,0.088364,12.332928,3.000000,0.065931,0.275266,-0.209781,0.313525,OK
331,3.310000,37.315034,0.088236,12.330113,3.000000,0.065923,0.275211,-0.210145,0.314408,OK
332,3.320000,37.320204,0.088111,12.327267,3.000000,0.065914,0.275164,-0.210511,0.315289,OK
333,3.330000,37.325530,0.087988,12.324394,3.000000,0.065906,0.275125,-0.210877,0.316169,OK
334,3.340000,37.331011,0.087867,12.321480,3.000000,0.065897,0.275096,-0.211244,0.317047,OK
335,3.350000,37.336650,0.087747,12.318534,3.000000,0.065888,0.275077,-0.211610,0.317925,OK
336,3.360000,37.342446,0.087626,12.315548,3.000000,0.065880,0.275068,-0.211976,0.318801,OK
337,3.370000,37.348400,0.087506,12.312528,3.000000,0.065871,0.275069,-0.212342,0.319676,OK
338,3.380000,37.354511,0.087386,12.309477,3.000000,0.065862,0.275080,-0.212707,0.320550,OK
339,3.390000,37.360780,0.087269,12.306398,3.000000,0.065854,0.275099,-0.213073,0.321423,OK
340,3.400000,37.367208,0.087153,12.303298,3.000000,0.065845,0.275128,-0.213439,0.322294,OK
341,3.410000,37.373794,0.087040,12.300181,3.000000,0.065836,0.275166,-0.213806,0.323165,OK
342,3.420000,37.380540,0.086929,12.297043,3.000000,0.065828,0.275212,-0.214175,0.324034,OK
343,3.430000,37.387444,0.086820,12.293891,3.000000,0.065819,0.275267,-0.214543,0.324902,OK
344,3.440000,37.394507,0.086712,12.290715,3.000000,0.065810,0.275332,-0.214912,0.325769,OK
345,3.450000,37.401730,0.086605,12.287517,3.000000,0.065801,0.275407,-0.215281,0.326635,OK
346,3.460000,37.409113,0.086499,12.284295,3.000000,0.065793,0.275491,-0.215649,0.327500,OK
347,3.470000,37.416654,0.086393,12.281050,3.000000,0.065784,0.275586,-0.216018,0.328364,OK
348,3.480000,37.424356,0.086288,12.277783,3.000000,0.065775,0.275690,-0.216386,0.329227,OK
349,3.490000,37.432217,0.086184,12.274497,3.000000,0.065767,0.275803,-0.216755,0.330089,OK
350,3.500000,37.440238,0.086083,12.271193,3.000000,0.065758,0.275925,-0.217125,0.330950,OK
351,3.510000,37.448419,0.085983,12.267872,3.000000,0.065749,0.276056,-0.217495,0.331810,OK
352,3.520000,37.456759,0.085886,12.264535,3.000000,0.065740,0.276196,-0.217866,0.332668,OK
353,3.530000,37.465259,0.085791,12.261180,3.000000,0.065732,0.276345,-0.218237,0.333526,OK
354,3.540000,37.473918,0.085697,12.257807,3.000000,0.065723,0.276502,-0.218610,0.334383,OK
355,3.550000,37.482737,0.085605,12.254415,3.000000,0.065714,0.276669,-0.218982,0.335239,OK
356,3.560000,37.491715,0.085513,12.251005,3.000000,0.065705,0.276846,-0.219355,0.336095,OK
357,3.570000,37.500852,0.085422,12.247578,3.000000,0.065696,0.277032,-0.219727,0.336949,OK
358,3.580000,37.510148,0.085331,12.244136,3.000000,0.065688,0.277228,-0.220099,0.337802,OK
359,3.590000,37.519602,0.085240,12.240682,3.000000,0.065679,0.277434,-0.220471,0.338654,OK
360,3.600000,37.529215,0.085151,12.237218,3.000000,0.065670,0.277649,-0.220843,0.339506,OK
361,3.610000,37.538987,0.085063,12.233748,3.000000,0.065661,0.277873,-0.221216,0.340357,OK
362,3.620000,37.548916,0.084978,12.230271,3.000000,0.065652,0.278105,-0.221590,0.341206,OK
363,3.630000,37.559003,0.084895,12.226788,3.000000,0.065644,0.278346,-0.221965,0.342055,OK
364,3.640000,37.569247,0.084813,12.223297,3.000000,0.065635,0.278595,-0.222340,0.342903,OK
365,3.650000,37.579647,0.084733,12.219797,3.000000,0.065626,0.278854,-0.222715,0.343751,OK
366,3.660000,37.590205,0.084652,12.216287,3.000000,0.065617,0.279121,-0.223090,0.344597,OK
367,3.670000,37.600918,0.084573,12.212765,3.000000,0.065608,0.279399,-0.223465,0.345443,OK
368,3.680000,37.611788,0.084493,12.209233,3.000000,0.065599,0.279685,-0.223840,0.346288,OK
369,3.690000,37.622812,0.084414,12.205693,3.000000,0.065590,0.279981,-0.224215,0.347132,OK
370,3.700000,37.633991,0.084336,12.202147,3.000000,0.065582,0.280286,-0.224589,0.347975,OK
371,3.710000,37.645325,0.084259,12.198597,3.000000,0.065573,0.280600,-0.224964,0.348818,OK
372,3.720000,37.656812,0.084183,12.195046,3.000000,0.065564,0.280923,-0.225339,0.349660,OK
373,3.730000,37.668453,0.084107,12.191495,3.000000,0.065555,0.281254,-0.225715,0.350501,OK
374,3.740000,37.680246,0.084034,12.187945,3.000000,0.065546,0.281594,-0.226091,0.351341,OK
375,3.750000,37.692191,0.083961,12.184394,3.000000,0.065537,0.281942,-0.226467,0.352181,OK
376,3.760000,37.704288,0.083890,12.180844,3.000000,0.065528,0.282299,-0.226844,0.353020,OK
377,3.770000,37.716535,0.083819,12.177293,3.000000,0.065519,0.282664,-0.227221,0.353858,OK
378,3.780000,37.728933,0.083749,12.173739,3.000000,0.065510,0.283038,-0.227597,0.354695,OK
379,3.790000,37.741480,0.083679,12.170186,3.000000,0.065502,0.283422,-0.227973,0.355532,OK
380,3.800000,37.754177,0.083608,12.166633,3.000000,0.065493,0.283814,-0.228349,0.356368,OK
381,3.810000,37.767021,0.083538,12.163081,3.000000,0.065484,0.284215,-0.228725,0.357204,OK
382,3.820000,37.780013,0.083469,12.159543,3.000000,0.065475,0.284625,-0.229100,0.358038,OK
383,3.830000,37.793151,0.083397,12.156032,3.000000,0.065466,0.285044,-0.229474,0.358872,OK
384,3.840000,37.806435,0.083324,12.152547,3.000000,0.065457,0.285474,-0.229847,0.359706,OK
385,3.850000,37.819865,0.083248,12.149089,3.000000,0.065449,0.285913,-0.230218,0.360538,OK
386,3.860000,37.833438,0.083170,12.145658,3.000000,0.065440,0.286363,-0.230587,0.361370,OK
387,3.870000,37.847155,0.083089,12.142250,3.000000,0.065431,0.286822,-0.230954,0.362201,OK
388,3.880000,37.861015,0.083005,12.138866,3.000000,0.065423,0.287292,-0.231318,0.363031,OK
389,3.890000,37.875016,0.082919,12.135503,3.000000,0.065414,0.287772,-0.231681,0.363860,OK
390,3.900000,37.889159,0.082831,12.132162,3.000000,0.065405,0.288262,-0.232043,0.364688,OK
391,3.910000,37.903441,0.082741,12.128843,3.000000,0.065397,0.288760,-0.232403,0.365516,OK
392,3.920000,37.917862,0.082650,12.125545,3.000000,0.065388,0.289268,-0.232761,0.366342,OK
393,3.930000,37.932421,0.082558,12.122268,3.000000,0.065380,0.289785,-0.233118,0.367168,OK
394,3.940000,37.947117,0.082464,12.119011,3.000000,0.065372,0.290311,-0.233475,0.367992,OK
395,3.950000,37.961949,0.082371,12.115773,3.000000,0.065363,0.290845,-0.233831,0.368816,OK
396,3.960000,37.976916,0.082277,12.112553,3.000000,0.065355,0.291387,-0.234186,0.369639,OK
397,3.970000,37.992016,0.082184,12.109350,3.000000,0.065346,0.291936,-0.234541,0.370461,OK
398,3.980000,38.007249,0.082090,12.106162,3.000000,0.065338,0.292494,-0.234895,0.371282,OK
399,3.990000,38.022613,0.081996,12.102990,3.000000,0.065330,0.293060,-0.235248,0.372102,OK
400,4.000000,38.038108,0.081902,12.099834,3.000000,0.065321,0.293633,-0.235601,0.372921,OK
401,4.010000,38.053732,0.081807,12.096694,3.000000,0.065313,0.294214,-0.235954,0.373739,OK
402,4.020000,38.069483,0.081713,12.093572,3.000000,0.065305,0.294802,-0.236306,0.374556,OK
403,4.030000,38.085361,0.081619,12.090468,3.000000,0.065296,0.295398,-0.236658,0.375372,OK
404,4.040000,38.101364,0.081526,12.087384,3.000000,0.065288,0.296000,-0.237009,0.376187,OK
405,4.050000,38.117492,0.081434,12.084321,3.000000,0.065280,0.296609,-0.237361,0.377002,OK
406,4.060000,38.133743,0.081343,12.081277,3.000000,0.065271,0.297225,-0.237713,0.377815,OK
407,4.070000,38.150115,0.081253,12.078254,3.000000,0.065263,0.297848,-0.238065,0.378628,OK
408,4.080000,38.166608,0.081162,12.075249,3.000000,0.065255,0.298477,-0.238417,0.379439,OK
409,4.090000,38.183220,0.081072,12.072263,3.000000,0.065246,0.299113,-0.238768,0.380250,OK
410,4.100000,38.199951,0.080982,12.069297,3.000000,0.065238,0.299755,-0.239119,0.381060,OK
411,4.110000,38.216798,0.080892,12.066349,3.000000,0.065230,0.300404,-0.239470,0.381869,OK
412,4.120000,38.233760,0.080803,12.063422,3.000000,0.065222,0.301059,-0.239820,0.382677,OK
413,4.130000,38.250836,0.080714,12.060515,3.000000,0.065213,0.301721,-0.240170,0.383484,OK
414,4.140000,38.268026,0.080625,12.057632,3.000000,0.065205,0.302390,-0.240520,0.384290,OK
415,4.150000,38.285326,0.080536,12.054771,3.000000,0.065197,0.303064,-0.240869,0.385095,OK
416,4.160000,38.302737,0.080447,12.051935,3.000000,0.065189,0.303744,-0.241218,0.385900,OK
417,4.170000,38.320257,0.080359,12.049124,3.000000,0.065180,0.304431,-0.241567,0.386703,OK
418,4.180000,38.337884,0.080271,12.046337,3.000000,0.065172,0.305123,-0.241915,0.387506,OK
419,4.190000,38.355617,0.080183,12.043575,3.000000,0.065164,0.305821,-0.242264,0.388308,OK
420,4.200000,38.373455,0.080095,12.040838,3.000000,0.065156,0.306524,-0.242611,0.389109,OK
421,4.210000,38.391396,0.080007,12.038127,3.000000,0.065147,0.307234,-0.242958,0.389909,OK
422,4.220000,38.409439,0.079918,12.035441,3.000000,0.065139,0.307950,-0.243305,0.390708,OK
423,4.230000,38.427582,0.079829,12.032781,3.000000,0.065131,0.308671,-0.243651,0.391506,OK
424,4.240000,38.445825,0.079740,12.030147,3.000000,0.065123,0.309398,-0.243996,0.392304,OK
425,4.250000,38.464166,0.079651,12.027541,3.000000,0.065115,0.310131,-0.244341,0.393100,OK
426,4.260000,38.482603,0.079562,12.024963,3.000000,0.065107,0.310868,-0.244685,0.393896,OK
427,4.270000,38.501135,0.079474,12.022413,3.000000,0.065099,0.311610,-0.245029,0.394691,OK
428,4.280000,38.519760,0.079385,12.019891,3.000000,0.065090,0.312358,-0.245373,0.395485,OK
429,4.290000,38.538477,0.079296,12.017397,3.000000,0.065082,0.313111,-0.245716,0.396278,OK
430,4.300000,38.557285,0.079206,12.014934,3.000000,0.065074,0.313869,-0.246058,0.397070,OK
431,4.310000,38.576183,0.079115,12.012501,3.000000,0.065066,0.314632,-0.246400,0.397861,OK
432,4.320000,38.595168,0.079024,12.010099,3.000000,0.065058,0.315400,-0.246740,0.398651,OK
433,4.330000,38.614239,0.078932,12.007730,3.000000,0.065050,0.316174,-0.247079,0.399440,OK
434,4.340000,38.633395,0.078840,12.005393,3.000000,0.065042,0.316952,-0.247418,0.400229,OK
435,4.350000,38.652634,0.078747,12.003089,3.000000,0.065034,0.317735,-0.247756,0.401016,OK
436,4.360000,38.671956,0.078653,12.000818,3.000000,0.065026,0.318523,-0.248093,0.401803,OK
437,4.370000,38.691357,0.078559,11.998581,3.000000,0.065018,0.319315,-0.248429,0.402588,OK
438,4.380000,38.710838,0.078464,11.996377,3.000000,0.065010,0.320112,-0.248765,0.403373,OK
439,4.390000,38.730396,0.078368,11.994206,3.000000,0.065002,0.320913,-0.249099,0.404157,OK
440,4.400000,38.750030,0.078273,11.992067,3.000000,0.064994,0.321719,-0.249433,0.404939,OK
441,4.410000,38.769739,0.078176,11.989959,3.000000,0.064987,0.322528,-0.249766,0.405721,OK
442,4.420000,38.789521,0.078080,11.987884,3.000000,0.064979,0.323342,-0.250099,0.406502,OK
443,4.430000,38.809374,0.077983,11.985842,3.000000,0.064971,0.324159,-0.250431,0.407282,OK
444,4.440000,38.829298,0.077886,11.983830,3.000000,0.064963,0.324980,-0.250762,0.408061,OK
445,4.450000,38.849290,0.077787,11.981853,3.000000,0.064955,0.325805,-0.251092,0.408838,OK
446,4.460000,38.869349,0.077689,11.979908,3.000000,0.064948,0.326634,-0.251421,0.409615,OK
447,4.470000,38.889474,0.077590,11.977996,3.000000,0.064940,0.327467,-0.251750,0.410391,OK
448,4.480000,38.909662,0.077491,11.976118,3.000000,0.064932,0.328302,-0.252078,0.411166,OK
449,4.490000,38.929914,0.077392,11.974275,3.000000,0.064924,0.329141,-0.252405,0.411940,OK
450,4.500000,38.950226,0.077292,11.972465,3.000000,0.064917,0.329983,-0.252732,0.412713,OK
451,4.510000,38.970598,0.077193,11.970690,3.000000,0.064909,0.330828,-0.253058,0.413485,OK
452,4.520000,38.991028,0.077093,11.968948,3.000000,0.064901,0.331676,-0.253384,0.414256,OK
453,4.530000,39.011515,0.076993,11.967240,3.000000,0.064893,0.332527,-0.253708,0.415026,OK
454,4.540000,39.032056,0.076891,11.965566,3.000000,0.064886,0.333381,-0.254032,0.415795,OK
455,4.550000,39.052652,0.076790,11.963925,3.000000,0.064878,0.334238,-0.254355,0.416563,OK
456,4.560000,39.073299,0.076688,11.962319,3.000000,0.064871,0.335098,-0.254677,0.417329,OK
457,4.570000,39.093997,0.076585,11.960749,3.000000,0.064863,0.335960,-0.254999,0.418095,OK
458,4.580000,39.114744,0.076483,11.959213,3.000000,0.064855,0.336824,-0.255320,0.418860,OK
459,4.590000,39.135538,0.076380,11.957713,3.000000,0.064848,0.337691,-0.255640,0.419624,OK
460,4.600000,39.156379,0.076277,11.956248,3.000000,0.064840,0.338560,-0.255960,0.420387,OK
461,4.610000,39.177264,0.076174,11.954820,3.000000,0.064833,0.339432,-0.256278,0.421148,OK
462,4.620000,39.198192,0.076069,11.953428,3.000000,0.064825,0.340306,-0.256596,0.421909,OK
463,4.630000,39.219161,0.075964,11.952071,3.000000,0.064818,0.341182,-0.256913,0.422669,OK
464,4.640000,39.240171,0.075859,11.950750,3.000000,0.064810,0.342060,-0.257229,0.423427,OK
465,4.650000,39.261219,0.075753,11.949465,3.000000,0.064803,0.342941,-0.257544,0.424185,OK
466,4.660000,39.282304,0.075646,11.948218,3.000000,0.064795,0.343823,-0.257858,0.424941,OK
467,4.670000,39.303424,0.075539,11.947007,3.000000,0.064788,0.344706,-0.258172,0.425697,OK
468,4.680000,39.324579,0.075432,11.945833,3.000000,0.064781,0.345592,-0.258485,0.426451,OK
469,4.690000,39.345766,0.075324,11.944697,3.000000,0.064773,0.346479,-0.258796,0.427204,OK
470,4.700000,39.366984,0.075215,11.943599,3.000000,0.064766,0.347368,-0.259107,0.427956,OK
471,4.710000,39.388232,0.075105,11.942538,3.000000,0.064759,0.348258,-0.259417,0.428708,OK
472,4.720000,39.409507,0.074995,11.941514,3.000000,0.064751,0.349150,-0.259726,0.429457,OK
473,4.730000,39.430810,0.074884,11.940528,3.000000,0.064744,0.350043,-0.260034,0.430206,OK
474,4.740000,39.452137,0.074773,11.939580,3.000000,0.064737,0.350938,-0.260341,0.430954,OK
475,4.750000,39.473488,0.074661,11.938669,3.000000,0.064730,0.351833,-0.260647,0.431701,OK
476,4.760000,39.494860,0.074548,11.937796,3.000000,0.064722,0.352730,-0.260952,0.432446,OK
477,4.770000,39.516254,0.074435,11.936963,3.000000,0.064715,0.353628,-0.261256,0.433190,OK
478,4.780000,39.537667,0.074320,11.936167,3.000000,0.064708,0.354527,-0.261559,0.433934,OK
479,4.790000,39.559097,0.074205,11.935410,3.000000,0.064701,0.355427,-0.261861,0.434676,OK
480,4.800000,39.580544,0.074089,11.934692,3.000000,0.064694,0.356328,-0.262162,0.435417,OK
481,4.810000,39.602005,0.073972,11.934013,3.000000,0.064687,0.357229,-0.262462,0.436156,OK
482,4.820000,39.623479,0.073855,11.933374,3.000000,0.064680,0.358131,-0.262761,0.436895,OK
483,4.830000,39.644966,0.073738,11.932773,3.000000,0.064673,0.359034,-0.263059,0.437632,OK
484,4.840000,39.666462,0.073619,11.932212,3.000000,0.064666,0.359937,-0.263356,0.438368,OK
485,4.850000,39.687968,0.073500,11.931689,3.000000,0.064659,0.360840,-0.263652,0.439103,OK
486,4.860000,39.709481,0.073380,11.931206,3.000000,0.064652,0.361744,-0.263947,0.439837,OK
487,4.870000,39.731000,0.073258,11.930762,3.000000,0.064645,0.362649,-0.264240,0.440570,OK
488,4.880000,39.752524,0.073136,11.930357,3.000000,0.064638,0.363554,-0.264532,0.441301,OK
489,4.890000,39.774051,0.073013,11.929992,3.000000,0.064631,0.364459,-0.264823,0.442031,OK
490,4.900000,39.795579,0.072889,11.929666,3.000000,0.064624,0.365365,-0.265113,0.442760,OK
491,4.910000,39.817108,0.072764,11.929381,3.000000,0.064617,0.366270,-0.265402,0.443488,OK
492,4.920000,39.838636,0.072639,11.929135,3.000000,0.064610,0.367175,-0.265690,0.444214,OK
493,4.930000,39.860161,0.072513,11.928930,3.000000,0.064604,0.368080,-0.265977,0.444939,OK
494,4.940000,39.881682,0.072385,11.928764,3.000000,0.064597,0.368985,-0.266263,0.445663,OK
495,4.950000,39.903198,0.072257,11.928639,3.000000,0.064590,0.369890,-0.266547,0.446386,OK
496,4.960000,39.924708,0.072128,11.928554,3.000000,0.064583,0.370795,-0.266830,0.447107,OK
497,4.970000,39.946209,0.071997,11.928508,3.000000,0.064577,0.371700,-0.267112,0.447827,OK
498,4.980000,39.967700,0.071866,11.928502,3.000000,0.064570,0.372604,-0.267392,0.448546,OK
499,4.990000,39.989181,0.071733,11.928537,3.000000,0.064564,0.373508,-0.267671,0.449263,OK
500,5.000000,40.010092,0.071555,11.959593,3.000000,0.064558,0.374407,-0.267922,0.449979,OK
501,5.010000,40.025233,0.071727,11.904039,3.000000,0.064547,0.374778,-0.268384,0.450696,OK
502,5.020000,40.040866,0.072376,11.903176,3.000000,0.064529,0.374885,-0.269136,0.451420,OK
503,5.030000,40.058615,0.072877,11.927046,3.000000,0.064513,0.375195,-0.269800,0.452148,OK
504,5.040000,40.077456,0.073114,11.950451,3.000000,0.064501,0.375721,-0.270308,0.452880,OK
505,5.050000,40.096383,0.073082,11.969943,3.000000,0.064493,0.376413,-0.270654,0.453610,OK
506,5.060000,40.114825,0.072808,11.984592,3.000000,0.064488,0.377223,-0.270854,0.454338,OK
507,5.070000,40.132551,0.072365,11.994452,3.000000,0.064486,0.378097,-0.270950,0.455062,OK
508,5.080000,40.149528,0.071852,12.000323,3.000000,0.064485,0.378974,-0.271002,0.455781,OK
509,5.090000,40.165812,0.071380,12.003469,3.000000,0.064483,0.379791,-0.271075,0.456494,OK
510,5.100000,40.181489,0.071038,12.005385,3.000000,0.064480,0.380497,-0.271225,0.457205,OK
511,5.110000,40.196642,0.070870,12.007565,3.000000,0.064474,0.381070,-0.271479,0.457913,OK
512,5.120000,40.211340,0.070860,12.011285,3.000000,0.064465,0.381524,-0.271827,0.458622,OK
513,5.130000,40.225640,0.070935,12.017445,3.000000,0.064456,0.381904,-0.272227,0.459331,OK
514,5.140000,40.239583,0.070986,12.026482,3.000000,0.064447,0.382278,-0.272612,0.460041,OK
515,5.150000,40.253206,0.070904,12.038379,3.000000,0.064440,0.382714,-0.272918,0.460750,OK
516,5.160000,40.266539,0.070612,12.052737,3.000000,0.064435,0.383262,-0.273096,0.461456,OK
517,5.170000,40.279608,0.070089,12.068883,3.000000,0.064435,0.383937,-0.273132,0.462157,OK
518,5.180000,40.292433,0.069371,12.085991,3.000000,0.064436,0.384718,-0.273048,0.462851,OK
519,5.190000,40.305030,0.068544,12.103185,3.000000,0.064440,0.385555,-0.272895,0.463537,OK
520,5.200000,40.317409,0.067711,12.119633,3.000000,0.064444,0.386389,-0.272734,0.464214,OK
521,5.210000,40.329577,0.066964,12.134621,3.000000,0.064447,0.387162,-0.272620,0.464883,OK
522,5.220000,40.341535,0.066355,12.147625,3.000000,0.064447,0.387845,-0.272587,0.465547,OK
523,5.230000,40.353280,0.065884,12.158371,3.000000,0.064446,0.388435,-0.272633,0.466206,OK
524,5.240000,40.364812,0.065505,12.166885,3.000000,0.064444,0.388960,-0.272733,0.466861,OK
525,5.250000,40.376126,0.065141,12.173505,3.000000,0.064441,0.389465,-0.272841,0.467512,OK
526,5.260000,40.387222,0.064718,12.178859,3.000000,0.064440,0.389996,-0.272910,0.468159,OK
527,5.270000,40.398096,0.064184,12.183781,3.000000,0.064440,0.390585,-0.272911,0.468801,OK
528,5.280000,40.408751,0.063527,12.189178,3.000000,0.064442,0.391237,-0.272834,0.469436,OK
529,5.290000,40.419185,0.062779,12.195860,3.000000,0.064445,0.391936,-0.272700,0.470064,OK
530,5.300000,40.429403,0.062003,12.204382,3.000000,0.064448,0.392644,-0.272544,0.470684,OK
531,5.310000,40.439409,0.061269,12.214913,3.000000,0.064452,0.393319,-0.272410,0.471297,OK
532,5.320000,40.449208,0.060633,12.227191,3.000000,0.064453,0.393926,-0.272332,0.471903,OK
533,5.330000,40.458809,0.060120,12.240567,3.000000,0.064454,0.394452,-0.272324,0.472504,OK
534,5.340000,40.468219,0.059714,12.254137,3.000000,0.064452,0.394904,-0.272379,0.473102,OK
535,5.350000,40.477449,0.059372,12.266934,3.000000,0.064450,0.395310,-0.272471,0.473695,OK
536,5.360000,40.486506,0.059035,12.278134,3.000000,0.064448,0.395706,-0.272564,0.474286,OK
537,5.370000,40.495395,0.058648,12.287231,3.000000,0.064446,0.396124,-0.272625,0.474872,OK
538,5.380000,40.504120,0.058184,12.294135,3.000000,0.064446,0.396582,-0.272637,0.475454,OK
539,5.390000,40.512682,0.057645,12.299174,3.000000,0.064447,0.397078,-0.272602,0.476030,OK
540,5.400000,40.521076,0.057066,12.303002,3.000000,0.064448,0.397592,-0.272540,0.476601,OK
541,5.410000,40.529301,0.056497,12.306444,3.000000,0.064450,0.398093,-0.272481,0.477166,OK
542,5.420000,40.537352,0.055988,12.310307,3.000000,0.064450,0.398552,-0.272456,0.477726,OK
543,5.430000,40.545227,0.055571,12.315216,3.000000,0.064450,0.398948,-0.272484,0.478282,OK
544,5.440000,40.552925,0.055250,12.321502,3.000000,0.064448,0.399278,-0.272567,0.478834,OK
545,5.450000,40.560450,0.054999,12.329164,3.000000,0.064445,0.399558,-0.272692,0.479384,OK
546,5.460000,40.567806,0.054772,12.337915,3.000000,0.064442,0.399815,-0.272829,0.479932,OK
547,5.470000,40.575002,0.054517,12.347275,3.000000,0.064439,0.400082,-0.272949,0.480477,OK
548,5.480000,40.582044,0.054195,12.356697,3.000000,0.064437,0.400383,-0.273026,0.481019,OK
549,5.490000,40.588940,0.053789,12.365686,3.000000,0.064436,0.400727,-0.273052,0.481557,OK
550,5.500000,40.595694,0.053314,12.373880,3.000000,0.064437,0.401108,-0.273033,0.482090,OK
551,5.510000,40.602311,0.052805,12.381101,3.000000,0.064438,0.401505,-0.272992,0.482618,OK
552,5.520000,40.608790,0.052309,12.387340,3.000000,0.064439,0.401889,-0.272956,0.483141,OK
553,5.530000,40.615133,0.051868,12.392729,3.000000,0.064439,0.402233,-0.272951,0.483660,OK
554,5.540000,40.621338,0.051509,12.397487,3.000000,0.064438,0.402524,-0.272993,0.484175,OK
555,5.550000,40.627404,0.051229,12.401870,3.000000,0.064436,0.402761,-0.273081,0.484687,OK
556,5.560000,40.633331,0.051006,12.406131,3.000000,0.064433,0.402958,-0.273202,0.485197,OK
557,5.570000,40.639119,0.050799,12.410495,3.000000,0.064430,0.403138,-0.273332,0.485705,OK
558,5.580000,40.644769,0.050566,12.415151,3.000000,0.064427,0.403327,-0.273445,0.486211,OK
559,5.590000,40.650285,0.050279,12.420238,3.000000,0.064425,0.403544,-0.273524,0.486714,OK
560,5.600000,40.655669,0.049925,12.425841,3.000000,0.064424,0.403794,-0.273562,0.487213,OK
561,5.610000,40.660922,0.049518,12.431975,3.000000,0.064424,0.404072,-0.273565,0.487708,OK
562,5.620000,40.666048,0.049085,12.438576,3.000000,0.064425,0.404360,-0.273551,0.488199,OK
563,5.630000,40.671049,0.048664,12.445494,3.000000,0.064425,0.404638,-0.273541,0.488686,OK
564,5.640000,40.675928,0.048283,12.452506,3.000000,0.064425,0.404885,-0.273554,0.489168,OK
565,5.650000,40.680687,0.047960,12.459342,3.000000,0.064423,0.405094,-0.273600,0.489648,OK
566,5.660000,40.685330,0.047690,12.465748,3.000000,0.064422,0.405266,-0.273676,0.490125,OK
567,5.670000,40.689859,0.047451,12.471508,3.000000,0.064419,0.405414,-0.273770,0.490599,OK
568,5.680000,40.694278,0.047216,12.476514,3.000000,0.064417,0.405555,-0.273865,0.491072,OK
569,5.690000,40.698587,0.046956,12.480790,3.000000,0.064415,0.405706,-0.273944,0.491541,OK
570,5.700000,40.702789,0.046654,12.484501,3.000000,0.064414,0.405879,-0.273996,0.492008,OK
571,5.710000,40.706884,0.046308,12.487922,3.000000,0.064414,0.406073,-0.274020,0.492471,OK
572,5.720000,40.710872,0.045932,12.491380,3.000000,0.064413,0.406282,-0.274024,0.492930,OK
573,5.730000,40.714751,0.045549,12.495183,3.000000,0.064413,0.406492,-0.274022,0.493386,OK
574,5.740000,40.718523,0.045185,12.499548,3.000000,0.064413,0.406686,-0.274029,0.493837,OK
575,5.750000,40.722186,0.044858,12.504559,3.000000,0.064413,0.406853,-0.274058,0.494286,OK
576,5.760000,40.725743,0.044574,12.510147,3.000000,0.064411,0.406990,-0.274110,0.494732,OK
577,5.770000,40.729197,0.044325,12.516113,3.000000,0.064410,0.407102,-0.274182,0.495175,OK
578,5.780000,40.732550,0.044091,12.522178,3.000000,0.064408,0.407201,-0.274263,0.495616,OK
579,5.790000,40.735807,0.043848,12.528050,3.000000,0.064406,0.407301,-0.274336,0.496054,OK
580,5.800000,40.738971,0.043577,12.533489,3.000000,0.064405,0.407415,-0.274391,0.496490,OK
581,5.810000,40.742045,0.043269,12.538355,3.000000,0.064404,0.407547,-0.274423,0.496923,OK
582,5.820000,40.745030,0.042927,12.542633,3.000000,0.064404,0.407697,-0.274432,0.497352,OK
583,5.830000,40.747928,0.042567,12.546415,3.000000,0.064404,0.407855,-0.274429,0.497778,OK
584,5.840000,40.750738,0.042212,12.549876,3.000000,0.064404,0.408006,-0.274427,0.498200,OK
585,5.850000,40.753460,0.041882,12.553219,3.000000,0.064404,0.408140,-0.274438,0.498619,OK
586,5.860000,40.756093,0.041590,12.556630,3.000000,0.064403,0.408248,-0.274471,0.499035,OK
587,5.870000,40.758637,0.041338,12.560243,3.000000,0.064402,0.408328,-0.274527,0.499448,OK
588,5.880000,40.761094,0.041115,12.564119,3.000000,0.064400,0.408387,-0.274599,0.499859,OK
589,5.890000,40.763464,0.040903,12.568252,3.000000,0.064398,0.408436,-0.274676,0.500268,OK
590,5.900000,40.765750,0.040682,12.572590,3.000000,0.064396,0.408487,-0.274747,0.500675,OK
591,5.910000,40.767954,0.040436,12.577038,3.000000,0.064395,0.408550,-0.274801,0.501079,OK
592,5.920000,40.770077,0.040159,12.581511,3.000000,0.064394,0.408628,-0.274836,0.501481,OK
593,5.930000,40.772122,0.039856,12.585928,3.000000,0.064394,0.408719,-0.274853,0.501880,OK
594,5.940000,40.774089,0.039542,12.590227,3.000000,0.064394,0.408815,-0.274862,0.502275,OK
595,5.950000,40.775981,0.039232,12.594369,3.000000,0.064393,0.408905,-0.274873,0.502667,OK
596,5.960000,40.777798,0.038945,12.598326,3.000000,0.064393,0.408980,-0.274895,0.503057,OK
597,5.970000,40.779540,0.038687,12.602082,3.000000,0.064392,0.409034,-0.274934,0.503444,OK
598,5.980000,40.781210,0.038459,12.605635,3.000000,0.064391,0.409067,-0.274990,0.503828,OK
599,5.990000,40.782806,0.038252,12.608987,3.000000,0.064389,0.409085,-0.275057,0.504211,OK
600,6.000000,40.784332,0.038052,12.612174,3.000000,0.064387,0.409096,-0.275127,0.504591,OK
601,6.010000,40.785787,0.037843,12.615241,3.000000,0.064386,0.409110,-0.275191,0.504970,OK
602,6.020000,40.787173,0.037616,12.618265,3.000000,0.064385,0.409132,-0.275242,0.505346,OK
603,6.030000,40.788490,0.037367,12.621323,3.000000,0.064384,0.409164,-0.275280,0.505719,OK
604,6.040000,40.789739,0.037103,12.624503,3.000000,0.064383,0.409204,-0.275307,0.506090,OK
605,6.050000,40.790920,0.036833,12.627850,3.000000,0.064383,0.409244,-0.275329,0.506459,OK
606,6.060000,40.792033,0.036571,12.631390,3.000000,0.064382,0.409278,-0.275355,0.506825,OK
607,6.070000,40.793080,0.036328,12.635082,3.000000,0.064381,0.409298,-0.275391,0.507188,OK
608,6.080000,40.794062,0.036108,12.638860,3.000000,0.064380,0.409302,-0.275439,0.507549,OK
609,6.090000,40.794979,0.035907,12.642613,3.000000,0.064379,0.409291,-0.275498,0.507908,OK
610,6.100000,40.795833,0.035719,12.646232,3.000000,0.064377,0.409271,-0.275564,0.508265,OK
611,6.110000,40.796627,0.035531,12.649626,3.000000,0.064376,0.409249,-0.275629,0.508620,OK
612,6.120000,40.797361,0.035333,12.652745,3.000000,0.064374,0.409230,-0.275687,0.508974,OK
613,6.130000,40.798037,0.035120,12.655592,3.000000,0.064373,0.409218,-0.275734,0.509325,OK
614,6.140000,40.798655,0.034891,12.658229,3.000000,0.064372,0.409213,-0.275772,0.509674,OK
615,6.150000,40.799215,0.034654,12.660745,3.000000,0.064371,0.409212,-0.275803,0.510020,OK
616,6.160000,40.799719,0.034417,12.663252,3.000000,0.064371,0.409209,-0.275832,0.510365,OK
617,6.170000,40.800164,0.034190,12.665842,3.000000,0.064370,0.409198,-0.275867,0.510707,OK
618,6.180000,40.800552,0.033981,12.668577,3.000000,0.064369,0.409174,-0.275912,0.511046,OK
619,6.190000,40.800883,0.033792,12.671474,3.000000,0.064368,0.409136,-0.275967,0.511384,OK
620,6.200000,40.801157,0.033618,12.674511,3.000000,0.064366,0.409087,-0.276031,0.511720,OK
621,6.210000,40.801377,0.033450,12.677619,3.000000,0.064364,0.409032,-0.276098,0.512055,OK
622,6.220000,40.801542,0.033280,12.680735,3.000000,0.064363,0.408977,-0.276162,0.512388,OK
623,6.230000,40.801655,0.033100,12.683775,3.000000,0.064362,0.408925,-0.276219,0.512719,OK
624,6.240000,40.801717,0.032906,12.686698,3.000000,0.064360,0.408881,-0.276267,0.513048,OK
625,6.250000,40.801728,0.032699,12.689469,3.000000,0.064359,0.408842,-0.276307,0.513375,OK
626,6.260000,40.801690,0.032486,12.692104,3.000000,0.064359,0.408805,-0.276341,0.513700,OK
627,6.270000,40.801602,0.032274,12.694619,3.000000,0.064358,0.408766,-0.276376,0.514022,OK
628,6.280000,40.801465,0.032073,12.697060,3.000000,0.064357,0.408719,-0.276416,0.514343,OK
629,6.290000,40.801279,0.031887,12.699453,3.000000,0.064356,0.408661,-0.276463,0.514662,OK
630,6.300000,40.801045,0.031717,12.701839,3.000000,0.064354,0.408593,-0.276519,0.514979,OK
631,6.310000,40.800762,0.031557,12.704227,3.000000,0.064353,0.408516,-0.276581,0.515295,OK
632,6.320000,40.800432,0.031401,12.706630,3.000000,0.064351,0.408435,-0.276645,0.515609,OK
633,6.330000,40.800056,0.031242,12.709048,3.000000,0.064350,0.408354,-0.276706,0.515921,OK
634,6.340000,40.799634,0.031074,12.711479,3.000000,0.064349,0.408277,-0.276761,0.516232,OK
635,6.350000,40.799166,0.030895,12.713924,3.000000,0.064348,0.408205,-0.276808,0.516541,OK
636,6.360000,40.798654,0.030708,12.716382,3.000000,0.064347,0.408136,-0.276849,0.516848,OK
637,6.370000,40.798097,0.030516,12.718852,3.000000,0.064346,0.408069,-0.276886,0.517153,OK
638,6.380000,40.797497,0.030328,12.721325,3.000000,0.064345,0.407998,-0.276925,0.517456,OK
639,6.390000,40.796854,0.030149,12.723789,3.000000,0.064344,0.407921,-0.276968,0.517758,OK
640,6.400000,40.796167,0.029981,12.726219,3.000000,0.064343,0.407835,-0.277018,0.518058,OK
641,6.410000,40.795439,0.029825,12.728592,3.000000,0.064341,0.407741,-0.277073,0.518356,OK
642,6.420000,40.794669,0.029676,12.730884,3.000000,0.064340,0.407641,-0.277132,0.518653,OK
643,6.430000,40.793858,0.029530,12.733081,3.000000,0.064339,0.407538,-0.277192,0.518948,OK
644,6.440000,40.793007,0.029380,12.735183,3.000000,0.064337,0.407436,-0.277249,0.519242,OK
645,6.450000,40.792118,0.029223,12.737209,3.000000,0.064336,0.407337,-0.277301,0.519534,OK
646,6.460000,40.791189,0.029059,12.739189,3.000000,0.064335,0.407240,-0.277348,0.519825,OK
647,6.470000,40.790221,0.028890,12.741162,3.000000,0.064334,0.407146,-0.277391,0.520113,OK
648,6.480000,40.789215,0.028720,12.743165,3.000000,0.064333,0.407050,-0.277432,0.520401,OK
649,6.490000,40.788172,0.028555,12.745222,3.000000,0.064332,0.406951,-0.277476,0.520686,OK
650,6.500000,40.787090,0.028399,12.747341,3.000000,0.064331,0.406845,-0.277524,0.520970,OK
651,6.510000,40.785971,0.028252,12.749510,3.000000,0.064329,0.406732,-0.277578,0.521253,OK
652,6.520000,40.784815,0.028114,12.751700,3.000000,0.064328,0.406613,-0.277635,0.521534,OK
653,6.530000,40.783623,0.027980,12.753874,3.000000,0.064327,0.406490,-0.277695,0.521814,OK
654,6.540000,40.782397,0.027846,12.755995,3.000000,0.064325,0.406366,-0.277754,0.522092,OK
655,6.550000,40.781136,0.027709,12.758035,3.000000,0.064324,0.406243,-0.277810,0.522369,OK
656,6.560000,40.779841,0.027565,12.759983,3.000000,0.064323,0.406122,-0.277862,0.522645,OK
657,6.570000,40.778513,0.027416,12.761845,3.000000,0.064322,0.406004,-0.277909,0.522919,OK
658,6.580000,40.777153,0.027264,12.763641,3.000000,0.064321,0.405886,-0.277954,0.523192,OK
659,6.590000,40.775760,0.027113,12.765399,3.000000,0.064319,0.405767,-0.277999,0.523463,OK
660,6.600000,40.774335,0.026966,12.767150,3.000000,0.064318,0.405645,-0.278046,0.523732,OK
661,6.610000,40.772877,0.026827,12.768914,3.000000,0.064317,0.405516,-0.278097,0.524001,OK
662,6.620000,40.771388,0.026696,12.770704,3.000000,0.064316,0.405382,-0.278152,0.524268,OK
663,6.630000,40.769867,0.026571,12.772518,3.000000,0.064315,0.405243,-0.278209,0.524533,OK
664,6.640000,40.768316,0.026449,12.774347,3.000000,0.064313,0.405102,-0.278268,0.524798,OK
665,6.650000,40.766734,0.026326,12.776176,3.000000,0.064312,0.404960,-0.278326,0.525061,OK
666,6.660000,40.765122,0.026200,12.777988,3.000000,0.064310,0.404818,-0.278382,0.525323,OK
667,6.670000,40.763481,0.026069,12.779774,3.000000,0.064309,0.404679,-0.278433,0.525584,OK
668,6.680000,40.761812,0.025934,12.781525,3.000000,0.064308,0.404542,-0.278482,0.525843,OK
669,6.690000,40.760114,0.025797,12.783244,3.000000,0.064307,0.404404,-0.278529,0.526101,OK
670,6.700000,40.758388,0.025662,12.784932,3.000000,0.064306,0.404265,-0.278576,0.526358,OK
671,6.710000,40.756633,0.025532,12.786593,3.000000,0.064305,0.404122,-0.278626,0.526613,OK
672,6.720000,40.754852,0.025408,12.788231,3.000000,0.064303,0.403975,-0.278678,0.526867,OK
673,6.730000,40.753043,0.025289,12.789845,3.000000,0.064302,0.403823,-0.278734,0.527120,OK
674,6.740000,40.751207,0.025175,12.791436,3.000000,0.064301,0.403667,-0.278791,0.527372,OK
675,6.750000,40.749345,0.025063,12.793002,3.000000,0.064299,0.403510,-0.278849,0.527622,OK
676,6.760000,40.747457,0.024950,12.794544,3.000000,0.064298,0.403353,-0.278906,0.527872,OK
677,6.770000,40.745544,0.024834,12.796067,3.000000,0.064297,0.403196,-0.278960,0.528120,OK
678,6.780000,40.743605,0.024714,12.797578,3.000000,0.064296,0.403041,-0.279012,0.528367,OK
679,6.790000,40.741641,0.024592,12.799086,3.000000,0.064294,0.402887,-0.279062,0.528613,OK
680,6.800000,40.739653,0.024470,12.800599,3.000000,0.064293,0.402732,-0.279111,0.528858,OK
681,6.810000,40.737639,0.024349,12.802121,3.000000,0.064292,0.402575,-0.279160,0.529102,OK
682,6.820000,40.735602,0.024232,12.803649,3.000000,0.064291,0.402415,-0.279211,0.529344,OK
683,6.830000,40.733541,0.024120,12.805178,3.000000,0.064290,0.402252,-0.279265,0.529585,OK
684,6.840000,40.731455,0.024012,12.806695,3.000000,0.064288,0.402085,-0.279320,0.529825,OK
685,6.850000,40.729347,0.023907,12.808185,3.000000,0.064287,0.401916,-0.279376,0.530064,OK
686,6.860000,40.727216,0.023802,12.809639,3.000000,0.064286,0.401746,-0.279433,0.530302,OK
687,6.870000,40.725063,0.023697,12.811050,3.000000,0.064284,0.401576,-0.279488,0.530539,OK
688,6.880000,40.722887,0.023589,12.812420,3.000000,0.064283,0.401407,-0.279541,0.530775,OK
689,6.890000,40.720690,0.023478,12.813755,3.000000,0.064282,0.401239,-0.279592,0.531010,OK
690,6.900000,40.718471,0.023366,12.815070,3.000000,0.064281,0.401071,-0.279641,0.531244,OK
691,6.910000,40.716231,0.023254,12.816378,3.000000,0.064280,0.400902,-0.279691,0.531476,OK
692,6.920000,40.713969,0.023145,12.817691,3.000000,0.064278,0.400731,-0.279741,0.531708,OK
693,6.930000,40.711686,0.023040,12.819017,3.000000,0.064277,0.400557,-0.279793,0.531938,OK
694,6.940000,40.709383,0.022939,12.820355,3.000000,0.064276,0.400380,-0.279847,0.532167,OK
695,6.950000,40.707059,0.022841,12.821701,3.000000,0.064275,0.400200,-0.279903,0.532396,OK
696,6.960000,40.704714,0.022746,12.823043,3.000000,0.064273,0.400019,-0.279959,0.532623,OK
697,6.970000,40.702350,0.022651,12.824372,3.000000,0.064272,0.399836,-0.280015,0.532850,OK
698,6.980000,40.699966,0.022554,12.825677,3.000000,0.064271,0.399654,-0.280070,0.533075,OK
699,6.990000,40.697563,0.022456,12.826954,3.000000,0.064269,0.399472,-0.280124,0.533300,OK
700,7.000000,40.695140,0.022356,12.828203,3.000000,0.064268,0.399291,-0.280175,0.533523,OK
701,7.010000,40.692700,0.022256,12.829426,3.000000,0.064267,0.399110,-0.280226,0.533746,OK
702,7.020000,40.690240,0.022156,12.830631,3.000000,0.064266,0.398927,-0.280277,0.533968,OK
703,7.030000,40.687762,0.022058,12.831825,3.000000,0.064264,0.398743,-0.280329,0.534188,OK
704,7.040000,40.685266,0.021964,12.833013,3.000000,0.064263,0.398556,-0.280382,0.534408,OK
705,7.050000,40.682751,0.021873,12.834198,3.000000,0.064262,0.398367,-0.280437,0.534626,OK
706,7.060000,40.680219,0.021785,12.835380,3.000000,0.064261,0.398176,-0.280493,0.534844,OK
707,7.070000,40.677669,0.021697,12.836557,3.000000,0.064259,0.397984,-0.280549,0.535061,OK
708,7.080000,40.675102,0.021610,12.837726,3.000000,0.064258,0.397791,-0.280605,0.535277,OK
709,7.090000,40.672517,0.021521,12.838885,3.000000,0.064257,0.397598,-0.280659,0.535493,OK
710,7.100000,40.669916,0.021431,12.840034,3.000000,0.064255,0.397406,-0.280712,0.535707,OK
711,7.110000,40.667298,0.021340,12.841172,3.000000,0.064254,0.397214,-0.280764,0.535920,OK
712,7.120000,40.664664,0.021248,12.842303,3.000000,0.064253,0.397022,-0.280815,0.536133,OK
713,7.130000,40.662013,0.021158,12.843427,3.000000,0.064252,0.396828,-0.280867,0.536344,OK
714,7.140000,40.659346,0.021069,12.844544,3.000000,0.064250,0.396633,-0.280919,0.536555,OK
715,7.150000,40.656663,0.020983,12.845654,3.000000,0.064249,0.396436,-0.280973,0.536765,OK
716,7.160000,40.653964,0.020900,12.846754,3.000000,0.064248,0.396237,-0.281027,0.536974,OK
717,7.170000,40.651250,0.020818,12.847840,3.000000,0.064247,0.396037,-0.281082,0.537182,OK
718,7.180000,40.648520,0.020738,12.848911,3.000000,0.064245,0.395836,-0.281137,0.537389,OK
719,7.190000,40.645775,0.020657,12.849964,3.000000,0.064244,0.395634,-0.281192,0.537596,OK
720,7.200000,40.643015,0.020574,12.851002,3.000000,0.064243,0.395433,-0.281246,0.537802,OK
721,7.210000,40.640241,0.020491,12.852027,3.000000,0.064242,0.395232,-0.281298,0.538007,OK
722,7.220000,40.637452,0.020407,12.853045,3.000000,0.064240,0.395030,-0.281350,0.538211,OK
723,7.230000,40.634648,0.020324,12.854060,3.000000,0.064239,0.394829,-0.281401,0.538414,OK
724,7.240000,40.631830,0.020241,12.855076,3.000000,0.064238,0.394626,-0.281453,0.538616,OK
725,7.250000,40.628998,0.020160,12.856094,3.000000,0.064237,0.394422,-0.281505,0.538818,OK
726,7.260000,40.626152,0.020081,12.857112,3.000000,0.064235,0.394217,-0.281558,0.539019,OK
727,7.270000,40.623292,0.020005,12.858128,3.000000,0.064234,0.394009,-0.281612,0.539219,OK
728,7.280000,40.620418,0.019929,12.859135,3.000000,0.064233,0.393801,-0.281666,0.539418,OK
729,7.290000,40.617530,0.019853,12.860130,3.000000,0.064232,0.393593,-0.281720,0.539617,OK
730,7.300000,40.614630,0.019777,12.861108,3.000000,0.064230,0.393384,-0.281773,0.539814,OK
731,7.310000,40.611716,0.019699,12.862068,3.000000,0.064229,0.393176,-0.281825,0.540011,OK
732,7.320000,40.608790,0.019621,12.863012,3.000000,0.064228,0.392968,-0.281876,0.540208,OK
733,7.330000,40.605850,0.019542,12.863944,3.000000,0.064227,0.392760,-0.281927,0.540403,OK
734,7.340000,40.602898,0.019464,12.864868,3.000000,0.064225,0.392551,-0.281977,0.540598,OK
735,7.350000,40.599933,0.019387,12.865788,3.000000,0.064224,0.392341,-0.282028,0.540792,OK
736,7.360000,40.596956,0.019312,12.866707,3.000000,0.064223,0.392130,-0.282079,0.540985,OK
737,7.370000,40.593966,0.019238,12.867625,3.000000,0.064222,0.391918,-0.282132,0.541177,OK
738,7.380000,40.590964,0.019167,12.868542,3.000000,0.064221,0.391704,-0.282184,0.541369,OK
739,7.390000,40.587951,0.019096,12.869455,3.000000,0.064219,0.391489,-0.282237,0.541560,OK
740,7.400000,40.584925,0.019025,12.870362,3.000000,0.064218,0.391274,-0.282290,0.541750,OK
741,7.410000,40.581887,0.018955,12.871259,3.000000,0.064217,0.391058,-0.282343,0.541940,OK
742,7.420000,40.578838,0.018884,12.872146,3.000000,0.064216,0.390843,-0.282394,0.542128,OK
743,7.430000,40.575778,0.018812,12.873023,3.000000,0.064214,0.390627,-0.282446,0.542316,OK
744,7.440000,40.572706,0.018741,12.873891,3.000000,0.064213,0.390411,-0.282496,0.542504,OK
745,7.450000,40.569623,0.018670,12.874752,3.000000,0.064212,0.390195,-0.282547,0.542691,OK
746,7.460000,40.566529,0.018601,12.875606,3.000000,0.064211,0.389977,-0.282599,0.542877,OK
747,7.470000,40.563424,0.018533,12.876456,3.000000,0.064210,0.389759,-0.282651,0.543062,OK
748,7.480000,40.560308,0.018466,12.877301,3.000000,0.064208,0.389539,-0.282703,0.543247,OK
749,7.490000,40.557181,0.018400,12.878140,3.000000,0.064207,0.389318,-0.282756,0.543431,OK
750,7.500000,40.554044,0.018336,12.878973,3.000000,0.064206,0.389097,-0.282808,0.543614,OK
751,7.510000,40.550896,0.018271,12.879799,3.000000,0.064205,0.388875,-0.282861,0.543797,OK
752,7.520000,40.547738,0.018206,12.880617,3.000000,0.064203,0.388653,-0.282913,0.543979,OK
753,7.530000,40.544570,0.018140,12.881429,3.000000,0.064202,0.388431,-0.282964,0.544160,OK
754,7.540000,40.541391,0.018075,12.882235,3.000000,0.064201,0.388210,-0.283015,0.544341,OK
755,7.550000,40.538203,0.018009,12.883038,3.000000,0.064200,0.387987,-0.283066,0.544521,OK
756,7.560000,40.535005,0.017944,12.883837,3.000000,0.064199,0.387765,-0.283117,0.544700,OK
757,7.570000,40.531796,0.017880,12.884634,3.000000,0.064197,0.387541,-0.283168,0.544879,OK
758,7.580000,40.528579,0.017817,12.885428,3.000000,0.064196,0.387317,-0.283219,0.545057,OK
759,7.590000,40.525351,0.017755,12.886217,3.000000,0.064195,0.387091,-0.283271,0.545235,OK
760,7.600000,40.522114,0.017694,12.887000,3.000000,0.064194,0.386865,-0.283323,0.545412,OK
761,7.610000,40.518868,0.017634,12.887776,3.000000,0.064192,0.386639,-0.283374,0.545588,OK
762,7.620000,40.515612,0.017573,12.888543,3.000000,0.064191,0.386412,-0.283426,0.545764,OK
763,7.630000,40.512347,0.017513,12.889301,3.000000,0.064190,0.386185,-0.283477,0.545939,OK
764,7.640000,40.509074,0.017451,12.890051,3.000000,0.064189,0.385958,-0.283528,0.546114,OK
765,7.650000,40.505791,0.017390,12.890795,3.000000,0.064188,0.385731,-0.283578,0.546287,OK
766,7.660000,40.502500,0.017329,12.891536,3.000000,0.064186,0.385504,-0.283628,0.546461,OK
767,7.670000,40.499199,0.017269,12.892274,3.000000,0.064185,0.385276,-0.283678,0.546633,OK
768,7.680000,40.495890,0.017210,12.893010,3.000000,0.064184,0.385047,-0.283729,0.546806,OK
769,7.690000,40.492573,0.017151,12.893746,3.000000,0.064183,0.384818,-0.283779,0.546977,OK
770,7.700000,40.489247,0.017093,12.894479,3.000000,0.064182,0.384587,-0.283830,0.547148,OK
771,7.710000,40.485912,0.017036,12.895208,3.000000,0.064181,0.384357,-0.283881,0.547318,OK
772,7.720000,40.482569,0.016980,12.895931,3.000000,0.064179,0.384126,-0.283932,0.547488,OK
773,7.730000,40.479218,0.016923,12.896648,3.000000,0.064178,0.383895,-0.283982,0.547657,OK
774,7.740000,40.475859,0.016866,12.897357,3.000000,0.064177,0.383663,-0.284032,0.547826,OK
775,7.750000,40.472492,0.016809,12.898059,3.000000,0.064176,0.383432,-0.284082,0.547994,OK
776,7.760000,40.469117,0.016751,12.898754,3.000000,0.064175,0.383200,-0.284132,0.548162,OK
777,7.770000,40.465734,0.016694,12.899445,3.000000,0.064173,0.382969,-0.284181,0.548329,OK
778,7.780000,40.462343,0.016637,12.900131,3.000000,0.064172,0.382737,-0.284229,0.548495,OK
779,7.790000,40.458945,0.016580,12.900815,3.000000,0.064171,0.382505,-0.284278,0.548661,OK
780,7.800000,40.455539,0.016524,12.901495,3.000000,0.064170,0.382272,-0.284327,0.548826,OK
781,7.810000,40.452125,0.016469,12.902173,3.000000,0.064169,0.382039,-0.284377,0.548991,OK
782,7.820000,40.448704,0.016414,12.902846,3.000000,0.064168,0.381805,-0.284426,0.549155,OK
783,7.830000,40.445275,0.016360,12.903515,3.000000,0.064166,0.381571,-0.284475,0.549318,OK
784,7.840000,40.441840,0.016305,12.904179,3.000000,0.064165,0.381336,-0.284524,0.549481,OK
785,7.850000,40.438397,0.016251,12.904838,3.000000,0.064164,0.381102,-0.284572,0.549644,OK
786,7.860000,40.434947,0.016196,12.905491,3.000000,0.064163,0.380867,-0.284621,0.549806,OK
787,7.870000,40.431489,0.016142,12.906141,3.000000,0.064162,0.380632,-0.284669,0.549967,OK
788,7.880000,40.428025,0.016089,12.906786,3.000000,0.064161,0.380396,-0.284717,0.550128,OK
789,7.890000,40.424554,0.016036,12.907428,3.000000,0.064160,0.380160,-0.284766,0.550289,OK
790,7.900000,40.421076,0.015984,12.908067,3.000000,0.064158,0.379923,-0.284815,0.550448,OK
791,7.910000,40.417592,0.015933,12.908703,3.000000,0.064157,0.379686,-0.284864,0.550608,OK
792,7.920000,40.414100,0.015882,12.909335,3.000000,0.064156,0.379448,-0.284913,0.550767,OK
793,7.930000,40.410602,0.015832,12.909962,3.000000,0.064155,0.379210,-0.284962,0.550925,OK
794,7.940000,40.407097,0.015782,12.910584,3.000000,0.064154,0.378972,-0.285011,0.551083,OK
795,7.950000,40.403586,0.015732,12.911202,3.000000,0.064153,0.378733,-0.285060,0.551240,OK
796,7.960000,40.400069,0.015683,12.911815,3.000000,0.064152,0.378494,-0.285108,0.551397,OK
797,7.970000,40.396545,0.015633,12.912425,3.000000,0.064150,0.378255,-0.285156,0.551553,OK
798,7.980000,40.393015,0.015584,12.913031,3.000000,0.064149,0.378016,-0.285205,0.551709,OK
799,7.990000,40.389479,0.015534,12.913636,3.000000,0.064148,0.377776,-0.285253,0.551864,OK
800,8.000000,40.385936,0.015486,12.914238,3.000000,0.064147,0.377536,-0.285301,0.552019,OK
801,8.010000,40.382388,0.015438,12.914838,3.000000,0.064146,0.377296,-0.285350,0.552174,OK
802,8.020000,40.378833,0.015390,12.915436,3.000000,0.064145,0.377055,-0.285398,0.552328,OK
803,8.030000,40.375272,0.015343,12.916030,3.000000,0.064144,0.376813,-0.285446,0.552481,OK
804,8.040000,40.371706,0.015296,12.916621,3.000000,0.064142,0.376572,-0.285495,0.552634,OK
805,8.050000,40.368133,0.015250,12.917207,3.000000,0.064141,0.376330,-0.285543,0.552786,OK
806,8.060000,40.364555,0.015203,12.917788,3.000000,0.064140,0.376088,-0.285591,0.552938,OK
807,8.070000,40.360971,0.015156,12.918365,3.000000,0.064139,0.375846,-0.285639,0.553090,OK
808,8.080000,40.357382,0.015109,12.918938,3.000000,0.064138,0.375604,-0.285686,0.553241,OK
809,8.090000,40.353787,0.015063,12.919509,3.000000,0.064137,0.375362,-0.285734,0.553392,OK
810,8.100000,40.350186,0.015017,12.920077,3.000000,0.064136,0.375120,-0.285781,0.553542,OK
811,8.110000,40.346580,0.014971,12.920643,3.000000,0.064134,0.374877,-0.285829,0.553692,OK
812,8.120000,40.342969,0.014926,12.921207,3.000000,0.064133,0.374633,-0.285876,0.553841,OK
813,8.130000,40.339352,0.014881,12.921769,3.000000,0.064132,0.374389,-0.285924,0.553990,OK
814,8.140000,40.335729,0.014837,12.922329,3.000000,0.064131,0.374146,-0.285971,0.554138,OK
815,8.150000,40.332102,0.014792,12.922885,3.000000,0.064130,0.373901,-0.286018,0.554286,OK
816,8.160000,40.328469,0.014748,12.923437,3.000000,0.064129,0.373657,-0.286066,0.554433,OK
817,8.170000,40.324831,0.014704,12.923986,3.000000,0.064128,0.373413,-0.286113,0.554581,OK
818,8.180000,40.321188,0.014660,12.924531,3.000000,0.064127,0.373168,-0.286160,0.554727,OK
819,8.190000,40.317540,0.014616,12.925073,3.000000,0.064126,0.372923,-0.286206,0.554873,OK
820,8.200000,40.313887,0.014572,12.925612,3.000000,0.064124,0.372678,-0.286253,0.555019,OK
821,8.210000,40.310229,0.014529,12.926149,3.000000,0.064123,0.372433,-0.286299,0.555164,OK
822,8.220000,40.306566,0.014486,12.926683,3.000000,0.064122,0.372188,-0.286346,0.555309,OK
823,8.230000,40.302898,0.014443,12.927215,3.000000,0.064121,0.371942,-0.286393,0.555454,OK
824,8.240000,40.299225,0.014401,12.927744,3.000000,0.064120,0.371696,-0.286439,0.555598,OK
825,8.250000,40.295548,0.014359,12.928271,3.000000,0.064119,0.371449,-0.286486,0.555741,OK
826,8.260000,40.291866,0.014317,12.928794,3.000000,0.064118,0.371203,-0.286532,0.555884,OK
827,8.270000,40.288179,0.014275,12.929314,3.000000,0.064117,0.370956,-0.286579,0.556027,OK
828,8.280000,40.284488,0.014233,12.929831,3.000000,0.064116,0.370710,-0.286624,0.556169,OK
829,8.290000,40.280792,0.014190,12.930345,3.000000,0.064115,0.370463,-0.286670,0.556311,OK
830,8.300000,40.277092,0.014147,12.930856,3.000000,0.064114,0.370217,-0.286715,0.556453,OK
831,8.310000,40.273387,0.014105,12.931364,3.000000,0.064112,0.369971,-0.286760,0.556594,OK
832,8.320000,40.269677,0.014062,12.931870,3.000000,0.064111,0.369724,-0.286805,0.556734,OK
833,8.330000,40.265964,0.014020,12.932373,3.000000,0.064110,0.369477,-0.286850,0.556875,OK
834,8.340000,40.262245,0.013979,12.932874,3.000000,0.064109,0.369230,-0.286895,0.557014,OK
835,8.350000,40.258523,0.013938,12.933372,3.000000,0.064108,0.368982,-0.286940,0.557154,OK
836,8.360000,40.254796,0.013897,12.933868,3.000000,0.064107,0.368734,-0.286985,0.557293,OK
837,8.370000,40.251066,0.013857,12.934360,3.000000,0.064106,0.368486,-0.287030,0.557431,OK
838,8.380000,40.247331,0.013816,12.934849,3.000000,0.064105,0.368238,-0.287075,0.557570,OK
839,8.390000,40.243591,0.013776,12.935335,3.000000,0.064104,0.367989,-0.287119,0.557707,OK
840,8.400000,40.239848,0.013737,12.935818,3.000000,0.064103,0.367740,-0.287164,0.557845,OK
841,8.410000,40.236101,0.013697,12.936299,3.000000,0.064102,0.367491,-0.287209,0.557982,OK
842,8.420000,40.232350,0.013658,12.936777,3.000000,0.064101,0.367242,-0.287254,0.558118,OK
843,8.430000,40.228595,0.013620,12.937254,3.000000,0.064100,0.366993,-0.287299,0.558254,OK
844,8.440000,40.224835,0.013581,12.937730,3.000000,0.064099,0.366743,-0.287344,0.558390,OK
845,8.450000,40.221072,0.013543,12.938203,3.000000,0.064098,0.366493,-0.287389,0.558526,OK
846,8.460000,40.217305,0.013506,12.938674,3.000000,0.064097,0.366242,-0.287434,0.558661,OK
847,8.470000,40.213535,0.013469,12.939143,3.000000,0.064095,0.365992,-0.287479,0.558795,OK
848,8.480000,40.209760,0.013431,12.939609,3.000000,0.064094,0.365741,-0.287524,0.558930,OK
849,8.490000,40.205982,0.013394,12.940072,3.000000,0.064093,0.365490,-0.287568,0.559064,OK
850,8.500000,40.202200,0.013357,12.940533,3.000000,0.064092,0.365239,-0.287613,0.559197,OK
851,8.510000,40.198415,0.013321,12.940992,3.000000,0.064091,0.364988,-0.287658,0.559330,OK
852,8.520000,40.194625,0.013284,12.941449,3.000000,0.064090,0.364737,-0.287702,0.559463,OK
853,8.530000,40.190833,0.013248,12.941904,3.000000,0.064089,0.364486,-0.287746,0.559596,OK
854,8.540000,40.187036,0.013211,12.942357,3.000000,0.064088,0.364234,-0.287791,0.559728,OK
855,8.550000,40.183237,0.013176,12.942808,3.000000,0.064087,0.363982,-0.287835,0.559860,OK
856,8.560000,40.179433,0.013140,12.943258,3.000000,0.064086,0.363730,-0.287879,0.559991,OK
857,8.570000,40.175627,0.013104,12.943706,3.000000,0.064085,0.363478,-0.287924,0.560122,OK
858,8.580000,40.171816,0.013069,12.944152,3.000000,0.064084,0.363226,-0.287968,0.560253,OK
859,8.590000,40.168003,0.013034,12.944596,3.000000,0.064083,0.362974,-0.288012,0.560383,OK
860,8.600000,40.164186,0.012999,12.945037,3.000000,0.064082,0.362721,-0.288056,0.560513,OK
861,8.610000,40.160366,0.012964,12.945477,3.000000,0.064081,0.362469,-0.288099,0.560643,OK
862,8.620000,40.156542,0.012929,12.945915,3.000000,0.064080,0.362216,-0.288143,0.560772,OK
863,8.630000,40.152716,0.012894,12.946350,3.000000,0.064079,0.361963,-0.288187,0.560901,OK
864,8.640000,40.148886,0.012859,12.946784,3.000000,0.064078,0.361710,-0.288230,0.561030,OK
865,8.650000,40.145053,0.012825,12.947217,3.000000,0.064077,0.361457,-0.288274,0.561158,OK
866,8.660000,40.141216,0.012791,12.947647,3.000000,0.064076,0.361204,-0.288317,0.561286,OK
867,8.670000,40.137377,0.012757,12.948076,3.000000,0.064075,0.360951,-0.288361,0.561413,OK
868,8.680000,40.133535,0.012723,12.948503,3.000000,0.064074,0.360697,-0.288404,0.561540,OK
869,8.690000,40.129689,0.012689,12.948928,3.000000,0.064073,0.360443,-0.288447,0.561667,OK
870,8.700000,40.125841,0.012656,12.949351,3.000000,0.064072,0.360190,-0.288490,0.561794,OK
871,8.710000,40.121989,0.012622,12.949771,3.000000,0.064071,0.359936,-0.288533,0.561920,OK
872,8.720000,40.118135,0.012589,12.950190,3.000000,0.064070,0.359682,-0.288576,0.562046,OK
873,8.730000,40.114277,0.012555,12.950607,3.000000,0.064069,0.359428,-0.288619,0.562172,OK
874,8.740000,40.110417,0.012522,12.951023,3.000000,0.064068,0.359174,-0.288662,0.562297,OK
875,8.750000,40.106554,0.012489,12.951437,3.000000,0.064067,0.358920,-0.288705,0.562422,OK
876,8.760000,40.102688,0.012457,12.951849,3.000000,0.064066,0.358665,-0.288747,0.562546,OK
877,8.770000,40.098819,0.012424,12.952260,3.000000,0.064065,0.358410,-0.288790,0.562671,OK
878,8.780000,40.094947,0.012392,12.952668,3.000000,0.064064,0.358156,-0.288832,0.562794,OK
879,8.790000,40.091072,0.012360,12.953076,3.000000,0.064063,0.357901,-0.288875,0.562918,OK
880,8.800000,40.087195,0.012328,12.953481,3.000000,0.064061,0.357646,-0.288917,0.563041,OK
881,8.810000,40.083315,0.012296,12.953884,3.000000,0.064060,0.357391,-0.288960,0.563164,OK
882,8.820000,40.079433,0.012264,12.954284,3.000000,0.064060,0.357136,-0.289002,0.563287,OK
883,8.830000,40.075547,0.012231,12.954684,3.000000,0.064059,0.356881,-0.289043,0.563409,OK
884,8.840000,40.071659,0.012199,12.955081,3.000000,0.064058,0.356626,-0.289085,0.563531,OK
885,8.850000,40.067769,0.012166,12.955476,3.000000,0.064057,0.356372,-0.289126,0.563653,OK
886,8.860000,40.063876,0.012133,12.955869,3.000000,0.064056,0.356117,-0.289167,0.563774,OK
887,8.870000,40.059980,0.012101,12.956261,3.000000,0.064055,0.355862,-0.289208,0.563895,OK
888,8.880000,40.056082,0.012069,12.956651,3.000000,0.064054,0.355607,-0.289249,0.564016,OK
889,8.890000,40.052181,0.012037,12.957039,3.000000,0.064053,0.355352,-0.289290,0.564136,OK
890,8.900000,40.048278,0.012005,12.957425,3.000000,0.064052,0.355097,-0.289331,0.564256,OK
891,8.910000,40.044372,0.011974,12.957809,3.000000,0.064051,0.354841,-0.289372,0.564376,OK
892,8.920000,40.040464,0.011942,12.958192,3.000000,0.064050,0.354586,-0.289413,0.564495,OK
893,8.930000,40.036554,0.011911,12.958572,3.000000,0.064049,0.354330,-0.289454,0.564615,OK
894,8.940000,40.032641,0.011880,12.958951,3.000000,0.064048,0.354074,-0.289495,0.564733,OK
895,8.950000,40.028726,0.011850,12.959328,3.000000,0.064047,0.353818,-0.289536,0.564852,OK
896,8.960000,40.024808,0.011820,12.959704,3.000000,0.064046,0.353562,-0.289577,0.564970,OK
897,8.970000,40.020888,0.011790,12.960079,3.000000,0.064045,0.353305,-0.289618,0.565088,OK
898,8.980000,40.016966,0.011760,12.960452,3.000000,0.064044,0.353049,-0.289659,0.565206,OK
899,8.990000,40.013041,0.011731,12.960823,3.000000,0.064043,0.352792,-0.289700,0.565323,OK
900,9.000000,40.009115,0.011702,12.961193,3.000000,0.064042,0.352535,-0.289741,0.565440,OK
901,9.010000,40.005186,0.011673,12.961561,3.000000,0.064041,0.352278,-0.289782,0.565557,OK
902,9.020000,40.001254,0.011644,12.961928,3.000000,0.064040,0.352020,-0.289823,0.565673,OK
903,9.030000,39.997321,0.011615,12.962294,3.000000,0.064039,0.351763,-0.289864,0.565789,OK
904,9.040000,39.993385,0.011587,12.962658,3.000000,0.064038,0.351506,-0.289905,0.565905,OK
905,9.050000,39.989448,0.011559,12.963021,3.000000,0.064037,0.351248,-0.289945,0.566021,OK
906,9.060000,39.985508,0.011530,12.963382,3.000000,0.064036,0.350991,-0.289986,0.566136,OK
907,9.070000,39.981566,0.011502,12.963742,3.000000,0.064035,0.350733,-0.290027,0.566251,OK
908,9.080000,39.977622,0.011474,12.964101,3.000000,0.064034,0.350475,-0.290067,0.566366,OK
909,9.090000,39.973676,0.011446,12.964459,3.000000,0.064033,0.350217,-0.290108,0.566480,OK
910,9.100000,39.969728,0.011419,12.964816,3.000000,0.064032,0.349959,-0.290148,0.566594,OK
911,9.110000,39.965778,0.011391,12.965171,3.000000,0.064031,0.349701,-0.290189,0.566708,OK
912,9.120000,39.961826,0.011363,12.965525,3.000000,0.064031,0.349443,-0.290229,0.566822,OK
913,9.130000,39.957872,0.011336,12.965877,3.000000,0.064030,0.349185,-0.290269,0.566935,OK
914,9.140000,39.953916,0.011309,12.966229,3.000000,0.064029,0.348927,-0.290309,0.567048,OK
915,9.150000,39.949958,0.011281,12.966579,3.000000,0.064028,0.348669,-0.290349,0.567161,OK
916,9.160000,39.945998,0.011254,12.966927,3.000000,0.064027,0.348410,-0.290389,0.567274,OK
917,9.170000,39.942036,0.011227,12.967275,3.000000,0.064026,0.348152,-0.290429,0.567386,OK
918,9.180000,39.938073,0.011200,12.967621,3.000000,0.064025,0.347893,-0.290469,0.567498,OK
919,9.190000,39.934107,0.011173,12.967967,3.000000,0.064024,0.347635,-0.290509,0.567610,OK
920,9.200000,39.930140,0.011147,12.968311,3.000000,0.064023,0.347376,-0.290549,0.567721,OK
921,9.210000,39.926170,0.011120,12.968654,3.000000,0.064022,0.347117,-0.290588,0.567832,OK
922,9.220000,39.922199,0.011094,12.968996,3.000000,0.064021,0.346859,-0.290628,0.567943,OK
923,9.230000,39.918227,0.011067,12.969336,3.000000,0.064020,0.346600,-0.290667,0.568054,OK
924,9.240000,39.914252,0.011041,12.969675,3.000000,0.064019,0.346341,-0.290707,0.568164,OK
925,9.250000,39.910276,0.011015,12.970013,3.000000,0.064018,0.346082,-0.290746,0.568275,OK
926,9.260000,39.906298,0.010989,12.970349,3.000000,0.064017,0.345823,-0.290785,0.568385,OK
927,9.270000,39.902318,0.010963,12.970685,3.000000,0.064016,0.345564,-0.290825,0.568494,OK
928,9.280000,39.898336,0.010937,12.971019,3.000000,0.064016,0.345305,-0.290864,0.568604,OK
929,9.290000,39.894353,0.010911,12.971352,3.000000,0.064015,0.345046,-0.290903,0.568713,OK
930,9.300000,39.890368,0.010885,12.971684,3.000000,0.064014,0.344786,-0.290942,0.568821,OK
931,9.310000,39.886382,0.010860,12.972014,3.000000,0.064013,0.344527,-0.290981,0.568930,OK
932,9.320000,39.882394,0.010834,12.972344,3.000000,0.064012,0.344268,-0.291020,0.569038,OK
933,9.330000,39.878404,0.010809,12.972672,3.000000,0.064011,0.344008,-0.291059,0.569146,OK
934,9.340000,39.874413,0.010784,12.972999,3.000000,0.064010,0.343749,-0.291097,0.569254,OK
935,9.350000,39.870420,0.010758,12.973325,3.000000,0.064009,0.343489,-0.291136,0.569362,OK
936,9.360000,39.866425,0.010733,12.973650,3.000000,0.064008,0.343229,-0.291175,0.569469,OK
937,9.370000,39.862429,0.010708,12.973973,3.000000,0.064007,0.342970,-0.291213,0.569576,OK
938,9.380000,39.858431,0.010684,12.974295,3.000000,0.064006,0.342710,-0.291252,0.569683,OK
939,9.390000,39.854432,0.010659,12.974617,3.000000,0.064005,0.342450,-0.291290,0.569790,OK
940,9.400000,39.850432,0.010634,12.974937,3.000000,0.064005,0.342190,-0.291329,0.569896,OK
941,9.410000,39.846429,0.010610,12.975256,3.000000,0.064004,0.341930,-0.291367,0.570002,OK
942,9.420000,39.842426,0.010585,12.975573,3.000000,0.064003,0.341670,-0.291405,0.570108,OK
943,9.430000,39.838421,0.010561,12.975889,3.000000,0.064002,0.341410,-0.291443,0.570214,OK
944,9.440000,39.834414,0.010536,12.976205,3.000000,0.064001,0.341151,-0.291481,0.570319,OK
945,9.450000,39.830406,0.010510,12.976518,3.000000,0.064000,0.340891,-0.291518,0.570424,OK
946,9.460000,39.826397,0.010485,12.976830,3.000000,0.063999,0.340632,-0.291556,0.570529,OK
947,9.470000,39.822386,0.010460,12.977141,3.000000,0.063998,0.340372,-0.291593,0.570634,OK
948,9.480000,39.818374,0.010434,12.977450,3.000000,0.063997,0.340113,-0.291630,0.570738,OK
949,9.490000,39.814360,0.010409,12.977758,3.000000,0.063997,0.339853,-0.291667,0.570842,OK
950,9.500000,39.810345,0.010384,12.978065,3.000000,0.063996,0.339594,-0.291704,0.570946,OK
951,9.510000,39.806329,0.010360,12.978371,3.000000,0.063995,0.339334,-0.291740,0.571049,OK
952,9.520000,39.802311,0.010335,12.978675,3.000000,0.063994,0.339074,-0.291777,0.571153,OK
953,9.530000,39.798292,0.010311,12.978979,3.000000,0.063993,0.338814,-0.291814,0.571256,OK
954,9.540000,39.794272,0.010287,12.979281,3.000000,0.063992,0.338554,-0.291851,0.571359,OK
955,9.550000,39.790250,0.010263,12.979581,3.000000,0.063991,0.338294,-0.291888,0.571461,OK
956,9.560000,39.786227,0.010239,12.979881,3.000000,0.063990,0.338033,-0.291926,0.571564,OK
957,9.570000,39.782203,0.010216,12.980179,3.000000,0.063990,0.337773,-0.291963,0.571666,OK
958,9.580000,39.778178,0.010193,12.980477,3.000000,0.063989,0.337512,-0.292000,0.571768,OK
959,9.590000,39.774151,0.010170,12.980773,3.000000,0.063988,0.337252,-0.292037,0.571870,OK
960,9.600000,39.770123,0.010147,12.981068,3.000000,0.063987,0.336991,-0.292074,0.571971,OK
961,9.610000,39.766094,0.010125,12.981362,3.000000,0.063986,0.336730,-0.292111,0.572072,OK
962,9.620000,39.762064,0.010102,12.981656,3.000000,0.063985,0.336469,-0.292148,0.572173,OK
963,9.630000,39.758032,0.010080,12.981948,3.000000,0.063984,0.336208,-0.292185,0.572274,OK
964,9.640000,39.754000,0.010058,12.982240,3.000000,0.063983,0.335946,-0.292222,0.572375,OK
965,9.650000,39.749966,0.010036,12.982531,3.000000,0.063983,0.335685,-0.292259,0.572475,OK
966,9.660000,39.745931,0.010014,12.982821,3.000000,0.063982,0.335424,-0.292296,0.572575,OK
967,9.670000,39.741895,0.009992,12.983109,3.000000,0.063981,0.335162,-0.292333,0.572675,OK
968,9.680000,39.737858,0.009970,12.983397,3.000000,0.063980,0.334901,-0.292370,0.572775,OK
969,9.690000,39.733821,0.009949,12.983684,3.000000,0.063979,0.334640,-0.292406,0.572874,OK
970,9.700000,39.729782,0.009927,12.983969,3.000000,0.063978,0.334378,-0.292443,0.572974,OK
971,9.710000,39.725742,0.009906,12.984253,3.000000,0.063977,0.334117,-0.292480,0.573073,OK
972,9.720000,39.721701,0.009884,12.984536,3.000000,0.063976,0.333855,-0.292516,0.573171,OK
973,9.730000,39.717660,0.009863,12.984818,3.000000,0.063976,0.333594,-0.292553,0.573270,OK
974,9.740000,39.713617,0.009841,12.985099,3.000000,0.063975,0.333332,-0.292589,0.573369,OK
975,9.750000,39.709574,0.009820,12.985379,3.000000,0.063974,0.333071,-0.292625,0.573467,OK
976,9.760000,39.705529,0.009799,12.985658,3.000000,0.063973,0.332809,-0.292662,0.573565,OK
977,9.770000,39.701484,0.009778,12.985935,3.000000,0.063972,0.332548,-0.292698,0.573662,OK
978,9.780000,39.697439,0.009757,12.986212,3.000000,0.063971,0.332286,-0.292734,0.573760,OK
979,9.790000,39.693392,0.009736,12.986487,3.000000,0.063970,0.332024,-0.292770,0.573857,OK
980,9.800000,39.689344,0.009715,12.986762,3.000000,0.063970,0.331763,-0.292806,0.573955,OK
981,9.810000,39.685296,0.009694,12.987035,3.000000,0.063969,0.331501,-0.292842,0.574052,OK
982,9.820000,39.681247,0.009673,12.987307,3.000000,0.063968,0.331239,-0.292878,0.574148,OK
983,9.830000,39.677198,0.009653,12.987578,3.000000,0.063967,0.330978,-0.292914,0.574245,OK
984,9.840000,39.673148,0.009632,12.987848,3.000000,0.063966,0.330716,-0.292950,0.574341,OK
985,9.850000,39.669097,0.009612,12.988116,3.000000,0.063965,0.330454,-0.292986,0.574437,OK
986,9.860000,39.665045,0.009591,12.988384,3.000000,0.063965,0.330192,-0.293021,0.574533,OK
987,9.870000,39.660993,0.009571,12.988650,3.000000,0.063964,0.329930,-0.293057,0.574629,OK
988,9.880000,39.656940,0.009551,12.988915,3.000000,0.063963,0.329669,-0.293093,0.574724,OK
989,9.890000,39.652887,0.009531,12.989179,3.000000,0.063962,0.329407,-0.293128,0.574820,OK
990,9.900000,39.648833,0.009511,12.989441,3.000000,0.063961,0.329145,-0.293164,0.574915,OK
991,9.910000,39.644778,0.009491,12.989703,3.000000,0.063960,0.328883,-0.293199,0.575010,OK
992,9.920000,39.640723,0.009471,12.989963,3.000000,0.063959,0.328621,-0.293235,0.575104,OK
993,9.930000,39.636667,0.009451,12.990223,3.000000,0.063959,0.328359,-0.293270,0.575199,OK
994,9.940000,39.632611,0.009431,12.990481,3.000000,0.063958,0.328097,-0.293305,0.575293,OK
995,9.950000,39.628554,0.009412,12.990739,3.000000,0.063957,0.327835,-0.293341,0.575387,OK
996,9.960000,39.624497,0.009392,12.990995,3.000000,0.063956,0.327573,-0.293376,0.575481,OK
997,9.970000,39.620440,0.009373,12.991250,3.000000,0.063955,0.327311,-0.293411,0.575575,OK
998,9.980000,39.616382,0.009353,12.991505,3.000000,0.063954,0.327049,-0.293446,0.575668,OK
999,9.990000,39.612323,0.009334,12.991758,3.000000,0.063954,0.326787,-0.293481,0.575762,OK
1000,10.000000,39.608264,0.009315,12.992010,3.000000,0.063953,0.326525,-0.293516,0.575855,OK
1001,10.010000,39.604205,0.009295,12.992261,3.000000,0.063952,0.326263,-0.293551,0.575948,OK
1002,10.020000,39.600145,0.009276,12.992511,3.000000,0.063951,0.326001,-0.293586,0.576041,OK
1003,10.030000,39.596085,0.009257,12.992759,3.000000,0.063950,0.325738,-0.293621,0.576133,OK
1004,10.040000,39.592024,0.009239,12.993007,3.000000,0.063950,0.325476,-0.293656,0.576226,OK
1005,10.050000,39.587963,0.009220,12.993254,3.000000,0.063949,0.325214,-0.293691,0.576318,OK
1006,10.060000,39.583902,0.009201,12.993500,3.000000,0.063948,0.324952,-0.293726,0.576410,OK
1007,10.070000,39.579840,0.009182,12.993745,3.000000,0.063947,0.324690,-0.293760,0.576502,OK
1008,10.080000,39.575778,0.009164,12.993989,3.000000,0.063946,0.324428,-0.293795,0.576593,OK
1009,10.090000,39.571716,0.009145,12.994232,3.000000,0.063945,0.324165,-0.293830,0.576685,OK
1010,10.100000,39.567653,0.009127,12.994475,3.000000,0.063945,0.323903,-0.293864,0.576776,OK
1011,10.110000,39.563590,0.009108,12.994715,3.000000,0.063944,0.323641,-0.293898,0.576867,OK
1012,10.120000,39.559527,0.009089,12.994955,3.000000,0.063943,0.323379,-0.293932,0.576958,OK
1013,10.130000,39.555464,0.009070,12.995194,3.000000,0.063942,0.323118,-0.293966,0.577049,OK
1014,10.140000,39.551400,0.009050,12.995431,3.000000,0.063941,0.322856,-0.294000,0.577139,OK
1015,10.150000,39.547336,0.009031,12.995668,3.000000,0.063941,0.322595,-0.294033,0.577230,OK
1016,10.160000,39.543272,0.009011,12.995903,3.000000,0.063940,0.322334,-0.294067,0.577320,OK
1017,10.170000,39.539208,0.008992,12.996137,3.000000,0.063939,0.322072,-0.294100,0.577410,OK
1018,10.180000,39.535143,0.008973,12.996370,3.000000,0.063938,0.321811,-0.294133,0.577499,OK
1019,10.190000,39.531078,0.008954,12.996602,3.000000,0.063937,0.321549,-0.294167,0.577589,OK
1020,10.200000,39.527013,0.008935,12.996832,3.000000,0.063937,0.321288,-0.294200,0.577678,OK
1021,10.210000,39.522948,0.008917,12.997062,3.000000,0.063936,0.321026,-0.294234,0.577767,OK
1022,10.220000,39.518882,0.008898,12.997291,3.000000,0.063935,0.320765,-0.294267,0.577856,OK
1023,10.230000,39.514817,0.008880,12.997519,3.000000,0.063934,0.320503,-0.294301,0.577945,OK
1024,10.240000,39.510751,0.008862,12.997746,3.000000,0.063934,0.320241,-0.294334,0.578034,OK
1025,10.250000,39.506685,0.008844,12.997972,3.000000,0.063933,0.319979,-0.294368,0.578122,OK
1026,10.260000,39.502619,0.008827,12.998197,3.000000,0.063932,0.319717,-0.294401,0.578210,OK
1027,10.270000,39.498553,0.008809,12.998422,3.000000,0.063931,0.319455,-0.294435,0.578299,OK
1028,10.280000,39.494487,0.008792,12.998646,3.000000,0.063930,0.319193,-0.294469,0.578386,OK
1029,10.290000,39.490420,0.008775,12.998869,3.000000,0.063930,0.318930,-0.294502,0.578474,OK
1030,10.300000,39.486354,0.008758,12.999091,3.000000,0.063929,0.318668,-0.294536,0.578562,OK
1031,10.310000,39.482287,0.008741,12.999313,3.000000,0.063928,0.318406,-0.294570,0.578649,OK
1032,10.320000,39.478220,0.008725,12.999533,3.000000,0.063927,0.318143,-0.294603,0.578736,OK
1033,10.330000,39.474153,0.008708,12.999754,3.000000,0.063926,0.317881,-0.294637,0.578824,OK
1034,10.340000,39.470086,0.008692,12.999973,3.000000,0.063926,0.317619,-0.294670,0.578910,OK
1035,10.350000,39.466019,0.008675,13.000192,3.000000,0.063925,0.317356,-0.294704,0.578997,OK
1036,10.360000,39.461952,0.008659,13.000411,3.000000,0.063924,0.317094,-0.294737,0.579084,OK
1037,10.370000,39.457885,0.008642,13.000629,3.000000,0.063923,0.316832,-0.294771,0.579170,OK
1038,10.380000,39.453818,0.008626,13.000846,3.000000,0.063922,0.316569,-0.294804,0.579256,OK
1039,10.390000,39.449751,0.008610,13.001063,3.000000,0.063922,0.316307,-0.294837,0.579343,OK
1040,10.400000,39.445684,0.008594,13.001279,3.000000,0.063921,0.316045,-0.294870,0.579429,OK
1041,10.410000,39.441617,0.008578,13.001495,3.000000,0.063920,0.315782,-0.294904,0.579514,OK
1042,10.420000,39.437549,0.008561,13.001710,3.000000,0.063919,0.315520,-0.294937,0.579600,OK
1043,10.430000,39.433482,0.008545,13.001924,3.000000,0.063918,0.315258,-0.294970,0.579685,OK
1044,10.440000,39.429415,0.008529,13.002138,3.000000,0.063918,0.314996,-0.295003,0.579771,OK
1045,10.450000,39.425348,0.008513,13.002352,3.000000,0.063917,0.314733,-0.295036,0.579856,OK
1046,10.460000,39.421280,0.008497,13.002565,3.000000,0.063916,0.314471,-0.295069,0.579941,OK
1047,10.470000,39.417213,0.008481,13.002777,3.000000,0.063915,0.314209,-0.295102,0.580026,OK
1048,10.480000,39.413146,0.008465,13.002989,3.000000,0.063915,0.313947,-0.295134,0.580110,OK
1049,10.490000,39.409079,0.008449,13.003200,3.000000,0.063914,0.313685,-0.295167,0.580195,OK
1050,10.500000,39.405012,0.008434,13.003411,3.000000,0.063913,0.313423,-0.295200,0.580279,OK
1051,10.510000,39.400944,0.008418,13.003621,3.000000,0.063912,0.313160,-0.295232,0.580363,OK
1052,10.520000,39.396877,0.008402,13.003830,3.000000,0.063912,0.312898,-0.295265,0.580447,OK
1053,10.530000,39.392810,0.008386,13.004039,3.000000,0.063911,0.312636,-0.295297,0.580531,OK
1054,10.540000,39.388743,0.008371,13.004247,3.000000,0.063910,0.312374,-0.295330,0.580615,OK
1055,10.550000,39.384676,0.008355,13.004455,3.000000,0.063909,0.312112,-0.295362,0.580698,OK
1056,10.560000,39.380610,0.008340,13.004662,3.000000,0.063908,0.311850,-0.295395,0.580782,OK
1057,10.570000,39.376543,0.008324,13.004868,3.000000,0.063908,0.311588,-0.295427,0.580865,OK
1058,10.580000,39.372476,0.008309,13.005074,3.000000,0.063907,0.311326,-0.295459,0.580948,OK
1059,10.590000,39.368410,0.008293,13.005280,3.000000,0.063906,0.311064,-0.295491,0.581031,OK
1060,10.600000,39.364343,0.008278,13.005484,3.000000,0.063905,0.310802,-0.295524,0.581114,OK
1061,10.610000,39.360277,0.008262,13.005689,3.000000,0.063905,0.310540,-0.295556,0.581196,OK
1062,10.620000,39.356210,0.008247,13.005892,3.000000,0.063904,0.310278,-0.295588,0.581279,OK
1063,10.630000,39.352144,0.008232,13.006095,3.000000,0.063903,0.310016,-0.295620,0.581361,OK
1064,10.640000,39.348078,0.008217,13.006298,3.000000,0.063902,0.309754,-0.295652,0.581443,OK
1065,10.650000,39.344012,0.008202,13.006500,3.000000,0.063902,0.309492,-0.295684,0.581525,OK
1066,10.660000,39.339946,0.008187,13.006701,3.000000,0.063901,0.309231,-0.295716,0.581607,OK
1067,10.670000,39.335880,0.008172,13.006902,3.000000,0.063900,0.308969,-0.295747,0.581689,OK
1068,10.680000,39.331814,0.008157,13.007102,3.000000,0.063899,0.308707,-0.295779,0.581771,OK
1069,10.690000,39.327749,0.008142,13.007301,3.000000,0.063899,0.308445,-0.295811,0.581852,OK
1070,10.700000,39.323683,0.008127,13.007500,3.000000,0.063898,0.308183,-0.295843,0.581933,OK
1071,10.710000,39.319618,0.008112,13.007699,3.000000,0.063897,0.307921,-0.295874,0.582014,OK
1072,10.720000,39.315553,0.008097,13.007897,3.000000,0.063896,0.307659,-0.295906,0.582095,OK
1073,10.730000,39.311488,0.008082,13.008094,3.000000,0.063896,0.307398,-0.295938,0.582176,OK
1074,10.740000,39.307423,0.008068,13.008291,3.000000,0.063895,0.307136,-0.295969,0.582257,OK
1075,10.750000,39.303358,0.008053,13.008487,3.000000,0.063894,0.306874,-0.296001,0.582337,OK
1076,10.760000,39.299294,0.008038,13.008683,3.000000,0.063893,0.306612,-0.296032,0.582418,OK
1077,10.770000,39.295230,0.008024,13.008878,3.000000,0.063893,0.306350,-0.296063,0.582498,OK
1078,10.780000,39.291165,0.008009,13.009072,3.000000,0.063892,0.306089,-0.296095,0.582578,OK
1079,10.790000,39.287101,0.007995,13.009267,3.000000,0.063891,0.305827,-0.296126,0.582658,OK
1080,10.800000,39.283037,0.007981,13.009460,3.000000,0.063890,0.305565,-0.296157,0.582738,OK
1081,10.810000,39.278974,0.007966,13.009653,3.000000,0.063890,0.305304,-0.296188,0.582818,OK
1082,10.820000,39.274910,0.007952,13.009846,3.000000,0.063889,0.305042,-0.296220,0.582897,OK
1083,10.830000,39.270847,0.007938,13.010038,3.000000,0.063888,0.304780,-0.296251,0.582976,OK
1084,10.840000,39.266784,0.007923,13.010229,3.000000,0.063887,0.304519,-0.296282,0.583056,OK
1085,10.850000,39.262721,0.007909,13.010420,3.000000,0.063887,0.304257,-0.296313,0.583135,OK
1086,10.860000,39.258658,0.007895,13.010610,3.000000,0.063886,0.303996,-0.296344,0.583214,OK
1087,10.870000,39.254595,0.007880,13.010800,3.000000,0.063885,0.303734,-0.296374,0.583292,OK
1088,10.880000,39.250533,0.007865,13.010989,3.000000,0.063885,0.303473,-0.296404,0.583371,OK
1089,10.890000,39.246471,0.007849,13.011176,3.000000,0.063884,0.303213,-0.296434,0.583450,OK
1090,10.900000,39.242409,0.007834,13.011363,3.000000,0.063883,0.302952,-0.296464,0.583528,OK
1091,10.910000,39.238347,0.007819,13.011550,3.000000,0.063882,0.302691,-0.296494,0.583606,OK
1092,10.920000,39.234285,0.007803,13.011735,3.000000,0.063882,0.302431,-0.296524,0.583684,OK
1093,10.930000,39.230224,0.007788,13.011920,3.000000,0.063881,0.302170,-0.296554,0.583762,OK
1094,10.940000,39.226163,0.007773,13.012105,3.000000,0.063880,0.301909,-0.296584,0.583840,OK
1095,10.950000,39.222102,0.007758,13.012288,3.000000,0.063880,0.301649,-0.296614,0.583917,OK
1096,10.960000,39.218041,0.007744,13.012471,3.000000,0.063879,0.301388,-0.296644,0.583995,OK
1097,10.970000,39.213981,0.007729,13.012654,3.000000,0.063878,0.301127,-0.296674,0.584072,OK
1098,10.980000,39.209920,0.007715,13.012835,3.000000,0.063878,0.300866,-0.296704,0.584149,OK
1099,10.990000,39.205860,0.007701,13.013016,3.000000,0.063877,0.300605,-0.296734,0.584226,OK
1100,11.000000,39.201800,0.007687,13.013197,3.000000,0.063876,0.300344,-0.296764,0.584303,OK
1101,11.010000,39.197741,0.007673,13.013377,3.000000,0.063875,0.300083,-0.296794,0.584380,OK
1102,11.020000,39.193682,0.007660,13.013557,3.000000,0.063875,0.299821,-0.296824,0.584456,OK
1103,11.030000,39.189622,0.007646,13.013736,3.000000,0.063874,0.299560,-0.296854,0.584533,OK
1104,11.040000,39.185563,0.007633,13.013915,3.000000,0.063873,0.299299,-0.296884,0.584609,OK
1105,11.050000,39.181505,0.007620,13.014093,3.000000,0.063873,0.299038,-0.296914,0.584685,OK
1106,11.060000,39.177446,0.007606,13.014271,3.000000,0.063872,0.298776,-0.296945,0.584761,OK
1107,11.070000,39.173388,0.007593,13.014449,3.000000,0.063871,0.298515,-0.296975,0.584837,OK
1108,11.080000,39.169330,0.007580,13.014626,3.000000,0.063870,0.298254,-0.297005,0.584913,OK
1109,11.090000,39.165273,0.007568,13.014803,3.000000,0.063870,0.297992,-0.297035,0.584989,OK
1110,11.100000,39.161215,0.007555,13.014980,3.000000,0.063869,0.297731,-0.297065,0.585064,OK
1111,11.110000,39.157158,0.007542,13.015156,3.000000,0.063868,0.297470,-0.297095,0.585140,OK
1112,11.120000,39.153101,0.007529,13.015332,3.000000,0.063868,0.297208,-0.297125,0.585215,OK
1113,11.130000,39.149045,0.007516,13.015508,3.000000,0.063867,0.296947,-0.297155,0.585290,OK
1114,11.140000,39.144988,0.007504,13.015683,3.000000,0.063866,0.296686,-0.297185,0.585365,OK
1115,11.150000,39.140932,0.007491,13.015858,3.000000,0.063865,0.296425,-0.297215,0.585440,OK
1116,11.160000,39.136877,0.007478,13.016033,3.000000,0.063865,0.296163,-0.297244,0.585515,OK
1117,11.170000,39.132821,0.007465,13.016208,3.000000,0.063864,0.295902,-0.297274,0.585590,OK
1118,11.180000,39.128766,0.007453,13.016382,3.000000,0.063863,0.295641,-0.297304,0.585664,OK
1119,11.190000,39.124711,0.007440,13.016556,3.000000,0.063863,0.295380,-0.297333,0.585739,OK
1120,11.200000,39.120656,0.007427,13.016730,3.000000,0.063862,0.295119,-0.297363,0.585813,OK
1121,11.210000,39.116602,0.007415,13.016903,3.000000,0.063861,0.294858,-0.297392,0.585887,OK
1122,11.220000,39.112547,0.007402,13.017076,3.000000,0.063861,0.294597,-0.297422,0.585961,OK
1123,11.230000,39.108493,0.007389,13.017249,3.000000,0.063860,0.294336,-0.297451,0.586035,OK
1124,11.240000,39.104440,0.007377,13.017422,3.000000,0.063859,0.294075,-0.297481,0.586109,OK
1125,11.250000,39.100387,0.007364,13.017594,3.000000,0.063858,0.293814,-0.297510,0.586182,OK
1126,11.260000,39.096334,0.007352,13.017766,3.000000,0.063858,0.293553,-0.297539,0.586256,OK
1127,11.270000,39.092281,0.007339,13.017937,3.000000,0.063857,0.293292,-0.297568,0.586329,OK
1128,11.280000,39.088228,0.007327,13.018108,3.000000,0.063856,0.293032,-0.297597,0.586403,OK
1129,11.290000,39.084176,0.007314,13.018279,3.000000,0.063856,0.292771,-0.297626,0.586476,OK
1130,11.300000,39.080124,0.007302,13.018449,3.000000,0.063855,0.292510,-0.297656,0.586549,OK
1131,11.310000,39.076073,0.007290,13.018619,3.000000,0.063854,0.292249,-0.297685,0.586622,OK
1132,11.320000,39.072021,0.007277,13.018789,3.000000,0.063854,0.291988,-0.297714,0.586694,OK
1133,11.330000,39.067970,0.007265,13.018958,3.000000,0.063853,0.291728,-0.297742,0.586767,OK
1134,11.340000,39.063920,0.007253,13.019127,3.000000,0.063852,0.291467,-0.297771,0.586840,OK
1135,11.350000,39.059869,0.007240,13.019295,3.000000,0.063852,0.291206,-0.297800,0.586912,OK
1136,11.360000,39.055819,0.007228,13.019463,3.000000,0.063851,0.290946,-0.297829,0.586984,OK
1137,11.370000,39.051769,0.007216,13.019631,3.000000,0.063850,0.290685,-0.297858,0.587056,OK
1138,11.380000,39.047720,0.007204,13.019798,3.000000,0.063850,0.290424,-0.297886,0.587128,OK
1139,11.390000,39.043671,0.007192,13.019965,3.000000,0.063849,0.290164,-0.297915,0.587200,OK
1140,11.400000,39.039622,0.007179,13.020132,3.000000,0.063848,0.289903,-0.297944,0.587272,OK
1141,11.410000,39.035573,0.007167,13.020298,3.000000,0.063848,0.289642,-0.297972,0.587344,OK
1142,11.420000,39.031525,0.007155,13.020463,3.000000,0.063847,0.289382,-0.298001,0.587415,OK
1143,11.430000,39.027477,0.007143,13.020629,3.000000,0.063846,0.289121,-0.298029,0.587487,OK
1144,11.440000,39.023430,0.007131,13.020794,3.000000,0.063846,0.288861,-0.298058,0.587558,OK
1145,11.450000,39.019382,0.007119,13.020958,3.000000,0.063845,0.288600,-0.298086,0.587629,OK
1146,11.460000,39.015335,0.007107,13.021123,3.000000,0.063844,0.288340,-0.298115,0.587700,OK
1147,11.470000,39.011289,0.007096,13.021286,3.000000,0.063844,0.288079,-0.298143,0.587771,OK
1148,11.480000,39.007242,0.007084,13.021449,3.000000,0.063843,0.287819,-0.298171,0.587842,OK
1149,11.490000,39.003196,0.007072,13.021612,3.000000,0.063842,0.287558,-0.298200,0.587913,OK
1150,11.500000,38.999152,0.007060,13.021775,3.000000,0.063841,0.287298,-0.298228,0.587984,OK
1151,11.510000,38.995108,0.007048,13.021937,3.000000,0.063841,0.287038,-0.298256,0.588054,OK
1152,11.520000,38.991065,0.007036,13.022098,3.000000,0.063840,0.286778,-0.298284,0.588124,OK
1153,11.530000,38.987025,0.007025,13.022257,3.000000,0.063840,0.286518,-0.298312,0.588195,OK
1154,11.540000,38.982986,0.007013,13.022413,3.000000,0.063839,0.286258,-0.298340,0.588265,OK
1155,11.550000,38.978949,0.007000,13.022565,3.000000,0.063838,0.285998,-0.298368,0.588335,OK
1156,11.560000,38.974920,0.006989,13.022051,3.000000,0.063838,0.285739,-0.298396,0.588405,OK
1157,11.570000,38.970940,0.006940,13.039732,3.000000,0.063837,0.285504,-0.298401,0.588474,OK
1158,11.580000,38.960986,0.006965,13.034657,3.000000,0.063836,0.284883,-0.298451,0.588544,OK
1159,11.590000,38.943171,0.007525,13.019725,3.000000,0.063827,0.283485,-0.298824,0.588619,OK
1160,11.600000,38.919315,0.008585,13.022431,3.000000,0.063811,0.281433,-0.299503,0.588705,OK
1161,11.610000,38.891385,0.009954,13.048100,3.000000,0.063791,0.278952,-0.300375,0.588804,OK
1162,11.620000,38.860885,0.011347,13.098289,3.000000,0.063770,0.276300,-0.301267,0.588918,OK
1163,11.630000,38.828870,0.012411,13.171121,3.000000,0.063753,0.273750,-0.301967,0.589042,OK
1164,11.640000,38.796046,0.012799,13.261346,3.000000,0.063746,0.271554,-0.302264,0.589170,OK
1165,11.650000,38.762863,0.012258,13.361239,3.000000,0.063752,0.269895,-0.302001,0.589292,OK
1166,11.660000,38.729604,0.010699,13.461933,3.000000,0.063773,0.268848,-0.301119,0.589399,OK
1167,11.670000,38.696453,0.008233,13.554822,3.000000,0.063807,0.268360,-0.299681,0.589482,OK
1168,11.680000,38.663550,0.005151,13.632821,3.000000,0.063850,0.268269,-0.297857,0.589533,OK
1169,11.690000,38.631015,0.001848,13.691285,3.000000,0.063897,0.268347,-0.295885,0.589552,OK
1170,11.700000,38.598971,-0.001283,13.728488,3.000000,0.063941,0.268363,-0.294000,0.589539,OK
1171,11.710000,38.567534,-0.003951,13.745635,3.000000,0.063980,0.268147,-0.292379,0.589499,OK
1172,11.720000,38.536800,-0.006045,13.746425,3.000000,0.064010,0.267636,-0.291093,0.589439,OK
1173,11.730000,38.506834,-0.007647,13.736286,3.000000,0.064034,0.266881,-0.290093,0.589363,OK
1174,11.740000,38.477656,-0.008992,13.721383,3.000000,0.064054,0.266022,-0.289241,0.589273,OK
1175,11.750000,38.449241,-0.010378,13.707634,3.000000,0.064075,0.265237,-0.288358,0.589169,OK
1176,11.760000,38.421521,-0.012060,13.699832,3.000000,0.064100,0.264677,-0.287288,0.589048,OK
1177,11.770000,38.394394,-0.014168,13.701022,3.000000,0.064132,0.264417,-0.285952,0.588907,OK
1178,11.780000,38.367736,-0.016661,13.712175,3.000000,0.064169,0.264425,-0.284373,0.588740,OK
1179,11.790000,38.341421,-0.019338,13.732177,3.000000,0.064209,0.264576,-0.282670,0.588547,OK
1180,11.800000,38.315338,-0.021900,13.758113,3.000000,0.064248,0.264683,-0.281024,0.588328,OK
1181,11.810000,38.289410,-0.024035,13.785832,3.000000,0.064281,0.264552,-0.279622,0.588087,OK
1182,11.820000,38.263608,-0.025507,13.810674,3.000000,0.064305,0.264036,-0.278612,0.587832,OK
1183,11.830000,38.237951,-0.026216,13.828314,3.000000,0.064318,0.263072,-0.278056,0.587570,OK
1184,11.840000,38.212503,-0.026217,13.835538,3.000000,0.064321,0.261695,-0.277924,0.587308,OK
1185,11.850000,38.187353,-0.025697,13.830842,3.000000,0.064317,0.260019,-0.278107,0.587051,OK
1186,11.860000,38.162593,-0.024909,13.814711,3.000000,0.064309,0.258199,-0.278456,0.586802,OK
1187,11.870000,38.138298,-0.024099,13.789515,3.000000,0.064300,0.256388,-0.278821,0.586561,OK
1188,11.880000,38.114510,-0.023439,13.759037,3.000000,0.064293,0.254693,-0.279100,0.586326,OK
1189,11.890000,38.091235,-0.022991,13.727734,3.000000,0.064290,0.253153,-0.279253,0.586096,OK
1190,11.900000,38.068443,-0.022710,13.699884,3.000000,0.064289,0.251737,-0.279309,0.585869,OK
1191,11.910000,38.046078,-0.022476,13.678785,3.000000,0.064288,0.250374,-0.279336,0.585645,OK
1192,11.920000,38.024074,-0.022156,13.666179,3.000000,0.064286,0.248977,-0.279418,0.585423,OK
1193,11.930000,38.002369,-0.021651,13.662015,3.000000,0.064281,0.247484,-0.279613,0.585207,OK
1194,11.940000,37.980917,-0.020937,13.664569,3.000000,0.064274,0.245876,-0.279936,0.584997,OK
1195,11.950000,37.959695,-0.020066,13.670908,3.000000,0.064264,0.244181,-0.280359,0.584796,OK
1196,11.960000,37.938704,-0.019145,13.677554,3.000000,0.064253,0.242465,-0.280816,0.584605,OK
1197,11.970000,37.917965,-0.018292,13.681210,3.000000,0.064243,0.240800,-0.281236,0.584422,OK
1198,11.980000,37.897510,-0.017591,13.679397,3.000000,0.064235,0.239238,-0.281569,0.584246,OK
1199,11.990000,37.877375,-0.017062,13.670861,3.000000,0.064230,0.237795,-0.281801,0.584076,OK
1200,12.000000,37.857589,-0.016655,13.655707,3.000000,0.064226,0.236443,-0.281962,0.583909,OK
1201,12.010000,37.838172,-0.016267,13.635245,3.000000,0.064222,0.235122,-0.282113,0.583746,OK
1202,12.020000,37.819130,-0.015785,13.611619,3.000000,0.064217,0.233763,-0.282323,0.583589,OK
1203,12.030000,37.800460,-0.015122,13.587320,3.000000,0.064210,0.232314,-0.282645,0.583437,OK
1204,12.040000,37.782147,-0.014253,13.564686,3.000000,0.064199,0.230759,-0.283095,0.583295,OK
1205,12.050000,37.764173,-0.013227,13.545508,3.000000,0.064186,0.229123,-0.283645,0.583163,OK
1206,12.060000,37.746515,-0.012151,13.530786,3.000000,0.064172,0.227470,-0.284230,0.583041,OK
1207,12.070000,37.729152,-0.011158,13.520669,3.000000,0.064159,0.225879,-0.284770,0.582929,OK
1208,12.080000,37.712066,-0.010364,13.514549,3.000000,0.064149,0.224419,-0.285195,0.582826,OK
1209,12.090000,37.695242,-0.009832,13.511272,3.000000,0.064143,0.223130,-0.285465,0.582727,OK
1210,12.100000,37.678666,-0.009551,13.509395,3.000000,0.064140,0.222004,-0.285585,0.582632,OK
1211,12.110000,37.662333,-0.009441,13.507440,3.000000,0.064140,0.220993,-0.285604,0.582538,OK
1212,12.120000,37.646239,-0.009376,13.504112,3.000000,0.064140,0.220024,-0.285596,0.582444,OK
1213,12.130000,37.630390,-0.009226,13.498450,3.000000,0.064139,0.219017,-0.285640,0.582352,OK
1214,12.140000,37.614793,-0.008892,13.489926,3.000000,0.064135,0.217912,-0.285796,0.582263,OK
1215,12.150000,37.599461,-0.008338,13.478474,3.000000,0.064128,0.216688,-0.286087,0.582179,OK
1216,12.160000,37.584408,-0.007597,13.464474,3.000000,0.064119,0.215365,-0.286494,0.582103,OK
1217,12.170000,37.569643,-0.006758,13.448687,3.000000,0.064108,0.213996,-0.286963,0.582036,OK
1218,12.180000,37.555171,-0.005935,13.432141,3.000000,0.064097,0.212649,-0.287427,0.581976,OK
1219,12.190000,37.540988,-0.005232,13.415988,3.000000,0.064087,0.211388,-0.287823,0.581924,OK
1220,12.200000,37.527083,-0.004711,13.401331,3.000000,0.064081,0.210250,-0.288112,0.581877,OK
1221,12.210000,37.513439,-0.004376,13.389046,3.000000,0.064076,0.209238,-0.288291,0.581833,OK
1222,12.220000,37.500032,-0.004177,13.379628,3.000000,0.064074,0.208320,-0.288390,0.581791,OK
1223,12.230000,37.486841,-0.004030,13.373098,3.000000,0.064072,0.207445,-0.288458,0.581751,OK
1224,12.240000,37.473849,-0.003844,13.368982,3.000000,0.064070,0.206558,-0.288550,0.581713,OK
1225,12.250000,37.461044,-0.003555,13.366394,3.000000,0.064067,0.205619,-0.288705,0.581677,OK
1226,12.260000,37.448426,-0.003139,13.364201,3.000000,0.064061,0.204612,-0.288940,0.581646,OK
1227,12.270000,37.436000,-0.002619,13.361232,3.000000,0.064054,0.203551,-0.289239,0.581620,OK
1228,12.280000,37.423777,-0.002054,13.356514,3.000000,0.064046,0.202473,-0.289567,0.581599,OK
1229,12.290000,37.411771,-0.001516,13.349468,3.000000,0.064039,0.201422,-0.289882,0.581584,OK
1230,12.300000,37.399992,-0.001065,13.340012,3.000000,0.064032,0.200434,-0.290147,0.581573,OK
1231,12.310000,37.388445,-0.000729,13.328568,3.000000,0.064028,0.199526,-0.290346,0.581566,OK
1232,12.320000,37.377130,-0.000495,13.315956,3.000000,0.064024,0.198694,-0.290483,0.581561,OK
1233,12.330000,37.366039,-0.000320,13.303209,3.000000,0.064022,0.197908,-0.290587,0.581558,OK
1234,12.340000,37.355157,-0.000142,13.291351,3.000000,0.064020,0.197133,-0.290693,0.581556,OK
1235,12.350000,37.344470,0.000091,13.281229,3.000000,0.064016,0.196336,-0.290833,0.581557,OK
1236,12.360000,37.333964,0.000406,13.273277,3.000000,0.064012,0.195498,-0.291024,0.581561,OK
1237,12.370000,37.323625,0.000801,13.267502,3.000000,0.064006,0.194620,-0.291265,0.581569,OK
1238,12.380000,37.313449,0.001241,13.263518,3.000000,0.064000,0.193723,-0.291535,0.581582,OK
1239,12.390000,37.303430,0.001669,13.260665,3.000000,0.063993,0.192841,-0.291801,0.581598,OK
1240,12.400000,37.293570,0.002031,13.258171,3.000000,0.063988,0.192005,-0.292028,0.581619,OK
1241,12.410000,37.283873,0.002290,13.255319,3.000000,0.063984,0.191240,-0.292195,0.581642,OK
1242,12.420000,37.274340,0.002439,13.251576,3.000000,0.063982,0.190551,-0.292297,0.581666,OK
1243,12.430000,37.264975,0.002504,13.246668,3.000000,0.063980,0.189921,-0.292348,0.581691,OK
1244,12.440000,37.255777,0.002533,13.240593,3.000000,0.063980,0.189323,-0.292378,0.581716,OK
1245,12.450000,37.246746,0.002584,13.233573,3.000000,0.063979,0.188722,-0.292421,0.581742,OK
1246,12.460000,37.237878,0.002699,13.225974,3.000000,0.063977,0.188091,-0.292504,0.581769,OK
1247,12.470000,37.229170,0.002901,13.218220,3.000000,0.063974,0.187417,-0.292640,0.581798,OK
1248,12.480000,37.220616,0.003180,13.210708,3.000000,0.063969,0.186705,-0.292823,0.581830,OK
1249,12.490000,37.212212,0.003498,13.203758,3.000000,0.063964,0.185976,-0.293032,0.581865,OK
1250,12.500000,37.203953,0.003809,13.197582,3.000000,0.063959,0.185260,-0.293237,0.581903,OK
1251,12.510000,37.195833,0.004065,13.192279,3.000000,0.063955,0.184583,-0.293411,0.581944,OK
1252,12.520000,37.187848,0.004239,13.187844,3.000000,0.063952,0.183963,-0.293536,0.581986,OK
1253,12.530000,37.179992,0.004328,13.184184,3.000000,0.063951,0.183401,-0.293612,0.582029,OK
1254,12.540000,37.172261,0.004356,13.181131,3.000000,0.063950,0.182884,-0.293650,0.582073,OK
1255,12.550000,37.164649,0.004362,13.178460,3.000000,0.063949,0.182386,-0.293676,0.582117,OK
1256,12.560000,37.157156,0.004391,13.175905,3.000000,0.063948,0.181883,-0.293715,0.582160,OK
1257,12.570000,37.149779,0.004474,13.173193,3.000000,0.063946,0.181353,-0.293787,0.582205,OK
1258,12.580000,37.142519,0.004623,13.170076,3.000000,0.063944,0.180790,-0.293900,0.582251,OK
1259,12.590000,37.135378,0.004828,13.166370,3.000000,0.063940,0.180200,-0.294047,0.582300,OK
1260,12.600000,37.128357,0.005058,13.162000,3.000000,0.063936,0.179600,-0.294210,0.582350,OK
1261,12.610000,37.121459,0.005276,13.157020,3.000000,0.063933,0.179015,-0.294367,0.582403,OK
1262,12.620000,37.114682,0.005450,13.151614,3.000000,0.063930,0.178462,-0.294499,0.582458,OK
1263,12.630000,37.108023,0.005563,13.146068,3.000000,0.063927,0.177953,-0.294595,0.582513,OK
1264,12.640000,37.101479,0.005618,13.140727,3.000000,0.063926,0.177485,-0.294656,0.582569,OK
1265,12.650000,37.095042,0.005635,13.135925,3.000000,0.063925,0.177047,-0.294694,0.582626,OK
1266,12.660000,37.088706,0.005643,13.131892,3.000000,0.063924,0.176619,-0.294727,0.582682,OK
1267,12.670000,37.082464,0.005676,13.128724,3.000000,0.063923,0.176183,-0.294775,0.582739,OK
1268,12.680000,37.076311,0.005752,13.126353,3.000000,0.063921,0.175726,-0.294850,0.582796,OK
1269,12.690000,37.070244,0.005875,13.124569,3.000000,0.063919,0.175245,-0.294953,0.582855,OK
1270,12.700000,37.064261,0.006032,13.123067,3.000000,0.063916,0.174748,-0.295077,0.582916,OK
1271,12.710000,37.058364,0.006195,13.121512,3.000000,0.063913,0.174252,-0.295206,0.582977,OK
1272,12.720000,37.052554,0.006338,13.119619,3.000000,0.063910,0.173773,-0.295323,0.583041,OK
1273,12.730000,37.046831,0.006437,13.117206,3.000000,0.063908,0.173325,-0.295415,0.583105,OK
1274,12.740000,37.041197,0.006485,13.114229,3.000000,0.063907,0.172913,-0.295476,0.583170,OK
1275,12.750000,37.035650,0.006489,13.110783,3.000000,0.063906,0.172532,-0.295511,0.583235,OK
1276,12.760000,37.030187,0.006472,13.107061,3.000000,0.063905,0.172169,-0.295533,0.583300,OK
1277,12.770000,37.024804,0.006458,13.103312,3.000000,0.063905,0.171810,-0.295557,0.583364,OK
1278,12.780000,37.019498,0.006471,13.099773,3.000000,0.063904,0.171439,-0.295597,0.583429,OK
1279,12.790000,37.014262,0.006524,13.096624,3.000000,0.063902,0.171048,-0.295661,0.583494,OK
1280,12.800000,37.009092,0.006615,13.093957,3.000000,0.063900,0.170638,-0.295749,0.583560,OK
1281,12.810000,37.003987,0.006729,13.091770,3.000000,0.063898,0.170217,-0.295851,0.583628,OK
1282,12.820000,36.998941,0.006845,13.089985,3.000000,0.063895,0.169798,-0.295955,0.583696,OK
1283,12.830000,36.993955,0.006941,13.088477,3.000000,0.063893,0.169394,-0.296047,0.583766,OK
1284,12.840000,36.989025,0.007001,13.087105,3.000000,0.063891,0.169016,-0.296118,0.583836,OK
1285,12.850000,36.984152,0.007021,13.085749,3.000000,0.063890,0.168664,-0.296166,0.583906,OK
1286,12.860000,36.979333,0.007011,13.084322,3.000000,0.063890,0.168334,-0.296195,0.583976,OK
1287,12.870000,36.974567,0.006989,13.082775,3.000000,0.063889,0.168014,-0.296216,0.584046,OK
1288,12.880000,36.969851,0.006975,13.081095,3.000000,0.063888,0.167693,-0.296243,0.584116,OK
1289,12.890000,36.965183,0.006986,13.079293,3.000000,0.063887,0.167360,-0.296284,0.584185,OK
1290,12.900000,36.960562,0.007028,13.077395,3.000000,0.063886,0.167011,-0.296344,0.584256,OK
1291,12.910000,36.955985,0.007097,13.075435,3.000000,0.063884,0.166647,-0.296421,0.584327,OK
1292,12.920000,36.951450,0.007180,13.073456,3.000000,0.063882,0.166278,-0.296507,0.584398,OK
1293,12.930000,36.946956,0.007260,13.071506,3.000000,0.063880,0.165913,-0.296591,0.584471,OK
1294,12.940000,36.942499,0.007319,13.069645,3.000000,0.063878,0.165561,-0.296664,0.584544,OK
1295,12.950000,36.938077,0.007350,13.067937,3.000000,0.063877,0.165230,-0.296719,0.584618,OK
1296,12.960000,36.933687,0.007351,13.066442,3.000000,0.063876,0.164918,-0.296756,0.584691,OK
1297,12.970000,36.929326,0.007332,13.065205,3.000000,0.063876,0.164619,-0.296781,0.584765,OK
1298,12.980000,36.924990,0.007308,13.064240,3.000000,0.063875,0.164325,-0.296804,0.584838,OK
1299,12.990000,36.920676,0.007296,13.063523,3.000000,0.063874,0.164026,-0.296833,0.584911,OK
1300,13.000000,36.916381,0.007305,13.062991,3.000000,0.063873,0.163715,-0.296875,0.584984,OK
1301,13.010000,36.912104,0.007339,13.062552,3.000000,0.063872,0.163390,-0.296932,0.585057,OK
1302,13.020000,36.907843,0.007391,13.062100,3.000000,0.063871,0.163055,-0.297000,0.585131,OK
1303,13.030000,36.903597,0.007451,13.061543,3.000000,0.063869,0.162716,-0.297073,0.585205,OK
1304,13.040000,36.899366,0.007502,13.060823,3.000000,0.063867,0.162382,-0.297142,0.585280,OK
1305,13.050000,36.895148,0.007535,13.059930,3.000000,0.063866,0.162061,-0.297199,0.585356,OK
1306,13.060000,36.890941,0.007542,13.058907,3.000000,0.063865,0.161755,-0.297241,0.585431,OK
1307,13.070000,36.886743,0.007526,13.057840,3.000000,0.063864,0.161463,-0.297269,0.585506,OK
1308,13.080000,36.882534,0.007498,13.056795,3.000000,0.063864,0.161179,-0.297289,0.585581,OK
1309,13.090000,36.878319,0.007469,13.055963,3.000000,0.063863,0.160894,-0.297310,0.585656,OK
1310,13.100000,36.874103,0.007451,13.055393,3.000000,0.063863,0.160603,-0.297336,0.585731,OK
1311,13.110000,36.869886,0.007452,13.055121,3.000000,0.063862,0.160301,-0.297374,0.585805,OK
1312,13.120000,36.865668,0.007471,13.055130,3.000000,0.063861,0.159987,-0.297422,0.585880,OK
1313,13.130000,36.861451,0.007500,13.055351,3.000000,0.063859,0.159667,-0.297478,0.585955,OK
1314,13.140000,36.857237,0.007530,13.055688,3.000000,0.063858,0.159347,-0.297533,0.586030,OK
1315,13.150000,36.853030,0.007549,13.056035,3.000000,0.063857,0.159034,-0.297583,0.586106,OK
1316,13.160000,36.848834,0.007549,13.056305,3.000000,0.063856,0.158733,-0.297620,0.586181,OK
1317,13.170000,36.844652,0.007527,13.056438,3.000000,0.063855,0.158446,-0.297644,0.586256,OK
1318,13.180000,36.840487,0.007486,13.056414,3.000000,0.063855,0.158171,-0.297657,0.586331,OK
1319,13.190000,36.836341,0.007436,13.056246,3.000000,0.063855,0.157903,-0.297664,0.586406,OK
1320,13.200000,36.832218,0.007386,13.055968,3.000000,0.063855,0.157637,-0.297672,0.586480,OK
1321,13.210000,36.828119,0.007346,13.055626,3.000000,0.063854,0.157366,-0.297684,0.586553,OK
1322,13.220000,36.824047,0.007321,13.055260,3.000000,0.063854,0.157089,-0.297706,0.586626,OK
1323,13.230000,36.820002,0.007309,13.054900,3.000000,0.063853,0.156805,-0.297735,0.586699,OK
1324,13.240000,36.815989,0.007304,13.054560,3.000000,0.063852,0.156519,-0.297769,0.586772,OK
1325,13.250000,36.812008,0.007299,13.054242,3.000000,0.063852,0.156235,-0.297802,0.586845,OK
1326,13.260000,36.808063,0.007285,13.053939,3.000000,0.063851,0.155959,-0.297830,0.586918,OK
1327,13.270000,36.804154,0.007257,13.053640,3.000000,0.063850,0.155693,-0.297850,0.586991,OK
1328,13.280000,36.800286,0.007215,13.053335,3.000000,0.063850,0.155439,-0.297861,0.587063,OK
1329,13.290000,36.796460,0.007164,13.053011,3.000000,0.063850,0.155193,-0.297866,0.587135,OK
1330,13.300000,36.792678,0.007112,13.052656,3.000000,0.063850,0.154951,-0.297870,0.587206,OK
1331,13.310000,36.788942,0.007065,13.052254,3.000000,0.063850,0.154708,-0.297877,0.587276,OK
1332,13.320000,36.785256,0.007031,13.051784,3.000000,0.063849,0.154461,-0.297892,0.587347,OK
1333,13.330000,36.781621,0.007012,13.051220,3.000000,0.063849,0.154209,-0.297915,0.587417,OK
1334,13.340000,36.778040,0.007005,13.050539,3.000000,0.063848,0.153952,-0.297946,0.587487,OK
1335,13.350000,36.774517,0.007005,13.049723,3.000000,0.063847,0.153695,-0.297982,0.587557,OK
1336,13.360000,36.771053,0.007005,13.048765,3.000000,0.063846,0.153442,-0.298017,0.587627,OK
1337,13.370000,36.767652,0.006999,13.047675,3.000000,0.063846,0.153196,-0.298048,0.587697,OK
1338,13.380000,36.764316,0.006984,13.046481,3.000000,0.063845,0.152960,-0.298074,0.587767,OK
1339,13.390000,36.761048,0.006959,13.045220,3.000000,0.063845,0.152734,-0.298094,0.587836,OK
1340,13.400000,36.757849,0.006930,13.043933,3.000000,0.063844,0.152515,-0.298111,0.587906,OK
1341,13.410000,36.754720,0.006902,13.042653,3.000000,0.063844,0.152300,-0.298129,0.587975,OK
1342,13.420000,36.751665,0.006882,13.041395,3.000000,0.063843,0.152085,-0.298151,0.588043,OK
1343,13.430000,36.748686,0.006873,13.040157,3.000000,0.063843,0.151868,-0.298180,0.588112,OK
1344,13.440000,36.745783,0.006876,13.038914,3.000000,0.063842,0.151648,-0.298216,0.588181,OK
1345,13.450000,36.742961,0.006889,13.037630,3.000000,0.063841,0.151428,-0.298259,0.588250,OK
1346,13.460000,36.740223,0.006907,13.036260,3.000000,0.063840,0.151210,-0.298304,0.588319,OK
1347,13.470000,36.737570,0.006923,13.034769,3.000000,0.063839,0.150998,-0.298348,0.588388,OK
1348,13.480000,36.735006,0.006934,13.033133,3.000000,0.063838,0.150795,-0.298389,0.588457,OK
1349,13.490000,36.732533,0.006937,13.031349,3.000000,0.063837,0.150603,-0.298426,0.588527,OK
1350,13.500000,36.730154,0.006935,13.029432,3.000000,0.063836,0.150419,-0.298459,0.588596,OK
1351,13.510000,36.727872,0.006930,13.027410,3.000000,0.063835,0.150244,-0.298490,0.588666,OK
1352,13.520000,36.725687,0.006927,13.025316,3.000000,0.063835,0.150073,-0.298523,0.588735,OK
1353,13.530000,36.723602,0.006930,13.023181,3.000000,0.063834,0.149904,-0.298560,0.588804,OK
1354,13.540000,36.721620,0.006943,13.021025,3.000000,0.063833,0.149737,-0.298602,0.588873,OK
1355,13.550000,36.719741,0.006964,13.018855,3.000000,0.063832,0.149571,-0.298650,0.588943,OK
1356,13.560000,36.717969,0.006992,13.016664,3.000000,0.063830,0.149407,-0.298702,0.589013,OK
1357,13.570000,36.716304,0.007023,13.014439,3.000000,0.063829,0.149248,-0.298755,0.589083,OK
1358,13.580000,36.714751,0.007052,13.012160,3.000000,0.063828,0.149097,-0.298808,0.589154,OK
1359,13.590000,36.713311,0.007076,13.009811,3.000000,0.063827,0.148956,-0.298858,0.589225,OK
1360,13.600000,36.711986,0.007096,13.007380,3.000000,0.063825,0.148826,-0.298905,0.589296,OK
1361,13.610000,36.710779,0.007112,13.004863,3.000000,0.063824,0.148704,-0.298950,0.589367,OK
1362,13.620000,36.709692,0.007127,13.002261,3.000000,0.063823,0.148590,-0.298995,0.589438,OK
1363,13.630000,36.708727,0.007147,12.999580,3.000000,0.063822,0.148482,-0.299043,0.589509,OK
1364,13.640000,36.707886,0.007173,12.996825,3.000000,0.063821,0.148378,-0.299094,0.589581,OK
1365,13.650000,36.707170,0.007207,12.993999,3.000000,0.063820,0.148276,-0.299151,0.589653,OK
1366,13.660000,36.706583,0.007248,12.991105,3.000000,0.063818,0.148178,-0.299212,0.589726,OK
1367,13.670000,36.706125,0.007294,12.988141,3.000000,0.063817,0.148085,-0.299276,0.589799,OK
1368,13.680000,36.705800,0.007342,12.985109,3.000000,0.063815,0.147999,-0.299341,0.589872,OK
1369,13.690000,36.705609,0.007388,12.982010,3.000000,0.063814,0.147922,-0.299406,0.589946,OK
1370,13.700000,36.705553,0.007430,12.978850,3.000000,0.063812,0.147856,-0.299468,0.590020,OK
1371,13.710000,36.705635,0.007469,12.975638,3.000000,0.063811,0.147801,-0.299529,0.590095,OK
1372,13.720000,36.705857,0.007506,12.972377,3.000000,0.063809,0.147755,-0.299588,0.590170,OK
1373,13.730000,36.706220,0.007544,12.969082,3.000000,0.063808,0.147717,-0.299649,0.590245,OK
1374,13.740000,36.706726,0.007587,12.965746,3.000000,0.063806,0.147686,-0.299713,0.590321,OK
1375,13.750000,36.707377,0.007635,12.962375,3.000000,0.063805,0.147660,-0.299780,0.590398,OK
1376,13.760000,36.708175,0.007691,12.958953,3.000000,0.063803,0.147638,-0.299852,0.590475,OK
1377,13.770000,36.709120,0.007752,12.955470,3.000000,0.063801,0.147623,-0.299927,0.590552,OK
1378,13.780000,36.710216,0.007816,12.951915,3.000000,0.063800,0.147614,-0.300005,0.590630,OK
1379,13.790000,36.711464,0.007881,12.948275,3.000000,0.063798,0.147614,-0.300083,0.590709,OK
1380,13.800000,36.712866,0.007945,12.944551,3.000000,0.063796,0.147625,-0.300161,0.590788,OK
1381,13.810000,36.714423,0.008005,12.940747,3.000000,0.063794,0.147648,-0.300237,0.590869,OK
1382,13.820000,36.716137,0.008062,12.936875,3.000000,0.063792,0.147681,-0.300312,0.590949,OK
1383,13.830000,36.718009,0.008118,12.932947,3.000000,0.063791,0.147725,-0.300386,0.591030,OK
1384,13.840000,36.720042,0.008175,12.928985,3.000000,0.063789,0.147779,-0.300461,0.591112,OK
1385,13.850000,36.722235,0.008236,12.924991,3.000000,0.063787,0.147840,-0.300539,0.591194,OK
1386,13.860000,36.724591,0.008302,12.920975,3.000000,0.063785,0.147907,-0.300620,0.591277,OK
1387,13.870000,36.727110,0.008373,12.916932,3.000000,0.063783,0.147981,-0.300705,0.591361,OK
1388,13.880000,36.729795,0.008449,12.912855,3.000000,0.063781,0.148063,-0.300792,0.591446,OK
1389,13.890000,36.732646,0.008528,12.908733,3.000000,0.063779,0.148154,-0.300882,0.591531,OK
1390,13.900000,36.735666,0.008606,12.904554,3.000000,0.063777,0.148254,-0.300972,0.591617,OK
1391,13.910000,36.738855,0.008683,12.900310,3.000000,0.063775,0.148365,-0.301062,0.591704,OK
1392,13.920000,36.742214,0.008758,12.896000,3.000000,0.063772,0.148489,-0.301151,0.591791,OK
1393,13.930000,36.745746,0.008832,12.891624,3.000000,0.063770,0.148623,-0.301239,0.591880,OK
1394,13.940000,36.749450,0.008905,12.887189,3.000000,0.063768,0.148769,-0.301327,0.591969,OK
1395,13.950000,36.753329,0.008981,12.882703,3.000000,0.063766,0.148923,-0.301418,0.592059,OK
1396,13.960000,36.757384,0.009060,12.878175,3.000000,0.063764,0.149086,-0.301510,0.592149,OK
1397,13.970000,36.761614,0.009143,12.873610,3.000000,0.063762,0.149257,-0.301606,0.592241,OK
1398,13.980000,36.766022,0.009231,12.869010,3.000000,0.063759,0.149436,-0.301705,0.592333,OK
1399,13.990000,36.770608,0.009322,12.864376,3.000000,0.063757,0.149624,-0.301806,0.592426,OK
1400,14.000000,36.775373,0.009415,12.859704,3.000000,0.063755,0.149821,-0.301909,0.592520,OK
1401,14.010000,36.780318,0.009509,12.854993,3.000000,0.063752,0.150029,-0.302013,0.592615,OK
1402,14.020000,36.785445,0.009601,12.850240,3.000000,0.063750,0.150249,-0.302116,0.592711,OK
1403,14.030000,36.790753,0.009692,12.845447,3.000000,0.063747,0.150480,-0.302219,0.592808,OK
1404,14.040000,36.796244,0.009783,12.840616,3.000000,0.063745,0.150722,-0.302323,0.592906,OK
1405,14.050000,36.801919,0.009875,12.835749,3.000000,0.063742,0.150975,-0.302427,0.593005,OK
1406,14.060000,36.807778,0.009969,12.830848,3.000000,0.063740,0.151237,-0.302534,0.593105,OK
1407,14.070000,36.813822,0.010066,12.825915,3.000000,0.063737,0.151509,-0.302643,0.593205,OK
1408,14.080000,36.820051,0.010168,12.820949,3.000000,0.063735,0.151789,-0.302754,0.593307,OK
1409,14.090000,36.826467,0.010272,12.815947,3.000000,0.063732,0.152078,-0.302868,0.593410,OK
1410,14.100000,36.833070,0.010379,12.810908,3.000000,0.063729,0.152377,-0.302984,0.593513,OK
1411,14.110000,36.839860,0.010488,12.805828,3.000000,0.063726,0.152687,-0.303102,0.593618,OK
1412,14.120000,36.846838,0.010595,12.800709,3.000000,0.063724,0.153008,-0.303219,0.593724,OK
1413,14.130000,36.854005,0.010702,12.795553,3.000000,0.063721,0.153340,-0.303337,0.593831,OK
1414,14.140000,36.861361,0.010808,12.790365,3.000000,0.063718,0.153685,-0.303455,0.593939,OK
1415,14.150000,36.868906,0.010914,12.785150,3.000000,0.063715,0.154040,-0.303573,0.594049,OK
1416,14.160000,36.876641,0.011020,12.779915,3.000000,0.063712,0.154407,-0.303691,0.594159,OK
1417,14.170000,36.884566,0.011128,12.774663,3.000000,0.063710,0.154784,-0.303812,0.594270,OK
1418,14.180000,36.892682,0.011238,12.769396,3.000000,0.063707,0.155170,-0.303934,0.594382,OK
1419,14.190000,36.900988,0.011351,12.764112,3.000000,0.063704,0.155567,-0.304059,0.594496,OK
1420,14.200000,36.909485,0.011467,12.758807,3.000000,0.063701,0.155973,-0.304185,0.594611,OK
1421,14.210000,36.918173,0.011584,12.753477,3.000000,0.063698,0.156389,-0.304313,0.594726,OK
1422,14.220000,36.927052,0.011701,12.748119,3.000000,0.063695,0.156816,-0.304443,0.594843,OK
1423,14.230000,36.936123,0.011819,12.742728,3.000000,0.063692,0.157254,-0.304572,0.594962,OK
1424,14.240000,36.945386,0.011935,12.737307,3.000000,0.063689,0.157704,-0.304702,0.595081,OK
1425,14.250000,36.954840,0.012052,12.731858,3.000000,0.063685,0.158165,-0.304832,0.595201,OK
1426,14.260000,36.964486,0.012168,12.726386,3.000000,0.063682,0.158638,-0.304963,0.595323,OK
1427,14.270000,36.974324,0.012286,12.720897,3.000000,0.063679,0.159121,-0.305095,0.595446,OK
1428,14.280000,36.984354,0.012406,12.715396,3.000000,0.063676,0.159614,-0.305229,0.595570,OK
1429,14.290000,36.994575,0.012528,12.709885,3.000000,0.063673,0.160116,-0.305364,0.595695,OK
1430,14.300000,37.004988,0.012652,12.704366,3.000000,0.063670,0.160628,-0.305502,0.595822,OK
1431,14.310000,37.015592,0.012779,12.698838,3.000000,0.063666,0.161150,-0.305642,0.595950,OK
1432,14.320000,37.026387,0.012906,12.693298,3.000000,0.063663,0.161683,-0.305783,0.596079,OK
1433,14.330000,37.037374,0.013033,12.687745,3.000000,0.063660,0.162226,-0.305925,0.596209,OK
1434,14.340000,37.048551,0.013160,12.682175,3.000000,0.063656,0.162780,-0.306067,0.596341,OK
1435,14.350000,37.059918,0.013286,12.676592,3.000000,0.063653,0.163346,-0.306208,0.596474,OK
1436,14.360000,37.071476,0.013411,12.670993,3.000000,0.063650,0.163924,-0.306351,0.596608,OK
1437,14.370000,37.083225,0.013535,12.665403,3.000000,0.063646,0.164513,-0.306492,0.596743,OK
1438,14.380000,37.095162,0.013656,12.659826,3.000000,0.063643,0.165115,-0.306633,0.596880,OK
1439,14.390000,37.107289,0.013774,12.654266,3.000000,0.063640,0.165728,-0.306773,0.597017,OK
1440,14.400000,37.119605,0.013891,12.648724,3.000000,0.063636,0.166354,-0.306913,0.597156,OK
1441,14.410000,37.132109,0.014007,12.643199,3.000000,0.063633,0.166991,-0.307052,0.597296,OK
1442,14.420000,37.144800,0.014120,12.637689,3.000000,0.063630,0.167640,-0.307191,0.597437,OK
1443,14.430000,37.157680,0.014230,12.632193,3.000000,0.063626,0.168302,-0.307328,0.597580,OK
1444,14.440000,37.170745,0.014338,12.626710,3.000000,0.063623,0.168976,-0.307465,0.597723,OK
1445,14.450000,37.183998,0.014443,12.621237,3.000000,0.063620,0.169662,-0.307600,0.597868,OK
1446,14.460000,37.197435,0.014545,12.615777,3.000000,0.063617,0.170360,-0.307733,0.598013,OK
1447,14.470000,37.211058,0.014645,12.610328,3.000000,0.063614,0.171070,-0.307867,0.598159,OK
1448,14.480000,37.224865,0.014743,12.604893,3.000000,0.063611,0.171791,-0.307999,0.598307,OK
1449,14.490000,37.238856,0.014840,12.599472,3.000000,0.063607,0.172524,-0.308132,0.598455,OK
1450,14.500000,37.253029,0.014938,12.594064,3.000000,0.063604,0.173266,-0.308265,0.598605,OK
1451,14.510000,37.267385,0.015035,12.588669,3.000000,0.063601,0.174019,-0.308399,0.598755,OK
1452,14.520000,37.281922,0.015133,12.583282,3.000000,0.063598,0.174782,-0.308533,0.598906,OK
1453,14.530000,37.296640,0.015230,12.577905,3.000000,0.063595,0.175555,-0.308667,0.599059,OK
1454,14.540000,37.311538,0.015326,12.572532,3.000000,0.063592,0.176339,-0.308802,0.599212,OK
1455,14.550000,37.326615,0.015422,12.567164,3.000000,0.063588,0.177134,-0.308936,0.599366,OK
1456,14.560000,37.341870,0.015516,12.561801,3.000000,0.063585,0.177938,-0.309070,0.599521,OK
1457,14.570000,37.357302,0.015610,12.556445,3.000000,0.063582,0.178753,-0.309205,0.599677,OK
1458,14.580000,37.372911,0.015704,12.551097,3.000000,0.063579,0.179578,-0.309339,0.599834,OK
1459,14.590000,37.388695,0.015798,12.545760,3.000000,0.063576,0.180413,-0.309475,0.599992,OK
1460,14.600000,37.404654,0.015892,12.540436,3.000000,0.063573,0.181256,-0.309611,0.600151,OK
1461,14.610000,37.420785,0.015988,12.535126,3.000000,0.063569,0.182108,-0.309749,0.600311,OK
1462,14.620000,37.437089,0.016085,12.529830,3.000000,0.063566,0.182970,-0.309887,0.600472,OK
1463,14.630000,37.453563,0.016183,12.524548,3.000000,0.063563,0.183839,-0.310027,0.600634,OK
1464,14.640000,37.470207,0.016281,12.519280,3.000000,0.063559,0.184718,-0.310167,0.600797,OK
1465,14.650000,37.487019,0.016380,12.514024,3.000000,0.063556,0.185606,-0.310308,0.600961,OK
1466,14.660000,37.503998,0.016478,12.508780,3.000000,0.063553,0.186502,-0.310449,0.601125,OK
1467,14.670000,37.521142,0.016576,12.503550,3.000000,0.063549,0.187408,-0.310591,0.601291,OK
1468,14.680000,37.538452,0.016674,12.498335,3.000000,0.063546,0.188323,-0.310733,0.601458,OK
1469,14.690000,37.555924,0.016772,12.493137,3.000000,0.063543,0.189247,-0.310876,0.601626,OK
1470,14.700000,37.573558,0.016869,12.487958,3.000000,0.063539,0.190179,-0.311019,0.601794,OK
1471,14.710000,37.591352,0.016967,12.482801,3.000000,0.063536,0.191119,-0.311162,0.601964,OK
1472,14.720000,37.609306,0.017065,12.477666,3.000000,0.063532,0.192068,-0.311306,0.602135,OK
1473,14.730000,37.627417,0.017163,12.472554,3.000000,0.063529,0.193025,-0.311451,0.602306,OK
1474,14.740000,37.645684,0.017261,12.467466,3.000000,0.063526,0.193990,-0.311596,0.602479,OK
1475,14.750000,37.664105,0.017359,12.462404,3.000000,0.063522,0.194964,-0.311742,0.602652,OK
1476,14.760000,37.682680,0.017455,12.457368,3.000000,0.063519,0.195946,-0.311887,0.602827,OK
1477,14.770000,37.701407,0.017550,12.452359,3.000000,0.063515,0.196937,-0.312031,0.603002,OK
1478,14.780000,37.720284,0.017644,12.447377,3.000000,0.063512,0.197936,-0.312176,0.603179,OK
1479,14.790000,37.739310,0.017737,12.442424,3.000000,0.063509,0.198944,-0.312320,0.603356,OK
1480,14.800000,37.758483,0.017829,12.437499,3.000000,0.063505,0.199959,-0.312464,0.603535,OK
1481,14.810000,37.777802,0.017920,12.432605,3.000000,0.063502,0.200983,-0.312609,0.603714,OK
1482,14.820000,37.797266,0.018011,12.427742,3.000000,0.063498,0.202014,-0.312753,0.603894,OK
1483,14.830000,37.816872,0.018101,12.422911,3.000000,0.063495,0.203052,-0.312898,0.604075,OK
1484,14.840000,37.836619,0.018191,12.418110,3.000000,0.063491,0.204098,-0.313043,0.604257,OK
1485,14.850000,37.856506,0.018281,12.413339,3.000000,0.063488,0.205151,-0.313189,0.604440,OK
1486,14.860000,37.876530,0.018371,12.408599,3.000000,0.063485,0.206211,-0.313334,0.604623,OK
1487,14.870000,37.896692,0.018459,12.403887,3.000000,0.063481,0.207278,-0.313479,0.604808,OK
1488,14.880000,37.916988,0.018546,12.399205,3.000000,0.063478,0.208353,-0.313624,0.604993,OK
1489,14.890000,37.937417,0.018632,12.394553,3.000000,0.063474,0.209435,-0.313769,0.605180,OK
1490,14.900000,37.957978,0.018717,12.389931,3.000000,0.063471,0.210524,-0.313914,0.605367,OK
1491,14.910000,37.978669,0.018802,12.385341,3.000000,0.063467,0.211619,-0.314058,0.605555,OK
1492,14.920000,37.999487,0.018886,12.380784,3.000000,0.063464,0.212721,-0.314203,0.605744,OK
1493,14.930000,38.020433,0.018970,12.376259,3.000000,0.063461,0.213829,-0.314349,0.605933,OK
1494,14.940000,38.041504,0.019054,12.371769,3.000000,0.063457,0.214943,-0.314494,0.606124,OK
1495,14.950000,38.062697,0.019138,12.367311,3.000000,0.063454,0.216063,-0.314641,0.606315,OK
1496,14.960000,38.084013,0.019222,12.362885,3.000000,0.063450,0.217188,-0.314787,0.606508,OK
1497,14.970000,38.105448,0.019306,12.358492,3.000000,0.063447,0.218319,-0.314934,0.606701,OK
1498,14.980000,38.127001,0.019389,12.354131,3.000000,0.063443,0.219456,-0.315081,0.606894,OK
1499,14.990000,38.148671,0.019472,12.349802,3.000000,0.063440,0.220599,-0.315228,0.607089,OK
1500,15.000000,38.170456,0.019554,12.345507,3.000000,0.063436,0.221747,-0.315375,0.607285,OK
1501,15.010000,38.192353,0.019636,12.341245,3.000000,0.063433,0.222901,-0.315522,0.607481,OK
1502,15.020000,38.214362,0.019718,12.337019,3.000000,0.063429,0.224060,-0.315670,0.607678,OK
1503,15.030000,38.236481,0.019799,12.332828,3.000000,0.063426,0.225223,-0.315818,0.607876,OK
1504,15.040000,38.258707,0.019880,12.328674,3.000000,0.063422,0.226392,-0.315966,0.608075,OK
1505,15.050000,38.281039,0.019961,12.324557,3.000000,0.063419,0.227566,-0.316114,0.608275,OK
1506,15.060000,38.303476,0.020041,12.320477,3.000000,0.063415,0.228744,-0.316262,0.608475,OK
1507,15.070000,38.326015,0.020120,12.316432,3.000000,0.063412,0.229927,-0.316410,0.608676,OK
1508,15.080000,38.348655,0.020199,12.312424,3.000000,0.063408,0.231115,-0.316558,0.608878,OK
1509,15.090000,38.371394,0.020277,12.308453,3.000000,0.063405,0.232308,-0.316707,0.609081,OK
1510,15.100000,38.394230,0.020354,12.304517,3.000000,0.063401,0.233505,-0.316855,0.609285,OK
1511,15.110000,38.417161,0.020430,12.300619,3.000000,0.063398,0.234707,-0.317003,0.609489,OK
1512,15.120000,38.440186,0.020506,12.296759,3.000000,0.063394,0.235912,-0.317151,0.609694,OK
1513,15.130000,38.463303,0.020582,12.292938,3.000000,0.063391,0.237122,-0.317299,0.609900,OK
1514,15.140000,38.486510,0.020657,12.289156,3.000000,0.063387,0.238335,-0.317447,0.610106,OK
1515,15.150000,38.509805,0.020732,12.285415,3.000000,0.063384,0.239552,-0.317596,0.610314,OK
1516,15.160000,38.533186,0.020807,12.281713,3.000000,0.063380,0.240772,-0.317745,0.610522,OK
1517,15.170000,38.556653,0.020881,12.278051,3.000000,0.063377,0.241996,-0.317894,0.610731,OK
1518,15.180000,38.580202,0.020955,12.274430,3.000000,0.063373,0.243224,-0.318043,0.610940,OK
1519,15.190000,38.603832,0.021028,12.270848,3.000000,0.063370,0.244454,-0.318192,0.611150,OK
1520,15.200000,38.627541,0.021100,12.267307,3.000000,0.063366,0.245689,-0.318341,0.611361,OK
1521,15.210000,38.651327,0.021171,12.263805,3.000000,0.063363,0.246926,-0.318489,0.611573,OK
1522,15.220000,38.675189,0.021241,12.260345,3.000000,0.063359,0.248167,-0.318637,0.611785,OK
1523,15.230000,38.699125,0.021310,12.256927,3.000000,0.063356,0.249411,-0.318785,0.611999,OK
1524,15.240000,38.723133,0.021378,12.253550,3.000000,0.063352,0.250658,-0.318933,0.612212,OK
1525,15.250000,38.747211,0.021445,12.250215,3.000000,0.063349,0.251908,-0.319081,0.612427,OK
1526,15.260000,38.771357,0.021512,12.246924,3.000000,0.063345,0.253160,-0.319228,0.612642,OK
1527,15.270000,38.795570,0.021578,12.243675,3.000000,0.063342,0.254415,-0.319376,0.612858,OK
1528,15.280000,38.819847,0.021643,12.240469,3.000000,0.063338,0.255672,-0.319523,0.613074,OK
1529,15.290000,38.844187,0.021708,12.237306,3.000000,0.063335,0.256932,-0.319670,0.613291,OK
1530,15.300000,38.868588,0.021772,12.234185,3.000000,0.063331,0.258194,-0.319818,0.613509,OK
1531,15.310000,38.893049,0.021835,12.231108,3.000000,0.063328,0.259458,-0.319965,0.613727,OK
1532,15.320000,38.917567,0.021897,12.228074,3.000000,0.063324,0.260724,-0.320111,0.613946,OK
1533,15.330000,38.942140,0.021958,12.225084,3.000000,0.063321,0.261992,-0.320258,0.614166,OK
1534,15.340000,38.966767,0.022019,12.222138,3.000000,0.063317,0.263262,-0.320404,0.614386,OK
1535,15.350000,38.991446,0.022078,12.219237,3.000000,0.063314,0.264533,-0.320550,0.614607,OK
1536,15.360000,39.016175,0.022138,12.216382,3.000000,0.063311,0.265806,-0.320697,0.614828,OK
1537,15.370000,39.040952,0.022196,12.213572,3.000000,0.063307,0.267080,-0.320843,0.615050,OK
1538,15.380000,39.065776,0.022253,12.210807,3.000000,0.063304,0.268356,-0.320988,0.615273,OK
1539,15.390000,39.090644,0.022310,12.208088,3.000000,0.063300,0.269633,-0.321134,0.615496,OK
1540,15.400000,39.115555,0.022364,12.205414,3.000000,0.063297,0.270912,-0.321278,0.615719,OK
1541,15.410000,39.140508,0.022416,12.202800,3.000000,0.063293,0.272193,-0.321421,0.615944,OK
1542,15.420000,39.165499,0.022465,12.200246,3.000000,0.063290,0.273477,-0.321563,0.616168,OK
1543,15.430000,39.190528,0.022510,12.197754,3.000000,0.063287,0.274763,-0.321702,0.616393,OK
1544,15.440000,39.215593,0.022551,12.195324,3.000000,0.063284,0.276052,-0.321840,0.616619,OK
1545,15.450000,39.240691,0.022590,12.192955,3.000000,0.063280,0.277342,-0.321976,0.616845,OK
1546,15.460000,39.265822,0.022626,12.190647,3.000000,0.063277,0.278635,-0.322111,0.617071,OK
1547,15.470000,39.290983,0.022659,12.188398,3.000000,0.063274,0.279929,-0.322244,0.617298,OK
1548,15.480000,39.316172,0.022689,12.186207,3.000000,0.063271,0.281225,-0.322376,0.617524,OK
1549,15.490000,39.341387,0.022717,12.184073,3.000000,0.063268,0.282522,-0.322506,0.617752,OK
1550,15.500000,39.366628,0.022742,12.181995,3.000000,0.063265,0.283820,-0.322635,0.617979,OK
1551,15.510000,39.391892,0.022766,12.179972,3.000000,0.063262,0.285119,-0.322763,0.618207,OK
1552,15.520000,39.417177,0.022787,12.178002,3.000000,0.063259,0.286419,-0.322889,0.618435,OK
1553,15.530000,39.442481,0.022806,12.176084,3.000000,0.063256,0.287720,-0.323015,0.618663,OK
1554,15.540000,39.467803,0.022824,12.174217,3.000000,0.063253,0.289021,-0.323140,0.618891,OK
1555,15.550000,39.493142,0.022838,12.172387,3.000000,0.063250,0.290323,-0.323262,0.619119,OK
1556,15.560000,39.518494,0.022849,12.170591,3.000000,0.063247,0.291627,-0.323383,0.619348,OK
1557,15.570000,39.543860,0.022857,12.168828,3.000000,0.063244,0.292931,-0.323503,0.619576,OK
1558,15.580000,39.569236,0.022863,12.167101,3.000000,0.063241,0.294236,-0.323620,0.619805,OK
1559,15.590000,39.594621,0.022866,12.165408,3.000000,0.063239,0.295541,-0.323737,0.620034,OK
1560,15.600000,39.620014,0.022868,12.163749,3.000000,0.063236,0.296846,-0.323852,0.620262,OK
1561,15.610000,39.645412,0.022868,12.162124,3.000000,0.063233,0.298151,-0.323966,0.620491,OK
1562,15.620000,39.670814,0.022867,12.160534,3.000000,0.063231,0.299455,-0.324080,0.620720,OK
1563,15.630000,39.696219,0.022866,12.158979,3.000000,0.063228,0.300759,-0.324194,0.620948,OK
1564,15.640000,39.721624,0.022863,12.157460,3.000000,0.063225,0.302061,-0.324306,0.621177,OK
1565,15.650000,39.747028,0.022861,12.155978,3.000000,0.063223,0.303362,-0.324419,0.621406,OK
1566,15.660000,39.772428,0.022858,12.154533,3.000000,0.063220,0.304661,-0.324532,0.621634,OK
1567,15.670000,39.797825,0.022855,12.153126,3.000000,0.063217,0.305958,-0.324644,0.621863,OK
1568,15.680000,39.823215,0.022852,12.151758,3.000000,0.063215,0.307254,-0.324757,0.622091,OK
1569,15.690000,39.848597,0.022849,12.150429,3.000000,0.063212,0.308548,-0.324869,0.622320,OK
1570,15.700000,39.873970,0.022846,12.149141,3.000000,0.063209,0.309840,-0.324982,0.622548,OK
1571,15.710000,39.899331,0.022843,12.147894,3.000000,0.063207,0.311130,-0.325094,0.622777,OK
1572,15.720000,39.924680,0.022839,12.146688,3.000000,0.063204,0.312418,-0.325206,0.623005,OK
1573,15.730000,39.950014,0.022836,12.145524,3.000000,0.063201,0.313703,-0.325318,0.623233,OK
1574,15.740000,39.975332,0.022832,12.144402,3.000000,0.063199,0.314987,-0.325430,0.623462,OK
1575,15.750000,40.000632,0.022827,12.143324,3.000000,0.063196,0.316268,-0.325541,0.623690,OK
1576,15.760000,40.021121,0.022916,12.139633,3.000000,0.063192,0.317227,-0.325709,0.623919,OK
1577,15.770000,40.037906,0.023903,12.100222,3.000000,0.063175,0.317438,-0.326421,0.624158,OK
1578,15.780000,40.056302,0.025008,12.118251,3.000000,0.063157,0.317660,-0.327209,0.624408,OK
1579,15.790000,40.076061,0.025907,12.144910,3.000000,0.063141,0.318075,-0.327878,0.624667,OK
1580,15.800000,40.096154,0.026521,12.171301,3.000000,0.063129,0.318676,-0.328379,0.624932,OK
1581,15.810000,40.115873,0.026815,12.195201,3.000000,0.063122,0.319445,-0.328689,0.625201,OK
1582,15.820000,40.134891,0.026802,12.215374,3.000000,0.063119,0.320360,-0.328815,0.625469,OK
1583,15.830000,40.153132,0.026549,12.231377,3.000000,0.063119,0.321376,-0.328796,0.625734,OK
1584,15.840000,40.170638,0.026169,12.243425,3.000000,0.063121,0.322430,-0.328699,0.625996,OK
1585,15.850000,40.187496,0.025789,12.252255,3.000000,0.063124,0.323450,-0.328600,0.626254,OK
1586,15.860000,40.203794,0.025514,12.258980,3.000000,0.063125,0.324377,-0.328563,0.626509,OK
1587,15.870000,40.219606,0.025392,12.264888,3.000000,0.063123,0.325185,-0.328617,0.626763,OK
1588,15.880000,40.234988,0.025406,12.271220,3.000000,0.063120,0.325888,-0.328752,0.627017,OK
1589,15.890000,40.249982,0.025475,12.279000,3.000000,0.063116,0.326536,-0.328921,0.627272,OK
1590,15.900000,40.264620,0.025483,12.288932,3.000000,0.063113,0.327200,-0.329053,0.627526,OK
1591,15.910000,40.278929,0.025313,12.301366,3.000000,0.063113,0.327954,-0.329077,0.627780,OK
1592,15.920000,40.292934,0.024891,12.316279,3.000000,0.063116,0.328844,-0.328949,0.628028,OK
1593,15.930000,40.306657,0.024209,12.333331,3.000000,0.063122,0.329878,-0.328661,0.628271,OK
1594,15.940000,40.320119,0.023323,12.351920,3.000000,0.063132,0.331024,-0.328245,0.628504,OK
1595,15.950000,40.333336,0.022336,12.371246,3.000000,0.063144,0.332222,-0.327765,0.628727,OK
1596,15.960000,40.346321,0.021369,12.390393,3.000000,0.063155,0.333399,-0.327292,0.628941,OK
1597,15.970000,40.359082,0.020523,12.408422,3.000000,0.063164,0.334496,-0.326887,0.629146,OK
1598,15.980000,40.371624,0.019850,12.424496,3.000000,0.063171,0.335480,-0.326582,0.629345,OK
1599,15.990000,40.383947,0.019343,12.437998,3.000000,0.063176,0.336355,-0.326375,0.629538,OK
1600,16.000000,40.396050,0.018945,12.448655,3.000000,0.063180,0.337154,-0.326231,0.629727,OK
1601,16.010000,40.407932,0.018571,12.456607,3.000000,0.063183,0.337928,-0.326099,0.629913,OK
1602,16.020000,40.419590,0.018139,12.462422,3.000000,0.063187,0.338727,-0.325931,0.630095,OK
1603,16.030000,40.431021,0.017597,12.467014,3.000000,0.063192,0.339582,-0.325694,0.630270,OK
1604,16.040000,40.442224,0.016940,12.471488,3.000000,0.063200,0.340496,-0.325384,0.630440,OK
1605,16.050000,40.453199,0.016210,12.476929,3.000000,0.063208,0.341446,-0.325027,0.630602,OK
1606,16.060000,40.463945,0.015475,12.484180,3.000000,0.063217,0.342390,-0.324664,0.630757,OK
1607,16.070000,40.474466,0.014813,12.493662,3.000000,0.063224,0.343281,-0.324340,0.630905,OK
1608,16.080000,40.484767,0.014276,12.505286,3.000000,0.063230,0.344087,-0.324089,0.631048,OK
1609,16.090000,40.494856,0.013882,12.518473,3.000000,0.063234,0.344798,-0.323922,0.631186,OK
1610,16.100000,40.504744,0.013605,12.532286,3.000000,0.063237,0.345428,-0.323824,0.631322,OK
1611,16.110000,40.514441,0.013388,12.545640,3.000000,0.063238,0.346014,-0.323761,0.631456,OK
1612,16.120000,40.523956,0.013163,12.557547,3.000000,0.063240,0.346595,-0.323692,0.631588,OK
1613,16.130000,40.533298,0.012873,12.567319,3.000000,0.063242,0.347207,-0.323582,0.631717,OK
1614,16.140000,40.542471,0.012493,12.574703,3.000000,0.063246,0.347866,-0.323417,0.631842,OK
1615,16.150000,40.551476,0.012034,12.579907,3.000000,0.063251,0.348565,-0.323202,0.631962,OK
1616,16.160000,40.560310,0.011541,12.583526,3.000000,0.063257,0.349279,-0.322963,0.632077,OK
1617,16.170000,40.568969,0.011073,12.586382,3.000000,0.063262,0.349969,-0.322738,0.632188,OK
1618,16.180000,40.577449,0.010683,12.589356,3.000000,0.063267,0.350605,-0.322557,0.632295,OK
1619,16.190000,40.585747,0.010401,12.593164,3.000000,0.063269,0.351168,-0.322440,0.632399,OK
1620,16.200000,40.593861,0.010225,12.598253,3.000000,0.063271,0.351658,-0.322386,0.632501,OK
1621,16.210000,40.601794,0.010120,12.604746,3.000000,0.063271,0.352096,-0.322373,0.632602,OK
1622,16.220000,40.609550,0.010028,12.612467,3.000000,0.063271,0.352517,-0.322368,0.632703,OK
1623,16.230000,40.617137,0.009892,12.621027,3.000000,0.063272,0.352955,-0.322336,0.632802,OK
1624,16.240000,40.624561,0.009670,12.629935,3.000000,0.063274,0.353439,-0.322251,0.632898,OK
1625,16.250000,40.631832,0.009347,12.638705,3.000000,0.063277,0.353975,-0.322104,0.632992,OK
1626,16.260000,40.638954,0.008944,12.646946,3.000000,0.063282,0.354554,-0.321907,0.633081,OK
1627,16.270000,40.645932,0.008504,12.654399,3.000000,0.063287,0.355149,-0.321686,0.633166,OK
1628,16.280000,40.652767,0.008084,12.660952,3.000000,0.063292,0.355727,-0.321474,0.633247,OK
1629,16.290000,40.659460,0.007728,12.666619,3.000000,0.063296,0.356259,-0.321299,0.633324,OK
1630,16.300000,40.666011,0.007463,12.671503,3.000000,0.063299,0.356732,-0.321177,0.633399,OK
1631,16.310000,40.672418,0.007285,12.675777,3.000000,0.063301,0.357145,-0.321107,0.633472,OK
1632,16.320000,40.678683,0.007162,12.679652,3.000000,0.063302,0.357518,-0.321069,0.633544,OK
1633,16.330000,40.684805,0.007052,12.683367,3.000000,0.063303,0.357876,-0.321038,0.633614,OK
1634,16.340000,40.690786,0.006907,12.687169,3.000000,0.063304,0.358248,-0.320986,0.633683,OK
1635,16.350000,40.696627,0.006697,12.691298,3.000000,0.063306,0.358653,-0.320893,0.633750,OK
1636,16.360000,40.702330,0.006415,12.695955,3.000000,0.063309,0.359094,-0.320756,0.633814,OK
1637,16.370000,40.707897,0.006078,12.701265,3.000000,0.063313,0.359564,-0.320584,0.633875,OK
1638,16.380000,40.713330,0.005719,12.707245,3.000000,0.063318,0.360040,-0.320397,0.633932,OK
1639,16.390000,40.718631,0.005378,12.713783,3.000000,0.063322,0.360501,-0.320220,0.633986,OK
1640,16.400000,40.723804,0.005087,12.720639,3.000000,0.063325,0.360926,-0.320071,0.634037,OK
1641,16.410000,40.728852,0.004859,12.727488,3.000000,0.063328,0.361308,-0.319958,0.634085,OK
1642,16.420000,40.733777,0.004687,12.733969,3.000000,0.063330,0.361651,-0.319878,0.634132,OK
1643,16.430000,40.738583,0.004545,12.739772,3.000000,0.063331,0.361969,-0.319816,0.634178,OK
1644,16.440000,40.743275,0.004403,12.744698,3.000000,0.063333,0.362283,-0.319753,0.634222,OK
1645,16.450000,40.747854,0.004229,12.748715,3.000000,0.063335,0.362610,-0.319670,0.634264,OK
1646,16.460000,40.752322,0.004009,12.751965,3.000000,0.063337,0.362960,-0.319557,0.634304,OK
1647,16.470000,40.756680,0.003743,12.754739,3.000000,0.063341,0.363333,-0.319417,0.634342,OK
1648,16.480000,40.760926,0.003451,12.757406,3.000000,0.063345,0.363718,-0.319259,0.634376,OK
1649,16.490000,40.765060,0.003160,12.760336,3.000000,0.063348,0.364097,-0.319100,0.634408,OK
1650,16.500000,40.769081,0.002898,12.763814,3.000000,0.063352,0.364454,-0.318957,0.634437,OK
1651,16.510000,40.772990,0.002684,12.767982,3.000000,0.063354,0.364777,-0.318842,0.634464,OK
1652,16.520000,40.776787,0.002521,12.772811,3.000000,0.063356,0.365064,-0.318757,0.634489,OK
1653,16.530000,40.780476,0.002397,12.778123,3.000000,0.063358,0.365323,-0.318694,0.634513,OK
1654,16.540000,40.784059,0.002285,12.783640,3.000000,0.063359,0.365570,-0.318639,0.634536,OK
1655,16.550000,40.787542,0.002159,12.789052,3.000000,0.063361,0.365820,-0.318574,0.634557,OK
1656,16.560000,40.790928,0.001998,12.794090,3.000000,0.063363,0.366087,-0.318487,0.634577,OK
1657,16.570000,40.794219,0.001793,12.798581,3.000000,0.063365,0.366376,-0.318374,0.634595,OK
1658,16.580000,40.797419,0.001552,12.802472,3.000000,0.063369,0.366683,-0.318237,0.634611,OK
1659,16.590000,40.800527,0.001295,12.805827,3.000000,0.063372,0.366996,-0.318088,0.634624,OK
1660,16.600000,40.803545,0.001046,12.808792,3.000000,0.063376,0.367301,-0.317944,0.634634,OK
1661,16.610000,40.806471,0.000828,12.811555,3.000000,0.063379,0.367583,-0.317818,0.634642,OK
1662,16.620000,40.809306,0.000655,12.814297,3.000000,0.063381,0.367834,-0.317718,0.634649,OK
1663,16.630000,40.812049,0.000527,12.817158,3.000000,0.063383,0.368054,-0.317643,0.634654,OK
1664,16.640000,40.814701,0.000428,12.820222,3.000000,0.063384,0.368252,-0.317586,0.634658,OK
1665,16.650000,40.817263,0.000338,12.823510,3.000000,0.063385,0.368441,-0.317533,0.634662,OK
1666,16.660000,40.819738,0.000233,12.827001,3.000000,0.063387,0.368634,-0.317472,0.634664,OK
1667,16.670000,40.822127,0.000099,12.830644,3.000000,0.063389,0.368841,-0.317392,0.634665,OK
1668,16.680000,40.824432,-0.000071,12.834379,3.000000,0.063391,0.369066,-0.317290,0.634664,OK
1669,16.690000,40.826656,-0.000269,12.838145,3.000000,0.063394,0.369304,-0.317170,0.634662,OK
1670,16.700000,40.828799,-0.000478,12.841882,3.000000,0.063397,0.369546,-0.317042,0.634657,OK
1671,16.710000,40.830863,-0.000679,12.845533,3.000000,0.063400,0.369779,-0.316918,0.634650,OK
1672,16.720000,40.832848,-0.000854,12.849042,3.000000,0.063402,0.369995,-0.316808,0.634642,OK
1673,16.730000,40.834756,-0.000997,12.852353,3.000000,0.063405,0.370186,-0.316718,0.634632,OK
1674,16.740000,40.836588,-0.001107,12.855424,3.000000,0.063406,0.370355,-0.316646,0.634620,OK
1675,16.750000,40.838345,-0.001197,12.858231,3.000000,0.063408,0.370509,-0.316586,0.634609,OK
1676,16.760000,40.840029,-0.001284,12.860786,3.000000,0.063409,0.370657,-0.316527,0.634596,OK
1677,16.770000,40.841640,-0.001383,12.863143,3.000000,0.063411,0.370809,-0.316461,0.634582,OK
1678,16.780000,40.843180,-0.001504,12.865387,3.000000,0.063413,0.370970,-0.316381,0.634567,OK
1679,16.790000,40.844649,-0.001648,12.867634,3.000000,0.063415,0.371143,-0.316287,0.634550,OK
1680,16.800000,40.846047,-0.001808,12.869996,3.000000,0.063417,0.371322,-0.316182,0.634532,OK
1681,16.810000,40.847375,-0.001970,12.872561,3.000000,0.063420,0.371500,-0.316074,0.634513,OK
1682,16.820000,40.848632,-0.002122,12.875368,3.000000,0.063422,0.371668,-0.315973,0.634491,OK
1683,16.830000,40.849820,-0.002252,12.878395,3.000000,0.063424,0.371820,-0.315883,0.634469,OK
1684,16.840000,40.850940,-0.002356,12.881566,3.000000,0.063426,0.371954,-0.315809,0.634445,OK
1685,16.850000,40.851992,-0.002440,12.884760,3.000000,0.063428,0.372073,-0.315747,0.634421,OK
1686,16.860000,40.852980,-0.002513,12.887846,3.000000,0.063429,0.372182,-0.315690,0.634396,OK
1687,16.870000,40.853904,-0.002590,12.890710,3.000000,0.063430,0.372290,-0.315631,0.634370,OK
1688,16.880000,40.854768,-0.002680,12.893284,3.000000,0.063432,0.372403,-0.315563,0.634343,OK
1689,16.890000,40.855570,-0.002790,12.895557,3.000000,0.063434,0.372526,-0.315484,0.634315,OK
1690,16.900000,40.856314,-0.002917,12.897579,3.000000,0.063436,0.372656,-0.315392,0.634286,OK
1691,16.910000,40.856998,-0.003054,12.899446,3.000000,0.063438,0.372790,-0.315295,0.634255,OK
1692,16.920000,40.857622,-0.003189,12.901269,3.000000,0.063440,0.372919,-0.315199,0.634224,OK
1693,16.930000,40.858187,-0.003310,12.903155,3.000000,0.063443,0.373039,-0.315109,0.634190,OK
1694,16.940000,40.858693,-0.003410,12.905178,3.000000,0.063444,0.373143,-0.315032,0.634156,OK
1695,16.950000,40.859139,-0.003490,12.907366,3.000000,0.063446,0.373232,-0.314967,0.634121,OK
1696,16.960000,40.859527,-0.003554,12.909703,3.000000,0.063447,0.373308,-0.314911,0.634086,OK
1697,16.970000,40.859858,-0.003612,12.912136,3.000000,0.063449,0.373379,-0.314858,0.634050,OK
1698,16.980000,40.860133,-0.003675,12.914594,3.000000,0.063450,0.373450,-0.314801,0.634013,OK
1699,16.990000,40.860354,-0.003752,12.917007,3.000000,0.063451,0.373527,-0.314736,0.633976,OK
1700,17.000000,40.860522,-0.003846,12.919322,3.000000,0.063453,0.373611,-0.314661,0.633937,OK
1701,17.010000,40.860637,-0.003952,12.921511,3.000000,0.063455,0.373701,-0.314577,0.633898,OK
1702,17.020000,40.860701,-0.004065,12.923571,3.000000,0.063457,0.373792,-0.314489,0.633857,OK
1703,17.030000,40.860713,-0.004174,12.925517,3.000000,0.063459,0.373879,-0.314403,0.633815,OK
1704,17.040000,40.860675,-0.004271,12.927376,3.000000,0.063461,0.373957,-0.314323,0.633772,OK
1705,17.050000,40.860586,-0.004351,12.929173,3.000000,0.063463,0.374022,-0.314254,0.633729,OK
1706,17.060000,40.860447,-0.004415,12.930931,3.000000,0.063464,0.374074,-0.314194,0.633685,OK
1707,17.070000,40.860259,-0.004467,12.932670,3.000000,0.063466,0.374118,-0.314140,0.633640,OK
1708,17.080000,40.860022,-0.004517,12.934391,3.000000,0.063467,0.374158,-0.314087,0.633595,OK
1709,17.090000,40.859737,-0.004571,12.936115,3.000000,0.063468,0.374198,-0.314032,0.633549,OK
1710,17.100000,40.859404,-0.004636,12.937841,3.000000,0.063470,0.374243,-0.313970,0.633503,OK
1711,17.110000,40.859025,-0.004713,12.939593,3.000000,0.063471,0.374292,-0.313900,0.633456,OK
1712,17.120000,40.858600,-0.004798,12.941373,3.000000,0.063473,0.374345,-0.313825,0.633408,OK
1713,17.130000,40.858129,-0.004886,12.943197,3.000000,0.063475,0.374397,-0.313748,0.633359,OK
1714,17.140000,40.857612,-0.004970,12.945050,3.000000,0.063477,0.374445,-0.313673,0.633309,OK
1715,17.150000,40.857051,-0.005043,12.946924,3.000000,0.063478,0.374484,-0.313604,0.633259,OK
1716,17.160000,40.856445,-0.005103,12.948776,3.000000,0.063480,0.374513,-0.313542,0.633208,OK
1717,17.170000,40.855795,-0.005151,12.950579,3.000000,0.063481,0.374534,-0.313487,0.633156,OK
1718,17.180000,40.855103,-0.005193,12.952295,3.000000,0.063482,0.374548,-0.313436,0.633104,OK
1719,17.190000,40.854369,-0.005234,12.953897,3.000000,0.063483,0.374560,-0.313385,0.633052,OK
1720,17.200000,40.853594,-0.005281,12.955385,3.000000,0.063485,0.374573,-0.313331,0.632999,OK
1721,17.210000,40.852778,-0.005336,12.956775,3.000000,0.063486,0.374590,-0.313271,0.632946,OK
1722,17.220000,40.851923,-0.005401,12.958104,3.000000,0.063488,0.374610,-0.313205,0.632892,OK
1723,17.230000,40.851027,-0.005470,12.959415,3.000000,0.063489,0.374632,-0.313136,0.632837,OK
1724,17.240000,40.850091,-0.005540,12.960757,3.000000,0.063491,0.374651,-0.313067,0.632782,OK
1725,17.250000,40.849116,-0.005604,12.962162,3.000000,0.063492,0.374666,-0.313000,0.632726,OK
1726,17.260000,40.848102,-0.005659,12.963643,3.000000,0.063494,0.374674,-0.312939,0.632669,OK
1727,17.270000,40.847048,-0.005704,12.965187,3.000000,0.063495,0.374673,-0.312884,0.632612,OK
1728,17.280000,40.845957,-0.005740,12.966768,3.000000,0.063496,0.374666,-0.312833,0.632555,OK
1729,17.290000,40.844828,-0.005772,12.968340,3.000000,0.063498,0.374654,-0.312785,0.632497,OK
1730,17.300000,40.843663,-0.005805,12.969866,3.000000,0.063499,0.374641,-0.312737,0.632439,OK
1731,17.310000,40.842462,-0.005843,12.971311,3.000000,0.063500,0.374629,-0.312685,0.632380,OK
1732,17.320000,40.841227,-0.005888,12.972662,3.000000,0.063501,0.374620,-0.312628,0.632322,OK
1733,17.330000,40.839957,-0.005938,12.973921,3.000000,0.063503,0.374612,-0.312568,0.632262,OK
1734,17.340000,40.838654,-0.005992,12.975112,3.000000,0.063504,0.374605,-0.312506,0.632202,OK
1735,17.350000,40.837316,-0.006045,12.976259,3.000000,0.063506,0.374596,-0.312444,0.632142,OK
1736,17.360000,40.835946,-0.006092,12.977393,3.000000,0.063507,0.374582,-0.312385,0.632081,OK
1737,17.370000,40.834542,-0.006131,12.978536,3.000000,0.063508,0.374562,-0.312331,0.632020,OK
1738,17.380000,40.833105,-0.006162,12.979697,3.000000,0.063509,0.374535,-0.312282,0.631958,OK
1739,17.390000,40.831635,-0.006187,12.980883,3.000000,0.063510,0.374502,-0.312236,0.631896,OK
1740,17.400000,40.830134,-0.006209,12.982079,3.000000,0.063512,0.374467,-0.312191,0.631834,OK
1741,17.410000,40.828601,-0.006234,12.983282,3.000000,0.063513,0.374431,-0.312146,0.631772,OK
1742,17.420000,40.827037,-0.006263,12.984472,3.000000,0.063514,0.374397,-0.312097,0.631709,OK
1743,17.430000,40.825443,-0.006299,12.985647,3.000000,0.063515,0.374366,-0.312044,0.631646,OK
1744,17.440000,40.823820,-0.006339,12.986797,3.000000,0.063516,0.374335,-0.311988,0.631583,OK
1745,17.450000,40.822167,-0.006381,12.987928,3.000000,0.063518,0.374304,-0.311931,0.631519,OK
1746,17.460000,40.820484,-0.006421,12.989034,3.000000,0.063519,0.374271,-0.311875,0.631455,OK
1747,17.470000,40.818773,-0.006456,12.990123,3.000000,0.063520,0.374233,-0.311822,0.631390,OK
1748,17.480000,40.817034,-0.006484,12.991185,3.000000,0.063521,0.374190,-0.311772,0.631325,OK
1749,17.490000,40.815266,-0.006506,12.992225,3.000000,0.063523,0.374142,-0.311726,0.631260,OK
1750,17.500000,40.813470,-0.006524,12.993229,3.000000,0.063524,0.374090,-0.311683,0.631195,OK
1751,17.510000,40.811648,-0.006541,12.994204,3.000000,0.063525,0.374036,-0.311640,0.631129,OK
1752,17.520000,40.809798,-0.006560,12.995142,3.000000,0.063526,0.373982,-0.311596,0.631064,OK
1753,17.530000,40.807922,-0.006582,12.996060,3.000000,0.063527,0.373928,-0.311550,0.630998,OK
1754,17.540000,40.806020,-0.006608,12.996959,3.000000,0.063528,0.373875,-0.311501,0.630932,OK
1755,17.550000,40.804093,-0.006636,12.997864,3.000000,0.063529,0.373823,-0.311451,0.630866,OK
1756,17.560000,40.802139,-0.006665,12.998775,3.000000,0.063530,0.373770,-0.311401,0.630799,OK
1757,17.570000,40.800161,-0.006691,12.999710,3.000000,0.063531,0.373714,-0.311351,0.630732,OK
1758,17.580000,40.798157,-0.006713,13.000656,3.000000,0.063532,0.373654,-0.311305,0.630665,OK
1759,17.590000,40.796128,-0.006730,13.001616,3.000000,0.063534,0.373590,-0.311261,0.630598,OK
1760,17.600000,40.794075,-0.006742,13.002569,3.000000,0.063535,0.373522,-0.311220,0.630530,OK
1761,17.610000,40.791998,-0.006752,13.003501,3.000000,0.063535,0.373451,-0.311180,0.630463,OK
1762,17.620000,40.789897,-0.006763,13.004397,3.000000,0.063536,0.373379,-0.311140,0.630395,OK
1763,17.630000,40.787774,-0.006776,13.005250,3.000000,0.063537,0.373308,-0.311098,0.630327,OK
1764,17.640000,40.785627,-0.006792,13.006057,3.000000,0.063538,0.373237,-0.311054,0.630259,OK
1765,17.650000,40.783458,-0.006812,13.006828,3.000000,0.063539,0.373168,-0.311009,0.630191,OK
1766,17.660000,40.781267,-0.006833,13.007576,3.000000,0.063541,0.373098,-0.310961,0.630123,OK
1767,17.670000,40.779054,-0.006855,13.008316,3.000000,0.063542,0.373028,-0.310914,0.630054,OK
1768,17.680000,40.776819,-0.006874,13.009063,3.000000,0.063543,0.372954,-0.310869,0.629986,OK
1769,17.690000,40.774562,-0.006889,13.009824,3.000000,0.063544,0.372878,-0.310825,0.629917,OK
1770,17.700000,40.772284,-0.006899,13.010599,3.000000,0.063545,0.372797,-0.310784,0.629848,OK
1771,17.710000,40.769984,-0.006907,13.011385,3.000000,0.063546,0.372714,-0.310745,0.629779,OK
1772,17.720000,40.767663,-0.006913,13.012171,3.000000,0.063547,0.372628,-0.310707,0.629710,OK
1773,17.730000,40.765322,-0.006920,13.012945,3.000000,0.063548,0.372542,-0.310668,0.629640,OK
1774,17.740000,40.762961,-0.006928,13.013699,3.000000,0.063548,0.372456,-0.310629,0.629571,OK
1775,17.750000,40.760580,-0.006939,13.014426,3.000000,0.063549,0.372371,-0.310587,0.629502,OK
1776,17.760000,40.758179,-0.006952,13.015127,3.000000,0.063550,0.372285,-0.310545,0.629432,OK
1777,17.770000,40.755759,-0.006966,13.015805,3.000000,0.063551,0.372199,-0.310502,0.629363,OK
1778,17.780000,40.753320,-0.006979,13.016466,3.000000,0.063552,0.372112,-0.310459,0.629293,OK
1779,17.790000,40.750862,-0.006990,13.017116,3.000000,0.063553,0.372022,-0.310418,0.629223,OK
1780,17.800000,40.748384,-0.006997,13.017759,3.000000,0.063554,0.371930,-0.310378,0.629153,OK
1781,17.810000,40.745889,-0.007001,13.018397,3.000000,0.063555,0.371834,-0.310341,0.629083,OK
1782,17.820000,40.743374,-0.007002,13.019029,3.000000,0.063556,0.371736,-0.310305,0.629013,OK
1783,17.830000,40.740842,-0.007003,13.019655,3.000000,0.063557,0.371636,-0.310270,0.628943,OK
1784,17.840000,40.738292,-0.007004,13.020272,3.000000,0.063558,0.371536,-0.310234,0.628873,OK
1785,17.850000,40.735724,-0.007007,13.020879,3.000000,0.063559,0.371436,-0.310197,0.628803,OK
1786,17.860000,40.733139,-0.007012,13.021478,3.000000,0.063560,0.371336,-0.310159,0.628733,OK
1787,17.870000,40.730537,-0.007018,13.022070,3.000000,0.063560,0.371236,-0.310120,0.628662,OK
1788,17.880000,40.727918,-0.007025,13.022658,3.000000,0.063561,0.371135,-0.310081,0.628592,OK
1789,17.890000,40.725281,-0.007031,13.023243,3.000000,0.063562,0.371033,-0.310042,0.628522,OK
1790,17.900000,40.722629,-0.007034,13.023826,3.000000,0.063563,0.370929,-0.310005,0.628452,OK
1791,17.910000,40.719959,-0.007035,13.024404,3.000000,0.063564,0.370822,-0.309969,0.628381,OK
1792,17.920000,40.717274,-0.007034,13.024973,3.000000,0.063565,0.370713,-0.309935,0.628311,OK
1793,17.930000,40.714572,-0.007030,13.025528,3.000000,0.063566,0.370602,-0.309902,0.628241,OK
1794,17.940000,40.711855,-0.007027,13.026066,3.000000,0.063566,0.370490,-0.309869,0.628170,OK
1795,17.950000,40.709122,-0.007024,13.026586,3.000000,0.063567,0.370378,-0.309836,0.628100,OK
1796,17.960000,40.706374,-0.007023,13.027088,3.000000,0.063568,0.370265,-0.309801,0.628030,OK
1797,17.970000,40.703611,-0.007023,13.027577,3.000000,0.063569,0.370153,-0.309766,0.627960,OK
1798,17.980000,40.700832,-0.007024,13.028059,3.000000,0.063570,0.370040,-0.309730,0.627889,OK
1799,17.990000,40.698039,-0.007025,13.028541,3.000000,0.063571,0.369927,-0.309694,0.627819,OK
1800,18.000000,40.695231,-0.007025,13.029026,3.000000,0.063571,0.369812,-0.309659,0.627749,OK
1801,18.010000,40.692409,-0.007023,13.029516,3.000000,0.063572,0.369695,-0.309625,0.627679,OK
1802,18.020000,40.689571,-0.007019,13.030010,3.000000,0.063573,0.369576,-0.309593,0.627608,OK
1803,18.030000,40.686720,-0.007014,13.030504,3.000000,0.063574,0.369455,-0.309561,0.627538,OK
1804,18.040000,40.683855,-0.007007,13.030991,3.000000,0.063574,0.369333,-0.309530,0.627468,OK
1805,18.050000,40.680975,-0.007000,13.031468,3.000000,0.063575,0.369210,-0.309499,0.627398,OK
1806,18.060000,40.678082,-0.006994,13.031929,3.000000,0.063576,0.369087,-0.309468,0.627328,OK
1807,18.070000,40.675176,-0.006989,13.032373,3.000000,0.063577,0.368964,-0.309436,0.627258,OK
1808,18.080000,40.672257,-0.006986,13.032802,3.000000,0.063577,0.368840,-0.309403,0.627188,OK
1809,18.090000,40.669324,-0.006983,13.033220,3.000000,0.063578,0.368716,-0.309370,0.627119,OK
1810,18.100000,40.666378,-0.006979,13.033631,3.000000,0.063579,0.368592,-0.309337,0.627049,OK
1811,18.110000,40.663419,-0.006974,13.034039,3.000000,0.063580,0.368466,-0.309305,0.626979,OK
1812,18.120000,40.660448,-0.006968,13.034448,3.000000,0.063580,0.368338,-0.309274,0.626909,OK
1813,18.130000,40.657463,-0.006961,13.034857,3.000000,0.063581,0.368208,-0.309244,0.626840,OK
1814,18.140000,40.654467,-0.006951,13.035266,3.000000,0.063582,0.368077,-0.309214,0.626770,OK
1815,18.150000,40.651458,-0.006942,13.035674,3.000000,0.063583,0.367945,-0.309185,0.626701,OK
1816,18.160000,40.648436,-0.006931,13.036075,3.000000,0.063583,0.367812,-0.309157,0.626632,OK
1817,18.170000,40.645403,-0.006922,13.036470,3.000000,0.063584,0.367678,-0.309128,0.626562,OK
1818,18.180000,40.642358,-0.006913,13.036857,3.000000,0.063585,0.367544,-0.309099,0.626493,OK
1819,18.190000,40.639301,-0.006904,13.037236,3.000000,0.063585,0.367410,-0.309069,0.626424,OK
1820,18.200000,40.636233,-0.006896,13.037609,3.000000,0.063586,0.367275,-0.309040,0.626355,OK
1821,18.210000,40.633153,-0.006888,13.037976,3.000000,0.063587,0.367140,-0.309010,0.626286,OK
1822,18.220000,40.630061,-0.006878,13.038340,3.000000,0.063587,0.367003,-0.308982,0.626218,OK
1823,18.230000,40.626959,-0.006868,13.038701,3.000000,0.063588,0.366864,-0.308954,0.626149,OK
1824,18.240000,40.623845,-0.006856,13.039057,3.000000,0.063589,0.366725,-0.308927,0.626080,OK
1825,18.250000,40.620720,-0.006843,13.039408,3.000000,0.063589,0.366584,-0.308900,0.626012,OK
1826,18.260000,40.617585,-0.006831,13.039753,3.000000,0.063590,0.366442,-0.308873,0.625944,OK
1827,18.270000,40.614438,-0.006818,13.040092,3.000000,0.063591,0.366300,-0.308847,0.625875,OK
1828,18.280000,40.611281,-0.006807,13.040423,3.000000,0.063591,0.366158,-0.308820,0.625807,OK
1829,18.290000,40.608114,-0.006796,13.040749,3.000000,0.063592,0.366016,-0.308792,0.625739,OK
1830,18.300000,40.604936,-0.006786,13.041071,3.000000,0.063593,0.365874,-0.308764,0.625672,OK
1831,18.310000,40.601749,-0.006776,13.041391,3.000000,0.063593,0.365731,-0.308736,0.625604,OK
1832,18.320000,40.598551,-0.006766,13.041710,3.000000,0.063594,0.365587,-0.308708,0.625536,OK
1833,18.330000,40.595342,-0.006755,13.042029,3.000000,0.063594,0.365442,-0.308681,0.625469,OK
1834,18.340000,40.592124,-0.006743,13.042347,3.000000,0.063595,0.365296,-0.308655,0.625401,OK
1835,18.350000,40.588896,-0.006730,13.042662,3.000000,0.063596,0.365148,-0.308629,0.625334,OK
1836,18.360000,40.585659,-0.006717,13.042971,3.000000,0.063596,0.365000,-0.308603,0.625267,OK
1837,18.370000,40.582411,-0.006703,13.043274,3.000000,0.063597,0.364851,-0.308578,0.625200,OK
1838,18.380000,40.579155,-0.006690,13.043568,3.000000,0.063598,0.364702,-0.308552,0.625133,OK
1839,18.390000,40.575889,-0.006677,13.043854,3.000000,0.063598,0.364552,-0.308527,0.625066,OK
1840,18.400000,40.572614,-0.006665,13.044132,3.000000,0.063599,0.364402,-0.308501,0.624999,OK
1841,18.410000,40.569329,-0.006653,13.044406,3.000000,0.063599,0.364252,-0.308474,0.624933,OK
1842,18.420000,40.566036,-0.006641,13.044676,3.000000,0.063600,0.364101,-0.308448,0.624866,OK
1843,18.430000,40.562733,-0.006629,13.044946,3.000000,0.063601,0.363949,-0.308423,0.624800,OK
1844,18.440000,40.559422,-0.006616,13.045215,3.000000,0.063601,0.363797,-0.308398,0.624734,OK
1845,18.450000,40.556102,-0.006602,13.045485,3.000000,0.063602,0.363643,-0.308373,0.624668,OK
1846,18.460000,40.552773,-0.006587,13.045754,3.000000,0.063602,0.363488,-0.308349,0.624602,OK
1847,18.470000,40.549436,-0.006572,13.046020,3.000000,0.063603,0.363332,-0.308325,0.624536,OK
1848,18.480000,40.546090,-0.006557,13.046281,3.000000,0.063603,0.363176,-0.308301,0.624471,OK
1849,18.490000,40.542736,-0.006542,13.046537,3.000000,0.063604,0.363020,-0.308278,0.624405,OK
1850,18.500000,40.539373,-0.006527,13.046787,3.000000,0.063605,0.362863,-0.308254,0.624340,OK
1851,18.510000,40.536002,-0.006513,13.047030,3.000000,0.063605,0.362706,-0.308229,0.624275,OK
1852,18.520000,40.532624,-0.006499,13.047269,3.000000,0.063606,0.362548,-0.308205,0.624210,OK
1853,18.530000,40.529237,-0.006485,13.047504,3.000000,0.063606,0.362390,-0.308181,0.624145,OK
1854,18.540000,40.525842,-0.006471,13.047737,3.000000,0.063607,0.362231,-0.308158,0.624080,OK
1855,18.550000,40.522439,-0.006455,13.047969,3.000000,0.063607,0.362071,-0.308135,0.624016,OK
1856,18.560000,40.519029,-0.006440,13.048198,3.000000,0.063608,0.361910,-0.308112,0.623951,OK
1857,18.570000,40.515611,-0.006423,13.048426,3.000000,0.063608,0.361748,-0.308090,0.623887,OK
1858,18.580000,40.512185,-0.006407,13.048651,3.000000,0.063609,0.361586,-0.308068,0.623823,OK
1859,18.590000,40.508751,-0.006390,13.048873,3.000000,0.063610,0.361423,-0.308046,0.623759,OK
1860,18.600000,40.505311,-0.006374,13.049091,3.000000,0.063610,0.361260,-0.308023,0.623695,OK
1861,18.610000,40.501863,-0.006358,13.049305,3.000000,0.063611,0.361096,-0.308001,0.623632,OK
1862,18.620000,40.498407,-0.006342,13.049516,3.000000,0.063611,0.360932,-0.307979,0.623568,OK
1863,18.630000,40.494945,-0.006327,13.049724,3.000000,0.063612,0.360768,-0.307957,0.623505,OK
1864,18.640000,40.491475,-0.006311,13.049931,3.000000,0.063612,0.360603,-0.307934,0.623442,OK
1865,18.650000,40.487998,-0.006295,13.050135,3.000000,0.063613,0.360438,-0.307913,0.623379,OK
1866,18.660000,40.484514,-0.006278,13.050338,3.000000,0.063613,0.360271,-0.307891,0.623316,OK
1867,18.670000,40.481024,-0.006261,13.050539,3.000000,0.063614,0.360104,-0.307870,0.623254,OK
1868,18.680000,40.477526,-0.006243,13.050737,3.000000,0.063614,0.359936,-0.307850,0.623191,OK
1869,18.690000,40.474022,-0.006226,13.050932,3.000000,0.063615,0.359768,-0.307829,0.623129,OK
1870,18.700000,40.470511,-0.006208,13.051122,3.000000,0.063615,0.359599,-0.307809,0.623067,OK
1871,18.710000,40.466994,-0.006191,13.051309,3.000000,0.063616,0.359430,-0.307788,0.623005,OK
1872,18.720000,40.463469,-0.006174,13.051492,3.000000,0.063616,0.359260,-0.307767,0.622943,OK
1873,18.730000,40.459939,-0.006157,13.051673,3.000000,0.063617,0.359090,-0.307747,0.622882,OK
1874,18.740000,40.456402,-0.006140,13.051852,3.000000,0.063617,0.358920,-0.307726,0.622820,OK
1875,18.750000,40.452859,-0.006123,13.052030,3.000000,0.063618,0.358749,-0.307706,0.622759,OK
1876,18.760000,40.449309,-0.006106,13.052208,3.000000,0.063618,0.358578,-0.307686,0.622698,OK
1877,18.770000,40.445753,-0.006088,13.052385,3.000000,0.063618,0.358405,-0.307666,0.622637,OK
1878,18.780000,40.442191,-0.006070,13.052560,3.000000,0.063619,0.358233,-0.307646,0.622576,OK
1879,18.790000,40.438623,-0.006052,13.052733,3.000000,0.063619,0.358059,-0.307627,0.622516,OK
1880,18.800000,40.435049,-0.006033,13.052904,3.000000,0.063620,0.357885,-0.307608,0.622456,OK
1881,18.810000,40.431469,-0.006015,13.053071,3.000000,0.063620,0.357711,-0.307589,0.622395,OK
1882,18.820000,40.427884,-0.005997,13.053234,3.000000,0.063621,0.357536,-0.307570,0.622336,OK
1883,18.830000,40.424292,-0.005979,13.053394,3.000000,0.063621,0.357361,-0.307550,0.622276,OK
1884,18.840000,40.420694,-0.005961,13.053551,3.000000,0.063622,0.357186,-0.307531,0.622216,OK
1885,18.850000,40.417091,-0.005943,13.053706,3.000000,0.063622,0.357010,-0.307512,0.622157,OK
1886,18.860000,40.413483,-0.005925,13.053860,3.000000,0.063623,0.356834,-0.307493,0.622097,OK
1887,18.870000,40.409868,-0.005907,13.054014,3.000000,0.063623,0.356657,-0.307475,0.622038,OK
1888,18.880000,40.406248,-0.005888,13.054166,3.000000,0.063623,0.356480,-0.307457,0.621979,OK
1889,18.890000,40.402623,-0.005870,13.054318,3.000000,0.063624,0.356302,-0.307439,0.621921,OK
1890,18.900000,40.398992,-0.005851,13.054468,3.000000,0.063624,0.356123,-0.307421,0.621862,OK
1891,18.910000,40.395356,-0.005832,13.054615,3.000000,0.063625,0.355944,-0.307403,0.621804,OK
1892,18.920000,40.391715,-0.005813,13.054761,3.000000,0.063625,0.355765,-0.307385,0.621746,OK
1893,18.930000,40.388068,-0.005794,13.054903,3.000000,0.063626,0.355585,-0.307367,0.621688,OK
1894,18.940000,40.384416,-0.005776,13.055044,3.000000,0.063626,0.355405,-0.307350,0.621630,OK
1895,18.950000,40.380759,-0.005757,13.055182,3.000000,0.063626,0.355225,-0.307332,0.621573,OK
1896,18.960000,40.377097,-0.005739,13.055319,3.000000,0.063627,0.355044,-0.307314,0.621515,OK
1897,18.970000,40.373430,-0.005720,13.055454,3.000000,0.063627,0.354863,-0.307297,0.621458,OK
1898,18.980000,40.369758,-0.005701,13.055589,3.000000,0.063628,0.354681,-0.307280,0.621401,OK
1899,18.990000,40.366081,-0.005682,13.055722,3.000000,0.063628,0.354499,-0.307263,0.621344,OK
1900,19.000000,40.362399,-0.005662,13.055853,3.000000,0.063628,0.354316,-0.307246,0.621288,OK
1901,19.010000,40.358712,-0.005643,13.055983,3.000000,0.063629,0.354133,-0.307230,0.621231,OK
1902,19.020000,40.355020,-0.005624,13.056111,3.000000,0.063629,0.353949,-0.307213,0.621175,OK
1903,19.030000,40.351324,-0.005604,13.056237,3.000000,0.063630,0.353765,-0.307197,0.621119,OK
1904,19.040000,40.347623,-0.005585,13.056361,3.000000,0.063630,0.353581,-0.307180,0.621063,OK
1905,19.050000,40.343917,-0.005566,13.056483,3.000000,0.063630,0.353397,-0.307164,0.621007,OK
1906,19.060000,40.340207,-0.005547,13.056604,3.000000,0.063631,0.353212,-0.307148,0.620952,OK
1907,19.070000,40.336493,-0.005528,13.056724,3.000000,0.063631,0.353026,-0.307131,0.620897,OK
1908,19.080000,40.332773,-0.005509,13.056843,3.000000,0.063631,0.352841,-0.307116,0.620841,OK
1909,19.090000,40.329050,-0.005489,13.056962,3.000000,0.063632,0.352654,-0.307100,0.620787,OK
1910,19.100000,40.325322,-0.005470,13.057079,3.000000,0.063632,0.352468,-0.307084,0.620732,OK
1911,19.110000,40.321589,-0.005450,13.057194,3.000000,0.063633,0.352281,-0.307069,0.620677,OK
1912,19.120000,40.317852,-0.005430,13.057308,3.000000,0.063633,0.352093,-0.307053,0.620623,OK
1913,19.130000,40.314111,-0.005411,13.057420,3.000000,0.063633,0.351905,-0.307038,0.620569,OK
1914,19.140000,40.310366,-0.005391,13.057530,3.000000,0.063634,0.351717,-0.307023,0.620515,OK
1915,19.150000,40.306617,-0.005372,13.057639,3.000000,0.063634,0.351529,-0.307008,0.620461,OK
1916,19.160000,40.302863,-0.005352,13.057745,3.000000,0.063634,0.351340,-0.306993,0.620408,OK
1917,19.170000,40.299105,-0.005333,13.057851,3.000000,0.063635,0.351151,-0.306978,0.620354,OK
1918,19.180000,40.295344,-0.005313,13.057956,3.000000,0.063635,0.350961,-0.306963,0.620301,OK
1919,19.190000,40.291578,-0.005294,13.058060,3.000000,0.063635,0.350771,-0.306948,0.620248,OK
1920,19.200000,40.287808,-0.005274,13.058164,3.000000,0.063636,0.350581,-0.306933,0.620196,OK
1921,19.210000,40.284035,-0.005254,13.058267,3.000000,0.063636,0.350390,-0.306919,0.620143,OK
1922,19.220000,40.280257,-0.005234,13.058369,3.000000,0.063636,0.350199,-0.306905,0.620091,OK
1923,19.230000,40.276476,-0.005214,13.058469,3.000000,0.063637,0.350007,-0.306891,0.620039,OK
1924,19.240000,40.272690,-0.005195,13.058568,3.000000,0.063637,0.349816,-0.306877,0.619987,OK
1925,19.250000,40.268901,-0.005175,13.058665,3.000000,0.063637,0.349624,-0.306863,0.619935,OK
1926,19.260000,40.265109,-0.005155,13.058760,3.000000,0.063638,0.349431,-0.306849,0.619883,OK
1927,19.270000,40.261312,-0.005136,13.058855,3.000000,0.063638,0.349239,-0.306835,0.619832,OK
1928,19.280000,40.257512,-0.005116,13.058948,3.000000,0.063638,0.349046,-0.306821,0.619781,OK
1929,19.290000,40.253708,-0.005096,13.059040,3.000000,0.063639,0.348852,-0.306807,0.619730,OK
1930,19.300000,40.249901,-0.005076,13.059132,3.000000,0.063639,0.348658,-0.306794,0.619679,OK
1931,19.310000,40.246090,-0.005057,13.059223,3.000000,0.063639,0.348464,-0.306780,0.619629,OK
1932,19.320000,40.242276,-0.005036,13.059314,3.000000,0.063640,0.348270,-0.306767,0.619578,OK
1933,19.330000,40.238458,-0.005016,13.059404,3.000000,0.063640,0.348074,-0.306755,0.619528,OK
1934,19.340000,40.234636,-0.004995,13.059493,3.000000,0.063640,0.347879,-0.306742,0.619478,OK
1935,19.350000,40.230812,-0.004973,13.059581,3.000000,0.063641,0.347682,-0.306730,0.619428,OK
1936,19.360000,40.226983,-0.004952,13.059668,3.000000,0.063641,0.347486,-0.306718,0.619379,OK
1937,19.370000,40.223152,-0.004931,13.059754,3.000000,0.063641,0.347289,-0.306706,0.619330,OK
1938,19.380000,40.219317,-0.004910,13.059840,3.000000,0.063641,0.347092,-0.306694,0.619280,OK
1939,19.390000,40.215479,-0.004889,13.059924,3.000000,0.063642,0.346894,-0.306682,0.619232,OK
1940,19.400000,40.211638,-0.004868,13.060009,3.000000,0.063642,0.346697,-0.306671,0.619183,OK
1941,19.410000,40.207793,-0.004847,13.060093,3.000000,0.063642,0.346499,-0.306659,0.619134,OK
1942,19.420000,40.203945,-0.004826,13.060176,3.000000,0.063643,0.346300,-0.306647,0.619086,OK
1943,19.430000,40.200095,-0.004806,13.060259,3.000000,0.063643,0.346102,-0.306636,0.619038,OK
1944,19.440000,40.196241,-0.004785,13.060341,3.000000,0.063643,0.345903,-0.306624,0.618990,OK
1945,19.450000,40.192383,-0.004765,13.060421,3.000000,0.063643,0.345704,-0.306613,0.618943,OK
1946,19.460000,40.188523,-0.004744,13.060501,3.000000,0.063644,0.345505,-0.306601,0.618895,OK
1947,19.470000,40.184660,-0.004724,13.060580,3.000000,0.063644,0.345306,-0.306589,0.618848,OK
1948,19.480000,40.180794,-0.004705,13.060658,3.000000,0.063644,0.345106,-0.306578,0.618801,OK
1949,19.490000,40.176925,-0.004685,13.060735,3.000000,0.063644,0.344907,-0.306566,0.618754,OK
1950,19.500000,40.173053,-0.004665,13.060812,3.000000,0.063645,0.344707,-0.306555,0.618707,OK
1951,19.510000,40.169178,-0.004646,13.060888,3.000000,0.063645,0.344507,-0.306543,0.618661,OK
1952,19.520000,40.165300,-0.004626,13.060963,3.000000,0.063645,0.344306,-0.306532,0.618615,OK
1953,19.530000,40.161419,-0.004606,13.061038,3.000000,0.063646,0.344105,-0.306521,0.618569,OK
1954,19.540000,40.157536,-0.004587,13.061112,3.000000,0.063646,0.343904,-0.306509,0.618523,OK
1955,19.550000,40.153649,-0.004567,13.061185,3.000000,0.063646,0.343703,-0.306498,0.618477,OK
1956,19.560000,40.149760,-0.004548,13.061257,3.000000,0.063646,0.343501,-0.306487,0.618432,OK
1957,19.570000,40.145869,-0.004528,13.061328,3.000000,0.063647,0.343299,-0.306476,0.618386,OK
1958,19.580000,40.141974,-0.004509,13.061397,3.000000,0.063647,0.343097,-0.306465,0.618341,OK
1959,19.590000,40.138077,-0.004489,13.061466,3.000000,0.063647,0.342895,-0.306455,0.618296,OK
1960,19.600000,40.134177,-0.004470,13.061534,3.000000,0.063647,0.342692,-0.306444,0.618252,OK
1961,19.610000,40.130274,-0.004450,13.061601,3.000000,0.063648,0.342489,-0.306433,0.618207,OK
1962,19.620000,40.126369,-0.004431,13.061668,3.000000,0.063648,0.342286,-0.306423,0.618163,OK
1963,19.630000,40.122461,-0.004411,13.061734,3.000000,0.063648,0.342083,-0.306412,0.618119,OK
1964,19.640000,40.118551,-0.004392,13.061800,3.000000,0.063648,0.341879,-0.306402,0.618075,OK
1965,19.650000,40.114638,-0.004372,13.061865,3.000000,0.063649,0.341675,-0.306392,0.618031,OK
1966,19.660000,40.110723,-0.004353,13.061929,3.000000,0.063649,0.341470,-0.306382,0.617988,OK
1967,19.670000,40.106805,-0.004333,13.061992,3.000000,0.063649,0.341266,-0.306372,0.617944,OK
1968,19.680000,40.102885,-0.004314,13.062054,3.000000,0.063649,0.341061,-0.306362,0.617901,OK
1969,19.690000,40.098962,-0.004294,13.062115,3.000000,0.063650,0.340856,-0.306352,0.617858,OK
1970,19.700000,40.095037,-0.004275,13.062176,3.000000,0.063650,0.340650,-0.306343,0.617815,OK
1971,19.710000,40.091110,-0.004256,13.062236,3.000000,0.063650,0.340445,-0.306333,0.617773,OK
1972,19.720000,40.087180,-0.004236,13.062295,3.000000,0.063650,0.340239,-0.306324,0.617730,OK
1973,19.730000,40.083248,-0.004217,13.062354,3.000000,0.063650,0.340033,-0.306314,0.617688,OK
1974,19.740000,40.079314,-0.004197,13.062413,3.000000,0.063651,0.339826,-0.306305,0.617646,OK
1975,19.750000,40.075377,-0.004178,13.062471,3.000000,0.063651,0.339620,-0.306296,0.617605,OK
1976,19.760000,40.071438,-0.004158,13.062529,3.000000,0.063651,0.339413,-0.306287,0.617563,OK
1977,19.770000,40.067497,-0.004139,13.062586,3.000000,0.063651,0.339205,-0.306278,0.617522,OK
1978,19.780000,40.063553,-0.004119,13.062642,3.000000,0.063651,0.338998,-0.306269,0.617480,OK
1979,19.790000,40.059608,-0.004100,13.062698,3.000000,0.063652,0.338790,-0.306260,0.617439,OK
1980,19.800000,40.055660,-0.004081,13.062753,3.000000,0.063652,0.338582,-0.306251,0.617399,OK
1981,19.810000,40.051710,-0.004061,13.062807,3.000000,0.063652,0.338374,-0.306242,0.617358,OK
1982,19.820000,40.047758,-0.004042,13.062861,3.000000,0.063652,0.338166,-0.306234,0.617318,OK
1983,19.830000,40.043803,-0.004023,13.062915,3.000000,0.063653,0.337957,-0.306225,0.617277,OK
1984,19.840000,40.039847,-0.004003,13.062968,3.000000,0.063653,0.337749,-0.306217,0.617237,OK
1985,19.850000,40.035889,-0.003984,13.063021,3.000000,0.063653,0.337539,-0.306208,0.617197,OK
1986,19.860000,40.031928,-0.003965,13.063074,3.000000,0.063653,0.337330,-0.306200,0.617158,OK
1987,19.870000,40.027966,-0.003946,13.063125,3.000000,0.063653,0.337121,-0.306192,0.617118,OK
1988,19.880000,40.024001,-0.003926,13.063177,3.000000,0.063654,0.336911,-0.306184,0.617079,OK
1989,19.890000,40.020035,-0.003907,13.063228,3.000000,0.063654,0.336701,-0.306176,0.617040,OK
1990,19.900000,40.016066,-0.003888,13.063278,3.000000,0.063654,0.336491,-0.306168,0.617001,OK
1991,19.910000,40.012096,-0.003869,13.063328,3.000000,0.063654,0.336280,-0.306160,0.616962,OK
1992,19.920000,40.008124,-0.003850,13.063377,3.000000,0.063654,0.336069,-0.306152,0.616924,OK
1993,19.930000,40.004150,-0.003831,13.063426,3.000000,0.063654,0.335859,-0.306144,0.616886,OK
1994,19.940000,40.000173,-0.003812,13.063475,3.000000,0.063655,0.335647,-0.306137,0.616847,OK
1995,19.950000,39.996196,-0.003793,13.063523,3.000000,0.063655,0.335436,-0.306129,0.616810,OK
1996,19.960000,39.992216,-0.003774,13.063571,3.000000,0.063655,0.335225,-0.306121,0.616772,OK
1997,19.970000,39.988234,-0.003755,13.063619,3.000000,0.063655,0.335013,-0.306114,0.616734,OK
1998,19.980000,39.984251,-0.003736,13.063666,3.000000,0.063655,0.334801,-0.306107,0.616697,OK
1999,19.990000,39.980265,-0.003717,13.063713,3.000000,0.063655,0.334589,-0.306100,0.616660,OK
2000,20.000000,39.976278,-0.003698,13.063759,3.000000,0.063656,0.334376,-0.306092,0.616623,OK
