step_id,sim_time_s,Vx_kmh,beta_deg,w_degps,delta1_deg,delta2_deg,delta3_deg,fb_deg,beta_int_deg,status
0,0.000000,40.000000,0.000000,0.000000,0.000000,0.000000,0.000000,-0.000000,0.000000,OK
1,0.010000,39.998894,0.000000,-0.000000,0.000000,-0.000000,-0.000000,-0.000000,0.000000,OK
2,0.020000,39.996642,-0.000000,0.000000,0.000000,0.000000,0.000000,0.000000,-0.000000,OK
3,0.030000,39.993906,-0.000000,0.000000,0.000000,0.000000,0.000000,0.000000,-0.000000,OK
4,0.040000,39.990961,0.000000,-0.000000,0.000000,-0.000000,-0.000000,-0.000000,0.000000,OK
5,0.050000,39.988002,0.000000,-0.000000,0.000000,-0.000000,-0.000000,-0.000000,0.000000,OK
6,0.060000,39.985091,0.000000,-0.000000,0.000000,-0.000000,-0.000000,-0.000000,0.000000,OK
7,0.070000,39.982228,0.000000,0.000000,0.000000,-0.000000,-0.000000,-0.000000,0.000000,OK
8,0.080000,39.979392,0.000000,-0.000000,0.000000,-0.000000,-0.000000,-0.000000,0.000000,OK
9,0.090000,39.976559,0.000000,0.000000,0.000000,-0.000000,-0.000000,-0.000000,0.000000,OK
10,0.100000,39.973707,0.000000,0.000000,0.000000,-0.000000,-0.000000,-0.000000,0.000000,OK
11,0.110000,39.970820,0.000000,0.000000,0.000000,-0.000000,-0.000000,-0.000000,0.000000,OK
12,0.120000,39.967889,0.000000,0.000000,0.000000,-0.000000,-0.000000,-0.000000,0.000000,OK
13,0.130000,39.964913,0.000000,0.000000,0.000000,-0.000000,-0.000000,-0.000000,0.000000,OK
14,0.140000,39.961896,0.000000,-0.000000,0.000000,-0.000000,-0.000000,-0.000000,0.000000,OK
15,0.150000,39.958848,0.000000,0.000000,0.000000,-0.000000,-0.000000,-0.000000,0.000000,OK
16,0.160000,39.955779,-0.000000,-0.000000,0.000000,0.000000,0.000000,0.000000,0.000000,OK
17,0.170000,39.952704,-0.000000,0.000000,0.000000,0.000000,0.000000,0.000000,0.000000,OK
18,0.180000,39.949639,-0.000000,-0.000000,0.000000,0.000000,0.000000,0.000000,0.000000,OK
19,0.190000,39.946599,-0.000000,-0.000000,0.000000,0.000000,0.000000,0.000000,0.000000,OK
20,0.200000,39.943595,-0.000000,-0.000000,0.000000,0.000000,0.000000,0.000000,0.000000,OK
21,0.210000,39.940633,-0.000000,-0.000000,0.000000,0.000000,0.000000,0.000000,0.000000,OK
22,0.220000,39.937713,-0.000000,-0.000000,0.000000,0.000000,0.000000,0.000000,0.000000,OK
23,0.230000,39.934828,-0.000000,0.000000,0.000000,-0.000000,-0.000000,-0.000000,0.000000,OK
24,0.240000,39.931962,0.000000,-0.000000,0.000000,-0.000000,-0.000000,-0.000000,0.000000,OK
25,0.250000,39.929096,0.000000,0.000000,0.000000,-0.000000,-0.000000,-0.000000,0.000000,OK
26,0.260000,39.926212,-0.000000,-0.000000,0.000000,0.000000,0.000000,0.000000,0.000000,OK
27,0.270000,39.923293,-0.000000,0.000000,0.000000,0.000000,0.000000,0.000000,0.000000,OK
28,0.280000,39.920330,-0.000000,-0.000000,0.000000,0.000000,0.000000,0.000000,0.000000,OK
29,0.290000,39.917322,-0.000000,0.000000,0.000000,0.000000,0.000000,0.000000,0.000000,OK
30,0.300000,39.914277,-0.000000,0.000000,0.000000,0.000000,0.000000,0.000000,0.000000,OK
31,0.310000,39.911213,-0.000000,0.000000,0.000000,0.000000,0.000000,0.000000,0.000000,OK
32,0.320000,39.908149,-0.000000,-0.000000,0.000000,0.000000,0.000000,0.000000,0.000000,OK
33,0.330000,39.905105,-0.000000,-0.000000,0.000000,0.000000,0.000000,0.000000,0.000000,OK
34,0.340000,39.902094,-0.000000,0.000000,0.000000,0.000000,0.000000,0.000000,0.000000,OK
35,0.350000,39.899124,-0.000000,-0.000000,0.000000,-0.000000,-0.000000,-0.000000,0.000000,OK
36,0.360000,39.896190,0.000000,0.000000,0.000000,-0.000000,-0.000000,-0.000000,0.000000,OK
37,0.370000,39.893284,-0.000000,-0.000000,0.000000,0.000000,0.000000,0.000000,0.000000,OK
38,0.380000,39.890391,0.000000,-0.000000,0.000000,-0.000000,-0.000000,-0.000000,0.000000,OK
39,0.390000,39.887495,-0.000000,-0.000000,0.000000,0.000000,0.000000,0.000000,0.000000,OK
40,0.400000,39.884582,-0.000000,0.000000,0.000000,0.000000,0.000000,0.000000,0.000000,OK
41,0.410000,39.881643,-0.000000,-0.000000,0.000000,0.000000,0.000000,0.000000,0.000000,OK
42,0.420000,39.878677,-0.000000,-0.000000,0.000000,0.000000,0.000000,0.000000,0.000000,OK
43,0.430000,39.875686,-0.000000,0.000000,0.000000,0.000000,0.000000,0.000000,0.000000,OK
44,0.440000,39.872678,-0.000000,0.000000,0.000000,0.000000,0.000000,0.000000,0.000000,OK
45,0.450000,39.869663,0.000000,0.000000,0.000000,-0.000000,-0.000000,-0.000000,0.000000,OK
46,0.460000,39.866648,0.000000,-0.000000,0.000000,-0.000000,-0.000000,-0.000000,0.000000,OK
47,0.470000,39.863643,0.000000,-0.000000,0.000000,-0.000000,-0.000000,-0.000000,0.000000,OK
48,0.480000,39.860651,0.000000,0.000000,0.000000,-0.000000,-0.000000,-0.000000,0.000000,OK
49,0.490000,39.857673,0.000000,-0.000000,0.000000,-0.000000,-0.000000,-0.000000,0.000000,OK
50,0.500000,39.854709,0.000000,-0.000000,0.000000,-0.000000,-0.000000,-0.000000,0.000000,OK
51,0.510000,39.851756,0.000000,-0.000000,0.000000,-0.000000,-0.000000,-0.000000,0.000000,OK
52,0.520000,39.848812,0.000000,-0.000000,0.000000,-0.000000,-0.000000,-0.000000,0.000000,OK
53,0.530000,39.845872,0.000000,0.000000,0.000000,-0.000000,-0.000000,-0.000000,0.000000,OK
54,0.540000,39.842934,0.000000,0.000000,0.000000,-0.000000,-0.000000,-0.000000,0.000000,OK
55,0.550000,39.839993,0.000000,0.000000,0.000000,-0.000000,-0.000000,-0.000000,0.000000,OK
56,0.560000,39.837047,0.000000,-0.000000,0.000000,-0.000000,-0.000000,-0.000000,0.000000,OK
57,0.570000,39.834091,0.000000,0.000000,0.000000,-0.000000,-0.000000,-0.000000,0.000000,OK
58,0.580000,39.831124,0.000000,0.000000,0.000000,-0.000000,-0.000000,-0.000000,0.000000,OK
59,0.590000,39.828145,-0.000000,0.000000,0.000000,-0.000000,-0.000000,-0.000000,0.000000,OK
60,0.600000,39.825154,-0.000000,-0.000000,0.000000,0.000000,0.000000,0.000000,0.000000,OK
61,0.610000,39.822157,-0.000000,0.000000,0.000000,0.000000,0.000000,0.000000,0.000000,OK
62,0.620000,39.819156,-0.000000,0.000000,0.000000,0.000000,0.000000,0.000000,0.000000,OK
63,0.630000,39.816160,-0.000000,0.000000,0.000000,0.000000,0.000000,0.000000,0.000000,OK
64,0.640000,39.813173,-0.000000,-0.000000,0.000000,0.000000,0.000000,0.000000,0.000000,OK
65,0.650000,39.810199,-0.000000,-0.000000,0.000000,0.000000,0.000000,0.000000,0.000000,OK
66,0.660000,39.807241,-0.000000,0.000000,0.000000,0.000000,0.000000,0.000000,0.000000,OK
67,0.670000,39.804295,-0.000000,-0.000000,0.000000,-0.000000,-0.000000,-0.000000,0.000000,OK
68,0.680000,39.801358,-0.000000,-0.000000,0.000000,0.000000,0.000000,0.000000,0.000000,OK
69,0.690000,39.798422,-0.000000,-0.000000,0.000000,0.000000,0.000000,0.000000,0.000000,OK
70,0.700000,39.795482,-0.000000,-0.000000,0.000000,0.000000,0.000000,0.000000,0.000000,OK
71,0.710000,39.792531,-0.000000,0.000000,0.000000,0.000000,0.000000,0.000000,0.000000,OK
72,0.720000,39.789567,-0.000000,0.000000,0.000000,0.000000,0.000000,0.000000,0.000000,OK
73,0.730000,39.786589,-0.000000,-0.000000,0.000000,0.000000,0.000000,0.000000,0.000000,OK
74,0.740000,39.783601,-0.000000,-0.000000,0.000000,0.000000,0.000000,0.000000,0.000000,OK
75,0.750000,39.780608,-0.000000,0.000000,0.000000,0.000000,0.000000,0.000000,0.000000,OK
76,0.760000,39.777615,0.000000,0.000000,0.000000,-0.000000,-0.000000,-0.000000,0.000000,OK
77,0.770000,39.774627,0.000000,0.000000,0.000000,-0.000000,-0.000000,-0.000000,0.000000,OK
78,0.780000,39.771649,0.000000,-0.000000,0.000000,-0.000000,-0.000000,-0.000000,0.000000,OK
79,0.790000,39.768681,0.000000,-0.000000,0.000000,-0.000000,-0.000000,-0.000000,0.000000,OK
80,0.800000,39.765722,0.000000,0.000000,0.000000,-0.000000,-0.000000,-0.000000,0.000000,OK
81,0.810000,39.762769,0.000000,-0.000000,0.000000,-0.000000,-0.000000,-0.000000,0.000000,OK
82,0.820000,39.759818,0.000000,-0.000000,0.000000,-0.000000,-0.000000,-0.000000,0.000000,OK
83,0.830000,39.756866,0.000000,-0.000000,0.000000,-0.000000,-0.000000,-0.000000,0.000000,OK
84,0.840000,39.753910,0.000000,-0.000000,0.000000,-0.000000,-0.000000,-0.000000,0.000000,OK
85,0.850000,39.750950,0.000000,-0.000000,0.000000,-0.000000,-0.000000,-0.000000,0.000000,OK
86,0.860000,39.747984,0.000000,0.000000,0.000000,-0.000000,-0.000000,-0.000000,0.000000,OK
87,0.870000,39.745014,-0.000000,0.000000,0.000000,0.000000,0.000000,0.000000,0.000000,OK
88,0.880000,39.742041,-0.000000,0.000000,0.000000,0.000000,0.000000,0.000000,0.000000,OK
89,0.890000,39.739067,-0.000000,-0.000000,0.000000,0.000000,0.000000,0.000000,0.000000,OK
90,0.900000,39.736091,-0.000000,0.000000,0.000000,0.000000,0.000000,0.000000,0.000000,OK
91,0.910000,39.733116,-0.000000,-0.000000,0.000000,0.000000,0.000000,0.000000,0.000000,OK
92,0.920000,39.730141,-0.000000,-0.000000,0.000000,0.000000,0.000000,0.000000,0.000000,OK
93,0.930000,39.727168,-0.000000,0.000000,0.000000,0.000000,0.000000,0.000000,0.000000,OK
94,0.940000,39.724198,-0.000000,-0.000000,0.000000,0.000000,0.000000,0.000000,0.000000,OK
95,0.950000,39.721229,0.000000,-0.000000,0.000000,-0.000000,-0.000000,-0.000000,0.000000,OK
96,0.960000,39.718264,0.000000,0.000000,0.000000,-0.000000,-0.000000,-0.000000,0.000000,OK
97,0.970000,39.715303,0.000000,0.000000,0.000000,-0.000000,-0.000000,-0.000000,0.000000,OK
98,0.980000,39.712344,0.000000,0.000000,0.000000,-0.000000,-0.000000,-0.000000,0.000000,OK
99,0.990000,39.709386,0.000000,0.000000,0.000000,-0.000000,-0.000000,-0.000000,0.000000,OK
100,1.000000,39.706428,0.000000,0.000000,3.000000,0.070888,0.625521,-0.000000,0.000000,OK
101,1.010000,39.705357,0.013452,0.089288,3.000000,0.070696,0.617323,-0.008139,0.000135,OK
102,1.020000,39.702163,0.053709,0.380616,3.000000,0.070119,0.592722,-0.032561,0.000672,OK
103,1.030000,39.697713,0.113658,0.831205,3.000000,0.069256,0.555936,-0.069099,0.001808,OK
104,1.040000,39.692507,0.184606,1.389691,3.000000,0.068228,0.512155,-0.112590,0.003654,OK
105,1.050000,39.686883,0.257830,2.002668,3.000000,0.067159,0.466617,-0.157815,0.006233,OK
106,1.060000,39.681101,0.326928,2.631080,3.000000,0.066141,0.423201,-0.200908,0.009502,OK
107,1.070000,39.675357,0.388212,3.254981,3.000000,0.065226,0.384170,-0.239619,0.013384,OK
108,1.080000,39.669778,0.439757,3.865856,3.000000,0.064444,0.350732,-0.272745,0.017782,OK
109,1.090000,39.664426,0.480794,4.460913,3.000000,0.063805,0.323408,-0.299771,0.022589,OK
110,1.100000,39.659315,0.511237,5.039408,3.000000,0.063313,0.302301,-0.320593,0.027702,OK
111,1.110000,39.654439,0.531279,5.599400,3.000000,0.062966,0.287347,-0.335275,0.033015,OK
112,1.120000,39.649768,0.541420,6.139468,3.000000,0.062758,0.278294,-0.344066,0.038429,OK
113,1.130000,39.645253,0.542538,6.659369,3.000000,0.062678,0.274659,-0.347450,0.043854,OK
114,1.140000,39.640839,0.535641,7.158797,3.000000,0.062713,0.275872,-0.345990,0.049211,OK
115,1.150000,39.636474,0.521778,7.637211,3.000000,0.062848,0.281337,-0.340281,0.054428,OK
116,1.160000,39.632121,0.502024,8.093924,3.000000,0.063069,0.290436,-0.330939,0.059449,OK
117,1.170000,39.627751,0.477459,8.528099,3.000000,0.063360,0.302544,-0.318587,0.064223,OK
118,1.180000,39.623353,0.449096,8.938296,3.000000,0.063709,0.317070,-0.303815,0.068714,OK
119,1.190000,39.618929,0.417952,9.323356,3.000000,0.064102,0.333419,-0.287218,0.072894,OK
120,1.200000,39.614483,0.385089,9.682722,3.000000,0.064522,0.350963,-0.269425,0.076745,OK
121,1.210000,39.610026,0.351489,10.016383,3.000000,0.064957,0.369116,-0.251023,0.080259,OK
122,1.220000,39.605564,0.318042,10.324330,3.000000,0.065394,0.387345,-0.232545,0.083440,OK
123,1.230000,39.601103,0.285618,10.606334,3.000000,0.065819,0.405122,-0.214519,0.086296,OK
124,1.240000,39.596640,0.254991,10.862275,3.000000,0.066224,0.421973,-0.197417,0.088846,OK
125,1.250000,39.592168,0.226837,11.092129,3.000000,0.066596,0.437481,-0.181659,0.091114,OK
126,1.260000,39.587676,0.201680,11.295993,3.000000,0.066929,0.451315,-0.167573,0.093131,OK
127,1.270000,39.583154,0.179847,11.474300,3.000000,0.067217,0.463263,-0.155373,0.094930,OK
128,1.280000,39.578590,0.161380,11.628571,3.000000,0.067460,0.473280,-0.145100,0.096543,OK
129,1.290000,39.573979,0.146130,11.760294,3.000000,0.067659,0.481442,-0.136680,0.098005,OK
130,1.300000,39.569320,0.133913,11.870492,3.000000,0.067816,0.487841,-0.130020,0.099344,OK
131,1.310000,39.564617,0.124450,11.960592,3.000000,0.067936,0.492633,-0.124964,0.100588,OK
132,1.320000,39.559877,0.117395,12.032282,3.000000,0.068022,0.496013,-0.121318,0.101762,OK
133,1.330000,39.555109,0.112388,12.087547,3.000000,0.068079,0.498188,-0.118876,0.102886,OK
134,1.340000,39.550323,0.109092,12.128575,3.000000,0.068113,0.499352,-0.117444,0.103977,OK
135,1.350000,39.545526,0.107222,12.157663,3.000000,0.068127,0.499669,-0.116858,0.105049,OK
136,1.360000,39.540724,0.106548,12.177079,3.000000,0.068124,0.499271,-0.116986,0.106115,OK
137,1.370000,39.535917,0.106873,12.189116,3.000000,0.068107,0.498272,-0.117716,0.107184,OK
138,1.380000,39.531107,0.108050,12.195530,3.000000,0.068077,0.496756,-0.118962,0.108264,OK
139,1.390000,39.526293,0.109959,12.197809,3.000000,0.068037,0.494790,-0.120657,0.109364,OK
140,1.400000,39.521477,0.112479,12.197131,3.000000,0.067988,0.492446,-0.122732,0.110488,OK
141,1.410000,39.516661,0.115466,12.194476,3.000000,0.067932,0.489806,-0.125101,0.111643,OK
142,1.420000,39.511846,0.118756,12.190619,3.000000,0.067872,0.486968,-0.127669,0.112831,OK
143,1.430000,39.507035,0.122193,12.186039,3.000000,0.067809,0.484024,-0.130342,0.114053,OK
144,1.440000,39.502230,0.125625,12.181130,3.000000,0.067745,0.481067,-0.133030,0.115309,OK
145,1.450000,39.497433,0.128918,12.176193,3.000000,0.067683,0.478177,-0.135650,0.116598,OK
146,1.460000,39.492643,0.131959,12.171472,3.000000,0.067624,0.475423,-0.138134,0.117918,OK
147,1.470000,39.487861,0.134664,12.167147,3.000000,0.067570,0.472858,-0.140431,0.119264,OK
148,1.480000,39.483086,0.136982,12.163334,3.000000,0.067521,0.470514,-0.142506,0.120634,OK
149,1.490000,39.478317,0.138878,12.160145,3.000000,0.067478,0.468414,-0.144338,0.122023,OK
150,1.500000,39.473555,0.140337,12.157622,3.000000,0.067441,0.466569,-0.145915,0.123426,OK
151,1.510000,39.468799,0.141374,12.155705,3.000000,0.067409,0.464972,-0.147244,0.124840,OK
152,1.520000,39.464050,0.142021,12.154328,3.000000,0.067383,0.463606,-0.148343,0.126260,OK
153,1.530000,39.459308,0.142327,12.153436,3.000000,0.067362,0.462444,-0.149238,0.127683,OK
154,1.540000,39.454574,0.142355,12.153023,3.000000,0.067345,0.461449,-0.149967,0.129107,OK
155,1.550000,39.449846,0.142175,12.153150,3.000000,0.067331,0.460580,-0.150569,0.130529,OK
156,1.560000,39.445122,0.141860,12.153909,3.000000,0.067318,0.459794,-0.151090,0.131947,OK
157,1.570000,39.440401,0.141481,12.155383,3.000000,0.067307,0.459048,-0.151570,0.133362,OK
158,1.580000,39.435679,0.141095,12.157639,3.000000,0.067296,0.458308,-0.152044,0.134773,OK
159,1.590000,39.430956,0.140736,12.160685,3.000000,0.067284,0.457554,-0.152532,0.136180,OK
160,1.600000,39.426229,0.140413,12.164449,3.000000,0.067272,0.456779,-0.153040,0.137585,OK
161,1.610000,39.421499,0.140109,12.168775,3.000000,0.067260,0.455994,-0.153558,0.138986,OK
162,1.620000,39.416766,0.139789,12.173443,3.000000,0.067248,0.455220,-0.154065,0.140384,OK
163,1.630000,39.412032,0.139411,12.178203,3.000000,0.067237,0.454483,-0.154535,0.141778,OK
164,1.640000,39.407299,0.138936,12.182817,3.000000,0.067227,0.453806,-0.154945,0.143167,OK
165,1.650000,39.402567,0.138341,12.187097,3.000000,0.067219,0.453205,-0.155280,0.144550,OK
166,1.660000,39.397838,0.137624,12.190941,3.000000,0.067213,0.452680,-0.155538,0.145927,OK
167,1.670000,39.393112,0.136808,12.194333,3.000000,0.067209,0.452219,-0.155732,0.147295,OK
168,1.680000,39.388389,0.135933,12.197336,3.000000,0.067205,0.451797,-0.155887,0.148654,OK
169,1.690000,39.383667,0.135052,12.200070,3.000000,0.067201,0.451384,-0.156033,0.150005,OK
170,1.700000,39.378946,0.134215,12.202674,3.000000,0.067197,0.450949,-0.156202,0.151347,OK
171,1.710000,39.374223,0.133463,12.205281,3.000000,0.067192,0.450466,-0.156418,0.152681,OK
172,1.720000,39.369499,0.132820,12.207990,3.000000,0.067186,0.449920,-0.156697,0.154010,OK
173,1.730000,39.364773,0.132292,12.210855,3.000000,0.067178,0.449309,-0.157041,0.155333,OK
174,1.740000,39.360044,0.131865,12.213891,3.000000,0.067168,0.448638,-0.157444,0.156651,OK
175,1.750000,39.355314,0.131513,12.217074,3.000000,0.067158,0.447924,-0.157891,0.157966,OK
176,1.760000,39.350583,0.131207,12.220360,3.000000,0.067146,0.447184,-0.158363,0.159278,OK
177,1.770000,39.345851,0.130917,12.223690,3.000000,0.067135,0.446436,-0.158844,0.160588,OK
178,1.780000,39.341119,0.130620,12.227003,3.000000,0.067124,0.445693,-0.159319,0.161894,OK
179,1.790000,39.336386,0.130302,12.230240,3.000000,0.067113,0.444965,-0.159780,0.163197,OK
180,1.800000,39.331653,0.129956,12.233343,3.000000,0.067103,0.444255,-0.160222,0.164496,OK
181,1.810000,39.326920,0.129582,12.236259,3.000000,0.067093,0.443564,-0.160645,0.165792,OK
182,1.820000,39.322187,0.129184,12.238947,3.000000,0.067083,0.442889,-0.161052,0.167084,OK
183,1.830000,39.317455,0.128765,12.241387,3.000000,0.067074,0.442228,-0.161445,0.168372,OK
184,1.840000,39.312725,0.128332,12.243580,3.000000,0.067065,0.441578,-0.161827,0.169655,OK
185,1.850000,39.307997,0.127890,12.245568,3.000000,0.067056,0.440936,-0.162201,0.170934,OK
186,1.860000,39.303270,0.127446,12.247421,3.000000,0.067047,0.440298,-0.162572,0.172208,OK
187,1.870000,39.298545,0.127011,12.249240,3.000000,0.067038,0.439656,-0.162946,0.173478,OK
188,1.880000,39.293821,0.126594,12.251138,3.000000,0.067029,0.439005,-0.163329,0.174744,OK
189,1.890000,39.289096,0.126207,12.253220,3.000000,0.067020,0.438339,-0.163727,0.176006,OK
190,1.900000,39.284371,0.125857,12.255562,3.000000,0.067010,0.437652,-0.164147,0.177265,OK
191,1.910000,39.279644,0.125545,12.258189,3.000000,0.066999,0.436943,-0.164587,0.178520,OK
192,1.920000,39.274914,0.125268,12.261076,3.000000,0.066988,0.436215,-0.165047,0.179773,OK
193,1.930000,39.270182,0.125011,12.264141,3.000000,0.066977,0.435475,-0.165518,0.181023,OK
194,1.940000,39.265449,0.124759,12.267268,3.000000,0.066966,0.434734,-0.165991,0.182271,OK
195,1.950000,39.260716,0.124492,12.270330,3.000000,0.066955,0.434003,-0.166453,0.183516,OK
196,1.960000,39.255984,0.124192,12.273215,3.000000,0.066945,0.433293,-0.166894,0.184758,OK
197,1.970000,39.251253,0.123849,12.275847,3.000000,0.066935,0.432611,-0.167308,0.185996,OK
198,1.980000,39.246524,0.123461,12.278205,3.000000,0.066926,0.431958,-0.167692,0.187231,OK
199,1.990000,39.241798,0.123036,12.280321,3.000000,0.066917,0.431330,-0.168052,0.188461,OK
200,2.000000,39.237074,0.122589,12.282270,3.000000,0.066909,0.430716,-0.168397,0.189687,OK
201,2.010000,39.232351,0.122139,12.284156,3.000000,0.066901,0.430107,-0.168738,0.190908,OK
202,2.020000,39.227628,0.121704,12.286082,3.000000,0.066893,0.429491,-0.169085,0.192125,OK
203,2.030000,39.222904,0.121299,12.288137,3.000000,0.066884,0.428859,-0.169449,0.193338,OK
204,2.040000,39.218180,0.120929,12.290372,3.000000,0.066875,0.428208,-0.169831,0.194548,OK
205,2.050000,39.213454,0.120592,12.292803,3.000000,0.066866,0.427539,-0.170232,0.195754,OK
206,2.060000,39.208727,0.120279,12.295407,3.000000,0.066856,0.426856,-0.170646,0.196956,OK
207,2.070000,39.203999,0.119980,12.298134,3.000000,0.066846,0.426166,-0.171066,0.198156,OK
208,2.080000,39.199271,0.119681,12.300922,3.000000,0.066836,0.425478,-0.171485,0.199353,OK
209,2.090000,39.194543,0.119373,12.303705,3.000000,0.066827,0.424797,-0.171897,0.200547,OK
210,2.100000,39.189815,0.119049,12.306429,3.000000,0.066817,0.424127,-0.172298,0.201737,OK
211,2.110000,39.185088,0.118707,12.309053,3.000000,0.066808,0.423469,-0.172687,0.202924,OK
212,2.120000,39.180361,0.118352,12.311556,3.000000,0.066799,0.422822,-0.173065,0.204108,OK
213,2.130000,39.175635,0.117987,12.313929,3.000000,0.066790,0.422181,-0.173436,0.205288,OK
214,2.140000,39.170910,0.117618,12.316183,3.000000,0.066782,0.421546,-0.173803,0.206464,OK
215,2.150000,39.166185,0.117248,12.318336,3.000000,0.066773,0.420912,-0.174167,0.207636,OK
216,2.160000,39.161460,0.116880,12.320418,3.000000,0.066764,0.420279,-0.174531,0.208805,OK
217,2.170000,39.156737,0.116515,12.322464,3.000000,0.066756,0.419647,-0.174894,0.209970,OK
218,2.180000,39.152014,0.116151,12.324517,3.000000,0.066747,0.419015,-0.175257,0.211132,OK
219,2.190000,39.147291,0.115791,12.326616,3.000000,0.066739,0.418382,-0.175620,0.212290,OK
220,2.200000,39.142568,0.115436,12.328799,3.000000,0.066730,0.417749,-0.175984,0.213444,OK
221,2.210000,39.137845,0.115089,12.331091,3.000000,0.066721,0.417112,-0.176351,0.214595,OK
222,2.220000,39.133122,0.114753,12.333498,3.000000,0.066713,0.416470,-0.176723,0.215743,OK
223,2.230000,39.128398,0.114428,12.336007,3.000000,0.066704,0.415823,-0.177100,0.216887,OK
224,2.240000,39.123673,0.114115,12.338583,3.000000,0.066695,0.415171,-0.177483,0.218028,OK
225,2.250000,39.118947,0.113809,12.341180,3.000000,0.066686,0.414516,-0.177869,0.219166,OK
226,2.260000,39.114221,0.113506,12.343739,3.000000,0.066676,0.413860,-0.178254,0.220301,OK
227,2.270000,39.109495,0.113199,12.346209,3.000000,0.066667,0.413208,-0.178636,0.221433,OK
228,2.280000,39.104770,0.112883,12.348555,3.000000,0.066659,0.412564,-0.179011,0.222562,OK
229,2.290000,39.100047,0.112553,12.350763,3.000000,0.066650,0.411929,-0.179376,0.223688,OK
230,2.300000,39.095324,0.112209,12.352846,3.000000,0.066642,0.411304,-0.179730,0.224810,OK
231,2.310000,39.090603,0.111854,12.354839,3.000000,0.066633,0.410688,-0.180076,0.225928,OK
232,2.320000,39.085882,0.111492,12.356795,3.000000,0.066625,0.410078,-0.180417,0.227043,OK
233,2.330000,39.081161,0.111133,12.358768,3.000000,0.066617,0.409468,-0.180757,0.228154,OK
234,2.340000,39.076441,0.110781,12.360806,3.000000,0.066609,0.408855,-0.181100,0.229262,OK
235,2.350000,39.071720,0.110444,12.362939,3.000000,0.066601,0.408235,-0.181449,0.230367,OK
236,2.360000,39.066998,0.110121,12.365176,3.000000,0.066592,0.407608,-0.181806,0.231468,OK
237,2.370000,39.062276,0.109811,12.367502,3.000000,0.066584,0.406974,-0.182170,0.232566,OK
238,2.380000,39.057553,0.109511,12.369888,3.000000,0.066575,0.406337,-0.182537,0.233661,OK
239,2.390000,39.052831,0.109213,12.372293,3.000000,0.066567,0.405699,-0.182904,0.234753,OK
240,2.400000,39.048108,0.108913,12.374677,3.000000,0.066558,0.405064,-0.183269,0.235842,OK
241,2.410000,39.043386,0.108606,12.377009,3.000000,0.066549,0.404434,-0.183628,0.236928,OK
242,2.420000,39.038664,0.108292,12.379268,3.000000,0.066541,0.403811,-0.183981,0.238011,OK
243,2.430000,39.033943,0.107971,12.381449,3.000000,0.066533,0.403193,-0.184328,0.239091,OK
244,2.440000,39.029222,0.107646,12.383561,3.000000,0.066525,0.402579,-0.184672,0.240167,OK
245,2.450000,39.024502,0.107320,12.385619,3.000000,0.066517,0.401968,-0.185012,0.241241,OK
246,2.460000,39.019782,0.106994,12.387644,3.000000,0.066509,0.401358,-0.185352,0.242311,OK
247,2.470000,39.015062,0.106672,12.389656,3.000000,0.066501,0.400747,-0.185692,0.243377,OK
248,2.480000,39.010343,0.106354,12.391674,3.000000,0.066493,0.400135,-0.186033,0.244441,OK
249,2.490000,39.005624,0.106038,12.393712,3.000000,0.066485,0.399524,-0.186374,0.245501,OK
250,2.500000,39.000904,0.105725,12.395779,3.000000,0.066477,0.398912,-0.186714,0.246559,OK
251,2.510000,38.996185,0.105413,12.397880,3.000000,0.066468,0.398301,-0.187054,0.247613,OK
252,2.520000,38.991466,0.105102,12.400016,3.000000,0.066460,0.397691,-0.187393,0.248664,OK
253,2.530000,38.986747,0.104793,12.402182,3.000000,0.066452,0.397082,-0.187731,0.249712,OK
254,2.540000,38.982028,0.104485,12.404373,3.000000,0.066444,0.396473,-0.188069,0.250756,OK
255,2.550000,38.977309,0.104181,12.406574,3.000000,0.066436,0.395864,-0.188408,0.251798,OK
256,2.560000,38.972589,0.103881,12.408771,3.000000,0.066428,0.395254,-0.188747,0.252837,OK
257,2.570000,38.967870,0.103584,12.410947,3.000000,0.066420,0.394642,-0.189087,0.253873,OK
258,2.580000,38.963151,0.103290,12.413086,3.000000,0.066412,0.394031,-0.189427,0.254906,OK
259,2.590000,38.958432,0.102995,12.415175,3.000000,0.066404,0.393422,-0.189765,0.255936,OK
260,2.600000,38.953714,0.102699,12.417212,3.000000,0.066396,0.392815,-0.190101,0.256963,OK
261,2.610000,38.948996,0.102398,12.419198,3.000000,0.066389,0.392212,-0.190432,0.257987,OK
262,2.620000,38.944279,0.102092,12.421148,3.000000,0.066381,0.391614,-0.190759,0.259008,OK
263,2.630000,38.939562,0.101783,12.423081,3.000000,0.066373,0.391019,-0.191083,0.260025,OK
264,2.640000,38.934846,0.101472,12.425017,3.000000,0.066366,0.390427,-0.191403,0.261040,OK
265,2.650000,38.930130,0.101163,12.426977,3.000000,0.066358,0.389835,-0.191724,0.262052,OK
266,2.660000,38.925414,0.100857,12.428975,3.000000,0.066351,0.389242,-0.192045,0.263060,OK
267,2.670000,38.920697,0.100558,12.431015,3.000000,0.066343,0.388648,-0.192368,0.264066,OK
268,2.680000,38.915980,0.100266,12.433091,3.000000,0.066335,0.388050,-0.192694,0.265069,OK
269,2.690000,38.911264,0.099979,12.435189,3.000000,0.066327,0.387451,-0.193021,0.266068,OK
270,2.700000,38.906547,0.099695,12.437291,3.000000,0.066320,0.386851,-0.193350,0.267065,OK
271,2.710000,38.901830,0.099412,12.439377,3.000000,0.066312,0.386251,-0.193677,0.268060,OK
272,2.720000,38.897114,0.099128,12.441430,3.000000,0.066304,0.385654,-0.194002,0.269051,OK
273,2.730000,38.892398,0.098841,12.443442,3.000000,0.066297,0.385061,-0.194324,0.270039,OK
274,2.740000,38.887682,0.098551,12.445412,3.000000,0.066289,0.384470,-0.194643,0.271025,OK
275,2.750000,38.882967,0.098259,12.447346,3.000000,0.066282,0.383882,-0.194959,0.272007,OK
276,2.760000,38.878253,0.097966,12.449256,3.000000,0.066274,0.383296,-0.195273,0.272987,OK
277,2.770000,38.873538,0.097673,12.451153,3.000000,0.066267,0.382711,-0.195586,0.273964,OK
278,2.780000,38.868824,0.097382,12.453053,3.000000,0.066259,0.382127,-0.195898,0.274938,OK
279,2.790000,38.864110,0.097094,12.454963,3.000000,0.066252,0.381542,-0.196211,0.275908,OK
280,2.800000,38.859396,0.096809,12.456887,3.000000,0.066245,0.380957,-0.196523,0.276877,OK
281,2.810000,38.854682,0.096526,12.458825,3.000000,0.066237,0.380372,-0.196836,0.277842,OK
282,2.820000,38.849968,0.096244,12.460776,3.000000,0.066230,0.379788,-0.197149,0.278804,OK
283,2.830000,38.845254,0.095963,12.462733,3.000000,0.066223,0.379204,-0.197460,0.279764,OK
284,2.840000,38.840540,0.095682,12.464691,3.000000,0.066215,0.378622,-0.197770,0.280721,OK
285,2.850000,38.835827,0.095402,12.466644,3.000000,0.066208,0.378041,-0.198078,0.281675,OK
286,2.860000,38.831114,0.095122,12.468590,3.000000,0.066201,0.377461,-0.198386,0.282626,OK
287,2.870000,38.826401,0.094842,12.470525,3.000000,0.066193,0.376882,-0.198693,0.283574,OK
288,2.880000,38.821688,0.094565,12.472446,3.000000,0.066186,0.376303,-0.198999,0.284520,OK
289,2.890000,38.816975,0.094290,12.474351,3.000000,0.066179,0.375724,-0.199305,0.285463,OK
290,2.900000,38.812263,0.094016,12.476239,3.000000,0.066172,0.375146,-0.199611,0.286403,OK
291,2.910000,38.807550,0.093744,12.478110,3.000000,0.066165,0.374568,-0.199917,0.287340,OK
292,2.920000,38.802838,0.093472,12.479965,3.000000,0.066157,0.373991,-0.200221,0.288275,OK
293,2.930000,38.798127,0.093199,12.481807,3.000000,0.066150,0.373416,-0.200523,0.289207,OK
294,2.940000,38.793415,0.092924,12.483641,3.000000,0.066143,0.372843,-0.200823,0.290136,OK
295,2.950000,38.788704,0.092648,12.485473,3.000000,0.066136,0.372273,-0.201121,0.291063,OK
296,2.960000,38.783993,0.092372,12.487308,3.000000,0.066129,0.371704,-0.201417,0.291987,OK
297,2.970000,38.779283,0.092097,12.489152,3.000000,0.066122,0.371135,-0.201712,0.292908,OK
298,2.980000,38.774572,0.091824,12.491007,3.000000,0.066115,0.370567,-0.202008,0.293826,OK
299,2.990000,38.769862,0.091554,12.492871,3.000000,0.066108,0.369998,-0.202303,0.294741,OK
300,3.000000,38.765151,0.091288,12.494740,3.000000,0.066101,0.369429,-0.202600,0.295654,OK
301,3.010000,38.760441,0.091024,12.496608,3.000000,0.066094,0.368859,-0.202897,0.296565,OK
302,3.020000,38.755731,0.090762,12.498466,3.000000,0.066087,0.368289,-0.203193,0.297472,OK
303,3.030000,38.751021,0.090500,12.500308,3.000000,0.066080,0.367721,-0.203489,0.298377,OK
304,3.040000,38.746311,0.090238,12.502131,3.000000,0.066073,0.367154,-0.203783,0.299280,OK
305,3.050000,38.741602,0.089975,12.503933,3.000000,0.066066,0.366588,-0.204075,0.300179,OK
306,3.060000,38.736893,0.089711,12.505716,3.000000,0.066059,0.366025,-0.204365,0.301076,OK
307,3.070000,38.732184,0.089446,12.507487,3.000000,0.066053,0.365464,-0.204653,0.301971,OK
308,3.080000,38.727476,0.089181,12.509252,3.000000,0.066046,0.364903,-0.204940,0.302863,OK
309,3.090000,38.722767,0.088918,12.511017,3.000000,0.066039,0.364343,-0.205226,0.303752,OK
310,3.100000,38.718059,0.088656,12.512786,3.000000,0.066032,0.363784,-0.205513,0.304638,OK
311,3.110000,38.713351,0.088396,12.514560,3.000000,0.066026,0.363224,-0.205799,0.305522,OK
312,3.120000,38.708643,0.088138,12.516340,3.000000,0.066019,0.362665,-0.206084,0.306404,OK
313,3.130000,38.703936,0.087881,12.518123,3.000000,0.066012,0.362106,-0.206370,0.307283,OK
314,3.140000,38.699228,0.087624,12.519904,3.000000,0.066005,0.361548,-0.206654,0.308159,OK
315,3.150000,38.694521,0.087369,12.521679,3.000000,0.065999,0.360991,-0.206938,0.309032,OK
316,3.160000,38.689814,0.087113,12.523445,3.000000,0.065992,0.360435,-0.207220,0.309904,OK
317,3.170000,38.685107,0.086858,12.525201,3.000000,0.065985,0.359880,-0.207501,0.310772,OK
318,3.180000,38.680401,0.086604,12.526947,3.000000,0.065979,0.359326,-0.207781,0.311638,OK
319,3.190000,38.675694,0.086350,12.528683,3.000000,0.065972,0.358773,-0.208061,0.312502,OK
320,3.200000,38.670988,0.086097,12.530410,3.000000,0.065966,0.358220,-0.208340,0.313363,OK
321,3.210000,38.666282,0.085846,12.532132,3.000000,0.065959,0.357668,-0.208618,0.314221,OK
322,3.220000,38.661577,0.085595,12.533847,3.000000,0.065952,0.357116,-0.208896,0.315077,OK
323,3.230000,38.656871,0.085345,12.535557,3.000000,0.065946,0.356565,-0.209173,0.315931,OK
324,3.240000,38.652166,0.085097,12.537262,3.000000,0.065939,0.356015,-0.209449,0.316782,OK
325,3.250000,38.647461,0.084848,12.538962,3.000000,0.065933,0.355466,-0.209724,0.317630,OK
326,3.260000,38.642756,0.084600,12.540659,3.000000,0.065926,0.354918,-0.209998,0.318476,OK
327,3.270000,38.638052,0.084351,12.542353,3.000000,0.065920,0.354371,-0.210270,0.319319,OK
328,3.280000,38.633348,0.084103,12.544045,3.000000,0.065913,0.353825,-0.210542,0.320161,OK
329,3.290000,38.628644,0.083856,12.545734,3.000000,0.065907,0.353280,-0.210813,0.320999,OK
330,3.300000,38.623940,0.083609,12.547423,3.000000,0.065901,0.352736,-0.211083,0.321835,OK
331,3.310000,38.619236,0.083364,12.549109,3.000000,0.065894,0.352192,-0.211353,0.322669,OK
332,3.320000,38.614532,0.083121,12.550792,3.000000,0.065888,0.351648,-0.211622,0.323500,OK
333,3.330000,38.609829,0.082879,12.552469,3.000000,0.065882,0.351105,-0.211892,0.324329,OK
334,3.340000,38.605126,0.082638,12.554139,3.000000,0.065875,0.350561,-0.212160,0.325155,OK
335,3.350000,38.600423,0.082398,12.555799,3.000000,0.065869,0.350019,-0.212428,0.325979,OK
336,3.360000,38.595721,0.082158,12.557450,3.000000,0.065863,0.349477,-0.212695,0.326801,OK
337,3.370000,38.591018,0.081919,12.559092,3.000000,0.065856,0.348937,-0.212961,0.327620,OK
338,3.380000,38.586316,0.081680,12.560726,3.000000,0.065850,0.348397,-0.213226,0.328437,OK
339,3.390000,38.581614,0.081440,12.562354,3.000000,0.065844,0.347859,-0.213490,0.329251,OK
340,3.400000,38.576913,0.081201,12.563979,3.000000,0.065838,0.347322,-0.213752,0.330063,OK
341,3.410000,38.572212,0.080962,12.565603,3.000000,0.065831,0.346786,-0.214014,0.330873,OK
342,3.420000,38.567510,0.080724,12.567227,3.000000,0.065825,0.346250,-0.214275,0.331680,OK
343,3.430000,38.562809,0.080488,12.568851,3.000000,0.065819,0.345715,-0.214535,0.332485,OK
344,3.440000,38.558109,0.080253,12.570473,3.000000,0.065813,0.345180,-0.214795,0.333287,OK
345,3.450000,38.553408,0.080019,12.572093,3.000000,0.065807,0.344645,-0.215055,0.334088,OK
346,3.460000,38.548708,0.079786,12.573707,3.000000,0.065801,0.344111,-0.215314,0.334885,OK
347,3.470000,38.544008,0.079554,12.575314,3.000000,0.065795,0.343578,-0.215573,0.335681,OK
348,3.480000,38.539308,0.079322,12.576913,3.000000,0.065789,0.343045,-0.215830,0.336474,OK
349,3.490000,38.534608,0.079091,12.578504,3.000000,0.065782,0.342513,-0.216087,0.337265,OK
350,3.500000,38.529909,0.078859,12.580088,3.000000,0.065776,0.341983,-0.216342,0.338054,OK
351,3.510000,38.525210,0.078628,12.581666,3.000000,0.065770,0.341453,-0.216597,0.338840,OK
352,3.520000,38.520511,0.078397,12.583239,3.000000,0.065764,0.340925,-0.216850,0.339624,OK
353,3.530000,38.515813,0.078168,12.584808,3.000000,0.065758,0.340396,-0.217104,0.340406,OK
354,3.540000,38.511114,0.077940,12.586375,3.000000,0.065752,0.339868,-0.217356,0.341185,OK
355,3.550000,38.506416,0.077712,12.587939,3.000000,0.065746,0.339341,-0.217608,0.341962,OK
356,3.560000,38.501718,0.077486,12.589500,3.000000,0.065741,0.338814,-0.217860,0.342737,OK
357,3.570000,38.497021,0.077260,12.591057,3.000000,0.065735,0.338288,-0.218111,0.343510,OK
358,3.580000,38.492323,0.077035,12.592609,3.000000,0.065729,0.337762,-0.218361,0.344280,OK
359,3.590000,38.487626,0.076810,12.594156,3.000000,0.065723,0.337238,-0.218610,0.345048,OK
360,3.600000,38.482929,0.076585,12.595699,3.000000,0.065717,0.336714,-0.218858,0.345814,OK
361,3.610000,38.478232,0.076360,12.597237,3.000000,0.065711,0.336192,-0.219105,0.346578,OK
362,3.620000,38.473536,0.076136,12.598770,3.000000,0.065705,0.335670,-0.219351,0.347339,OK
363,3.630000,38.468840,0.075914,12.600299,3.000000,0.065700,0.335148,-0.219597,0.348098,OK
364,3.640000,38.464144,0.075692,12.601824,3.000000,0.065694,0.334627,-0.219843,0.348855,OK
365,3.650000,38.459448,0.075471,12.603345,3.000000,0.065688,0.334107,-0.220087,0.349610,OK
366,3.660000,38.454752,0.075251,12.604861,3.000000,0.065682,0.333587,-0.220332,0.350362,OK
367,3.670000,38.450057,0.075033,12.606372,3.000000,0.065676,0.333067,-0.220576,0.351112,OK
368,3.680000,38.445362,0.074815,12.607877,3.000000,0.065671,0.332548,-0.220819,0.351861,OK
369,3.690000,38.440667,0.074597,12.609376,3.000000,0.065665,0.332030,-0.221061,0.352607,OK
370,3.700000,38.435973,0.074379,12.610871,3.000000,0.065659,0.331513,-0.221302,0.353350,OK
371,3.710000,38.431278,0.074161,12.612362,3.000000,0.065654,0.330997,-0.221542,0.354092,OK
372,3.720000,38.426584,0.073943,12.613848,3.000000,0.065648,0.330482,-0.221782,0.354831,OK
373,3.730000,38.421891,0.073727,12.615332,3.000000,0.065642,0.329967,-0.222020,0.355569,OK
374,3.740000,38.417197,0.073511,12.616813,3.000000,0.065637,0.329453,-0.222258,0.356304,OK
375,3.750000,38.412504,0.073296,12.618291,3.000000,0.065631,0.328939,-0.222496,0.357037,OK
376,3.760000,38.407811,0.073082,12.619765,3.000000,0.065625,0.328426,-0.222733,0.357768,OK
377,3.770000,38.403118,0.072870,12.621236,3.000000,0.065620,0.327913,-0.222970,0.358496,OK
378,3.780000,38.398425,0.072658,12.622701,3.000000,0.065614,0.327400,-0.223206,0.359223,OK
379,3.790000,38.393733,0.072447,12.624161,3.000000,0.065609,0.326889,-0.223442,0.359947,OK
380,3.800000,38.389041,0.072236,12.625615,3.000000,0.065603,0.326378,-0.223676,0.360670,OK
381,3.810000,38.384349,0.072025,12.627064,3.000000,0.065598,0.325868,-0.223910,0.361390,OK
382,3.820000,38.379658,0.071815,12.628507,3.000000,0.065592,0.325359,-0.224143,0.362108,OK
383,3.830000,38.374966,0.071604,12.629947,3.000000,0.065587,0.324850,-0.224375,0.362824,OK
384,3.840000,38.370275,0.071395,12.631382,3.000000,0.065581,0.324343,-0.224606,0.363538,OK
385,3.850000,38.365584,0.071186,12.632815,3.000000,0.065576,0.323835,-0.224837,0.364250,OK
386,3.860000,38.360894,0.070978,12.634245,3.000000,0.065570,0.323329,-0.225067,0.364960,OK
387,3.870000,38.356204,0.070771,12.635671,3.000000,0.065565,0.322822,-0.225297,0.365667,OK
388,3.880000,38.351514,0.070565,12.637094,3.000000,0.065559,0.322317,-0.225526,0.366373,OK
389,3.890000,38.346824,0.070360,12.638513,3.000000,0.065554,0.321811,-0.225754,0.367077,OK
390,3.900000,38.342134,0.070155,12.639927,3.000000,0.065549,0.321307,-0.225982,0.367778,OK
391,3.910000,38.337445,0.069951,12.641336,3.000000,0.065543,0.320803,-0.226209,0.368478,OK
392,3.920000,38.332756,0.069746,12.642741,3.000000,0.065538,0.320300,-0.226436,0.369175,OK
393,3.930000,38.328067,0.069542,12.644141,3.000000,0.065533,0.319798,-0.226661,0.369871,OK
394,3.940000,38.323379,0.069339,12.645536,3.000000,0.065527,0.319296,-0.226885,0.370564,OK
395,3.950000,38.318690,0.069136,12.646928,3.000000,0.065522,0.318796,-0.227109,0.371255,OK
396,3.960000,38.314002,0.068934,12.648316,3.000000,0.065517,0.318295,-0.227333,0.371945,OK
397,3.970000,38.309315,0.068733,12.649700,3.000000,0.065511,0.317795,-0.227556,0.372632,OK
398,3.980000,38.304627,0.068533,12.651081,3.000000,0.065506,0.317296,-0.227778,0.373317,OK
399,3.990000,38.299940,0.068333,12.652458,3.000000,0.065501,0.316797,-0.228000,0.374001,OK
400,4.000000,38.295253,0.068135,12.653831,3.000000,0.065496,0.316298,-0.228222,0.374682,OK
401,4.010000,38.290566,0.067936,12.655199,3.000000,0.065490,0.315800,-0.228443,0.375361,OK
402,4.020000,38.285880,0.067739,12.656562,3.000000,0.065485,0.315303,-0.228663,0.376039,OK
403,4.030000,38.281194,0.067541,12.657923,3.000000,0.065480,0.314807,-0.228882,0.376714,OK
404,4.040000,38.276508,0.067343,12.659279,3.000000,0.065475,0.314311,-0.229100,0.377388,OK
405,4.050000,38.271822,0.067146,12.660631,3.000000,0.065470,0.313817,-0.229317,0.378059,OK
406,4.060000,38.267137,0.066950,12.661979,3.000000,0.065465,0.313322,-0.229534,0.378729,OK
407,4.070000,38.262452,0.066755,12.663324,3.000000,0.065460,0.312829,-0.229751,0.379396,OK
408,4.080000,38.257767,0.066560,12.664665,3.000000,0.065454,0.312335,-0.229967,0.380062,OK
409,4.090000,38.253082,0.066366,12.666003,3.000000,0.065449,0.311842,-0.230182,0.380725,OK
410,4.100000,38.248398,0.066173,12.667336,3.000000,0.065444,0.311350,-0.230397,0.381387,OK
411,4.110000,38.243714,0.065980,12.668666,3.000000,0.065439,0.310858,-0.230612,0.382047,OK
412,4.120000,38.239030,0.065788,12.669991,3.000000,0.065434,0.310367,-0.230825,0.382705,OK
413,4.130000,38.234346,0.065597,12.671311,3.000000,0.065429,0.309876,-0.231039,0.383361,OK
414,4.140000,38.229663,0.065406,12.672627,3.000000,0.065424,0.309386,-0.231251,0.384015,OK
415,4.150000,38.224980,0.065215,12.673941,3.000000,0.065419,0.308896,-0.231463,0.384667,OK
416,4.160000,38.220297,0.065025,12.675250,3.000000,0.065414,0.308408,-0.231674,0.385317,OK
417,4.170000,38.215615,0.064835,12.676556,3.000000,0.065409,0.307920,-0.231884,0.385966,OK
418,4.180000,38.210932,0.064646,12.677859,3.000000,0.065404,0.307432,-0.232093,0.386612,OK
419,4.190000,38.206251,0.064457,12.679158,3.000000,0.065399,0.306946,-0.232302,0.387257,OK
420,4.200000,38.201569,0.064269,12.680454,3.000000,0.065394,0.306459,-0.232511,0.387899,OK
421,4.210000,38.196887,0.064082,12.681745,3.000000,0.065389,0.305973,-0.232719,0.388540,OK
422,4.220000,38.192206,0.063895,12.683033,3.000000,0.065385,0.305488,-0.232927,0.389179,OK
423,4.230000,38.187525,0.063709,12.684316,3.000000,0.065380,0.305003,-0.233133,0.389816,OK
424,4.240000,38.182845,0.063523,12.685596,3.000000,0.065375,0.304519,-0.233340,0.390451,OK
425,4.250000,38.178164,0.063339,12.686871,3.000000,0.065370,0.304035,-0.233546,0.391085,OK
426,4.260000,38.173484,0.063154,12.688142,3.000000,0.065365,0.303552,-0.233751,0.391716,OK
427,4.270000,38.168805,0.062970,12.689411,3.000000,0.065360,0.303069,-0.233955,0.392346,OK
428,4.280000,38.164125,0.062786,12.690676,3.000000,0.065355,0.302587,-0.234159,0.392974,OK
429,4.290000,38.159446,0.062603,12.691937,3.000000,0.065351,0.302106,-0.234362,0.393600,OK
430,4.300000,38.154767,0.062420,12.693195,3.000000,0.065346,0.301625,-0.234564,0.394224,OK
431,4.310000,38.150088,0.062238,12.694449,3.000000,0.065341,0.301145,-0.234766,0.394847,OK
432,4.320000,38.145410,0.062057,12.695699,3.000000,0.065336,0.300665,-0.234968,0.395467,OK
433,4.330000,38.140732,0.061876,12.696946,3.000000,0.065332,0.300186,-0.235168,0.396086,OK
434,4.340000,38.136054,0.061695,12.698189,3.000000,0.065327,0.299707,-0.235369,0.396703,OK
435,4.350000,38.131376,0.061516,12.699428,3.000000,0.065322,0.299229,-0.235568,0.397318,OK
436,4.360000,38.126699,0.061337,12.700664,3.000000,0.065317,0.298752,-0.235768,0.397931,OK
437,4.370000,38.122022,0.061158,12.701896,3.000000,0.065313,0.298274,-0.235966,0.398543,OK
438,4.380000,38.117345,0.060980,12.703125,3.000000,0.065308,0.297797,-0.236165,0.399153,OK
439,4.390000,38.112668,0.060803,12.704349,3.000000,0.065303,0.297321,-0.236362,0.399761,OK
440,4.400000,38.107992,0.060626,12.705571,3.000000,0.065299,0.296846,-0.236559,0.400367,OK
441,4.410000,38.103316,0.060449,12.706790,3.000000,0.065294,0.296371,-0.236755,0.400972,OK
442,4.420000,38.098641,0.060273,12.708004,3.000000,0.065289,0.295897,-0.236951,0.401574,OK
443,4.430000,38.093965,0.060097,12.709215,3.000000,0.065285,0.295423,-0.237146,0.402175,OK
444,4.440000,38.089290,0.059922,12.710422,3.000000,0.065280,0.294950,-0.237340,0.402774,OK
445,4.450000,38.084615,0.059747,12.711625,3.000000,0.065276,0.294477,-0.237534,0.403372,OK
446,4.460000,38.079941,0.059572,12.712825,3.000000,0.065271,0.294005,-0.237727,0.403968,OK
447,4.470000,38.075266,0.059399,12.714022,3.000000,0.065267,0.293533,-0.237920,0.404562,OK
448,4.480000,38.070592,0.059226,12.715215,3.000000,0.065262,0.293062,-0.238112,0.405154,OK
449,4.490000,38.065919,0.059053,12.716405,3.000000,0.065257,0.292591,-0.238304,0.405744,OK
450,4.500000,38.061245,0.058881,12.717592,3.000000,0.065253,0.292121,-0.238496,0.406333,OK
451,4.510000,38.056572,0.058711,12.718775,3.000000,0.065248,0.291651,-0.238686,0.406920,OK
452,4.520000,38.051899,0.058540,12.719955,3.000000,0.065244,0.291182,-0.238877,0.407506,OK
453,4.530000,38.047227,0.058369,12.721131,3.000000,0.065239,0.290713,-0.239066,0.408089,OK
454,4.540000,38.042554,0.058199,12.722304,3.000000,0.065235,0.290245,-0.239255,0.408671,OK
455,4.550000,38.037882,0.058029,12.723473,3.000000,0.065231,0.289777,-0.239443,0.409252,OK
456,4.560000,38.033211,0.057860,12.724638,3.000000,0.065226,0.289311,-0.239631,0.409830,OK
457,4.570000,38.028539,0.057691,12.725800,3.000000,0.065222,0.288844,-0.239818,0.410407,OK
458,4.580000,38.023868,0.057522,12.726958,3.000000,0.065217,0.288378,-0.240005,0.410982,OK
459,4.590000,38.019197,0.057354,12.728114,3.000000,0.065213,0.287913,-0.240191,0.411556,OK
460,4.600000,38.014526,0.057187,12.729266,3.000000,0.065208,0.287448,-0.240376,0.412128,OK
461,4.610000,38.009856,0.057021,12.730415,3.000000,0.065204,0.286983,-0.240562,0.412698,OK
462,4.620000,38.005186,0.056855,12.731561,3.000000,0.065200,0.286519,-0.240746,0.413267,OK
463,4.630000,38.000516,0.056690,12.732704,3.000000,0.065195,0.286055,-0.240931,0.413834,OK
464,4.640000,37.995847,0.056525,12.733843,3.000000,0.065191,0.285592,-0.241115,0.414399,OK
465,4.650000,37.991178,0.056361,12.734978,3.000000,0.065187,0.285129,-0.241298,0.414962,OK
466,4.660000,37.986509,0.056197,12.736111,3.000000,0.065182,0.284667,-0.241480,0.415524,OK
467,4.670000,37.981840,0.056033,12.737239,3.000000,0.065178,0.284205,-0.241662,0.416085,OK
468,4.680000,37.977172,0.055869,12.738365,3.000000,0.065174,0.283745,-0.241843,0.416643,OK
469,4.690000,37.972504,0.055706,12.739486,3.000000,0.065170,0.283284,-0.242024,0.417200,OK
470,4.700000,37.967836,0.055543,12.740605,3.000000,0.065165,0.282824,-0.242204,0.417756,OK
471,4.710000,37.963169,0.055381,12.741721,3.000000,0.065161,0.282365,-0.242384,0.418310,OK
472,4.720000,37.958502,0.055220,12.742833,3.000000,0.065157,0.281906,-0.242563,0.418862,OK
473,4.730000,37.953835,0.055059,12.743942,3.000000,0.065153,0.281447,-0.242742,0.419412,OK
474,4.740000,37.949168,0.054899,12.745049,3.000000,0.065148,0.280989,-0.242920,0.419961,OK
475,4.750000,37.944502,0.054739,12.746152,3.000000,0.065144,0.280531,-0.243098,0.420509,OK
476,4.760000,37.939836,0.054580,12.747252,3.000000,0.065140,0.280074,-0.243275,0.421055,OK
477,4.770000,37.935170,0.054421,12.748348,3.000000,0.065136,0.279617,-0.243452,0.421599,OK
478,4.780000,37.930505,0.054264,12.749442,3.000000,0.065132,0.279160,-0.243629,0.422141,OK
479,4.790000,37.925840,0.054106,12.750531,3.000000,0.065127,0.278704,-0.243805,0.422683,OK
480,4.800000,37.921175,0.053948,12.751619,3.000000,0.065123,0.278248,-0.243980,0.423222,OK
481,4.810000,37.916510,0.053791,12.752703,3.000000,0.065119,0.277794,-0.244155,0.423760,OK
482,4.820000,37.911846,0.053634,12.753783,3.000000,0.065115,0.277340,-0.244328,0.424296,OK
483,4.830000,37.907182,0.053477,12.754860,3.000000,0.065111,0.276886,-0.244502,0.424831,OK
484,4.840000,37.902518,0.053321,12.755935,3.000000,0.065107,0.276433,-0.244675,0.425364,OK
485,4.850000,37.897855,0.053165,12.757006,3.000000,0.065103,0.275980,-0.244847,0.425896,OK
486,4.860000,37.893192,0.053010,12.758074,3.000000,0.065099,0.275528,-0.245019,0.426426,OK
487,4.870000,37.888529,0.052856,12.759139,3.000000,0.065095,0.275076,-0.245191,0.426955,OK
488,4.880000,37.883867,0.052702,12.760200,3.000000,0.065091,0.274624,-0.245362,0.427482,OK
489,4.890000,37.879204,0.052548,12.761259,3.000000,0.065087,0.274173,-0.245533,0.428007,OK
490,4.900000,37.874543,0.052396,12.762315,3.000000,0.065083,0.273722,-0.245703,0.428531,OK
491,4.910000,37.869881,0.052243,12.763367,3.000000,0.065079,0.273272,-0.245873,0.429053,OK
492,4.920000,37.865220,0.052092,12.764417,3.000000,0.065075,0.272822,-0.246042,0.429574,OK
493,4.930000,37.860559,0.051941,12.765464,3.000000,0.065071,0.272372,-0.246211,0.430094,OK
494,4.940000,37.855898,0.051790,12.766507,3.000000,0.065067,0.271923,-0.246380,0.430612,OK
495,4.950000,37.851238,0.051639,12.767549,3.000000,0.065063,0.271474,-0.246547,0.431128,OK
496,4.960000,37.846577,0.051488,12.768586,3.000000,0.065059,0.271027,-0.246714,0.431643,OK
497,4.970000,37.841918,0.051338,12.769620,3.000000,0.065055,0.270579,-0.246881,0.432156,OK
498,4.980000,37.837258,0.051188,12.770651,3.000000,0.065051,0.270133,-0.247047,0.432668,OK
499,4.990000,37.832599,0.051038,12.771679,3.000000,0.065047,0.269686,-0.247212,0.433179,OK
500,5.000000,37.827940,0.050889,12.772704,3.000000,0.065043,0.269241,-0.247377,0.433687,OK
501,5.010000,37.823281,0.050741,12.773727,3.000000,0.065039,0.268795,-0.247542,0.434195,OK
502,5.020000,37.818623,0.050593,12.774746,3.000000,0.065035,0.268350,-0.247706,0.434701,OK
503,5.030000,37.813965,0.050445,12.775762,3.000000,0.065031,0.267905,-0.247870,0.435205,OK
504,5.040000,37.809307,0.050298,12.776775,3.000000,0.065028,0.267461,-0.248033,0.435708,OK
505,5.050000,37.804650,0.050152,12.777786,3.000000,0.065024,0.267017,-0.248196,0.436210,OK
506,5.060000,37.799993,0.050006,12.778793,3.000000,0.065020,0.266573,-0.248359,0.436710,OK
507,5.070000,37.795336,0.049861,12.779798,3.000000,0.065016,0.266130,-0.248521,0.437208,OK
508,5.080000,37.790679,0.049716,12.780800,3.000000,0.065012,0.265687,-0.248683,0.437706,OK
509,5.090000,37.786023,0.049572,12.781798,3.000000,0.065008,0.265244,-0.248844,0.438201,OK
510,5.100000,37.781367,0.049427,12.782794,3.000000,0.065005,0.264803,-0.249004,0.438696,OK
511,5.110000,37.776712,0.049283,12.783787,3.000000,0.065001,0.264362,-0.249164,0.439188,OK
512,5.120000,37.772056,0.049139,12.784776,3.000000,0.064997,0.263921,-0.249323,0.439680,OK
513,5.130000,37.767401,0.048995,12.785763,3.000000,0.064993,0.263481,-0.249482,0.440170,OK
514,5.140000,37.762747,0.048852,12.786747,3.000000,0.064990,0.263041,-0.249641,0.440658,OK
515,5.150000,37.758092,0.048710,12.787728,3.000000,0.064986,0.262602,-0.249798,0.441145,OK
516,5.160000,37.753438,0.048567,12.788706,3.000000,0.064982,0.262163,-0.249956,0.441631,OK
517,5.170000,37.748784,0.048426,12.789681,3.000000,0.064978,0.261724,-0.250113,0.442115,OK
518,5.180000,37.744131,0.048285,12.790654,3.000000,0.064975,0.261286,-0.250270,0.442598,OK
519,5.190000,37.739478,0.048144,12.791623,3.000000,0.064971,0.260848,-0.250426,0.443080,OK
520,5.200000,37.734825,0.048004,12.792590,3.000000,0.064967,0.260410,-0.250582,0.443560,OK
521,5.210000,37.730172,0.047864,12.793554,3.000000,0.064964,0.259973,-0.250738,0.444038,OK
522,5.220000,37.725520,0.047725,12.794516,3.000000,0.064960,0.259536,-0.250893,0.444516,OK
523,5.230000,37.720868,0.047587,12.795474,3.000000,0.064956,0.259100,-0.251048,0.444991,OK
524,5.240000,37.716217,0.047449,12.796430,3.000000,0.064953,0.258663,-0.251202,0.445466,OK
525,5.250000,37.711565,0.047311,12.797383,3.000000,0.064949,0.258228,-0.251356,0.445939,OK
526,5.260000,37.706914,0.047173,12.798333,3.000000,0.064945,0.257793,-0.251509,0.446411,OK
527,5.270000,37.702264,0.047035,12.799281,3.000000,0.064942,0.257358,-0.251662,0.446881,OK
528,5.280000,37.697613,0.046898,12.800225,3.000000,0.064938,0.256924,-0.251814,0.447350,OK
529,5.290000,37.692963,0.046761,12.801167,3.000000,0.064935,0.256491,-0.251965,0.447818,OK
530,5.300000,37.688313,0.046624,12.802105,3.000000,0.064931,0.256058,-0.252116,0.448284,OK
531,5.310000,37.683664,0.046488,12.803042,3.000000,0.064928,0.255625,-0.252267,0.448749,OK
532,5.320000,37.679015,0.046352,12.803975,3.000000,0.064924,0.255193,-0.252417,0.449212,OK
533,5.330000,37.674366,0.046216,12.804906,3.000000,0.064920,0.254761,-0.252567,0.449674,OK
534,5.340000,37.669717,0.046082,12.805834,3.000000,0.064917,0.254329,-0.252717,0.450135,OK
535,5.350000,37.665069,0.045947,12.806759,3.000000,0.064913,0.253898,-0.252866,0.450595,OK
536,5.360000,37.660421,0.045813,12.807681,3.000000,0.064910,0.253467,-0.253015,0.451053,OK
537,5.370000,37.655773,0.045680,12.808601,3.000000,0.064906,0.253036,-0.253163,0.451510,OK
538,5.380000,37.651126,0.045547,12.809518,3.000000,0.064903,0.252606,-0.253311,0.451965,OK
539,5.390000,37.646479,0.045415,12.810433,3.000000,0.064899,0.252176,-0.253459,0.452419,OK
540,5.400000,37.641832,0.045283,12.811345,3.000000,0.064896,0.251746,-0.253606,0.452872,OK
541,5.410000,37.637186,0.045152,12.812254,3.000000,0.064892,0.251317,-0.253753,0.453324,OK
542,5.420000,37.632540,0.045021,12.813161,3.000000,0.064889,0.250888,-0.253899,0.453774,OK
543,5.430000,37.627894,0.044890,12.814065,3.000000,0.064886,0.250460,-0.254045,0.454223,OK
544,5.440000,37.623249,0.044759,12.814966,3.000000,0.064882,0.250032,-0.254190,0.454670,OK
545,5.450000,37.618604,0.044628,12.815865,3.000000,0.064879,0.249605,-0.254335,0.455117,OK
546,5.460000,37.613959,0.044497,12.816761,3.000000,0.064875,0.249178,-0.254479,0.455562,OK
547,5.470000,37.609314,0.044367,12.817654,3.000000,0.064872,0.248752,-0.254623,0.456005,OK
548,5.480000,37.604670,0.044237,12.818544,3.000000,0.064868,0.248326,-0.254766,0.456448,OK
549,5.490000,37.600026,0.044107,12.819432,3.000000,0.064865,0.247901,-0.254909,0.456889,OK
550,5.500000,37.595383,0.043978,12.820318,3.000000,0.064862,0.247476,-0.255051,0.457329,OK
551,5.510000,37.590739,0.043850,12.821200,3.000000,0.064858,0.247051,-0.255193,0.457767,OK
552,5.520000,37.586096,0.043722,12.822080,3.000000,0.064855,0.246626,-0.255335,0.458204,OK
553,5.530000,37.581454,0.043594,12.822958,3.000000,0.064852,0.246202,-0.255477,0.458640,OK
554,5.540000,37.576812,0.043467,12.823833,3.000000,0.064848,0.245778,-0.255618,0.459075,OK
555,5.550000,37.572170,0.043341,12.824705,3.000000,0.064845,0.245354,-0.255759,0.459508,OK
556,5.560000,37.567528,0.043215,12.825575,3.000000,0.064842,0.244931,-0.255899,0.459940,OK
557,5.570000,37.562887,0.043089,12.826442,3.000000,0.064838,0.244508,-0.256039,0.460371,OK
558,5.580000,37.558246,0.042964,12.827307,3.000000,0.064835,0.244085,-0.256179,0.460801,OK
559,5.590000,37.553605,0.042840,12.828169,3.000000,0.064832,0.243662,-0.256318,0.461229,OK
560,5.600000,37.548964,0.042715,12.829029,3.000000,0.064829,0.243241,-0.256457,0.461656,OK
561,5.610000,37.544324,0.042590,12.829886,3.000000,0.064825,0.242820,-0.256595,0.462082,OK
562,5.620000,37.539685,0.042465,12.830741,3.000000,0.064822,0.242399,-0.256733,0.462507,OK
563,5.630000,37.535045,0.042341,12.831593,3.000000,0.064819,0.241979,-0.256870,0.462930,OK
564,5.640000,37.530406,0.042217,12.832442,3.000000,0.064816,0.241559,-0.257006,0.463353,OK
565,5.650000,37.525767,0.042093,12.833289,3.000000,0.064812,0.241139,-0.257143,0.463774,OK
566,5.660000,37.521129,0.041970,12.834134,3.000000,0.064809,0.240720,-0.257279,0.464193,OK
567,5.670000,37.516491,0.041847,12.834975,3.000000,0.064806,0.240301,-0.257414,0.464612,OK
568,5.680000,37.511853,0.041725,12.835815,3.000000,0.064803,0.239883,-0.257549,0.465029,OK
569,5.690000,37.507215,0.041603,12.836652,3.000000,0.064800,0.239464,-0.257684,0.465445,OK
570,5.700000,37.502578,0.041482,12.837486,3.000000,0.064796,0.239046,-0.257819,0.465860,OK
571,5.710000,37.497941,0.041361,12.838318,3.000000,0.064793,0.238629,-0.257953,0.466273,OK
572,5.720000,37.493304,0.041240,12.839147,3.000000,0.064790,0.238211,-0.258087,0.466686,OK
573,5.730000,37.488668,0.041120,12.839975,3.000000,0.064787,0.237794,-0.258221,0.467097,OK
574,5.740000,37.484032,0.041001,12.840800,3.000000,0.064784,0.237377,-0.258354,0.467507,OK
575,5.750000,37.479397,0.040882,12.841622,3.000000,0.064781,0.236960,-0.258487,0.467916,OK
576,5.760000,37.474761,0.040763,12.842443,3.000000,0.064777,0.236544,-0.258620,0.468323,OK
577,5.770000,37.470126,0.040645,12.843260,3.000000,0.064774,0.236128,-0.258752,0.468730,OK
578,5.780000,37.465492,0.040526,12.844076,3.000000,0.064771,0.235713,-0.258883,0.469135,OK
579,5.790000,37.460857,0.040408,12.844889,3.000000,0.064768,0.235298,-0.259014,0.469539,OK
580,5.800000,37.456223,0.040289,12.845699,3.000000,0.064765,0.234884,-0.259145,0.469942,OK
581,5.810000,37.451590,0.040171,12.846507,3.000000,0.064762,0.234471,-0.259275,0.470344,OK
582,5.820000,37.446956,0.040053,12.847313,3.000000,0.064759,0.234057,-0.259404,0.470744,OK
583,5.830000,37.442323,0.039936,12.848116,3.000000,0.064756,0.233644,-0.259533,0.471144,OK
584,5.840000,37.437691,0.039819,12.848917,3.000000,0.064753,0.233231,-0.259662,0.471542,OK
585,5.850000,37.433058,0.039702,12.849715,3.000000,0.064750,0.232819,-0.259791,0.471939,OK
586,5.860000,37.428426,0.039586,12.850511,3.000000,0.064747,0.232407,-0.259919,0.472335,OK
587,5.870000,37.423795,0.039470,12.851304,3.000000,0.064744,0.231995,-0.260047,0.472730,OK
588,5.880000,37.419163,0.039355,12.852095,3.000000,0.064741,0.231583,-0.260174,0.473123,OK
589,5.890000,37.414532,0.039240,12.852884,3.000000,0.064738,0.231172,-0.260302,0.473515,OK
590,5.900000,37.409901,0.039125,12.853671,3.000000,0.064735,0.230761,-0.260429,0.473907,OK
591,5.910000,37.405271,0.039011,12.854455,3.000000,0.064732,0.230350,-0.260555,0.474297,OK
592,5.920000,37.400641,0.038898,12.855237,3.000000,0.064729,0.229939,-0.260682,0.474686,OK
593,5.930000,37.396011,0.038785,12.856017,3.000000,0.064726,0.229529,-0.260808,0.475074,OK
594,5.940000,37.391382,0.038672,12.856795,3.000000,0.064723,0.229119,-0.260933,0.475460,OK
595,5.950000,37.386752,0.038560,12.857571,3.000000,0.064720,0.228709,-0.261059,0.475846,OK
596,5.960000,37.382124,0.038448,12.858343,3.000000,0.064717,0.228300,-0.261184,0.476230,OK
597,5.970000,37.377495,0.038335,12.859115,3.000000,0.064714,0.227891,-0.261308,0.476614,OK
598,5.980000,37.372867,0.038223,12.859883,3.000000,0.064711,0.227483,-0.261432,0.476996,OK
599,5.990000,37.368239,0.038111,12.860649,3.000000,0.064708,0.227075,-0.261555,0.477377,OK
600,6.000000,37.363612,0.037999,12.861413,3.000000,0.064705,0.226668,-0.261678,0.477757,OK
601,6.010000,37.358984,0.037887,12.862174,3.000000,0.064702,0.226261,-0.261800,0.478136,OK
602,6.020000,37.354358,0.037776,12.862933,3.000000,0.064699,0.225854,-0.261922,0.478514,OK
603,6.030000,37.349731,0.037665,12.863690,3.000000,0.064696,0.225448,-0.262044,0.478890,OK
604,6.040000,37.345105,0.037554,12.864444,3.000000,0.064694,0.225042,-0.262166,0.479266,OK
605,6.050000,37.340479,0.037444,12.865197,3.000000,0.064691,0.224636,-0.262287,0.479640,OK
606,6.060000,37.335854,0.037334,12.865946,3.000000,0.064688,0.224231,-0.262408,0.480014,OK
607,6.070000,37.331228,0.037225,12.866694,3.000000,0.064685,0.223826,-0.262528,0.480386,OK
608,6.080000,37.326603,0.037116,12.867440,3.000000,0.064682,0.223421,-0.262648,0.480757,OK
609,6.090000,37.321979,0.037008,12.868183,3.000000,0.064679,0.223016,-0.262768,0.481127,OK
610,6.100000,37.317355,0.036900,12.868924,3.000000,0.064677,0.222611,-0.262888,0.481496,OK
611,6.110000,37.312731,0.036793,12.869663,3.000000,0.064674,0.222207,-0.263008,0.481864,OK
612,6.120000,37.308107,0.036685,12.870400,3.000000,0.064671,0.221803,-0.263127,0.482231,OK
613,6.130000,37.303484,0.036579,12.871135,3.000000,0.064668,0.221399,-0.263246,0.482597,OK
614,6.140000,37.298861,0.036472,12.871868,3.000000,0.064665,0.220995,-0.263364,0.482962,OK
615,6.150000,37.294239,0.036366,12.872599,3.000000,0.064663,0.220592,-0.263482,0.483325,OK
616,6.160000,37.289616,0.036261,12.873328,3.000000,0.064660,0.220189,-0.263600,0.483688,OK
617,6.170000,37.284995,0.036155,12.874054,3.000000,0.064657,0.219787,-0.263718,0.484049,OK
618,6.180000,37.280373,0.036049,12.874779,3.000000,0.064654,0.219385,-0.263835,0.484410,OK
619,6.190000,37.275752,0.035944,12.875501,3.000000,0.064651,0.218983,-0.263951,0.484769,OK
620,6.200000,37.271131,0.035838,12.876220,3.000000,0.064649,0.218582,-0.264067,0.485128,OK
621,6.210000,37.266510,0.035732,12.876938,3.000000,0.064646,0.218182,-0.264182,0.485485,OK
622,6.220000,37.261890,0.035627,12.877653,3.000000,0.064643,0.217782,-0.264297,0.485841,OK
623,6.230000,37.257270,0.035522,12.878366,3.000000,0.064641,0.217382,-0.264411,0.486196,OK
624,6.240000,37.252651,0.035417,12.879077,3.000000,0.064638,0.216982,-0.264526,0.486551,OK
625,6.250000,37.248031,0.035313,12.879786,3.000000,0.064635,0.216583,-0.264640,0.486904,OK
626,6.260000,37.243412,0.035209,12.880493,3.000000,0.064632,0.216184,-0.264753,0.487256,OK
627,6.270000,37.238794,0.035105,12.881197,3.000000,0.064630,0.215785,-0.264867,0.487607,OK
628,6.280000,37.234176,0.035002,12.881900,3.000000,0.064627,0.215386,-0.264980,0.487957,OK
629,6.290000,37.229558,0.034900,12.882600,3.000000,0.064624,0.214988,-0.265093,0.488306,OK
630,6.300000,37.224940,0.034798,12.883298,3.000000,0.064622,0.214590,-0.265206,0.488654,OK
631,6.310000,37.220323,0.034696,12.883994,3.000000,0.064619,0.214192,-0.265318,0.489001,OK
632,6.320000,37.215706,0.034595,12.884688,3.000000,0.064616,0.213794,-0.265430,0.489347,OK
633,6.330000,37.211089,0.034494,12.885380,3.000000,0.064614,0.213396,-0.265542,0.489692,OK
634,6.340000,37.206473,0.034393,12.886070,3.000000,0.064611,0.212999,-0.265654,0.490036,OK
635,6.350000,37.201857,0.034293,12.886758,3.000000,0.064609,0.212602,-0.265765,0.490379,OK
636,6.360000,37.197242,0.034193,12.887444,3.000000,0.064606,0.212205,-0.265876,0.490721,OK
637,6.370000,37.192627,0.034094,12.888128,3.000000,0.064603,0.211809,-0.265987,0.491062,OK
638,6.380000,37.188012,0.033995,12.888810,3.000000,0.064601,0.211412,-0.266097,0.491401,OK
639,6.390000,37.183397,0.033895,12.889490,3.000000,0.064598,0.211017,-0.266207,0.491740,OK
640,6.400000,37.178783,0.033796,12.890168,3.000000,0.064596,0.210621,-0.266317,0.492078,OK
641,6.410000,37.174169,0.033697,12.890844,3.000000,0.064593,0.210227,-0.266426,0.492415,OK
642,6.420000,37.169555,0.033597,12.891518,3.000000,0.064590,0.209832,-0.266534,0.492751,OK
643,6.430000,37.164942,0.033498,12.892190,3.000000,0.064588,0.209438,-0.266642,0.493086,OK
644,6.440000,37.160329,0.033399,12.892860,3.000000,0.064585,0.209045,-0.266750,0.493420,OK
645,6.450000,37.155717,0.033300,12.893527,3.000000,0.064583,0.208652,-0.266857,0.493753,OK
646,6.460000,37.151105,0.033202,12.894193,3.000000,0.064580,0.208258,-0.266964,0.494085,OK
647,6.470000,37.146493,0.033104,12.894856,3.000000,0.064578,0.207866,-0.267070,0.494416,OK
648,6.480000,37.141881,0.033006,12.895518,3.000000,0.064575,0.207473,-0.267177,0.494746,OK
649,6.490000,37.137270,0.032909,12.896177,3.000000,0.064573,0.207081,-0.267283,0.495075,OK
650,6.500000,37.132659,0.032812,12.896834,3.000000,0.064570,0.206689,-0.267389,0.495404,OK
651,6.510000,37.128049,0.032716,12.897489,3.000000,0.064568,0.206297,-0.267495,0.495731,OK
652,6.520000,37.123439,0.032620,12.898143,3.000000,0.064565,0.205905,-0.267600,0.496057,OK
653,6.530000,37.118829,0.032524,12.898794,3.000000,0.064563,0.205513,-0.267706,0.496382,OK
654,6.540000,37.114219,0.032429,12.899443,3.000000,0.064560,0.205122,-0.267811,0.496706,OK
655,6.550000,37.109610,0.032334,12.900091,3.000000,0.064558,0.204731,-0.267915,0.497030,OK
656,6.560000,37.105001,0.032240,12.900737,3.000000,0.064555,0.204340,-0.268020,0.497352,OK
657,6.570000,37.100393,0.032145,12.901381,3.000000,0.064553,0.203949,-0.268124,0.497674,OK
658,6.580000,37.095785,0.032052,12.902023,3.000000,0.064550,0.203558,-0.268228,0.497994,OK
659,6.590000,37.091177,0.031958,12.902663,3.000000,0.064548,0.203168,-0.268332,0.498314,OK
660,6.600000,37.086569,0.031865,12.903301,3.000000,0.064545,0.202778,-0.268435,0.498632,OK
661,6.610000,37.081962,0.031772,12.903938,3.000000,0.064543,0.202388,-0.268538,0.498950,OK
662,6.620000,37.077356,0.031679,12.904572,3.000000,0.064541,0.201999,-0.268641,0.499267,OK
663,6.630000,37.072749,0.031586,12.905205,3.000000,0.064538,0.201610,-0.268743,0.499583,OK
664,6.640000,37.068143,0.031493,12.905836,3.000000,0.064536,0.201222,-0.268845,0.499898,OK
665,6.650000,37.063537,0.031400,12.906465,3.000000,0.064533,0.200834,-0.268946,0.500212,OK
666,6.660000,37.058932,0.031307,12.907092,3.000000,0.064531,0.200447,-0.269047,0.500525,OK
667,6.670000,37.054327,0.031214,12.907716,3.000000,0.064529,0.200060,-0.269147,0.500837,OK
668,6.680000,37.049722,0.031121,12.908339,3.000000,0.064526,0.199673,-0.269247,0.501148,OK
669,6.690000,37.045118,0.031029,12.908960,3.000000,0.064524,0.199286,-0.269347,0.501458,OK
670,6.700000,37.040514,0.030937,12.909579,3.000000,0.064522,0.198900,-0.269446,0.501768,OK
671,6.710000,37.035910,0.030846,12.910196,3.000000,0.064519,0.198514,-0.269545,0.502076,OK
672,6.720000,37.031307,0.030754,12.910811,3.000000,0.064517,0.198128,-0.269645,0.502384,OK
673,6.730000,37.026704,0.030664,12.911424,3.000000,0.064515,0.197742,-0.269743,0.502690,OK
674,6.740000,37.022101,0.030573,12.912035,3.000000,0.064512,0.197356,-0.269842,0.502996,OK
675,6.750000,37.017499,0.030483,12.912645,3.000000,0.064510,0.196971,-0.269940,0.503301,OK
676,6.760000,37.012897,0.030394,12.913252,3.000000,0.064508,0.196585,-0.270039,0.503605,OK
677,6.770000,37.008295,0.030304,12.913858,3.000000,0.064505,0.196200,-0.270137,0.503908,OK
678,6.780000,37.003694,0.030216,12.914462,3.000000,0.064503,0.195815,-0.270234,0.504210,OK
679,6.790000,36.999093,0.030127,12.915064,3.000000,0.064501,0.195430,-0.270332,0.504511,OK
680,6.800000,36.994492,0.030039,12.915664,3.000000,0.064498,0.195046,-0.270429,0.504812,OK
681,6.810000,36.989892,0.029951,12.916263,3.000000,0.064496,0.194662,-0.270526,0.505111,OK
682,6.820000,36.985292,0.029864,12.916860,3.000000,0.064494,0.194278,-0.270623,0.505410,OK
683,6.830000,36.980692,0.029776,12.917455,3.000000,0.064492,0.193894,-0.270720,0.505708,OK
684,6.840000,36.976093,0.029689,12.918049,3.000000,0.064489,0.193510,-0.270816,0.506005,OK
685,6.850000,36.971494,0.029602,12.918641,3.000000,0.064487,0.193127,-0.270912,0.506301,OK
686,6.860000,36.966896,0.029516,12.919231,3.000000,0.064485,0.192744,-0.271007,0.506596,OK
687,6.870000,36.962297,0.029429,12.919819,3.000000,0.064482,0.192361,-0.271103,0.506890,OK
688,6.880000,36.957700,0.029343,12.920406,3.000000,0.064480,0.191979,-0.271197,0.507184,OK
689,6.890000,36.953102,0.029256,12.920991,3.000000,0.064478,0.191597,-0.271291,0.507476,OK
690,6.900000,36.948505,0.029169,12.921574,3.000000,0.064476,0.191216,-0.271385,0.507768,OK
691,6.910000,36.943908,0.029082,12.922155,3.000000,0.064474,0.190835,-0.271478,0.508059,OK
692,6.920000,36.939312,0.028995,12.922734,3.000000,0.064471,0.190454,-0.271571,0.508349,OK
693,6.930000,36.934715,0.028909,12.923312,3.000000,0.064469,0.190074,-0.271664,0.508638,OK
694,6.940000,36.930120,0.028822,12.923887,3.000000,0.064467,0.189694,-0.271756,0.508926,OK
695,6.950000,36.925524,0.028737,12.924461,3.000000,0.064465,0.189314,-0.271849,0.509213,OK
696,6.960000,36.920929,0.028651,12.925032,3.000000,0.064463,0.188934,-0.271940,0.509500,OK
697,6.970000,36.916334,0.028566,12.925602,3.000000,0.064460,0.188555,-0.272032,0.509785,OK
698,6.980000,36.911740,0.028481,12.926170,3.000000,0.064458,0.188175,-0.272124,0.510070,OK
699,6.990000,36.907146,0.028397,12.926736,3.000000,0.064456,0.187796,-0.272215,0.510354,OK
700,7.000000,36.902552,0.028313,12.927301,3.000000,0.064454,0.187417,-0.272306,0.510637,OK
701,7.010000,36.897959,0.028229,12.927863,3.000000,0.064452,0.187038,-0.272397,0.510920,OK
702,7.020000,36.893366,0.028146,12.928424,3.000000,0.064450,0.186659,-0.272488,0.511201,OK
703,7.030000,36.888773,0.028063,12.928984,3.000000,0.064448,0.186281,-0.272579,0.511482,OK
704,7.040000,36.884181,0.027981,12.929541,3.000000,0.064445,0.185902,-0.272669,0.511761,OK
705,7.050000,36.879589,0.027899,12.930097,3.000000,0.064443,0.185524,-0.272759,0.512040,OK
706,7.060000,36.874997,0.027817,12.930651,3.000000,0.064441,0.185146,-0.272849,0.512319,OK
707,7.070000,36.870406,0.027735,12.931204,3.000000,0.064439,0.184768,-0.272939,0.512596,OK
708,7.080000,36.865815,0.027654,12.931755,3.000000,0.064437,0.184390,-0.273029,0.512873,OK
709,7.090000,36.861224,0.027573,12.932305,3.000000,0.064435,0.184013,-0.273118,0.513148,OK
710,7.100000,36.856634,0.027492,12.932853,3.000000,0.064433,0.183636,-0.273207,0.513423,OK
711,7.110000,36.852044,0.027411,12.933400,3.000000,0.064431,0.183259,-0.273295,0.513697,OK
712,7.120000,36.847455,0.027331,12.933945,3.000000,0.064429,0.182882,-0.273384,0.513971,OK
713,7.130000,36.842866,0.027251,12.934489,3.000000,0.064426,0.182505,-0.273472,0.514243,OK
714,7.140000,36.838277,0.027171,12.935030,3.000000,0.064424,0.182129,-0.273560,0.514515,OK
715,7.150000,36.833688,0.027090,12.935571,3.000000,0.064422,0.181754,-0.273647,0.514786,OK
716,7.160000,36.829100,0.027009,12.936109,3.000000,0.064420,0.181379,-0.273733,0.515056,OK
717,7.170000,36.824513,0.026928,12.936646,3.000000,0.064418,0.181004,-0.273820,0.515325,OK
718,7.180000,36.819925,0.026848,12.937180,3.000000,0.064416,0.180630,-0.273905,0.515594,OK
719,7.190000,36.815338,0.026767,12.937714,3.000000,0.064414,0.180256,-0.273991,0.515861,OK
720,7.200000,36.810751,0.026687,12.938245,3.000000,0.064412,0.179882,-0.274076,0.516128,OK
721,7.210000,36.806165,0.026607,12.938775,3.000000,0.064410,0.179508,-0.274161,0.516394,OK
722,7.220000,36.801579,0.026527,12.939302,3.000000,0.064408,0.179135,-0.274246,0.516659,OK
723,7.230000,36.796993,0.026448,12.939828,3.000000,0.064406,0.178762,-0.274331,0.516924,OK
724,7.240000,36.792408,0.026369,12.940353,3.000000,0.064404,0.178388,-0.274415,0.517188,OK
725,7.250000,36.787823,0.026290,12.940875,3.000000,0.064402,0.178015,-0.274499,0.517451,OK
726,7.260000,36.783238,0.026212,12.941396,3.000000,0.064400,0.177642,-0.274584,0.517713,OK
727,7.270000,36.778654,0.026134,12.941915,3.000000,0.064398,0.177270,-0.274667,0.517974,OK
728,7.280000,36.774070,0.026057,12.942433,3.000000,0.064396,0.176897,-0.274751,0.518235,OK
729,7.290000,36.769486,0.025979,12.942948,3.000000,0.064394,0.176525,-0.274835,0.518494,OK
730,7.300000,36.764903,0.025903,12.943463,3.000000,0.064392,0.176152,-0.274918,0.518753,OK
731,7.310000,36.760320,0.025826,12.943975,3.000000,0.064390,0.175780,-0.275001,0.519012,OK
732,7.320000,36.755738,0.025750,12.944486,3.000000,0.064388,0.175408,-0.275085,0.519269,OK
733,7.330000,36.751156,0.025674,12.944996,3.000000,0.064386,0.175036,-0.275167,0.519526,OK
734,7.340000,36.746574,0.025598,12.945504,3.000000,0.064384,0.174665,-0.275250,0.519782,OK
735,7.350000,36.741992,0.025523,12.946011,3.000000,0.064383,0.174293,-0.275332,0.520037,OK
736,7.360000,36.737411,0.025448,12.946516,3.000000,0.064381,0.173922,-0.275414,0.520292,OK
737,7.370000,36.732831,0.025373,12.947020,3.000000,0.064379,0.173551,-0.275496,0.520545,OK
738,7.380000,36.728250,0.025298,12.947522,3.000000,0.064377,0.173180,-0.275578,0.520798,OK
739,7.390000,36.723670,0.025224,12.948024,3.000000,0.064375,0.172809,-0.275659,0.521051,OK
740,7.400000,36.719090,0.025149,12.948523,3.000000,0.064373,0.172439,-0.275741,0.521302,OK
741,7.410000,36.714511,0.025075,12.949022,3.000000,0.064371,0.172069,-0.275821,0.521553,OK
742,7.420000,36.709932,0.025001,12.949519,3.000000,0.064369,0.171699,-0.275902,0.521803,OK
743,7.430000,36.705353,0.024927,12.950014,3.000000,0.064367,0.171329,-0.275982,0.522052,OK
744,7.440000,36.700775,0.024853,12.950508,3.000000,0.064365,0.170960,-0.276062,0.522301,OK
745,7.450000,36.696197,0.024778,12.951000,3.000000,0.064363,0.170592,-0.276141,0.522548,OK
746,7.460000,36.691620,0.024703,12.951490,3.000000,0.064362,0.170224,-0.276220,0.522795,OK
747,7.470000,36.687042,0.024629,12.951979,3.000000,0.064360,0.169856,-0.276298,0.523042,OK
748,7.480000,36.682466,0.024554,12.952466,3.000000,0.064358,0.169488,-0.276376,0.523287,OK
749,7.490000,36.677889,0.024480,12.952952,3.000000,0.064356,0.169121,-0.276454,0.523532,OK
750,7.500000,36.673313,0.024406,12.953435,3.000000,0.064354,0.168754,-0.276532,0.523776,OK
751,7.510000,36.668737,0.024333,12.953918,3.000000,0.064352,0.168386,-0.276609,0.524019,OK
752,7.520000,36.664162,0.024259,12.954398,3.000000,0.064351,0.168020,-0.276687,0.524262,OK
753,7.530000,36.659587,0.024186,12.954877,3.000000,0.064349,0.167653,-0.276764,0.524504,OK
754,7.540000,36.655012,0.024114,12.955354,3.000000,0.064347,0.167286,-0.276841,0.524745,OK
755,7.550000,36.650437,0.024042,12.955829,3.000000,0.064345,0.166919,-0.276918,0.524985,OK
756,7.560000,36.645863,0.023970,12.956303,3.000000,0.064343,0.166553,-0.276994,0.525225,OK
757,7.570000,36.641290,0.023898,12.956775,3.000000,0.064341,0.166186,-0.277071,0.525464,OK
758,7.580000,36.636716,0.023827,12.957246,3.000000,0.064340,0.165820,-0.277147,0.525702,OK
759,7.590000,36.632143,0.023756,12.957715,3.000000,0.064338,0.165454,-0.277224,0.525940,OK
760,7.600000,36.627571,0.023685,12.958183,3.000000,0.064336,0.165088,-0.277300,0.526177,OK
761,7.610000,36.622999,0.023615,12.958650,3.000000,0.064334,0.164722,-0.277376,0.526413,OK
762,7.620000,36.618427,0.023545,12.959115,3.000000,0.064332,0.164357,-0.277451,0.526648,OK
763,7.630000,36.613855,0.023475,12.959578,3.000000,0.064331,0.163991,-0.277527,0.526883,OK
764,7.640000,36.609284,0.023406,12.960040,3.000000,0.064329,0.163626,-0.277602,0.527117,OK
765,7.650000,36.604713,0.023337,12.960501,3.000000,0.064327,0.163261,-0.277677,0.527351,OK
766,7.660000,36.600143,0.023267,12.960961,3.000000,0.064325,0.162896,-0.277752,0.527583,OK
767,7.670000,36.595573,0.023199,12.961420,3.000000,0.064324,0.162531,-0.277827,0.527815,OK
768,7.680000,36.591003,0.023130,12.961877,3.000000,0.064322,0.162166,-0.277901,0.528047,OK
769,7.690000,36.586433,0.023061,12.962333,3.000000,0.064320,0.161802,-0.277975,0.528277,OK
770,7.700000,36.581864,0.022993,12.962787,3.000000,0.064318,0.161438,-0.278049,0.528507,OK
771,7.710000,36.577296,0.022925,12.963241,3.000000,0.064317,0.161074,-0.278123,0.528736,OK
772,7.720000,36.572727,0.022856,12.963693,3.000000,0.064315,0.160710,-0.278196,0.528965,OK
773,7.730000,36.568159,0.022788,12.964144,3.000000,0.064313,0.160347,-0.278269,0.529193,OK
774,7.740000,36.563592,0.022721,12.964593,3.000000,0.064311,0.159983,-0.278342,0.529420,OK
775,7.750000,36.559024,0.022653,12.965041,3.000000,0.064310,0.159620,-0.278415,0.529646,OK
776,7.760000,36.554458,0.022585,12.965488,3.000000,0.064308,0.159258,-0.278487,0.529872,OK
777,7.770000,36.549891,0.022516,12.965933,3.000000,0.064306,0.158896,-0.278558,0.530098,OK
778,7.780000,36.545325,0.022448,12.966376,3.000000,0.064305,0.158534,-0.278630,0.530322,OK
779,7.790000,36.540759,0.022379,12.966818,3.000000,0.064303,0.158173,-0.278700,0.530546,OK
780,7.800000,36.536194,0.022311,12.967258,3.000000,0.064301,0.157812,-0.278771,0.530769,OK
781,7.810000,36.531629,0.022243,12.967697,3.000000,0.064300,0.157451,-0.278841,0.530991,OK
782,7.820000,36.527064,0.022175,12.968134,3.000000,0.064298,0.157090,-0.278912,0.531213,OK
783,7.830000,36.522499,0.022108,12.968569,3.000000,0.064296,0.156729,-0.278982,0.531434,OK
784,7.840000,36.517935,0.022040,12.969003,3.000000,0.064295,0.156369,-0.279051,0.531655,OK
785,7.850000,36.513372,0.021973,12.969436,3.000000,0.064293,0.156008,-0.279121,0.531874,OK
786,7.860000,36.508808,0.021907,12.969866,3.000000,0.064291,0.155648,-0.279191,0.532093,OK
787,7.870000,36.504245,0.021841,12.970295,3.000000,0.064290,0.155288,-0.279260,0.532312,OK
788,7.880000,36.499683,0.021775,12.970723,3.000000,0.064288,0.154928,-0.279330,0.532529,OK
789,7.890000,36.495121,0.021709,12.971149,3.000000,0.064286,0.154568,-0.279399,0.532747,OK
790,7.900000,36.490559,0.021644,12.971574,3.000000,0.064285,0.154208,-0.279468,0.532963,OK
791,7.910000,36.485997,0.021579,12.971997,3.000000,0.064283,0.153848,-0.279537,0.533179,OK
792,7.920000,36.481436,0.021515,12.972419,3.000000,0.064282,0.153488,-0.279606,0.533394,OK
793,7.930000,36.476875,0.021450,12.972840,3.000000,0.064280,0.153128,-0.279674,0.533608,OK
794,7.940000,36.472315,0.021386,12.973259,3.000000,0.064278,0.152769,-0.279743,0.533822,OK
795,7.950000,36.467755,0.021322,12.973677,3.000000,0.064277,0.152409,-0.279811,0.534036,OK
796,7.960000,36.463195,0.021259,12.974094,3.000000,0.064275,0.152050,-0.279879,0.534248,OK
797,7.970000,36.458635,0.021195,12.974510,3.000000,0.064273,0.151691,-0.279947,0.534460,OK
798,7.980000,36.454076,0.021132,12.974924,3.000000,0.064272,0.151332,-0.280015,0.534671,OK
799,7.990000,36.449518,0.021069,12.975338,3.000000,0.064270,0.150974,-0.280082,0.534882,OK
800,8.000000,36.444960,0.021006,12.975750,3.000000,0.064269,0.150615,-0.280150,0.535092,OK
801,8.010000,36.440402,0.020943,12.976161,3.000000,0.064267,0.150257,-0.280217,0.535302,OK
802,8.020000,36.435844,0.020881,12.976571,3.000000,0.064266,0.149899,-0.280284,0.535510,OK
803,8.030000,36.431287,0.020818,12.976980,3.000000,0.064264,0.149541,-0.280350,0.535719,OK
804,8.040000,36.426730,0.020756,12.977387,3.000000,0.064262,0.149183,-0.280417,0.535926,OK
805,8.050000,36.422174,0.020694,12.977794,3.000000,0.064261,0.148826,-0.280483,0.536133,OK
806,8.060000,36.417617,0.020632,12.978199,3.000000,0.064259,0.148468,-0.280549,0.536339,OK
807,8.070000,36.413062,0.020570,12.978603,3.000000,0.064258,0.148111,-0.280614,0.536545,OK
808,8.080000,36.408506,0.020508,12.979007,3.000000,0.064256,0.147754,-0.280680,0.536750,OK
809,8.090000,36.403951,0.020446,12.979408,3.000000,0.064255,0.147398,-0.280745,0.536955,OK
810,8.100000,36.399397,0.020385,12.979809,3.000000,0.064253,0.147041,-0.280810,0.537158,OK
811,8.110000,36.394842,0.020323,12.980208,3.000000,0.064252,0.146685,-0.280875,0.537362,OK
812,8.120000,36.390288,0.020261,12.980606,3.000000,0.064250,0.146329,-0.280939,0.537564,OK
813,8.130000,36.385735,0.020199,12.981003,3.000000,0.064249,0.145974,-0.281003,0.537766,OK
814,8.140000,36.381182,0.020137,12.981397,3.000000,0.064247,0.145619,-0.281066,0.537968,OK
815,8.150000,36.376629,0.020075,12.981790,3.000000,0.064246,0.145264,-0.281129,0.538168,OK
816,8.160000,36.372076,0.020013,12.982182,3.000000,0.064244,0.144909,-0.281192,0.538369,OK
817,8.170000,36.367524,0.019951,12.982572,3.000000,0.064243,0.144555,-0.281254,0.538568,OK
818,8.180000,36.362972,0.019889,12.982961,3.000000,0.064241,0.144201,-0.281317,0.538767,OK
819,8.190000,36.358421,0.019828,12.983348,3.000000,0.064240,0.143847,-0.281379,0.538965,OK
820,8.200000,36.353870,0.019767,12.983734,3.000000,0.064238,0.143493,-0.281441,0.539163,OK
821,8.210000,36.349319,0.019706,12.984118,3.000000,0.064237,0.143139,-0.281504,0.539360,OK
822,8.220000,36.344769,0.019646,12.984500,3.000000,0.064235,0.142785,-0.281566,0.539556,OK
823,8.230000,36.340219,0.019586,12.984881,3.000000,0.064234,0.142431,-0.281627,0.539752,OK
824,8.240000,36.335669,0.019526,12.985261,3.000000,0.064232,0.142077,-0.281689,0.539948,OK
825,8.250000,36.331120,0.019466,12.985640,3.000000,0.064231,0.141723,-0.281751,0.540142,OK
826,8.260000,36.326571,0.019407,12.986017,3.000000,0.064229,0.141370,-0.281813,0.540336,OK
827,8.270000,36.322023,0.019349,12.986393,3.000000,0.064228,0.141016,-0.281874,0.540530,OK
828,8.280000,36.317474,0.019290,12.986767,3.000000,0.064226,0.140663,-0.281935,0.540723,OK
829,8.290000,36.312927,0.019232,12.987141,3.000000,0.064225,0.140310,-0.281997,0.540915,OK
830,8.300000,36.308379,0.019174,12.987513,3.000000,0.064224,0.139956,-0.282058,0.541107,OK
831,8.310000,36.303832,0.019116,12.987884,3.000000,0.064222,0.139603,-0.282119,0.541298,OK
832,8.320000,36.299285,0.019058,12.988254,3.000000,0.064221,0.139250,-0.282179,0.541488,OK
833,8.330000,36.294739,0.019001,12.988623,3.000000,0.064219,0.138897,-0.282240,0.541678,OK
834,8.340000,36.290193,0.018944,12.988991,3.000000,0.064218,0.138545,-0.282300,0.541868,OK
835,8.350000,36.285648,0.018887,12.989357,3.000000,0.064216,0.138192,-0.282360,0.542057,OK
836,8.360000,36.281102,0.018830,12.989723,3.000000,0.064215,0.137840,-0.282420,0.542245,OK
837,8.370000,36.276557,0.018773,12.990088,3.000000,0.064214,0.137488,-0.282480,0.542433,OK
838,8.380000,36.272013,0.018716,12.990452,3.000000,0.064212,0.137136,-0.282540,0.542620,OK
839,8.390000,36.267469,0.018659,12.990814,3.000000,0.064211,0.136784,-0.282599,0.542807,OK
840,8.400000,36.262925,0.018603,12.991176,3.000000,0.064209,0.136432,-0.282658,0.542993,OK
841,8.410000,36.258382,0.018547,12.991537,3.000000,0.064208,0.136081,-0.282717,0.543178,OK
842,8.420000,36.253838,0.018490,12.991896,3.000000,0.064207,0.135730,-0.282776,0.543363,OK
843,8.430000,36.249296,0.018434,12.992255,3.000000,0.064205,0.135379,-0.282834,0.543547,OK
844,8.440000,36.244753,0.018378,12.992613,3.000000,0.064204,0.135028,-0.282892,0.543731,OK
845,8.450000,36.240212,0.018322,12.992969,3.000000,0.064202,0.134677,-0.282951,0.543914,OK
846,8.460000,36.235670,0.018267,12.993325,3.000000,0.064201,0.134326,-0.283008,0.544097,OK
847,8.470000,36.231129,0.018211,12.993679,3.000000,0.064200,0.133976,-0.283066,0.544279,OK
848,8.480000,36.226588,0.018155,12.994033,3.000000,0.064198,0.133626,-0.283124,0.544461,OK
849,8.490000,36.222047,0.018100,12.994385,3.000000,0.064197,0.133276,-0.283181,0.544642,OK
850,8.500000,36.217507,0.018045,12.994736,3.000000,0.064196,0.132926,-0.283238,0.544822,OK
851,8.510000,36.212968,0.017990,12.995085,3.000000,0.064194,0.132576,-0.283295,0.545002,OK
852,8.520000,36.208428,0.017934,12.995434,3.000000,0.064193,0.132227,-0.283351,0.545181,OK
853,8.530000,36.203889,0.017878,12.995780,3.000000,0.064192,0.131878,-0.283407,0.545360,OK
854,8.540000,36.199350,0.017822,12.996126,3.000000,0.064190,0.131530,-0.283462,0.545538,OK
855,8.550000,36.194812,0.017766,12.996470,3.000000,0.064189,0.131182,-0.283518,0.545716,OK
856,8.560000,36.190274,0.017710,12.996812,3.000000,0.064188,0.130834,-0.283573,0.545893,OK
857,8.570000,36.185737,0.017655,12.997154,3.000000,0.064186,0.130486,-0.283628,0.546070,OK
858,8.580000,36.181199,0.017599,12.997493,3.000000,0.064185,0.130138,-0.283682,0.546246,OK
859,8.590000,36.176663,0.017544,12.997832,3.000000,0.064184,0.129790,-0.283737,0.546421,OK
860,8.600000,36.172126,0.017489,12.998169,3.000000,0.064183,0.129443,-0.283791,0.546596,OK
861,8.610000,36.167590,0.017435,12.998504,3.000000,0.064181,0.129095,-0.283846,0.546770,OK
862,8.620000,36.163054,0.017380,12.998839,3.000000,0.064180,0.128747,-0.283900,0.546944,OK
863,8.630000,36.158519,0.017326,12.999172,3.000000,0.064179,0.128400,-0.283954,0.547117,OK
864,8.640000,36.153984,0.017273,12.999503,3.000000,0.064177,0.128052,-0.284009,0.547290,OK
865,8.650000,36.149449,0.017219,12.999833,3.000000,0.064176,0.127705,-0.284063,0.547462,OK
866,8.660000,36.144915,0.017166,13.000162,3.000000,0.064175,0.127358,-0.284117,0.547634,OK
867,8.670000,36.140381,0.017114,13.000490,3.000000,0.064174,0.127010,-0.284171,0.547805,OK
868,8.680000,36.135848,0.017061,13.000817,3.000000,0.064172,0.126663,-0.284225,0.547976,OK
869,8.690000,36.131314,0.017009,13.001143,3.000000,0.064171,0.126316,-0.284278,0.548146,OK
870,8.700000,36.126782,0.016957,13.001467,3.000000,0.064170,0.125969,-0.284332,0.548315,OK
871,8.710000,36.122249,0.016905,13.001791,3.000000,0.064169,0.125622,-0.284385,0.548484,OK
872,8.720000,36.117717,0.016853,13.002114,3.000000,0.064167,0.125276,-0.284439,0.548653,OK
873,8.730000,36.113185,0.016802,13.002435,3.000000,0.064166,0.124929,-0.284492,0.548821,OK
874,8.740000,36.108654,0.016751,13.002756,3.000000,0.064165,0.124582,-0.284545,0.548988,OK
875,8.750000,36.104123,0.016699,13.003076,3.000000,0.064164,0.124236,-0.284597,0.549155,OK
876,8.760000,36.099592,0.016648,13.003395,3.000000,0.064162,0.123890,-0.284650,0.549322,OK
877,8.770000,36.095062,0.016597,13.003713,3.000000,0.064161,0.123544,-0.284702,0.549488,OK
878,8.780000,36.090532,0.016546,13.004030,3.000000,0.064160,0.123198,-0.284754,0.549653,OK
879,8.790000,36.086003,0.016496,13.004346,3.000000,0.064159,0.122852,-0.284807,0.549818,OK
880,8.800000,36.081474,0.016445,13.004661,3.000000,0.064157,0.122507,-0.284858,0.549983,OK
881,8.810000,36.076945,0.016394,13.004975,3.000000,0.064156,0.122161,-0.284910,0.550147,OK
882,8.820000,36.072417,0.016344,13.005289,3.000000,0.064155,0.121816,-0.284961,0.550310,OK
883,8.830000,36.067889,0.016293,13.005601,3.000000,0.064154,0.121471,-0.285013,0.550473,OK
884,8.840000,36.063361,0.016243,13.005913,3.000000,0.064153,0.121126,-0.285064,0.550636,OK
885,8.850000,36.058834,0.016193,13.006223,3.000000,0.064151,0.120781,-0.285115,0.550797,OK
886,8.860000,36.054307,0.016143,13.006533,3.000000,0.064150,0.120436,-0.285165,0.550959,OK
887,8.870000,36.049780,0.016093,13.006841,3.000000,0.064149,0.120092,-0.285216,0.551120,OK
888,8.880000,36.045254,0.016043,13.007149,3.000000,0.064148,0.119748,-0.285266,0.551280,OK
889,8.890000,36.040728,0.015994,13.007456,3.000000,0.064147,0.119403,-0.285316,0.551440,OK
890,8.900000,36.036203,0.015944,13.007761,3.000000,0.064145,0.119059,-0.285366,0.551600,OK
891,8.910000,36.031678,0.015895,13.008066,3.000000,0.064144,0.118715,-0.285416,0.551759,OK
892,8.920000,36.027153,0.015845,13.008370,3.000000,0.064143,0.118372,-0.285466,0.551917,OK
893,8.930000,36.022629,0.015796,13.008672,3.000000,0.064142,0.118028,-0.285515,0.552075,OK
894,8.940000,36.018105,0.015747,13.008974,3.000000,0.064141,0.117685,-0.285564,0.552232,OK
895,8.950000,36.013581,0.015698,13.009274,3.000000,0.064140,0.117341,-0.285613,0.552389,OK
896,8.960000,36.009058,0.015649,13.009574,3.000000,0.064138,0.116998,-0.285662,0.552546,OK
897,8.970000,36.004535,0.015600,13.009872,3.000000,0.064137,0.116655,-0.285711,0.552702,OK
898,8.980000,36.000013,0.015552,13.010168,3.000000,0.064136,0.116312,-0.285760,0.552857,OK
899,8.990000,35.995490,0.015502,13.010464,3.000000,0.064135,0.115970,-0.285808,0.553012,OK
900,9.000000,35.990969,0.015453,13.010759,3.000000,0.064134,0.115628,-0.285855,0.553167,OK
901,9.010000,35.986447,0.015403,13.011052,3.000000,0.064133,0.115286,-0.285903,0.553321,OK
902,9.020000,35.981926,0.015354,13.011343,3.000000,0.064132,0.114945,-0.285950,0.553475,OK
903,9.030000,35.977406,0.015305,13.011634,3.000000,0.064131,0.114603,-0.285997,0.553628,OK
904,9.040000,35.972885,0.015255,13.011923,3.000000,0.064129,0.114262,-0.286043,0.553780,OK
905,9.050000,35.968366,0.015206,13.012210,3.000000,0.064128,0.113921,-0.286090,0.553932,OK
906,9.060000,35.963846,0.015157,13.012497,3.000000,0.064127,0.113580,-0.286136,0.554084,OK
907,9.070000,35.959327,0.015109,13.012782,3.000000,0.064126,0.113239,-0.286183,0.554235,OK
908,9.080000,35.954808,0.015061,13.013066,3.000000,0.064125,0.112898,-0.286229,0.554386,OK
909,9.090000,35.950290,0.015013,13.013348,3.000000,0.064124,0.112557,-0.286276,0.554536,OK
910,9.100000,35.945771,0.014965,13.013629,3.000000,0.064123,0.112216,-0.286322,0.554685,OK
911,9.110000,35.941254,0.014918,13.013910,3.000000,0.064122,0.111875,-0.286368,0.554834,OK
912,9.120000,35.936736,0.014871,13.014189,3.000000,0.064121,0.111534,-0.286414,0.554983,OK
913,9.130000,35.932219,0.014824,13.014467,3.000000,0.064120,0.111193,-0.286460,0.555131,OK
914,9.140000,35.927703,0.014778,13.014743,3.000000,0.064118,0.110852,-0.286506,0.555279,OK
915,9.150000,35.923187,0.014731,13.015019,3.000000,0.064117,0.110511,-0.286552,0.555427,OK
916,9.160000,35.918671,0.014685,13.015294,3.000000,0.064116,0.110171,-0.286598,0.555573,OK
917,9.170000,35.914155,0.014639,13.015568,3.000000,0.064115,0.109830,-0.286644,0.555720,OK
918,9.180000,35.909640,0.014594,13.015842,3.000000,0.064114,0.109490,-0.286689,0.555866,OK
919,9.190000,35.905125,0.014548,13.016114,3.000000,0.064113,0.109149,-0.286735,0.556011,OK
920,9.200000,35.900611,0.014503,13.016385,3.000000,0.064112,0.108809,-0.286780,0.556156,OK
921,9.210000,35.896097,0.014458,13.016656,3.000000,0.064111,0.108469,-0.286825,0.556301,OK
922,9.220000,35.891583,0.014413,13.016926,3.000000,0.064110,0.108129,-0.286870,0.556445,OK
923,9.230000,35.887070,0.014368,13.017195,3.000000,0.064109,0.107789,-0.286915,0.556589,OK
924,9.240000,35.882557,0.014323,13.017463,3.000000,0.064108,0.107449,-0.286959,0.556732,OK
925,9.250000,35.878045,0.014278,13.017731,3.000000,0.064107,0.107109,-0.287004,0.556875,OK
926,9.260000,35.873533,0.014233,13.017997,3.000000,0.064106,0.106770,-0.287048,0.557017,OK
927,9.270000,35.869021,0.014188,13.018263,3.000000,0.064105,0.106430,-0.287092,0.557159,OK
928,9.280000,35.864509,0.014144,13.018528,3.000000,0.064104,0.106091,-0.287136,0.557300,OK
929,9.290000,35.859998,0.014099,13.018793,3.000000,0.064103,0.105752,-0.287180,0.557441,OK
930,9.300000,35.855488,0.014055,13.019056,3.000000,0.064102,0.105413,-0.287224,0.557582,OK
931,9.310000,35.850977,0.014010,13.019319,3.000000,0.064100,0.105074,-0.287267,0.557722,OK
932,9.320000,35.846468,0.013966,13.019581,3.000000,0.064099,0.104736,-0.287310,0.557862,OK
933,9.330000,35.841958,0.013922,13.019842,3.000000,0.064098,0.104397,-0.287354,0.558001,OK
934,9.340000,35.837449,0.013878,13.020102,3.000000,0.064097,0.104059,-0.287396,0.558140,OK
935,9.350000,35.832940,0.013834,13.020361,3.000000,0.064096,0.103721,-0.287439,0.558278,OK
936,9.360000,35.828432,0.013790,13.020620,3.000000,0.064095,0.103382,-0.287482,0.558416,OK
937,9.370000,35.823924,0.013746,13.020878,3.000000,0.064094,0.103044,-0.287524,0.558553,OK
938,9.380000,35.819416,0.013703,13.021134,3.000000,0.064093,0.102707,-0.287567,0.558690,OK
939,9.390000,35.814909,0.013659,13.021390,3.000000,0.064092,0.102369,-0.287609,0.558827,OK
940,9.400000,35.810402,0.013616,13.021645,3.000000,0.064091,0.102031,-0.287651,0.558963,OK
941,9.410000,35.805895,0.013572,13.021899,3.000000,0.064090,0.101694,-0.287693,0.559099,OK
942,9.420000,35.801389,0.013529,13.022151,3.000000,0.064089,0.101356,-0.287734,0.559234,OK
943,9.430000,35.796883,0.013486,13.022403,3.000000,0.064088,0.101019,-0.287776,0.559369,OK
944,9.440000,35.792378,0.013443,13.022654,3.000000,0.064087,0.100682,-0.287817,0.559503,OK
945,9.450000,35.787873,0.013400,13.022904,3.000000,0.064087,0.100345,-0.287859,0.559637,OK
946,9.460000,35.783368,0.013357,13.023153,3.000000,0.064086,0.100008,-0.287900,0.559771,OK
947,9.470000,35.778863,0.013315,13.023402,3.000000,0.064085,0.099671,-0.287941,0.559904,OK
948,9.480000,35.774360,0.013272,13.023649,3.000000,0.064084,0.099334,-0.287982,0.560037,OK
949,9.490000,35.769856,0.013230,13.023895,3.000000,0.064083,0.098998,-0.288022,0.560169,OK
950,9.500000,35.765353,0.013187,13.024140,3.000000,0.064082,0.098661,-0.288063,0.560301,OK
951,9.510000,35.760850,0.013145,13.024385,3.000000,0.064081,0.098325,-0.288103,0.560432,OK
952,9.520000,35.756347,0.013103,13.024628,3.000000,0.064080,0.097989,-0.288144,0.560563,OK
953,9.530000,35.751845,0.013061,13.024870,3.000000,0.064079,0.097653,-0.288183,0.560694,OK
954,9.540000,35.747344,0.013018,13.025111,3.000000,0.064078,0.097317,-0.288223,0.560824,OK
955,9.550000,35.742842,0.012975,13.025351,3.000000,0.064077,0.096982,-0.288262,0.560954,OK
956,9.560000,35.738341,0.012932,13.025590,3.000000,0.064076,0.096647,-0.288301,0.561083,OK
957,9.570000,35.733841,0.012889,13.025827,3.000000,0.064075,0.096312,-0.288340,0.561212,OK
958,9.580000,35.729340,0.012847,13.026063,3.000000,0.064074,0.095977,-0.288378,0.561341,OK
959,9.590000,35.724841,0.012804,13.026298,3.000000,0.064073,0.095643,-0.288417,0.561469,OK
960,9.600000,35.720341,0.012761,13.026532,3.000000,0.064072,0.095308,-0.288455,0.561596,OK
961,9.610000,35.715842,0.012719,13.026764,3.000000,0.064072,0.094974,-0.288493,0.561723,OK
962,9.620000,35.711343,0.012677,13.026996,3.000000,0.064071,0.094639,-0.288531,0.561850,OK
963,9.630000,35.706845,0.012635,13.027226,3.000000,0.064070,0.094305,-0.288569,0.561977,OK
964,9.640000,35.702347,0.012593,13.027455,3.000000,0.064069,0.093970,-0.288607,0.562103,OK
965,9.650000,35.697849,0.012552,13.027683,3.000000,0.064068,0.093636,-0.288645,0.562228,OK
966,9.660000,35.693352,0.012511,13.027910,3.000000,0.064067,0.093302,-0.288683,0.562353,OK
967,9.670000,35.688855,0.012470,13.028137,3.000000,0.064066,0.092967,-0.288721,0.562478,OK
968,9.680000,35.684358,0.012430,13.028362,3.000000,0.064065,0.092633,-0.288759,0.562602,OK
969,9.690000,35.679862,0.012390,13.028586,3.000000,0.064064,0.092299,-0.288797,0.562726,OK
970,9.700000,35.675366,0.012350,13.028809,3.000000,0.064063,0.091964,-0.288835,0.562850,OK
971,9.710000,35.670871,0.012310,13.029032,3.000000,0.064063,0.091630,-0.288872,0.562973,OK
972,9.720000,35.666376,0.012270,13.029253,3.000000,0.064062,0.091296,-0.288910,0.563095,OK
973,9.730000,35.661881,0.012231,13.029474,3.000000,0.064061,0.090962,-0.288947,0.563218,OK
974,9.740000,35.657387,0.012191,13.029694,3.000000,0.064060,0.090628,-0.288985,0.563340,OK
975,9.750000,35.652893,0.012152,13.029914,3.000000,0.064059,0.090294,-0.289022,0.563461,OK
976,9.760000,35.648400,0.012113,13.030133,3.000000,0.064058,0.089960,-0.289059,0.563582,OK
977,9.770000,35.643906,0.012074,13.030351,3.000000,0.064057,0.089626,-0.289096,0.563703,OK
978,9.780000,35.639414,0.012035,13.030568,3.000000,0.064056,0.089293,-0.289133,0.563823,OK
979,9.790000,35.634921,0.011996,13.030785,3.000000,0.064056,0.088959,-0.289169,0.563943,OK
980,9.800000,35.630429,0.011957,13.031001,3.000000,0.064055,0.088626,-0.289206,0.564063,OK
981,9.810000,35.625937,0.011919,13.031216,3.000000,0.064054,0.088292,-0.289242,0.564182,OK
982,9.820000,35.621446,0.011880,13.031431,3.000000,0.064053,0.087959,-0.289278,0.564301,OK
983,9.830000,35.616955,0.011841,13.031645,3.000000,0.064052,0.087626,-0.289314,0.564419,OK
984,9.840000,35.612465,0.011803,13.031858,3.000000,0.064051,0.087293,-0.289350,0.564537,OK
985,9.850000,35.607974,0.011764,13.032071,3.000000,0.064050,0.086961,-0.289386,0.564655,OK
986,9.860000,35.603485,0.011726,13.032283,3.000000,0.064050,0.086628,-0.289422,0.564772,OK
987,9.870000,35.598995,0.011688,13.032494,3.000000,0.064049,0.086295,-0.289457,0.564889,OK
988,9.880000,35.594506,0.011649,13.032705,3.000000,0.064048,0.085963,-0.289492,0.565006,OK
989,9.890000,35.590017,0.011611,13.032914,3.000000,0.064047,0.085631,-0.289528,0.565122,OK
990,9.900000,35.585529,0.011573,13.033123,3.000000,0.064046,0.085299,-0.289563,0.565237,OK
991,9.910000,35.581041,0.011535,13.033332,3.000000,0.064045,0.084967,-0.289597,0.565353,OK
992,9.920000,35.576554,0.011497,13.033539,3.000000,0.064045,0.084635,-0.289632,0.565468,OK
993,9.930000,35.572066,0.011459,13.033746,3.000000,0.064044,0.084303,-0.289667,0.565582,OK
994,9.940000,35.567580,0.011422,13.033952,3.000000,0.064043,0.083971,-0.289701,0.565697,OK
995,9.950000,35.563093,0.011384,13.034157,3.000000,0.064042,0.083639,-0.289736,0.565810,OK
996,9.960000,35.558607,0.011346,13.034361,3.000000,0.064041,0.083308,-0.289770,0.565924,OK
997,9.970000,35.554121,0.011309,13.034564,3.000000,0.064041,0.082976,-0.289804,0.566037,OK
998,9.980000,35.549636,0.011272,13.034767,3.000000,0.064040,0.082645,-0.289838,0.566150,OK
999,9.990000,35.545151,0.011234,13.034968,3.000000,0.064039,0.082314,-0.289872,0.566262,OK
1000,10.000000,35.540667,0.011197,13.035169,3.000000,0.064038,0.081983,-0.289905,0.566374,OK
1001,10.010000,35.536182,0.011160,13.035369,3.000000,0.064037,0.081652,-0.289939,0.566486,OK
1002,10.020000,35.531699,0.011123,13.035568,3.000000,0.064037,0.081321,-0.289972,0.566597,OK
1003,10.030000,35.527215,0.011086,13.035766,3.000000,0.064036,0.080990,-0.290006,0.566708,OK
1004,10.040000,35.522732,0.011049,13.035964,3.000000,0.064035,0.080659,-0.290039,0.566818,OK
1005,10.050000,35.518249,0.011013,13.036161,3.000000,0.064034,0.080328,-0.290072,0.566928,OK
1006,10.060000,35.513767,0.010976,13.036356,3.000000,0.064033,0.079998,-0.290105,0.567038,OK
1007,10.070000,35.509285,0.010940,13.036551,3.000000,0.064033,0.079667,-0.290137,0.567147,OK
1008,10.080000,35.504804,0.010903,13.036745,3.000000,0.064032,0.079337,-0.290170,0.567256,OK
1009,10.090000,35.500322,0.010867,13.036939,3.000000,0.064031,0.079006,-0.290203,0.567365,OK
1010,10.100000,35.495842,0.010831,13.037131,3.000000,0.064030,0.078676,-0.290235,0.567473,OK
1011,10.110000,35.491361,0.010795,13.037323,3.000000,0.064030,0.078346,-0.290267,0.567581,OK
1012,10.120000,35.486881,0.010759,13.037514,3.000000,0.064029,0.078016,-0.290300,0.567689,OK
1013,10.130000,35.482401,0.010723,13.037704,3.000000,0.064028,0.077686,-0.290332,0.567796,OK
1014,10.140000,35.477922,0.010687,13.037893,3.000000,0.064027,0.077356,-0.290364,0.567903,OK
1015,10.150000,35.473443,0.010651,13.038081,3.000000,0.064027,0.077027,-0.290395,0.568010,OK
1016,10.160000,35.468965,0.010616,13.038269,3.000000,0.064026,0.076697,-0.290427,0.568116,OK
1017,10.170000,35.464486,0.010580,13.038455,3.000000,0.064025,0.076367,-0.290459,0.568222,OK
1018,10.180000,35.460009,0.010544,13.038641,3.000000,0.064024,0.076038,-0.290490,0.568327,OK
1019,10.190000,35.455531,0.010509,13.038826,3.000000,0.064024,0.075709,-0.290521,0.568432,OK
1020,10.200000,35.451054,0.010474,13.039011,3.000000,0.064023,0.075379,-0.290553,0.568537,OK
1021,10.210000,35.446578,0.010439,13.039194,3.000000,0.064022,0.075050,-0.290584,0.568641,OK
1022,10.220000,35.442101,0.010403,13.039376,3.000000,0.064021,0.074721,-0.290615,0.568745,OK
1023,10.230000,35.437625,0.010368,13.039558,3.000000,0.064021,0.074393,-0.290645,0.568849,OK
1024,10.240000,35.433150,0.010331,13.039738,3.000000,0.064020,0.074064,-0.290675,0.568952,OK
1025,10.250000,35.428675,0.010295,13.039917,3.000000,0.064019,0.073736,-0.290705,0.569055,OK
1026,10.260000,35.424200,0.010259,13.040096,3.000000,0.064019,0.073408,-0.290734,0.569158,OK
1027,10.270000,35.419725,0.010223,13.040273,3.000000,0.064018,0.073081,-0.290764,0.569260,OK
1028,10.280000,35.415251,0.010187,13.040449,3.000000,0.064017,0.072753,-0.290793,0.569362,OK
1029,10.290000,35.410778,0.010151,13.040624,3.000000,0.064016,0.072426,-0.290822,0.569463,OK
1030,10.300000,35.406304,0.010115,13.040797,3.000000,0.064016,0.072098,-0.290851,0.569565,OK
1031,10.310000,35.401831,0.010080,13.040970,3.000000,0.064015,0.071770,-0.290881,0.569665,OK
1032,10.320000,35.397359,0.010045,13.041142,3.000000,0.064014,0.071443,-0.290910,0.569766,OK
1033,10.330000,35.392886,0.010010,13.041313,3.000000,0.064014,0.071115,-0.290939,0.569866,OK
1034,10.340000,35.388415,0.009975,13.041483,3.000000,0.064013,0.070788,-0.290968,0.569966,OK
1035,10.350000,35.383943,0.009941,13.041652,3.000000,0.064012,0.070460,-0.290997,0.570065,OK
1036,10.360000,35.379472,0.009907,13.041820,3.000000,0.064012,0.070133,-0.291026,0.570164,OK
1037,10.370000,35.375001,0.009873,13.041988,3.000000,0.064011,0.069805,-0.291055,0.570263,OK
1038,10.380000,35.370531,0.009839,13.042154,3.000000,0.064010,0.069477,-0.291084,0.570361,OK
1039,10.390000,35.366061,0.009805,13.042320,3.000000,0.064010,0.069150,-0.291113,0.570459,OK
1040,10.400000,35.361592,0.009772,13.042485,3.000000,0.064009,0.068822,-0.291142,0.570557,OK
1041,10.410000,35.357122,0.009739,13.042649,3.000000,0.064008,0.068495,-0.291171,0.570654,OK
1042,10.420000,35.352653,0.009706,13.042813,3.000000,0.064008,0.068167,-0.291199,0.570751,OK
1043,10.430000,35.348185,0.009673,13.042976,3.000000,0.064007,0.067840,-0.291228,0.570848,OK
1044,10.440000,35.343717,0.009640,13.043139,3.000000,0.064006,0.067512,-0.291256,0.570945,OK
1045,10.450000,35.339249,0.009608,13.043301,3.000000,0.064006,0.067185,-0.291285,0.571041,OK
1046,10.460000,35.334782,0.009575,13.043462,3.000000,0.064005,0.066858,-0.291313,0.571136,OK
1047,10.470000,35.330315,0.009542,13.043623,3.000000,0.064004,0.066531,-0.291341,0.571232,OK
1048,10.480000,35.325848,0.009510,13.043783,3.000000,0.064004,0.066204,-0.291369,0.571327,OK
1049,10.490000,35.321382,0.009477,13.043943,3.000000,0.064003,0.065877,-0.291397,0.571422,OK
1050,10.500000,35.316916,0.009445,13.044102,3.000000,0.064002,0.065550,-0.291425,0.571516,OK
1051,10.510000,35.312451,0.009413,13.044260,3.000000,0.064002,0.065224,-0.291453,0.571610,OK
1052,10.520000,35.307986,0.009380,13.044419,3.000000,0.064001,0.064897,-0.291480,0.571704,OK
1053,10.530000,35.303521,0.009348,13.044576,3.000000,0.064000,0.064571,-0.291508,0.571798,OK
1054,10.540000,35.299057,0.009316,13.044733,3.000000,0.064000,0.064244,-0.291535,0.571891,OK
1055,10.550000,35.294593,0.009283,13.044889,3.000000,0.063999,0.063918,-0.291562,0.571984,OK
1056,10.560000,35.290129,0.009251,13.045045,3.000000,0.063998,0.063592,-0.291589,0.572076,OK
1057,10.570000,35.285666,0.009219,13.045200,3.000000,0.063998,0.063266,-0.291616,0.572168,OK
1058,10.580000,35.281203,0.009187,13.045355,3.000000,0.063997,0.062940,-0.291642,0.572260,OK
1059,10.590000,35.276741,0.009155,13.045509,3.000000,0.063996,0.062614,-0.291669,0.572352,OK
1060,10.600000,35.272279,0.009123,13.045662,3.000000,0.063996,0.062288,-0.291696,0.572443,OK
1061,10.610000,35.267817,0.009092,13.045814,3.000000,0.063995,0.061963,-0.291722,0.572534,OK
1062,10.620000,35.263356,0.009060,13.045966,3.000000,0.063995,0.061637,-0.291748,0.572624,OK
1063,10.630000,35.258895,0.009028,13.046118,3.000000,0.063994,0.061312,-0.291774,0.572715,OK
1064,10.640000,35.254434,0.008997,13.046268,3.000000,0.063993,0.060986,-0.291800,0.572805,OK
1065,10.650000,35.249974,0.008965,13.046418,3.000000,0.063993,0.060661,-0.291826,0.572894,OK
1066,10.660000,35.245514,0.008934,13.046567,3.000000,0.063992,0.060335,-0.291852,0.572984,OK
1067,10.670000,35.241055,0.008902,13.046715,3.000000,0.063992,0.060010,-0.291878,0.573073,OK
1068,10.680000,35.236596,0.008871,13.046863,3.000000,0.063991,0.059685,-0.291903,0.573161,OK
1069,10.690000,35.232137,0.008840,13.047009,3.000000,0.063990,0.059360,-0.291929,0.573250,OK
1070,10.700000,35.227679,0.008809,13.047156,3.000000,0.063990,0.059035,-0.291954,0.573338,OK
1071,10.710000,35.223221,0.008778,13.047301,3.000000,0.063989,0.058710,-0.291979,0.573426,OK
1072,10.720000,35.218764,0.008747,13.047446,3.000000,0.063989,0.058386,-0.292004,0.573513,OK
1073,10.730000,35.214306,0.008716,13.047590,3.000000,0.063988,0.058061,-0.292030,0.573600,OK
1074,10.740000,35.209850,0.008685,13.047733,3.000000,0.063987,0.057736,-0.292054,0.573687,OK
1075,10.750000,35.205393,0.008654,13.047875,3.000000,0.063987,0.057412,-0.292079,0.573774,OK
1076,10.760000,35.200937,0.008624,13.048017,3.000000,0.063986,0.057087,-0.292104,0.573860,OK
1077,10.770000,35.196482,0.008593,13.048158,3.000000,0.063986,0.056763,-0.292129,0.573946,OK
1078,10.780000,35.192026,0.008563,13.048299,3.000000,0.063985,0.056438,-0.292153,0.574031,OK
1079,10.790000,35.187571,0.008532,13.048438,3.000000,0.063984,0.056114,-0.292178,0.574117,OK
1080,10.800000,35.183117,0.008502,13.048577,3.000000,0.063984,0.055790,-0.292202,0.574202,OK
1081,10.810000,35.178663,0.008472,13.048715,3.000000,0.063983,0.055466,-0.292226,0.574286,OK
1082,10.820000,35.174209,0.008441,13.048853,3.000000,0.063983,0.055142,-0.292250,0.574371,OK
1083,10.830000,35.169756,0.008411,13.048989,3.000000,0.063982,0.054818,-0.292274,0.574455,OK
1084,10.840000,35.165303,0.008381,13.049125,3.000000,0.063982,0.054494,-0.292298,0.574539,OK
1085,10.850000,35.160850,0.008351,13.049261,3.000000,0.063981,0.054170,-0.292322,0.574622,OK
1086,10.860000,35.156398,0.008321,13.049395,3.000000,0.063980,0.053846,-0.292346,0.574706,OK
1087,10.870000,35.151946,0.008292,13.049529,3.000000,0.063980,0.053523,-0.292369,0.574788,OK
1088,10.880000,35.147494,0.008262,13.049663,3.000000,0.063979,0.053199,-0.292393,0.574871,OK
1089,10.890000,35.143043,0.008232,13.049795,3.000000,0.063979,0.052875,-0.292416,0.574953,OK
1090,10.900000,35.138592,0.008203,13.049927,3.000000,0.063978,0.052552,-0.292439,0.575035,OK
1091,10.910000,35.134142,0.008173,13.050058,3.000000,0.063978,0.052229,-0.292462,0.575117,OK
1092,10.920000,35.129692,0.008144,13.050189,3.000000,0.063977,0.051905,-0.292485,0.575199,OK
1093,10.930000,35.125243,0.008114,13.050318,3.000000,0.063977,0.051582,-0.292508,0.575280,OK
1094,10.940000,35.120793,0.008085,13.050447,3.000000,0.063976,0.051259,-0.292531,0.575361,OK
1095,10.950000,35.116344,0.008056,13.050576,3.000000,0.063976,0.050936,-0.292554,0.575441,OK
1096,10.960000,35.111896,0.008027,13.050704,3.000000,0.063975,0.050613,-0.292577,0.575521,OK
1097,10.970000,35.107448,0.007998,13.050831,3.000000,0.063974,0.050290,-0.292599,0.575601,OK
1098,10.980000,35.103000,0.007969,13.050957,3.000000,0.063974,0.049967,-0.292622,0.575681,OK
1099,10.990000,35.098553,0.007940,13.051083,3.000000,0.063973,0.049644,-0.292644,0.575760,OK
1100,11.000000,35.094106,0.007911,13.051208,3.000000,0.063973,0.049322,-0.292666,0.575840,OK
1101,11.010000,35.089659,0.007882,13.051332,3.000000,0.063972,0.048999,-0.292688,0.575918,OK
1102,11.020000,35.085213,0.007853,13.051455,3.000000,0.063972,0.048676,-0.292710,0.575997,OK
1103,11.030000,35.080767,0.007825,13.051578,3.000000,0.063971,0.048354,-0.292732,0.576075,OK
1104,11.040000,35.076322,0.007796,13.051701,3.000000,0.063971,0.048031,-0.292754,0.576153,OK
1105,11.050000,35.071877,0.007767,13.051822,3.000000,0.063970,0.047709,-0.292776,0.576231,OK
1106,11.060000,35.067432,0.007739,13.051943,3.000000,0.063970,0.047387,-0.292797,0.576308,OK
1107,11.070000,35.062988,0.007711,13.052064,3.000000,0.063969,0.047065,-0.292819,0.576385,OK
1108,11.080000,35.058544,0.007682,13.052183,3.000000,0.063969,0.046742,-0.292840,0.576462,OK
1109,11.090000,35.054100,0.007654,13.052302,3.000000,0.063968,0.046420,-0.292862,0.576539,OK
1110,11.100000,35.049657,0.007626,13.052420,3.000000,0.063968,0.046098,-0.292883,0.576615,OK
1111,11.110000,35.045214,0.007598,13.052538,3.000000,0.063967,0.045776,-0.292904,0.576691,OK
1112,11.120000,35.040772,0.007570,13.052655,3.000000,0.063967,0.045455,-0.292925,0.576767,OK
1113,11.130000,35.036329,0.007542,13.052771,3.000000,0.063966,0.045133,-0.292946,0.576842,OK
1114,11.140000,35.031888,0.007514,13.052887,3.000000,0.063966,0.044811,-0.292967,0.576917,OK
1115,11.150000,35.027446,0.007486,13.053001,3.000000,0.063965,0.044489,-0.292988,0.576992,OK
1116,11.160000,35.023006,0.007458,13.053116,3.000000,0.063965,0.044168,-0.293008,0.577067,OK
1117,11.170000,35.018565,0.007431,13.053229,3.000000,0.063964,0.043846,-0.293029,0.577141,OK
1118,11.180000,35.014125,0.007403,13.053342,3.000000,0.063964,0.043525,-0.293049,0.577215,OK
1119,11.190000,35.009685,0.007374,13.053454,3.000000,0.063963,0.043204,-0.293069,0.577289,OK
1120,11.200000,35.005246,0.007346,13.053564,3.000000,0.063963,0.042883,-0.293089,0.577362,OK
1121,11.210000,35.000806,0.007317,13.053674,3.000000,0.063962,0.042563,-0.293108,0.577435,OK
1122,11.220000,34.996368,0.007288,13.053783,3.000000,0.063962,0.042243,-0.293127,0.577508,OK
1123,11.230000,34.991930,0.007259,13.053891,3.000000,0.063962,0.041923,-0.293146,0.577581,OK
1124,11.240000,34.987492,0.007231,13.053998,3.000000,0.063961,0.041602,-0.293165,0.577653,OK
1125,11.250000,34.983054,0.007202,13.054104,3.000000,0.063961,0.041282,-0.293184,0.577725,OK
1126,11.260000,34.978617,0.007174,13.054210,3.000000,0.063960,0.040962,-0.293203,0.577797,OK
1127,11.270000,34.974180,0.007146,13.054314,3.000000,0.063960,0.040642,-0.293221,0.577868,OK
1128,11.280000,34.969744,0.007118,13.054418,3.000000,0.063959,0.040322,-0.293240,0.577939,OK
1129,11.290000,34.965308,0.007090,13.054520,3.000000,0.063959,0.040002,-0.293259,0.578010,OK
1130,11.300000,34.960872,0.007062,13.054622,3.000000,0.063958,0.039682,-0.293278,0.578081,OK
1131,11.310000,34.956437,0.007035,13.054723,3.000000,0.063958,0.039361,-0.293297,0.578151,OK
1132,11.320000,34.952002,0.007008,13.054824,3.000000,0.063958,0.039041,-0.293316,0.578221,OK
1133,11.330000,34.947567,0.006981,13.054923,3.000000,0.063957,0.038721,-0.293334,0.578291,OK
1134,11.340000,34.943133,0.006955,13.055022,3.000000,0.063957,0.038400,-0.293353,0.578361,OK
1135,11.350000,34.938699,0.006928,13.055120,3.000000,0.063956,0.038080,-0.293372,0.578430,OK
1136,11.360000,34.934266,0.006902,13.055218,3.000000,0.063956,0.037760,-0.293391,0.578499,OK
1137,11.370000,34.929833,0.006876,13.055315,3.000000,0.063955,0.037439,-0.293410,0.578568,OK
1138,11.380000,34.925400,0.006850,13.055412,3.000000,0.063955,0.037119,-0.293428,0.578636,OK
1139,11.390000,34.920968,0.006824,13.055508,3.000000,0.063954,0.036799,-0.293447,0.578705,OK
1140,11.400000,34.916536,0.006799,13.055604,3.000000,0.063954,0.036479,-0.293465,0.578773,OK
1141,11.410000,34.912104,0.006773,13.055699,3.000000,0.063954,0.036159,-0.293484,0.578840,OK
1142,11.420000,34.907673,0.006747,13.055794,3.000000,0.063953,0.035839,-0.293502,0.578908,OK
1143,11.430000,34.903242,0.006722,13.055889,3.000000,0.063953,0.035519,-0.293521,0.578975,OK
1144,11.440000,34.898812,0.006696,13.055983,3.000000,0.063952,0.035199,-0.293539,0.579042,OK
1145,11.450000,34.894382,0.006671,13.056076,3.000000,0.063952,0.034879,-0.293557,0.579109,OK
1146,11.460000,34.889952,0.006645,13.056170,3.000000,0.063951,0.034559,-0.293575,0.579175,OK
1147,11.470000,34.885523,0.006620,13.056262,3.000000,0.063951,0.034239,-0.293592,0.579241,OK
1148,11.480000,34.881094,0.006594,13.056355,3.000000,0.063951,0.033920,-0.293610,0.579307,OK
1149,11.490000,34.876666,0.006569,13.056447,3.000000,0.063950,0.033600,-0.293628,0.579373,OK
1150,11.500000,34.872237,0.006543,13.056538,3.000000,0.063950,0.033281,-0.293645,0.579438,OK
1151,11.510000,34.867810,0.006518,13.056629,3.000000,0.063949,0.032962,-0.293662,0.579504,OK
1152,11.520000,34.863382,0.006492,13.056720,3.000000,0.063949,0.032642,-0.293680,0.579568,OK
1153,11.530000,34.858955,0.006467,13.056810,3.000000,0.063949,0.032323,-0.293697,0.579633,OK
1154,11.540000,34.854529,0.006442,13.056900,3.000000,0.063948,0.032004,-0.293714,0.579698,OK
1155,11.550000,34.850102,0.006417,13.056989,3.000000,0.063948,0.031685,-0.293731,0.579762,OK
1156,11.560000,34.845677,0.006391,13.057077,3.000000,0.063947,0.031366,-0.293748,0.579826,OK
1157,11.570000,34.841251,0.006366,13.057165,3.000000,0.063947,0.031047,-0.293764,0.579889,OK
1158,11.580000,34.836826,0.006341,13.057253,3.000000,0.063947,0.030728,-0.293781,0.579953,OK
1159,11.590000,34.832401,0.006316,13.057340,3.000000,0.063946,0.030409,-0.293798,0.580016,OK
1160,11.600000,34.827977,0.006291,13.057426,3.000000,0.063946,0.030091,-0.293814,0.580079,OK
1161,11.610000,34.823553,0.006266,13.057512,3.000000,0.063945,0.029772,-0.293830,0.580141,OK
1162,11.620000,34.819129,0.006241,13.057597,3.000000,0.063945,0.029453,-0.293847,0.580204,OK
1163,11.630000,34.814706,0.006216,13.057681,3.000000,0.063945,0.029135,-0.293863,0.580266,OK
1164,11.640000,34.810283,0.006192,13.057765,3.000000,0.063944,0.028816,-0.293879,0.580328,OK
1165,11.650000,34.805861,0.006167,13.057849,3.000000,0.063944,0.028498,-0.293895,0.580390,OK
1166,11.660000,34.801439,0.006142,13.057931,3.000000,0.063944,0.028180,-0.293911,0.580451,OK
1167,11.670000,34.797017,0.006118,13.058014,3.000000,0.063943,0.027861,-0.293927,0.580512,OK
1168,11.680000,34.792596,0.006093,13.058095,3.000000,0.063943,0.027543,-0.293942,0.580573,OK
1169,11.690000,34.788175,0.006069,13.058176,3.000000,0.063942,0.027225,-0.293958,0.580634,OK
1170,11.700000,34.783754,0.006044,13.058256,3.000000,0.063942,0.026907,-0.293974,0.580694,OK
1171,11.710000,34.779334,0.006020,13.058336,3.000000,0.063942,0.026589,-0.293989,0.580754,OK
1172,11.720000,34.774914,0.005996,13.058414,3.000000,0.063941,0.026271,-0.294005,0.580814,OK
1173,11.730000,34.770495,0.005972,13.058493,3.000000,0.063941,0.025953,-0.294020,0.580874,OK
1174,11.740000,34.766076,0.005947,13.058570,3.000000,0.063941,0.025635,-0.294035,0.580934,OK
1175,11.750000,34.761657,0.005923,13.058647,3.000000,0.063940,0.025317,-0.294050,0.580993,OK
1176,11.760000,34.757239,0.005899,13.058724,3.000000,0.063940,0.024999,-0.294066,0.581052,OK
1177,11.770000,34.752821,0.005875,13.058800,3.000000,0.063939,0.024681,-0.294081,0.581111,OK
1178,11.780000,34.748403,0.005852,13.058875,3.000000,0.063939,0.024364,-0.294096,0.581169,OK
1179,11.790000,34.743986,0.005828,13.058950,3.000000,0.063939,0.024046,-0.294110,0.581227,OK
1180,11.800000,34.739570,0.005804,13.059024,3.000000,0.063938,0.023728,-0.294125,0.581285,OK
1181,11.810000,34.735153,0.005780,13.059098,3.000000,0.063938,0.023411,-0.294140,0.581343,OK
1182,11.820000,34.730737,0.005757,13.059171,3.000000,0.063938,0.023093,-0.294154,0.581401,OK
1183,11.830000,34.726321,0.005733,13.059243,3.000000,0.063937,0.022776,-0.294169,0.581458,OK
1184,11.840000,34.721906,0.005709,13.059315,3.000000,0.063937,0.022459,-0.294183,0.581515,OK
1185,11.850000,34.717491,0.005686,13.059386,3.000000,0.063937,0.022141,-0.294198,0.581572,OK
1186,11.860000,34.713077,0.005662,13.059457,3.000000,0.063936,0.021824,-0.294212,0.581629,OK
1187,11.870000,34.708663,0.005639,13.059527,3.000000,0.063936,0.021507,-0.294226,0.581685,OK
1188,11.880000,34.704249,0.005616,13.059597,3.000000,0.063936,0.021190,-0.294240,0.581741,OK
1189,11.890000,34.699836,0.005592,13.059666,3.000000,0.063935,0.020873,-0.294254,0.581797,OK
1190,11.900000,34.695423,0.005569,13.059734,3.000000,0.063935,0.020556,-0.294268,0.581853,OK
1191,11.910000,34.691010,0.005546,13.059802,3.000000,0.063935,0.020239,-0.294282,0.581908,OK
1192,11.920000,34.686598,0.005523,13.059870,3.000000,0.063934,0.019922,-0.294296,0.581964,OK
1193,11.930000,34.682186,0.005500,13.059936,3.000000,0.063934,0.019605,-0.294309,0.582019,OK
1194,11.940000,34.677774,0.005477,13.060003,3.000000,0.063934,0.019288,-0.294323,0.582073,OK
1195,11.950000,34.673363,0.005454,13.060068,3.000000,0.063933,0.018971,-0.294336,0.582128,OK
1196,11.960000,34.668953,0.005431,13.060133,3.000000,0.063933,0.018655,-0.294350,0.582182,OK
1197,11.970000,34.664542,0.005408,13.060198,3.000000,0.063933,0.018338,-0.294363,0.582236,OK
1198,11.980000,34.660132,0.005385,13.060262,3.000000,0.063933,0.018021,-0.294376,0.582290,OK
1199,11.990000,34.655723,0.005362,13.060325,3.000000,0.063932,0.017705,-0.294389,0.582344,OK
1200,12.000000,34.651313,0.005340,13.060388,3.000000,0.063932,0.017388,-0.294402,0.582397,OK
1201,12.010000,34.646905,0.005317,13.060450,3.000000,0.063932,0.017072,-0.294415,0.582450,OK
1202,12.020000,34.642496,0.005295,13.060512,3.000000,0.063931,0.016755,-0.294428,0.582503,OK
1203,12.030000,34.638088,0.005272,13.060573,3.000000,0.063931,0.016439,-0.294441,0.582556,OK
1204,12.040000,34.633680,0.005249,13.060634,3.000000,0.063931,0.016123,-0.294454,0.582608,OK
1205,12.050000,34.629273,0.005227,13.060694,3.000000,0.063930,0.015807,-0.294467,0.582661,OK
1206,12.060000,34.624866,0.005205,13.060753,3.000000,0.063930,0.015490,-0.294479,0.582713,OK
1207,12.070000,34.620460,0.005182,13.060812,3.000000,0.063930,0.015174,-0.294492,0.582765,OK
1208,12.080000,34.616053,0.005160,13.060870,3.000000,0.063929,0.014858,-0.294504,0.582816,OK
1209,12.090000,34.611648,0.005138,13.060928,3.000000,0.063929,0.014542,-0.294516,0.582868,OK
1210,12.100000,34.607242,0.005116,13.060985,3.000000,0.063929,0.014226,-0.294529,0.582919,OK
1211,12.110000,34.602837,0.005093,13.061042,3.000000,0.063929,0.013910,-0.294541,0.582970,OK
1212,12.120000,34.598432,0.005071,13.061098,3.000000,0.063928,0.013594,-0.294553,0.583020,OK
1213,12.130000,34.594028,0.005049,13.061154,3.000000,0.063928,0.013279,-0.294565,0.583071,OK
1214,12.140000,34.589624,0.005027,13.061209,3.000000,0.063928,0.012963,-0.294577,0.583121,OK
1215,12.150000,34.585221,0.005005,13.061263,3.000000,0.063927,0.012647,-0.294589,0.583171,OK
1216,12.160000,34.580817,0.004984,13.061317,3.000000,0.063927,0.012331,-0.294601,0.583221,OK
1217,12.170000,34.576415,0.004962,13.061371,3.000000,0.063927,0.012016,-0.294612,0.583271,OK
1218,12.180000,34.572012,0.004940,13.061423,3.000000,0.063927,0.011700,-0.294624,0.583320,OK
1219,12.190000,34.567610,0.004918,13.061476,3.000000,0.063926,0.011385,-0.294636,0.583369,OK
1220,12.200000,34.563209,0.004897,13.061527,3.000000,0.063926,0.011069,-0.294647,0.583418,OK
1221,12.210000,34.558807,0.004875,13.061579,3.000000,0.063926,0.010754,-0.294658,0.583467,OK
1222,12.220000,34.554406,0.004853,13.061629,3.000000,0.063926,0.010438,-0.294670,0.583515,OK
1223,12.230000,34.550006,0.004832,13.061679,3.000000,0.063925,0.010123,-0.294681,0.583564,OK
1224,12.240000,34.545606,0.004810,13.061729,3.000000,0.063925,0.009808,-0.294692,0.583612,OK
1225,12.250000,34.541206,0.004789,13.061778,3.000000,0.063925,0.009493,-0.294703,0.583660,OK
1226,12.260000,34.536807,0.004768,13.061826,3.000000,0.063925,0.009177,-0.294714,0.583707,OK
1227,12.270000,34.532408,0.004746,13.061874,3.000000,0.063924,0.008862,-0.294725,0.583755,OK
1228,12.280000,34.528009,0.004725,13.061922,3.000000,0.063924,0.008547,-0.294736,0.583802,OK
1229,12.290000,34.523611,0.004704,13.061969,3.000000,0.063924,0.008232,-0.294747,0.583849,OK
1230,12.300000,34.519213,0.004682,13.062015,3.000000,0.063923,0.007917,-0.294758,0.583896,OK
1231,12.310000,34.514815,0.004661,13.062061,3.000000,0.063923,0.007602,-0.294768,0.583943,OK
1232,12.320000,34.510418,0.004640,13.062106,3.000000,0.063923,0.007287,-0.294779,0.583989,OK
1233,12.330000,34.506021,0.004619,13.062151,3.000000,0.063923,0.006973,-0.294789,0.584035,OK
1234,12.340000,34.501625,0.004598,13.062195,3.000000,0.063923,0.006658,-0.294800,0.584081,OK
1235,12.350000,34.497229,0.004577,13.062239,3.000000,0.063922,0.006343,-0.294810,0.584127,OK
1236,12.360000,34.492834,0.004556,13.062282,3.000000,0.063922,0.006028,-0.294820,0.584173,OK
1237,12.370000,34.488438,0.004536,13.062324,3.000000,0.063922,0.005714,-0.294830,0.584218,OK
1238,12.380000,34.484043,0.004515,13.062366,3.000000,0.063922,0.005399,-0.294840,0.584263,OK
1239,12.390000,34.479649,0.004494,13.062408,3.000000,0.063921,0.005084,-0.294850,0.584308,OK
1240,12.400000,34.475255,0.004473,13.062449,3.000000,0.063921,0.004770,-0.294860,0.584353,OK
1241,12.410000,34.470861,0.004453,13.062489,3.000000,0.063921,0.004455,-0.294870,0.584397,OK
1242,12.420000,34.466468,0.004432,13.062529,3.000000,0.063921,0.004141,-0.294880,0.584442,OK
1243,12.430000,34.462075,0.004411,13.062569,3.000000,0.063920,0.003827,-0.294890,0.584486,OK
1244,12.440000,34.457682,0.004391,13.062608,3.000000,0.063920,0.003512,-0.294899,0.584530,OK
1245,12.450000,34.453290,0.004370,13.062646,3.000000,0.063920,0.003198,-0.294909,0.584573,OK
1246,12.460000,34.448898,0.004350,13.062684,3.000000,0.063920,0.002884,-0.294918,0.584617,OK
1247,12.470000,34.444507,0.004330,13.062721,3.000000,0.063919,0.002570,-0.294928,0.584660,OK
1248,12.480000,34.440116,0.004309,13.062758,3.000000,0.063919,0.002256,-0.294937,0.584703,OK
1249,12.490000,34.435725,0.004289,13.062794,3.000000,0.063919,0.001941,-0.294946,0.584746,OK
1250,12.500000,34.431335,0.004269,13.062830,3.000000,0.063919,0.001627,-0.294956,0.584789,OK
1251,12.510000,34.426945,0.004248,13.062865,3.000000,0.063919,0.001313,-0.294965,0.584831,OK
1252,12.520000,34.422555,0.004228,13.062900,3.000000,0.063918,0.000999,-0.294974,0.584874,OK
1253,12.530000,34.418166,0.004208,13.062934,3.000000,0.063918,0.000685,-0.294983,0.584916,OK
1254,12.540000,34.413777,0.004188,13.062968,3.000000,0.063918,0.000372,-0.294992,0.584958,OK
1255,12.550000,34.409389,0.004168,13.063001,3.000000,0.063918,0.000058,-0.295000,0.584999,OK
1256,12.560000,34.405001,0.004148,13.063034,3.000000,0.063918,-0.000256,-0.295009,0.585041,OK
1257,12.570000,34.400613,0.004128,13.063066,3.000000,0.063917,-0.000570,-0.295018,0.585082,OK
1258,12.580000,34.396226,0.004108,13.063098,3.000000,0.063917,-0.000883,-0.295027,0.585123,OK
1259,12.590000,34.391839,0.004088,13.063129,3.000000,0.063917,-0.001197,-0.295035,0.585164,OK
1260,12.600000,34.387452,0.004069,13.063160,3.000000,0.063917,-0.001511,-0.295044,0.585205,OK
1261,12.610000,34.383066,0.004049,13.063190,3.000000,0.063917,-0.001824,-0.295052,0.585245,OK
1262,12.620000,34.378680,0.004029,13.063219,3.000000,0.063916,-0.002138,-0.295060,0.585285,OK
1263,12.630000,34.374295,0.004010,13.063249,3.000000,0.063916,-0.002451,-0.295068,0.585326,OK
1264,12.640000,34.369910,0.003990,13.063277,3.000000,0.063916,-0.002765,-0.295077,0.585365,OK
1265,12.650000,34.365525,0.003970,13.063305,3.000000,0.063916,-0.003078,-0.295085,0.585405,OK
1266,12.660000,34.361141,0.003951,13.063333,3.000000,0.063916,-0.003391,-0.295093,0.585445,OK
1267,12.670000,34.356757,0.003931,13.063360,3.000000,0.063915,-0.003705,-0.295101,0.585484,OK
1268,12.680000,34.352374,0.003912,13.063387,3.000000,0.063915,-0.004018,-0.295109,0.585523,OK
1269,12.690000,34.347991,0.003892,13.063413,3.000000,0.063915,-0.004331,-0.295116,0.585562,OK
1270,12.700000,34.343608,0.003873,13.063438,3.000000,0.063915,-0.004644,-0.295124,0.585601,OK
1271,12.710000,34.339225,0.003854,13.063463,3.000000,0.063915,-0.004958,-0.295132,0.585639,OK
1272,12.720000,34.334843,0.003835,13.063488,3.000000,0.063914,-0.005271,-0.295140,0.585678,OK
1273,12.730000,34.330462,0.003815,13.063512,3.000000,0.063914,-0.005584,-0.295147,0.585716,OK
1274,12.740000,34.326081,0.003796,13.063536,3.000000,0.063914,-0.005897,-0.295155,0.585754,OK
1275,12.750000,34.321700,0.003777,13.063559,3.000000,0.063914,-0.006210,-0.295162,0.585791,OK
1276,12.760000,34.317319,0.003758,13.063581,3.000000,0.063914,-0.006523,-0.295169,0.585829,OK
1277,12.770000,34.312939,0.003739,13.063603,3.000000,0.063914,-0.006836,-0.295176,0.585866,OK
1278,12.780000,34.308559,0.003720,13.063625,3.000000,0.063913,-0.007148,-0.295184,0.585904,OK
1279,12.790000,34.304180,0.003701,13.063646,3.000000,0.063913,-0.007461,-0.295191,0.585941,OK
1280,12.800000,34.299801,0.003682,13.063667,3.000000,0.063913,-0.007774,-0.295198,0.585977,OK
1281,12.810000,34.295422,0.003663,13.063687,3.000000,0.063913,-0.008087,-0.295205,0.586014,OK
1282,12.820000,34.291044,0.003644,13.063707,3.000000,0.063913,-0.008399,-0.295212,0.586051,OK
1283,12.830000,34.286666,0.003625,13.063726,3.000000,0.063913,-0.008712,-0.295219,0.586087,OK
1284,12.840000,34.282289,0.003607,13.063744,3.000000,0.063912,-0.009025,-0.295225,0.586123,OK
1285,12.850000,34.277912,0.003588,13.063763,3.000000,0.063912,-0.009337,-0.295232,0.586159,OK
1286,12.860000,34.273535,0.003569,13.063780,3.000000,0.063912,-0.009650,-0.295239,0.586194,OK
1287,12.870000,34.269159,0.003550,13.063797,3.000000,0.063912,-0.009962,-0.295245,0.586230,OK
1288,12.880000,34.264783,0.003532,13.063814,3.000000,0.063912,-0.010275,-0.295252,0.586265,OK
1289,12.890000,34.260407,0.003513,13.063830,3.000000,0.063912,-0.010587,-0.295258,0.586300,OK
1290,12.900000,34.256032,0.003495,13.063846,3.000000,0.063912,-0.010899,-0.295265,0.586335,OK
1291,12.910000,34.251657,0.003476,13.063861,3.000000,0.063911,-0.011212,-0.295271,0.586370,OK
1292,12.920000,34.247283,0.003458,13.063876,3.000000,0.063911,-0.011524,-0.295277,0.586405,OK
1293,12.930000,34.242909,0.003439,13.063890,3.000000,0.063911,-0.011836,-0.295283,0.586439,OK
1294,12.940000,34.238535,0.003421,13.063904,3.000000,0.063911,-0.012148,-0.295289,0.586473,OK
1295,12.950000,34.234162,0.003403,13.063917,3.000000,0.063911,-0.012461,-0.295295,0.586507,OK
1296,12.960000,34.229789,0.003384,13.063930,3.000000,0.063911,-0.012773,-0.295301,0.586541,OK
1297,12.970000,34.225416,0.003366,13.063942,3.000000,0.063911,-0.013085,-0.295307,0.586575,OK
1298,12.980000,34.221044,0.003348,13.063954,3.000000,0.063910,-0.013397,-0.295313,0.586608,OK
1299,12.990000,34.216672,0.003330,13.063966,3.000000,0.063910,-0.013709,-0.295319,0.586642,OK
1300,13.000000,34.212301,0.003312,13.063977,3.000000,0.063910,-0.014021,-0.295324,0.586675,OK
1301,13.010000,34.207930,0.003294,13.063987,3.000000,0.063910,-0.014333,-0.295330,0.586708,OK
1302,13.020000,34.203559,0.003276,13.063997,3.000000,0.063910,-0.014645,-0.295336,0.586740,OK
1303,13.030000,34.199189,0.003258,13.064006,3.000000,0.063910,-0.014956,-0.295341,0.586773,OK
1304,13.040000,34.194819,0.003240,13.064015,3.000000,0.063910,-0.015268,-0.295346,0.586805,OK
1305,13.050000,34.190449,0.003222,13.064024,3.000000,0.063909,-0.015580,-0.295352,0.586838,OK
1306,13.060000,34.186080,0.003204,13.064032,3.000000,0.063909,-0.015892,-0.295357,0.586870,OK
1307,13.070000,34.181711,0.003186,13.064040,3.000000,0.063909,-0.016204,-0.295362,0.586901,OK
1308,13.080000,34.177343,0.003168,13.064047,3.000000,0.063909,-0.016515,-0.295367,0.586933,OK
1309,13.090000,34.172975,0.003150,13.064053,3.000000,0.063909,-0.016827,-0.295373,0.586965,OK
1310,13.100000,34.168607,0.003133,13.064059,3.000000,0.063909,-0.017138,-0.295378,0.586996,OK
1311,13.110000,34.164240,0.003115,13.064065,3.000000,0.063909,-0.017450,-0.295383,0.587027,OK
1312,13.120000,34.159873,0.003097,13.064070,3.000000,0.063909,-0.017761,-0.295387,0.587058,OK
1313,13.130000,34.155506,0.003080,13.064075,3.000000,0.063909,-0.018073,-0.295392,0.587089,OK
1314,13.140000,34.151140,0.003062,13.064079,3.000000,0.063908,-0.018384,-0.295397,0.587120,OK
1315,13.150000,34.146775,0.003045,13.064083,3.000000,0.063908,-0.018696,-0.295402,0.587150,OK
1316,13.160000,34.142409,0.003027,13.064086,3.000000,0.063908,-0.019007,-0.295406,0.587180,OK
1317,13.170000,34.138044,0.003010,13.064089,3.000000,0.063908,-0.019319,-0.295411,0.587210,OK
1318,13.180000,34.133679,0.002992,13.064092,3.000000,0.063908,-0.019630,-0.295415,0.587240,OK
1319,13.190000,34.129315,0.002975,13.064094,3.000000,0.063908,-0.019941,-0.295420,0.587270,OK
1320,13.200000,34.124951,0.002957,13.064095,3.000000,0.063908,-0.020252,-0.295424,0.587300,OK
1321,13.210000,34.120588,0.002940,13.064096,3.000000,0.063908,-0.020563,-0.295429,0.587329,OK
1322,13.220000,34.116225,0.002923,13.064097,3.000000,0.063908,-0.020875,-0.295433,0.587358,OK
1323,13.230000,34.111862,0.002906,13.064097,3.000000,0.063907,-0.021186,-0.295437,0.587387,OK
1324,13.240000,34.107500,0.002888,13.064096,3.000000,0.063907,-0.021497,-0.295441,0.587416,OK
1325,13.250000,34.103138,0.002871,13.064096,3.000000,0.063907,-0.021808,-0.295445,0.587445,OK
1326,13.260000,34.098776,0.002854,13.064094,3.000000,0.063907,-0.022119,-0.295449,0.587473,OK
1327,13.270000,34.094415,0.002837,13.064093,3.000000,0.063907,-0.022430,-0.295453,0.587502,OK
1328,13.280000,34.090054,0.002820,13.064090,3.000000,0.063907,-0.022741,-0.295457,0.587530,OK
1329,13.290000,34.085693,0.002803,13.064087,3.000000,0.063907,-0.023052,-0.295461,0.587558,OK
1330,13.300000,34.081333,0.002785,13.064084,3.000000,0.063907,-0.023362,-0.295464,0.587586,OK
1331,13.310000,34.076973,0.002767,13.064079,3.000000,0.063907,-0.023672,-0.295467,0.587614,OK
1332,13.320000,34.072614,0.002748,13.064074,3.000000,0.063907,-0.023982,-0.295470,0.587641,OK
1333,13.330000,34.068255,0.002730,13.064068,3.000000,0.063907,-0.024292,-0.295472,0.587668,OK
1334,13.340000,34.063897,0.002712,13.064062,3.000000,0.063907,-0.024602,-0.295475,0.587695,OK
1335,13.350000,34.059538,0.002693,13.064054,3.000000,0.063906,-0.024911,-0.295477,0.587722,OK
1336,13.360000,34.055180,0.002675,13.064046,3.000000,0.063906,-0.025221,-0.295480,0.587749,OK
1337,13.370000,34.050823,0.002657,13.064038,3.000000,0.063906,-0.025531,-0.295482,0.587776,OK
1338,13.380000,34.046466,0.002639,13.064028,3.000000,0.063906,-0.025841,-0.295485,0.587802,OK
1339,13.390000,34.042109,0.002622,13.064018,3.000000,0.063906,-0.026151,-0.295487,0.587828,OK
1340,13.400000,34.037753,0.002604,13.064007,3.000000,0.063906,-0.026461,-0.295490,0.587854,OK
1341,13.410000,34.033397,0.002587,13.063996,3.000000,0.063906,-0.026771,-0.295492,0.587880,OK
1342,13.420000,34.029041,0.002570,13.063984,3.000000,0.063906,-0.027081,-0.295495,0.587906,OK
1343,13.430000,34.024686,0.002553,13.063972,3.000000,0.063906,-0.027391,-0.295498,0.587931,OK
1344,13.440000,34.020331,0.002537,13.063959,3.000000,0.063906,-0.027701,-0.295500,0.587957,OK
1345,13.450000,34.015976,0.002520,13.063945,3.000000,0.063906,-0.028012,-0.295503,0.587982,OK
1346,13.460000,34.011622,0.002504,13.063931,3.000000,0.063906,-0.028322,-0.295506,0.588007,OK
1347,13.470000,34.007269,0.002488,13.063917,3.000000,0.063906,-0.028632,-0.295509,0.588032,OK
1348,13.480000,34.002915,0.002472,13.063902,3.000000,0.063906,-0.028943,-0.295511,0.588057,OK
1349,13.490000,33.998562,0.002456,13.063887,3.000000,0.063906,-0.029253,-0.295514,0.588081,OK
1350,13.500000,33.994210,0.002440,13.063872,3.000000,0.063906,-0.029563,-0.295517,0.588106,OK
1351,13.510000,33.989857,0.002424,13.063856,3.000000,0.063905,-0.029874,-0.295519,0.588130,OK
1352,13.520000,33.985505,0.002408,13.063840,3.000000,0.063905,-0.030184,-0.295522,0.588154,OK
1353,13.530000,33.981154,0.002393,13.063824,3.000000,0.063905,-0.030494,-0.295524,0.588178,OK
1354,13.540000,33.976803,0.002377,13.063808,3.000000,0.063905,-0.030805,-0.295527,0.588202,OK
1355,13.550000,33.972452,0.002361,13.063791,3.000000,0.063905,-0.031115,-0.295529,0.588225,OK
1356,13.560000,33.968102,0.002345,13.063774,3.000000,0.063905,-0.031425,-0.295532,0.588249,OK
1357,13.570000,33.963752,0.002330,13.063757,3.000000,0.063905,-0.031735,-0.295534,0.588272,OK
1358,13.580000,33.959402,0.002314,13.063740,3.000000,0.063905,-0.032045,-0.295536,0.588295,OK
1359,13.590000,33.955053,0.002298,13.063723,3.000000,0.063905,-0.032355,-0.295538,0.588318,OK
1360,13.600000,33.950704,0.002282,13.063705,3.000000,0.063905,-0.032665,-0.295540,0.588341,OK
1361,13.610000,33.946356,0.002266,13.063687,3.000000,0.063905,-0.032975,-0.295542,0.588364,OK
1362,13.620000,33.942008,0.002251,13.063669,3.000000,0.063905,-0.033285,-0.295543,0.588386,OK
1363,13.630000,33.937660,0.002235,13.063650,3.000000,0.063905,-0.033595,-0.295545,0.588408,OK
1364,13.640000,33.933313,0.002219,13.063631,3.000000,0.063905,-0.033904,-0.295547,0.588431,OK
1365,13.650000,33.928966,0.002203,13.063612,3.000000,0.063905,-0.034214,-0.295548,0.588453,OK
1366,13.660000,33.924619,0.002188,13.063593,3.000000,0.063905,-0.034524,-0.295550,0.588475,OK
1367,13.670000,33.920273,0.002172,13.063573,3.000000,0.063905,-0.034833,-0.295551,0.588496,OK
1368,13.680000,33.915927,0.002156,13.063553,3.000000,0.063905,-0.035143,-0.295553,0.588518,OK
1369,13.690000,33.911582,0.002141,13.063532,3.000000,0.063905,-0.035452,-0.295554,0.588539,OK
1370,13.700000,33.907236,0.002125,13.063511,3.000000,0.063905,-0.035762,-0.295555,0.588560,OK
1371,13.710000,33.902892,0.002109,13.063490,3.000000,0.063905,-0.036071,-0.295556,0.588582,OK
1372,13.720000,33.898547,0.002094,13.063468,3.000000,0.063905,-0.036381,-0.295557,0.588602,OK
1373,13.730000,33.894203,0.002078,13.063446,3.000000,0.063905,-0.036690,-0.295559,0.588623,OK
1374,13.740000,33.889860,0.002063,13.063423,3.000000,0.063905,-0.036999,-0.295560,0.588644,OK
1375,13.750000,33.885517,0.002047,13.063400,3.000000,0.063905,-0.037309,-0.295560,0.588664,OK
1376,13.760000,33.881174,0.002032,13.063376,3.000000,0.063905,-0.037618,-0.295561,0.588685,OK
1377,13.770000,33.876831,0.002016,13.063353,3.000000,0.063904,-0.037927,-0.295562,0.588705,OK
1378,13.780000,33.872489,0.002001,13.063328,3.000000,0.063904,-0.038237,-0.295563,0.588725,OK
1379,13.790000,33.868148,0.001985,13.063303,3.000000,0.063904,-0.038546,-0.295564,0.588745,OK
1380,13.800000,33.863806,0.001970,13.063278,3.000000,0.063904,-0.038855,-0.295564,0.588764,OK
1381,13.810000,33.859465,0.001955,13.063252,3.000000,0.063904,-0.039164,-0.295565,0.588784,OK
1382,13.820000,33.855125,0.001940,13.063226,3.000000,0.063904,-0.039473,-0.295565,0.588803,OK
1383,13.830000,33.850785,0.001924,13.063200,3.000000,0.063904,-0.039783,-0.295566,0.588823,OK
1384,13.840000,33.846445,0.001909,13.063173,3.000000,0.063904,-0.040092,-0.295566,0.588842,OK
1385,13.850000,33.842105,0.001894,13.063145,3.000000,0.063904,-0.040401,-0.295567,0.588861,OK
1386,13.860000,33.837766,0.001879,13.063117,3.000000,0.063904,-0.040710,-0.295567,0.588879,OK
1387,13.870000,33.833428,0.001864,13.063089,3.000000,0.063904,-0.041019,-0.295567,0.588898,OK
1388,13.880000,33.829089,0.001849,13.063060,3.000000,0.063904,-0.041328,-0.295568,0.588917,OK
1389,13.890000,33.824751,0.001834,13.063031,3.000000,0.063904,-0.041637,-0.295568,0.588935,OK
1390,13.900000,33.820414,0.001819,13.063001,3.000000,0.063904,-0.041946,-0.295568,0.588953,OK
1391,13.910000,33.816077,0.001804,13.062971,3.000000,0.063904,-0.042255,-0.295568,0.588971,OK
1392,13.920000,33.811740,0.001789,13.062941,3.000000,0.063904,-0.042563,-0.295568,0.588989,OK
1393,13.930000,33.807403,0.001774,13.062910,3.000000,0.063904,-0.042872,-0.295568,0.589007,OK
1394,13.940000,33.803067,0.001759,13.062879,3.000000,0.063904,-0.043181,-0.295568,0.589024,OK
1395,13.950000,33.798732,0.001745,13.062847,3.000000,0.063904,-0.043490,-0.295568,0.589042,OK
1396,13.960000,33.794396,0.001730,13.062815,3.000000,0.063904,-0.043799,-0.295567,0.589059,OK
1397,13.970000,33.790061,0.001715,13.062782,3.000000,0.063904,-0.044107,-0.295567,0.589076,OK
1398,13.980000,33.785727,0.001700,13.062750,3.000000,0.063904,-0.044416,-0.295567,0.589093,OK
1399,13.990000,33.781393,0.001686,13.062716,3.000000,0.063904,-0.044725,-0.295566,0.589110,OK
1400,14.000000,33.777059,0.001671,13.062682,3.000000,0.063904,-0.045033,-0.295566,0.589127,OK
1401,14.010000,33.772726,0.001656,13.062648,3.000000,0.063904,-0.045342,-0.295566,0.589143,OK
1402,14.020000,33.768393,0.001642,13.062614,3.000000,0.063904,-0.045651,-0.295565,0.589160,OK
1403,14.030000,33.764060,0.001627,13.062579,3.000000,0.063904,-0.045959,-0.295564,0.589176,OK
1404,14.040000,33.759728,0.001613,13.062543,3.000000,0.063904,-0.046268,-0.295564,0.589192,OK
1405,14.050000,33.755396,0.001598,13.062507,3.000000,0.063904,-0.046576,-0.295563,0.589208,OK
1406,14.060000,33.751064,0.001584,13.062471,3.000000,0.063904,-0.046885,-0.295562,0.589224,OK
1407,14.070000,33.746733,0.001569,13.062434,3.000000,0.063905,-0.047193,-0.295561,0.589240,OK
1408,14.080000,33.742402,0.001555,13.062397,3.000000,0.063905,-0.047502,-0.295560,0.589255,OK
1409,14.090000,33.738072,0.001540,13.062360,3.000000,0.063905,-0.047810,-0.295559,0.589271,OK
1410,14.100000,33.733742,0.001526,13.062322,3.000000,0.063905,-0.048118,-0.295558,0.589286,OK
1411,14.110000,33.729412,0.001512,13.062284,3.000000,0.063905,-0.048427,-0.295557,0.589301,OK
1412,14.120000,33.725083,0.001497,13.062245,3.000000,0.063905,-0.048735,-0.295556,0.589316,OK
1413,14.130000,33.720754,0.001483,13.062206,3.000000,0.063905,-0.049043,-0.295555,0.589331,OK
1414,14.140000,33.716425,0.001469,13.062167,3.000000,0.063905,-0.049352,-0.295554,0.589346,OK
1415,14.150000,33.712097,0.001454,13.062127,3.000000,0.063905,-0.049660,-0.295553,0.589360,OK
1416,14.160000,33.707769,0.001440,13.062086,3.000000,0.063905,-0.049968,-0.295551,0.589374,OK
1417,14.170000,33.703442,0.001426,13.062046,3.000000,0.063905,-0.050276,-0.295550,0.589389,OK
1418,14.180000,33.699115,0.001412,13.062005,3.000000,0.063905,-0.050584,-0.295549,0.589403,OK
1419,14.190000,33.694788,0.001398,13.061963,3.000000,0.063905,-0.050893,-0.295547,0.589417,OK
1420,14.200000,33.690462,0.001384,13.061921,3.000000,0.063905,-0.051201,-0.295545,0.589431,OK
1421,14.210000,33.686136,0.001370,13.061879,3.000000,0.063905,-0.051509,-0.295544,0.589444,OK
1422,14.220000,33.681810,0.001355,13.061836,3.000000,0.063905,-0.051817,-0.295542,0.589458,OK
1423,14.230000,33.677485,0.001341,13.061793,3.000000,0.063905,-0.052125,-0.295541,0.589471,OK
1424,14.240000,33.673161,0.001327,13.061749,3.000000,0.063905,-0.052433,-0.295539,0.589485,OK
1425,14.250000,33.668836,0.001313,13.061705,3.000000,0.063905,-0.052741,-0.295537,0.589498,OK
1426,14.260000,33.664512,0.001300,13.061661,3.000000,0.063905,-0.053049,-0.295535,0.589511,OK
1427,14.270000,33.660188,0.001286,13.061616,3.000000,0.063905,-0.053357,-0.295533,0.589524,OK
1428,14.280000,33.655865,0.001272,13.061571,3.000000,0.063905,-0.053665,-0.295531,0.589536,OK
1429,14.290000,33.651542,0.001258,13.061526,3.000000,0.063905,-0.053972,-0.295529,0.589549,OK
1430,14.300000,33.647220,0.001244,13.061480,3.000000,0.063905,-0.054280,-0.295527,0.589561,OK
1431,14.310000,33.642898,0.001230,13.061433,3.000000,0.063905,-0.054588,-0.295525,0.589574,OK
1432,14.320000,33.638576,0.001217,13.061387,3.000000,0.063905,-0.054896,-0.295523,0.589586,OK
1433,14.330000,33.634254,0.001203,13.061339,3.000000,0.063905,-0.055204,-0.295521,0.589598,OK
1434,14.340000,33.629933,0.001189,13.061292,3.000000,0.063906,-0.055511,-0.295518,0.589610,OK
1435,14.350000,33.625613,0.001175,13.061244,3.000000,0.063906,-0.055819,-0.295516,0.589621,OK
1436,14.360000,33.621292,0.001162,13.061196,3.000000,0.063906,-0.056127,-0.295514,0.589633,OK
1437,14.370000,33.616972,0.001148,13.061147,3.000000,0.063906,-0.056434,-0.295511,0.589645,OK
1438,14.380000,33.612653,0.001134,13.061098,3.000000,0.063906,-0.056742,-0.295509,0.589656,OK
1439,14.390000,33.608334,0.001121,13.061048,3.000000,0.063906,-0.057050,-0.295506,0.589667,OK
1440,14.400000,33.604015,0.001107,13.060998,3.000000,0.063906,-0.057357,-0.295503,0.589678,OK
1441,14.410000,33.599697,0.001094,13.060948,3.000000,0.063906,-0.057665,-0.295501,0.589689,OK
1442,14.420000,33.595379,0.001080,13.060897,3.000000,0.063906,-0.057972,-0.295498,0.589700,OK
1443,14.430000,33.591061,0.001067,13.060846,3.000000,0.063906,-0.058280,-0.295495,0.589711,OK
1444,14.440000,33.586744,0.001053,13.060795,3.000000,0.063906,-0.058588,-0.295493,0.589721,OK
1445,14.450000,33.582427,0.001040,13.060743,3.000000,0.063906,-0.058895,-0.295490,0.589732,OK
1446,14.460000,33.578110,0.001026,13.060691,3.000000,0.063906,-0.059202,-0.295487,0.589742,OK
1447,14.470000,33.573794,0.001013,13.060638,3.000000,0.063906,-0.059510,-0.295484,0.589752,OK
1448,14.480000,33.569478,0.001000,13.060585,3.000000,0.063906,-0.059817,-0.295481,0.589762,OK
1449,14.490000,33.565163,0.000986,13.060531,3.000000,0.063906,-0.060125,-0.295478,0.589772,OK
1450,14.500000,33.560848,0.000973,13.060478,3.000000,0.063907,-0.060432,-0.295475,0.589782,OK
1451,14.510000,33.556533,0.000960,13.060423,3.000000,0.063907,-0.060739,-0.295471,0.589791,OK
1452,14.520000,33.552219,0.000947,13.060369,3.000000,0.063907,-0.061047,-0.295468,0.589801,OK
1453,14.530000,33.547905,0.000933,13.060314,3.000000,0.063907,-0.061354,-0.295465,0.589810,OK
1454,14.540000,33.543591,0.000920,13.060258,3.000000,0.063907,-0.061661,-0.295462,0.589819,OK
1455,14.550000,33.539278,0.000907,13.060203,3.000000,0.063907,-0.061968,-0.295458,0.589828,OK
1456,14.560000,33.534966,0.000894,13.060147,3.000000,0.063907,-0.062276,-0.295455,0.589837,OK
1457,14.570000,33.530653,0.000881,13.060090,3.000000,0.063907,-0.062583,-0.295451,0.589846,OK
1458,14.580000,33.526341,0.000868,13.060033,3.000000,0.063907,-0.062890,-0.295448,0.589855,OK
1459,14.590000,33.522029,0.000854,13.059976,3.000000,0.063907,-0.063197,-0.295444,0.589863,OK
1460,14.600000,33.517718,0.000841,13.059918,3.000000,0.063907,-0.063504,-0.295441,0.589872,OK
1461,14.610000,33.513407,0.000828,13.059860,3.000000,0.063907,-0.063811,-0.295437,0.589880,OK
1462,14.620000,33.509097,0.000815,13.059802,3.000000,0.063908,-0.064119,-0.295433,0.589888,OK
1463,14.630000,33.504786,0.000802,13.059743,3.000000,0.063908,-0.064426,-0.295429,0.589896,OK
1464,14.640000,33.500477,0.000789,13.059684,3.000000,0.063908,-0.064733,-0.295426,0.589904,OK
1465,14.650000,33.496167,0.000777,13.059624,3.000000,0.063908,-0.065040,-0.295422,0.589912,OK
1466,14.660000,33.491858,0.000764,13.059564,3.000000,0.063908,-0.065347,-0.295418,0.589919,OK
1467,14.670000,33.487550,0.000751,13.059504,3.000000,0.063908,-0.065654,-0.295414,0.589927,OK
1468,14.680000,33.483241,0.000738,13.059443,3.000000,0.063908,-0.065961,-0.295410,0.589934,OK
1469,14.690000,33.478933,0.000725,13.059382,3.000000,0.063908,-0.066267,-0.295406,0.589941,OK
1470,14.700000,33.474626,0.000712,13.059320,3.000000,0.063908,-0.066574,-0.295402,0.589949,OK
1471,14.710000,33.470319,0.000699,13.059258,3.000000,0.063908,-0.066881,-0.295397,0.589956,OK
1472,14.720000,33.466012,0.000687,13.059196,3.000000,0.063908,-0.067188,-0.295393,0.589962,OK
1473,14.730000,33.461705,0.000674,13.059133,3.000000,0.063909,-0.067495,-0.295389,0.589969,OK
1474,14.740000,33.457399,0.000661,13.059070,3.000000,0.063909,-0.067802,-0.295385,0.589976,OK
1475,14.750000,33.453094,0.000649,13.059007,3.000000,0.063909,-0.068109,-0.295380,0.589982,OK
1476,14.760000,33.448788,0.000636,13.058943,3.000000,0.063909,-0.068415,-0.295376,0.589989,OK
1477,14.770000,33.444484,0.000623,13.058879,3.000000,0.063909,-0.068722,-0.295371,0.589995,OK
1478,14.780000,33.440179,0.000611,13.058814,3.000000,0.063909,-0.069029,-0.295367,0.590001,OK
1479,14.790000,33.435875,0.000598,13.058750,3.000000,0.063909,-0.069335,-0.295362,0.590007,OK
1480,14.800000,33.431571,0.000586,13.058684,3.000000,0.063909,-0.069642,-0.295358,0.590013,OK
1481,14.810000,33.427268,0.000573,13.058619,3.000000,0.063909,-0.069949,-0.295353,0.590019,OK
1482,14.820000,33.422965,0.000560,13.058553,3.000000,0.063910,-0.070255,-0.295348,0.590024,OK
1483,14.830000,33.418662,0.000548,13.058486,3.000000,0.063910,-0.070562,-0.295344,0.590030,OK
1484,14.840000,33.414360,0.000535,13.058419,3.000000,0.063910,-0.070869,-0.295339,0.590035,OK
1485,14.850000,33.410058,0.000523,13.058352,3.000000,0.063910,-0.071175,-0.295334,0.590040,OK
1486,14.860000,33.405756,0.000511,13.058285,3.000000,0.063910,-0.071482,-0.295329,0.590045,OK
1487,14.870000,33.401455,0.000498,13.058217,3.000000,0.063910,-0.071788,-0.295324,0.590050,OK
1488,14.880000,33.397154,0.000486,13.058148,3.000000,0.063910,-0.072095,-0.295319,0.590055,OK
1489,14.890000,33.392854,0.000473,13.058080,3.000000,0.063910,-0.072401,-0.295314,0.590060,OK
1490,14.900000,33.388554,0.000461,13.058011,3.000000,0.063910,-0.072708,-0.295309,0.590064,OK
1491,14.910000,33.384254,0.000449,13.057941,3.000000,0.063911,-0.073014,-0.295304,0.590069,OK
1492,14.920000,33.379955,0.000436,13.057872,3.000000,0.063911,-0.073321,-0.295299,0.590073,OK
1493,14.930000,33.375656,0.000424,13.057802,3.000000,0.063911,-0.073627,-0.295293,0.590078,OK
1494,14.940000,33.371357,0.000412,13.057731,3.000000,0.063911,-0.073933,-0.295288,0.590082,OK
1495,14.950000,33.367059,0.000400,13.057660,3.000000,0.063911,-0.074240,-0.295283,0.590086,OK
1496,14.960000,33.362761,0.000388,13.057589,3.000000,0.063911,-0.074546,-0.295277,0.590090,OK
1497,14.970000,33.358464,0.000375,13.057517,3.000000,0.063911,-0.074853,-0.295272,0.590093,OK
1498,14.980000,33.354166,0.000363,13.057445,3.000000,0.063911,-0.075159,-0.295266,0.590097,OK
1499,14.990000,33.349870,0.000351,13.057373,3.000000,0.063912,-0.075465,-0.295261,0.590100,OK
1500,15.000000,33.345573,0.000339,13.057300,3.000000,0.063912,-0.075771,-0.295255,0.590104,OK
1501,15.010000,33.341277,0.000327,13.057227,3.000000,0.063912,-0.076078,-0.295250,0.590107,OK
1502,15.020000,33.336982,0.000315,13.057154,3.000000,0.063912,-0.076384,-0.295244,0.590110,OK
1503,15.030000,33.332687,0.000303,13.057080,3.000000,0.063912,-0.076690,-0.295238,0.590113,OK
1504,15.040000,33.328392,0.000291,13.057006,3.000000,0.063912,-0.076996,-0.295233,0.590116,OK
1505,15.050000,33.324097,0.000279,13.056931,3.000000,0.063912,-0.077302,-0.295227,0.590119,OK
1506,15.060000,33.319803,0.000267,13.056856,3.000000,0.063913,-0.077609,-0.295221,0.590122,OK
1507,15.070000,33.315510,0.000255,13.056781,3.000000,0.063913,-0.077915,-0.295215,0.590124,OK
1508,15.080000,33.311216,0.000243,13.056705,3.000000,0.063913,-0.078221,-0.295209,0.590127,OK
1509,15.090000,33.306923,0.000231,13.056629,3.000000,0.063913,-0.078527,-0.295203,0.590129,OK
1510,15.100000,33.302631,0.000219,13.056553,3.000000,0.063913,-0.078833,-0.295197,0.590131,OK
1511,15.110000,33.298338,0.000207,13.056476,3.000000,0.063913,-0.079139,-0.295191,0.590133,OK
1512,15.120000,33.294047,0.000195,13.056399,3.000000,0.063913,-0.079445,-0.295185,0.590135,OK
1513,15.130000,33.289755,0.000183,13.056322,3.000000,0.063914,-0.079751,-0.295179,0.590137,OK
1514,15.140000,33.285464,0.000172,13.056244,3.000000,0.063914,-0.080057,-0.295172,0.590139,OK
1515,15.150000,33.281173,0.000160,13.056166,3.000000,0.063914,-0.080363,-0.295166,0.590140,OK
1516,15.160000,33.276883,0.000148,13.056087,3.000000,0.063914,-0.080669,-0.295160,0.590142,OK
1517,15.170000,33.272593,0.000136,13.056008,3.000000,0.063914,-0.080975,-0.295153,0.590143,OK
1518,15.180000,33.268303,0.000125,13.055929,3.000000,0.063914,-0.081281,-0.295147,0.590144,OK
1519,15.190000,33.264014,0.000113,13.055849,3.000000,0.063914,-0.081587,-0.295140,0.590146,OK
1520,15.200000,33.259725,0.000101,13.055769,3.000000,0.063915,-0.081893,-0.295134,0.590147,OK
1521,15.210000,33.255437,0.000089,13.055689,3.000000,0.063915,-0.082198,-0.295127,0.590147,OK
1522,15.220000,33.251149,0.000078,13.055608,3.000000,0.063915,-0.082504,-0.295121,0.590148,OK
1523,15.230000,33.246861,0.000066,13.055527,3.000000,0.063915,-0.082810,-0.295114,0.590149,OK
1524,15.240000,33.242574,0.000055,13.055446,3.000000,0.063915,-0.083116,-0.295107,0.590149,OK
1525,15.250000,33.238287,0.000043,13.055364,3.000000,0.063915,-0.083422,-0.295101,0.590150,OK
1526,15.260000,33.234000,0.000031,13.055282,3.000000,0.063916,-0.083727,-0.295094,0.590150,OK
1527,15.270000,33.229714,0.000020,13.055200,3.000000,0.063916,-0.084033,-0.295087,0.590150,OK
1528,15.280000,33.225428,0.000008,13.055117,3.000000,0.063916,-0.084339,-0.295080,0.590150,OK
1529,15.290000,33.221142,-0.000003,13.055034,3.000000,0.063916,-0.084645,-0.295073,0.590150,OK
1530,15.300000,33.216857,-0.000015,13.054950,3.000000,0.063916,-0.084950,-0.295066,0.590150,OK
1531,15.310000,33.212572,-0.000026,13.054866,3.000000,0.063916,-0.085256,-0.295059,0.590150,OK
1532,15.320000,33.208288,-0.000037,13.054782,3.000000,0.063917,-0.085562,-0.295052,0.590150,OK
1533,15.330000,33.204004,-0.000049,13.054697,3.000000,0.063917,-0.085867,-0.295045,0.590149,OK
1534,15.340000,33.199720,-0.000060,13.054612,3.000000,0.063917,-0.086173,-0.295038,0.590149,OK
1535,15.350000,33.195437,-0.000072,13.054527,3.000000,0.063917,-0.086479,-0.295031,0.590148,OK
1536,15.360000,33.191154,-0.000083,13.054441,3.000000,0.063917,-0.086784,-0.295024,0.590147,OK
1537,15.370000,33.186872,-0.000094,13.054355,3.000000,0.063917,-0.087090,-0.295016,0.590146,OK
1538,15.380000,33.182589,-0.000106,13.054269,3.000000,0.063918,-0.087395,-0.295009,0.590145,OK
1539,15.390000,33.178308,-0.000117,13.054182,3.000000,0.063918,-0.087701,-0.295002,0.590144,OK
1540,15.400000,33.174026,-0.000128,13.054095,3.000000,0.063918,-0.088006,-0.294994,0.590143,OK
1541,15.410000,33.169745,-0.000140,13.054008,3.000000,0.063918,-0.088312,-0.294987,0.590141,OK
1542,15.420000,33.165465,-0.000151,13.053920,3.000000,0.063918,-0.088617,-0.294979,0.590140,OK
1543,15.430000,33.161184,-0.000162,13.053832,3.000000,0.063918,-0.088923,-0.294972,0.590138,OK
1544,15.440000,33.156904,-0.000173,13.053743,3.000000,0.063919,-0.089228,-0.294964,0.590136,OK
1545,15.450000,33.152625,-0.000184,13.053654,3.000000,0.063919,-0.089534,-0.294957,0.590134,OK
1546,15.460000,33.148346,-0.000196,13.053565,3.000000,0.063919,-0.089839,-0.294949,0.590132,OK
1547,15.470000,33.144067,-0.000207,13.053476,3.000000,0.063919,-0.090144,-0.294941,0.590130,OK
1548,15.480000,33.139788,-0.000218,13.053386,3.000000,0.063919,-0.090450,-0.294933,0.590128,OK
1549,15.490000,33.135510,-0.000229,13.053295,3.000000,0.063920,-0.090755,-0.294926,0.590126,OK
1550,15.500000,33.131233,-0.000240,13.053205,3.000000,0.063920,-0.091060,-0.294918,0.590124,OK
1551,15.510000,33.126955,-0.000251,13.053114,3.000000,0.063920,-0.091366,-0.294910,0.590121,OK
1552,15.520000,33.122678,-0.000262,13.053023,3.000000,0.063920,-0.091671,-0.294902,0.590118,OK
1553,15.530000,33.118402,-0.000273,13.052931,3.000000,0.063920,-0.091976,-0.294894,0.590116,OK
1554,15.540000,33.114126,-0.000284,13.052839,3.000000,0.063920,-0.092282,-0.294886,0.590113,OK
1555,15.550000,33.109850,-0.000295,13.052747,3.000000,0.063921,-0.092587,-0.294878,0.590110,OK
1556,15.560000,33.105574,-0.000306,13.052654,3.000000,0.063921,-0.092892,-0.294870,0.590107,OK
1557,15.570000,33.101299,-0.000317,13.052561,3.000000,0.063921,-0.093197,-0.294862,0.590104,OK
1558,15.580000,33.097025,-0.000328,13.052468,3.000000,0.063921,-0.093503,-0.294853,0.590100,OK
1559,15.590000,33.092750,-0.000339,13.052374,3.000000,0.063921,-0.093808,-0.294845,0.590097,OK
1560,15.600000,33.088476,-0.000350,13.052280,3.000000,0.063922,-0.094113,-0.294837,0.590093,OK
1561,15.610000,33.084203,-0.000361,13.052185,3.000000,0.063922,-0.094418,-0.294828,0.590090,OK
1562,15.620000,33.079929,-0.000372,13.052091,3.000000,0.063922,-0.094723,-0.294820,0.590086,OK
1563,15.630000,33.075657,-0.000382,13.051996,3.000000,0.063922,-0.095028,-0.294812,0.590082,OK
1564,15.640000,33.071384,-0.000393,13.051900,3.000000,0.063922,-0.095333,-0.294803,0.590078,OK
1565,15.650000,33.067112,-0.000404,13.051804,3.000000,0.063923,-0.095639,-0.294795,0.590074,OK
1566,15.660000,33.062840,-0.000415,13.051708,3.000000,0.063923,-0.095944,-0.294786,0.590070,OK
1567,15.670000,33.058569,-0.000426,13.051612,3.000000,0.063923,-0.096249,-0.294778,0.590066,OK
1568,15.680000,33.054298,-0.000436,13.051515,3.000000,0.063923,-0.096554,-0.294769,0.590062,OK
1569,15.690000,33.050027,-0.000447,13.051418,3.000000,0.063923,-0.096859,-0.294760,0.590057,OK
1570,15.700000,33.045757,-0.000458,13.051320,3.000000,0.063924,-0.097164,-0.294752,0.590053,OK
1571,15.710000,33.041487,-0.000469,13.051222,3.000000,0.063924,-0.097469,-0.294743,0.590048,OK
1572,15.720000,33.037218,-0.000479,13.051124,3.000000,0.063924,-0.097774,-0.294734,0.590043,OK
1573,15.730000,33.032948,-0.000490,13.051026,3.000000,0.063924,-0.098079,-0.294725,0.590038,OK
1574,15.740000,33.028680,-0.000501,13.050927,3.000000,0.063924,-0.098384,-0.294716,0.590033,OK
1575,15.750000,33.024411,-0.000511,13.050828,3.000000,0.063925,-0.098689,-0.294707,0.590028,OK
1576,15.760000,33.020143,-0.000522,13.050728,3.000000,0.063925,-0.098994,-0.294698,0.590023,OK
1577,15.770000,33.015876,-0.000532,13.050628,3.000000,0.063925,-0.099298,-0.294689,0.590018,OK
1578,15.780000,33.011608,-0.000543,13.050528,3.000000,0.063925,-0.099603,-0.294680,0.590012,OK
1579,15.790000,33.007341,-0.000554,13.050428,3.000000,0.063926,-0.099908,-0.294671,0.590007,OK
1580,15.800000,33.003075,-0.000564,13.050327,3.000000,0.063926,-0.100213,-0.294662,0.590001,OK
1581,15.810000,32.998809,-0.000575,13.050225,3.000000,0.063926,-0.100518,-0.294653,0.589995,OK
1582,15.820000,32.994543,-0.000585,13.050124,3.000000,0.063926,-0.100823,-0.294644,0.589989,OK
1583,15.830000,32.990277,-0.000596,13.050022,3.000000,0.063926,-0.101128,-0.294634,0.589983,OK
1584,15.840000,32.986012,-0.000606,13.049920,3.000000,0.063927,-0.101432,-0.294625,0.589977,OK
1585,15.850000,32.981748,-0.000616,13.049817,3.000000,0.063927,-0.101737,-0.294616,0.589971,OK
1586,15.860000,32.977483,-0.000627,13.049714,3.000000,0.063927,-0.102042,-0.294606,0.589965,OK
1587,15.870000,32.973219,-0.000637,13.049611,3.000000,0.063927,-0.102347,-0.294597,0.589958,OK
1588,15.880000,32.968956,-0.000648,13.049507,3.000000,0.063928,-0.102651,-0.294587,0.589952,OK
1589,15.890000,32.964693,-0.000658,13.049403,3.000000,0.063928,-0.102956,-0.294578,0.589945,OK
1590,15.900000,32.960430,-0.000668,13.049299,3.000000,0.063928,-0.103261,-0.294568,0.589939,OK
1591,15.910000,32.956167,-0.000679,13.049195,3.000000,0.063928,-0.103565,-0.294559,0.589932,OK
1592,15.920000,32.951905,-0.000689,13.049090,3.000000,0.063928,-0.103870,-0.294549,0.589925,OK
1593,15.930000,32.947644,-0.000699,13.048984,3.000000,0.063929,-0.104175,-0.294539,0.589918,OK
1594,15.940000,32.943382,-0.000710,13.048879,3.000000,0.063929,-0.104479,-0.294530,0.589911,OK
1595,15.950000,32.939121,-0.000720,13.048773,3.000000,0.063929,-0.104784,-0.294520,0.589904,OK
1596,15.960000,32.934861,-0.000730,13.048667,3.000000,0.063929,-0.105089,-0.294510,0.589896,OK
1597,15.970000,32.930600,-0.000741,13.048560,3.000000,0.063930,-0.105393,-0.294500,0.589889,OK
1598,15.980000,32.926341,-0.000751,13.048453,3.000000,0.063930,-0.105698,-0.294490,0.589882,OK
1599,15.990000,32.922081,-0.000761,13.048346,3.000000,0.063930,-0.106002,-0.294480,0.589874,OK
1600,16.000000,32.917822,-0.000771,13.048238,3.000000,0.063930,-0.106307,-0.294470,0.589866,OK
1601,16.010000,32.913563,-0.000781,13.048130,3.000000,0.063931,-0.106612,-0.294460,0.589858,OK
1602,16.020000,32.909305,-0.000792,13.048022,3.000000,0.063931,-0.106916,-0.294450,0.589850,OK
1603,16.030000,32.905047,-0.000802,13.047913,3.000000,0.063931,-0.107221,-0.294440,0.589842,OK
1604,16.040000,32.900789,-0.000812,13.047804,3.000000,0.063931,-0.107525,-0.294430,0.589834,OK
1605,16.050000,32.896532,-0.000822,13.047695,3.000000,0.063931,-0.107830,-0.294420,0.589826,OK
1606,16.060000,32.892275,-0.000832,13.047586,3.000000,0.063932,-0.108134,-0.294410,0.589818,OK
1607,16.070000,32.888018,-0.000842,13.047476,3.000000,0.063932,-0.108438,-0.294399,0.589809,OK
1608,16.080000,32.883762,-0.000852,13.047365,3.000000,0.063932,-0.108743,-0.294389,0.589801,OK
1609,16.090000,32.879506,-0.000862,13.047255,3.000000,0.063932,-0.109047,-0.294379,0.589792,OK
1610,16.100000,32.875251,-0.000872,13.047144,3.000000,0.063933,-0.109352,-0.294368,0.589784,OK
1611,16.110000,32.870996,-0.000882,13.047033,3.000000,0.063933,-0.109656,-0.294358,0.589775,OK
1612,16.120000,32.866741,-0.000892,13.046921,3.000000,0.063933,-0.109961,-0.294347,0.589766,OK
1613,16.130000,32.862487,-0.000902,13.046809,3.000000,0.063933,-0.110265,-0.294337,0.589757,OK
1614,16.140000,32.858233,-0.000912,13.046697,3.000000,0.063934,-0.110569,-0.294326,0.589748,OK
1615,16.150000,32.853980,-0.000922,13.046585,3.000000,0.063934,-0.110874,-0.294316,0.589738,OK
1616,16.160000,32.849726,-0.000932,13.046472,3.000000,0.063934,-0.111178,-0.294305,0.589729,OK
1617,16.170000,32.845473,-0.000942,13.046358,3.000000,0.063934,-0.111482,-0.294295,0.589720,OK
1618,16.180000,32.841221,-0.000952,13.046245,3.000000,0.063935,-0.111787,-0.294284,0.589710,OK
1619,16.190000,32.836969,-0.000962,13.046131,3.000000,0.063935,-0.112091,-0.294273,0.589701,OK
1620,16.200000,32.832717,-0.000972,13.046017,3.000000,0.063935,-0.112395,-0.294262,0.589691,OK
1621,16.210000,32.828466,-0.000982,13.045902,3.000000,0.063935,-0.112699,-0.294252,0.589681,OK
1622,16.220000,32.824215,-0.000991,13.045788,3.000000,0.063936,-0.113004,-0.294241,0.589671,OK
1623,16.230000,32.819964,-0.001001,13.045672,3.000000,0.063936,-0.113308,-0.294230,0.589661,OK
1624,16.240000,32.815714,-0.001011,13.045557,3.000000,0.063936,-0.113612,-0.294219,0.589651,OK
1625,16.250000,32.811464,-0.001021,13.045441,3.000000,0.063936,-0.113916,-0.294208,0.589641,OK
1626,16.260000,32.807215,-0.001031,13.045325,3.000000,0.063937,-0.114221,-0.294197,0.589630,OK
1627,16.270000,32.802966,-0.001040,13.045208,3.000000,0.063937,-0.114525,-0.294186,0.589620,OK
1628,16.280000,32.798717,-0.001050,13.045092,3.000000,0.063937,-0.114829,-0.294175,0.589610,OK
1629,16.290000,32.794468,-0.001060,13.044975,3.000000,0.063938,-0.115133,-0.294163,0.589599,OK
1630,16.300000,32.790220,-0.001070,13.044857,3.000000,0.063938,-0.115437,-0.294152,0.589588,OK
1631,16.310000,32.785973,-0.001079,13.044739,3.000000,0.063938,-0.115741,-0.294141,0.589577,OK
1632,16.320000,32.781725,-0.001089,13.044621,3.000000,0.063938,-0.116045,-0.294130,0.589567,OK
1633,16.330000,32.777479,-0.001099,13.044503,3.000000,0.063939,-0.116350,-0.294119,0.589556,OK
1634,16.340000,32.773232,-0.001108,13.044384,3.000000,0.063939,-0.116654,-0.294107,0.589544,OK
1635,16.350000,32.768986,-0.001118,13.044265,3.000000,0.063939,-0.116958,-0.294096,0.589533,OK
1636,16.360000,32.764740,-0.001128,13.044146,3.000000,0.063939,-0.117262,-0.294084,0.589522,OK
1637,16.370000,32.760495,-0.001137,13.044026,3.000000,0.063940,-0.117566,-0.294073,0.589511,OK
1638,16.380000,32.756249,-0.001147,13.043906,3.000000,0.063940,-0.117870,-0.294061,0.589499,OK
1639,16.390000,32.752005,-0.001157,13.043786,3.000000,0.063940,-0.118174,-0.294050,0.589488,OK
1640,16.400000,32.747760,-0.001166,13.043665,3.000000,0.063940,-0.118478,-0.294038,0.589476,OK
1641,16.410000,32.743516,-0.001176,13.043544,3.000000,0.063941,-0.118782,-0.294027,0.589464,OK
1642,16.420000,32.739273,-0.001185,13.043423,3.000000,0.063941,-0.119086,-0.294015,0.589452,OK
1643,16.430000,32.735030,-0.001195,13.043301,3.000000,0.063941,-0.119390,-0.294003,0.589440,OK
1644,16.440000,32.730787,-0.001204,13.043179,3.000000,0.063942,-0.119694,-0.293992,0.589428,OK
1645,16.450000,32.726544,-0.001214,13.043057,3.000000,0.063942,-0.119998,-0.293980,0.589416,OK
1646,16.460000,32.722302,-0.001223,13.042934,3.000000,0.063942,-0.120302,-0.293968,0.589404,OK
1647,16.470000,32.718060,-0.001233,13.042811,3.000000,0.063942,-0.120606,-0.293956,0.589392,OK
1648,16.480000,32.713819,-0.001242,13.042688,3.000000,0.063943,-0.120910,-0.293944,0.589379,OK
1649,16.490000,32.709578,-0.001252,13.042565,3.000000,0.063943,-0.121214,-0.293932,0.589367,OK
1650,16.500000,32.705337,-0.001261,13.042441,3.000000,0.063943,-0.121517,-0.293920,0.589354,OK
1651,16.510000,32.701097,-0.001270,13.042317,3.000000,0.063944,-0.121821,-0.293908,0.589341,OK
1652,16.520000,32.696857,-0.001280,13.042192,3.000000,0.063944,-0.122125,-0.293896,0.589329,OK
1653,16.530000,32.692618,-0.001289,13.042067,3.000000,0.063944,-0.122429,-0.293884,0.589316,OK
1654,16.540000,32.688379,-0.001299,13.041942,3.000000,0.063944,-0.122733,-0.293872,0.589303,OK
1655,16.550000,32.684140,-0.001308,13.041817,3.000000,0.063945,-0.123037,-0.293860,0.589290,OK
1656,16.560000,32.679901,-0.001317,13.041691,3.000000,0.063945,-0.123340,-0.293848,0.589276,OK
1657,16.570000,32.675663,-0.001327,13.041565,3.000000,0.063945,-0.123644,-0.293836,0.589263,OK
1658,16.580000,32.671426,-0.001336,13.041439,3.000000,0.063946,-0.123948,-0.293823,0.589250,OK
1659,16.590000,32.667188,-0.001345,13.041312,3.000000,0.063946,-0.124252,-0.293811,0.589236,OK
1660,16.600000,32.662951,-0.001354,13.041185,3.000000,0.063946,-0.124556,-0.293799,0.589223,OK
1661,16.610000,32.658715,-0.001364,13.041057,3.000000,0.063946,-0.124859,-0.293786,0.589209,OK
1662,16.620000,32.654479,-0.001373,13.040930,3.000000,0.063947,-0.125163,-0.293774,0.589195,OK
1663,16.630000,32.650243,-0.001382,13.040802,3.000000,0.063947,-0.125467,-0.293761,0.589182,OK
1664,16.640000,32.646007,-0.001392,13.040673,3.000000,0.063947,-0.125771,-0.293749,0.589168,OK
1665,16.650000,32.641772,-0.001401,13.040545,3.000000,0.063948,-0.126074,-0.293736,0.589154,OK
1666,16.660000,32.637537,-0.001410,13.040416,3.000000,0.063948,-0.126378,-0.293724,0.589140,OK
1667,16.670000,32.633303,-0.001419,13.040287,3.000000,0.063948,-0.126682,-0.293711,0.589125,OK
1668,16.680000,32.629069,-0.001428,13.040157,3.000000,0.063949,-0.126985,-0.293699,0.589111,OK
1669,16.690000,32.624835,-0.001437,13.040027,3.000000,0.063949,-0.127289,-0.293686,0.589097,OK
1670,16.700000,32.620602,-0.001447,13.039897,3.000000,0.063949,-0.127593,-0.293673,0.589082,OK
1671,16.710000,32.616369,-0.001456,13.039767,3.000000,0.063949,-0.127896,-0.293660,0.589068,OK
1672,16.720000,32.612137,-0.001465,13.039636,3.000000,0.063950,-0.128200,-0.293648,0.589053,OK
1673,16.730000,32.607905,-0.001474,13.039505,3.000000,0.063950,-0.128504,-0.293635,0.589038,OK
1674,16.740000,32.603673,-0.001483,13.039373,3.000000,0.063950,-0.128807,-0.293622,0.589024,OK
1675,16.750000,32.599441,-0.001492,13.039242,3.000000,0.063951,-0.129111,-0.293609,0.589009,OK
1676,16.760000,32.595210,-0.001501,13.039110,3.000000,0.063951,-0.129414,-0.293596,0.588994,OK
1677,16.770000,32.590980,-0.001510,13.038977,3.000000,0.063951,-0.129718,-0.293583,0.588979,OK
1678,16.780000,32.586749,-0.001519,13.038845,3.000000,0.063952,-0.130022,-0.293570,0.588963,OK
1679,16.790000,32.582519,-0.001528,13.038712,3.000000,0.063952,-0.130325,-0.293557,0.588948,OK
1680,16.800000,32.578290,-0.001537,13.038578,3.000000,0.063952,-0.130629,-0.293544,0.588933,OK
1681,16.810000,32.574061,-0.001546,13.038445,3.000000,0.063952,-0.130932,-0.293531,0.588917,OK
1682,16.820000,32.569832,-0.001555,13.038311,3.000000,0.063953,-0.131236,-0.293518,0.588902,OK
1683,16.830000,32.565603,-0.001564,13.038176,3.000000,0.063953,-0.131539,-0.293504,0.588886,OK
1684,16.840000,32.561375,-0.001573,13.038042,3.000000,0.063953,-0.131843,-0.293491,0.588870,OK
1685,16.850000,32.557147,-0.001582,13.037907,3.000000,0.063954,-0.132146,-0.293478,0.588854,OK
1686,16.860000,32.552920,-0.001591,13.037772,3.000000,0.063954,-0.132450,-0.293465,0.588839,OK
1687,16.870000,32.548693,-0.001600,13.037636,3.000000,0.063954,-0.132753,-0.293451,0.588823,OK
1688,16.880000,32.544466,-0.001609,13.037501,3.000000,0.063955,-0.133057,-0.293438,0.588806,OK
1689,16.890000,32.540240,-0.001618,13.037365,3.000000,0.063955,-0.133360,-0.293424,0.588790,OK
1690,16.900000,32.536014,-0.001627,13.037228,3.000000,0.063955,-0.133664,-0.293411,0.588774,OK
1691,16.910000,32.531789,-0.001636,13.037092,3.000000,0.063956,-0.133967,-0.293397,0.588758,OK
1692,16.920000,32.527563,-0.001645,13.036955,3.000000,0.063956,-0.134270,-0.293384,0.588741,OK
1693,16.930000,32.523339,-0.001653,13.036817,3.000000,0.063956,-0.134574,-0.293370,0.588725,OK
1694,16.940000,32.519114,-0.001662,13.036680,3.000000,0.063957,-0.134877,-0.293357,0.588708,OK
1695,16.950000,32.514890,-0.001671,13.036542,3.000000,0.063957,-0.135181,-0.293343,0.588691,OK
1696,16.960000,32.510666,-0.001680,13.036403,3.000000,0.063957,-0.135484,-0.293329,0.588675,OK
1697,16.970000,32.506443,-0.001689,13.036265,3.000000,0.063958,-0.135787,-0.293316,0.588658,OK
1698,16.980000,32.502220,-0.001697,13.036126,3.000000,0.063958,-0.136091,-0.293302,0.588641,OK
1699,16.990000,32.497997,-0.001706,13.035987,3.000000,0.063958,-0.136394,-0.293288,0.588624,OK
1700,17.000000,32.493775,-0.001715,13.035847,3.000000,0.063959,-0.136697,-0.293274,0.588606,OK
1701,17.010000,32.489553,-0.001724,13.035708,3.000000,0.063959,-0.137001,-0.293260,0.588589,OK
1702,17.020000,32.485332,-0.001732,13.035568,3.000000,0.063959,-0.137304,-0.293246,0.588572,OK
1703,17.030000,32.481111,-0.001741,13.035427,3.000000,0.063960,-0.137607,-0.293233,0.588554,OK
1704,17.040000,32.476890,-0.001750,13.035286,3.000000,0.063960,-0.137911,-0.293219,0.588537,OK
1705,17.050000,32.472670,-0.001759,13.035145,3.000000,0.063960,-0.138214,-0.293205,0.588519,OK
1706,17.060000,32.468450,-0.001767,13.035004,3.000000,0.063961,-0.138517,-0.293191,0.588502,OK
1707,17.070000,32.464230,-0.001776,13.034863,3.000000,0.063961,-0.138820,-0.293176,0.588484,OK
1708,17.080000,32.460011,-0.001785,13.034721,3.000000,0.063961,-0.139124,-0.293162,0.588466,OK
1709,17.090000,32.455792,-0.001793,13.034578,3.000000,0.063962,-0.139427,-0.293148,0.588448,OK
1710,17.100000,32.451573,-0.001802,13.034436,3.000000,0.063962,-0.139730,-0.293134,0.588430,OK
1711,17.110000,32.447355,-0.001810,13.034293,3.000000,0.063962,-0.140033,-0.293120,0.588412,OK
1712,17.120000,32.443137,-0.001819,13.034150,3.000000,0.063963,-0.140337,-0.293105,0.588394,OK
1713,17.130000,32.438920,-0.001828,13.034006,3.000000,0.063963,-0.140640,-0.293091,0.588376,OK
1714,17.140000,32.434703,-0.001836,13.033863,3.000000,0.063963,-0.140943,-0.293077,0.588357,OK
1715,17.150000,32.430486,-0.001845,13.033719,3.000000,0.063964,-0.141246,-0.293062,0.588339,OK
1716,17.160000,32.426269,-0.001853,13.033574,3.000000,0.063964,-0.141549,-0.293048,0.588320,OK
1717,17.170000,32.422053,-0.001862,13.033430,3.000000,0.063964,-0.141852,-0.293034,0.588302,OK
1718,17.180000,32.417838,-0.001871,13.033285,3.000000,0.063965,-0.142156,-0.293019,0.588283,OK
1719,17.190000,32.413623,-0.001879,13.033140,3.000000,0.063965,-0.142459,-0.293005,0.588264,OK
1720,17.200000,32.409408,-0.001887,13.032995,3.000000,0.063965,-0.142762,-0.292991,0.588245,OK
1721,17.210000,32.405193,-0.001894,13.032850,3.000000,0.063966,-0.143066,-0.292977,0.588226,OK
1722,17.220000,32.400979,-0.001901,13.032705,3.000000,0.063966,-0.143370,-0.292963,0.588207,OK
1723,17.230000,32.396765,-0.001908,13.032560,3.000000,0.063966,-0.143674,-0.292949,0.588188,OK
1724,17.240000,32.392552,-0.001915,13.032414,3.000000,0.063967,-0.143978,-0.292936,0.588169,OK
1725,17.250000,32.388339,-0.001922,13.032269,3.000000,0.063967,-0.144282,-0.292922,0.588150,OK
1726,17.260000,32.384126,-0.001929,13.032124,3.000000,0.063967,-0.144586,-0.292908,0.588131,OK
1727,17.270000,32.379914,-0.001936,13.031979,3.000000,0.063968,-0.144890,-0.292894,0.588111,OK
1728,17.280000,32.375702,-0.001943,13.031833,3.000000,0.063968,-0.145194,-0.292880,0.588092,OK
1729,17.290000,32.371490,-0.001950,13.031688,3.000000,0.063968,-0.145498,-0.292866,0.588072,OK
1730,17.300000,32.367279,-0.001958,13.031542,3.000000,0.063969,-0.145802,-0.292852,0.588053,OK
1731,17.310000,32.363068,-0.001966,13.031397,3.000000,0.063969,-0.146105,-0.292837,0.588033,OK
1732,17.320000,32.358858,-0.001974,13.031251,3.000000,0.063969,-0.146408,-0.292823,0.588013,OK
1733,17.330000,32.354648,-0.001982,13.031105,3.000000,0.063970,-0.146712,-0.292808,0.587994,OK
1734,17.340000,32.350438,-0.001990,13.030958,3.000000,0.063970,-0.147015,-0.292793,0.587974,OK
1735,17.350000,32.346228,-0.001998,13.030812,3.000000,0.063970,-0.147318,-0.292778,0.587954,OK
1736,17.360000,32.342019,-0.002007,13.030665,3.000000,0.063971,-0.147621,-0.292763,0.587934,OK
1737,17.370000,32.337811,-0.002015,13.030518,3.000000,0.063971,-0.147924,-0.292747,0.587913,OK
1738,17.380000,32.333602,-0.002024,13.030370,3.000000,0.063971,-0.148227,-0.292732,0.587893,OK
1739,17.390000,32.329395,-0.002033,13.030223,3.000000,0.063972,-0.148529,-0.292717,0.587873,OK
1740,17.400000,32.325187,-0.002042,13.030074,3.000000,0.063972,-0.148832,-0.292701,0.587852,OK
1741,17.410000,32.320980,-0.002050,13.029925,3.000000,0.063972,-0.149135,-0.292686,0.587832,OK
1742,17.420000,32.316773,-0.002059,13.029776,3.000000,0.063973,-0.149437,-0.292670,0.587811,OK
1743,17.430000,32.312567,-0.002068,13.029626,3.000000,0.063973,-0.149740,-0.292655,0.587791,OK
1744,17.440000,32.308361,-0.002077,13.029476,3.000000,0.063974,-0.150043,-0.292639,0.587770,OK
1745,17.450000,32.304155,-0.002085,13.029325,3.000000,0.063974,-0.150346,-0.292623,0.587749,OK
1746,17.460000,32.299950,-0.002094,13.029174,3.000000,0.063974,-0.150648,-0.292608,0.587728,OK
1747,17.470000,32.295745,-0.002102,13.029022,3.000000,0.063975,-0.150951,-0.292592,0.587707,OK
1748,17.480000,32.291540,-0.002111,13.028870,3.000000,0.063975,-0.151254,-0.292576,0.587686,OK
1749,17.490000,32.287336,-0.002119,13.028717,3.000000,0.063975,-0.151557,-0.292561,0.587665,OK
1750,17.500000,32.283132,-0.002128,13.028563,3.000000,0.063976,-0.151859,-0.292545,0.587644,OK
1751,17.510000,32.278928,-0.002136,13.028409,3.000000,0.063976,-0.152162,-0.292530,0.587622,OK
1752,17.520000,32.274725,-0.002144,13.028255,3.000000,0.063977,-0.152465,-0.292514,0.587601,OK
1753,17.530000,32.270522,-0.002152,13.028100,3.000000,0.063977,-0.152768,-0.292498,0.587579,OK
1754,17.540000,32.266320,-0.002161,13.027945,3.000000,0.063977,-0.153071,-0.292482,0.587558,OK
1755,17.550000,32.262118,-0.002169,13.027789,3.000000,0.063978,-0.153374,-0.292467,0.587536,OK
1756,17.560000,32.257916,-0.002177,13.027633,3.000000,0.063978,-0.153676,-0.292451,0.587514,OK
1757,17.570000,32.253715,-0.002185,13.027477,3.000000,0.063978,-0.153979,-0.292435,0.587492,OK
1758,17.580000,32.249514,-0.002193,13.027320,3.000000,0.063979,-0.154282,-0.292419,0.587470,OK
1759,17.590000,32.245313,-0.002201,13.027162,3.000000,0.063979,-0.154585,-0.292403,0.587448,OK
1760,17.600000,32.241113,-0.002210,13.027000,3.000000,0.063980,-0.154887,-0.292387,0.587426,OK
1761,17.610000,32.236913,-0.002218,13.026836,3.000000,0.063980,-0.155190,-0.292371,0.587404,OK
1762,17.620000,32.232714,-0.002227,13.026668,3.000000,0.063980,-0.155492,-0.292354,0.587382,OK
1763,17.630000,32.228515,-0.002237,13.026498,3.000000,0.063981,-0.155794,-0.292338,0.587359,OK
1764,17.640000,32.224316,-0.002246,13.026325,3.000000,0.063981,-0.156096,-0.292321,0.587337,OK
1765,17.650000,32.220118,-0.002255,13.026149,3.000000,0.063981,-0.156398,-0.292304,0.587314,OK
1766,17.660000,32.215920,-0.002265,13.025971,3.000000,0.063982,-0.156700,-0.292287,0.587292,OK
1767,17.670000,32.211722,-0.002274,13.025791,3.000000,0.063982,-0.157002,-0.292270,0.587269,OK
1768,17.680000,32.207525,-0.002284,13.025608,3.000000,0.063983,-0.157303,-0.292253,0.587246,OK
1769,17.690000,32.203328,-0.002293,13.025423,3.000000,0.063983,-0.157605,-0.292236,0.587223,OK
1770,17.700000,32.199131,-0.002302,13.025236,3.000000,0.063983,-0.157907,-0.292219,0.587200,OK
1771,17.710000,32.194935,-0.002312,13.025047,3.000000,0.063984,-0.158209,-0.292202,0.587177,OK
1772,17.720000,32.190739,-0.002321,13.024856,3.000000,0.063984,-0.158511,-0.292185,0.587154,OK
1773,17.730000,32.186544,-0.002329,13.024664,3.000000,0.063985,-0.158813,-0.292168,0.587131,OK
1774,17.740000,32.182349,-0.002338,13.024470,3.000000,0.063985,-0.159116,-0.292151,0.587107,OK
1775,17.750000,32.178154,-0.002347,13.024275,3.000000,0.063985,-0.159418,-0.292134,0.587084,OK
1776,17.760000,32.173960,-0.002355,13.024079,3.000000,0.063986,-0.159720,-0.292117,0.587060,OK
1777,17.770000,32.169766,-0.002363,13.023882,3.000000,0.063986,-0.160022,-0.292100,0.587037,OK
1778,17.780000,32.165572,-0.002371,13.023684,3.000000,0.063987,-0.160325,-0.292084,0.587013,OK
1779,17.790000,32.161379,-0.002379,13.023485,3.000000,0.063987,-0.160627,-0.292067,0.586989,OK
1780,17.800000,32.157186,-0.002387,13.023285,3.000000,0.063987,-0.160930,-0.292050,0.586965,OK
1781,17.810000,32.152994,-0.002395,13.023085,3.000000,0.063988,-0.161233,-0.292034,0.586941,OK
1782,17.820000,32.148802,-0.002403,13.022883,3.000000,0.063988,-0.161535,-0.292017,0.586917,OK
1783,17.830000,32.144610,-0.002410,13.022682,3.000000,0.063989,-0.161838,-0.292000,0.586893,OK
1784,17.840000,32.140419,-0.002418,13.022480,3.000000,0.063989,-0.162140,-0.291984,0.586869,OK
1785,17.850000,32.136228,-0.002426,13.022277,3.000000,0.063989,-0.162443,-0.291967,0.586845,OK
1786,17.860000,32.132037,-0.002433,13.022074,3.000000,0.063990,-0.162746,-0.291950,0.586820,OK
1787,17.870000,32.127847,-0.002441,13.021871,3.000000,0.063990,-0.163048,-0.291933,0.586796,OK
1788,17.880000,32.123657,-0.002449,13.021667,3.000000,0.063991,-0.163351,-0.291917,0.586771,OK
1789,17.890000,32.119468,-0.002456,13.021463,3.000000,0.063991,-0.163653,-0.291900,0.586747,OK
1790,17.900000,32.115278,-0.002464,13.021259,3.000000,0.063991,-0.163956,-0.291883,0.586722,OK
1791,17.910000,32.111090,-0.002472,13.021055,3.000000,0.063992,-0.164258,-0.291866,0.586698,OK
1792,17.920000,32.106901,-0.002480,13.020851,3.000000,0.063992,-0.164561,-0.291849,0.586673,OK
1793,17.930000,32.102713,-0.002487,13.020646,3.000000,0.063993,-0.164863,-0.291832,0.586648,OK
1794,17.940000,32.098526,-0.002495,13.020442,3.000000,0.063993,-0.165166,-0.291814,0.586623,OK
1795,17.950000,32.094338,-0.002503,13.020237,3.000000,0.063993,-0.165468,-0.291797,0.586598,OK
1796,17.960000,32.090151,-0.002511,13.020032,3.000000,0.063994,-0.165770,-0.291780,0.586573,OK
1797,17.970000,32.085965,-0.002519,13.019826,3.000000,0.063994,-0.166073,-0.291763,0.586548,OK
1798,17.980000,32.081778,-0.002526,13.019621,3.000000,0.063995,-0.166375,-0.291745,0.586522,OK
1799,17.990000,32.077593,-0.002534,13.019415,3.000000,0.063995,-0.166677,-0.291728,0.586497,OK
1800,18.000000,32.073407,-0.002542,13.019209,3.000000,0.063996,-0.166980,-0.291710,0.586472,OK
1801,18.010000,32.069222,-0.002550,13.019003,3.000000,0.063996,-0.167282,-0.291693,0.586446,OK
1802,18.020000,32.065037,-0.002558,13.018797,3.000000,0.063996,-0.167584,-0.291675,0.586420,OK
1803,18.030000,32.060853,-0.002566,13.018590,3.000000,0.063997,-0.167886,-0.291658,0.586395,OK
1804,18.040000,32.056669,-0.002574,13.018383,3.000000,0.063997,-0.168189,-0.291640,0.586369,OK
1805,18.050000,32.052485,-0.002582,13.018176,3.000000,0.063998,-0.168491,-0.291623,0.586343,OK
1806,18.060000,32.048302,-0.002590,13.017969,3.000000,0.063998,-0.168793,-0.291605,0.586317,OK
1807,18.070000,32.044119,-0.002597,13.017761,3.000000,0.063998,-0.169095,-0.291587,0.586291,OK
1808,18.080000,32.039937,-0.002605,13.017553,3.000000,0.063999,-0.169397,-0.291569,0.586265,OK
1809,18.090000,32.035754,-0.002613,13.017345,3.000000,0.063999,-0.169699,-0.291552,0.586239,OK
1810,18.100000,32.031573,-0.002621,13.017137,3.000000,0.064000,-0.170002,-0.291534,0.586213,OK
1811,18.110000,32.027391,-0.002629,13.016928,3.000000,0.064000,-0.170304,-0.291516,0.586187,OK
1812,18.120000,32.023210,-0.002637,13.016719,3.000000,0.064001,-0.170606,-0.291498,0.586160,OK
1813,18.130000,32.019029,-0.002644,13.016509,3.000000,0.064001,-0.170908,-0.291480,0.586134,OK
1814,18.140000,32.014849,-0.002652,13.016300,3.000000,0.064001,-0.171210,-0.291462,0.586107,OK
1815,18.150000,32.010669,-0.002660,13.016090,3.000000,0.064002,-0.171512,-0.291444,0.586081,OK
1816,18.160000,32.006490,-0.002668,13.015879,3.000000,0.064002,-0.171815,-0.291426,0.586054,OK
1817,18.170000,32.002310,-0.002675,13.015669,3.000000,0.064003,-0.172117,-0.291408,0.586027,OK
1818,18.180000,31.998131,-0.002683,13.015458,3.000000,0.064003,-0.172419,-0.291390,0.586001,OK
1819,18.190000,31.993953,-0.002691,13.015247,3.000000,0.064003,-0.172721,-0.291372,0.585974,OK
1820,18.200000,31.989775,-0.002699,13.015035,3.000000,0.064004,-0.173023,-0.291354,0.585947,OK
1821,18.210000,31.985597,-0.002706,13.014824,3.000000,0.064004,-0.173325,-0.291336,0.585920,OK
1822,18.220000,31.981420,-0.002714,13.014612,3.000000,0.064005,-0.173627,-0.291318,0.585892,OK
1823,18.230000,31.977243,-0.002722,13.014399,3.000000,0.064005,-0.173929,-0.291300,0.585865,OK
1824,18.240000,31.973066,-0.002729,13.014187,3.000000,0.064006,-0.174231,-0.291281,0.585838,OK
1825,18.250000,31.968890,-0.002737,13.013974,3.000000,0.064006,-0.174533,-0.291263,0.585811,OK
1826,18.260000,31.964714,-0.002745,13.013761,3.000000,0.064007,-0.174835,-0.291245,0.585783,OK
1827,18.270000,31.960538,-0.002752,13.013547,3.000000,0.064007,-0.175138,-0.291226,0.585756,OK
1828,18.280000,31.956363,-0.002760,13.013334,3.000000,0.064007,-0.175440,-0.291208,0.585728,OK
1829,18.290000,31.952188,-0.002767,13.013120,3.000000,0.064008,-0.175742,-0.291190,0.585700,OK
1830,18.300000,31.948013,-0.002775,13.012905,3.000000,0.064008,-0.176044,-0.291171,0.585673,OK
1831,18.310000,31.943839,-0.002783,13.012691,3.000000,0.064009,-0.176346,-0.291153,0.585645,OK
1832,18.320000,31.939666,-0.002790,13.012476,3.000000,0.064009,-0.176648,-0.291134,0.585617,OK
1833,18.330000,31.935492,-0.002798,13.012261,3.000000,0.064010,-0.176950,-0.291116,0.585589,OK
1834,18.340000,31.931319,-0.002805,13.012045,3.000000,0.064010,-0.177252,-0.291097,0.585561,OK
1835,18.350000,31.927147,-0.002813,13.011830,3.000000,0.064010,-0.177554,-0.291078,0.585533,OK
1836,18.360000,31.922974,-0.002821,13.011614,3.000000,0.064011,-0.177856,-0.291060,0.585504,OK
1837,18.370000,31.918802,-0.002828,13.011397,3.000000,0.064011,-0.178158,-0.291041,0.585476,OK
1838,18.380000,31.914631,-0.002836,13.011181,3.000000,0.064012,-0.178460,-0.291022,0.585448,OK
1839,18.390000,31.910460,-0.002843,13.010964,3.000000,0.064012,-0.178762,-0.291004,0.585419,OK
1840,18.400000,31.906289,-0.002851,13.010747,3.000000,0.064013,-0.179063,-0.290985,0.585391,OK
1841,18.410000,31.902118,-0.002858,13.010530,3.000000,0.064013,-0.179365,-0.290966,0.585362,OK
1842,18.420000,31.897948,-0.002866,13.010312,3.000000,0.064014,-0.179667,-0.290947,0.585334,OK
1843,18.430000,31.893779,-0.002873,13.010094,3.000000,0.064014,-0.179969,-0.290928,0.585305,OK
1844,18.440000,31.889609,-0.002881,13.009876,3.000000,0.064014,-0.180271,-0.290909,0.585276,OK
1845,18.450000,31.885440,-0.002888,13.009658,3.000000,0.064015,-0.180573,-0.290891,0.585247,OK
1846,18.460000,31.881272,-0.002896,13.009439,3.000000,0.064015,-0.180875,-0.290872,0.585218,OK
1847,18.470000,31.877103,-0.002903,13.009220,3.000000,0.064016,-0.181177,-0.290853,0.585189,OK
1848,18.480000,31.872935,-0.002911,13.009000,3.000000,0.064016,-0.181479,-0.290834,0.585160,OK
1849,18.490000,31.868768,-0.002918,13.008781,3.000000,0.064017,-0.181781,-0.290814,0.585131,OK
1850,18.500000,31.864601,-0.002926,13.008561,3.000000,0.064017,-0.182082,-0.290795,0.585102,OK
1851,18.510000,31.860434,-0.002933,13.008341,3.000000,0.064018,-0.182384,-0.290776,0.585072,OK
1852,18.520000,31.856267,-0.002941,13.008120,3.000000,0.064018,-0.182686,-0.290757,0.585043,OK
1853,18.530000,31.852101,-0.002948,13.007900,3.000000,0.064018,-0.182988,-0.290738,0.585013,OK
1854,18.540000,31.847936,-0.002956,13.007679,3.000000,0.064019,-0.183290,-0.290719,0.584984,OK
1855,18.550000,31.843770,-0.002963,13.007458,3.000000,0.064019,-0.183592,-0.290699,0.584954,OK
1856,18.560000,31.839605,-0.002970,13.007236,3.000000,0.064020,-0.183893,-0.290680,0.584925,OK
1857,18.570000,31.835441,-0.002978,13.007014,3.000000,0.064020,-0.184195,-0.290661,0.584895,OK
1858,18.580000,31.831276,-0.002985,13.006792,3.000000,0.064021,-0.184497,-0.290641,0.584865,OK
1859,18.590000,31.827113,-0.002993,13.006570,3.000000,0.064021,-0.184799,-0.290622,0.584835,OK
1860,18.600000,31.822949,-0.003000,13.006347,3.000000,0.064022,-0.185101,-0.290603,0.584805,OK
1861,18.610000,31.818786,-0.003007,13.006124,3.000000,0.064022,-0.185402,-0.290583,0.584775,OK
1862,18.620000,31.814623,-0.003014,13.005902,3.000000,0.064023,-0.185704,-0.290564,0.584745,OK
1863,18.630000,31.810461,-0.003021,13.005678,3.000000,0.064023,-0.186007,-0.290545,0.584715,OK
1864,18.640000,31.806299,-0.003027,13.005455,3.000000,0.064023,-0.186309,-0.290526,0.584684,OK
1865,18.650000,31.802137,-0.003033,13.005232,3.000000,0.064024,-0.186612,-0.290507,0.584654,OK
1866,18.660000,31.797976,-0.003039,13.005009,3.000000,0.064024,-0.186914,-0.290488,0.584624,OK
1867,18.670000,31.793815,-0.003045,13.004786,3.000000,0.064025,-0.187217,-0.290470,0.584593,OK
1868,18.680000,31.789654,-0.003051,13.004563,3.000000,0.064025,-0.187520,-0.290451,0.584563,OK
1869,18.690000,31.785494,-0.003056,13.004340,3.000000,0.064026,-0.187822,-0.290432,0.584532,OK
1870,18.700000,31.781334,-0.003062,13.004117,3.000000,0.064026,-0.188125,-0.290413,0.584501,OK
1871,18.710000,31.777174,-0.003068,13.003894,3.000000,0.064027,-0.188428,-0.290394,0.584471,OK
1872,18.720000,31.773015,-0.003075,13.003670,3.000000,0.064027,-0.188730,-0.290375,0.584440,OK
1873,18.730000,31.768856,-0.003081,13.003447,3.000000,0.064028,-0.189032,-0.290356,0.584409,OK
1874,18.740000,31.764698,-0.003088,13.003223,3.000000,0.064028,-0.189334,-0.290337,0.584378,OK
1875,18.750000,31.760540,-0.003094,13.003000,3.000000,0.064028,-0.189636,-0.290317,0.584347,OK
1876,18.760000,31.756382,-0.003101,13.002776,3.000000,0.064029,-0.189938,-0.290297,0.584316,OK
1877,18.770000,31.752225,-0.003109,13.002552,3.000000,0.064029,-0.190240,-0.290277,0.584285,OK
1878,18.780000,31.748068,-0.003116,13.002327,3.000000,0.064030,-0.190542,-0.290258,0.584254,OK
1879,18.790000,31.743912,-0.003123,13.002103,3.000000,0.064030,-0.190843,-0.290237,0.584223,OK
1880,18.800000,31.739755,-0.003131,13.001878,3.000000,0.064031,-0.191145,-0.290217,0.584192,OK
1881,18.810000,31.735600,-0.003138,13.001653,3.000000,0.064031,-0.191446,-0.290197,0.584160,OK
1882,18.820000,31.731444,-0.003146,13.001427,3.000000,0.064032,-0.191748,-0.290177,0.584129,OK
1883,18.830000,31.727289,-0.003154,13.001201,3.000000,0.064032,-0.192049,-0.290156,0.584097,OK
1884,18.840000,31.723134,-0.003161,13.000975,3.000000,0.064033,-0.192351,-0.290136,0.584066,OK
1885,18.850000,31.718980,-0.003169,13.000748,3.000000,0.064033,-0.192652,-0.290115,0.584034,OK
1886,18.860000,31.714826,-0.003177,13.000521,3.000000,0.064034,-0.192953,-0.290095,0.584002,OK
1887,18.870000,31.710672,-0.003185,13.000293,3.000000,0.064034,-0.193255,-0.290074,0.583970,OK
1888,18.880000,31.706519,-0.003192,13.000065,3.000000,0.064035,-0.193556,-0.290054,0.583938,OK
1889,18.890000,31.702366,-0.003200,12.999836,3.000000,0.064035,-0.193858,-0.290033,0.583906,OK
1890,18.900000,31.698213,-0.003207,12.999607,3.000000,0.064036,-0.194159,-0.290013,0.583874,OK
1891,18.910000,31.694061,-0.003215,12.999377,3.000000,0.064036,-0.194460,-0.289992,0.583842,OK
1892,18.920000,31.689909,-0.003222,12.999147,3.000000,0.064037,-0.194762,-0.289972,0.583810,OK
1893,18.930000,31.685758,-0.003229,12.998916,3.000000,0.064037,-0.195063,-0.289951,0.583778,OK
1894,18.940000,31.681607,-0.003237,12.998685,3.000000,0.064038,-0.195365,-0.289931,0.583745,OK
1895,18.950000,31.677456,-0.003244,12.998453,3.000000,0.064038,-0.195666,-0.289910,0.583713,OK
1896,18.960000,31.673305,-0.003251,12.998221,3.000000,0.064039,-0.195968,-0.289890,0.583680,OK
1897,18.970000,31.669155,-0.003258,12.997989,3.000000,0.064039,-0.196270,-0.289869,0.583648,OK
1898,18.980000,31.665006,-0.003265,12.997756,3.000000,0.064039,-0.196571,-0.289848,0.583615,OK
1899,18.990000,31.660856,-0.003272,12.997523,3.000000,0.064040,-0.196873,-0.289828,0.583582,OK
1900,19.000000,31.656708,-0.003279,12.997289,3.000000,0.064040,-0.197174,-0.289807,0.583550,OK
1901,19.010000,31.652559,-0.003286,12.997055,3.000000,0.064041,-0.197476,-0.289786,0.583517,OK
1902,19.020000,31.648411,-0.003293,12.996821,3.000000,0.064041,-0.197777,-0.289766,0.583484,OK
1903,19.030000,31.644263,-0.003300,12.996587,3.000000,0.064042,-0.198079,-0.289745,0.583451,OK
1904,19.040000,31.640115,-0.003307,12.996352,3.000000,0.064042,-0.198380,-0.289724,0.583418,OK
1905,19.050000,31.635968,-0.003314,12.996117,3.000000,0.064043,-0.198682,-0.289704,0.583385,OK
1906,19.060000,31.631821,-0.003321,12.995881,3.000000,0.064043,-0.198984,-0.289683,0.583351,OK
1907,19.070000,31.627675,-0.003328,12.995646,3.000000,0.064044,-0.199285,-0.289662,0.583318,OK
1908,19.080000,31.623529,-0.003335,12.995410,3.000000,0.064044,-0.199587,-0.289641,0.583285,OK
1909,19.090000,31.619383,-0.003342,12.995174,3.000000,0.064045,-0.199888,-0.289620,0.583251,OK
1910,19.100000,31.615238,-0.003349,12.994937,3.000000,0.064045,-0.200190,-0.289599,0.583218,OK
1911,19.110000,31.611093,-0.003356,12.994701,3.000000,0.064046,-0.200491,-0.289578,0.583184,OK
1912,19.120000,31.606948,-0.003363,12.994464,3.000000,0.064046,-0.200793,-0.289557,0.583151,OK
1913,19.130000,31.602804,-0.003370,12.994227,3.000000,0.064047,-0.201094,-0.289536,0.583117,OK
1914,19.140000,31.598660,-0.003377,12.993989,3.000000,0.064047,-0.201396,-0.289515,0.583083,OK
1915,19.150000,31.594517,-0.003384,12.993752,3.000000,0.064048,-0.201697,-0.289494,0.583049,OK
1916,19.160000,31.590374,-0.003391,12.993514,3.000000,0.064048,-0.201998,-0.289473,0.583015,OK
1917,19.170000,31.586231,-0.003399,12.993276,3.000000,0.064049,-0.202300,-0.289452,0.582981,OK
1918,19.180000,31.582089,-0.003406,12.993037,3.000000,0.064049,-0.202601,-0.289430,0.582947,OK
1919,19.190000,31.577946,-0.003413,12.992799,3.000000,0.064050,-0.202903,-0.289409,0.582913,OK
1920,19.200000,31.573805,-0.003420,12.992560,3.000000,0.064050,-0.203204,-0.289388,0.582879,OK
1921,19.210000,31.569663,-0.003427,12.992321,3.000000,0.064051,-0.203505,-0.289366,0.582845,OK
1922,19.220000,31.565522,-0.003434,12.992081,3.000000,0.064051,-0.203807,-0.289345,0.582810,OK
1923,19.230000,31.561382,-0.003441,12.991841,3.000000,0.064052,-0.204108,-0.289324,0.582776,OK
1924,19.240000,31.557242,-0.003447,12.991602,3.000000,0.064052,-0.204410,-0.289302,0.582741,OK
1925,19.250000,31.553102,-0.003454,12.991361,3.000000,0.064053,-0.204711,-0.289281,0.582707,OK
1926,19.260000,31.548962,-0.003461,12.991121,3.000000,0.064053,-0.205012,-0.289259,0.582672,OK
1927,19.270000,31.544823,-0.003468,12.990880,3.000000,0.064054,-0.205314,-0.289238,0.582638,OK
1928,19.280000,31.540684,-0.003475,12.990639,3.000000,0.064054,-0.205615,-0.289216,0.582603,OK
1929,19.290000,31.536546,-0.003482,12.990398,3.000000,0.064055,-0.205916,-0.289195,0.582568,OK
1930,19.300000,31.532408,-0.003489,12.990156,3.000000,0.064055,-0.206218,-0.289173,0.582533,OK
1931,19.310000,31.528270,-0.003496,12.989914,3.000000,0.064056,-0.206519,-0.289151,0.582498,OK
1932,19.320000,31.524133,-0.003503,12.989672,3.000000,0.064056,-0.206820,-0.289130,0.582463,OK
1933,19.330000,31.519996,-0.003510,12.989430,3.000000,0.064057,-0.207122,-0.289108,0.582428,OK
1934,19.340000,31.515859,-0.003517,12.989187,3.000000,0.064058,-0.207423,-0.289086,0.582393,OK
1935,19.350000,31.511723,-0.003524,12.988944,3.000000,0.064058,-0.207724,-0.289065,0.582358,OK
1936,19.360000,31.507587,-0.003531,12.988701,3.000000,0.064059,-0.208026,-0.289043,0.582322,OK
1937,19.370000,31.503451,-0.003538,12.988458,3.000000,0.064059,-0.208327,-0.289021,0.582287,OK
1938,19.380000,31.499316,-0.003544,12.988214,3.000000,0.064060,-0.208628,-0.288999,0.582252,OK
1939,19.390000,31.495181,-0.003551,12.987970,3.000000,0.064060,-0.208929,-0.288977,0.582216,OK
1940,19.400000,31.491047,-0.003558,12.987725,3.000000,0.064061,-0.209231,-0.288955,0.582180,OK
1941,19.410000,31.486913,-0.003565,12.987481,3.000000,0.064061,-0.209532,-0.288933,0.582145,OK
1942,19.420000,31.482779,-0.003572,12.987236,3.000000,0.064062,-0.209833,-0.288911,0.582109,OK
1943,19.430000,31.478646,-0.003579,12.986991,3.000000,0.064062,-0.210134,-0.288889,0.582073,OK
1944,19.440000,31.474513,-0.003586,12.986746,3.000000,0.064063,-0.210436,-0.288867,0.582037,OK
1945,19.450000,31.470380,-0.003592,12.986500,3.000000,0.064063,-0.210737,-0.288845,0.582001,OK
1946,19.460000,31.466248,-0.003599,12.986254,3.000000,0.064064,-0.211038,-0.288823,0.581966,OK
1947,19.470000,31.462116,-0.003606,12.986008,3.000000,0.064064,-0.211339,-0.288801,0.581929,OK
1948,19.480000,31.457984,-0.003613,12.985761,3.000000,0.064065,-0.211641,-0.288779,0.581893,OK
1949,19.490000,31.453853,-0.003620,12.985515,3.000000,0.064065,-0.211942,-0.288757,0.581857,OK
1950,19.500000,31.449722,-0.003627,12.985268,3.000000,0.064066,-0.212243,-0.288734,0.581821,OK
1951,19.510000,31.445591,-0.003633,12.985021,3.000000,0.064066,-0.212544,-0.288712,0.581785,OK
1952,19.520000,31.441461,-0.003640,12.984773,3.000000,0.064067,-0.212845,-0.288690,0.581748,OK
1953,19.530000,31.437332,-0.003647,12.984525,3.000000,0.064067,-0.213147,-0.288668,0.581712,OK
1954,19.540000,31.433202,-0.003654,12.984277,3.000000,0.064068,-0.213448,-0.288645,0.581675,OK
1955,19.550000,31.429073,-0.003660,12.984029,3.000000,0.064068,-0.213749,-0.288623,0.581639,OK
1956,19.560000,31.424944,-0.003667,12.983780,3.000000,0.064069,-0.214050,-0.288601,0.581602,OK
1957,19.570000,31.420816,-0.003674,12.983532,3.000000,0.064070,-0.214351,-0.288578,0.581565,OK
1958,19.580000,31.416688,-0.003681,12.983283,3.000000,0.064070,-0.214652,-0.288556,0.581528,OK
1959,19.590000,31.412560,-0.003688,12.983033,3.000000,0.064071,-0.214954,-0.288533,0.581491,OK
1960,19.600000,31.408433,-0.003694,12.982784,3.000000,0.064071,-0.215255,-0.288511,0.581454,OK
1961,19.610000,31.404306,-0.003701,12.982534,3.000000,0.064072,-0.215556,-0.288488,0.581417,OK
1962,19.620000,31.400180,-0.003708,12.982283,3.000000,0.064072,-0.215857,-0.288466,0.581380,OK
1963,19.630000,31.396054,-0.003715,12.982033,3.000000,0.064073,-0.216158,-0.288443,0.581343,OK
1964,19.640000,31.391928,-0.003721,12.981782,3.000000,0.064073,-0.216459,-0.288420,0.581306,OK
1965,19.650000,31.387802,-0.003728,12.981531,3.000000,0.064074,-0.216760,-0.288398,0.581269,OK
1966,19.660000,31.383677,-0.003735,12.981280,3.000000,0.064074,-0.217062,-0.288375,0.581231,OK
1967,19.670000,31.379552,-0.003741,12.981029,3.000000,0.064075,-0.217363,-0.288352,0.581194,OK
1968,19.680000,31.375428,-0.003748,12.980777,3.000000,0.064075,-0.217664,-0.288329,0.581156,OK
1969,19.690000,31.371304,-0.003755,12.980525,3.000000,0.064076,-0.217965,-0.288307,0.581119,OK
1970,19.700000,31.367180,-0.003762,12.980273,3.000000,0.064076,-0.218266,-0.288284,0.581081,OK
1971,19.710000,31.363057,-0.003768,12.980020,3.000000,0.064077,-0.218567,-0.288261,0.581044,OK
1972,19.720000,31.358934,-0.003775,12.979767,3.000000,0.064078,-0.218868,-0.288238,0.581006,OK
1973,19.730000,31.354812,-0.003782,12.979514,3.000000,0.064078,-0.219169,-0.288215,0.580968,OK
1974,19.740000,31.350689,-0.003788,12.979261,3.000000,0.064079,-0.219470,-0.288192,0.580930,OK
1975,19.750000,31.346568,-0.003795,12.979007,3.000000,0.064079,-0.219771,-0.288169,0.580892,OK
1976,19.760000,31.342446,-0.003802,12.978753,3.000000,0.064080,-0.220072,-0.288146,0.580854,OK
1977,19.770000,31.338325,-0.003808,12.978500,3.000000,0.064080,-0.220374,-0.288123,0.580816,OK
1978,19.780000,31.334204,-0.003814,12.978246,3.000000,0.064081,-0.220675,-0.288101,0.580778,OK
1979,19.790000,31.330084,-0.003819,12.977992,3.000000,0.064081,-0.220977,-0.288078,0.580740,OK
1980,19.800000,31.325964,-0.003825,12.977738,3.000000,0.064082,-0.221279,-0.288056,0.580702,OK
1981,19.810000,31.321844,-0.003830,12.977484,3.000000,0.064082,-0.221581,-0.288034,0.580663,OK
1982,19.820000,31.317725,-0.003835,12.977230,3.000000,0.064083,-0.221883,-0.288012,0.580625,OK
1983,19.830000,31.313606,-0.003840,12.976976,3.000000,0.064083,-0.222185,-0.287989,0.580587,OK
1984,19.840000,31.309487,-0.003845,12.976722,3.000000,0.064084,-0.222487,-0.287967,0.580548,OK
1985,19.850000,31.305369,-0.003850,12.976468,3.000000,0.064084,-0.222788,-0.287945,0.580510,OK
1986,19.860000,31.301251,-0.003855,12.976214,3.000000,0.064085,-0.223090,-0.287922,0.580471,OK
1987,19.870000,31.297133,-0.003861,12.975960,3.000000,0.064086,-0.223392,-0.287900,0.580432,OK
1988,19.880000,31.293016,-0.003867,12.975706,3.000000,0.064086,-0.223694,-0.287877,0.580394,OK
1989,19.890000,31.288899,-0.003873,12.975451,3.000000,0.064087,-0.223995,-0.287854,0.580355,OK
1990,19.900000,31.284783,-0.003879,12.975197,3.000000,0.064087,-0.224296,-0.287831,0.580316,OK
1991,19.910000,31.280667,-0.003885,12.974942,3.000000,0.064088,-0.224598,-0.287808,0.580277,OK
1992,19.920000,31.276551,-0.003891,12.974687,3.000000,0.064088,-0.224899,-0.287784,0.580238,OK
1993,19.930000,31.272436,-0.003898,12.974432,3.000000,0.064089,-0.225200,-0.287761,0.580199,OK
1994,19.940000,31.268321,-0.003905,12.974177,3.000000,0.064089,-0.225501,-0.287737,0.580160,OK
1995,19.950000,31.264206,-0.003912,12.973921,3.000000,0.064090,-0.225801,-0.287714,0.580121,OK
1996,19.960000,31.260092,-0.003919,12.973666,3.000000,0.064091,-0.226102,-0.287690,0.580082,OK
1997,19.970000,31.255978,-0.003926,12.973409,3.000000,0.064091,-0.226403,-0.287666,0.580043,OK
1998,19.980000,31.251864,-0.003933,12.973153,3.000000,0.064092,-0.226704,-0.287642,0.580004,OK
1999,19.990000,31.247751,-0.003940,12.972896,3.000000,0.064092,-0.227004,-0.287618,0.579964,OK
2000,20.000000,31.243638,-0.003947,12.972638,3.000000,0.064093,-0.227305,-0.287594,0.579925,OK
