sample_index,run_number,run_timestamp_local_iso8601,run_timestamp_utc_iso8601,sim_time_s,state_vehicle_speed_kmh,state_beta_trucksim_deg,state_yaw_rate_trucksim_degps,state_x_m,state_y_m,state_xt_m,state_yt_m,cmd_delta1_deg,cmd_delta2_deg,cmd_delta3_deg,case_id,case_name,run_status
1,2026年09月25日_14时38分14秒_第001次,2026-09-25T14:38:14+08:00,2026-09-25T06:38:14Z,0,15,0,0,-1.05819009496492,0,0,0,0,0,-0,MV-202-15,sine_steer_python_15kmh,COMPLETED
2,2026年09月25日_14时38分14秒_第001次,2026-09-25T14:38:14+08:00,2026-09-25T06:38:14Z,0.01,14.9990007394227,1.37188202424388e-07,-9.73825107946377e-05,-1.02068862495854,1.70534672833594e-09,0.0375100395247404,0,0,-1.96122075772105e-09,-8.29988624667548e-08,MV-202-15,sine_steer_python_15kmh,COMPLETED
3,2026年09月25日_14时38分14秒_第001次,2026-09-25T14:38:14+08:00,2026-09-25T06:38:14Z,0.02,14.9963275183986,1.54421089072167e-08,-7.45566014321178e-05,-0.979026422279209,2.6946561242453e-08,0.0791796471747533,0,0,-2.36966372896692e-10,-1.0028416900988e-08,MV-202-15,sine_steer_python_15kmh,COMPLETED
4,2026年09月25日_14时38分14秒_第001次,2026-09-25T14:38:14+08:00,2026-09-25T06:38:14Z,0.03,14.993447833035,-2.20889604505059e-06,5.67594417184424e-05,-0.937371674883567,2.29203268575349e-08,0.120843333881668,0,0,3.15599942272909e-08,1.33561895569895e-06,MV-202-15,sine_steer_python_15kmh,COMPLETED
5,2026年09月25日_14时38分14秒_第001次,2026-09-25T14:38:14+08:00,2026-09-25T06:38:14Z,0.04,14.9907554113234,-3.33467343539198e-06,-1.75657790453237e-05,-0.895723610177853,1.61738911645733e-08,0.162504726505007,0,0,4.79149044678815e-08,2.02775875708074e-06,MV-202-15,sine_steer_python_15kmh,COMPLETED
6,2026年09月25日_14时38分14秒_第001次,2026-09-25T14:38:14+08:00,2026-09-25T06:38:14Z,0.05,14.9883732433823,-3.40648742434314e-06,-8.53310081897293e-05,-0.854082340504233,2.58191914187375e-08,0.204160285349665,0,0,4.93355290069271e-08,2.08787958757315e-06,MV-202-15,sine_steer_python_15kmh,COMPLETED
7,2026年09月25日_14时38分14秒_第001次,2026-09-25T14:38:14+08:00,2026-09-25T06:38:14Z,0.06,14.986263576944,-3.98953475749327e-06,-9.6120405792412e-05,-0.812447946024463,4.44977080250575e-08,0.245806442533452,0,0,5.8073148895338e-08,2.4576556612507e-06,MV-202-15,sine_steer_python_15kmh,COMPLETED
8,2026年09月25日_14时38分14秒_第001次,2026-09-25T14:38:14+08:00,2026-09-25T06:38:14Z,0.07,14.9844037360973,-5.59999426980619e-06,-8.19657164774461e-05,-0.770820279188731,6.41248541846931e-08,0.287441155145701,0,0,8.15673757085889e-08,3.45193133998748e-06,MV-202-15,sine_steer_python_15kmh,COMPLETED
9,2026年09月25日_14时38分14秒_第001次,2026-09-25T14:38:14+08:00,2026-09-25T06:38:14Z,0.08,14.9828500033546,-7.87781137845667e-06,-6.37634596815427e-05,-0.729198813255321,8.11873775165162e-08,0.329064006570065,0,0,1.14792312430767e-07,4.85801066207005e-06,MV-202-15,sine_steer_python_15kmh,COMPLETED
10,2026年09月25日_14时38分14秒_第001次,2026-09-25T14:38:14+08:00,2026-09-25T06:38:14Z,0.09,14.9815905332926,-1.02706579577407e-05,-2.95444206655565e-05,-0.687582640156107,9.48701973402128e-08,0.370676111673047,0,0,1.49930810478004e-07,6.34507189942915e-06,MV-202-15,sine_steer_python_15kmh,COMPLETED
11,2026年09月25日_14时38分14秒_第001次,2026-09-25T14:38:14+08:00,2026-09-25T06:38:14Z,0.1,14.9805522701916,-1.22722150875904e-05,2.59670076117801e-05,-0.645970742482105,1.03775077487845e-07,0.412279636335027,0,0,1.79758205405882e-07,7.60736725277694e-06,MV-202-15,sine_steer_python_15kmh,COMPLETED
12,2026年09月25日_14时38分14秒_第001次,2026-09-25T14:38:14+08:00,2026-09-25T06:38:14Z,0.11,14.9796553930526,-1.33506116641578e-05,9.1282589800823e-05,-0.604362167477512,1.07469257986542e-07,0.453877296564239,0,0,1.96624722519806e-07,8.32115825703819e-06,MV-202-15,sine_steer_python_15kmh,COMPLETED
13,2026年09月25日_14时38分14秒_第001次,2026-09-25T14:38:14+08:00,2026-09-25T06:38:14Z,0.12,14.9788403353992,-1.30932869346735e-05,0.00015368255180609,-0.562756096151191,1.07604332560467e-07,0.495471919401795,0,0,1.94523389745297e-07,8.23222985402096e-06,MV-202-15,sine_steer_python_15kmh,COMPLETED
14,2026年09月25日_14时38分14秒_第001次,2026-09-25T14:38:14+08:00,2026-09-25T06:38:14Z,0.13,14.9780724297713,-1.14443725668656e-05,0.000207292456039441,-0.521151865824222,1.07396843276904e-07,0.53706607486354,0,0,1.72497710211969e-07,7.30010309617055e-06,MV-202-15,sine_steer_python_15kmh,COMPLETED
15,2026年09月25日_14时38分14秒_第001次,2026-09-25T14:38:14+08:00,2026-09-25T06:38:14Z,0.14,14.9773382983002,-8.8081552578065e-06,0.000251391340378038,-0.47954897643945,1.1037068969419e-07,0.578661792331102,0,0,1.36162889579965e-07,5.76241348702412e-06,MV-202-15,sine_steer_python_15kmh,COMPLETED
16,2026年09月25日_14时38分14秒_第001次,2026-09-25T14:38:14+08:00,2026-09-25T06:38:14Z,0.15,14.9766419627261,-5.96371401100346e-06,0.000284990267142018,-0.437947084967911,1.19242879244481e-07,0.620260380183612,0,0,9.65398702504092e-08,4.08556730899732e-06,MV-202-15,sine_steer_python_15kmh,COMPLETED
17,2026年09月25日_14时38分14秒_第001次,2026-09-25T14:38:14+08:00,2026-09-25T06:38:14Z,0.16,14.9760019532427,-3.85683853315599e-06,0.000307103147023543,-0.396345983254405,1.35266612770676e-07,0.661862359893703,0,0,6.71249105613093e-08,2.84072621495461e-06,MV-202-15,sine_steer_python_15kmh,COMPLETED
18,2026年09月25日_14时38分14秒_第001次,2026-09-25T14:38:14+08:00,2026-09-25T06:38:14Z,0.17,14.9754463165617,-3.40043453076094e-06,0.000319593789327251,-0.354745563045609,1.58095567098487e-07,0.703467505667348,0,0,6.10559070456377e-08,2.58388598617139e-06,MV-202-15,sine_steer_python_15kmh,COMPLETED
19,2026年09月25日_14时38分14秒_第001次,2026-09-25T14:38:14+08:00,2026-09-25T06:38:14Z,0.18,14.9750073971869,-5.29853106178583e-06,0.000326060363102038,-0.313145774903294,1.86000031588412e-07,0.745074971395289,0,0,8.85925463160504e-08,3.74923656009525e-06,MV-202-15,sine_steer_python_15kmh,COMPLETED
20,2026年09月25日_14时38分14秒_第001次,2026-09-25T14:38:14+08:00,2026-09-25T06:38:14Z,0.19,14.9747167760336,-9.89585693609192e-06,0.000330030292070559,-0.27154658428857,2.16258073981533e-07,0.786683487014172,0,0,1.54941194928151e-07,6.55711136935937e-06,MV-202-15,sine_steer_python_15kmh,COMPLETED
21,2026年09月25日_14时38分14秒_第001次,2026-09-25T14:38:14+08:00,2026-09-25T06:38:14Z,0.2,14.974599788289,-1.70747481374711e-05,0.000333966113571122,-0.229947929607575,2.45655373512531e-07,0.828291602019861,0,0,2.58738653848635e-07,1.09498198308742e-05,MV-202-15,sine_steer_python_15kmh,COMPLETED
22,2026年09月25日_14时38分14秒_第001次,2026-09-25T14:38:14+08:00,2026-09-25T06:38:14Z,0.21,14.9746705032926,-2.62390258823573e-05,0.000340122221146931,-0.188349688206391,2.71057298202465e-07,0.869897948421982,0,0,3.91767051210249e-07,1.65795816072178e-05,MV-202-15,sine_steer_python_15kmh,COMPLETED
23,2026年09月25日_14时38分14秒_第001次,2026-09-25T14:38:14+08:00,2026-09-25T06:38:14Z,0.22,14.9749286364676,-3.63996961422524e-05,0.000350412700161218,-0.146751653639438,2.89988535735407e-07,0.911501492588558,0,0,5.40122453777554e-07,2.28579822438661e-05,MV-202-15,sine_steer_python_15kmh,COMPLETED
24,2026年09月25日_14时38分14秒_第001次,2026-09-25T14:38:14+08:00,2026-09-25T06:38:14Z,0.23,14.9753585381546,-4.63386282189665e-05,0.000365549147195317,-0.105153526739347,3.01098721293434e-07,0.953101741304553,0,0,6.86508379749275e-07,2.90530346309893e-05,MV-202-15,sine_steer_python_15kmh,COMPLETED
25,2026年09月25日_14时38分14秒_第001次,2026-09-25T14:38:14+08:00,2026-09-25T06:38:14Z,0.24,14.975930280569,-5.48126606605571e-05,0.000384681868223072,-0.0635549234238029,3.04427863210543e-07,0.994698865802366,0,0,8.13126592609794e-07,3.44115173992465e-05,MV-202-15,sine_steer_python_15kmh,COMPLETED
26,2026年09月25日_14时38分14秒_第001次,2026-09-25T14:38:14+08:00,2026-09-25T06:38:14Z,0.25,14.9766031822637,-6.07585463373242e-05,0.000405698854926717,-0.0219554001146761,3.01441855048639e-07,1.03629371512866,0,0,9.04604006072623e-07,3.82828415369934e-05,MV-202-15,sine_steer_python_15kmh,COMPLETED
27,2026年09月25日_14时38分14秒_第001次,2026-09-25T14:38:14+08:00,2026-09-25T06:38:14Z,0.26,14.9773314921352,-6.34622965220377e-05,0.000425679639454443,0.0196455061641905,2.9483911034673e-07,1.07788770735659,0,0,9.50434856579198e-07,4.02224031304316e-05,MV-202-15,sine_steer_python_15kmh,COMPLETED
28,2026年09月25日_14时38分14秒_第001次,2026-09-25T14:38:14+08:00,2026-09-25T06:38:14Z,0.27,14.9780711287442,-6.26677396921483e-05,0.000441383367422374,0.061248228986937,2.88154507930544e-07,1.11948260979889,0,0,9.46573906686171e-07,4.00590077309588e-05,MV-202-15,sine_steer_python_15kmh,COMPLETED
29,2026年09月25日_14时38分14秒_第001次,2026-09-25T14:38:14+08:00,2026-09-25T06:38:14Z,0.28,14.9787862212868,-5.86129294573223e-05,0.000449791652176908,0.102853123247213,2.85221427327058e-07,1.16108024352383,0,0,8.96011016950609e-07,3.79191862373498e-05,MV-202-15,sine_steer_python_15kmh,COMPLETED
30,2026年09月25日_14时38分14秒_第001次,2026-09-25T14:38:14+08:00,2026-09-25T06:38:14Z,0.29,14.9794515902867,-5.19929575612159e-05,0.000449074511535721,0.144460422230521,2.89548603516641e-07,1.2026821645739,0,0,8.08297917946409e-07,3.4207167887492e-05,MV-202-15,sine_steer_python_15kmh,COMPLETED
31,2026年09月25日_14时38分14秒_第001次,2026-09-25T14:38:14+08:00,2026-09-25T06:38:14Z,0.3,14.9800612087966,-4.38428932172834e-05,0.000437161956451274,0.18607021092584,3.03754214853161e-07,1.24428938719284,0,0,6.97928727486269e-07,2.95363437472189e-05,MV-202-15,sine_steer_python_15kmh,COMPLETED
32,2026年09月25日_14时38分14秒_第001次,2026-09-25T14:38:14+08:00,2026-09-25T06:38:14Z,0.31,14.9806327870482,-3.5362468195885e-05,0.000412811525984961,0.22768244834785,3.29433890014594e-07,1.28590223600635,0,0,5.81873843935712e-07,2.46249010753593e-05,MV-202-15,sine_steer_python_15kmh,COMPLETED
33,2026年09月25日_14时38分14秒_第001次,2026-09-25T14:38:14+08:00,2026-09-25T06:38:14Z,0.32,14.9811962394259,-2.77381881041519e-05,0.000378456595639661,0.269297003832649,3.66722370877109e-07,1.32752032767815,0,0,4.77056331777888e-07,2.01890239608402e-05,MV-202-15,sine_steer_python_15kmh,COMPLETED
34,2026年09月25日_14时38分14秒_第001次,2026-09-25T14:38:14+08:00,2026-09-25T06:38:14Z,0.33,14.9817855112606,-2.19393477279545e-05,0.000338245703091333,0.310913696994285,4.14130008135129e-07,1.36914268243782,0,0,3.97434226695689e-07,1.68194164737615e-05,MV-202-15,sine_steer_python_15kmh,COMPLETED
35,2026年09月25日_14时38分14秒_第001次,2026-09-25T14:38:14+08:00,2026-09-25T06:38:14Z,0.34,14.9824297985893,-1.85335741869906e-05,0.000295727156001789,0.352532343616526,4.68844146010118e-07,1.41076795082381,0,0,3.51337906902602e-07,1.48686202201181e-05,MV-202-15,sine_steer_python_15kmh,COMPLETED
36,2026年09月25日_14时38分14秒_第001次,2026-09-25T14:38:14+08:00,2026-09-25T06:38:14Z,0.35,14.9831519196728,-1.75744701236738e-05,0.000253888699595176,0.394152800783828,5.27309234579174e-07,1.45239470734373,0,0,3.39816402002515e-07,1.43810301327464e-05,MV-202-15,sine_steer_python_15kmh,COMPLETED
37,2026年09月25日_14时38分14秒_第001次,2026-09-25T14:38:14+08:00,2026-09-25T06:38:14Z,0.36,14.9839659526677,-1.86116579629914e-05,0.000215841397926018,0.435775015402926,5.86103192887889e-07,1.49402176008966,0,0,3.56720253453496e-07,1.50964011261519e-05,MV-202-15,sine_steer_python_15kmh,COMPLETED
38,2026年09月25日_14时38分14秒_第001次,2026-09-25T14:38:14+08:00,2026-09-25T06:38:14Z,0.37,14.9848708634931,-2.07982727608968e-05,0.000184158307373157,0.477399045695071,6.42462368104864e-07,1.53564838833532,0,0,3.90178671283074e-07,1.65123613686997e-05,MV-202-15,sine_steer_python_15kmh,COMPLETED
39,2026年09月25日_14时38分14秒_第001次,2026-09-25T14:38:14+08:00,2026-09-25T06:38:14Z,0.38,14.9858495341722,-2.30424991063558e-05,0.000159638312876242,0.519025048856402,6.94678311919418e-07,1.57727445711993,0,0,4.24719037606494e-07,1.79741096715068e-05,MV-202-15,sine_steer_python_15kmh,COMPLETED
40,2026年09月25日_14时38分14秒_第001次,2026-09-25T14:38:14+08:00,2026-09-25T06:38:14Z,0.39,14.9868733399781,-2.41963921786213e-05,0.000141358440355303,0.560653246113113,7.42446186015841e-07,1.61890039929451,0,0,4.43937322206032e-07,1.87874274757593e-05,MV-202-15,sine_steer_python_15kmh,COMPLETED
41,2026年09月25日_14时38分14秒_第001次,2026-09-25T14:38:14+08:00,2026-09-25T06:38:14Z,0.4,14.9879092623447,-2.32685427836986e-05,0.000127244122712779,0.602283878034382,7.86993335091943e-07,1.66052708349306,0,0,4.33531676576658e-07,1.83470605527242e-05,MV-202-15,sine_steer_python_15kmh,COMPLETED
42,2026年09月25日_14时38分14秒_第001次,2026-09-25T14:38:14+08:00,2026-09-25T06:38:14Z,0.41,14.9889268359169,-1.96232010984129e-05,0.000114746465905556,0.643917160525608,8.30873170766931e-07,1.70215560687631,0,0,3.84167569637163e-07,1.62579715470448e-05,MV-202-15,sine_steer_python_15kmh,COMPLETED
43,2026年09月25日_14时38分14秒_第001次,2026-09-25T14:38:14+08:00,2026-09-25T06:38:14Z,0.42,14.9899013173015,-1.31215523411e-05,0.000101778218823983,0.685553246747343,8.77414423918736e-07,1.74378706029838,0,0,2.93539462532197e-07,1.24225900543626e-05,MV-202-15,sine_steer_python_15kmh,COMPLETED
44,2026年09月25日_14时38分14秒_第001次,2026-09-25T14:38:14+08:00,2026-09-25T06:38:14Z,0.43,14.9908222351728,-4.15939621789293e-06,8.55984427499345e-05,0.727192205395093,9.30048583186584e-07,1.78542232177174,0,0,1.66968179620222e-07,7.06609336152778e-06,MV-202-15,sine_steer_python_15kmh,COMPLETED
45,2026年09月25日_14时38分14秒_第001次,2026-09-25T14:38:14+08:00,2026-09-25T06:38:14Z,0.44,14.9916940257337,6.39387185081843e-06,6.47020508781612e-05,0.768834031287665,9.91759789235034e-07,1.82706193215492,0,0,1.65917571135839e-08,7.02163161046872e-07,MV-202-15,sine_steer_python_15kmh,COMPLETED
46,2026年09月25日_14时38分14秒_第001次,2026-09-25T14:38:14+08:00,2026-09-25T06:38:14Z,0.45,14.992528865641,1.73350904809048e-05,3.97543521666671e-05,0.810478659477576,1.06428647003366e-06,1.86870604423945,0,0,-1.40577586706273e-07,-5.94924346940948e-06,MV-202-15,sine_steer_python_15kmh,COMPLETED
47,2026年09月25日_14时38分14秒_第001次,2026-09-25T14:38:14+08:00,2026-09-25T06:38:14Z,0.46,14.9933429544086,2.73488908208357e-05,1.21243256154845e-05,0.852125982780916,1.14767995176397e-06,1.91035444734114,0,0,-2.85781382974296e-07,-1.20942681274722e-05,MV-202-15,sine_steer_python_15kmh,COMPLETED
48,2026年09月25日_14时38分14秒_第001次,2026-09-25T14:38:14+08:00,2026-09-25T06:38:14Z,0.47,14.9941537199135,3.52450407561486e-05,-1.65267527592812e-05,0.893775875929738,1.24034274376687e-06,1.95200665707824,0,0,-4.01894690275063e-07,-1.70081832924407e-05,MV-202-15,sine_steer_python_15kmh,COMPLETED
49,2026年09月25日_14时38分14秒_第001次,2026-09-25T14:38:14+08:00,2026-09-25T06:38:14Z,0.48,14.9949766410024,4.01547862099961e-05,-4.42615872688702e-05,0.935428220292875,1.33935257938408e-06,1.99366204042255,0,0,-4.76247743284479e-07,-2.01548044957991e-05,MV-202-15,sine_steer_python_15kmh,COMPLETED
50,2026年09月25日_14时38分14秒_第001次,2026-09-25T14:38:14+08:00,2026-09-25T06:38:14Z,0.49,14.9958219207202,4.16608940031149e-05,-6.89935346564796e-05,0.977082921609968,1.44095981658836e-06,2.03531994199197,0,0,-5.02523006656097e-07,-2.1266773641686e-05,MV-202-15,sine_steer_python_15kmh,COMPLETED
51,2026年09月25日_14时38分14秒_第001次,2026-09-25T14:38:14+08:00,2026-09-25T06:38:14Z,0.5,14.9966943012612,3.98540832300386e-05,-8.95675037160949e-05,1.01873991797212,1.54119727700277e-06,2.07697978679553,0,0,-4.81615255056484e-07,-2.03819575939904e-05,MV-202-15,sine_steer_python_15kmh,COMPLETED
52,2026年09月25日_14时38分14秒_第001次,2026-09-25T14:38:14+08:00,2026-09-25T06:38:14Z,0.51,14.9975943030184,3.53061913506006e-05,-0.000105457939780532,1.06039918458078,1.63656993343556e-06,2.11864115298504,0,0,-4.21307973135176e-07,-1.78297534230806e-05,MV-202-15,sine_steer_python_15kmh,COMPLETED
53,2026年09月25日_14时38分14秒_第001次,2026-09-25T14:38:14+08:00,2026-09-25T06:38:14Z,0.52,14.9985178669333,2.89537140273313e-05,-0.000116191680340549,1.10206073088991,1.72455059093915e-06,2.16030380618496,0,0,-3.34665302439879e-07,-1.41630355992557e-05,MV-202-15,sine_steer_python_15kmh,COMPLETED
54,2026年09月25日_14时38分14秒_第001次,2026-09-25T14:38:14+08:00,2026-09-25T06:38:14Z,0.53,14.9994574108607,2.1925503975427e-05,-0.000121770206953827,1.14372459159607,1.80386833043833e-06,2.20196770025322,0,0,-2.37611934971414e-07,-1.00557370879903e-05,MV-202-15,sine_steer_python_15kmh,COMPLETED
55,2026年09月25日_14时38分14秒_第001次,2026-09-25T14:38:14+08:00,2026-09-25T06:38:14Z,0.54,15.000403592576,1.53465075166089e-05,-0.000122831959119834,1.18539081665015,1.87460184472524e-06,2.24363295689826,0,0,-1.46150088617261e-07,-6.18507175028247e-06,MV-202-15,sine_steer_python_15kmh,COMPLETED
56,2026年09月25日_14时38分14秒_第001次,2026-09-25T14:38:14+08:00,2026-09-25T06:38:14Z,0.55,15.0013468142479,1.01499022128893e-05,-0.000120367969968955,1.22705946260331,1.93804454352626e-06,2.28529983362173,0,0,-7.3673395064157e-08,-3.11785807911513e-06,MV-202-15,sine_steer_python_15kmh,COMPLETED
57,2026年09月25日_14时38分14秒_第001次,2026-09-25T14:38:14+08:00,2026-09-25T06:38:14Z,0.56,15.002278154669,6.93246400811664e-06,-0.000115380513874028,1.26873058518348,1.99636663855781e-06,2.32696868452175,0,0,-2.88765944303431e-08,-1.22205747629212e-06,MV-202-15,sine_steer_python_15kmh,COMPLETED
58,2026年09月25日_14时38分14秒_第001次,2026-09-25T14:38:14+08:00,2026-09-25T06:38:14Z,0.57,15.0031892050784,5.87820644801488e-06,-0.000108651359102824,1.31040423134773,2.05214497508876e-06,2.36863991393772,0,0,-1.46241486878812e-08,-6.18893972471134e-07,MV-202-15,sine_steer_python_15kmh,COMPLETED
59,2026年09月25日_14时38分14秒_第001次,2026-09-25T14:38:14+08:00,2026-09-25T06:38:14Z,0.58,15.0040736541526,6.76377602607907e-06,-0.00010141319202808,1.35208043047386,2.10786947846292e-06,2.41031392295999,0,0,-2.7978605846882e-08,-1.18405459944005e-06,MV-202-15,sine_steer_python_15kmh,COMPLETED
60,2026年09月25日_14时38分14秒_第001次,2026-09-25T14:38:14+08:00,2026-09-25T06:38:14Z,0.59,15.0049286391671,9.02886989681433e-06,-9.46180598844111e-05,1.39375919033799,2.16557574394794e-06,2.45199105604001,0,0,-6.11591510246992e-08,-2.58825527136527e-06,MV-202-15,sine_steer_python_15kmh,COMPLETED
61,2026年09月25日_14时38分14秒_第001次,2026-09-25T14:38:14+08:00,2026-09-25T06:38:14Z,0.6,15.0057542184798,1.1887178997142e-05,-8.86684028449699e-05,1.43544049295268,2.22651623123348e-06,2.49367154668102,0,0,-1.03087821988364e-07,-4.36267662654757e-06,MV-202-15,sine_steer_python_15kmh,COMPLETED
62,2026年09月25日_14时38分14秒_第001次,2026-09-25T14:38:14+08:00,2026-09-25T06:38:14Z,0.61,15.006553648805,1.44709561356695e-05,-8.38190200175906e-05,1.47712429178854,2.29098087865218e-06,2.53535547111616,0,0,-1.41429529544954e-07,-5.98529769034246e-06,MV-202-15,sine_steer_python_15kmh,COMPLETED
63,2026年09月25日_14时38分14秒_第001次,2026-09-25T14:38:14+08:00,2026-09-25T06:38:14Z,0.62,15.0073335502691,1.59833958664231e-05,-8.01390720868084e-05,1.51881051405695,2.35831504659913e-06,2.577042723277,0,0,-1.64760834313014e-07,-6.97267850812673e-06,MV-202-15,sine_steer_python_15kmh,COMPLETED
64,2026年09月25日_14时38分14秒_第001次,2026-09-25T14:38:14+08:00,2026-09-25T06:38:14Z,0.63,15.0081031965015,1.58315629335353e-05,-7.73172615401847e-05,1.56049906876189,2.42708596813578e-06,2.61873302064987,0,0,-1.64478652246259e-07,-6.96073656306168e-06,MV-202-15,sine_steer_python_15kmh,COMPLETED
65,2026年09月25日_14时38分14秒_第001次,2026-09-25T14:38:14+08:00,2026-09-25T06:38:14Z,0.64,15.0088729282323,1.37208230790012e-05,-7.46633538601972e-05,1.60218985916876,2.49535168554643e-06,2.66042594449733,0,0,-1.36174309209269e-07,-5.76289676573626e-06,MV-202-15,sine_steer_python_15kmh,COMPLETED
66,2026年09月25日_14时38分14秒_第001次,2026-09-25T14:38:14+08:00,2026-09-25T06:38:14Z,0.65,15.0096520684151,9.69776822872643e-06,-7.12441640681726e-05,1.64388279730722,2.56099359365557e-06,2.70212101026008,0,0,-8.02824361227557e-08,-3.39755269671502e-06,MV-202-15,sine_steer_python_15kmh,COMPLETED
67,2026年09月25日_14时38分14秒_第001次,2026-09-25T14:38:14+08:00,2026-09-25T06:38:14Z,0.66,15.0104461141125,4.13482201232929e-06,-6.59478083245561e-05,1.6855778165099,2.62205787995247e-06,2.74381775486506,0,0,-1.90120692198455e-09,-8.0459076938386e-08,MV-202-15,sine_steer_python_15kmh,COMPLETED
68,2026年09月25日_14时38分14秒_第001次,2026-09-25T14:38:14+08:00,2026-09-25T06:38:14Z,0.67,15.0112568980992,-2.33427281252324e-06,-5.84173241901013e-05,1.72727487993855,2.67707750104363e-06,2.78551582373196,0,0,9.0091426796686e-08,3.81266918203575e-06,MV-202-15,sine_steer_python_15kmh,COMPLETED
69,2026年09月25日_14时38分14秒_第001次,2026-09-25T14:38:14+08:00,2026-09-25T06:38:14Z,0.68,15.0120827332156,-8.92116808487006e-06,-4.8586334255696e-05,1.7689739881982,2.72538326134736e-06,2.82721504330011,0,0,1.84532424051706e-07,7.80941218586819e-06,MV-202-15,sine_steer_python_15kmh,COMPLETED
70,2026年09月25日_14时38分14秒_第001次,2026-09-25T14:38:14+08:00,2026-09-25T06:38:14Z,0.69,15.0129172635106,-1.48182616415568e-05,-3.63624636618099e-05,1.81067517668204,2.76718825717607e-06,2.86891545393021,0,0,2.69890350380152e-07,1.1421759628088e-05,MV-202-15,sine_steer_python_15kmh,COMPLETED
71,2026年09月25日_14时38分14秒_第001次,2026-09-25T14:38:14+08:00,2026-09-25T06:38:14Z,0.7,15.0137504005601,-1.93257281057302e-05,-2.21472096702172e-05,1.85237850262267,2.80353360616345e-06,2.91061729395006,0,0,3.36079115007579e-07,1.42228681471207e-05,MV-202-15,sine_steer_python_15kmh,COMPLETED
72,2026年09月25日_14时38分14秒_第001次,2026-09-25T14:38:14+08:00,2026-09-25T06:38:14Z,0.71,15.0145701399942,-2.19545000457122e-05,-6.82066076460606e-06,1.89408402681631,2.83614775871783e-06,2.9523209399738,0,0,3.75942906695143e-07,1.59099038113385e-05,MV-202-15,sine_steer_python_15kmh,COMPLETED
73,2026年09月25日_14时38分14秒_第001次,2026-09-25T14:38:14+08:00,2026-09-25T06:38:14Z,0.72,15.0153651325929,-2.24963897828308e-05,8.36092269144341e-06,1.93579179269764,2.86718360675391e-06,2.99402681566364,0,0,3.86283544483076e-07,1.63475196025238e-05,MV-202-15,sine_steer_python_15kmh,COMPLETED
74,2026年09月25日_14时38分14秒_第001次,2026-09-25T14:38:14+08:00,2026-09-25T06:38:14Z,0.73,15.0161300203223,-2.10490695408553e-05,2.17592679539917e-05,1.97750181546263,2.89898232790688e-06,3.03573529867983,0,0,3.68250775166417e-07,1.55843728050428e-05,MV-202-15,sine_steer_python_15kmh,COMPLETED
75,2026年09月25日_14时38分14秒_第001次,2026-09-25T14:38:14+08:00,2026-09-25T06:38:14Z,0.74,15.0168647814893,-1.80024342547127e-05,3.25002121416598e-05,2.01921407950377,2.93371848952204e-06,3.0774466433837,0,0,3.27183454740803e-07,1.38464038046308e-05,MV-202-15,sine_steer_python_15kmh,COMPLETED
76,2026年09月25日_14时38分14秒_第001次,2026-09-25T14:38:14+08:00,2026-09-25T06:38:14Z,0.75,15.0175736671408,-1.3971421589623e-05,4.02769087009534e-05,2.06092853858064,2.97298160705786e-06,3.11916093031985,0,0,2.71683679431122e-07,1.14976533135251e-05,MV-202-15,sine_steer_python_15kmh,COMPLETED
77,2026年09月25日_14时38分14秒_第001次,2026-09-25T14:38:14+08:00,2026-09-25T06:38:14Z,0.76,15.0182643184674,-9.6829896696711e-06,4.51274538597781e-05,2.10264512244196,3.01753771843256e-06,3.16087805668704,0,0,2.12027625470281e-07,8.97300910990228e-06,MV-202-15,sine_steer_python_15kmh,COMPLETED
78,2026年09月25日_14时38分14秒_第001次,2026-09-25T14:38:14+08:00,2026-09-25T06:38:14Z,0.77,15.0189461234837,-5.84797923328858e-06,4.75165204961725e-05,2.14436374927438,3.06726819553009e-06,3.20259776872366,0,0,1.58346945752344e-07,6.70124274423921e-06,MV-202-15,sine_steer_python_15kmh,COMPLETED
79,2026年09月25日_14时38分14秒_第001次,2026-09-25T14:38:14+08:00,2026-09-25T06:38:14Z,0.78,15.0196280375265,-3.04308051228712e-06,4.8262251751996e-05,2.18608434002123,3.12125166603451e-06,3.24431972467608,0,0,1.18939482849711e-07,5.03351891419977e-06,MV-202-15,sine_steer_python_15kmh,COMPLETED
80,2026年09月25日_14时38分14秒_第001次,2026-09-25T14:38:14+08:00,2026-09-25T06:38:14Z,0.79,15.0203165766369,-1.62138388258035e-06,4.83338607041801e-05,2.22780683060327,3.1779733735594e-06,3.28604357060361,0,0,9.89746657795039e-08,4.18860785578861e-06,MV-202-15,sine_steer_python_15kmh,COMPLETED
81,2026年09月25日_14时38分14秒_第001次,2026-09-25T14:38:14+08:00,2026-09-25T06:38:14Z,0.8,15.0210143295615,-1.66535423985827e-06,4.86016610309132e-05,2.26953117868054,3.23562458362651e-06,3.3277690095002,0,0,9.97948213930682e-08,4.22331684135465e-06,MV-202-15,sine_steer_python_15kmh,COMPLETED
82,2026年09月25日_14时38分14秒_第001次,2026-09-25T14:38:14+08:00,2026-09-25T06:38:14Z,0.81,15.0217209612375,-2.9853287194658e-06,4.93259014976262e-05,2.31125736579245,3.29246828822888e-06,3.36949585052536,0,0,1.18861724308046e-07,5.0302281727165e-06,MV-202-15,sine_steer_python_15kmh,COMPLETED
83,2026年09月25日_14时38分14秒_第001次,2026-09-25T14:38:14+08:00,2026-09-25T06:38:14Z,0.82,15.0224334227576,-5.16835913868945e-06,5.06564764812934e-05,2.35298539584068,3.34717980614216e-06,3.41122403066457,0,0,1.50422689507187e-07,6.36588821994415e-06,MV-202-15,sine_steer_python_15kmh,COMPLETED
84,2026年09月25日_14时38分14秒_第001次,2026-09-25T14:38:14+08:00,2026-09-25T06:38:14Z,0.83,15.0231463742627,-7.66517507296647e-06,5.26452531826793e-05,2.39471528715715,3.39904194726773e-06,3.45295360410516,0,0,1.86727402076446e-07,7.90230365587519e-06,MV-202-15,sine_steer_python_15kmh,COMPLETED
85,2026年09月25日_14时38分14秒_第001次,2026-09-25T14:38:14+08:00,2026-09-25T06:38:14Z,0.84,15.0238531561035,-9.89265271762247e-06,5.50904391140866e-05,2.43644706139857,3.44803210544115e-06,3.49468470731945,0,0,2.19476689656354e-07,9.28825350625689e-06,MV-202-15,sine_steer_python_15kmh,COMPLETED
86,2026年09月25日_14时38分14秒_第001次,2026-09-25T14:38:14+08:00,2026-09-25T06:38:14Z,0.85,15.0245482058701,-1.13369670926228e-05,5.74729374860283e-05,2.47818073352281,3.49480246956945e-06,3.53641751330704,0,0,2.4129317029112e-07,1.02115269667202e-05,MV-202-15,sine_steer_python_15kmh,COMPLETED
87,2026年09月25日_14时38分14秒_第001次,2026-09-25T14:38:14+08:00,2026-09-25T06:38:14Z,0.86,15.0252286040294,-1.16411357808686e-05,5.90775895823574e-05,2.51991630840593,3.54057466805917e-06,3.57815219118613,0,0,2.46980951289509e-07,1.0452233858572e-05,MV-202-15,sine_steer_python_15kmh,COMPLETED
88,2026年09月25日_14时38分14秒_第001次,2026-09-25T14:38:14+08:00,2026-09-25T06:38:14Z,0.87,15.0258934339183,-1.06642420635577e-05,5.95520005150672e-05,2.56165377970897,3.58686108094021e-06,3.6198888751998,0,0,2.3439080431246e-07,9.9194188385033e-06,MV-202-15,sine_steer_python_15kmh,COMPLETED
89,2026年09月25日_14时38分14秒_第001次,2026-09-25T14:38:14+08:00,2026-09-25T06:38:14Z,0.88,15.0265433312613,-8.49599602241967e-06,5.8787960662201e-05,2.60339313014978,3.63514916755171e-06,3.6616276470495,0,0,2.04653856189333e-07,8.66095119393256e-06,MV-202-15,sine_steer_python_15kmh,COMPLETED
90,2026年09月25日_14时38分14秒_第001次,2026-09-25T14:38:14+08:00,2026-09-25T06:38:14Z,0.89,15.0271800721064,-5.42722083953495e-06,5.67808664380472e-05,2.64513433387073,3.68664210845995e-06,3.70336853281863,0,0,1.61786913714542e-07,6.8468221883994e-06,MV-202-15,sine_steer_python_15kmh,COMPLETED
91,2026年09月25日_14时38分14秒_第001次,2026-09-25T14:38:14+08:00,2026-09-25T06:38:14Z,0.9,15.027806000337,-1.88814833363533e-06,5.36198529232426e-05,2.68687735988467,3.74207310326015e-06,3.74511151055971,0,0,1.11834107432131e-07,4.7328194265278e-06,MV-202-15,sine_steer_python_15kmh,COMPLETED
92,2026年09月25日_14时38分14秒_第001次,2026-09-25T14:38:14+08:00,2026-09-25T06:38:14Z,0.91,15.0284234810695,1.63126639431053e-06,4.9485020563632e-05,2.72862217517438,3.80160995507999e-06,3.78685652249616,0,0,6.17441932369738e-08,2.61301425778873e-06,MV-202-15,sine_steer_python_15kmh,COMPLETED
93,2026年09月25日_14时38分14秒_第001次,2026-09-25T14:38:14+08:00,2026-09-25T06:38:14Z,0.92,15.0290345884892,4.66464553054813e-06,4.46066839440048e-05,2.77036874673547,3.86486055157101e-06,3.82860348679234,0,0,1.81867568145897e-08,7.69663548393436e-07,MV-202-15,sine_steer_python_15kmh,COMPLETED
94,2026年09月25日_14时38分14秒_第001次,2026-09-25T14:38:14+08:00,2026-09-25T06:38:14Z,0.93,15.0296410444267,6.84275653401415e-06,3.92253179051713e-05,2.81211704262966,3.93097058148919e-06,3.87035230640044,0,0,-1.35022881936732e-08,-5.7141683635625e-07,MV-202-15,sine_steer_python_15kmh,COMPLETED
95,2026年09月25日_14时38分14秒_第001次,2026-09-25T14:38:14+08:00,2026-09-25T06:38:14Z,0.94,15.0302442911898,7.94652454024857e-06,3.35793872972766e-05,2.85386703253514,3.99878752701693e-06,3.91210287521552,0,0,-3.00900345651736e-08,-1.27341026279815e-06,MV-202-15,sine_steer_python_15kmh,COMPLETED
96,2026年09月25日_14时38分14秒_第001次,2026-09-25T14:38:14+08:00,2026-09-25T06:38:14Z,0.95,15.0308455585344,7.93253270803795e-06,2.79106225829765e-05,2.89561868836254,4.06705657094388e-06,3.9538550836533,0,0,-3.08288711486757e-08,-1.30467782701196e-06,MV-202-15,sine_steer_python_15kmh,COMPLETED
97,2026年09月25日_14时38分14秒_第001次,2026-09-25T14:38:14+08:00,2026-09-25T06:38:14Z,0.96,15.0314458247795,6.92873246711121e-06,2.2466349566764e-05,2.93737198530887,4.1346137028542e-06,3.99560882615182,0,0,-1.74159107937493e-08,-7.37041344791472e-07,MV-202-15,sine_steer_python_15kmh,COMPLETED
98,2026年09月25日_14时38分14秒_第001次,2026-09-25T14:38:14+08:00,2026-09-25T06:38:14Z,0.97,15.0320456466372,5.20298554045436e-06,1.7487787151315e-05,2.97912690333536,4.20054668537611e-06,4.03736401190939,0,0,6.43648117912021e-09,2.72391883500367e-07,MV-202-15,sine_steer_python_15kmh,COMPLETED
99,2026年09月25日_14时38分14秒_第001次,2026-09-25T14:38:14+08:00,2026-09-25T06:38:14Z,0.98,15.0326449154122,3.1114320432472e-06,1.31828143166197e-05,3.02088342864584,4.26430357202077e-06,4.07912057797852,0,0,3.57222783933937e-08,1.51176682160842e-06,MV-202-15,sine_steer_python_15kmh,COMPLETED
100,2026年09月25日_14时38分14秒_第001次,2026-09-25T14:38:14+08:00,2026-09-25T06:38:14Z,0.99,15.0332426544145,1.03660343136786e-06,9.68899872104132e-06,3.06264155449159,4.32573896762593e-06,4.12087850162559,0,0,6.50160910108505e-08,2.75148097157919e-06,MV-202-15,sine_steer_python_15kmh,COMPLETED
101,2026年09月25日_14时38分14秒_第001次,2026-09-25T14:38:14+08:00,2026-09-25T06:38:14Z,1,15.0338369807557,-6.73999260214409e-07,7.03890555339276e-06,3.10440128065237,4.38509812740424e-06,4.16263780763511,0,0,8.93481234127983e-08,3.78121258282962e-06,MV-202-15,sine_steer_python_15kmh,COMPLETED
102,2026年09月25日_14时38分14秒_第001次,2026-09-25T14:38:14+08:00,2026-09-25T06:38:14Z,1.01,15.0344253133086,-1.75942619299967e-06,5.14167973645805e-06,3.14616261126031,4.44294693020607e-06,4.20439856662922,0,0.0251320797667052,0.000593963162395527,-0.0133490321670967,MV-202-15,sine_steer_python_15kmh,COMPLETED
103,2026年09月25日_14时38分14秒_第001次,2026-09-25T14:38:14+08:00,2026-09-25T06:38:14Z,1.02,15.035004706363,2.03409285605853e-05,0.000981527856599019,3.18792555098713,4.50816082191195e-06,4.24616088236081,0,0.050260190886675,0.00118741186755798,-0.0267126351520879,MV-202-15,sine_steer_python_15kmh,COMPLETED
104,2026年09月25日_14时38分14秒_第001次,2026-09-25T14:38:14+08:00,2026-09-25T06:38:14Z,1.03,15.0355731976255,0.000138764686075715,0.00323008891286801,3.22969010120153,4.64879774444715e-06,4.28792487016762,0,0.0753803653398692,0.00177929339816418,-0.0401293157448763,MV-202-15,sine_steer_python_15kmh,COMPLETED
105,2026年09月25日_14时38分14秒_第001次,2026-09-25T14:38:14+08:00,2026-09-25T06:38:14Z,1.04,15.0361291313498,0.000396492532852944,0.00808202381286901,3.27145625630581,5.02698602774209e-06,4.32969063009772,0,0.100488636359539,0.00236888819610699,-0.0536234901089209,MV-202-15,sine_steer_python_15kmh,COMPLETED
106,2026年09月25日_14时38分14秒_第001次,2026-09-25T14:38:14+08:00,2026-09-25T06:38:14Z,1.05,15.0366719935641,0.000811922417425777,0.0163364595319458,3.31322399928162,5.84760154288871e-06,4.3714582190277,0,0.125581039058627,0.0029558231005554,-0.067204918948359,MV-202-15,sine_steer_python_15kmh,COMPLETED
107,2026年09月25日_14时38分14秒_第001次,2026-09-25T14:38:14+08:00,2026-09-25T06:38:14Z,1.06,15.0372031863956,0.00138147583939167,0.0287005428796936,3.35499330158679,7.3599558547792e-06,4.41322763316538,0,0.150653611055866,0.00354003700804269,-0.0808701516772612,MV-202-15,sine_steer_python_15kmh,COMPLETED
108,2026年09月25日_14时38分14秒_第001次,2026-09-25T14:38:14+08:00,2026-09-25T06:38:14Z,1.07,15.0377254449061,0.00208132966802424,0.0458114289358202,3.39676412646282,9.84610320700812e-06,4.45499880484433,0,0.175702393101486,0.00412175872590898,-0.0946034592890826,MV-202-15,sine_steer_python_15kmh,COMPLETED
109,2026年09月25日_14时38分14秒_第001次,2026-09-25T14:38:14+08:00,2026-09-25T06:38:14Z,1.08,15.0382418699035,0.00287061409577799,0.0681878386840782,3.438536432848,1.3610175725373e-05,4.49677161286255,0,0.20072342970243,0.00470146366149055,-0.108378669278526,MV-202-15,sine_steer_python_15kmh,COMPLETED
110,2026年09月25日_14时38分14秒_第001次,2026-09-25T14:38:14+08:00,2026-09-25T06:38:14Z,1.09,15.0387553934276,0.00369581681487718,0.0962212256495516,3.48031018018095,1.89691407793797e-05,4.5385459053922,0,0.225712769746964,0.00527981288949149,-0.122161748173974,MV-202-15,sine_steer_python_15kmh,COMPLETED
111,2026年09月25日_14时38分14秒_第001次,2026-09-25T14:38:14+08:00,2026-09-25T06:38:14Z,1.1,15.0392682668469,0.0044955112331651,0.13019680924721,3.52208533380262,2.62461993996445e-05,4.58032153077376,0,0.250666467128609,0.00585758706658286,-0.135913605019595,MV-202-15,sine_steer_python_15kmh,COMPLETED
112,2026年09月25日_14时38分14秒_第001次,2026-09-25T14:38:14+08:00,2026-09-25T06:38:14Z,1.11,15.0397813425477,0.0052046908953672,0.170308490373955,3.56386186878837,3.57671672772414e-05,4.6220983676075,0,0.275580581369276,0.00643562541698148,-0.149592685405981,MV-202-15,sine_steer_python_15kmh,COMPLETED
113,2026年09月25日_14时38分14秒_第001次,2026-09-25T14:38:14+08:00,2026-09-25T06:38:14Z,1.12,15.0402937098703,0.00575829115777259,0.216660375172367,3.60563977066417,4.78590991153196e-05,4.66387634598396,0,0.300451178241514,0.00701477582480298,-0.163157095481791,MV-202-15,sine_steer_python_15kmh,COMPLETED
114,2026年09月25日_14时38分14秒_第001次,2026-09-25T14:38:14+08:00,2026-09-25T06:38:14Z,1.13,15.040802966591,0.00609369998029074,0.269266349677595,3.64741903327303,6.28502450159833e-05,4.7056554551918,0,0.325274330389767,0.00759585896173211,-0.176566126072782,MV-202-15,sine_steer_python_15kmh,COMPLETED
115,2026年09月25日_14时38分14秒_第001次,2026-09-25T14:38:14+08:00,2026-09-25T06:38:14Z,1.14,15.0413058876391,0.00615233551823883,0.32805235568514,3.68919965480166,8.10706553606373e-05,4.7474357369585,0,0.350046117950552,0.00817964545890661,-0.189781217795215,MV-202-15,sine_steer_python_15kmh,COMPLETED
116,2026年09月25日_14时38分14秒_第001次,2026-09-25T14:38:14+08:00,2026-09-25T06:38:14Z,1.15,15.0417991919404,0.00588069237682657,0.392858468139611,3.73098163298711,0.000102852978640532,4.78921726665779,0,0.37476262917145,0.00876684048829839,-0.202766607300869,MV-202-15,sine_steer_python_15kmh,COMPLETED
117,2026年09月25日_14时38分14秒_第001次,2026-09-25T14:38:14+08:00,2026-09-25T06:38:14Z,1.16,15.0422802482758,0.00523143081801267,0.463440343604033,3.77276496061296,0.000128533311432142,4.83100012782782,0,0.399419961028814,0.00935806760641188,-0.215490001265145,MV-202-15,sine_steer_python_15kmh,COMPLETED
118,2026年09月25日_14时38分14秒_第001次,2026-09-25T14:38:14+08:00,2026-09-25T06:38:14Z,1.17,15.0427475973201,0.00416497730002059,0.539473591696096,3.81454962242969,0.000158452394518372,4.87278438688268,0,0.424014219844109,0.00995384515933226,-0.227923564152944,MV-202-15,sine_steer_python_15kmh,COMPLETED
119,2026年09月25日_14时38分14秒_第001次,2026-09-25T14:38:14+08:00,2026-09-25T06:38:14Z,1.18,15.0432011614404,0.00265178087839531,0.620563742342349,3.85633559423393,0.00019295778640097,4.91457007434616,0,0.448541521898762,0.0105545531225467,-0.24004531323777,MV-202-15,sine_steer_python_15kmh,COMPLETED
120,2026年09月25日_14时38分14秒_第001次,2026-09-25T14:38:14+08:00,2026-09-25T06:38:14Z,1.19,15.0436420901254,0.000674986905239933,0.706261056087949,3.89812284413988,0.000232407669082319,4.95635717656559,0,0.472997994047449,0.0111603937085121,-0.251840782870248,MV-202-15,sine_steer_python_15kmh,COMPLETED
121,2026年09月25日_14时38分14秒_第001次,2026-09-25T14:38:14+08:00,2026-09-25T06:38:14Z,1.2,15.0440723184785,-0.00176700202697083,0.796077263410665,3.93991133544671,0.000277176629777695,4.99814563864334,0,0.497379774329709,0.0117713532702257,-0.263304640332687,MV-202-15,sine_steer_python_15kmh,COMPLETED
122,2026年09月25日_14时38分14秒_第001次,2026-09-25T14:38:14+08:00,2026-09-25T06:38:14Z,1.21,15.0444940022517,-0.00465871136644294,0.889501108729528,3.98170103017068,0.000327663253917632,5.03993537629836,0,0.521683012579794,0.0123871745700981,-0.274441868056967,MV-202-15,sine_steer_python_15kmh,COMPLETED
123,2026年09月25日_14时38分14秒_第001次,2026-09-25T14:38:14+08:00,2026-09-25T06:38:14Z,1.22,15.044908998881,-0.00796704779374284,0.986010337938278,4.0234918922769,0.000384298845177153,5.0817262923279,0,0.54590387103465,0.0130073469602258,-0.2852681900695,MV-202-15,sine_steer_python_15kmh,COMPLETED
124,2026年09月25日_14时38分14秒_第001次,2026-09-25T14:38:14+08:00,2026-09-25T06:38:14Z,1.23,15.045318519226,-0.011642260513574,1.08507898728325,4.06528388985351,0.000447556221829293,5.12351829273042,0,0.570038524939952,0.0136311180575739,-0.295809587930444,MV-202-15,sine_steer_python_15kmh,COMPLETED
125,2026年09月25日_14时38分14秒_第001次,2026-09-25T14:38:14+08:00,2026-09-25T06:38:14Z,1.24,15.0457230121098,-0.0156203004362487,1.18618041168046,4.10707699585649,0.000517957433987707,5.16531129841622,0,0.59408316315407,0.0142575255166926,-0.30610096273478,MV-202-15,sine_steer_python_15kmh,COMPLETED
126,2026年09月25日_14时38分14秒_第001次,2026-09-25T14:38:14+08:00,2026-09-25T06:38:14Z,1.25,15.0461222749994,-0.0198261647360119,1.28878801269301,4.14887118751108,0.000596079428997342,5.2071052503712,0,0.618033988749895,0.0148854431679063,-0.316184184380518,MV-202-15,sine_steer_python_15kmh,COMPLETED
127,2026年09月25日_14时38分14秒_第001次,2026-09-25T14:38:14+08:00,2026-09-25T06:38:14Z,1.26,15.0465157201181,-0.0241776505030978,1.3923763951601,4.19066644483434,0.000682557096045093,5.24890010842568,0,0.641887219614419,0.0155136333989387,-0.326105872110158,MV-202-15,sine_steer_python_15kmh,COMPLETED
128,2026年09月25日_14时38分14秒_第001次,2026-09-25T14:38:14+08:00,2026-09-25T06:38:14Z,1.27,15.046902615011,-0.028588955210547,1.49642607423169,4.23246274881939,0.000778083617530827,5.29069584554174,0,0.665639089045973,0.0161407977900558,-0.335915248115474,MV-202-15,sine_steer_python_15kmh,COMPLETED
129,2026年09月25日_14时38分14秒_第001次,2026-09-25T14:38:14+08:00,2026-09-25T06:38:14Z,1.28,15.0472824292829,-0.0329737255821862,1.6004296833086,4.27426007995867,0.000883408471167512,5.33249244064482,0,0.689285846349034,0.0167656202889678,-0.345662302690445,MV-202-15,sine_steer_python_15kmh,COMPLETED
130,2026年09月25日_14时38分14秒_第001次,2026-09-25T14:38:14+08:00,2026-09-25T06:38:14Z,1.29,15.0476550191247,-0.0372474002063014,1.70390241234536,4.31605841772352,0.000999333641071184,5.37428987301181,0,0.712823757426502,0.0173868006493876,-0.355396373983873,MV-202-15,sine_steer_python_15kmh,COMPLETED
131,2026年09月25日_14时38分14秒_第001次,2026-09-25T14:38:14+08:00,2026-09-25T06:38:14Z,1.3,15.0480204902891,-0.041328978327837,1.80639518058913,4.35785774061423,0.00112670867086264,5.41608811940274,0,0.736249105369356,0.0180030799430411,-0.365165071345812,MV-202-15,sine_steer_python_15kmh,COMPLETED
132,2026年09月25日_14时38分14秒_第001次,2026-09-25T14:38:14+08:00,2026-09-25T06:38:14Z,1.31,15.048379109989,-0.0451425181468609,1.90750530013176,4.39965802650721,0.0012664249969433,5.45788715401651,0,0.759558191043602,0.0186132624136553,-0.375013352807368,MV-202-15,sine_steer_python_15kmh,COMPLETED
133,2026年09月25日_14时38分14秒_第001次,2026-09-25T14:38:14+08:00,2026-09-25T06:38:14Z,1.32,15.0487311671084,-0.0486186764371093,2.00688216563511,4.44145925314075,0.0014194096500407,5.49968695031603,0,0.782747333674405,0.0192162380986066,-0.384982572120225,MV-202-15,sine_steer_python_15kmh,COMPLETED
134,2026年09月25日_14时38分14秒_第001次,2026-09-25T14:38:14+08:00,2026-09-25T06:38:14Z,1.33,15.0490768533015,-0.0516965042060081,2.10422833583096,4.48326139827916,0.00158661816462665,5.54148748276716,0,0.805812871427325,0.0198110092927297,-0.395109363300402,MV-202-15,sine_steer_python_15kmh,COMPLETED
135,2026年09月25日_14时38分14秒_第001次,2026-09-25T14:38:14+08:00,2026-09-25T06:38:14Z,1.34,15.0494162660391,-0.0543255053056683,2.19929643051309,4.52506443940141,0.0017690264437449,5.58328872686296,0,0.828751161986569,0.020396720983315,-0.40542435384049,MV-202-15,sine_steer_python_15kmh,COMPLETED
136,2026年09月25日_14时38分14秒_第001次,2026-09-25T14:38:14+08:00,2026-09-25T06:38:14Z,1.35,15.0497494815531,-0.0564677289074252,2.29188447856288,4.56686835300038,0.00196762140375199,5.62509065670798,0,0.851558583130146,0.0209726920123596,-0.415950844820084,MV-202-15,sine_steer_python_15kmh,COMPLETED
137,2026年09月25日_14时38分14秒_第001次,2026-09-25T14:38:14+08:00,2026-09-25T06:38:14Z,1.36,15.0500766906476,-0.0580994986125687,2.38183104765069,4.60867311373265,0.00218339049072422,5.6668932406084,0,0.874231533301866,0.0215384412913735,-0.426703697876481,MV-202-15,sine_steer_python_15kmh,COMPLETED
138,2026年09月25日_14时38分14秒_第001次,2026-09-25T14:38:14+08:00,2026-09-25T06:38:14Z,1.37,15.0503983324989,-0.0592123356021878,2.46901216179598,4.65047869381999,0.00241731049529348,5.70869643624468,0,0.896766432180065,0.0220937026985092,-0.437688700493931,MV-202-15,sine_steer_python_15kmh,COMPLETED
139,2026年09月25日_14时38分14秒_第001次,2026-09-25T14:38:14+08:00,2026-09-25T06:38:14Z,1.38,15.0507151641227,-0.0598127485434887,2.55334135340322,4.69228506304138,0.00267033641829961,5.75050018747207,0,0.919159721242976,0.0226384238840103,-0.448902613885497,MV-202-15,sine_steer_python_15kmh,COMPLETED
140,2026年09月25日_14时38分14秒_第001次,2026-09-25T14:38:14+08:00,2026-09-25T06:38:14Z,1.39,15.0510282149879,-0.0599208146464908,2.63477219804188,4.73409218946712,0.00294339131023779,5.79230442448564,0,0.941407864330665,0.0231727477692353,-0.46033395711385,MV-202-15,sine_steer_python_15kmh,COMPLETED
141,2026年09月25日_14时38分14秒_第001次,2026-09-25T14:38:14+08:00,2026-09-25T06:38:14Z,1.4,15.051338603193,-0.0595678099236581,2.71330137480894,4.77590004078015,0.00323735790970218,5.83410906802741,0,0.963507348203431,0.0236969802855086,-0.471964378945588,MV-202-15,sine_steer_python_15kmh,COMPLETED
142,2026年09月25日_14时38分14秒_第001次,2026-09-25T14:38:14+08:00,2026-09-25T06:38:14Z,1.41,15.0516473091957,-0.0587934410598056,2.78897101849668,4.81770858582864,0.00355307255741292,5.87591403698244,0,0.985454683096583,0.0242115521375913,-0.483770285152771,MV-202-15,sine_steer_python_15kmh,COMPLETED
143,2026年09月25日_14时38分14秒_第001次,2026-09-25T14:38:14+08:00,2026-09-25T06:38:14Z,1.42,15.0519549244033,-0.057643317008175,2.86186790467902,4.85951779596303,0.00389132137970975,5.91771925750265,0,1.00724640327152,0.0247169836671046,-0.495724336748616,MV-202-15,sine_steer_python_15kmh,COMPLETED
144,2026年09月25日_14时38分14秒_第001次,2026-09-25T14:38:14+08:00,2026-09-25T06:38:14Z,1.43,15.0522614849136,-0.0561671454337182,2.93211910618125,4.90132764567444,0.00425283826781122,5.95952467103899,0,1.02887906756301,0.0252138597794388,-0.507796520199359,MV-202-15,sine_steer_python_15kmh,COMPLETED
145,2026年09月25日_14时38分14秒_第001次,2026-09-25T14:38:14+08:00,2026-09-25T06:38:14Z,1.44,15.0525664541249,-0.054417837261078,2.99988444811807,4.94313811231504,0.00463830392741191,6.00133023887162,0,1.05034925992259,0.0257028176396066,-0.519954672006643,MV-202-15,sine_steer_python_15kmh,COMPLETED
146,2026年09月25日_14时38分14秒_第001次,2026-09-25T14:38:14+08:00,2026-09-25T06:38:14Z,1.45,15.0528688605756,-0.0524513541947371,3.06534683315048,4.98494917494011,0.00504834527478267,6.04313594163141,0,1.07165358995799,0.0261845448836182,-0.532164551880967,MV-202-15,sine_steer_python_15kmh,COMPLETED
147,2026年09月25日_14时38分14秒_第001次,2026-09-25T14:38:14+08:00,2026-09-25T06:38:14Z,1.46,15.0531675284618,-0.0503268536520799,3.12870219254298,5.02676081253464,0.00548353471142038,6.08494177368241,0,1.09278869346854,0.0266597820635145,-0.544389732101323,MV-202-15,sine_steer_python_15kmh,COMPLETED
148,2026年09月25日_14时38分14秒_第001次,2026-09-25T14:38:14+08:00,2026-09-25T06:38:14Z,1.47,15.0534614116877,-0.0481065660423647,3.19015082790827,5.06857300210382,0.0059443892357029,6.1267477337594,0,1.11375123297638,0.0271293212830849,-0.556591642464712,MV-202-15,sine_steer_python_15kmh,COMPLETED
149,2026年09月25日_14时38分14秒_第001次,2026-09-25T14:38:14+08:00,2026-09-25T06:38:14Z,1.48,15.053749876493,-0.0458549250628879,3.24989157569068,5.11038571725184,0.00643136978545705,6.16855381445711,0,1.13453789825351,0.0275939941402391,-0.568730068391813,MV-202-15,sine_steer_python_15kmh,COMPLETED
150,2026年09月25日_14时38分14秒_第001次,2026-09-25T14:38:14+08:00,2026-09-25T06:38:14Z,1.49,15.0540328761593,-0.0436367352951366,3.30811994509435,5.15219892759778,0.00694488150139316,6.2103599933584,0,1.15514540684454,0.0280546458039169,-0.580764239285257,MV-202-15,sine_steer_python_15kmh,COMPLETED
151,2026年09月25日_14时38分14秒_第001次,2026-09-25T14:38:14+08:00,2026-09-25T06:38:14Z,1.5,15.0543108912608,-0.0415145015375502,3.36502808891258,5.19401259912656,0.00748527565965195,6.25216622809133,0,1.17557050458495,0.028512096890721,-0.592654443048467,MV-202-15,sine_steer_python_15kmh,COMPLETED
152,2026年09月25日_14时38分14秒_第001次,2026-09-25T14:38:14+08:00,2026-09-25T06:38:14Z,1.51,15.0545847489969,-0.0395453389157622,3.42080581823417,5.23582669524748,0.00805285376406911,6.29397245639387,0,1.19580996611504,0.028967099032772,-0.60436391350704,MV-202-15,sine_steer_python_15kmh,COMPLETED
153,2026年09月25日_14时38分14秒_第001次,2026-09-25T14:38:14+08:00,2026-09-25T06:38:14Z,1.52,15.0548553700359,-0.0377780743941322,3.47564189270369,5.27764117832921,0.00864787390207887,6.33577860102822,0,1.21586059538921,0.0294202928166369,-0.615860621777343,MV-202-15,sine_steer_python_15kmh,COMPLETED
154,2026年09月25日_14时38分14秒_第001次,2026-09-25T14:38:14+08:00,2026-09-25T06:38:14Z,1.53,15.0551235143624,-0.036251130671512,3.52972372957433,5.31945601129822,0.00927055898988699,6.37758457799147,0,1.23571922618067,0.0298721765645397,-0.627118610034115,MV-202-15,sine_steer_python_15kmh,COMPLETED
155,2026年09月25日_14时38分14秒_第001次,2026-09-25T14:38:14+08:00,2026-09-25T06:38:14Z,1.54,15.0553895592941,-0.0349915770043681,3.58323510776915,5.36127115885584,0.00992110612485504,6.41939030560631,0,1.2553827225814,0.0303230915476556,-0.638118629476473,MV-202-15,sine_steer_python_15kmh,COMPLETED
156,2026年09月25日_14时38分14秒_第001次,2026-09-25T14:38:14+08:00,2026-09-25T06:38:14Z,1.55,15.0556534104425,-0.0340154209751438,3.63635140561365,5.40308658796627,0.0105996960766011,6.46119571194901,0,1.27484797949738,0.0307732248275072,-0.648848026708903,MV-202-15,sine_steer_python_15kmh,COMPLETED
157,2026年09月25日_14时38分14秒_第001次,2026-09-25T14:38:14+08:00,2026-09-25T06:38:14Z,1.56,15.0559145366894,-0.033328894292718,3.68923381513963,5.44490226757,0.0113065020072201,6.50300073879965,0,1.29411192313889,0.0312226263422406,-0.659300021432052,MV-202-15,sine_steer_python_15kmh,COMPLETED
158,2026年09月25日_14时38分14秒_第001次,2026-09-25T14:38:14+08:00,2026-09-25T06:38:14Z,1.57,15.0561721024806,-0.0329302669986444,3.7420239159105,5.48671816761847,0.0120416968051403,6.5448053413357,0,1.31317151150591,0.031671233698705,-0.66947265287507,MV-202-15,sine_steer_python_15kmh,COMPLETED
159,2026年09月25日_14时38分14秒_第001次,2026-09-25T14:38:14+08:00,2026-09-25T06:38:14Z,1.58,15.0564251827236,-0.0328116577486158,3.79483939496281,5.52853425772355,0.0128054588220035,6.58660948406949,0,1.3320237348685,0.0321188971226492,-0.679367714652101,MV-202-15,sine_steer_python_15kmh,COMPLETED
160,2026年09月25日_14时38分14秒_第001次,2026-09-25T14:38:14+08:00,2026-09-25T06:38:14Z,1.59,15.0566729824929,-0.0329604007850322,3.84777158613521,5.5703505058639,0.0135979761852061,6.62841313461062,0,1.35066561624205,0.032565398285204,-0.688989947549852,MV-202-15,sine_steer_python_15kmh,COMPLETED
161,2026年09月25日_14时38分14秒_第001次,2026-09-25T14:38:14+08:00,2026-09-25T06:38:14Z,1.6,15.0569150081623,-0.0333597564226558,3.90088577070243,5.61216687751045,0.0144194501296461,6.67021625726176,0,1.36909421185738,0.0330104599057148,-0.698346624268092,MV-202-15,sine_steer_python_15kmh,COMPLETED
162,2026年09月25日_14时38分14秒_第001次,2026-09-25T14:38:14+08:00,2026-09-25T06:38:14Z,1.61,15.0571511334024,-0.0339890197631967,3.95422375011566,5.65398333533497,0.0152700978726267,6.71201880822635,0,1.38730661162561,0.0334537468355676,-0.707447499597903,MV-202-15,sine_steer_python_15kmh,COMPLETED
163,2026年09月25日_14时38分14秒_第001次,2026-09-25T14:38:14+08:00,2026-09-25T06:38:14Z,1.62,15.0573815289641,-0.0348233050636401,4.00780735198641,5.69579983942902,0.016150155424909,6.75382073345989,0,1.4052999395977,0.0338948625179323,-0.716304963432236,MV-202-15,sine_steer_python_15kmh,COMPLETED
164,2026年09月25日_14时38分14秒_第001次,2026-09-25T14:38:14+08:00,2026-09-25T06:38:14Z,1.63,15.0576065444787,-0.03583340411456,4.06164252022953,5.73761634787007,0.0170598804713372,6.79562196932237,0,1.42307135441857,0.034333346479936,-0.724934153046184,MV-202-15,sine_steer_python_15kmh,COMPLETED
165,2026年09月25日_14时38分14秒_第001次,2026-09-25T14:38:14+08:00,2026-09-25T06:38:14Z,1.64,15.0578265751179,-0.0369860869991187,4.11572246341565,5.7794328174224,0.0179995551591358,6.83742244535421,0,1.44061804977581,0.0347686781321802,-0.733352799802754,MV-202-15,sine_steer_python_15kmh,COMPLETED
166,2026年09月25日_14时38分14秒_第001次,2026-09-25T14:38:14+08:00,2026-09-25T06:38:14Z,1.65,15.0580419447203,-0.038245053034767,4.17002927815537,5.82124920413863,0.0189694883844984,6.87922208793333,0,1.45793725484282,0.035200289898569,-0.741580680623635,MV-202-15,sine_steer_python_15kmh,COMPLETED
167,2026年09月25日_14时38分14秒_第001次,2026-09-25T14:38:14+08:00,2026-09-25T06:38:14Z,1.66,15.0582528391601,-0.0395725148644838,4.22453419101498,5.86306546365818,0.0199700170866411,6.92102082344585,0,1.47502623471635,0.0356275895097617,-0.749638679256198,MV-202-15,sine_steer_python_15kmh,COMPLETED
168,2026年09月25日_14时38分14秒_第001次,2026-09-25T14:38:14+08:00,2026-09-25T06:38:14Z,1.67,15.0584593113014,-0.040931176658637,4.2791969039923,5.90488155116369,0.0210015061556458,6.96281858001863,0,1.49188229084836,0.036049988117791,-0.757547597309674,MV-202-15,sine_steer_python_15kmh,COMPLETED
169,2026年09月25日_14时38分14秒_第001次,2026-09-25T14:38:14+08:00,2026-09-25T06:38:14Z,1.68,15.0586613424156,-0.0422862221925691,4.33396489401385,5.94669742108919,0.0220643467990798,7.00461528752299,0,1.50850276147221,0.0364669287854462,-0.765326946098159,MV-202-15,sine_steer_python_15kmh,COMPLETED
170,2026年09月25日_14时38分14秒_第001次,2026-09-25T14:38:14+08:00,2026-09-25T06:38:14Z,1.69,15.0588589289482,-0.0436069073852841,4.3887734925623,5.98851302675418,0.0231589535203555,7.04641087623863,0,1.5248850220229,0.0368779095558442,-0.772993966098383,MV-202-15,sine_steer_python_15kmh,COMPLETED
171,2026年09月25日_14时38分14秒_第001次,2026-09-25T14:38:14+08:00,2026-09-25T06:38:14Z,1.7,15.0590521550873,-0.0448674599032964,4.44354731278324,6.03032832011031,0.0242857601370472,7.08820527503697,0,1.54102648555158,0.0372824968039304,-0.780563058177552,MV-202-15,sine_steer_python_15kmh,COMPLETED
172,2026年09月25日_14时38分14秒_第001次,2026-09-25T14:38:14+08:00,2026-09-25T06:38:14Z,1.71,15.0592412250725,-0.0460471907991511,4.49820309064924,6.07214325172513,0.0254452154226863,7.12999841004686,0,1.55692460313405,0.0376803274294969,-0.788045689193162,MV-202-15,sine_steer_python_15kmh,COMPLETED
173,2026年09月25日_14时38分14秒_第001次,2026-09-25T14:38:14+08:00,2026-09-25T06:38:14Z,1.72,15.0594264400652,-0.0471299500286578,4.55265339246676,6.11395777102707,0.0266377789390069,7.17179020450198,0,1.57257686427324,0.038071101683444,-0.795450697244955,MV-202-15,sine_steer_python_15kmh,COMPLETED
174,2026年09月25日_14时38分14秒_第001次,2026-09-25T14:38:14+08:00,2026-09-25T06:38:14Z,1.73,15.0596081394778,-0.0481032389411658,4.60681055343125,6.15577182674604,0.027863917450435,7.21358057996721,0,1.58798079729567,0.0384545710257087,-0.802784809455613,MV-202-15,sine_steer_python_15kmh,COMPLETED
175,2026年09月25日_14时38分14秒_第001次,2026-09-25T14:38:14+08:00,2026-09-25T06:38:14Z,1.74,15.0597866169986,-0.0489573622258238,4.66058972007225,6.19758536737866,0.0291241020344616,7.25536945853419,0,1.60313396974175,0.0388305264422495,-0.810053142100943,MV-202-15,sine_steer_python_15kmh,COMPLETED
176,2026年09月25日_14时38分14秒_第001次,2026-09-25T14:38:14+08:00,2026-09-25T06:38:14Z,1.75,15.0599620563325,-0.0496849461875649,4.7139105057583,6.23939834152,0.030418805720158,7.29715676518808,0,1.61803398874989,0.0391987918986796,-0.817259482412384,MV-202-15,sine_steer_python_15kmh,COMPLETED
177,2026年09月25日_14时38分14秒_第001次,2026-09-25T14:38:14+08:00,2026-09-25T06:38:14Z,1.76,15.0601345032147,-0.0502809834429724,4.76669713062814,6.28121069794096,0.0317485012976255,7.33894242942613,0,1.63267850143437,0.039559225262454,-0.824406252227002,MV-202-15,sine_steer_python_15kmh,COMPLETED
178,2026年09月25日_14时38分14秒_第001次,2026-09-25T14:38:14+08:00,2026-09-25T06:38:14Z,1.77,15.0603038932079,-0.0507433490010735,4.81887733081372,6.32302238537967,0.033113658903176,7.38072638543617,0,1.64706519525685,0.0399117259690314,-0.831494182754176,MV-202-15,sine_steer_python_15kmh,COMPLETED
179,2026年09月25日_14时38分14秒_第001次,2026-09-25T14:38:14+08:00,2026-09-25T06:38:14Z,1.78,15.0604701176499,-0.051073539097527,4.8703809833536,6.36483335212781,0.0345147431095339,7.42250857064257,0,1.66119179839163,0.0402562459333067,-0.838521849435429,MV-202-15,sine_steer_python_15kmh,COMPLETED
180,2026年09月25日_14时38分14秒_第001次,2026-09-25T14:38:14+08:00,2026-09-25T06:38:14Z,1.79,15.0606331349588,-0.0512772834489014,4.92113891008115,6.40664354557725,0.0359522094950055,7.46428892300642,0,1.67505608008428,0.0405927987386169,-0.845485276526903,MV-202-15,sine_steer_python_15kmh,COMPLETED
181,2026年09月25日_14时38分14秒_第001次,2026-09-25T14:38:14+08:00,2026-09-25T06:38:14Z,1.8,15.0607930490127,-0.0513646979454409,4.97108305609763,6.44845291193642,0.0374265009329425,7.50606737794763,0,1.68865585100403,0.0409214623281111,-0.852377818440271,MV-202-15,sine_steer_python_15kmh,COMPLETED
182,2026年09月25日_14时38分14秒_第001次,2026-09-25T14:38:14+08:00,2026-09-25T06:38:14Z,1.81,15.060950141977,-0.0513497868186524,5.02014795168444,6.49026139619175,0.0389380440561572,7.54784386583505,0,1.70198896358938,0.0412423724142022,-0.859190436644888,MV-202-15,sine_steer_python_15kmh,COMPLETED
183,2026年09月25日_14时38分14秒_第001次,2026-09-25T14:38:14+08:00,2026-09-25T06:38:14Z,1.82,15.061104864265,-0.0512493057562074,5.06827298615874,6.53206894238931,0.0404872464140115,7.58961831092998,0,1.7150533123873,0.0415557066932484,-0.865912368443253,MV-202-15,sine_steer_python_15kmh,COMPLETED
184,2026年09月25日_14时38分14秒_第001次,2026-09-25T14:38:14+08:00,2026-09-25T06:38:14Z,1.83,15.0612577605784,-0.0510812008911778,5.11540508492681,6.57387549419589,0.0420744947404036,7.63139063221668,0,1.72784683438567,0.0418616628625254,-0.872532062343847,MV-202-15,sine_steer_python_15kmh,COMPLETED
185,2026年09月25日_14时38分14秒_第001次,2026-09-25T14:38:14+08:00,2026-09-25T06:38:14Z,1.84,15.0614093643663,-0.050862976393657,5.16150113031242,6.61568099556875,0.0437001545235792,7.67316074592827,0,1.74036750933905,0.0421604354319214,-0.879038166793915,MV-202-15,sine_steer_python_15kmh,COMPLETED
186,2026年09月25日_14时38分14秒_第001次,2026-09-25T14:38:14+08:00,2026-09-25T06:38:14Z,1.85,15.061560087173,-0.0506103639163977,5.20652905172554,6.65748539136715,0.0453645707808325,7.7149285690907,0,1.75261336008773,0.0424521966578642,-0.885420345109827,MV-202-15,sine_steer_python_15kmh,COMPLETED
187,2026年09月25日_14时38分14秒_第001次,2026-09-25T14:38:14+08:00,2026-09-25T06:38:14Z,1.86,15.061710155529,-0.0503365687064165,5.25046754795546,6.69928862773445,0.0470680696745886,7.75669402307208,0,1.76458245286991,0.0427370855638123,-0.891669745241584,MV-202-15,sine_steer_python_15kmh,COMPLETED
188,2026年09月25日_14时38分14秒_第001次,2026-09-25T14:38:14+08:00,2026-09-25T06:38:14Z,1.87,15.0618595778766,-0.0500521846955694,5.29330407956729,6.74109065216725,0.0488109604679733,7.79845703614397,0,1.77627289762709,0.0430152064351297,-0.897779066663892,MV-202-15,sine_steer_python_15kmh,COMPLETED
189,2026年09月25日_14时38分14秒_第001次,2026-09-25T14:38:14+08:00,2026-09-25T06:38:14Z,1.88,15.0620081689187,-0.0497656678362057,5.33503205803266,6.78289141320563,0.050593537317062,7.84021754428605,0,1.78768284830253,0.04328663528435,-0.903742286045846,MV-202-15,sine_steer_python_15kmh,COMPLETED
190,2026年09月25日_14时38分14秒_第001次,2026-09-25T14:38:14+08:00,2026-09-25T06:38:14Z,1.89,15.0621556320557,-0.049484103863153,5.37564810089503,6.82469085986006,0.0524160805653859,7.88197549006784,0,1.79881050313274,0.043551430581271,-0.909554198291507,MV-202-15,sine_steer_python_15kmh,COMPLETED
191,2026年09月25日_14时38分14秒_第001次,2026-09-25T14:38:14+08:00,2026-09-25T06:38:14Z,1.9,15.062301669947,-0.0492139413551019,5.41514991462734,6.86648894095923,0.0542788574458707,7.92373082000334,0,1.80965410493204,0.0438096435775196,-0.915209972528585,MV-202-15,sine_steer_python_15kmh,COMPLETED
192,2026年09月25日_14时38分14秒_第001次,2026-09-25T14:38:14+08:00,2026-09-25T06:38:14Z,1.91,15.0624460862085,-0.0489614058553097,5.45353523566882,6.90828560460349,0.0561821223360043,7.96548348118841,0,1.82021194136999,0.0440613241580337,-0.920704897720943,MV-202-15,sine_steer_python_15kmh,COMPLETED
193,2026年09月25日_14时38分14秒_第001次,2026-09-25T14:38:14+08:00,2026-09-25T06:38:14Z,1.92,15.0625888483747,-0.0487324474194251,5.49080201371367,6.95008079785868,0.0581261168829599,8.007233418189,0,1.83048234524183,0.0443065200712522,-0.926034410977463,MV-202-15,sine_steer_python_15kmh,COMPLETED
194,2026年09月25日_14时38分14秒_第001次,2026-09-25T14:38:14+08:00,2026-09-25T06:38:14Z,1.93,15.0627300976442,-0.0485322521226396,5.52694960231974,6.99187446674608,0.0601110703622727,8.04898057101748,0,1.84046369473174,0.0445452699193724,-0.931194393575121,MV-202-15,sine_steer_python_15kmh,COMPLETED
195,2026年09月25日_14时38分14秒_第001次,2026-09-25T14:38:14+08:00,2026-09-25T06:38:14Z,1.94,15.0628701075547,-0.0483645061553848,5.56198036811107,7.03366655649648,0.0621372005449935,8.09072487466672,0,1.85015441366892,0.0447775925537675,-0.936181622756972,MV-202-15,sine_steer_python_15kmh,COMPLETED
196,2026年09月25日_14时38分14秒_第001次,2026-09-25T14:38:14+08:00,2026-09-25T06:38:14Z,1.95,15.0630092075732,-0.0482306882455203,5.59590103803791,7.07545701196257,0.0642047151608082,8.13246626018516,0,1.8595529717765,0.0450034767882405,-0.94099421270563,MV-202-15,sine_steer_python_15kmh,COMPLETED
197,2026年09月25日_14时38分14秒_第001次,2026-09-25T14:38:14+08:00,2026-09-25T06:38:14Z,1.96,15.0631476964754,-0.0481296573698913,5.62872326454484,7.11724577804491,0.0663138138271637,8.17420465682656,0,1.86865788491322,0.045222875249918,-0.945631881321003,MV-202-15,sine_steer_python_15kmh,COMPLETED
198,2026年09月25日_14时38分14秒_第001次,2026-09-25T14:38:14+08:00,2026-09-25T06:38:14Z,1.97,15.0632857715765,-0.0480577051835738,5.660463181801,7.15903279999509,0.0684646901411888,8.21593999453244,0,1.87746771530775,0.0454357048247916,-0.950095936939402,MV-202-15,sine_steer_python_15kmh,COMPLETED
199,2026年09月25日_14时38分14秒_第001次,2026-09-25T14:38:14+08:00,2026-09-25T06:38:14Z,1.98,15.0634234945156,-0.048009092070058,5.69114007257801,7.20081802351128,0.0706575335576396,8.25767220597939,0,1.88598107178573,0.0456418540230483,-0.954388969669903,MV-202-15,sine_steer_python_15kmh,COMPLETED
200,2026年09月25日_14时38分14秒_第001次,2026-09-25T14:38:14+08:00,2026-09-25T06:38:14Z,1.99,15.0635608035112,-0.0479769337318862,5.72077455508493,7.24260139462086,0.0728925307232927,8.29940122763963,0,1.89419660998949,0.0458411954188308,-0.958514324620109,MV-202-15,sine_steer_python_15kmh,COMPLETED
201,2026年09月25日_14时38分14秒_第001次,2026-09-25T14:38:14+08:00,2026-09-25T06:38:14Z,2,15.0636975557821,-0.0479541997438392,5.74938669173108,7.28438285940797,0.0751698660848589,8.34112699965927,0,1.90211303259031,0.0460335997951708,-0.962475500687493,MV-202-15,sine_steer_python_15kmh,COMPLETED
202,2026年09月25日_14时38分14秒_第001次,2026-09-25T14:38:14+08:00,2026-09-25T06:38:14Z,2.01,15.0638335881393,-0.0479345617096787,5.77699461159686,7.32616236367896,0.0774897217830552,8.38284946473797,0,1.90972908949329,0.0462189482566791,-0.966275633908233,MV-202-15,sine_steer_python_15kmh,COMPLETED
203,2026年09月25日_14时38分14秒_第001次,2026-09-25T14:38:14+08:00,2026-09-25T06:38:14Z,2.02,15.0639687800927,-0.0479128901812202,5.80361400268494,7.36793985268653,0.0798522770311182,8.42456856650387,0,1.91704357803475,0.0463971394210292,-0.96991718875725,MV-202-15,sine_steer_python_15kmh,COMPLETED
204,2026年09月25日_14时38分14秒_第001次,2026-09-25T14:38:14+08:00,2026-09-25T06:38:14Z,2.03,15.0641030937846,-0.0478853197833561,5.82925835614783,7.40971527100335,0.0822577072846051,8.46628424798517,0,1.92405534317217,0.0465680904961147,-0.973401909809689,MV-202-15,sine_steer_python_15kmh,COMPLETED
205,2026年09月25日_14时38分14秒_第001次,2026-09-25T14:38:14+08:00,2026-09-25T06:38:14Z,2.04,15.0642365797075,-0.0478489418787028,5.85393972733017,7.45148856256732,0.0847061835112626,8.50799645066872,0,1.93076327766655,0.0467317330400887,-0.976731000906383,MV-202-15,sine_steer_python_15kmh,COMPLETED
206,2026年09月25日_14时38分14秒_第001次,2026-09-25T14:38:14+08:00,2026-09-25T06:38:14Z,2.05,15.0643693520796,-0.0478012981224485,5.87766968819259,7.49325967086421,0.087197871777189,8.54970511438758,0,1.93716632225726,0.0468880058384718,-0.979905428588017,MV-202-15,sine_steer_python_15kmh,COMPLETED
207,2026年09月25日_14时38分14秒_第001次,2026-09-25T14:38:14+08:00,2026-09-25T06:38:14Z,2.06,15.06450154449,-0.0477398986730143,5.90046004727629,7.53502853917375,0.0897329332102162,8.59141017797292,0,1.94326346582935,0.047036848073722,-0.982926214670887,MV-202-15,sine_steer_python_15kmh,COMPLETED
208,2026年09月25日_14时38分14秒_第001次,2026-09-25T14:38:14+08:00,2026-09-25T06:38:14Z,2.07,15.0646332693404,-0.0476619629778791,5.9223231112903,7.57679511079719,0.092311524237699,8.63311158035169,0,1.94905374557315,0.0471781956196014,-0.985794596354988,MV-202-15,sine_steer_python_15kmh,COMPLETED
209,2026年09月25日_14时38分14秒_第001次,2026-09-25T14:38:14+08:00,2026-09-25T06:38:14Z,2.08,15.0647645881757,-0.0475644887274499,5.94327128390792,7.61855932920207,0.0949337968800664,8.67480926164641,0,1.95453624713639,0.0473119819961754,-0.988511988315993,MV-202-15,sine_steer_python_15kmh,COMPLETED
210,2026年09月25日_14时38分14秒_第001次,2026-09-25T14:38:14+08:00,2026-09-25T06:38:14Z,2.09,15.0648955039769,-0.0474446314749884,5.96331620424712,7.66032113804487,0.0975998988478651,8.71650316385707,0,1.95971010476849,0.0474381437740111,-0.991079754866209,MV-202-15,sine_steer_python_15kmh,COMPLETED
211,2026年09月25日_14时38分14秒_第001次,2026-09-25T14:38:14+08:00,2026-09-25T06:38:14Z,2.1,15.0650259786813,-0.0473002656508044,5.98246778293151,7.702080481088,0.100309973253911,8.75819323089642,0,1.96457450145738,0.0475566286162282,-0.99349886855671,MV-202-15,sine_steer_python_15kmh,COMPLETED
212,2026年09月25日_14时38分14秒_第001次,2026-09-25T14:38:14+08:00,2026-09-25T06:38:14Z,2.11,15.0651559683417,-0.0471305324352989,6.00073346278238,7.74383730207181,0.103064157882732,8.79987940800818,0,1.96912866905841,0.0476674031987874,-0.995769572551079,MV-202-15,sine_steer_python_15kmh,COMPLETED
213,2026年09月25日_14时38分14秒_第001次,2026-09-25T14:38:14+08:00,2026-09-25T06:38:14Z,2.12,15.0652854615925,-0.0469361815465671,6.01811793855574,7.78559154461749,0.105862584110664,8.84156164083167,0,1.97337188841574,0.0477704582491612,-0.997891164643683,MV-202-15,sine_steer_python_15kmh,COMPLETED
214,2026年09月25日_14时38分14秒_第001次,2026-09-25T14:38:14+08:00,2026-09-25T06:38:14Z,2.13,15.0654145063311,-0.0467195803099062,6.03462342764558,7.8273431522237,0.108705375691973,8.88323987450473,0,1.97730348947583,0.047865808868718,-0.999861981722531,MV-202-15,sine_steer_python_15kmh,COMPLETED
215,2026年09月25日_14时38分14秒_第001次,2026-09-25T14:38:14+08:00,2026-09-25T06:38:14Z,2.14,15.0655432145626,-0.0464843705421752,6.0502503993163,7.8690920683838,0.111592647679299,8.92491405318273,0,1.9809228513933,0.047953489821212,-1.00167959890777,MV-202-15,sine_steer_python_15kmh,COMPLETED
216,2026年09月25日_14时38分14秒_第001次,2026-09-25T14:38:14+08:00,2026-09-25T06:38:14Z,2.15,15.0656717435895,-0.0462348650085504,6.06499850630013,7.91083823680668,0.114524505713807,8.96658412020232,0,1.98422940262896,0.0480335470575192,-1.00334118977895,MV-202-15,sine_steer_python_15kmh,COMPLETED
217,2026年09月25日_14时38分14秒_第001次,2026-09-25T14:38:14+08:00,2026-09-25T06:38:14Z,2.16,15.0658002599924,-0.0459753537695088,6.07886739412881,7.95258160168623,0.117501045814055,9.0082500188906,0,1.98722262104002,0.0481060278806876,-1.00484394547681,MV-202-15,sine_steer_python_15kmh,COMPLETED
218,2026年09月25日_14时38分14秒_第001次,2026-09-25T14:38:14+08:00,2026-09-25T06:38:14Z,2.17,15.06592889865,-0.0457095121443378,6.09185711664087,7.9943221079452,0.120522354649322,9.0499116937914,0,1.9899020339626,0.048170972481543,-1.00618543620296,MV-202-15,sine_steer_python_15kmh,COMPLETED
219,2026年09月25日_14时38分14秒_第001次,2026-09-25T14:38:14+08:00,2026-09-25T06:38:14Z,2.18,15.066057730741,-0.0454400614681582,6.10396803137065,8.03605970138475,0.123588510150419,9.09156909192986,0,1.99226721828635,0.0482284090180595,-1.00736382206901,MV-202-15,sine_steer_python_15kmh,COMPLETED
220,2026年09月25日_14时38分14秒_第001次,2026-09-25T14:38:14+08:00,2026-09-25T06:38:14Z,2.19,15.0661867517267,-0.0451687469361111,6.11520022920302,8.07779432870005,0.126699582230796,9.13322216371446,0,1.99431780052123,0.0482783531874909,-1.00837787227155,MV-202-15,sine_steer_python_15kmh,COMPLETED
221,2026年09月25日_14时38分14秒_第001次,2026-09-25T14:38:14+08:00,2026-09-25T06:38:14Z,2.2,15.0663158942094,-0.044896819567853,6.12555210352478,8.11952593737953,0.129855633197163,9.17487086321497,0,1.99605345685654,0.0483208150025239,-1.00922667745781,MV-202-15,sine_steer_python_15kmh,COMPLETED
222,2026年09月25日_14时38分14秒_第001次,2026-09-25T14:38:14+08:00,2026-09-25T06:38:14Z,2.21,15.066445055856,-0.0446250261608188,6.13502280345943,8.1612544754576,0.133056718596653,9.21651514760694,0,1.99747391321203,0.0483557985904747,-1.00990965616466,MV-202-15,sine_steer_python_15kmh,COMPLETED
223,2026年09月25日_14时38分14秒_第001次,2026-09-25T14:38:14+08:00,2026-09-25T06:38:14Z,2.22,15.0665741568801,-0.0443540068104473,6.1436039472307,8.20297989138228,0.136302886120476,9.25815497622321,0,1.99857894528118,0.0483833078176243,-1.01042631242695,MV-202-15,sine_steer_python_15kmh,COMPLETED
224,2026年09月25日_14时38分14秒_第001次,2026-09-25T14:38:14+08:00,2026-09-25T06:38:14Z,2.23,15.0667031576897,-0.044084906080079,6.15129094324477,8.24470213372959,0.139594177014203,9.29979030913091,0,1.9993683785666,0.0484033550146376,-1.01077586519299,MV-202-15,sine_steer_python_15kmh,COMPLETED
225,2026年09月25日_14时38分14秒_第001次,2026-09-25T14:38:14+08:00,2026-09-25T06:38:14Z,2.24,15.066832101892,-0.043819061535146,6.15807224248709,8.28642115126388,0.142930624070187,9.34142110608098,0,1.99984208840763,0.0484159565841496,-1.01095743091966,MV-202-15,sine_steer_python_15kmh,COMPLETED
226,2026年09月25日_14时38分14秒_第001次,2026-09-25T14:38:14+08:00,2026-09-25T06:38:14Z,2.25,15.0669611044025,-0.0435581843820963,6.16393890284053,8.32813689293422,0.146312252608962,9.38304732583294,0,2,0.0484211356064192,-1.0109699142405,MV-202-15,sine_steer_python_15kmh,COMPLETED
227,2026年09月25日_14时38分14秒_第001次,2026-09-25T14:38:14+08:00,2026-09-25T06:38:14Z,2.26,15.0670903334543,-0.0433035313211441,6.16887996832851,8.36984930810109,0.149739079757053,9.42466892623943,0,1.99984208840763,0.0484189100446911,-1.01081250852772,MV-202-15,sine_steer_python_15kmh,COMPLETED
228,2026年09月25日_14时38分14秒_第001次,2026-09-25T14:38:14+08:00,2026-09-25T06:38:14Z,2.27,15.0672199771596,-0.0430556211253946,6.17288728988479,8.41155834678355,0.153211114761909,9.46628586499119,0,1.9993683785666,0.0484092886398504,-1.01048487223448,MV-202-15,sine_steer_python_15kmh,COMPLETED
229,2026年09月25日_14时38分14秒_第001次,2026-09-25T14:38:14+08:00,2026-09-25T06:38:14Z,2.28,15.0673501932675,-0.0428139220826261,6.17595135470131,8.4532639598186,0.156728360222401,9.50789810076649,0,1.99857894528118,0.048392266354863,-1.009987325578,MV-202-15,sine_steer_python_15kmh,COMPLETED
230,2026年09月25日_14时38分14秒_第001次,2026-09-25T14:38:14+08:00,2026-09-25T06:38:14Z,2.29,15.0674810828064,-0.0425767051105457,6.1780667635895,8.49496609903295,0.160290812375626,9.54950559446096,0,1.99747391321203,0.0483678221505426,-1.0093209466982,MV-202-15,sine_steer_python_15kmh,COMPLETED
231,2026年09月25日_14时38分14秒_第001次,2026-09-25T14:38:14+08:00,2026-09-25T06:38:14Z,2.3,15.067612676629,-0.0423412775494226,6.17922766392101,8.53666471725015,0.163898462034711,9.59110831013992,0,1.99605345685654,0.0483359221858824,-1.0084874372286,MV-202-15,sine_steer_python_15kmh,COMPLETED
232,2026年09月25日_14时38分14秒_第001次,2026-09-25T14:38:14+08:00,2026-09-25T06:38:14Z,2.31,15.067744942307,-0.0421043653162334,6.17942876125047,8.57835976820709,0.167551295138284,9.63270621545107,0,1.99431780052123,0.0482965251667745,-1.00748889535312,MV-202-15,sine_steer_python_15kmh,COMPLETED
233,2026年09月25日_14时38分14秒_第001次,2026-09-25T14:38:14+08:00,2026-09-25T06:38:14Z,2.32,15.0678778088789,-0.0418629716560545,6.17866355045133,8.62005120642616,0.171249292603733,9.67429928146239,0,1.99226721828635,0.0482495945530526,-1.00632729722431,MV-202-15,sine_steer_python_15kmh,COMPLETED
234,2026年09月25日_14时38分14秒_第001次,2026-09-25T14:38:14+08:00,2026-09-25T06:38:14Z,2.33,15.0680111951487,-0.0416144550894206,6.1769284966831,8.66173898698241,0.174992430785919,9.71588748184145,0,1.9899020339626,0.0481950997045583,-1.00500444619927,MV-202-15,sine_steer_python_15kmh,COMPLETED
235,2026年09月25日_14时38分14秒_第001次,2026-09-25T14:38:14+08:00,2026-09-25T06:38:14Z,2.34,15.0681450616261,-0.0413566289362033,6.17421352019387,8.70342306550927,0.178780679656325,9.75747079204246,0,1.98722262104002,0.0481330173446851,-1.0035219068252,MV-202-15,sine_steer_python_15kmh,COMPLETED
236,2026年09月25日_14时38分14秒_第001次,2026-09-25T14:38:14+08:00,2026-09-25T06:38:14Z,2.35,15.0682794067897,-0.0410882370682165,6.17051435987084,8.74510339801592,0.182614003987691,9.7990491882845,0,1.98422940262896,0.048063338414002,-1.00188071500287,MV-202-15,sine_steer_python_15kmh,COMPLETED
237,2026年09月25日_14时38分14秒_第001次,2026-09-25T14:38:14+08:00,2026-09-25T06:38:14Z,2.36,15.0684142879105,-0.0408082047324386,6.16582315672275,8.78677994105205,0.186492361479093,9.84062264705223,0,1.9809228513933,0.0479860574685044,-1.00008182497637,MV-202-15,sine_steer_python_15kmh,COMPLETED
238,2026年09月25日_14时38分14秒_第001次,2026-09-25T14:38:14+08:00,2026-09-25T06:38:14Z,2.37,15.0685498020554,-0.0405156537655695,6.16013431633603,8.82845265177905,0.190415703358472,9.88219114499904,0,1.97730348947583,0.0479011729167849,-0.998126100671109,MV-202-15,sine_steer_python_15kmh,COMPLETED
239,2026年09月25日_14时38分14秒_第001次,2026-09-25T14:38:14+08:00,2026-09-25T06:38:14Z,2.38,15.0686860584028,-0.0402096669690065,6.15344377166256,8.87012148815326,0.194383974117423,9.92375465932149,0,1.97337188841574,0.0478086836728533,-0.99601445936462,MV-202-15,sine_steer_python_15kmh,COMPLETED
240,2026年09月25日_14时38分14秒_第001次,2026-09-25T14:38:14+08:00,2026-09-25T06:38:14Z,2.39,15.068823153675,-0.0398891283399728,6.1457489486333,8.91178640908495,0.198397111630678,9.96531316844124,0,1.96912866905841,0.0477085868653617,-0.993747970381412,MV-202-15,sine_steer_python_15kmh,COMPLETED
241,2026年09月25日_14时38分14秒_第001次,2026-09-25T14:38:14+08:00,2026-09-25T06:38:14Z,2.4,15.0689611510973,-0.0395527218532401,6.13704881177918,8.95344737455414,0.202455047333387,10.0068666527493,0,1.96457450145738,0.0476008777943833,-0.991327858368262,MV-202-15,sine_steer_python_15kmh,COMPLETED
242,2026年09月25日_14时38分14秒_第001次,2026-09-25T14:38:14+08:00,2026-09-25T06:38:14Z,2.41,15.0691000709883,-0.0391990893390872,6.12734358591317,8.99510434565745,0.206557706330939,10.0484150951678,0,1.95971010476849,0.0474855521622784,-0.988755409412458,MV-202-15,sine_steer_python_15kmh,COMPLETED
243,2026年09月25日_14时38分14秒_第001次,2026-09-25T14:38:14+08:00,2026-09-25T06:38:14Z,2.42,15.0692398964522,-0.0388270928326661,6.11663434988921,9.03675728459174,0.210705007347565,10.0899584813725,0,1.95453624713639,0.0473626098165365,-0.98603181200476,MV-202-15,sine_steer_python_15kmh,COMPLETED
244,2026年09月25日_14时38分14秒_第001次,2026-09-25T14:38:14+08:00,2026-09-25T06:38:14Z,2.43,15.0693805902817,-0.0384360923235622,6.1049226732888,9.07840615460274,0.214896862470541,10.1314967996479,0,1.94905374557315,0.0472320587435904,-0.983157986525501,MV-202-15,sine_steer_python_15kmh,COMPLETED
245,2026年09月25日_14时38分14秒_第001次,2026-09-25T14:38:14+08:00,2026-09-25T06:38:14Z,2.44,15.0695221159891,-0.0380261458569212,6.09221042210472,9.12005091993476,0.219133176718362,10.1730300404691,0,1.94326346582935,0.0470939179852136,-0.980134460021546,MV-202-15,sine_steer_python_15kmh,COMPLETED
246,2026年09月25日_14时38分14秒_第001次,2026-09-25T14:38:14+08:00,2026-09-25T06:38:14Z,2.45,15.0696644556574,-0.0375980657282121,6.07849977299947,9.16169154581408,0.223413847522286,10.2145581959897,0,1.93716632225726,0.0469482185211146,-0.976961327305846,MV-202-15,sine_steer_python_15kmh,COMPLETED
247,2026年09月25日_14时38分14秒_第001次,2026-09-25T14:38:14+08:00,2026-09-25T06:38:14Z,2.46,15.0698076188604,-0.0371533119230533,6.063793392393,9.20332799848496,0.227738764240869,10.2560812596357,0,1.93076327766655,0.0467950018312707,-0.973638310930828,MV-202-15,sine_steer_python_15kmh,COMPLETED
248,2026年09月25日_14时38分14秒_第001次,2026-09-25T14:38:14+08:00,2026-09-25T06:38:14Z,2.47,15.0699516400894,-0.0366937556588563,6.04809468449763,9.24496024529684,0.232107807818235,10.2975992259536,0,1.92405534317217,0.0466343165884871,-0.9701649011496,MV-202-15,sine_steer_python_15kmh,COMPLETED
249,2026年09月25日_14时38分14秒_第001次,2026-09-25T14:38:14+08:00,2026-09-25T06:38:14Z,2.48,15.0700965661967,-0.0362213848550555,6.03140799525206,9.28658825482231,0.236520850653468,10.3391120907602,0,1.91704357803475,0.0464662144926595,-0.966540532927965,MV-202-15,sine_steer_python_15kmh,COMPLETED
250,2026年09月25日_14时38分14秒_第001次,2026-09-25T14:38:14+08:00,2026-09-25T06:38:14Z,2.49,15.070242438819,-0.0357380374619162,6.01373867788323,9.3282119969738,0.240977756686151,10.3806198515339,0,1.90972908949329,0.0462907464683202,-0.962764747923677,MV-202-15,sine_steer_python_15kmh,COMPLETED
251,2026年09月25日_14时38分14秒_第001次,2026-09-25T14:38:14+08:00,2026-09-25T06:38:14Z,2.5,15.070389278282,-0.0352452344297988,5.99509297664451,9.36983144308771,0.245478381642677,10.4221225079001,0,1.90211303259031,0.0461079602549435,-0.958837297374988,MV-202-15,sine_steer_python_15kmh,COMPLETED
252,2026年09月25日_14时38分14秒_第001次,2026-09-25T14:38:14+08:00,2026-09-25T06:38:14Z,2.51,15.0705370746858,-0.0347441477611131,5.97547775105146,9.4114465659554,0.25002257334878,10.4636200620337,0,1.89419660998949,0.045917899908459,-0.954758163539844,MV-202-15,sine_steer_python_15kmh,COMPLETED
253,2026年09月25日_14时38分14秒_第001次,2026-09-25T14:38:14+08:00,2026-09-25T06:38:14Z,2.52,15.0706857891803,-0.0342356935418416,5.95490011856813,9.45305733979871,0.254610172007359,10.5051125188348,0,1.88598107178573,0.0457206070855003,-0.950527504915682,MV-202-15,sine_steer_python_15kmh,COMPLETED
254,2026年09月25日_14时38分14秒_第001次,2026-09-25T14:38:14+08:00,2026-09-25T06:38:14Z,2.53,15.0708353648583,-0.0337207003724529,5.93336711922353,9.49466374020547,0.259241010367062,10.5465998858121,0,1.87746771530775,0.0455161234163663,-0.946145554673858,MV-202-15,sine_steer_python_15kmh,COMPLETED
255,2026年09月25日_14时38分14秒_第001次,2026-09-25T14:38:14+08:00,2026-09-25T06:38:14Z,2.54,15.0709857434199,-0.0332000826752902,5.9108854942807,9.53626574405333,0.263914913755787,10.5880821727142,0,1.86865788491322,0.0453044929674191,-0.941612514898623,MV-202-15,sine_steer_python_15kmh,COMPLETED
256,2026年09月25日_14时38分14秒_第001次,2026-09-25T14:38:14+08:00,2026-09-25T06:38:14Z,2.55,15.071136881879,-0.0326749517059579,5.88746162935426,9.57786332945286,0.268631700006905,10.62955939103,0,1.8595529717765,0.0450857638332085,-0.936928487673797,MV-202-15,sine_steer_python_15kmh,COMPLETED
257,2026年09月25日_14时38分14秒_第001次,2026-09-25T14:38:14+08:00,2026-09-25T06:38:14Z,2.56,15.0712887636702,-0.0321466222791101,5.86310165599927,9.61945647573349,0.273391179346774,10.6710315535271,0,1.85015441366892,0.0448599882506873,-0.932093469139268,MV-202-15,sine_steer_python_15kmh,COMPLETED
258,2026年09月25日_14时38分14秒_第001次,2026-09-25T14:38:14+08:00,2026-09-25T06:38:14Z,2.57,15.071441400496,-0.0316165108029342,5.83781165424625,9.66104516348027,0.278193154327225,10.7124986739821,0,1.84046369473174,0.0446272211602131,-0.927107409953565,MV-202-15,sine_steer_python_15kmh,COMPLETED
259,2026年09月25日_14时38分14秒_第001次,2026-09-25T14:38:14+08:00,2026-09-25T06:38:14Z,2.58,15.0715948244041,-0.0310859572571419,5.81159786882145,9.70262937461224,0.283037419872643,10.753960767189,0,1.83048234524184,0.0443875176670398,-0.921970322975534,MV-202-15,sine_steer_python_15kmh,COMPLETED
260,2026年09月25日_14时38分14秒_第001次,2026-09-25T14:38:14+08:00,2026-09-25T06:38:14Z,2.59,15.0717490728245,-0.0305560282062168,5.78446685278921,9.74420909247885,0.287923763474065,10.7954178492454,0,1.82021194136999,0.0441409302104857,-0.916682403786505,MV-202-15,sine_steer_python_15kmh,COMPLETED
261,2026年09月25日_14时38分14秒_第001次,2026-09-25T14:38:14+08:00,2026-09-25T06:38:14Z,2.6,15.0719041715497,-0.0300273625513445,5.75642548215674,9.78578430194509,0.2928519655158,10.8368699380185,0,1.80965410493204,0.0438875063206436,-0.911244126447038,MV-202-15,sine_steer_python_15kmh,COMPLETED
262,2026年09月25日_14时38分14秒_第001次,2026-09-25T14:38:14+08:00,2026-09-25T06:38:14Z,2.61,15.0720601212088,-0.0295001060999291,5.72748083204128,9.8273549894393,0.297821799679173,10.8783170536431,0,1.79881050313274,0.0436272876264176,-0.905656286002013,MV-202-15,sine_steer_python_15kmh,COMPLETED
263,2026年09月25日_14时38分14秒_第001次,2026-09-25T14:38:14+08:00,2026-09-25T06:38:14Z,2.62,15.0722168915285,-0.0289739513809735,5.69763995270392,9.86892114295026,0.302833033346086,10.9197592188895,0,1.78768284830253,0.0433603103602388,-0.899919977061199,MV-202-15,sine_steer_python_15kmh,COMPLETED
264,2026年09月25日_14时38分14秒_第001次,2026-09-25T14:38:14+08:00,2026-09-25T06:38:14Z,2.63,15.0723744250655,-0.028448265858842,5.66690961629393,9.91048275197579,0.307885427928218,10.9611964592891,0,1.77627289762709,0.0430866071310464,-0.894036518027261,MV-202-15,sine_steer_python_15kmh,COMPLETED
265,2026年09月25日_14时38分14秒_第001次,2026-09-25T14:38:14+08:00,2026-09-25T06:38:14Z,2.64,15.0725326490245,-0.0279222657550078,5.63529611270885,9.95203980744046,0.312978739073407,11.0026288029797,0,1.76458245286991,0.0428062093642528,-0.888007346540484,MV-202-15,sine_steer_python_15kmh,COMPLETED
266,2026年09月25日_14时38分14秒_第001次,2026-09-25T14:38:14+08:00,2026-09-25T06:38:14Z,2.65,15.0726914912503,-0.0273951819947866,5.60280515458248,9.99359230160901,0.318112716739554,11.0440562803249,0,1.75261336008773,0.0425191496495,-0.881833918561116,MV-202-15,sine_steer_python_15kmh,COMPLETED
267,2026年09月25日_14时38分14秒_第001次,2026-09-25T14:38:14+08:00,2026-09-25T06:38:14Z,2.66,15.0728508952913,-0.026866371843613,5.56944191470343,10.0351402280226,0.323287105164977,11.0854789234282,0,1.74036750933905,0.0422254633314432,-0.87551763958135,MV-202-15,sine_steer_python_15kmh,COMPLETED
268,2026年09月25日_14时38分14秒_第001次,2026-09-25T14:38:14+08:00,2026-09-25T06:38:14Z,2.67,15.0730108299139,-0.0263353511700309,5.53521117731785,10.0766835814772,0.328501642790279,11.1268967656925,0,1.72784683438567,0.0419251889788515,-0.869059843710347,MV-202-15,sine_steer_python_15kmh,COMPLETED
269,2026年09月25日_14时38分14秒_第001次,2026-09-25T14:38:14+08:00,2026-09-25T06:38:14Z,2.68,15.0731712903673,-0.0258017501251092,5.50011755176418,10.1182223580496,0.333756062192934,11.1683098415524,0,1.7150533123873,0.0416183677625308,-0.862461819504103,MV-202-15,sine_steer_python_15kmh,COMPLETED
270,2026年09月25日_14时38分14秒_第001次,2026-09-25T14:38:14+08:00,2026-09-25T06:38:14Z,2.69,15.0733322914039,-0.0252652199064431,5.46416568280558,10.1597565551629,0.339050090081475,11.2097181864522,0,1.70198896358938,0.0413050421285613,-0.855724866156674,MV-202-15,sine_steer_python_15kmh,COMPLETED
271,2026年09月25日_14时38分14秒_第001次,2026-09-25T14:38:14+08:00,2026-09-25T06:38:14Z,2.7,15.0734938546326,-0.0247253322925253,5.4273603999909,10.2012861716704,0.344383447367591,11.2511218370585,0,1.68865585100403,0.0409852543570055,-0.848850354879833,MV-202-15,sine_steer_python_15kmh,COMPLETED
272,2026年09月25日_14时38分14秒_第001次,2026-09-25T14:38:14+08:00,2026-09-25T06:38:14Z,2.71,15.0736559944233,-0.0241815129379274,5.38970677401479,10.2428112079353,0.349755849301931,11.292520831627,0,1.67505608008428,0.0406590455912254,-0.841839770413064,MV-202-15,sine_steer_python_15kmh,COMPLETED
273,2026年09月25日_14时38分14秒_第001次,2026-09-25T14:38:14+08:00,2026-09-25T06:38:14Z,2.72,15.0738187068009,-0.0236330351996949,5.35121008151335,10.2843316658841,0.355167005634168,11.3339152104015,0,1.66119179839163,0.0403264557245052,-0.834694716006259,MV-202-15,sine_steer_python_15kmh,COMPLETED
274,2026年09月25日_14时38分14秒_第001次,2026-09-25T14:38:14+08:00,2026-09-25T06:38:14Z,2.73,15.07398196457,-0.0230790790436535,5.31187570937175,10.3258475490243,0.360616620747649,11.3753050159172,0,1.64706519525686,0.0399875242161598,-0.827416878622812,MV-202-15,sine_steer_python_15kmh,COMPLETED
275,2026年09月25日_14时38分14秒_第001次,2026-09-25T14:38:14+08:00,2026-09-25T06:38:14Z,2.74,15.0741457197568,-0.0225188371421426,5.27170904601086,10.367358862427,0.366104393726346,11.4166902931243,0,1.63267850143437,0.0396422915890879,-0.820007964813744,MV-202-15,sine_steer_python_15kmh,COMPLETED
276,2026年09月25日_14时38分14秒_第001次,2026-09-25T14:38:14+08:00,2026-09-25T06:38:14Z,2.75,15.074309912075,-0.0219516349871991,5.23071540601665,10.408865612688,0.371630018333364,11.4580710893047,0,1.61803398874989,0.0392908011400684,-0.812469627207119,MV-202-15,sine_steer_python_15kmh,COMPLETED
277,2026年09月25日_14时38分14秒_第001次,2026-09-25T14:38:14+08:00,2026-09-25T06:38:14Z,2.76,15.0744744802972,-0.0213770282747764,5.18890001785592,10.4503678078853,0.377193182907976,11.4994474538263,0,1.60313396974175,0.0389331003391653,-0.804803403990902,MV-202-15,sine_steer_python_15kmh,COMPLETED
278,2026年09月25日_14时38分14秒_第001次,2026-09-25T14:38:14+08:00,2026-09-25T06:38:14Z,2.77,15.0746393726908,-0.0207948494259949,5.1462680793066,10.4918654575528,0.382793570212745,11.5408194378254,0,1.58798079729567,0.0385692415133566,-0.797010688773066,MV-202-15,sine_steer_python_15kmh,COMPLETED
279,2026年09月25日_14时38分14秒_第001次,2026-09-25T14:38:14+08:00,2026-09-25T06:38:14Z,2.78,15.0748045532352,-0.0202051923604374,5.10282486092758,10.5333585726804,0.388430857275752,11.5821870939229,0,1.57257686427324,0.0381992816527714,-0.789092737856551,MV-202-15,sine_steer_python_15kmh,COMPLETED
280,2026年09月25日_14时38分14秒_第001次,2026-09-25T14:38:14+08:00,2026-09-25T06:38:14Z,2.79,15.0749700019154,-0.0196083443906523,5.05857582263571,10.5748471657452,0.394104715271715,11.6235504760651,0,1.55692460313405,0.0378232814590307,-0.781050709958649,MV-202-15,sine_steer_python_15kmh,COMPLETED
281,2026年09月25日_14时38分14秒_第001次,2026-09-25T14:38:14+08:00,2026-09-25T06:38:14Z,2.8,15.0751357092607,-0.0190046897808605,5.01352670503551,10.616331250763,0.399814809470941,11.6649096395251,0,1.54102648555158,0.0374413039803105,-0.772885723756474,MV-202-15,sine_steer_python_15kmh,COMPLETED
282,2026年09月25日_14时38分14秒_第001次,2026-09-25T14:38:14+08:00,2026-09-25T06:38:14Z,2.81,15.0753016678955,-0.0183946164117586,4.96768357716468,10.6578108433468,0.405560799262626,11.7062646410523,0,1.5248850220229,0.0370534132792688,-0.764598914190015,MV-202-15,sine_steer_python_15kmh,COMPLETED
283,2026年09月25日_14时38分14秒_第001次,2026-09-25T14:38:14+08:00,2026-09-25T06:38:14Z,2.82,15.0754678634408,-0.0177784531748966,4.921052823101,10.6992859607562,0.411342338236272,11.7476155391032,0,1.50850276147221,0.036659673529105,-0.756191470644406,MV-202-15,sine_steer_python_15kmh,COMPLETED
284,2026年09月25日_14时38分14秒_第001次,2026-09-25T14:38:14+08:00,2026-09-25T06:38:14Z,2.83,15.075634267955,-0.0171564534077227,4.87364108457715,10.7407566219232,0.417159074289307,11.7889623940638,0,1.49188229084836,0.0362601487602697,-0.747664647406544,MV-202-15,sine_steer_python_15kmh,COMPLETED
285,2026年09月25日_14时38分14秒_第001次,2026-09-25T14:38:14+08:00,2026-09-25T06:38:14Z,2.84,15.0758008383418,-0.0165288234046728,4.82545519261645,10.7822228474496,0.423010649725599,11.8303052683845,0,1.47502623471635,0.0358549032494752,-0.739019746621005,MV-202-15,sine_steer_python_15kmh,COMPLETED
286,2026年09月25日_14时38分14秒_第001次,2026-09-25T14:38:14+08:00,2026-09-25T06:38:14Z,2.85,15.0759675198222,-0.0158957801801384,4.77650211243353,10.823684659582,0.428896701317988,11.8716442265774,0,1.45793725484282,0.0354440023301145,-0.730258083109793,MV-202-15,sine_steer_python_15kmh,COMPLETED
287,2026年09月25日_14时38分14秒_第001次,2026-09-25T14:38:14+08:00,2026-09-25T06:38:14Z,2.86,15.0761342529198,-0.0152576140216373,4.72678892032758,10.8651420821745,0.434816860324496,11.9129793350799,0,1.44061804977581,0.035027513277846,-0.721380945818708,MV-202-15,sine_steer_python_15kmh,COMPLETED
288,2026年09月25日_14时38分14秒_第001次,2026-09-25T14:38:14+08:00,2026-09-25T06:38:14Z,2.87,15.0763009813887,-0.0146147313829071,4.67632282040256,10.9065951406538,0.440770752466925,11.954310662029,0,1.42307135441857,0.0346055059223742,-0.712389570817374,MV-202-15,sine_steer_python_15kmh,COMPLETED
289,2026年09月25日_14时38分14秒_第001次,2026-09-25T14:38:14+08:00,2026-09-25T06:38:14Z,2.88,15.0764676583728,-0.0139676617135867,4.62511119293848,10.9480438619984,0.446757997895549,11.9956382770216,0,1.4052999395977,0.0341780527486054,-0.703285136028247,MV-202-15,sine_steer_python_15kmh,COMPLETED
290,2026年09月25日_14时38分14秒_第001次,2026-09-25T14:38:14+08:00,2026-09-25T06:38:14Z,2.89,15.0766342487969,-0.0133170247097241,4.57316165292639,10.9894882747391,0.452778211169747,12.0369622509363,0,1.38730661162561,0.0337452284326589,-0.694068780091823,MV-202-15,sine_steer_python_15kmh,COMPLETED
291,2026年09月25日_14时38分14秒_第001次,2026-09-25T14:38:14+08:00,2026-09-25T06:38:14Z,2.9,15.0768007273142,-0.0126634676834514,4.52048209377651,11.0309284089784,0.458831001280326,12.0782826558692,0,1.36909421185738,0.0333071089467048,-0.684741639716793,MV-202-15,sine_steer_python_15kmh,COMPLETED
292,2026年09月25日_14时38分14秒_第001次,2026-09-25T14:38:14+08:00,2026-09-25T06:38:14Z,2.91,15.0769670726455,-0.0120075920021125,4.46708069797163,11.072364296421,0.464915971726781,12.1195995651935,0,1.35066561624205,0.03286377050001,-0.675304894134352,MV-202-15,sine_steer_python_15kmh,COMPLETED
293,2026年09月25日_14时38分14秒_第001次,2026-09-25T14:38:14+08:00,2026-09-25T06:38:14Z,2.92,15.0771332603435,-0.0113498901239385,4.41296590921695,11.1137959704013,0.471032720646685,12.1609130537127,0,1.3320237348685,0.0324152886226511,-0.665759803564331,MV-202-15,sine_steer_python_15kmh,COMPLETED
294,2026年09月25日_14时38分14秒_第001次,2026-09-25T14:38:14+08:00,2026-09-25T06:38:14Z,2.93,15.0772992564936,-0.0106907102920306,4.35814637430476,11.1552234658977,0.477180840979901,12.2022231978419,0,1.31317151150591,0.0319617376370586,-0.656107731181537,MV-202-15,sine_steer_python_15kmh,COMPLETED
295,2026年09月25日_14时38分14秒_第001次,2026-09-25T14:38:14+08:00,2026-09-25T06:38:14Z,2.94,15.0774650144732,-0.0100302563782831,4.30263087304945,11.1966468195235,0.4833599206422,12.243530075746,0,1.29411192313889,0.0315031906277632,-0.646350143809205,MV-202-15,sine_steer_python_15kmh,COMPLETED
296,2026年09月25日_14时38分14秒_第001次,2026-09-25T14:38:14+08:00,2026-09-25T06:38:14Z,2.95,15.0776304758086,-0.00936861914250091,4.2464282580583,11.2380660694956,0.489569542683024,12.2848337673768,0,1.27484797949738,0.0310397198601056,-0.636488593387122,MV-202-15,sine_steer_python_15kmh,COMPLETED
297,2026年09月25日_14时38分14秒_第001次,2026-09-25T14:38:14+08:00,2026-09-25T06:38:14Z,2.96,15.0777955747683,-0.0087058260103924,4.18954742164347,11.2794812555865,0.495809285410023,12.3261343543875,0,1.2553827225814,0.0305713974672609,-0.626524686898245,MV-202-15,sine_steer_python_15kmh,COMPLETED
298,2026年09月25日_14时38分14秒_第001次,2026-09-25T14:38:14+08:00,2026-09-25T06:38:14Z,2.97,15.0779602437232,-0.00804189197887858,4.13199728310992,11.3208924190674,0.502078722474941,12.367431919938,0,1.23571922618067,0.0300982961591383,-0.616460055344764,MV-202-15,sine_steer_python_15kmh,COMPLETED
299,2026年09月25日_14时38分14秒_第001次,2026-09-25T14:38:14+08:00,2026-09-25T06:38:14Z,2.98,15.0781244230386,-0.00737685650585759,4.07378685952355,11.3622996026633,0.508377422929842,12.4087265484493,0,1.21586059538921,0.0296204897368146,-0.606296330757768,MV-202-15,sine_steer_python_15kmh,COMPLETED
300,2026年09月25日_14时38分14秒_第001次,2026-09-25T14:38:14+08:00,2026-09-25T06:38:14Z,2.99,15.0782880644249,-0.0067107964893799,4.01492528554175,11.4037028505265,0.514704951270055,12.4500183253754,0,1.19580996611504,0.0291380532693851,-0.596035137833501,MV-202-15,sine_steer_python_15kmh,COMPLETED
301,2026年09月25日_14时38分14秒_第001次,2026-09-25T14:38:14+08:00,2026-09-25T06:38:14Z,3,15.0784511307944,-0.00604381458753939,3.95542184163757,11.4451022082283,0.521060867480831,12.4913073370471,0,1.17557050458495,0.0286510629197099,-0.585678100596398,MV-202-15,sine_steer_python_15kmh,COMPLETED
302,2026年09月25日_14时38分14秒_第001次,2026-09-25T14:38:14+08:00,2026-09-25T06:38:14Z,3.01,15.0786135932863,-0.00537601066477748,3.89528598493138,11.4864977227672,0.527444727103379,12.5325936706271,0,1.15514540684454,0.0281595955274427,-0.575226859453422,MV-202-15,sine_steer_python_15kmh,COMPLETED
303,2026年09月25日_14时38分14秒_第001次,2026-09-25T14:38:14+08:00,2026-09-25T06:38:14Z,3.02,15.0787754259354,-0.00470744896440718,3.83452735185158,11.5278894425872,0.533856081326906,12.5738774141757,0,1.13453789825351,0.02766372812748,-0.564683091064673,MV-202-15,sine_steer_python_15kmh,COMPLETED
304,2026年09月25日_14时38分14秒_第001次,2026-09-25T14:38:14+08:00,2026-09-25T06:38:14Z,3.03,15.0789365992342,-0.00403813383079703,3.77315572842878,11.5692774175953,0.540294477102387,12.6151586567918,0,1.11375123297638,0.0271635375866447,-0.554048523226004,MV-202-15,sine_steer_python_15kmh,COMPLETED
305,2026年09月25日_14时38分14秒_第001次,2026-09-25T14:38:14+08:00,2026-09-25T06:38:14Z,3.04,15.0790970749348,-0.00336800296728111,3.71118100331853,11.6106616991666,0.546759457265837,12.6564374887712,0,1.09278869346854,0.0266591004880835,-0.543324939178357,MV-202-15,sine_steer_python_15kmh,COMPLETED
306,2026年09月25日_14时38分14秒_第001次,2026-09-25T14:38:14+08:00,2026-09-25T06:38:14Z,3.05,15.0792568046243,-0.00269694078514342,3.64861311710731,11.6520423401333,0.553250560655859,12.6977140017206,0,1.07165358995799,0.02615049330198,-0.532514169611548,MV-202-15,sine_steer_python_15kmh,COMPLETED
307,2026年09月25日_14时38分14秒_第001次,2026-09-25T14:38:14+08:00,2026-09-25T06:38:14Z,3.06,15.0794157302103,-0.00202480764116642,3.58546205197692,11.6934193947546,0.559767322212087,12.7389882885833,0,1.05034925992259,0.0256377927848821,-0.521618074901192,MV-202-15,sine_steer_python_15kmh,COMPLETED
308,2026年09月25日_14时38分14秒_第001次,2026-09-25T14:38:14+08:00,2026-09-25T06:38:14Z,3.07,15.0795737879097,-0.00135147598045138,3.52173783027134,11.7347929186729,0.566309273047452,12.7802604435587,0,1.02887906756301,0.0251210764810989,-0.510638522881888,MV-202-15,sine_steer_python_15kmh,COMPLETED
309,2026年09月25日_14时38分14秒_第001次,2026-09-25T14:38:14+08:00,2026-09-25T06:38:14Z,3.08,15.0797309140514,-0.000676862604835792,3.45745052514578,11.7761629688659,0.572875940495209,12.8215305619367,0,1.00724640327152,0.0246004231728797,-0.4995773687302,MV-202-15,sine_steer_python_15kmh,COMPLETED
310,2026年09月25日_14时38分14秒_第001次,2026-09-25T14:38:14+08:00,2026-09-25T06:38:14Z,3.09,15.0798870504502,-9.48378638087783e-07,3.3926102869176,11.8175296036048,0.579466848138808,12.8627987398927,0,0.985454683096584,0.0240759131547142,-0.488436442329764,MV-202-15,sine_steer_python_15kmh,COMPLETED
311,2026年09月25日_14时38分14秒_第001次,2026-09-25T14:38:14+08:00,2026-09-25T06:38:14Z,3.1,15.0800421477026,0.000676218654305797,3.32722737290525,11.8588928824263,0.586081515836977,12.9040650742978,0,0.96350734820343,0.0235476282727154,-0.477217545676691,MV-202-15,sine_steer_python_15kmh,COMPLETED
312,2026年09月25日_14时38分14秒_第001次,2026-09-25T14:38:14+08:00,2026-09-25T06:38:14Z,3.11,15.0801961655879,0.00135453534295369,3.26131216377921,11.9002528661201,0.592719459756202,12.9453296625903,0,0.941407864330666,0.0230156517471325,-0.465922459579615,MV-202-15,sine_steer_python_15kmh,COMPLETED
313,2026年09月25日_14时38分14秒_第001次,2026-09-25T14:38:14+08:00,2026-09-25T06:38:14Z,3.12,15.0803490706393,0.00203386484280496,3.19487515929796,11.9416096167303,0.599380192418843,12.9865926027356,0,0.919159721242976,0.0224800678598023,-0.454552956172987,MV-202-15,sine_steer_python_15kmh,COMPLETED
314,2026年09月25日_14时38分14秒_第001次,2026-09-25T14:38:14+08:00,2026-09-25T06:38:14Z,3.13,15.080500831794,0.00271405934152899,3.1279269575485,11.9829631975628,0.606063222769101,13.0278539932679,0,0.896766432180065,0.0219409616202263,-0.443110812383994,MV-202-15,sine_steer_python_15kmh,COMPLETED
315,2026年09月25日_14时38分14秒_第001次,2026-09-25T14:38:14+08:00,2026-09-25T06:38:14Z,3.14,15.0806514156413,0.00339497666785501,3.06047822655322,12.0243136731912,0.612768056253092,13.0691139333846,0,0.874231533301866,0.0213984185163196,-0.431597819802063,MV-202-15,sine_steer_python_15kmh,COMPLETED
316,2026年09月25日_14时38分14秒_第001次,2026-09-25T14:38:14+08:00,2026-09-25T06:38:14Z,3.15,15.0808007816292,0.0040764861500767,2.99253969254354,12.0656611094515,0.619494194905105,13.1103725230447,0,0.851558583130146,0.0208525244167968,-0.420015788102236,MV-202-15,sine_steer_python_15kmh,COMPLETED
317,2026年09月25日_14时38分14秒_第001次,2026-09-25T14:38:14+08:00,2026-09-25T06:38:14Z,3.16,15.0809488807279,0.00475846345566404,2.9241221266888,12.1070055734203,0.626241137431512,13.1516298630268,0,0.828751161986568,0.0203033656303079,-0.408366541693579,MV-202-15,sine_steer_python_15kmh,COMPLETED
318,2026年09月25日_14时38分14秒_第001次,2026-09-25T14:38:14+08:00,2026-09-25T06:38:14Z,3.17,15.0810956617153,0.00544077819825653,2.85523628695201,12.1483471333856,0.633008379286332,13.192886054925,0,0.805812871427325,0.0197510290684982,-0.396651911719645,MV-202-15,sine_steer_python_15kmh,COMPLETED
319,2026年09月25日_14时38分14秒_第001次,2026-09-25T14:38:14+08:00,2026-09-25T06:38:14Z,3.18,15.0812410725504,0.00612327950836736,2.78589295515784,12.1896858588145,0.639795412735869,13.234141201078,0,0.782747333674405,0.0191956024395632,-0.384873726944728,MV-202-15,sine_steer_python_15kmh,COMPLETED
320,2026年09月25日_14时38分14秒_第001次,2026-09-25T14:38:14+08:00,2026-09-25T06:38:14Z,3.19,15.0813850601716,0.00680578485808341,2.71610300846947,12.231021820309,0.6466017269134,13.2753954044312,0,0.759558191043603,0.0186371743969138,-0.373033806588527,MV-202-15,sine_steer_python_15kmh,COMPLETED
321,2026年09月25日_14时38分14秒_第001次,2026-09-25T14:38:14+08:00,2026-09-25T06:38:14Z,3.2,15.081527574183,0.00748807662601602,2.64587743987818,12.2723550895588,0.653426807870271,13.3166487683713,0,0.736249105369356,0.0180758345784323,-0.361133957674602,MV-202-15,sine_steer_python_15kmh,COMPLETED
322,2026年09月25日_14时38分14秒_第001次,2026-09-25T14:38:14+08:00,2026-09-25T06:38:14Z,3.21,15.0816685710222,0.00816990796733143,2.57522734295996,12.3136857393093,0.660270138631229,13.3579013965867,0,0.712823757426502,0.0175116735130382,-0.349175977996468,MV-202-15,sine_steer_python_15kmh,COMPLETED
323,2026年09月25日_14时38分14秒_第001次,2026-09-25T14:38:14+08:00,2026-09-25T06:38:14Z,3.22,15.0818080144839,0.0088510161139304,2.50416389372803,12.3550138433442,0.667131199259741,13.3991533929855,0,0.689285846349034,0.0169447824202689,-0.337161663726759,MV-202-15,sine_steer_python_15kmh,COMPLETED
324,2026年09月25日_14时38分14秒_第001次,2026-09-25T14:38:14+08:00,2026-09-25T06:38:14Z,3.23,15.0819458728469,0.00953113904933058,2.43269833160637,12.3963394764772,0.674009466935988,13.4404048616772,0,0.665639089045974,0.0163752529599771,-0.325092819223773,MV-202-15,sine_steer_python_15kmh,COMPLETED
325,2026年09月25日_14时38分14秒_第001次,2026-09-25T14:38:14+08:00,2026-09-25T06:38:14Z,3.24,15.0820821149457,0.0102100309900191,2.36084193283137,12.4376627145437,0.680904416046826,13.4816559070069,0,0.641887219614419,0.0158031769970537,-0.312971266208781,MV-202-15,sine_steer_python_15kmh,COMPLETED
326,2026年09月25日_14时38分14秒_第001次,2026-09-25T14:38:14+08:00,2026-09-25T06:38:14Z,3.25,15.0822167069664,0.0108874730315323,2.28860598196014,12.4789836343882,0.687815518284209,13.522906633613,0,0.618033988749895,0.015228646433382,-0.300798850055401,MV-202-15,sine_steer_python_15kmh,COMPLETED
327,2026年09月25日_14时38分14秒_第001次,2026-09-25T14:38:14+08:00,2026-09-25T06:38:14Z,3.26,15.082349610688,0.0115632771813723,2.21600175501739,12.5203023138426,0.694742242747053,13.5641571464771,0,0.59408316315407,0.0146517531330125,-0.288577442079064,MV-202-15,sine_steer_python_15kmh,COMPLETED
328,2026年09月25日_14时38分14秒_第001次,2026-09-25T14:38:14+08:00,2026-09-25T06:38:14Z,3.27,15.0824807834094,0.0122372841561215,2.1430405228943,12.561618831694,0.701684056041695,13.6054075509326,0,0.570038524939952,0.0140725889359485,-0.276308938025766,MV-202-15,sine_steer_python_15kmh,COMPLETED
329,2026年09月25日_14时38分14秒_第001次,2026-09-25T14:38:14+08:00,2026-09-25T06:38:14Z,3.28,15.0826101791498,0.0129093570346979,2.06973357815838,12.6029332676419,0.708640422377695,13.6466579526152,0,0.54590387103465,0.0134912457313733,-0.263995254014129,MV-202-15,sine_steer_python_15kmh,COMPLETED
330,2026年09月25日_14时38分14秒_第001次,2026-09-25T14:38:14+08:00,2026-09-25T06:38:14Z,3.29,15.0827377522119,0.0135793737193654,1.99609225933873,12.6442457022494,0.715610803658456,13.6879084573599,0,0.521683012579794,0.0129078155486169,-0.251638321682257,MV-202-15,sine_steer_python_15kmh,COMPLETED
331,2026年09月25日_14时38分14秒_第001次,2026-09-25T14:38:14+08:00,2026-09-25T06:38:14Z,3.3,15.0828634601108,0.014247220852183,1.92212798878609,12.6855562168968,0.72259465956803,13.7291591710656,0,0.497379774329709,0.0123223906281529,-0.239240084208502,MV-202-15,sine_steer_python_15kmh,COMPLETED
332,2026年09月25日_14时38分14秒_第001次,2026-09-25T14:38:14+08:00,2026-09-25T06:38:14Z,3.31,15.0829872656656,0.0149127908898722,1.84785230807956,12.7268648937382,0.729591447656746,13.7704101995568,0,0.472997994047449,0.0117350634481122,-0.226802494243494,MV-202-15,sine_steer_python_15kmh,COMPLETED
333,2026年09月25日_14时38分14秒_第001次,2026-09-25T14:38:14+08:00,2026-09-25T06:38:14Z,3.32,15.0831091382993,0.0155759834338577,1.77327689133361,12.7681718156693,0.736600623429394,13.8116616484757,0,0.448541521898762,0.0111459266902613,-0.214327514426719,MV-202-15,sine_steer_python_15kmh,COMPLETED
334,2026年09月25日_14时38分14秒_第001次,2026-09-25T14:38:14+08:00,2026-09-25T06:38:14Z,3.33,15.0832290527803,0.016236712122882,1.69841354025444,12.809477066304,0.743621640438955,13.8529136232235,0,0.42401421984411,0.0105550731262566,-0.201817121323703,MV-202-15,sine_steer_python_15kmh,COMPLETED
335,2026年09月25日_14时38分14秒_第001次,2026-09-25T14:38:14+08:00,2026-09-25T06:38:14Z,3.34,15.0833469856592,0.0168949169052191,1.62327417804247,12.8507807299543,0.750653950388758,13.8941662289525,0,0.399419961028815,0.00996259542613314,-0.189273312680068,MV-202-15,sine_steer_python_15kmh,COMPLETED
336,2026年09月25日_14时38分14秒_第001次,2026-09-25T14:38:14+08:00,2026-09-25T06:38:14Z,3.35,15.0834629104173,0.0175505754428832,1.54787082973968,12.8920828916059,0.757697003243542,13.9354195705893,0,0.374762629171449,0.00936858597771209,-0.176698114209509,MV-202-15,sine_steer_python_15kmh,COMPLETED
337,2026年09月25日_14时38分14秒_第001次,2026-09-25T14:38:14+08:00,2026-09-25T06:38:14Z,3.36,15.0835767943778,0.0182037024031147,1.47221558189383,12.9333836368847,0.76475024734301,13.9766737528673,0,0.350046117950553,0.00877313687778177,-0.164093579058262,MV-202-15,sine_steer_python_15kmh,COMPLETED
338,2026年09月25日_14时38分14秒_第001次,2026-09-25T14:38:14+08:00,2026-09-25T06:38:14Z,3.37,15.0836885991126,0.0188543338549112,1.39632055587048,12.9746830520174,0.771813129507437,14.0179288803432,0,0.325274330389768,0.00817634013626151,-0.151461778192146,MV-202-15,sine_steer_python_15kmh,COMPLETED
339,2026年09月25日_14时38分14秒_第001次,2026-09-25T14:38:14+08:00,2026-09-25T06:38:14Z,3.38,15.0837982852611,0.0195025073509664,1.3201978798867,13.0159812237949,0.77888509513,14.0591850573885,0,0.300451178241514,0.00757828794385505,-0.13880478804558,MV-202-15,sine_steer_python_15kmh,COMPLETED
340,2026年09月25日_14时38分14秒_第001次,2026-09-25T14:38:14+08:00,2026-09-25T06:38:14Z,3.39,15.0839058138591,0.0201482472079819,1.2438597116626,13.0572782395357,0.785965588256382,14.1004423881377,0,0.275580581369276,0.00697907286770932,-0.126124681280132,MV-202-15,sine_steer_python_15kmh,COMPLETED
341,2026年09月25日_14时38分14秒_第001次,2026-09-25T14:38:14+08:00,2026-09-25T06:38:14Z,3.4,15.0840111476685,0.0207915563683804,1.16731825043902,13.0985741870421,0.79305405165603,14.141700976392,0,0.250666467128609,0.00637878795469543,-0.113423521458324,MV-202-15,sine_steer_python_15kmh,COMPLETED
342,2026年09月25日_14时38分14秒_第001次,2026-09-25T14:38:14+08:00,2026-09-25T06:38:14Z,3.41,15.0841142531126,0.0214324127372936,1.0905857433915,13.1398691545564,0.800149926889614,14.1829609254991,0,0.225712769746963,0.00577752677164532,-0.100703360386222,MV-202-15,sine_steer_python_15kmh,COMPLETED
343,2026年09月25日_14时38分14秒_第001次,2026-09-25T14:38:14+08:00,2026-09-25T06:38:14Z,3.42,15.0842151019134,0.0220707680807734,1.01367449151774,13.1811632307224,0.807252654376147,14.2242223382367,0,0.20072342970243,0.00517538340938103,-0.0879662370003633,MV-202-15,sine_steer_python_15kmh,COMPLETED
344,2026年09月25日_14时38分14秒_第001次,2026-09-25T14:38:14+08:00,2026-09-25T06:38:14Z,3.43,15.084313671413,0.0227065484124043,0.936596846582423,13.2224565045536,0.814361673461665,14.2654853167267,0,0.175702393101486,0.00457245246557233,-0.0752141771677485,MV-202-15,sine_steer_python_15kmh,COMPLETED
345,2026年09月25日_14时38分14秒_第001次,2026-09-25T14:38:14+08:00,2026-09-25T06:38:14Z,3.44,15.0844099434189,0.0233396553606935,0.859365192810734,13.2637490654104,0.821476422489937,14.306749962391,0,0.150653611055866,0.00396882901350718,-0.0624491940913309,MV-202-15,sine_steer_python_15kmh,COMPLETED
346,2026年09月25日_14时38分14秒_第001次,2026-09-25T14:38:14+08:00,2026-09-25T06:38:14Z,3.45,15.0845039020702,0.0239699683129081,0.781991919616279,13.3050410029804,0.828596338874867,14.3480163759514,0,0.125581039058626,0.00336460855958154,-0.0496732891898917,MV-202-15,sine_steer_python_15kmh,COMPLETED
347,2026年09月25日_14时38分14秒_第001次,2026-09-25T14:38:14+08:00,2026-09-25T06:38:14Z,3.46,15.0845955314655,0.0245973472814383,0.704489397966397,13.3463324072606,0.835720859174159,14.3892846574583,0,0.100488636359539,0.00275988699019089,-0.036888453414074,MV-202-15,sine_steer_python_15kmh,COMPLETED
348,2026年09月25日_14时38分14秒_第001次,2026-09-25T14:38:14+08:00,2026-09-25T06:38:14Z,3.47,15.0846848137991,0.0252216364951831,0.626869969646533,13.3876233685336,0.842849419164067,14.4305549063245,0,0.0753803653398691,0.00215476050790372,-0.0240966689998794,MV-202-15,sine_steer_python_15kmh,COMPLETED
349,2026年09月25日_14时38分14秒_第001次,2026-09-25T14:38:14+08:00,2026-09-25T06:38:14Z,3.48,15.0847717283766,0.0258426686688904,0.549145954914218,13.4289139773384,0.849981453915518,14.4718272213433,0,0.0502601908866756,0.00154932555750763,-0.0112999116375522,MV-202-15,sine_steer_python_15kmh,COMPLETED
350,2026年09月25日_14时38分14秒_第001次,2026-09-25T14:38:14+08:00,2026-09-25T06:38:14Z,3.49,15.0848562521492,0.02646026969108,0.471329667593506,13.4702043244312,0.857116397872181,14.5131017006691,0,0.0251320797667048,0.000943678745557255,0.00149984709231058,MV-202-15,sine_steer_python_15kmh,COMPLETED
351,2026年09月25日_14时38分14秒_第001次,2026-09-25T14:38:14+08:00,2026-09-25T06:38:14Z,3.5,15.0849383618125,0.027074263423667,0.393433433678562,13.5114945007418,0.864253684931618,14.5543784417622,0,2.44929359829471e-16,0.000337916757764838,0.0143006371886076,MV-202-15,sine_steer_python_15kmh,COMPLETED
352,2026年09月25日_14时38分14秒_第001次,2026-09-25T14:38:14+08:00,2026-09-25T06:38:14Z,3.51,15.0850180355844,0.0276844759081676,0.315469621516074,13.5527845973278,0.8713927485299,14.5956575413026,0,-0.0251320797667052,-0.000267863715697984,0.0271004880227337,MV-202-15,sine_steer_python_15kmh,COMPLETED
353,2026年09月25日_14时38分14秒_第001次,2026-09-25T14:38:14+08:00,2026-09-25T06:38:14Z,3.52,15.0850952547604,0.0282907383199647,0.237450658819383,13.5940747053281,0.878533021729749,14.636939095088,0,-0.0502601908866751,-0.000873566037499686,0.0398974268580147,MV-202-15,sine_steer_python_15kmh,COMPLETED
354,2026年09月25日_14时38分14秒_第001次,2026-09-25T14:38:14+08:00,2026-09-25T06:38:14Z,3.53,15.085170004876,0.0288928884161153,0.159389025856844,13.6353649159212,0.885673937311569,14.6782231979399,0,-0.0753803653398695,-0.00147909365926163,0.0526894782578043,MV-202-15,sine_steer_python_15kmh,COMPLETED
355,2026年09月25日_14时38分14秒_第001次,2026-09-25T14:38:14+08:00,2026-09-25T06:38:14Z,3.54,15.0852422758314,0.0294907706115565,0.0812972352206757,13.6766553202898,0.892814927866168,14.7195099436359,0,-0.100488636359539,-0.00208435013823119,0.0654746643133133,MV-202-15,sine_steer_python_15kmh,COMPLETED
356,2026年09月25日_14时38分14秒_第001次,2026-09-25T14:38:14+08:00,2026-09-25T06:38:14Z,3.55,15.0853120609193,0.0300842352045138,0.00318780681931661,13.7179460095907,0.89995542588789,14.7607994248748,0,-0.125581039058628,-0.00268923914179654,0.0782510053902575,MV-202-15,sine_steer_python_15kmh,COMPLETED
357,2026年09月25日_14时38分14秒_第001次,2026-09-25T14:38:14+08:00,2026-09-25T06:38:14Z,3.56,15.0853793551825,0.0306731375860185,-0.074926757345063,13.7592370749287,0.907094863867227,14.8020917332741,0,-0.150653611055866,-0.00329366445167534,0.0910165208983638,MV-202-15,sine_steer_python_15kmh,COMPLETED
358,2026年09月25日_14时38分14秒_第001次,2026-09-25T14:38:14+08:00,2026-09-25T06:38:14Z,3.57,15.085444153711,0.0312573383190528,-0.153033992320791,13.8005286073299,0.914232674382568,14.8433869593848,0,-0.175702393101487,-0.0038975299804333,0.103769229548456,MV-202-15,sine_steer_python_15kmh,COMPLETED
359,2026年09月25日_14时38分14秒_第001次,2026-09-25T14:38:14+08:00,2026-09-25T06:38:14Z,3.58,15.0855064504418,0.0318367046519268,-0.231121476195618,13.8418206977112,0.921368290191525,14.8846851927061,0,-0.200723429702429,-0.00450073980850341,0.116507148747139,MV-202-15,sine_steer_python_15kmh,COMPLETED
360,2026年09月25日_14时38分14秒_第001次,2026-09-25T14:38:14+08:00,2026-09-25T06:38:14Z,3.59,15.0855662378303,0.0324111134347029,-0.309176820630984,13.8831134368457,0.92850114432283,14.9259865216834,0,-0.225712769746962,-0.00510319824142808,0.129228293134095,MV-202-15,sine_steer_python_15kmh,COMPLETED
361,2026年09月25日_14时38分14秒_第001次,2026-09-25T14:38:14+08:00,2026-09-25T06:38:14Z,3.6,15.0856235074629,0.032980454760741,-0.387187650357626,13.9244069153208,0.935630670169964,14.9672910336793,0,-0.250666467128609,-0.00570480987779558,0.14193067265849,MV-202-15,sine_steer_python_15kmh,COMPLETED
362,2026年09月25日_14时38分14秒_第001次,2026-09-25T14:38:14+08:00,2026-09-25T06:38:14Z,3.61,15.085678251362,0.0335446351966456,-0.465141579934152,13.9657012234942,0.94275630158716,15.0085988149149,0,-0.275580581369276,-0.00630547967170373,0.154612290874799,MV-202-15,sine_steer_python_15kmh,COMPLETED
363,2026年09月25日_14时38分14秒_第001次,2026-09-25T14:38:14+08:00,2026-09-25T06:38:14Z,3.62,15.0857304635161,0.0341035793711127,-0.543026196205412,14.0069964514475,0.949877472987612,15.0499099503934,0,-0.300451178241514,-0.00690511297212373,0.167271144204725,MV-202-15,sine_steer_python_15kmh,COMPLETED
364,2026年09月25日_14时38分14秒_第001次,2026-09-25T14:38:14+08:00,2026-09-25T06:38:14Z,3.63,15.085780141117,0.034657229033816,-0.620829052523555,14.0482926889433,0.956993619442704,15.0912245238186,0,-0.325274330389767,-0.00750361552625993,0.179905222716136,MV-202-15,sine_steer_python_15kmh,COMPLETED
365,2026年09月25日_14时38分14秒_第001次,2026-09-25T14:38:14+08:00,2026-09-25T06:38:14Z,3.64,15.0858272851037,0.0352055393905859,-0.698537676881384,14.0895900253858,0.964104176780441,15.1325426175257,0,-0.350046117950552,-0.00810089344383555,0.192512512556279,MV-202-15,sine_steer_python_15kmh,COMPLETED
366,2026年09月25日_14时38分14秒_第001次,2026-09-25T14:38:14+08:00,2026-09-25T06:38:14Z,3.65,15.0858718995597,0.0357484733440191,-0.776139587563219,14.1308885497879,0.971208581681056,15.1738643124356,0,-0.374762629171449,-0.00869685313097346,0.205090999683471,MV-202-15,sine_steer_python_15kmh,COMPLETED
367,2026年09月25日_14时38分14秒_第001次,2026-09-25T14:38:14+08:00,2026-09-25T06:38:14Z,3.66,15.0859139909703,0.0362859949341994,-0.853622323788793,14.1721883507409,0.978306271768146,15.215189688036,0,-0.399419961028814,-0.00929140121193152,0.217638674116571,MV-202-15,sine_steer_python_15kmh,COMPLETED
368,2026年09月25日_14时38分14秒_第001次,2026-09-25T14:38:14+08:00,2026-09-25T06:38:14Z,3.67,15.0859535674247,0.0368180637589824,-0.930973472603761,14.2134895163901,0.985396685695295,15.2565188223872,0,-0.424014219844109,-0.00988444446403358,0.230153533629135,MV-202-15,sine_steer_python_15kmh,COMPLETED
369,2026年09月25日_14时38分14秒_第001次,2026-09-25T14:38:14+08:00,2026-09-25T06:38:14Z,3.68,15.0859906368894,0.037344631553615,-1.00818067006822,14.2547921344084,0.992479263228492,15.2978517921377,0,-0.448541521898762,-0.0104758897827765,0.242633586185016,MV-202-15,sine_steer_python_15kmh,COMPLETED
370,2026年09月25日_14时38分14秒_第001次,2026-09-25T14:38:14+08:00,2026-09-25T06:38:14Z,3.69,15.0860252062503,0.0378656416003003,-1.08523159728589,14.2960962919674,0.999553445326201,15.3391886725342,0,-0.472997994047449,-0.0110656441869518,0.255076850673961,MV-202-15,sine_steer_python_15kmh,COMPLETED
371,2026年09月25日_14时38分14秒_第001次,2026-09-25T14:38:14+08:00,2026-09-25T06:38:14Z,3.7,15.0860572813849,0.0383810308107842,-1.16211397160806,14.3374020757029,1.00661867421923,15.3805295374134,0,-0.49737977432971,-0.0116536148618716,0.267481356017754,MV-202-15,sine_steer_python_15kmh,COMPLETED
372,2026年09月25日_14时38分14秒_第001次,2026-09-25T14:38:14+08:00,2026-09-25T06:38:14Z,3.71,15.0860868679365,0.0388907333838168,-1.23881552811014,14.3787095716775,1.0136743934923,15.421874459172,0,-0.521683012579794,-0.0122397092253126,0.279845139297649,MV-202-15,sine_steer_python_15kmh,COMPLETED
373,2026年09月25日_14时38分14秒_第001次,2026-09-25T14:38:14+08:00,2026-09-25T06:38:14Z,3.72,15.0861139724588,0.0393946843860851,-1.31532399781689,14.4200188653402,1.02072004816827,15.4632235087147,0,-0.54590387103465,-0.0128238349927547,0.292166243896684,MV-202-15,sine_steer_python_15kmh,COMPLETED
374,2026年09月25日_14时38分14秒_第001次,2026-09-25T14:38:14+08:00,2026-09-25T06:38:14Z,3.73,15.0861386035684,0.0398928216923433,-1.39162709441515,14.4613300414867,1.02775508479506,15.5045767553908,0,-0.570038524939952,-0.0134059002195391,0.304442718609171,MV-202-15,sine_steer_python_15kmh,COMPLETED
375,2026年09月25日_14时38分14秒_第001次,2026-09-25T14:38:14+08:00,2026-09-25T06:38:14Z,3.74,15.0861607727318,0.0403850853721408,-1.46771251549916,14.5026431842221,1.03477895153362,15.545934266931,0,-0.59408316315407,-0.0139858133067049,0.316672618286249,MV-202-15,sine_steer_python_15kmh,COMPLETED
376,2026年09月25日_14时38分14秒_第001次,2026-09-25T14:38:14+08:00,2026-09-25T06:38:14Z,3.75,15.0861804944248,0.0408714145825715,-1.5435679569809,14.5439583769274,1.04179109824517,15.5872961093985,0,-0.618033988749895,-0.0145634829710479,0.328854006002985,MV-202-15,sine_steer_python_15kmh,COMPLETED
377,2026年09月25日_14时38分14秒_第001次,2026-09-25T14:38:14+08:00,2026-09-25T06:38:14Z,3.76,15.0861977856165,0.0413517430215008,-1.61918113591628,14.5852757022309,1.04879097657586,15.6286623471609,0,-0.641887219614419,-0.015138818194181,0.340984956126792,MV-202-15,sine_steer_python_15kmh,COMPLETED
378,2026年09月25日_14时38分14秒_第001次,2026-09-25T14:38:14+08:00,2026-09-25T06:38:14Z,3.77,15.0862126647566,0.0418259946999184,-1.69453981611997,14.6265952419824,1.055778040038,15.6700330428845,0,-0.665639089045973,-0.0157117281755634,0.353063557230086,MV-202-15,sine_steer_python_15kmh,COMPLETED
379,2026年09月25日_14时38分14秒_第001次,2026-09-25T14:38:14+08:00,2026-09-25T06:38:14Z,3.78,15.0862251506119,0.0422940819496412,-1.76963183068811,14.6679170772296,1.06275174408829,15.7114082575451,0,-0.689285846349034,-0.0162821223169302,0.365087913680198,MV-202-15,sine_steer_python_15kmh,COMPLETED
380,2026年09月25日_14时38分14秒_第001次,2026-09-25T14:38:14+08:00,2026-09-25T06:38:14Z,3.79,15.0862352613505,0.0427559070970776,-1.84444509664264,14.7092412881924,1.06971154620496,15.752788050444,0,-0.712823757426501,-0.0168499102588351,0.377056145019615,MV-202-15,sine_steer_python_15kmh,COMPLETED
381,2026年09月25日_14时38分14秒_第001次,2026-09-25T14:38:14+08:00,2026-09-25T06:38:14Z,3.8,15.086243014198,0.0432113682212895,-1.91896762002161,14.7505679542353,1.07665690596639,15.7941724792174,0,-0.736249105369357,-0.0174150019757181,0.388966382854287,MV-202-15,sine_steer_python_15kmh,COMPLETED
382,2026年09月25日_14时38分14秒_第001次,2026-09-25T14:38:14+08:00,2026-09-25T06:38:14Z,3.81,15.0862484258106,0.0436603681592965,-1.99318749351979,14.7918971538362,1.08358728513409,15.8355615998309,0,-0.759558191043602,-0.0179773079180112,0.400816765727985,MV-202-15,sine_steer_python_15kmh,COMPLETED
383,2026年09月25日_14时38分14秒_第001次,2026-09-25T14:38:14+08:00,2026-09-25T06:38:14Z,3.82,15.0862515132811,0.0441028247906006,-2.06709289117123,14.8332289645515,1.09050214774194,15.8769554665558,0,-0.782747333674405,-0.0185367391735296,0.412605433155109,MV-202-15,sine_steer_python_15kmh,COMPLETED
384,2026年09月25日_14时38分14秒_第001次,2026-09-25T14:38:14+08:00,2026-09-25T06:38:14Z,3.83,15.0862522952823,0.0445386799744712,-2.14067206201556,14.874563462982,1.09740096019188,15.9183541319302,0,-0.805812871427325,-0.0190932076107488,0.424330520406002,MV-202-15,sine_steer_python_15kmh,COMPLETED
385,2026年09月25日_14时38分14秒_第001次,2026-09-25T14:38:14+08:00,2026-09-25T06:38:14Z,3.84,15.0862507932797,0.0449679046156359,-2.21391333141952,14.9159007247377,1.10428319135439,15.9597576467132,0,-0.828751161986567,-0.0196466259677199,0.435990155580121,MV-202-15,sine_steer_python_15kmh,COMPLETED
386,2026年09月25日_14时38分14秒_第001次,2026-09-25T14:38:14+08:00,2026-09-25T06:38:14Z,3.85,15.0862470330141,0.0453904983736698,-2.28680511610342,14.9572408244075,1.1111483126706,16.0011660598445,0,-0.851558583130145,-0.0201969078649379,0.447582459877724,MV-202-15,sine_steer_python_15kmh,COMPLETED
387,2026年09月25日_14时38分14秒_第001次,2026-09-25T14:38:14+08:00,2026-09-25T06:38:14Z,3.86,15.0862410445668,0.0458064839479594,-2.35933592729851,14.9985838355356,1.11799579825212,16.0425794184188,0,-0.874231533301865,-0.0207439677405531,0.459105551193454,MV-202-15,sine_steer_python_15kmh,COMPLETED
388,2026年09月25日_14时38分14秒_第001次,2026-09-25T14:38:14+08:00,2026-09-25T06:38:14Z,3.87,15.0862328611623,0.0462158972415806,-2.43149436908208,15.0399298305996,1.12482512497472,16.083997767677,0,-0.896766432180064,-0.0212877207259165,0.470557550273819,MV-202-15,sine_steer_python_15kmh,COMPLETED
389,2026年09月25日_14时38分14秒_第001次,2026-09-25T14:38:14+08:00,2026-09-25T06:38:14Z,3.88,15.0862225179956,0.0466187761228626,-2.5032691454993,15.0812788809912,1.1316357725638,16.1254211510123,0,-0.919159721242976,-0.0218280824998365,0.481936587776265,MV-202-15,sine_steer_python_15kmh,COMPLETED
390,2026年09月25日_14时38分14秒_第001次,2026-09-25T14:38:14+08:00,2026-09-25T06:38:14Z,3.89,15.0862100511093,0.0470151506507585,-2.57464906269963,15.1226310569978,1.13842722367153,16.166849609988,0,-0.941407864330665,-0.0223649691623526,0.493240810501643,MV-202-15,sine_steer_python_15kmh,COMPLETED
391,2026年09月25日_14时38分14秒_第001次,2026-09-25T14:38:14+08:00,2026-09-25T06:38:14Z,3.9,15.0861954964874,0.0474050367769091,-2.64562301760424,15.1639864277838,1.14519896394745,16.2082831843563,0,-0.96350734820343,-0.0228982971569731,0.504468385568219,MV-202-15,sine_steer_python_15kmh,COMPLETED
392,2026年09月25日_14时38分14秒_第001次,2026-09-25T14:38:14+08:00,2026-09-25T06:38:14Z,3.91,15.0861788895686,0.0477884342062731,-2.7161799778439,15.2053450613694,1.15195048210538,16.2497219120705,0,-0.985454683096584,-0.0234279832515337,0.515617502088229,MV-202-15,sine_steer_python_15kmh,COMPLETED
393,2026年09月25日_14时38分14秒_第001次,2026-09-25T14:38:14+08:00,2026-09-25T06:38:14Z,3.92,15.0861602652837,0.0481653277776732,-2.7863089602689,15.246707024607,1.15868126998991,16.2911658292833,0,-1.00724640327152,-0.0239539445690353,0.526686370705767,MV-202-15,sine_steer_python_15kmh,COMPLETED
394,2026年09月25日_14时38分14秒_第001次,2026-09-25T14:38:14+08:00,2026-09-25T06:38:14Z,3.93,15.0861396587498,0.0485356907569573,-2.85599900981327,15.2880723831557,1.16539082264433,16.3326149703311,0,-1.02887906756301,-0.0244760986458984,0.537673221942472,MV-202-15,sine_steer_python_15kmh,COMPLETED
395,2026年09月25日_14时38分14秒_第001次,2026-09-25T14:38:14+08:00,2026-09-25T06:38:14Z,3.94,15.0861171061256,0.0488994880629784,-2.92523918644736,15.3294412014556,1.17207863838143,16.3740693677087,0,-1.05034925992259,-0.024994363489554,0.548576304555411,MV-202-15,sine_steer_python_15kmh,COMPLETED
396,2026年09月25日_14时38分14秒_第001次,2026-09-25T14:38:14+08:00,2026-09-25T06:38:14Z,3.95,15.0860926451113,0.0492566778732816,-2.99401856454725,15.3708135427041,1.17874421885609,16.4155290520403,0,-1.07165358995799,-0.0255086576131587,0.559393884867653,MV-202-15,sine_steer_python_15kmh,COMPLETED
397,2026年09月25日_14时38分14秒_第001次,2026-09-25T14:38:14+08:00,2026-09-25T06:38:14Z,3.96,15.0860663152813,0.0496072108978485,-3.06232623963541,15.4121894688333,1.18538706913837,16.4569940520559,0,-1.09278869346854,-0.0260189000370664,0.5701242475043,MV-202-15,sine_steer_python_15kmh,COMPLETED
398,2026年09月25日_14时38分14秒_第001次,2026-09-25T14:38:14+08:00,2026-09-25T06:38:14Z,3.97,15.0860381582288,0.0499510276363171,-3.13015134044595,15.4535690404914,1.19200669778525,16.4984643945789,0,-1.11375123297638,-0.026525010261289,0.580765697356744,MV-202-15,sine_steer_python_15kmh,COMPLETED
399,2026年09月25日_14时38分14秒_第001次,2026-09-25T14:38:14+08:00,2026-09-25T06:38:14Z,3.98,15.0860082161867,0.0502880549189464,-3.19748305983692,15.4949523170278,1.19860261690997,16.5399401045291,0,-1.13453789825351,-0.0270269082272934,0.591316562058056,MV-202-15,sine_steer_python_15kmh,COMPLETED
400,2026年09月25日_14时38分14秒_第001次,2026-09-25T14:38:14+08:00,2026-09-25T06:38:14Z,3.99,15.0859765304926,0.0506182035486832,-3.26431068262614,15.5363393564747,1.20517434224739,16.5814212049331,0,-1.15514540684454,-0.0275245142950299,0.601775193821142,MV-202-15,sine_steer_python_15kmh,COMPLETED
401,2026年09月25日_14时38分14秒_第001次,2026-09-25T14:38:14+08:00,2026-09-25T06:38:14Z,4,15.0859431434397,0.0509413680780874,-3.33062356648243,15.57773021553,1.2117213932175,16.6229077169423,0,-1.17557050458495,-0.0280177492500971,0.612139969848546,MV-202-15,sine_steer_python_15kmh,COMPLETED
402,2026年09月25日_14时38分14秒_第001次,2026-09-25T14:38:14+08:00,2026-09-25T06:38:14Z,4.01,15.0859081021169,0.0512574285951915,-3.39641108601088,15.6191249495569,1.21824329299295,16.664399659867,0,-1.19580996611504,-0.0285065343394953,0.622409291425208,MV-202-15,sine_steer_python_15kmh,COMPLETED
403,2026年09月25日_14时38分14秒_第001次,2026-09-25T14:38:14+08:00,2026-09-25T06:38:14Z,4.02,15.0858714519706,0.0515662565823797,-3.46166272160745,15.6605236125717,1.22473956856724,16.7058970511928,0,-1.21586059538921,-0.0289907913657098,0.632581581000449,MV-202-15,sine_steer_python_15kmh,COMPLETED
404,2026年09月25日_14时38分14秒_第001次,2026-09-25T14:38:14+08:00,2026-09-25T06:38:14Z,4.03,15.0858332360618,0.0518677228090678,-3.52636806337456,15.7019262572198,1.23120975082402,16.7473999065798,0,-1.23571922618067,-0.0294704428104526,0.64265527776643,MV-202-15,sine_steer_python_15kmh,COMPLETED
405,2026年09月25日_14时38分14秒_第001次,2026-09-25T14:38:14+08:00,2026-09-25T06:38:14Z,4.04,15.0857934973994,0.0521617047828105,-3.59051676831674,15.7433329347529,1.23765337461188,16.7889082398513,0,-1.2553827225814,-0.0299454119529122,0.65262883331605,MV-202-15,sine_steer_python_15kmh,COMPLETED
406,2026年09月25日_14时38分14秒_第001次,2026-09-25T14:38:14+08:00,2026-09-25T06:38:14Z,4.05,15.0857522809716,0.0524480922474666,-3.65409854379271,15.7847436950106,1.24406997882518,16.8304220629812,0,-1.27484797949738,-0.030415622960852,0.662500708446799,MV-202-15,sine_steer_python_15kmh,COMPLETED
407,2026年09月25日_14时38分14秒_第001次,2026-09-25T14:38:14+08:00,2026-09-25T06:38:14Z,4.06,15.0857096339617,0.0527267899306581,-3.7171031614975,15.8261585864051,1.25045910648806,16.871941386082,0,-1.29411192313889,-0.0308810009429191,0.672269371680479,MV-202-15,sine_steer_python_15kmh,COMPLETED
408,2026年09月25日_14时38分14秒_第001次,2026-09-25T14:38:14+08:00,2026-09-25T06:38:14Z,4.07,15.0856656051733,0.0529977173269775,-3.77952047729465,15.8675776559068,1.25682030483846,16.9134662173977,0,-1.31317151150591,-0.0313414719587851,0.681933299599453,MV-202-15,sine_steer_python_15kmh,COMPLETED
409,2026年09月25日_14时38分14秒_第001次,2026-09-25T14:38:14+08:00,2026-09-25T06:38:14Z,4.08,15.0856202446081,0.053260806050858,-3.8413404464968,15.9090009490311,1.26315312541036,16.9549965633058,0,-1.3320237348685,-0.0317969629943988,0.691490978646718,MV-202-15,sine_steer_python_15kmh,COMPLETED
410,2026年09月25日_14时38分14秒_第001次,2026-09-25T14:38:14+08:00,2026-09-25T06:38:14Z,4.09,15.0855736032013,0.0535159960517815,-3.90255313756425,15.9504285098275,1.2694571241128,16.9965324283307,0,-1.35066561624205,-0.0322474019205415,0.700940907618764,MV-202-15,sine_steer_python_15kmh,COMPLETED
411,2026年09月25日_14时38分14秒_第001次,2026-09-25T14:38:14+08:00,2026-09-25T06:38:14Z,4.1,15.0855257324348,0.0537632323090297,-3.96314874465084,15.9918603808716,1.27573186130572,17.0380738151668,0,-1.36909421185738,-0.0326927174576687,0.710281599892333,MV-202-15,sine_steer_python_15kmh,COMPLETED
412,2026年09月25日_14时38分14秒_第001次,2026-09-25T14:38:14+08:00,2026-09-25T06:38:14Z,4.11,15.085476683842,0.0540024633165105,-4.02311759465514,16.0332966032573,1.28197690187287,17.0796207247059,0,-1.38730661162561,-0.033132839165828,0.719511584589708,MV-202-15,sine_steer_python_15kmh,COMPLETED
413,2026年09月25日_14时38分14秒_第001次,2026-09-25T14:38:14+08:00,2026-09-25T06:38:14Z,4.12,15.0854265086509,0.0542336419011938,-4.0824501462909,16.0747372165885,1.28819181529343,17.1211731560636,0,-1.4052999395977,-0.0335676974676334,0.72862940633161,MV-202-15,sine_steer_python_15kmh,COMPLETED
414,2026年09月25日_14时38分14秒_第001次,2026-09-25T14:38:14+08:00,2026-09-25T06:38:14Z,4.13,15.0853752577465,0.0544567280200325,-4.14113698331941,16.1161822589696,1.29437617571397,17.1627311065982,0,-1.42307135441857,-0.0339972236994925,0.737633623770328,MV-202-15,sine_steer_python_15kmh,COMPLETED
415,2026年09月25日_14时38分14秒_第001次,2026-09-25T14:38:14+08:00,2026-09-25T06:38:14Z,4.14,15.0853229819372,0.0546716924487328,-4.19916880596739,16.1576317669952,1.30052956202192,17.2042945719217,0,-1.44061804977581,-0.0344213501757852,0.746522807549682,MV-202-15,sine_steer_python_15kmh,COMPLETED
416,2026年09月25日_14时38分14秒_第001次,2026-09-25T14:38:14+08:00,2026-09-25T06:38:14Z,4.15,15.0852697322749,0.0548785199192605,-4.25653642538957,16.199085775739,1.30665155792081,17.2458635459027,0,-1.45793725484282,-0.0348400102454667,0.755295538573207,MV-202-15,sine_steer_python_15kmh,COMPLETED
417,2026年09月25日_14时38分14秒_第001次,2026-09-25T14:38:14+08:00,2026-09-25T06:38:14Z,4.16,15.0852155600523,0.0550772103884256,-4.3132307544275,16.2405443187429,1.31274175200639,17.287438020666,0,-1.47502623471635,-0.0352531383221909,0.763950407401531,MV-202-15,sine_steer_python_15kmh,COMPLETED
418,2026年09月25日_14时38分14秒_第001次,2026-09-25T14:38:14+08:00,2026-09-25T06:38:14Z,4.17,15.085160518056,0.0552677777619128,-4.36924281476616,16.2820074280081,1.31879973784229,17.3290179865916,0,-1.49188229084836,-0.0356606698780727,0.772486015107797,MV-202-15,sine_steer_python_15kmh,COMPLETED
419,2026年09月25日_14时38分14秒_第001次,2026-09-25T14:38:14+08:00,2026-09-25T06:38:14Z,4.18,15.0851046609209,0.0554502462079789,-4.424563751141,16.3234751339913,1.32482511403353,17.3706034323252,0,-1.50850276147221,-0.0360625414027069,0.78090097564231,MV-202-15,sine_steer_python_15kmh,COMPLETED
420,2026年09月25日_14时38分14秒_第001次,2026-09-25T14:38:14+08:00,2026-09-25T06:38:14Z,4.19,15.0850480434646,0.0556246447968637,-4.47918482905046,16.3649474656019,1.33081748429559,17.4121943447942,0,-1.5248850220229,-0.0364586903376787,0.789193919343376,MV-202-15,sine_steer_python_15kmh,COMPLETED
421,2026年09月25日_14时38分14秒_第001次,2026-09-25T14:38:14+08:00,2026-09-25T06:38:14Z,4.2,15.0849907212126,0.0557910019762436,-4.5330974575926,16.4064244502001,1.3367764575185,17.4537907092321,0,-1.54102648555158,-0.0368490550079573,0.797363496447337,MV-202-15,sine_steer_python_15kmh,COMPLETED
422,2026年09月25日_14时38分14秒_第001次,2026-09-25T14:38:14+08:00,2026-09-25T06:38:14Z,4.21,15.0849327501171,0.055949341334602,-4.5862931927083,16.4479061135986,1.34270164782658,17.4953925092113,0,-1.55692460313405,-0.03723357457091,0.805408379890597,MV-202-15,sine_steer_python_15kmh,COMPLETED
423,2026年09月25日_14时38分14秒_第001次,2026-09-25T14:38:14+08:00,2026-09-25T06:38:14Z,4.22,15.0848741857651,0.0560996794402106,-4.63876372889643,16.4893924800645,1.34859267463473,17.5369997266783,0,-1.57257686427324,-0.0376121889943447,0.8133272669061,MV-202-15,sine_steer_python_15kmh,COMPLETED
424,2026年09月25日_14时38分14秒_第001次,2026-09-25T14:38:14+08:00,2026-09-25T06:38:14Z,4.23,15.0848150830426,0.0562420260870084,-4.69050089498601,16.5308835723194,1.3544491627031,17.5786123419845,0,-1.58798079729567,-0.0379848390685637,0.821118879146359,MV-202-15,sine_steer_python_15kmh,COMPLETED
425,2026年09月25日_14时38分14秒_第001次,2026-09-25T14:38:14+08:00,2026-09-25T06:38:14Z,4.24,15.0847554962637,0.0563763865216819,-4.74149665036701,16.5723794115398,1.36027074219175,17.620230333912,0,-1.60313396974175,-0.0383514664466235,0.828781961575802,MV-202-15,sine_steer_python_15kmh,COMPLETED
426,2026年09月25日_14时38分14秒_第001次,2026-09-25T14:38:14+08:00,2026-09-25T06:38:14Z,4.25,15.0846954795296,0.0565027645486364,-4.79174307707134,16.6138800173556,1.36605704871639,17.661853679693,0,-1.61803398874989,-0.0387120136972629,0.836315280802852,MV-202-15,sine_steer_python_15kmh,COMPLETED
427,2026年09月25日_14时38分14秒_第001次,2026-09-25T14:38:14+08:00,2026-09-25T06:38:14Z,4.26,15.0846350871056,0.0566211651741445,-4.84123237132237,16.6553854078512,1.37180772340566,17.7034823550239,0,-1.63267850143437,-0.0390664243514607,0.843717623669601,MV-202-15,sine_steer_python_15kmh,COMPLETED
428,2026年09月25日_14时38分14秒_第001次,2026-09-25T14:38:14+08:00,2026-09-25T06:38:14Z,4.27,15.0845743736985,0.0567315957213475,-4.88995684038838,16.696895599565,1.37752241295903,17.7451163340779,0,-1.64706519525685,-0.0394146429272975,0.850987796755238,MV-202-15,sine_steer_python_15kmh,COMPLETED
429,2026年09月25日_14时38分14秒_第001次,2026-09-25T14:38:14+08:00,2026-09-25T06:38:14Z,4.28,15.0845133945898,0.0568340649568329,-4.93790890597788,16.7384106074926,1.38320076970417,17.7867555895192,0,-1.66119179839163,-0.0397566149263723,0.858124627082023,MV-202-15,sine_steer_python_15kmh,COMPLETED
430,2026年09月25日_14时38分14秒_第001次,2026-09-25T14:38:14+08:00,2026-09-25T06:38:14Z,4.29,15.084452205168,0.0569285804749512,-4.98508111640722,16.7799304450905,1.38884245165221,17.8284000925224,0,-1.67505608008428,-0.0400922868050562,0.865126963914837,MV-202-15,sine_steer_python_15kmh,COMPLETED
431,2026年09月25日_14时38分14秒_第001次,2026-09-25T14:38:14+08:00,2026-09-25T06:38:14Z,4.3,15.0843908614483,0.0570151452711746,-5.03146614336235,16.8214551242813,1.39444712254958,17.8700498127989,0,-1.68865585100403,-0.0404216059336913,0.871993680998377,MV-202-15,sine_steer_python_15kmh,COMPLETED
432,2026年09月25日_14时38分14秒_第001次,2026-09-25T14:38:14+08:00,2026-09-25T06:38:14Z,4.31,15.0843294198566,0.0570937544896287,-5.07705678900883,16.8629846554634,1.40001445192724,17.9117047186311,0,-1.70198896358938,-0.0407445205577196,0.878723678749448,MV-202-15,sine_steer_python_15kmh,COMPLETED
433,2026年09月25日_14时38分14秒_第001次,2026-09-25T14:38:14+08:00,2026-09-25T06:38:14Z,4.32,15.0842679363732,0.0571643935924599,-5.12184599828506,16.9045190475202,1.40554411514668,17.9533647769111,0,-1.71505331238731,-0.0410609797785981,0.885315885645069,MV-202-15,sine_steer_python_15kmh,COMPLETED
434,2026年09月25日_14时38分14秒_第001次,2026-09-25T14:38:14+08:00,2026-09-25T06:38:14Z,4.33,15.0842064662247,0.0572270386310412,-5.16582685740372,16.946058307829,1.41103579344397,17.9950299531777,0,-1.72784683438567,-0.041370933564389,0.891769258310758,MV-202-15,sine_steer_python_15kmh,COMPLETED
435,2026年09月25日_14时38分14秒_第001次,2026-09-25T14:38:14+08:00,2026-09-25T06:38:14Z,4.34,15.0841450639352,0.0572816585288439,-5.2089925842446,16.9876024422689,1.41648917397395,18.036700211652,0,-1.74036750933905,-0.0416743327889804,0.898082780363602,MV-202-15,sine_steer_python_15kmh,COMPLETED
436,2026年09月25日_14时38分14秒_第001次,2026-09-25T14:38:14+08:00,2026-09-25T06:38:14Z,4.35,15.0840837834548,0.05732821872669,-5.25133652106733,17.0291514552293,1.42190394985582,18.0783755152674,0,-1.75261336008773,-0.0419711292908948,0.904255460410737,MV-202-15,sine_steer_python_15kmh,COMPLETED
437,2026年09月25日_14时38分14秒_第001次,2026-09-25T14:38:14+08:00,2026-09-25T06:38:14Z,4.36,15.0840226783712,0.0573666851783159,-5.29285213071889,17.0707053496176,1.42727982022069,18.120055825695,0,-1.76458245286991,-0.0422612759373751,0.910286329807968,MV-202-15,sine_steer_python_15kmh,COMPLETED
438,2026年09月25日_14时38分14秒_第001次,2026-09-25T14:38:14+08:00,2026-09-25T06:38:14Z,4.37,15.0839618017255,0.0573970276028935,-5.3335329995253,17.1122641268669,1.43261649026094,18.1617411033646,0,-1.77627289762709,-0.0425447266781582,0.916174440870951,MV-202-15,sine_steer_python_15kmh,COMPLETED
439,2026年09月25日_14时38分14秒_第001次,2026-09-25T14:38:14+08:00,2026-09-25T06:38:14Z,4.38,15.0839012055284,0.0574192211410809,-5.3733728309502,17.1538277869423,1.43791367128016,18.2034313074833,0,-1.78768284830253,-0.0428214365766473,0.92191886605341,MV-202-15,sine_steer_python_15kmh,COMPLETED
440,2026年09月25日_14时38分14秒_第001次,2026-09-25T14:38:14+08:00,2026-09-25T06:38:14Z,4.39,15.0838409430732,0.0574332462026777,-5.41236543300115,17.195396328351,1.44317108074345,18.2451263960581,0,-1.79881050313274,-0.0430913618152622,0.927518698014612,MV-202-15,sine_steer_python_15kmh,COMPLETED
441,2026年09月25日_14时38分14秒_第001次,2026-09-25T14:38:14+08:00,2026-09-25T06:38:14Z,4.4,15.0837810689532,0.0574390867793022,-5.45050475866869,17.2369697481576,1.44838844232688,18.2868263259276,0,-1.80965410493204,-0.0433544596786642,0.932973050766935,MV-202-15,sine_steer_python_15kmh,COMPLETED
442,2026年09月25日_14时38分14秒_第001次,2026-09-25T14:38:14+08:00,2026-09-25T06:38:14Z,4.41,15.0837216374439,0.0574367281548779,-5.48778490707171,17.2785480419996,1.45356548596342,18.3285310527978,0,-1.82021194136999,-0.0436106885280042,0.938281061307653,MV-202-15,sine_steer_python_15kmh,COMPLETED
443,2026年09月25日_14时38分14秒_第001次,2026-09-25T14:38:14+08:00,2026-09-25T06:38:14Z,4.42,15.0836627019671,0.0574261547913592,-5.52420011273744,17.3201312041006,1.45870194788604,18.3702405312789,0,-1.83048234524184,-0.0438600077772407,0.943441891080021,MV-202-15,sine_steer_python_15kmh,COMPLETED
444,2026年09月25日_14时38分14秒_第001次,2026-09-25T14:38:14+08:00,2026-09-25T06:38:14Z,4.43,15.0836043149968,0.0574073492685163,-5.55974474739479,17.3617192272849,1.46379757066904,18.4119547149247,0,-1.84046369473174,-0.0441023778841061,0.948454726773391,MV-202-15,sine_steer_python_15kmh,COMPLETED
445,2026年09月25日_14时38分14秒_第001次,2026-09-25T14:38:14+08:00,2026-09-25T06:38:14Z,4.44,15.0835465280399,0.0573802928029168,-5.59441332709739,17.4033121029915,1.46885210326811,18.4536735562715,0,-1.85015441366892,-0.0443377603633554,0.953318780164151,MV-202-15,sine_steer_python_15kmh,COMPLETED
446,2026年09月25日_14时38分14秒_第001次,2026-09-25T14:38:14+08:00,2026-09-25T06:38:14Z,4.45,15.0834893917167,0.0573449672091945,-5.62820051126539,17.4449098212897,1.47386530106006,18.495397006875,0,-1.8595529717765,-0.0445661178205246,0.958033287070462,MV-202-15,sine_steer_python_15kmh,COMPLETED
447,2026年09月25日_14时38分14秒_第001次,2026-09-25T14:38:14+08:00,2026-09-25T06:38:14Z,4.46,15.0834329558943,0.057301357612518,-5.6611010950474,17.4865123708931,1.47883692588334,18.5371250173436,0,-1.86865788491322,-0.0447874139964881,0.962597505834767,MV-202-15,sine_steer_python_15kmh,COMPLETED
448,2026年09月25日_14时38分14秒_第001次,2026-09-25T14:38:14+08:00,2026-09-25T06:38:14Z,4.47,15.08337726982,0.0572494550146663,-5.69311000378831,17.5281197391751,1.48376674607958,18.5788575373669,0,-1.87746771530775,-0.0450016138100724,0.967010715877064,MV-202-15,sine_steer_python_15kmh,COMPLETED
449,2026年09月25日_14时38分14秒_第001次,2026-09-25T14:38:14+08:00,2026-09-25T06:38:14Z,4.48,15.0833223822662,0.0571892579124863,-5.72422229297204,17.569731912183,1.48865453653584,18.6205945157428,0,-1.88598107178573,-0.0452086833872519,0.971272216803655,MV-202-15,sine_steer_python_15kmh,COMPLETED
450,2026年09月25日_14时38分14秒_第001次,2026-09-25T14:38:14+08:00,2026-09-25T06:38:14Z,4.49,15.0832683416656,0.0571207724715642,-5.75443315138133,17.6113488746542,1.4935000787264,18.6623359004041,0,-1.89419660998949,-0.0454085900697085,0.975381328378239,MV-202-15,sine_steer_python_15kmh,COMPLETED
451,2026年09月25日_14时38分14秒_第001次,2026-09-25T14:38:14+08:00,2026-09-25T06:38:14Z,4.5,15.0832151954667,0.0570440111950811,-5.78373791267995,17.6529706100328,1.49830316075309,18.7040816384471,0,-1.90211303259031,-0.0456013024017242,0.979337391455747,MV-202-15,sine_steer_python_15kmh,COMPLETED
452,2026年09月25日_14时38分14秒_第001次,2026-09-25T14:38:14+08:00,2026-09-25T06:38:14Z,4.51,15.0831629913282,0.0569589905867218,-5.81213204310159,17.6945971004871,1.50306357738322,18.7458316761646,0,-1.90972908949329,-0.0457867901023598,0.983139769392887,MV-202-15,sine_steer_python_15kmh,COMPLETED
453,2026年09月25日_14时38分14秒_第001次,2026-09-25T14:38:14+08:00,2026-09-25T06:38:14Z,4.52,15.0831117768037,0.0568657283362785,-5.83961115119596,17.7362283269321,1.50778113008524,18.7875859590846,0,-1.91704357803475,-0.0459650240303579,0.986787849864877,MV-202-15,sine_steer_python_15kmh,COMPLETED
454,2026年09月25日_14时38分14秒_第001次,2026-09-25T14:38:14+08:00,2026-09-25T06:38:14Z,4.53,15.0830615984021,0.0567642410515833,-5.86617100354406,17.7778642690499,1.51245562706084,18.8293444320119,0,-1.92405534317217,-0.0461359761563471,0.990281046408605,MV-202-15,sine_steer_python_15kmh,COMPLETED
455,2026年09月25日_14时38分14秒_第001次,2026-09-25T14:38:14+08:00,2026-09-25T06:38:14Z,4.54,15.08301250143,0.0566545431897384,-5.89180752252119,17.8195049053105,1.51708688327453,18.8711070390691,0,-1.93076327766655,-0.0462996195517444,0.993618799190798,MV-202-15,sine_steer_python_15kmh,COMPLETED
456,2026年09月25日_14时38分14秒_第001次,2026-09-25T14:38:14+08:00,2026-09-25T06:38:14Z,4.55,15.082964530076,0.056536647278182,-5.9165167777829,17.8611502129925,1.52167472048185,18.9128737237369,0,-1.93716632225726,-0.0464559283957939,0.996800574979116,MV-202-15,sine_steer_python_15kmh,COMPLETED
457,2026年09月25日_14时38分14秒_第001次,2026-09-25T14:38:14+08:00,2026-09-25T06:38:14Z,4.56,15.0829177274082,0.0564105652021765,-5.9402949829591,17.9028001682042,1.52621896725732,18.9546444288924,0,-1.94326346582935,-0.0466048779976959,0.9998258664692,MV-202-15,sine_steer_python_15kmh,COMPLETED
458,2026年09月25日_14时38分14秒_第001次,2026-09-25T14:38:14+08:00,2026-09-25T06:38:14Z,4.57,15.0828721354231,0.056276310043972,-5.96313849537973,17.9444547459041,1.53071945902238,18.9964190968427,0,-1.94905374557315,-0.0467464448265972,1.00269419126339,MV-202-15,sine_steer_python_15kmh,COMPLETED
459,2026年09月25日_14时38分14秒_第001次,2026-09-25T14:38:14+08:00,2026-09-25T06:38:14Z,4.58,15.082827795216,0.0561338977589602,-5.9850438144859,17.9861139199218,1.53517603807356,19.0381976693571,0,-1.95453624713639,-0.0468806065392867,1.0054050909254,MV-202-15,sine_steer_python_15kmh,COMPLETED
460,2026年09月25日_14时38分14秒_第001次,2026-09-25T14:38:14+08:00,2026-09-25T06:38:14Z,4.59,15.0827847471558,0.0559833480382625,-6.00600758016457,18.0277776629791,1.53958855361052,19.0799800876968,0,-1.95971010476849,-0.0470073419962782,1.00795813051406,MV-202-15,sine_steer_python_15kmh,COMPLETED
461,2026年09月25日_14时38分14秒_第001次,2026-09-25T14:38:14+08:00,2026-09-25T06:38:14Z,4.6,15.0827430309588,0.0558246840273781,-6.02602657388017,18.069445946712,1.54395686176331,19.1217662926452,0,-1.96457450145738,-0.0471266312614599,1.01035289880807,MV-202-15,sine_steer_python_15kmh,COMPLETED
462,2026年09月25日_14时38分14秒_第001次,2026-09-25T14:38:14+08:00,2026-09-25T06:38:14Z,4.61,15.0827026856563,0.0556579309865242,-6.04509772252448,18.1111187416938,1.54828082561797,19.1635562245409,0,-1.96912866905841,-0.0472384555863997,1.01258900917618,MV-202-15,sine_steer_python_15kmh,COMPLETED
463,2026年09月25日_14时38分14秒_第001次,2026-09-25T14:38:14+08:00,2026-09-25T06:38:14Z,4.62,15.0826637494893,0.0554831143301699,-6.06321810278337,18.1527960174593,1.55256031523972,19.2053498233129,0,-1.97337188841574,-0.0473427973854348,1.01466610083109,MV-202-15,sine_steer_python_15kmh,COMPLETED
464,2026年09月25日_14时38分14秒_第001次,2026-09-25T14:38:14+08:00,2026-09-25T06:38:14Z,4.63,15.0826262597526,0.0553002576743928,-6.08038494430592,18.1944777425295,1.55679520769357,19.2471470285188,0,-1.97730348947583,-0.0474396402104584,1.01658384008803,MV-202-15,sine_steer_python_15kmh,COMPLETED
465,2026年09月25日_14时38分14秒_第001次,2026-09-25T14:38:14+08:00,2026-09-25T06:38:14Z,4.64,15.0825902526233,0.0551093815077192,-6.09659563114425,18.236163884437,1.56098538706255,19.2889477793857,0,-1.9809228513933,-0.0475289687342062,1.01834192125308,MV-202-15,sine_steer_python_15kmh,COMPLETED
466,2026年09月25日_14时38分14秒_第001次,2026-09-25T14:38:14+08:00,2026-09-25T06:38:14Z,4.65,15.0825557630207,0.0549105028912559,-6.11184770144961,18.2778544097512,1.56513074446418,19.3307520148502,0,-1.98422940262896,-0.0476107687479168,1.01994006688877,MV-202-15,sine_steer_python_15kmh,COMPLETED
467,2026年09月25日_14时38分14秒_第001次,2026-09-25T14:38:14+08:00,2026-09-25T06:38:14Z,4.66,15.0825228245426,0.054703636256708,-6.12613884564753,18.3195492841046,1.56923117806593,19.3725596735976,0,-1.98722262104002,-0.0476850271744673,1.02137802740683,MV-202-15,sine_steer_python_15kmh,COMPLETED
468,2026年09月25日_14时38分14秒_第001次,2026-09-25T14:38:14+08:00,2026-09-25T06:38:14Z,4.67,15.0824914694916,0.0544887950217082,-6.13946690374069,18.3612484722169,1.5732865931005,19.4143706940986,0,-1.9899020339626,-0.0477517320931036,1.02265558015127,MV-202-15,sine_steer_python_15kmh,COMPLETED
469,2026年09月25日_14时38分14秒_第001次,2026-09-25T14:38:14+08:00,2026-09-25T06:38:14Z,4.68,15.0824617289674,0.0542659934986537,-6.15182986277174,18.4029519379205,1.57729690188126,19.4561850146424,0,-1.99226721828634,-0.0478108727683731,1.02377252828625,MV-202-15,sine_steer_python_15kmh,COMPLETED
470,2026年09月25日_14时38分14秒_第001次,2026-09-25T14:38:14+08:00,2026-09-25T06:38:14Z,4.69,15.082433632986,0.0540352485108613,-6.16322585541909,18.4446596441852,1.58126202381792,19.4980025733684,0,-1.99431780052123,-0.0478624396749129,1.02472869984502,MV-202-15,sine_steer_python_15kmh,COMPLETED
471,2026年09月25日_14时38分14秒_第001次,2026-09-25T14:38:14+08:00,2026-09-25T06:38:14Z,4.7,15.0824072111992,0.0537968133227299,-6.17365253514246,18.4863715531262,1.58518188562713,19.5398233082624,0,-1.99605345685654,-0.0479064278433687,1.02552380617002,MV-202-15,sine_steer_python_15kmh,COMPLETED
472,2026年09月25日_14时38分14秒_第001次,2026-09-25T14:38:14+08:00,2026-09-25T06:38:14Z,4.71,15.0823824877927,0.0535507432574068,-6.18311042014716,18.5280876260766,1.58905642079839,19.5816471572773,0,-1.99747391321203,-0.0479428306796774,1.02615770395673,MV-202-15,sine_steer_python_15kmh,COMPLETED
473,2026年09月25日_14时38分14秒_第001次,2026-09-25T14:38:14+08:00,2026-09-25T06:38:14Z,4.72,15.0823594962915,0.0532968932924348,-6.19159482711251,18.5698078235152,1.59288557072398,19.6234740582344,0,-1.99857894528118,-0.0479716399083311,1.02663039658386,MV-202-15,sine_steer_python_15kmh,COMPLETED
474,2026年09月25日_14时38分14秒_第001次,2026-09-25T14:38:14+08:00,2026-09-25T06:38:14Z,4.73,15.0823382575646,0.0530352943583269,-6.19910754065589,18.6115321052601,1.59666928297649,19.6653039490204,0,-1.9993683785666,-0.0479928509290482,1.02694180917269,MV-202-15,sine_steer_python_15kmh,COMPLETED
475,2026年09月25日_14时38分14秒_第001次,2026-09-25T14:38:14+08:00,2026-09-25T06:38:14Z,4.74,15.0823187993354,0.0527658342203425,-6.20564514531748,18.6532604303234,1.60040751302476,19.7071367674763,0,-1.99984208840763,-0.0480064582761499,1.02709197928787,MV-202-15,sine_steer_python_15kmh,COMPLETED
476,2026年09月25日_14时38分14秒_第001次,2026-09-25T14:38:14+08:00,2026-09-25T06:38:14Z,4.75,15.0823011438068,0.0524886972003314,-6.21120804285734,18.6949927570709,1.60410022296496,19.748972451525,0,-2,-0.048012461888304,1.02708079258995,MV-202-15,sine_steer_python_15kmh,COMPLETED
477,2026年09月25日_14时38分14秒_第001次,2026-09-25T14:38:14+08:00,2026-09-25T06:38:14Z,4.76,15.0822853131741,0.0522040378503639,-6.21579559852623,18.7367290431534,1.6077473824717,19.7908109391588,0,-1.99984208840763,-0.0480108624787318,1.02690817836413,MV-202-15,sine_steer_python_15kmh,COMPLETED
478,2026年09月25日_14时38分14秒_第001次,2026-09-25T14:38:14+08:00,2026-09-25T06:38:14Z,4.77,15.0822713270189,0.0519118434571597,-6.21940582190371,18.7784692455948,1.61134896815775,19.8326521684911,0,-1.9993683785666,-0.0480016595661687,1.02657419306013,MV-202-15,sine_steer_python_15kmh,COMPLETED
479,2026年09月25日_14时38分14秒_第001次,2026-09-25T14:38:14+08:00,2026-09-25T06:38:14Z,4.78,15.0822592059658,0.0516119829026374,-6.22203970596008,18.8202133207815,1.61490496405052,19.8744960778037,0,-1.99857894528118,-0.0479848521535122,1.02607899128604,MV-202-15,sine_steer_python_15kmh,COMPLETED
480,2026年09月25日_14时38分14秒_第001次,2026-09-25T14:38:14+08:00,2026-09-25T06:38:14Z,4.79,15.0822489683155,0.0513043015950452,-6.22369593504508,18.8619612245325,1.61841536108883,19.9163426055741,0,-1.99747391321203,-0.0479604400706738,1.02542276922313,MV-202-15,sine_steer_python_15kmh,COMPLETED
481,2026年09月25日_14时38分14秒_第001次,2026-09-25T14:38:14+08:00,2026-09-25T06:38:14Z,4.8,15.0822406309808,0.0509885947993677,-6.2243745814017,18.9037129121159,1.62188015724615,19.9581916905095,0,-1.99605345685654,-0.0479284235900759,1.02460578079763,MV-202-15,sine_steer_python_15kmh,COMPLETED
482,2026年09月25日_14时38分14秒_第001次,2026-09-25T14:38:14+08:00,2026-09-25T06:38:14Z,4.81,15.0822342093914,0.0506646215112838,-6.22407570270522,18.9454683382746,1.62529935751758,20.0000432715745,0,-1.99431780052123,-0.0478888036184169,1.0236283295322,MV-202-15,sine_steer_python_15kmh,COMPLETED
483,2026年09月25日_14时38分14秒_第001次,2026-09-25T14:38:14+08:00,2026-09-25T06:38:14Z,4.82,15.0822297197934,0.0503324909023527,-6.22279848606238,18.9872274572338,1.62867297419389,20.0418972879731,0,-1.99226721828634,-0.0478415872161076,1.02249053473371,MV-202-15,sine_steer_python_15kmh,COMPLETED
484,2026年09月25日_14时38分14秒_第001次,2026-09-25T14:38:14+08:00,2026-09-25T06:38:14Z,4.83,15.0822271709287,0.0499923519108581,-6.22054565527687,19.0289902227703,1.63200102627793,20.083753679257,0,-1.9899020339626,-0.0477867832000611,1.02119251815824,MV-202-15,sine_steer_python_15kmh,COMPLETED
485,2026年09月25日_14时38分14秒_第001次,2026-09-25T14:38:14+08:00,2026-09-25T06:38:14Z,4.84,15.0822265812886,0.0496442751102923,-6.21731435119628,19.0707565881329,1.63528354086836,20.1256123852275,0,-1.98722262104002,-0.0477244004583936,1.01973447392911,MV-202-15,sine_steer_python_15kmh,COMPLETED
486,2026年09月25日_14时38分14秒_第001次,2026-09-25T14:38:14+08:00,2026-09-25T06:38:14Z,4.85,15.0822279565741,0.0492886577550832,-6.21310781238598,19.1125265062069,1.63852055153451,20.1674733460933,0,-1.98422940262896,-0.0476544537302411,1.01811642557766,MV-202-15,sine_steer_python_15kmh,COMPLETED
487,2026年09月25日_14时38分14秒_第001次,2026-09-25T14:38:14+08:00,2026-09-25T06:38:14Z,4.86,15.0822313070936,0.0489256113685171,-6.20792547182185,19.1542999294129,1.64171209974134,20.2093365024168,0,-1.9809228513933,-0.0475769548878321,1.01633859354716,MV-202-15,sine_steer_python_15kmh,COMPLETED
488,2026年09月25日_14时38分14秒_第001次,2026-09-25T14:38:14+08:00,2026-09-25T06:38:14Z,4.87,15.0822366422864,0.0485552295845792,-6.20176824000105,19.1960768098214,1.64485823397461,20.2512017951927,0,-1.97730348947583,-0.0474919167299891,1.01440123495924,MV-202-15,sine_steer_python_15kmh,COMPLETED
489,2026年09月25日_14时38分14秒_第001次,2026-09-25T14:38:14+08:00,2026-09-25T06:38:14Z,4.88,15.0822439676552,0.0481776068081603,-6.19463728223664,19.2378570991578,1.64795900994172,20.2930691658724,0,-1.97337188841574,-0.0473993532448308,1.01230463260401,MV-202-15,sine_steer_python_15kmh,COMPLETED
490,2026年09月25日_14时38分14秒_第001次,2026-09-25T14:38:14+08:00,2026-09-25T06:38:14Z,4.89,15.0822532877899,0.047792835955069,-6.18653376963304,19.2796407488289,1.65101449055141,20.3349385563864,0,-1.96912866905841,-0.0472992795754214,1.01004909602333,MV-202-15,sine_steer_python_15kmh,COMPLETED
491,2026年09月25日_14时38分14秒_第001次,2026-09-25T14:38:14+08:00,2026-09-25T06:38:14Z,4.9,15.0822646065053,0.0474010081795985,-6.17745900243713,19.3214277099523,1.65402474589815,20.3768099091699,0,-1.96457450145738,-0.0471917120133841,1.00763496162003,MV-202-15,sine_steer_python_15kmh,COMPLETED
492,2026年09月25日_14时38分14秒_第001次,2026-09-25T14:38:14+08:00,2026-09-25T06:38:14Z,4.91,15.0822779260279,0.0470022129471421,-6.16741443745121,19.3632179333847,1.65698985325165,20.4186831671854,0,-1.95971010476849,-0.0470766679972305,1.00506259262749,MV-202-15,sine_steer_python_15kmh,COMPLETED
493,2026年09月25日_14时38分14秒_第001次,2026-09-25T14:38:14+08:00,2026-09-25T06:38:14Z,4.92,15.0822932471429,0.0465965373561914,-6.15640168476462,19.4050113697476,1.65990989704413,20.4605582739435,0,-1.95453624713639,-0.0469541660997849,1.00233237945527,MV-202-15,sine_steer_python_15kmh,COMPLETED
494,2026年09月25日_14时38分14秒_第001次,2026-09-25T14:38:14+08:00,2026-09-25T06:38:14Z,4.93,15.0823105695346,0.0461840646006764,-6.14442249789836,19.4468079694552,1.66278496885556,20.5024351735246,0,-1.94905374557315,-0.0468242260030567,0.999444740539411,MV-202-15,sine_steer_python_15kmh,COMPLETED
495,2026年09月25日_14时38分14秒_第001次,2026-09-25T14:38:14+08:00,2026-09-25T06:38:14Z,4.94,15.0823298917448,0.0457648719321416,-6.13147877232352,19.4886076827421,1.66561516739623,20.5443138106028,0,-1.94326346582935,-0.0466868684655976,0.996400123527753,MV-202-15,sine_steer_python_15kmh,COMPLETED
496,2026年09月25日_14时38分14秒_第001次,2026-09-25T14:38:14+08:00,2026-09-25T06:38:14Z,4.95,15.0823512109833,0.0453390286910957,-6.11757254993975,19.5304104596917,1.66840059848627,20.5861941304705,0,-1.93716632225726,-0.0465421152904261,0.993199006440212,MV-202-15,sine_steer_python_15kmh,COMPLETED
497,2026年09月25日_14时38分14秒_第001次,2026-09-25T14:38:14+08:00,2026-09-25T06:38:14Z,4.96,15.0823745230459,0.0449065949085024,-6.10270602096108,19.5722162502633,1.6711413750323,20.6280760790629,0,-1.93076327766655,-0.0463899893006878,0.98984189848144,MV-202-15,sine_steer_python_15kmh,COMPLETED
498,2026年09月25日_14时38分14秒_第001次,2026-09-25T14:38:14+08:00,2026-09-25T06:38:14Z,4.97,15.0823998223103,0.0444676208026339,-6.08688152176635,19.61402500432,1.67383761700187,20.6699596029841,0,-1.92405534317217,-0.0462305143277699,0.986329340308441,MV-202-15,sine_steer_python_15kmh,COMPLETED
499,2026年09月25日_14时38分14秒_第001次,2026-09-25T14:38:14+08:00,2026-09-25T06:38:14Z,4.98,15.0824271017306,0.0440221473151039,-6.07010153223914,19.6558366716558,1.67648945139674,20.7118446495313,0,-1.91704357803475,-0.0460637152140326,0.982661903667799,MV-202-15,sine_steer_python_15kmh,COMPLETED
500,2026年09月25日_14时38分14秒_第001次,2026-09-25T14:38:14+08:00,2026-09-25T06:38:14Z,4.99,15.0824563528409,0.0435702076340992,-6.05236867442019,19.697651202022,1.67909701222565,20.7537311667179,0,-1.90972908949329,-0.045889617829536,0.978840190427969,MV-202-15,sine_steer_python_15kmh,COMPLETED
501,2026年09月25日_14时38分14秒_第001次,2026-09-25T14:38:14+08:00,2026-09-25T06:38:14Z,5,15.0824875658027,0.0431118294569881,-6.033685711788,19.7394685451534,1.68166044047761,20.7956191032939,0,-1.90211303259031,-0.0457082490993384,0.974864831149102,MV-202-15,sine_steer_python_15kmh,COMPLETED
502,2026年09月25日_14时38分14秒_第001次,2026-09-25T14:38:14+08:00,2026-09-25T06:38:14Z,5.01,15.0825207294843,0.0426470376154675,-6.01405554861087,19.7812886507937,1.68417988409596,20.8375084087655,0,-1.89419660998949,-0.0455196370360668,0.970736483415649,MV-202-15,sine_steer_python_15kmh,COMPLETED
503,2026年09月25日_14时38分14秒_第001次,2026-09-25T14:38:14+08:00,2026-09-25T06:38:14Z,5.02,15.0825558315335,0.042175856672358,-5.99348122980147,19.8231114687207,1.6866554979537,20.8793990334114,0,-1.88598107178573,-0.0453238107722137,0.966455830169433,MV-202-15,sine_steer_python_15kmh,COMPLETED
504,2026年09月25日_14时38分14秒_第001次,2026-09-25T14:38:14+08:00,2026-09-25T06:38:14Z,5.03,15.0825928584176,0.0416983131869082,-5.97196594166903,19.8649369487715,1.68908744382971,20.9212909283,0,-1.87746771530775,-0.0451208005878253,0.962023578228492,MV-202-15,sine_steer_python_15kmh,COMPLETED
505,2026年09月25日_14时38分14秒_第001次,2026-09-25T14:38:14+08:00,2026-09-25T06:38:14Z,5.04,15.0826317954292,0.0412144374855071,-5.94951301328452,19.9067650408665,1.6914758903857,20.9631840453049,0,-1.86865788491322,-0.0449106379312106,0.957440457092232,MV-202-15,sine_steer_python_15kmh,COMPLETED
506,2026年09月25日_14时38分14秒_第001次,2026-09-25T14:38:14+08:00,2026-09-25T06:38:14Z,5.05,15.0826726266628,0.0407242649159298,-5.9261259178751,19.9485956950343,1.6938210131433,21.0050783371205,0,-1.8595529717765,-0.0446933554323002,0.952707218048117,MV-202-15,sine_steer_python_15kmh,COMPLETED
507,2026年09月25日_14时38分14秒_第001次,2026-09-25T14:38:14+08:00,2026-09-25T06:38:14Z,5.06,15.0827153349708,0.0402278366682085,-5.90180827384251,19.9904288614357,1.69612299446102,21.0469737572784,0,-1.85015441366892,-0.0444689869097841,0.947824633531487,MV-202-15,sine_steer_python_15kmh,COMPLETED
508,2026年09月25日_14时38分14秒_第001次,2026-09-25T14:38:14+08:00,2026-09-25T06:38:14Z,5.07,15.0827599019175,0.0397252002916057,-5.87656384525493,20.0322644903874,1.69838202351044,21.0888702601623,0,-1.84046369473174,-0.0442375673738276,0.942793496661148,MV-202-15,sine_steer_python_15kmh,COMPLETED
509,2026年09月25日_14时38分14秒_第001次,2026-09-25T14:38:14+08:00,2026-09-25T06:38:14Z,5.08,15.0828063077473,0.0392164100229437,-5.85039654178814,20.0741025323852,1.70059829625164,21.1307678010231,0,-1.83048234524184,-0.0439991330259782,0.937614620881198,MV-202-15,sine_steer_python_15kmh,COMPLETED
510,2026年09月25日_14时38分14秒_第001次,2026-09-25T14:38:14+08:00,2026-09-25T06:38:14Z,5.09,15.0828545313828,0.0387015269852343,-5.82331041819361,20.115942938127,1.70277201540738,21.1726663359923,0,-1.82021194136999,-0.0437537212570854,0.932288839673422,MV-202-15,sine_steer_python_15kmh,COMPLETED
511,2026年09月25日_14时38分14秒_第001次,2026-09-25T14:38:14+08:00,2026-09-25T06:38:14Z,5.1,15.082904550455,0.038180619249504,-5.79530967347967,20.1577856585346,1.7049033904362,21.2145658220942,0,-1.80965410493204,-0.043501370643117,0.92681700634517,MV-202-15,sine_steer_python_15kmh,COMPLETED
512,2026年09月25日_14时38分14秒_第001次,2026-09-25T14:38:14+08:00,2026-09-25T06:38:14Z,5.11,15.0829563413562,0.0376537617084063,-5.7663986500504,20.1996306447759,1.70699263750399,21.2564662172568,0,-1.79881050313274,-0.0432421209381214,0.921199993925161,MV-202-15,sine_steer_python_15kmh,COMPLETED
513,2026年09月25日_14时38分14秒_第001次,2026-09-25T14:38:14+08:00,2026-09-25T06:38:14Z,5.12,15.0830098793031,0.037121035706868,-5.73658183298638,20.2414778482859,1.70903997945418,21.2983674803207,0,-1.78768284830253,-0.0429760130635325,0.91543869520243,MV-202-15,sine_steer_python_15kmh,COMPLETED
514,2026年09月25日_14时38分14秒_第001次,2026-09-25T14:38:14+08:00,2026-09-25T06:38:14Z,5.13,15.0830651383904,0.0365825284132965,-5.70586384952599,20.2833272207878,1.71104564577629,21.3402695710485,0,-1.77627289762709,-0.0427030890935534,0.909534022920782,MV-202-15,sine_steer_python_15kmh,COMPLETED
515,2026年09月25日_14时38分14秒_第001次,2026-09-25T14:38:14+08:00,2026-09-25T06:38:14Z,5.14,15.0831220916254,0.0360383319786429,-5.67424946867129,20.3251787143141,1.71300987257275,21.3821724501331,0,-1.76458245286991,-0.042423392237266,0.903486910102344,MV-202-15,sine_steer_python_15kmh,COMPLETED
516,2026年09月25日_14时38分14秒_第001次,2026-09-25T14:38:14+08:00,2026-09-25T06:38:14Z,5.15,15.0831807109358,0.0354885425936477,-5.64174360076571,20.3670322812266,1.71493290252403,21.424076079206,0,-1.75261336008773,-0.0421369668190191,0.89729831043485,MV-202-15,sine_steer_python_15kmh,COMPLETED
517,2026年09月25日_14时38分14秒_第001次,2026-09-25T14:38:14+08:00,2026-09-25T06:38:14Z,5.16,15.0832409671553,0.0349332595904778,-5.60835129687428,20.4088878742369,1.71681498485209,21.4659804208459,0,-1.74036750933905,-0.0418438582591745,0.890969198634417,MV-202-15,sine_steer_python_15kmh,COMPLETED
518,2026年09月25日_14时38分14秒_第001次,2026-09-25T14:38:14+08:00,2026-09-25T06:38:14Z,5.17,15.0833028299988,0.0343725847269392,-5.5740777478468,20.4507454464265,1.71865637528238,21.5078854385872,0,-1.72784683438567,-0.0415441130571927,0.884500570699176,MV-202-15,sine_steer_python_15kmh,COMPLETED
519,2026年09月25日_14时38分14秒_第001次,2026-09-25T14:38:14+08:00,2026-09-25T06:38:14Z,5.18,15.0833662680417,0.0338066217384185,-5.5389282830381,20.4926049512657,1.7204573360045,21.5497910969275,0,-1.71505331238731,-0.0412377787782989,0.877893444000343,MV-202-15,sine_steer_python_15kmh,COMPLETED
520,2026年09月25日_14时38分14秒_第001次,2026-09-25T14:38:14+08:00,2026-09-25T06:38:14Z,5.19,15.0834312487163,0.0332354761600504,-5.50290836876519,20.5344663426323,1.72221813563181,21.591697361334,0,-1.70198896358938,-0.0409249040437965,0.871148857207028,MV-202-15,sine_steer_python_15kmh,COMPLETED
521,2026年09月25日_14时38分14秒_第001次,2026-09-25T14:38:14+08:00,2026-09-25T06:38:14Z,5.2,15.0834977383332,0.032659255335172,-5.46602360665922,20.5763295748303,1.72393904916023,21.633604198249,0,-1.68865585100403,-0.0406055385238625,0.864267870093859,MV-202-15,sine_steer_python_15kmh,COMPLETED
522,2026年09月25日_14时38分14秒_第001次,2026-09-25T14:38:14+08:00,2026-09-25T06:38:14Z,5.21,15.0835657021267,0.0320780684641284,-5.42827973209264,20.6181946026066,1.72562035792603,21.6755115750925,0,-1.67505608008428,-0.0402797329307611,0.857251563318916,MV-202-15,sine_steer_python_15kmh,COMPLETED
523,2026年09月25日_14时38分14秒_第001次,2026-09-25T14:38:14+08:00,2026-09-25T06:38:14Z,5.22,15.0836351043156,0.0314920265305453,-5.38968261282289,20.6600613811681,1.72726234956277,21.7174194602645,0,-1.66119179839163,-0.0399475390101525,0.850101038270999,MV-202-15,sine_steer_python_15kmh,COMPLETED
524,2026年09月25日_14时38分14秒_第001次,2026-09-25T14:38:14+08:00,2026-09-25T06:38:14Z,5.23,15.0837059081674,0.0309012419764604,-5.35023824791219,20.7019298661981,1.72886531795708,21.7593278231451,0,-1.64706519525685,-0.0396090095286464,0.842817417065546,MV-202-15,sine_steer_python_15kmh,COMPLETED
525,2026年09月25日_14时38分14秒_第001次,2026-09-25T14:38:14+08:00,2026-09-25T06:38:14Z,5.24,15.0837780760522,0.0303058280736107,-5.30995276688562,20.7438000138719,1.73042956320302,21.801236634094,0,-1.63267850143437,-0.0392641982568168,0.835401842723255,MV-202-15,sine_steer_python_15kmh,COMPLETED
526,2026年09月25日_14时38分14秒_第001次,2026-09-25T14:38:14+08:00,2026-09-25T06:38:14Z,5.25,15.0838515694771,0.029705898032877,-5.26883242900964,20.7856717808725,1.7319553915548,21.8431458644499,0,-1.6180339887499,-0.0389131599482452,0.827855479508059,MV-202-15,sine_steer_python_15kmh,COMPLETED
527,2026年09月25日_14时38分14秒_第001次,2026-09-25T14:38:14+08:00,2026-09-25T06:38:14Z,5.26,15.0839263490992,0.0291015639792045,-5.22688362254354,20.8275451244054,1.73344311537766,21.8850554865297,0,-1.60313396974175,-0.0385559503163821,0.820179513348895,MV-202-15,sine_steer_python_15kmh,COMPLETED
528,2026年09月25日_14时38分14秒_第001次,2026-09-25T14:38:14+08:00,2026-09-25T06:38:14Z,5.27,15.0840023747218,0.0284929359703587,-5.18411286383179,20.8694200022134,1.73489305309694,21.9269654736281,0,-1.58798079729567,-0.0381926260117616,0.812375152237633,MV-202-15,sine_steer_python_15kmh,COMPLETED
529,2026年09月25日_14时38分14秒_第001次,2026-09-25T14:38:14+08:00,2026-09-25T06:38:14Z,5.28,15.0840796052842,0.0278801212407079,-5.14052679617356,20.9112963725907,1.73630552914546,21.9688758000158,0,-1.57257686427324,-0.0378232446021676,0.804443626492707,MV-202-15,sine_steer_python_15kmh,COMPLETED
530,2026年09月25日_14时38分14秒_第001次,2026-09-25T14:38:14+08:00,2026-09-25T06:38:14Z,5.29,15.0841579988573,0.027263223806426,-5.09613218848557,20.9531741943959,1.73768087390943,22.0107864409392,0,-1.55692460313405,-0.0374478645577269,0.796386188804087,MV-202-15,sine_steer_python_15kmh,COMPLETED
531,2026年09月25日_14时38分14秒_第001次,2026-09-25T14:38:14+08:00,2026-09-25T06:38:14Z,5.3,15.0842375126538,0.0266423444904658,-5.05093593385018,20.9950534270657,1.73901942367333,22.0526973726171,0,-1.54102648555158,-0.0370665452418103,0.78820411402194,MV-202-15,sine_steer_python_15kmh,COMPLETED
532,2026年09月25日_14时38分14秒_第001次,2026-09-25T14:38:14+08:00,2026-09-25T06:38:14Z,5.31,15.08431810306,0.0260175813374823,-5.00494504808275,21.0369340306262,1.74032152056402,22.0946085722376,0,-1.5248850220229,-0.0366793469073635,0.779898698704753,MV-202-15,sine_steer_python_15kmh,COMPLETED
533,2026年09月25日_14时38分14秒_第001次,2026-09-25T14:38:14+08:00,2026-09-25T06:38:14Z,5.32,15.0843997256842,0.0253890303147863,-4.95816666844809,21.0788159657046,1.74158751249441,22.1365200179528,0,-1.50850276147221,-0.0362863306972328,0.771471260488118,MV-202-15,sine_steer_python_15kmh,COMPLETED
534,2026年09月25日_14时38分14秒_第001次,2026-09-25T14:38:14+08:00,2026-09-25T06:38:14Z,5.33,15.0844823354167,0.0247567861537888,-4.91060805260816,21.1206991935396,1.74281775310703,22.1784316888724,0,-1.49188229084836,-0.0358875586464372,0.762923137361299,MV-202-15,sine_steer_python_15kmh,COMPLETED
535,2026年09月25日_14时38分14秒_第001次,2026-09-25T14:38:14+08:00,2026-09-25T06:38:14Z,5.34,15.08456588649,0.0241209431846118,-4.86227657781938,21.162583675992,1.74401260171726,22.2203435650559,0,-1.47502623471635,-0.0354830936843011,0.754255686940744,MV-202-15,sine_steer_python_15kmh,COMPLETED
536,2026年09月25日_14时38分14秒_第001次,2026-09-25T14:38:14+08:00,2026-09-25T06:38:14Z,5.35,15.0846503325291,0.0234815960498529,-4.81317974032712,21.2044693755537,1.74517242325646,22.2622556275043,0,-1.45793725484282,-0.0350729996348178,0.745470285810134,MV-202-15,sine_steer_python_15kmh,COMPLETED
537,2026年09月25日_14时38分14秒_第001次,2026-09-25T14:38:14+08:00,2026-09-25T06:38:14Z,5.36,15.0847356265867,0.0228388402378926,-4.76332515485793,21.2463562553567,1.74629758821474,22.304167858151,0,-1.44061804977581,-0.0346573412143784,0.736568328964016,MV-202-15,sine_steer_python_15kmh,COMPLETED
538,2026年09月25日_14时38分14秒_第001次,2026-09-25T14:38:14+08:00,2026-09-25T06:38:14Z,5.37,15.0848217211613,0.0221927724331018,-4.71272055409935,21.2882442791814,1.74738847258322,22.3460802398527,0,-1.42307135441857,-0.0342361840268087,0.7275512293575,MV-202-15,sine_steer_python_15kmh,COMPLETED
539,2026年09月25日_14时38分14秒_第001次,2026-09-25T14:38:14+08:00,2026-09-25T06:38:14Z,5.38,15.084908568204,0.0215434907235589,-4.66137378807855,21.3301334114649,1.74844545779565,22.3879927563791,0,-1.4052999395977,-0.0338095945562751,0.718420417538109,MV-202-15,sine_steer_python_15kmh,COMPLETED
540,2026年09月25日_14时38分14秒_第001次,2026-09-25T14:38:14+08:00,2026-09-25T06:38:14Z,5.39,15.0849961191217,0.0208910947262603,-4.60929282339781,21.3720236173076,1.74946893066928,22.429905392404,0,-1.38730661162561,-0.0333776401589019,0.709177341323728,MV-202-15,sine_steer_python_15kmh,COMPLETED
541,2026年09月25日_14时38分14秒_第001次,2026-09-25T14:38:14+08:00,2026-09-25T06:38:14Z,5.4,15.0850843247857,0.0202356856847514,-4.55648574233233,21.41391486248,1.75045928334488,22.4718181334936,0,-1.36909421185738,-0.0329403890538755,0.69982346549341,MV-202-15,sine_steer_python_15kmh,COMPLETED
542,2026年09月25日_14时38分14秒_第001次,2026-09-25T14:38:14+08:00,2026-09-25T06:38:14Z,5.41,15.0851731355531,0.0195773665711835,-4.50296074183621,21.4558071134286,1.75141691322593,22.5137309660957,0,-1.35066561624205,-0.0324979103144943,0.6903602714715,MV-202-15,sine_steer_python_15kmh,COMPLETED
543,2026年09月25日_14时38分14秒_第001次,2026-09-25T14:38:14+08:00,2026-09-25T06:38:14Z,5.42,15.0852625011164,0.0189162421985203,-4.44872613441817,21.4977003372806,1.752342222917,22.5556438775268,0,-1.3320237348685,-0.032050273859245,0.680789257011129,MV-202-15,sine_steer_python_15kmh,COMPLETED
544,2026年09月25日_14时38分14秒_第001次,2026-09-25T14:38:14+08:00,2026-09-25T06:38:14Z,5.43,15.0853523707029,0.0182524193325338,-4.39379034460698,21.539594501848,1.75323562016118,22.5975568559579,0,-1.31317151150591,-0.031597550442763,0.67111193585614,MV-202-15,sine_steer_python_15kmh,COMPLETED
545,2026年09月25日_14时38分14秒_第001次,2026-09-25T14:38:14+08:00,2026-09-25T06:38:14Z,5.44,15.0854426935552,0.0175860067373749,-4.33816190360146,21.5814895756322,1.75409751777698,22.6394698904009,0,-1.29411192313889,-0.03113981164573,0.66132983742666,MV-202-15,sine_steer_python_15kmh,COMPLETED
546,2026年09月25日_14时38分14秒_第001次,2026-09-25T14:38:14+08:00,2026-09-25T06:38:14Z,5.45,15.0855334185482,0.0169171151369147,-4.28184945560482,21.6233855278275,1.75492833359424,22.6813829706937,0,-1.27484797949738,-0.0306771298634498,0.65144450659732,MV-202-15,sine_steer_python_15kmh,COMPLETED
547,2026年09月25日_14时38分14秒_第001次,2026-09-25T14:38:14+08:00,2026-09-25T06:38:14Z,5.46,15.0856244941653,0.0162458571657241,-4.22486175728902,21.6652823283235,1.75572849038914,22.7232960874839,0,-1.2553827225814,-0.0302095782941477,0.641457503460215,MV-202-15,sine_steer_python_15kmh,COMPLETED
548,2026年09月25日_14时38分14秒_第001次,2026-09-25T14:38:14+08:00,2026-09-25T06:38:14Z,5.47,15.0857158682044,0.0155723472087164,-4.16720766895388,21.7071799477062,1.75649841581839,22.7652092322122,0,-1.23571922618067,-0.0297372309255538,0.631370403165587,MV-202-15,sine_steer_python_15kmh,COMPLETED
549,2026年09月25日_14时38分14秒_第001次,2026-09-25T14:38:14+08:00,2026-09-25T06:38:14Z,5.48,15.0858074885329,0.014896701293117,-4.10889616217944,21.7490783572595,1.75723854235273,22.8071223970954,0,-1.21586059538921,-0.0292601625220956,0.621184795678539,MV-202-15,sine_steer_python_15kmh,COMPLETED
550,2026年09月25日_14时38分14秒_第001次,2026-09-25T14:38:14+08:00,2026-09-25T06:38:14Z,5.49,15.0858993031862,0.0142190370136271,-4.04993631800645,21.7909775289672,1.75794930720942,22.8490355751108,0,-1.19580996611504,-0.0287784486124359,0.61090228554741,MV-202-15,sine_steer_python_15kmh,COMPLETED
551,2026年09月25日_14时38分14秒_第001次,2026-09-25T14:38:14+08:00,2026-09-25T06:38:14Z,5.5,15.0859912599555,0.0135394734160463,-3.99033731871806,21.8328774355138,1.75863115228416,22.89094875998,0,-1.17557050458495,-0.0282921654762932,0.60052449171887,MV-202-15,sine_steer_python_15kmh,COMPLETED
552,2026年09月25日_14时38分14秒_第001次,2026-09-25T14:38:14+08:00,2026-09-25T06:38:14Z,5.51,15.0860833062824,0.0128581308982776,-3.93010844732805,21.8747780502835,1.75928452408221,22.9328619461499,0,-1.15514540684454,-0.0278013901313834,0.590053047325087,MV-202-15,sine_steer_python_15kmh,COMPLETED
553,2026年09月25日_14时38分14秒_第001次,2026-09-25T14:38:14+08:00,2026-09-25T06:38:14Z,5.52,15.086175389386,0.0121751311607126,-3.86925908908342,21.9166793473589,1.75990987364888,22.9747751287743,0,-1.13453789825351,-0.0273062003209449,0.579489599428411,MV-202-15,sine_steer_python_15kmh,COMPLETED
554,2026年09月25日_14时38分14秒_第001次,2026-09-25T14:38:14+08:00,2026-09-25T06:38:14Z,5.53,15.0862674563903,0.0114905971645802,-3.80779873065242,21.9585813015191,1.76050765649913,23.0166883036935,0,-1.11375123297638,-0.0268066745012617,0.568835808759769,MV-202-15,sine_steer_python_15kmh,COMPLETED
555,2026年09月25日_14时38分14秒_第001次,2026-09-25T14:38:14+08:00,2026-09-25T06:38:14Z,5.54,15.0863594543968,0.0108046530253865,-3.74573695738969,22.0004838882375,1.76107833254653,23.0586014674146,0,-1.09278869346854,-0.0263028918281467,0.558093349497159,MV-202-15,sine_steer_python_15kmh,COMPLETED
556,2026年09月25日_14时38分14秒_第001次,2026-09-25T14:38:14+08:00,2026-09-25T06:38:14Z,5.55,15.0864513305152,0.0101174238047626,-3.68308345128544,22.0423870836787,1.76162236603133,23.1005146170896,0,-1.07165358995799,-0.0257949321418543,0.547263909106022,MV-202-15,sine_steer_python_15kmh,COMPLETED
557,2026年09月25日_14时38分14秒_第001次,2026-09-25T14:38:14+08:00,2026-09-25T06:38:14Z,5.56,15.0865430318894,0.0094290352068828,-3.61984799002806,22.0842908646948,1.76214022544769,23.1424277504944,0,-1.05034925992259,-0.0252828759505004,0.536349188236531,MV-202-15,sine_steer_python_15kmh,COMPLETED
558,2026年09月25日_14时38分14秒_第001次,2026-09-25T14:38:14+08:00,2026-09-25T06:38:14Z,5.57,15.0866345057391,0.00873961320579912,-3.556040445954,22.1261952088217,1.7626323834699,23.184340866006,0,-1.02887906756301,-0.0247668044123577,0.525350900661579,MV-202-15,sine_steer_python_15kmh,COMPLETED
559,2026年09月25日_14时38分14秒_第001次,2026-09-25T14:38:14+08:00,2026-09-25T06:38:14Z,5.58,15.086725699402,0.00804928364228688,-3.49167078435764,22.1681000942737,1.76309931687762,23.2262539625808,0,-1.00724640327152,-0.0242467993175707,0.514270773233213,MV-202-15,sine_steer_python_15kmh,COMPLETED
560,2026年09月25日_14时38分14秒_第001次,2026-09-25T14:38:14+08:00,2026-09-25T06:38:14Z,5.59,15.0868165603576,0.00735817184177441,-3.42674906156029,22.210005499939,1.76354150648016,23.2681670397321,0,-0.985454683096583,-0.0237229430700272,0.503110545827143,MV-202-15,sine_steer_python_15kmh,COMPLETED
561,2026年09月25日_14时38分14秒_第001次,2026-09-25T14:38:14+08:00,2026-09-25T06:38:14Z,5.6,15.0869070357199,0.00666640225614579,-3.36128541748978,22.2519114053729,1.76395943703989,23.3100800975069,0,-0.963507348203429,-0.0231953186694306,0.491871971292703,MV-202-15,sine_steer_python_15kmh,COMPLETED
562,2026年09月25日_14时38分14秒_第001次,2026-09-25T14:38:14+08:00,2026-09-25T06:38:14Z,5.61,15.0869970732819,0.00597409833333237,-3.29529008801604,22.2938177907915,1.76435359719483,23.3519931364632,0,-0.941407864330665,-0.0226640096964914,0.480556815205787,MV-202-15,sine_steer_python_15kmh,COMPLETED
563,2026年09月25日_14时38分14秒_第001次,2026-09-25T14:38:14+08:00,2026-09-25T06:38:14Z,5.62,15.0870866213263,0.00528138253164526,-3.22877339622094,22.335724637066,1.76472447938041,23.393906157648,0,-0.919159721242975,-0.0221291003000821,0.469166855582154,MV-202-15,sine_steer_python_15kmh,COMPLETED
564,2026年09月25日_14时38分14秒_第001次,2026-09-25T14:38:14+08:00,2026-09-25T06:38:14Z,5.63,15.0871756262873,0.00458837660387976,-3.16174576752854,22.3776319257124,1.76507257975073,23.4358191625709,0,-0.896766432180066,-0.0215906751881598,0.457703882499038,MV-202-15,sine_steer_python_15kmh,COMPLETED
565,2026年09月25日_14时38分14秒_第001次,2026-09-25T14:38:14+08:00,2026-09-25T06:38:14Z,5.64,15.0872640347007,0.00389520168283261,-3.09421770365507,22.4195396388809,1.76539839809929,23.4777321531768,0,-0.874231533301867,-0.0210488196157966,0.446169697676803,MV-202-15,sine_steer_python_15kmh,COMPLETED
566,2026年09月25日_14时38分14秒_第001次,2026-09-25T14:38:14+08:00,2026-09-25T06:38:14Z,5.65,15.0873517973231,0.00320197820314124,-3.02619974535713,22.4614477593506,1.76570243777985,23.5196451318246,0,-0.851558583130144,-0.0205036193707937,0.434566114096241,MV-202-15,sine_steer_python_15kmh,COMPLETED
567,2026年09月25日_14时38分14秒_第001次,2026-09-25T14:38:14+08:00,2026-09-25T06:38:14Z,5.66,15.0874388666904,0.00250882595262062,-2.95770250075845,22.50335627053,1.76598520562745,23.5615581012712,0,-0.828751161986569,-0.0199551607610554,0.422894955767861,MV-202-15,sine_steer_python_15kmh,COMPLETED
568,2026年09月25日_14时38分14秒_第001次,2026-09-25T14:38:14+08:00,2026-09-25T06:38:14Z,5.67,15.0875251931046,0.00181586456316611,-2.88873667763373,22.5452651564445,1.76624721187826,23.6034710646433,0,-0.805812871427326,-0.0194035306081702,0.411158057269546,MV-202-15,sine_steer_python_15kmh,COMPLETED
569,2026年09月25日_14时38分14秒_第001次,2026-09-25T14:38:14+08:00,2026-09-25T06:38:14Z,5.68,15.0876107255741,0.00112321392861311,-2.819313073541,22.5871744017192,1.76648897008867,23.6453840254031,0,-0.782747333674407,-0.0188488162399281,0.399357263153375,MV-202-15,sine_steer_python_15kmh,COMPLETED
570,2026年09月25日_14时38分14秒_第001次,2026-09-25T14:38:14+08:00,2026-09-25T06:38:14Z,5.69,15.0876954140276,0.000430994379353043,-2.74944255495623,22.6290839915664,1.76671099705438,23.6872969873212,0,-0.759558191043602,-0.0182911054793311,0.387494427463474,MV-202-15,sine_steer_python_15kmh,COMPLETED
571,2026年09月25日_14时38分14秒_第001次,2026-09-25T14:38:14+08:00,2026-09-25T06:38:14Z,5.7,15.0877792098743,-0.000260673242246874,-2.67913604957356,22.6709939117771,1.7669138127296,23.7292099544524,0,-0.736249105369356,-0.0177304866321331,0.375571413370372,MV-202-15,sine_steer_python_15kmh,COMPLETED
572,2026年09月25日_14时38分14秒_第001次,2026-09-25T14:38:14+08:00,2026-09-25T06:38:14Z,5.71,15.0878620647528,-0.000951667452878387,-2.60840455428216,22.7129041487096,1.76709794014569,23.7711229311101,0,-0.712823757426503,-0.0171670484750798,0.363590092824018,MV-202-15,sine_steer_python_15kmh,COMPLETED
573,2026年09月25日_14时38分14秒_第001次,2026-09-25T14:38:14+08:00,2026-09-25T06:38:14Z,5.72,15.087943931458,-0.00164186602736446,-2.53725911904127,22.7548146892784,1.76726390532952,23.8130359218413,0,-0.689285846349035,-0.0166008802436929,0.351552346157069,MV-202-15,sine_steer_python_15kmh,COMPLETED
574,2026年09月25日_14时38分14秒_第001次,2026-09-25T14:38:14+08:00,2026-09-25T06:38:14Z,5.73,15.0880247632698,-0.00233114600434731,-2.46571085798496,22.7967255209424,1.76741223722157,23.8549489314005,0,-0.665639089045972,-0.0160320716184737,0.339460061796925,MV-202-15,sine_steer_python_15kmh,COMPLETED
575,2026年09月25日_14时38分14秒_第001次,2026-09-25T14:38:14+08:00,2026-09-25T06:38:14Z,5.74,15.0881045140436,-0.0030193837058998,-2.39377094892549,22.8386366316909,1.76754346759321,23.8968619647224,0,-0.64188721961442,-0.0154607127108411,0.327315135962401,MV-202-15,sine_steer_python_15kmh,COMPLETED
576,2026年09月25日_14时38分14秒_第001次,2026-09-25T14:38:14+08:00,2026-09-25T06:38:14Z,5.75,15.0881831384674,-0.00370645492642734,-2.32145062611321,22.8805480100308,1.76765813096364,23.9387750268951,0,-0.618033988749895,-0.0148868940465813,0.315119472458194,MV-202-15,sine_steer_python_15kmh,COMPLETED
577,2026年09月25日_14时38分14秒_第001次,2026-09-25T14:38:14+08:00,2026-09-25T06:38:14Z,5.76,15.0882605921132,-0.00439223538174441,-2.24876117798312,22.9224596449727,1.76775676451626,23.9806881231336,0,-0.59408316315407,-0.0143107065454962,0.302874982632648,MV-202-15,sine_steer_python_15kmh,COMPLETED
578,2026年09月25日_14时38分14秒_第001次,2026-09-25T14:38:14+08:00,2026-09-25T06:38:14Z,5.77,15.0883368313914,-0.00507660140513413,-2.17571395115366,22.9643715260171,1.76783990801431,24.0226012587517,0,-0.570038524939952,-0.013732241497406,0.290583585488459,MV-202-15,sine_steer_python_15kmh,COMPLETED
579,2026年09月25日_14时38分14秒_第001次,2026-09-25T14:38:14+08:00,2026-09-25T06:38:14Z,5.78,15.0884118135551,-0.00575943081566712,-2.10232035551421,23.0062836431397,1.76790810371526,24.0645144391353,0,-0.54590387103465,-0.013151590535551,0.278247207898703,MV-202-15,sine_steer_python_15kmh,COMPLETED
580,2026年09月25日_14时38分14秒_第001次,2026-09-25T14:38:14+08:00,2026-09-25T06:38:14Z,5.79,15.0884854967488,-0.00644060380890114,-2.02859186860355,23.0481959867764,1.76796189628409,24.1064276697142,0,-0.521683012579794,-0.0125688456095151,0.265867784838811,MV-202-15,sine_steer_python_15kmh,COMPLETED
581,2026年09月25日_14时38分14秒_第001次,2026-09-25T14:38:14+08:00,2026-09-25T06:38:14Z,5.8,15.0885578394859,-0.00712000365297299,-1.95454004679674,23.090108547807,1.76800183270535,24.1483409559341,0,-0.497379774329711,-0.0119840989607724,0.25344725951552,MV-202-15,sine_steer_python_15kmh,COMPLETED
582,2026年09月25日_14时38分14秒_第001次,2026-09-25T14:38:14+08:00,2026-09-25T06:38:14Z,5.81,15.0886288022345,-0.00779751747770286,-1.88017651677896,23.1320213175404,1.76802846219424,24.1902543032302,0,-0.472997994047449,-0.0113974430967722,0.240987583513157,MV-202-15,sine_steer_python_15kmh,COMPLETED
583,2026年09月25日_14时38分14秒_第001次,2026-09-25T14:38:14+08:00,2026-09-25T06:38:14Z,5.82,15.0886983467427,-0.00847303834396269,-1.80551300345874,23.1739342877011,1.76804233610597,24.2321677170026,0,-0.448541521898761,-0.0108089707465793,0.228490717765655,MV-202-15,sine_steer_python_15kmh,COMPLETED
584,2026年09月25日_14时38分14秒_第001次,2026-09-25T14:38:14+08:00,2026-09-25T06:38:14Z,5.83,15.0887664355409,-0.0091464708809865,-1.73056135181632,23.2158474504122,1.76804400784105,24.2740812025887,0,-0.42401421984411,-0.0102187747652166,0.215958635689949,MV-202-15,sine_steer_python_15kmh,COMPLETED
585,2026年09月25日_14时38分14秒_第001次,2026-09-25T14:38:14+08:00,2026-09-25T06:38:14Z,5.84,15.088833030565,-0.00981774069553441,-1.65533353745036,23.2577607981773,1.76803403274361,24.3159947652345,0,-0.399419961028814,-0.00962694798337578,0.203393328639465,MV-202-15,sine_steer_python_15kmh,COMPLETED
586,2026年09月25日_14时38分14秒_第001次,2026-09-25T14:38:14+08:00,2026-09-25T06:38:14Z,5.85,15.0888980913266,-0.0104868002020903,-1.57984165682918,23.2996743238554,1.76801296799293,24.3579084100594,0,-0.374762629171448,-0.00903358310713971,0.190796809237295,MV-202-15,sine_steer_python_15kmh,COMPLETED
587,2026年09月25日_14时38分14秒_第001次,2026-09-25T14:38:14+08:00,2026-09-25T06:38:14Z,5.86,15.0889615752999,-0.0111536215841114,-1.50409790062805,23.3415880206342,1.76798137249526,24.3998221420189,0,-0.350046117950552,-0.0084387728009481,0.178171106911615,MV-202-15,sine_steer_python_15kmh,COMPLETED
588,2026年09月25日_14时38分14秒_第001次,2026-09-25T14:38:14+08:00,2026-09-25T06:38:14Z,5.87,15.0890234409453,-0.0118181798557389,-1.42811452936829,23.3835018820071,1.76793980678474,24.4417359658722,0,-0.325274330389767,-0.00784260991288004,0.165518257375006,MV-202-15,sine_steer_python_15kmh,COMPLETED
589,2026年09月25日_14时38分14秒_第001次,2026-09-25T14:38:14+08:00,2026-09-25T06:38:14Z,5.88,15.0890836499094,-0.012480437721749,-1.35190385233918,23.4254159017588,1.76788883293622,24.4836498861593,0,-0.300451178241515,-0.00724518767619605,0.152840293133271,MV-202-15,sine_steer_python_15kmh,COMPLETED
590,2026年09月25日_14时38分14秒_第001次,2026-09-25T14:38:14+08:00,2026-09-25T06:38:14Z,5.89,15.0891421666973,-0.013140338009949,-1.27547820409657,23.4673300739529,1.76782901448599,24.5255639071799,0,-0.275580581369277,-0.00664659980438112,0.140139238538875,MV-202-15,sine_steer_python_15kmh,COMPLETED
591,2026年09月25日_14时38分14秒_第001次,2026-09-25T14:38:14+08:00,2026-09-25T06:38:14Z,5.9,15.0891989575391,-0.0137978020947984,-1.19884992706623,23.5092443929166,1.76776091635608,24.5674780329703,0,-0.250666467128608,-0.00604694050140255,0.127417108436703,MV-202-15,sine_steer_python_15kmh,COMPLETED
592,2026年09月25日_14时38分14秒_第001次,2026-09-25T14:38:14+08:00,2026-09-25T06:38:14Z,5.91,15.08925398985,-0.0144527312761206,-1.12203136671136,23.5511588532229,1.76768510477859,24.6093922672778,0,-0.225712769746964,-0.0054463044298804,0.114675908577591,MV-202-15,sine_steer_python_15kmh,COMPLETED
593,2026年09月25日_14时38分14秒_第001次,2026-09-25T14:38:14+08:00,2026-09-25T06:38:14Z,5.92,15.0893072320372,-0.0151050092651561,-1.045034874725,23.5930734496714,1.76760214721859,24.6513066135346,0,-0.20072342970243,-0.0048447866632386,0.101917636702483,MV-202-15,sine_steer_python_15kmh,COMPLETED
594,2026年09月25日_14时38分14秒_第001次,2026-09-25T14:38:14+08:00,2026-09-25T06:38:14Z,5.93,15.0893586537981,-0.0157545049985722,-0.967872804538981,23.6349881772685,1.76751261229489,24.6932210748308,0,-0.175702393101488,-0.00424248263285144,0.0891442838325937,MV-202-15,sine_steer_python_15kmh,COMPLETED
595,2026年09月25日_14时38分14秒_第001次,2026-09-25T14:38:14+08:00,2026-09-25T06:38:14Z,5.94,15.0894082265409,-0.0164010756547178,-0.89055750914442,23.6769030312097,1.76741706969878,24.7351356538905,0,-0.150653611055865,-0.00363948807194445,0.0763578356966692,MV-202-15,sine_steer_python_15kmh,COMPLETED
596,2026年09月25日_14时38分14秒_第001次,2026-09-25T14:38:14+08:00,2026-09-25T06:38:14Z,5.95,15.0894559227714,-0.01704456958958,-0.813101351572307,23.7188180068606,1.76731609011055,24.7770503530465,0,-0.125581039058627,-0.00303589896026902,0.0635602741319253,MV-202-15,sine_steer_python_15kmh,COMPLETED
597,2026年09月25日_14时38分14秒_第001次,2026-09-25T14:38:14+08:00,2026-09-25T06:38:14Z,5.96,15.0895017160216,-0.0176848291275668,-0.735516704947748,23.7607330997364,1.76721024511364,24.8189651742144,0,-0.10048863635954,-0.0024318114704884,0.0507535784059091,MV-202-15,sine_steer_python_15kmh,COMPLETED
598,2026年09月25日_14时38分14秒_第001次,2026-09-25T14:38:14+08:00,2026-09-25T06:38:14Z,5.97,15.0895455809927,-0.018321693251079,-0.657815947275744,23.8026483054821,1.76710010710697,24.860880118867,0,-0.0753803653398702,-0.00182732191566721,0.0379397264898514,MV-202-15,sine_steer_python_15kmh,COMPLETED
599,2026年09月25日_14时38分14秒_第001次,2026-09-25T14:38:14+08:00,2026-09-25T06:38:14Z,5.98,15.089587493623,-0.0189550001632997,-0.580011459944432,23.8445636198521,1.76698624921541,24.9027951880094,0,-0.0502601908866741,-0.00122252669824412,0.0251206962695783,MV-202-15,sine_steer_python_15kmh,COMPLETED
600,2026年09月25日_14时38分14秒_第001次,2026-09-25T14:38:14+08:00,2026-09-25T06:38:14Z,5.99,15.0896274310127,-0.0195845896559487,-0.502115628168638,23.8864790386902,1.76686924519857,24.944710382155,0,-0.0251320797667059,-0.000617522261480477,0.0122984666516614,MV-202-15,sine_steer_python_15kmh,COMPLETED
601,2026年09月25日_14时38分14秒_第001次,2026-09-25T14:38:14+08:00,2026-09-25T06:38:14Z,6,15.089665371439,-0.020210305264997,-0.42414084232485,23.9283945579093,1.76674966935793,24.9866257013002,0,-4.89858719658941e-16,-1.24050436529863e-05,-0.000524981447393631,MV-202-15,sine_steer_python_15kmh,COMPLETED
602,2026年09月25日_14时38分14秒_第001次,2026-09-25T14:38:14+08:00,2026-09-25T06:38:14Z,6.01,15.0897012946061,-0.0208319961570579,-0.346099498980242,23.9703101734707,1.76662809644244,25.0285411449024,0,0.0251320797667049,0.000592728564161929,-0.0133476642638111,MV-202-15,sine_steer_python_15kmh,COMPLETED
603,2026年09月25日_14时38分14秒_第001次,2026-09-25T14:38:14+08:00,2026-09-25T06:38:14Z,6.02,15.089735181558,-0.0214495187696029,-0.268003996705808,24.0122258813649,1.76650510155289,25.0704567118567,0,0.0502601908866749,0.00119778225701035,-0.0261675944879046,MV-202-15,sine_steer_python_15kmh,COMPLETED
604,2026年09月25日_14时38分14秒_第001次,2026-09-25T14:38:14+08:00,2026-09-25T06:38:14Z,6.03,15.089767014536,-0.0220627382048846,-0.189866733531468,24.0541416775908,1.76638126004516,25.1123724004744,0,0.0753803653398692,0.00180265985165561,-0.0389827807068404,MV-202-15,sine_steer_python_15kmh,COMPLETED
605,2026年09月25日_14时38分14秒_第001次,2026-09-25T14:38:14+08:00,2026-09-25T06:38:14Z,6.04,15.0897967769908,-0.0226715293160682,-0.11170010802779,24.0960575581358,1.76625714743256,25.1542882084604,0,0.100488636359539,0.00240726531793541,-0.0517912270267641,MV-202-15,sine_steer_python_15kmh,COMPLETED
606,2026年09月25日_14时38分14秒_第001次,2026-09-25T14:38:14+08:00,2026-09-25T06:38:14Z,6.05,15.0898244536354,-0.0232757774415117,-0.0335165198783545,24.1379735189543,1.76613333928739,25.1962041328923,0,0.125581039058626,0.00301150280521234,-0.0645909329019438,MV-202-15,sine_steer_python_15kmh,COMPLETED
607,2026年09月25日_14时38分14秒_第001次,2026-09-25T14:38:14+08:00,2026-09-25T06:38:14Z,6.06,15.0898500304738,-0.0238753787767177,0.0446716312652573,24.1798895559482,1.76601041114208,25.2381201701986,0,0.150653611055866,0.00361527666372481,-0.0773798931790901,MV-202-15,sine_steer_python_15kmh,COMPLETED
608,2026年09月25日_14时38分14秒_第001次,2026-09-25T14:38:14+08:00,2026-09-25T06:38:14Z,6.07,15.089873494811,-0.0244702403778786,0.122851946980303,24.2218056649461,1.76588893839006,25.2800363161381,0,0.175702393101487,0.00421849146070513,-0.0901560983624024,MV-202-15,sine_steer_python_15kmh,COMPLETED
609,2026年09月25日_14时38分14秒_第001次,2026-09-25T14:38:14+08:00,2026-09-25T06:38:14Z,6.08,15.089894835265,-0.0250602797877876,0.201012030409938,24.2637218416829,1.76576949618678,25.3219525657798,0,0.200723429702429,0.00482105199108855,-0.102917535106726,MV-202-15,sine_steer_python_15kmh,COMPLETED
610,2026年09月25日_14时38分14秒_第001次,2026-09-25T14:38:14+08:00,2026-09-25T06:38:14Z,6.09,15.0899140414649,-0.0256454242808965,0.279139482321025,24.3056380817793,1.76565265935111,25.3638689134821,0,0.225712769746963,0.00542286328271907,-0.115662186945318,MV-202-15,sine_steer_python_15kmh,COMPLETED
611,2026年09月25日_14时38分14秒_第001次,2026-09-25T14:38:14+08:00,2026-09-25T06:38:14Z,6.1,15.0899311044055,-0.0262256097252445,0.35722190838639,24.3475543807206,1.76553900226725,25.4057853528722,0,0.25066646712861,0.00602383059597242,-0.128388035248195,MV-202-15,sine_steer_python_15kmh,COMPLETED
612,2026年09月25日_14时38分14秒_第001次,2026-09-25T14:38:14+08:00,2026-09-25T06:38:14Z,6.11,15.0899460169965,-0.0268007792951874,0.435246924275081,24.3894707338377,1.76542909878792,25.447701876829,0,0.275580581369276,0.00662385942109312,-0.141093060271902,MV-202-15,sine_steer_python_15kmh,COMPLETED
613,2026年09月25日_14时38分14秒_第001次,2026-09-25T14:38:14+08:00,2026-09-25T06:38:14Z,6.12,15.08995877347,-0.027370881884327,0.513202145137634,24.4313871362882,1.76532352213852,25.4896184774652,0,0.300451178241514,0.00722285547107288,-0.153775242406707,MV-202-15,sine_steer_python_15kmh,COMPLETED
614,2026年09月25日_14时38分14秒_第001次,2026-09-25T14:38:14+08:00,2026-09-25T06:38:14Z,6.13,15.0899693692428,-0.0279358703025332,0.591075185552295,24.4733035830361,1.76522284482246,25.5315351461102,0,0.325274330389766,0.00782072467123091,-0.166432563559558,MV-202-15,sine_steer_python_15kmh,COMPLETED
615,2026年09月25日_14时38分14秒_第001次,2026-09-25T14:38:14+08:00,2026-09-25T06:38:14Z,6.14,15.0899778010138,-0.028495699437246,0.668853665404991,24.515220068832,1.76512763852781,25.5734518732925,0,0.350046117950553,0.00841737314804568,-0.179063008564739,MV-202-15,sine_steer_python_15kmh,COMPLETED
616,2026年09月25日_14时38分14秒_第001次,2026-09-25T14:38:14+08:00,2026-09-25T06:38:14Z,6.15,15.0899840668205,-0.0290503244710454,0.74652521192402,24.5571365881934,1.7650384740356,25.615368648724,0,0.37476262917145,0.00901270721854502,-0.191664566569087,MV-202-15,sine_steer_python_15kmh,COMPLETED
617,2026年09月25日_14时38分14秒_第001次,2026-09-25T14:38:14+08:00,2026-09-25T06:38:14Z,6.16,15.0899881660308,-0.0295996991826271,0.824077458085483,24.5990531353855,1.76495592112944,25.6572854612848,0,0.399419961028813,0.00960663338064864,-0.204235232375738,MV-202-15,sine_steer_python_15kmh,COMPLETED
618,2026年09月25日_14时38分14秒_第001次,2026-09-25T14:38:14+08:00,2026-09-25T06:38:14Z,6.17,15.0899900993188,-0.0301437743753334,0.901498042092451,24.6409697044023,1.76488054850623,25.6992022990084,0,0.424014219844109,0.0101990583051003,-0.216773007718787,MV-202-15,sine_steer_python_15kmh,COMPLETED
619,2026年09月25日_14时38分14秒_第001次,2026-09-25T14:38:14+08:00,2026-09-25T06:38:14Z,6.18,15.0899898686446,-0.0306824964959199,0.978774608905653,24.6828862889473,1.76481292368814,25.7411191490676,0,0.44854152189876,0.0107898888298991,-0.229275902430074,MV-202-15,sine_steer_python_15kmh,COMPLETED
620,2026年09月25日_14时38分14秒_第001次,2026-09-25T14:38:14+08:00,2026-09-25T06:38:14Z,6.19,15.0899874772358,-0.0312158064853922,1.05589481186947,24.7248028824148,1.76475361293548,25.783035997761,0,0.472997994047449,0.011379031957848,-0.241741935471795,MV-202-15,sine_steer_python_15kmh,COMPLETED
621,2026年09月25日_14时38分14秒_第001次,2026-09-25T14:38:14+08:00,2026-09-25T06:38:14Z,6.2,15.0899829295649,-0.0317436388754971,1.13284631358739,24.7667194778716,1.76470318116035,25.8249528304996,0,0.49737977432971,0.0119663948574393,-0.254169135825585,MV-202-15,sine_steer_python_15kmh,COMPLETED
622,2026年09月25日_14时38分14秒_第001次,2026-09-25T14:38:14+08:00,2026-09-25T06:38:14Z,6.21,15.0899762313194,-0.0322659211383828,1.2096167868607,24.8086360680381,1.764662191841,25.866869631795,0,0.521683012579793,0.0125518848672102,-0.266555543232399,MV-202-15,sine_steer_python_15kmh,COMPLETED
623,2026年09月25日_14时38分14秒_第001次,2026-09-25T14:38:14+08:00,2026-09-25T06:38:14Z,6.22,15.0899673893599,-0.032782573307085,1.28619391638348,24.8505526452703,1.76463120693647,25.9087863852471,0,0.545903871034649,0.0131354095038504,-0.27889920877129,MV-202-15,sine_steer_python_15kmh,COMPLETED
624,2026年09月25日_14时38分14秒_第001次,2026-09-25T14:38:14+08:00,2026-09-25T06:38:14Z,6.23,15.0899564116651,-0.0332935078968412,1.362565401082,24.8924692015417,1.76461078680158,25.950703073533,0,0.570038524939953,0.0137168764745177,-0.291198195257665,MV-202-15,sine_steer_python_15kmh,COMPLETED
625,2026年09月25日_14时38分14秒_第001次,2026-09-25T14:38:14+08:00,2026-09-25T06:38:14Z,6.24,15.0899433072666,-0.0337986301716733,1.43871895689832,24.934385728425,1.76460149010193,25.9926196783966,0,0.594083163154069,0.0142961936940327,-0.303450577432614,MV-202-15,sine_steer_python_15kmh,COMPLETED
626,2026年09月25日_14时38分14秒_第001次,2026-09-25T14:38:14+08:00,2026-09-25T06:38:14Z,6.25,15.0899280861749,-0.0342978388228955,1.51464232024248,24.9763022170751,1.76460387372866,26.0345361806382,0,0.618033988749894,0.0148732693079428,-0.315654441901186,MV-202-15,sine_steer_python_15kmh,COMPLETED
627,2026年09月25日_14时38分14秒_第001次,2026-09-25T14:38:14+08:00,2026-09-25T06:38:14Z,6.26,15.0899107593066,-0.0347910271545492,1.59032325257319,25.0182186582105,1.76461849271281,26.0764525601057,0,0.641887219614419,0.0154480117228598,-0.327807886759924,MV-202-15,sine_steer_python_15kmh,COMPLETED
628,2026年09月25日_14时38分14秒_第001次,2026-09-25T14:38:14+08:00,2026-09-25T06:38:14Z,6.27,15.0898913384213,-0.0352780848952896,1.66574954652334,25.0601350420967,1.76464590013883,26.1183687956854,0,0.665639089045973,0.0160203296458389,-0.339909020838441,MV-202-15,sine_steer_python_15kmh,COMPLETED
629,2026年09月25日_14时38分14秒_第001次,2026-09-25T14:38:14+08:00,2026-09-25T06:38:14Z,6.28,15.0898698360902,-0.0357589007616513,1.74090903394284,25.1020513585282,1.76468664705684,26.1602848652939,0,0.689285846349034,0.0165901321346547,-0.351955962475704,MV-202-15,sine_steer_python_15kmh,COMPLETED
630,2026年09月25日_14时38分14秒_第001次,2026-09-25T14:38:14+08:00,2026-09-25T06:38:14Z,6.29,15.0898462653769,-0.0362333658453404,1.81578959196804,25.1439675968123,1.76474128239318,26.2022007458711,0,0.712823757426502,0.0171573286601015,-0.36394683779181,MV-202-15,sine_steer_python_15kmh,COMPLETED
631,2026年09月25日_14时38分14秒_第001次,2026-09-25T14:38:14+08:00,2026-09-25T06:38:14Z,6.3,15.089820640308,-0.0367013778009308,1.89037916263157,25.1858837457508,1.76481035285869,26.2441164133721,0,0.736249105369355,0.0177218291800734,-0.375879778436583,MV-202-15,sine_steer_python_15kmh,COMPLETED
632,2026年09月25日_14时38分14秒_第001次,2026-09-25T14:38:14+08:00,2026-09-25T06:38:14Z,6.31,15.0897929765539,-0.0371628457414083,1.96466577180654,25.2277997936265,1.76489440285466,26.2860318427637,0,0.759558191043603,0.0182835442241954,-0.387752918878973,MV-202-15,sine_steer_python_15kmh,COMPLETED
633,2026年09月25日_14时38分14秒_第001次,2026-09-25T14:38:14+08:00,2026-09-25T06:38:14Z,6.32,15.0897632913891,-0.0376176951606744,2.03863753605999,25.2697157281898,1.7649939743761,26.3279470080224,0,0.782747333674406,0.0188423849793506,-0.399564393672361,MV-202-15,sine_steer_python_15kmh,COMPLETED
634,2026年09月25日_14时38分14秒_第001次,2026-09-25T14:38:14+08:00,2026-09-25T06:38:14Z,6.33,15.0897316038143,-0.0380658720186579,2.11228267299374,25.311631536646,1.76510960691246,26.3698618821326,0,0.805812871427325,0.0193982633637504,-0.411312335195772,MV-202-15,sine_steer_python_15kmh,COMPLETED
635,2026年09月25日_14时38分14秒_第001次,2026-09-25T14:38:14+08:00,2026-09-25T06:38:14Z,6.34,15.0896979349553,-0.0385073451315108,2.18558951428827,25.3535472056439,1.76524183734707,26.4117764370874,0,0.828751161986568,0.0199510920771864,-0.422994872389135,MV-202-15,sine_steer_python_15kmh,COMPLETED
636,2026年09月25日_14时38分14秒_第001次,2026-09-25T14:38:14+08:00,2026-09-25T06:38:14Z,6.35,15.0896623083412,-0.0389421061520767,2.2585465096861,25.3954627212662,1.76539119985679,26.4536906438906,0,0.851558583130147,0.0205007846170418,-0.43461013093494,MV-202-15,sine_steer_python_15kmh,COMPLETED
637,2026年09月25日_14时38分14秒_第001次,2026-09-25T14:38:14+08:00,2026-09-25T06:38:14Z,6.36,15.0896247498915,-0.0393701668637974,2.33114221938908,25.4373780690203,1.76555822581352,26.49560447256,0,0.874231533301866,0.0210472552558195,-0.446156235072283,MV-202-15,sine_steer_python_15kmh,COMPLETED
638,2026年09月25日_14时38分14秒_第001次,2026-09-25T14:38:14+08:00,2026-09-25T06:38:14Z,6.37,15.0895852876514,-0.0397915541853122,2.40336530077181,25.4792932338294,1.76574344368907,26.5375178921313,0,0.896766432180065,0.0215904189855462,-0.45763131081681,MV-202-15,sine_steer_python_15kmh,COMPLETED
639,2026年09月25日_14时38分14秒_第001次,2026-09-25T14:38:14+08:00,2026-09-25T06:38:14Z,6.38,15.089543951405,-0.0402063038357738,2.47520449452298,25.5212082000236,1.76594737896447,26.5794308706613,0,0.919159721242975,0.0221301914423601,-0.469033490020129,MV-202-15,sine_steer_python_15kmh,COMPLETED
640,2026年09月25日_14时38分14秒_第001次,2026-09-25T14:38:14+08:00,2026-09-25T06:38:14Z,6.39,15.0895007722974,-0.0406144537407697,2.54664861161008,25.5631229513296,1.76617055404429,26.6213433752305,0,0.941407864330666,0.0226664888265613,-0.480360914617949,MV-202-15,sine_steer_python_15kmh,COMPLETED
641,2026年09月25日_14时38分14秒_第001次,2026-09-25T14:38:14+08:00,2026-09-25T06:38:14Z,6.4,15.0894557825466,-0.0410160380318055,2.61768652153132,25.6050374708606,1.76641348817572,26.6632553719456,0,0.963507348203431,0.023199227830284,-0.491611740549067,MV-202-15,sine_steer_python_15kmh,COMPLETED
642,2026年09月25日_14时38分14秒_第001次,2026-09-25T14:38:14+08:00,2026-09-25T06:38:14Z,6.41,15.0894090152615,-0.0414110821318628,2.68830714299638,25.6469517411056,1.76667669737174,26.7051668259424,0,0.985454683096583,0.0237283255799023,-0.50278414104304,MV-202-15,sine_steer_python_15kmh,COMPLETED
643,2026年09月25日_14时38分14秒_第001次,2026-09-25T14:38:14+08:00,2026-09-25T06:38:14Z,6.42,15.0893605043438,-0.0417995991018892,2.75849943789397,25.6888657439195,1.76696069433753,26.7470777013889,0,1.00724640327152,0.0242536995957922,-0.513876309165446,MV-202-15,sine_steer_python_15kmh,COMPLETED
644,2026年09月25日_14时38分14秒_第001次,2026-09-25T14:38:14+08:00,2026-09-25T06:38:14Z,6.43,15.0893102844465,-0.0421815872149983,2.82825240831298,25.730779460513,1.76726598839934,26.7889879614892,0,1.02887906756301,0.0247752677691247,-0.524886459635106,MV-202-15,sine_steer_python_15kmh,COMPLETED
645,2026年09月25日_14时38分14秒_第001次,2026-09-25T14:38:14+08:00,2026-09-25T06:38:14Z,6.44,15.089258390965,-0.0425570286212813,2.89755509581769,25.7726928714434,1.76759308543487,26.8308975684894,0,1.05034925992259,0.0252929483538708,-0.535812829990636,MV-202-15,sine_steer_python_15kmh,COMPLETED
646,2026年09月25日_14时38分14秒_第001次,2026-09-25T14:38:14+08:00,2026-09-25T06:38:14Z,6.45,15.0892048600369,-0.0429258889385966,2.96639658246321,25.814605956606,1.76794248780475,26.8728064836833,0,1.07165358995799,0.0258066599717934,-0.546653681201213,MV-202-15,sine_steer_python_15kmh,COMPLETED
647,2026年09月25日_14时38分14秒_第001次,2026-09-25T14:38:14+08:00,2026-09-25T06:38:14Z,6.46,15.0891497288347,-0.0432881175562336,3.0347659870425,25.8565186952266,1.76831469428418,26.9147146674212,0,1.09278869346854,0.0263163216274859,-0.55740729783383,MV-202-15,sine_steer_python_15kmh,COMPLETED
648,2026年09月25日_14时38分14秒_第001次,2026-09-25T14:38:14+08:00,2026-09-25T06:38:14Z,6.47,15.0890930330034,-0.0436436487391809,3.10265249524955,25.8984310658533,1.76871019999459,26.9566220791172,0,1.11375123297638,0.0268218527347946,-0.568071987853978,MV-202-15,sine_steer_python_15kmh,COMPLETED
649,2026年09月25日_14时38分14秒_第001次,2026-09-25T14:38:14+08:00,2026-09-25T06:38:14Z,6.48,15.0890348082065,-0.043992403493524,3.17004536252246,25.9403430463407,1.76912949633538,26.9985286772499,0,1.13453789825351,0.0273231731541522,-0.57864608179075,MV-202-15,sine_steer_python_15kmh,COMPLETED
650,2026年09月25日_14时38分14秒_第001次,2026-09-25T14:38:14+08:00,2026-09-25T06:38:14Z,6.49,15.0889750947706,-0.0443342910723864,3.23693386320426,25.9822546138509,1.76957307091455,27.0404344193798,0,1.15514540684453,0.0278202032248918,-0.589127931962181,MV-202-15,sine_steer_python_15kmh,COMPLETED
651,2026年09月25日_14时38分14秒_第001次,2026-09-25T14:38:14+08:00,2026-09-25T06:38:14Z,6.5,15.088913936419,-0.0446692106473582,3.30330729390334,26.0241657448599,1.77004140747737,27.0823392621729,0,1.17557050458495,0.0283128638000012,-0.599515911837106,MV-202-15,sine_steer_python_15kmh,COMPLETED
652,2026年09月25日_14时38分14秒_第001次,2026-09-25T14:38:14+08:00,2026-09-25T06:38:14Z,6.51,15.0888513750823,-0.0449970540375648,3.3691550354571,26.0660764151513,1.77053498583454,27.1242431614109,0,1.19580996611504,0.0288010762960882,-0.609808414933957,MV-202-15,sine_steer_python_15kmh,COMPLETED
653,2026年09月25日_14时38分14秒_第001次,2026-09-25T14:38:14+08:00,2026-09-25T06:38:14Z,6.52,15.0887874515363,-0.0453177085592832,3.43446656039821,26.1079865998046,1.77105428178984,27.1661460719962,0,1.21586059538921,0.0292847627452849,-0.620003853381748,MV-202-15,sine_steer_python_15kmh,COMPLETED
654,2026年09月25日_14时38分14秒_第001次,2026-09-25T14:38:14+08:00,2026-09-25T06:38:14Z,6.53,15.0887222074679,-0.0456310596695439,3.4992314205685,26.1498962731898,1.77159976706638,27.2080479479621,0,1.23571922618067,0.0297638458444333,-0.630100656517877,MV-202-15,sine_steer_python_15kmh,COMPLETED
655,2026年09月25日_14时38分14秒_第001次,2026-09-25T14:38:14+08:00,2026-09-25T06:38:14Z,6.54,15.0886556863324,-0.0459369934439988,3.56343924038393,26.1918054089658,1.77217190923112,27.2499487424884,0,1.2553827225814,0.030238249002104,-0.640097269619645,MV-202-15,sine_steer_python_15kmh,COMPLETED
656,2026年09月25日_14时38分14秒_第001次,2026-09-25T14:38:14+08:00,2026-09-25T06:38:14Z,6.55,15.0885879328142,-0.0462353989662383,3.62707972401147,26.2337139800816,1.77277117161826,27.2918484079192,0,1.27484797949738,0.0307078963845273,-0.649992152739512,MV-202-15,sine_steer_python_15kmh,COMPLETED
657,2026年09月25日_14时38分14秒_第001次,2026-09-25T14:38:14+08:00,2026-09-25T06:38:14Z,6.56,15.0885189921665,-0.046526170589689,3.69014266675403,26.275621958774,1.77339801325152,27.3337468957776,0,1.29411192313889,0.0311727129598706,-0.659783779611739,MV-202-15,sine_steer_python_15kmh,COMPLETED
658,2026年09月25日_14时38分14秒_第001次,2026-09-25T14:38:14+08:00,2026-09-25T06:38:14Z,6.57,15.0884489101162,-0.0468092099506847,3.75261796214811,26.3175293165669,1.77405288876586,27.3756441567822,0,1.31317151150591,0.0316326245391092,-0.66947063667015,MV-202-15,sine_steer_python_15kmh,COMPLETED
659,2026年09月25日_14时38分14秒_第001次,2026-09-25T14:38:14+08:00,2026-09-25T06:38:14Z,6.58,15.0883777330785,-0.0470844276330963,3.81449560508905,26.3594360242706,1.77473624832855,27.4175401408636,0,1.3320237348685,0.0320875578120345,-0.679051222248706,MV-202-15,sine_steer_python_15kmh,COMPLETED
660,2026年09月25日_14时38分14秒_第001次,2026-09-25T14:38:14+08:00,2026-09-25T06:38:14Z,6.59,15.0883055082653,-0.0473517444450482,3.87576569464741,26.4013420519827,1.77544853755993,27.4594347971829,0,1.35066561624205,0.032537440377794,-0.688524046010517,MV-202-15,sine_steer_python_15kmh,COMPLETED
661,2026年09月25日_14时38分14秒_第001次,2026-09-25T14:38:14+08:00,2026-09-25T06:38:14Z,6.6,15.0882322836071,-0.0476110923009338,3.93641843810505,26.4432473690897,1.77619019745426,27.5013280741516,0,1.36909421185738,0.0329822007698159,-0.697887628616184,MV-202-15,sine_steer_python_15kmh,COMPLETED
662,2026年09月25日_14时38分14秒_第001次,2026-09-25T14:38:14+08:00,2026-09-25T06:38:14Z,6.61,15.0881581076271,-0.0478624147080561,3.99644415534509,26.4851519442693,1.77696166430092,27.5432199194521,0,1.38730661162561,0.0334217684750627,-0.707140501627233,MV-202-15,sine_steer_python_15kmh,COMPLETED
663,2026年09月25日_14时38分14秒_第001次,2026-09-25T14:38:14+08:00,2026-09-25T06:38:14Z,6.62,15.088083029375,-0.0481056668613385,4.05583328235583,26.527055745493,1.77776336960631,27.5851102800577,0,1.4052999395977,0.0338560739476139,-0.716281207638963,MV-202-15,sine_steer_python_15kmh,COMPLETED
664,2026年09月25日_14时38分14秒_第001次,2026-09-25T14:38:14+08:00,2026-09-25T06:38:14Z,6.63,15.0880070977194,-0.0483408153118583,4.1145763662226,26.5689587400285,1.77859574001678,27.6269991022546,0,1.42307135441857,0.0342850486160388,-0.725308300703493,MV-202-15,sine_steer_python_15kmh,COMPLETED
665,2026年09月25日_14时38分14秒_第001次,2026-09-25T14:38:14+08:00,2026-09-25T06:38:14Z,6.64,15.0879303626038,-0.048567837386461,4.17266408628845,26.6108608944431,1.7794591972427,27.6688863316624,0,1.44061804977581,0.034708624887044,-0.734220346796094,MV-202-15,sine_steer_python_15kmh,COMPLETED
666,2026年09月25日_14时38分14秒_第001次,2026-09-25T14:38:14+08:00,2026-09-25T06:38:14Z,6.65,15.087852874864,-0.0487867204445014,4.23008724915961,26.65276217461,1.78035415798455,27.7107719132598,0,1.45793725484282,0.0351267361465916,-0.743015924456026,MV-202-15,sine_steer_python_15kmh,COMPLETED
667,2026年09月25日_14时38分14秒_第001次,2026-09-25T14:38:14+08:00,2026-09-25T06:38:14Z,6.66,15.0877746849344,-0.0489974606876731,4.28683677176848,26.6946625457135,1.78128103386023,27.752655791407,0,1.47502623471635,0.0355393167544098,-0.751693625762761,MV-202-15,sine_steer_python_15kmh,COMPLETED
668,2026年09月25日_14时38分14秒_第001次,2026-09-25T14:38:14+08:00,2026-09-25T06:38:14Z,6.67,15.0876958441632,-0.0492000619033683,4.34290370522361,26.7365619722535,1.78224023133405,27.7945379098694,0,1.49188229084836,0.0359463020372772,-0.760252057210484,MV-202-15,sine_steer_python_15kmh,COMPLETED
669,2026年09月25日_14时38分14秒_第001次,2026-09-25T14:38:14+08:00,2026-09-25T06:38:14Z,6.68,15.0876164045731,-0.049394534237543,4.39827923233625,26.7784604180535,1.78323215164816,27.8364182118429,0,1.50850276147221,0.0363476282824458,-0.768689840653442,MV-202-15,sine_steer_python_15kmh,COMPLETED
670,2026年09月25日_14时38分14秒_第001次,2026-09-25T14:38:14+08:00,2026-09-25T06:38:14Z,6.69,15.0875364181664,-0.0495808927918003,4.45295466136832,26.8203578462683,1.78425719075563,27.8782966399796,0,1.5248850220229,0.0367432327282682,-0.777005614388738,MV-202-15,sine_steer_python_15kmh,COMPLETED
671,2026年09月25日_14时38分14秒_第001次,2026-09-25T14:38:14+08:00,2026-09-25T06:38:14Z,6.7,15.0874559370666,-0.0497591562039491,4.50692142237005,26.8622542193898,1.78531573925542,27.9201731364114,0,1.54102648555158,0.0371330535542841,-0.785198034206068,MV-202-15,sine_steer_python_15kmh,COMPLETED
672,2026年09月25日_14时38分14秒_第001次,2026-09-25T14:38:14+08:00,2026-09-25T06:38:14Z,6.71,15.0873750139236,-0.0499293452475485,4.56017106872824,26.904149499256,1.78640818232925,27.9620476427769,0,1.55692460313405,0.0375170298712705,-0.79326577441365,MV-202-15,sine_steer_python_15kmh,COMPLETED
673,2026年09月25日_14时38分14秒_第001次,2026-09-25T14:38:14+08:00,2026-09-25T06:38:14Z,6.72,15.0872937017165,-0.0500914815150567,4.61269528441658,26.9460436470603,1.78753489968048,28.0039201002481,0,1.57257686427324,0.0378951017121795,-0.801207528852708,MV-202-15,sine_steer_python_15kmh,COMPLETED
674,2026年09月25日_14时38分14秒_第001次,2026-09-25T14:38:14+08:00,2026-09-25T06:38:14Z,6.73,15.0872120535395,-0.050245586226905,4.66448588461432,26.987936623361,1.78869626547493,28.045790449558,0,1.58798079729567,0.0382672100245774,-0.809022011840986,MV-202-15,sine_steer_python_15kmh,COMPLETED
675,2026年09月25日_14时38分14秒_第001次,2026-09-25T14:38:14+08:00,2026-09-25T06:38:14Z,6.74,15.0871301226111,-0.0503916791289913,4.71553481092648,27.0298283880914,1.78989264828347,28.087658631028,0,1.60313396974175,0.0386332966640618,-0.816707959052656,MV-202-15,sine_steer_python_15kmh,COMPLETED
676,2026年09月25日_14时38分14秒_第001次,2026-09-25T14:38:14+08:00,2026-09-25T06:38:14Z,6.75,15.0870479622773,-0.0505297774879715,4.76583412964021,27.0717189005703,1.79112441102631,28.1295245845968,0,1.61803398874989,0.0389933043888011,-0.824264128341729,MV-202-15,sine_steer_python_15kmh,COMPLETED
677,2026年09月25日_14时38分14秒_第001次,2026-09-25T14:38:14+08:00,2026-09-25T06:38:14Z,6.76,15.0869656259703,-0.0506598952408932,4.81537603335878,27.1136081195134,1.79239191091877,28.1713882498491,0,1.63267850143437,0.0393471768560136,-0.831689300476732,MV-202-15,sine_steer_python_15kmh,COMPLETED
678,2026年09月25日_14时38分14秒_第001次,2026-09-25T14:38:14+08:00,2026-09-25T06:38:14Z,6.77,15.0868831671727,-0.0507820423324585,4.86415284200456,27.1554960030454,1.79369549941874,28.2132495660459,0,1.64706519525685,0.0396948586208786,-0.838982279762687,MV-202-15,sine_steer_python_15kmh,COMPLETED
679,2026年09月25日_14时38分14秒_第001次,2026-09-25T14:38:14+08:00,2026-09-25T06:38:14Z,6.78,15.0868006393948,-0.0508962242396888,4.91215700196965,27.197382508712,1.79503552217547,28.2551084721544,0,1.66119179839163,0.0400362951378991,-0.846141894549083,MV-202-15,sine_steer_python_15kmh,COMPLETED
680,2026年09月25日_14时38分14秒_第001次,2026-09-25T14:38:14+08:00,2026-09-25T06:38:14Z,6.79,15.0867180961446,-0.0510024416812954,4.95938108507239,27.2392675934938,1.79641231897965,28.2969649068787,0,1.67505608008428,0.0403714327646956,-0.853166997625688,MV-202-15,sine_steer_python_15kmh,COMPLETED
681,2026年09月25日_14时38分14秒_第001次,2026-09-25T14:38:14+08:00,2026-09-25T06:38:14Z,6.8,15.0866355908912,-0.0511006905176565,5.00581778840452,27.2811512138192,1.7978262237145,28.3388188086909,0,1.68865585100403,0.0407002187683381,-0.860056466501747,MV-202-15,sine_steer_python_15kmh,COMPLETED
682,2026年09月25日_14时38分14秒_第001次,2026-09-25T14:38:14+08:00,2026-09-25T06:38:14Z,6.81,15.0865531768755,-0.0511909618389166,5.05145993651742,27.3230333255786,1.79927756430797,28.380670115862,0,1.70198896358938,0.0410226013342007,-0.866809203578596,MV-202-15,sine_steer_python_15kmh,COMPLETED
683,2026年09月25日_14时38分14秒_第001次,2026-09-25T14:38:14+08:00,2026-09-25T06:38:14Z,6.82,15.0864709070276,-0.0512732422477357,5.09630048128055,27.364913884139,1.80076666268569,28.4225187664934,0,1.71505331238731,0.0413385295774533,-0.873424136194198,MV-202-15,sine_steer_python_15kmh,COMPLETED
684,2026年09月25日_14时38分14秒_第001次,2026-09-25T14:38:14+08:00,2026-09-25T06:38:14Z,6.83,15.0863888345868,-0.0513475143039468,5.14033249313578,27.4067928443587,1.80229383472475,28.4643646985482,0,1.72784683438567,0.0416479535567447,-0.879900216518237,MV-202-15,sine_steer_python_15kmh,COMPLETED
685,2026年09月25日_14时38分14秒_第001次,2026-09-25T14:38:14+08:00,2026-09-25T06:38:14Z,6.84,15.0863070128908,-0.0514137570169287,5.18354916712762,27.4486701606046,1.80385939020784,28.5062078498853,0,1.74036750933905,0.0419508242884615,-0.886236421466642,MV-202-15,sine_steer_python_15kmh,COMPLETED
686,2026年09月25日_14时38分14秒_第001次,2026-09-25T14:38:14+08:00,2026-09-25T06:38:14Z,6.85,15.0862254949457,-0.0514719465102604,5.22594382995349,27.490545786769,1.80546363277816,28.5480481582914,0,1.75261336008773,0.0422470937633487,-0.892431752521367,MV-202-15,sine_steer_python_15kmh,COMPLETED
687,2026年09月25日_14时38分14秒_第001次,2026-09-25T14:38:14+08:00,2026-09-25T06:38:14Z,6.86,15.0861443330362,-0.0515220567347706,5.26750993184118,27.532419676285,1.80710685989473,28.5898855615136,0,1.76458245286991,0.04253671496374,-0.898485235512547,MV-202-15,sine_steer_python_15kmh,COMPLETED
688,2026年09月25日_14时38分14秒_第001次,2026-09-25T14:38:14+08:00,2026-09-25T06:38:14Z,6.87,15.0860635788659,-0.0515640602157458,5.30824104792721,27.5742917821433,1.80878936278805,28.6317199972911,0,1.77627289762709,0.0428196418811986,-0.904395920337511,MV-202-15,sine_steer_python_15kmh,COMPLETED
689,2026年09月25日_14时38分14秒_第001次,2026-09-25T14:38:14+08:00,2026-09-25T06:38:14Z,6.88,15.0859832848943,-0.0515979289936266,5.34813089565654,27.6161620569107,1.81051142641639,28.6735514033892,0,1.78768284830253,0.0430958295368492,-0.910162880472388,MV-202-15,sine_steer_python_15kmh,COMPLETED
690,2026年09月25日_14时38分14秒_第001次,2026-09-25T14:38:14+08:00,2026-09-25T06:38:14Z,6.89,15.0859035030452,-0.0516236354692466,5.38717332784065,27.6580304527504,1.81227332942262,28.715379717636,0,1.79881050313274,0.0433652340002928,-0.915785212712084,MV-202-15,sine_steer_python_15kmh,COMPLETED
691,2026年09月25日_14时38分14秒_第001次,2026-09-25T14:38:14+08:00,2026-09-25T06:38:14Z,6.9,15.0858242844761,-0.0516411531140217,5.42536231921985,27.69989692144,1.81407534409121,28.7572048779545,0,1.80965410493204,0.0436278124065247,-0.921262036913372,MV-202-15,sine_steer_python_15kmh,COMPLETED
692,2026年09月25日_14时38分14秒_第001次,2026-09-25T14:38:14+08:00,2026-09-25T06:38:14Z,6.91,15.0857456808662,-0.0516504570755997,5.46269195725639,27.7417614143914,1.81591773630552,28.7990268223985,0,1.82021194136999,0.043883522971276,-0.926592495687842,MV-202-15,sine_steer_python_15kmh,COMPLETED
693,2026年09月25日_14时38分14秒_第001次,2026-09-25T14:38:14+08:00,2026-09-25T06:38:14Z,6.92,15.0856677434953,-0.0516515246612783,5.49915646984991,27.7836238826728,1.81780076550568,28.8408454891891,0,1.83048234524183,0.0441323250045122,-0.931775754314858,MV-202-15,sine_steer_python_15kmh,COMPLETED
694,2026年09月25日_14时38分14秒_第001次,2026-09-25T14:38:14+08:00,2026-09-25T06:38:14Z,6.93,15.0855905228716,-0.051644335929256,5.53475023202833,27.8254842770286,1.81972468464764,28.8826608167494,0,1.84046369473174,0.0443741789253614,-0.936811000546538,MV-202-15,sine_steer_python_15kmh,COMPLETED
695,2026年09月25日_14时38分14秒_第001次,2026-09-25T14:38:14+08:00,2026-09-25T06:38:14Z,6.94,15.0855140690013,-0.051628874146888,5.56946775342679,27.8673425478997,1.82168974016288,28.9244727437385,0,1.85015441366892,0.0446090462750422,-0.941697444441255,MV-202-15,sine_steer_python_15kmh,COMPLETED
696,2026年09月25日_14时38分14秒_第001次,2026-09-25T14:38:14+08:00,2026-09-25T06:38:14Z,6.95,15.0854384314324,-0.0516051260248713,5.60330367365801,27.9091986454455,1.82369617191875,28.9662812090879,0,1.8595529717765,0.0448368897264718,-0.946434318342251,MV-202-15,sine_steer_python_15kmh,COMPLETED
697,2026年09月25日_14时38分14秒_第001次,2026-09-25T14:38:14+08:00,2026-09-25T06:38:14Z,6.96,15.0853636591214,-0.0515730818357865,5.63625276851087,27.9510525195658,1.8257442131796,29.008086152036,0,1.86865788491322,0.0450576730920779,-0.951020876933813,MV-202-15,sine_steer_python_15kmh,COMPLETED
698,2026年09月25日_14时38分14秒_第001次,2026-09-25T14:38:14+08:00,2026-09-25T06:38:14Z,6.97,15.0852898004022,-0.0515327354853583,5.66830995503246,27.9929041199228,1.82783409056919,29.049887512164,0,1.87746771530775,0.0452713613307758,-0.955456397314419,MV-202-15,sine_steer_python_15kmh,COMPLETED
699,2026年09月25日_14时38分14秒_第001次,2026-09-25T14:38:14+08:00,2026-09-25T06:38:14Z,6.98,15.0852169030333,-0.0514840845087452,5.69947029118655,28.0347533959639,1.82996602403411,29.0916852294313,0,1.88598107178573,0.0454779205537095,-0.959740179105345,MV-202-15,sine_steer_python_15kmh,COMPLETED
700,2026年09月25日_14时38分14秒_第001次,2026-09-25T14:38:14+08:00,2026-09-25T06:38:14Z,6.99,15.0851450141881,-0.0514271299664019,5.72972897458436,28.0766002969451,1.83214022680844,29.1334792442109,0,1.89419660998949,0.0456773180283831,-0.963871544620071,MV-202-15,sine_steer_python_15kmh,COMPLETED
701,2026年09月25日_14时38分14秒_第001次,2026-09-25T14:38:14+08:00,2026-09-25T06:38:14Z,7,15.0850741803906,-0.0513618762617625,5.75908134345299,28.1184447719546,1.83435690537948,29.1752694973254,0,1.90211303259031,0.0458695221814867,-0.967849839081655,MV-202-15,sine_steer_python_15kmh,COMPLETED
702,2026年09月25日_14时38分14秒_第001次,2026-09-25T14:38:14+08:00,2026-09-25T06:38:14Z,7.01,15.0850044469153,-0.0512883309073557,5.78752288459689,28.1602867699359,1.83661625945482,29.2170559300816,0,1.90972908949329,0.0460545026007889,-0.971674430907724,MV-202-15,sine_steer_python_15kmh,COMPLETED
703,2026年09月25日_14时38分14秒_第001次,2026-09-25T14:38:14+08:00,2026-09-25T06:38:14Z,7.02,15.084935858591,-0.0512065043078336,5.81504922248903,28.2021262397117,1.83891848193075,29.2588384843058,0,1.91704357803475,0.0462322300370671,-0.975344711879562,MV-202-15,sine_steer_python_15kmh,COMPLETED
704,2026年09月25日_14时38分14秒_第001次,2026-09-25T14:38:14+08:00,2026-09-25T06:38:14Z,7.03,15.0848684601752,-0.0511164094133877,5.84165611758699,28.24396313001,1.84126375886187,29.300617102381,0,1.92405534317217,0.0464026764039815,-0.978860097417064,MV-202-15,sine_steer_python_15kmh,COMPLETED
705,2026年09月25日_14时38分14秒_第001次,2026-09-25T14:38:14+08:00,2026-09-25T06:38:14Z,7.04,15.0848022955378,-0.0510180613314711,5.86733948094363,28.2857973894897,1.84365226943204,29.3423917272832,0,1.93076327766655,0.0465658147771357,-0.982220026964777,MV-202-15,sine_steer_python_15kmh,COMPLETED
706,2026年09月25日_14时38分14秒_第001次,2026-09-25T14:38:14+08:00,2026-09-25T06:38:14Z,7.05,15.0847374075436,-0.0509114770196864,5.89209537413053,28.3276289667657,1.84608418592697,29.3841623026166,0,1.93716632225726,0.0467216193940719,-0.985423964275772,MV-202-15,sine_steer_python_15kmh,COMPLETED
707,2026年09月25日_14时38分14秒_第001次,2026-09-25T14:38:14+08:00,2026-09-25T06:38:14Z,7.06,15.0846738382246,-0.0507966749431104,5.91592000283175,28.3694578104337,1.84855967370814,29.4259287726487,0,1.94326346582935,0.046870065653544,-0.988471397692761,MV-202-15,sine_steer_python_15kmh,COMPLETED
708,2026年09月25日_14时38分14秒_第001次,2026-09-25T14:38:14+08:00,2026-09-25T06:38:14Z,7.07,15.0846116287828,-0.0506736746882895,5.93880971625954,28.4112838690964,1.85107889118795,29.4676910823452,0,1.94905374557315,0.0470111301139493,-0.991361840465534,MV-202-15,sine_steer_python_15kmh,COMPLETED
709,2026年09月25日_14时38分14秒_第001次,2026-09-25T14:38:14+08:00,2026-09-25T06:38:14Z,7.08,15.0845508195131,-0.0505424966029425,5.96076101067189,28.4531070913895,1.85364198980638,29.5094491774058,0,1.95453624713639,0.0471447904919039,-0.994094831056558,MV-202-15,sine_steer_python_15kmh,COMPLETED
710,2026年09月25日_14时38分14秒_第001次,2026-09-25T14:38:14+08:00,2026-09-25T06:38:14Z,7.09,15.0844914497865,-0.050403161490432,5.98177053104989,28.4949274260075,1.85624911400906,29.5512030042986,0,1.95971010476849,0.0472710256613759,-0.996669933406583,MV-202-15,sine_steer_python_15kmh,COMPLETED
711,2026年09月25日_14时38分14秒_第001次,2026-09-25T14:38:14+08:00,2026-09-25T06:38:14Z,7.1,15.0844335580604,-0.0502556903467184,6.00183507036602,28.536744821731,1.85890040122674,29.5929525102947,0,1.96457450145738,0.0473898156532093,-0.999086737169833,MV-202-15,sine_steer_python_15kmh,COMPLETED
712,2026年09月25日_14时38分14秒_第001次,2026-09-25T14:38:14+08:00,2026-09-25T06:38:14Z,7.11,15.0843771818557,-0.0501001041372364,6.02095156905402,28.5785592274526,1.86159598185606,29.6346976435031,0,1.96912866905841,0.0475011416550058,-1.00134485792455,MV-202-15,sine_steer_python_15kmh,COMPLETED
713,2026年09月25日_14时38分14秒_第001次,2026-09-25T14:38:14+08:00,2026-09-25T06:38:14Z,7.12,15.0843223577175,-0.0499364236294311,6.03911711560142,28.6203705922044,1.86433597924163,29.6764383529044,0,1.97337188841574,0.0476049860115935,-1.00344393734807,MV-202-15,sine_steer_python_15kmh,COMPLETED
714,2026年09月25日_14时38分14秒_第001次,2026-09-25T14:38:14+08:00,2026-09-25T06:38:14Z,7.13,15.08426912119,-0.0497646692916657,6.05632894731043,28.6621788651848,1.86712050965938,29.7181745883851,0,1.97730348947583,0.0477013322262412,-1.00538364334718,MV-202-15,sine_steer_python_15kmh,COMPLETED
715,2026年09月25日_14时38分14秒_第001次,2026-09-25T14:38:14+08:00,2026-09-25T06:38:14Z,7.14,15.0842175068056,-0.0495848612549191,6.07258445057452,28.7039839957857,1.8699496823011,29.7599063007708,0,1.9809228513933,0.0477901649625763,-1.00716367014567,MV-202-15,sine_steer_python_15kmh,COMPLETED
716,2026年09月25日_14时38分14秒_第001次,2026-09-25T14:38:14+08:00,2026-09-25T06:38:14Z,7.15,15.0841675480703,-0.0493970193286441,6.08788116093984,28.7457859336199,1.87282359926024,29.80163344186,0,1.98422940262896,0.0478714700470879,-1.00878373833524,MV-202-15,sine_steer_python_15kmh,COMPLETED
717,2026年09月25日_14时38分14秒_第001次,2026-09-25T14:38:14+08:00,2026-09-25T06:38:14Z,7.16,15.0841192774408,-0.0492011630650851,6.10221676332398,28.7875846285489,1.8757423555187,29.8433559644565,0,1.98722262104002,0.0479452344721411,-1.01024359489337,MV-202-15,sine_steer_python_15kmh,COMPLETED
718,2026年09月25日_14时38分14秒_第001次,2026-09-25T14:38:14+08:00,2026-09-25T06:38:14Z,7.17,15.0840727263014,-0.0489973118679999,6.11558909236603,28.8293800307101,1.87870603893486,29.8850738224025,0,1.9899020339626,0.048011446399449,-1.01154301316964,MV-202-15,sine_steer_python_15kmh,COMPLETED
719,2026年09月25日_14时38分14秒_第001次,2026-09-25T14:38:14+08:00,2026-09-25T06:38:14Z,7.18,15.0840279249439,-0.0487854851400812,6.12799613273015,28.8711720905448,1.88171473023262,29.9267869706107,0,1.99226721828634,0.0480700951639267,-1.01268179284351,MV-202-15,sine_steer_python_15kmh,COMPLETED
720,2026年09月25日_14时38分14秒_第001次,2026-09-25T14:38:14+08:00,2026-09-25T06:38:14Z,7.19,15.0839849025501,-0.0485657024618692,6.13943601932153,28.9129607588262,1.88476850299145,29.9684953650964,0,1.99431780052123,0.0481211712778271,-1.01365975985785,MV-202-15,sine_steer_python_15kmh,COMPLETED
721,2026年09月25日_14时38分14秒_第001次,2026-09-25T14:38:14+08:00,2026-09-25T06:38:14Z,7.2,15.0839436877613,-0.0483382147237122,6.1499064181953,28.9547459867017,1.88786742344404,30.0101989630359,0,1.99605345685654,0.0481646697363819,-1.0144766265752,MV-202-15,sine_steer_python_15kmh,COMPLETED
722,2026年09月25日_14时38分14秒_第001次,2026-09-25T14:38:14+08:00,2026-09-25T06:38:14Z,7.21,15.0839043035947,-0.0481030740247938,6.15940783813756,28.9965277256769,1.89101155101193,30.0518977227218,0,1.99747391321203,0.048200583897683,-1.01513225125571,MV-202-15,sine_steer_python_15kmh,COMPLETED
723,2026年09月25日_14时38分14秒_第001次,2026-09-25T14:38:14+08:00,2026-09-25T06:38:14Z,7.22,15.0838667822463,-0.047860131656913,6.16793563750817,29.038305927731,1.89420093719257,30.0935916037048,0,1.99857894528118,0.0482289054313952,-1.01562663915712,MV-202-15,sine_steer_python_15kmh,COMPLETED
724,2026年09月25日_14时38分14秒_第001次,2026-09-25T14:38:14+08:00,2026-09-25T06:38:14Z,7.23,15.0838311430333,-0.0476094138210431,6.17549157667656,29.0800805452212,1.89743562727218,30.1352805667043,0,1.9993683785666,0.0482496296670522,-1.01595971795327,MV-202-15,sine_steer_python_15kmh,COMPLETED
725,2026年09月25日_14时38分14秒_第001次,2026-09-25T14:38:14+08:00,2026-09-25T06:38:14Z,7.24,15.083797412228,-0.047350805855372,6.1820722756389,29.1218515310235,1.90071565862931,30.1769645737294,0,1.99984208840763,0.0482627511011474,-1.01613152639072,MV-202-15,sine_steer_python_15kmh,COMPLETED
726,2026年09月25日_14时38分14秒_第001次,2026-09-25T14:38:14+08:00,2026-09-25T06:38:14Z,7.25,15.0837656105917,-0.0470844865583828,6.18767811701248,29.1636188384789,1.90404106199477,30.2186435880598,0,2,0.0482682695899698,-1.01614195320298,MV-202-15,sine_steer_python_15kmh,COMPLETED
727,2026年09月25日_14时38分14秒_第001次,2026-09-25T14:38:14+08:00,2026-09-25T06:38:14Z,7.26,15.0837357578773,-0.0468104972517525,6.19230758368497,29.2053824214682,1.90741186067658,30.2603175742907,0,1.99984208840763,0.048266184223947,-1.01599099602222,MV-202-15,sine_steer_python_15kmh,COMPLETED
728,2026年09月25日_14时38分14秒_第001次,2026-09-25T14:38:14+08:00,2026-09-25T06:38:14Z,7.27,15.0837078765408,-0.0465288483614837,6.19596092117449,29.2471422344477,1.91082807060284,30.301986498369,0,1.9993683785666,0.0482564948351619,-1.01567869730352,MV-202-15,sine_steer_python_15kmh,COMPLETED
729,2026年09月25日_14时38分14秒_第001次,2026-09-25T14:38:14+08:00,2026-09-25T06:38:14Z,7.28,15.0836819837098,-0.0462395050136894,6.19863631457651,29.2888982324318,1.91428970084322,30.3436503276064,0,1.99857894528118,0.0482392017876895,-1.01520515381449,MV-202-15,sine_steer_python_15kmh,COMPLETED
730,2026年09月25日_14时38分14秒_第001次,2026-09-25T14:38:14+08:00,2026-09-25T06:38:14Z,7.29,15.083658096149,-0.0459423248284,6.20033442306061,29.3306503710487,1.91779675322825,30.3853090306973,0,1.99747391321203,0.0482143050826759,-1.01457055410916,MV-202-15,sine_steer_python_15kmh,COMPLETED
731,2026年09月25日_14时38分14秒_第001次,2026-09-25T14:38:14+08:00,2026-09-25T06:38:14Z,7.3,15.0836362305724,-0.0456371089728922,6.20105489991364,29.3723986065533,1.92134922255118,30.4269625777436,0,1.99605345685654,0.0481818050750216,-1.013775148146,MV-202-15,sine_steer_python_15kmh,COMPLETED
732,2026年09月25日_14时38分14秒_第001次,2026-09-25T14:38:14+08:00,2026-09-25T06:38:14Z,7.31,15.0836164028327,-0.0453236163847824,6.20079774211328,29.4141428958528,1.92494709662482,30.4686109402827,0,1.99431780052123,0.0481417026693917,-1.01281923901506,MV-202-15,sine_steer_python_15kmh,COMPLETED
733,2026年09月25日_14时38分14秒_第001次,2026-09-25T14:38:14+08:00,2026-09-25T06:38:14Z,7.32,15.0835986273462,-0.0450019741397453,6.19956211301134,29.4558831965613,1.92859035596623,30.5102540913609,0,1.99226721828634,0.0480940051809416,-1.01170293490393,MV-202-15,sine_steer_python_15kmh,COMPLETED
734,2026年09月25日_14时38分14秒_第001次,2026-09-25T14:38:14+08:00,2026-09-25T06:38:14Z,7.33,15.0835829104569,-0.0446723512061575,6.19735089055678,29.497619466963,1.93227897441486,30.5518920054571,0,1.9899020339626,0.048038721713837,-1.01042634512344,MV-202-15,sine_steer_python_15kmh,COMPLETED
735,2026年09月25日_14时38分14秒_第001次,2026-09-25T14:38:14+08:00,2026-09-25T06:38:14Z,7.34,15.0835692698425,-0.044334814294822,6.1941610934794,29.5393516661711,1.93601291769906,30.5935246586579,0,1.98722262104002,0.0479758611042456,-1.00898966559105,MV-202-15,sine_steer_python_15kmh,COMPLETED
736,2026年09月25日_14时38分14秒_第001次,2026-09-25T14:38:14+08:00,2026-09-25T06:38:14Z,7.35,15.0835577100949,-0.0439897593473887,6.18999599603421,29.581079754016,1.93979214513055,30.635152028557,0,1.98422940262896,0.0479054380753518,-1.00739292013782,MV-202-15,sine_steer_python_15kmh,COMPLETED
737,2026年09月25日_14时38分14秒_第001次,2026-09-25T14:38:14+08:00,2026-09-25T06:38:14Z,7.36,15.0835482403894,-0.0436372943682879,6.18485502083621,29.6228036911829,1.94361660815272,30.6767740943391,0,1.9809228513933,0.0478274644517395,-1.00563633085617,MV-202-15,sine_steer_python_15kmh,COMPLETED
738,2026年09月25日_14时38分14秒_第001次,2026-09-25T14:38:14+08:00,2026-09-25T06:38:14Z,7.37,15.0835408690529,-0.0432775100554448,6.17873907411273,29.6645234391778,1.94748625123197,30.7183908367845,0,1.97730348947583,0.0477419529925027,-1.00372015618646,MV-202-15,sine_steer_python_15kmh,COMPLETED
739,2026年09月25日_14时38分14秒_第001次,2026-09-25T14:38:14+08:00,2026-09-25T06:38:14Z,7.38,15.0835356007116,-0.0429104980578897,6.1716493144206,29.7062389603666,1.951401011658,30.7600022382823,0,1.97337188841574,0.0476489176482603,-1.00164468013148,MV-202-15,sine_steer_python_15kmh,COMPLETED
740,2026年09月25日_14时38分14秒_第001次,2026-09-25T14:38:14+08:00,2026-09-25T06:38:14Z,7.39,15.0835324392232,-0.0425363477729576,6.1635869039351,29.7479502179971,1.95536081956859,30.8016082828504,0,1.96912866905841,0.0475483735133496,-0.999410213916286,MV-202-15,sine_steer_python_15kmh,COMPLETED
741,2026年09月25日_14时38分14秒_第001次,2026-09-25T14:38:14+08:00,2026-09-25T06:38:14Z,7.4,15.0835313876863,-0.0421551452080529,6.15455313621021,29.7896571762272,1.95936559797097,30.8432089561588,0,1.96457450145738,0.0474403368069712,-0.997017096634879,MV-202-15,sine_steer_python_15kmh,COMPLETED
742,2026年09月25日_14时38分14秒_第001次,2026-09-25T14:38:14+08:00,2026-09-25T06:38:14Z,7.41,15.083532447548,-0.0417669725604175,6.14454946400908,29.8313598001495,1.96341526275819,30.8848042455495,0,1.95971010476849,0.0473248248642807,-0.994465695532143,MV-202-15,sine_steer_python_15kmh,COMPLETED
743,2026年09月25日_14时38分14秒_第001次,2026-09-25T14:38:14+08:00,2026-09-25T06:38:14Z,7.42,15.0835356187054,-0.0413719076063164,6.13357749488214,29.8730580558161,1.96750972272776,30.9263941400544,0,1.95453624713639,0.0472018561245232,-0.991756406322796,MV-202-15,sine_steer_python_15kmh,COMPLETED
744,2026年09月25日_14时38分14秒_第001次,2026-09-25T14:38:14+08:00,2026-09-25T06:38:14Z,7.43,15.0835408998302,-0.0409700228133588,6.12163898018896,29.9147519102623,1.9716488796022,30.9679786304139,0,1.94905374557315,0.0470714501149547,-0.988889653659806,MV-202-15,sine_steer_python_15kmh,COMPLETED
745,2026年09月25日_14时38分14秒_第001次,2026-09-25T14:38:14+08:00,2026-09-25T06:38:14Z,7.44,15.0835482883535,-0.0405613843703266,6.10873581267687,29.9564413315317,1.9758326280516,31.0095577090939,0,1.94326346582935,0.0469336274332965,-0.985865891678624,MV-202-15,sine_steer_python_15kmh,COMPLETED
746,2026年09月25日_14时38分14秒_第001次,2026-09-25T14:38:14+08:00,2026-09-25T06:38:14Z,7.45,15.0835577803431,-0.0401460514099386,6.09487003010432,29.9981262886991,1.98006085571827,31.051131370302,0,1.93716632225726,0.0467884097326522,-0.982685604433239,MV-202-15,sine_steer_python_15kmh,COMPLETED
747,2026年09月25日_14时38分14秒_第001次,2026-09-25T14:38:14+08:00,2026-09-25T06:38:14Z,7.46,15.0835693704981,-0.0397240756075232,6.08004381671013,30.0398067518938,1.98433344324333,31.0926996100017,0,1.93076327766655,0.0466358197115244,-0.979349306095429,MV-202-15,sine_steer_python_15kmh,COMPLETED
748,2026年09月25日_14时38分14秒_第001次,2026-09-25T14:38:14+08:00,2026-09-25T06:38:14Z,7.47,15.0835830522049,-0.0392955012425445,6.06425950143246,30.0814826923224,1.98865026429483,31.1342624259249,0,1.92405534317217,0.0464758811102212,-0.975857540867043,MV-202-15,sine_steer_python_15kmh,COMPLETED
749,2026年09月25日_14时38分14秒_第001次,2026-09-25T14:38:14+08:00,2026-09-25T06:38:14Z,7.48,15.0835988175578,-0.038860365775267,6.04751955630317,30.1231540822906,1.99301118559677,31.1758198175845,0,1.91704357803475,0.046308618714453,-0.972210882578735,MV-202-15,sine_steer_python_15kmh,COMPLETED
750,2026年09月25日_14时38分14秒_第001次,2026-09-25T14:38:14+08:00,2026-09-25T06:38:14Z,7.49,15.0836166573484,-0.038418700958334,6.02982659641467,30.1648208952256,1.99741606695863,31.2173717862844,0,1.90972908949329,0.0461340583664655,-0.968409933960185,MV-202-15,sine_steer_python_15kmh,COMPLETED
751,2026年09月25日_14时38分14秒_第001次,2026-09-25T14:38:14+08:00,2026-09-25T06:38:14Z,7.5,15.0836365610653,-0.037970534434582,6.01118338034003,30.2064831056971,2.00186476130476,31.2589183351298,0,1.90211303259031,0.0459522269830757,-0.964455325605529,MV-202-15,sine_steer_python_15kmh,COMPLETED
752,2026年09月25日_14时38分14秒_第001次,2026-09-25T14:38:14+08:00,2026-09-25T06:38:14Z,7.51,15.0836585169081,-0.0375158916967301,5.99159281014338,30.2481406894391,2.00635711470337,31.3004594690362,0,1.89419660998949,0.0457631525788922,-0.960347714706582,MV-202-15,sine_steer_python_15kmh,COMPLETED
753,2026年09月25日_14时38分14秒_第001次,2026-09-25T14:38:14+08:00,2026-09-25T06:38:14Z,7.52,15.0836825117974,-0.0370547982370826,5.97105793127262,30.2897936233703,2.01089296639474,31.3419951947384,0,1.88598107178573,0.0455668642923051,-0.956087783657312,MV-202-15,sine_steer_python_15kmh,COMPLETED
754,2026年09月25日_14时38分14秒_第001次,2026-09-25T14:38:14+08:00,2026-09-25T06:38:14Z,7.53,15.0837085313776,-0.0365872817001488,5.94958193276677,30.3314418856151,2.01547214881862,31.383525520799,0,1.87746771530775,0.0453633924115953,-0.951676238642149,MV-202-15,sine_steer_python_15kmh,COMPLETED
755,2026年09月25日_14时38分14秒_第001次,2026-09-25T14:38:14+08:00,2026-09-25T06:38:14Z,7.54,15.0837365600204,-0.0361133738578342,5.92716814771403,30.3730854555241,2.02009448764084,31.4250504576162,0,1.86865788491322,0.0451527683985843,-0.947113808316627,MV-202-15,sine_steer_python_15kmh,COMPLETED
756,2026年09月25日_14时38分14秒_第001次,2026-09-25T14:38:14+08:00,2026-09-25T06:38:14Z,7.55,15.0837665808322,-0.0356331122513925,5.90382005369652,30.4147243136938,2.02475980177957,31.4665700174317,0,1.8595529717765,0.0449350249075794,-0.942401242675232,MV-202-15,sine_steer_python_15kmh,COMPLETED
757,2026年09月25日_14时38分14秒_第001次,2026-09-25T14:38:14+08:00,2026-09-25T06:38:14Z,7.56,15.0837985756649,-0.0351465413867382,5.87954127312381,30.4563584419861,2.0294679034314,31.5080842143374,0,1.85015441366892,0.0447101957979516,-0.937539312176955,MV-202-15,sine_steer_python_15kmh,COMPLETED
758,2026年09月25日_14时38分14秒_第001次,2026-09-25T14:38:14+08:00,2026-09-25T06:38:14Z,7.57,15.0838325251255,-0.0346537134260661,5.85433557348583,30.4979878235479,2.03421859809782,31.5495930642822,0,1.84046369473174,0.0444783161394817,-0.932528807165491,MV-202-15,sine_steer_python_15kmh,COMPLETED
759,2026年09月25日_14时38分14秒_第001次,2026-09-25T14:38:14+08:00,2026-09-25T06:38:14Z,7.58,15.0838684085865,-0.0341546883788821,5.82820686751359,30.5396124428295,2.03901168461257,31.5910965850773,0,1.83048234524183,0.0442394222104571,-0.927370537584718,MV-202-15,sine_steer_python_15kmh,COMPLETED
760,2026年09月25日_14时38分14秒_第001次,2026-09-25T14:38:14+08:00,2026-09-25T06:38:14Z,7.59,15.0839062041972,-0.0336495338505536,5.80115921317645,30.5812322856026,2.04384695517019,31.6325947964004,0,1.82021194136999,0.0439935514892948,-0.922065332956788,MV-202-15,sine_steer_python_15kmh,COMPLETED
761,2026年09月25日_14时38分14秒_第001次,2026-09-25T14:38:14+08:00,2026-09-25T06:38:14Z,7.6,15.0839458888957,-0.0331383244485666,5.77319681346188,30.6228473389779,2.04872419535621,31.6740877197991,0,1.80965410493204,0.0437407426410693,-0.916614042564439,MV-202-15,sine_steer_python_15kmh,COMPLETED
762,2026年09月25日_14时38分14秒_第001次,2026-09-25T14:38:14+08:00,2026-09-25T06:38:14Z,7.61,15.0839874384212,-0.0326211409716212,5.74432401592822,30.664457591422,2.05364318417904,31.7155753786926,0,1.79881050313274,0.0434810355006958,-0.911017535763691,MV-202-15,sine_steer_python_15kmh,COMPLETED
763,2026年09月25日_14时38分14秒_第001次,2026-09-25T14:38:14+08:00,2026-09-25T06:38:14Z,7.62,15.0840308273254,-0.0320980695120436,5.71454531204885,30.7060630327737,2.05860369410376,31.7570577983728,0,1.78768284830253,0.0432144710546089,-0.90527670234906,MV-202-15,sine_steer_python_15kmh,COMPLETED
764,2026年09月25日_14时38分14秒_第001次,2026-09-25T14:38:14+08:00,2026-09-25T06:38:14Z,7.63,15.0840760289844,-0.0315692005879857,5.6838653363642,30.747663654259,2.06360549108764,31.7985350060032,0,1.77627289762709,0.0429410914225925,-0.899392452901271,MV-202-15,sine_steer_python_15kmh,COMPLETED
765,2026年09月25日_14时38分14秒_第001次,2026-09-25T14:38:14+08:00,2026-09-25T06:38:14Z,7.64,15.084123015612,-0.0310346283921767,5.65228886546899,30.7892594485069,2.06864833461735,31.8400070306174,0,1.76458245286991,0.0426609398410068,-0.893365719064792,MV-202-15,sine_steer_python_15kmh,COMPLETED
766,2026年09月25日_14时38分14秒_第001次,2026-09-25T14:38:14+08:00,2026-09-25T06:38:14Z,7.65,15.0841717582743,-0.0304944502046481,5.61982081687456,30.8308504095625,2.07373197774755,31.8814739031163,0,1.75261336008773,0.0423740606481033,-0.887197453725915,MV-202-15,sine_steer_python_15kmh,COMPLETED
767,2026年09月25日_14时38分14秒_第001次,2026-09-25T14:38:14+08:00,2026-09-25T06:38:14Z,7.66,15.0842222269068,-0.02994876597523,5.58646624779578,30.8724365329016,2.07885616714073,31.9229356562643,0,1.74036750933905,0.0420804992715332,-0.880888631087065,MV-202-15,sine_steer_python_15kmh,COMPLETED
768,2026年09月25日_14时38分14秒_第001次,2026-09-25T14:38:14+08:00,2026-09-25T06:38:14Z,7.67,15.0842743903336,-0.0293976780448714,5.55223035390946,30.9140178154427,2.08402064310812,31.9643923246842,0,1.72784683438567,0.0417803022176255,-0.87444024665524,MV-202-15,sine_steer_python_15kmh,COMPLETED
769,2026年09月25日_14时38分14秒_第001次,2026-09-25T14:38:14+08:00,2026-09-25T06:38:14Z,7.68,15.0843282162892,-0.0288412909486986,5.51711846812061,30.9555942555598,2.0892251396515,32.0058439448523,0,1.7150533123873,0.0414735170616395,-0.867853317178464,MV-202-15,sine_steer_python_15kmh,COMPLETED
770,2026年09月25日_14时38分14秒_第001次,2026-09-25T14:38:14+08:00,2026-09-25T06:38:14Z,7.69,15.0843836714418,-0.0282797112320973,5.48113605936141,30.9971658530937,2.09446938450586,32.0472905550917,0,1.70198896358938,0.0411601924380166,-0.861128880571504,MV-202-15,sine_steer_python_15kmh,COMPLETED
771,2026年09月25日_14时38分14秒_第001次,2026-09-25T14:38:14+08:00,2026-09-25T06:38:14Z,7.7,15.0844407214176,-0.0277130472146601,5.44428873143469,31.0387326093629,2.0997530991831,32.0887321955654,0,1.68865585100403,0.0408403780297051,-0.854267995870281,MV-202-15,sine_steer_python_15kmh,COMPLETED
772,2026年09月25日_14时38分14秒_第001次,2026-09-25T14:38:14+08:00,2026-09-25T06:38:14Z,7.71,15.0844993308262,-0.0271414086537935,5.40658222189951,31.0802945271739,2.10507599901659,32.1301689082691,0,1.67505608008428,0.0405141245558631,-0.847271743244491,MV-202-15,sine_steer_python_15kmh,COMPLETED
773,2026年09月25日_14时38分14秒_第001次,2026-09-25T14:38:14+08:00,2026-09-25T06:38:14Z,7.72,15.0845594632846,-0.0265649062858859,5.36802240098783,31.1218516108307,2.110437793207,32.1716007370221,0,1.66119179839162,0.0401814837576122,-0.840141224082397,MV-202-15,sine_steer_python_15kmh,COMPLETED
774,2026年09月25日_14时38分14秒_第001次,2026-09-25T14:38:14+08:00,2026-09-25T06:38:14Z,7.73,15.0846210814422,-0.0259836512529621,5.32861527053445,31.1634038661433,2.11583818486937,32.2130277274579,0,1.64706519525686,0.0398425083819445,-0.832877561143658,MV-202-15,sine_steer_python_15kmh,COMPLETED
775,2026年09月25日_14时38分14秒_第001次,2026-09-25T14:38:14+08:00,2026-09-25T06:38:14Z,7.74,15.0846841470038,-0.0253977544507755,5.28836696290254,31.204951300436,2.12127687108157,32.2544499270144,0,1.63267850143437,0.0394972521642804,-0.825481898759029,MV-202-15,sine_steer_python_15kmh,COMPLETED
776,2026年09月25日_14时38分14秒_第001次,2026-09-25T14:38:14+08:00,2026-09-25T06:38:14Z,7.75,15.0847486207537,-0.0248073258555953,5.24728373989346,31.2464939225544,2.12675354293429,32.295867384922,0,1.6180339887499,0.0391457698104925,-0.817955403042755,MV-202-15,sine_steer_python_15kmh,COMPLETED
777,2026年09月25日_14时38分14秒_第001次,2026-09-25T14:38:14+08:00,2026-09-25T06:38:14Z,7.76,15.084814462579,-0.0242124738981232,5.20537199163526,31.288031742872,2.13226788558241,32.3372801521911,0,1.60313396974175,0.0387881169793693,-0.810299262076328,MV-202-15,sine_steer_python_15kmh,COMPLETED
778,2026年09月25日_14时38分14秒_第001次,2026-09-25T14:38:14+08:00,2026-09-25T06:38:14Z,7.77,15.0848816314943,-0.0236133049527368,5.1626382354541,31.3295647732957,2.13781957829779,32.3786882815984,0,1.58798079729567,0.0384243502665018,-0.802514686022165,MV-202-15,sine_steer_python_15kmh,COMPLETED
779,2026年09月25日_14时38分14秒_第001次,2026-09-25T14:38:14+08:00,2026-09-25T06:38:14Z,7.78,15.0849500856665,-0.0230099229992814,5.11908911474177,31.3710930272708,2.14340829452335,32.4200918276724,0,1.57257686427324,0.0380545271904265,-0.794602907132025,MV-202-15,sine_steer_python_15kmh,COMPLETED
780,2026年09月25日_14时38分14秒_第001次,2026-09-25T14:38:14+08:00,2026-09-25T06:38:14Z,7.79,15.0850197824413,-0.0224024294952462,5.07473139783487,31.412616519785,2.14903370192809,32.4614908466766,0,1.55692460313405,0.0376787061815858,-0.786565179626419,MV-202-15,sine_steer_python_15kmh,COMPLETED
781,2026年09月25日_14时38分14秒_第001次,2026-09-25T14:38:14+08:00,2026-09-25T06:38:14Z,7.8,15.0850906783705,-0.0217909234717508,5.02957197692634,31.4541352673718,2.15469546246305,32.5028853965935,0,1.54102648555158,0.0372969465743267,-0.778402779435929,MV-202-15,sine_steer_python_15kmh,COMPLETED
782,2026年09月25日_14时38分14秒_第001次,2026-09-25T14:38:14+08:00,2026-09-25T06:38:14Z,7.81,15.0851627292405,-0.02117550184132,4.98361786702608,31.4956492881132,2.16039323241785,32.544275537106,0,1.5248850220229,0.0369093086017904,-0.770117003810611,MV-202-15,sine_steer_python_15kmh,COMPLETED
783,2026年09月25日_14时38分14秒_第001次,2026-09-25T14:38:14+08:00,2026-09-25T06:38:14Z,7.82,15.0852358901011,-0.0205562598825818,4.93687620498356,31.5371586016415,2.16612666247766,32.5856613295789,0,1.50850276147221,0.0365158533932243,-0.761709170817612,MV-202-15,sine_steer_python_15kmh,COMPLETED
784,2026年09月25日_14时38分14秒_第001次,2026-09-25T14:38:14+08:00,2026-09-25T06:38:14Z,7.83,15.0853101152949,-0.0199332918496227,4.88935424857903,31.5786632291408,2.17189539778043,32.6270428370394,0,1.49188229084836,0.0361166429729887,-0.753180618757761,MV-202-15,sine_steer_python_15kmh,COMPLETED
785,2026年09月25日_14时38分14秒_第001次,2026-09-25T14:38:14+08:00,2026-09-25T06:38:14Z,7.84,15.085385358487,-0.019306691643966,4.84105937568271,31.6201631933474,2.17769907797439,32.6684201241569,0,1.47502623471635,0.0357117402603897,-0.74453270553813,MV-202-15,sine_steer_python_15kmh,COMPLETED
786,2026年09月25日_14时38分14秒_第001次,2026-09-25T14:38:14+08:00,2026-09-25T06:38:14Z,7.85,15.0854615726954,-0.0186765534854024,4.79199908347431,31.6616585185495,2.18353733727568,32.7097932572223,0,1.45793725484282,0.0353012090694342,-0.735766808038851,MV-202-15,sine_steer_python_15kmh,COMPLETED
787,2026年09月25日_14时38分14秒_第001次,2026-09-25T14:38:14+08:00,2026-09-25T06:38:14Z,7.86,15.0855387103207,-0.0180429725241278,4.74218098770946,31.703149230587,2.18940980452623,32.7511623041265,0,1.44061804977581,0.0348851141076867,-0.726884321509089,MV-202-15,sine_steer_python_15kmh,COMPLETED
788,2026年09月25日_14时38分14秒_第001次,2026-09-25T14:38:14+08:00,2026-09-25T06:38:14Z,7.87,15.0856167231767,-0.0174060453492198,4.69161282201379,31.7446353568494,2.19531610325193,32.7925273343384,0,1.42307135441857,0.0344635209735789,-0.717886659019697,MV-202-15,sine_steer_python_15kmh,COMPLETED
789,2026年09月25日_14时38分14秒_第001次,2026-09-25T14:38:14+08:00,2026-09-25T06:38:14Z,7.88,15.085695562521,-0.0167658703653462,4.64030243718317,31.7861169262739,2.20125585172121,32.8338884188819,0,1.4052999395977,0.0340364961517602,-0.70877525099014,MV-202-15,sine_steer_python_15kmh,COMPLETED
790,2026年09月25日_14时38分14秒_第001次,2026-09-25T14:38:14+08:00,2026-09-25T06:38:14Z,7.89,15.0857751790853,-0.0161225480282395,4.58825780046728,31.8275939693428,2.20722866300424,32.8752456303123,0,1.38730661162561,0.0336041070063393,-0.699551544796123,MV-202-15,sine_steer_python_15kmh,COMPLETED
791,2026年09月25日_14时38分14秒_第001次,2026-09-25T14:38:14+08:00,2026-09-25T06:38:14Z,7.9,15.0858555231056,-0.0154761809473751,4.53548699481412,31.869066518079,2.21323414503271,32.916599042692,0,1.36909421185738,0.0331664217721234,-0.69021700445357,MV-202-15,sine_steer_python_15kmh,COMPLETED
792,2026年09月25日_14时38分14秒_第001次,2026-09-25T14:38:14+08:00,2026-09-25T06:38:14Z,7.91,15.0859365442571,-0.0148268738800142,4.48199821906982,31.9105346060422,2.21927190066041,32.9579487315652,0,1.35066561624205,0.0327235095441853,-0.680773110370042,MV-202-15,sine_steer_python_15kmh,COMPLETED
793,2026年09月25日_14时38分14秒_第001次,2026-09-25T14:38:14+08:00,2026-09-25T06:38:14Z,7.92,15.0860181915444,-0.0141747336564799,4.42779978802629,31.9519982683229,2.22534152772464,32.9992947739305,0,1.33202373486851,0.0322754402663171,-0.671221359136932,MV-202-15,sine_steer_python_15kmh,COMPLETED
794,2026年09月25日_14时38分14秒_第001次,2026-09-25T14:38:14+08:00,2026-09-25T06:38:14Z,7.93,15.0861004140597,-0.0135198690586717,4.37290012255969,31.9934575415369,2.23144261910849,33.0406372482149,0,1.31317151150591,0.0318222847186804,-0.661563263303038,MV-202-15,sine_steer_python_15kmh,COMPLETED
795,2026年09月25日_14时38分14秒_第001次,2026-09-25T14:38:14+08:00,2026-09-25T06:38:14Z,7.94,15.0861831605148,-0.0128623906411857,4.31730775740776,32.0349124638194,2.23757476280398,33.0819762342465,0,1.29411192313889,0.0313641145044953,-0.651800351245282,MV-202-15,sine_steer_python_15kmh,COMPLETED
796,2026年09月25日_14时38分14秒_第001次,2026-09-25T14:38:14+08:00,2026-09-25T06:38:14Z,7.95,15.0862663791464,-0.0122024106384632,4.26103134170577,32.0763630748172,2.24373754197599,33.1233118132254,0,1.27484797949738,0.0309010020378141,-0.641934166965176,MV-202-15,sine_steer_python_15kmh,COMPLETED
797,2026年09月25日_14时38分14秒_第001次,2026-09-25T14:38:14+08:00,2026-09-25T06:38:14Z,7.96,15.086350017854,-0.0115400429026026,4.20407963407665,32.1178094156801,2.24993053502698,33.1646440676936,0,1.2553827225814,0.0304330205316,-0.631966269852801,MV-202-15,sine_steer_python_15kmh,COMPLETED
798,2026年09月25日_14时38分14秒_第001次,2026-09-25T14:38:14+08:00,2026-09-25T06:38:14Z,7.97,15.0864340242736,-0.0108754028470834,4.14646149976109,32.1592515290522,2.25615331566228,33.205973081505,0,1.23571922618067,0.0299602439857633,-0.621898234448631,MV-202-15,sine_steer_python_15kmh,COMPLETED
799,2026年09月25日_14时38分14秒_第001次,2026-09-25T14:38:14+08:00,2026-09-25T06:38:14Z,7.98,15.086518345519,-0.0102086073819641,4.08818590805546,32.2006894590613,2.262405452956,33.2472989397937,0,1.21586059538921,0.02948274717495,-0.611731650224137,MV-202-15,sine_steer_python_15kmh,COMPLETED
800,2026年09月25日_14时38分14秒_第001次,2026-09-25T14:38:14+08:00,2026-09-25T06:38:14Z,7.99,15.0866029283976,-0.00953977489954275,4.02926193545147,32.2421232513084,2.26868651141746,33.2886217289422,0,1.19580996611504,0.0290006056369271,-0.601468121306542,MV-202-15,sine_steer_python_15kmh,COMPLETED
801,2026年09月25日_14时38分14秒_第001次,2026-09-25T14:38:14+08:00,2026-09-25T06:38:14Z,8,15.086687720104,-0.0088690253350891,3.96969876987713,32.2835529528567,2.27499605105859,33.3299415365493,0,1.17557050458495,0.028513895661925,-0.591109266135113,MV-202-15,sine_steer_python_15kmh,COMPLETED
802,2026年09月25日_14时38分14秒_第001次,2026-09-25T14:38:14+08:00,2026-09-25T06:38:14Z,8.01,15.0867726677266,-0.00819648010749308,3.90950569952953,32.324978612221,2.28133362746194,33.3712584513987,0,1.15514540684454,0.0280226942801569,-0.580656717243507,MV-202-15,sine_steer_python_15kmh,COMPLETED
803,2026年09月25日_14时38分14秒_第001次,2026-09-25T14:38:14+08:00,2026-09-25T06:38:14Z,8.02,15.0868577180871,-0.00752226194281774,3.84869211025795,32.3664002793544,2.28769879184885,33.4125725634252,0,1.13453789825351,0.0275270792475454,-0.570112121094064,MV-202-15,sine_steer_python_15kmh,COMPLETED
804,2026年09月25日_14时38分14秒_第001次,2026-09-25T14:38:14+08:00,2026-09-25T06:38:14Z,8.03,15.0869428178129,-0.00684649466315838,3.78726748831517,32.4078180056347,2.29409109114848,33.4538839636805,0,1.11375123297638,0.0270271290308248,-0.55947713792083,MV-202-15,sine_steer_python_15kmh,COMPLETED
805,2026年09月25日_14时38分14秒_第001次,2026-09-25T14:38:14+08:00,2026-09-25T06:38:14Z,8.04,15.0870279134791,-0.00616930295562004,3.7252414206344,32.44923184385,2.30051006806767,33.4951927442986,0,1.09278869346854,0.0265229227922241,-0.548753441580814,MV-202-15,sine_steer_python_15kmh,COMPLETED
806,2026年09月25日_14时38分14秒_第001次,2026-09-25T14:38:14+08:00,2026-09-25T06:38:14Z,8.05,15.0871129517017,-0.00549081209147888,3.66262359176842,32.4906418481835,2.30695526116163,33.5364989984605,0,1.07165358995799,0.0260145403733069,-0.537942719436972,MV-202-15,sine_steer_python_15kmh,COMPLETED
807,2026年09月25日_14时38分14秒_第001次,2026-09-25T14:38:14+08:00,2026-09-25T06:38:14Z,8.06,15.0871978791475,-0.00481114759894399,3.59942378122354,32.5320480741984,2.31342620490544,33.5778028203587,0,1.05034925992259,0.0255020622780109,-0.527046672272373,MV-202-15,sine_steer_python_15kmh,COMPLETED
808,2026年09月25日_14时38分14秒_第001次,2026-09-25T14:38:14+08:00,2026-09-25T06:38:14Z,8.07,15.0872826425295,-0.00413043492944989,3.53565186232655,32.5734505788212,2.31992242976634,33.619104305161,0,1.02887906756301,0.0249855696554536,-0.516067014208362,MV-202-15,sine_steer_python_15kmh,COMPLETED
809,2026年09月25日_14时38分14秒_第001次,2026-09-25T14:38:14+08:00,2026-09-25T06:38:14Z,8.08,15.087367188637,-0.00344879915741034,3.4713178012464,32.6148494203246,2.32644346227688,33.6604035489733,0,1.00724640327152,0.0244651442830781,-0.505005472600743,MV-202-15,sine_steer_python_15kmh,COMPLETED
810,2026年09月25日_14时38分14秒_第001次,2026-09-25T14:38:14+08:00,2026-09-25T06:38:14Z,8.09,15.0874514643853,-0.00276636473612065,3.40643165527971,32.6562446583099,2.33298882510877,33.7017006488026,0,0.985454683096584,0.0239408685504687,-0.493863787900841,MV-202-15,sine_steer_python_15kmh,COMPLETED
811,2026年09月25日_14时38分14秒_第001次,2026-09-25T14:38:14+08:00,2026-09-25T06:38:14Z,8.1,15.0875354168581,-0.0020832553232529,3.34100357081135,32.6976363536878,2.33955803714755,33.7429957025183,0,0.963507348203432,0.0234128254440355,-0.482643713474231,MV-202-15,sine_steer_python_15kmh,COMPLETED
812,2026年09月25日_14时38分14秒_第001次,2026-09-25T14:38:14+08:00,2026-09-25T06:38:14Z,8.11,15.0876189928653,-0.00139959363959642,3.2750437765389,32.7390245686593,2.34615061356757,33.7842888088132,0,0.941407864330668,0.022881098532061,-0.471347015416114,MV-202-15,sine_steer_python_15kmh,COMPLETED
813,2026年09月25日_14时38分14秒_第001次,2026-09-25T14:38:14+08:00,2026-09-25T06:38:14Z,8.12,15.0877021398293,-0.000715501501192554,3.20856259347645,32.7804093666948,2.35276606590771,33.8255800671643,0,0.919159721242974,0.022345771952117,-0.459975472211195,MV-202-15,sine_steer_python_15kmh,COMPLETED
814,2026年09月25日_14时38分14秒_第001次,2026-09-25T14:38:14+08:00,2026-09-25T06:38:14Z,8.13,15.0877848057883,-3.10999567174719e-05,3.14157042928469,32.8217908125155,2.35940390214789,33.8668695777943,0,0.896766432180064,0.0218069303999003,-0.44853087436304,MV-202-15,sine_steer_python_15kmh,COMPLETED
815,2026年09月25日_14时38分14秒_第001次,2026-09-25T14:38:14+08:00,2026-09-25T06:38:14Z,8.14,15.0878669386318,0.0006534905456486,3.0740777739712,32.8631689720715,2.36606362678552,33.9081574416314,0,0.874231533301864,0.0212646591184175,-0.437015024029044,MV-202-15,sine_steer_python_15kmh,COMPLETED
816,2026年09月25日_14时38分14秒_第001次,2026-09-25T14:38:14+08:00,2026-09-25T06:38:14Z,8.15,15.0879484845032,0.00133814982205226,3.00609521587792,32.9045439125166,2.37274474091181,33.9494437602654,0,0.851558583130145,0.0207190438895264,-0.425429734573832,MV-202-15,sine_steer_python_15kmh,COMPLETED
817,2026年09月25日_14时38分14秒_第001次,2026-09-25T14:38:14+08:00,2026-09-25T06:38:14Z,8.16,15.0880293910845,0.00202275790016036,2.93763340551605,32.9459157021849,2.37944674228879,33.9907286359059,0,0.828751161986569,0.0201701710213804,-0.413776830126052,MV-202-15,sine_steer_python_15kmh,COMPLETED
818,2026年09月25日_14时38分14秒_第001次,2026-09-25T14:38:14+08:00,2026-09-25T06:38:14Z,8.17,15.0881096103741,0.00270719503298103,2.86870303539264,32.987284410574,2.38616912542727,34.0320121713488,0,0.805812871427327,0.0196181273348468,-0.402058145206632,MV-202-15,sine_steer_python_15kmh,COMPLETED
819,2026年09月25日_14时38分14秒_第001次,2026-09-25T14:38:14+08:00,2026-09-25T06:38:14Z,8.18,15.0881890948534,0.00339134163322114,2.79931486751292,33.028650108329,2.39291138166501,34.073294469944,0,0.782747333674405,0.0190630001509803,-0.390275524522168,MV-202-15,sine_steer_python_15kmh,COMPLETED
820,2026年09月25日_14时38分14秒_第001次,2026-09-25T14:38:14+08:00,2026-09-25T06:38:14Z,8.19,15.0882677945476,0.00407507779233016,2.72947976120213,33.070012867213,2.39967299924376,34.1145756355479,0,0.759558191043604,0.0185048772843634,-0.37843082245862,MV-202-15,sine_steer_python_15kmh,COMPLETED
821,2026年09月25日_14时38分14秒_第001次,2026-09-25T14:38:14+08:00,2026-09-25T06:38:14Z,8.2,15.0883456586573,0.00475828292208312,2.65920865944408,33.1113727600762,2.40645346338678,34.155855772475,0,0.736249105369359,0.0179438470346775,-0.366525902499499,MV-202-15,sine_steer_python_15kmh,COMPLETED
822,2026年09月25日_14时38分14秒_第001次,2026-09-25T14:38:14+08:00,2026-09-25T06:38:14Z,8.21,15.0884226377962,0.00544083561270154,2.58851256432059,33.1527298608299,2.41325225637714,34.1971349854555,0,0.7128237574265,0.0173799981751478,-0.354562636763797,MV-202-15,sine_steer_python_15kmh,COMPLETED
823,2026年09月25日_14时38分14秒_第001次,2026-09-25T14:38:14+08:00,2026-09-25T06:38:14Z,8.22,15.0884986844824,0.00612261361795048,2.51740252889735,33.1940842444252,2.42006885763653,34.2384133795986,0,0.689285846349034,0.0168134199391198,-0.342542905677222,MV-202-15,sine_steer_python_15kmh,COMPLETED
824,2026年09月25日_14时38分14秒_第001次,2026-09-25T14:38:14+08:00,2026-09-25T06:38:14Z,8.23,15.088573751877,0.00680349382907496,2.44588966974215,33.2354359868286,2.42690274380415,34.2796910603519,0,0.665639089045974,0.0162442020067267,-0.330468597683026,MV-202-15,sine_steer_python_15kmh,COMPLETED
825,2026年09月25日_14时38分14秒_第001次,2026-09-25T14:38:14+08:00,2026-09-25T06:38:14Z,8.24,15.0886477934409,0.0074833522617547,2.37398516683991,33.276785164994,2.43375338881576,34.3209681334592,0,0.641887219614418,0.0156724344913091,-0.318341608929712,MV-202-15,sine_steer_python_15kmh,COMPLETED
826,2026年09月25日_14时38分14秒_第001次,2026-09-25T14:38:14+08:00,2026-09-25T06:38:14Z,8.25,15.0887207632745,0.00816206422179189,2.30170025692725,33.3181318568359,2.44062026398318,34.3622447049172,0,0.618033988749896,0.0150982079232171,-0.306163843047375,MV-202-15,sine_steer_python_15kmh,COMPLETED
827,2026年09月25日_14时38分14秒_第001次,2026-09-25T14:38:14+08:00,2026-09-25T06:38:14Z,8.26,15.088792616408,0.00883950471126279,2.22904623106375,33.3594761412014,2.44750283807436,34.4035208809339,0,0.594083163154072,0.0145216132300918,-0.293937211072136,MV-202-15,sine_steer_python_15kmh,COMPLETED
828,2026年09月25日_14时38分14秒_第001次,2026-09-25T14:38:14+08:00,2026-09-25T06:38:14Z,8.27,15.0888633088231,0.00951554906406935,2.15603443713871,33.4008180978428,2.45440057739408,34.4447967678865,0,0.570038524939953,0.0139427417137609,-0.281663631517775,MV-202-15,sine_steer_python_15kmh,COMPLETED
829,2026年09月25日_14时38分14秒_第001次,2026-09-25T14:38:14+08:00,2026-09-25T06:38:14Z,8.28,15.0889327973778,0.0101900737712871,2.08267628358956,33.4421578073894,2.46131294586572,34.4860724722788,0,0.545903871034652,0.0133616850242881,-0.269345030566479,MV-202-15,sine_steer_python_15kmh,COMPLETED
830,2026年09月25日_14时38分14秒_第001次,2026-09-25T14:38:14+08:00,2026-09-25T06:38:14Z,8.29,15.089001039543,0.0108629573685532,2.00898324589176,33.4834953513179,2.46823940511383,34.5273481006974,0,0.521683012579794,0.0127785351329823,-0.256983342303528,MV-202-15,sine_steer_python_15kmh,COMPLETED
831,2026年09月25日_14时38分14秒_第001次,2026-09-25T14:38:14+08:00,2026-09-25T06:38:14Z,8.3,15.0890679936933,0.0115340812330683,1.93496686872172,33.524830811922,2.47517941454791,34.5686237597681,0,0.497379774329708,0.0121933843065418,-0.244580508888665,MV-202-15,sine_steer_python_15kmh,COMPLETED
832,2026年09月25日_14时38分14秒_第001次,2026-09-25T14:38:14+08:00,2026-09-25T06:38:14Z,8.31,15.0891336197795,0.0122033303772142,1.86063876996218,33.5661642722838,2.4821324314474,34.6098995561132,0,0.472997994047449,0.0116063250811016,-0.232138480723075,MV-202-15,sine_steer_python_15kmh,COMPLETED
833,2026年09月25日_14时38分14秒_第001次,2026-09-25T14:38:14+08:00,2026-09-25T06:38:14Z,8.32,15.0891978789601,0.0128705951041807,1.78601066285834,33.6074958162436,2.48909791104816,34.6511755963082,0,0.448541521898763,0.0110174502238146,-0.219659217162794,MV-202-15,sine_steer_python_15kmh,COMPLETED
834,2026年09月25日_14时38分14秒_第001次,2026-09-25T14:38:14+08:00,2026-09-25T06:38:14Z,8.33,15.0892607334005,0.0135357757617159,1.71109437370782,33.6488255283689,2.49607530663221,34.6924519868369,0,0.424014219844108,0.0104268526499019,-0.207144689109098,MV-202-15,sine_steer_python_15kmh,COMPLETED
835,2026年09月25日_14时38分14秒_第001次,2026-09-25T14:38:14+08:00,2026-09-25T06:38:14Z,8.34,15.0893221451498,0.0141987917723539,1.63590185677991,33.6901534939199,2.5030640696234,34.7337288340422,0,0.399419961028815,0.00983462527796098,-0.1945968842222,MV-202-15,sine_steer_python_15kmh,COMPLETED
836,2026年09月25日_14时38分14秒_第001次,2026-09-25T14:38:14+08:00,2026-09-25T06:38:14Z,8.35,15.0893820741704,0.0148595893131094,1.56044519308227,33.7314797988085,2.51006364968965,34.7750062440721,0,0.374762629171451,0.0092408609034718,-0.182017811368094,MV-202-15,sine_steer_python_15kmh,COMPLETED
837,2026年09月25日_14时38分14秒_第001次,2026-09-25T14:38:14+08:00,2026-09-25T06:38:14Z,8.36,15.0894404780194,0.0155181374626968,1.48473656594825,33.7728045295536,2.51707349484643,34.8162843228203,0,0.350046117950556,0.00864565223622319,-0.169409498092321,MV-202-15,sine_steer_python_15kmh,COMPLETED
838,2026年09月25日_14时38分14秒_第001次,2026-09-25T14:38:14+08:00,2026-09-25T06:38:14Z,8.37,15.0894973145072,0.01617441246949,1.408788233325,33.8141277732399,2.52409305155324,34.8575631758745,0,0.325274330389765,0.00804909210798089,-0.156773980847504,MV-202-15,sine_steer_python_15kmh,COMPLETED
839,2026年09月25日_14时38分14秒_第001次,2026-09-25T14:38:14+08:00,2026-09-25T06:38:14Z,8.38,15.0895525443582,0.0168283813066935,1.33261250607748,33.8554496174874,2.53112176479962,34.8988429084748,0,0.300451178241514,0.00745127369217024,-0.144113294725571,MV-202-15,sine_steer_python_15kmh,COMPLETED
840,2026年09月25日_14时38分14秒_第001次,2026-09-25T14:38:14+08:00,2026-09-25T06:38:14Z,8.39,15.0896061313603,0.0174799923171111,1.25622172510509,33.8967701504254,2.53815907818271,34.9401236254802,0,0.275580581369274,0.00685229062411551,-0.131429467438384,MV-202-15,sine_steer_python_15kmh,COMPLETED
841,2026年09月25日_14时38分14秒_第001次,2026-09-25T14:38:14+08:00,2026-09-25T06:38:14Z,8.4,15.0896580412386,0.0181291725056336,1.17962824190405,33.9380894606656,2.54520443398011,34.9814054313336,0,0.250666467128608,0.00625223702732185,-0.118724517286239,MV-202-15,sine_steer_python_15kmh,COMPLETED
842,2026年09月25日_14时38分14秒_第001次,2026-09-25T14:38:14+08:00,2026-09-25T06:38:14Z,8.41,15.0897082408659,0.0187758283935813,1.10284441235263,33.9794076372722,2.5522572732215,35.0226884300241,0,0.225712769746964,0.00565120748912761,-0.106000453257862,MV-202-15,sine_steer_python_15kmh,COMPLETED
843,2026年09月25日_14时38分14秒_第001次,2026-09-25T14:38:14+08:00,2026-09-25T06:38:14Z,8.42,15.0897566981779,0.0194198482635458,1.02588259547882,34.0207247697301,2.5593170357611,35.0639727250485,0,0.200723429702432,0.00504929701635284,-0.0932592759655058,MV-202-15,sine_steer_python_15kmh,COMPLETED
844,2026年09月25日_14时38分14秒_第001次,2026-09-25T14:38:14+08:00,2026-09-25T06:38:14Z,8.43,15.0898033826684,0.0200611049304275,0.948755149070691,34.0620409479128,2.56638316035215,35.1052584193718,0,0.175702393101487,0.00444660098313623,-0.080502978904801,MV-202-15,sine_steer_python_15kmh,COMPLETED
845,2026年09月25日_14时38分14秒_第001次,2026-09-25T14:38:14+08:00,2026-09-25T06:38:14Z,8.44,15.0898482653295,0.0206994586897719,0.87147443421405,34.1033562620517,2.57345508472358,35.1465456153896,0,0.150653611055867,0.00384321507588966,-0.0677335498414972,MV-202-15,sine_steer_python_15kmh,COMPLETED
846,2026年09月25日_14时38分14秒_第001次,2026-09-25T14:38:14+08:00,2026-09-25T06:38:14Z,8.45,15.0898913182288,0.0213347602074096,0.794052822033659,34.1446708027025,2.58053224565859,35.1878344148885,0,0.12558103905863,0.00323923523872386,-0.0549529721785431,MV-202-15,sine_steer_python_15kmh,COMPLETED
847,2026年09月25日_14时38分14秒_第001次,2026-09-25T14:38:14+08:00,2026-09-25T06:38:14Z,8.46,15.0899325145193,0.0219668533289581,0.716502691122661,34.185984660712,2.58761407907536,35.2291249190053,0,0.100488636359537,0.00263475761966273,-0.0421632262847691,MV-202-15,sine_steer_python_15kmh,COMPLETED
848,2026年09月25日_14时38分14秒_第001次,2026-09-25T14:38:14+08:00,2026-09-25T06:38:14Z,8.47,15.0899718285505,0.0225955778143674,0.638836423749292,34.2272979271831,2.59470002010966,35.2704172281872,0,0.0753803653398687,0.00202987851758367,-0.0293662907918306,MV-202-15,sine_steer_python_15kmh,COMPLETED
849,2026年09月25日_14时38分14秒_第001次,2026-09-25T14:38:14+08:00,2026-09-25T06:38:14Z,8.48,15.0900092359056,0.0232207719429845,0.561066405848998,34.2686106934404,2.60178950319927,35.3117114421527,0,0.0502601908866761,0.00142469433067257,-0.0165641438270863,MV-202-15,sine_steer_python_15kmh,COMPLETED
850,2026年09月25日_14时38分14秒_第001次,2026-09-25T14:38:14+08:00,2026-09-25T06:38:14Z,8.49,15.0900447134009,0.0238422749302744,0.483205028196742,34.3099230509957,2.6088819621702,35.3530076598519,0,0.0251320797667044,0.000819301507255815,-0.00375876414572963,MV-202-15,sine_steer_python_15kmh,COMPLETED
851,2026年09月25日_14时38分14秒_第001次,2026-09-25T14:38:14+08:00,2026-09-25T06:38:14Z,8.5,15.090078239026,0.0244599291334615,0.405264684953716,34.3512350915124,2.61597683032445,35.3943059794283,0,7.34788079488412e-16,0.000213796499356874,0.00904786785278177,MV-202-15,sine_steer_python_15kmh,COMPLETED
852,2026年09月25日_14时38分14秒_第001次,2026-09-25T14:38:14+08:00,2026-09-25T06:38:14Z,8.51,15.0901097919414,0.0250735820527663,0.32725777274899,34.3925469067694,2.62307354052927,35.4356064981793,0,-0.0251320797667029,-0.000391724281090914,0.0218537692212625,MV-202-15,sine_steer_python_15kmh,COMPLETED
853,2026年09月25日_14时38分14秒_第001次,2026-09-25T14:38:14+08:00,2026-09-25T06:38:14Z,8.52,15.0901393526977,0.0256830880672823,0.249196692204025,34.4338585886259,2.63017152530772,35.4769093125192,0,-0.0502601908866746,-0.000997164502476022,0.0346569537114186,MV-202-15,sine_steer_python_15kmh,COMPLETED
854,2026年09月25日_14时38分14秒_第001次,2026-09-25T14:38:14+08:00,2026-09-25T06:38:14Z,8.53,15.0901669032266,0.0262883098820051,0.171093845877126,34.475170228985,2.6372702169306,35.5182145179411,0,-0.0753803653398672,-0.0016024279498162,0.047455431185862,MV-202-15,sine_steer_python_15kmh,COMPLETED
855,2026年09月25日_14时38分14秒_第001次,2026-09-25T14:38:14+08:00,2026-09-25T06:38:14Z,8.54,15.0901924266812,0.0268891196969688,0.0929616352280287,34.5164819197581,2.64436904750914,35.55952220898,0,-0.100488636359539,-0.00220741855726268,0.0602472071915597,MV-202-15,sine_steer_python_15kmh,COMPLETED
856,2026年09月25日_14时38分14秒_第001次,2026-09-25T14:38:14+08:00,2026-09-25T06:38:14Z,8.55,15.0902159074397,0.0274854000510337,0.0148124608762565,34.5577937528278,2.65146744908849,35.6008324791755,0,-0.125581039058629,-0.00281204043608555,0.0730302827242292,MV-202-15,sine_steer_python_15kmh,COMPLETED
857,2026年09月25日_14时38分14秒_第001次,2026-09-25T14:38:14+08:00,2026-09-25T06:38:14Z,8.56,15.0902373311613,0.0280770442923343,-0.0633412766833092,34.5991058200114,2.65856485374167,35.6421454210342,0,-0.150653611055866,-0.00341619789741539,0.08580265421388,MV-202-15,sine_steer_python_15kmh,COMPLETED
858,2026年09月25日_14时38分14秒_第001次,2026-09-25T14:38:14+08:00,2026-09-25T06:38:14Z,8.57,15.0902566848182,0.0286639566640269,-0.141487177812527,34.6404182130246,2.6656606936639,35.6834611259936,0,-0.175702393101485,-0.00401979546953153,0.0985623137403354,MV-202-15,sine_steer_python_15kmh,COMPLETED
859,2026年09月25日_14时38分14秒_第001次,2026-09-25T14:38:14+08:00,2026-09-25T06:38:14Z,8.58,15.0902739566143,0.0292460520101793,-0.219612843767701,34.6817310234444,2.67275440126689,35.7247796843848,0,-0.200723429702431,-0.00462273790971792,0.111307249478538,MV-202-15,sine_steer_python_15kmh,COMPLETED
860,2026年09月25日_14时38分14秒_第001次,2026-09-25T14:38:14+08:00,2026-09-25T06:38:14Z,8.59,15.090289135849,0.0298232550969059,-0.297705876208364,34.7230443426729,2.67984540927277,35.7661011853965,0,-0.225712769746963,-0.00522493021056982,0.124035446378718,MV-202-15,sine_steer_python_15kmh,COMPLETED
861,2026年09月25日_14时38分14秒_第001次,2026-09-25T14:38:14+08:00,2026-09-25T06:38:14Z,8.6,15.0903022133425,0.0303954995998464,-0.37575388404996,34.7643582618999,2.68693315080732,35.8074257170386,0,-0.250666467128606,-0.00582627760143483,0.13674488704681,MV-202-15,sine_steer_python_15kmh,COMPLETED
862,2026年09月25日_14时38分14秒_第001次,2026-09-25T14:38:14+08:00,2026-09-25T06:38:14Z,8.61,15.0903131816653,0.0309627268764761,-0.453744483604511,34.8056728720688,2.69401705949272,35.8487533661093,0,-0.275580581369272,-0.00642668554663866,0.149433552759289,MV-202-15,sine_steer_python_15kmh,COMPLETED
863,2026年09月25日_14时38分14秒_第001次,2026-09-25T14:38:14+08:00,2026-09-25T06:38:14Z,8.62,15.0903220346476,0.031524884415297,-0.531665290288743,34.8469882638412,2.70109656953902,35.890084218161,0,-0.300451178241516,-0.00702605973892629,0.162099424686229,MV-202-15,sine_steer_python_15kmh,COMPLETED
864,2026年09月25日_14时38分14秒_第001次,2026-09-25T14:38:14+08:00,2026-09-25T06:38:14Z,8.63,15.0903287673325,0.0320819240859834,-0.609503920948278,34.8883045275609,2.70817111583448,35.9314183574671,0,-0.325274330389767,-0.00762430608985005,0.174740485239248,MV-202-15,sine_steer_python_15kmh,COMPLETED
865,2026年09月25日_14时38分14秒_第001次,2026-09-25T14:38:14+08:00,2026-09-25T06:38:14Z,8.64,15.0903333760745,0.0326338003387825,-0.687247998753189,34.9296217532193,2.71524013403451,35.9727558669891,0,-0.350046117950554,-0.00822133071920166,0.187354719456721,MV-202-15,sine_steer_python_15kmh,COMPLETED
866,2026年09月25日_14时38分14秒_第001次,2026-09-25T14:38:14+08:00,2026-09-25T06:38:14Z,8.65,15.0903358585803,0.033180468418128,-0.764885153863789,34.9709400304203,2.72230306064928,36.0140968283461,0,-0.37476262917145,-0.00881703994440472,0.199940116388998,MV-202-15,sine_steer_python_15kmh,COMPLETED
867,2026年09月25日_14时38分14秒_第001次,2026-09-25T14:38:14+08:00,2026-09-25T06:38:14Z,8.66,15.0903362138968,0.0337218826256825,-0.842403021984324,35.0122594483469,2.72935933313,36.0554413217846,0,-0.399419961028813,-0.00941134027037411,0.212494670462651,MV-202-15,sine_steer_python_15kmh,COMPLETED
868,2026年09月25日_14时38分14秒_第001次,2026-09-25T14:38:14+08:00,2026-09-25T06:38:14Z,8.67,15.0903344423872,0.0342579946940879,-0.919789244520415,35.0535800957268,2.73640838995399,36.0967894261493,0,-0.424014219844107,-0.0100041383807193,0.225016382785965,MV-202-15,sine_steer_python_15kmh,COMPLETED
869,2026年09月25日_14时38分14秒_第001次,2026-09-25T14:38:14+08:00,2026-09-25T06:38:14Z,8.68,15.0903305457095,0.0347887523411428,-0.997031470210197,35.0949020607995,2.74344967070865,36.138141218855,0,-0.448541521898762,-0.0105953411313004,0.237503262352811,MV-202-15,sine_steer_python_15kmh,COMPLETED
870,2026年09月25日_14时38分14秒_第001次,2026-09-25T14:38:14+08:00,2026-09-25T06:38:14Z,8.69,15.0903245267935,0.0353140980494393,-1.0741173564691,35.1362254312835,2.75048261617442,36.1794967758592,0,-0.472997994047447,-0.0111848555467992,0.249953327116685,MV-202-15,sine_steer_python_15kmh,COMPLETED
871,2026年09月25日_14时38分14秒_第001次,2026-09-25T14:38:14+08:00,2026-09-25T06:38:14Z,8.7,15.090316389815,0.0358339680919096,-1.15103457013704,35.1775502943429,2.7575066684069,36.2208561716357,0,-0.497379774329713,-0.0117725888206227,0.262364604921487,MV-202-15,sine_steer_python_15kmh,COMPLETED
872,2026年09月25日_14时38分14秒_第001次,2026-09-25T14:38:14+08:00,2026-09-25T06:38:14Z,8.71,15.0903061401636,0.036348291818488,-1.22777078845141,35.2188767365559,2.76452127081845,36.2622194791486,0,-0.521683012579796,-0.0123584483183808,0.27473513427857,MV-202-15,sine_steer_python_15kmh,COMPLETED
873,2026年09月25日_14时38分14秒_第001次,2026-09-25T14:38:14+08:00,2026-09-25T06:38:14Z,8.72,15.0902937844009,0.0368569912238841,-1.30431370067467,35.2602048438819,2.77152586825919,36.3035867698265,0,-0.545903871034651,-0.0129423415852572,0.287062964976811,MV-202-15,sine_steer_python_15kmh,COMPLETED
874,2026年09月25日_14时38分14秒_第001次,2026-09-25T14:38:14+08:00,2026-09-25T06:38:14Z,8.73,15.0902793302081,0.0373599808229807,-1.38065101020976,35.30153470163,2.77851990709799,36.3449581135385,0,-0.570038524939951,-0.0135241763576786,0.299346158508201,MV-202-15,sine_steer_python_15kmh,COMPLETED
875,2026年09月25日_14时38分14秒_第001次,2026-09-25T14:38:14+08:00,2026-09-25T06:38:14Z,8.74,15.0902627863261,0.0378571678725459,-1.45677043712963,35.3428663944272,2.78550283530319,36.3863335785691,0,-0.594083163154071,-0.0141038605798719,0.31158278828406,MV-202-15,sine_steer_python_15kmh,COMPLETED
876,2026年09月25日_14时38分14秒_第001次,2026-09-25T14:38:14+08:00,2026-09-25T06:38:14Z,8.75,15.090244162486,0.0383484530003296,-1.53265972142278,35.3842000061864,2.79247410252365,36.4277132315951,0,-0.618033988749894,-0.0146813024262211,0.323770939603146,MV-202-15,sine_steer_python_15kmh,COMPLETED
877,2026年09月25日_14时38分14秒_第001次,2026-09-25T14:38:14+08:00,2026-09-25T06:38:14Z,8.76,15.0902234693383,0.0388337313324783,-1.60830662738258,35.4255356200752,2.79943316017022,36.4690971376621,0,-0.641887219614417,-0.0152564103307691,0.335908709314511,MV-202-15,sine_steer_python_15kmh,COMPLETED
878,2026年09月25日_14时38分14秒_第001次,2026-09-25T14:38:14+08:00,2026-09-25T06:38:14Z,8.77,15.0902007183902,0.0393128942372347,-1.68369894951287,35.4668733184841,2.80637946149801,36.5104853601622,0,-0.665639089045973,-0.0158290930256084,0.347994205100892,MV-202-15,sine_steer_python_15kmh,COMPLETED
879,2026年09月25日_14时38分14秒_第001次,2026-09-25T14:38:14+08:00,2026-09-25T06:38:14Z,8.78,15.0901759219695,0.0397858318120934,-1.75882452031933,35.5082131829953,2.81331246168992,36.5518779608122,0,-0.689285846349032,-0.0163992595900468,0.360025544302043,MV-202-15,sine_steer_python_15kmh,COMPLETED
880,2026年09月25日_14时38分14秒_第001次,2026-09-25T14:38:14+08:00,2026-09-25T06:38:14Z,8.79,15.0901490927836,0.0402524361884962,-1.83367121455148,35.5495552943506,2.8202316179418,36.5932749996322,0,-0.712823757426502,-0.0169668195116974,0.372000852241148,MV-202-15,sine_steer_python_15kmh,COMPLETED
881,2026年09月25日_14时38分14秒_第001次,2026-09-25T14:38:14+08:00,2026-09-25T06:38:14Z,8.8,15.0901202446688,0.0407126056516715,-1.90822697334338,35.5908997324192,2.82713638954975,36.6346765349247,0,-0.736249105369358,-0.0175316827595476,0.383918260008813,MV-202-15,sine_steer_python_15kmh,COMPLETED
882,2026年09月25日_14时38分14秒_第001次,2026-09-25T14:38:14+08:00,2026-09-25T06:38:14Z,8.81,15.0900893931607,0.041166249544421,-1.98247981995861,35.6322465761691,2.83402623800043,36.6760826232577,0,-0.759558191043603,-0.0180937598686595,0.395775901752022,MV-202-15,sine_steer_python_15kmh,COMPLETED
883,2026年09月25日_14时38分14秒_第001次,2026-09-25T14:38:14+08:00,2026-09-25T06:38:14Z,8.82,15.0900565551981,0.0416132931678004,-2.05641786300135,35.673595903637,2.84090062706398,36.7174933194494,0,-0.782747333674404,-0.0186529620253388,0.40757191196225,MV-202-15,sine_steer_python_15kmh,COMPLETED
884,2026年09月25日_14时38分14秒_第001次,2026-09-25T14:38:14+08:00,2026-09-25T06:38:14Z,8.83,15.0900217493886,0.0420536819359241,-2.13002931076448,35.7149477918997,2.84775902288959,36.7589086765524,0,-0.805812871427326,-0.0192092011421506,0.419304423173051,MV-202-15,sine_steer_python_15kmh,COMPLETED
885,2026年09月25日_14时38分14秒_第001次,2026-09-25T14:38:14+08:00,2026-09-25T06:38:14Z,8.84,15.0899849964727,0.0424873839238454,-2.20330248634172,35.756302317046,2.85460089410263,36.8003287458409,0,-0.828751161986568,-0.0197623899103835,0.43097156459992,MV-202-15,sine_steer_python_15kmh,COMPLETED
886,2026年09月25日_14时38分14秒_第001次,2026-09-25T14:38:14+08:00,2026-09-25T06:38:14Z,8.85,15.0899463196107,0.0429143900230464,-2.27622583116274,35.7976595541501,2.86142571190202,36.8417535768,0,-0.851558583130143,-0.0203124418185406,0.442571462216746,MV-202-15,sine_steer_python_15kmh,COMPLETED
887,2026年09月25日_14时38分14秒_第001次,2026-09-25T14:38:14+08:00,2026-09-25T06:38:14Z,8.86,15.0899057443775,0.0433347113633338,-2.34878789737967,35.8390195772468,2.86823295015591,36.8831832171162,0,-0.874231533301862,-0.0208592711316954,0.454102240492227,MV-202-15,sine_steer_python_15kmh,COMPLETED
888,2026年09月25日_14时38分14秒_第001次,2026-09-25T14:38:14+08:00,2026-09-25T06:38:14Z,8.87,15.0898632985089,0.0437483743596921,-2.42097733573292,35.8803824593071,2.87502208549418,36.924617712669,0,-0.896766432180066,-0.0214027928365115,0.465562025583264,MV-202-15,sine_steer_python_15kmh,COMPLETED
889,2026年09月25日_14时38分14秒_第001次,2026-09-25T14:38:14+08:00,2026-09-25T06:38:14Z,8.88,15.0898190115176,0.0441554143287191,-2.49278288263877,35.9217482722139,2.88179259739636,36.9660571075215,0,-0.919159721242976,-0.0219429225651497,0.476948949422959,MV-202-15,sine_steer_python_15kmh,COMPLETED
890,2026年09月25日_14时38分14秒_第001次,2026-09-25T14:38:14+08:00,2026-09-25T06:38:14Z,8.89,15.089772914308,0.0445558687809921,-2.56419334715547,35.9631170867381,2.8885439682745,37.0075014439126,0,-0.941407864330667,-0.0224795765137073,0.488261154037113,MV-202-15,sine_steer_python_15kmh,COMPLETED
891,2026年09月25日_14时38分14秒_第001次,2026-09-25T14:38:14+08:00,2026-09-25T06:38:14Z,8.9,15.0897250388733,0.0449497712897446,-2.63519759878471,36.0044889725153,2.89527568355116,37.0489507622474,0,-0.963507348203431,-0.0230126713680189,0.499496795542862,MV-202-15,sine_steer_python_15kmh,COMPLETED
892,2026年09月25日_14时38分14秒_第001次,2026-09-25T14:38:14+08:00,2026-09-25T06:38:14Z,8.91,15.0896754180974,0.0453371464751039,-2.70578455780765,36.0458639980228,2.90198723173331,37.0904051010893,0,-0.985454683096582,-0.023542124244596,0.51065404749893,MV-202-15,sine_steer_python_15kmh,COMPLETED
893,2026年09月25日_14时38分14秒_第001次,2026-09-25T14:38:14+08:00,2026-09-25T06:38:14Z,8.92,15.0896240856473,0.0457180063069519,-2.77594318899711,36.0872422305573,2.90867810448295,37.1318644971522,0,-1.00724640327152,-0.0240678526497373,0.521731103478943,MV-202-15,sine_steer_python_15kmh,COMPLETED
894,2026年09月25日_14时38分14秒_第001次,2026-09-25T14:38:14+08:00,2026-09-25T06:38:14Z,8.93,15.0895710759281,0.0460923476961623,-2.84566249828472,36.1286237362133,2.91534779668542,37.1733289852939,0,-1.02887906756301,-0.0245897744565308,0.532726178879986,MV-202-15,sine_steer_python_15kmh,COMPLETED
895,2026年09月25日_14时38分14秒_第001次,2026-09-25T14:38:14+08:00,2026-09-25T06:38:14Z,8.94,15.0895164240758,0.046460151223253,-2.91493153161313,36.1700085798627,2.92199580651625,37.2147985985105,0,-1.05034925992259,-0.0251078078977394,0.543637512051897,MV-202-15,sine_steer_python_15kmh,COMPLETED
896,2026年09月25日_14时38分14秒_第001次,2026-09-25T14:38:14+08:00,2026-09-25T06:38:14Z,8.95,15.0894601659692,0.0468213808167751,-2.98373937552231,36.2113968251348,2.9286216355073,37.2562733679322,0,-1.071653589958,-0.0256218715720211,0.554463364855683,MV-202-15,sine_steer_python_15kmh,COMPLETED
897,2026年09月25日_14时38分14秒_第001次,2026-09-25T14:38:14+08:00,2026-09-25T06:38:14Z,8.96,15.0894023379901,0.0471759841873661,-3.05207515602529,36.2527885343973,2.93522478861259,37.2977533228198,0,-1.09278869346854,-0.0261318844608168,0.565202022774957,MV-202-15,sine_steer_python_15kmh,COMPLETED
898,2026年09月25日_14时38分14秒_第001次,2026-09-25T14:38:14+08:00,2026-09-25T06:38:14Z,8.97,15.0893429772222,0.0475238938773455,-3.11992804536035,36.2941837687366,2.94180477427439,37.3392384905626,0,-1.11375123297638,-0.0266377659539929,0.575851794633131,MV-202-15,sine_steer_python_15kmh,COMPLETED
899,2026年09月25日_14时38分14秒_第001次,2026-09-25T14:38:14+08:00,2026-09-25T06:38:14Z,8.98,15.0892821221962,0.04786502885177,-3.18728727001505,36.335582587941,2.94836110449009,37.3807288966779,0,-1.13453789825351,-0.0271394358832474,0.586411011950816,MV-202-15,sine_steer_python_15kmh,COMPLETED
900,2026年09月25日_14时38分14秒_第001次,2026-09-25T14:38:14+08:00,2026-09-25T06:38:14Z,8.99,15.0892198101486,0.0481992967127248,-3.25414213943623,36.3769850504835,2.95489329487981,37.4222245648122,0,-1.15514540684454,-0.027636814564513,0.596878028068046,MV-202-15,sine_steer_python_15kmh,COMPLETED
901,2026年09月25日_14时38分14秒_第001次,2026-09-25T14:38:14+08:00,2026-09-25T06:38:14Z,9,15.0891560780235,0.0485265962998558,-3.32048202590184,36.418391213495,2.96140086475284,37.4637255167335,0,-1.17557050458495,-0.0281298228460391,0.607251216862844,MV-202-15,sine_steer_python_15kmh,COMPLETED
902,2026年09月25日_14时38分14秒_第001次,2026-09-25T14:38:14+08:00,2026-09-25T06:38:14Z,9.01,15.0890909687835,0.0488468192713596,-3.38629630492367,36.4598011327578,2.96788333717964,37.5052317723415,0,-1.19580996611504,-0.0286183821421013,0.617528971821414,MV-202-15,sine_steer_python_15kmh,COMPLETED
903,2026年09月25日_14时38分14秒_第001次,2026-09-25T14:38:14+08:00,2026-09-25T06:38:14Z,9.02,15.0890245273505,0.0491598524843746,-3.45157440711917,36.5012148626994,2.97434023906594,37.5467433496797,0,-1.21586059538921,-0.0291024144782167,0.627709705071956,MV-202-15,sine_steer_python_15kmh,COMPLETED
904,2026年09月25日_14时38分14秒_第001次,2026-09-25T14:38:14+08:00,2026-09-25T06:38:14Z,9.03,15.0889567964556,0.0494655810408778,-3.51630587181815,36.5426324563724,2.98077110122447,37.5882602649342,0,-1.23571922618067,-0.0295818425460467,0.637791846025214,MV-202-15,sine_steer_python_15kmh,COMPLETED
905,2026年09月25日_14时38分14秒_第001次,2026-09-25T14:38:14+08:00,2026-09-25T06:38:14Z,9.04,15.088887817956,0.0497638911434414,-3.58048033799026,36.5840539654325,2.98717545844723,37.6297825324316,0,-1.2553827225814,-0.030056589755829,0.64777383986674,MV-202-15,sine_steer_python_15kmh,COMPLETED
906,2026年09月25日_14时38分14秒_第001次,2026-09-25T14:38:14+08:00,2026-09-25T06:38:14Z,9.05,15.0888176350685,0.0500546724868605,-3.64408752387157,36.6254794401226,2.99355284958052,37.6713101646414,0,-1.27484797949738,-0.0305265802823996,0.657654146261946,MV-202-15,sine_steer_python_15kmh,COMPLETED
907,2026年09月25日_14时38分14秒_第001次,2026-09-25T14:38:14+08:00,2026-09-25T06:38:14Z,9.06,15.0887462927715,0.0503378203510551,-3.70711722787562,36.6669089292608,2.99990281760206,37.7128431721843,0,-1.29411192313889,-0.0309917391071108,0.667431238308897,MV-202-15,sine_steer_python_15kmh,COMPLETED
908,2026年09月25日_14时38分14秒_第001次,2026-09-25T14:38:14+08:00,2026-09-25T06:38:14Z,9.07,15.0886738370277,0.0506132375205085,-3.76955934201058,36.7083424802285,3.00622490969881,37.7543815638393,0,-1.31317151150591,-0.0314519920574014,0.677103601641323,MV-202-15,sine_steer_python_15kmh,COMPLETED
909,2026年09月25日_14时38分14秒_第001次,2026-09-25T14:38:14+08:00,2026-09-25T06:38:14Z,9.08,15.0886003142294,0.0508808359427415,-3.83140386138913,36.7497801389574,3.01251867734497,37.7959253465511,0,-1.3320237348685,-0.0319072658427427,0.686669733669478,MV-202-15,sine_steer_python_15kmh,COMPLETED
910,2026年09月25日_14时38分14秒_第001次,2026-09-25T14:38:14+08:00,2026-09-25T06:38:14Z,9.09,15.0885257712341,0.0511405379881146,-3.89264088736764,36.7912219499161,3.01878367638013,37.8374745254365,0,-1.35066561624205,-0.0323574880849617,0.696128143023146,MV-202-15,sine_steer_python_15kmh,COMPLETED
911,2026年09月25日_14时38分14秒_第001次,2026-09-25T14:38:14+08:00,2026-09-25T06:38:14Z,9.1,15.0884502555734,0.0513922772646331,-3.95326062959087,36.832667956098,3.02501946708773,37.8790291037937,0,-1.36909421185738,-0.0328025873422293,0.705477349245655,MV-202-15,sine_steer_python_15kmh,COMPLETED
912,2026年09月25日_14时38分14秒_第001次,2026-09-25T14:38:14+08:00,2026-09-25T06:38:14Z,9.11,15.0883738154963,0.0516359990171413,-4.01325340949324,36.8741181990107,3.03122561427313,37.9205890831126,0,-1.38730661162561,-0.0332424931270786,0.714715882740695,MV-202-15,sine_steer_python_15kmh,COMPLETED
913,2026年09月25日_14时38分14秒_第001次,2026-09-25T14:38:14+08:00,2026-09-25T06:38:14Z,9.12,15.0882964996982,0.0518716601332985,-4.07260966207187,36.915572718666,3.03740168734115,37.9621544630856,0,-1.4052999395977,-0.0336771359187244,0.723842284969318,MV-202-15,sine_steer_python_15kmh,COMPLETED
914,2026年09月25日_14时38分14秒_第001次,2026-09-25T14:38:14+08:00,2026-09-25T06:38:14Z,9.13,15.0882183569892,0.0520992287757547,-4.13131993770568,36.9570315535693,3.04354726037251,38.0037252416194,0,-1.42307135441857,-0.0341064471699112,0.732855108874848,MV-202-15,sine_steer_python_15kmh,COMPLETED
915,2026年09月25日_14时38分14秒_第001次,2026-09-25T14:38:14+08:00,2026-09-25T06:38:14Z,9.14,15.0881394371865,0.0523186837897265,-4.18937491780662,36.9984947407112,3.0496619121991,38.0453014148475,0,-1.44061804977582,-0.0345303593103785,0.74175291937611,MV-202-15,sine_steer_python_15kmh,COMPLETED
916,2026年09月25日_14时38分14秒_第001次,2026-09-25T14:38:14+08:00,2026-09-25T06:38:14Z,9.15,15.0880597906463,0.0525300138671196,-4.2467654058081,37.0399623155608,3.05574522647798,38.0868829771462,0,-1.45793725484282,-0.0349488057466446,0.750534294081114,MV-202-15,sine_steer_python_15kmh,COMPLETED
917,2026年09月25日_14时38分14秒_第001次,2026-09-25T14:38:14+08:00,2026-09-25T06:38:14Z,9.16,15.0879794676859,0.0527332163520729,-4.30348232095087,37.0814343120589,3.06179679176365,38.1284699211489,0,-1.47502623471635,-0.0353617208564332,0.759197824227246,MV-202-15,sine_steer_python_15kmh,COMPLETED
918,2026年09月25日_14时38分14秒_第001次,2026-09-25T14:38:14+08:00,2026-09-25T06:38:14Z,9.17,15.0878985194971,0.052928296008898,-4.35951671601241,37.122910762611,3.06781620157877,38.1700622377614,0,-1.49188229084836,-0.0357690399822875,0.767742115563789,MV-202-15,sine_steer_python_15kmh,COMPLETED
919,2026年09月25日_14时38分14秒_第001次,2026-09-25T14:38:14+08:00,2026-09-25T06:38:14Z,9.18,15.0878169978334,0.0531152637544555,-4.41485977252101,37.1643916980841,3.07380305448303,38.2116599161804,0,-1.50850276147221,-0.0361706994243941,0.776165789327027,MV-202-15,sine_steer_python_15kmh,COMPLETED
920,2026年09月25日_14时38分14秒_第001次,2026-09-25T14:38:14+08:00,2026-09-25T06:38:14Z,9.19,15.0877349544706,0.053294135234667,-4.46950279628383,37.2058771478024,3.07975695414018,38.2532629439108,0,-1.52488502202289,-0.036566636430892,0.784467483327766,MV-202-15,sine_steer_python_15kmh,COMPLETED
921,2026年09月25日_14时38分14秒_第001次,2026-09-25T14:38:14+08:00,2026-09-25T06:38:14Z,9.2,15.0876524412359,0.0534649294040778,-4.52343721763838,37.2473671395433,3.08567750938309,38.294871306783,0,-1.54102648555158,-0.0369567891879183,0.792645853009329,MV-202-15,sine_steer_python_15kmh,COMPLETED
922,2026年09月25日_14时38分14秒_第001次,2026-09-25T14:38:14+08:00,2026-09-25T06:38:14Z,9.21,15.0875695104744,0.0536276671584778,-4.57665459071104,37.2888616995346,3.09156433427722,38.3364849889723,0,-1.55692460313405,-0.037341096810104,0.800699572451225,MV-202-15,sine_steer_python_15kmh,COMPLETED
923,2026年09月25日_14时38分14秒_第001次,2026-09-25T14:38:14+08:00,2026-09-25T06:38:14Z,9.22,15.0874862149641,0.0537823700136212,-4.62914659785422,37.3303608524547,3.09741704818241,38.3781039730194,0,-1.57257686427324,-0.0377194993314259,0.808627335380458,MV-202-15,sine_steer_python_15kmh,COMPLETED
924,2026年09月25日_14时38分14秒_第001次,2026-09-25T14:38:14+08:00,2026-09-25T06:38:14Z,9.23,15.0874026075982,0.0539290589105258,-4.68090505224936,37.371864621432,3.10323527581275,38.4197282398518,0,-1.58798079729567,-0.0380919376975679,0.816427856124382,MV-202-15,sine_steer_python_15kmh,COMPLETED
925,2026年09月25日_14时38分14秒_第001次,2026-09-25T14:38:14+08:00,2026-09-25T06:38:14Z,9.24,15.0873187413662,0.0540677531422422,-4.731921894475,37.4133730280452,3.10901864729467,38.461357768806,0,-1.60313396974175,-0.0384583537597329,0.824099870475678,MV-202-15,sine_steer_python_15kmh,COMPLETED
926,2026年09月25日_14时38分14秒_第001次,2026-09-25T14:38:14+08:00,2026-09-25T06:38:14Z,9.25,15.0872346693806,0.054198469392037,-4.78218919013044,37.4548860923246,3.11476679822362,38.5029925376498,0,-1.61803398874989,-0.0388186902697749,0.831642136489288,MV-202-15,sine_steer_python_15kmh,COMPLETED
927,2026年09月25日_14时38分14秒_第001次,2026-09-25T14:38:14+08:00,2026-09-25T06:38:14Z,9.26,15.08715044485,0.05432122092281,-4.83169913071433,37.4964038327548,3.12047936971932,38.5446325226064,0,-1.63267850143437,-0.0391728908772312,0.839053435192803,MV-202-15,sine_steer_python_15kmh,COMPLETED
928,2026年09月25日_14时38分14秒_第001次,2026-09-25T14:38:14+08:00,2026-09-25T06:38:14Z,9.27,15.0870661210376,0.0544360169515219,-4.88044403476362,37.537926266277,3.12615600847955,38.5862776983785,0,-1.64706519525685,-0.0395209001287547,0.846332571186781,MV-202-15,sine_steer_python_15kmh,COMPLETED
929,2026年09月25日_14时38分14秒_第001次,2026-09-25T14:38:14+08:00,2026-09-25T06:38:14Z,9.28,15.0869817512323,0.0545428622111906,-4.92841634742237,37.5794534082939,3.13179636683274,38.6279280381739,0,-1.66119179839162,-0.0398626634700029,0.853478373130749,MV-202-15,sine_steer_python_15kmh,COMPLETED
930,2026年09月25日_14时38分14秒_第001次,2026-09-25T14:38:14+08:00,2026-09-25T06:38:14Z,9.29,15.0868973887214,0.0546417566940937,-4.97560863947336,37.6209852726735,3.1374001027894,38.6695835137313,0,-1.67505608008428,-0.0401981272499148,0.860489694118508,MV-202-15,sine_steer_python_15kmh,COMPLETED
931,2026年09月25日_14时38分14秒_第001次,2026-09-25T14:38:14+08:00,2026-09-25T06:38:14Z,9.3,15.0868130867574,0.0547326955774083,-5.02201360704449,37.662521871755,3.14296688009261,38.7112440953466,0,-1.68865585100403,-0.0405272387274107,0.867365411941491,MV-202-15,sine_steer_python_15kmh,COMPLETED
932,2026年09月25日_14时38分14秒_第001次,2026-09-25T14:38:14+08:00,2026-09-25T06:38:14Z,9.31,15.0867288984305,0.05481566933033,-5.06762407297195,37.7040632163547,3.14849636826761,38.7529097518998,0,-1.70198896358938,-0.040849946080524,0.874104429245585,MV-202-15,sine_steer_python_15kmh,COMPLETED
933,2026年09月25日_14时38分14秒_第001次,2026-09-25T14:38:14+08:00,2026-09-25T06:38:14Z,9.32,15.0866448764019,0.0548906640006755,-5.11243298929209,37.7456093157722,3.15398824267056,38.7945804508822,0,-1.7150533123873,-0.0411661984179562,0.880705673585064,MV-202-15,sine_steer_python_15kmh,COMPLETED
934,2026年09月25日_14时38分14秒_第001次,2026-09-25T14:38:14+08:00,2026-09-25T06:38:14Z,9.33,15.0865610736468,0.0549576616934069,-5.15643342663825,37.7871601777975,3.15944218453673,38.8362561584237,0,-1.72784683438567,-0.041475945793251,0.887168097288985,MV-202-15,sine_steer_python_15kmh,COMPLETED
935,2026年09月25日_14时38分14秒_第001次,2026-09-25T14:38:14+08:00,2026-09-25T06:38:14Z,9.34,15.0864775433149,0.0550166410662714,-5.19961857904011,37.8287158087209,3.16485788102866,38.8779368393225,0,-1.74036750933905,-0.0417791392191118,0.893490677368389,MV-202-15,sine_steer_python_15kmh,COMPLETED
936,2026年09月25日_14时38分14秒_第001次,2026-09-25T14:38:14+08:00,2026-09-25T06:38:14Z,9.35,15.0863943382193,0.0550675779966201,-5.24198177249902,37.8702762133414,3.17023502528353,38.9196224570743,0,-1.75261336008773,-0.0420757306840661,0.899672415339591,MV-202-15,sine_steer_python_15kmh,COMPLETED
937,2026年09月25日_14时38分14秒_第001次,2026-09-25T14:38:14+08:00,2026-09-25T06:38:14Z,9.36,15.0863115102484,0.0551104462936188,-5.28351645528376,37.9118413949751,3.17557331645981,38.9613129739003,0,-1.7645824528699,-0.0423656731696957,0.905712337019852,MV-202-15,sine_steer_python_15kmh,COMPLETED
938,2026年09月25日_14时38分14秒_第001次,2026-09-25T14:38:14+08:00,2026-09-25T06:38:14Z,9.37,15.0862291110861,0.0551452185135095,-5.32421620634795,37.9534113554639,3.1808724597839,39.0030083507755,0,-1.77627289762709,-0.042648920669263,0.911609492165405,MV-202-15,sine_steer_python_15kmh,COMPLETED
939,2026年09月25日_14时38分14秒_第001次,2026-09-25T14:38:14+08:00,2026-09-25T06:38:14Z,9.38,15.0861471930734,0.0551718669073822,-5.36407474433313,37.9949860951879,3.18613216659651,39.0447085474604,0,-1.78768284830253,-0.0429254282081642,0.917362954009828,MV-202-15,sine_steer_python_15kmh,COMPLETED
940,2026年09月25日_14时38分14秒_第001次,2026-09-25T14:38:14+08:00,2026-09-25T06:38:14Z,9.39,15.0860658080511,0.0551903642191216,-5.40308591879379,38.0365656130774,3.1913521543988,39.0864135225335,0,-1.79881050313274,-0.0431951518621896,0.922971819022713,MV-202-15,sine_steer_python_15kmh,COMPLETED
941,2026年09月25日_14时38分14秒_第001次,2026-09-25T14:38:14+08:00,2026-09-25T06:38:14Z,9.4,15.0859850067315,0.0552006843602714,-5.44124370688457,38.0781499066235,3.19653214689773,39.1281232334205,0,-1.80965410493204,-0.0434580487739521,0.928435206701167,MV-202-15,sine_steer_python_15kmh,COMPLETED
942,2026年09月25日_14时38分14秒_第001次,2026-09-25T14:38:14+08:00,2026-09-25T06:38:14Z,9.41,15.0859048405034,0.055202803067493,-5.47854219831421,38.11973897189,3.20167187405147,39.1698376364251,0,-1.82021194136999,-0.0437140771689809,0.93375225919531,MV-202-15,sine_steer_python_15kmh,COMPLETED
943,2026年09月25日_14时38分14秒_第001次,2026-09-25T14:38:14+08:00,2026-09-25T06:38:14Z,9.42,15.0858253605199,0.0551966983377657,-5.51497562074484,38.1613328035292,3.20677107211486,39.2115566867634,0,-1.83048234524183,-0.0439631963685484,0.938922141248794,MV-202-15,sine_steer_python_15kmh,COMPLETED
944,2026年09月25日_14时38分14秒_第001次,2026-09-25T14:38:14+08:00,2026-09-25T06:38:14Z,9.43,15.0857466171311,0.0551823509676067,-5.55053834942056,38.2029313947945,3.21182948368315,39.2532803385957,0,-1.84046369473174,-0.0442053668038662,0.943944040048194,MV-202-15,sine_steer_python_15kmh,COMPLETED
945,2026年09月25日_14时38分14秒_第001次,2026-09-25T14:38:14+08:00,2026-09-25T06:38:14Z,9.44,15.0856686601355,0.0551597449945506,-5.58522489563782,38.2445347375542,3.21684685773511,39.2950085450583,0,-1.85015441366892,-0.0444405500287791,0.948817165067859,MV-202-15,sine_steer_python_15kmh,COMPLETED
946,2026年09月25日_14时38分14秒_第001次,2026-09-25T14:38:14+08:00,2026-09-25T06:38:14Z,9.45,15.0855915388727,0.0551288679168841,-5.61902990084671,38.2861428223059,3.22182294967578,39.3367412582966,0,-1.8595529717765,-0.0446687087291707,0.953540748053693,MV-202-15,sine_steer_python_15kmh,COMPLETED
947,2026年09月25日_14时38分14秒_第001次,2026-09-25T14:38:14+08:00,2026-09-25T06:38:14Z,9.46,15.0855153021031,0.0550897107904981,-5.65194814220786,38.3277556381925,3.22675752137845,39.3784784294978,0,-1.86865788491322,-0.0448898067304666,0.958114043091378,MV-202-15,sine_steer_python_15kmh,COMPLETED
948,2026年09月25日_14时38分14秒_第001次,2026-09-25T14:38:14+08:00,2026-09-25T06:38:14Z,9.47,15.0854399979634,0.0550422682827438,-5.68397453807904,38.3693731730171,3.23165034122543,39.4202200089242,0,-1.87746771530775,-0.0451038090043627,0.962536326691057,MV-202-15,sine_steer_python_15kmh,COMPLETED
949,2026年09月25日_14时38分14秒_第001次,2026-09-25T14:38:14+08:00,2026-09-25T06:38:14Z,9.48,15.0853656740086,0.0549865386594094,-5.71510414798523,38.4109954132599,3.23650118414784,39.4619659459467,0,-1.88598107178573,-0.0453106816744307,0.966806897902047,MV-202-15,sine_steer_python_15kmh,COMPLETED
950,2026年09月25日_14时38分14秒_第001次,2026-09-25T14:38:14+08:00,2026-09-25T06:38:14Z,9.49,15.0852923772098,0.0549225236733583,-5.74533217117621,38.4526223440955,3.24130983166437,39.5037161890793,0,-1.89419660998949,-0.0455103920201419,0.970925078486278,MV-202-15,sine_steer_python_15kmh,COMPLETED
951,2026年09月25日_14时38分14秒_第001次,2026-09-25T14:38:14+08:00,2026-09-25T06:38:14Z,9.5,15.0852201538925,0.0548502283725074,-5.77465394737358,38.4942539494102,3.24607607191892,39.5454706860126,0,-1.90211303259031,-0.0457029084795504,0.974890213141457,MV-202-15,sine_steer_python_15kmh,COMPLETED
952,2026年09月25日_14时38分14秒_第001次,2026-09-25T14:38:14+08:00,2026-09-25T06:38:14Z,9.51,15.0851490492324,0.0547696608548449,-5.80306496352173,38.53589021182,3.2507996997169,39.5872293836485,0,-1.90972908949329,-0.0458882006510215,0.978701669786026,MV-202-15,sine_steer_python_15kmh,COMPLETED
953,2026年09月25日_14时38分14秒_第001次,2026-09-25T14:38:14+08:00,2026-09-25T06:38:14Z,9.52,15.0850791077328,0.0546808320321101,-5.83056084742053,38.5775311126884,3.25548051656029,39.6289922281335,0,-1.91704357803475,-0.0460662392948775,0.982358839764161,MV-202-15,sine_steer_python_15kmh,COMPLETED
954,2026年09月25日_14时38分14秒_第001次,2026-09-25T14:38:14+08:00,2026-09-25T06:38:14Z,9.53,15.0850103739465,0.0545837552985487,-5.85713736091123,38.6191766321473,3.26011833068188,39.6707591648952,0,-1.92405534317217,-0.0462369963334828,0.985861138086419,MV-202-15,sine_steer_python_15kmh,COMPLETED
955,2026年09月25日_14时38分14秒_第001次,2026-09-25T14:38:14+08:00,2026-09-25T06:38:14Z,9.54,15.0849428915908,0.0544784461093335,-5.88279041510345,38.6608267491178,3.26471295707818,39.7125301386783,0,-1.93076327766655,-0.0464004448498201,0.989208003841186,MV-202-15,sine_steer_python_15kmh,COMPLETED
956,2026年09月25日_14时38分14秒_第001次,2026-09-25T14:38:14+08:00,2026-09-25T06:38:14Z,9.55,15.0848767033495,0.054364921666174,-5.90751607239105,38.7024814413302,3.26926421754049,39.75430509358,0,-1.93716632225726,-0.0465565590873709,0.992398900489324,MV-202-15,sine_steer_python_15kmh,COMPLETED
957,2026年09月25日_14时38分14秒_第001次,2026-09-25T14:38:14+08:00,2026-09-25T06:38:14Z,9.56,15.08481185106,0.0542432005897308,-5.9313105399048,38.7441406853443,3.27377194068469,39.7960839730848,0,-1.94326346582935,-0.0467053144495913,0.995433316135667,MV-202-15,sine_steer_python_15kmh,COMPLETED
958,2026年09月25日_14时38分14秒_第001次,2026-09-25T14:38:14+08:00,2026-09-25T06:38:14Z,9.57,15.0847483757381,0.0541133025454991,-5.95417016793918,38.7858044565715,3.27823596198004,39.8378667201,0,-1.94905374557315,-0.0468466874985042,0.998310763838019,MV-202-15,sine_steer_python_15kmh,COMPLETED
959,2026年09月25日_14时38分14秒_第001次,2026-09-25T14:38:14+08:00,2026-09-25T06:38:14Z,9.58,15.0846863174965,0.0539752478916351,-5.9760914533685,38.8274727292961,3.28265612377644,39.8796532769919,0,-1.95453624713639,-0.0469806559533807,1.00103078190857,MV-202-15,sine_steer_python_15kmh,COMPLETED
960,2026年09月25日_14时38分14秒_第001次,2026-09-25T14:38:14+08:00,2026-09-25T06:38:14Z,9.59,15.0846257155197,0.0538290573854672,-5.99707104173338,38.8691454766979,3.28703227533042,39.9214435856204,0,-1.95971010476849,-0.0471071986900379,1.00359293417315,MV-202-15,sine_steer_python_15kmh,COMPLETED
961,2026年09月25日_14时38分14秒_第001次,2026-09-25T14:38:14+08:00,2026-09-25T06:38:14Z,9.6,15.0845666080767,0.0536747519351279,-6.0171057266246,38.9108226708748,3.29136427282976,39.963237587376,0,-1.96457450145738,-0.0472262957405661,1.00599681019766,MV-202-15,sine_steer_python_15kmh,COMPLETED
962,2026年09月25日_14时38分14秒_第001次,2026-09-25T14:38:14+08:00,2026-09-25T06:38:14Z,9.61,15.0845090325046,0.0535123523881209,-6.03619244898773,38.9525042828665,3.29565197941683,40.0050352232144,0,-1.96912866905841,-0.0473379282933726,1.00824202549128,MV-202-15,sine_steer_python_15kmh,COMPLETED
963,2026年09月25日_14时38分14秒_第001次,2026-09-25T14:38:14+08:00,2026-09-25T06:38:14Z,9.62,15.0844530251679,0.0533418793709907,-6.05432829763253,38.9941902826776,3.29989526521075,40.046836433693,0,-1.97337188841574,-0.0474420786937484,1.0103282216774,MV-202-15,sine_steer_python_15kmh,COMPLETED
964,2026年09月25日_14时38分14秒_第001次,2026-09-25T14:38:14+08:00,2026-09-25T06:38:14Z,9.63,15.0843986214312,0.0531633531929542,-6.07151051006193,39.0358806393017,3.30409400732829,40.0886411590062,0,-1.97730348947583,-0.0475387304451481,1.01225506662146,MV-202-15,sine_steer_python_15kmh,COMPLETED
965,2026年09月25日_14时38分14秒_第001次,2026-09-25T14:38:14+08:00,2026-09-25T06:38:14Z,9.64,15.084345855648,0.0529767938121218,-6.08773647282035,39.0775753207461,3.30824808990362,40.130449339021,0,-1.9809228513933,-0.0476278682111697,1.01402225451584,MV-202-15,sine_steer_python_15kmh,COMPLETED
966,2026年09月25日_14时38分14秒_第001次,2026-09-25T14:38:14+08:00,2026-09-25T06:38:14Z,9.65,15.0842947611467,0.0527822208567688,-6.10300372155777,39.1192742940562,3.31235740410693,40.1722609133125,0,-1.98422940262896,-0.0477094778181339,1.01562950592754,MV-202-15,sine_steer_python_15kmh,COMPLETED
967,2026年09月25日_14时38分14秒_第001次,2026-09-25T14:38:14+08:00,2026-09-25T06:38:14Z,9.66,15.0842453702078,0.0525796536967017,-6.11730994123043,39.1609775253408,3.31642184816191,40.2140758211996,0,-1.98722262104002,-0.0477835462581978,1.01707656781173,MV-202-15,sine_steer_python_15kmh,COMPLETED
968,2026年09月25日_14时38分14秒_第001次,2026-09-25T14:38:14+08:00,2026-09-25T06:38:14Z,9.67,15.0841977140407,0.0523691115612516,-6.13065296645414,39.2026849797971,3.32044132736226,40.2558940017799,0,-1.9899020339626,-0.0478500616929596,1.01836321349259,MV-202-15,sine_steer_python_15kmh,COMPLETED
969,2026年09月25日_14时38分14秒_第001次,2026-09-25T14:38:14+08:00,2026-09-25T06:38:14Z,9.68,15.0841518227628,0.052150613697836,-6.14303078182299,39.2443966217366,3.32441575408711,40.297715393965,0,-1.99226721828634,-0.0479090134574725,1.01948924261429,MV-202-15,sine_steer_python_15kmh,COMPLETED
970,2026年09月25日_14时38分14秒_第001次,2026-09-25T14:38:14+08:00,2026-09-25T06:38:14Z,9.69,15.0841077253823,0.0519241795623091,-6.15444152213186,39.286112414611,3.32834504781543,40.3395399365156,0,-1.99431780052123,-0.0479603920645466,1.02045448106742,MV-202-15,sine_steer_python_15kmh,COMPLETED
971,2026年09月25日_14时38分14秒_第001次,2026-09-25T14:38:14+08:00,2026-09-25T06:38:14Z,9.7,15.0840654503867,0.0516900612761896,-6.16488284975696,39.3278323210205,3.33222913533391,40.3813675680421,0,-1.99605345685654,-0.0480041925293393,1.02125864034194,MV-202-15,sine_steer_python_15kmh,COMPLETED
972,2026年09月25日_14时38分14秒_第001次,2026-09-25T14:38:14+08:00,2026-09-25T06:38:14Z,9.71,15.084025020617,0.0514483110642083,-6.17435528482478,39.3695563027873,3.33606795020272,40.4231982271285,0,-1.99747391321204,-0.0480404082142075,1.02190157849074,MV-202-15,sine_steer_python_15kmh,COMPLETED
973,2026年09月25日_14时38分14秒_第001次,2026-09-25T14:38:14+08:00,2026-09-25T06:38:14Z,9.72,15.0839864680536,0.0511987797001677,-6.18285416706794,39.4112843208835,3.3398614338794,40.4650318522368,0,-1.99857894528118,-0.0480690307838961,1.02238330095686,MV-202-15,sine_steer_python_15kmh,COMPLETED
974,2026年09月25日_14时38分14秒_第001次,2026-09-25T14:38:14+08:00,2026-09-25T06:38:14Z,9.73,15.0839498118983,0.0509414934916483,-6.1903812756472,39.4530163356234,3.3436095340026,40.506868381902,0,-1.9993683785666,-0.0480900555718868,1.02270373521727,MV-202-15,sine_steer_python_15kmh,COMPLETED
975,2026年09月25日_14时38分14秒_第001次,2026-09-25T14:38:14+08:00,2026-09-25T06:38:14Z,9.74,15.0839150782132,0.0506763373430841,-6.19693321242334,39.4947523065184,3.3473122061008,40.5487077546191,0,-1.99984208840763,-0.0481034770709088,1.02286292015616,MV-202-15,sine_steer_python_15kmh,COMPLETED
976,2026年09月25日_14时38分14秒_第001次,2026-09-25T14:38:14+08:00,2026-09-25T06:38:14Z,9.75,15.0838822876459,0.0504034929284454,-6.20251037109168,39.5364921924353,3.35096941233102,40.5905499089673,0,-2,-0.048109295180744,1.02286074263808,MV-202-15,sine_steer_python_15kmh,COMPLETED
977,2026年09月25日_14时38分14秒_第001次,2026-09-25T14:38:14+08:00,2026-09-25T06:38:14Z,9.76,15.0838514605115,0.0501230685917192,-6.20711174740825,39.5782359515328,3.35458112235855,40.6323947835943,0,-1.99984208840763,-0.0481075099526853,1.0226971595517,MV-202-15,sine_steer_python_15kmh,COMPLETED
978,2026年09月25日_14时38分14秒_第001次,2026-09-25T14:38:14+08:00,2026-09-25T06:38:14Z,9.77,15.0838226168534,0.0498350632030107,-6.21073627992336,39.6199835413304,3.35814731296918,40.6742423172662,0,-1.9993683785666,-0.048098121064258,1.02237222004367,MV-202-15,sine_steer_python_15kmh,COMPLETED
979,2026年09月25日_14时38分14秒_第001次,2026-09-25T14:38:14+08:00,2026-09-25T06:38:14Z,9.78,15.0837957751889,0.0495393878444842,-6.21338378886324,39.6617349187318,3.36166796813191,40.7160924489092,0,-1.99857894528118,-0.0480811281162118,1.02188605304345,MV-202-15,sine_steer_python_15kmh,COMPLETED
980,2026年09月25日_14时38分14秒_第001次,2026-09-25T14:38:14+08:00,2026-09-25T06:38:14Z,9.79,15.0837709525675,0.049235894555283,-6.21505378105396,39.703490040062,3.36514307886567,40.7579451176434,0,-1.99747391321203,-0.0480565310328024,1.02123885030315,MV-202-15,sine_steer_python_15kmh,COMPLETED
981,2026年09月25日_14时38分14秒_第001次,2026-09-25T14:38:14+08:00,2026-09-25T06:38:14Z,9.8,15.0837481651726,0.0489243814854869,-6.21574615540987,39.745248861097,3.36857264322846,40.7998002628187,0,-1.99605345685654,-0.0480243301280306,1.02043086351981,MV-202-15,sine_steer_python_15kmh,COMPLETED
982,2026年09月25日_14时38分14秒_第001次,2026-09-25T14:38:14+08:00,2026-09-25T06:38:14Z,9.81,15.0837274278964,0.0486046067385963,-6.21546094693349,39.7870113370936,3.37195666628724,40.8416578240469,0,-1.99431780052123,-0.0479845262965146,1.01946239625017,MV-202-15,sine_steer_python_15kmh,COMPLETED
983,2026年09月25日_14时38分14秒_第001次,2026-09-25T14:38:14+08:00,2026-09-25T06:38:14Z,9.82,15.0837087554113,0.0482766843542002,-6.21419733852929,39.8287774227944,3.37529516040954,40.883517741186,0,-1.99226721828635,-0.0479371266688268,1.01833356444177,MV-202-15,sine_steer_python_15kmh,COMPLETED
984,2026年09月25日_14时38分14秒_第001次,2026-09-25T14:38:14+08:00,2026-09-25T06:38:14Z,9.83,15.0836921545929,0.0479407684645006,-6.21195811714944,39.870547072496,3.37858814466708,40.9253799544471,0,-1.9899020339626,-0.0478821401372757,1.01704448629931,MV-202-15,sine_steer_python_15kmh,COMPLETED
985,2026年09月25日_14时38分14秒_第001次,2026-09-25T14:38:14+08:00,2026-09-25T06:38:14Z,9.84,15.0836776426409,0.0475969259695765,-6.20874038065126,39.9123202399687,3.38183564624087,40.967244404297,0,-1.98722262104002,-0.0478195755392206,1.01559535769631,MV-202-15,sine_steer_python_15kmh,COMPLETED
986,2026年09月25日_14时38分14秒_第001次,2026-09-25T14:38:14+08:00,2026-09-25T06:38:14Z,9.85,15.0836652239169,0.0472455522738728,-6.2045473805306,39.9540968786229,3.3850376987718,41.009111031614,0,-1.98422940262896,-0.0477494475886744,1.01398620284004,MV-202-15,sine_steer_python_15kmh,COMPLETED
987,2026年09月25日_14时38分14秒_第001次,2026-09-25T14:38:14+08:00,2026-09-25T06:38:14Z,9.86,15.0836549074077,0.0468867573996173,-6.19937854565684,39.9958769414065,3.3881943437977,41.0509797776306,0,-1.9809228513933,-0.0476717681375117,1.01221724265354,MV-202-15,sine_steer_python_15kmh,COMPLETED
988,2026年09月25日_14时38分14秒_第001次,2026-09-25T14:38:14+08:00,2026-09-25T06:38:14Z,9.87,15.0836467013537,0.0465206348048073,-6.19323478252482,40.0376603809186,3.39130562987557,41.0928505840101,0,-1.97730348947583,-0.0475865499829669,1.01028873394146,MV-202-15,sine_steer_python_15kmh,COMPLETED
989,2026年09月25日_14时38分14秒_第001次,2026-09-25T14:38:14+08:00,2026-09-25T06:38:14Z,9.88,15.0836406102428,0.0461472794516794,-6.18611725149877,40.0794471494153,3.39437161278403,41.1347233928687,0,-1.97337188841574,-0.0474938071220333,1.00820095872708,MV-202-15,sine_steer_python_15kmh,COMPLETED
990,2026年09月25日_14时38分14秒_第001次,2026-09-25T14:38:14+08:00,2026-09-25T06:38:14Z,9.89,15.0836366377699,0.0457667845698107,-6.17802711871899,40.1212371988355,3.39739235550312,41.1765981467982,0,-1.96912866905841,-0.0473935547032337,1.00595422592789,MV-202-15,sine_steer_python_15kmh,COMPLETED
991,2026年09月25日_14时38分14秒_第001次,2026-09-25T14:38:14+08:00,2026-09-25T06:38:14Z,9.9,15.0836347868753,0.0453792404487114,-6.16896568157994,40.1630304808321,3.40036792819816,41.2184747888936,0,-1.96457450145738,-0.0472858090068384,1.00354887203928,MV-202-15,sine_steer_python_15kmh,COMPLETED
992,2026年09月25日_14时38分14秒_第001次,2026-09-25T14:38:14+08:00,2026-09-25T06:38:14Z,9.91,15.0836350588506,0.0449847339382947,-6.15893439661486,40.2048269467994,3.4032984082081,41.2603532627783,0,-1.95971010476849,-0.0471705874348761,1.00098526146234,MV-202-15,sine_steer_python_15kmh,COMPLETED
993,2026年09月25日_14时38分14秒_第001次,2026-09-25T14:38:14+08:00,2026-09-25T06:38:14Z,9.92,15.0836374534342,0.0445833477455472,-6.14793487545389,40.2466265479002,3.4061838800314,41.302233512627,0,-1.95453624713639,-0.0470479084979899,0.998263786877347,MV-202-15,sine_steer_python_15kmh,COMPLETED
994,2026年09月25日_14时38分14秒_第001次,2026-09-25T14:38:14+08:00,2026-09-25T06:38:14Z,9.93,15.083641969139,0.0441751594231349,-6.13596887373692,40.2884292350932,3.40902443531001,41.3441154831898,0,-1.94905374557315,-0.0469177917976221,0.995384869785391,MV-202-15,sine_steer_python_15kmh,COMPLETED
995,2026年09月25日_14时38分14秒_第001次,2026-09-25T14:38:14+08:00,2026-09-25T06:38:14Z,9.94,15.0836486032412,0.0437602402396527,-6.12303828841664,40.3302349591609,3.41182017281133,41.385999119816,0,-1.94326346582935,-0.0467802580062067,0.992348961148088,MV-202-15,sine_steer_python_15kmh,COMPLETED
996,2026年09月25日_14时38分14秒_第001次,2026-09-25T14:38:14+08:00,2026-09-25T06:38:14Z,9.95,15.0836573516561,0.0433386542161001,-6.10914516129243,40.3720436707371,3.41457119840773,41.4278843684773,0,-1.93716632225726,-0.0466353288494218,0.989156541936455,MV-202-15,sine_steer_python_15kmh,COMPLETED
997,2026年09月25日_14时38分14秒_第001次,2026-09-25T14:38:14+08:00,2026-09-25T06:38:14Z,9.96,15.0836682089308,0.042910457526732,-6.09429168049168,40.4138553203339,3.41727762505399,41.4697711757911,0,-1.93076327766655,-0.0464830270933561,0.985808123450922,MV-202-15,sine_steer_python_15kmh,COMPLETED
998,2026年09月25日_14时38分14秒_第001次,2026-09-25T14:38:14+08:00,2026-09-25T06:38:14Z,9.97,15.0836811683001,0.0424756983688336,-6.07848017863303,40.455669858369,3.41993957276293,41.5116594890433,0,-1.92405534317217,-0.0463233765381276,0.982304247351578,MV-202-15,sine_steer_python_15kmh,COMPLETED
999,2026年09月25日_14时38分14秒_第001次,2026-09-25T14:38:14+08:00,2026-09-25T06:38:14Z,9.98,15.0836962217068,0.0420344173728686,-6.06171313110362,40.4974872351923,3.42255716858,41.5535492562111,0,-1.91704357803475,-0.0461564020190318,0.978645485360559,MV-202-15,sine_steer_python_15kmh,COMPLETED
1000,2026年09月25日_14时38分14秒_第001次,2026-09-25T14:38:14+08:00,2026-09-25T06:38:14Z,9.99,15.0837133597902,0.0415866485904274,-6.04399315591723,40.5393074011129,3.42513054655715,41.5954404259851,0,-1.90972908949329,-0.0459821294158187,0.974832438610841,MV-202-15,sine_steer_python_15kmh,COMPLETED
1001,2026年09月25日_14时38分14秒_第001次,2026-09-25T14:38:14+08:00,2026-09-25T06:38:14Z,10,15.0837325718852,0.0411324210231931,-6.02532301405215,40.581130306425,3.42765984772669,41.63733294779,0,-1.90211303259031,-0.0458005856696419,0.970865736657725,MV-202-15,sine_steer_python_15kmh,COMPLETED
1002,2026年09月25日_14时38分14秒_第001次,2026-09-25T14:38:14+08:00,2026-09-25T06:38:14Z,10.01,15.083753846037,0.0406717605728709,-6.00570560938545,40.6229559014338,3.43014522007547,41.6792267718056,0,-1.89419660998949,-0.0456117988060278,0.966746036222592,MV-202-15,sine_steer_python_15kmh,COMPLETED
1003,2026年09月25日_14时38分14秒_第001次,2026-09-25T14:38:14+08:00,2026-09-25T06:38:14Z,10.02,15.0837771690122,0.0402046922371209,-5.9851439885208,40.6647841364814,3.43258681851983,41.7211218489857,0,-1.88598107178573,-0.0454157979614147,0.962474019774044,MV-202-15,sine_steer_python_15kmh,COMPLETED
1004,2026年09月25日_14时38分14秒_第001次,2026-09-25T14:38:14+08:00,2026-09-25T06:38:14Z,10.03,15.0838025263038,0.0397312423555157,-5.96364134096032,40.7066149619711,3.43498480488133,41.7630181310761,0,-1.87746771530775,-0.0452126134104893,0.958050394064137,MV-202-15,sine_steer_python_15kmh,COMPLETED
1005,2026年09月25日_14时38分14秒_第001次,2026-09-25T14:38:14+08:00,2026-09-25T06:38:14Z,10.04,15.0838299021347,0.0392514407127199,-5.94120099956498,40.7484483283925,3.43733934786327,41.8049155706314,0,-1.86865788491322,-0.0450022765915706,0.953475888735539,MV-202-15,sine_steer_python_15kmh,COMPLETED
1006,2026年09月25日_14时38分14秒_第001次,2026-09-25T14:38:14+08:00,2026-09-25T06:38:14Z,10.05,15.0838592794674,0.0387653223289306,-5.9178264410349,40.7902841863458,3.43965062302779,41.8468141210311,0,-1.8595529717765,-0.0447848201275973,0.948751255102887,MV-202-15,sine_steer_python_15kmh,COMPLETED
1007,2026年09月25日_14时38分14秒_第001次,2026-09-25T14:38:14+08:00,2026-09-25T06:38:14Z,10.06,15.0838906400141,0.0382729288107604,-5.89352128630651,40.8321224865651,3.44191881277301,41.8887137364935,0,-1.85015441366892,-0.0445602778408668,0.94387726518685,MV-202-15,sine_steer_python_15kmh,COMPLETED
1008,2026年09月25日_14时38分14秒_第001次,2026-09-25T14:38:14+08:00,2026-09-25T06:38:14Z,10.07,15.0839239642463,0.0377743091940564,-5.86828930088711,40.8739631799418,3.44414410630995,41.9306143720904,0,-1.84046369473174,-0.0443286847604975,0.938854711044767,MV-202-15,sine_steer_python_15kmh,COMPLETED
1009,2026年09月25日_14时38分14秒_第001次,2026-09-25T14:38:14+08:00,2026-09-25T06:38:14Z,10.08,15.0839592314043,0.0372695202733509,-5.8421343951074,40.9158062175482,3.44632669963862,41.9725159837592,0,-1.83048234524183,-0.0440900771224785,0.933684404403589,MV-202-15,sine_steer_python_15kmh,COMPLETED
1010,2026年09月25日_14时38分14秒_第001次,2026-09-25T14:38:14+08:00,2026-09-25T06:38:14Z,10.09,15.0839964195075,0.0367586264703402,-5.81506062421373,40.9576515506591,3.44846679552289,42.014418528316,0,-1.82021194136999,-0.0438444923629961,0.928367176565884,MV-202-15,sine_steer_python_15kmh,COMPLETED
1011,2026年09月25日_14时38分14秒_第001次,2026-09-25T14:38:14+08:00,2026-09-25T06:38:14Z,10.1,15.0840355053658,0.0362416993384884,-5.78707218823985,40.9994991307753,3.45056460346376,42.056321963467,0,-1.80965410493204,-0.0435919691063711,0.92290387853256,MV-202-15,sine_steer_python_15kmh,COMPLETED
1012,2026年09月25日_14时38分14秒_第001次,2026-09-25T14:38:14+08:00,2026-09-25T06:38:14Z,10.11,15.0840764645912,0.0357188168279368,-5.75817343164608,41.0413489096445,3.45262033967088,42.0982262478196,0,-1.79881050313274,-0.0433325471493416,0.917295381269059,MV-202-15,sine_steer_python_15kmh,COMPLETED
1013,2026年09月25日_14时38分14秒_第001次,2026-09-25T14:38:14+08:00,2026-09-25T06:38:14Z,10.12,15.0841192716094,0.0351900624420027,-5.7283688427417,41.0832008392837,3.45463422703216,42.1401313408939,0,-1.78768284830253,-0.043066267443539,0.911542576036814,MV-202-15,sine_steer_python_15kmh,COMPLETED
1014,2026年09月25日_14时38分14秒_第001次,2026-09-25T14:38:14+08:00,2026-09-25T06:38:14Z,10.13,15.0841638996715,0.0346555244039815,-5.69766305291041,41.125054872,3.45660649508147,42.1820372031325,0,-1.77627289762709,-0.0427931720778435,0.905646374718711,MV-202-15,sine_steer_python_15kmh,COMPLETED
1015,2026年09月25日_14时38分14秒_第001次,2026-09-25T14:38:14+08:00,2026-09-25T06:38:14Z,10.14,15.0842103208679,0.0341152949245976,-5.66606083566303,41.1669109604117,3.45853737996473,42.2239437959105,0,-1.76458245286991,-0.0425133042619128,0.899607710083802,MV-202-15,sine_steer_python_15kmh,COMPLETED
1016,2026年09月25日_14时38分14秒_第001次,2026-09-25T14:38:14+08:00,2026-09-25T06:38:14Z,10.15,15.0842585061433,0.0335694696219204,-5.63356710555832,41.2087690574685,3.4604271244044,42.2658510815443,0,-1.75261336008773,-0.0422267083116369,0.89342753595945,MV-202-15,sine_steer_python_15kmh,COMPLETED
1017,2026年09月25日_14时38分14秒_第001次,2026-09-25T14:38:14+08:00,2026-09-25T06:38:14Z,10.16,15.0843084253133,0.0330181471043721,-5.60018691704008,41.2506291164719,3.46227597766259,42.3077590232997,0,-1.74036750933905,-0.0419334296366916,0.887106827303715,MV-202-15,sine_steer_python_15kmh,COMPLETED
1018,2026年09月25日_14时38分14秒_第001次,2026-09-25T14:38:14+08:00,2026-09-25T06:38:14Z,10.17,15.0843600470837,0.0324614286902435,-5.56592546323462,41.2924910910945,3.46408419550318,42.3496675853993,0,-1.72784683438567,-0.0416335147298295,0.880646580193306,MV-202-15,sine_steer_python_15kmh,COMPLETED
1019,2026年09月25日_14时38分14秒_第001次,2026-09-25T14:38:14+08:00,2026-09-25T06:38:14Z,10.18,15.0844133390708,0.0318994182099513,-5.53078807474345,41.334354935399,3.46585204015275,42.3915767330288,0,-1.7150533123873,-0.0413270111571572,0.874047811758973,MV-202-15,sine_steer_python_15kmh,COMPLETED
1020,2026年09月25日_14时38分14秒_第001次,2026-09-25T14:38:14+08:00,2026-09-25T06:38:14Z,10.19,15.0844682678249,0.0313322218236054,-5.49478021845698,41.3762206038567,3.46757978026065,42.4334864323418,0,-1.70198896358938,-0.0410139675484471,0.867311560108758,MV-202-15,sine_steer_python_15kmh,COMPLETED
1021,2026年09月25日_14时38分14秒_第001次,2026-09-25T14:38:14+08:00,2026-09-25T06:38:14Z,10.2,15.0845247988533,0.0307599477877894,-5.45790749640102,41.4180880513658,3.46926769085797,42.4753966504641,0,-1.68865585100403,-0.04069443358654,0.860438884279122,MV-202-15,sine_steer_python_15kmh,COMPLETED
1022,2026年09月25日_14时38分14秒_第001次,2026-09-25T14:38:14+08:00,2026-09-25T06:38:14Z,10.21,15.0845828966458,0.0301827061201962,-5.42017564461823,41.4599572332687,3.47091605331553,42.5173073554975,0,-1.67505608008428,-0.040368459995101,0.853430864245345,MV-202-15,sine_steer_python_15kmh,COMPLETED
1023,2026年09月25日_14时38分14秒_第001次,2026-09-25T14:38:14+08:00,2026-09-25T06:38:14Z,10.22,15.0846425246992,0.0296006081354171,-5.38159053207453,41.5018281053689,3.47252515530045,42.5592185165213,0,-1.66119179839163,-0.0400360985243343,0.846288601007909,MV-202-15,sine_steer_python_15kmh,COMPLETED
1024,2026年09月25日_14时38分14秒_第001次,2026-09-25T14:38:14+08:00,2026-09-25T06:38:14Z,10.23,15.0847036455419,0.0290137658548306,-5.34215815957755,41.5437006239477,3.47409529073151,42.6011301035943,0,-1.64706519525686,-0.0396974019346876,0.839013216753831,MV-202-15,sine_steer_python_15kmh,COMPLETED
1025,2026年09月25日_14时38分14秒_第001次,2026-09-25T14:38:14+08:00,2026-09-25T06:38:14Z,10.24,15.0847662207589,0.0284222913224445,-5.30188465869083,41.5855747457801,3.47562675973285,42.6430420877555,0,-1.63267850143437,-0.0393524239789856,0.83160585507433,MV-202-15,sine_steer_python_15kmh,COMPLETED
1026,2026年09月25日_14时38分14秒_第001次,2026-09-25T14:38:14+08:00,2026-09-25T06:38:14Z,10.25,15.084830211015,0.027826295882076,-5.26077629063058,41.62745042815,3.47711986858613,42.6849544410242,0,-1.6180339887499,-0.0390012193837757,0.824067681205832,MV-202-15,sine_steer_python_15kmh,COMPLETED
1027,2026年09月25日_14时38分14秒_第001次,2026-09-25T14:38:14+08:00,2026-09-25T06:38:14Z,10.26,15.0848955760798,0.0272258894852408,-5.2188394451412,41.6693276288657,3.47857492968106,42.7268671363992,0,-1.60313396974175,-0.0386438438308737,0.816399882252547,MV-202-15,sine_steer_python_15kmh,COMPLETED
1028,2026年09月25日_14时38分14秒_第001次,2026-09-25T14:38:14+08:00,2026-09-25T06:38:14Z,10.27,15.0849622748513,0.0266211801019095,-5.17608063934878,41.7112063062737,3.47999226146436,42.7687801478581,0,-1.58798079729567,-0.0382803539401465,0.808603667346853,MV-202-15,sine_steer_python_15kmh,COMPLETED
1029,2026年09月25日_14时38分14秒_第001次,2026-09-25T14:38:14+08:00,2026-09-25T06:38:14Z,10.28,15.0850302653813,0.0260122732976956,-5.13250651660498,41.7530864192726,3.48137218838733,42.8106934503548,0,-1.57257686427324,-0.0379108072544548,0.800680267708526,MV-202-15,sine_steer_python_15kmh,COMPLETED
1030,2026年09月25日_14时38分14秒_第001次,2026-09-25T14:38:14+08:00,2026-09-25T06:38:14Z,10.29,15.085099504901,0.0253992720229611,-5.088123845335,41.7949679273268,3.48271504085213,42.8526070198174,0,-1.55692460313405,-0.0375352622274246,0.792630936574493,MV-202-15,sine_steer_python_15kmh,COMPLETED
1031,2026年09月25日_14时38分14秒_第001次,2026-09-25T14:38:14+08:00,2026-09-25T06:38:14Z,10.3,15.0851699498474,0.0247822766349029,-5.04293951790918,41.8368507904787,3.48402115515711,42.8945208331446,0,-1.54102648555158,-0.0371537782143781,0.784456948985352,MV-202-15,sine_steer_python_15kmh,COMPLETED
1032,2026年09月25日_14时38分14秒_第001次,2026-09-25T14:38:14+08:00,2026-09-25T06:38:14Z,10.31,15.0852415558914,0.0241613851468292,-4.99696054955956,41.8787349693609,3.48529087344133,42.9364348682015,0,-1.5248850220229,-0.0367664154663679,0.776159601431026,MV-202-15,sine_steer_python_15kmh,COMPLETED
1033,2026年09月25日_14时38分14秒_第001次,2026-09-25T14:38:14+08:00,2026-09-25T06:38:14Z,10.32,15.0853142779664,0.023536693673674,-4.95019407735524,41.9206204252075,3.48652454362846,42.9783491038148,0,-1.50850276147221,-0.0363732351269016,0.767740211373194,MV-202-15,sine_steer_python_15kmh,COMPLETED
1034,2026年09月25日_14时38分14秒_第001次,2026-09-25T14:38:14+08:00,2026-09-25T06:38:14Z,10.33,15.0853880702983,0.0229082970226576,-4.90264735924945,41.9625071198652,3.48772251937032,43.0202635197669,0,-1.49188229084836,-0.0359742992306507,0.759200116674491,MV-202-15,sine_steer_python_15kmh,COMPLETED
1035,2026年09月25日_14时38分14秒_第001次,2026-09-25T14:38:14+08:00,2026-09-25T06:38:14Z,10.34,15.0854628864356,0.0222762893655529,-4.85432777320186,42.0043950158032,3.48888515999009,43.0621780967888,0,-1.47502623471635,-0.0355696707032534,0.750540674972262,MV-202-15,sine_steer_python_15kmh,COMPLETED
1036,2026年09月25日_14时38分14秒_第001次,2026-09-25T14:38:14+08:00,2026-09-25T06:38:14Z,10.35,15.0855386792802,0.0216407649253677,-4.80524281636842,42.0462840761228,3.49001283042522,43.1040928165527,0,-1.45793725484282,-0.0351594133612636,0.741763263037152,MV-202-15,sine_steer_python_15kmh,COMPLETED
1037,2026年09月25日_14时38分14秒_第001次,2026-09-25T14:38:14+08:00,2026-09-25T06:38:14Z,10.36,15.085615401118,0.0210018186153661,-4.75540010434962,42.0881742645663,3.49110590117,43.1460076616637,0,-1.44061804977582,-0.0347435919113598,0.732869276154105,MV-202-15,sine_steer_python_15kmh,COMPLETED
1038,2026年09月25日_14时38分14秒_第001次,2026-09-25T14:38:14+08:00,2026-09-25T06:38:14Z,10.37,15.0856930036502,0.0203595465807287,-4.70480737047674,42.1300655455251,3.49216474821784,43.1879226156501,0,-1.42307135441857,-0.0343222719481006,0.723860127556106,MV-202-15,sine_steer_python_15kmh,COMPLETED
1039,2026年09月25日_14时38分14秒_第001次,2026-09-25T14:38:14+08:00,2026-09-25T06:38:14Z,10.38,15.0857714380238,0.019714046610657,-4.65347246511222,42.1719578840475,3.49318975300298,43.2298376629532,0,-1.4052999395977,-0.033895519949758,0.714737247930711,MV-202-15,sine_steer_python_15kmh,COMPLETED
1040,2026年09月25日_14时38分14秒_第001次,2026-09-25T14:38:14+08:00,2026-09-25T06:38:14Z,10.39,15.0858506548622,0.0190654184084388,-4.60140335494123,42.2138512458457,3.49418130234153,43.2717527889172,0,-1.38730661162561,-0.0334634032720316,0.705502085007589,MV-202-15,sine_steer_python_15kmh,COMPLETED
1041,2026年09月25日_14时38分14秒_第001次,2026-09-25T14:38:14+08:00,2026-09-25T06:38:14Z,10.4,15.0859306042949,0.0184137637259311,-4.54860812222647,42.2557455973018,3.49513978837183,43.3136679797767,0,-1.36909421185738,-0.0330259901397276,0.696156103223968,MV-202-15,sine_steer_python_15kmh,COMPLETED
1042,2026年09月25日_14时38分14秒_第001次,2026-09-25T14:38:14+08:00,2026-09-25T06:38:14Z,10.41,15.086011235718,0.0177591863879282,-4.49509496678048,42.2976409054736,3.49606560849387,43.355583222645,0,-1.35066561624205,-0.0325833496367458,0.686700783467325,MV-202-15,sine_steer_python_15kmh,COMPLETED
1043,2026年09月25日_14时38分14秒_第001次,2026-09-25T14:38:14+08:00,2026-09-25T06:38:14Z,10.42,15.0860924982615,0.0171017922499651,-4.44087219918525,42.3395371380993,3.49695916530783,43.3974985055004,0,-1.33202373486851,-0.0321355516949908,0.67713762281796,MV-202-15,sine_steer_python_15kmh,COMPLETED
1044,2026年09月25日_14时38分14秒_第001次,2026-09-25T14:38:14+08:00,2026-09-25T06:38:14Z,10.43,15.0861743409288,0.0164416890653271,-4.38594823989198,42.3814342636026,3.49782086655173,43.4394138171743,0,-1.31317151150591,-0.0316826670818517,0.667468134362568,MV-202-15,sine_steer_python_15kmh,COMPLETED
1045,2026年09月25日_14时38分14秒_第001次,2026-09-25T14:38:14+08:00,2026-09-25T06:38:14Z,10.44,15.0862567122709,0.015778986353726,-4.33033162420835,42.4233322510974,3.49865112503813,43.4813291473371,0,-1.29411192313889,-0.0312247673875649,0.657693847028556,MV-202-15,sine_steer_python_15kmh,COMPLETED
1046,2026年09月25日_14时38分14秒_第001次,2026-09-25T14:38:14+08:00,2026-09-25T06:38:14Z,10.45,15.0863395604085,0.0151137953287588,-4.27403100030211,42.4652310703901,3.49945035858975,43.5232444864831,0,-1.27484797949738,-0.0307619250132774,0.647816305362222,MV-202-15,sine_steer_python_15kmh,COMPLETED
1047,2026年09月25日_14时38分14秒_第001次,2026-09-25T14:38:14+08:00,2026-09-25T06:38:14Z,10.46,15.0864228331492,0.0144462288406077,-4.21705512494945,42.5071306919825,3.50021898997425,43.5651598259157,0,-1.2553827225814,-0.0302942131591974,0.637837069290902,MV-202-15,sine_steer_python_15kmh,COMPLETED
1048,2026年09月25日_14时38分14秒_第001次,2026-09-25T14:38:14+08:00,2026-09-25T06:38:14Z,10.47,15.086506478027,0.0137764013332723,-4.15941286203954,42.5490310870737,3.50095744683843,43.6070751577312,0,-1.23571922618067,-0.0298217058128253,0.627757713878195,MV-202-15,sine_steer_python_15kmh,COMPLETED
1049,2026年09月25日_14时38分14秒_第001次,2026-09-25T14:38:14+08:00,2026-09-25T06:38:14Z,10.48,15.0865904421775,0.0131044288168479,-4.10111318130306,42.5909322275612,3.50166616164151,43.6489904748018,0,-1.21586059538921,-0.0293444777372765,0.617579829075662,MV-202-15,sine_steer_python_15kmh,COMPLETED
1050,2026年09月25日_14时38分14秒_第001次,2026-09-25T14:38:14+08:00,2026-09-25T06:38:14Z,10.49,15.0866746721621,0.0124304288364932,-4.04216515607751,42.6328340860411,3.50234557158784,43.6909057707577,0,-1.19580996611504,-0.0288626044594361,0.60730501947587,MV-202-15,sine_steer_python_15kmh,COMPLETED
1051,2026年09月25日_14时38分14秒_第001次,2026-09-25T14:38:14+08:00,2026-09-25T06:38:14Z,10.5,15.0867591150451,0.0117545205611441,-3.9825779735159,42.6747366358081,3.50299611855879,43.7328210399697,0,-1.17557050458495,-0.028376162259708,0.596934903933041,MV-202-15,sine_steer_python_15kmh,COMPLETED
1052,2026年09月25日_14时38分14秒_第001次,2026-09-25T14:38:14+08:00,2026-09-25T06:38:14Z,10.51,15.0868437178486,0.011076824751883,-3.92236092161835,42.7166398508571,3.50361824904396,43.7747362775321,0,-1.15514540684454,-0.0278852281599394,0.586471115330986,MV-202-15,sine_steer_python_15kmh,COMPLETED
1053,2026年09月25日_14时38分14秒_第001次,2026-09-25T14:38:14+08:00,2026-09-25T06:38:14Z,10.52,15.0869284273284,0.0103974635978194,-3.86152338535118,42.7585437058812,3.50421241407169,43.8166514792433,0,-1.13453789825351,-0.0273898799093375,0.575915300412384,MV-202-15,sine_steer_python_15kmh,COMPLETED
1054,2026年09月25日_14时38分14秒_第001次,2026-09-25T14:38:14+08:00,2026-09-25T06:38:14Z,10.53,15.0870131900231,0.00971656051065303,-3.80007484963808,42.8004481762696,3.50477906913892,43.8585666415856,0,-1.11375123297638,-0.0268901959696663,0.565269119618802,MV-202-15,sine_steer_python_15kmh,COMPLETED
1055,2026年09月25日_14时38分14秒_第001次,2026-09-25T14:38:14+08:00,2026-09-25T06:38:14Z,10.54,15.0870979524067,0.009034239899822,-3.73802490030198,42.8423532381052,3.50531867413998,43.9004817617043,0,-1.09278869346854,-0.026386255500034,0.554534246936981,MV-202-15,sine_steer_python_15kmh,COMPLETED
1056,2026年09月25日_14时38分14秒_第001次,2026-09-25T14:38:14+08:00,2026-09-25T06:38:14Z,10.55,15.087182660997,0.00835062689575844,-3.67538322113094,42.8842588681615,3.50583169329455,43.9423968373878,0,-1.07165358995799,-0.0258781383408066,0.543712369778041,MV-202-15,sine_steer_python_15kmh,COMPLETED
1057,2026年09月25日_14时38分14秒_第001次,2026-09-25T14:38:14+08:00,2026-09-25T06:38:14Z,10.56,15.0872672623701,0.00766584701778043,-3.61215959091123,42.9261650438991,3.50631859507466,43.9843118670457,0,-1.05034925992259,-0.0253659249965935,0.532805188893698,MV-202-15,sine_steer_python_15kmh,COMPLETED
1058,2026年09月25日_14时38分14秒_第001次,2026-09-25T14:38:14+08:00,2026-09-25T06:38:14Z,10.57,15.0873517031512,0.0069800258255339,-3.54836388215446,42.9680717434618,3.50677985213074,44.0262268496876,0,-1.02887906756301,-0.0248496966188572,0.521814418302961,MV-202-15,sine_steer_python_15kmh,COMPLETED
1059,2026年09月25日_14时38分14秒_第001次,2026-09-25T14:38:14+08:00,2026-09-25T06:38:14Z,10.58,15.0874359300409,0.0062932885974512,-3.4840060602216,43.0099789456715,3.50721594121682,44.0681417849009,0,-1.00724640327152,-0.0243295349887685,0.510741785200785,MV-202-15,sine_steer_python_15kmh,COMPLETED
1060,2026年09月25日_14时38分14秒_第001次,2026-09-25T14:38:14+08:00,2026-09-25T06:38:14Z,10.59,15.0875198898653,0.00560576006190447,-3.41909618169416,43.0518866300232,3.50762734311465,44.1100566728281,0,-0.985454683096584,-0.0238055225006788,0.499589029833576,MV-202-15,sine_steer_python_15kmh,COMPLETED
1061,2026年09月25日_14时38分14秒_第001次,2026-09-25T14:38:14+08:00,2026-09-25T06:38:14Z,10.6,15.0876035296207,0.00491756419596192,-3.35364439230262,43.0937947766788,3.5080145425572,44.151971514144,0,-0.963507348203433,-0.0232777421464317,0.488357905333668,MV-202-15,sine_steer_python_15kmh,COMPLETED
1062,2026年09月25日_14时38分14秒_第001次,2026-09-25T14:38:14+08:00,2026-09-25T06:38:14Z,10.61,15.087686796119,0.00422882406558754,-3.28766092087983,43.1357033664603,3.50837802815127,44.193886310032,0,-0.941407864330669,-0.0227462775001496,0.477050177542484,MV-202-15,sine_steer_python_15kmh,COMPLETED
1063,2026年09月25日_14时38分14秒_第001次,2026-09-25T14:38:14+08:00,2026-09-25T06:38:14Z,10.62,15.0877696364009,0.00353966184070012,-3.22115608871301,43.177612380842,3.50871829229955,44.2358010621594,0,-0.919159721242974,-0.0222112127054089,0.46566762469782,MV-202-15,sine_steer_python_15kmh,COMPLETED
1064,2026年09月25日_14时38分14秒_第001次,2026-09-25T14:38:14+08:00,2026-09-25T06:38:14Z,10.63,15.0878519962023,0.00285019914409241,-3.15414032885351,43.2195218019408,3.50903583112184,44.2777157726514,0,-0.896766432180064,-0.0216726324671019,0.454212036986686,MV-202-15,sine_steer_python_15kmh,COMPLETED
1065,2026年09月25日_14时38分14秒_第001次,2026-09-25T14:38:14+08:00,2026-09-25T06:38:14Z,10.64,15.087933822471,0.00216055706825577,-3.08662414346816,43.2614316125079,3.50933114437575,44.319630444066,0,-0.874231533301864,-0.0211306220385017,0.442685216150858,MV-202-15,sine_steer_python_15kmh,COMPLETED
1066,2026年09月25日_14时38分14秒_第001次,2026-09-25T14:38:14+08:00,2026-09-25T06:38:14Z,10.65,15.0880150660285,0.00147085597096415,-3.01861806744499,43.3033417959245,3.50960473537781,44.3615450793743,0,-0.851558583130145,-0.0205852672050839,0.431088975232813,MV-202-15,sine_steer_python_15kmh,COMPLETED
1067,2026年09月25日_14时38分14秒_第001次,2026-09-25T14:38:14+08:00,2026-09-25T06:38:14Z,10.66,15.0880956780744,0.0007812154050989,-2.95013270303784,43.3452523361992,3.50985711092451,44.4034596819419,0,-0.828751161986569,-0.0200366542701579,0.419425138450859,MV-202-15,sine_steer_python_15kmh,COMPLETED
1068,2026年09月25日_14时38分14秒_第001次,2026-09-25T14:38:14+08:00,2026-09-25T06:38:14Z,10.67,15.0881756079202,9.17547373870827e-05,-2.88117876633214,43.3871632179549,3.51008878121203,44.4453742554994,0,-0.805812871427328,-0.0194848700502576,0.407695540599684,MV-202-15,sine_steer_python_15kmh,COMPLETED
1069,2026年09月25日_14时38分14秒_第001次,2026-09-25T14:38:14+08:00,2026-09-25T06:38:14Z,10.68,15.0882548041123,-0.000597406385393029,-2.81176706087482,43.4290744264125,3.51030025975506,44.4872888041104,0,-0.782747333674405,-0.0189300018683456,0.395902026423973,MV-202-15,sine_steer_python_15kmh,COMPLETED
1070,2026年09月25日_14时38分14秒_第001次,2026-09-25T14:38:14+08:00,2026-09-25T06:38:14Z,10.69,15.0883332162552,-0.00128614788203746,-2.74190845193525,43.4709859473793,3.51049206330605,44.529203332145,0,-0.759558191043604,-0.0183721375425375,0.38404645016215,MV-202-15,sine_steer_python_15kmh,COMPLETED
1071,2026年09月25日_14时38分14秒_第001次,2026-09-25T14:38:14+08:00,2026-09-25T06:38:14Z,10.7,15.0884107948169,-0.00197434913141104,-2.67161386937896,43.5128977672396,3.51066471177444,44.5711178442547,0,-0.736249105369353,-0.0178113653740702,0.372130675184516,MV-202-15,sine_steer_python_15kmh,COMPLETED
1072,2026年09月25日_14时38分14秒_第001次,2026-09-25T14:38:14+08:00,2026-09-25T06:38:14Z,10.71,15.0884874914152,-0.00266188881739752,-2.60089430224281,43.5548098729441,3.51081872814547,44.6130323453474,0,-0.7128237574265,-0.0172477741359197,0.360156573585249,MV-202-15,sine_steer_python_15kmh,COMPLETED
1073,2026年09月25日_14时38分14秒_第001次,2026-09-25T14:38:14+08:00,2026-09-25T06:38:14Z,10.72,15.0885632582412,-0.00334864482000765,-2.52976080461397,43.5967222519989,3.51095463839867,44.6549468405618,0,-0.689285846349034,-0.0166814530607039,0.348126025824635,MV-202-15,sine_steer_python_15kmh,COMPLETED
1074,2026年09月25日_14时38分14秒_第001次,2026-09-25T14:38:14+08:00,2026-09-25T06:38:14Z,10.73,15.0886380479,-0.00403449414251426,-2.45822449626595,43.6386348924519,3.5110729714257,44.6968613352399,0,-0.665639089045975,-0.0161124918280178,0.336040920377437,MV-202-15,sine_steer_python_15kmh,COMPLETED
1075,2026年09月25日_14时38分14秒_第001次,2026-09-25T14:38:14+08:00,2026-09-25T06:38:14Z,10.74,15.0887118137166,-0.00471931295764336,-2.38629655582983,43.6805477828798,3.51117425894781,44.7387758348996,0,-0.641887219614418,-0.0155409805500069,0.323903153439191,MV-202-15,sine_steer_python_15kmh,COMPLETED
1076,2026年09月25日_14时38分14秒_第001次,2026-09-25T14:38:14+08:00,2026-09-25T06:38:14Z,10.75,15.0887845099039,-0.00540297684710595,-2.31398821667123,43.7224609123749,3.511259035433,44.7806903452085,0,-0.618033988749896,-0.0149670097541081,0.31171462875348,MV-202-15,sine_steer_python_15kmh,COMPLETED
1077,2026年09月25日_14时38分14秒_第001次,2026-09-25T14:38:14+08:00,2026-09-25T06:38:14Z,10.76,15.0888560915354,-0.00608536125498272,-2.2413107680081,43.7643742705313,3.5113278380124,44.8226048719568,0,-0.594083163154072,-0.0143906703626425,0.299477257573929,MV-202-15,sine_steer_python_15kmh,COMPLETED
1078,2026年09月25日_14时38分14秒_第001次,2026-09-25T14:38:14+08:00,2026-09-25T06:38:14Z,10.77,15.088926514513,-0.00676634216067696,-2.16827555778846,43.8062878474315,3.51138120639594,44.8645194210305,0,-0.570038524939953,-0.0138120536691562,0.287192958760202,MV-202-15,sine_steer_python_15kmh,COMPLETED
1079,2026年09月25日_14时38分14秒_第001次,2026-09-25T14:38:14+08:00,2026-09-25T06:38:14Z,10.78,15.0889957355885,-0.00744579693525451,-2.09489399564216,43.848201633631,3.51141968278685,44.906433998384,0,-0.545903871034652,-0.013231251312003,0.274863658985887,MV-202-15,sine_steer_python_15kmh,COMPLETED
1080,2026年09月25日_14时38分14秒_第001次,2026-09-25T14:38:14+08:00,2026-09-25T06:38:14Z,10.79,15.0890637119712,-0.00812360521220955,-2.02117756113699,43.890115620143,3.51144381179501,44.9483486100118,0,-0.521683012579794,-0.0126483552475632,0.262491292966772,MV-202-15,sine_steer_python_15kmh,COMPLETED
1081,2026年09月25日_14时38分14秒_第001次,2026-09-25T14:38:14+08:00,2026-09-25T06:38:14Z,10.8,15.0891304022462,-0.00879964965349699,-1.94713779952353,43.9320297984233,3.51145414034925,44.9902632619219,0,-0.497379774329708,-0.0120634577248051,0.250077803601783,MV-202-15,sine_steer_python_15kmh,COMPLETED
1082,2026年09月25日_14时38分14秒_第001次,2026-09-25T14:38:14+08:00,2026-09-25T06:38:14Z,10.81,15.0891957663329,-0.00947381671394228,-1.87278633581878,43.9739441603555,3.5114512176086,45.0321779601094,0,-0.472997994047449,-0.0114766512597272,0.237625142138485,MV-202-15,sine_steer_python_15kmh,COMPLETED
1083,2026年09月25日_14时38分14秒_第001次,2026-09-25T14:38:14+08:00,2026-09-25T06:38:14Z,10.82,15.0892597653158,-0.010145998453712,-1.79813489320665,44.0158586982361,3.51143559487166,45.0740927105302,0,-0.448541521898764,-0.0108880285946795,0.22513526897758,MV-202-15,sine_steer_python_15kmh,COMPLETED
1084,2026年09月25日_14时38分14秒_第001次,2026-09-25T14:38:14+08:00,2026-09-25T06:38:14Z,10.83,15.0893223612431,-0.0108160978083009,-1.72319530906525,44.0577734047579,3.51140782548236,45.1160075190732,0,-0.424014219844109,-0.0102976826079959,0.21261015657699,MV-202-15,sine_steer_python_15kmh,COMPLETED
1085,2026年09月25日_14时38分14秒_第001次,2026-09-25T14:38:14+08:00,2026-09-25T06:38:14Z,10.84,15.0893835158153,-0.011484037916232,-1.64797954937331,44.0996882729921,3.51136846472908,45.1579223915322,0,-0.399419961028815,-0.00970570616495168,0.200051794852388,MV-202-15,sine_steer_python_15kmh,COMPLETED
1086,2026年09月25日_14时38分14秒_第001次,2026-09-25T14:38:14+08:00,2026-09-25T06:38:14Z,10.85,15.0894431884241,-0.0121497687704935,-1.5724997046781,44.1416032963639,3.5113180697365,45.1998373335707,0,-0.374762629171452,-0.00911219200583607,0.187462195006338,MV-202-15,sine_steer_python_15kmh,COMPLETED
1087,2026年09月25日_14时38分14秒_第001次,2026-09-25T14:38:14+08:00,2026-09-25T06:38:14Z,10.86,15.0895013362482,-0.0128132614302409,-1.49676796358428,44.1835184686252,3.51125719935685,45.2417523506847,0,-0.350046117950556,-0.00851723281103703,0.174843385824901,MV-202-15,sine_steer_python_15kmh,COMPLETED
1088,2026年09月25日_14时38分14秒_第001次,2026-09-25T14:38:14+08:00,2026-09-25T06:38:14Z,10.87,15.0895579171723,-0.0134744914737263,-1.42079658580301,44.2254337838316,3.5111864140697,45.2836674481699,0,-0.325274330389766,-0.00792092142057743,0.162197403400548,MV-202-15,sine_steer_python_15kmh,COMPLETED
1089,2026年09月25日_14时38分14秒_第001次,2026-09-25T14:38:14+08:00,2026-09-25T06:38:14Z,10.88,15.0896128921875,-0.0141334233065554,-1.34459788089971,44.2673492363267,3.51110627589373,45.325582631098,0,-0.300451178241514,-0.00732335104334488,0.149526281311923,MV-202-15,sine_steer_python_15kmh,COMPLETED
1090,2026年09月25日_14时38分14秒_第001次,2026-09-25T14:38:14+08:00,2026-09-25T06:38:14Z,10.89,15.0896662252313,-0.0147900019089271,-1.26818418554869,44.3092648207303,3.51101734830698,45.3674979042963,0,-0.275580581369274,-0.0067246153617946,0.136832045266195,MV-202-15,sine_steer_python_15kmh,COMPLETED
1091,2026年09月25日_14时38分14秒_第001次,2026-09-25T14:38:14+08:00,2026-09-25T06:38:14Z,10.9,15.0897178820394,-0.0154441508395068,-1.19156784542015,44.3511805319231,3.51092019617083,45.4094132723246,0,-0.250666467128608,-0.00612480854815539,0.124116711493633,MV-202-15,sine_steer_python_15kmh,COMPLETED
1092,2026年09月25日_14时38分14秒_第001次,2026-09-25T14:38:14+08:00,2026-09-25T06:38:14Z,10.91,15.0897678293711,-0.0160957734238962,-1.11476121161885,44.3930963650287,3.51081538565447,45.4513287394503,0,-0.225712769746964,-0.0055240252353152,0.111382287048525,MV-202-15,sine_steer_python_15kmh,COMPLETED
1093,2026年09月25日_14时38分14秒_第001次,2026-09-25T14:38:14+08:00,2026-09-25T06:38:14Z,10.92,15.0898160351034,-0.0167447551201399,-1.03777663715718,44.435012315394,3.51070348415784,45.4932443096201,0,-0.200723429702432,-0.00492236047071504,0.0986307708165551,MV-202-15,sine_steer_python_15kmh,COMPLETED
1094,2026年09月25日_14时38分14秒_第001次,2026-09-25T14:38:14+08:00,2026-09-25T06:38:14Z,10.93,15.0898624688757,-0.0173909663926109,-0.960626472744122,44.4769283785705,3.51058506023281,45.535159986436,0,-0.175702393101487,-0.00431990966267177,0.085864154837977,MV-202-15,sine_steer_python_15kmh,COMPLETED
1095,2026年09月25日_14时38分14秒_第001次,2026-09-25T14:38:14+08:00,2026-09-25T06:38:14Z,10.94,15.0899071016217,-0.018034265674144,-0.883323076306308,44.518844550297,3.51046068350207,45.5770757731296,0,-0.150653611055868,-0.00371676852507938,0.0730844257084354,MV-202-15,sine_steer_python_15kmh,COMPLETED
1096,2026年09月25日_14时38分14秒_第001次,2026-09-25T14:38:14+08:00,2026-09-25T06:38:14Z,10.95,15.0899499053086,-0.0186745022447156,-0.805878816355413,44.5607608264786,3.5103309245757,45.6189916725365,0,-0.125581039058623,-0.00311303302293357,0.0602935659400836,MV-202-15,sine_steer_python_15kmh,COMPLETED
1097,2026年09月25日_14时38分14秒_第001次,2026-09-25T14:38:14+08:00,2026-09-25T06:38:14Z,10.96,15.0899908530262,-0.0193115190406097,-0.728306067623267,44.6026772031675,3.51019635496565,45.66090768707,0,-0.100488636359537,-0.00250879931849535,0.047493555291949,MV-202-15,sine_steer_python_15kmh,COMPLETED
1098,2026年09月25日_14时38分14秒_第001次,2026-09-25T14:38:14+08:00,2026-09-25T06:38:14Z,10.97,15.0900299190806,-0.0199451553813375,-0.650617208405989,44.6445936765424,3.51005754699827,45.7028238186962,0,-0.0753803653398689,-0.0019041637182824,0.0346863720648441,MV-202-15,sine_steer_python_15kmh,COMPLETED
1099,2026年09月25日_14时38分14秒_第001次,2026-09-25T14:38:14+08:00,2026-09-25T06:38:14Z,10.98,15.090067079009,-0.0205752495457553,-0.572824621653701,44.6865102428885,3.50991507372509,45.7447400689091,0,-0.0502601908866764,-0.0012992226218842,0.0218739943192508,MV-202-15,sine_steer_python_15kmh,COMPLETED
1100,2026年09月25日_14时38分14秒_第001次,2026-09-25T14:38:14+08:00,2026-09-25T06:38:14Z,10.99,15.0901023095797,-0.0212016411476923,-0.494940695815828,44.7284268985777,3.50976950883169,45.7866564387062,0,-0.0251320797667046,-0.000694072473328613,0.00905840098475919,MV-202-15,sine_steer_python_15kmh,COMPLETED
1101,2026年09月25日_14时38分14秒_第001次,2026-09-25T14:38:14+08:00,2026-09-25T06:38:14Z,11,15.0901355887834,-0.021824173299665,-0.416977823436001,44.7703436400481,3.509621426545,45.8285729285652,0,-9.79717439317883e-16,-8.88097151909569e-05,-0.0037584271468798,MV-202-15,sine_steer_python_15kmh,COMPLETED
1102,2026年09月25日_14时38分14秒_第001次,2026-09-25T14:38:14+08:00,2026-09-25T06:38:14Z,11.01,15.090166895754,-0.0224426945596078,-0.338948398538985,44.8122604637837,3.50947140153916,45.8704895384197,0,0.0251320797667027,0.000516469254456192,-0.0165745065493184,MV-202-15,sine_steer_python_15kmh,COMPLETED
1103,2026年09月25日_14时38分14秒_第001次,2026-09-25T14:38:14+08:00,2026-09-25T06:38:14Z,11.02,15.0901962108799,-0.0230570606429306,-0.260864818334677,44.8541773662935,3.50932000884002,45.9124062676368,0,0.0502601908866744,0.0011216681219699,-0.0293878502214725,MV-202-15,sine_steer_python_15kmh,COMPLETED
1104,2026年09月25日_14时38分14秒_第001次,2026-09-25T14:38:14+08:00,2026-09-25T06:38:14Z,11.03,15.0902235160452,-0.0236671358031413,-0.182739484506067,44.8960943440916,3.50916782372852,45.9543231149947,0,0.075380365339867,0.0017266906935279,-0.0421964671382475,MV-202-15,sine_steer_python_15kmh,COMPLETED
1105,2026年09月25日_14时38分14秒_第001次,2026-09-25T14:38:14+08:00,2026-09-25T06:38:14Z,11.04,15.0902487943904,-0.0242727939305252,-0.104584798044151,44.9380113936774,3.509015421643,45.996240078661,0,0.100488636359539,0.00233144092665066,-0.0549983618653067,MV-202-15,sine_steer_python_15kmh,COMPLETED
1106,2026年09月25日_14时38分14秒_第001次,2026-09-25T14:38:14+08:00,2026-09-25T06:38:14Z,11.05,15.0902720302629,-0.0248739193399782,-0.0264131583632583,44.9799285115146,3.50886337808092,46.038157156171,0,0.125581039058629,0.00293582295740352,-0.0677915343566952,MV-202-15,sine_steer_python_15kmh,COMPLETED
1107,2026年09月25日_14时38分14秒_第001次,2026-09-25T14:38:14+08:00,2026-09-25T06:38:14Z,11.06,15.0902932092755,-0.0254704071867779,0.0517630352608619,45.0218456940104,3.50871226850006,46.0800743444063,0,0.150653611055866,0.00353974112236692,-0.0805739799731061,MV-202-15,sine_steer_python_15kmh,COMPLETED
1108,2026年09月25日_14时38分14秒_第001次,2026-09-25T14:38:14+08:00,2026-09-25T06:38:14Z,11.07,15.090312318354,-0.0260621634901046,0.129931383698383,45.0637629374957,3.50856266821942,46.1219916395739,0,0.175702393101485,0.00414309997503861,-0.0933436897348613,MV-202-15,sine_steer_python_15kmh,COMPLETED
1109,2026年09月25日_14时38分14秒_第001次,2026-09-25T14:38:14+08:00,2026-09-25T06:38:14Z,11.08,15.0903293455743,-0.0266491047735976,0.208079487089798,45.1056802382041,3.50841515232025,46.1639090371856,0,0.20072342970243,0.00474580429675196,-0.106098650807532,MV-202-15,sine_steer_python_15kmh,COMPLETED
1110,2026年09月25日_14时38分14秒_第001次,2026-09-25T14:38:14+08:00,2026-09-25T06:38:14Z,11.09,15.0903442802075,-0.0272311573193231,0.286194947759881,45.1475975922508,3.50827029554736,46.2058265320375,0,0.225712769746963,0.00534775910201103,-0.118836847222033,MV-202-15,sine_steer_python_15kmh,COMPLETED
1111,2026年09月25日_14时38分14秒_第001次,2026-09-25T14:38:14+08:00,2026-09-25T06:38:14Z,11.1,15.0903571131915,-0.0278082561456407,0.364265376110142,45.1895149956128,3.50812867221119,46.2477441181905,0,0.250666467128606,0.00594886963977479,-0.131556260760749,MV-202-15,sine_steer_python_15kmh,COMPLETED
1112,2026年09月25日_14时38分14秒_第001次,2026-09-25T14:38:14+08:00,2026-09-25T06:38:14Z,11.11,15.0903678370482,-0.0283803437166499,0.442278386484694,45.23143244411,3.5079908560909,46.2896617889534,0,0.275580581369272,0.0065490413907638,-0.144254872013883,MV-202-15,sine_steer_python_15kmh,COMPLETED
1113,2026年09月25日_14时38分14秒_第001次,2026-09-25T14:38:14+08:00,2026-09-25T06:38:14Z,11.12,15.0903764455308,-0.0289473683471665,0.520221592201445,45.2733499333849,3.50785742033834,46.3315795368638,0,0.300451178241516,0.00714818006024134,-0.156930661629646,MV-202-15,sine_steer_python_15kmh,COMPLETED
1114,2026年09月25日_14时38分14秒_第001次,2026-09-25T14:38:14+08:00,2026-09-25T06:38:14Z,11.13,15.090382933636,-0.0295092824414603,0.59808260915845,45.3152674588826,3.50772893738324,46.373497353671,0,0.325274330389767,0.00774619156820531,-0.169581611669903,MV-202-15,sine_steer_python_15kmh,COMPLETED
1115,2026年09月25日_14时38分14秒_第001次,2026-09-25T14:38:14+08:00,2026-09-25T06:38:14Z,11.14,15.0903872976893,-0.0300660406937293,0.675849059596245,45.3571850158311,3.50760597883992,46.4154152303188,0,0.350046117950554,0.00834298203880117,-0.182205706996215,MV-202-15,sine_steer_python_15kmh,COMPLETED
1116,2026年09月25日_14时38分14秒_第001次,2026-09-25T14:38:14+08:00,2026-09-25T06:38:14Z,11.15,15.0903895353691,-0.030617598303928,0.753508571881535,45.3991025992213,3.50748911541541,46.4573331569291,0,0.37476262917145,0.00893845778971172,-0.194800936655341,MV-202-15,sine_steer_python_15kmh,COMPLETED
1117,2026年09月25日_14时38分14秒_第001次,2026-09-25T14:38:14+08:00,2026-09-25T06:38:14Z,11.16,15.0903896456902,-0.0311639092514467,0.831048779415439,45.4410202037883,3.50737891681886,46.499251122787,0,0.399419961028813,0.00953252532213449,-0.207365295238537,MV-202-15,sine_steer_python_15kmh,COMPLETED
1118,2026年09月25日_14时38分14秒_第001次,2026-09-25T14:38:14+08:00,2026-09-25T06:38:14Z,11.17,15.0903876289823,-0.0317049246940606,0.908457321330891,45.4829378239919,3.50727595167226,46.5411691163254,0,0.424014219844107,0.0101250913123125,-0.219896784173191,MV-202-15,sine_steer_python_15kmh,COMPLETED
1119,2026年09月25日_14时38分14秒_第001次,2026-09-25T14:38:14+08:00,2026-09-25T06:38:14Z,11.18,15.0903834868687,-0.0322405915576382,0.985721844121585,45.5248554539975,3.50718078742226,46.5830871251117,0,0.448541521898762,0.0107160626055684,-0.232393412906447,MV-202-15,sine_steer_python_15kmh,COMPLETED
1120,2026年09月25日_14时38分14秒_第001次,2026-09-25T14:38:14+08:00,2026-09-25T06:38:14Z,11.19,15.0903772222443,-0.0327708513548316,1.0628300027668,45.5667730876577,3.50709399025305,46.6250051358334,0,0.472997994047447,0.0113053462134081,-0.244853199956691,MV-202-15,sine_steer_python_15kmh,COMPLETED
1121,2026年09月25日_14时38分14秒_第001次,2026-09-25T14:38:14+08:00,2026-09-25T06:38:14Z,11.2,15.0903688392497,-0.0332956392510158,1.1397694614709,45.6086907184934,3.50701612499997,46.6669231342861,0,0.497379774329713,0.0118928493139806,-0.257274173820786,MV-202-15,sine_steer_python_15kmh,COMPLETED
1122,2026年09月25日_14时38分14秒_第001次,2026-09-25T14:38:14+08:00,2026-09-25T06:38:14Z,11.21,15.0903583432387,-0.033814883392821,1.21652789479267,45.6506083396753,3.50694775506387,46.7088411053607,0,0.521683012579796,0.0124784792561387,-0.269654373726483,MV-202-15,sine_steer_python_15kmh,COMPLETED
1123,2026年09月25日_14时38分14秒_第001次,2026-09-25T14:38:14+08:00,2026-09-25T06:38:14Z,11.22,15.0903457407355,-0.0343285045182422,1.29309298937987,45.6925259440058,3.50688944232576,46.7507590330314,0,0.545903871034651,0.0130621435674029,-0.281991850217376,MV-202-15,sine_steer_python_15kmh,COMPLETED
1124,2026年09月25日_14时38分14秒_第001次,2026-09-25T14:38:14+08:00,2026-09-25T06:38:14Z,11.23,15.0903310393827,-0.0348364158729904,1.36945244611314,45.7344435239006,3.50684174706179,46.7926769003452,0,0.570038524939951,0.0136437499662099,-0.294284665553982,MV-202-15,sine_steer_python_15kmh,COMPLETED
1125,2026年09月25日_14时38分14秒_第001次,2026-09-25T14:38:14+08:00,2026-09-25T06:38:14Z,11.24,15.0903142478806,-0.0353385234705906,1.44559398268292,45.7763610713711,3.50680522785831,46.8345946894106,0,0.59408316315407,0.0142232063790179,-0.306530893906811,MV-202-15,sine_steer_python_15kmh,COMPLETED
1126,2026年09月25日_14时38分14秒_第001次,2026-09-25T14:38:14+08:00,2026-09-25T06:38:14Z,11.25,15.0902953759181,-0.035834726757409,1.52150533693955,45.8182785780062,3.50678044152661,46.8765123813876,0,0.618033988749894,0.0148004209631791,-0.318728621302612,MV-202-15,sine_steer_python_15kmh,COMPLETED
1127,2026年09月25日_14时38分14秒_第001次,2026-09-25T14:38:14+08:00,2026-09-25T06:38:14Z,11.26,15.0902744341018,-0.0363249197738056,1.59717427141221,45.8601960349549,3.50676794301736,46.9184299564785,0,0.641887219614417,0.0153753021369321,-0.330875945266511,MV-202-15,sine_steer_python_15kmh,COMPLETED
1128,2026年09月25日_14时38分14秒_第001次,2026-09-25T14:38:14+08:00,2026-09-25T06:38:14Z,11.27,15.0902514338939,-0.0368089929293316,1.67258857934253,45.9021134329084,3.50676828533405,46.9603473939188,0,0.665639089045973,0.0159477586182535,-0.342970974085854,MV-202-15,sine_steer_python_15kmh,COMPLETED
1129,2026年09月25日_14时38分14秒_第001次,2026-09-25T14:38:14+08:00,2026-09-25T06:38:14Z,11.28,15.0902263875025,-0.0372868355153823,1.74773609168371,45.9440307620834,3.50678201944544,47.002264671969,0,0.689285846349032,0.0165176994744034,-0.355011825619452,MV-202-15,sine_steer_python_15kmh,COMPLETED
1130,2026年09月25日_14时38分14秒_第001次,2026-09-25T14:38:14+08:00,2026-09-25T06:38:14Z,11.29,15.0901993076129,-0.0377583390322654,1.82260468429306,45.9859480122043,3.50680969419611,47.044181767907,0,0.712823757426501,0.0170850341833533,-0.366996625605269,MV-202-15,sine_steer_python_15kmh,COMPLETED
1131,2026年09月25日_14时38分14秒_第001次,2026-09-25T14:38:14+08:00,2026-09-25T06:38:14Z,11.3,15.0901702081245,-0.0382234013539424,1.89718230065128,46.0278651724863,3.50685185621489,47.0860986580209,0,0.736249105369358,0.0176496727075176,-0.378923505416297,MV-202-15,sine_steer_python_15kmh,COMPLETED
1132,2026年09月25日_14时38分14秒_第001次,2026-09-25T14:38:14+08:00,2026-09-25T06:38:14Z,11.31,15.0901391045557,-0.0386819316241171,1.97145696545285,46.0697822316218,3.50690904982107,47.1280153176058,0,0.759558191043602,0.0182115255783699,-0.390790599357529,MV-202-15,sine_steer_python_15kmh,COMPLETED
1133,2026年09月25日_14时38分14秒_第001次,2026-09-25T14:38:14+08:00,2026-09-25T06:38:14Z,11.32,15.0901060138071,-0.0391338551390137,2.04541678996806,46.1116991777665,3.50698181692765,47.1699317209616,0,0.782747333674404,0.0187705039813811,-0.40259604196241,MV-202-15,sine_steer_python_15kmh,COMPLETED
1134,2026年09月25日_14时38分14秒_第001次,2026-09-25T14:38:14+08:00,2026-09-25T06:38:14Z,11.33,15.0900709544811,-0.0395791174680825,2.11904998716313,46.1536159985266,3.50707069694217,47.2118478413907,0,0.805812871427326,0.0193265198305707,-0.414337965708499,MV-202-15,sine_steer_python_15kmh,COMPLETED
1135,2026年09月25日_14时38分14秒_第001次,2026-09-25T14:38:14+08:00,2026-09-25T06:38:14Z,11.34,15.0900339473445,-0.040017686938489,2.19234488572776,46.1955326809471,3.50717622666629,47.2537636511987,0,0.828751161986568,0.0198794858200835,-0.426014499694784,MV-202-15,sine_steer_python_15kmh,COMPLETED
1136,2026年09月25日_14时38分14秒_第001次,2026-09-25T14:38:14+08:00,2026-09-25T06:38:14Z,11.35,15.089995015593,-0.0404495547051532,2.26528993242094,46.2374492115024,3.50729894019544,47.2956791216968,0,0.851558583130143,0.0204293154414705,-0.437623769769936,MV-202-15,sine_steer_python_15kmh,COMPLETED
1137,2026年09月25日_14时38分14秒_第001次,2026-09-25T14:38:14+08:00,2026-09-25T06:38:14Z,11.36,15.0899541848265,-0.0408747320951407,2.33787368404557,46.279365576087,3.50743936882036,47.3375942232047,0,0.874231533301862,0.0209759229619381,-0.449163900316179,MV-202-15,sine_steer_python_15kmh,COMPLETED
1138,2026年09月25日_14时38分14秒_第001次,2026-09-25T14:38:14+08:00,2026-09-25T06:38:14Z,11.37,15.0899114827851,-0.0412932456205429,2.41008479520611,46.3212817600069,3.50759804093183,47.3795089250547,0,0.896766432180066,0.0215192233688745,-0.460633017463975,MV-202-15,sine_steer_python_15kmh,COMPLETED
1139,2026年09月25日_14时38分14秒_第001次,2026-09-25T14:38:14+08:00,2026-09-25T06:38:14Z,11.38,15.0898669389643,-0.0417051306175403,2.48191200512614,46.3631977479702,3.50777548193007,47.4214231955947,0,0.919159721242976,0.0220591322940681,-0.472029253166951,MV-202-15,sine_steer_python_15kmh,COMPLETED
1140,2026年09月25日_14时38分14秒_第001次,2026-09-25T14:38:14+08:00,2026-09-25T06:38:14Z,11.39,15.0898205842357,-0.0421104246042298,2.55334412434595,46.4051135240771,3.50797221413903,47.4633370021906,0,0.941407864330667,0.0225955659330739,-0.483350749479056,MV-202-15,sine_steer_python_15kmh,COMPLETED
1141,2026年09月25日_14时38分14秒_第001次,2026-09-25T14:38:14+08:00,2026-09-25T06:38:14Z,11.4,15.0897724505519,-0.0425091612297684,2.62437002253322,46.4470290718099,3.50818875672555,47.5052503112298,0,0.963507348203431,0.0231284409721627,-0.494595662504342,MV-202-15,sine_steer_python_15kmh,COMPLETED
1142,2026年09月25日_14时38分14秒_第001次,2026-09-25T14:38:14+08:00,2026-09-25T06:38:14Z,11.41,15.0897225707562,-0.042901365328664,2.69497861906516,46.4889443740219,3.50842562562262,47.547163088123,0,0.985454683096582,0.0236576745302707,-0.505762165704246,MV-202-15,sine_steer_python_15kmh,COMPLETED
1143,2026年09月25日_14时38分14秒_第001次,2026-09-25T14:38:14+08:00,2026-09-25T06:38:14Z,11.42,15.0896709784796,-0.0432870492667191,2.76515887702164,46.5308594129282,3.50868333345589,47.5890752973082,0,1.00724640327152,0.024183184118742,-0.516848452443946,MV-202-15,sine_steer_python_15kmh,COMPLETED
1144,2026年09月25日_14时38分14秒_第001次,2026-09-25T14:38:14+08:00,2026-09-25T06:38:14Z,11.43,15.0896177080979,-0.0436662105433825,2.83489980007579,46.5727741700946,3.50896238947264,47.6309869022542,0,1.02887906756301,0.0247048876185106,-0.527852737793179,MV-202-15,sine_steer_python_15kmh,COMPLETED
1145,2026年09月25日_14时38分14秒_第001次,2026-09-25T14:38:14+08:00,2026-09-25T06:38:14Z,11.44,15.0895627947257,-0.0440388305030717,2.9041904315412,46.6146886264292,3.50926329947225,47.6728978654664,0,1.05034925992259,0.0252227032727617,-0.538773259665001,MV-202-15,sine_steer_python_15kmh,COMPLETED
1146,2026年09月25日_14时38分14秒_第001次,2026-09-25T14:38:14+08:00,2026-09-25T06:38:14Z,11.45,15.0895062742324,-0.0444048739777506,2.97301985506388,46.6566027621736,3.50958656573762,47.7148081484932,0,1.071653589958,0.0257365496926601,-0.549608279394764,MV-202-15,sine_steer_python_15kmh,COMPLETED
1147,2026年09月25日_14时38分14秒_第001次,2026-09-25T14:38:14+08:00,2026-09-25T06:38:14Z,11.46,15.089448183282,-0.0447642896252621,3.04137718860802,46.6985165568946,3.50993268696689,47.7567177119336,0,1.09278869346854,0.0262463458728864,-0.560356081896926,MV-202-15,sine_steer_python_15kmh,COMPLETED
1148,2026年09月25日_14时38分14秒_第001次,2026-09-25T14:38:14+08:00,2026-09-25T06:38:14Z,11.47,15.0893885572265,-0.0451170110954636,3.10925162496084,46.7404299894765,3.51030215820496,47.7986265154445,0,1.11375123297638,0.0267520112189506,-0.571014975409451,MV-202-15,sine_steer_python_15kmh,COMPLETED
1149,2026年09月25日_14时38分14秒_第001次,2026-09-25T14:38:14+08:00,2026-09-25T06:38:14Z,11.48,15.089327431598,-0.0454629589885201,3.17663242380443,46.7823430381051,3.51069547077535,47.8405345177417,0,1.13453789825351,0.0272534655858672,-0.581583290603632,MV-202-15,sine_steer_python_15kmh,COMPLETED
1150,2026年09月25日_14时38分14秒_第001次,2026-09-25T14:38:14+08:00,2026-09-25T06:38:14Z,11.49,15.0892648469819,-0.0458020421890014,3.24350885240609,46.8242556802704,3.51111311221059,47.8824416766189,0,1.15514540684454,0.0277506293080378,-0.592059379901573,MV-202-15,sine_steer_python_15kmh,COMPLETED
1151,2026年09月25日_14时38分14秒_第001次,2026-09-25T14:38:14+08:00,2026-09-25T06:38:14Z,11.5,15.089200846741,-0.0461341596030523,3.30987020741369,46.8661678927721,3.5115555661807,47.9243479489709,0,1.17557050458495,0.0282434232349483,-0.602441616842338,MV-202-15,sine_steer_python_15kmh,COMPLETED
1152,2026年09月25日_14时38分14秒_第001次,2026-09-25T14:38:14+08:00,2026-09-25T06:38:14Z,11.51,15.089135472185,-0.0464592029254683,3.37570587607273,46.9080796517119,3.51202331242136,47.9662532908014,0,1.19580996611504,0.0287317687816914,-0.612728394943197,MV-202-15,sine_steer_python_15kmh,COMPLETED
1153,2026年09月25日_14时38分14秒_第001次,2026-09-25T14:38:14+08:00,2026-09-25T06:38:14Z,11.52,15.0890687636473,-0.0467770594956751,3.44100533526468,46.9499909324822,3.51251682666173,48.0081576572288,0,1.21586059538921,0.0292155879809773,-0.622918126236492,MV-202-15,sine_steer_python_15kmh,COMPLETED
1154,2026年09月25日_14时38分14秒_第001次,2026-09-25T14:38:14+08:00,2026-09-25T06:38:14Z,11.53,15.0890007626794,-0.0470876148910533,3.50575813602462,46.9919017097604,3.51303658055041,48.050061002497,0,1.23571922618067,0.0296948035316186,-0.633009239890278,MV-202-15,sine_steer_python_15kmh,COMPLETED
1155,2026年09月25日_14时38分14秒_第001次,2026-09-25T14:38:14+08:00,2026-09-25T06:38:14Z,11.54,15.0889315125875,-0.0473907553820823,3.56995390236388,47.0338119575094,3.51358304157998,48.0919632799919,0,1.2553827225814,0.0301693388452353,-0.643000180967499,MV-202-15,sine_steer_python_15kmh,COMPLETED
1156,2026年09月25日_14时38分14秒_第001次,2026-09-25T14:38:14+08:00,2026-09-25T06:38:14Z,11.55,15.0888610577937,-0.0476863703428644,3.63358234041433,47.0757216489765,3.5141566730102,48.1338644422582,0,1.27484797949738,0.0306391180924982,-0.652889409253049,MV-202-15,sine_steer_python_15kmh,COMPLETED
1157,2026年09月25日_14时38分14秒_第001次,2026-09-25T14:38:14+08:00,2026-09-25T06:38:14Z,11.56,15.0887894432504,-0.0479743545283126,3.69663324780954,47.1176307566928,3.51475793379043,48.1757644410147,0,1.29411192313889,0.0311040662476357,-0.662675398147365,MV-202-15,sine_steer_python_15kmh,COMPLETED
1158,2026年09月25日_14时38分14秒_第001次,2026-09-25T14:38:14+08:00,2026-09-25T06:38:14Z,11.57,15.0887167144132,-0.048254610075625,3.75909651929505,47.1595392524713,3.51538727848116,48.2176632271701,0,1.31317151150591,0.0315641091291524,-0.672356633687407,MV-202-15,sine_steer_python_15kmh,COMPLETED
1159,2026年09月25日_14时38分14秒_第001次,2026-09-25T14:38:14+08:00,2026-09-25T06:38:14Z,11.58,15.0886429174544,-0.0485270481442826,3.82096215032998,47.2014471074062,3.51604515717506,48.2595607508397,0,1.3320237348685,0.0320191734354971,-0.681931613761597,MV-202-15,sine_steer_python_15kmh,COMPLETED
1160,2026年09月25日_14时38分14秒_第001次,2026-09-25T14:38:14+08:00,2026-09-25T06:38:14Z,11.59,15.0885680993473,-0.0487915901667732,3.88222024069506,47.2433542918747,3.51673201541772,48.3014569613644,0,1.35066561624205,0.0324691867752389,-0.691398847555335,MV-202-15,sine_steer_python_15kmh,COMPLETED
1161,2026年09月25日_14时38分14秒_第001次,2026-09-25T14:38:14+08:00,2026-09-25T06:38:14Z,11.6,15.08849230778,-0.0490481687011911,3.94286099853717,47.2852607755377,3.51744829412842,48.3433518073297,0,1.36909421185738,0.0329140776915783,-0.700756855237365,MV-202-15,sine_steer_python_15kmh,COMPLETED
1162,2026年09月25日_14时38分14秒_第001次,2026-09-25T14:38:14+08:00,2026-09-25T06:38:14Z,11.61,15.0884155910341,-0.0492967278830535,4.00287474443848,47.3271665273426,3.51819442952137,48.3852452365865,0,1.38730661162561,0.0333537756811049,-0.710004167883941,MV-202-15,sine_steer_python_15kmh,COMPLETED
1163,2026年09月25日_14时38分14秒_第001次,2026-09-25T14:38:14+08:00,2026-09-25T06:38:14Z,11.62,15.0883379976975,-0.0495372234666931,4.06225191224074,47.3690715155252,3.51897085302764,48.4271371962717,0,1.4052999395977,0.0337882112066155,-0.719139327656042,MV-202-15,sine_steer_python_15kmh,COMPLETED
1164,2026年09月25日_14时38分14秒_第001次,2026-09-25T14:38:14+08:00,2026-09-25T06:38:14Z,11.63,15.088259576598,-0.0497696224935205,4.12098305304152,47.4109757076128,3.51977799121806,48.4690276328287,0,1.42307135441857,0.0342173157044755,-0.728160888188459,MV-202-15,sine_steer_python_15kmh,COMPLETED
1165,2026年09月25日_14时38分14秒_第001次,2026-09-25T14:38:14+08:00,2026-09-25T06:38:14Z,11.64,15.0881803776044,-0.049993902736626,4.1790588481732,47.4528790704276,3.52061626572754,48.5109164920304,0,1.44061804977582,0.0346410215886152,-0.737067415065239,MV-202-15,sine_steer_python_15kmh,COMPLETED
1166,2026年09月25日_14时38分14秒_第001次,2026-09-25T14:38:14+08:00,2026-09-25T06:38:14Z,11.65,15.0881004510235,-0.0502100518742342,4.23647009951196,47.4947815700931,3.52148609318107,48.5528037190031,0,1.45793725484282,0.0350592622504522,-0.745857486534932,MV-202-15,sine_steer_python_15kmh,COMPLETED
1167,2026年09月25日_14时38分14秒_第001次,2026-09-25T14:38:14+08:00,2026-09-25T06:38:14Z,11.66,15.0880198472275,-0.0504180663302401,4.2932077269528,47.536683172038,3.52238788512103,48.5946892582493,0,1.47502623471635,0.035471972053826,-0.754529694417984,MV-202-15,sine_steer_python_15kmh,COMPLETED
1168,2026年09月25日_14时38分14秒_第001次,2026-09-25T14:38:14+08:00,2026-09-25T06:38:14Z,11.67,15.0879386174432,-0.0506179500694453,4.34926278345647,47.5785838410029,3.52332204793645,48.6365730536717,0,1.49188229084836,0.0358790863290123,-0.76308264497906,MV-202-15,sine_steer_python_15kmh,COMPLETED
1169,2026年09月25日_14时38分14秒_第001次,2026-09-25T14:38:14+08:00,2026-09-25T06:38:14Z,11.68,15.0878568134244,-0.0508097133339867,4.40462645023671,47.6204835410468,3.52428898279434,48.6784550485988,0,1.50850276147221,0.0362805413656201,-0.771514959900066,MV-202-15,sine_steer_python_15kmh,COMPLETED
1170,2026年09月25日_14时38分14秒_第001次,2026-09-25T14:38:14+08:00,2026-09-25T06:38:14Z,11.69,15.0877744869959,-0.0509933712274439,4.45929003249123,47.6623822355548,3.52528908557286,48.7203351858097,0,1.52488502202289,0.0366762744030232,-0.779825277357605,MV-202-15,sine_steer_python_15kmh,COMPLETED
1171,2026年09月25日_14时38分14秒_第001次,2026-09-25T14:38:14+08:00,2026-09-25T06:38:14Z,11.7,15.0876916899666,-0.0511689422879955,4.51324496163003,47.7042798872448,3.52632274679627,48.7622134075585,0,1.54102648555158,0.0370662236203308,-0.788012253090998,MV-202-15,sine_steer_python_15kmh,COMPLETED
1172,2026年09月25日_14时38分14秒_第001次,2026-09-25T14:38:14+08:00,2026-09-25T06:38:14Z,11.71,15.087608474635,-0.0513364471321407,4.56648279289772,47.7461764581747,3.52739035157195,48.8040896555999,0,1.55692460313405,0.0374503281270561,-0.796074561396407,MV-202-15,sine_steer_python_15kmh,COMPLETED
1173,2026年09月25日_14时38分14秒_第001次,2026-09-25T14:38:14+08:00,2026-09-25T06:38:14Z,11.72,15.0875248938087,-0.0514959071193089,4.61899520840439,47.7880719097531,3.52849227952937,48.8459638712168,0,1.57257686427324,0.0378285279537831,-0.804010896139763,MV-202-15,sine_steer_python_15kmh,COMPLETED
1174,2026年09月25日_14时38分14秒_第001次,2026-09-25T14:38:14+08:00,2026-09-25T06:38:14Z,11.73,15.0874410004138,-0.0516473431385732,4.6707740213444,47.8299662027489,3.52962890476085,48.8878359952482,0,1.58798079729567,0.0382007640442766,-0.811819971724529,MV-202-15,sine_steer_python_15kmh,COMPLETED
1175,2026年09月25日_14时38分14秒_第001次,2026-09-25T14:38:14+08:00,2026-09-25T06:38:14Z,11.74,15.0873568474518,-0.051790774524353,4.72181117306992,47.8718592973006,3.53080059576423,48.9297059681164,0,1.60313396974175,0.0385669782491483,-0.81950052396428,MV-202-15,sine_steer_python_15kmh,COMPLETED
1176,2026年09月25日_14时38分14秒_第001次,2026-09-25T14:38:14+08:00,2026-09-25T06:38:14Z,11.75,15.0872724880411,-0.0519262180842669,4.77209873012525,47.9137511529275,3.53200771538723,48.9715737298559,0,1.61803398874989,0.0389271133208523,-0.827051310884584,MV-202-15,sine_steer_python_15kmh,COMPLETED
1177,2026年09月25日_14时38分14秒_第001次,2026-09-25T14:38:14+08:00,2026-09-25T06:38:14Z,11.76,15.0871879754004,-0.0520536872739575,4.82162888465429,47.955641728541,3.53325062077323,49.0134392201423,0,1.63267850143437,0.039281112910518,-0.834471113441202,MV-202-15,sine_steer_python_15kmh,COMPLETED
1178,2026年09月25日_14时38分14秒_第001次,2026-09-25T14:38:14+08:00,2026-09-25T06:38:14Z,11.77,15.0871033628036,-0.0521731915557316,4.87039395565975,47.9975309824562,3.53452966330874,49.0553023783224,0,1.64706519525685,0.0396289215671658,-0.841758736129777,MV-202-15,sine_steer_python_15kmh,COMPLETED
1179,2026年09月25日_14时38分14秒_第001次,2026-09-25T14:38:14+08:00,2026-09-25T06:38:14Z,11.78,15.0870187035485,-0.0522847359466771,4.91838638881305,48.0394188724047,3.53584518857215,49.0971631434442,0,1.66119179839162,0.0399704847394028,-0.848913007480171,MV-202-15,sine_steer_python_15kmh,COMPLETED
1180,2026年09月25日_14时38分14秒_第001次,2026-09-25T14:38:14+08:00,2026-09-25T06:38:14Z,11.79,15.0869340509316,-0.0523883207484247,4.96559875547278,48.0813053555474,3.53719753628372,49.1390214542877,0,1.67505608008428,0.0403057487795127,-0.855932780439591,MV-202-15,sine_steer_python_15kmh,COMPLETED
1181,2026年09月25日_14时38分14秒_第001次,2026-09-25T14:38:14+08:00,2026-09-25T06:38:14Z,11.8,15.0868494582161,-0.0524839414570922,5.01202375224697,48.1231903884886,3.53858704025678,49.1808772493955,0,1.68865585100403,0.040634660949934,-0.862816932645158,MV-202-15,sine_steer_python_15kmh,COMPLETED
1182,2026年09月25日_14时38分14秒_第001次,2026-09-25T14:38:14+08:00,2026-09-25T06:38:14Z,11.81,15.0867649785512,-0.0525715888531749,5.05765420179587,48.1650739272898,3.54001402834969,49.2227304671048,0,1.70198896358938,0.0409571694321474,-0.869564366588127,MV-202-15,sine_steer_python_15kmh,COMPLETED
1183,2026年09月25日_14时38分14秒_第001次,2026-09-25T14:38:14+08:00,2026-09-25T06:38:14Z,11.82,15.0866806645788,-0.0526512492621744,5.10248305719208,48.2069559274838,3.5414788224189,49.2645810455779,0,1.7150533123873,0.041273223337857,-0.876174009691782,MV-202-15,sine_steer_python_15kmh,COMPLETED
1184,2026年09月25日_14时38分14秒_第001次,2026-09-25T14:38:14+08:00,2026-09-25T06:38:14Z,11.83,15.0865965692521,-0.0527229050261763,5.14650338946167,48.2488363440899,3.5429817382726,49.3064289228337,0,1.72784683438567,0.0415827727230625,-0.882644814177357,MV-202-15,sine_steer_python_15kmh,COMPLETED
1185,2026年09月25日_14时38分14秒_第001次,2026-09-25T14:38:14+08:00,2026-09-25T06:38:14Z,11.84,15.0865127457498,-0.0527865349780273,5.18970839212399,48.2907151316309,3.5445230856249,49.3482740367818,0,1.74036750933905,0.0418857686020649,-0.888975756980835,MV-202-15,sine_steer_python_15kmh,COMPLETED
1186,2026年09月25日_14时38分14秒_第001次,2026-09-25T14:38:14+08:00,2026-09-25T06:38:14Z,11.85,15.086429246915,-0.0528421150939459,5.23209139101546,48.3325922441501,3.5461031680506,49.390116325255,0,1.75261336008773,0.0421821629639198,-0.895165839588442,MV-202-15,sine_steer_python_15kmh,COMPLETED
1187,2026年09月25日_14时38分14秒_第001次,2026-09-25T14:38:14+08:00,2026-09-25T06:38:14Z,11.86,15.0863461246008,-0.0528896191915199,5.27364583420092,48.3744676352269,3.54772228294052,49.4319557260414,0,1.7645824528699,0.0424719087894557,-0.901214087845729,MV-202-15,sine_steer_python_15kmh,COMPLETED
1188,2026年09月25日_14时38分14秒_第001次,2026-09-25T14:38:14+08:00,2026-09-25T06:38:14Z,11.87,15.0862634305515,-0.0529290197491364,5.31436530134983,48.4163412579926,3.5493807214571,49.4737921769162,0,1.77627289762709,0.0427549600699495,-0.907119551582737,MV-202-15,sine_steer_python_15kmh,COMPLETED
1189,2026年09月25日_14时38分14秒_第001次,2026-09-25T14:38:14+08:00,2026-09-25T06:38:14Z,11.88,15.0861812171488,-0.0529602888537154,5.35424351066008,48.4582130651511,3.55107876849076,49.5156256156772,0,1.78768284830253,0.043031271827569,-0.912881304160504,MV-202-15,sine_steer_python_15kmh,COMPLETED
1190,2026年09月25日_14时38分14秒_第001次,2026-09-25T14:38:14+08:00,2026-09-25T06:38:14Z,11.89,15.0860995363136,-0.0529833990011587,5.39327431028088,48.5000830089977,3.55281670261659,49.5574559801797,0,1.79881050313274,0.043300800133658,-0.918498442224656,MV-202-15,sine_steer_python_15kmh,COMPLETED
1191,2026年09月25日_14时38分14秒_第001次,2026-09-25T14:38:14+08:00,2026-09-25T06:38:14Z,11.9,15.0860184386895,-0.0529983237701079,5.43145167824121,48.5419510414376,3.55459479605116,49.5992832083701,0,1.80965410493204,0.0435635021251399,-0.923970085511005,MV-202-15,sine_steer_python_15kmh,COMPLETED
1192,2026年09月25日_14时38分14秒_第001次,2026-09-25T14:38:14+08:00,2026-09-25T06:38:14Z,11.91,15.0859379756392,-0.0530050385026597,5.46876970364516,48.5838171140044,3.55641331460995,49.6411072383195,0,1.82021194136999,0.0438193360209338,-0.929295376444311,MV-202-15,sine_steer_python_15kmh,COMPLETED
1193,2026年09月25日_14时38分14秒_第001次,2026-09-25T14:38:14+08:00,2026-09-25T06:38:14Z,11.92,15.0858581983547,-0.0530035207452874,5.50522261289248,48.6256811778832,3.55827251766518,49.6829280082618,0,1.83048234524183,0.044068261134855,-0.934473480073982,MV-202-15,sine_steer_python_15kmh,COMPLETED
1194,2026年09月25日_14时38分14秒_第001次,2026-09-25T14:38:14+08:00,2026-09-25T06:38:14Z,11.93,15.0857791572187,-0.0529937507986512,5.54080478041984,48.6675431839308,3.56017265810469,49.7247454566282,0,1.84046369473174,0.044310237889957,-0.939503583922242,MV-202-15,sine_steer_python_15kmh,COMPLETED
1195,2026年09月25日_14时38分14秒_第001次,2026-09-25T14:38:14+08:00,2026-09-25T06:38:14Z,11.94,15.0857009020449,-0.0529757121686965,5.57551071696394,48.7094030826958,3.56211398229179,49.7665595220817,0,1.85015441366892,0.044545227831357,-0.944384897824221,MV-202-15,sine_steer_python_15kmh,COMPLETED
1196,2026年09月25日_14时38分14秒_第001次,2026-09-25T14:38:14+08:00,2026-09-25T06:38:14Z,11.95,15.0856234821875,-0.0529493917977522,5.60933506326624,48.7512608244407,3.5640967300255,49.8083701435528,0,1.8595529717765,0.0447731936357996,-0.949116653903849,MV-202-15,sine_steer_python_15kmh,COMPLETED
1197,2026年09月25日_14时38分14秒_第001次,2026-09-25T14:38:14+08:00,2026-09-25T06:38:14Z,11.96,15.0855469464274,-0.0529147801724369,5.6422725955272,48.7931163591631,3.56612113450175,49.8501772602747,0,1.86865788491322,0.0449940991193155,-0.953698106635094,MV-202-15,sine_steer_python_15kmh,COMPLETED
1198,2026年09月25日_14时38分14秒_第001次,2026-09-25T14:38:14+08:00,2026-09-25T06:38:14Z,11.97,15.0854713429227,-0.052871871388482,5.67431823106451,48.8349696366188,3.56818742227577,49.8919808118186,0,1.87746771530775,0.045207909244105,-0.958128532920405,MV-202-15,sine_steer_python_15kmh,COMPLETED
1199,2026年09月25日_14时38分14秒_第001次,2026-09-25T14:38:14+08:00,2026-09-25T06:38:14Z,11.98,15.0853967192482,-0.0528206631501221,5.70546702843276,48.8768206063437,3.57029581322552,49.9337807381297,0,1.88598107178573,0.0454145901243204,-0.962407232198088,MV-202-15,sine_steer_python_15kmh,COMPLETED
1200,2026年09月25日_14时38分14秒_第001次,2026-09-25T14:38:14+08:00,2026-09-25T06:38:14Z,11.99,15.0853231223952,-0.0527611566714072,5.73571418597487,48.918669217678,3.57244652051636,49.9755769795623,0,1.89419660998949,0.0456141090302724,-0.96653352660793,MV-202-15,sine_steer_python_15kmh,COMPLETED
1201,2026年09月25日_14时38分14秒_第001次,2026-09-25T14:38:14+08:00,2026-09-25T06:38:14Z,12,15.0852505987107,-0.0526933564946724,5.76505504250648,48.960515419789,3.57463975056679,50.0173694769158,0,1.90211303259031,0.0458064343912661,-0.970506761207822,MV-202-15,sine_steer_python_15kmh,COMPLETED
1202,2026年09月25日_14时38分14秒_第001次,2026-09-25T14:38:14+08:00,2026-09-25T06:38:14Z,12.01,15.0851791934001,-0.0526172702534738,5.79348508413153,49.002359161695,3.57687570301552,50.0591581714698,0,1.90972908949329,0.0459915357974458,-0.974326304253239,MV-202-15,sine_steer_python_15kmh,COMPLETED
1203,2026年09月25日_14时38分14秒_第001次,2026-09-25T14:38:14+08:00,2026-09-25T06:38:14Z,12.02,15.0851089509834,-0.0525329084381729,5.82099993780669,49.0442003922887,3.57915457068986,50.1009430050189,0,1.91704357803475,0.0461693840014741,-0.97799154740248,MV-202-15,sine_steer_python_15kmh,COMPLETED
1204,2026年09月25日_14时38分14秒_第001次,2026-09-25T14:38:14+08:00,2026-09-25T06:38:14Z,12.03,15.0850399160296,-0.0524402840685808,5.8475953643102,49.0860390603632,3.58147653957542,50.1427239199095,0,1.92405534317217,0.0463399509186765,-0.98150190595381,MV-202-15,sine_steer_python_15kmh,COMPLETED
1205,2026年09月25日_14时38分14秒_第001次,2026-09-25T14:38:14+08:00,2026-09-25T06:38:14Z,12.04,15.0849721322773,-0.0523394122791902,5.87326727406479,49.1278751146381,3.58384178878701,50.1845008590772,0,1.93076327766655,0.0465032096257214,-0.984856819252152,MV-202-15,sine_steer_python_15kmh,COMPLETED
1206,2026年09月25日_14时38分14秒_第001次,2026-09-25T14:38:14+08:00,2026-09-25T06:38:14Z,12.05,15.0849056424326,-0.0522303100043157,5.89801172889753,49.1697085037842,3.58625049054125,50.2262737660813,0,1.93716632225726,0.0466591343604995,-0.988055750984038,MV-202-15,sine_steer_python_15kmh,COMPLETED
1207,2026年09月25日_14时38分14秒_第001次,2026-09-25T14:38:14+08:00,2026-09-25T06:38:14Z,12.06,15.0848404883541,-0.052112995644445,5.92182493534459,49.2115391764486,3.58870281013053,50.2680425851402,0,1.94326346582935,0.04680770052152,-0.991098189452707,MV-202-15,sine_steer_python_15kmh,COMPLETED
1208,2026年09月25日_14时38分14秒_第001次,2026-09-25T14:38:14+08:00,2026-09-25T06:38:14Z,12.07,15.0847767110776,-0.0519874886886066,5.94470324315789,49.2533670812809,3.5911989058982,50.3098072611666,0,1.94905374557315,0.0469488846664573,-0.993983647888973,MV-202-15,sine_steer_python_15kmh,COMPLETED
1209,2026年09月25日_14时38分14秒_第001次,2026-09-25T14:38:14+08:00,2026-09-25T06:38:14Z,12.08,15.0847143507361,-0.051853809360394,5.96664314874057,49.295192166959,3.59373892921523,50.3515677398028,0,1.95453624713639,0.0470826645108123,-0.996711664753407,MV-202-15,sine_steer_python_15kmh,COMPLETED
1210,2026年09月25日_14时38分14秒_第001次,2026-09-25T14:38:14+08:00,2026-09-25T06:38:14Z,12.09,15.084653446535,-0.0517119783222641,5.98764129721273,49.3370143822155,3.59632302445826,50.3933239674554,0,1.95971010476849,0.0472090189271838,-0.999281803996736,MV-202-15,sine_steer_python_15kmh,COMPLETED
1211,2026年09月25日_14时38分14秒_第001次,2026-09-25T14:38:14+08:00,2026-09-25T06:38:14Z,12.1,15.0845940367645,-0.0515620164245625,6.00769448180246,49.3788336758639,3.59895132898908,50.4350758913304,0,1.96457450145738,0.0473279279449623,-1.00169365528763,MV-202-15,sine_steer_python_15kmh,COMPLETED
1212,2026年09月25日_14时38分14秒_第001次,2026-09-25T14:38:14+08:00,2026-09-25T06:38:14Z,12.11,15.0845361587827,-0.0514039444911121,6.02679964316482,49.4206499968258,3.60162397313542,50.4768234594671,0,1.96912866905841,0.0474393727503361,-1.00394683421759,MV-202-15,sine_steer_python_15kmh,COMPLETED
1213,2026年09月25日_14时38分14秒_第001次,2026-09-25T14:38:14+08:00,2026-09-25T06:38:14Z,12.12,15.0844798489758,-0.0512377831547519,6.0449538698848,49.4624632941575,3.60434108017296,50.5185666207727,0,1.97337188841574,0.0475433356868031,-1.00604098247418,MV-202-15,sine_steer_python_15kmh,COMPLETED
1214,2026年09月25日_14时38分14秒_第001次,2026-09-25T14:38:14+08:00,2026-09-25T06:38:14Z,12.13,15.0844251427308,-0.0510635527552293,6.06215439929642,49.5042735170774,3.60710276630869,50.5603053250563,0,1.97730348947583,0.0476398002563719,-1.00797576797215,MV-202-15,sine_steer_python_15kmh,COMPLETED
1215,2026年09月25日_14时38分14秒_第001次,2026-09-25T14:38:14+08:00,2026-09-25T06:38:14Z,12.14,15.0843720744235,-0.0508812732984125,6.07839861782985,49.5460806149929,3.60990914066547,50.6020395230621,0,1.9809228513933,0.0477287511214446,-1.00975088494252,MV-202-15,sine_steer_python_15kmh,COMPLETED
1216,2026年09月25日_14时38分14秒_第001次,2026-09-25T14:38:14+08:00,2026-09-25T06:38:14Z,12.15,15.0843206774044,-0.0506909644698961,6.09368406108049,49.5878845375278,3.61276030526773,50.6437691665034,0,1.98422940262896,0.047810174107288,-1.0113660539848,MV-202-15,sine_steer_python_15kmh,COMPLETED
1217,2026年09月25日_14时38分14秒_第001次,2026-09-25T14:38:14+08:00,2026-09-25T06:38:14Z,12.16,15.0842709839763,-0.0504926456987099,6.10800841400765,49.6296852345504,3.61565635502835,50.6854942080948,0,1.98722262104002,0.0478840562050395,-1.01282102208522,MV-202-15,sine_steer_python_15kmh,COMPLETED
1218,2026年09月25日_14时38分14秒_第001次,2026-09-25T14:38:14+08:00,2026-09-25T06:38:14Z,12.17,15.08422302537,-0.0502863362681267,6.12136951128009,49.6714826562004,3.6185973777366,50.7272146015857,0,1.9899020339626,0.047950385575209,-1.0141155626018,MV-202-15,sine_steer_python_15kmh,COMPLETED
1219,2026年09月25日_14时38分14秒_第001次,2026-09-25T14:38:14+08:00,2026-09-25T06:38:14Z,12.18,15.0841768317247,-0.0500720554681499,6.13376533758684,49.7132767529175,3.62158345404718,50.7689303017923,0,1.99226721828634,0.0480091515516055,-1.01524947521911,MV-202-15,sine_steer_python_15kmh,COMPLETED
1220,2026年09月25日_14时38分14秒_第001次,2026-09-25T14:38:14+08:00,2026-09-25T06:38:14Z,12.19,15.0841324320693,-0.049849822781298,6.14519402785064,49.7550674754684,3.62461465747032,50.8106412646296,0,1.99431780052123,0.0480603446455724,-1.01622258587755,MV-202-15,sine_steer_python_15kmh,COMPLETED
1221,2026年09月25日_14时38分14秒_第001次,2026-09-25T14:38:14+08:00,2026-09-25T06:38:14Z,12.2,15.0840898549015,-0.0496198895321833,6.15565324672085,49.7968547749903,3.62769105416882,50.8523474471698,0,1.99605345685654,0.0481039598590296,-1.01703460661577,MV-202-15,sine_steer_python_15kmh,COMPLETED
1222,2026年09月25日_14时38分14秒_第001次,2026-09-25T14:38:14+08:00,2026-09-25T06:38:14Z,12.21,15.08404912308,-0.0493823078297191,6.16514350770111,49.8386386029742,3.6308127034951,50.8940488075982,0,1.99747391321204,0.0481399905507395,-1.01768539562664,MV-202-15,sine_steer_python_15kmh,COMPLETED
1223,2026年09月25日_14时38分14秒_第001次,2026-09-25T14:38:14+08:00,2026-09-25T06:38:14Z,12.22,15.0840102686498,-0.0491369287376587,6.17366016131423,49.8804189113803,3.63397965687534,50.9357453053542,0,1.99857894528118,0.0481684283876392,-1.01817495824459,MV-202-15,sine_steer_python_15kmh,COMPLETED
1224,2026年09月25日_14时38分14秒_第001次,2026-09-25T14:38:14+08:00,2026-09-25T06:38:14Z,12.23,15.0839733107821,-0.0488837784806204,6.18120497618972,49.9221956525429,3.63719195952675,50.9774369010427,0,1.9993683785666,0.0481892687001061,-1.01850322206945,MV-202-15,sine_steer_python_15kmh,COMPLETED
1225,2026年09月25日_14时38分14秒_第001次,2026-09-25T14:38:14+08:00,2026-09-25T06:38:14Z,12.24,15.0839382756046,-0.0486227422127789,6.18777456438426,49.9639687793109,3.64044964875629,51.0191235565545,0,1.99984208840763,0.0482025059825114,-1.01867022589991,MV-202-15,sine_steer_python_15kmh,COMPLETED
1226,2026年09月25日_14时38分14秒_第001次,2026-09-25T14:38:14+08:00,2026-09-25T06:38:14Z,12.25,15.0839051837415,-0.0483539998297784,6.19336931355397,50.0057382449944,3.64375275522447,51.0608052350479,0,2,0.0482081401073157,-1.01867585774761,MV-202-15,sine_steer_python_15kmh,COMPLETED
1227,2026年09月25日_14时38分14秒_第001次,2026-09-25T14:38:14+08:00,2026-09-25T06:38:14Z,12.26,15.0838740550866,-0.0480776181503552,6.19798790149014,50.0475040034421,3.64710130213102,51.1024819009947,0,1.99984208840763,0.0482061705300645,-1.01852009973476,MV-202-15,sine_steer_python_15kmh,COMPLETED
1228,2026年09月25日_14时38分14秒_第001次,2026-09-25T14:38:14+08:00,2026-09-25T06:38:14Z,12.27,15.0838449110976,-0.047793603198513,6.20163007653426,50.0892660090658,3.65049530539132,51.1441535202124,0,1.9993683785666,0.0481965970235393,-1.01820299685657,MV-202-15,sine_steer_python_15kmh,COMPLETED
1229,2026年09月25日_14时38分14秒_第001次,2026-09-25T14:38:14+08:00,2026-09-25T06:38:14Z,12.28,15.0838177693514,-0.0475018995198072,6.20429464599168,50.1310242168416,3.65393477393742,51.1858200598803,0,1.99857894528118,0.0481794196607074,-1.01772465811984,MV-202-15,sine_steer_python_15kmh,COMPLETED
1230,2026年09月25日_14时38分14秒_第001次,2026-09-25T14:38:14+08:00,2026-09-25T06:38:14Z,12.29,15.0837926466425,-0.0472023625890466,6.20598183065781,50.1727785823502,3.65741970953454,51.227481488558,0,1.99747391321203,0.0481546384127241,-1.01708527330046,MV-202-15,sine_steer_python_15kmh,COMPLETED
1231,2026年09月25日_14时38分14秒_第001次,2026-09-25T14:38:14+08:00,2026-09-25T06:38:14Z,12.3,15.0837695594034,-0.0468947924003339,6.20669137738083,50.2145290617954,3.66095010691202,51.2691377762106,0,1.99605345685654,0.0481222536181419,-1.01628509302615,MV-202-15,sine_steer_python_15kmh,COMPLETED
1232,2026年09月25日_14时38分14秒_第001次,2026-09-25T14:38:14+08:00,2026-09-25T06:38:14Z,12.31,15.0837485230439,-0.0465789475486149,6.20642329769803,50.2562756120293,3.66452595381177,51.3107888942339,0,1.99431780052123,0.0480822661770123,-1.01532442057279,MV-202-15,sine_steer_python_15kmh,COMPLETED
1233,2026年09月25日_14时38分14秒_第001次,2026-09-25T14:38:14+08:00,2026-09-25T06:38:14Z,12.32,15.0837295520016,-0.0462549500649217,6.20517676259566,50.2980181906062,3.66814723068381,51.352434815529,0,1.99226721828635,0.0480346833326179,-1.01420336712508,MV-202-15,sine_steer_python_15kmh,COMPLETED
1234,2026年09月25日_14时38分14秒_第001次,2026-09-25T14:38:14+08:00,2026-09-25T06:38:14Z,12.33,15.0837126527394,-0.0459229631775431,6.2029546154702,50.3397567557479,3.67181391129719,51.3940755144278,0,1.9899020339626,0.0479795141067132,-1.01292204543027,MV-202-15,sine_steer_python_15kmh,COMPLETED
1235,2026年09月25日_14时38分14秒_第001次,2026-09-25T14:38:14+08:00,2026-09-25T06:38:14Z,12.34,15.0836978426928,-0.0455830536568625,6.19975390490101,50.3814912665006,3.67552596131985,51.435710966866,0,1.98722262104002,0.0479167673352882,-1.01148065139058,MV-202-15,sine_steer_python_15kmh,COMPLETED
1236,2026年09月25日_14时38分14秒_第001次,2026-09-25T14:38:14+08:00,2026-09-25T06:38:14Z,12.35,15.0836851262738,-0.0452356172290242,6.19557789742736,50.4232216826237,3.6792833399975,51.4773411502838,0,1.98422940262896,0.0478464577374238,-1.0098792089839,MV-202-15,sine_steer_python_15kmh,COMPLETED
1237,2026年09月25日_14时38分14秒_第001次,2026-09-25T14:38:14+08:00,2026-09-25T06:38:14Z,12.36,15.083674512527,-0.0448807626586215,6.19042601731507,50.4649479647277,3.68308599870858,51.5189660437089,0,1.9809228513933,0.0477685971475231,-1.00811793985718,MV-202-15,sine_steer_python_15kmh,COMPLETED
1238,2026年09月25日_14时38分14秒_第001次,2026-09-25T14:38:14+08:00,2026-09-25T06:38:14Z,12.37,15.0836660096684,-0.0445185816864608,6.18429917133481,50.5066700742404,3.68693388185315,51.5605856277618,0,1.97730348947583,0.0476831983386303,-1.00619710182969,MV-202-15,sine_steer_python_15kmh,COMPLETED
1239,2026年09月25日_14时38分14秒_第001次,2026-09-25T14:38:14+08:00,2026-09-25T06:38:14Z,12.38,15.0836596221986,-0.0441491672179277,6.17719851888261,50.5483879734454,3.69082692665339,51.6021998846694,0,1.97337188841574,0.0475902752784904,-1.00411697815055,MV-202-15,sine_steer_python_15kmh,COMPLETED
1240,2026年09月25日_14时38分14秒_第001次,2026-09-25T14:38:14+08:00,2026-09-25T06:38:14Z,12.39,15.0836553538423,-0.0437726101003234,6.16912522365231,50.5901016255052,3.69476506317823,51.6438087982842,0,1.96912866905841,0.0474898430814822,-1.00187787916897,MV-202-15,sine_steer_python_15kmh,COMPLETED
1241,2026年09月25日_14时38分14秒_第001次,2026-09-25T14:38:14+08:00,2026-09-25T06:38:14Z,12.4,15.0836532075658,-0.0433889979637267,6.16008058081992,50.6318109944886,3.69874821436456,51.6854123541081,0,1.96457450145738,0.0473819179894885,-0.999480142992034,MV-202-15,sine_steer_python_15kmh,COMPLETED
1242,2026年09月25日_14时38分14秒_第001次,2026-09-25T14:38:14+08:00,2026-09-25T06:38:14Z,12.41,15.083653184685,-0.0429984147741398,6.15006604475771,50.6735160453958,3.70277629603351,51.7270105393126,0,1.95971010476849,0.0472665173626274,-0.996924135781764,MV-202-15,sine_steer_python_15kmh,COMPLETED
1243,2026年09月25日_14时38分14秒_第001次,2026-09-25T14:38:14+08:00,2026-09-25T06:38:14Z,12.42,15.0836552849658,-0.0426009401881617,6.13908322468804,50.7152167441828,3.70684921690896,51.7686033427562,0,1.95453624713639,0.0471436596669102,-0.994210252094345,MV-202-15,sine_steer_python_15kmh,COMPLETED
1244,2026年09月25日_14时38分14秒_第001次,2026-09-25T14:38:14+08:00,2026-09-25T06:38:14Z,12.43,15.0836595069494,-0.0421966486193423,6.12713387371319,50.756913057786,3.710966878638,51.8101907550033,0,1.94905374557315,0.0470133644575191,-0.991338915375715,MV-202-15,sine_steer_python_15kmh,COMPLETED
1245,2026年09月25日_14时38分14秒_第001次,2026-09-25T14:38:14+08:00,2026-09-25T06:38:14Z,12.44,15.0836658479383,-0.0417856082080695,6.11421988632397,50.7986049541462,3.71512917581344,51.8517727683414,0,1.94326346582935,0.0468756523604131,-0.988310578541639,MV-202-15,sine_steer_python_15kmh,COMPLETED
1246,2026年09月25日_14时38分14秒_第001次,2026-09-25T14:38:14+08:00,2026-09-25T06:38:14Z,12.45,15.0836743038738,-0.0413678799723593,6.10034330197111,50.8402924022323,3.71933599599844,51.893349376797,0,1.93716632225726,0.0467305450562152,-0.985125724457267,MV-202-15,sine_steer_python_15kmh,COMPLETED
1247,2026年09月25日_14时38分14秒_第001次,2026-09-25T14:38:14+08:00,2026-09-25T06:38:14Z,12.46,15.0836848693295,-0.0409435173286799,6.08550630652313,50.8819753720647,3.72358721975322,51.9349205761502,0,1.93076327766655,0.0465780652691104,-0.981784866183872,MV-202-15,sine_steer_python_15kmh,COMPLETED
1248,2026年09月25日_14时38分14秒_第001次,2026-09-25T14:38:14+08:00,2026-09-25T06:38:14Z,12.47,15.0836975375673,-0.0405125660779177,6.06971123047498,50.9236538347376,3.72788272066322,51.9764863639475,0,1.92405534317217,0.0464182367621528,-0.978288546937575,MV-202-15,sine_steer_python_15kmh,COMPLETED
1249,2026年09月25日_14时38分14秒_第001次,2026-09-25T14:38:14+08:00,2026-09-25T06:38:14Z,12.48,15.0837123005574,-0.0400750649169156,6.05296054730756,50.9653277624414,3.73222236536844,52.0180467395135,0,1.91704357803475,0.0462510843399072,-0.974637339728618,MV-202-15,sine_steer_python_15kmh,COMPLETED
1250,2026年09月25日_14时38分14秒_第001次,2026-09-25T14:38:14+08:00,2026-09-25T06:38:14Z,12.49,15.0837291489673,-0.0396310465022661,6.03525687341072,51.0069971284847,3.73660601359306,52.059601703962,0,1.90972908949329,0.046076633858864,-0.970831846661923,MV-202-15,sine_steer_python_15kmh,COMPLETED
1251,2026年09月25日_14时38分14秒_第001次,2026-09-25T14:38:14+08:00,2026-09-25T06:38:14Z,12.5,15.0837480721613,-0.0391805390222122,6.01660296846379,51.0486619073156,3.74103351817523,52.1011512602059,0,1.90211303259031,0.0458949122450668,-0.966872697919882,MV-202-15,sine_steer_python_15kmh,COMPLETED
1252,2026年09月25日_14时38分14秒_第001次,2026-09-25T14:38:14+08:00,2026-09-25T06:38:14Z,12.51,15.0837690582148,-0.0387235681537687,5.99700173541553,51.0903220745431,3.74550472509625,52.1426954129664,0,1.89419660998949,0.0457059475172522,-0.962760550498897,MV-202-15,sine_steer_python_15kmh,COMPLETED
1253,2026年09月25日_14时38分14秒_第001次,2026-09-25T14:38:14+08:00,2026-09-25T06:38:14Z,12.52,15.0837920939247,-0.0382601592317189,5.97645622035197,51.1319776069581,3.75001947350913,52.1842341687816,0,1.88598107178573,0.0455097688130737,-0.95849608680393,MV-202-15,sine_steer_python_15kmh,COMPLETED
1254,2026年09月25日_14时38分14秒_第001次,2026-09-25T14:38:14+08:00,2026-09-25T06:38:14Z,12.53,15.0838171648134,-0.037790339438293,5.95496961268847,51.1736284825542,3.75457759576615,52.2257675360151,0,1.87746771530775,0.0453064064157002,-0.954080013216039,MV-202-15,sine_steer_python_15kmh,COMPLETED
1255,2026年09月25日_14时38分14秒_第001次,2026-09-25T14:38:14+08:00,2026-09-25T06:38:14Z,12.54,15.083844255132,-0.0373141398279298,5.93254524562783,51.2152746805479,3.75917891744577,52.2672955248645,0,1.86865788491322,0.0450958917781388,-0.949513058744514,MV-202-15,sine_steer_python_15kmh,COMPLETED
1256,2026年09月25日_14时38分14秒_第001次,2026-09-25T14:38:14+08:00,2026-09-25T06:38:14Z,12.55,15.0838733478692,-0.0368315970256869,5.90918659661954,51.2569161813984,3.763823257379,52.3088181473683,0,1.8595529717765,0.0448782575429559,-0.944795973861796,MV-202-15,sine_steer_python_15kmh,COMPLETED
1257,2026年09月25日_14时38分14秒_第001次,2026-09-25T14:38:14+08:00,2026-09-25T06:38:14Z,12.56,15.0839044247612,-0.0363427544809328,5.88489728772004,51.2985529668278,3.76851042767555,52.3503354174132,0,1.85015441366892,0.0446535375556678,-0.939929529594703,MV-202-15,sine_steer_python_15kmh,COMPLETED
1258,2026年09月25日_14时38分14秒_第001次,2026-09-25T14:38:14+08:00,2026-09-25T06:38:14Z,12.57,15.0839374663018,-0.0358476632151781,5.85968108587868,51.3401850198399,3.77324023375046,52.3918473507407,0,1.84046369473174,0.0444217668708721,-0.934914516911317,MV-202-15,sine_steer_python_15kmh,COMPLETED
1259,2026年09月25日_14时38分14秒_第001次,2026-09-25T14:38:14+08:00,2026-09-25T06:38:14Z,12.58,15.0839724517519,-0.0353463820645075,5.83354190313434,51.3818123247387,3.7780124743514,52.4333539649528,0,1.83048234524183,0.0441829817510709,-0.92975174640583,MV-202-15,sine_steer_python_15kmh,COMPLETED
1260,2026年09月25日_14时38分14秒_第001次,2026-09-25T14:38:14+08:00,2026-09-25T06:38:14Z,12.59,15.0840093591506,-0.0348389774728976,5.80648379664888,51.4234348671471,3.7828269415872,52.4748552795156,0,1.82021194136999,0.043937219658929,-0.924442048249731,MV-202-15,sine_steer_python_15kmh,COMPLETED
1261,2026年09月25日_14时38分14秒_第001次,2026-09-25T14:38:14+08:00,2026-09-25T06:38:14Z,12.6,15.0840481653268,-0.0343255229357576,5.77851096852076,51.465052634024,3.78768342095803,52.5163513157636,0,1.80965410493204,0.0436845192443365,-0.918986272351521,MV-202-15,sine_steer_python_15kmh,COMPLETED
1262,2026年09月25日_14时38分14秒_第001次,2026-09-25T14:38:14+08:00,2026-09-25T06:38:14Z,12.61,15.0840888459112,-0.0338060982184309,5.74962776536871,51.5066656136814,3.79258169138719,52.557842096901,0,1.79881050313274,0.043424920328018,-0.913385288651379,MV-202-15,sine_steer_python_15kmh,COMPLETED
1263,2026年09月25日_14时38分14秒_第001次,2026-09-25T14:38:14+08:00,2026-09-25T06:38:14Z,12.62,15.0841313753478,-0.0332807884802465,5.71983867770466,51.5482737958005,3.79752152525481,52.5993276480028,0,1.78768284830253,0.0431584638835301,-0.907639987472876,MV-202-15,sine_steer_python_15kmh,COMPLETED
1264,2026年09月25日_14时38分14秒_第001次,2026-09-25T14:38:14+08:00,2026-09-25T06:38:14Z,12.63,15.0841757269057,-0.0327496834210003,5.68914833911131,51.5898771714474,3.80250268843331,52.6408079960141,0,1.77627289762709,0.042885192019308,-0.901751279861538,MV-202-15,sine_steer_python_15kmh,COMPLETED
1265,2026年09月25日_14时38分14秒_第001次,2026-09-25T14:38:14+08:00,2026-09-25T06:38:14Z,12.64,15.0842218726933,-0.0322128765376485,5.65756152525396,51.6314757330881,3.8075249403245,52.6822831697484,0,1.76458245286991,0.0426051479620181,-0.895720097856968,MV-202-15,sine_steer_python_15kmh,COMPLETED
1266,2026年09月25日_14时38分14秒_第001次,2026-09-25T14:38:14+08:00,2026-09-25T06:38:14Z,12.65,15.0842697836721,-0.0316704645399616,5.62508315276536,51.6730694746024,3.81258803389807,52.723753199885,0,1.75261336008773,0.0423183760419309,-0.889547394668537,MV-202-15,sine_steer_python_15kmh,COMPLETED
1267,2026年09月25日_14时38分14秒_第001次,2026-09-25T14:38:14+08:00,2026-09-25T06:38:14Z,12.66,15.0843194296746,-0.0311225469328453,5.59171827805276,51.7146583912978,3.81769171573139,52.765218118965,0,1.74036750933905,0.0420249216804403,-0.883234144749146,MV-202-15,sine_steer_python_15kmh,COMPLETED
1268,2026年09月25日_14时38分14秒_第001次,2026-09-25T14:38:14+08:00,2026-09-25T06:38:14Z,12.67,15.0843707794234,-0.0305692257360264,5.55747209607191,51.7562424799226,3.82283572605028,52.8066779613867,0,1.72784683438567,0.0417248313793347,-0.87678134378404,MV-202-15,sine_steer_python_15kmh,COMPLETED
1269,2026年09月25日_14时38分14秒_第001次,2026-09-25T14:38:14+08:00,2026-09-25T06:38:14Z,12.68,15.0844238005519,-0.0300106052857114,5.52234993910523,51.7978217386776,3.82801979877078,52.8481327634002,0,1.7150533123873,0.0414181527110424,-0.870190008627512,MV-202-15,sine_steer_python_15kmh,COMPLETED
1270,2026年09月25日_14时38分14秒_第001次,2026-09-25T14:38:14+08:00,2026-09-25T06:38:14Z,12.69,15.0844784596277,-0.0294467920503218,5.48635727556606,51.8393961672283,3.83324366154173,52.8895825631011,0,1.70198896358939,0.0411049343088945,-0.863461177228235,MV-202-15,sine_steer_python_15kmh,COMPLETED
1271,2026年09月25日_14时38分14秒_第001次,2026-09-25T14:38:14+08:00,2026-09-25T06:38:14Z,12.7,15.0845347221764,-0.0288778943950731,5.4494997088428,51.8809657667153,3.83850703578833,52.9310274004238,0,1.68865585100403,0.0407852258564717,-0.856595908582691,MV-202-15,sine_steer_python_15kmh,COMPLETED
1272,2026年09月25日_14时38分14秒_第001次,2026-09-25T14:38:14+08:00,2026-09-25T06:38:14Z,12.71,15.084592552707,-0.0283040222461222,5.41178297618244,51.9225305397651,3.84380963675671,52.9724673171336,0,1.67505608008428,0.0404590780753308,-0.849595282746864,MV-202-15,sine_steer_python_15kmh,COMPLETED
1273,2026年09月25日_14时38分14秒_第001次,2026-09-25T14:38:14+08:00,2026-09-25T06:38:14Z,12.72,15.0846519147361,-0.0277252866303712,5.37321294760241,51.9640904904992,3.84915117355956,53.0139023568185,0,1.66119179839163,0.0401265427107524,-0.842460400921207,MV-202-15,sine_steer_python_15kmh,COMPLETED
1274,2026年09月25日_14时38分14秒_第001次,2026-09-25T14:38:14+08:00,2026-09-25T06:38:14Z,12.73,15.0847127708126,-0.0271417990966853,5.33379562481465,52.0056456245433,3.85453134922317,53.0553325648797,0,1.64706519525686,0.0397876725155847,-0.835192385606132,MV-202-15,sine_steer_python_15kmh,COMPLETED
1275,2026年09月25日_14时38分14秒_第001次,2026-09-25T14:38:14+08:00,2026-09-25T06:38:14Z,12.74,15.0847750825418,-0.0265536710526193,5.29353714014686,52.047195949035,3.85994986073581,53.0967579885212,0,1.63267850143437,0.0394425212326531,-0.827792380807986,MV-202-15,sine_steer_python_15kmh,COMPLETED
1276,2026年09月25日_14时38分14秒_第001次,2026-09-25T14:38:14+08:00,2026-09-25T06:38:14Z,12.75,15.0848388106089,-0.0259610130728861,5.25244375544682,52.0887414726311,3.86540639909759,53.1381786767388,0,1.6180339887499,0.0390911435765343,-0.820261552261963,MV-202-15,sine_steer_python_15kmh,COMPLETED
1277,2026年09月25日_14时38分14秒_第001次,2026-09-25T14:38:14+08:00,2026-09-25T06:38:14Z,12.76,15.0849039148038,-0.0253639342481958,5.21052186096663,52.1302822055143,3.87090064937181,53.1795946803071,0,1.60313396974175,0.0387335952156715,-0.812601087630583,MV-202-15,sine_steer_python_15kmh,COMPLETED
1278,2026年09月25日_14时38分14秒_第001次,2026-09-25T14:38:14+08:00,2026-09-25T06:38:14Z,12.77,15.0849703540442,-0.0247625416441347,5.16777797422857,52.1718181593989,3.87643229073772,53.2210060517663,0,1.58798079729567,0.0383699327558346,-0.804812196635422,MV-202-15,sine_steer_python_15kmh,COMPLETED
1279,2026年09月25日_14时38分14秒_第001次,2026-09-25T14:38:14+08:00,2026-09-25T06:38:14Z,12.78,15.0850380864018,-0.0241569399299122,5.12421873888333,52.2133493475354,3.88200099654456,53.2624128454071,0,1.57257686427324,0.038000213725794,-0.796896111085366,MV-202-15,sine_steer_python_15kmh,COMPLETED
1280,2026年09月25日_14时38分14秒_第001次,2026-09-25T14:38:14+08:00,2026-09-25T06:38:14Z,12.79,15.0851070691276,-0.0235472312179375,5.0798509235781,52.2548757847149,3.88760643436663,53.3038151172548,0,1.55692460313405,0.0376244965658156,-0.788854084775771,MV-202-15,sine_steer_python_15kmh,COMPLETED
1281,2026年09月25日_14时38分14秒_第001次,2026-09-25T14:38:14+08:00,2026-09-25T06:38:14Z,12.8,15.0851772586789,-0.0229335151309104,5.03468142085266,52.2963974872726,3.89324826605931,53.3452129250526,0,1.54102648555158,0.0372428406192411,-0.780687393247446,MV-202-15,sine_steer_python_15kmh,COMPLETED
1282,2026年09月25日_14时38分14秒_第001次,2026-09-25T14:38:14+08:00,2026-09-25T06:38:14Z,12.81,15.085248610748,-0.0223158890868629,4.98871724608198,52.3379144730902,3.89892614781559,53.3866063282435,0,1.5248850220229,0.0368553061270465,-0.772397333410139,MV-202-15,sine_steer_python_15kmh,COMPLETED
1283,2026年09月25日_14时38分14秒_第001次,2026-09-25T14:38:14+08:00,2026-09-25T06:38:14Z,12.82,15.0853210802902,-0.0216944487689888,4.94196553648076,52.3794267615981,3.90463973022322,53.4279953879517,0,1.50850276147221,0.0364619542249301,-0.763985223049561,MV-202-15,sine_steer_python_15kmh,COMPLETED
1284,2026年09月25日_14时38分14秒_第001次,2026-09-25T14:38:14+08:00,2026-09-25T06:38:14Z,12.83,15.0853946215541,-0.0210692887282694,4.89443355017656,52.4209343737767,3.91038865832196,53.4693801669631,0,1.49188229084836,0.0360628469422119,-0.75545240024855,MV-202-15,sine_steer_python_15kmh,COMPLETED
1285,2026年09月25日_14时38分14秒_第001次,2026-09-25T14:38:14+08:00,2026-09-25T06:38:14Z,12.84,15.0854691881112,-0.0204405030561481,4.84612866535405,52.4624373321568,3.91617257166122,53.5107607297053,0,1.47502623471635,0.0356580472016635,-0.746800222759722,MV-202-15,sine_steer_python_15kmh,COMPLETED
1286,2026年09月25日_14时38分14秒_第001次,2026-09-25T14:38:14+08:00,2026-09-25T06:38:14Z,12.85,15.0855447328863,-0.0198081860619727,4.79705837946348,52.5039356608197,3.92199110435774,53.5521371422266,0,1.45793725484282,0.035247618819345,-0.738030067368796,MV-202-15,sine_steer_python_15kmh,COMPLETED
1287,2026年09月25日_14时38分14秒_第001次,2026-09-25T14:38:14+08:00,2026-09-25T06:38:14Z,12.86,15.0856212081879,-0.0191724328956872,4.7472303084799,52.5454293853966,3.92784388515355,53.5935094721748,0,1.44061804977582,0.0348316265036006,-0.729143329284655,MV-202-15,sine_steer_python_15kmh,COMPLETED
1288,2026年09月25日_14时38分14秒_第001次,2026-09-25T14:38:14+08:00,2026-09-25T06:38:14Z,12.87,15.0856985657392,-0.018533340068967,4.69665218619506,52.5869185330666,3.93373053747422,53.6348777887751,0,1.42307135441857,0.0344101358525389,-0.720141421584778,MV-202-15,sine_steer_python_15kmh,COMPLETED
1289,2026年09月25日_14时38分14秒_第001次,2026-09-25T14:38:14+08:00,2026-09-25T06:38:14Z,12.88,15.0857767567082,-0.0178910058450693,4.64533186351796,52.6284031325554,3.93965067948753,53.6762421628071,0,1.4052999395977,0.0339832133495619,-0.711025774734587,MV-202-15,sine_steer_python_15kmh,COMPLETED
1290,2026年09月25日_14时38分14秒_第001次,2026-09-25T14:38:14+08:00,2026-09-25T06:38:14Z,12.89,15.0858557317386,-0.0172455304869497,4.59327730776182,52.6698832141315,3.9456039241626,53.7176026665815,0,1.38730661162561,0.0335509263567801,-0.701797836187736,MV-202-15,sine_steer_python_15kmh,COMPLETED
1291,2026年09月25日_14时38分14秒_第001次,2026-09-25T14:38:14+08:00,2026-09-25T06:38:14Z,12.9,15.0859354409795,-0.0165970163714575,4.54049660189258,52.7113588096033,3.95158987932981,53.7589593739156,0,1.36909421185738,0.0331133431064098,-0.692459070063392,MV-202-15,sine_steer_python_15kmh,COMPLETED
1292,2026年09月25日_14时38分14秒_第001次,2026-09-25T14:38:14+08:00,2026-09-25T06:38:14Z,12.91,15.0860158339584,-0.0159455679944744,4.4869979453856,52.7528299523141,3.95760814774139,53.8003123601076,0,1.35066561624205,0.0326705326904943,-0.683010956894362,MV-202-15,sine_steer_python_15kmh,COMPLETED
1293,2026年09月25日_14时38分14秒_第001次,2026-09-25T14:38:14+08:00,2026-09-25T06:38:14Z,12.92,15.0860968596772,-0.01529129190751,4.4327896517485,52.7942966771368,3.9636583271328,53.8416617019104,0,1.33202373486851,0.0322225650495164,-0.67345499340177,MV-202-15,sine_steer_python_15kmh,COMPLETED
1294,2026年09月25日_14时38分14秒_第001次,2026-09-25T14:38:14+08:00,2026-09-25T06:38:14Z,12.93,15.0861784671477,-0.0146342965930422,4.37788014193865,52.8357590204682,3.96974001028506,53.8830074775048,0,1.31317151150591,0.0317695109600006,-0.663792692282443,MV-202-15,sine_steer_python_15kmh,COMPLETED
1295,2026年09月25日_14时38分14秒_第001次,2026-09-25T14:38:14+08:00,2026-09-25T06:38:14Z,12.94,15.0862606049763,-0.0139746923043115,4.32227795117494,52.8772170202233,3.97585278508792,53.9243497664726,0,1.29411192313889,0.0313114420214671,-0.654025582065519,MV-202-15,sine_steer_python_15kmh,COMPLETED
1296,2026年09月25日_14时38分14秒_第001次,2026-09-25T14:38:14+08:00,2026-09-25T06:38:14Z,12.95,15.0863432213114,-0.0133125909801416,4.26599172850687,52.9186707158274,3.98199623460377,53.9656886497672,0,1.27484797949738,0.0308484306443141,-0.644155206902101,MV-202-15,sine_steer_python_15kmh,COMPLETED
1297,2026年09月25日_14时38分14秒_第001次,2026-09-25T14:38:14+08:00,2026-09-25T06:38:14Z,12.96,15.0864262639729,-0.0126481061844013,4.20903023213783,52.9601201482077,3.98816993713235,54.0070242096841,0,1.2553827225814,0.0303805500379223,-0.634183126328672,MV-202-15,sine_steer_python_15kmh,COMPLETED
1298,2026年09月25日_14时38分14秒_第001次,2026-09-25T14:38:14+08:00,2026-09-25T06:38:14Z,12.97,15.0865096805143,-0.0119813530548799,4.15140232706754,53.0015653597842,3.99437346627612,54.0483565298301,0,1.23571922618067,0.0299078741987642,-0.624110915026356,MV-202-15,sine_steer_python_15kmh,COMPLETED
1299,2026年09月25日_14时38分14秒_第001次,2026-09-25T14:38:14+08:00,2026-09-25T06:38:14Z,12.98,15.0865934180573,-0.0113124482577115,4.09311698346404,53.0430063944599,4.00060639100609,54.0896856950928,0,1.21586059538921,0.0294304778984696,-0.613940162585387,MV-202-15,sine_steer_python_15kmh,COMPLETED
1300,2026年09月25日_14时38分14秒_第001次,2026-09-25T14:38:14+08:00,2026-09-25T06:38:14Z,12.99,15.0866774232183,-0.0106415099534614,4.03418327611582,53.0844432976098,4.00686827572827,54.1310117916076,0,1.19580996611504,0.0289484366719347,-0.603672473255299,MV-202-15,sine_steer_python_15kmh,COMPLETED
1301,2026年09月25日_14时38分14秒_第001次,2026-09-25T14:38:14+08:00,2026-09-25T06:38:14Z,13,15.0867616430893,-0.00996865787217396,3.9746103928833,53.1258761160699,4.01315868035104,54.1723349067265,0,1.17557050458495,0.0284618268068709,-0.593309465578634,MV-202-15,sine_steer_python_15kmh,COMPLETED
1302,2026年09月25日_14时38分14秒_第001次,2026-09-25T14:38:14+08:00,2026-09-25T06:38:14Z,13.01,15.0868460247025,-0.00929401327263587,3.91440762251802,53.1673048981268,4.01947716035315,54.2136551289861,0,1.15514540684454,0.0279707253315927,-0.582852772164128,MV-202-15,sine_steer_python_15kmh,COMPLETED
1303,2026年09月25日_14时38分14秒_第001次,2026-09-25T14:38:14+08:00,2026-09-25T06:38:14Z,13.02,15.0869305148244,-0.00861769877056481,3.85358435091092,53.2087296935046,4.02582326685194,54.2549725480744,0,1.13453789825351,0.0274752100008174,-0.572304039520128,MV-202-15,sine_steer_python_15kmh,COMPLETED
1304,2026年09月25日_14时38分14秒_第001次,2026-09-25T14:38:14+08:00,2026-09-25T06:38:14Z,13.03,15.0870150600095,-0.00793983812493323,3.79215006393511,53.250150553351,4.03219654667229,54.2962872547966,0,1.11375123297638,0.0269753592807348,-0.561664927899686,MV-202-15,sine_steer_python_15kmh,COMPLETED
1305,2026年09月25日_14时38分14秒_第001次,2026-09-25T14:38:14+08:00,2026-09-25T06:38:14Z,13.04,15.0870996067501,-0.00726055600755992,3.73011434827806,53.2915675302235,4.03859654241643,54.33759934104,0,1.09278869346854,0.0264712523337069,-0.550937111150828,MV-202-15,sine_steer_python_15kmh,COMPLETED
1306,2026年09月25日_14时38分14秒_第001次,2026-09-25T14:38:14+08:00,2026-09-25T06:38:14Z,13.05,15.0871841015816,-0.00657997772530411,3.66748688849313,53.3329806780737,4.04502279253463,54.3789088997396,0,1.07165358995799,0.0259629690021551,-0.540122276596896,MV-202-15,sine_steer_python_15kmh,COMPLETED
1307,2026年09月25日_14时38分14秒_第001次,2026-09-25T14:38:14+08:00,2026-09-25T06:38:14Z,13.06,15.0872684910963,-0.00589822889227163,3.60427746410225,53.3743900522326,4.05147483139668,54.4202160248418,0,1.05034925992259,0.0254505897915984,-0.529222124950632,MV-202-15,sine_steer_python_15kmh,COMPLETED
1308,2026年09月25日_14时38分14秒_第001次,2026-09-25T14:38:14+08:00,2026-09-25T06:38:14Z,13.07,15.0873527219355,-0.00521543509037962,3.5404959483532,53.4157957093936,4.05795218936415,54.461520811269,0,1.02887906756301,0.0249341958533833,-0.518238370235736,MV-202-15,sine_steer_python_15kmh,COMPLETED
1309,2026年09月25日_14时38分14秒_第001次,2026-09-25T14:38:14+08:00,2026-09-25T06:38:14Z,13.08,15.0874367408153,-0.0045317215604883,3.47615230732223,53.4571977075961,4.06445439286349,54.5028233548819,0,1.00724640327152,0.0244138689677117,-0.507172739688178,MV-202-15,sine_steer_python_15kmh,COMPLETED
1310,2026年09月25日_14时38分14秒_第001次,2026-09-25T14:38:14+08:00,2026-09-25T06:38:14Z,13.09,15.0875204945773,-0.00384721294871553,3.41125659826879,53.4985961062068,4.0709809644599,54.5441237524426,0,0.985454683096584,0.0238896915273228,-0.496026973622852,MV-202-15,sine_steer_python_15kmh,COMPLETED
1311,2026年09月25日_14时38分14秒_第001次,2026-09-25T14:38:14+08:00,2026-09-25T06:38:14Z,13.1,15.0876039302328,-0.00316203312179077,3.34581896757294,53.5399909659021,4.07753142293198,54.5854221015763,0,0.963507348203433,0.0233617465220369,-0.484802825258221,MV-202-15,sine_steer_python_15kmh,COMPLETED
1312,2026年09月25日_14时38分14秒_第001次,2026-09-25T14:38:14+08:00,2026-09-25T06:38:14Z,13.11,15.0876869945857,-0.00247630502166542,3.27984964458169,53.5813823486476,4.08410528334675,54.6267185007321,0,0.941407864330669,0.0228301175237446,-0.473502060531737,MV-202-15,sine_steer_python_15kmh,COMPLETED
1313,2026年09月25日_14时38分14秒_第001次,2026-09-25T14:38:14+08:00,2026-09-25T06:38:14Z,13.12,15.0877696349126,-0.0017901506741277,3.21335894911915,53.6227703176783,4.09070205713534,54.668013049144,0,0.919159721242975,0.0222948886734883,-0.462126457781507,MV-202-15,sine_steer_python_15kmh,COMPLETED
1314,2026年09月25日_14时38分14秒_第001次,2026-09-25T14:38:14+08:00,2026-09-25T06:38:14Z,13.13,15.0878517991611,-0.00110369131985977,3.14635728880986,53.6641549374791,4.09732125216951,54.7093058467918,0,0.896766432180065,0.0217561446702069,-0.450677807372146,MV-202-15,sine_steer_python_15kmh,COMPLETED
1315,2026年09月25日_14时38分14秒_第001次,2026-09-25T14:38:14+08:00,2026-09-25T06:38:14Z,13.14,15.0879334352686,-0.00041704757524256,3.07885515296225,53.7055362737638,4.10396237283816,54.750596994362,0,0.874231533301864,0.0212139707598313,-0.439157911330946,MV-202-15,sine_steer_python_15kmh,COMPLETED
1316,2026年09月25日_14时38分14秒_第001次,2026-09-25T14:38:14+08:00,2026-09-25T06:38:14Z,13.15,15.0880144894359,0.000269660216936524,3.01086313018104,53.7469143934499,4.11062492012372,54.7918865932035,0,0.851558583130145,0.0206684527270309,-0.427568582897412,MV-202-15,sine_steer_python_15kmh,COMPLETED
1317,2026年09月25日_14时38分14秒_第001次,2026-09-25T14:38:14+08:00,2026-09-25T06:38:14Z,13.16,15.0880949089395,0.000956311938696302,2.94239187204339,53.7882893646347,4.11730839167911,54.8331747452856,0,0.82875116198657,0.0201196768825998,-0.415911646097715,MV-202-15,sine_steer_python_15kmh,COMPLETED
1318,2026年09月25日_14时38分14秒_第001次,2026-09-25T14:38:14+08:00,2026-09-25T06:38:14Z,13.17,15.0881746456103,0.00164278770424217,2.873452072162,53.8296612565778,4.12401228190563,54.8744615531637,0,0.805812871427328,0.0195677300499654,-0.404188935345248,MV-202-15,sine_steer_python_15kmh,COMPLETED
1319,2026年09月25日_14时38分14秒_第001次,2026-09-25T14:38:14+08:00,2026-09-25T06:38:14Z,13.18,15.0882536520296,0.00232896781057654,2.80405449144944,53.8710301396864,4.13073608203135,54.9157471199481,0,0.782747333674406,0.0190126995524281,-0.392402295244031,MV-202-15,sine_steer_python_15kmh,COMPLETED
1320,2026年09月25日_14时38分14秒_第001次,2026-09-25T14:38:14+08:00,2026-09-25T06:38:14Z,13.19,15.0883318782912,0.00301473225987118,2.73420998770101,53.9123960854862,4.13747928018813,54.9570315492571,0,0.759558191043604,0.0184546732064528,-0.380553580094489,MV-202-15,sine_steer_python_15kmh,COMPLETED
1321,2026年09月25日_14时38分14秒_第001次,2026-09-25T14:38:14+08:00,2026-09-25T06:38:14Z,13.2,15.0884092734639,0.00369996038935469,2.66392950383798,53.9537591665895,4.14424136148912,54.9983149451679,0,0.736249105369353,0.0178937393134025,-0.368644653309357,MV-202-15,sine_steer_python_15kmh,COMPLETED
1322,2026年09月25日_14时38分14秒_第001次,2026-09-25T14:38:14+08:00,2026-09-25T06:38:14Z,13.21,15.0884857881184,0.00438453072764808,2.59322404070789,53.9951194566701,4.15102180810709,55.0395974121745,0,0.7128237574265,0.0173299866480086,-0.356677386941741,MV-202-15,sine_steer_python_15kmh,COMPLETED
1323,2026年09月25日_14时38分14秒_第001次,2026-09-25T14:38:14+08:00,2026-09-25T06:38:14Z,13.22,15.0885613746965,0.00506832098558789,2.52210465134694,54.0364770304412,4.15782009935322,55.0808790551503,0,0.689285846349034,0.0167635044448622,-0.344653661363509,MV-202-15,sine_steer_python_15kmh,COMPLETED
1324,2026年09月25日_14时38分14秒_第001次,2026-09-25T14:38:14+08:00,2026-09-25T06:38:14Z,13.23,15.0886359863034,0.00575120802761781,2.45058245215252,54.0778319636312,4.16463571175607,55.1221599793087,0,0.665639089045975,0.016194382385117,-0.332575364973162,MV-202-15,sine_steer_python_15kmh,COMPLETED
1325,2026年09月25日_14时38分14秒_第001次,2026-09-25T14:38:14+08:00,2026-09-25T06:38:14Z,13.24,15.0887095763576,0.00643306786878326,2.37866862228226,54.1191843329567,4.17146811914063,55.1634402901597,0,0.641887219614419,0.0156227105827635,-0.320444393889945,MV-202-15,sine_steer_python_15kmh,COMPLETED
1326,2026年09月25日_14时38分14秒_第001次,2026-09-25T14:38:14+08:00,2026-09-25T06:38:14Z,13.25,15.0887820989095,0.00711377585603195,2.3063743975695,54.1605342160943,4.17831679270787,55.2047200934679,0,0.618033988749896,0.0150485795682042,-0.308262651740314,MV-202-15,sine_steer_python_15kmh,COMPLETED
1327,2026年09月25日_14时38分14秒_第001次,2026-09-25T14:38:14+08:00,2026-09-25T06:38:14Z,13.26,15.0888535089319,0.00779320708929052,2.2337110686108,54.2018816916537,4.18518120111479,55.2459994952099,0,0.594083163154073,0.014472080268317,-0.296032049591566,MV-202-15,sine_steer_python_15kmh,COMPLETED
1328,2026年09月25日_14时38分14秒_第001次,2026-09-25T14:38:14+08:00,2026-09-25T06:38:14Z,13.27,15.0889237623514,0.00847123707123206,2.160689983253,54.2432268391498,4.19206081055529,55.2872786015326,0,0.570038524939953,0.0138933039831412,-0.283754506032121,MV-202-15,sine_steer_python_15kmh,COMPLETED
1329,2026年09月25日_14时38分14秒_第001次,2026-09-25T14:38:14+08:00,2026-09-25T06:38:14Z,13.28,15.0889928159739,0.0091477425431464,2.08732255020902,54.2845697389749,4.1989550848419,55.3285575187109,0,0.545903871034649,0.0133123423597677,-0.271431947368959,MV-202-15,sine_steer_python_15kmh,COMPLETED
1330,2026年09月25日_14时38分14秒_第001次,2026-09-25T14:38:14+08:00,2026-09-25T06:38:14Z,13.29,15.0890606271603,0.00982260236667854,2.01362024621615,54.3259104723685,4.20586348548853,55.3698363531033,0,0.521683012579794,0.0127292873654196,-0.259066307860547,MV-202-15,sine_steer_python_15kmh,COMPLETED
1331,2026年09月25日_14时38分14秒_第001次,2026-09-25T14:38:14+08:00,2026-09-25T06:38:14Z,13.3,15.0891271543098,0.0104956983118092,1.93959461620637,54.3672491213878,4.21278547179428,55.4111152111087,0,0.497379774329708,0.0121442312617163,-0.246659529879139,MV-202-15,sine_steer_python_15kmh,COMPLETED
1332,2026年09月25日_14时38分14秒_第001次,2026-09-25T14:38:14+08:00,2026-09-25T06:38:14Z,13.31,15.0891923573257,0.0111669158465214,1.86525728053256,54.4085857688783,4.21972050092854,55.4523941991238,0,0.472997994047449,0.0115572665787693,-0.234213564080119,MV-202-15,sine_steer_python_15kmh,COMPLETED
1333,2026年09月25日_14时38分14秒_第001次,2026-09-25T14:38:14+08:00,2026-09-25T06:38:14Z,13.32,15.0892561973099,0.0118361458668622,1.79061995605271,54.4499204984446,4.22666802801757,55.4936734234997,0,0.448541521898764,0.0109684860756922,-0.221730370159313,MV-202-15,sine_steer_python_15kmh,COMPLETED
1334,2026年09月25日_14时38分14秒_第001次,2026-09-25T14:38:14+08:00,2026-09-25T06:38:14Z,13.33,15.089318636351,0.0125032896683667,1.7156944733565,54.4912533944182,4.23362750623452,55.5349529904966,0,0.424014219844109,0.0103779826545225,-0.209211919575886,MV-202-15,sine_steer_python_15kmh,COMPLETED
1335,2026年09月25日_14时38分14秒_第001次,2026-09-25T14:38:14+08:00,2026-09-25T06:38:14Z,13.34,15.0893796363263,0.0131682681123346,1.64049279145294,54.5325845418237,4.24059838689539,55.576233006235,0,0.399419961028815,0.00978584921354341,-0.196660200851188,MV-202-15,sine_steer_python_15kmh,COMPLETED
1336,2026年09月25日_14时38分14秒_第001次,2026-09-25T14:38:14+08:00,2026-09-25T06:38:14Z,13.35,15.0894391569386,0.0138310289081833,1.56502699533314,54.5739140263372,4.24758011956154,55.6175135766406,0,0.374762629171452,0.00919217852641171,-0.184077223777096,MV-202-15,sine_steer_python_15kmh,COMPLETED
1337,2026年09月25日_14时38分14秒_第001次,2026-09-25T14:38:14+08:00,2026-09-25T06:38:14Z,13.36,15.0894971555649,0.0144915419697517,1.48930927066038,54.6152419342415,4.25457215214294,55.658794807386,0,0.350046117950556,0.00859706329088039,-0.171465016409045,MV-202-15,sine_steer_python_15kmh,COMPLETED
1338,2026年09月25日_14时38分14秒_第001次,2026-09-25T14:38:14+08:00,2026-09-25T06:38:14Z,13.37,15.0895535900204,0.0151497833221001,1.41335187633556,54.6565683523859,4.26157393099402,55.7000768038386,0,0.325274330389766,0.00800059634171192,-0.158825615070637,MV-202-15,sine_steer_python_15kmh,COMPLETED
1339,2026年09月25日_14时38分14秒_第001次,2026-09-25T14:38:14+08:00,2026-09-25T06:38:14Z,13.38,15.0896084211098,0.0158057189417245,1.33716712294525,54.6978933681557,4.26858490099914,55.7413596710205,0,0.300451178241514,0.007402870866411,-0.146161054255171,MV-202-15,sine_steer_python_15kmh,COMPLETED
1340,2026年09月25日_14时38分14秒_第001次,2026-09-25T14:38:14+08:00,2026-09-25T06:38:14Z,13.39,15.0896616126487,0.0164592958450344,1.26076734990947,54.7392170694466,4.27560450564971,55.7826435135745,0,0.275580581369274,0.00680398051921225,-0.133473360872561,MV-202-15,sine_steer_python_15kmh,COMPLETED
1341,2026年09月25日_14时38分14秒_第001次,2026-09-25T14:38:14+08:00,2026-09-25T06:38:14Z,13.4,15.0897131303335,0.017110439670056,1.1841649065906,54.7805395446379,4.2826321871169,55.8239284357292,0,0.250666467128608,0.00620401944326638,-0.12076455239095,MV-202-15,sine_steer_python_15kmh,COMPLETED
1342,2026年09月25日_14时38分14秒_第001次,2026-09-25T14:38:14+08:00,2026-09-25T06:38:14Z,13.41,15.0897629409711,0.0177590556652128,1.10737214703929,54.8218608825622,4.28966738632324,55.8652145412614,0,0.225712769746965,0.00560308224437546,-0.108036637017406,MV-202-15,sine_steer_python_15kmh,COMPLETED
1343,2026年09月25日_14时38分14秒_第001次,2026-09-25T14:38:14+08:00,2026-09-25T06:38:14Z,13.42,15.0898110124503,0.0184050309825696,1.03040142816312,54.8631811724733,4.29670954301519,55.9065019334572,0,0.200723429702433,0.00500126394593834,-0.095291614662139,MV-202-15,sine_steer_python_15kmh,COMPLETED
1344,2026年09月25日_14时38分14秒_第001次,2026-09-25T14:38:14+08:00,2026-09-25T06:38:14Z,13.43,15.0898573142782,0.0190482374843153,0.953265105281556,54.904500504015,4.30375809583774,55.9477907150728,0,0.175702393101487,0.00439865993626409,-0.0825314782203241,MV-202-15,sine_steer_python_15kmh,COMPLETED
1345,2026年09月25日_14时38分14秒_第001次,2026-09-25T14:38:14+08:00,2026-09-25T06:38:14Z,13.44,15.0899018173978,0.0196885346950992,0.875975538287359,54.9458189671898,4.31081248241122,55.9890809882969,0,0.150653611055868,0.00379536591344827,-0.0697582149631538,MV-202-15,sine_steer_python_15kmh,COMPLETED
1346,2026年09月25日_14时38分14秒_第001次,2026-09-25T14:38:14+08:00,2026-09-25T06:38:14Z,13.45,15.0899444938147,0.0203257726881023,0.798545097326584,54.9871366523256,4.31787213940997,56.0303728547109,0,0.125581039058624,0.00319147783082808,-0.0569738079031166,MV-202-15,sine_steer_python_15kmh,COMPLETED
1347,2026年09月25日_14时38分14秒_第001次,2026-09-25T14:38:14+08:00,2026-09-25T06:38:14Z,13.46,15.0899853166311,0.0209597948947752,0.720986159638857,55.028453650042,4.32493650264327,56.071666415248,0,0.100488636359538,0.00258709184317298,-0.0441802371235717,MV-202-15,sine_steer_python_15kmh,COMPLETED
1348,2026年09月25日_14时38分14秒_第001次,2026-09-25T14:38:14+08:00,2026-09-25T06:38:14Z,13.47,15.0900242601512,0.0215904408367362,0.64331110611065,55.0697700512158,4.33200500713801,56.112961770154,0,0.0753803653398692,0.00198230425364017,-0.0313794810750145,MV-202-15,sine_steer_python_15kmh,COMPLETED
1349,2026年09月25日_14时38分14秒_第001次,2026-09-25T14:38:14+08:00,2026-09-25T06:38:14Z,13.48,15.0900612999123,0.022217548721031,0.565532321607077,55.1110859469466,4.33907708722324,56.1542590189472,0,0.0502601908866766,0.0013772114623506,-0.0185735178029758,MV-202-15,sine_steer_python_15kmh,COMPLETED
1350,2026年09月25日_14时38分14秒_第001次,2026-09-25T14:38:14+08:00,2026-09-25T06:38:14Z,13.49,15.0900964126841,0.0228409578430273,0.487662196042689,55.1524014285219,4.34615217661651,56.1955582603799,0,0.0251320797667049,0.000771909917398219,-0.00576432607259137,MV-202-15,sine_steer_python_15kmh,COMPLETED
1351,2026年09月25日_14时38分14秒_第001次,2026-09-25T14:38:14+08:00,2026-09-25T06:38:14Z,13.5,15.0901295764333,0.0234605107778661,0.409713123061811,55.1937165873819,4.35322970851182,56.2368595923992,0,1.22464679914735e-15,0.000166496068591597,0.00704611362279449,MV-202-15,sine_steer_python_15kmh,COMPLETED
1352,2026年09月25日_14时38分14秒_第001次,2026-09-25T14:38:14+08:00,2026-09-25T06:38:14Z,13.51,15.0901607702839,0.0240760553614442,0.331697498307227,55.2350315150838,4.36030911566889,56.2781631121085,0,-0.0251320797667024,-0.000438933676060051,0.0198558181696536,MV-202-15,sine_steer_python_15kmh,COMPLETED
1353,2026年09月25日_14时38分14秒_第001次,2026-09-25T14:38:14+08:00,2026-09-25T06:38:14Z,13.52,15.090189974686,0.0246874464216402,0.253627720993041,55.2763463032654,4.36738983050383,56.3194689157294,0,-0.0502601908866742,-0.00104428299052597,0.0326628010832848,MV-202-15,sine_steer_python_15kmh,COMPLETED
1354,2026年09月25日_14时38分14秒_第001次,2026-09-25T14:38:14+08:00,2026-09-25T06:38:14Z,13.53,15.0902171715278,0.0252945472008556,0.175516193381733,55.3176610436099,4.37447128518113,56.3607770985645,0,-0.0753803653398703,-0.00164945566672468,0.0454650719340413,MV-202-15,sine_steer_python_15kmh,COMPLETED
1355,2026年09月25日_14时38分14秒_第001次,2026-09-25T14:38:14+08:00,2026-09-25T06:38:14Z,13.54,15.0902423439355,0.0258972304974105,0.0973753168455794,55.3589758278095,4.38155291170649,56.40208775496,0,-0.100488636359539,-0.00225435564664171,0.0582606359369936,MV-202-15,sine_steer_python_15kmh,COMPLETED
1356,2026年09月25日_14时38分14秒_第001次,2026-09-25T14:38:14+08:00,2026-09-25T06:38:14Z,13.55,15.0902654762521,0.0264953794892352,0.0192174915304764,55.4002907475291,4.38863414202028,56.4434009782686,0,-0.125581039058628,-0.00285888705003562,0.0710474937282412,MV-202-15,sine_steer_python_15kmh,COMPLETED
1357,2026年09月25日_14时38分14秒_第001次,2026-09-25T14:38:14+08:00,2026-09-25T06:38:14Z,13.56,15.0902865540937,0.0270888881852677,-0.0589448826096813,55.4416058943695,4.3957144080916,56.4847168608123,0,-0.150653611055865,-0.0034629541969114,0.083823641361796,MV-202-15,sine_steer_python_15kmh,COMPLETED
1358,2026年09月25日_14时38分14秒_第001次,2026-09-25T14:38:14+08:00,2026-09-25T06:38:14Z,13.57,15.0903055643895,0.0276776614877975,-0.137099406191548,55.4829213598305,4.40279314201262,56.5260354938452,0,-0.175702393101485,-0.004066461624477,0.0965870705391515,MV-202-15,sine_steer_python_15kmh,COMPLETED
1359,2026年09月25日_14时38分14秒_第001次,2026-09-25T14:38:14+08:00,2026-09-25T06:38:14Z,13.58,15.0903224952769,0.0282616148731057,-0.215233680168297,55.5242372352753,4.40986977609284,56.5673569675177,0,-0.20072342970243,-0.00466931409863806,0.109335769070058,MV-202-15,sine_steer_python_15kmh,COMPLETED
1360,2026年09月25日_14时38分14秒_第001次,2026-09-25T14:38:14+08:00,2026-09-25T06:38:14Z,13.59,15.0903373360199,0.0288406736872712,-0.293335306464151,55.5655536118924,4.41694374295299,56.6086813708392,0,-0.225712769746962,-0.00527141661993928,0.122067721567785,MV-202-15,sine_steer_python_15kmh,COMPLETED
1361,2026年09月25日_14时38分14秒_第001次,2026-09-25T14:38:14+08:00,2026-09-25T06:38:14Z,13.6,15.090350077447,0.0294147721269263,-0.371391894568978,55.6068705806602,4.42401447561835,56.6500087916427,0,-0.250666467128606,-0.00587267442490316,0.134780910333601,MV-202-15,sine_steer_python_15kmh,COMPLETED
1362,2026年09月25日_14时38分14秒_第001次,2026-09-25T14:38:14+08:00,2026-09-25T06:38:14Z,13.61,15.090360712086,0.0299838519877094,-0.449391060269861,55.6481882323116,4.43108140761135,56.6913393165513,0,-0.275580581369272,-0.00647299298390775,0.147473316387138,MV-202-15,sine_steer_python_15kmh,COMPLETED
1363,2026年09月25日_14时38分14秒_第001次,2026-09-25T14:38:14+08:00,2026-09-25T06:38:14Z,13.62,15.0903692337162,0.0305478610955818,-0.527320418350534,55.6895066572994,4.43814397304304,56.7326730309445,0,-0.300451178241515,-0.0070722779943625,0.160142920700423,MV-202-15,sine_steer_python_15kmh,COMPLETED
1364,2026年09月25日_14时38分14秒_第001次,2026-09-25T14:38:14+08:00,2026-09-25T06:38:14Z,13.63,15.0903756373401,0.0311067515512279,-0.605167585379537,55.7308259457598,4.44520160670336,56.7740100189248,0,-0.325274330389767,-0.00767043537100227,0.172787705549623,MV-202-15,sine_steer_python_15kmh,COMPLETED
1365,2026年09月25日_14时38分14秒_第001次,2026-09-25T14:38:14+08:00,2026-09-25T06:38:14Z,13.64,15.0903799192772,0.0316604779286446,-0.682920184265841,55.7721461874781,4.45225374415,56.8153503632851,0,-0.350046117950554,-0.00826737123529528,0.185405655901288,MV-202-15,sine_steer_python_15kmh,COMPLETED
1366,2026年09月25日_14时38分14秒_第001次,2026-09-25T14:38:14+08:00,2026-09-25T06:38:14Z,13.65,15.0903820771995,0.0322089954886698,-0.760565844633449,55.8134674718537,4.45929982179599,56.8566941454779,0,-0.374762629171449,-0.00886299190482161,0.197994760798211,MV-202-15,sine_steer_python_15kmh,COMPLETED
1367,2026年09月25日_14时38分14秒_第001次,2026-09-25T14:38:14+08:00,2026-09-25T06:38:14Z,13.66,15.0903821101186,0.0327522584452057,-0.838092201478235,55.8547898878665,4.46633927699587,56.8980414455853,0,-0.399419961028813,-0.00945720388316544,0.210553014722301,MV-202-15,sine_steer_python_15kmh,COMPLETED
1368,2026年09月25日_14时38分14秒_第001次,2026-09-25T14:38:14+08:00,2026-09-25T06:38:14Z,13.67,15.0903800183626,0.0332902183473002,-0.915486895493086,55.8961135240428,4.47337154813075,56.9393923422899,0,-0.424014219844106,-0.0100499138512251,0.223078418895555,MV-202-15,sine_steer_python_15kmh,COMPLETED
1369,2026年09月25日_14时38分14秒_第001次,2026-09-25T14:38:14+08:00,2026-09-25T06:38:14Z,13.68,15.0903758035542,0.0338228226456187,-0.992737574699469,55.9374384684225,4.48039607469219,56.9807469128467,0,-0.448541521898761,-0.0106410286609339,0.235568982476964,MV-202-15,sine_steer_python_15kmh,COMPLETED
1370,2026年09月25日_14时38分14秒_第001次,2026-09-25T14:38:14+08:00,2026-09-25T06:38:14Z,13.69,15.0903694685885,0.03435001348574,-1.06983189572118,55.9787648085257,4.48741229736515,57.0221052330559,0,-0.472997994047447,-0.0112304553320158,0.248022723628712,MV-202-15,sine_steer_python_15kmh,COMPLETED
1371,2026年09月25日_14时38分14秒_第001次,2026-09-25T14:38:14+08:00,2026-09-25T06:38:14Z,13.7,15.0903610176064,0.0348717267479266,-1.14675752452687,56.0200926313203,4.49441965811009,57.0634673772359,0,-0.497379774329712,-0.0118181010520847,0.260437670438695,MV-202-15,sine_steer_python_15kmh,COMPLETED
1372,2026年09月25日_14时38分14秒_第001次,2026-09-25T14:38:14+08:00,2026-09-25T06:38:14Z,13.71,15.0903504559631,0.0353878913483526,-1.22350213744853,56.0614220231897,4.5014176002445,57.104833418198,0,-0.521683012579795,-0.0124038731803239,0.272811861689044,MV-202-15,sine_steer_python_15kmh,COMPLETED
1373,2026年09月25日_14时38分14秒_第001次,2026-09-25T14:38:14+08:00,2026-09-25T06:38:14Z,13.72,15.0903377901847,0.0358984288213824,-1.30005342284156,56.1027530699006,4.508405568524,57.1462034272205,0,-0.54590387103465,-0.0129876792550588,0.285143347457635,MV-202-15,sine_steer_python_15kmh,COMPLETED
1374,2026年09月25日_14时38分14秒_第001次,2026-09-25T14:38:14+08:00,2026-09-25T06:38:14Z,13.73,15.0903230279173,0.0364032532088866,-1.37639908320726,56.1440858565707,4.5153830092232,57.1875774740241,0,-0.570038524939951,-0.0135694270056223,0.297430189535395,MV-202-15,sine_steer_python_15kmh,COMPLETED
1375,2026年09月25日_14时38分14秒_第001次,2026-09-25T14:38:14+08:00,2026-09-25T06:38:14Z,13.74,15.0903061778652,0.0369022712952559,-1.45252683774029,56.1854204676377,4.52234937021654,57.2289556267477,0,-0.594083163154067,-0.0141490243691008,0.309670461634547,MV-202-15,sine_steer_python_15kmh,COMPLETED
1376,2026年09月25日_14时38分14秒_第001次,2026-09-25T14:38:14+08:00,2026-09-25T06:38:14Z,13.75,15.0902872497218,0.0373953832497461,-1.528424425614,56.2267569868271,4.52930410105931,57.2703379519247,0,-0.61803398874989,-0.0147263795128808,0.321862249348719,MV-202-15,sine_steer_python_15kmh,COMPLETED
1377,2026年09月25日_14时38分14秒_第001次,2026-09-25T14:38:14+08:00,2026-09-25T06:38:14Z,13.76,15.0902662540987,0.0378824837678995,-1.60407961042292,56.2680954971205,4.53624665306917,57.3117245144596,0,-0.64188721961442,-0.015301400864352,0.334003649807259,MV-202-15,sine_steer_python_15kmh,COMPLETED
1378,2026年09月25日_14时38分14秒_第001次,2026-09-25T14:38:14+08:00,2026-09-25T06:38:14Z,13.77,15.0902432024629,0.0383634638307819,-1.67948018615217,56.3094360807248,4.54317647940843,57.3531153776059,0,-0.665639089045972,-0.015873997149523,0.346092770949084,MV-202-15,sine_steer_python_15kmh,COMPLETED
1379,2026年09月25日_14时38分14秒_第001次,2026-09-25T14:38:14+08:00,2026-09-25T06:38:14Z,13.78,15.0902181070848,0.0388382132089181,-1.75461398483697,56.3507788190399,4.55009303516767,57.3945106029442,0,-0.689285846349039,-0.0164440774424339,0.358127730336107,MV-202-15,sine_steer_python_15kmh,COMPLETED
1380,2026年09月25日_14时38分14秒_第001次,2026-09-25T14:38:14+08:00,2026-09-25T06:38:14Z,13.79,15.0901909806248,0.0393066237845871,-1.82946888135599,56.3921237926276,4.55699577745088,57.4359102503608,0,-0.712823757426504,-0.0170115512265027,0.370106653467972,MV-202-15,sine_steer_python_15kmh,COMPLETED
1381,2026年09月25日_14时38分14秒_第001次,2026-09-25T14:38:14+08:00,2026-09-25T06:38:14Z,13.8,15.0901618369084,0.0397685936945635,-1.90403281782359,56.4334710811788,4.56388416546291,57.4773143780269,0,-0.736249105369357,-0.0175763284679325,0.38202767155106,MV-202-15,sine_steer_python_15kmh,COMPLETED
1382,2026年09月25日_14时38分14秒_第001次,2026-09-25T14:38:14+08:00,2026-09-25T06:38:14Z,13.81,15.0901306914545,0.0402240322453669,-1.97829381859371,56.474820763485,4.57075766059979,57.5187230423816,0,-0.759558191043602,-0.0181383197005874,0.393888918781075,MV-202-15,sine_steer_python_15kmh,COMPLETED
1383,2026年09月25日_14时38分14秒_第001次,2026-09-25T14:38:14+08:00,2026-09-25T06:38:14Z,13.82,15.09009756117,0.0406728648053501,-2.05223999356605,56.5161729174088,4.57761572654175,57.560136298117,0,-0.782747333674403,-0.018697436111051,0.405688529636074,MV-202-15,sine_steer_python_15kmh,COMPLETED
1384,2026年09月25日_14时38分14秒_第001次,2026-09-25T14:38:14+08:00,2026-09-25T06:38:14Z,13.83,15.0900624646418,0.0411150369372288,-2.12585955305134,56.5575276198544,4.58445782934883,57.6015541981622,0,-0.805812871427322,-0.0192535896133367,0.417424636586299,MV-202-15,sine_steer_python_15kmh,COMPLETED
1385,2026年09月25日_14时38分14秒_第001次,2026-09-25T14:38:14+08:00,2026-09-25T06:38:14Z,13.84,15.0900254226031,0.0415505169075449,-2.19914082266686,56.5988849467404,4.59128343755807,57.6429767936702,0,-0.828751161986564,-0.0198066929008123,0.429095368756729,MV-202-15,sine_steer_python_15kmh,COMPLETED
1386,2026年09月25日_14时38分14秒_第001次,2026-09-25T14:38:14+08:00,2026-09-25T06:38:14Z,13.85,15.0899864582122,0.0419792957933644,-2.27207224632195,56.6402449729727,4.59809202228082,57.6844041340078,0,-0.851558583130146,-0.0203566594639986,0.44069885203307,MV-202-15,sine_steer_python_15kmh,COMPLETED
1387,2026年09月25日_14时38分14秒_第001次,2026-09-25T14:38:14+08:00,2026-09-25T06:38:14Z,13.86,15.0899455970367,0.0424013848614843,-2.34464237828076,56.68160777242,4.60488305729844,57.7258362667461,0,-0.874231533301865,-0.0209034035693128,0.452233210824325,MV-202-15,sine_steer_python_15kmh,COMPLETED
1388,2026年09月25日_14时38分14秒_第001次,2026-09-25T14:38:14+08:00,2026-09-25T06:38:14Z,13.87,15.0899028667955,0.0428168105976523,-2.41683987095507,56.7229734178892,4.61165601915474,57.7672732376512,0,-0.896766432180062,-0.0214468402038328,0.463696571267314,MV-202-15,sine_steer_python_15kmh,COMPLETED
1389,2026年09月25日_14时38分14秒_第001次,2026-09-25T14:38:14+08:00,2026-09-25T06:38:14Z,13.88,15.0898582969745,0.0432256083363875,-2.48865346196075,56.7643419811014,4.61841038724386,57.8087150906762,0,-0.919159721242979,-0.0219868849993867,0.475087065306957,MV-202-15,sine_steer_python_15kmh,COMPLETED
1390,2026年09月25日_14时38分14秒_第001次,2026-09-25T14:38:14+08:00,2026-09-25T06:38:14Z,13.89,15.0898119184438,0.0436278155898448,-2.56007196103805,56.8057135326678,4.62514564389309,57.850161867952,0,-0.941407864330667,-0.0225234541515065,0.486402834990867,MV-202-15,sine_steer_python_15kmh,COMPLETED
1391,2026年09月25日_14时38分14秒_第001次,2026-09-25T14:38:14+08:00,2026-09-25T06:38:14Z,13.9,15.0897637631595,0.044023465959926,-2.63108423787185,56.8470881420662,4.63186127444096,57.8916136097787,0,-0.963507348203431,-0.0230564643458499,0.4976420364417,MV-202-15,sine_steer_python_15kmh,COMPLETED
1392,2026年09月25日_14时38分14秒_第001次,2026-09-25T14:38:14+08:00,2026-09-25T06:38:14Z,13.91,15.0897138639688,0.0444125841592113,-2.70167921252472,56.8884658776186,4.63855676731109,57.9330703546169,0,-0.985454683096582,-0.0235858326996665,0.508802843184934,MV-202-15,sine_steer_python_15kmh,COMPLETED
1393,2026年09月25日_14时38分14秒_第001次,2026-09-25T14:38:14+08:00,2026-09-25T06:38:14Z,13.92,15.0896622545048,0.0447951823355507,-2.77184584926672,56.9298468064681,4.64523161408292,57.9745321390805,0,-1.00724640327152,-0.0241114767212265,0.51988344870864,MV-202-15,sine_steer_python_15kmh,COMPLETED
1394,2026年09月25日_14时38分14秒_第001次,2026-09-25T14:38:14+08:00,2026-09-25T06:38:14Z,13.93,15.0896089691414,0.0451712576684026,-2.84157315333454,56.9712309945581,4.65188530956012,58.0159989979296,0,-1.02887906756301,-0.0246333142869056,0.530882068268487,MV-202-15,sine_steer_python_15kmh,COMPLETED
1395,2026年09月25日_14时38分14秒_第001次,2026-09-25T14:38:14+08:00,2026-09-25T06:38:14Z,13.94,15.0895540429872,0.0455407910883132,-2.91085016985203,57.0126185066115,4.6585173518375,58.0574709640653,0,-1.05034925992259,-0.0251512636339513,0.541796940022128,MV-202-15,sine_steer_python_15kmh,COMPLETED
1396,2026年09月25日_14时38分14秒_第001次,2026-09-25T14:38:14+08:00,2026-09-25T06:38:14Z,13.95,15.0894975118966,0.0459037469364822,-2.97966598447589,57.0540094061107,4.66512724236718,58.098948068525,0,-1.07165358995799,-0.0256652433664415,0.552626325598566,MV-202-15,sine_steer_python_15kmh,COMPLETED
1397,2026年09月25日_14时38分14秒_第001次,2026-09-25T14:38:14+08:00,2026-09-25T06:38:14Z,13.96,15.089439412199,0.0462600733731256,-3.04800972195365,57.0954037552787,4.67171448602448,58.1404303404799,0,-1.09278869346854,-0.0261751724718147,0.563368510226137,MV-202-15,sine_steer_python_15kmh,COMPLETED
1398,2026年09月25日_14时38分14秒_第001次,2026-09-25T14:38:14+08:00,2026-09-25T06:38:14Z,13.97,15.0893797809699,0.046609703403881,-3.11587055422519,57.1368016150591,4.67827859117408,58.1819178072316,0,-1.11375123297638,-0.0266809703461841,0.574021802460562,MV-202-15,sine_steer_python_15kmh,COMPLETED
1399,2026年09月25日_14时38分14秒_第001次,2026-09-25T14:38:14+08:00,2026-09-25T06:38:14Z,13.98,15.0893186567822,0.0469525564530531,-3.18323770682637,57.1782030451001,4.68481906973687,58.2234104942126,0,-1.13453789825351,-0.027182556827491,0.584584533552589,MV-202-15,sine_steer_python_15kmh,COMPLETED
1400,2026年09月25日_14时38分14秒_第001次,2026-09-25T14:38:14+08:00,2026-09-25T06:38:14Z,13.99,15.0892560769528,0.0472885405387215,-3.25010048676231,57.2196081037368,4.69133543725754,58.2649084249876,0,-1.15514540684454,-0.0276798522373472,0.595055056594317,MV-202-15,sine_steer_python_15kmh,COMPLETED
1401,2026年09月25日_14时38分14秒_第001次,2026-09-25T14:38:14+08:00,2026-09-25T06:38:14Z,14,15.0891920784673,0.0476175548427182,-3.31644826470575,57.2610168479652,4.69782721297118,58.3064116212455,0,-1.17557050458495,-0.0281727774286757,0.605431745259773,MV-202-15,sine_steer_python_15kmh,COMPLETED
1402,2026年09月25日_14时38分14秒_第001次,2026-09-25T14:38:14+08:00,2026-09-25T06:38:14Z,14.01,15.08912670382,0.0479394913801848,-3.38227042065627,57.3024293334338,4.7042939198749,58.3479201028091,0,-1.19580996611504,-0.0286612538206764,0.615712992843838,MV-202-15,sine_steer_python_15kmh,COMPLETED
1403,2026年09月25日_14时38分14秒_第001次,2026-09-25T14:38:14+08:00,2026-09-25T06:38:14Z,14.02,15.0890599979771,0.0482542372902523,-3.44755638435899,57.343845614438,4.71073508480187,58.3894338876467,0,-1.21586059538921,-0.029145203442762,0.625897211304202,MV-202-15,sine_steer_python_15kmh,COMPLETED
1404,2026年09月25日_14时38分14秒_第001次,2026-09-25T14:38:14+08:00,2026-09-25T06:38:14Z,14.03,15.0889920038765,0.0485616778561205,-3.51229569206033,57.3852657439015,4.71715023849336,58.4309529918729,0,-1.23571922618067,-0.0296245489890821,0.635982829932673,MV-202-15,sine_steer_python_15kmh,COMPLETED
1405,2026年09月25日_14时38分14秒_第001次,2026-09-25T14:38:14+08:00,2026-09-25T06:38:14Z,14.04,15.0889227634268,0.0488616993724046,-3.57647798122561,57.4266897733537,4.72353891567089,58.4724774297452,0,-1.2553827225814,-0.0300992138711086,0.645968293855658,MV-202-15,sine_steer_python_15kmh,COMPLETED
1406,2026年09月25日_14时38分14秒_第001次,2026-09-25T14:38:14+08:00,2026-09-25T06:38:14Z,14.05,15.088852319765,0.0491541915557684,-3.64009297028942,57.4681177529133,4.72990065511113,58.5140072136671,0,-1.27484797949738,-0.0305691222639199,0.655852062727625,MV-202-15,sine_steer_python_15kmh,COMPLETED
1407,2026年09月25日_14时38分14秒_第001次,2026-09-25T14:38:14+08:00,2026-09-25T06:38:14Z,14.06,15.0887807177985,0.049439049641651,-3.70313045792981,57.5095497312766,4.73623499972292,58.5555423541957,0,-1.29411192313889,-0.0310341991481649,0.665632609675412,MV-202-15,sine_steer_python_15kmh,COMPLETED
1408,2026年09月25日_14时38分14秒_第001次,2026-09-25T14:38:14+08:00,2026-09-25T06:38:14Z,14.07,15.0887080034789,0.0497161762994744,-3.76558033579048,57.5509857557056,4.74254149662508,58.5970828600489,0,-1.31317151150591,-0.0314943703495642,0.675308420401514,MV-202-15,sine_steer_python_15kmh,COMPLETED
1409,2026年09月25日_14时38分14秒_第001次,2026-09-25T14:38:14+08:00,2026-09-25T06:38:14Z,14.08,15.0886342232108,0.0499854832928933,-3.82743259840903,57.5924258720149,4.74881969722434,58.638628738113,0,-1.3320237348685,-0.0319495625748739,0.684877992425857,MV-202-15,sine_steer_python_15kmh,COMPLETED
1410,2026年09月25日_14时38分14秒_第001次,2026-09-25T14:38:14+08:00,2026-09-25T06:38:14Z,14.09,15.0885594238493,0.0502468927496217,-3.88867734679328,57.6338701245586,4.75506915729353,58.6801799934493,0,-1.35066561624205,-0.0323997034423438,0.694339834525004,MV-202-15,sine_steer_python_15kmh,COMPLETED
1411,2026年09月25日_14时38分14秒_第001次,2026-09-25T14:38:14+08:00,2026-09-25T06:38:14Z,14.1,15.0884836529072,0.0505003379888849,-3.94930479046084,57.675318556218,4.76128943704993,58.7217366293033,0,-1.36909421185738,-0.0328447215058795,0.70369246641895,MV-202-15,sine_steer_python_15kmh,COMPLETED
1412,2026年09月25日_14时38分14秒_第001次,2026-09-25T14:38:14+08:00,2026-09-25T06:38:14Z,14.11,15.0884069586134,0.0507457639323005,-4.00930525076988,57.7167712083913,4.76748010123333,58.7632986471147,0,-1.38730661162561,-0.0332845462732222,0.712934418710377,MV-202-15,sine_steer_python_15kmh,COMPLETED
1413,2026年09月25日_14时38分14秒_第001次,2026-09-25T14:38:14+08:00,2026-09-25T06:38:14Z,14.12,15.0883293896193,0.050983127119171,-4.06866916228614,57.7582281209828,4.77364071918352,58.8048660465286,0,-1.4052999395977,-0.0337191082183973,0.722064233077361,MV-202-15,sine_steer_python_15kmh,COMPLETED
1414,2026年09月25日_14时38分14秒_第001次,2026-09-25T14:38:14+08:00,2026-09-25T06:38:14Z,14.13,15.0882509947498,0.0512123953550134,-4.12738707582572,57.7996893323936,4.77977086491677,58.8464388254072,0,-1.42307135441857,-0.0341483387887931,0.731080462684113,MV-202-15,sine_steer_python_15kmh,COMPLETED
1415,2026年09月25日_14时38分14秒_第001次,2026-09-25T14:38:14+08:00,2026-09-25T06:38:14Z,14.14,15.0881718238318,0.0514335471377808,-4.18544967301226,57.8411548795122,4.78587011720103,58.888016979842,0,-1.44061804977581,-0.0345721704088922,0.7399816726663,MV-202-15,sine_steer_python_15kmh,COMPLETED
1416,2026年09月25日_14时38分14秒_第001次,2026-09-25T14:38:14+08:00,2026-09-25T06:38:14Z,14.15,15.0880919271721,0.0516465708248124,-4.24284775668259,57.8826247977083,4.79193805962999,58.9296005041706,0,-1.45793725484282,-0.0349905364800961,0.748766440846016,MV-202-15,sine_steer_python_15kmh,COMPLETED
1417,2026年09月25日_14时38分14秒_第001次,2026-09-25T14:38:14+08:00,2026-09-25T06:38:14Z,14.16,15.0880113550963,0.0518514634539892,-4.29957224655313,57.9240991208255,4.79797428069535,58.9711893909899,0,-1.47502623471635,-0.0354033713753774,0.757433358656053,MV-202-15,sine_steer_python_15kmh,COMPLETED
1418,2026年09月25日_14时38分14秒_第001次,2026-09-25T14:38:14+08:00,2026-09-25T06:38:14Z,14.17,15.0879301587976,0.0520482295272734,-4.35561419578458,57.9655778811751,4.80397837385751,59.0127836311724,0,-1.49188229084836,-0.035810610433119,0.7659810320163,MV-202-15,sine_steer_python_15kmh,COMPLETED
1419,2026年09月25日_14时38分14秒_第001次,2026-09-25T14:38:14+08:00,2026-09-25T06:38:14Z,14.18,15.0878483900146,0.0522368797456159,-4.41096478591585,58.0070611095321,4.80994993761457,59.0543832138841,0,-1.50850276147221,-0.0362121899499804,0.774408082307767,MV-202-15,sine_steer_python_15kmh,COMPLETED
1420,2026年09月25日_14时38分14秒_第001次,2026-09-25T14:38:14+08:00,2026-09-25T06:38:14Z,14.19,15.0877661005245,0.0524174295895593,-4.46561532258425,58.0485488351317,4.81588857556927,59.0959881266019,0,-1.52488502202289,-0.0366080471712706,0.782713147455432,MV-202-15,sine_steer_python_15kmh,COMPLETED
1421,2026年09月25日_14时38分14秒_第001次,2026-09-25T14:38:14+08:00,2026-09-25T06:38:14Z,14.2,15.0876833421303,0.0525898979003864,-4.51955723669525,58.0900410856644,4.82179389649421,59.1375983551313,0,-1.54102648555158,-0.0369981202810221,0.790894882987561,MV-202-15,sine_steer_python_15kmh,COMPLETED
1422,2026年09月25日_14时38分14秒_第001次,2026-09-25T14:38:14+08:00,2026-09-25T06:38:14Z,14.21,15.0876001671439,0.0527543055211533,-4.57278208306798,58.131537887274,4.82766551439522,59.1792138836247,0,-1.55692460313405,-0.0373823483926132,0.79895196303304,MV-202-15,sine_steer_python_15kmh,COMPLETED
1423,2026年09月25日_14时38分14秒_第001次,2026-09-25T14:38:14+08:00,2026-09-25T06:38:14Z,14.22,15.0875166283409,0.0529106739715728,-4.62528154418912,58.1730392645572,4.83350304857328,59.2208346946031,0,-1.57257686427324,-0.037760671539572,0.806883081332322,MV-202-15,sine_steer_python_15kmh,COMPLETED
1424,2026年09月25日_14时38分14秒_第001次,2026-09-25T14:38:14+08:00,2026-09-25T06:38:14Z,14.23,15.0874327786139,0.0530590242455583,-4.67704743339226,58.2145452405633,4.83930612368438,59.262460768977,0,-1.58798079729567,-0.0381330306678341,0.814686952196437,MV-202-15,sine_steer_python_15kmh,COMPLETED
1425,2026年09月25日_14时38分14秒_第001次,2026-09-25T14:38:14+08:00,2026-09-25T06:38:14Z,14.24,15.087348670943,0.0531993757341809,-4.72807169172423,58.2560558367945,4.84507436979766,59.3040920860682,0,-1.60313396974175,-0.0384993676295053,0.8223623113746,MV-202-15,sine_steer_python_15kmh,COMPLETED
1426,2026年09月25日_14时38分14秒_第001次,2026-09-25T14:38:14+08:00,2026-09-25T06:38:14Z,14.25,15.0872643584297,0.0533317452598718,-4.77834638535271,58.2975710732074,4.85080742245211,59.3457286236331,0,-1.6180339887499,-0.0388596251779425,0.829907916852965,MV-202-15,sine_steer_python_15kmh,COMPLETED
1427,2026年09月25日_14时38分14秒_第001次,2026-09-25T14:38:14+08:00,2026-09-25T06:38:14Z,14.26,15.0871798942738,0.0534561462585592,-4.82786370623541,58.339090968215,4.85650492271182,59.3873703578857,0,-1.63267850143437,-0.0392137469646858,0.837322549568951,MV-202-15,sine_steer_python_15kmh,COMPLETED
1428,2026年09月25日_14时38分14秒_第001次,2026-09-25T14:38:14+08:00,2026-09-25T06:38:14Z,14.27,15.0870953317302,0.0535725881453554,-4.87661597330314,58.38061553869,4.86216651721978,59.4290172635224,0,-1.64706519525685,-0.0395616775387711,0.844605014016776,MV-202-15,sine_steer_python_15kmh,COMPLETED
1429,2026年09月25日_14时38分14秒_第001次,2026-09-25T14:38:14+08:00,2026-09-25T06:38:14Z,14.28,15.0870107240789,0.0536810758684129,-4.92459563213163,58.4221447999685,4.86779185825051,59.4706693137473,0,-1.66119179839163,-0.0399033623485053,0.851754138738356,MV-202-15,sine_steer_python_15kmh,COMPLETED
1430,2026年09月25日_14时38分14秒_第001次,2026-09-25T14:38:14+08:00,2026-09-25T06:38:14Z,14.29,15.0869261245982,0.0537816096446978,-4.97179525397186,58.4636787658552,4.87338060376146,59.512326480298,0,-1.67505608008429,-0.0402387477456379,0.858768776702981,MV-202-15,sine_steer_python_15kmh,COMPLETED
1431,2026年09月25日_14时38分14秒_第001次,2026-09-25T14:38:14+08:00,2026-09-25T06:38:14Z,14.3,15.0868415865319,0.0538741848782176,-5.01820753539634,58.505217448628,4.87893241744348,59.553988733472,0,-1.68865585100403,-0.0405677809919575,0.865647805575059,MV-202-15,sine_steer_python_15kmh,COMPLETED
1432,2026年09月25日_14时38分14秒_第001次,2026-09-25T14:38:14+08:00,2026-09-25T06:38:14Z,14.31,15.0867571629824,0.0539587922603588,-5.06382529940519,58.5467608590448,4.88444696877045,59.5956560421537,0,-1.70198896358938,-0.0408904102683266,0.872390127873719,MV-202-15,sine_steer_python_15kmh,COMPLETED
1433,2026年09月25日_14时38分14秒_第001次,2026-09-25T14:38:14+08:00,2026-09-25T06:38:14Z,14.32,15.0866729065864,0.0540354180469225,-5.10864149870544,58.5883090063493,4.88992393304799,59.6373283738412,0,-1.7150533123873,-0.0412065846860982,0.878994671036284,MV-202-15,sine_steer_python_15kmh,COMPLETED
1434,2026年09月25日_14时38分14秒_第001次,2026-09-25T14:38:14+08:00,2026-09-25T06:38:14Z,14.33,15.086588870295,0.0541040445372842,-5.15264920445003,58.6298618982781,4.89536299146161,59.6790056946739,0,-1.72784683438567,-0.0415162543012983,0.885460387281981,MV-202-15,sine_steer_python_15kmh,COMPLETED
1435,2026年09月25日_14时38分14秒_第001次,2026-09-25T14:38:14+08:00,2026-09-25T06:38:14Z,14.34,15.0865051072576,0.05416465056309,-5.19584161075021,58.6714195410706,4.90076383112489,59.7206879694621,0,-1.74036750933905,-0.0418193701288427,0.891786253521856,MV-202-15,sine_steer_python_15kmh,COMPLETED
1436,2026年09月25日_14时38分14秒_第001次,2026-09-25T14:38:14+08:00,2026-09-25T06:38:14Z,14.35,15.0864216702863,0.0542172121486428,-5.23821204373442,58.7129819394776,4.90612614512681,59.7623751617162,0,-1.75261336008773,-0.0421158841591062,0.897971271187634,MV-202-15,sine_steer_python_15kmh,COMPLETED
1437,2026年09月25日_14时38分14秒_第001次,2026-09-25T14:38:14+08:00,2026-09-25T06:38:14Z,14.36,15.0863386112348,0.0542617032183803,-5.27975395166325,58.7545490967696,4.91144963257837,59.8040672336745,0,-1.76458245286991,-0.0424057493750825,0.90401446603265,MV-202-15,sine_steer_python_15kmh,COMPLETED
1438,2026年09月25日_14时38分14秒_第001次,2026-09-25T14:38:14+08:00,2026-09-25T06:38:14Z,14.37,15.0862559818088,0.0542980964180219,-5.32046091424615,58.7961210147454,4.91673399865918,59.8457641463318,0,-1.77627289762709,-0.0426889197710904,0.909914887760369,MV-202-15,sine_steer_python_15kmh,COMPLETED
1439,2026年09月25日_14时38分14秒_第001次,2026-09-25T14:38:14+08:00,2026-09-25T06:38:14Z,14.38,15.0861738343577,0.0543263640604844,-5.36032665032069,58.8376976937444,4.92197895466389,59.8874658594712,0,-1.78768284830253,-0.0429653503731987,0.915671609568723,MV-202-15,sine_steer_python_15kmh,COMPLETED
1440,2026年09月25日_14时38分14秒_第001次,2026-09-25T14:38:14+08:00,2026-09-25T06:38:14Z,14.39,15.0860922207522,0.0543464789175464,-5.39934500880264,58.8792791326593,4.92718421804818,59.9291723316961,0,-1.79881050313274,-0.0432349972573914,0.921283727910294,MV-202-15,sine_steer_python_15kmh,COMPLETED
1441,2026年09月25日_14时38分14秒_第001次,2026-09-25T14:38:14+08:00,2026-09-25T06:38:14Z,14.4,15.0860111916455,0.0543584148894882,-5.43750996747583,58.9208653289458,4.9323495124742,59.9708835204599,0,-1.80965410493204,-0.0434978175659195,0.926750362294845,MV-202-15,sine_steer_python_15kmh,COMPLETED
1442,2026年09月25日_14时38分14秒_第001次,2026-09-25T14:38:14+08:00,2026-09-25T06:38:14Z,14.41,15.0859307984001,0.0543621476780194,-5.47481561629293,58.9624562786351,4.93747456785585,60.0125993820963,0,-1.82021194136999,-0.04375376952361,0.93207065489728,MV-202-15,sine_steer_python_15kmh,COMPLETED
1443,2026年09月25日_14时38分14秒_第001次,2026-09-25T14:38:14+08:00,2026-09-25T06:38:14Z,14.42,15.0858510921809,0.0543576552184495,-5.5112561825512,59.0040519763493,4.94255912040423,60.054319871854,0,-1.83048234524183,-0.0440028124506467,0.937243770499689,MV-202-15,sine_steer_python_15kmh,COMPLETED
1444,2026年09月25日_14时38分14秒_第001次,2026-09-25T14:38:14+08:00,2026-09-25T06:38:14Z,14.43,15.0857721233423,0.0543449182179866,-5.54682604126499,59.0456524153142,4.94760291267141,60.0960449439283,0,-1.84046369473174,-0.0442449067767506,0.942268896344564,MV-202-15,sine_steer_python_15kmh,COMPLETED
1445,2026年09月25日_14时38分14秒_第001次,2026-09-25T14:38:14+08:00,2026-09-25T06:38:14Z,14.44,15.0856939416759,0.0543239206035928,-5.58151970377155,59.0872575873731,4.95260569359347,60.1377745514933,0,-1.85015441366892,-0.0444800140539614,0.947145241976223,MV-202-15,sine_steer_python_15kmh,COMPLETED
1446,2026年09月25日_14时38分14秒_第001次,2026-09-25T14:38:14+08:00,2026-09-25T06:38:14Z,14.45,15.0856165965153,0.0542946497486377,-5.61533181151597,59.1288674830013,4.95756721853322,60.1795086467344,0,-1.8595529717765,-0.044708096966139,0.951872039219671,MV-202-15,sine_steer_python_15kmh,COMPLETED
1447,2026年09月25日_14时38分14秒_第001次,2026-09-25T14:38:14+08:00,2026-09-25T06:38:14Z,14.46,15.0855401366181,0.0542570965743298,-5.64825714148157,59.1704820913218,4.96248724932219,60.2212471808815,0,-1.86865788491322,-0.0449291193365314,0.956448542245956,MV-202-15,sine_steer_python_15kmh,COMPLETED
1448,2026年09月25日_14时38分14秒_第001次,2026-09-25T14:38:14+08:00,2026-09-25T06:38:14Z,14.47,15.0854646101183,0.0542112556080734,-5.68029061180263,59.2121014001205,4.96736555430138,60.262990104242,0,-1.87746771530775,-0.0451430461345657,0.960874027654414,MV-202-15,sine_steer_python_15kmh,COMPLETED
1449,2026年09月25日_14时38分14秒_第001次,2026-09-25T14:38:14+08:00,2026-09-25T06:38:14Z,14.48,15.0853900645672,0.0541571249759335,-5.71142728182922,59.2537253958631,4.97220190836103,60.3047373662345,0,-1.88598107178573,-0.0453498434815311,0.96514779458414,MV-202-15,sine_steer_python_15kmh,COMPLETED
1450,2026年09月25日_14时38分14秒_第001次,2026-09-25T14:38:14+08:00,2026-09-25T06:38:14Z,14.49,15.0853165469326,0.0540947062965617,-5.74166235065759,59.295354063712,4.97699609297939,60.3464889154228,0,-1.89419660998949,-0.045549478654679,0.96926916488415,MV-202-15,sine_steer_python_15kmh,COMPLETED
1451,2026年09月25日_14时38分14秒_第001次,2026-09-25T14:38:14+08:00,2026-09-25T06:38:14Z,14.5,15.0852441035379,0.0540240044931767,-5.77099115783069,59.336987387544,4.98174789626033,60.3882446995502,0,-1.90211303259031,-0.0457419200899638,0.973237483334031,MV-202-15,sine_steer_python_15kmh,COMPLETED
1452,2026年09月25日_14时38分14秒_第001次,2026-09-25T14:38:14+08:00,2026-09-25T06:38:14Z,14.51,15.0851727795724,0.0539450275517244,-5.79940918993218,59.3786253499683,4.98645711296968,60.4300046655733,0,-1.90972908949329,-0.045927137383817,0.977052117925859,MV-202-15,sine_steer_python_15kmh,COMPLETED
1453,2026年09月25日_14时38分14秒_第001次,2026-09-25T14:38:14+08:00,2026-09-25T06:38:14Z,14.52,15.0851026195173,0.0538577862852282,-5.82691207487717,59.4202679323439,4.99112354457025,60.4717687596958,0,-1.91704357803475,-0.0461051012948046,0.980712460072585,MV-202-15,sine_steer_python_15kmh,COMPLETED
1454,2026年09月25日_14时38分14秒_第001次,2026-09-25T14:38:14+08:00,2026-09-25T06:38:14Z,14.53,15.0850336679209,0.0537622940085755,-5.85349557433825,59.4619151148008,4.9957469992561,60.5135369274051,0,-1.92405534317217,-0.0462757837437997,0.984217924840975,MV-202-15,sine_steer_python_15kmh,COMPLETED
1455,2026年09月25日_14时38分14秒_第001次,2026-09-25T14:38:14+08:00,2026-09-25T06:38:14Z,14.54,15.0849659685045,0.0536585661153347,-5.87915559912961,59.5035668762608,5.00032729198544,60.5553091135078,0,-1.93076327766655,-0.046439157812538,0.987567951364611,MV-202-15,sine_steer_python_15kmh,COMPLETED
1456,2026年09月25日_14时38分14秒_第001次,2026-09-25T14:38:14+08:00,2026-09-25T06:38:14Z,14.55,15.0848995639521,0.0535466197632798,-5.90388821149663,59.5452231944573,5.00486424451171,60.5970852621655,0,-1.93716632225726,-0.0465951977434997,0.990762003139462,MV-202-15,sine_steer_python_15kmh,COMPLETED
1457,2026年09月25日_14时38分14秒_第001次,2026-09-25T14:38:14+08:00,2026-09-25T06:38:14Z,14.56,15.0848344960986,0.0534264735481459,-5.92768961853684,59.5868840459561,5.00935768541338,60.6388653169292,0,-1.94326346582935,-0.0467438789394058,0.993799568294329,MV-202-15,sine_steer_python_15kmh,COMPLETED
1458,2026年09月25日_14时38分14秒_第001次,2026-09-25T14:38:14+08:00,2026-09-25T06:38:14Z,14.57,15.0847708059586,0.0532981471295404,-5.95055617049316,59.6285494061766,5.01380745012272,60.6806492207754,0,-1.94905374557315,-0.0468851779618134,0.996680159899496,MV-202-15,sine_steer_python_15kmh,COMPLETED
1459,2026年09月25日_14时38分14秒_第001次,2026-09-25T14:38:14+08:00,2026-09-25T06:38:14Z,14.58,15.0847085336443,0.0531616608772938,-5.97248436415648,59.6702192494138,5.01821338095312,60.7224369161413,0,-1.95453624713639,-0.0470190725297783,0.999403316268949,MV-202-15,sine_steer_python_15kmh,COMPLETED
1460,2026年09月25日_14时38分14秒_第001次,2026-09-25T14:38:14+08:00,2026-09-25T06:38:14Z,14.59,15.0846477183391,0.0530170355762876,-5.9934708450137,59.7118935488607,5.02257532712505,60.7642283449609,0,-1.95971010476849,-0.0471455415191304,1.0019686012207,MV-202-15,sine_steer_python_15kmh,COMPLETED
1461,2026年09月25日_14时38分14秒_第001次,2026-09-25T14:38:14+08:00,2026-09-25T06:38:14Z,14.6,15.0845883983109,0.0528642921763941,-6.01351240665023,59.7535722766311,5.02689314479064,60.8060234486999,0,-1.96457450145738,-0.0472645649621793,1.00437560430406,MV-202-15,sine_steer_python_15kmh,COMPLETED
1462,2026年09月25日_14时38分14秒_第001次,2026-09-25T14:38:14+08:00,2026-09-25T06:38:14Z,14.61,15.0845306108959,0.0527034515790074,-6.0326059900331,59.7952554037825,5.03116669705709,60.8478221683924,0,-1.96912866905841,-0.0473761240477298,1.00662394100405,MV-202-15,sine_steer_python_15kmh,COMPLETED
1463,2026年09月25日_14时38分14秒_第001次,2026-09-25T14:38:14+08:00,2026-09-25T06:38:14Z,14.62,15.0844743924583,0.0525345344741373,-6.05074868400211,59.8369429003401,5.03539585400879,60.8896244446759,0,-1.97337188841574,-0.0474802011216139,1.00871325291379,MV-202-15,sine_steer_python_15kmh,COMPLETED
1464,2026年09月25日_14时38分14秒_第001次,2026-09-25T14:38:14+08:00,2026-09-25T06:38:14Z,14.63,15.0844197783624,0.0523575612413908,-6.06793772610666,59.8786347353208,5.03958049272822,60.9314302178272,0,-1.97730348947583,-0.0475767796879336,1.01064320786393,MV-202-15,sine_steer_python_15kmh,COMPLETED
1465,2026年09月25日_14时38分14秒_第001次,2026-09-25T14:38:14+08:00,2026-09-25T06:38:14Z,14.64,15.0843668029613,0.0521725519136679,-6.08417050296024,59.9203308767572,5.04372049731569,60.9732394277978,0,-1.9809228513933,-0.0476658444110057,1.01241350000903,MV-202-15,sine_steer_python_15kmh,COMPLETED
1466,2026年09月25日_14时38分14秒_第001次,2026-09-25T14:38:14+08:00,2026-09-25T06:38:14Z,14.65,15.0843154995831,0.0519795261960741,-6.09944455030228,59.9620312917225,5.04781575890792,61.0150520142498,0,-1.98422940262896,-0.0477473811179073,1.01402384987665,MV-202-15,sine_steer_python_15kmh,COMPLETED
1467,2026年09月25日_14时38分14秒_第001次,2026-09-25T14:38:14+08:00,2026-09-25T06:38:14Z,14.66,15.0842659005083,0.0517785035350748,-6.11375755319228,60.0037359463558,5.05186617569559,61.0568679165907,0,-1.98722262104002,-0.0478213768015589,1.01547400438226,MV-202-15,sine_steer_python_15kmh,COMPLETED
1468,2026年09月25日_14时38分14秒_第001次,2026-09-25T14:38:14+08:00,2026-09-25T06:38:14Z,14.67,15.084218036946,0.0515695032343923,-6.12710734636034,60.0454448058869,5.05587165293977,61.0986870740092,0,-1.9899020339626,-0.0478878196242987,1.01676373681127,MV-202-15,sine_steer_python_15kmh,COMPLETED
1469,2026年09月25日_14时38分14秒_第001次,2026-09-25T14:38:14+08:00,2026-09-25T06:38:14Z,14.68,15.084171939014,0.0513525446116338,-6.13949191452426,60.0871578346625,5.05983210298731,61.1405094255099,0,-1.99226721828634,-0.0479466989218683,1.01789284677125,MV-202-15,sine_steer_python_15kmh,COMPLETED
1470,2026年09月25日_14时38分14秒_第001次,2026-09-25T14:38:14+08:00,2026-09-25T06:38:14Z,14.69,15.0841276357204,0.0511276471868737,-6.15090939261119,60.1288749961715,5.06374744528532,61.1823349099487,0,-1.99431780052123,-0.0479980052076897,1.01886116011949,MV-202-15,sine_steer_python_15kmh,COMPLETED
1471,2026年09月25日_14时38分14秒_第001次,2026-09-25T14:38:14+08:00,2026-09-25T06:38:14Z,14.7,15.0840851555483,0.0508950628224737,-6.16135744400498,60.1705962530541,5.0676176065887,61.2241634660332,0,-1.99605345685654,-0.0480417334929163,1.01966838850829,MV-202-15,sine_steer_python_15kmh,COMPLETED
1472,2026年09月25日_14时38分14秒_第001次,2026-09-25T14:38:14+08:00,2026-09-25T06:38:14Z,14.71,15.0840445213439,0.0506548437527569,-6.17083658603963,60.2123215671744,5.07144252042662,61.2659950324464,0,-1.99747391321204,-0.0480778771397127,1.02031438999086,MV-202-15,sine_steer_python_15kmh,COMPLETED
1473,2026年09月25日_14时38分14秒_第001次,2026-09-25T14:38:14+08:00,2026-09-25T06:38:14Z,14.72,15.0840057650899,0.050406840916265,-6.17934216342553,60.2540508995492,5.07522212822487,61.3078295477521,0,-1.99857894528118,-0.0481064278148505,1.02079916991687,MV-202-15,sine_steer_python_15kmh,COMPLETED
1474,2026年09月25日_14时38分14秒_第001次,2026-09-25T14:38:14+08:00,2026-09-25T06:38:14Z,14.73,15.0839689059881,0.0501510806335154,-6.18687595031865,60.2957842105394,5.07895637759204,61.3496669505879,0,-1.9993683785666,-0.0481273808516874,1.02112265576113,MV-202-15,sine_steer_python_15kmh,COMPLETED
1475,2026年09月25日_14时38分14秒_第001次,2026-09-25T14:38:14+08:00,2026-09-25T06:38:14Z,14.74,15.0839339701015,0.049887447951892,-6.19343455360948,60.3375214597057,5.08264522402546,61.3915071795544,0,-1.99984208840763,-0.0481407307446888,1.02128488632689,MV-202-15,sine_steer_python_15kmh,COMPLETED
1476,2026年09月25日_14时38分14秒_第001次,2026-09-25T14:38:14+08:00,2026-09-25T06:38:14Z,14.75,15.0839009780742,0.0496161238931079,-6.19901836399535,60.379262605966,5.08628862965219,61.4333501733377,0,-2,-0.0481464773840215,1.02128574887851,MV-202-15,sine_steer_python_15kmh,COMPLETED
1477,2026年09月25日_14时38分14秒_第001次,2026-09-25T14:38:14+08:00,2026-09-25T06:38:14Z,14.76,15.0838699500432,0.0493372006715714,-6.20362625384651,60.4210076075344,5.08988656408386,61.4751958706951,0,-1.99984208840763,-0.048144620590025,1.02112521008498,MV-202-15,sine_steer_python_15kmh,COMPLETED
1478,2026年09月25日_14时38分14秒_第001次,2026-09-25T14:38:14+08:00,2026-09-25T06:38:14Z,14.77,15.0838409065968,0.0490506799758405,-6.20725747683,60.4627564219837,5.09343900411373,61.5170442105042,0,-1.9993683785666,-0.0481351600782436,1.0208033174346,MV-202-15,sine_steer_python_15kmh,COMPLETED
1479,2026年09月25日_14时38分14秒_第001次,2026-09-25T14:38:14+08:00,2026-09-25T06:38:14Z,14.78,15.0838138658762,0.0487564859439075,-6.20991145898782,60.5045090062795,5.09694593363947,61.5588951318036,0,-1.99857894528118,-0.0481180956341306,1.02032019206189,MV-202-15,sine_steer_python_15kmh,COMPLETED
1480,2026年09月25日_14时38分14秒_第001次,2026-09-25T14:38:14+08:00,2026-09-25T06:38:14Z,14.79,15.0837888448273,0.0484544719795875,-6.21158798517785,60.5462653168066,5.10040734365481,61.600748573828,0,-1.99747391321203,-0.0480934272010531,1.01967602491082,MV-202-15,sine_steer_python_15kmh,COMPLETED
1481,2026年09月25日_14时38分14秒_第001次,2026-09-25T14:38:14+08:00,2026-09-25T06:38:14Z,14.8,15.0837658597214,0.0481444369762631,-6.21228689520325,60.5880253094026,5.10382323219381,61.642604476043,0,-1.99605345685654,-0.0480611551034018,1.01887106722471,MV-202-15,sine_steer_python_15kmh,COMPLETED
1482,2026年09月25日_14时38分14秒_第001次,2026-09-25T14:38:14+08:00,2026-09-25T06:38:14Z,14.81,15.083744925646,0.0478261392471319,-6.21200821480525,60.6297889393891,5.10719360429549,61.6844627781789,0,-1.99431780052123,-0.0480212802386438,1.01790562241741,MV-202-15,sine_steer_python_15kmh,COMPLETED
1483,2026年09月25日_14时38分14秒_第001次,2026-09-25T14:38:14+08:00,2026-09-25T06:38:14Z,14.82,15.0837260571746,0.0474996959437238,-6.21075112235104,60.6715561615754,5.1105184723022,61.7263234202136,0,-1.99226721828635,-0.0479738097817154,1.01677980455943,MV-202-15,sine_steer_python_15kmh,COMPLETED
1484,2026年09月25日_14时38分14秒_第001次,2026-09-25T14:38:14+08:00,2026-09-25T06:38:14Z,14.83,15.0837092610245,0.0471652647396529,-6.2085184263636,60.7133269303269,5.11379785525868,61.7681863424798,0,-1.9899020339626,-0.0479187526757965,1.01549372970758,MV-202-15,sine_steer_python_15kmh,COMPLETED
1485,2026年09月25日_14时38分14秒_第001次,2026-09-25T14:38:14+08:00,2026-09-25T06:38:14Z,14.84,15.0836945544634,0.0468229124932115,-6.20530720638409,60.755101199484,5.11703178032551,61.810051485567,0,-1.98722262104002,-0.0478561177583111,1.01404759372022,MV-202-15,sine_steer_python_15kmh,COMPLETED
1486,2026年09月25日_14时38分14秒_第001次,2026-09-25T14:38:14+08:00,2026-09-25T06:38:14Z,14.85,15.0836819418857,0.0464730347304339,-6.20112071868014,60.7968789225301,5.12022028112003,61.8519187904784,0,-1.98422940262896,-0.0477859197456675,1.01244142069365,MV-202-15,sine_steer_python_15kmh,COMPLETED
1487,2026年09月25日_14时38分14秒_第001次,2026-09-25T14:38:14+08:00,2026-09-25T06:38:14Z,14.86,15.0836714322792,0.0461157409865517,-6.19595839117888,60.8386600524878,5.12336339915754,61.8937881985733,0,-1.9809228513933,-0.0477081704834499,1.01067543180991,MV-202-15,sine_steer_python_15kmh,COMPLETED
1488,2026年09月25日_14时38分14秒_第001次,2026-09-25T14:38:14+08:00,2026-09-25T06:38:14Z,14.87,15.0836630338735,0.0457511240514528,-6.18982113014078,60.8804445420336,5.12646118297202,61.9356596516435,0,-1.97730348947583,-0.0476228827599557,1.00874988424568,MV-202-15,sine_steer_python_15kmh,COMPLETED
1489,2026年09月25日_14时38分14秒_第001次,2026-09-25T14:38:14+08:00,2026-09-25T06:38:14Z,14.88,15.0836567511557,0.0453792780806198,-6.18271009549816,60.9222323435027,5.12951368831859,61.9775330919348,0,-1.97337188841574,-0.0475300705611799,1.00666506048272,MV-202-15,sine_steer_python_15kmh,COMPLETED
1490,2026年09月25日_14时38分14秒_第001次,2026-09-25T14:38:14+08:00,2026-09-25T06:38:14Z,14.89,15.0836525878249,0.0450002953713555,-6.17462645252558,60.9640234089154,5.1325209781533,62.0194084621706,0,-1.96912866905841,-0.0474297490227577,1.00442126997664,MV-202-15,sine_steer_python_15kmh,COMPLETED
1491,2026年09月25日_14时38分14秒_第001次,2026-09-25T14:38:14+08:00,2026-09-25T06:38:14Z,14.9,15.083650546826,0.0446142651704586,-6.16557149768664,61.0058176900078,5.13548312261691,62.061285705579,0,-1.96457450145738,-0.0473219344103825,1.00201884983246,MV-202-15,sine_steer_python_15kmh,COMPLETED
1492,2026年09月25日_14时38分14秒_第001次,2026-09-25T14:38:14+08:00,2026-09-25T06:38:14Z,14.91,15.0836506294544,0.0442212731940291,-6.15554668658941,61.04761513826,5.13840019902305,62.1031647659177,0,-1.95971010476849,-0.0472066441100807,0.999458165121292,MV-202-15,sine_steer_python_15kmh,COMPLETED
1493,2026年09月25日_14时38分14秒_第001次,2026-09-25T14:38:14+08:00,2026-09-25T06:38:14Z,14.92,15.0836528354533,0.0438214009480891,-6.1445536298919,61.0894157049223,5.14127229184413,62.1450455874976,0,-1.95453624713639,-0.047083896615399,0.996739609239755,MV-202-15,sine_steer_python_15kmh,COMPLETED
1494,2026年09月25日_14时38分14秒_第001次,2026-09-25T14:38:14+08:00,2026-09-25T06:38:14Z,14.93,15.0836571633412,0.043414724747503,-6.13259408220777,61.1312193410429,5.14409949269523,62.1869281152062,0,-1.94905374557316,-0.0469537115100152,0.993863604433542,MV-202-15,sine_steer_python_15kmh,COMPLETED
1495,2026年09月25日_14时38分14秒_第001次,2026-09-25T14:38:14+08:00,2026-09-25T06:38:14Z,14.94,15.0836636103995,0.0430013146241,-6.11966993945937,61.173025997496,5.146881900316,62.2288122945319,0,-1.94326346582935,-0.0468161094484667,0.99083060241452,MV-202-15,sine_steer_python_15kmh,COMPLETED
1496,2026年09月25日_14时38分14秒_第001次,2026-09-25T14:38:14+08:00,2026-09-25T06:38:14Z,14.95,15.0836721725482,0.0425812334075172,-6.10578324244733,61.2148356250091,5.14961962055021,62.2706980715871,0,-1.93716632225726,-0.0466711121390386,0.987641084882768,MV-202-15,sine_steer_python_15kmh,COMPLETED
1497,2026年09月25日_14时38分14秒_第001次,2026-09-25T14:38:14+08:00,2026-09-25T06:38:14Z,14.96,15.0836828443393,0.042154536173475,-6.09093617834081,61.2566481741899,5.1523127663232,62.3125853931311,0,-1.93076327766655,-0.0465187423316125,0.984295563817618,MV-202-15,sine_steer_python_15kmh,COMPLETED
1498,2026年09月25日_14时38分14秒_第001次,2026-09-25T14:38:14+08:00,2026-09-25T06:38:14Z,14.97,15.0836956190127,0.0417212701594092,-6.07513107884986,61.2984635955536,5.15496145761761,62.3544742065936,0,-1.92405534317217,-0.0463590238119523,0.980794581479689,MV-202-15,sine_steer_python_15kmh,COMPLETED
1499,2026年09月25日_14时38分14秒_第001次,2026-09-25T14:38:14+08:00,2026-09-25T06:38:14Z,14.98,15.0837104885165,0.0412814752143746,-6.05837041852499,61.3402818395497,5.15756582144808,62.3963644600966,0,-1.91704357803475,-0.046191981403437,0.977138710088537,MV-202-15,sine_steer_python_15kmh,COMPLETED
1500,2026年09月25日_14时38分14秒_第001次,2026-09-25T14:38:14+08:00,2026-09-25T06:38:14Z,14.99,15.0837274434959,0.0408351848166517,-6.04065681464348,61.3821028565885,5.16012599183526,62.4382561024772,0,-1.90972908949329,-0.0460176409767826,0.973328551152606,MV-202-15,sine_steer_python_15kmh,COMPLETED
1501,2026年09月25日_14时38分14秒_第001次,2026-09-25T14:38:14+08:00,2026-09-25T06:38:14Z,15,15.083746473292,0.0403824276195043,-6.02199302756799,61.4239265970674,5.16264210977983,62.4801490833078,0,-1.90211303259031,-0.0458360294672559,0.969364734469503,MV-202-15,sine_steer_python_15kmh,COMPLETED
1502,2026年09月25日_14时38分14秒_第001次,2026-09-25T14:38:14+08:00,2026-09-25T06:38:14Z,15.01,15.0837675659565,0.039923229403824,-6.00238196069872,61.4657530113966,5.16511432323685,62.5220433529173,0,-1.89419660998949,-0.0456471748977094,0.965247916866997,MV-202-15,sine_steer_python_15kmh,COMPLETED
1503,2026年09月25日_14时38分14秒_第001次,2026-09-25T14:38:14+08:00,2026-09-25T06:38:14Z,15.02,15.083790708263,0.0394576152631333,-5.98182666031547,61.5075820500247,5.16754278709092,62.5639388624094,0,-1.88598107178573,-0.0454511064049906,0.960978780789651,MV-202-15,sine_steer_python_15kmh,COMPLETED
1504,2026年09月25日_14时38分14秒_第001次,2026-09-25T14:38:14+08:00,2026-09-25T06:38:14Z,15.03,15.0838158857109,0.0389856118271508,-5.96033031575763,61.5494136634635,5.16992766313198,62.6058355636813,0,-1.87746771530775,-0.0452478542669841,0.956558032847557,MV-202-15,sine_steer_python_15kmh,COMPLETED
1505,2026年09月25日_14时38分14秒_第001次,2026-09-25T14:38:14+08:00,2026-09-25T06:38:14Z,15.04,15.0838430825294,0.0385072493339877,-5.93789625988418,61.5912478023129,5.17226912003207,62.6477334094402,0,-1.86865788491322,-0.045037449927576,0.951986402441279,MV-202-15,sine_steer_python_15kmh,COMPLETED
1506,2026年09月25日_14时38分14秒_第001次,2026-09-25T14:38:14+08:00,2026-09-25T06:38:14Z,15.05,15.0838722816866,0.0380225633844886,-5.91452796954807,61.6330844172847,5.17456733332241,62.6896323532188,0,-1.8595529717765,-0.0448199260171436,0.947264640564247,MV-202-15,sine_steer_python_15kmh,COMPLETED
1507,2026年09月25日_14时38分14秒_第001次,2026-09-25T14:38:14+08:00,2026-09-25T06:38:14Z,15.06,15.0839034648994,0.0375315962551902,-5.89022906597707,61.6749234592264,5.17682248537069,62.7315323493903,0,-1.85015441366892,-0.0445953163667682,0.94239351885914,MV-202-15,sine_steer_python_15kmh,COMPLETED
1508,2026年09月25日_14时38分14秒_第001次,2026-09-25T14:38:14+08:00,2026-09-25T06:38:14Z,15.07,15.0839366126435,0.0370343977043137,-5.86500331508912,61.7167648791447,5.17903476535797,62.7734333531818,0,-1.84046369473174,-0.0443636560151807,0.937373828970364,MV-202-15,sine_steer_python_15kmh,COMPLETED
1509,2026年09月25日_14时38分14秒_第001次,2026-09-25T14:38:14+08:00,2026-09-25T06:38:14Z,15.08,15.0839717041625,0.0365310252676272,-5.83885462772288,61.7586086282281,5.18120436925483,62.8153353206877,0,-1.83048234524184,-0.0441249812083381,0.932206382197029,MV-202-15,sine_steer_python_15kmh,COMPLETED
1510,2026年09月25日_14时38分14秒_第001次,2026-09-25T14:38:14+08:00,2026-09-25T06:38:14Z,15.09,15.0840087174792,0.0360215440980852,-5.81178705970751,61.8004546578701,5.18333149979615,62.8572382088814,0,-1.82021194136999,-0.0438793293923391,0.926892009416296,MV-202-15,sine_steer_python_15kmh,COMPLETED
1511,2026年09月25日_14时38分14秒_第001次,2026-09-25T14:38:14+08:00,2026-09-25T06:38:14Z,15.1,15.0840476294065,0.0355060264470234,-5.78380481171161,61.8423029196909,5.18541636645442,62.8991419756279,0,-1.80965410493204,-0.0436267392010264,0.921431561220304,MV-202-15,sine_steer_python_15kmh,COMPLETED
1512,2026年09月25日_14时38分14秒_第001次,2026-09-25T14:38:14+08:00,2026-09-25T06:38:14Z,15.11,15.0840884155596,0.034984550911285,-5.75491222886074,61.8841533655597,5.18745918541114,62.9410465796942,0,-1.79881050313274,-0.0433672504400107,0.91582590819328,MV-202-15,sine_steer_python_15kmh,COMPLETED
1513,2026年09月25日_14时38分14秒_第001次,2026-09-25T14:38:14+08:00,2026-09-25T06:38:14Z,15.12,15.0841310503669,0.0344572015772021,-5.72511380014161,61.9260059476163,5.18946017952641,62.982951980761,0,-1.78768284830253,-0.043100904068962,0.910075941250834,MV-202-15,sine_steer_python_15kmh,COMPLETED
1514,2026年09月25日_14时38分14秒_第001次,2026-09-25T14:38:14+08:00,2026-09-25T06:38:14Z,15.13,15.0841755070826,0.0339240671795264,-5.69441415760901,61.9678606182921,5.19141957830656,63.0248581394325,0,-1.77627289762709,-0.0428277421838452,0.904182571970501,MV-202-15,sine_steer_python_15kmh,COMPLETED
1515,2026年09月25日_14时38分14秒_第001次,2026-09-25T14:38:14+08:00,2026-09-25T06:38:14Z,15.14,15.0842217577997,0.0333852403646146,-5.66281807542324,62.0097173303311,5.1933376178702,63.0667650172461,0,-1.76458245286991,-0.0425478080003786,0.898146732859386,MV-202-15,sine_steer_python_15kmh,COMPLETED
1516,2026年09月25日_14时38分14秒_第001次,2026-09-25T14:38:14+08:00,2026-09-25T06:38:14Z,15.15,15.0842697734658,0.0328408171086213,-5.63033046875809,62.0515760368106,5.19521454091259,63.1086725766816,0,-1.75261336008773,-0.0422611458394563,0.891969377527738,MV-202-15,sine_steer_python_15kmh,COMPLETED
1517,2026年09月25日_14时38分14秒_第001次,2026-09-25T14:38:14+08:00,2026-09-25T06:38:14Z,15.16,15.0843195238988,0.0322908963001804,-5.59695639262652,62.0934366911605,5.19705059666878,63.1505807811689,0,-1.74036750933905,-0.0419678011146869,0.885651480761933,MV-202-15,sine_steer_python_15kmh,COMPLETED
1518,2026年09月25日_14时38分14秒_第001次,2026-09-25T14:38:14+08:00,2026-09-25T06:38:14Z,15.17,15.0843709778071,0.0317355794600309,-5.56270104066782,62.1352992471837,5.19884604087559,63.1924895950957,0,-1.72784683438567,-0.0416678203216772,0.879194038512744,MV-202-15,sine_steer_python_15kmh,COMPLETED
1519,2026年09月25日_14时38分14秒_第001次,2026-09-25T14:38:14+08:00,2026-09-25T06:38:14Z,15.18,15.0844241028096,0.0311749705431288,-5.52756974393586,62.1771636590742,5.20060113573255,63.2343989838133,0,-1.71505331238731,-0.0413612510282984,0.872598067831176,MV-202-15,sine_steer_python_15kmh,COMPLETED
1520,2026年09月25日_14时38分14秒_第001次,2026-09-25T14:38:14+08:00,2026-09-25T06:38:14Z,15.19,15.0844788654594,0.0306091757556436,-5.49156796970832,62.2190298814365,5.20231614986186,63.2763089136418,0,-1.70198896358939,-0.04104814186498,0.865864606792468,MV-202-15,sine_steer_python_15kmh,COMPLETED
1521,2026年09月25日_14时38分14秒_第001次,2026-09-25T14:38:14+08:00,2026-09-25T06:38:14Z,15.2,15.0845352312672,0.0300383033210197,-5.45470132033224,62.2608978693027,5.20399135826735,63.3182193518745,0,-1.68865585100403,-0.0407285425140933,0.858994714448032,MV-202-15,sine_steer_python_15kmh,COMPLETED
1522,2026年09月25日_14时38分14秒_第001次,2026-09-25T14:38:14+08:00,2026-09-25T06:38:14Z,15.21,15.0845931647264,0.0294624631444975,-5.41697553210619,62.3027675781509,5.20562704229234,63.3601302667807,0,-1.67505608008428,-0.040402503697696,0.851989470836318,MV-202-15,sine_steer_python_15kmh,COMPLETED
1523,2026年09月25日_14时38分14秒_第001次,2026-09-25T14:38:14+08:00,2026-09-25T06:38:14Z,15.22,15.0846526293379,0.0288817663504961,-5.37839647418898,62.3446389639215,5.20722348957623,63.4020416276085,0,-1.66119179839163,-0.0400700771632606,0.844849977068641,MV-202-15,sine_steer_python_15kmh,COMPLETED
1524,2026年09月25日_14时38分14秒_第001次,2026-09-25T14:38:14+08:00,2026-09-25T06:38:14Z,15.23,15.0847135876345,0.0282963246968718,-5.33897014751952,62.3865119830339,5.2087809940097,63.4439534045858,0,-1.64706519525686,-0.0397313156674321,0.837577355488256,MV-202-15,sine_steer_python_15kmh,COMPLETED
1525,2026年09月25日_14时38分14秒_第001次,2026-09-25T14:38:14+08:00,2026-09-25T06:38:14Z,15.24,15.0847760012055,0.0277062498988454,-5.2987026837352,62.4283865924024,5.21029985568845,63.4858655689213,0,-1.63267850143437,-0.0393862729582684,0.830172749883526,MV-202-15,sine_steer_python_15kmh,COMPLETED
1526,2026年09月25日_14时38分14秒_第001次,2026-09-25T14:38:14+08:00,2026-09-25T06:38:14Z,15.25,15.0848398307203,0.0271116529183192,-5.25760034407154,62.4702627494516,5.21178038086522,63.5277780928048,0,-1.61803398874989,-0.0390350037567514,0.822637325721898,MV-202-15,sine_steer_python_15kmh,COMPLETED
1527,2026年09月25日_14时38分14秒_第001次,2026-09-25T14:38:14+08:00,2026-09-25T06:38:14Z,15.26,15.084905035953,0.0265126432877245,-5.21566951824043,62.5121404121316,5.21322288190034,63.569690949406,0,-1.60313396974175,-0.0386775637385553,0.814972270363123,MV-202-15,sine_steer_python_15kmh,COMPLETED
1528,2026年09月25日_14时38分14秒_第001次,2026-09-25T14:38:14+08:00,2026-09-25T06:38:14Z,15.27,15.084971575806,0.0259093285396195,-5.17291672329006,62.5540195389318,5.21462767721063,63.611604112874,0,-1.58798079729567,-0.0383140095170939,0.807178793208403,MV-202-15,sine_steer_python_15kmh,COMPLETED
1529,2026年09月25日_14时38分14秒_第001次,2026-09-25T14:38:14+08:00,2026-09-25T06:38:14Z,15.28,15.0850394083356,0.0253018138041179,-5.12934860245359,62.5959000888951,5.21599509121697,63.6535175583348,0,-1.57257686427323,-0.0379443986287499,0.79925812574748,MV-202-15,sine_steer_python_15kmh,COMPLETED
1530,2026年09月25日_14时38分14秒_第001次,2026-09-25T14:38:14+08:00,2026-09-25T06:38:14Z,15.29,15.085108490777,0.02469020161785,-5.08497192400545,62.6377820216312,5.21732545429059,63.695431261889,0,-1.55692460313404,-0.0375687895209318,0.791211521476369,MV-202-15,sine_steer_python_15kmh,COMPLETED
1531,2026年09月25日_14时38分14秒_第001次,2026-09-25T14:38:14+08:00,2026-09-25T06:38:14Z,15.3,15.085178779572,0.0240745919637669,-5.03979358014274,62.6796652973286,5.21861910269843,63.7373452006082,0,-1.54102648555158,-0.0371872415432594,0.783040255673027,MV-202-15,sine_steer_python_15kmh,COMPLETED
1532,2026年09月25日_14时38分14秒_第001次,2026-09-25T14:38:14+08:00,2026-09-25T06:38:14Z,15.31,15.0852502303965,0.0234550825345164,-4.99382058591146,62.7215498767675,5.21987637854767,63.7792593525311,0,-1.5248850220229,-0.0367998149418048,0.774745625034278,MV-202-15,sine_steer_python_15kmh,COMPLETED
1533,2026年09月25日_14时38分14秒_第001次,2026-09-25T14:38:14+08:00,2026-09-25T06:38:14Z,15.32,15.085322798189,0.0228317691874781,-4.94706007819457,62.7634357213306,5.22109762972972,63.8211736966582,0,-1.50850276147221,-0.0364065708559595,0.76632894719222,MV-202-15,sine_steer_python_15kmh,COMPLETED
1534,2026年09月25日_14时38分14秒_第001次,2026-09-25T14:38:14+08:00,2026-09-25T06:38:14Z,15.33,15.0853964371811,0.0222047465400522,-4.89951931476868,62.8053227930138,5.22228320986379,63.8630882129457,0,-1.49188229084837,-0.0360075713172166,0.757791560140313,MV-202-15,sine_steer_python_15kmh,COMPLETED
1535,2026年09月25日_14时38分14秒_第001次,2026-09-25T14:38:14+08:00,2026-09-25T06:38:14Z,15.34,15.0854711009271,0.0215741086419952,-4.85120567343498,62.8472110544368,5.22343347824012,63.9050028822994,0,-1.47502623471635,-0.0356028792489832,0.749134821606758,MV-202-15,sine_steer_python_15kmh,COMPLETED
1536,2026年09月25日_14时38分14秒_第001次,2026-09-25T14:38:14+08:00,2026-09-25T06:38:14Z,15.35,15.0855467423344,0.0209399496583635,-4.80212665121718,62.8891004688523,5.22454879976299,63.9469176865661,0,-1.45793725484282,-0.0351925584664828,0.740360108415024,MV-202-15,sine_steer_python_15kmh,COMPLETED
1537,2026年09月25日_14时38分14秒_第001次,2026-09-25T14:38:14+08:00,2026-09-25T06:38:14Z,15.36,15.0856233136949,0.0203023645020696,-4.75228986361352,62.9309910001548,5.22562954489334,63.9888326085259,0,-1.44061804977581,-0.0347766736758809,0.731468815868444,MV-202-15,sine_steer_python_15kmh,COMPLETED
1538,2026年09月25日_14时38分14秒_第001次,2026-09-25T14:38:14+08:00,2026-09-25T06:38:14Z,15.37,15.0857007667153,0.0196614493674935,-4.70170304388573,62.972882612889,5.22667608959104,64.030747631882,0,-1.42307135441857,-0.0343552904719312,0.72246235718854,MV-202-15,sine_steer_python_15kmh,COMPLETED
1539,2026年09月25日_14时38分14秒_第001次,2026-09-25T14:38:14+08:00,2026-09-25T06:38:14Z,15.38,15.0857790525478,0.0190173021339626,-4.65037404235964,63.0147752722573,5.22768881525664,64.0726627412516,0,-1.4052999395977,-0.033928475333691,0.713342163026527,MV-202-15,sine_steer_python_15kmh,COMPLETED
1540,2026年09月25日_14时38分14秒_第001次,2026-09-25T14:38:14+08:00,2026-09-25T06:38:14Z,15.39,15.0858581218207,0.0183700226274003,-4.59831082571413,63.0566689441265,5.22866810867246,64.114577922154,0,-1.38730661162561,-0.0334962956181218,0.704109681055762,MV-202-15,sine_steer_python_15kmh,COMPLETED
1541,2026年09月25日_14时38分14秒_第001次,2026-09-25T14:38:14+08:00,2026-09-25T06:38:14Z,15.4,15.0859379246685,0.0177197127471106,-4.54552147623482,63.0985635950346,5.22961436194299,64.1564931609999,0,-1.36909421185738,-0.0330588195516599,0.694766375641653,MV-202-15,sine_steer_python_15kmh,COMPLETED
1542,2026年09月25日_14时38分14秒_第001次,2026-09-25T14:38:14+08:00,2026-09-25T06:38:14Z,15.41,15.086018410492,0.0170664764833852,-4.4920141937784,63.1404591921957,5.23052797243423,64.198408445078,0,-1.35066561624205,-0.0326161162201111,0.685313727588321,MV-202-15,sine_steer_python_15kmh,COMPLETED
1543,2026年09月25日_14时38分14秒_第001次,2026-09-25T14:38:14+08:00,2026-09-25T06:38:14Z,15.42,15.0860995284253,0.0164104198694614,-4.4377972890018,63.1823557035053,5.2314093427123,64.240323762543,0,-1.33202373486851,-0.0321682555574799,0.675753233884652,MV-202-15,sine_steer_python_15kmh,COMPLETED
1544,2026年09月25日_14时38分14秒_第001次,2026-09-25T14:38:14+08:00,2026-09-25T06:38:14Z,15.43,15.086181227476,0.0157516508435937,-4.38287918244311,63.2242530975451,5.23225888048113,64.2822391024021,0,-1.31317151150592,-0.0317153083333804,0.666086407520754,MV-202-15,sine_steer_python_15kmh,COMPLETED
1545,2026年09月25日_14时38分14秒_第001次,2026-09-25T14:38:14+08:00,2026-09-25T06:38:14Z,15.44,15.0862634561997,0.0150902791133202,-4.32726840950808,63.2661513435875,5.23307699851908,64.3241544545016,0,-1.29411192313889,-0.0312573461403363,0.656314777324888,MV-202-15,sine_steer_python_15kmh,COMPLETED
1546,2026年09月25日_14时38分14秒_第001次,2026-09-25T14:38:14+08:00,2026-09-25T06:38:14Z,15.45,15.0863461627216,0.0144264160789553,-4.27097361847512,63.3080504115981,5.23386411461461,64.3660698095121,0,-1.27484797949738,-0.0307944413817887,0.646439887744078,MV-202-15,sine_steer_python_15kmh,COMPLETED
1547,2026年09月25日_14时38分14秒_第001次,2026-09-25T14:38:14+08:00,2026-09-25T06:38:14Z,15.46,15.0864292948537,0.0137601747725096,-4.21400356623937,63.3499502722389,5.23462065150105,64.4079851589131,0,-1.2553827225814,-0.0303266672601918,0.636463298608508,MV-202-15,sine_steer_python_15kmh,COMPLETED
1548,2026年09月25日_14时38分14秒_第001次,2026-09-25T14:38:14+08:00,2026-09-25T06:38:14Z,15.47,15.0865128001345,0.0130916698111688,-4.15636711681165,63.3918508968694,5.23534703679079,64.4499004949767,0,-1.23571922618067,-0.0298540977651898,0.62638658488908,MV-202-15,sine_steer_python_15kmh,COMPLETED
1549,2026年09月25日_14时38分14秒_第001次,2026-09-25T14:38:14+08:00,2026-09-25T06:38:14Z,15.48,15.08659662571,0.012421017366493,-4.09807324011169,63.4337522575483,5.23604370290858,64.4918158107511,0,-1.21586059538921,-0.0293768076618951,0.616211336450702,MV-202-15,sine_steer_python_15kmh,COMPLETED
1550,2026年09月25日_14时38分14秒_第001次,2026-09-25T14:38:14+08:00,2026-09-25T06:38:14Z,15.49,15.0866807181378,0.0117483351274269,-4.03913100947069,63.4756543270333,5.23671108702422,64.5337311000423,0,-1.19580996611504,-0.0288948724789562,0.605939157810006,MV-202-15,sine_steer_python_15kmh,COMPLETED
1551,2026年09月25日_14时38分14秒_第001次,2026-09-25T14:38:14+08:00,2026-09-25T06:38:14Z,15.5,15.0867650244844,0.0110737423856956,-3.9795496121688,63.5175570787816,5.23734963098443,64.575646357397,0,-1.17557050458495,-0.0284083684982568,0.595571667757048,MV-202-15,sine_steer_python_15kmh,COMPLETED
1552,2026年09月25日_14时38分14秒_第001次,2026-09-25T14:38:14+08:00,2026-09-25T06:38:14Z,15.51,15.0868494917774,0.0103973600012894,-3.91933833637425,63.5594604869506,5.23795978124402,64.617561578085,0,-1.15514540684454,-0.0279173727427973,0.585110499125282,MV-202-15,sine_steer_python_15kmh,COMPLETED
1553,2026年09月25日_14时38分14秒_第001次,2026-09-25T14:38:14+08:00,2026-09-25T06:38:14Z,15.52,15.0869340667784,0.00971931023469766,-3.85850656716861,63.6013645263967,5.23854198879645,64.65947675808,0,-1.13453789825352,-0.0274219629625562,0.574557298623319,MV-202-15,sine_steer_python_15kmh,COMPLETED
1554,2026年09月25日_14时38分14秒_第001次,2026-09-25T14:38:14+08:00,2026-09-25T06:38:14Z,15.53,15.0870186960309,0.00903971653811395,-3.79706378954376,63.6432691726729,5.23909670910363,64.7013918940394,0,-1.11375123297638,-0.0269222176196355,0.563913726677119,MV-202-15,sine_steer_python_15kmh,COMPLETED
1555,2026年09月25日_14时38分14秒_第001次,2026-09-25T14:38:14+08:00,2026-09-25T06:38:14Z,15.54,15.0871033260124,0.0083587033289201,-3.73501958939801,63.6851744020261,5.2396244020247,64.7433069832836,0,-1.09278869346854,-0.0264182158730215,0.553181457277503,MV-202-15,sine_steer_python_15kmh,COMPLETED
1556,2026年09月25日_14时38分14秒_第001次,2026-09-25T14:38:14+08:00,2026-09-25T06:38:14Z,15.55,15.0871879032445,0.00767639571310613,-3.67238365060587,63.7270801913944,5.24012553174391,64.7852220237755,0,-1.071653589958,-0.0259100375624953,0.542362177859333,MV-202-15,sine_steer_python_15kmh,COMPLETED
1557,2026年09月25日_14时38分14秒_第001次,2026-09-25T14:38:14+08:00,2026-09-25T06:38:14Z,15.56,15.0872723743069,0.00699291915491261,-3.6091657520286,63.7689865184033,5.24060056669768,64.8271370140993,0,-1.05034925992259,-0.0253977631916413,0.531457589216819,MV-202-15,sine_steer_python_15kmh,COMPLETED
1558,2026年09月25日_14时38分14秒_第001次,2026-09-25T14:38:14+08:00,2026-09-25T06:38:14Z,15.57,15.0873566858294,0.00630839913153519,-3.54537576623288,63.8108933613617,5.24104997950062,64.8690519534385,0,-1.02887906756301,-0.0248814739104988,0.520469405428415,MV-202-15,sine_steer_python_15kmh,COMPLETED
1559,2026年09月25日_14时38分14秒_第001次,2026-09-25T14:38:14+08:00,2026-09-25T06:38:14Z,15.58,15.0874407845162,0.00562296081636832,-3.48102365862332,63.8528006992573,5.2414742468706,64.9109668415544,0,-1.00724640327152,-0.024361251498483,0.509399353762728,MV-202-15,sine_steer_python_15kmh,COMPLETED
1560,2026年09月25日_14时38分14秒_第001次,2026-09-25T14:38:14+08:00,2026-09-25T06:38:14Z,15.59,15.0875246171971,0.00493672881613843,-3.41611948582065,63.8947085117509,5.24187384955305,64.9528816787628,0,-0.985454683096584,-0.0238371783479396,0.498249174550511,MV-202-15,sine_steer_python_15kmh,COMPLETED
1561,2026年09月25日_14时38分14秒_第001次,2026-09-25T14:38:14+08:00,2026-09-25T06:38:14Z,15.6,15.0876081308716,0.0042498269762317,-3.35067339359044,63.9366167791706,5.24224927224427,64.9947964659117,0,-0.963507348203433,-0.0233093374485489,0.487020621015244,MV-202-15,sine_steer_python_15kmh,COMPLETED
1562,2026年09月25日_14时38分14秒_第001次,2026-09-25T14:38:14+08:00,2026-09-25T06:38:14Z,15.61,15.087691272366,0.00356237822850217,-3.28469561091239,63.9785254825046,5.24260100351413,65.0367112043569,0,-0.941407864330663,-0.0227778123722194,0.475715459091353,MV-202-15,sine_steer_python_15kmh,COMPLETED
1563,2026年09月25日_14时38分14秒_第001次,2026-09-25T14:38:14+08:00,2026-09-25T06:38:14Z,15.62,15.0877739886384,0.00287450461852809,-3.21819645976569,64.0204346033939,5.24292953572816,65.078625895938,0,-0.919159721242975,-0.0222426872604382,0.464335467107969,MV-202-15,sine_steer_python_15kmh,COMPLETED
1564,2026年09月25日_14时38分14秒_第001次,2026-09-25T14:38:14+08:00,2026-09-25T06:38:14Z,15.63,15.0878562254089,0.0021863276520616,-3.15118637349618,64.0623441241219,5.24323536496866,65.1205405429517,0,-0.896766432180065,-0.0217040468160968,0.452882435337147,MV-202-15,sine_steer_python_15kmh,COMPLETED
1565,2026年09月25日_14时38分14秒_第001次,2026-09-25T14:38:14+08:00,2026-09-25T06:38:14Z,15.64,15.0879379297859,0.00149796830145776,-3.08367585263142,64.1042540276067,5.24351899095555,65.1624551481272,0,-0.874231533301868,-0.0211619762904103,0.441358165602266,MV-202-15,sine_steer_python_15kmh,COMPLETED
1566,2026年09月25日_14时38分14秒_第001次,2026-09-25T14:38:14+08:00,2026-09-25T06:38:14Z,15.65,15.0880190526602,0.00080954680635342,-3.0156754313371,64.1461642973967,5.24378091696744,65.2043697146064,0,-0.851558583130149,-0.0206165614668103,0.429764471030441,MV-202-15,sine_steer_python_15kmh,COMPLETED
1567,2026年09月25日_14时38分14秒_第001次,2026-09-25T14:38:14+08:00,2026-09-25T06:38:14Z,15.66,15.0880995451486,0.000121182620790676,-2.94719571283094,64.1880749176681,5.24402164976269,65.2462842459255,0,-0.828751161986567,-0.0200678886468242,0.418103175918749,MV-202-15,sine_steer_python_15kmh,COMPLETED
1568,2026年09月25日_14时38分14秒_第001次,2026-09-25T14:38:14+08:00,2026-09-25T06:38:14Z,15.67,15.0881793564792,-0.000567004964274017,-2.87824741421717,64.229985873211,5.2442416994991,65.2881987459846,0,-0.805812871427325,-0.0195160446455221,0.406376115127023,MV-202-15,sine_steer_python_15kmh,COMPLETED
1569,2026年09月25日_14时38分14秒_第001次,2026-09-25T14:38:14+08:00,2026-09-25T06:38:14Z,15.68,15.0882584352036,-0.00125489636446474,-2.8088413392805,64.2718971494133,5.24444157965278,65.3301132190164,0,-0.782747333674406,-0.0189611167845851,0.394585133454492,MV-202-15,sine_steer_python_15kmh,COMPLETED
1570,2026年09月25日_14时38分14秒_第001次,2026-09-25T14:38:14+08:00,2026-09-25T06:38:14Z,15.69,15.0883367309664,-0.00194237155368357,-2.73898835319819,64.3138087322499,5.2446218069374,65.3720276695591,0,-0.759558191043605,-0.0184031928809438,0.382732085189114,MV-202-15,sine_steer_python_15kmh,COMPLETED
1571,2026年09月25日_14时38分14秒_第001次,2026-09-25T14:38:14+08:00,2026-09-25T06:38:14Z,15.7,15.0884141942561,-0.00262930995834485,-2.66869938591975,64.355720608272,5.24478290122346,65.413942102432,0,-0.736249105369353,-0.0178423612347519,0.370818833747227,MV-202-15,sine_steer_python_15kmh,COMPLETED
1572,2026年09月25日_14时38分14秒_第001次,2026-09-25T14:38:14+08:00,2026-09-25T06:38:14Z,15.71,15.0884907766755,-0.00331559029994081,-2.59798542694389,64.3976327645979,5.2449253854571,65.4558565227104,0,-0.7128237574265,-0.0172787106180385,0.35884725126441,MV-202-15,sine_steer_python_15kmh,COMPLETED
1573,2026年09月25日_14时38分14秒_第001次,2026-09-25T14:38:14+08:00,2026-09-25T06:38:14Z,15.72,15.0885664304037,-0.00400109048448863,-2.52685753079366,64.4395451889008,5.24504978557852,65.4977709356992,0,-0.689285846349034,-0.0167123302626364,0.346819218235478,MV-202-15,sine_steer_python_15kmh,COMPLETED
1574,2026年09月25日_14时38分14秒_第001次,2026-09-25T14:38:14+08:00,2026-09-25T06:38:14Z,15.73,15.0886411080442,-0.00468568752833592,-2.45532681762352,64.4814578693958,5.24515663043994,65.539685346906,0,-0.665639089045975,-0.0161433098475369,0.33473662316181,MV-202-15,sine_steer_python_15kmh,COMPLETED
1575,2026年09月25日_14时38分14秒_第001次,2026-09-25T14:38:14+08:00,2026-09-25T06:38:14Z,15.74,15.0887147629231,-0.00536925759953029,-2.38340446645639,64.5233707948265,5.24524645172302,65.5815997620139,0,-0.641887219614422,-0.0155717394845344,0.322601362254905,MV-202-15,sine_steer_python_15kmh,COMPLETED
1576,2026年09月25日_14时38分14秒_第001次,2026-09-25T14:38:14+08:00,2026-09-25T06:38:14Z,15.75,15.0887873492509,-0.00605167624903035,-2.31110171103598,64.565283954452,5.24531978385601,65.6235141868545,0,-0.6180339887499,-0.0149977097010876,0.310415339258673,MV-202-15,sine_steer_python_15kmh,COMPLETED
1577,2026年09月25日_14时38分14秒_第001次,2026-09-25T14:38:14+08:00,2026-09-25T06:38:14Z,15.76,15.0888588220967,-0.00673281885384534,-2.23842984085255,64.6071973380332,5.24537716393024,65.6654286273816,0,-0.594083163154069,-0.0144213114200624,0.298180465405078,MV-202-15,sine_steer_python_15kmh,COMPLETED
1578,2026年09月25日_14时38分14秒_第001次,2026-09-25T14:38:14+08:00,2026-09-25T06:38:14Z,15.77,15.0889291373585,-0.00741256128005214,-2.1654002039326,64.6491109358189,5.24541913161572,65.7073430896437,0,-0.570038524939953,-0.0138426359362193,0.28589865950386,MV-202-15,sine_steer_python_15kmh,COMPLETED
1579,2026年09月25日_14时38分14秒_第001次,2026-09-25T14:38:14+08:00,2026-09-25T06:38:14Z,15.78,15.0889982517873,-0.00809078073344407,-2.09202420971401,64.6910247385311,5.24544622907576,65.7492575797569,0,-0.545903871034646,-0.0132617748898816,0.273571848146685,MV-202-15,sine_steer_python_15kmh,COMPLETED
1580,2026年09月25日_14时38分14秒_第001次,2026-09-25T14:38:14+08:00,2026-09-25T06:38:14Z,15.79,15.0890661225975,-0.00876735663400098,-2.01831333719441,64.7329387373488,5.24545900088036,65.7911721038768,0,-0.521683012579791,-0.0126788202401094,0.261201965937382,MV-202-15,sine_steer_python_15kmh,COMPLETED
1581,2026年09月25日_14时38分14秒_第001次,2026-09-25T14:38:14+08:00,2026-09-25T06:38:14Z,15.8,15.0891327083679,-0.00944217139337328,-1.94427913078802,64.7748529238936,5.24545799391856,65.8330866681714,0,-0.497379774329708,-0.0120938642391011,0.248790955639903,MV-202-15,sine_steer_python_15kmh,COMPLETED
1582,2026年09月25日_14时38分14秒_第001次,2026-09-25T14:38:14+08:00,2026-09-25T06:38:14Z,15.81,15.0891979690118,-0.0101151111797283,-1.86993321411688,64.8167672902145,5.2454437573097,65.8750012787949,0,-0.47299799404745,-0.0115069994066349,0.236340768343651,MV-202-15,sine_steer_python_15kmh,COMPLETED
1583,2026年09月25日_14时38分14秒_第001次,2026-09-25T14:38:14+08:00,2026-09-25T06:38:14Z,15.82,15.0892618656059,-0.0107860676723898,-1.79528730833781,64.8586818287733,5.24541684231288,65.9169159418614,0,-0.448541521898764,-0.0109183184902208,0.223853364232832,MV-202-15,sine_steer_python_15kmh,COMPLETED
1584,2026年09月25日_14时38分14秒_第001次,2026-09-25T14:38:14+08:00,2026-09-25T06:38:14Z,15.83,15.0893243602145,-0.0114549431929787,-1.72035324809301,64.9005965324275,5.24537780223293,65.9588306634174,0,-0.424014219844113,-0.010327914376729,0.211330715405657,MV-202-15,sine_steer_python_15kmh,COMPLETED
1585,2026年09月25日_14时38分14秒_第001次,2026-09-25T14:38:14+08:00,2026-09-25T06:38:14Z,15.84,15.0893854146191,-0.0121216599695602,-1.64514299632937,64.9425113944127,5.24532719231967,66.0007454494128,0,-0.399419961028819,-0.00973587994428362,0.198774811234702,MV-202-15,sine_steer_python_15kmh,COMPLETED
1586,2026年09月25日_14时38分14秒_第001次,2026-09-25T14:38:14+08:00,2026-09-25T06:38:14Z,15.85,15.0894449883409,-0.012786167069233,-1.56966864123947,64.9844264083186,5.24526556966002,66.0426603056669,0,-0.374762629171449,-0.00914230794635072,0.186187662365241,MV-202-15,sine_steer_python_15kmh,COMPLETED
1587,2026年09月25日_14时38分14秒_第001次,2026-09-25T14:38:14+08:00,2026-09-25T06:38:14Z,15.86,15.0895030386272,-0.013448435095363,-1.49394237015538,65.0263415680615,5.24519349306896,66.084575237831,0,-0.350046117950553,-0.0085472910698845,0.173571297307225,MV-202-15,sine_steer_python_15kmh,COMPLETED
1588,2026年09月25日_14时38分14秒_第001次,2026-09-25T14:38:14+08:00,2026-09-25T06:38:14Z,15.87,15.0895595233186,-0.0141084398215232,-1.41797644228534,65.0682568678607,5.24511152298897,66.1264902513548,0,-0.32527433038977,-0.0079509221522194,0.160927752270403,MV-202-15,sine_steer_python_15kmh,COMPLETED
1589,2026年09月25日_14时38分14秒_第001次,2026-09-25T14:38:14+08:00,2026-09-25T06:38:14Z,15.88,15.0896144033251,-0.0147661462997163,-1.34178316741351,65.1101723022234,5.24502022140137,66.1684053514626,0,-0.300451178241511,-0.00735329439308251,0.148259061224899,MV-202-15,sine_steer_python_15kmh,COMPLETED
1590,2026年09月25日_14时38分14秒_第001次,2026-09-25T14:38:14+08:00,2026-09-25T06:38:14Z,15.89,15.0896676425394,-0.0154215003378379,-1.2653748831707,65.1520878659316,5.2449201517463,66.2103205431332,0,-0.275580581369275,-0.00675450146310145,0.135567250381682,MV-202-15,sine_steer_python_15kmh,COMPLETED
1591,2026年09月25日_14时38分14秒_第001次,2026-09-25T14:38:14+08:00,2026-09-25T06:38:14Z,15.9,15.0897192066859,-0.0160744263353754,-1.1887639365663,65.194003554028,5.24481187884669,66.252235831077,0,-0.250666467128609,-0.00615463752239102,0.122854336486448,MV-202-15,sine_steer_python_15kmh,COMPLETED
1592,2026年09月25日_14时38分14秒_第001次,2026-09-25T14:38:14+08:00,2026-09-25T06:38:14Z,15.91,15.0897690625225,-0.0167248283956344,-1.11196267999992,65.2359193617978,5.24469596883271,66.2941512197102,0,-0.225712769746965,-0.00555379719252861,0.110122327074886,MV-202-15,sine_steer_python_15kmh,COMPLETED
1593,2026年09月25日_14时38分14秒_第001次,2026-09-25T14:38:14+08:00,2026-09-25T06:38:14Z,15.92,15.0898171779211,-0.0173725926613862,-1.03498346767838,65.2778352847484,5.24457298906473,66.3360667131278,0,-0.200723429702433,-0.00495207551088187,0.0973732214617985,MV-202-15,sine_steer_python_15kmh,COMPLETED
1594,2026年09月25日_14时38分14秒_第001次,2026-09-25T14:38:14+08:00,2026-09-25T06:38:14Z,15.93,15.0898635225118,-0.0180175901750121,-0.957838651426394,65.3197513185919,5.24444350805461,66.3779823150787,0,-0.175702393101491,-0.00434956787713914,0.0846090120554951,MV-202-15,sine_steer_python_15kmh,COMPLETED
1595,2026年09月25日_14时38分14秒_第001次,2026-09-25T14:38:14+08:00,2026-09-25T06:38:14Z,15.94,15.0899080672272,-0.0186596798356632,-0.8805405900858,65.3616674592264,5.24430809538471,66.4198980289402,0,-0.150653611055865,-0.00374636999809388,0.0718316857549628,MV-202-15,sine_steer_python_15kmh,COMPLETED
1596,2026年09月25日_14时38分14秒_第001次,2026-09-25T14:38:14+08:00,2026-09-25T06:38:14Z,15.95,15.0899507840354,-0.019298711277229,-0.803101652981577,65.4035837027163,5.24416732162447,66.4618138576925,0,-0.125581039058627,-0.003142577833194,0.0590432253100918,MV-202-15,sine_steer_python_15kmh,COMPLETED
1597,2026年09月25日_14时38分14秒_第001次,2026-09-25T14:38:14+08:00,2026-09-25T06:38:14Z,15.96,15.0899916460263,-0.0199345276790094,-0.725534215622875,65.4455000452719,5.244021758245,66.5037298038923,0,-0.100488636359541,-0.0025382875406952,0.0462456106523664,MV-202-15,sine_steer_python_15kmh,COMPLETED
1598,2026年09月25日_14时38分14秒_第001次,2026-09-25T14:38:14+08:00,2026-09-25T06:38:14Z,15.97,15.0900306275056,-0.0205669684963782,-0.647850657028025,65.4874164832296,5.24387197753173,66.5456458696479,0,-0.0753803653398659,-0.00193359542461347,0.0334408201915138,MV-202-15,sine_steer_python_15kmh,COMPLETED
1599,2026年09月25日_14时38分14秒_第001次,2026-09-25T14:38:14+08:00,2026-09-25T06:38:14Z,15.98,15.0900677040103,-0.0211958720429147,-0.570063360789234,65.5293330130319,5.24371855249517,66.5875620565943,0,-0.0502601908866733,-0.00132859788346675,0.0206308320364818,MV-202-15,sine_steer_python_15kmh,COMPLETED
1600,2026年09月25日_14时38分14秒_第001次,2026-09-25T14:38:14+08:00,2026-09-25T06:38:14Z,15.99,15.0901028523087,-0.0218210778737322,-0.492184715928497,65.5712496312067,5.24356205677997,66.6294783658688,0,-0.0251320797667051,-0.000723391361542666,0.00781762510901407,MV-202-15,sine_steer_python_15kmh,COMPLETED
1601,2026年09月25日_14时38分14秒_第001次,2026-09-25T14:38:14+08:00,2026-09-25T06:38:14Z,16,15.0901360503903,-0.0224424289580329,-0.414227115486112,65.6131663343479,5.2434030645722,66.6713947980873,0,-1.46957615897682e-15,-0.000118072302892519,-0.00499681985840916,MV-202-15,sine_steer_python_15kmh,COMPLETED
1602,2026年09月25日_14时38分14秒_第001次,2026-09-25T14:38:14+08:00,2026-09-25T06:38:14Z,16.01,15.0901672773881,-0.0230597736361026,-0.336202953973647,65.6550831190942,5.24324215050526,66.7133113533209,0,0.0251320797667093,0.000487262891855427,-0.0178105194443515,MV-202-15,sine_steer_python_15kmh,COMPLETED
1603,2026年09月25日_14时38分14秒_第001次,2026-09-25T14:38:14+08:00,2026-09-25T06:38:14Z,16.02,15.0901965136952,-0.023672967341256,-0.258124629079083,65.6969999821087,5.24307988956454,66.7552280310724,0,0.0502601908866704,0.00109251790555485,-0.0306214867926465,MV-202-15,sine_steer_python_15kmh,COMPLETED
1604,2026年09月25日_14时38分14秒_第001次,2026-09-25T14:38:14+08:00,2026-09-25T06:38:14Z,16.03,15.0902237411959,-0.0242818739928889,-0.180004542820885,65.7389169200588,5.24291685699071,66.7971448302546,0,0.07538036533987,0.00169759654010456,-0.0434277310559777,MV-202-15,sine_steer_python_15kmh,COMPLETED
1605,2026年09月25日_14时38分14秒_第001次,2026-09-25T14:38:14+08:00,2026-09-25T06:38:14Z,16.04,15.0902489430289,-0.0248863671085467,-0.101855096460654,65.7808339295963,5.24275362818216,66.8390617491684,0,0.100488636359538,0.0023024027481529,-0.0562272570027532,MV-202-15,sine_steer_python_15kmh,COMPLETED
1606,2026年09月25日_14时38分14秒_第001次,2026-09-25T14:38:14+08:00,2026-09-25T06:38:14Z,16.05,15.0902721035409,-0.025486330605205,-0.0236886896658919,65.8227510073364,5.24259077859672,66.8809787854809,0,0.125581039058625,0.00290684066049003,-0.0690180648068404,MV-202-15,sine_steer_python_15kmh,COMPLETED
1607,2026年09月25日_14时38分14秒_第001次,2026-09-25T14:38:14+08:00,2026-09-25T06:38:14Z,16.06,15.0902932083439,-0.0260816592289033,0.0544822780799954,65.8646681498373,5.24242888365288,66.9228959362044,0,0.150653611055862,0.00351081460821216,-0.0817981500575472,MV-202-15,sine_steer_python_15kmh,COMPLETED
1608,2026年09月25日_14时38分14秒_第001次,2026-09-25T14:38:14+08:00,2026-09-25T06:38:14Z,16.07,15.090312244363,-0.0266722585926423,0.132645407515827,65.9065853535796,5.2422685186307,66.9648131976749,0,0.175702393101488,0.00411422913932825,-0.0945655040039699,MV-202-15,sine_steer_python_15kmh,COMPLETED
1609,2026年09月25日_14时38分14秒_第001次,2026-09-25T14:38:14+08:00,2026-09-25T06:38:14Z,16.08,15.0903291996754,-0.0272580448312263,0.210788298755201,65.9485026149458,5.24211025857285,67.0067305655322,0,0.20072342970243,0.00471698902988233,-0.107318114031926,MV-202-15,sine_steer_python_15kmh,COMPLETED
1610,2026年09月25日_14时38分14秒_第001次,2026-09-25T14:38:14+08:00,2026-09-25T06:38:14Z,16.09,15.0903440635508,-0.0278389438688912,0.288898554095553,65.9904199301993,5.24195467818589,67.0486480346987,0,0.225712769746962,0.00531899928948713,-0.120053964375767,MV-202-15,sine_steer_python_15kmh,COMPLETED
1611,2026年09月25日_14时38分14秒_第001次,2026-09-25T14:38:14+08:00,2026-09-25T06:38:14Z,16.1,15.0903568269202,-0.0284148904078728,0.36696378393343,66.0323372954642,5.24180235174234,67.0905655993605,0,0.250666467128613,0.00592016516276404,-0.132771036997881,MV-202-15,sine_steer_python_15kmh,COMPLETED
1612,2026年09月25日_14时38分14秒_第001次,2026-09-25T14:38:14+08:00,2026-09-25T06:38:14Z,16.11,15.0903674823043,-0.028985826648584,0.444971602766477,66.0742547067063,5.24165385298374,67.1324832529495,0,0.275580581369272,0.00652039212680773,-0.145467312638257,MV-202-15,sine_steer_python_15kmh,COMPLETED
1613,2026年09月25日_14时38分14秒_第001次,2026-09-25T14:38:14+08:00,2026-09-25T06:38:14Z,16.12,15.0903760234554,-0.0295517007028468,0.522909624130316,66.1161721597133,5.24150975502457,67.1744009881258,0,0.300451178241515,0.00711958588409306,-0.15814077205948,MV-202-15,sine_steer_python_15kmh,COMPLETED
1614,2026年09月25日_14时38分14秒_第001次,2026-09-25T14:38:14+08:00,2026-09-25T06:38:14Z,16.13,15.0903824453682,-0.0301124648374393,0.6007654641566,66.1580896500746,5.24137063025741,67.2163187967591,0,0.325274330389767,0.00771765235274132,-0.170789397399149,MV-202-15,sine_steer_python_15kmh,COMPLETED
1615,2026年09月25日_14时38分14秒_第001次,2026-09-25T14:38:14+08:00,2026-09-25T06:38:14Z,16.14,15.090386744366,-0.0306680736764686,0.678526745363945,66.2000071731609,5.24123705025962,67.2582366699124,0,0.35004611795055,0.00831449765596871,-0.183411173554453,MV-202-15,sine_steer_python_15kmh,COMPLETED
1616,2026年09月25日_14时38分14秒_第001次,2026-09-25T14:38:14+08:00,2026-09-25T06:38:14Z,16.15,15.0903889181246,-0.0312184824166685,0.756181096469052,66.2419247241055,5.24110958570138,67.3001545978253,0,0.374762629171446,0.00891002811147672,-0.196004089567665,MV-202-15,sine_steer_python_15kmh,COMPLETED
1617,2026年09月25日_14时38分14秒_第001次,2026-09-25T14:38:14+08:00,2026-09-25T06:38:14Z,16.16,15.0903889656568,-0.0317636450980729,0.8337161512818,66.2838422977843,5.24098880625511,67.3420725698988,0,0.399419961028816,0.0095041502213941,-0.208566139986915,MV-202-15,sine_steer_python_15kmh,COMPLETED
1618,2026年09月25日_14时38分14秒_第001次,2026-09-25T14:38:14+08:00,2026-09-25T06:38:14Z,16.17,15.09038688729,-0.032303512997591,0.91111954938242,66.3257598887969,5.24087528050612,67.3839905746807,0,0.42401421984411,0.010096770663738,-0.221095326160747,MV-202-15,sine_steer_python_15kmh,COMPLETED
1619,2026年09月25日_14时38分14秒_第001次,2026-09-25T14:38:14+08:00,2026-09-25T06:38:14Z,16.18,15.0903826846456,-0.0328380332115412,0.988378937746503,66.3676774914475,5.24076957586442,67.4259085998511,0,0.448541521898761,0.0106877962863533,-0.23358965742581,MV-202-15,sine_steer_python_15kmh,COMPLETED
1620,2026年09月25日_14时38分14秒_第001次,2026-09-25T14:38:14+08:00,2026-09-25T06:38:14Z,16.19,15.0903763606169,-0.0333671474660879,1.065481971872,66.4095950997264,5.2406722584775,67.4678266322093,0,0.472997994047454,0.0112771341039041,-0.246047152163086,MV-202-15,sine_steer_python_15kmh,COMPLETED
1621,2026年09月25日_14时38分14秒_第001次,2026-09-25T14:38:14+08:00,2026-09-25T06:38:14Z,16.2,15.0903679193428,-0.03389079117443,1.14241631651369,66.4515127072909,5.24058389314408,67.5097446576606,0,0.497379774329705,0.0118646912982124,-0.258465838710172,MV-202-15,sine_steer_python_15kmh,COMPLETED
1622,2026年09月25日_14时38分14秒_第001次,2026-09-25T14:38:14+08:00,2026-09-25T06:38:14Z,16.21,15.0903573661756,-0.0344088927565241,1.2191696468014,66.4934303074471,5.24050504322826,67.5516626612042,0,0.521683012579795,0.0124503752221994,-0.270843756118907,MV-202-15,sine_steer_python_15kmh,COMPLETED
1623,2026年09月25日_14时38分14秒_第001次,2026-09-25T14:38:14+08:00,2026-09-25T06:38:14Z,16.22,15.0903447076387,-0.0349213732406677,1.29572964996112,66.5353478931315,5.24043627057432,67.5935806269215,0,0.545903871034643,0.0130340934077272,-0.283178954745274,MV-202-15,sine_steer_python_15kmh,COMPLETED
1624,2026年09月25日_14时38分14秒_第001次,2026-09-25T14:38:14+08:00,2026-09-25T06:38:14Z,16.23,15.0903299513744,-0.0354281461717639,1.37208402744672,66.577265456893,5.24037813542165,67.6354985379642,0,0.57003852493995,0.0136157535777372,-0.295469496655368,MV-202-15,sine_steer_python_15kmh,COMPLETED
1625,2026年09月25日_14时38分14秒_第001次,2026-09-25T14:38:14+08:00,2026-09-25T06:38:14Z,16.24,15.0903131060833,-0.0359291178637673,1.44822049749867,66.6191829908746,5.24033119631978,67.6774163765447,0,0.594083163154073,0.014195263663244,-0.307713455822977,MV-202-15,sine_steer_python_15kmh,COMPLETED
1626,2026年09月25日_14时38分14秒_第001次,2026-09-25T14:38:14+08:00,2026-09-25T06:38:14Z,16.25,15.0902941814561,-0.0364241880571638,1.52412679847076,66.661100486796,5.24029601004318,67.719334123925,0,0.618033988749897,0.0147725318261019,-0.319908918080419,MV-202-15,sine_steer_python_15kmh,COMPLETED
1627,2026年09月25日_14时38分14秒_第001次,2026-09-25T14:38:14+08:00,2026-09-25T06:38:14Z,16.26,15.0902731881021,-0.0369132510721431,1.59979069331393,66.7030179359354,5.24027313150567,67.7612517604077,0,0.641887219614419,0.0153474664888824,-0.33205398076552,MV-202-15,sine_steer_python_15kmh,COMPLETED
1628,2026年09月25日_14时38分14秒_第001次,2026-09-25T14:38:14+08:00,2026-09-25T06:38:14Z,16.27,15.0902501374875,-0.0373961975747897,1.67519997556985,66.7449353291124,5.24026311367393,67.8031692653273,0,0.665639089045972,0.0159199763735944,-0.344146751990976,MV-202-15,sine_steer_python_15kmh,COMPLETED
1629,2026年09月25日_14时38分14秒_第001次,2026-09-25T14:38:14+08:00,2026-09-25T06:38:14Z,16.28,15.0902250418292,-0.0378729170793602,1.75034247636602,66.7868526566704,5.24026650747991,67.8450866170413,0,0.689285846349038,0.0164899705510804,-0.356185349459899,MV-202-15,sine_steer_python_15kmh,COMPLETED
1630,2026年09月25日_14时38分14秒_第001次,2026-09-25T14:38:14+08:00,2026-09-25T06:38:14Z,16.29,15.0901979138159,-0.0383433012634284,1.82520607140278,66.8287699084597,5.24028386173148,67.8870037929233,0,0.712823757426498,0.017057358502267,-0.368167898781121,MV-202-15,sine_steer_python_15kmh,COMPLETED
1631,2026年09月25日_14时38分14秒_第001次,2026-09-25T14:38:14+08:00,2026-09-25T06:38:14Z,16.3,15.090168767346,-0.0388072481189308,1.89977870369668,66.8706870738199,5.24031572302084,67.9289207693552,0,0.736249105369357,0.0176220501916988,-0.380092531233631,MV-202-15,sine_steer_python_15kmh,COMPLETED
1632,2026年09月25日_14时38分14秒_第001次,2026-09-25T14:38:14+08:00,2026-09-25T06:38:14Z,16.31,15.0901376179387,-0.0392646668394959,1.97404839723269,66.9126041415662,5.24036263563079,67.9708375217244,0,0.759558191043595,0.0181839561520196,-0.391957381068923,MV-202-15,sine_steer_python_15kmh,COMPLETED
1633,2026年09月25日_14时38分14秒_第001次,2026-09-25T14:38:14+08:00,2026-09-25T06:38:14Z,16.32,15.0901044824912,-0.0397154827009307,2.04800326222299,66.9545210999765,5.240425141438,68.0127540244213,0,0.782747333674403,0.0187429875688715,-0.403760582809408,MV-202-15,sine_steer_python_15kmh,COMPLETED
1634,2026年09月25日_14时38分14秒_第001次,2026-09-25T14:38:14+08:00,2026-09-25T06:38:14Z,16.33,15.090069379596,-0.0401596411898114,2.12163151024594,66.9964379367771,5.24050377981392,68.0546702508373,0,0.805812871427329,0.0192990563555493,-0.4155002689597,MV-202-15,sine_steer_python_15kmh,COMPLETED
1635,2026年09月25日_14时38分14秒_第001次,2026-09-25T14:38:14+08:00,2026-09-25T06:38:14Z,16.34,15.0900323300045,-0.0405971105069764,2.19492146844042,67.0383546391324,5.24059908752432,68.0965861733651,0,0.828751161986564,0.019852075204842,-0.427174568672767,MV-202-15,sine_steer_python_15kmh,COMPLETED
1636,2026年09月25日_14时38分14秒_第001次,2026-09-25T14:38:14+08:00,2026-09-25T06:38:14Z,16.35,15.0899933568955,-0.0410278816628166,2.26786158205527,67.0802711936342,5.24071159862904,68.1385017634012,0,0.851558583130146,0.020401957606671,-0.438781607863032,MV-202-15,sine_steer_python_15kmh,COMPLETED
1637,2026年09月25日_14时38分14秒_第001次,2026-09-25T14:38:14+08:00,2026-09-25T06:38:14Z,16.36,15.0899524858545,-0.0414519658442426,2.3404404065815,67.1221875862933,5.24084184438341,68.1804169913491,0,0.874231533301865,0.0209486178266567,-0.45031951097652,MV-202-15,sine_steer_python_15kmh,COMPLETED
1638,2026年09月25日_14时38分14秒_第001次,2026-09-25T14:38:14+08:00,2026-09-25T06:38:14Z,16.37,15.0899097446122,-0.0418693894385497,2.41264659560929,67.1641038025305,5.2409903531431,68.2223318266229,0,0.896766432180062,0.0214919708508054,-0.461786404198797,MV-202-15,sine_steer_python_15kmh,COMPLETED
1639,2026年09月25日_14时38分14秒_第001次,2026-09-25T14:38:14+08:00,2026-09-25T06:38:14Z,16.38,15.08986516266,-0.042280187668704,2.48446888769411,67.2060198271673,5.24115765027339,68.2642462376506,0,0.919159721242972,0.0220319323096747,-0.473180419532071,MV-202-15,sine_steer_python_15kmh,COMPLETED
1640,2026年09月25日_14时38分14秒_第001次,2026-09-25T14:38:14+08:00,2026-09-25T06:38:14Z,16.39,15.0898187708696,-0.0426843979371403,2.55589609305002,67.2479356444159,5.24134425806358,68.306160191877,0,0.941407864330666,0.0225684183975395,-0.484499699080804,MV-202-15,sine_steer_python_15kmh,COMPLETED
1641,2026年09月25日_14时38分14秒_第001次,2026-09-25T14:38:14+08:00,2026-09-25T06:38:14Z,16.4,15.0897706011953,-0.0430820537583529,2.62691708131716,67.2898512378688,5.24155069564606,68.3480736557659,0,0.963507348203424,0.0231013457991056,-0.49574239901157,MV-202-15,sine_steer_python_15kmh,COMPLETED
1642,2026年09月25日_14时38分14秒_第001次,2026-09-25T14:38:14+08:00,2026-09-25T06:38:14Z,16.41,15.0897206864821,-0.0434731798007226,2.69752077207786,67.3317665904889,5.24177747891966,68.3899865948034,0,0.985454683096582,0.0236306316312791,-0.506906692868077,MV-202-15,sine_steer_python_15kmh,COMPLETED
1643,2026年09月25日_14时38分14秒_第001次,2026-09-25T14:38:14+08:00,2026-09-25T06:38:14Z,16.42,15.0896690603616,-0.0438577882274892,2.7676961287856,67.3736816845985,5.24202512047619,68.4318989735005,0,1.00724640327152,0.0241561934028326,-0.517990774120682,MV-202-15,sine_steer_python_15kmh,COMPLETED
1644,2026年09月25日_14时38分14秒_第001次,2026-09-25T14:38:14+08:00,2026-09-25T06:38:14Z,16.43,15.0896157572089,-0.0442358763018829,2.83743215559999,67.4155965018697,5.24229412952939,68.473810755398,0,1.02887906756301,0.0246779489916234,-0.528992857965753,MV-202-15,sine_steer_python_15kmh,COMPLETED
1645,2026年09月25日_14时38分14秒_第001次,2026-09-25T14:38:14+08:00,2026-09-25T06:38:14Z,16.44,15.0895608121363,-0.0446074251071851,2.90671789638644,67.4575110233155,5.24258501184551,68.5157219030712,0,1.05034925992259,0.0251958166373772,-0.539911182459343,MV-202-15,sine_steer_python_15kmh,COMPLETED
1646,2026年09月25日_14时38分14秒_第001次,2026-09-25T14:38:14+08:00,2026-09-25T06:38:14Z,16.45,15.0895042610177,-0.0449723992009853,2.97554243528057,67.4994252292805,5.24289826967467,68.5576323781365,0,1.07165358995799,0.0257097149475777,-0.550744009088837,MV-202-15,sine_steer_python_15kmh,COMPLETED
1647,2026年09月25日_14时38分14秒_第001次,2026-09-25T14:38:14+08:00,2026-09-25T06:38:14Z,16.46,15.0894461405122,-0.0453307469671991,3.04389489091187,67.5413390994334,5.24323440168265,68.5995421412593,0,1.09278869346854,0.0262195629131994,-0.561489622922264,MV-202-15,sine_steer_python_15kmh,COMPLETED
1648,2026年09月25日_14时38分14秒_第001次,2026-09-25T14:38:14+08:00,2026-09-25T06:38:14Z,16.47,15.0893864858668,-0.0456824018049789,3.11176445782256,67.5832526127585,5.24359390288237,68.6414511521613,0,1.11375123297637,0.0267252799363452,-0.572146332342813,MV-202-15,sine_steer_python_15kmh,COMPLETED
1649,2026年09月25日_14时38分14秒_第001次,2026-09-25T14:38:14+08:00,2026-09-25T06:38:14Z,16.48,15.089325332571,-0.0460272841062288,3.17914039648206,67.6251657475399,5.24397726456578,68.6833593696206,0,1.13453789825351,0.0272267858692001,-0.582712468140213,MV-202-15,sine_steer_python_15kmh,COMPLETED
1650,2026年09月25日_14时38分14秒_第001次,2026-09-25T14:38:14+08:00,2026-09-25T06:38:14Z,16.49,15.0892627214983,-0.046365302532099,3.24601197151496,67.6670784813649,5.24438497423419,68.7252667514921,0,1.15514540684454,0.0277240010430944,-0.593186382850631,MV-202-15,sine_steer_python_15kmh,COMPLETED
1651,2026年09月25日_14时38分14秒_第001次,2026-09-25T14:38:14+08:00,2026-09-25T06:38:14Z,16.5,15.0891986959525,-0.0466963558120734,3.31236848055548,67.7089907911293,5.24481751552667,68.7671732547303,0,1.17557050458494,0.0282168463050852,-0.603566450114895,MV-202-15,sine_steer_python_15kmh,COMPLETED
1652,2026年09月25日_14时38分14秒_第001次,2026-09-25T14:38:14+08:00,2026-09-25T06:38:14Z,16.51,15.0891332970995,-0.047020335528409,3.37819931271237,67.7509026530291,5.24527536814833,68.8090788353967,0,1.19580996611504,0.0287052430687322,-0.613851063518271,MV-202-15,sine_steer_python_15kmh,COMPLETED
1653,2026年09月25日_14时38分14秒_第001次,2026-09-25T14:38:14+08:00,2026-09-25T06:38:14Z,16.52,15.0890665652325,-0.0473371289609347,3.4434939456588,67.7928140425489,5.24575900779799,68.8509834486652,0,1.21586059538921,0.0291891133659554,-0.624038635125239,MV-202-15,sine_steer_python_15kmh,COMPLETED
1654,2026年09月25日_14时38分14秒_第001次,2026-09-25T14:38:14+08:00,2026-09-25T06:38:14Z,16.53,15.0889985419363,-0.0476466216693285,3.508241930499,67.8347249344571,5.24626890609424,68.8928870488337,0,1.23571922618067,0.0296683798953705,-0.634127594107609,MV-202-15,sine_steer_python_15kmh,COMPLETED
1655,2026年09月25日_14时38分14秒_第001次,2026-09-25T14:38:14+08:00,2026-09-25T06:38:14Z,16.54,15.0889292705443,-0.0479486999477229,3.57243289134638,67.876635302806,5.24680553049981,68.9347895893403,0,1.2553827225814,0.0301429660689883,-0.644116385507377,MV-202-15,sine_steer_python_15kmh,COMPLETED
1656,2026年09月25日_14时38分14秒_第001次,2026-09-25T14:38:14+08:00,2026-09-25T06:38:14Z,16.55,15.0888587954699,-0.0482432532371518,3.63605653467447,67.9185451209309,5.2473693442448,68.9766910227801,0,1.27484797949738,0.0306127960584926,-0.6540034690639,MV-202-15,sine_steer_python_15kmh,COMPLETED
1657,2026年09月25日_14时38分14秒_第001次,2026-09-25T14:38:14+08:00,2026-09-25T06:38:14Z,16.56,15.0887871616428,-0.0485301764003169,3.69910265851305,67.960454361449,5.24796080624907,69.0185913009207,0,1.29411192313889,0.0310777948397168,-0.663787318107805,MV-202-15,sine_steer_python_15kmh,COMPLETED
1658,2026年09月25日_14时38分14秒_第001次,2026-09-25T14:38:14+08:00,2026-09-25T06:38:14Z,16.57,15.0887144145036,-0.0488093717169212,3.76156115791683,68.002362996258,5.24858037104377,69.0604903747177,0,1.31317151150591,0.0315378882332795,-0.673466418584403,MV-202-15,sine_steer_python_15kmh,COMPLETED
1659,2026年09月25日_14时38分14秒_第001次,2026-09-25T14:38:14+08:00,2026-09-25T06:38:14Z,16.58,15.0886406002199,-0.0490807505168799,3.82342202856558,68.0442709965354,5.24922848869233,69.1023881943315,0,1.3320237348685,0.0319930029401592,-0.683039268272408,MV-202-15,sine_steer_python_15kmh,COMPLETED
1660,2026年09月25日_14时38分14秒_第001次,2026-09-25T14:38:14+08:00,2026-09-25T06:38:14Z,16.59,15.0885657657622,-0.0493442344245901,3.88467537040941,68.0861783327395,5.24990560471117,69.1442847091464,0,1.35066561624205,0.0324430665717824,-0.692504376233654,MV-202-15,sine_steer_python_15kmh,COMPLETED
1661,2026年09月25日_14时38分14秒_第001次,2026-09-25T14:38:14+08:00,2026-09-25T06:38:14Z,16.6,15.088489958812,-0.0495997562048126,3.94531139172986,68.1280849746114,5.25061215999051,69.1861798677894,0,1.36909421185738,0.0328880076744405,-0.701860262503648,MV-202-15,sine_steer_python_15kmh,COMPLETED
1662,2026年09月25日_14时38分14秒_第001次,2026-09-25T14:38:14+08:00,2026-09-25T06:38:14Z,16.61,15.0884132276424,-0.0498472602070887,4.00532041321213,68.1699908911766,5.25134859071555,69.2280736181513,0,1.38730661162561,0.033327755747943,-0.711105458020102,MV-202-15,sine_steer_python_15kmh,COMPLETED
1663,2026年09月25日_14时38分14秒_第001次,2026-09-25T14:38:14+08:00,2026-09-25T06:38:14Z,16.62,15.0883356208354,-0.0500867023995594,4.06469286879324,68.2118960507475,5.25211532828841,69.2699659074068,0,1.4052999395977,0.0337622412583299,-0.72023850480444,MV-202-15,sine_steer_python_15kmh,COMPLETED
1664,2026年09月25日_14时38分14秒_第001次,2026-09-25T14:38:14+08:00,2026-09-25T06:38:14Z,16.63,15.08825718721,-0.0503180500293895,4.12341930956475,68.2538004209263,5.25291279925105,69.3118566820358,0,1.42307135441857,0.034191395645119,-0.729257956355927,MV-202-15,sine_steer_python_15kmh,COMPLETED
1665,2026年09月25日_14时38分14秒_第001次,2026-09-25T14:38:14+08:00,2026-09-25T06:38:14Z,16.64,15.0881779766269,-0.050541281059857,4.18149041683101,68.2957039686087,5.25374142520958,69.3537458878453,0,1.44061804977581,0.0346151513251952,-0.738162378131499,MV-202-15,sine_steer_python_15kmh,COMPLETED
1666,2026年09月25日_14时38分14秒_第001次,2026-09-25T14:38:14+08:00,2026-09-25T06:38:14Z,16.65,15.0880980393884,-0.0507563833381726,4.23889699245976,68.3376066599897,5.25460162276025,69.3956334699942,0,1.45793725484282,0.03503344169265,-0.74695034826434,MV-202-15,sine_steer_python_15kmh,COMPLETED
1667,2026年09月25日_14时38分14秒_第001次,2026-09-25T14:38:14+08:00,2026-09-25T06:38:14Z,16.66,15.0880174258586,-0.0509633534305448,4.29562995624805,68.3795084605682,5.25549380341683,69.4375193730161,0,1.47502623471635,0.0354462011136355,-0.755620458475084,MV-202-15,sine_steer_python_15kmh,COMPLETED
1668,2026年09月25日_14时38分14秒_第001次,2026-09-25T14:38:14+08:00,2026-09-25T06:38:14Z,16.67,15.0879361872563,-0.0511621954130137,4.35168036102891,68.421409335153,5.25641837353979,69.4794035408425,0,1.49188229084836,0.0358533649203123,-0.764171314946736,MV-202-15,sine_steer_python_15kmh,COMPLETED
1669,2026年09月25日_14时38分14秒_第001次,2026-09-25T14:38:14+08:00,2026-09-25T06:38:14Z,16.68,15.0878543753281,-0.0513529196054267,4.4070393878805,68.4633092478699,5.25737573426777,69.5212859168294,0,1.50850276147221,0.0362548694037082,-0.772601539299297,MV-202-15,sine_steer_python_15kmh,COMPLETED
1670,2026年09月25日_14时38分14秒_第001次,2026-09-25T14:38:14+08:00,2026-09-25T06:38:14Z,16.69,15.087772041888,-0.0515355411543219,4.46169834188393,68.5052081621691,5.25836628145069,69.5631664437813,0,1.5248850220229,0.0366506518041288,-0.780909769668394,MV-202-15,sine_steer_python_15kmh,COMPLETED
1671,2026年09月25日_14时38分14秒_第001次,2026-09-25T14:38:14+08:00,2026-09-25T06:38:14Z,16.7,15.0876892387391,-0.0517100786067572,4.51564865419595,68.5471060408315,5.25939040558475,69.605045063976,0,1.54102648555158,0.037040650301132,-0.78909466177251,MV-202-15,sine_steer_python_15kmh,COMPLETED
1672,2026年09月25日_14时38分14秒_第001次,2026-09-25T14:38:14+08:00,2026-09-25T06:38:14Z,16.71,15.0876060181768,-0.0518765525541681,4.56888187977465,68.5890028459771,5.26044849174947,69.6469217191903,0,1.55692460313405,0.0374248040041965,-0.797154889907422,MV-202-15,sine_steer_python_15kmh,COMPLETED
1673,2026年09月25日_14时38分14秒_第001次,2026-09-25T14:38:14+08:00,2026-09-25T06:38:14Z,16.72,15.0875224329998,-0.0520349843000341,4.62138970052894,68.6308985390744,5.26154091954664,69.6887963507274,0,1.57257686427323,0.0378030529434263,-0.805089147957869,MV-202-15,sine_steer_python_15kmh,COMPLETED
1674,2026年09月25日_14时38分14秒_第001次,2026-09-25T14:38:14+08:00,2026-09-25T06:38:14Z,16.73,15.0874385361248,-0.0521853946507875,4.67316392942669,68.6727930809504,5.26266806304116,69.7306688994447,0,1.58798079729567,0.0381753380617188,-0.812896150362654,MV-202-15,sine_steer_python_15kmh,COMPLETED
1675,2026年09月25日_14时38分14秒_第001次,2026-09-25T14:38:14+08:00,2026-09-25T06:38:14Z,16.74,15.0873543805454,-0.0523278028355209,4.72419650752714,68.7146864318005,5.26383029070371,69.7725393057812,0,1.60313396974176,0.0385416012084841,-0.820574632984809,MV-202-15,sine_steer_python_15kmh,COMPLETED
1676,2026年09月25日_14时38分14秒_第001次,2026-09-25T14:38:14+08:00,2026-09-25T06:38:14Z,16.75,15.0872700193727,-0.0524622255383371,4.77447950106224,68.7565785511989,5.26502796535505,69.8144075097864,0,1.61803398874989,0.0389017851347014,-0.828123353910935,MV-202-15,sine_steer_python_15kmh,COMPLETED
1677,2026年09月25日_14时38分14秒_第001次,2026-09-25T14:38:14+08:00,2026-09-25T06:38:14Z,16.76,15.0871855058177,-0.0525886760783867,4.82400510188273,68.7984693981101,5.26626144411191,69.8562734511493,0,1.63267850143437,0.0392558334898266,-0.835541094166382,MV-202-15,sine_steer_python_15kmh,COMPLETED
1678,2026年09月25日_14时38分14秒_第001次,2026-09-25T14:38:14+08:00,2026-09-25T06:38:14Z,16.77,15.0871008931469,-0.0527071637738955,4.87276562871058,68.8403589309008,5.26753107833437,69.898137069228,0,1.64706519525685,0.0396036908210804,-0.842826658321712,MV-202-15,sine_steer_python_15kmh,COMPLETED
1679,2026年09月25日_14时38分14秒_第001次,2026-09-25T14:38:14+08:00,2026-09-25T06:38:14Z,16.78,15.0870162346508,-0.0528176934953827,4.92075352693509,68.8822471073525,5.26883721357466,69.9399983030804,0,1.66119179839163,0.0399453025752189,-0.849978874984005,MV-202-15,sine_steer_python_15kmh,COMPLETED
1680,2026年09月25日_14时38分14秒_第001次,2026-09-25T14:38:14+08:00,2026-09-25T06:38:14Z,16.79,15.0869315836182,-0.0529202654000862,4.96796136763616,68.9241338846744,5.27018018952715,69.9818570914944,0,1.67505608008428,0.0402806151026876,-0.856996597177156,MV-202-15,sine_steer_python_15kmh,COMPLETED
1681,2026年09月25日_14时38分14秒_第001次,2026-09-25T14:38:14+08:00,2026-09-25T06:38:14Z,16.8,15.0868469933053,-0.0530148748461832,5.01438184716061,68.9660192195171,5.27156033997947,70.0237133730192,0,1.68865585100403,0.040609575664163,-0.863878702611885,MV-202-15,sine_steer_python_15kmh,COMPLETED
1682,2026年09月25日_14时38分14秒_第001次,2026-09-25T14:38:14+08:00,2026-09-25T06:38:14Z,16.81,15.0867625168497,-0.0531015124863568,5.06000778798237,69.0079030679869,5.27297799276458,70.0655670859965,0,1.70198896358938,0.0409321324394911,-0.870624093847924,MV-202-15,sine_steer_python_15kmh,COMPLETED
1683,2026年09月25日_14时38分14秒_第001次,2026-09-25T14:38:14+08:00,2026-09-25T06:38:14Z,16.82,15.0866782068892,-0.0531801645321549,5.1048321428947,69.0497853856598,5.27443346971369,70.1074181685915,0,1.7150533123873,0.0412482345389255,-0.877231698368891,MV-202-15,sine_steer_python_15kmh,COMPLETED
1684,2026年09月25日_14时38分14秒_第001次,2026-09-25T14:38:14+08:00,2026-09-25T06:38:14Z,16.83,15.086594116373,-0.0532508132267845,5.14884798269891,69.0916661275964,5.27592708660997,70.1492665588244,0,1.72784683438567,0.0415578320172166,-0.883700468447868,MV-202-15,sine_steer_python_15kmh,COMPLETED
1685,2026年09月25日_14时38分14秒_第001次,2026-09-25T14:38:14+08:00,2026-09-25T06:38:14Z,16.84,15.0865102984706,-0.0533134373217007,5.1920485008028,69.1335452483594,5.2774591531427,70.1911121946041,0,1.74036750933905,0.0418608758876546,-0.890029381063008,MV-202-15,sine_steer_python_15kmh,COMPLETED
1686,2026年09月25日_14时38分14秒_第001次,2026-09-25T14:38:14+08:00,2026-09-25T06:38:14Z,16.85,15.0864268060158,-0.053368012730972,5.23442702293983,69.1754227020301,5.27902997286202,70.2329550137617,0,1.75261336008773,0.0421573181385501,-0.896217437731537,MV-202-15,sine_steer_python_15kmh,COMPLETED
1687,2026年09月25日_14时38分14秒_第001次,2026-09-25T14:38:14+08:00,2026-09-25T06:38:14Z,16.86,15.0863436908555,-0.0534145132297541,5.27597699706363,69.2172984422241,5.28063984313421,70.2747949540814,0,1.76458245286991,0.0424471117502608,-0.902263664318286,MV-202-15,sine_steer_python_15kmh,COMPLETED
1688,2026年09月25日_14时38分14秒_第001次,2026-09-25T14:38:14+08:00,2026-09-25T06:38:14Z,16.87,15.0862610047245,-0.0534529112735923,5.31669200274122,69.2591724221077,5.28228905509734,70.316631953333,0,1.77627289762709,0.0427302107138679,-0.908167110661179,MV-202-15,sine_steer_python_15kmh,COMPLETED
1689,2026年09月25日_14时38分14秒_第001次,2026-09-25T14:38:14+08:00,2026-09-25T06:38:14Z,16.88,15.086178799996,-0.0534831789459613,5.35656575812749,69.3010445944174,5.28397789361754,70.358465949307,0,1.78768284830253,0.0430065700516181,-0.913926850117574,MV-202-15,sine_steer_python_15kmh,COMPLETED
1690,2026年09月25日_14时38分14秒_第001次,2026-09-25T14:38:14+08:00,2026-09-25T06:38:14Z,16.89,15.086097128575,-0.0535052887581201,5.3955921114604,69.3429149114801,5.2857066372457,70.4002968798503,0,1.79881050313274,0.0432761458352027,-0.919541979318602,MV-202-15,sine_steer_python_15kmh,COMPLETED
1691,2026年09月25日_14时38分14秒_第001次,2026-09-25T14:38:14+08:00,2026-09-25T06:38:14Z,16.9,15.086016041106,-0.0535192143225407,5.4337650406391,69.3847833252306,5.2874755581743,70.4421246828988,0,1.80965410493204,0.0435388952021583,-0.925011617973246,MV-202-15,sine_steer_python_15kmh,COMPLETED
1692,2026年09月25日_14时38分14秒_第001次,2026-09-25T14:38:14+08:00,2026-09-25T06:38:14Z,16.91,15.0859355889473,-0.0535249310296263,5.47107863477119,69.4266497872305,5.28928492219476,70.4839492965116,0,1.82021194136999,0.0437947763722281,-0.930334908470971,MV-202-15,sine_steer_python_15kmh,COMPLETED
1693,2026年09月25日_14时38分14秒_第001次,2026-09-25T14:38:14+08:00,2026-09-25T06:38:14Z,16.92,15.0858558232793,-0.0535224164876311,5.5075271203938,69.4685142486912,5.29113498865527,70.525770658909,0,1.83048234524184,0.04404374866025,-0.935511015818012,MV-202-15,sine_steer_python_15kmh,COMPLETED
1694,2026年09月25日_14时38分14秒_第001次,2026-09-25T14:38:14+08:00,2026-09-25T06:38:14Z,16.93,15.0857767944752,-0.0535116510703663,5.54310487204884,69.510376660494,5.29302601041971,70.5675887085072,0,1.84046369473174,0.0442857724904696,-0.940539127486191,MV-202-15,sine_steer_python_15kmh,COMPLETED
1695,2026年09月25日_14时38分14秒_第001次,2026-09-25T14:38:14+08:00,2026-09-25T06:38:14Z,16.94,15.0856985523409,-0.0534926183647466,5.57780640053248,69.5522369732108,5.2949582338274,70.6094033839523,0,1.85015441366892,0.0445208094093172,-0.945418453255089,MV-202-15,sine_steer_python_15kmh,COMPLETED
1696,2026年09月25日_14时38分14秒_第001次,2026-09-25T14:38:14+08:00,2026-09-25T06:38:14Z,16.95,15.0856211462225,-0.053465305398376,5.61162634667123,69.5940951371252,5.29693189865342,70.6512146241565,0,1.8595529717765,0.0447488220949211,-0.950148225190156,MV-202-15,sine_steer_python_15kmh,COMPLETED
1697,2026年09月25日_14时38分14秒_第001次,2026-09-25T14:38:14+08:00,2026-09-25T06:38:14Z,16.96,15.0855446248919,-0.0534297027444966,5.64455948679461,69.6359511022546,5.29894723806976,70.6930223683329,0,1.86865788491322,0.0449697743647253,-0.954727697705761,MV-202-15,sine_steer_python_15kmh,COMPLETED
1698,2026年09月25日_14时38分14秒_第001次,2026-09-25T14:38:14+08:00,2026-09-25T06:38:14Z,16.97,15.0854690364985,-0.053385804583947,5.67660073836131,69.6778048183727,5.30100447860769,70.7348265560315,0,1.87746771530775,0.045183631182332,-0.959156147645301,MV-202-15,sine_steer_python_15kmh,COMPLETED
1699,2026年09月25日_14时38分14秒_第001次,2026-09-25T14:38:14+08:00,2026-09-25T06:38:14Z,16.98,15.0853944286087,-0.0533336087016975,5.70774516005796,69.719656235032,5.30310384012123,70.776627127174,0,1.88598107178573,0.0453903586632427,-0.963432874390295,MV-202-15,sine_steer_python_15kmh,COMPLETED
1700,2026年09月25日_14时38分14秒_第001次,2026-09-25T14:38:14+08:00,2026-09-25T06:38:14Z,16.99,15.0853208482049,-0.0532731163856457,5.73798795035505,69.7615053015871,5.30524553575177,70.8184240220904,0,1.89419660998949,0.0455899240790285,-0.967557200027587,MV-202-15,sine_steer_python_15kmh,COMPLETED
1701,2026年09月25日_14时38分14秒_第001次,2026-09-25T14:38:14+08:00,2026-09-25T06:38:14Z,17,15.085248341625,-0.053204332243099,5.76732444819967,69.8033519672187,5.30742977189387,70.8602171815539,0,1.90211303259031,0.0457822958601369,-0.97152846956722,MV-202-15,sine_steer_python_15kmh,COMPLETED
1702,2026年09月25日_14时38分14秒_第001次,2026-09-25T14:38:14+08:00,2026-09-25T06:38:14Z,17.01,15.085176954063,-0.0531272639622596,5.795750139848,69.8451961809564,5.30965674816228,70.9020065468165,0,1.90972908949329,0.0459674435977146,-0.975346051222979,MV-202-15,sine_steer_python_15kmh,COMPLETED
1703,2026年09月25日_14时38分14秒_第001次,2026-09-25T14:38:14+08:00,2026-09-25T06:38:14Z,17.02,15.0851067300326,-0.053041922077031,5.82326065233363,69.8870378917028,5.31192665736039,70.9437920596434,0,1.91704357803475,0.0461453380452739,-0.979009336617599,MV-202-15,sine_steer_python_15kmh,COMPLETED
1704,2026年09月25日_14时38分14秒_第001次,2026-09-25T14:38:14+08:00,2026-09-25T06:38:14Z,17.03,15.0850377140942,-0.0529483196385533,5.84985174654372,69.9288770482592,5.31423968544984,70.9855736623506,0,1.92405534317217,0.0463159511188214,-0.982517741021193,MV-202-15,sine_steer_python_15kmh,COMPLETED
1705,2026年09月25日_14时38分14秒_第001次,2026-09-25T14:38:14+08:00,2026-09-25T06:38:14Z,17.04,15.0849699499764,-0.0528464718006246,5.87551933301635,69.9707135993518,5.31659601152154,71.0273512978412,0,1.93076327766655,0.0464792558955374,-0.985870703757789,MV-202-15,sine_steer_python_15kmh,COMPLETED
1706,2026年09月25日_14时38分14秒_第001次,2026-09-25T14:38:14+08:00,2026-09-25T06:38:14Z,17.05,15.0849034803762,-0.0527363955051021,5.90025947366217,70.0125474936562,5.31899580776821,71.0691249096412,0,1.93716632225726,0.0466352266136594,-0.989067688500073,MV-202-15,sine_steer_python_15kmh,COMPLETED
1707,2026年09月25日_14时38分14秒_第001次,2026-09-25T14:38:14+08:00,2026-09-25T06:38:14Z,17.06,15.0848383471432,-0.05261810914865,5.92406837507329,70.0543786798232,5.32143923945836,71.1108944419336,0,1.94326346582935,0.0467838386718815,-0.99210818354431,MV-202-15,sine_steer_python_15kmh,COMPLETED
1708,2026年09月25日_14时38分14秒_第001次,2026-09-25T14:38:14+08:00,2026-09-25T06:38:14Z,17.07,15.084774591304,-0.0524916322059155,5.9469423870481,70.0962071065039,5.32392646491147,71.1526598395947,0,1.94905374557315,0.0469250686279117,-0.994991702120807,MV-202-15,sine_steer_python_15kmh,COMPLETED
1709,2026年09月25日_14时38分14秒_第001次,2026-09-25T14:38:14+08:00,2026-09-25T06:38:14Z,17.08,15.0847122529827,-0.0523569848767573,5.96887800602876,70.1380327223763,5.32645763547469,71.1944210482286,0,1.95453624713639,0.0470588941971489,-0.997717782695425,MV-202-15,sine_steer_python_15kmh,COMPLETED
1710,2026年09月25日_14时38分14秒_第001次,2026-09-25T14:38:14+08:00,2026-09-25T06:38:14Z,17.09,15.0846513713756,-0.0522141877919206,5.98987187715899,70.1798554761718,5.32903289550085,71.2361780142027,0,1.95971010476849,0.0471852942519732,-1.00028598922917,MV-202-15,sine_steer_python_15kmh,COMPLETED
1711,2026年09月25日_14时38分14秒_第001次,2026-09-25T14:38:14+08:00,2026-09-25T06:38:14Z,17.1,15.0845919847641,-0.0520632617635356,6.00992079367279,70.2216753167008,5.33165238232797,71.2779306846818,0,1.96457450145738,0.0473042488214598,-1.00269591140513,MV-202-15,sine_steer_python_15kmh,COMPLETED
1712,2026年09月25日_14时38分14秒_第001次,2026-09-25T14:38:14+08:00,2026-09-25T06:38:14Z,17.11,15.0845341304977,-0.0519042275722654,6.02902169621772,70.2634921928804,5.33431622626,71.3196790076632,0,1.96912866905841,0.0474157390914062,-1.00494716483246,MV-202-15,sine_steer_python_15kmh,COMPLETED
1713,2026年09月25日_14时38分14秒_第001次,2026-09-25T14:38:14+08:00,2026-09-25T06:38:14Z,17.12,15.0844778449533,-0.0517371058044163,6.04717167336005,70.3053060537606,5.33702455054892,71.3614229320103,0,1.97337188841574,0.0475197474048664,-1.0070393912187,MV-202-15,sine_steer_python_15kmh,COMPLETED
1714,2026年09月25日_14时38分14秒_第001次,2026-09-25T14:38:14+08:00,2026-09-25T06:38:14Z,17.13,15.084423163509,-0.0515619167514258,6.06436796240402,70.3471168485521,5.33977747137799,71.4031624074871,0,1.97730348947583,0.0476162572633743,-1.00897225849993,MV-202-15,sine_steer_python_15kmh,COMPLETED
1715,2026年09月25日_14时38分14秒_第001次,2026-09-25T14:38:14+08:00,2026-09-25T06:38:14Z,17.14,15.0843701205315,-0.0513786803705553,6.08060794973934,70.3889245266531,5.34257509784637,71.4448973847915,0,1.9809228513933,0.047705253328847,-1.010745460929,MV-202-15,sine_steer_python_15kmh,COMPLETED
1716,2026年09月25日_14时38分14秒_第001次,2026-09-25T14:38:14+08:00,2026-09-25T06:38:14Z,17.15,15.0843187493624,-0.0511874162998647,6.09588917091129,70.4307290376766,5.34541753195479,71.4866278155889,0,1.98422940262896,0.0477867214260762,-1.01235871912686,MV-202-15,sine_steer_python_15kmh,COMPLETED
1717,2026年09月25日_14时38分14秒_第001次,2026-09-25T14:38:14+08:00,2026-09-25T06:38:14Z,17.16,15.0842690822957,-0.0509881439231495,6.11020931082214,70.4725303314785,5.34830486859245,71.528353652545,0,1.98722262104002,0.0478606485457513,-1.01381178010007,MV-202-15,sine_steer_python_15kmh,COMPLETED
1718,2026年09月25日_14时38分14秒_第001次,2026-09-25T14:38:14+08:00,2026-09-25T06:38:14Z,17.17,15.0842211505534,-0.0507808824818628,6.12356620407761,70.5143283581848,5.3512371955249,71.5700748493585,0,1.9899020339626,0.0479270228479776,-1.01510441722519,MV-202-15,sine_steer_python_15kmh,COMPLETED
1719,2026年09月25日_14时38分14秒_第001次,2026-09-25T14:38:14+08:00,2026-09-25T06:38:14Z,17.18,15.0841749842656,-0.0505656512285656,6.13595783529829,70.5561230682195,5.35421459338315,71.6117913607941,0,1.99226721828634,0.0479858336662175,-1.01623643020295,MV-202-15,sine_steer_python_15kmh,COMPLETED
1720,2026年09月25日_14时38分14秒_第001次,2026-09-25T14:38:14+08:00,2026-09-25T06:38:14Z,17.19,15.0841306124523,-0.0503424696135485,6.14738233933524,70.5979144123327,5.35723713565366,71.6535031427137,0,1.99431780052123,0.0480370715115374,-1.01720764498699,MV-202-15,sine_steer_python_15kmh,COMPLETED
1721,2026年09月25日_14时38分14秒_第001次,2026-09-25T14:38:14+08:00,2026-09-25T06:38:14Z,17.2,15.0840880636056,-0.0501115891304119,6.15783738022547,70.6397023416432,5.36030488847529,71.6952101521351,0,1.99605345685654,0.0480807313884534,-1.01801777350741,MV-202-15,sine_steer_python_15kmh,COMPLETED
1722,2026年09月25日_14时38分14秒_第001次,2026-09-25T14:38:14+08:00,2026-09-25T06:38:14Z,17.21,15.084047360572,-0.0498730618915071,6.16732347321364,70.6814868076219,5.36341791117679,71.7369123471881,0,1.99747391321204,0.0481168066559772,-1.01866667394837,MV-202-15,sine_steer_python_15kmh,COMPLETED
1723,2026年09月25日_14时38分14秒_第001次,2026-09-25T14:38:14+08:00,2026-09-25T06:38:14Z,17.22,15.0840085353867,-0.0496267388684468,6.17583596575408,70.7232677622077,5.36657625515987,71.7786096872554,0,1.99857894528118,0.0481452889799292,-1.01915435169328,MV-202-15,sine_steer_python_15kmh,COMPLETED
1724,2026年09月25日_14时38分14秒_第001次,2026-09-25T14:38:14+08:00,2026-09-25T06:38:14Z,17.23,15.0839716072123,-0.0493726462874525,6.18337662958918,70.7650451577123,5.36977996561816,71.8203021328838,0,1.9993683785666,0.0481661736908995,-1.01948073433463,MV-202-15,sine_steer_python_15kmh,COMPLETED
1725,2026年09月25日_14时38分14秒_第001次,2026-09-25T14:38:14+08:00,2026-09-25T06:38:14Z,17.24,15.0839366021679,-0.0491106692233374,6.18994207367531,70.80681894696,5.37302907983406,71.8619896459047,0,1.99984208840763,0.0481794552823144,-1.01964586071281,MV-202-15,sine_steer_python_15kmh,COMPLETED
1726,2026年09月25日_14时38分14秒_第001次,2026-09-25T14:38:14+08:00,2026-09-25T06:38:14Z,17.25,15.0839035408713,-0.0488409879835573,6.19553268754188,70.8485890832354,5.37632362844403,71.9036721894162,0,2,0.0481851336327024,-1.01964961858422,MV-202-15,sine_steer_python_15kmh,COMPLETED
1727,2026年09月25日_14时38分14秒_第001次,2026-09-25T14:38:14+08:00,2026-09-25T06:38:14Z,17.26,15.0838724433176,-0.0485636793383033,6.2001472250968,70.8903555203615,5.37966363460893,71.945349727829,0,1.99984208840763,0.0481832083401025,-1.01949198403403,MV-202-15,sine_steer_python_15kmh,COMPLETED
1728,2026年09月25日_14时38分14秒_第001次,2026-09-25T14:38:14+08:00,2026-09-25T06:38:14Z,17.27,15.0838433306219,-0.0482787475820484,6.20378524032293,70.9321182127191,5.38304911424265,71.9870222268973,0,1.9993683785666,0.0481736791539759,-1.01917300307198,MV-202-15,sine_steer_python_15kmh,COMPLETED
1729,2026年09月25日_14时38分14秒_第001次,2026-09-25T14:38:14+08:00,2026-09-25T06:38:14Z,17.28,15.0838162205822,-0.0479861292162082,6.20644578362313,70.9738771152564,5.38648007622691,72.0286896537362,0,1.99857894528118,0.0481565460334928,-1.01869278950483,MV-202-15,sine_steer_python_15kmh,COMPLETED
1730,2026年09月25日_14时38分14秒_第001次,2026-09-25T14:38:14+08:00,2026-09-25T06:38:14Z,17.29,15.0837911300514,-0.0476856788782467,6.20812890440955,71.0156321835226,5.38995652230491,72.0703519768405,0,1.99747391321204,0.0481318089380881,-1.01805153360122,MV-202-15,sine_steer_python_15kmh,COMPLETED
1731,2026年09月25日_14时38分14秒_第001次,2026-09-25T14:38:14+08:00,2026-09-25T06:38:14Z,17.3,15.0837680753978,-0.0473771961076997,6.20883438603601,71.0573833736888,5.3934784471845,72.1120091661092,0,1.99605345685654,0.048099468199967,-1.01724948626364,MV-202-15,sine_steer_python_15kmh,COMPLETED
1732,2026年09月25日_14时38分14秒_第001次,2026-09-25T14:38:14+08:00,2026-09-25T06:38:14Z,17.31,15.0837470719036,-0.0470604393704006,6.2085622456717,71.0991306425728,5.39704583858337,72.153661192871,0,1.99431780052123,0.048059524717433,-1.01628695085306,MV-202-15,sine_steer_python_15kmh,COMPLETED
1733,2026年09月25日_14时38分14秒_第001次,2026-09-25T14:38:14+08:00,2026-09-25T06:38:14Z,17.32,15.0837281340597,-0.0467355287700423,6.20731165712993,71.1408739476929,5.40065867692879,72.195308029958,0,1.99226721828635,0.0480119857062976,-1.01516403971392,MV-202-15,sine_steer_python_15kmh,COMPLETED
1734,2026年09月25日_14时38分14秒_第001次,2026-09-25T14:38:14+08:00,2026-09-25T06:38:14Z,17.33,15.083711268419,-0.0464026253414611,6.20508545051082,71.1826132472345,5.40431693596582,72.236949651633,0,1.9899020339626,0.0479568601568131,-1.01388086692104,MV-202-15,sine_steer_python_15kmh,COMPLETED
1735,2026年09月25日_14时38分14秒_第001次,2026-09-25T14:38:14+08:00,2026-09-25T06:38:14Z,17.34,15.0836964923671,-0.0460617958787755,6.20188068575532,71.224348500205,5.40802058134215,72.278586033761,0,1.98722262104002,0.0478941569049038,-1.01243762838461,MV-202-15,sine_steer_python_15kmh,COMPLETED
1736,2026年09月25日_14时38分14秒_第001次,2026-09-25T14:38:14+08:00,2026-09-25T06:38:14Z,17.35,15.0836838102884,-0.0457134360287468,6.19770062643518,71.2660796663244,5.41176957228114,72.3202171537105,0,1.98422940262896,0.0478238906681142,-1.01083434815102,MV-202-15,sine_steer_python_15kmh,COMPLETED
1737,2026年09月25日_14时38分14秒_第001次,2026-09-25T14:38:14+08:00,2026-09-25T06:38:14Z,17.36,15.0836732312194,-0.0453576548521736,6.19254469740644,71.3078067061617,5.41556386013931,72.3618429904367,0,1.9809228513933,0.0477460732846705,-1.00907124770745,MV-202-15,sine_steer_python_15kmh,COMPLETED
1738,2026年09月25日_14时38分14秒_第001次,2026-09-25T14:38:14+08:00,2026-09-25T06:38:14Z,17.37,15.083664763375,-0.0449945444975224,6.18641380560008,71.3495295811024,5.4194033892942,72.4034635244862,0,1.97730348947583,0.047660717533069,-1.00714858464395,MV-202-15,sine_steer_python_15kmh,COMPLETED
1739,2026年09月25日_14时38分14秒_第001次,2026-09-25T14:38:14+08:00,2026-09-25T06:38:14Z,17.38,15.083658411249,-0.044624198363155,6.17930911068811,71.3912482533864,5.42328809694504,72.4450787380113,0,1.97337188841574,0.0475678373877737,-1.00506664192719,MV-202-15,sine_steer_python_15kmh,COMPLETED
1740,2026年09月25日_14时38分14秒_第001次,2026-09-25T14:38:14+08:00,2026-09-25T06:38:14Z,17.39,15.0836541785562,-0.044246707866595,6.17123177690427,71.4329626861313,5.42721791313728,72.4866886147889,0,1.96912866905841,0.0474674479710457,-1.00282572957507,MV-202-15,sine_steer_python_15kmh,COMPLETED
1741,2026年09月25日_14时38分14秒_第001次,2026-09-25T14:38:14+08:00,2026-09-25T06:38:14Z,17.4,15.0836520682529,-0.0438621612762825,6.16218310000622,71.4746728433595,5.43119276078375,72.5282931402444,0,1.96457450145738,0.0473595655336913,-1.00042618531922,MV-202-15,sine_steer_python_15kmh,COMPLETED
1742,2026年09月25日_14时38分14秒_第001次,2026-09-25T14:38:14+08:00,2026-09-25T06:38:14Z,17.41,15.0836520816453,-0.0434706432529446,6.15216453494492,71.516378690024,5.4352125556809,72.5698923014715,0,1.95971010476849,0.0472442074456331,-0.997868374908975,MV-202-15,sine_steer_python_15kmh,COMPLETED
1743,2026年09月25日_14时38分14秒_第001次,2026-09-25T14:38:14+08:00,2026-09-25T06:38:14Z,17.42,15.0836542184892,-0.0430722341896769,6.14117769154945,71.5580801920322,5.43927720652722,72.6114860872507,0,1.95453624713639,0.0471213921833666,-0.995152692459105,MV-202-15,sine_steer_python_15kmh,COMPLETED
1744,2026年09月25日_14时38分14秒_第001次,2026-09-25T14:38:14+08:00,2026-09-25T06:38:14Z,17.43,15.0836584773153,-0.0426670092596998,6.12922432356022,71.5997773162704,5.44338661494375,72.6530744880667,0,1.94905374557316,0.0469911393129763,-0.992279560956458,MV-202-15,sine_steer_python_15kmh,COMPLETED
1745,2026年09月25日_14时38分14秒_第001次,2026-09-25T14:38:14+08:00,2026-09-25T06:38:14Z,17.44,15.0836648554161,-0.0422550373629212,6.11630632610981,71.6414700306286,5.4475406754965,72.6946574961269,0,1.94326346582935,0.0468534694714106,-0.989249432853993,MV-202-15,sine_steer_python_15kmh,COMPLETED
1746,2026年09月25日_14时38分14秒_第001次,2026-09-25T14:38:14+08:00,2026-09-25T06:38:14Z,17.45,15.083673348723,-0.0418363802494468,6.10242573927169,71.6831583040236,5.45173927572109,72.7362351053769,0,1.93716632225726,0.0467084043499804,-0.986062790566847,MV-202-15,sine_steer_python_15kmh,COMPLETED
1747,2026年09月25日_14时38分14秒_第001次,2026-09-25T14:38:14+08:00,2026-09-25T06:38:14Z,17.46,15.0836839517998,-0.0414110920111784,6.08758474951155,71.7248421064226,5.45598229614953,72.7778073115148,0,1.93076327766655,0.0465559666828344,-0.982720146736892,MV-202-15,sine_steer_python_15kmh,COMPLETED
1748,2026年09月25日_14时38分14秒_第001次,2026-09-25T14:38:14+08:00,2026-09-25T06:38:14Z,17.47,15.0836966578983,-0.0409792190395152,6.071785687891,71.7665214088653,5.46026961033839,72.8193741120044,0,1.92405534317217,0.0463961802418567,-0.979222044208873,MV-202-15,sine_steer_python_15kmh,COMPLETED
1749,2026年09月25日_14时38分14秒_第001次,2026-09-25T14:38:14+08:00,2026-09-25T06:38:14Z,17.48,15.0837114589786,-0.0405408005123786,6.0550310284133,71.8081961834867,5.46460108489819,72.860935506087,0,1.91704357803475,0.046229069838947,-0.975569055684911,MV-202-15,sine_steer_python_15kmh,COMPLETED
1750,2026年09月25日_14时38分14秒_第001次,2026-09-25T14:38:14+08:00,2026-09-25T06:38:14Z,17.49,15.0837283456981,-0.0400958694397306,6.03732338792957,71.8498664035385,5.4689765795232,72.9024914947922,0,1.90972908949329,0.0460546613361621,-0.97176178303668,MV-202-15,sine_steer_python_15kmh,COMPLETED
1751,2026年09月25日_14时38分14秒_第001次,2026-09-25T14:38:14+08:00,2026-09-25T06:38:14Z,17.5,15.0837473074106,-0.0396444542250302,6.01866552650571,71.8915320434114,5.47339594702124,72.9440420809479,0,1.90211303259031,0.0458729816631783,-0.967800856295157,MV-202-15,sine_steer_python_15kmh,COMPLETED
1752,2026年09月25日_14时38分14秒_第001次,2026-09-25T14:38:14+08:00,2026-09-25T06:38:14Z,17.51,15.0837683321808,-0.0391865806206866,5.99906034739144,71.9331930786555,5.47785903334301,72.9855872691897,0,1.89419660998949,0.0456840588403919,-0.963686932388854,MV-202-15,sine_steer_python_15kmh,COMPLETED
1753,2026年09月25日_14时38分14秒_第001次,2026-09-25T14:38:14+08:00,2026-09-25T06:38:14Z,17.52,15.0837914067949,-0.0387222739036355,5.97851089687973,71.9748494860018,5.48236567761076,73.0271270659694,0,1.88598107178573,0.0454879220052201,-0.959420693735088,MV-202-15,sine_steer_python_15kmh,COMPLETED
1754,2026年09月25日_14时38分14秒_第001次,2026-09-25T14:38:14+08:00,2026-09-25T06:38:14Z,17.53,15.0838165167645,-0.0382515610787776,5.95702036449339,72.0165012433829,5.48691571214594,73.0686614795635,0,1.87746771530775,0.0452846014388802,-0.955002846799817,MV-202-15,sine_steer_python_15kmh,COMPLETED
1755,2026年09月25日_14时38分14秒_第001次,2026-09-25T14:38:14+08:00,2026-09-25T06:38:14Z,17.54,15.083843646331,-0.037774472922716,5.93459208344346,72.0581483299532,5.49150896249619,73.1101905200816,0,1.86865788491322,0.0450741285909703,-0.950434120738884,MV-202-15,sine_steer_python_15kmh,COMPLETED
1756,2026年09月25日_14时38分14秒_第001次,2026-09-25T14:38:14+08:00,2026-09-25T06:38:14Z,17.55,15.083872778473,-0.0372910457043248,5.91122953109317,72.0997907261088,5.49614524746175,73.1517141994737,0,1.8595529717765,0.044856536099495,-0.945715266220043,MV-202-15,sine_steer_python_15kmh,COMPLETED
1757,2026年09月25日_14时38分14秒_第001次,2026-09-25T14:38:14+08:00,2026-09-25T06:38:14Z,17.56,15.0839038949178,-0.0368013224617136,5.886936329327,72.1414284135076,5.50082437912171,73.1932325315372,0,1.85015441366892,0.0446318578045791,-0.940847054500472,MV-202-15,sine_steer_python_15kmh,COMPLETED
1758,2026年09月25日_14时38分14秒_第001次,2026-09-25T14:38:14+08:00,2026-09-25T06:38:14Z,17.57,15.0839369761501,-0.0363053537727023,5.86171624484866,72.1830613750879,5.50554616286058,73.2347455319238,0,1.84046369473174,0.0444001287549165,-0.935830276800257,MV-202-15,sine_steer_python_15kmh,COMPLETED
1759,2026年09月25日_14时38分14秒_第001次,2026-09-25T14:38:14+08:00,2026-09-25T06:38:14Z,17.58,15.0839720014225,-0.0358031980179156,5.83557318939112,72.2246895950878,5.51031039739567,73.2762532181444,0,1.83048234524184,0.0441613852068851,-0.930665743974896,MV-202-15,sine_steer_python_15kmh,COMPLETED
1760,2026年09月25日_14时38分14秒_第001次,2026-09-25T14:38:14+08:00,2026-09-25T06:38:14Z,17.59,15.0840089487659,-0.0352949211918856,5.80851121976468,72.2663130590625,5.5151168748056,73.317755609574,0,1.82021194136999,0.0439156646170576,-0.925354286455773,MV-202-15,sine_steer_python_15kmh,COMPLETED
1761,2026年09月25日_14时38分14秒_第001次,2026-09-25T14:38:14+08:00,2026-09-25T06:38:14Z,17.6,15.0840477950015,-0.0347805963609993,5.78053453768376,72.3079317539028,5.5199653805604,73.3592527274549,0,1.80965410493204,0.0436630056294706,-0.91989675440116,MV-202-15,sine_steer_python_15kmh,COMPLETED
1762,2026年09月25日_14时38分14秒_第001次,2026-09-25T14:38:14+08:00,2026-09-25T06:38:14Z,17.61,15.0840885157519,-0.0342603028929681,5.7516474893642,72.3495456678511,5.52485569355332,73.4007445948987,0,1.79881050313274,0.0434034480593938,-0.914294017984143,MV-202-15,sine_steer_python_15kmh,COMPLETED
1763,2026年09月25日_14时38分14秒_第001次,2026-09-25T14:38:14+08:00,2026-09-25T06:38:14Z,17.62,15.0841310854533,-0.0337341255885616,5.7218545649071,72.3911547905185,5.5297875861345,73.4422312368873,0,1.78768284830253,0.0431370328754402,-0.908546967739527,MV-202-15,sine_steer_python_15kmh,COMPLETED
1764,2026年09月25日_14时38分14秒_第001次,2026-09-25T14:38:14+08:00,2026-09-25T06:38:14Z,17.63,15.0841754773673,-0.0332021538329468,5.69116039748767,72.4327591128998,5.5347608241464,73.4837126802719,0,1.77627289762709,0.0428638021816869,-0.902656514899268,MV-202-15,sine_steer_python_15kmh,COMPLETED
1765,2026年09月25日_14时38分14秒_第001次,2026-09-25T14:38:14+08:00,2026-09-25T06:38:14Z,17.64,15.0842216635943,-0.0326644808549634,5.65956976237673,72.4743586273885,5.53977516696081,73.5251889537718,0,1.76458245286991,0.0425837992010702,-0.896623591662806,MV-202-15,sine_steer_python_15kmh,COMPLETED
1766,2026年09月25日_14时38分14秒_第001次,2026-09-25T14:38:14+08:00,2026-09-25T06:38:14Z,17.65,15.0842696150887,-0.0321212031438631,5.62708757583396,72.5159533277915,5.54483036751737,73.5666600879714,0,1.75261336008773,0.042297068260779,-0.890449151371847,MV-202-15,sine_steer_python_15kmh,COMPLETED
1767,2026年09月25日_14时38分14秒_第001次,2026-09-25T14:38:14+08:00,2026-09-25T06:38:14Z,17.66,15.0843193016757,-0.0315724200317343,5.59371889392204,72.5575432093423,5.54992617236331,73.6081261153165,0,1.74036750933905,0.042003654779782,-0.884134168583857,MV-202-15,sine_steer_python_15kmh,COMPLETED
1768,2026年09月25日_14时38分14秒_第001次,2026-09-25T14:38:14+08:00,2026-09-25T06:38:14Z,17.67,15.0843706920705,-0.0310182334131546,5.55946891128589,72.599128268714,5.5550623216942,73.6495870701097,0,1.72784683438567,0.0417036052581028,-0.877679639060644,MV-202-15,sine_steer_python_15kmh,COMPLETED
1769,2026年09月25日_14时38分14秒_第001次,2026-09-25T14:38:14+08:00,2026-09-25T06:38:14Z,17.68,15.0844237538993,-0.0304587475469168,5.52434295993454,72.6407085040318,5.56023854939565,73.6910429885046,0,1.71505331238731,0.0413969672670732,-0.87108657970479,MV-202-15,sine_steer_python_15kmh,COMPLETED
1770,2026年09月25日_14时38分14秒_第001次,2026-09-25T14:38:14+08:00,2026-09-25T06:38:14Z,17.69,15.0844784537221,-0.0298940688721503,5.48834650804768,72.6822839148845,5.56545458308593,73.7324939085003,0,1.70198896358938,0.0410837894396058,-0.86435602848451,MV-202-15,sine_steer_python_15kmh,COMPLETED
1771,2026年09月25日_14时38分14秒_第001次,2026-09-25T14:38:14+08:00,2026-09-25T06:38:14Z,17.7,15.0845347570573,-0.0293243057734118,5.45148515882097,72.7238545023352,5.57071014415943,73.7739398699339,0,1.68865585100403,0.0407641214595555,-0.857489044386548,MV-202-15,sine_steer_python_15kmh,COMPLETED
1772,2026年09月25日_14时38分14秒_第001次,2026-09-25T14:38:14+08:00,2026-09-25T06:38:14Z,17.71,15.0845926284058,-0.0287495682449216,5.41376464934851,72.7654202689321,5.5760049478312,73.8153809144731,0,1.67505608008428,0.0404380140494511,-0.850486707427546,MV-202-15,sine_steer_python_15kmh,COMPLETED
1773,2026年09月25日_14时38分14秒_第001次,2026-09-25T14:38:14+08:00,2026-09-25T06:38:14Z,17.72,15.0846520312764,-0.0281699674294774,5.3751908495334,72.8069812187179,5.58133870318259,73.8568170856081,0,1.66119179839163,0.0401055189562382,-0.843350118739345,MV-202-15,sine_steer_python_15kmh,COMPLETED
1774,2026年09月25日_14时38分14秒_第001次,2026-09-25T14:38:14+08:00,2026-09-25T06:38:14Z,17.73,15.0847129282097,-0.0275856150370204,5.33576976101102,72.8485373572382,5.5867111132082,73.8982484286416,0,1.64706519525686,0.0397666889350883,-0.836080400725787,MV-202-15,sine_steer_python_15kmh,COMPLETED
1775,2026年09月25日_14时38分14秒_第001次,2026-09-25T14:38:14+08:00,2026-09-25T06:38:14Z,17.74,15.084775280803,-0.0269966226764305,5.29550751606724,72.8900886915499,5.59212187486428,73.9396749906789,0,1.63267850143437,0.0394215777317456,-0.828678697271484,MV-202-15,sine_steer_python_15kmh,COMPLETED
1776,2026年09月25日_14时38分14秒_第001次,2026-09-25T14:38:14+08:00,2026-09-25T06:38:14Z,17.75,15.0848390497335,-0.0264031011565676,5.25441037654236,72.931635230229,5.59757067911849,73.9810968206169,0,1.6180339887499,0.0390702400641983,-0.821146173968985,MV-202-15,sine_steer_python_15kmh,COMPLETED
1777,2026年09月25日_14时38分14秒_第001次,2026-09-25T14:38:14+08:00,2026-09-25T06:38:14Z,17.76,15.084904194783,-0.0258051598252969,5.21248473271185,72.973176983376,5.60305721100129,74.0225139691309,0,1.60313396974175,0.0387127316046572,-0.813484018323019,MV-202-15,sine_steer_python_15kmh,COMPLETED
1778,2026年09月25日_14时38分14秒_第001次,2026-09-25T14:38:14+08:00,2026-09-25T06:38:14Z,17.77,15.0849706748616,-0.0252029060167738,5.16973710215025,73.0147139626223,5.60858114965867,74.0639264886613,0,1.58798079729567,0.0383491089628539,-0.805693439889166,MV-202-15,sine_steer_python_15kmh,COMPLETED
1779,2026年09月25日_14时38分14秒_第001次,2026-09-25T14:38:14+08:00,2026-09-25T06:38:14Z,17.78,15.085038448033,-0.0245964446677019,5.12617412858512,73.0562461811354,5.61414216840617,74.105334433399,0,1.57257686427324,0.0379794296715368,-0.797775670309581,MV-202-15,sine_steer_python_15kmh,COMPLETED
1780,2026年09月25日_14时38分14秒_第001次,2026-09-25T14:38:14+08:00,2026-09-25T06:38:14Z,17.79,15.0851074715401,-0.0239858781447374,5.08180258075989,73.0977736536223,5.61973993478398,74.1467378592692,0,1.55692460313405,0.037603752174792,-0.78973196321954,MV-202-15,sine_steer_python_15kmh,COMPLETED
1781,2026年09月25日_14时38分14秒_第001次,2026-09-25T14:38:14+08:00,2026-09-25T06:38:14Z,17.8,15.0851777018324,-0.0233713063005968,5.03662935132476,73.1392963963336,5.62537411061293,74.1881368239146,0,1.54102648555158,0.0372221358194647,-0.781563594013107,MV-202-15,sine_steer_python_15kmh,COMPLETED
1782,2026年09月25日_14时38分14秒_第001次,2026-09-25T14:38:14+08:00,2026-09-25T06:38:14Z,17.81,15.0852490945941,-0.0227528267505103,4.99066145577309,73.1808144270657,5.63104435205114,74.2295313866779,0,1.5248850220229,0.0368346408495928,-0.77327185947197,MV-202-15,sine_steer_python_15kmh,COMPLETED
1783,2026年09月25日_14时38分14秒_第001次,2026-09-25T14:38:14+08:00,2026-09-25T06:38:14Z,17.82,15.0853216047726,-0.0221305353361225,4.94390603143838,73.2223277651634,5.63675030965109,74.2709216085824,0,1.50850276147221,0.0364413284034056,-0.764858077276198,MV-202-15,sine_steer_python_15kmh,COMPLETED
1784,2026年09月25日_14时38分14秒_第001次,2026-09-25T14:38:14+08:00,2026-09-25T06:38:14Z,17.83,15.0853951866078,-0.0215045267252955,4.89637033656107,73.2638364315204,5.64249162841699,74.3123075523132,0,1.49188229084836,0.0360422605121788,-0.756323585427325,MV-202-15,sine_steer_python_15kmh,COMPLETED
1785,2026年09月25日_14时38分14秒_第001次,2026-09-25T14:38:14+08:00,2026-09-25T06:38:14Z,17.84,15.0854697936628,-0.0208748950846883,4.84806174942699,73.3053404485808,5.64826794786242,74.3536892821966,0,1.47502623471635,0.035637500100058,-0.74766974162125,MV-202-15,sine_steer_python_15kmh,COMPLETED
1786,2026年09月25日_14时38分14秒_第001次,2026-09-25T14:38:14+08:00,2026-09-25T06:38:14Z,17.85,15.085545378854,-0.0202417347595203,4.79898776757136,73.3468398403381,5.65407890206803,74.3950668641798,0,1.45793725484282,0.0352271109839231,-0.738897922610345,MV-202-15,sine_steer_python_15kmh,COMPLETED
1787,2026年09月25日_14时38分14秒_第001次,2026-09-25T14:38:14+08:00,2026-09-25T06:38:14Z,17.86,15.0856218944815,-0.0196051409002229,4.74915600703615,73.3883346323355,5.65992411973957,74.4364403658091,0,1.44061804977581,0.0348111578724371,-0.730009523591338,MV-202-15,sine_steer_python_15kmh,COMPLETED
1788,2026年09月25日_14时38分14秒_第001次,2026-09-25T14:38:14+08:00,2026-09-25T06:38:14Z,17.87,15.0856992922603,-0.0189652099885104,4.69857420165959,73.4298248516634,5.66580322426612,74.4778098562081,0,1.42307135441857,0.034389706363592,-0.721005957647907,MV-202-15,sine_steer_python_15kmh,COMPLETED
1789,2026年09月25日_14时38分14秒_第001次,2026-09-25T14:38:14+08:00,2026-09-25T06:38:14Z,17.88,15.0857775233507,-0.0183220402325085,4.64725020237731,73.4713105269584,5.6717158337788,74.5191754060549,0,1.4052999395977,0.0339628229403096,-0.711888655266997,MV-202-15,sine_steer_python_15kmh,COMPLETED
1790,2026年09月25日_14时38分14秒_第001次,2026-09-25T14:38:14+08:00,2026-09-25T06:38:14Z,17.89,15.0858565383884,-0.0176757318200699,4.59519197650971,73.5127916883993,5.67766156120995,74.5605370875581,0,1.38730661162561,0.0335305749639283,-0.702659063936083,MV-202-15,sine_steer_python_15kmh,COMPLETED
1791,2026年09月25日_14时38分14秒_第001次,2026-09-25T14:38:14+08:00,2026-09-25T06:38:14Z,17.9,15.0859362875152,-0.0170263870376713,4.5424076070128,73.5542683677043,5.68364001435301,74.6018949744332,0,1.36909421185737,0.0330930306656654,-0.693318647817714,MV-202-15,sine_steer_python_15kmh,COMPLETED
1792,2026年09月25日_14时38分14秒_第001次,2026-09-25T14:38:14+08:00,2026-09-25T06:38:14Z,17.91,15.0860167202473,-0.0163741102797603,4.48890529337562,73.595740598126,5.68965079592315,74.6432491418765,0,1.35066561624205,0.0326502591363963,-0.683868887495373,MV-202-15,sine_steer_python_15kmh,COMPLETED
1793,2026年09月25日_14时38分14秒_第001次,2026-09-25T14:38:14+08:00,2026-09-25T06:38:14Z,17.92,15.0860977855842,-0.0157190079890632,4.43469334899237,73.6372084144462,5.69569350361862,74.6845996665387,0,1.3320237348685,0.0322023303153182,-0.674311279745292,MV-202-15,sine_steer_python_15kmh,COMPLETED
1794,2026年09月25日_14时38分14秒_第001次,2026-09-25T14:38:14+08:00,2026-09-25T06:38:14Z,17.93,15.0861794325308,-0.0150611885343139,4.37978019478019,73.6786718529702,5.70176773018317,74.7259466264986,0,1.31317151150592,0.0317493149775875,-0.664647337323172,MV-202-15,sine_steer_python_15kmh,COMPLETED
1795,2026年09月25日_14时38分14秒_第001次,2026-09-25T14:38:14+08:00,2026-09-25T06:38:14Z,17.94,15.0862616096851,-0.0144007620534053,4.32417436593501,73.720130951521,5.70787306346913,74.7672901012358,0,1.29411192313889,0.0312912847213185,-0.654878588818557,MV-202-15,sine_steer_python_15kmh,COMPLETED
1796,2026年09月25日_14时38分14秒_第001次,2026-09-25T14:38:14+08:00,2026-09-25T06:38:14Z,17.95,15.0863442651879,-0.0137378403706911,4.26788451144422,73.7615857494314,5.71400908650137,74.8086301716016,0,1.27484797949738,0.0308283119555037,-0.645006578442935,MV-202-15,sine_steer_python_15kmh,COMPLETED
1797,2026年09月25日_14时38分14秒_第001次,2026-09-25T14:38:14+08:00,2026-09-25T06:38:14Z,17.96,15.0864273468524,-0.0130725369384593,4.21091938942529,73.8030362875357,5.72017537754202,74.8499669197894,0,1.2553827225814,0.0303604698881449,-0.635032865791903,MV-202-15,sine_steer_python_15kmh,COMPLETED
1798,2026年09月25日_14时38分14秒_第001次,2026-09-25T14:38:14+08:00,2026-09-25T06:38:14Z,17.97,15.0865108022248,-0.0124049667880682,4.1532878648006,73.8444826081609,5.72637151015579,74.891300429304,0,1.23571922618067,0.0298878325143966,-0.62495902560311,MV-202-15,sine_steer_python_15kmh,COMPLETED
1799,2026年09月25日_14时38分14秒_第001次,2026-09-25T14:38:14+08:00,2026-09-25T06:38:14Z,17.98,15.0865945784218,-0.0117352464870785,4.09499890769135,73.8859247551165,5.73259705327588,74.9326307849308,0,1.21586059538921,0.0294104746046703,-0.614786647518954,MV-202-15,sine_steer_python_15kmh,COMPLETED
1800,2026年09月25日_14时38分14秒_第001次,2026-09-25T14:38:14+08:00,2026-09-25T06:38:14Z,17.99,15.0866786220507,-0.011063494107347,4.03606159278837,73.9273627736832,5.73885157127037,74.9739580727032,0,1.19580996611504,0.0289284716927734,-0.604517335835787,MV-202-15,sine_steer_python_15kmh,COMPLETED
1801,2026年09月25日_14时38分14秒_第001次,2026-09-25T14:38:14+08:00,2026-09-25T06:38:14Z,18,15.0867628801965,-0.0103898293026759,3.97648510788355,73.9687967106032,5.74513462400961,75.0152823798715,0,1.17557050458495,0.028441900065496,-0.594152709135733,MV-202-15,sine_steer_python_15kmh,COMPLETED
1802,2026年09月25日_14时38分14秒_第001次,2026-09-25T14:38:14+08:00,2026-09-25T06:38:14Z,18.01,15.0868472998849,-0.00971437327072505,3.91627874167423,74.0102266140682,5.75144576693417,75.0566037948703,0,1.15514540684453,0.0279508367504385,-0.583694400058257,MV-202-15,sine_steer_python_15kmh,COMPLETED
1803,2026年09月25日_14时38分14秒_第001次,2026-09-25T14:38:14+08:00,2026-09-25T06:38:14Z,18.02,15.0869318278761,-0.00903724858333257,3.85545187999227,74.0516525337076,5.75778455112313,75.097922407286,0,1.13453789825352,0.0274553595018437,-0.573144055132264,MV-202-15,sine_steer_python_15kmh,COMPLETED
1804,2026年09月25日_14时38分14秒_第001次,2026-09-25T14:38:14+08:00,2026-09-25T06:38:14Z,18.03,15.0870164107182,-0.00835857897449875,3.79401400865369,74.0930745205741,5.76415052336294,75.139238307822,0,1.11375123297638,0.0269555467856913,-0.562503334620092,MV-202-15,sine_steer_python_15kmh,COMPLETED
1805,2026年09月25日_14时38分14秒_第001次,2026-09-25T14:38:14+08:00,2026-09-25T06:38:14Z,18.04,15.0871009948965,-0.0076784891109002,3.73197471429218,74.1344926271296,5.77054322621731,75.1805515882642,0,1.09278869346854,0.0264514777644143,-0.551773912367154,MV-202-15,sine_steer_python_15kmh,COMPLETED
1806,2026年09月25日_14时38分14秒_第001次,2026-09-25T14:38:14+08:00,2026-09-25T06:38:14Z,18.05,15.0871855269398,-0.00699710431413135,3.66934368141678,74.1759069072302,5.77696219809779,75.2218623414463,0,1.071653589958,0.0259432322807888,-0.540957475682111,MV-202-15,sine_steer_python_15kmh,COMPLETED
1807,2026年09月25日_14时38分14秒_第001次,2026-09-25T14:38:14+08:00,2026-09-25T06:38:14Z,18.06,15.0872699534344,-0.00631455023198855,3.60613068951084,74.2173174161109,5.7834069733353,75.2631706612137,0,1.05034925992259,0.0254308908409606,-0.530055725251418,MV-202-15,sine_steer_python_15kmh,COMPLETED
1808,2026年09月25日_14时38分14秒_第001次,2026-09-25T14:38:14+08:00,2026-09-25T06:38:14Z,18.07,15.0873542210151,-0.00563095249694834,3.54234561178879,74.2587242103694,5.78987708225237,75.3044766423875,0,1.02887906756301,0.0249145345971487,-0.519070375062069,MV-202-15,sine_steer_python_15kmh,COMPLETED
1809,2026年09月25日_14时38分14秒_第001次,2026-09-25T14:38:14+08:00,2026-09-25T06:38:14Z,18.08,15.0874382763915,-0.00494643641431525,3.47799841429922,74.3001273479484,5.7963720512362,75.345780380728,0,1.00724640327152,0.0243942453306317,-0.508003152304634,MV-202-15,sine_steer_python_15kmh,COMPLETED
1810,2026年09月25日_14时38分14秒_第001次,2026-09-25T14:38:14+08:00,2026-09-25T06:38:14Z,18.09,15.0875220663993,-0.00426112670484844,3.4130991542788,74.3415268881187,5.80289140281261,75.3870819728966,0,0.985454683096584,0.023870105435379,-0.496855797242039,MV-202-15,sine_steer_python_15kmh,COMPLETED
1811,2026年09月25日_14时38分14秒_第001次,2026-09-25T14:38:14+08:00,2026-09-25T06:38:14Z,18.1,15.0876055380436,-0.00357514731611122,3.34765797808927,74.3829228914598,5.80943465572056,75.4283815164183,0,0.963507348203427,0.0233421979025383,-0.485630063036611,MV-202-15,sine_steer_python_15kmh,COMPLETED
1812,2026年09月25日_14时38分14秒_第001次,2026-09-25T14:38:14+08:00,2026-09-25T06:38:14Z,18.11,15.0876886381209,-0.00288862127286564,3.28168511504027,74.4243154198408,5.81600132498729,75.4696791096421,0,0.941407864330669,0.0228106063053658,-0.47432771556808,MV-202-15,sine_steer_python_15kmh,COMPLETED
1813,2026年09月25日_14时38分14秒_第001次,2026-09-25T14:38:14+08:00,2026-09-25T06:38:14Z,18.12,15.087771313904,-0.00220167068252087,3.21519088497006,74.4657045363999,5.82259092200397,75.5109748517023,0,0.919159721242975,0.0222754147862616,-0.462950533116928,MV-202-15,sine_steer_python_15kmh,COMPLETED
1814,2026年09月25日_14时38分14秒_第001次,2026-09-25T14:38:14+08:00,2026-09-25T06:38:14Z,18.13,15.0878535133352,-0.00151441686321668,3.14818569547866,74.507090305525,5.8292029546022,75.5522688424793,0,0.896766432180065,0.021736708045473,-0.451500305992283,MV-202-15,sine_steer_python_15kmh,COMPLETED
1815,2026年09月25日_14时38分14秒_第001次,2026-09-25T14:38:14+08:00,2026-09-25T06:38:14Z,18.14,15.0879351843879,-0.000826980497204602,3.08068003532404,74.5484727928332,5.83583692713056,75.5935611825605,0,0.874231533301868,0.0211945713300826,-0.439978836171121,MV-202-15,sine_steer_python_15kmh,COMPLETED
1816,2026年09月25日_14时38分14秒_第001次,2026-09-25T14:38:14+08:00,2026-09-25T06:38:14Z,18.15,15.0880162732757,-0.000139481984492035,3.01268449289028,74.589852065145,5.84249234053106,75.6348519731961,0,0.851558583130142,0.0206490904257955,-0.428387936848404,MV-202-15,sine_steer_python_15kmh,COMPLETED
1817,2026年09月25日_14时38分14秒_第001次,2026-09-25T14:38:14+08:00,2026-09-25T06:38:14Z,18.16,15.0880967271625,0.000547958499530149,2.94420972080927,74.6312281904606,5.849168692416,75.676141316257,0,0.828751161986567,0.0201003516444513,-0.416729432009374,MV-202-15,sine_steer_python_15kmh,COMPLETED
1818,2026年09月25日_14时38分14秒_第001次,2026-09-25T14:38:14+08:00,2026-09-25T06:38:14Z,18.17,15.0881764978369,0.00123522101198887,2.87526641310446,74.6726012379423,5.85586547714593,75.7174293142002,0,0.805812871427325,0.0195484418105247,-0.405005156023814,MV-202-15,sine_steer_python_15kmh,COMPLETED
1819,2026年09月25日_14时38分14秒_第001次,2026-09-25T14:38:14+08:00,2026-09-25T06:38:14Z,18.18,15.0882555379373,0.00192218580436621,2.80586532998085,74.7139712779002,5.86258218590804,75.7587160700381,0,0.782747333674406,0.018993448248205,-0.393216953455637,MV-202-15,sine_steer_python_15kmh,COMPLETED
1820,2026年09月25日_14时38分14秒_第001次,2026-09-25T14:38:14+08:00,2026-09-25T06:38:14Z,18.19,15.0883337976031,0.00260873284591475,2.73601732856305,74.7553383817626,5.86931830679323,75.8000016872917,0,0.759558191043598,0.0184354587746708,-0.381366678573079,MV-202-15,sine_steer_python_15kmh,COMPLETED
1821,2026年09月25日_14时38分14秒_第001次,2026-09-25T14:38:14+08:00,2026-09-25T06:38:14Z,18.2,15.0884112258871,0.00329474144717084,2.66573335166945,74.796702622045,5.87607332487357,75.841286269941,0,0.73624910536936,0.017874561691915,-0.369456194762176,MV-202-15,sine_steer_python_15kmh,COMPLETED
1822,2026年09月25日_14时38分14秒_第001次,2026-09-25T14:38:14+08:00,2026-09-25T06:38:14Z,18.21,15.0884877733401,0.0039800901136228,2.59502440005125,74.8380640723239,5.88284672228063,75.8825699223836,0,0.712823757426501,0.0173108457752491,-0.357487374051353,MV-202-15,sine_steer_python_15kmh,COMPLETED
1823,2026年09月25日_14时38分14秒_第001次,2026-09-25T14:38:14+08:00,2026-09-25T06:38:14Z,18.22,15.0885633923937,0.00466465653851584,2.52390152662044,74.8794228072156,5.88963797828436,75.9238527493966,0,0.689285846349041,0.0167444002597697,-0.345462096790714,MV-202-15,sine_steer_python_15kmh,COMPLETED
1824,2026年09月25日_14时38分14秒_第001次,2026-09-25T14:38:14+08:00,2026-09-25T06:38:14Z,18.23,15.088638036156,0.00534831757646276,2.45237584752638,74.9207789023515,5.89644656937193,75.9651348560976,0,0.665639089045975,0.016175314827026,-0.33338225136117,MV-202-15,sine_steer_python_15kmh,COMPLETED
1825,2026年09月25日_14时38分14秒_第001次,2026-09-25T14:38:14+08:00,2026-09-25T06:38:14Z,18.24,15.0887116580493,0.0060309492438048,2.38045854162168,74.9621324343512,5.90327196932691,76.0064163479014,0,0.641887219614416,0.0156036795912466,-0.32124973387103,MV-202-15,sine_steer_python_15kmh,COMPLETED
1826,2026年09月25日_14时38分14秒_第001次,2026-09-25T14:38:14+08:00,2026-09-25T06:38:14Z,18.25,15.0887842121232,0.00671242690452691,2.30816084447807,75.0034834807945,5.91011364930878,76.0476973304776,0,0.618033988749893,0.0150295850828468,-0.309066447945444,MV-202-15,sine_steer_python_15kmh,COMPLETED
1827,2026年09月25日_14时38分14秒_第001次,2026-09-25T14:38:14+08:00,2026-09-25T06:38:14Z,18.26,15.0888556533469,0.00739262569725032,2.23549404652626,75.0448321201943,5.916971077933,76.0889779097085,0,0.59408316315407,0.0144531222284058,-0.296834304663618,MV-202-15,sine_steer_python_15kmh,COMPLETED
1828,2026年09月25日_14时38分14秒_第001次,2026-09-25T14:38:14+08:00,2026-09-25T06:38:14Z,18.27,15.0889259376446,0.00807142119121285,2.16246949556393,75.0861784319692,5.92384372135193,76.1302581916473,0,0.570038524939953,0.0138743823272609,-0.284555222642876,MV-202-15,sine_steer_python_15kmh,COMPLETED
1829,2026年09月25日_14时38分14秒_第001次,2026-09-25T14:38:14+08:00,2026-09-25T06:38:14Z,18.28,15.0889950218202,0.00874869022611579,2.08909860040503,75.1275224964149,5.93073104333655,76.1715382824751,0,0.545903871034646,0.013293457025338,-0.272231128238645,MV-202-15,sine_steer_python_15kmh,COMPLETED
1830,2026年09月25日_14时38分14秒_第001次,2026-09-25T14:38:14+08:00,2026-09-25T06:38:14Z,18.29,15.0890628632267,0.00942431179215553,2.01539283814163,75.1688643946744,5.93763250535927,76.2128182884578,0,0.521683012579798,0.0127104382882531,-0.259863955776673,MV-202-15,sine_steer_python_15kmh,COMPLETED
1831,2026年09月25日_14时38分14秒_第001次,2026-09-25T14:38:14+08:00,2026-09-25T06:38:14Z,18.3,15.089129420268,0.0100981678119205,1.94136375414031,75.2102042087087,5.94454756667779,76.2540983159017,0,0.497379774329708,0.0121254183756584,-0.24745564771137,MV-202-15,sine_steer_python_15kmh,COMPLETED
1832,2026年09月25日_14时38分14秒_第001次,2026-09-25T14:38:14+08:00,2026-09-25T06:38:14Z,18.31,15.0891946528473,0.0107701439292402,1.86702296961594,75.2515420212676,5.95147568442016,76.2953784711116,0,0.472997994047457,0.0115384898153491,-0.2350081547952,MV-202-15,sine_steer_python_15kmh,COMPLETED
1833,2026年09月25日_14时38分14秒_第001次,2026-09-25T14:38:14+08:00,2026-09-25T06:38:14Z,18.32,15.089258522067,0.0114401312720295,1.7923822026858,75.2928779158595,5.95841631367152,76.3366588603472,0,0.448541521898764,0.0109497453632998,-0.222523436855785,MV-202-15,sine_steer_python_15kmh,COMPLETED
1834,2026年09月25日_14时38分14秒_第001次,2026-09-25T14:38:14+08:00,2026-09-25T06:38:14Z,18.33,15.0893209900039,0.0121080315078307,1.71745328561457,75.3342119767204,5.9653689075641,76.3779395897776,0,0.424014219844106,0.0103592779163792,-0.210003465570233,MV-202-15,sine_steer_python_15kmh,COMPLETED
1835,2026年09月25日_14时38分14秒_第001次,2026-09-25T14:38:14+08:00,2026-09-25T06:38:14Z,18.34,15.0893820184845,0.0127737660559972,1.64224817929181,75.3755442887793,5.97233291737339,76.4192207654328,0,0.399419961028819,0.00976718036499767,-0.197450229792774,MV-202-15,sine_steer_python_15kmh,COMPLETED
1836,2026年09月25日_14时38分14秒_第001次,2026-09-25T14:38:14+08:00,2026-09-25T06:38:14Z,18.35,15.0894415671291,0.0134372832083621,1.56677897021148,75.4168749376165,5.9793077926207,76.4605024931481,0,0.374762629171449,0.00917354547452435,-0.184865739665924,MV-202-15,sine_steer_python_15kmh,COMPLETED
1837,2026年09月25日_14时38分14秒_第001次,2026-09-25T14:38:14+08:00,2026-09-25T06:38:14Z,18.36,15.0894995932658,0.0140985531836746,1.49105784487209,75.4582040094194,5.98629298117632,76.501784878506,0,0.350046117950553,0.00857846593832394,-0.172252023430011,MV-202-15,sine_steer_python_15kmh,COMPLETED
1838,2026年09月25日_14时38分14秒_第001次,2026-09-25T14:38:14+08:00,2026-09-25T06:38:14Z,18.37,15.0895560547308,0.0147575519074136,1.4150970625126,75.4995315909417,5.99328792935516,76.5430680267844,0,0.32527433038977,0.00798203459251666,-0.159611117349237,MV-202-15,sine_steer_python_15kmh,COMPLETED
1839,2026年09月25日_14时38分14秒_第001次,2026-09-25T14:38:14+08:00,2026-09-25T06:38:14Z,18.38,15.0896109123757,0.0154142449674704,1.33890893360922,75.5408577694737,6.00029208200194,76.5843520429168,0,0.300451178241518,0.00738434463010828,-0.146945055681892,MV-202-15,sine_steer_python_15kmh,COMPLETED
1840,2026年09月25日_14时38分14秒_第001次,2026-09-25T14:38:14+08:00,2026-09-25T06:38:14Z,18.39,15.0896641300423,0.0160685788712119,1.26250579701125,75.5821826328168,6.00730488256825,76.625637031458,0,0.275580581369275,0.0067854897126025,-0.134255865028457,MV-202-15,sine_steer_python_15kmh,COMPLETED
1841,2026年09月25日_14时38分14秒_第001次,2026-09-25T14:38:14+08:00,2026-09-25T06:38:14Z,18.4,15.0897156734321,0.0167204787350788,1.18590000126011,75.6235062692559,6.0143257731851,76.6669230965495,0,0.250666467128602,0.00618556399065853,-0.121545562537797,MV-202-15,sine_steer_python_15kmh,COMPLETED
1842,2026年09月25日_14时38分14秒_第001次,2026-09-25T14:38:14+08:00,2026-09-25T06:38:14Z,18.41,15.0897655093487,0.0173698493229485,1.10910389961786,75.6648287675301,6.02135419473462,76.708210341882,0,0.225712769746965,0.00558466207711947,-0.108816156117574,MV-202-15,sine_steer_python_15kmh,COMPLETED
1843,2026年09月25日_14时38分14秒_第001次,2026-09-25T14:38:14+08:00,2026-09-25T06:38:14Z,18.42,15.089813605681,0.0180165773586284,1.03212984823797,75.7061502167998,6.02838958692255,76.7494988706556,0,0.200723429702426,0.00498287900167665,-0.0960696454101489,MV-202-15,sine_steer_python_15kmh,COMPLETED
1844,2026年09月25日_14时38分14秒_第001次,2026-09-25T14:38:14+08:00,2026-09-25T06:38:14Z,18.43,15.0898599319419,0.0186605343420079,0.954990201705606,75.7474707066158,6.03543138835302,76.790788785542,0,0.175702393101491,0.00438031015804072,-0.0833080230805834,MV-202-15,sine_steer_python_15kmh,COMPLETED
1845,2026年09月25日_14时38分14秒_第001次,2026-09-25T14:38:14+08:00,2026-09-25T06:38:14Z,18.44,15.0899044590722,0.0193015795043282,0.877697319362438,75.7887903268882,6.04247903660528,76.8320801886456,0,0.150653611055865,0.0037770512487652,-0.0705332762098372,MV-202-15,sine_steer_python_15kmh,COMPLETED
1846,2026年09月25日_14时38分14秒_第001次,2026-09-25T14:38:14+08:00,2026-09-25T06:38:14Z,18.45,15.0899471590734,0.0199395626946259,0.800263570868542,75.8301091678526,6.04953196831255,76.8733731814643,0,0.125581039058628,0.00317319823069126,-0.0577473876606224,MV-202-15,sine_steer_python_15kmh,COMPLETED
1847,2026年09月25日_14时38分14秒_第001次,2026-09-25T14:38:14+08:00,2026-09-25T06:38:14Z,18.46,15.0899880050447,0.0205743271888063,0.722701332974135,75.871427320037,6.05658961924289,76.9146678648488,0,0.100488636359542,0.00256884726113695,-0.0449523374068388,MV-202-15,sine_steer_python_15kmh,COMPLETED
1848,2026年09月25日_14时38分14秒_第001次,2026-09-25T14:38:14+08:00,2026-09-25T06:38:14Z,18.47,15.0900269712881,0.021205712419538,0.645022986103988,75.9127448742268,6.06365142438197,76.9559643389628,0,0.0753803653398732,0.00196409464487502,-0.0321501038290201,MV-202-15,sine_steer_python_15kmh,COMPLETED
1849,2026年09月25日_14时38分14秒_第001次,2026-09-25T14:38:14+08:00,2026-09-25T06:38:14Z,18.48,15.090064033338,0.0218335565678298,0.567240914722346,75.9540619214307,6.07071681801768,76.9972627032435,0,0.0502601908866735,0.00135903678275276,-0.0193426649403203,MV-202-15,sine_steer_python_15kmh,COMPLETED
1850,2026年09月25日_14时38分14秒_第001次,2026-09-25T14:38:14+08:00,2026-09-25T06:38:14Z,18.49,15.0900991679613,0.0224576989611818,0.489367508390825,75.9953785528458,6.0777852338265,77.0385630563626,0,0.0251320797667054,0.000753770122762557,-0.00653199950854853,MV-202-15,sine_steer_python_15kmh,COMPLETED
1851,2026年09月25日_14时38分14秒_第001次,2026-09-25T14:38:14+08:00,2026-09-25T06:38:14Z,18.5,15.0901323531244,0.023077982259683,0.411415160461745,76.0366948598222,6.08485610496149,77.0798654961876,0,1.71450551880629e-15,0.000148391113851814,0.00627991193820616,MV-202-15,sine_steer_python_15kmh,COMPLETED
1852,2026年09月25日_14时38分14秒_第001次,2026-09-25T14:38:14+08:00,2026-09-25T06:38:14Z,18.51,15.0901635679494,0.0236942544304227,0.333396266262172,76.0780109338274,6.09192886414159,77.1211701197428,0,-0.025132079766709,-0.000457003837502314,0.0190910862232783,MV-202-15,sine_steer_python_15kmh,COMPLETED
1853,2026年09月25日_14时38分14秒_第001次,2026-09-25T14:38:14+08:00,2026-09-25T06:38:14Z,18.52,15.0901927928782,0.0243063704733571,0.255323224672905,76.1193268664102,6.09900294374237,77.1624770231717,0,-0.0502601908866701,-0.00106231840740044,0.0318995367734564,MV-202-15,sine_steer_python_15kmh,COMPLETED
1854,2026年09月25日_14时38分14秒_第001次,2026-09-25T14:38:14+08:00,2026-09-25T06:38:14Z,18.53,15.0902200097961,0.0249141938359561,0.177208437759352,76.1606427491648,6.10607777588797,77.2037863016994,0,-0.0753803653398698,-0.00166745639038576,0.0447032730498217,MV-202-15,sine_steer_python_15kmh,COMPLETED
1855,2026年09月25日_14时38分14秒_第001次,2026-09-25T14:38:14+08:00,2026-09-25T06:38:14Z,18.54,15.0902452018287,0.0255175975459405,0.0990643067448602,76.2019586736954,6.11315279254404,77.2450980495955,0,-0.100488636359538,-0.00227232173143937,0.0575003001424137,MV-202-15,sine_steer_python_15kmh,COMPLETED
1856,2026年09月25日_14时38分14秒_第001次,2026-09-25T14:38:14+08:00,2026-09-25T06:38:14Z,18.55,15.0902683533175,0.0261164650268044,0.0209032316130749,76.243274731579,6.12022742561118,77.2864123601368,0,-0.125581039058624,-0.00287681855357402,0.0702886185514024,MV-202-15,sine_steer_python_15kmh,COMPLETED
1857,2026年09月25日_14时38分14秒_第001次,2026-09-25T14:38:14+08:00,2026-09-25T06:38:14Z,18.56,15.0902894498763,0.0267106905407401,-0.0572623878249608,76.2845910143289,6.12730110701903,77.3277293255699,0,-0.150653611055861,-0.00348085118018797,0.0830662241890137,MV-202-15,sine_steer_python_15kmh,COMPLETED
1858,2026年09月25日_14时38分14秒_第001次,2026-09-25T14:38:14+08:00,2026-09-25T06:38:14Z,18.57,15.0903084784323,0.0273001792421252,-0.135420152271545,76.3259076133584,6.13437326882056,77.369049037075,0,-0.175702393101488,-0.00408432415189562,0.0958311086144089,MV-202-15,sine_steer_python_15kmh,COMPLETED
1859,2026年09月25日_14时38分14秒_第001次,2026-09-25T14:38:14+08:00,2026-09-25T06:38:14Z,18.58,15.0903254271184,0.0278848468490923,-0.213557662677971,76.367224619944,6.14144334328643,77.4103715847286,0,-0.20072342970243,-0.00468714223789203,0.108581259499962,MV-202-15,sine_steer_python_15kmh,COMPLETED
1860,2026年09月25日_14时38分14秒_第001次,2026-09-25T14:38:14+08:00,2026-09-25T06:38:14Z,18.59,15.0903402851975,0.0284646189306848,-0.291662521001743,76.4085421251888,6.14851076299883,77.4516970574677,0,-0.225712769746962,-0.00528921044177059,0.121314661331798,MV-202-15,sine_steer_python_15kmh,COMPLETED
1861,2026年09月25日_14时38分14秒_第001次,2026-09-25T14:38:14+08:00,2026-09-25T06:38:14Z,18.6,15.0903530435017,0.0290394298814881,-0.369722336771363,76.4498602199857,6.15557496094478,77.493025543053,0,-0.250666467128612,-0.00589043400277107,0.134029296298013,MV-202-15,sine_steer_python_15kmh,COMPLETED
1862,2026年09月25日_14时38分14秒_第001次,2026-09-25T14:38:14+08:00,2026-09-25T06:38:14Z,18.61,15.0903636945571,0.0296092216630146,-0.447724725663784,76.4911789949831,6.16263537060876,77.5343571280365,0,-0.275580581369271,-0.00649071839355297,0.146723145323526,MV-202-15,sine_steer_python_15kmh,COMPLETED
1863,2026年09月25日_14时38分14秒_第001次,2026-09-25T14:38:14+08:00,2026-09-25T06:38:14Z,18.62,15.0903722321407,0.0301739422295511,-0.525657302314117,76.5324985405494,6.16969142606412,77.5756918977277,0,-0.300451178241515,-0.00708996931329099,0.159394189307576,MV-202-15,sine_steer_python_15kmh,COMPLETED
1864,2026年09月25日_14时38分14秒_第001次,2026-09-25T14:38:14+08:00,2026-09-25T06:38:14Z,18.63,15.0903786512534,0.0307335437696711,-0.603507683154978,76.5738189467374,6.17674256206332,77.6170299361593,0,-0.325274330389766,-0.0076880926779217,0.172040410477355,MV-202-15,sine_steer_python_15kmh,COMPLETED
1865,2026年09月25日_14时38分14秒_第001次,2026-09-25T14:38:14+08:00,2026-09-25T06:38:14Z,18.64,15.0903829482139,0.0312879809036832,-0.681263490936013,76.6151403032495,6.18378821412686,77.6583713260558,0,-0.35004611795055,-0.00828499460953109,0.184659793775153,MV-202-15,sine_steer_python_15kmh,COMPLETED
1866,2026年09月25日_14时38分14秒_第001次,2026-09-25T14:38:14+08:00,2026-09-25T06:38:14Z,18.65,15.0903851206933,0.0318372088974016,-0.758912355068654,76.6564626994028,6.19082781863069,77.699716148802,0,-0.374762629171452,-0.00888058142573196,0.197250328244296,MV-202-15,sine_steer_python_15kmh,COMPLETED
1867,2026年09月25日_14时38分14秒_第001次,2026-09-25T14:38:14+08:00,2026-09-25T06:38:14Z,18.66,15.0903851677026,0.0323811819300355,-0.836441910294277,76.6977862240955,6.19786081289249,77.7410644844131,0,-0.399419961028816,-0.00947475962957396,0.209810008391189,MV-202-15,sine_steer_python_15kmh,COMPLETED
1868,2026年09月25日_14时38分14秒_第001次,2026-09-25T14:38:14+08:00,2026-09-25T06:38:14Z,18.67,15.0903830895685,0.0329198514795838,-0.913839797031687,76.7391109657729,6.20488663525664,77.7824164115058,0,-0.424014219844109,-0.0100674359008977,0.222336835484515,MV-202-15,sine_steer_python_15kmh,COMPLETED
1869,2026年09月25日_14时38分14秒_第001次,2026-09-25T14:38:14+08:00,2026-09-25T06:38:14Z,18.68,15.0903788879129,0.033453164893736,-0.991093663008483,76.7804370123944,6.21190472517815,77.8237720072701,0,-0.448541521898761,-0.0106585170901135,0.234828818749619,MV-202-15,sine_steer_python_15kmh,COMPLETED
1870,2026年09月25日_14时38分14秒_第001次,2026-09-25T14:38:14+08:00,2026-09-25T06:38:14Z,18.69,15.0903725656298,0.0339810641883356,-1.06819116453153,76.8217644514005,6.21891452330548,77.865131347442,0,-0.472997994047453,-0.0112479102150283,0.247283976431758,MV-202-15,sine_steer_python_15kmh,COMPLETED
1871,2026年09月25日_14时38分14秒_第001次,2026-09-25T14:38:14+08:00,2026-09-25T06:38:14Z,18.7,15.0903641268588,0.0345034850926152,-1.14511996723039,76.8630933696803,6.22591547156275,77.9064945062769,0,-0.497379774329705,-0.0118355224610179,0.259700336715414,MV-202-15,sine_steer_python_15kmh,COMPLETED
1872,2026年09月25日_14时38分14秒_第001次,2026-09-25T14:38:14+08:00,2026-09-25T06:38:14Z,18.71,15.0903535769537,0.0350203563559689,-1.22186774708524,76.9044238535386,6.2329070132312,77.9478615565237,0,-0.521683012579795,-0.0124212611847864,0.272075938489633,MV-202-15,sine_steer_python_15kmh,COMPLETED
1873,2026年09月25日_14时38分14秒_第001次,2026-09-25T14:38:14+08:00,2026-09-25T06:38:14Z,18.72,15.0903409224393,0.0355315993356775,-1.29842219209472,76.9457559886646,6.23988859303028,77.9892325693996,0,-0.545903871034643,-0.0130050339220112,0.284408831946238,MV-202-15,sine_steer_python_15kmh,COMPLETED
1874,2026年09月25日_14时38分14秒_第001次,2026-09-25T14:38:14+08:00,2026-09-25T06:38:14Z,18.73,15.0903261709594,0.0360371278915295,-1.37477100440616,76.9870898600993,6.24685965719857,78.0306076145648,0,-0.57003852493995,-0.0135867483992861,0.296697078994059,MV-202-15,sine_steer_python_15kmh,COMPLETED
1875,2026年09月25日_14时38分14秒_第001次,2026-09-25T14:38:14+08:00,2026-09-25T06:38:14Z,18.74,15.0903093312159,0.0365368486258397,-1.45090190287177,77.028425552204,6.25381965357456,78.0719867600989,0,-0.594083163154073,-0.0141663125509364,0.308938753464117,MV-202-15,sine_steer_python_15kmh,COMPLETED
1876,2026年09月25日_14时38分14秒_第001次,2026-09-25T14:38:14+08:00,2026-09-25T06:38:14Z,18.75,15.0902904128994,0.0370306615308476,-1.5268026263503,77.0697631486289,6.26076803167772,78.1133700724767,0,-0.61803398874989,-0.0147436345416376,0.321131941066705,MV-202-15,sine_steer_python_15kmh,COMPLETED
1877,2026年09月25日_14时38分14秒_第001次,2026-09-25T14:38:14+08:00,2026-09-25T06:38:14Z,18.76,15.0902694266178,0.0375184611354483,-1.60246093816844,77.111102732281,6.26770424279001,78.1547576165453,0,-0.641887219614419,-0.0153186227961973,0.333274739042486,MV-202-15,sine_steer_python_15kmh,COMPLETED
1878,2026年09月25日_14时38分14秒_第001次,2026-09-25T14:38:14+08:00,2026-09-25T06:38:14Z,18.77,15.0902463838338,0.0380001382704064,-1.67786463211596,77.1524443852931,6.27462774003819,78.1961494555017,0,-0.665639089045972,-0.0158911860382549,0.345365255432648,MV-202-15,sine_steer_python_15kmh,COMPLETED
1879,2026年09月25日_14时38分14秒_第001次,2026-09-25T14:38:14+08:00,2026-09-25T06:38:14Z,18.78,15.0902212968091,0.0384755825786977,-1.75300154008789,77.1937881889919,6.28153797847742,78.2375456508707,0,-0.689285846349038,-0.0164612333397893,0.357401607888483,MV-202-15,sine_steer_python_15kmh,COMPLETED
1880,2026年09月25日_14时38分14秒_第001次,2026-09-25T14:38:14+08:00,2026-09-25T06:38:14Z,18.79,15.0901941782013,0.0389446858450309,-1.8278595370619,77.2351342238669,6.28843441517648,78.2789462624841,0,-0.712823757426497,-0.0170286741825701,0.369381921981379,MV-202-15,sine_steer_python_15kmh,COMPLETED
1881,2026年09月25日_14时38分14秒_第001次,2026-09-25T14:38:14+08:00,2026-09-25T06:38:14Z,18.8,15.090165041837,0.0394073461466964,-1.9024265654378,77.2764825695371,6.29531650930521,78.3203513484593,0,-0.736249105369357,-0.0175934185316862,0.381304328966806,MV-202-15,sine_steer_python_15kmh,COMPLETED
1882,2026年09月25日_14时38分14秒_第001次,2026-09-25T14:38:14+08:00,2026-09-25T06:38:14Z,18.81,15.0901339032331,0.0398634727723144,-1.97669064996247,77.3178333047233,6.30218372222483,78.361760965183,0,-0.759558191043595,-0.0181553769204733,0.393166963064747,MV-202-15,sine_steer_python_15kmh,COMPLETED
1883,2026年09月25日_14时38分14秒_第001次,2026-09-25T14:38:14+08:00,2026-09-25T06:38:14Z,18.82,15.090100779297,0.0403129911129501,-2.05063990114735,77.3591865072177,6.30903551758106,78.4031751672955,0,-0.782747333674403,-0.0187144605355667,0.404967958753008,MV-202-15,sine_steer_python_15kmh,COMPLETED
1884,2026年09月25日_14时38分14秒_第001次,2026-09-25T14:38:14+08:00,2026-09-25T06:38:14Z,18.83,15.0900656886204,0.0407558467872008,-2.12426253014096,77.4005422538555,6.31587136139966,78.4445940076753,0,-0.805812871427328,-0.0192705812915075,0.416705448481225,MV-202-15,sine_steer_python_15kmh,COMPLETED
1885,2026年09月25日_14时38分14秒_第001次,2026-09-25T14:38:14+08:00,2026-09-25T06:38:14Z,18.84,15.0900286519446,0.0411920081363805,-2.19754686350717,77.4419006204866,6.32269072218372,78.4860175374259,0,-0.828751161986564,-0.0198236518824674,0.428377561341937,MV-202-15,sine_steer_python_15kmh,COMPLETED
1886,2026年09月25日_14时38分14秒_第001次,2026-09-25T14:38:14+08:00,2026-09-25T06:38:14Z,18.85,15.0899896924366,0.0416214663135065,-2.27048134607762,77.4832616819492,6.32949307101091,78.5274458058656,0,-0.851558583130146,-0.0203735857997979,0.439982423187264,MV-202-15,sine_steer_python_15kmh,COMPLETED
1887,2026年09月25日_14时38分14秒_第001次,2026-09-25T14:38:14+08:00,2026-09-25T06:38:14Z,18.86,15.0899488356713,0.0420442326479126,-2.34305453292451,77.5246255120451,6.3362778816292,78.5688788605178,0,-0.874231533301865,-0.0209202973105635,0.451518158400357,MV-202-15,sine_steer_python_15kmh,COMPLETED
1888,2026年09月25日_14时38分14秒_第001次,2026-09-25T14:38:14+08:00,2026-09-25T06:38:14Z,18.87,15.0899061093712,0.0424603336686028,-2.41525507709883,77.5659921835154,6.34304463054928,78.6103167471025,0,-0.896766432180062,-0.0214637014022212,0.462982893103622,MV-202-15,sine_steer_python_15kmh,COMPLETED
1889,2026年09月25日_14时38分14秒_第001次,2026-09-25T14:38:14+08:00,2026-09-25T06:38:14Z,18.88,15.0898615430222,0.0428698047389065,-2.48707171665234,77.6073617680158,6.34979279713243,78.6517595095275,0,-0.919159721242972,-0.0220037137067767,0.474374759236189,MV-202-15,sine_steer_python_15kmh,COMPLETED
1890,2026年09月25日_14时38分14秒_第001次,2026-09-25T14:38:14+08:00,2026-09-25T06:38:14Z,18.89,15.0898151674918,0.0432726833976965,-2.55849326155445,77.6487343360933,6.35652186367336,78.6932071898791,0,-0.941407864330666,-0.0225402504199137,0.485691898841096,MV-202-15,sine_steer_python_15kmh,COMPLETED
1891,2026年09月25日_14时38分14秒_第001次,2026-09-25T14:38:14+08:00,2026-09-25T06:38:14Z,18.9,15.0897670147323,0.0436690032857692,-2.62950858153403,77.6901099571623,6.36323131547825,78.7346598284142,0,-0.963507348203436,-0.0230732282276179,0.496932468028937,MV-202-15,sine_steer_python_15kmh,COMPLETED
1892,2026年09月25日_14时38分14秒_第001次,2026-09-25T14:38:14+08:00,2026-09-25T06:38:14Z,18.91,15.0897171175873,0.0440587891782673,-2.7001065965524,77.731488699482,6.36992064093869,78.7761174635511,0,-0.985454683096581,-0.0236025642478101,0.508094640298607,MV-202-15,sine_steer_python_15kmh,COMPLETED
1893,2026年09月25日_14时38分14秒_第001次,2026-09-25T14:38:14+08:00,2026-09-25T06:38:14Z,18.92,15.0896655096869,0.0444420533152486,-2.7702762706712,77.772870630134,6.37658933160238,78.8175801318623,0,-1.00724640327152,-0.0241281759898637,0.519176609093329,MV-202-15,sine_steer_python_15kmh,COMPLETED
1894,2026年09月25日_14时38分14秒_第001次,2026-09-25T14:38:14+08:00,2026-09-25T06:38:14Z,18.93,15.0896122254035,0.0448187929981489,-2.84000660884583,77.8142558150005,6.38323688224159,78.8590478680677,0,-1.02887906756301,-0.024649981331693,0.530176589605374,MV-202-15,sine_steer_python_15kmh,COMPLETED
1895,2026年09月25日_14时38分14秒_第001次,2026-09-25T14:38:14+08:00,2026-09-25T06:38:14Z,18.94,15.0895572998448,0.0451889893047077,-2.90928665587296,77.8556443187445,6.38986279092008,78.9005207050288,0,-1.05034925992259,-0.0251678985124596,0.54109281991309,MV-202-15,sine_steer_python_15kmh,COMPLETED
1896,2026年09月25日_14时38分14秒_第001次,2026-09-25T14:38:14+08:00,2026-09-25T06:38:14Z,18.95,15.0895007688656,0.0455526067409207,-2.97810549706176,77.8970362047891,6.39646655905934,78.941998673745,0,-1.07165358995799,-0.0256818461384244,0.551923561554724,MV-202-15,sine_steer_python_15kmh,COMPLETED
1897,2026年09月25日_14时38分14秒_第001次,2026-09-25T14:38:14+08:00,2026-09-25T06:38:14Z,18.96,15.089442668793,0.0459095936402831,-3.0464522567659,77.9384315352989,6.40304769150442,78.98348180335,0,-1.09278869346854,-0.0261917431993498,0.562667099661989,MV-202-15,sine_steer_python_15kmh,COMPLETED
1898,2026年09月25日_14时38分14秒_第001次,2026-09-25T14:38:14+08:00,2026-09-25T06:38:14Z,18.97,15.0893830367028,0.0462598831814363,-3.11431610667233,77.9798303711603,6.40960569659014,79.0249701211091,0,-1.11375123297637,-0.0266975090936891,0.573321742693151,MV-202-15,sine_steer_python_15kmh,COMPLETED
1899,2026年09月25日_14时38分14秒_第001次,2026-09-25T14:38:14+08:00,2026-09-25T06:38:14Z,18.98,15.0893219111854,0.0466033949532413,-3.18168627186374,78.0212327719646,6.41614008620794,79.0664636524197,0,-1.13453789825351,-0.0271990636616236,0.583885821804985,MV-202-15,sine_steer_python_15kmh,COMPLETED
1900,2026年09月25日_14时38分14秒_第001次,2026-09-25T14:38:14+08:00,2026-09-25T06:38:14Z,18.99,15.0892593295974,0.046940037118154,-3.24855205850833,78.0626387959915,6.42265037587345,79.1079624208121,0,-1.15514540684454,-0.0276963272267361,0.594357690005911,MV-202-15,sine_steer_python_15kmh,COMPLETED
1901,2026年09月25日_14时38分14秒_第001次,2026-09-25T14:38:14+08:00,2026-09-25T06:38:14Z,19,15.0891953289472,0.0472697089721064,-3.31490283677263,78.1040485001823,6.42913608479314,79.1494664479424,0,-1.17557050458494,-0.0281892206435046,0.604735720904509,MV-202-15,sine_steer_python_15kmh,COMPLETED
1902,2026年09月25日_14时38分14秒_第001次,2026-09-25T14:38:14+08:00,2026-09-25T06:38:14Z,19.01,15.0891299515673,0.0475923026471223,-3.3807279882124,78.1454619401316,6.43559673593581,79.1909757536011,0,-1.19580996611504,-0.0286776653327376,0.615018307736381,MV-202-15,sine_steer_python_15kmh,COMPLETED
1903,2026年09月25日_14时38分14秒_第001次,2026-09-25T14:38:14+08:00,2026-09-25T06:38:14Z,19.02,15.0890632424562,0.0479077053679133,-3.44601694209803,78.1868791700816,6.44203185610663,79.2324903557252,0,-1.21586059538921,-0.0291615833250221,0.62520386240966,MV-202-15,sine_steer_python_15kmh,COMPLETED
1904,2026年09月25日_14时38分14秒_第001次,2026-09-25T14:38:14+08:00,2026-09-25T06:38:14Z,19.03,15.0889952446343,0.0482158024637644,-3.51075923357383,78.2283002429037,6.4484409760192,79.274010270399,0,-1.23571922618067,-0.0296408973151282,0.635290814187536,MV-202-15,sine_steer_python_15kmh,COMPLETED
1905,2026年09月25日_14时38分14秒_第001次,2026-09-25T14:38:14+08:00,2026-09-25T06:38:14Z,19.04,15.088926000035,0.0485164802422504,-3.57494449960047,78.2697252100764,6.4548236303678,79.3155355118513,0,-1.2553827225814,-0.03011553071468,0.645277608190135,MV-202-15,sine_steer_python_15kmh,COMPLETED
1906,2026年09月25日_14时38分14秒_第001次,2026-09-25T14:38:14+08:00,2026-09-25T06:38:14Z,19.05,15.0888555517737,0.0488096284073262,-3.63856245864753,78.3111541216682,6.4611793579021,79.3570660924575,0,-1.27484797949738,-0.0305854076985425,0.65516270408327,MV-202-15,sine_steer_python_15kmh,COMPLETED
1907,2026年09月25日_14时38分14秒_第001次,2026-09-25T14:38:14+08:00,2026-09-25T06:38:14Z,19.06,15.0887839447409,0.0490951421575536,-3.70160290942427,78.352587026326,6.46750770150423,79.3986020227478,0,-1.29411192313889,-0.0310504532468041,0.664944575019648,MV-202-15,sine_steer_python_15kmh,COMPLETED
1908,2026年09月25日_14时38分14秒_第001次,2026-09-25T14:38:14+08:00,2026-09-25T06:38:14Z,19.07,15.088711224892,0.0493729241004465,-3.76405574341055,78.3940239712636,6.47380820826655,79.4401433114142,0,-1.31317151150591,-0.0315105931842632,0.674621706741896,MV-202-15,sine_steer_python_15kmh,COMPLETED
1909,2026年09月25日_14时38分14秒_第001次,2026-09-25T14:38:14+08:00,2026-09-25T06:38:14Z,19.08,15.0886374386444,0.049642885914317,-3.82591095492741,78.4354650022483,6.48008042956958,79.4816899653181,0,-1.3320237348685,-0.0319657542164107,0.684192596824089,MV-202-15,sine_steer_python_15kmh,COMPLETED
1910,2026年09月25日_14时38分14秒_第001次,2026-09-25T14:38:14+08:00,2026-09-25T06:38:14Z,19.09,15.0885626328602,0.0499049496223634,-3.88715864484098,78.4769101635876,6.48632392116021,79.5232419894973,0,-1.35066561624205,-0.0324158639599477,0.693655754109178,MV-202-15,sine_steer_python_15kmh,COMPLETED
1911,2026年09月25日_14时38分14秒_第001次,2026-09-25T14:38:14+08:00,2026-09-25T06:38:14Z,19.1,15.0884868550535,0.0501590484249989,-3.94778902259586,78.5183594981176,6.49253824322996,79.5647993871745,0,-1.36909421185738,-0.0328608509670138,0.703009698392999,MV-202-15,sine_steer_python_15kmh,COMPLETED
1912,2026年09月25日_14时38分14秒_第001次,2026-09-25T14:38:14+08:00,2026-09-25T06:38:14Z,19.11,15.0884101534531,0.0504051271153058,-4.00779240950017,78.5598130471918,6.49872296049309,79.6063621597677,0,-1.38730661162561,-0.0333006447434313,0.71225296036054,MV-202-15,sine_steer_python_15kmh,COMPLETED
1913,2026年09月25日_14时38分14秒_第001次,2026-09-25T14:38:14+08:00,2026-09-25T06:38:14Z,19.12,15.0883325767103,0.0506431420986609,-4.06715924004392,78.6012708506714,6.50487764226408,79.6479303069018,0,-1.4052999395977,-0.0337351757612148,0.721384081776124,MV-202-15,sine_steer_python_15kmh,COMPLETED
1914,2026年09月25日_14时38分14秒_第001次,2026-09-25T14:38:14+08:00,2026-09-25T06:38:14Z,19.13,15.0882541736563,0.0508730610464994,-4.12588006506467,78.6427329469147,6.51100186253406,79.6895038264191,0,-1.42307135441857,-0.0341643754657234,0.730401615890553,MV-202-15,sine_steer_python_15kmh,COMPLETED
1915,2026年09月25日_14时38分14秒_第001次,2026-09-25T14:38:14+08:00,2026-09-25T06:38:14Z,19.14,15.0881749941233,0.0510948623280511,-4.18394556620257,78.6841993727688,6.51709520004608,79.7310827143933,0,-1.44061804977581,-0.0345881762794714,0.739304127923519,MV-202-15,sine_steer_python_15kmh,COMPLETED
1916,2026年09月25日_14时38分14秒_第001次,2026-09-25T14:38:14+08:00,2026-09-25T06:38:14Z,19.15,15.088095088418,0.0513085341809523,-4.24134654625037,78.7256701635629,6.52315723836912,79.7726669651444,0,-1.45793725484283,-0.0350065116020059,0.748090195776615,MV-202-15,sine_steer_python_15kmh,COMPLETED
1917,2026年09月25日_14时38分14秒_第001次,2026-09-25T14:38:14+08:00,2026-09-25T06:38:14Z,19.16,15.0880145068702,0.0515140735369023,-4.29807392499269,78.7671453531013,6.52918756597039,79.8142565712534,0,-1.47502623471635,-0.0354193158046235,0.756758410954232,MV-202-15,sine_steer_python_15kmh,COMPLETED
1918,2026年09月25日_14时38分14秒_第001次,2026-09-25T14:38:14+08:00,2026-09-25T06:38:14Z,19.17,15.0879333006775,0.0517114848090356,-4.35411875566798,78.8086249736566,6.53518577628604,79.8558515235774,0,-1.49188229084836,-0.0358265242242677,0.765307379437883,MV-202-15,sine_steer_python_15kmh,COMPLETED
1919,2026年09月25日_14时38分14秒_第001次,2026-09-25T14:38:14+08:00,2026-09-25T06:38:14Z,19.18,15.0878515215811,0.0519007786288119,-4.40947221987499,78.8501090559665,6.54115146779012,79.8974518112686,0,-1.50850276147221,-0.0362280731564239,0.773735722658969,MV-202-15,sine_steer_python_15kmh,COMPLETED
1920,2026年09月25日_14时38分14秒_第001次,2026-09-25T14:38:14+08:00,2026-09-25T06:38:14Z,19.19,15.0877692213645,0.0520819704282065,-4.46412562328836,78.8915976292295,6.54708424406161,79.939057421791,0,-1.5248850220229,-0.0366238998455182,0.782042078580328,MV-202-15,sine_steer_python_15kmh,COMPLETED
1921,2026年09月25日_14时38分14秒_第001次,2026-09-25T14:38:14+08:00,2026-09-25T06:38:14Z,19.2,15.0876864518321,0.0522550790210352,-4.51807039696445,78.9330907211008,6.55298371384959,79.9806683409382,0,-1.54102648555158,-0.0370139424749955,0.790225102755765,MV-202-15,sine_steer_python_15kmh,COMPLETED
1922,2026年09月25日_14时38分14秒_第001次,2026-09-25T14:38:14+08:00,2026-09-25T06:38:14Z,19.21,15.0876032652956,0.0524201252449646,-4.57129809589993,78.9745883576897,6.55884949113664,80.0222845528518,0,-1.55692460313405,-0.0373981401579599,0.798283469326594,MV-202-15,sine_steer_python_15kmh,COMPLETED
1923,2026年09月25日_14时38分14秒_第001次,2026-09-25T14:38:14+08:00,2026-09-25T06:38:14Z,19.22,15.0875197145351,0.0525771306349392,-4.62380040268329,79.0160905635594,6.56468119520081,80.063906040043,0,-1.57257686427323,-0.0377764329279586,0.806215872032888,MV-202-15,sine_steer_python_15kmh,COMPLETED
1924,2026年09月25日_14时38分14秒_第001次,2026-09-25T14:38:14+08:00,2026-09-25T06:38:14Z,19.23,15.0874358524482,0.0527261162184402,-4.67556913076433,79.0575973617268,6.57047845067543,80.1055327834136,0,-1.58798079729567,-0.0381487617312107,0.814021025174086,MV-202-15,sine_steer_python_15kmh,COMPLETED
1925,2026年09月25日_14时38分14秒_第001次,2026-09-25T14:38:14+08:00,2026-09-25T06:38:14Z,19.24,15.0873517320185,0.0528671014363986,-4.72659622136025,79.0991087736626,6.57624088760731,80.147164762278,0,-1.60313396974176,-0.0385150684203421,0.821697664477809,MV-202-15,sine_steer_python_15kmh,COMPLETED
1926,2026年09月25日_14时38分14秒_第001次,2026-09-25T14:38:14+08:00,2026-09-25T06:38:14Z,19.25,15.0872674063507,0.0530001031750242,-4.77687374082655,79.1406248192929,6.58196814151342,80.1888019543859,0,-1.6180339887499,-0.0388752957494346,0.829244547899934,MV-202-15,sine_steer_python_15kmh,COMPLETED
1927,2026年09月25日_14时38分14秒_第001次,2026-09-25T14:38:14+08:00,2026-09-25T06:38:14Z,19.26,15.0871829286481,0.0531251349450136,-4.82639388129404,79.1821455170012,6.58765985343614,80.2304443359457,0,-1.63267850143437,-0.0392293873709183,0.836660456340593,MV-202-15,sine_steer_python_15kmh,COMPLETED
1928,2026年09月25日_14时38分14秒_第001次,2026-09-25T14:38:14+08:00,2026-09-25T06:38:14Z,19.27,15.087098352169,0.0532422062439601,-4.87514896185745,79.2236708836319,6.59331566999712,80.2720918816493,0,-1.64706519525685,-0.0395772878348378,0.843944194251616,MV-202-15,sine_steer_python_15kmh,COMPLETED
1929,2026年09月25日_14时38分14秒_第001次,2026-09-25T14:38:14+08:00,2026-09-25T06:38:14Z,19.28,15.0870137301969,0.0533513221071189,-4.92313142826144,79.2652009344936,6.59893524344981,80.3137445646975,0,-1.66119179839163,-0.0399189425905846,0.851094590129295,MV-202-15,sine_steer_python_15kmh,COMPLETED
1930,2026年09月25日_14时38分14秒_第001次,2026-09-25T14:38:14+08:00,2026-09-25T06:38:14Z,19.29,15.0869291160135,0.0534524828402118,-4.97033385192802,79.3067356833644,6.60451823173095,80.3554023568255,0,-1.67505608008428,-0.0402542979910267,0.858110496895818,MV-202-15,sine_steer_python_15kmh,COMPLETED
1931,2026年09月25日_14时38分14秒_第001次,2026-09-25T14:38:14+08:00,2026-09-25T06:38:14Z,19.3,15.0868445628659,0.0535456839348636,-5.01674892959211,79.348275142497,6.61006429851102,80.3970652283293,0,-1.68865585100403,-0.0405833012990658,0.864990792168708,MV-202-15,sine_steer_python_15kmh,COMPLETED
1932,2026年09月25日_14时38分14秒_第001次,2026-09-25T14:38:14+08:00,2026-09-25T06:38:14Z,19.31,15.0867601238633,0.0536309161664166,-5.06236948436249,79.3898193226246,6.61557311324379,80.4387331480931,0,-1.70198896358938,-0.0409059006966346,0.8717343784217,MV-202-15,sine_steer_python_15kmh,COMPLETED
1933,2026年09月25日_14时38分14秒_第001次,2026-09-25T14:38:14+08:00,2026-09-25T06:38:14Z,19.32,15.0866758516433,0.053708165868201,-5.10718846913366,79.4313682329677,6.62104435121515,80.4804060836156,0,-1.7150533123873,-0.0412220452960755,0.878340183050565,MV-202-15,sine_steer_python_15kmh,COMPLETED
1934,2026年09月25日_14时38分14秒_第001次,2026-09-25T14:38:14+08:00,2026-09-25T06:38:14Z,19.33,15.0865917991576,0.0537774154098269,-5.15119895521167,79.4729218812405,6.62647769359113,80.522084001038,0,-1.72784683438567,-0.0415316851543078,0.884807158236956,MV-202-15,sine_steer_python_15kmh,COMPLETED
1935,2026年09月25日_14时38分14秒_第001次,2026-09-25T14:38:14+08:00,2026-09-25T06:38:14Z,19.34,15.0865080195603,0.0538386436839029,-5.19439413677827,79.5144802736608,6.63187282746615,80.5637668651733,0,-1.74036750933905,-0.0418347712870167,0.891134280859301,MV-202-15,sine_steer_python_15kmh,COMPLETED
1936,2026年09月25日_14时38分14秒_第001次,2026-09-25T14:38:14+08:00,2026-09-25T06:38:14Z,19.35,15.0864245656685,0.0538918267648468,-5.2367673400302,79.5560434149592,6.63722944591029,80.6054546395357,0,-1.75261336008773,-0.0421312556851989,0.897320552322931,MV-202-15,sine_steer_python_15kmh,COMPLETED
1937,2026年09月25日_14时38分14秒_第001次,2026-09-25T14:38:14+08:00,2026-09-25T06:38:14Z,19.36,15.0863414893374,0.0539369386154862,-5.27831201329339,79.5976113083865,6.64254724801595,80.6471472863682,0,-1.76458245286991,-0.0424210913323076,0.903364998361802,MV-202-15,sine_steer_python_15kmh,COMPLETED
1938,2026年09月25日_14时38分14秒_第001次,2026-09-25T14:38:14+08:00,2026-09-25T06:38:14Z,19.37,15.0862588422784,0.0539739519083332,-5.31902173638534,79.6391839557233,6.64782593894439,80.6888447666714,0,-1.77627289762709,-0.0427042322229605,0.909266668666486,MV-202-15,sine_steer_python_15kmh,COMPLETED
1939,2026年09月25日_14时38分14秒_第001次,2026-09-25T14:38:14+08:00,2026-09-25T06:38:14Z,19.38,15.0861766768463,0.0540028389711661,-5.35889022818595,79.6807613572916,6.65306522997214,80.7305470402351,0,-1.78768284830253,-0.0429806333833573,0.915024636429124,MV-202-15,sine_steer_python_15kmh,COMPLETED
1940,2026年09月25日_14时38分14秒_第001次,2026-09-25T14:38:14+08:00,2026-09-25T06:38:14Z,19.39,15.0860950449214,0.0540235725783596,-5.39791133753755,79.7223435119677,6.65826483853703,80.7722540656706,0,-1.79881050313274,-0.0432502508894402,0.920637998103475,MV-202-15,sine_steer_python_15kmh,COMPLETED
1941,2026年09月25日_14时38分14秒_第001次,2026-09-25T14:38:14+08:00,2026-09-25T06:38:14Z,19.4,15.0860139971533,0.0540361266200879,-5.43607904233405,79.7639304171921,6.66342448828357,80.8139658004399,0,-1.80965410493204,-0.0435130418832359,0.926105873209065,MV-202-15,sine_steer_python_15kmh,COMPLETED
1942,2026年09月25日_14时38分14秒_第001次,2026-09-25T14:38:14+08:00,2026-09-25T06:38:14Z,19.41,15.0859335849053,0.0540404767779964,-5.47338743255107,79.8055220689816,6.66854390910823,80.8556822008868,0,-1.82021194136999,-0.0437689645892043,0.931427403936271,MV-202-15,sine_steer_python_15kmh,COMPLETED
1943,2026年09月25日_14时38分14秒_第001次,2026-09-25T14:38:14+08:00,2026-09-25T06:38:14Z,19.42,15.0858538593489,0.0540366009575919,-5.50983073540202,79.8471184619447,6.67362283720489,80.8974032222704,0,-1.83048234524184,-0.0440179783270208,0.936601755088222,MV-202-15,sine_steer_python_15kmh,COMPLETED
1944,2026年09月25日_14时38分14秒_第001次,2026-09-25T14:38:14+08:00,2026-09-25T06:38:14Z,19.43,15.0857748708435,0.054024479827293,-5.54540332583984,79.8887195892951,6.67866101510859,80.9391288187978,0,-1.84046369473174,-0.0442600435257651,0.941628113934083,MV-202-15,sine_steer_python_15kmh,COMPLETED
1945,2026年09月25日_14时38分14秒_第001次,2026-09-25T14:38:14+08:00,2026-09-25T06:38:14Z,19.44,15.0856966691847,0.0540040972685169,-5.58009971517856,79.9303254428647,6.68365819173856,80.980858943656,0,-1.85015441366892,-0.0444951217367352,0.9465056900492,MV-202-15,sine_steer_python_15kmh,COMPLETED
1946,2026年09月25日_14时38分14秒_第001次,2026-09-25T14:38:14+08:00,2026-09-25T06:38:14Z,19.45,15.0856193037098,0.05397544060453,-5.61391454482525,79.9719360131186,6.68861412244097,81.0225935490439,0,-1.8595529717765,-0.0447231756429785,0.951233715292528,MV-202-15,sine_steer_python_15kmh,COMPLETED
1947,2026年09月25日_14时38分14秒_第001次,2026-09-25T14:38:14+08:00,2026-09-25T06:38:14Z,19.46,15.085542823181,0.0539385007037921,-5.64684259169051,80.0135512891703,6.69352856903084,81.0643325862062,0,-1.86865788491322,-0.0449441690668867,0.955811443870848,MV-202-15,sine_steer_python_15kmh,COMPLETED
1948,2026年09月25日_14时38分14秒_第001次,2026-09-25T14:38:14+08:00,2026-09-25T06:38:14Z,19.47,15.0854672757367,0.0538932720401509,-5.67887877382563,80.0551712587976,6.69840129983286,81.1060760054659,0,-1.87746771530775,-0.0451580669770129,0.960238152419945,MV-202-15,sine_steer_python_15kmh,COMPLETED
1949,2026年09月25日_14时38分14秒_第001次,2026-09-25T14:38:14+08:00,2026-09-25T06:38:14Z,19.48,15.0853927089324,0.0538397526872875,-5.71001815050443,80.0967959084588,6.70323208972111,81.1478237562581,0,-1.88598107178573,-0.0453648354937828,0.9645131401149,MV-202-15,sine_steer_python_15kmh,COMPLETED
1950,2026年09月25日_14时38分14秒_第001次,2026-09-25T14:38:14+08:00,2026-09-25T06:38:14Z,19.49,15.0853191697404,0.0537779442144469,-5.7402559207486,80.13842522331,6.70802072015784,81.1895757871643,0,-1.89419660998949,-0.0455644418936204,0.968635728839117,MV-202-15,sine_steer_python_15kmh,COMPLETED
1951,2026年09月25日_14时38分14秒_第001次,2026-09-25T14:38:14+08:00,2026-09-25T06:38:14Z,19.5,15.0852467044886,0.0537078514998464,-5.76958742402327,80.1800591872229,6.71276697923112,81.2313320459463,0,-1.90211303259031,-0.0457568546117101,0.972605263404112,MV-202-15,sine_steer_python_15kmh,COMPLETED
1952,2026年09月25日_14时38分14秒_第001次,2026-09-25T14:38:14+08:00,2026-09-25T06:38:14Z,19.51,15.0851753583733,0.0536294824899552,-5.79800814681074,80.221697782802,6.7174706616911,81.2730924795799,0,-1.90972908949329,-0.045942043243787,0.97642111183058,MV-202-15,sine_steer_python_15kmh,COMPLETED
1953,2026年09月25日_14时38分14秒_第001次,2026-09-25T14:38:14+08:00,2026-09-25T06:38:14Z,19.52,15.0851051758775,0.0535428479644629,-5.82551371699005,80.2633409914034,6.72213156898511,81.3148570342895,0,-1.91704357803475,-0.0461199785478038,0.980082665556874,MV-202-15,sine_steer_python_15kmh,COMPLETED
1954,2026年09月25日_14时38分14秒_第001次,2026-09-25T14:38:14+08:00,2026-09-25T06:38:14Z,19.53,15.085036201554,0.0534479612121667,-5.85209989616554,80.3049887931547,6.72674950929187,81.3566256555835,0,-1.92405534317217,-0.0462906324441201,0.983589339670751,MV-202-15,sine_steer_python_15kmh,COMPLETED
1955,2026年09月25日_14时38分14秒_第001次,2026-09-25T14:38:14+08:00,2026-09-25T06:38:14Z,19.54,15.0849684791294,0.0533448376077324,-5.87776259507136,80.3466411669762,6.73132429755443,81.398398288291,0,-1.93076327766655,-0.0464539780140575,0.986940573322464,MV-202-15,sine_steer_python_15kmh,COMPLETED
1956,2026年09月25日_14时38分14秒_第001次,2026-09-25T14:38:14+08:00,2026-09-25T06:38:14Z,19.55,15.0849020512923,0.0532334942971997,-5.90249787589677,80.3882980906012,6.73585575551125,81.4401748765966,0,-1.93716632225726,-0.0466099894997825,0.990135830020412,MV-202-15,sine_steer_python_15kmh,COMPLETED
1957,2026年09月25日_14时38分14秒_第001次,2026-09-25T14:38:14+08:00,2026-09-25T06:38:14Z,19.56,15.0848369598824,0.0531139498718107,-5.92630194570375,80.4299595405959,6.74034371172599,81.4819553640753,0,-1.94326346582935,-0.0467586423038045,0.993174597901486,MV-202-15,sine_steer_python_15kmh,COMPLETED
1958,2026年09月25日_14时38分14秒_第001次,2026-09-25T14:38:14+08:00,2026-09-25T06:38:14Z,19.57,15.084773245919,0.0529862239936304,-5.94917115470368,80.4716254923813,6.74478800161628,81.5237396937285,0,-1.94905374557315,-0.0468999129875679,0.996056390039822,MV-202-15,sine_steer_python_15kmh,COMPLETED
1959,2026年09月25日_14时38分14秒_第001次,2026-09-25T14:38:14+08:00,2026-09-25T06:38:14Z,19.58,15.0847109495191,0.0528503370413342,-5.97110199965882,80.5132959202552,6.74918846748105,81.5655278080194,0,-1.95453624713639,-0.0470337792701072,0.99878074474936,MV-202-15,sine_steer_python_15kmh,COMPLETED
1960,2026年09月25日_14时38分14秒_第001次,2026-09-25T14:38:14+08:00,2026-09-25T06:38:14Z,19.59,15.0846501098707,0.0527063098142906,-5.99209112603624,80.5549707974142,6.75354495852646,81.6073196489085,0,-1.95971010476849,-0.047160220027313,1.00134722584459,MV-202-15,sine_steer_python_15kmh,COMPLETED
1961,2026年09月25日_14时38分14秒_第001次,2026-09-25T14:38:14+08:00,2026-09-25T06:38:14Z,19.6,15.0845907652463,0.0525541632817732,-6.01213532741334,80.5966500959762,6.75785733089054,81.6491151578893,0,-1.96457450145738,-0.0472792152916274,1.00375542286824,MV-202-15,sine_steer_python_15kmh,COMPLETED
1962,2026年09月25日_14时38分14秒_第001次,2026-09-25T14:38:14+08:00,2026-09-25T06:38:14Z,19.61,15.0845329529867,0.0523939183685961,-6.03123154475808,80.6383337870046,6.76212544766654,81.6909142760243,0,-1.96912866905841,-0.0473907462520472,1.00600495129616,MV-202-15,sine_steer_python_15kmh,COMPLETED
1963,2026年09月25日_14时38分14秒_第001次,2026-09-25T14:38:14+08:00,2026-09-25T06:38:14Z,19.62,15.0844767094606,0.0522255957912596,-6.04937686691875,80.6800218405309,6.76634917892509,81.7327169439803,0,-1.97337188841574,-0.0474947952546437,1.00809545271032,MV-202-15,sine_steer_python_15kmh,COMPLETED
1964,2026年09月25日_14时38分14秒_第001次,2026-09-25T14:38:14+08:00,2026-09-25T06:38:14Z,19.63,15.0844220700373,0.0520492159579468,-6.06656853145956,80.7217142255792,6.77052840173504,81.7745231020642,0,-1.97730348947583,-0.0475913458037905,1.01002659492876,MV-202-15,sine_steer_python_15kmh,COMPLETED
1965,2026年09月25日_14时38分14秒_第001次,2026-09-25T14:38:14+08:00,2026-09-25T06:38:14Z,19.64,15.0843690690745,0.051864798931269,-6.08280392501595,80.7634109101905,6.77466300018329,81.8163326902588,0,-1.9809228513933,-0.0476803825640959,1.0117980720926,MV-202-15,sine_steer_python_15kmh,COMPLETED
1966,2026年09月25日_14时38分14秒_第001次,2026-09-25T14:38:14+08:00,2026-09-25T06:38:14Z,19.65,15.084317739905,0.0516723644462669,-6.09808058335717,80.8051118614474,6.77875286539329,81.8581456482577,0,-1.98422940262896,-0.0477618913629353,1.01340960471566,MV-202-15,sine_steer_python_15kmh,COMPLETED
1967,2026年09月25日_14时38分14秒_第001次,2026-09-25T14:38:14+08:00,2026-09-25T06:38:14Z,19.66,15.084268114814,0.0514719319787306,-6.11239619157596,80.8468170454991,6.7827978955426,81.8999619155013,0,-1.98722262104002,-0.0478358591935221,1.01486093969982,MV-202-15,sine_steer_python_15kmh,COMPLETED
1968,2026年09月25日_14时38分14秒_第001次,2026-09-25T14:38:14+08:00,2026-09-25T06:38:14Z,19.67,15.0842202250153,0.0512635208603317,-6.12574858444152,80.8885264275865,6.7867979958793,81.9417814312118,0,-1.9899020339626,-0.0479022742184712,1.01615185031761,MV-202-15,sine_steer_python_15kmh,COMPLETED
1969,2026年09月25日_14时38分14秒_第001次,2026-09-25T14:38:14+08:00,2026-09-25T06:38:14Z,19.68,15.0841741006313,0.0510471504345199,-6.13813574671353,80.9302399720683,6.79075307873747,81.9836041344281,0,-1.99226721828634,-0.0479611257737743,1.01728213616483,MV-202-15,sine_steer_python_15kmh,COMPLETED
1970,2026年09月25日_14时38分14秒_第001次,2026-09-25T14:38:14+08:00,2026-09-25T06:38:14Z,19.69,15.0841297706747,0.0508228402444943,-6.1495558133638,80.9719576424465,6.79466306355151,82.0254299640413,0,-1.99431780052123,-0.0480124043730676,1.01825162308844,MV-202-15,sine_steer_python_15kmh,COMPLETED
1971,2026年09月25日_14时38分14秒_第001次,2026-09-25T14:38:14+08:00,2026-09-25T06:38:14Z,19.7,15.0840872636313,0.0505908420516189,-6.16000644815563,81.0136794013751,6.79852787706369,82.0672588587948,0,-1.99605345685654,-0.0480561050259468,1.01906002280559,MV-202-15,sine_steer_python_15kmh,COMPLETED
1972,2026年09月25日_14时38分14秒_第001次,2026-09-25T14:38:14+08:00,2026-09-25T06:38:14Z,19.71,15.0840466023541,0.0503512080918666,-6.1694881673482,81.0554052107329,6.80234745279085,82.1090907574086,0,-1.99747391321203,-0.0480922210944747,1.01970719337234,MV-202-15,sine_steer_python_15kmh,COMPLETED
1973,2026年09月25日_14时38分14秒_第001次,2026-09-25T14:38:14+08:00,2026-09-25T06:38:14Z,19.72,15.0840078188312,0.0501037893646725,-6.17799631755024,81.0971350315528,6.80612173214615,82.1509255984837,0,-1.99857894528118,-0.0481207442461677,1.02019314010549,MV-202-15,sine_steer_python_15kmh,COMPLETED
1974,2026年09月25日_14时38分14秒_第001次,2026-09-25T14:38:14+08:00,2026-09-25T06:38:14Z,19.73,15.0839709322687,0.0498486121933587,-6.18553267099646,81.138868824212,6.80985066272621,82.1927633206962,0,-1.9993683785666,-0.0481416698143057,1.02051779048187,MV-202-15,sine_steer_python_15kmh,COMPLETED
1975,2026年09月25日_14时38分14秒_第001次,2026-09-25T14:38:14+08:00,2026-09-25T06:38:14Z,19.74,15.0839359687344,0.0495855616779604,-6.19209383649533,81.1806065482888,6.81353420001594,82.2346038626858,0,-1.99984208840763,-0.0481549922939887,1.02068118327651,MV-202-15,sine_steer_python_15kmh,COMPLETED
1976,2026年09月25日_14时38分14秒_第001次,2026-09-25T14:38:14+08:00,2026-09-25T06:38:14Z,19.75,15.0839029488753,0.0493148185886321,-6.19768020358979,81.2223481627195,6.81717230613047,82.2764471631782,0,-2,-0.0481607115716757,1.02068320590946,MV-202-15,sine_steer_python_15kmh,COMPLETED
1977,2026年09月25日_14时38分14秒_第001次,2026-09-25T14:38:14+08:00,2026-09-25T06:38:14Z,19.76,15.0838718927651,0.0490364689826161,-6.2022905975599,81.2640936257382,6.82076495066045,82.3182931609716,0,-1.99984208840763,-0.0481588273795428,1.02052382878468,MV-202-15,sine_steer_python_15kmh,COMPLETED
1978,2026年09月25日_14时38分14秒_第001次,2026-09-25T14:38:14+08:00,2026-09-25T06:38:14Z,19.77,15.0838428212044,0.0487505156212471,-6.20592439231426,81.3058428949368,6.82431211040147,82.3601417949851,0,-1.9993683785666,-0.0481493394476017,1.02020309876077,MV-202-15,sine_steer_python_15kmh,COMPLETED
1979,2026年09月25日_14时38分14秒_第001次,2026-09-25T14:38:14+08:00,2026-09-25T06:38:14Z,19.78,15.0838157521946,0.0484568876239685,-6.20858086347086,81.3475959273032,6.82781376922348,82.4019930042992,0,-1.99857894528118,-0.0481322476317778,1.01972113399962,MV-202-15,sine_steer_python_15kmh,COMPLETED
1980,2026年09月25日_14时38分14秒_第001次,2026-09-25T14:38:14+08:00,2026-09-25T06:38:14Z,19.79,15.0837907026465,0.0481554389140852,-6.21025990197647,81.3893526792442,6.83126991811008,82.4438467281911,0,-1.99747391321204,-0.048107551882711,1.0190781251391,MV-202-15,sine_steer_python_15kmh,COMPLETED
1981,2026年09月25日_14时38分14秒_第001次,2026-09-25T14:38:14+08:00,2026-09-25T06:38:14Z,19.8,15.0837676888688,0.0478459686679432,-6.21096132507205,81.4311131066197,6.83468055508569,82.4857029061699,0,-1.99605345685654,-0.0480752525287451,1.01827432325121,MV-202-15,sine_steer_python_15kmh,COMPLETED
1982,2026年09月25日_14时38分14秒_第001次,2026-09-25T14:38:14+08:00,2026-09-25T06:38:14Z,19.81,15.0837467260283,0.0475282352785184,-6.21068515495911,81.4728771647748,6.83804568517815,82.52756147801,0,-1.99431780052123,-0.048035350468429,1.01731003169688,MV-202-15,sine_steer_python_15kmh,COMPLETED
1983,2026年09月25日_14时38分14秒_第001次,2026-09-25T14:38:14+08:00,2026-09-25T06:38:14Z,19.82,15.0837278286647,0.0472023570887585,-6.20943056825903,81.5146448085433,6.84136532071972,82.5694223837341,0,-1.99226721828635,-0.047987852893682,1.01618536382938,MV-202-15,sine_steer_python_15kmh,COMPLETED
1984,2026年09月25日_14时38分14秒_第001次,2026-09-25T14:38:14+08:00,2026-09-25T06:38:14Z,19.83,15.0837110034388,0.0468684931285905,-6.20720038174411,81.5564159923156,6.84463948074433,82.6112855637203,0,-1.9899020339626,-0.0479327687671649,1.01490043488433,MV-202-15,sine_steer_python_15kmh,COMPLETED
1985,2026年09月25日_14时38分14秒_第001次,2026-09-25T14:38:14+08:00,2026-09-25T06:38:14Z,19.84,15.0836962676484,0.0465267102410073,-6.20399166793681,81.5981906699582,6.84786819240428,82.653150958604,0,-1.98722262104002,-0.0478701069263349,1.01345544071526,MV-202-15,sine_steer_python_15kmh,COMPLETED
1986,2026年09月25日_14时38分14秒_第001次,2026-09-25T14:38:14+08:00,2026-09-25T06:38:14Z,19.85,15.0836836257041,0.0461774039997969,-6.19980768492867,81.6399687949808,6.85105148930741,82.6950185094353,0,-1.98422940262896,-0.0477998820885327,1.01185040537659,MV-202-15,sine_steer_python_15kmh,COMPLETED
1987,2026年09月25日_14时38分14秒_第001次,2026-09-25T14:38:14+08:00,2026-09-25T06:38:14Z,19.86,15.0836730865982,0.0458206837552334,-6.19464786028194,81.6817503204339,6.85418941295998,82.736888157621,0,-1.9809228513933,-0.0477221060969539,1.01008555014999,MV-202-15,sine_steer_python_15kmh,COMPLETED
1988,2026年09月25日_14时38分14秒_第001次,2026-09-25T14:38:14+08:00,2026-09-25T06:38:14Z,19.87,15.08366465856,0.0454566420431929,-6.18851310016267,81.7235351990223,6.85728201188666,82.7787598450007,0,-1.97730348947583,-0.0476367917364982,1.00816113235479,MV-202-15,sine_steer_python_15kmh,COMPLETED
1989,2026年09月25日_14时38分14秒_第001次,2026-09-25T14:38:14+08:00,2026-09-25T06:38:14Z,19.88,15.0836583460802,0.0450853727122624,-6.18140456433387,81.7653233831105,6.86032934183313,82.8206335138692,0,-1.97337188841574,-0.0475439529889772,1.00607743464836,MV-202-15,sine_steer_python_15kmh,COMPLETED
1990,2026年09月25日_14时38分14秒_第001次,2026-09-25T14:38:14+08:00,2026-09-25T06:38:14Z,19.89,15.0836541528634,0.0447069677049498,-6.17332341773578,81.8071148247488,6.86333146574583,82.8625091069991,0,-1.96912866905841,-0.0474436049851212,1.00383476669229,MV-202-15,sine_steer_python_15kmh,COMPLETED
1991,2026年09月25日_14时38分14秒_第001次,2026-09-25T14:38:14+08:00,2026-09-25T06:38:14Z,19.9,15.0836520818599,0.0443215158710692,-6.16427095647131,81.8489094757043,6.86628845375562,82.9043865676684,0,-1.96457450145738,-0.0473357639850737,1.00143346582485,MV-202-15,sine_steer_python_15kmh,COMPLETED
1992,2026年09月25日_14时38分14秒_第001次,2026-09-25T14:38:14+08:00,2026-09-25T06:38:14Z,19.91,15.0836521343707,0.0439291024948994,-6.15424863579245,81.8907072874886,6.86920038316604,82.9462658396853,0,-1.95971010476849,-0.0472204473687668,0.998873897373517,MV-202-15,sine_steer_python_15kmh,COMPLETED
1993,2026年09月25日_14时38分14秒_第001次,2026-09-25T14:38:14+08:00,2026-09-25T06:38:14Z,19.92,15.0836543101448,0.0435298086249315,-6.14325806598181,81.9325082113845,6.87206733843907,82.9881468674117,0,-1.95453624713639,-0.0470976736232336,0.996156455008902,MV-202-15,sine_steer_python_15kmh,COMPLETED
1994,2026年09月25日_14时38分14秒_第001次,2026-09-25T14:38:14+08:00,2026-09-25T06:38:14Z,19.93,15.0836586077061,0.0431237101043128,-6.13130100125809,81.9743121984737,6.87488941117907,83.030029595787,0,-1.94905374557316,-0.046967462325382,0.993281561261601,MV-202-15,sine_steer_python_15kmh,COMPLETED
1995,2026年09月25日_14时38分14秒_第001次,2026-09-25T14:38:14+08:00,2026-09-25T06:38:14Z,19.94,15.0836650243417,0.0427108764934289,-6.11837933714633,82.0161191996643,6.87766670011464,83.0719139703517,0,-1.94326346582935,-0.0468298341229276,0.99024966813057,MV-202-15,sine_steer_python_15kmh,COMPLETED
1996,2026年09月25日_14时38分14秒_第001次,2026-09-25T14:38:14+08:00,2026-09-25T06:38:14Z,19.95,15.083673555977,0.042291370167702,-6.10449511406163,82.0579291657187,6.88039931107816,83.113799937271,0,-1.93716632225726,-0.0466848107175239,0.987061257594922,MV-202-15,sine_steer_python_15kmh,COMPLETED
1997,2026年09月25日_14时38分14秒_第001次,2026-09-25T14:38:14+08:00,2026-09-25T06:38:14Z,19.96,15.0836841971694,0.0418652457839718,-6.08965051880412,82.0997420472801,6.88308735698328,83.1556874433579,0,-1.93076327766655,-0.0465324148528729,0.983716841893915,MV-202-15,sine_steer_python_15kmh,COMPLETED
1998,2026年09月25日_14时38分14秒_第001次,2026-09-25T14:38:14+08:00,2026-09-25T06:38:14Z,19.97,15.0836969411645,0.0414325502136206,-6.07384788273343,82.1415577949003,6.88573095780069,83.197576436096,0,-1.92405534317217,-0.0463726703092642,0.980216963518222,MV-202-15,sine_steer_python_15kmh,COMPLETED
1999,2026年09月25日_14时38分14秒_第001次,2026-09-25T14:38:14+08:00,2026-09-25T06:38:14Z,19.98,15.083711779916,0.040993323007653,-6.05708968007702,82.1833763590657,6.88833024053279,83.239466863662,0,-1.91704357803475,-0.0462056019055316,0.976562194878131,MV-202-15,sine_steer_python_15kmh,COMPLETED
2000,2026年09月25日_14时38分14秒_第001次,2026-09-25T14:38:14+08:00,2026-09-25T06:38:14Z,19.99,15.0837287040747,0.0405475974256244,-6.03937852782733,82.2251976902244,6.89088533918784,83.281358674948,0,-1.90972908949329,-0.0460312355089448,0.972753137626331,MV-202-15,sine_steer_python_15kmh,COMPLETED
2001,2026年09月25日_14时38分14秒_第001次,2026-09-25T14:38:14+08:00,2026-09-25T06:38:14Z,20,15.0837477029875,0.0400954019878194,-6.02071718610831,82.2670217388125,6.89339639475401,83.3232518195822,0,-1.90211303259031,-0.0458495980525241,0.968790421653876,MV-202-15,sine_steer_python_15kmh,COMPLETED
2002,2026年09月25日_14时38分14秒_第001次,2026-09-25T14:38:14+08:00,2026-09-25T06:38:14Z,20.01,15.0837687647122,0.0396367624289166,-6.0011085581347,82.3088484552794,6.89586355517378,83.3651462479494,0,-1.89419660998949,-0.0456607175581003,0.964674703830151,MV-202-15,sine_steer_python_15kmh,COMPLETED
2003,2026年09月25日_14时38分14秒_第001次,2026-09-25T14:38:14+08:00,2026-09-25T06:38:14Z,20.02,15.0837918760282,0.03917170387888,-5.98055569005871,82.3506777901135,6.89828697531917,83.4070419112102,0,-1.88598107178573,-0.0454646231626753,0.96040666659157,MV-202-15,sine_steer_python_15kmh,COMPLETED
2004,2026年09月25日_14时38分14秒_第001次,2026-09-25T14:38:14+08:00,2026-09-25T06:38:14Z,20.03,15.0838170224411,0.0387002530779935,-5.95906177115381,82.3925096938674,6.90066681696766,83.4489387613188,0,-1.87746771530775,-0.045261345145352,0.955987016495043,MV-202-15,sine_steer_python_15kmh,COMPLETED
2005,2026年09月25日_14时38分14秒_第001次,2026-09-25T14:38:14+08:00,2026-09-25T06:38:14Z,20.04,15.0838441881858,0.0382224404372499,-5.9366301342755,82.4343441171821,6.90300324877887,83.4908367510397,0,-1.86865788491322,-0.0450509149521387,0.951416482849731,MV-202-15,sine_steer_python_15kmh,COMPLETED
2006,2026年09月25日_14时38分14秒_第001次,2026-09-25T14:38:14+08:00,2026-09-25T06:38:14Z,20.05,15.0838733562357,0.0377383017789304,-5.91326425633061,82.4761810108113,6.90529644627181,83.5327358339638,0,-1.8595529717765,-0.0448333652162499,0.94669581652745,MV-202-15,sine_steer_python_15kmh,COMPLETED
2007,2026年09月25日_14时38分14秒_第001次,2026-09-25T14:38:14+08:00,2026-09-25T06:38:14Z,20.06,15.0839045083131,0.0372478796351201,-5.8889677586551,82.5180203256451,6.9075465918021,83.5746359645224,0,-1.85015441366892,-0.0446087297721171,0.941825789027559,MV-202-15,sine_steer_python_15kmh,COMPLETED
2008,2026年09月25日_14时38分14秒_第001次,2026-09-25T14:38:14+08:00,2026-09-25T06:38:14Z,20.07,15.0839376248982,0.0367512240396228,-5.86374440731962,82.5598620127332,6.90975387453898,83.6165370980016,0,-1.84046369473174,-0.0443770436621389,0.936807191837785,MV-202-15,sine_steer_python_15kmh,COMPLETED
2009,2026年09月25日_14时38分14秒_第001次,2026-09-25T14:38:14+08:00,2026-09-25T06:38:14Z,20.08,15.0839726852394,0.0362483928110407,-5.83759811335288,82.6017060233082,6.91191849044133,83.6584391905547,0,-1.83048234524184,-0.0441383431360756,0.931640836094805,MV-202-15,sine_steer_python_15kmh,COMPLETED
2010,2026年09月25日_14时38分14秒_第001次,2026-09-25T14:38:14+08:00,2026-09-25T06:38:14Z,20.09,15.0840096673638,0.0357394513813773,-5.81053293280366,82.6435523088077,6.91404064223257,83.7003421992149,0,-1.82021194136999,-0.0438926656438087,0.926327552514255,MV-202-15,sine_steer_python_15kmh,COMPLETED
2011,2026年09月25日_14时38分14秒_第001次,2026-09-25T14:38:14+08:00,2026-09-25T06:38:14Z,20.1,15.0840485480887,0.035224472268292,-5.78255306657891,82.6854008208972,6.91612053937385,83.742246081907,0,-1.80965410493204,-0.0436400498228148,0.920868191533069,MV-202-15,sine_steer_python_15kmh,COMPLETED
2012,2026年09月25日_14时38分14秒_第001次,2026-09-25T14:38:14+08:00,2026-09-25T06:38:14Z,20.11,15.0840893030335,0.0347035343154326,-5.7536628600551,82.7272515114913,6.91815839803554,83.7841507974583,0,-1.79881050313274,-0.043380535482091,0.915263623590757,MV-202-15,sine_steer_python_15kmh,COMPLETED
2013,2026年09月25日_14时38分14秒_第001次,2026-09-25T14:38:14+08:00,2026-09-25T06:38:14Z,20.12,15.084131906631,0.0341767218316588,-5.72386680247413,82.7691043327761,6.92015444106669,83.8260563056104,0,-1.78768284830253,-0.0431141635843754,0.909514739471678,MV-202-15,sine_steer_python_15kmh,COMPLETED
2014,2026年09月25日_14时38分14秒_第001次,2026-09-25T14:38:14+08:00,2026-09-25T06:38:14Z,20.13,15.0841763321397,0.0336441237469377,-5.69316952614372,82.8109592372296,6.92210889796273,83.8679625670283,0,-1.77627289762709,-0.0428409762283372,0.903622450637545,MV-202-15,sine_steer_python_15kmh,COMPLETED
2015,2026年09月25日_14时38分14秒_第001次,2026-09-25T14:38:14+08:00,2026-09-25T06:38:14Z,20.14,15.0842225516568,0.0331058328739146,-5.66157580546983,82.8528161776435,6.9240220048314,83.909869543311,0,-1.76458245286991,-0.0425610166320086,0.897587689496203,MV-202-15,sine_steer_python_15kmh,COMPLETED
2016,2026年09月25日_14时38分14秒_第001次,2026-09-25T14:38:14+08:00,2026-09-25T06:38:14Z,20.15,15.0842705361335,0.0325619453254685,-5.62909055585753,82.8946751071427,6.92589400435719,83.951777197,0,-1.75261336008773,-0.0422743291181943,0.891411409575712,MV-202-15,sine_steer_python_15kmh,COMPLETED
2017,2026年09月25日_14时38分14秒_第001次,2026-09-25T14:38:14+08:00,2026-09-25T06:38:14Z,20.16,15.084320255392,0.0320125600972892,-5.59571883253319,82.9365359792058,6.92772514576442,83.9936854915874,0,-1.74036750933905,-0.0419809591020058,0.88509458559754,MV-202-15,sine_steer_python_15kmh,COMPLETED
2018,2026年09月25日_14时38分14秒_第001次,2026-09-25T14:38:14+08:00,2026-09-25T06:38:14Z,20.17,15.0843716781445,0.0314577787875465,-5.56146582932989,82.9783987476847,6.92951568477919,84.0355943915233,0,-1.72784683438567,-0.0416809530801417,0.878638213464946,MV-202-15,sine_steer_python_15kmh,COMPLETED
2019,2026年09月25日_14时38分14秒_第001次,2026-09-25T14:38:14+08:00,2026-09-25T06:38:14Z,20.18,15.084424772014,0.0308977053989475,-5.52633687747142,83.020263366823,6.93126588359028,84.0775038622218,0,-1.71505331238731,-0.04137435862115,0.872043310199019,MV-202-15,sine_steer_python_15kmh,COMPLETED
2020,2026年09月25日_14时38分14秒_第001次,2026-09-25T14:38:14+08:00,2026-09-25T06:38:14Z,20.19,15.0844795035577,0.0303324461555214,-5.49033744438017,83.0621297912751,6.93297601080915,84.119413870066,0,-1.70198896358938,-0.0410612243557152,0.865310913862931,MV-202-15,sine_steer_python_15kmh,COMPLETED
2021,2026年09月25日_14时38分14秒_第001次,2026-09-25T14:38:14+08:00,2026-09-25T06:38:14Z,20.2,15.0845358382906,0.0297621092683629,-5.45347313252319,83.1039979761242,6.93464634142882,84.1613243824124,0,-1.68865585100403,-0.0407415999660341,0.85844208351424,MV-202-15,sine_steer_python_15kmh,COMPLETED
2022,2026年09月25日_14时38分14秒_第001次,2026-09-25T14:38:14+08:00,2026-09-25T06:38:14Z,20.21,15.0845937407101,0.0291868046001136,-5.41574967829437,83.1458678768991,6.93627715678174,84.2032353675941,0,-1.67505608008428,-0.0404155361735554,0.851437899215903,MV-202-15,sine_steer_python_15kmh,COMPLETED
2023,2026年09月25日_14时38分14秒_第001次,2026-09-25T14:38:14+08:00,2026-09-25T06:38:14Z,20.22,15.0846531743214,0.0286066432029323,-5.3771729509227,83.1877394495921,6.93786874449631,84.2451467949229,0,-1.66119179839163,-0.0400830847247145,0.844299462121926,MV-202-15,sine_steer_python_15kmh,COMPLETED
2024,2026年09月25日_14时38分14秒_第001次,2026-09-25T14:38:14+08:00,2026-09-25T06:38:14Z,20.23,15.0847141016621,0.0280217367344225,-5.3377489513956,83.2296126506747,6.93942139845216,84.2870586346909,0,-1.64706519525686,-0.0397442983747096,0.837027894635555,MV-202-15,sine_steer_python_15kmh,COMPLETED
2025,2026年09月25日_14时38分14秒_第001次,2026-09-25T14:38:14+08:00,2026-09-25T06:38:14Z,20.24,15.0847764843259,0.027432196784617,-5.29748381137598,83.2714874371139,6.94093541873369,84.328970858171,0,-1.63267850143437,-0.0393992308697841,0.829624340620754,MV-202-15,sine_steer_python_15kmh,COMPLETED
2026,2026年09月25日_14时38分14秒_第001次,2026-09-25T14:38:14+08:00,2026-09-25T06:38:14Z,20.25,15.0848402829867,0.0268381341699344,-5.25638379210433,83.3133637663875,6.94241111158228,84.3708834376176,0,-1.61803398874989,-0.0390479369288003,0.82208996563351,MV-202-15,sine_steer_python_15kmh,COMPLETED
2027,2026年09月25日_14时38分14秒_第001次,2026-09-25T14:38:14+08:00,2026-09-25T06:38:14Z,20.26,15.0849054574231,0.0262396582631167,-5.21445528327805,83.355241596499,6.94384878934664,84.4127963462654,0,-1.60313396974175,-0.0386904722250925,0.814425957131437,MV-202-15,sine_steer_python_15kmh,COMPLETED
2028,2026年09月25日_14时38分14秒_第001次,2026-09-25T14:38:14+08:00,2026-09-25T06:38:14Z,20.27,15.084971966542,0.0256368764300042,-5.17170480191344,83.397120885992,6.94524877043181,84.4547095583283,0,-1.58798079729567,-0.0383268933696152,0.806633524618701,MV-202-15,sine_steer_python_15kmh,COMPLETED
2029,2026年09月25日_14时38分14秒_第001次,2026-09-25T14:38:14+08:00,2026-09-25T06:38:14Z,20.28,15.0850397684038,0.0250298936346881,-5.12813899119632,83.439001593964,6.9466113792467,84.4966230489976,0,-1.57257686427324,-0.0379572578962822,0.798713899688444,MV-202-15,sine_steer_python_15kmh,COMPLETED
2030,2026年09月25日_14时38分14秒_第001次,2026-09-25T14:38:14+08:00,2026-09-25T06:38:14Z,20.29,15.0851088202484,0.0244188122560673,-5.08376461934153,83.4808836800793,6.94793694615036,84.5385367944393,0,-1.55692460313405,-0.037581624250132,0.790668335935922,MV-202-15,sine_steer_python_15kmh,COMPLETED
2031,2026年09月25日_14时38分14秒_第001次,2026-09-25T14:38:14+08:00,2026-09-25T06:38:14Z,20.3,15.0851790785218,0.0238037321344073,-5.03858857847719,83.5227671045823,6.9492258073974,84.5804507717908,0,-1.54102648555158,-0.0372000517786103,0.782498108730018,MV-202-15,sine_steer_python_15kmh,COMPLETED
2032,2026年09月25日_14时38分14秒_第001次,2026-09-25T14:38:14+08:00,2026-09-25T06:38:14Z,20.31,15.0852504989046,0.0231847508400876,-4.99261788357744,83.5646518283086,6.95047830508246,84.6223649591564,0,-1.5248850220229,-0.0368126007258913,0.774204514846895,MV-202-15,sine_steer_python_15kmh,COMPLETED
2033,2026年09月25日_14时38分14秒_第001次,2026-09-25T14:38:14+08:00,2026-09-25T06:38:14Z,20.32,15.0853230363399,0.0225619641322648,-4.94585967145182,83.6065378126971,6.95169478708428,84.6642793356025,0,-1.50850276147221,-0.0364193322297967,0.765788871984055,MV-202-15,sine_steer_python_15kmh,COMPLETED
2034,2026年09月25日_14时38分14秒_第001次,2026-09-25T14:38:14+08:00,2026-09-25T06:38:14Z,20.33,15.0853966450638,0.0219354665559443,-4.89832119980734,83.6484250198005,6.95287560700926,84.7061938811516,0,-1.49188229084836,-0.0360203083206081,0.757252518185267,MV-202-15,sine_steer_python_15kmh,COMPLETED
2035,2026年09月25日_14时38分14秒_第001次,2026-09-25T14:38:14+08:00,2026-09-25T06:38:14Z,20.34,15.0854712786353,0.0213053521143261,-4.85000984638294,83.6903134122955,6.95402112413474,84.7481085767755,0,-1.47502623471635,-0.035615591920882,0.748596811213792,MV-202-15,sine_steer_python_15kmh,COMPLETED
2036,2026年09月25日_14时38分14秒_第001次,2026-09-25T14:38:14+08:00,2026-09-25T06:38:14Z,20.35,15.0855468899667,0.020671714950349,-4.80093310814957,83.7322029534919,6.95513170335198,84.7900234043875,0,-1.45793725484282,-0.0352052468453347,0.739823127913623,MV-202-15,sine_steer_python_15kmh,COMPLETED
2037,2026年09月25日_14时38分14秒_第001次,2026-09-25T14:38:14+08:00,2026-09-25T06:38:14Z,20.36,15.0856234313546,0.0200346499767807,-4.75109860056515,83.774093607342,6.95620771510885,84.8319383468339,0,-1.44061804977581,-0.0347893377999362,0.730932863595476,MV-202-15,sine_steer_python_15kmh,COMPLETED
2038,2026年09月25日_14时38分14秒_第001次,2026-09-25T14:38:14+08:00,2026-09-25T06:38:14Z,20.37,15.0857008545104,0.0193942534067588,-4.70051405686314,83.8159853384486,6.95724953535207,84.8738533878846,0,-1.42307135441857,-0.034367930379515,0.72192743147685,MV-202-15,sine_steer_python_15kmh,COMPLETED
2039,2026年09月25日_14时38分14秒_第001次,2026-09-25T14:38:14+08:00,2026-09-25T06:38:14Z,20.38,15.0857791105908,0.0187506231539896,-4.64918732735303,83.8578781120723,6.958257545469,84.9157685122233,0,-1.4052999395977,-0.033941091063429,0.712808262195433,MV-202-15,sine_steer_python_15kmh,COMPLETED
2040,2026年09月25日_14时38分14秒_第001次,2026-09-25T14:38:14+08:00,2026-09-25T06:38:14Z,20.39,15.0858581502286,0.0181038590911749,-4.59712637871018,83.8997718941389,6.95923213222875,84.957683705436,0,-1.38730661162561,-0.0335088872091207,0.70357680340341,MV-202-15,sine_steer_python_15kmh,COMPLETED
2041,2026年09月25日_14时38分14秒_第001次,2026-09-25T14:38:14+08:00,2026-09-25T06:38:14Z,20.4,15.0859379235622,0.0174540631738595,-4.54433929322742,83.9416666512452,6.96017368772252,84.999598954,0,-1.36909421185737,-0.0330713870436491,0.694234519439125,MV-202-15,sine_steer_python_15kmh,COMPLETED
2042,2026年09月25日_14时38分14秒_第001次,2026-09-25T14:38:14+08:00,2026-09-25T06:38:14Z,20.41,15.0860183799985,0.0168013394554296,-4.490834270757,83.9835623506648,6.96108260930303,85.0415142452712,0,-1.35066561624205,-0.0326286596535475,0.68478289107513,MV-202-15,sine_steer_python_15kmh,COMPLETED
2043,2026年09月25日_14时38分14秒_第001次,2026-09-25T14:38:14+08:00,2026-09-25T06:38:14Z,20.42,15.086099468673,0.0161457940367743,-4.43661962201852,84.0254589603527,6.96195929952308,85.0834295674708,0,-1.3320237348685,-0.0321807749736193,0.675223415265932,MV-202-15,sine_steer_python_15kmh,COMPLETED
2044,2026年09月25日_14时38分14秒_第001次,2026-09-25T14:38:14+08:00,2026-09-25T06:38:14Z,20.43,15.0861811385973,0.0154875349268426,-4.38170376757725,84.0673564489505,6.96280416607325,85.1253449096729,0,-1.31317151150592,-0.0317278037743304,0.665557604964985,MV-202-15,sine_steer_python_15kmh,COMPLETED
2045,2026年09月25日_14时38分14秒_第001次,2026-09-25T14:38:14+08:00,2026-09-25T06:38:14Z,20.44,15.0862633383319,0.0148266719048866,-4.32609524285811,84.1092547857909,6.96361762171853,85.1672602617908,0,-1.29411192313889,-0.0312698176490781,0.655786988962907,MV-202-15,sine_steer_python_15kmh,COMPLETED
2046,2026年09月25日_14时38分14秒_第001次,2026-09-25T14:38:14+08:00,2026-09-25T06:38:14Z,20.45,15.0863460160061,0.0141633164423793,-4.26980269617855,84.1511539408999,6.96440008423398,85.2091756145619,0,-1.27484797949738,-0.0308068890021782,0.64591311166913,MV-202-15,sine_steer_python_15kmh,COMPLETED
2047,2026年09月25日_14时38分14秒_第001次,2026-09-25T14:38:14+08:00,2026-09-25T06:38:14Z,20.46,15.0864291194358,0.0134975816406563,-4.21283488448559,84.1930538850001,6.96515197633953,85.2510909595327,0,-1.2553827225814,-0.0303390910369418,0.635937532877043,MV-202-15,sine_steer_python_15kmh,COMPLETED
2048,2026年09月25日_14时38分14秒_第001次,2026-09-25T14:38:14+08:00,2026-09-25T06:38:14Z,20.47,15.0865125961634,0.0128295821829945,-4.15520067183803,84.2349545895121,6.96587372563411,85.2930062890421,0,-1.23571922618067,-0.0298664977438318,0.625861827522395,MV-202-15,sine_steer_python_15kmh,COMPLETED
2049,2026年09月25日_14时38分14秒_第001次,2026-09-25T14:38:14+08:00,2026-09-25T06:38:14Z,20.48,15.0865963933384,0.0121594343022059,-4.0969090281915,84.2768560265557,6.96656576452903,85.3349215962054,0,-1.21586059538921,-0.0293891838887178,0.615687585437592,MV-202-15,sine_steer_python_15kmh,COMPLETED
2050,2026年09月25日_14时38分14秒_第001次,2026-09-25T14:38:14+08:00,2026-09-25T06:38:14Z,20.49,15.0866804575226,0.0114872557422653,-4.03796902692834,84.3187581689501,6.96722853018056,85.3768368748953,0,-1.19580996611504,-0.0289072250009242,0.60541641111021,MV-202-15,sine_steer_python_15kmh,COMPLETED
2051,2026年09月25日_14时38分14秒_第001次,2026-09-25T14:38:14+08:00,2026-09-25T06:38:14Z,20.5,15.0867647357868,0.0108131658421146,-3.97838985537236,84.360660990214,6.96786246442191,85.4187521197252,0,-1.17557050458495,-0.0284206973629051,0.595049923305753,MV-202-15,sine_steer_python_15kmh,COMPLETED
2052,2026年09月25日_14时38分14秒_第001次,2026-09-25T14:38:14+08:00,2026-09-25T06:38:14Z,20.51,15.0868491751619,0.0101372854996065,-3.91818080173037,84.4025644645667,6.96846801369431,85.4606673260318,0,-1.15514540684453,-0.027929677998103,0.584589754838602,MV-202-15,sine_steer_python_15kmh,COMPLETED
2053,2026年09月25日_14时38分14秒_第001次,2026-09-25T14:38:14+08:00,2026-09-25T06:38:14Z,20.52,15.086933722413,0.00945973700239873,-3.85735125112116,84.4444685669265,6.96904562897763,85.5025824898554,0,-1.13453789825352,-0.0274342446567909,0.574037552404611,MV-202-15,sine_steer_python_15kmh,COMPLETED
2054,2026年09月25日_14时38分14秒_第001次,2026-09-25T14:38:14+08:00,2026-09-25T06:38:14Z,20.53,15.0870183240876,0.00878064381811785,-3.79591068857105,84.4863732729088,6.96959576572009,85.5444976079201,0,-1.11375123297638,-0.0269344758011997,0.563394976423954,MV-202-15,sine_steer_python_15kmh,COMPLETED
2055,2026年09月25日_14时38分14秒_第001次,2026-09-25T14:38:14+08:00,2026-09-25T06:38:14Z,20.54,15.0871029266669,0.00810013036726153,-3.73386870001205,84.5282785588227,6.9701188837671,85.5864126776129,0,-1.09278869346854,-0.0264304505902708,0.552663700889095,MV-202-15,sine_steer_python_15kmh,COMPLETED
2056,2026年09月25日_14时38分14秒_第001次,2026-09-25T14:38:14+08:00,2026-09-25T06:38:14Z,20.55,15.0871874766758,0.00741832174658772,-3.67123496934606,84.5701844016688,6.97061544728914,85.6283276969631,0,-1.071653589958,-0.0259222488635644,0.541845413244021,MV-202-15,sine_steer_python_15kmh,COMPLETED
2057,2026年09月25日_14时38分14秒_第001次,2026-09-25T14:38:14+08:00,2026-09-25T06:38:14Z,20.56,15.0872719206982,0.00673534339937044,-3.60801927545946,84.6120907791354,6.97108592470872,85.6702426646211,0,-1.05034925992259,-0.0254099511242748,0.530941814299245,MV-202-15,sine_steer_python_15kmh,COMPLETED
2058,2026年09月25日_14时38分14秒_第001次,2026-09-25T14:38:14+08:00,2026-09-25T06:38:14Z,20.57,15.0873562053671,0.00605132077137049,-3.54423149093978,84.6539976695943,6.9715307886265,85.7121575798368,0,-1.02887906756301,-0.0248936385218994,0.519954618156,MV-202-15,sine_steer_python_15kmh,COMPLETED
2059,2026年09月25日_14时38分14秒_第001次,2026-09-25T14:38:14+08:00,2026-09-25T06:38:14Z,20.58,15.0874402773904,0.00536637899593603,-3.47988158120952,84.6959050520959,6.97195051574629,85.7540724424375,0,-1.00724640327152,-0.0243733928351846,0.508885552111082,MV-202-15,sine_steer_python_15kmh,COMPLETED
2060,2026年09月25日_14时38分14秒_第001次,2026-09-25T14:38:14+08:00,2026-09-25T06:38:14Z,20.59,15.0875240836012,0.00468064263341709,-3.41497960290233,84.7378129063642,6.97234558679936,85.7959872528051,0,-0.985454683096585,-0.023849296455712,0.49773635652749,MV-202-15,sine_steer_python_15kmh,COMPLETED
2061,2026年09月25日_14时38分14秒_第001次,2026-09-25T14:38:14+08:00,2026-09-25T06:38:14Z,20.6,15.0876075710026,0.00399423547899336,-3.34953570179651,84.7797212127905,6.97271648646775,85.8379020118534,0,-0.963507348203427,-0.0233214323723373,0.486508784663536,MV-202-15,sine_steer_python_15kmh,COMPLETED
2062,2026年09月25日_14时38分14秒_第001次,2026-09-25T14:38:14+08:00,2026-09-25T06:38:14Z,20.61,15.0876906864253,0.0033072804131235,-3.28356010690081,84.8216299524263,6.97306370330697,85.8798167210039,0,-0.941407864330669,-0.0227898841561224,0.47520460248945,MV-202-15,sine_steer_python_15kmh,COMPLETED
2063,2026年09月25日_14时38分14秒_第001次,2026-09-25T14:38:14+08:00,2026-09-25T06:38:14Z,20.62,15.0877733768015,0.0026198994339866,-3.21706314050011,84.8635391069757,6.97338772966808,85.9217313821617,0,-0.919159721242975,-0.0222547359477574,0.463825588369104,MV-202-15,sine_steer_python_15kmh,COMPLETED
2064,2026年09月25日_14时38分14秒_第001次,2026-09-25T14:38:14+08:00,2026-09-25T06:38:14Z,20.63,15.0878555878457,0.00193221400315813,-3.15005523607838,84.9054486587858,6.97368906161882,85.9636459976886,0,-0.896766432180065,-0.0217160724493786,0.45237353260683,MV-202-15,sine_steer_python_15kmh,COMPLETED
2065,2026年09月25日_14时38分14秒_第001次,2026-09-25T14:38:14+08:00,2026-09-25T06:38:14Z,20.64,15.0879372667335,0.00124434504713708,-3.08254689345898,84.9473585908379,6.97396819886447,86.0055605703793,0,-0.874231533301868,-0.0211739789114161,0.440850237057053,MV-202-15,sine_steer_python_15kmh,COMPLETED
2066,2026年09月25日_14时38分14秒_第001次,2026-09-25T14:38:14+08:00,2026-09-25T06:38:14Z,20.65,15.0880183643822,0.000556412760062815,-3.01454864654279,84.9892688867443,6.97422564466888,86.0474751034406,0,-0.851558583130143,-0.020628541116516,0.42925751487954,MV-202-15,sine_steer_python_15kmh,COMPLETED
2067,2026年09月25日_14时38分14秒_第001次,2026-09-25T14:38:14+08:00,2026-09-25T06:38:14Z,20.66,15.0880988318733,-0.000131463441885823,-2.94607109893457,85.0311795307448,6.97446190577563,86.0893896004737,0,-0.828751161986567,-0.0200798453655247,0.417597190401738,MV-202-15,sine_steer_python_15kmh,COMPLETED
2068,2026年09月25日_14时38分14秒_第001次,2026-09-25T14:38:14+08:00,2026-09-25T06:38:14Z,20.67,15.0881786184087,-0.000819164296319607,-2.87712496817024,85.0730905076932,6.97467749232762,86.1313040654432,0,-0.805812871427325,-0.0195279784729589,0.405871098508002,MV-202-15,sine_steer_python_15kmh,COMPLETED
2069,2026年09月25日_14时38分14秒_第001次,2026-09-25T14:38:14+08:00,2026-09-25T06:38:14Z,20.68,15.088257672546,-0.0015065702424242,-2.8077210580954,85.1150018030409,6.97487291778595,86.173218502646,0,-0.782747333674406,-0.0189730277600148,0.394081084018173,MV-202-15,sine_steer_python_15kmh,COMPLETED
2070,2026年09月25日_14时38分14秒_第001次,2026-09-25T14:38:14+08:00,2026-09-25T06:38:14Z,20.69,15.0883359439466,-0.00219356127520437,-2.73787023382666,85.1569134028265,6.97504869884928,86.2151329166847,0,-0.759558191043599,-0.0184150810431705,0.382229001239168,MV-202-15,sine_steer_python_15kmh,COMPLETED
2071,2026年09月25日_14时38分14秒_第001次,2026-09-25T14:38:14+08:00,2026-09-25T06:38:14Z,20.7,15.088413383109,-0.0028800168394599,-2.66758342533466,85.1988252936651,6.97520535537299,86.2570473124422,0,-0.73624910536936,-0.0178542266221642,0.370316713605036,MV-202-15,sine_steer_python_15kmh,COMPLETED
2072,2026年09月25日_14时38分14秒_第001次,2026-09-25T14:38:14+08:00,2026-09-25T06:38:14Z,20.71,15.0884899416294,-0.00356581567114205,-2.59687162233663,85.2407374627385,6.97534341028804,86.2989616950576,0,-0.712823757426501,-0.0172905532686617,0.358346093267256,MV-202-15,sine_steer_python_15kmh,COMPLETED
2073,2026年09月25日_14时38分14秒_第001次,2026-09-25T14:38:14+08:00,2026-09-25T06:38:14Z,20.72,15.0885655716847,-0.00425083568609483,-2.52574587951574,85.2826498977835,6.9754633895194,86.3408760698991,0,-0.689285846349042,-0.016724150214199,0.346319020733743,MV-202-15,sine_steer_python_15kmh,COMPLETED
2074,2026年09月25日_14时38分14秒_第001次,2026-09-25T14:38:14+08:00,2026-09-25T06:38:14Z,20.73,15.0886402258803,-0.00493495390574269,-2.45421731715352,85.3245625870789,6.97556582190399,86.3827904425375,0,-0.665639089045975,-0.0161551071375359,0.334237384516018,MV-202-15,sine_steer_python_15kmh,COMPLETED
2075,2026年09月25日_14时38分14秒_第001次,2026-09-25T14:38:14+08:00,2026-09-25T06:38:14Z,20.74,15.0887138575448,-0.00561804649664207,-2.38229711442103,85.3664755194319,6.97565123910815,86.4247048187186,0,-0.641887219614416,-0.0155835141503293,0.322103080831814,MV-202-15,sine_steer_python_15kmh,COMPLETED
2076,2026年09月25日_14时38分14秒_第001次,2026-09-25T14:38:14+08:00,2026-09-25T06:38:14Z,20.75,15.0887864208891,-0.00629998899839043,-2.30999650521598,85.4083886841651,6.9757201755447,86.4666192043368,0,-0.6180339887499,-0.015009461780042,0.309918013425363,MV-202-15,sine_steer_python_15kmh,COMPLETED
2077,2026年09月25日_14时38分14秒_第001次,2026-09-25T14:38:14+08:00,2026-09-25T06:38:14Z,20.76,15.0888578709822,-0.00698065676283812,-2.23732677913635,85.450302071103,6.97577316828956,86.5085336054078,0,-0.59408316315407,-0.0144330409497416,0.297684093520569,MV-202-15,sine_steer_python_15kmh,COMPLETED
2078,2026年09月25日_14时38分14秒_第001次,2026-09-25T14:38:14+08:00,2026-09-25T06:38:14Z,20.77,15.0889281637228,-0.00765992561335689,-2.164299284238,85.4922156705577,6.97581075699728,86.5504480280423,0,-0.570038524939954,-0.0138543429546449,0.285403239908395,MV-202-15,sine_steer_python_15kmh,COMPLETED
2079,2026年09月25日_14时38分14秒_第001次,2026-09-25T14:38:14+08:00,2026-09-25T06:38:14Z,20.78,15.0889972558626,-0.00833767269325212,-2.09092542988745,85.5341294733146,6.97583348381571,86.592362478418,0,-0.545903871034647,-0.013273459435819,0.273077379149543,MV-202-15,sine_steer_python_15kmh,COMPLETED
2080,2026年09月25日_14时38分14秒_第001次,2026-09-25T14:38:14+08:00,2026-09-25T06:38:14Z,20.79,15.0890651046217,-0.00901377734159404,-2.01721669485461,85.5760434706158,6.97584189329942,86.6342769627518,0,-0.521683012579798,-0.0126904823533388,0.260708445805368,MV-202-15,sine_steer_python_15kmh,COMPLETED
2081,2026年09月25日_14时38分14秒_第001次,2026-09-25T14:38:14+08:00,2026-09-25T06:38:14Z,20.8,15.0891316685759,-0.0096881218747827,-1.94318462326846,85.6179576541462,6.97583653232202,86.6761914872727,0,-0.497379774329709,-0.0121055039606314,0.248298382588446,MV-202-15,sine_steer_python_15kmh,COMPLETED
2082,2026年09月25日_14时38分14秒_第001次,2026-09-25T14:38:14+08:00,2026-09-25T06:38:14Z,20.81,15.0891969076376,-0.0103605923517849,-1.86884083821426,85.659872016018,6.97581794998749,86.7181060581957,0,-0.472997994047457,-0.0115186167789157,0.235849140527882,MV-202-15,sine_steer_python_15kmh,COMPLETED
2083,2026年09月25日_14时38分14秒_第001次,2026-09-25T14:38:14+08:00,2026-09-25T06:38:14Z,20.82,15.0892607828829,-0.011031080307618,-1.79419706006562,85.7017865487555,6.97578669753967,86.7600206816949,0,-0.448541521898765,-0.0109299135576555,0.223362679725789,MV-202-15,sine_steer_python_15kmh,COMPLETED
2084,2026年09月25日_14时38分14秒_第001次,2026-09-25T14:38:14+08:00,2026-09-25T06:38:14Z,20.83,15.0893232563833,-0.0116994878317126,-1.71926512242431,85.7437012452791,6.97574332826821,86.8019353638768,0,-0.424014219844106,-0.0103394871869496,0.210840972144287,MV-202-15,sine_steer_python_15kmh,COMPLETED
2085,2026年09月25日_14时38分14秒_第001次,2026-09-25T14:38:14+08:00,2026-09-25T06:38:14Z,20.84,15.0893842899527,-0.0123657368056207,-1.64405698708082,85.7856160988873,6.97568839740804,86.843850110751,0,-0.399419961028819,-0.00974743054981206,0.198286006949206,MV-202-15,sine_steer_python_15kmh,COMPLETED
2086,2026年09月25日_14时38分14秒_第001次,2026-09-25T14:38:14+08:00,2026-09-25T06:38:14Z,20.85,15.0894438431633,-0.0130297759397791,-1.56858474131601,85.8275311032324,6.97562246203142,86.8857649281964,0,-0.374762629171449,-0.00915383640478456,0.185699794571045,MV-202-15,sine_steer_python_15kmh,COMPLETED
2087,2026年09月25日_14时38分14秒_第001次,2026-09-25T14:38:14+08:00,2026-09-25T06:38:14Z,20.86,15.0895018732914,-0.0136915756571803,-1.49286057196217,85.8694462522932,6.97554608093895,86.927679821923,0,-0.350046117950553,-0.00855879744141919,0.173084363410376,MV-202-15,sine_steer_python_15kmh,COMPLETED
2088,2026年09月25日_14时38分14秒_第001次,2026-09-25T14:38:14+08:00,2026-09-25T06:38:14Z,20.87,15.089558338163,-0.0143511118007761,-1.41689673802749,85.9113615403517,6.97545981455874,86.9695947974393,0,-0.32527433038977,-0.00796240649609914,0.160441749718441,MV-202-15,sine_steer_python_15kmh,COMPLETED
2089,2026年09月25日_14时38分14秒_第001次,2026-09-25T14:38:14+08:00,2026-09-25T06:38:14Z,20.88,15.0896131986585,-0.0150083496672853,-1.34070554937313,85.953276961977,6.97536422485766,87.0115098600281,0,-0.300451178241519,-0.00736475676508558,0.147773987613423,MV-202-15,sine_steer_python_15kmh,COMPLETED
2090,2026年09月25日_14时38分14秒_第001次,2026-09-25T14:38:14+08:00,2026-09-25T06:38:14Z,20.89,15.0896664186545,-0.0156632353808459,-1.26429934399129,85.9951925120134,6.97525987526121,87.0534250147258,0,-0.275580581369275,-0.00676594191448814,0.135083103498586,MV-202-15,sine_steer_python_15kmh,COMPLETED
2091,2026年09月25日_14时38分14秒_第001次,2026-09-25T14:38:14+08:00,2026-09-25T06:38:14Z,20.9,15.0897179638727,-0.0163156936632873,-1.18769046940284,86.0371081855652,6.97514733057747,87.0953402662999,0,-0.250666467128602,-0.00616605609977985,0.122371114317042,MV-202-15,sine_steer_python_15kmh,COMPLETED
2092,2026年09月25日_14时38分14秒_第001次,2026-09-25T14:38:14+08:00,2026-09-25T06:38:14Z,20.91,15.0897678010719,-0.016965628916537,-1.11089127849523,86.0790239779791,6.9750271569215,87.1372556192238,0,-0.225712769746965,-0.00556519393819741,0.10964002778912,MV-202-15,sine_steer_python_15kmh,COMPLETED
2093,2026年09月25日_14时38分14秒_第001次,2026-09-25T14:38:14+08:00,2026-09-25T06:38:14Z,20.92,15.0898158981241,-0.0176129275467023,-1.03391412593893,86.1209398848238,6.97489992163842,87.1791710776489,0,-0.200723429702426,-0.00496345046323588,0.0968918433944203,MV-202-15,sine_steer_python_15kmh,COMPLETED
2094,2026年09月25日_14时38分14秒_第001次,2026-09-25T14:38:14+08:00,2026-09-25T06:38:14Z,20.93,15.089862224656,-0.0182574608185109,-0.956771364005756,86.1628559018727,6.97476619322465,87.2210866453799,0,-0.175702393101492,-0.00436092107126725,0.0841285536826299,MV-202-15,sine_steer_python_15kmh,COMPLETED
2095,2026年09月25日_14时38分14秒_第001次,2026-09-25T14:38:14+08:00,2026-09-25T06:38:14Z,20.94,15.0899067516011,-0.0188990878106468,-0.879475351880544,86.2047720250845,6.97462654124694,87.2630023258498,0,-0.150653611055865,-0.00375770146635324,0.0713521456692721,MV-202-15,sine_steer_python_15kmh,COMPLETED
2096,2026年09月25日_14时38分14秒_第001次,2026-09-25T14:38:14+08:00,2026-09-25T06:38:14Z,20.95,15.0899494509301,-0.0195376582935905,-0.802038459189987,86.2466882505844,6.97448153625907,87.3049181220938,0,-0.125581039058628,-0.00315388760580335,0.0585646021957179,MV-202-15,sine_steer_python_15kmh,COMPLETED
2097,2026年09月25日_14时38分14秒_第001次,2026-09-25T14:38:14+08:00,2026-09-25T06:38:14Z,20.96,15.0899902957342,-0.0201730155407925,-0.724473061743529,86.2886045746431,6.9743317497164,87.3468340367235,0,-0.100488636359542,-0.00254957564632529,0.0457679032599587,MV-202-15,sine_steer_python_15kmh,COMPLETED
2098,2026年09月25日_14时38分14秒_第001次,2026-09-25T14:38:14+08:00,2026-09-25T06:38:14Z,20.97,15.0900292603204,-0.0208049990606507,-0.646791538843142,86.3305209936571,6.97417775388853,87.3887500719014,0,-0.0753803653398734,-0.00194486189096408,0.0329640273138415,MV-202-15,sine_steer_python_15kmh,COMPLETED
2099,2026年09月25日_14时38分14秒_第001次,2026-09-25T14:38:14+08:00,2026-09-25T06:38:14Z,20.98,15.0900663202271,-0.0214334471809441,-0.569006274327458,86.3724375041287,6.9740201217702,87.4306662293161,0,-0.0502601908866738,-0.00133984273781473,0.0201549524852107,MV-202-15,sine_steer_python_15kmh,COMPLETED
2100,2026年09月25日_14时38分14秒_第001次,2026-09-25T14:38:14+08:00,2026-09-25T06:38:14Z,20.99,15.0901014522243,-0.0220581994351434,-0.491129657436778,86.4143541026457,6.97385942699022,87.4725825101583,0,-0.0251320797667056,-0.00073461463125368,0.00734265769313296,MV-202-15,sine_steer_python_15kmh,COMPLETED
2101,2026年09月25日_14时38分14秒_第001次,2026-09-25T14:38:14+08:00,2026-09-25T06:38:14Z,21,15.0901346343013,-0.0226790987383484,-0.413174081392302,86.4562707858611,6.97369624371892,87.5144989150966,0,-1.95943487863577e-15,-0.000129274015886991,-0.00547087635233448,MV-202-15,sine_steer_python_15kmh,COMPLETED
2102,2026年09月25日_14时38分14秒_第001次,2026-09-25T14:38:14+08:00,2026-09-25T06:38:14Z,21.01,15.0901658455921,-0.0232959933483152,-0.335151940898749,86.4981875504727,6.973531146574,87.5564154442545,0,0.0251320797667088,0.000476082706689389,-0.0182836662696311,MV-202-15,sine_steer_python_15kmh,COMPLETED
2103,2026年09月25日_14时38分14秒_第001次,2026-09-25T14:38:14+08:00,2026-09-25T06:38:14Z,21.02,15.0901950664945,-0.0239087385908359,-0.25707563384715,86.5401043932023,6.97336471052522,87.5983320971866,0,0.0502601908866699,0.00108135921799439,-0.03109372525798,MV-202-15,sine_steer_python_15kmh,COMPLETED
2104,2026年09月25日_14时38分14秒_第001次,2026-09-25T14:38:14+08:00,2026-09-25T06:38:14Z,21.03,15.0902222788938,-0.0245171982576924,-0.178957562376719,86.582021310776,6.97319751079774,87.6402488728569,0,0.0753803653398695,0.00168645931829217,-0.04389906253813,MV-202-15,sine_steer_python_15kmh,COMPLETED
2105,2026年09月25日_14时38分14秒_第001次,2026-09-25T14:38:14+08:00,2026-09-25T06:38:14Z,21.04,15.0902474659291,-0.0251212457240215,-0.100810127842101,86.6239382999036,6.97303012277454,87.6821657696172,0,0.100488636359538,0.00229128695836982,-0.0566976829561327,MV-202-15,sine_steer_python_15kmh,COMPLETED
2106,2026年09月25日_14时38分14秒_第001次,2026-09-25T14:38:14+08:00,2026-09-25T06:38:14Z,21.05,15.090270611948,-0.0257207647546787,-0.0226457300101522,86.6658553572582,6.97286312189817,87.7240827851851,0,0.125581039058624,0.00289574626700058,-0.0694875867700755,MV-202-15,sine_steer_python_15kmh,COMPLETED
2107,2026年09月25日_14时38分14秒_第001次,2026-09-25T14:38:14+08:00,2026-09-25T06:38:14Z,21.06,15.0902917025637,-0.0263156499390778,0.0555232315491602,86.7077724794556,6.97269708357198,87.7659999166225,0,0.150653611055861,0.00349974157318139,-0.0822667696569594,MV-202-15,sine_steer_python_15kmh,COMPLETED
2108,2026年09月25日_14时38分14秒_第001次,2026-09-25T14:38:14+08:00,2026-09-25T06:38:14Z,21.07,15.0903107247022,-0.0269058067345988,0.133684357523263,86.7496896630334,6.97253258306101,87.8079171603147,0,0.175702393101488,0.00410317742281778,-0.0950332229537371,MV-202-15,sine_steer_python_15kmh,COMPLETED
2109,2026年09月25日_14时38分14秒_第001次,2026-09-25T14:38:14+08:00,2026-09-25T06:38:14Z,21.08,15.0903276664436,-0.0274911511269667,0.211825248025045,86.791606904431,6.97237019539307,87.8498345119502,0,0.20072342970243,0.00470595858992547,-0.107784934130882,MV-202-15,sine_steer_python_15kmh,COMPLETED
2110,2026年09月25日_14时38分14秒_第001次,2026-09-25T14:38:14+08:00,2026-09-25T06:38:14Z,21.09,15.0903425170575,-0.028071608903209,0.289933505334522,86.8335241999685,6.97221049525996,87.8917519664997,0,0.225712769746962,0.00530799008224101,-0.120519887500967,MV-202-15,sine_steer_python_15kmh,COMPLETED
2111,2026年09月25日_14时38分14秒_第001次,2026-09-25T14:38:14+08:00,2026-09-25T06:38:14Z,21.1,15.0903552674727,-0.0286471146440226,0.367996739829695,86.8754415458259,6.97205405691963,87.9336695181969,0,0.250666467128612,0.00590917714271735,-0.133236065095829,MV-202-15,sine_steer_python_15kmh,COMPLETED
2112,2026年09月25日_14时38分14秒_第001次,2026-09-25T14:38:14+08:00,2026-09-25T06:38:14Z,21.11,15.0903659102109,-0.02921761044824,0.446002566074041,86.9173589380248,6.97190145409908,87.975587160521,0,0.275580581369271,0.00650942524705172,-0.145931447713408,MV-202-15,sine_steer_python_15kmh,COMPLETED
2113,2026年09月25日_14时38分14秒_第001次,2026-09-25T14:38:14+08:00,2026-09-25T06:38:14Z,21.12,15.0903744390256,-0.0297830443493905,0.523938597694859,86.9592763724084,6.97175325989842,88.0175048861783,0,0.300451178241515,0.00710864009664248,-0.15860401616064,MV-202-15,sine_steer_python_15kmh,COMPLETED
2114,2026年09月25日_14时38分14秒_第001次,2026-09-25T14:38:14+08:00,2026-09-25T06:38:14Z,21.13,15.0903808489122,-0.0303433685610357,0.601792450909558,87.001193844621,6.97161004669591,88.059422687085,0,0.325274330389766,0.00770672760888359,-0.171251752604702,MV-202-15,sine_steer_python_15kmh,COMPLETED
2115,2026年09月25日_14时38分14秒_第001次,2026-09-25T14:38:14+08:00,2026-09-25T06:38:14Z,21.14,15.0903851361941,-0.0308985376798124,0.679551748337485,87.043111350088,6.97147238605468,88.1013405543491,0,0.35004611795055,0.00830359390662576,-0.18387264195705,MV-202-15,sine_steer_python_15kmh,COMPLETED
2116,2026年09月25日_14时38分14秒_第001次,2026-09-25T14:38:14+08:00,2026-09-25T06:38:14Z,21.15,15.0903872985473,-0.0314485069005661,0.757204118828029,87.0850288839967,6.97134084863073,88.1432584782553,0,0.374762629171452,0.00889914530756757,-0.19646467325888,MV-202-15,sine_steer_python_15kmh,COMPLETED
2117,2026年09月25日_14时38分14秒_第001次,2026-09-25T14:38:14+08:00,2026-09-25T06:38:14Z,21.16,15.0903873349851,-0.0319932302859286,0.834737196348771,87.126946441277,6.97121600408234,88.1851764482488,0,0.399419961028815,0.00949328831418407,-0.20902584104242,MV-202-15,sine_steer_python_15kmh,COMPLETED
2118,2026年09月25日_14时38分14秒_第001次,2026-09-25T14:38:14+08:00,2026-09-25T06:38:14Z,21.17,15.0903852458353,-0.0325326591578369,0.912138620649906,87.1688640165818,6.9710984209807,88.2270944529212,0,0.424014219844109,0.010085929605163,-0.221554146626651,MV-202-15,sine_steer_python_15kmh,COMPLETED
2119,2026年09月25日_14时38分14秒_第001次,2026-09-25T14:38:14+08:00,2026-09-25T06:38:14Z,21.18,15.0903810327196,-0.0330667406773098,0.989396038889895,87.2107816042684,6.97098866672169,88.2690124799956,0,0.448541521898761,0.0106769760293058,-0.234047599306512,MV-202-15,sine_steer_python_15kmh,COMPLETED
2120,2026年09月25日_14时38分14秒_第001次,2026-09-25T14:38:14+08:00,2026-09-25T06:38:14Z,21.19,15.0903746985318,-0.0335954166517024,1.06649710676327,87.2526991983795,6.97088730743873,88.3109305163139,0,0.472997994047453,0.0112663346024765,-0.246504217410976,MV-202-15,sine_steer_python_15kmh,COMPLETED
2121,2026年09月25日_14时38分14秒_第001次,2026-09-25T14:38:14+08:00,2026-09-25T06:38:14Z,21.2,15.0903662474115,-0.0341186225885361,1.1434294892349,87.2946167926246,6.97079490791641,88.3528485478234,0,0.497379774329705,0.0118539125078946,-0.258922029217273,MV-202-15,sine_steer_python_15kmh,COMPLETED
2122,2026年09月25日_14时38分14秒_第001次,2026-09-25T14:38:14+08:00,2026-09-25T06:38:14Z,21.21,15.0903556847114,-0.0346362870118165,1.22018086165213,87.3365343803614,6.97071203150472,88.3947665595645,0,0.521683012579795,0.0124396171000288,-0.271299073710518,MV-202-15,sine_steer_python_15kmh,COMPLETED
2123,2026年09月25日_14时38分14秒_第001次,2026-09-25T14:38:14+08:00,2026-09-25T06:38:14Z,21.22,15.0903430169557,-0.0351483310602936,1.29673891146151,87.3784519545777,6.97063924003382,88.4366845356593,0,0.545903871034643,0.0130233559123926,-0.283633401175577,MV-202-15,sine_steer_python_15kmh,COMPLETED
2124,2026年09月25日_14时38分14秒_第001次,2026-09-25T14:38:14+08:00,2026-09-25T06:38:14Z,21.23,15.0903282517878,-0.0356546683925898,1.37309134033566,87.4203695078732,6.97057709372896,88.4786024592998,0,0.57003852493995,0.0136050366696385,-0.295923073604883,MV-202-15,sine_steer_python_15kmh,COMPLETED
2125,2026年09月25日_14时38分14秒_第001次,2026-09-25T14:38:14+08:00,2026-09-25T06:38:14Z,21.24,15.0903113979095,-0.0361552054366397,1.44922586672559,87.4622870324412,6.9705261511255,88.5205203127378,0,0.594083163154073,0.0141845673045094,-0.308166164897832,MV-202-15,sine_steer_python_15kmh,COMPLETED
2126,2026年09月25日_14时38分14秒_第001次,2026-09-25T14:38:14+08:00,2026-09-25T06:38:14Z,21.25,15.0902924650131,-0.0366498420442003,1.52513022917761,87.5042045200512,6.97048696898378,88.5624380772743,0,0.618033988749896,0.0147618559805628,-0.320360760813408,MV-202-15,sine_steer_python_15kmh,COMPLETED
2127,2026年09月25日_14时38分14秒_第001次,2026-09-25T14:38:14+08:00,2026-09-25T06:38:14Z,21.26,15.0902714637099,-0.0371384726409115,1.60079219080613,87.5461219620308,6.97046010220344,88.6043557332502,0,0.641887219614419,0.0153368111220031,-0.332504958619055,MV-202-15,sine_steer_python_15kmh,COMPLETED
2128,2026年09月25日_14时38分14秒_第001次,2026-09-25T14:38:14+08:00,2026-09-25T06:38:14Z,21.27,15.090248405469,-0.0376209879889885,1.67619954527001,87.5880393492487,6.97044610373705,88.6462732600375,0,0.665639089045972,0.0159093414523515,-0.344596866362179,MV-202-15,sine_steer_python_15kmh,COMPLETED
2129,2026年09月25日_14时38分14秒_第001次,2026-09-25T14:38:14+08:00,2026-09-25T06:38:14Z,21.28,15.090223302512,-0.0380972776855694,1.75134012377622,87.6299566720967,6.97044552450242,88.688190636031,0,0.689285846349038,0.0164793560437845,-0.356634601688066,MV-202-15,sine_steer_python_15kmh,COMPLETED
2130,2026年09月25日_14时38分14秒_第001次,2026-09-25T14:38:14+08:00,2026-09-25T06:38:14Z,21.29,15.0901961675296,-0.0385672334734199,1.82620180196123,87.671873920473,6.9704589132933,88.7301078386407,0,0.712823757426497,0.0170467643783198,-0.368616290158086,MV-202-15,sine_steer_python_15kmh,COMPLETED
2131,2026年09月25日_14时38分14秒_第001次,2026-09-25T14:38:14+08:00,2026-09-25T06:38:14Z,21.3,15.0901670144197,-0.0390307533866957,1.90077252265967,87.7137910837648,6.97048681668786,88.7720248442842,0,0.736249105369357,0.0176114764212725,-0.3805400630174,MV-202-15,sine_steer_python_15kmh,COMPLETED
2132,2026年09月25日_14时38分14秒_第001次,2026-09-25T14:38:14+08:00,2026-09-25T06:38:14Z,21.31,15.0901358587031,-0.0394877466354882,1.9750403096019,87.7557081508344,6.97052977895487,88.8139416283842,0,0.759558191043595,0.0181734027056934,-0.392404054499002,MV-202-15,sine_steer_python_15kmh,COMPLETED
2133,2026年09月25日_14时38分14秒_第001次,2026-09-25T14:38:14+08:00,2026-09-25T06:38:14Z,21.32,15.0901027172765,-0.0399381384860112,2.04899327261019,87.797625110006,6.97058834195709,88.8558581653656,0,0.782747333674403,0.0187324544172613,-0.404206399122531,MV-202-15,sine_steer_python_15kmh,COMPLETED
2134,2026年09月25日_14时38分14秒_第001次,2026-09-25T14:38:14+08:00,2026-09-25T06:38:14Z,21.33,15.0900676087296,-0.0403818743927081,2.12261962273622,87.8395419490521,6.97066304505211,88.8977744286536,0,0.805812871427328,0.019288543468984,-0.415945229403611,MV-202-15,sine_steer_python_15kmh,COMPLETED
2135,2026年09月25日_14时38分14秒_第001次,2026-09-25T14:38:14+08:00,2026-09-25T06:38:14Z,21.34,15.0900305538089,-0.0408189225095222,2.19590768652589,87.8814586551824,6.97075442499197,88.9396903906743,0,0.828751161986563,0.0198415825531492,-0.427618674515385,MV-202-15,sine_steer_python_15kmh,COMPLETED
2136,2026年09月25日_14时38分14秒_第001次,2026-09-25T14:38:14+08:00,2026-09-25T06:38:14Z,21.35,15.0899915756878,-0.0412492737952727,2.26884590865076,87.9233752150337,6.97086301582283,88.9816060228567,0,0.851558583130145,0.0203914851591041,-0.439224860395567,MV-202-15,sine_steer_python_15kmh,COMPLETED
2137,2026年09月25日_14时38分14秒_第001次,2026-09-25T14:38:14+08:00,2026-09-25T06:38:14Z,21.36,15.0899506999471,-0.0416729393894197,2.34142284409984,87.9652916146612,6.97098934878646,89.0235212956361,0,0.874231533301865,0.020938165551948,-0.450761911511229,MV-202-15,sine_steer_python_15kmh,COMPLETED
2138,2026年09月25日_14时38分14秒_第001次,2026-09-25T14:38:14+08:00,2026-09-25T06:38:14Z,21.37,15.0899079543149,-0.0420899456399097,2.41362714607055,88.0072078395296,6.97113395222506,89.065436178458,0,0.896766432180062,0.0214815387172762,-0.46222795406428,MV-202-15,sine_steer_python_15kmh,COMPLETED
2139,2026年09月25日_14时38分14秒_第001次,2026-09-25T14:38:14+08:00,2026-09-25T06:38:14Z,21.38,15.0898633682824,-0.0425003277364041,2.48544755285489,88.0491238745036,6.9712973514905,89.1073506397808,0,0.919159721242972,0.0220215202853171,-0.473621120069748,MV-202-15,sine_steer_python_15kmh,COMPLETED
2140,2026年09月25日_14时38分14秒_第001次,2026-09-25T14:38:14+08:00,2026-09-25T06:38:14Z,21.39,15.0898169727221,-0.0429041230478169,2.55687287453442,88.091039703838,6.97148006885877,89.1492646470793,0,0.941407864330666,0.0225580264500094,-0.484939551645166,MV-202-15,sine_steer_python_15kmh,COMPLETED
2141,2026年09月25日_14时38分14秒_第001次,2026-09-25T14:38:14+08:00,2026-09-25T06:38:14Z,21.4,15.0897687995903,-0.0433013650475897,2.62789198073167,88.1329553111679,6.97168262344904,89.1911781668467,0,0.963507348203436,0.0230909738956113,-0.496181404974898,MV-202-15,sine_steer_python_15kmh,COMPLETED
2142,2026年09月25日_14时38分14秒_第001次,2026-09-25T14:38:14+08:00,2026-09-25T06:38:14Z,21.41,15.0897188817338,-0.0436920783498597,2.69849379110201,88.1748706794976,6.97190553114701,89.2330911645975,0,0.985454683096581,0.0236202797383867,-0.507344853628599,MV-202-15,sine_steer_python_15kmh,COMPLETED
2143,2026年09月25日_14时38分14秒_第001次,2026-09-25T14:38:14+08:00,2026-09-25T06:38:14Z,21.42,15.0896672527853,-0.0440762750478544,2.76866726923635,88.2167857911904,6.97214930453148,89.2750036048708,0,1.00724640327152,0.024145861486236,-0.518428091112454,MV-202-15,sine_steer_python_15kmh,COMPLETED
2144,2026年09月25日_14时38分14秒_第001次,2026-09-25T14:38:14+08:00,2026-09-25T06:38:14Z,21.43,15.0896139471207,-0.044453952319664,2.83840141947559,88.2587006279593,6.97241445280332,89.3169154512347,0,1.02887906756301,0.0246676370159186,-0.529429332668164,MV-202-15,sine_steer_python_15kmh,COMPLETED
2145,2026年09月25日_14时38分14秒_第001次,2026-09-25T14:38:14+08:00,2026-09-25T06:38:14Z,21.44,15.0895589998523,-0.0448250911515057,2.9076852858938,88.300615170857,6.972701481716,89.3588266662912,0,1.05034925992259,0.0251855245658819,-0.540346816404792,MV-202-15,sine_steer_python_15kmh,COMPLETED
2146,2026年09月25日_14时38分14秒_第001次,2026-09-25T14:38:14+08:00,2026-09-25T06:38:14Z,21.45,15.0895024468568,-0.0451896559964788,2.97650795281052,88.3425294002676,6.97301089350708,89.4007372116825,0,1.07165358995799,0.0256994427422138,-0.551178803867619,MV-202-15,sine_steer_python_15kmh,COMPLETED
2147,2026年09月25日_14时38分14秒_第001次,2026-09-25T14:38:14+08:00,2026-09-25T06:38:14Z,21.46,15.0894443247929,-0.0455475951320527,3.0448585391167,88.3844432958987,6.97334318682987,89.4426470480996,0,1.09278869346854,0.0262093105344526,-0.5619235801844,MV-202-15,sine_steer_python_15kmh,COMPLETED
2148,2026年09月25日_14时38分14秒_第001次,2026-09-25T14:38:14+08:00,2026-09-25T06:38:14Z,21.47,15.0893846688677,-0.0458988418579602,3.11272624001543,88.426356836773,6.97369885668499,89.4845561352885,0,1.11375123297637,0.0267150473433532,-0.572579453796067,MV-202-15,sine_steer_python_15kmh,COMPLETED
2149,2026年09月25日_14时38分14秒_第001次,2026-09-25T14:38:14+08:00,2026-09-25T06:38:14Z,21.48,15.0893235145544,-0.0462433164812131,3.18010031626766,88.4682700012118,6.97407839435228,89.5264644320513,0,1.13453789825351,0.0272165730199481,-0.583144755540888,MV-202-15,sine_steer_python_15kmh,COMPLETED
2150,2026年09月25日_14时38分14秒_第001次,2026-09-25T14:38:14+08:00,2026-09-25T06:38:14Z,21.49,15.0892609028385,-0.0465809275708852,3.24697003148269,88.5101827668397,6.97448228732105,89.5683718962661,0,1.15514540684453,0.0277138078943026,-0.593617838002684,MV-202-15,sine_steer_python_15kmh,COMPLETED
2151,2026年09月25日_14时38分14秒_第001次,2026-09-25T14:38:14+08:00,2026-09-25T06:38:14Z,21.5,15.089196877002,-0.0469115737814619,3.31332468368167,88.5520951105894,6.97491101921849,89.6102784849102,0,1.17557050458494,0.028206672812442,-0.603997074865811,MV-202-15,sine_steer_python_15kmh,COMPLETED
2152,2026年09月25日_14时38分14秒_第001次,2026-09-25T14:38:14+08:00,2026-09-25T06:38:14Z,21.51,15.089131478156,-0.0472351466442909,3.37915366268082,88.5940070086926,6.97536506973797,89.6521841540671,0,1.19580996611504,0.0286950891872297,-0.614280859746462,MV-202-15,sine_steer_python_15kmh,COMPLETED
2153,2026年09月25日_14时38分14秒_第001次,2026-09-25T14:38:14+08:00,2026-09-25T06:38:14Z,21.52,15.0890647465796,-0.0475515334081734,3.44444644644116,88.6359184366692,6.97584491456671,89.6940888589319,0,1.21586059538921,0.0291789790501677,-0.624467604726543,MV-202-15,sine_steer_python_15kmh,COMPLETED
2154,2026年09月25日_14时38分14秒_第001次,2026-09-25T14:38:14+08:00,2026-09-25T06:38:14Z,21.53,15.0889967238715,-0.0478606196177602,3.50919258609512,88.6778293693225,6.97635102531177,89.7359925538229,0,1.23571922618067,0.0296582650996787,-0.634555738984506,MV-202-15,sine_steer_python_15kmh,COMPLETED
2155,2026年09月25日_14时38分14秒_第001次,2026-09-25T14:38:14+08:00,2026-09-25T06:38:14Z,21.54,15.0889274533759,-0.0481622915683604,3.57338170579801,88.7197397807388,6.97688386942444,89.777895192198,0,1.2553827225814,0.0301328707478104,-0.644543707559358,MV-202-15,sine_steer_python_15kmh,COMPLETED
2156,2026年09月25日_14时38分14秒_第001次,2026-09-25T14:38:14+08:00,2026-09-25T06:38:14Z,21.55,15.0888569795038,-0.0484564387193578,3.63700351215,88.7616496442871,6.9774439101235,89.8197967266718,0,1.27484797949738,0.030602720166529,-0.654429970177726,MV-202-15,sine_steer_python_15kmh,COMPLETED
2157,2026年09月25日_14时38分14秒_第001次,2026-09-25T14:38:14+08:00,2026-09-25T06:38:14Z,21.56,15.0887853471769,-0.0487429559682292,3.70004780332643,88.8035589326174,6.97803160631752,89.8616971090303,0,1.29411192313889,0.0310677383321876,-0.664213000147768,MV-202-15,sine_steer_python_15kmh,COMPLETED
2158,2026年09月25日_14时38分14秒_第001次,2026-09-25T14:38:14+08:00,2026-09-25T06:38:14Z,21.57,15.0887126018312,-0.0490217456437039,3.76250447449686,88.8454676176599,6.97864741252643,89.9035962902469,0,1.31317151150591,0.0315278510661321,-0.67389128338342,MV-202-15,sine_steer_python_15kmh,COMPLETED
2159,2026年09月25日_14时38分14秒_第001次,2026-09-25T14:38:14+08:00,2026-09-25T06:38:14Z,21.58,15.0886387896328,-0.0492927191365464,3.8243635214256,88.8873756706236,6.97929177880246,89.9454942204993,0,1.3320237348685,0.0319829850702431,-0.683463317624456,MV-202-15,sine_steer_python_15kmh,COMPLETED
2160,2026年09月25日_14时38分14秒_第001次,2026-09-25T14:38:14+08:00,2026-09-25T06:38:14Z,21.59,15.0885639575521,-0.0495557981414737,3.88561504412624,88.9292830619983,6.97996515065092,89.987390849188,0,1.35066561624205,0.0324330679569919,-0.692927611887721,MV-202-15,sine_steer_python_15kmh,COMPLETED
2161,2026年09月25日_14时38分14秒_第001次,2026-09-25T14:38:14+08:00,2026-09-25T06:38:14Z,21.6,15.0884881532688,-0.0498109155004789,3.94624925093033,88.9711897615551,6.98066796895092,90.0292861249561,0,1.36909421185738,0.0328780282738217,-0.702282686159291,MV-202-15,sine_steer_python_15kmh,COMPLETED
2162,2026年09月25日_14时38分14秒_第001次,2026-09-25T14:38:14+08:00,2026-09-25T06:38:14Z,21.61,15.0884114250533,-0.0500580156444373,4.00625646256176,89.0130957383496,6.98140066987659,90.0711799957093,0,1.38730661162561,0.0333177955217618,-0.711527071324644,MV-202-15,sine_steer_python_15kmh,COMPLETED
2163,2026年09月25日_14时38分14秒_第001次,2026-09-25T14:38:14+08:00,2026-09-25T06:38:14Z,21.62,15.0883338214873,-0.0502970546240541,4.06562711300336,89.0550009607236,6.98216368481899,90.113072408637,0,1.4052999395977,0.0337523001680988,-0.720659309351734,MV-202-15,sine_steer_python_15kmh,COMPLETED
2164,2026年09月25日_14时38分14秒_第001次,2026-09-25T14:38:14+08:00,2026-09-25T06:38:14Z,21.63,15.0882553913864,-0.0505279997670968,4.12435175333285,89.0969053963078,6.98295744030907,90.1549633102325,0,1.42307135441857,0.0341814736535792,-0.729677953687309,MV-202-15,sine_steer_python_15kmh,COMPLETED
2165,2026年09月25日_14时38分14秒_第001次,2026-09-25T14:38:14+08:00,2026-09-25T06:38:14Z,21.64,15.0881761846083,-0.0507508291123717,4.18242106484036,89.1388090120258,6.98378235794193,90.196852646316,0,1.44061804977581,0.0346052483962534,-0.738581569738452,MV-202-15,sine_steer_python_15kmh,COMPLETED
2166,2026年09月25日_14时38分14秒_第001次,2026-09-25T14:38:14+08:00,2026-09-25T06:38:14Z,21.65,15.0880962514553,-0.0509655305754926,4.23982584940909,89.1807117741001,6.98463885430286,90.2387403620589,0,1.45793725484283,0.0350235577912856,-0.747368735592294,MV-202-15,sine_steer_python_15kmh,COMPLETED
2167,2026年09月25日_14时38分14秒_第001次,2026-09-25T14:38:14+08:00,2026-09-25T06:38:14Z,21.66,15.0880156422885,-0.0511721007815673,4.29655702679134,89.2226136480564,6.98552734089469,90.2806264020063,0,1.47502623471635,0.0354363362057722,-0.756038042929012,MV-202-15,sine_steer_python_15kmh,COMPLETED
2168,2026年09月25日_14时38分14秒_第001次,2026-09-25T14:38:14+08:00,2026-09-25T06:38:14Z,21.67,15.0879344083239,-0.0513705438540133,4.35260564976787,89.2645145987293,6.986448224067,90.3225107101009,0,1.49188229084836,0.0358435189726615,-0.764588097897854,MV-202-15,sine_steer_python_15kmh,COMPLETED
2169,2026年09月25日_14时38分14秒_第001次,2026-09-25T14:38:14+08:00,2026-09-25T06:38:14Z,21.68,15.0878526013062,-0.0515608701475443,4.40796289937239,89.3064145902704,6.98740190494759,90.3643932297089,0,1.50850276147221,0.0362450423835948,-0.773017522092358,MV-202-15,sine_steer_python_15kmh,COMPLETED
2170,2026年09月25日_14时38分14秒_第001次,2026-09-25T14:38:14+08:00,2026-09-25T06:38:14Z,21.69,15.0877702730455,-0.0517430948304178,4.46262008065467,89.3483135861545,6.98838877937559,90.4062739036444,0,1.5248850220229,0.0366408436793077,-0.781324953629608,MV-202-15,sine_steer_python_15kmh,COMPLETED
2171,2026年09月25日_14时38分14秒_第001次,2026-09-25T14:38:14+08:00,2026-09-25T06:38:14Z,21.7,15.0876874753442,-0.0519172364583883,4.51656862467143,89.3902115491869,6.98940923783645,90.4481526741944,0,1.54102648555158,0.0370308610396043,-0.78950904821717,MV-202-15,sine_steer_python_15kmh,COMPLETED
2172,2026年09月25日_14时38分14秒_第001次,2026-09-25T14:38:14+08:00,2026-09-25T06:38:14Z,21.71,15.0876042604977,-0.0520833156182586,4.56980008626564,89.4321084415108,6.99046366539906,90.4900294831437,0,1.55692460313405,0.0374150335740203,-0.797568480147896,MV-202-15,sine_steer_python_15kmh,COMPLETED
2173,2026年09月25日_14时38分14秒_第001次,2026-09-25T14:38:14+08:00,2026-09-25T06:38:14Z,21.72,15.0875206813013,-0.0522413535966232,4.62230614727705,89.4740042246179,6.99155244165465,90.5319042718033,0,1.57257686427323,0.0377933013125408,-0.805501943311239,MV-202-15,sine_steer_python_15kmh,COMPLETED
2174,2026年09月25日_14时38分14秒_第001次,2026-09-25T14:38:14+08:00,2026-09-25T06:38:14Z,21.73,15.0874367906689,-0.0523913711723555,4.67407862059507,89.5158988593573,6.9926759406576,90.5737769810376,0,1.58798079729567,0.0381656051977898,-0.813308152157295,MV-202-15,sine_steer_python_15kmh,COMPLETED
2175,2026年09月25日_14时38分14秒_第001次,2026-09-25T14:38:14+08:00,2026-09-25T06:38:14Z,21.74,15.0873526415916,-0.0525333875377575,4.72510944716796,89.557792305946,6.99383453086822,90.6156475512918,0,1.60313396974176,0.0385318870787684,-0.820985842566082,MV-202-15,sine_steer_python_15kmh,COMPLETED
2176,2026年09月25日_14时38分14秒_第001次,2026-09-25T14:38:14+08:00,2026-09-25T06:38:14Z,21.75,15.0872682871786,-0.0526674193325061,4.77539069310715,89.5996845239792,6.99502857509695,90.6575159226211,0,1.61803398874989,0.038892089705934,-0.828533772645999,MV-202-15,sine_steer_python_15kmh,COMPLETED
2177,2026年09月25日_14时38分14秒_第001次,2026-09-25T14:38:14+08:00,2026-09-25T06:38:14Z,21.76,15.0871837806386,-0.0527934798256413,4.82491455015283,89.6415754724418,6.99625843045032,90.6993820347194,0,1.63267850143437,0.0392461567281336,-0.835950723447899,MV-202-15,sine_steer_python_15kmh,COMPLETED
2178,2026年09月25日_14时38分14秒_第001次,2026-09-25T14:38:14+08:00,2026-09-25T06:38:14Z,21.77,15.0870991752356,-0.0529115782816563,4.87367333692174,89.6834651097201,6.99752444827832,90.7412458269491,0,1.64706519525685,0.0395940326919215,-0.843235499570317,MV-202-15,sine_steer_python_15kmh,COMPLETED
2179,2026年09月25日_14时38分14秒_第001次,2026-09-25T14:38:14+08:00,2026-09-25T06:38:14Z,21.78,15.0870145242578,-0.0530217195156774,4.9216594986961,89.7253533936145,6.99882697412316,90.7831072383717,0,1.66119179839163,0.0399356630433573,-0.850386929649602,MV-202-15,sine_steer_python_15kmh,COMPLETED
2180,2026年09月25日_14时38分14秒_第001次,2026-09-25T14:38:14+08:00,2026-09-25T06:38:14Z,21.79,15.0869298809923,-0.0531239036297102,4.9688656064488,89.7672402813527,7.00016634766931,90.8249662077781,0,1.67505608008428,0.0402709941321858,-0.857403866739104,MV-202-15,sine_steer_python_15kmh,COMPLETED
2181,2026年09月25日_14时38分14秒_第001次,2026-09-25T14:38:14+08:00,2026-09-25T06:38:14Z,21.8,15.0868452986928,-0.0532181259285132,5.01528435642576,89.8091257296031,7.00154290269457,90.8668226737198,0,1.68865585100403,0.0405999732184021,-0.86428518857821,MV-202-15,sine_steer_python_15kmh,COMPLETED
2182,2026年09月25日_14时38分14秒_第001次,2026-09-25T14:38:14+08:00,2026-09-25T06:38:14Z,21.81,15.0867608304928,-0.0533043770146137,5.06090857103355,89.8510096944888,7.00295696702219,90.9086765745401,0,1.70198896358938,0.0409225484812112,-0.871029797753781,MV-202-15,sine_steer_python_15kmh,COMPLETED
2183,2026年09月25日_14时38分14秒_第001次,2026-09-25T14:38:14+08:00,2026-09-25T06:38:14Z,21.82,15.0866765290294,-0.0533826430542497,5.10573120295091,89.8928921316025,7.00440886247374,90.9505278484052,0,1.7150533123873,0.0412386690302891,-0.877636621773673,MV-202-15,sine_steer_python_15kmh,COMPLETED
2184,2026年09月25日_14时38分14秒_第001次,2026-09-25T14:38:14+08:00,2026-09-25T06:38:14Z,21.83,15.0865924472511,-0.0534529062505949,5.14974532288737,89.9347729960205,7.00589890482283,90.9923764333356,0,1.72784683438567,0.0415482849198786,-0.884104612932251,MV-202-15,sine_steer_python_15kmh,COMPLETED
2185,2026年09月25日_14时38分14秒_第001次,2026-09-25T14:38:14+08:00,2026-09-25T06:38:14Z,21.84,15.0865086383245,-0.0535151453214071,5.19294412421044,89.9766522423206,7.00742740374926,91.0342222672402,0,1.74036750933905,0.0418513471628482,-0.890432748225506,MV-202-15,sine_steer_python_15kmh,COMPLETED
2186,2026年09月25日_14时38分14秒_第001次,2026-09-25T14:38:14+08:00,2026-09-25T06:38:14Z,21.85,15.0864251550805,-0.0535693361542166,5.23532093261462,90.0185298245985,7.00899466279372,91.0760652879488,0,1.75261336008773,0.042147807747185,-0.896620029184361,MV-202-15,sine_steer_python_15kmh,COMPLETED
2187,2026年09月25日_14时38分14秒_第001次,2026-09-25T14:38:14+08:00,2026-09-25T06:38:14Z,21.86,15.0863420493646,-0.053615452505149,5.27686919601506,90.0604056964838,7.01060097931316,91.1179054332442,0,1.76458245286991,0.0424376196530277,-0.902665481682842,MV-202-15,sine_steer_python_15kmh,COMPLETED
2188,2026年09月25日_14时38分14秒_第001次,2026-09-25T14:38:14+08:00,2026-09-25T06:38:14Z,21.87,15.0862593729081,-0.0536534668180544,5.31758249392084,90.1022798111559,7.01224664443633,91.159742640894,0,1.77627289762709,0.042720736871341,-0.908568155563917,MV-202-15,sine_steer_python_15kmh,COMPLETED
2189,2026年09月25日_14时38分14秒_第001次,2026-09-25T14:38:14+08:00,2026-09-25T06:38:14Z,21.88,15.0861771780809,-0.0536833511720895,5.35745454446531,90.144152121364,7.0139319430201,91.2015768486858,0,1.78768284830253,0.0429971144243589,-0.914327124185578,MV-202-15,sine_steer_python_15kmh,COMPLETED
2190,2026年09月25日_14时38分14秒_第001次,2026-09-25T14:38:14+08:00,2026-09-25T06:38:14Z,21.89,15.0860955167818,-0.0537050780815856,5.39647919593369,90.1860225794469,7.01565715360613,91.2434079944631,0,1.79881050313274,0.0432667083838656,-0.91994148417538,MV-202-15,sine_steer_python_15kmh,COMPLETED
2191,2026年09月25日_14时38分14秒_第001次,2026-09-25T14:38:14+08:00,2026-09-25T06:38:14Z,21.9,15.0860144396575,-0.0537186211695857,5.43465042616094,90.2278911373504,7.01742254837771,91.2852360161577,0,1.80965410493204,0.0435294758875978,-0.925410355233622,MV-202-15,sine_steer_python_15kmh,COMPLETED
2192,2026年09月25日_14时38分14秒_第001次,2026-09-25T14:38:14+08:00,2026-09-25T06:38:14Z,21.91,15.0859339980655,-0.0537239558427894,5.47196232424734,90.269757746647,7.01922839311709,91.327060851824,0,1.82021194136999,0.0437853751555818,-0.930732879737773,MV-202-15,sine_steer_python_15kmh,COMPLETED
2193,2026年09月25日_14时38分14秒_第001次,2026-09-25T14:38:14+08:00,2026-09-25T06:38:14Z,21.92,15.0858542431822,-0.0537210597312489,5.50840911678669,90.311622358558,7.0210749471633,91.3688824396769,0,1.83048234524184,0.0440343655030199,-0.935908222678935,MV-202-15,sine_steer_python_15kmh,COMPLETED
2194,2026年09月25日_14时38分14秒_第001次,2026-09-25T14:38:14+08:00,2026-09-25T06:38:14Z,21.93,15.0857752253775,-0.0537099132353901,5.54398517836175,90.3534849239741,7.0229624633711,91.4107007181266,0,1.84046369473174,0.0442764073545927,-0.940935571510743,MV-202-15,sine_steer_python_15kmh,COMPLETED
2195,2026年09月25日_14时38分14秒_第001次,2026-09-25T14:38:14+08:00,2026-09-25T06:38:14Z,21.94,15.085696994455,-0.053690499972169,5.5786850197862,90.3953453934759,7.02489118807068,91.4525156258129,0,1.85015441366892,0.0445114622572181,-0.945814135992347,MV-202-15,sine_steer_python_15kmh,COMPLETED
2196,2026年09月25日_14时38分14秒_第001次,2026-09-25T14:38:14+08:00,2026-09-25T06:38:14Z,21.95,15.0856195997579,-0.0536628070012933,5.61250328191425,90.437203717355,7.02686136102799,91.4943271016405,0,1.8595529717765,0.0447394928895448,-0.950543148167405,MV-202-15,sine_steer_python_15kmh,COMPLETED
2197,2026年09月25日_14时38分14秒_第001次,2026-09-25T14:38:14+08:00,2026-09-25T06:38:14Z,21.96,15.0855430900554,-0.053626824929029,5.64543474112303,90.4790598456365,7.0288732154059,91.536135084815,0,1.86865788491322,0.0449604630695545,-0.955121862427827,MV-202-15,sine_steer_python_15kmh,COMPLETED
2198,2026年09月25日_14时38分14秒_第001次,2026-09-25T14:38:14+08:00,2026-09-25T06:38:14Z,21.97,15.085467513494,-0.0535825479690816,5.67747431492495,90.5209137281006,7.03092697772655,91.5779395148778,0,1.87746771530775,0.0451743377613881,-0.959549555594486,MV-202-15,sine_steer_python_15kmh,COMPLETED
2199,2026年09月25日_14时38分14秒_第001次,2026-09-25T14:38:14+08:00,2026-09-25T06:38:14Z,21.98,15.0853929176374,-0.0535299739379745,5.70861706205554,90.5627653143062,7.03302286783485,91.6197403317418,0,1.88598107178573,0.0453810830810717,-0.963825527027034,MV-202-15,sine_steer_python_15kmh,COMPLETED
2200,2026年09月25日_14时38分14秒_第001次,2026-09-25T14:38:14+08:00,2026-09-25T06:38:14Z,21.99,15.0853193494651,-0.0534691041528142,5.73885818103264,90.6046145536134,7.03516109886308,91.6615374757274,0,1.89419660998949,0.0455806663006706,-0.967949098791736,MV-202-15,sine_steer_python_15kmh,COMPLETED
2201,2026年09月25日_14时38分14秒_第001次,2026-09-25T14:38:14+08:00,2026-09-25T06:38:14Z,22,15.0852468553122,-0.0533999432470038,5.76819301085278,90.6464613952078,7.03734187719665,91.7033308875976,0,1.90211303259031,0.0457730558510857,-0.971919615879819,MV-202-15,sine_steer_python_15kmh,COMPLETED
2202,2026年09月25日_14时38分14秒_第001次,2026-09-25T14:38:14+08:00,2026-09-25T06:38:14Z,22.01,15.0851754803685,-0.0533224989310818,5.79661703783404,90.6883057881233,7.03956540244121,91.7451205085936,0,1.90972908949329,0.0459582213238665,-0.975736446488501,MV-202-15,sine_steer_python_15kmh,COMPLETED
2203,2026年09月25日_14时38分14秒_第001次,2026-09-25T14:38:14+08:00,2026-09-25T06:38:14Z,22.02,15.0851052691463,-0.0532367817572128,5.82412588903211,90.7301476812662,7.04183186739101,91.7869062804694,0,1.91704357803475,0.0461361334728724,-0.979398982226154,MV-202-15,sine_steer_python_15kmh,COMPLETED
2204,2026年09月25日_14时38分14秒_第001次,2026-09-25T14:38:14+08:00,2026-09-25T06:38:14Z,22.03,15.0850362662029,-0.0531428047901568,5.85071532537625,90.7719870234409,7.0441414579986,91.8286881455291,0,1.92405534317217,0.0463067642143927,-0.982906638351348,MV-202-15,sine_steer_python_15kmh,COMPLETED
2205,2026年09月25日_14时38分14秒_第001次,2026-09-25T14:38:14+08:00,2026-09-25T06:38:14Z,22.04,15.0849685152638,-0.0530405831927873,5.87638125745217,90.8138237633759,7.04649435334576,91.8704660466634,0,1.93076327766655,0.0464700866258274,-0.986258854179311,MV-202-15,sine_steer_python_15kmh,COMPLETED
2206,2026年09月25日_14时38分14秒_第001次,2026-09-25T14:38:14+08:00,2026-09-25T06:38:14Z,22.05,15.084902059023,-0.0529301339115409,5.90111974720363,90.8556578497488,7.04889072561611,91.912239927385,0,1.93716632225726,0.0466260749455704,-0.9894550933766,MV-202-15,sine_steer_python_15kmh,COMPLETED
2207,2026年09月25日_14时38分14秒_第001次,2026-09-25T14:38:14+08:00,2026-09-25T06:38:14Z,22.06,15.0848369393269,-0.0528114753432316,5.92492700124308,90.8974892312114,7.05133074006905,91.9540097318636,0,1.94326346582935,0.0467747045724091,-0.992494844236028,MV-202-15,sine_steer_python_15kmh,COMPLETED
2208,2026年09月25日_14时38分14秒_第001次,2026-09-25T14:38:14+08:00,2026-09-25T06:38:14Z,22.07,15.0847731971994,-0.0526846269584895,5.94779936938633,90.9393178564155,7.05381455501499,91.9957754049611,0,1.94905374557315,0.0469159520640858,-0.995377619986996,MV-202-15,sine_steer_python_15kmh,COMPLETED
2209,2026年09月25日_14时38分14秒_第001次,2026-09-25T14:38:14+08:00,2026-09-25T06:38:14Z,22.08,15.0847108727612,-0.0525496089494297,5.96973334809164,90.9811436740391,7.05634232179197,92.0375368922671,0,1.95453624713639,0.0470497951359795,-0.998102959096745,MV-202-15,sine_steer_python_15kmh,COMPLETED
2210,2026年09月25日_14时38分14秒_第001次,2026-09-25T14:38:14+08:00,2026-09-25T06:38:14Z,22.09,15.0846500052061,-0.0524064419358306,5.99072558251264,91.0229666328128,7.05891418474378,92.0792941401336,0,1.95971010476849,0.0471762126604036,-1.00067042552966,MV-202-15,sine_steer_python_15kmh,COMPLETED
2211,2026年09月25日_14时38分14秒_第001次,2026-09-25T14:38:14+08:00,2026-09-25T06:38:14Z,22.1,15.0845906328125,-0.0522551467161524,6.01077286588658,91.0647866815459,7.06153028119934,92.1210470957097,0,1.96457450145738,0.0472951846663265,-1.00307960897393,MV-202-15,sine_steer_python_15kmh,COMPLETED
2212,2026年09月25日_14时38分14秒_第001次,2026-09-25T14:38:14+08:00,2026-09-25T06:38:14Z,22.11,15.0845327929267,-0.0520957440552653,6.02987213885816,91.1066037691535,7.06419074145359,92.1627957069762,0,1.96912866905841,0.0474066923394072,-1.00533012504517,MV-202-15,sine_steer_python_15kmh,COMPLETED
2213,2026年09月25日_14时38分14秒_第001次,2026-09-25T14:38:14+08:00,2026-09-25T06:38:14Z,22.12,15.0844765219228,-0.0519282545221756,6.04802048998663,91.1484178446833,7.06689568874942,92.2045399227798,0,1.97337188841574,0.0475107180225377,-1.00742161545841,MV-202-15,sine_steer_python_15kmh,COMPLETED
2214,2026年09月25日_14时38分14秒_第001次,2026-09-25T14:38:14+08:00,2026-09-25T06:38:14Z,22.13,15.0844218551758,-0.0517526983901148,6.06521515656549,91.1902288573429,7.06964523926109,92.2462796928669,0,1.97730348947583,0.0476072452170748,-1.00935374815787,MV-202-15,sine_steer_python_15kmh,COMPLETED
2215,2026年09月25日_14时38分14秒_第001次,2026-09-25T14:38:14+08:00,2026-09-25T06:38:14Z,22.14,15.0843688270495,-0.0515690955978062,6.0814535249692,91.2320367565268,7.0724395020787,92.2880149679177,0,1.9809228513933,0.0476962585847515,-1.01112621740483,MV-202-15,sine_steer_python_15kmh,COMPLETED
2216,2026年09月25日_14时38分14秒_第001次,2026-09-25T14:38:14+08:00,2026-09-25T06:38:14Z,22.15,15.0843174708825,-0.0513774657649585,6.09673313072415,91.2738414918439,7.07527857919397,92.3297456995789,0,1.98422940262896,0.0477777439501761,-1.01273874382868,MV-202-15,sine_steer_python_15kmh,COMPLETED
2217,2026年09月25日_14时38分14秒_第001次,2026-09-25T14:38:14+08:00,2026-09-25T06:38:14Z,22.16,15.0842678189657,-0.0511778282577246,6.11105165871062,91.3156430131451,7.07816256548704,92.3714718404973,0,1.98722262104002,0.0478516883038625,-1.01419107444409,MV-202-15,sine_steer_python_15kmh,COMPLETED
2218,2026年09月25日_14时38分14秒_第001次,2026-09-25T14:38:14+08:00,2026-09-25T06:38:14Z,22.17,15.0842199025182,-0.0509702023010367,6.12440694350957,91.357441270551,7.08109154871446,92.4131933443523,0,1.9899020339626,0.0479180798057546,-1.01548298263518,MV-202-15,sine_steer_python_15kmh,COMPLETED
2219,2026年09月25日_14时38分14秒_第001次,2026-09-25T14:38:14+08:00,2026-09-25T06:38:14Z,22.18,15.084173751667,-0.0507546071324806,6.13679696971542,91.3992362144798,7.08406560949819,92.4549101658884,0,1.99226721828634,0.0479769077891732,-1.01661426810937,MV-202-15,sine_steer_python_15kmh,COMPLETED
2220,2026年09月25日_14时38分14秒_第001次,2026-09-25T14:38:14+08:00,2026-09-25T06:38:14Z,22.19,15.0841293954295,-0.0505310621892586,6.1482198721515,91.4410277956748,7.08708482131563,92.4966222609472,0,1.99431780052123,0.0480281627650687,-1.01758475682594,MV-202-15,sine_steer_python_15kmh,COMPLETED
2221,2026年09月25日_14时38分14秒_第001次,2026-09-25T14:38:14+08:00,2026-09-25T06:38:14Z,22.2,15.0840868622957,-0.0502998190288318,6.15867331461967,91.4828159652477,7.09014925029654,92.5383295865255,0,1.99605345685654,0.0480718397389392,-1.01839416067409,MV-202-15,sine_steer_python_15kmh,COMPLETED
2222,2026年09月25日_14时38分14秒_第001次,2026-09-25T14:38:14+08:00,2026-09-25T06:38:14Z,22.21,15.084046175108,-0.0500609297640001,6.16815781303032,91.5246006746618,7.09325895576063,92.5800321007316,0,1.99747391321203,0.04810793206988,-1.01904233783531,MV-202-15,sine_steer_python_15kmh,COMPLETED
2223,2026年09月25日_14时38分14秒_第001次,2026-09-25T14:38:14+08:00,2026-09-25T06:38:14Z,22.22,15.0840073658983,-0.0498142453302201,6.17666871366235,91.5663818758476,7.09641398910029,92.6217297629263,0,1.99857894528118,0.0481364314232715,-1.01952929371244,MV-202-15,sine_steer_python_15kmh,COMPLETED
2224,2026年09月25日_14时38分14秒_第001次,2026-09-25T14:38:14+08:00,2026-09-25T06:38:14Z,22.23,15.0839704538263,-0.0495597919534875,6.1842077894487,91.6081595211079,7.09961439550018,92.6634225336339,0,1.9993683785666,0.0481573331297731,-1.0198549558958,MV-202-15,sine_steer_python_15kmh,COMPLETED
2225,2026年09月25日_14时38分14秒_第001次,2026-09-25T14:38:14+08:00,2026-09-25T06:38:14Z,22.24,15.0839354650081,-0.0492974546774364,6.19077164815847,91.6499335632577,7.10286021223333,92.7051103746631,0,1.99984208840763,0.0481706316824383,-1.02001936324236,MV-202-15,sine_steer_python_15kmh,COMPLETED
2226,2026年09月25日_14时38分14秒_第001次,2026-09-25T14:38:14+08:00,2026-09-25T06:38:14Z,22.25,15.0839024200598,-0.0490274139664657,6.19636068003667,91.6917039555717,7.10615146992705,92.7467932490887,0,2,0.0481763269621079,-1.02002240341138,MV-202-15,sine_steer_python_15kmh,COMPLETED
2227,2026年09月25日_14时38分14秒_第001次,2026-09-25T14:38:14+08:00,2026-09-25T06:38:14Z,22.26,15.0838713390155,-0.048749750401402,6.20097366814215,91.7334706518627,7.10948819172736,92.7884711212978,0,1.99984208840763,0.0481744186213848,-1.01986405017648,MV-202-15,sine_steer_python_15kmh,COMPLETED
2228,2026年09月25日_14时38分14秒_第001次,2026-09-25T14:38:14+08:00,2026-09-25T06:38:14Z,22.27,15.0838422428596,-0.0484644676134772,6.20461009202017,91.7752336064998,7.11287039354762,92.8301439570203,0,1.9993683785666,0.0481649064007865,-1.01954434993658,MV-202-15,sine_steer_python_15kmh,COMPLETED
2229,2026年09月25日_14时38分14秒_第001次,2026-09-25T14:38:14+08:00,2026-09-25T06:38:14Z,22.28,15.0838151494751,-0.0481714990232328,6.20726909517544,91.8169927744202,7.11629808425035,92.8718117233464,0,1.99857894528118,0.0481477902158987,-1.019063418337,MV-202-15,sine_steer_python_15kmh,COMPLETED
2230,2026年09月25日_14时38分14秒_第001次,2026-09-25T14:38:14+08:00,2026-09-25T06:38:14Z,22.29,15.0837900757376,-0.047870698947102,6.20895066138241,91.8587481111611,7.11977126557034,92.9134743887457,0,1.99747391321204,0.0481230700216623,-1.01842144583542,MV-202-15,sine_steer_python_15kmh,COMPLETED
2231,2026年09月25日_14时38分14秒_第001次,2026-09-25T14:38:14+08:00,2026-09-25T06:38:14Z,22.3,15.0837670379914,-0.0475618667503576,6.20965458797494,91.9004995728807,7.12328993220728,92.9551319230921,0,1.99605345685654,0.0480907461478488,-1.01761868343983,MV-202-15,sine_steer_python_15kmh,COMPLETED
2232,2026年09月25日_14时38分14秒_第001次,2026-09-25T14:38:14+08:00,2026-09-25T06:38:14Z,22.31,15.08374605147,-0.0472447608493554,6.20938089427857,91.9422471163838,7.12685407186963,92.9967842976882,0,1.99431780052123,0.048050819492091,-1.01665543454398,MV-202-15,sine_steer_python_15kmh,COMPLETED
2233,2026年09月25日_14时38分14秒_第001次,2026-09-25T14:38:14+08:00,2026-09-25T06:38:14Z,22.32,15.0837271306853,-0.046919500610124,6.20812875518766,91.9839906991748,7.13046366497601,93.0384314853396,0,1.99226721828635,0.0480032972596862,-1.01553181193629,MV-202-15,sine_steer_python_15kmh,COMPLETED
2234,2026年09月25日_14时38分14秒_第001次,2026-09-25T14:38:14+08:00,2026-09-25T06:38:14Z,22.33,15.0837102822249,-0.0465862462281004,6.20590099571158,92.0257302794248,7.1341186852623,93.0800734602823,0,1.9899020339626,0.0479481884288304,-1.01424793019979,MV-202-15,sine_steer_python_15kmh,COMPLETED
2235,2026年09月25日_14时38分14秒_第001次,2026-09-25T14:38:14+08:00,2026-09-25T06:38:14Z,22.34,15.0836955234554,-0.0462450645067588,6.20269468013966,92.0674658161264,7.13781909836854,93.1217101983543,0,1.98722262104002,0.0478855018354265,-1.01280398524771,MV-202-15,sine_steer_python_15kmh,COMPLETED
2236,2026年09月25日_14时38分14秒_第001次,2026-09-25T14:38:14+08:00,2026-09-25T06:38:14Z,22.35,15.0836828587514,-0.0458963510628624,6.19851307090731,92.1091972689842,7.14156486350955,93.1633416768964,0,1.98422940262896,0.0478152521964358,-1.01120000115257,MV-202-15,sine_steer_python_15kmh,COMPLETED
2237,2026年09月25日_14时38分14秒_第001次,2026-09-25T14:38:14+08:00,2026-09-25T06:38:14Z,22.36,15.0836722971466,-0.0455402150710468,6.1933555930964,92.1509245985515,7.1453559320335,93.2049678748355,0,1.9809228513933,0.0477374513515542,-1.00943619934021,MV-202-15,sine_steer_python_15kmh,COMPLETED
2238,2026年09月25日_14时38分14秒_第001次,2026-09-25T14:38:14+08:00,2026-09-25T06:38:14Z,22.37,15.0836638468558,-0.0451767488363075,6.18722315369866,92.1926477661972,7.14919224830938,93.2465887726901,0,1.97730348947583,0.0476521120813714,-1.00751283731279,MV-202-15,sine_steer_python_15kmh,COMPLETED
2239,2026年09月25日_14时38分14秒_第001次,2026-09-25T14:38:14+08:00,2026-09-25T06:38:14Z,22.38,15.0836575123706,-0.0448060459462242,6.1801169124914,92.2343667341444,7.15307374952766,93.2882043525836,0,1.97337188841574,0.0475592483629307,-1.00543019792871,MV-202-15,sine_steer_python_15kmh,COMPLETED
2240,2026年09月25日_14时38分14秒_第001次,2026-09-25T14:38:14+08:00,2026-09-25T06:38:14Z,22.39,15.0836532974022,-0.0444281980371419,6.17203803391469,92.2760814654934,7.15700036572483,93.3298145982638,0,1.96912866905841,0.0474588753215179,-1.00318859107879,MV-202-15,sine_steer_python_15kmh,COMPLETED
2241,2026年09月25日_14时38分14秒_第001次,2026-09-25T14:38:14+08:00,2026-09-25T06:38:14Z,22.4,15.0836512049039,-0.0440432936223831,6.16298781394844,92.3177919242488,7.16097201980458,93.3714194951265,0,1.96457450145738,0.0473510092113625,-1.00078835435077,MV-202-15,sine_steer_python_15kmh,COMPLETED
2242,2026年09月25日_14时38分14秒_第001次,2026-09-25T14:38:14+08:00,2026-09-25T06:38:14Z,22.41,15.0836512361783,-0.0436514176291406,6.1529677077653,92.3594980753451,7.16498862755393,93.4130190302356,0,1.95971010476849,0.0472356674061479,-0.998229853335787,MV-202-15,sine_steer_python_15kmh,COMPLETED
2243,2026年09月25日_14时38分14秒_第001次,2026-09-25T14:38:14+08:00,2026-09-25T06:38:14Z,22.42,15.0836533909775,-0.0432526507329169,6.14197932542606,92.4011998846712,7.16905009766173,93.4546131923412,0,1.95453624713639,0.0471128683863894,-0.995513481979469,MV-202-15,sine_steer_python_15kmh,COMPLETED
2244,2026年09月25日_14时38分14秒_第001次,2026-09-25T14:38:14+08:00,2026-09-25T06:38:14Z,22.43,15.0836576678286,-0.0428470683981578,6.13002442091524,92.442897319094,7.17315633173905,93.4962019718977,0,1.94905374557316,0.0469826317223513,-0.992639663092781,MV-202-15,sine_steer_python_15kmh,COMPLETED
2245,2026年09月25日_14时38分14秒_第001次,2026-09-25T14:38:14+08:00,2026-09-25T06:38:14Z,22.44,15.0836640640206,-0.0424347398159264,6.11710488961067,92.484590346484,7.17730722434168,93.5377853610815,0,1.94326346582935,0.0468449780551947,-0.989608848951366,MV-202-15,sine_steer_python_15kmh,COMPLETED
2246,2026年09月25日_14时38分14秒_第001次,2026-09-25T14:38:14+08:00,2026-09-25T06:38:14Z,22.45,15.0836725754814,-0.0420157270168997,6.10322277182413,92.5262789357378,7.18150266299478,93.5793633538068,0,1.93716632225726,0.0466999290803266,-0.986421521797994,MV-202-15,sine_steer_python_15kmh,COMPLETED
2247,2026年09月25日_14时38分14秒_第001次,2026-09-25T14:38:14+08:00,2026-09-25T06:38:14Z,22.46,15.0836831967715,-0.0415900843518201,6.08838025425015,92.5679630568021,7.18574252821954,93.6209359457403,0,1.93076327766655,0.0465475075357141,-0.983078194113904,MV-202-15,sine_steer_python_15kmh,COMPLETED
2248,2026年09月25日_14时38分14秒_第001次,2026-09-25T14:38:14+08:00,2026-09-25T06:38:14Z,22.47,15.0836959211394,-0.0411578584383317,6.07257966816683,92.6096426806956,7.19002669356156,93.6625031343138,0,1.92405534317217,0.0463877371966244,-0.979579408601646,MV-202-15,sine_steer_python_15kmh,COMPLETED
2249,2026年09月25日_14时38分14秒_第001次,2026-09-25T14:38:14+08:00,2026-09-25T06:38:14Z,22.48,15.0837107405414,-0.0407190886386573,6.0558234877774,92.6513177795319,7.1943550256201,93.7040649187366,0,1.91704357803475,0.0462206428777672,-0.975925737845393,MV-202-15,sine_steer_python_15kmh,COMPLETED
2250,2026年09月25日_14时38分14秒_第001次,2026-09-25T14:38:14+08:00,2026-09-25T06:38:14Z,22.49,15.0837276456313,-0.0402738080980497,6.03811433010916,92.6929883265409,7.198727384078,93.7456213000059,0,1.90972908949329,0.046046250443331,-0.972117783627608,MV-202-15,sine_steer_python_15kmh,COMPLETED
2251,2026年09月25日_14时38分14秒_第001次,2026-09-25T14:38:14+08:00,2026-09-25T06:38:14Z,22.5,15.0837466257593,-0.0398220453023298,6.01945495537578,92.734654296091,7.20314362173153,93.7871722809168,0,1.90211303259031,0.0458645868243826,-0.968156175921401,MV-202-15,sine_steer_python_15kmh,COMPLETED
2252,2026年09月25日_14时38分14秒_第001次,2026-09-25T14:38:14+08:00,2026-09-25T06:38:14Z,22.51,15.0837676689861,-0.0393638260326502,5.99984826694175,92.7763156637096,7.20760358451971,93.8287178660718,0,1.89419660998949,0.045675680041952,-0.964041571629456,MV-202-15,sine_steer_python_15kmh,COMPLETED
2253,2026年09月25日_14时38分14秒_第001次,2026-09-25T14:38:14+08:00,2026-09-25T06:38:14Z,22.52,15.0837907620943,-0.0388991755436523,5.97929731117894,92.8179724061049,7.21210711155303,93.8702580618895,0,1.88598107178573,0.0454795592333641,-0.959774653173985,MV-202-15,sine_steer_python_15kmh,COMPLETED
2254,2026年09月25日_14时38分14秒_第001次,2026-09-25T14:38:14+08:00,2026-09-25T06:38:14Z,22.53,15.0838158905919,-0.0384281207721365,5.957805277651,92.8596245011856,7.21665403514119,93.9117928766129,0,1.87746771530775,0.0452762546790864,-0.955356127053656,MV-202-15,sine_steer_python_15kmh,COMPLETED
2255,2026年09月25日_14时38分14秒_第001次,2026-09-25T14:38:14+08:00,2026-09-25T06:38:14Z,22.54,15.0838430387164,-0.0379506923881259,5.9353754995718,92.9012719280824,7.22124418082007,93.9533223203177,0,1.86865788491322,0.045065797827409,-0.950786722480625,MV-202-15,sine_steer_python_15kmh,COMPLETED
2256,2026年09月25日_14时38分14秒_第001次,2026-09-25T14:38:14+08:00,2026-09-25T06:38:14Z,22.55,15.0838721894434,-0.0374669265238924,5.9120114542709,92.942914667167,7.22587736737815,93.9948464049197,0,1.8595529717765,0.0448482213145867,-0.946067190197631,MV-202-15,sine_steer_python_15kmh,COMPLETED
2257,2026年09月25日_14时38分14秒_第001次,2026-09-25T14:38:14+08:00,2026-09-25T06:38:14Z,22.56,15.0839033244967,-0.0369768660598499,5.88771676356682,92.9845527000725,7.23055340688283,94.036365144182,0,1.85015441366892,0.0446235589786766,-0.941198301550277,MV-202-15,sine_steer_python_15kmh,COMPLETED
2258,2026年09月25日_14时38分14秒_第001次,2026-09-25T14:38:14+08:00,2026-09-25T06:38:14Z,22.57,15.0839364243582,-0.0364805614037231,5.86249519406843,93.0261860097122,7.235272104707,94.0778785537215,0,1.84046369473174,0.0443918458661096,-0.936180847855343,MV-202-15,sine_steer_python_15kmh,COMPLETED
2259,2026年09月25日_14时38分14秒_第001次,2026-09-25T14:38:14+08:00,2026-09-25T06:38:14Z,22.58,15.0839714682776,-0.0359780707615491,5.83635065739136,93.0678145802984,7.24003325955635,94.1193866510141,0,1.83048234524184,0.0441531182309158,-0.931015640068559,MV-202-15,sine_steer_python_15kmh,COMPLETED
2260,2026年09月25日_14时38分14秒_第001次,2026-09-25T14:38:14+08:00,2026-09-25T06:38:14Z,22.59,15.084008434283,-0.0354694599555738,5.80928721021069,93.1094383973607,7.24483666349797,94.1608894553998,0,1.82021194136999,0.0439074135273324,-0.925703508721025,MV-202-15,sine_steer_python_15kmh,COMPLETED
2261,2026年09月25日_14时38分14秒_第001次,2026-09-25T14:38:14+08:00,2026-09-25T06:38:14Z,22.6,15.0840472991926,-0.0349548018877381,5.78130905409365,93.1510574477632,7.24968210199039,94.2023869880853,0,1.80965410493204,0.0436547703971524,-0.920245304066839,MV-202-15,sine_steer_python_15kmh,COMPLETED
2262,2026年09月25日_14时38分14秒_第001次,2026-09-25T14:38:14+08:00,2026-09-25T06:38:14Z,22.61,15.0840880386263,-0.034434175773333,5.75242053510074,93.1926717197219,7.25456935391539,94.2438792721466,0,1.79881050313274,0.0433952286535544,-0.914641896368451,MV-202-15,sine_steer_python_15kmh,COMPLETED
2263,2026年09月25日_14时38分14秒_第001次,2026-09-25T14:38:14+08:00,2026-09-25T06:38:14Z,22.62,15.0841306270177,-0.0339076662757197,5.72262614317564,93.2342812028205,7.25949819161167,94.2853663325295,0,1.78768284830253,0.0431288292632565,-0.908894176241687,MV-202-15,sine_steer_python_15kmh,COMPLETED
2264,2026年09月25日_14时38分14秒_第001次,2026-09-25T14:38:14+08:00,2026-09-25T06:38:14Z,22.63,15.0841750376256,-0.0333753626595044,5.69193051133725,93.2758858880265,7.26446838091023,94.3268481960492,0,1.77627289762709,0.042855614328666,-0.903003054990006,MV-202-15,sine_steer_python_15kmh,COMPLETED
2265,2026年09月25日_14时38分14秒_第001次,2026-09-25T14:38:14+08:00,2026-09-25T06:38:14Z,22.64,15.084221242548,-0.0328373580508129,5.66033841470527,93.3174857677057,7.26947968117142,94.3683248913887,0,1.76458245286991,0.0425756270712902,-0.896969464874148,MV-202-15,sine_steer_python_15kmh,COMPLETED
2266,2026年09月25日_14时38分14秒_第001次,2026-09-25T14:38:14+08:00,2026-09-25T06:38:14Z,22.65,15.0842692127366,-0.032293748854422,5.62785476939668,93.3590808356365,7.27453184532339,94.4097964490958,0,1.75261336008773,0.0422889118171375,-0.890794359286593,MV-202-15,sine_steer_python_15kmh,COMPLETED
2267,2026年09月25日_14时38分14秒_第001次,2026-09-25T14:38:14+08:00,2026-09-25T06:38:14Z,22.66,15.0843189180141,-0.0317446343362458,5.594484631341,93.4006710870242,7.27962461990189,94.4512629015795,0,1.74036750933905,0.0419955139842476,-0.88447871282492,MV-202-15,sine_steer_python_15kmh,COMPLETED
2268,2026年09月25日_14时38分14秒_第001次,2026-09-25T14:38:14+08:00,2026-09-25T06:38:14Z,22.67,15.084370327093,-0.0311901163429704,5.56023319506419,93.4422565185128,7.2847577450909,94.4927242831056,0,1.72784683438567,0.041695480071969,-0.878023521280304,MV-202-15,sine_steer_python_15kmh,COMPLETED
2269,2026年09月25日_14时38分14秒_第001次,2026-09-25T14:38:14+08:00,2026-09-25T06:38:14Z,22.68,15.0844234075971,-0.030630299103813,5.52510579247035,93.4838371281984,7.28993095476444,94.5341806297906,0,1.71505331238731,0.0413888576512143,-0.87142980157384,MV-202-15,sine_steer_python_15kmh,COMPLETED
2270,2026年09月25日_14时38分14秒_第001次,2026-09-25T14:38:14+08:00,2026-09-25T06:38:14Z,22.69,15.0844781260841,-0.03006528904679,5.48910789164962,93.5254129156402,7.29514397652908,94.5756319795962,0,1.70198896358938,0.0410756953547373,-0.864698591681222,MV-202-15,sine_steer_python_15kmh,COMPLETED
2271,2026年09月25日_14时38分14秒_第001次,2026-09-25T14:38:14+08:00,2026-09-25T06:38:14Z,22.7,15.0845344480695,-0.029495194563957,5.45224509572335,93.5669838818715,7.30039653176746,94.6170783723222,0,1.68865585100403,0.0407560428664994,-0.857830950585468,MV-202-15,sine_steer_python_15kmh,COMPLETED
2272,2026年09月25日_14时38分14秒_第001次,2026-09-25T14:38:14+08:00,2026-09-25T06:38:14Z,22.71,15.0845923380519,-0.0289201256757549,5.41452314172728,93.6085500294105,7.30568833568274,94.6585198495988,0,1.67505608008428,0.0404299509094037,-0.850827958288108,MV-202-15,sine_steer_python_15kmh,COMPLETED
2273,2026年09月25日_14时38分14秒_第001次,2026-09-25T14:38:14+08:00,2026-09-25T06:38:14Z,22.72,15.0846517595372,-0.0283401935694879,5.37594789952033,93.6501113622691,7.31101909734431,94.6999564548782,0,1.66119179839163,0.0400974712310349,-0.843690715894683,MV-202-15,sine_steer_python_15kmh,COMPLETED
2274,2026年09月25日_14时38分14秒_第001次,2026-09-25T14:38:14+08:00,2026-09-25T06:38:14Z,22.73,15.0847126750632,-0.0277555100169052,5.33652537070849,93.6916678859625,7.31638851973468,94.7413882334253,0,1.64706519525686,0.0397586565874565,-0.83642034577205,MV-202-15,sine_steer_python_15kmh,COMPLETED
2275,2026年09月25日_14时38分14秒_第001次,2026-09-25T14:38:14+08:00,2026-09-25T06:38:14Z,22.74,15.0847750462241,-0.0271661867041029,5.29626168756127,93.7332196075165,7.32179629979782,94.7828152323076,0,1.63267850143437,0.0394135607255318,-0.829017991758186,MV-202-15,sine_steer_python_15kmh,COMPLETED
2276,2026年09月25日_14时38分14秒_第001次,2026-09-25T14:38:14+08:00,2026-09-25T06:38:14Z,22.75,15.0848388336943,-0.0265723345297335,5.25516311191547,93.7747665354756,7.32724212848903,94.8242375003835,0,1.6180339887499,0.0390622383645573,-0.821484819390991,MV-202-15,sine_steer_python_15kmh,COMPLETED
2277,2026年09月25日_14时38分14秒_第001次,2026-09-25T14:38:14+08:00,2026-09-25T06:38:14Z,22.76,15.0849039972525,-0.0259740629402341,5.21323603405579,93.8163086799089,7.33272569082621,94.8656550882901,0,1.60313396974175,0.0387047451781882,-0.813822016114776,MV-202-15,sine_steer_python_15kmh,COMPLETED
2278,2026年09月25日_14时38分14秒_第001次,2026-09-25T14:38:14+08:00,2026-09-25T06:38:14Z,22.77,15.0849704958063,-0.0253714793727124,5.17048697157642,93.8578460524159,7.33824666594264,94.9070680484295,0,1.58798079729567,0.0383411377776747,-0.806030791421534,MV-202-15,sine_steer_python_15kmh,COMPLETED
2279,2026年09月25日_14时38分14秒_第001次,2026-09-25T14:38:14+08:00,2026-09-25T06:38:14Z,22.78,15.0850382874166,-0.0247646888664489,5.12692256823427,93.899378666132,7.34380472714096,94.9484764349541,0,1.57257686427324,0.0379714736972904,-0.798112376889516,MV-202-15,sine_steer_python_15kmh,COMPLETED
2280,2026年09月25日_14时38分14秒_第001次,2026-09-25T14:38:14+08:00,2026-09-25T06:38:14Z,22.79,15.0851073293238,-0.0241537938855396,5.08254959281003,93.9409065357319,7.34939954194834,94.9898803037506,0,1.55692460313405,0.0375958113825857,-0.790068026092685,MV-202-15,sine_steer_python_15kmh,COMPLETED
2281,2026年09月25日_14时38分14秒_第001次,2026-09-25T14:38:14+08:00,2026-09-25T06:38:14Z,22.8,15.0851775779746,-0.0235388943708928,5.03737493799602,93.9824296774335,7.3550307721724,95.031279712423,0,1.54102648555158,0.0372142101817491,-0.781899014368886,MV-202-15,sine_steer_python_15kmh,COMPLETED
2282,2026年09月25日_14时38分14秒_第001次,2026-09-25T14:38:14+08:00,2026-09-25T06:38:14Z,22.81,15.0852489890501,-0.0229200880132861,4.9914056193309,94.0239481090005,7.36069807395792,95.0726747202751,0,1.5248850220229,0.0368267303399916,-0.773606638450796,MV-202-15,sine_steer_python_15kmh,COMPLETED
2283,2026年09月25日_14时38分14秒_第001次,2026-09-25T14:38:14+08:00,2026-09-25T06:38:14Z,22.82,15.0853215174949,-0.0222974707150817,4.94464877419301,94.0654618497445,7.36640109784391,95.1140653882915,0,1.50850276147221,0.0364334329965125,-0.765192215978042,MV-202-15,sine_steer_python_15kmh,COMPLETED
2284,2026年09月25日_14时38分14秒_第001次,2026-09-25T14:38:14+08:00,2026-09-25T06:38:14Z,22.83,15.0853951175461,-0.0216711371889015,4.89711166086591,94.1069709205262,7.37213948882098,95.1554517791183,0,1.49188229084836,0.0360343801833364,-0.756657084921054,MV-202-15,sine_steer_python_15kmh,COMPLETED
2285,2026年09月25日_14时38分14秒_第001次,2026-09-25T14:38:14+08:00,2026-09-25T06:38:14Z,22.84,15.0854697427636,-0.0210411816302024,4.84880165767393,94.1484753437557,7.377912886389,95.196833957043,0,1.47502623471635,0.0356296348251351,-0.748002602954048,MV-202-15,sine_steer_python_15kmh,COMPLETED
2286,2026年09月25日_14时38分14秒_第001次,2026-09-25T14:38:14+08:00,2026-09-25T06:38:14Z,22.85,15.085545346061,-0.0204076983979108,4.79972626218526,94.1899751433934,7.38372092461483,95.2382119879737,0,1.45793725484282,0.0352192607391022,-0.739230146816676,MV-202-15,sine_steer_python_15kmh,COMPLETED
2287,2026年09月25日_14时38分14秒_第001次,2026-09-25T14:38:14+08:00,2026-09-25T06:38:14Z,22.86,15.0856218797354,-0.0197707826426073,4.74989309046639,94.231470344948,7.38956323219032,95.2795859394177,0,1.44061804977581,0.0348033226340224,-0.730341111701068,MV-202-15,sine_steer_python_15kmh,COMPLETED
2288,2026年09月25日_14时38分14秒_第001次,2026-09-25T14:38:14+08:00,2026-09-25T06:38:14Z,22.87,15.0856992954989,-0.019130530834466,4.69930987637374,94.2729609754762,7.39543943249063,95.3209558804594,0,1.42307135441857,0.034381886107842,-0.721336910693348,MV-202-15,sine_steer_python_15kmh,COMPLETED
2289,2026年09月25日_14时38分14秒_第001次,2026-09-25T14:38:14+08:00,2026-09-25T06:38:14Z,22.88,15.0857775445089,-0.018487041160463,4.64798447085248,94.3144470635799,7.40134914363284,95.3623218817376,0,1.4052999395977,0.0339550176432987,-0.712218974288753,MV-202-15,sine_steer_python_15kmh,COMPLETED
2290,2026年09月25日_14时38分14秒_第001次,2026-09-25T14:38:14+08:00,2026-09-25T06:38:14Z,22.89,15.0858565773984,-0.0178404137796136,4.5959248412261,94.3559286394036,7.40729197853522,95.4036840154219,0,1.38730661162561,0.0335227846014342,-0.702988749987795,MV-202-15,sine_steer_python_15kmh,COMPLETED
2291,2026年09月25日_14时38分14秒_第001次,2026-09-25T14:38:14+08:00,2026-09-25T06:38:14Z,22.9,15.0859363443063,-0.0171907509437207,4.54313907044578,94.3974057346306,7.41326754497709,95.4450423551883,0,1.36909421185737,0.0330852552130823,-0.693647701969713,MV-202-15,sine_steer_python_15kmh,COMPLETED
2292,2026年09月25日_14时38分14秒_第001次,2026-09-25T14:38:14+08:00,2026-09-25T06:38:14Z,22.91,15.086016794745,-0.016538157008331,4.48963535800419,94.4388783824787,7.41927544565942,95.4863969761939,0,1.35066561624205,0.0326424985686703,-0.684197310837449,MV-202-15,sine_steer_python_15kmh,COMPLETED
2293,2026年09月25日_14时38分14秒_第001次,2026-09-25T14:38:14+08:00,2026-09-25T06:38:14Z,22.92,15.0860978777132,-0.0158827383744679,4.43542201725517,94.4803466176946,7.42531527826626,95.52774795505,0,1.3320237348685,0.032194584606903,-0.674639073388392,MV-202-15,sine_steer_python_15kmh,COMPLETED
2294,2026年09月25日_14时38分14秒_第001次,2026-09-25T14:38:14+08:00,2026-09-25T06:38:14Z,22.93,15.0861795422135,-0.0152246033672805,4.3805074691003,94.5218104765482,7.43138663552707,95.5690953697961,0,1.31317151150592,0.031741584102412,-0.664974502400818,MV-202-15,sine_steer_python_15kmh,COMPLETED
2295,2026年09月25日_14时38分14秒_第001次,2026-09-25T14:38:14+08:00,2026-09-25T06:38:14Z,22.94,15.0862617368411,-0.0145638620804538,4.32490024872521,94.5632699968271,7.43748910527987,95.6104392998725,0,1.29411192313889,0.031283568652773,-0.655205126487453,MV-202-15,sine_steer_python_15kmh,COMPLETED
2296,2026年09月25日_14时38分14秒_第001次,2026-09-25T14:38:14+08:00,2026-09-25T06:38:14Z,22.95,15.0863444097339,-0.0139006262944386,4.26860900509279,94.6047252178286,7.44362227053518,95.651779826091,0,1.27484797949738,0.0308206106664392,-0.645332489882973,MV-202-15,sine_steer_python_15kmh,COMPLETED
2297,2026年09月25日_14时38分14秒_第001次,2026-09-25T14:38:14+08:00,2026-09-25T06:38:14Z,22.96,15.0864275087027,-0.0132350094187496,4.21164249628811,94.6461761803512,7.44978570954073,95.6931170306058,0,1.2553827225814,0.030352783350884,-0.635358152205667,MV-202-15,sine_steer_python_15kmh,COMPLETED
2298,2026年09月25日_14时38分14秒_第001次,2026-09-25T14:38:14+08:00,2026-09-25T06:38:14Z,22.97,15.0865109812913,-0.012567126443942,4.15400958720387,94.687622926686,7.45597899584681,95.7344509968822,0,1.23571922618067,0.0298801607007565,-0.625283688214877,MV-202-15,sine_steer_python_15kmh,COMPLETED
2299,2026年09月25日_14时38分14秒_第001次,2026-09-25T14:38:14+08:00,2026-09-25T06:38:14Z,22.98,15.0865947746141,-0.0118970938997526,4.09571924794011,94.7290655006064,7.46220169837212,95.7757818096665,0,1.21586059538921,0.0294028174860004,-0.61511068757306,MV-202-15,sine_steer_python_15kmh,COMPLETED
2300,2026年09月25日_14时38分14秒_第001次,2026-09-25T14:38:14+08:00,2026-09-25T06:38:14Z,22.99,15.0866788352756,-0.0112250298240323,4.03678055315503,94.7705039473571,7.46845338147024,95.8171095549527,0,1.19580996611504,0.028920829240006,-0.604840754594531,MV-202-15,sine_steer_python_15kmh,COMPLETED
2301,2026年09月25日_14时38分14秒_第001次,2026-09-25T14:38:14+08:00,2026-09-25T06:38:14Z,23,15.0867631103582,-0.0105510538414176,3.97720269061377,94.8119383136437,7.47473360499694,95.8584343199516,0,1.17557050458495,0.0284342722492108,-0.594475507876566,MV-202-15,sine_steer_python_15kmh,COMPLETED
2302,2026年09月25日_14时38分14秒_第001次,2026-09-25T14:38:14+08:00,2026-09-25T06:38:14Z,23.01,15.0868475468856,-0.00987528712617562,3.91699494899021,94.8533686476218,7.48104192437822,95.8997561930588,0,1.15514540684453,0.0279432235409421,-0.584016580070397,MV-202-15,sine_steer_python_15kmh,COMPLETED
2303,2026年09月25日_14时38分14秒_第001次,2026-09-25T14:38:14+08:00,2026-09-25T06:38:14Z,23.02,15.0869320916161,-0.0091978522333629,3.85616671409371,94.8947949988841,7.48737789067847,95.9410752638214,0,1.13453789825352,0.0274477608692612,-0.573465617712795,MV-202-15,sine_steer_python_15kmh,COMPLETED
2304,2026年09月25日_14时38分14秒_第001次,2026-09-25T14:38:14+08:00,2026-09-25T06:38:14Z,23.03,15.0870166910952,-0.008518872887433,3.79472747171884,94.9362174184467,7.49374105066948,95.9823916229037,0,1.11375123297638,0.0269479627000679,-0.562824281069674,MV-202-15,sine_steer_python_15kmh,COMPLETED
2305,2026年09月25日_14时38分14秒_第001次,2026-09-25T14:38:14+08:00,2026-09-25T06:38:14Z,23.04,15.0871012918056,-0.00783847375310799,3.73268680847963,94.9776359587347,7.50013094690017,96.0237053620526,0,1.09278869346854,0.0264439081958225,-0.552094243985455,MV-202-15,sine_steer_python_15kmh,COMPLETED
2306,2026年09月25日_14时38分14秒_第001次,2026-09-25T14:38:14+08:00,2026-09-25T06:38:14Z,23.05,15.0871858402738,-0.00715678015766732,3.67005440886644,95.0190506735675,7.50654711776729,96.0650165740624,0,1.071653589958,0.0259356771994373,-0.541277193763171,MV-202-15,sine_steer_python_15kmh,COMPLETED
2307,2026年09月25日_14时38分14秒_第001次,2026-09-25T14:38:14+08:00,2026-09-25T06:38:14Z,23.06,15.0872702830837,-0.00647391776182468,3.60684005234806,95.0604616181431,7.51298909758687,96.1063253527397,0,1.0503492599226,0.0254233502172989,-0.530374831079219,MV-202-15,sine_steer_python_15kmh,COMPLETED
2308,2026年09月25日_14时38分14秒_第001次,2026-09-25T14:38:14+08:00,2026-09-25T06:38:14Z,23.07,15.0873545668679,-0.00579001221747318,3.54305361212607,95.101868849022,7.51945641666649,96.1476317928668,0,1.02887906756301,0.0249070084019609,-0.519388869906512,MV-202-15,sine_steer_python_15kmh,COMPLETED
2309,2026年09月25日_14时38分14秒_第001次,2026-09-25T14:38:14+08:00,2026-09-25T06:38:14Z,23.08,15.087438638334,-0.00510518885463378,3.47870505423877,95.1432724241102,7.52594860137834,96.188935990165,0,1.00724640327152,0.0243867335351149,-0.508321037418212,MV-202-15,sine_steer_python_15kmh,COMPLETED
2310,2026年09月25日_14时38分14秒_第001次,2026-09-25T14:38:14+08:00,2026-09-25T06:38:14Z,23.09,15.0875224443155,-0.00441957242270449,3.4138044359141,95.1846724026412,7.53246517423314,96.230238041257,0,0.985454683096585,0.0238626080112023,-0.497173073857323,MV-202-15,sine_steer_python_15kmh,COMPLETED
2311,2026年09月25日_14时38分14秒_第001次,2026-09-25T14:38:14+08:00,2026-09-25T06:38:14Z,23.1,15.0876059318154,-0.00373328690024165,3.34836190350697,95.2260688451572,7.53900565395469,96.2715380436291,0,0.963507348203427,0.0233347148218797,-0.485946732364658,MV-202-15,sine_steer_python_15kmh,COMPLETED
2312,2026年09月25日_14时38分14秒_第001次,2026-09-25T14:38:14+08:00,2026-09-25T06:38:14Z,23.11,15.0876890476272,-0.00304645534373154,3.28238768630953,95.2674618134902,7.54556955555498,96.312836095592,0,0.94140786433067,0.0228031375409263,-0.474643778797856,MV-202-15,sine_steer_python_15kmh,COMPLETED
2313,2026年09月25日_14时38分14秒_第001次,2026-09-25T14:38:14+08:00,2026-09-25T06:38:14Z,23.12,15.0877717390225,-0.00235919989187585,3.21589210416973,95.3088513707411,7.55215639040988,96.3541322962412,0,0.919159721242975,0.0222679603112631,-0.463265991415307,MV-202-15,sine_steer_python_15kmh,COMPLETED
2314,2026年09月25日_14时38分14秒_第001次,2026-09-25T14:38:14+08:00,2026-09-25T06:38:14Z,23.13,15.0878539539422,-0.00167164189254023,3.14888556467803,95.3502375812605,7.55876566633561,96.395426745419,0,0.896766432180066,0.0217292678336391,-0.451815160504849,MV-202-15,sine_steer_python_15kmh,COMPLETED
2315,2026年09月25日_14时38分14秒_第001次,2026-09-25T14:38:14+08:00,2026-09-25T06:38:14Z,23.14,15.0879356403738,-0.000983902053243688,3.08137855637937,95.391620510628,7.56539688766533,96.4367195436744,0,0.874231533301868,0.0211871453555789,-0.440293088024159,MV-202-15,sine_steer_python_15kmh,COMPLETED
2316,2026年09月25日_14时38分14秒_第001次,2026-09-25T14:38:14+08:00,2026-09-25T06:38:14Z,23.15,15.0880167445354,-0.000296100795889433,3.01338166757056,95.4330002256269,7.57204955532554,96.4780107922198,0,0.851558583130143,0.0206416786631838,-0.428701587151173,MV-202-15,sine_steer_python_15kmh,COMPLETED
2317,2026年09月25日_14时38分14秒_第001次,2026-09-25T14:38:14+08:00,2026-09-25T06:38:14Z,23.16,15.0880972135484,0.000391641682125201,2.94490555129224,95.4743767942201,7.57872316691299,96.519300592888,0,0.828751161986567,0.0200929540686943,-0.417042481855437,MV-202-15,sine_steer_python_15kmh,COMPLETED
2318,2026年09月25日_14时38分14秒_第001次,2026-09-25T14:38:14+08:00,2026-09-25T06:38:14Z,23.17,15.0881769991852,0.00107920541602182,2.87596090172517,95.5157502855324,7.58541721677262,96.5605890480982,0,0.805812871427326,0.0195410583969869,-0.405317606490009,MV-202-15,sine_steer_python_15kmh,COMPLETED
2319,2026年09月25日_14时38分14秒_第001次,2026-09-25T14:38:14+08:00,2026-09-25T06:38:14Z,23.18,15.0882560541065,0.00176647063982682,2.80655847880125,95.5571207698362,7.59213119607598,96.6018762608249,0,0.782747333674407,0.0189860789725918,-0.393528805603425,MV-202-15,sine_steer_python_15kmh,COMPLETED
2320,2026年09月25日_14时38分14秒_第001次,2026-09-25T14:38:14+08:00,2026-09-25T06:38:14Z,23.19,15.088334328469,0.00245331731019345,2.73670913938689,95.5984883185226,7.59886459289824,96.6431623345514,0,0.759558191043599,0.0184281036129609,-0.381677933451603,MV-202-15,sine_steer_python_15kmh,COMPLETED
2321,2026年09月25日_14时38分14秒_第001次,2026-09-25T14:38:14+08:00,2026-09-25T06:38:14Z,23.2,15.0884117713197,0.0031396247274471,2.66642382626072,95.6398530040695,7.60561689229577,96.6844473732208,0,0.736249105369361,0.0178672206203279,-0.369766853410358,MV-202-15,sine_steer_python_15kmh,COMPLETED
2322,2026年09月25日_14时38分14秒_第001次,2026-09-25T14:38:14+08:00,2026-09-25T06:38:14Z,23.21,15.0884883332016,0.00382527138822359,2.59571354013931,95.6812149000163,7.61238757638435,96.725731481193,0,0.712823757426501,0.0173035187702271,-0.357797437498678,MV-202-15,sine_steer_python_15kmh,COMPLETED
2323,2026年09月25日_14时38分14秒_第001次,2026-09-25T14:38:14+08:00,2026-09-25T06:38:14Z,23.22,15.0885639665427,0.0045101349790307,2.52458933388656,95.7225740809416,7.61917612441811,96.7670147632083,0,0.689285846349042,0.0167370872979483,-0.345771566058321,MV-202-15,sine_steer_python_15kmh,COMPLETED
2324,2026年09月25日_14时38分14秒_第001次,2026-09-25T14:38:14+08:00,2026-09-25T06:38:14Z,23.23,15.0886386244523,0.00519409235073438,2.45306232355533,95.7639306224396,7.62598201286839,96.8082973243471,0,0.665639089045976,0.0161680158851921,-0.333691127463466,MV-202-15,sine_steer_python_15kmh,COMPLETED
2325,2026年09月25日_14时38分14秒_第001次,2026-09-25T14:38:14+08:00,2026-09-25T06:38:14Z,23.24,15.0887122603549,0.00587701952025198,2.38114368788214,95.8052846010925,7.63280471550287,96.8495792699876,0,0.641887219614416,0.0155963946462774,-0.321558017818271,MV-202-15,sine_steer_python_15kmh,COMPLETED
2326,2026年09月25日_14时38分14秒_第001次,2026-09-25T14:38:14+08:00,2026-09-25T06:38:14Z,23.25,15.0887848282997,0.00655879185821536,2.30884466233896,95.8466360944428,7.63964370346515,96.8908607057629,0,0.618033988749894,0.0150223141116225,-0.30937414074746,MV-202-15,sine_steer_python_15kmh,COMPLETED
2327,2026年09月25日_14时38分14秒_第001次,2026-09-25T14:38:14+08:00,2026-09-25T06:38:14Z,23.26,15.0888562832546,0.00723928451824562,2.23617653729407,95.8879851809663,7.64649844535477,96.9321417375189,0,0.59408316315407,0.0144458652076898,-0.297141407334904,MV-202-15,sine_steer_python_15kmh,COMPLETED
2328,2026年09月25日_14时38分14秒_第001次,2026-09-25T14:38:14+08:00,2026-09-25T06:38:14Z,23.27,15.0889265811431,0.00791837309529898,2.16315066052713,95.9293319400441,7.65336840730816,96.9734224712723,0,0.570038524939954,0.0138671392335446,-0.284861736209129,MV-202-15,sine_steer_python_15kmh,COMPLETED
2329,2026年09月25日_14时38分14秒_第001次,2026-09-25T14:38:14+08:00,2026-09-25T06:38:14Z,23.28,15.0889956787684,0.00859593446704245,2.08977844089162,95.9706764519347,7.6602530530804,97.0147030131686,0,0.545903871034647,0.0132862278346626,-0.272537053744286,MV-202-15,sine_steer_python_15kmh,COMPLETED
2330,2026年09月25日_14时38分14秒_第001次,2026-09-25T14:38:14+08:00,2026-09-25T06:38:14Z,23.29,15.0890635334803,0.00927184767314091,2.01607135561577,96.0120187977443,7.66715184412798,97.0559834694375,0,0.521683012579799,0.0127032229760408,-0.26016929429203,MV-202-15,sine_steer_python_15kmh,COMPLETED
2331,2026年09月25日_14时38分14秒_第001次,2026-09-25T14:38:14+08:00,2026-09-25T06:38:14Z,23.3,15.0891301036848,0.00994599469480224,1.94204095023727,96.0533590593967,7.67406423969273,97.0972639463498,0,0.497379774329709,0.0121182169165758,-0.247760400338341,MV-202-15,sine_steer_python_15kmh,COMPLETED
2332,2026年09月25日_14时38分14秒_第001次,2026-09-25T14:38:14+08:00,2026-09-25T06:38:14Z,23.31,15.0891953492854,0.0106182612433773,1.86769884630216,96.0946973196046,7.68098969688689,97.1385445501749,0,0.472997994047457,0.0115313021831728,-0.235312322672957,MV-202-15,sine_steer_python_15kmh,COMPLETED
2333,2026年09月25日_14时38分14秒_第001次,2026-09-25T14:38:14+08:00,2026-09-25T06:38:14Z,23.32,15.0892592313851,0.0112885385360592,1.79305676241088,96.1360336618395,7.68792767077981,97.1798253871371,0,0.448541521898765,0.0109425715305976,-0.222827021174263,MV-202-15,sine_steer_python_15kmh,COMPLETED
2334,2026年09月25日_14时38分14秒_第001次,2026-09-25T14:38:14+08:00,2026-09-25T06:38:14Z,23.33,15.0893217120561,0.0119567283837591,1.71812653147238,96.1773681703006,7.69487761448805,97.2211065633706,0,0.424014219844106,0.0103521178537262,-0.210306467603376,MV-202-15,sine_steer_python_15kmh,COMPLETED
2335,2026年09月25日_14时38分14秒_第001次,2026-09-25T14:38:14+08:00,2026-09-25T06:38:14Z,23.34,15.0893827531054,0.0126227524202316,1.64292011509463,96.2187009298798,7.70183897927158,97.2623881848701,0,0.39941996102882,0.00976003403994383,-0.197752650942433,MV-202-15,sine_steer_python_15kmh,COMPLETED
2336,2026年09月25日_14时38分14秒_第001次,2026-09-25T14:38:14+08:00,2026-09-25T06:38:14Z,23.35,15.0894423141219,0.013286559159415,1.56744960034385,96.260032026121,7.70881121463636,97.3036703574364,0,0.374762629171449,0.00916641285145901,-0.185167581467673,MV-202-15,sine_steer_python_15kmh,COMPLETED
2337,2026年09月25日_14时38分14秒_第001次,2026-09-25T14:38:14+08:00,2026-09-25T06:38:14Z,23.36,15.0895003524152,0.0139481189345522,1.49172717403327,96.3013615451744,7.71579376843747,97.3449531866171,0,0.350046117950554,0.00857134697998806,-0.172553287488847,MV-202-15,sine_steer_python_15kmh,COMPLETED
2338,2026年09月25日_14时38分14秒_第001次,2026-09-25T14:38:14+08:00,2026-09-25T06:38:14Z,23.37,15.08955682583,0.0146074076308769,1.41576509552919,96.342689573757,7.72278608697466,97.3862367776557,0,0.32527433038977,0.00797492926220137,-0.15991180524612,MV-202-15,sine_steer_python_15kmh,COMPLETED
2339,2026年09月25日_14时38分14秒_第001次,2026-09-25T14:38:14+08:00,2026-09-25T06:38:14Z,23.38,15.0896116952362,0.0152643906863959,1.33957567526264,96.3840161991225,7.72978761507749,97.4275212354512,0,0.300451178241519,0.00737725289322701,-0.147245168907119,MV-202-15,sine_steer_python_15kmh,COMPLETED
2340,2026年09月25日_14时38分14秒_第001次,2026-09-25T14:38:14+08:00,2026-09-25T06:38:14Z,23.39,15.0896649244854,0.0159190144133332,1.26317125186186,96.4253415090358,7.73679779618224,97.4688066645248,0,0.275580581369275,0.00677841153735573,-0.13455540495368,MV-202-15,sine_steer_python_15kmh,COMPLETED
2341,2026年09月25日_14时38分14秒_第001次,2026-09-25T14:38:14+08:00,2026-09-25T06:38:14Z,23.4,15.0897164792808,0.016571203728622,1.18656417355367,96.4666655917457,7.74381607240456,97.5100931689843,0,0.250666467128602,0.00617849934811921,-0.121844530412515,MV-202-15,sine_steer_python_15kmh,COMPLETED
2342,2026年09月25日_14时38分14秒_第001次,2026-09-25T14:38:14+08:00,2026-09-25T06:38:14Z,23.41,15.0897663264255,0.0172208632109706,1.1097667932976,96.507988535955,7.75084188461105,97.551380852487,0,0.225712769746966,0.00557761094105162,-0.109114553076829,MV-202-15,sine_steer_python_15kmh,COMPLETED
2343,2026年09月25日_14时38分14秒_第001次,2026-09-25T14:38:14+08:00,2026-09-25T06:38:14Z,23.42,15.0898144338085,0.0178678794206762,1.0327914669596,96.5493104307883,7.75787467249189,97.5926698182002,0,0.200723429702427,0.00497584134824761,-0.0963674724866845,MV-202-15,sine_steer_python_15kmh,COMPLETED
2344,2026年09月25日_14时38分14秒_第001次,2026-09-25T14:38:14+08:00,2026-09-25T06:38:14Z,23.43,15.089860770945,0.0185121237193557,0.955650548845938,96.5906313657604,7.76491387463551,97.6339601687626,0,0.175702393101492,0.00437328596547967,-0.0836052812192758,MV-202-15,sine_steer_python_15kmh,COMPLETED
2345,2026年09月25日_14时38分14秒_第001次,2026-09-25T14:38:14+08:00,2026-09-25T06:38:14Z,23.44,15.0899053087748,0.0191534552263809,0.878356398087136,96.6319514307458,7.77195892860542,97.6752520062463,0,0.150653611055865,0.00377004049700203,-0.0708299662829952,MV-202-15,sine_steer_python_15kmh,COMPLETED
2346,2026年09月25日_14时38分14秒_第001次,2026-09-25T14:38:14+08:00,2026-09-25T06:38:14Z,23.45,15.0899480192983,0.0197917237054428,0.800921384156267,96.6732707159447,7.77900927101907,97.716545432117,0,0.125581039058628,0.00316620090099066,-0.0580435104834677,MV-202-15,sine_steer_python_15kmh,COMPLETED
2347,2026年09月25日_14时38分14秒_第001次,2026-09-25T14:38:14+08:00,2026-09-25T06:38:14Z,23.46,15.0899888756133,0.0204267723733288,0.723357883616333,96.7145893118496,7.78606433762871,97.7578405471934,0,0.100488636359542,0.00256186333573346,-0.0452478937529322,MV-202-15,sine_steer_python_15kmh,COMPLETED
2348,2026年09月25日_14时38分14秒_第001次,2026-09-25T14:38:14+08:00,2026-09-25T06:38:14Z,23.47,15.0900278520211,0.0210584406290667,0.645678276716988,96.7559073092107,7.79312356340421,97.7991374516077,0,0.0753803653398737,0.00195712410661587,-0.0324450944453665,MV-202-15,sine_steer_python_15kmh,COMPLETED
2349,2026年09月25日_14时38分14秒_第001次,2026-09-25T14:38:14+08:00,2026-09-25T06:38:14Z,23.48,15.0900649240555,0.0216865666440911,0.567894947768591,96.7972247990017,7.8001863826177,97.8404362447656,0,0.050260190886674,0.00135207961475777,-0.0196370905617514,MV-202-15,sine_steer_python_15kmh,COMPLETED
2350,2026年09月25日_14时38分14秒_第001次,2026-09-25T14:38:14+08:00,2026-09-25T06:38:14Z,23.49,15.0901000684823,0.0223109897585496,0.490020286198508,96.8385418723849,7.8072522289299,97.8817370253079,0,0.0251320797667059,0.000746826308107579,-0.00682586087110989,MV-202-15,sine_steer_python_15kmh,COMPLETED
2351,2026年09月25日_14时38分14秒_第001次,2026-09-25T14:38:14+08:00,2026-09-25T06:38:14Z,23.5,15.0901332632679,0.0229315526653398,0.412066685246002,96.8798586206755,7.81432053547817,97.9230398910712,0,2.20436423846524e-15,0.000141460635279028,0.0059866140850051,MV-202-15,sine_steer_python_15kmh,COMPLETED
2352,2026年09月25日_14时38分14秒_第001次,2026-09-25T14:38:14+08:00,2026-09-25T06:38:14Z,23.51,15.0901644875337,0.0235481033820694,0.33404654011854,96.9211751353066,7.82139073496583,97.9643449390495,0,-0.0251320797667086,-0.000463920997841455,0.0187983511055925,MV-202-15,sine_steer_python_15kmh,COMPLETED
2353,2026年09月25日_14时38分14秒_第001次,2026-09-25T14:38:14+08:00,2026-09-25T06:38:14Z,23.52,15.0901937217188,0.0241604969747798,0.255972249570738,96.9624915077925,7.82846225975287,98.0056522653559,0,-0.0502601908866696,-0.00106922226817371,0.0316073635834473,MV-202-15,sine_steer_python_15kmh,COMPLETED
2354,2026年09月25日_14时38分14秒_第001次,2026-09-25T14:38:14+08:00,2026-09-25T06:38:14Z,23.53,15.0902209477075,0.0247685969695789,0.177856215592766,97.0038078296933,7.83553454194801,98.0469619651858,0,-0.0753803653398693,-0.00167434697126745,0.0444116609377433,MV-202-15,sine_steer_python_15kmh,COMPLETED
2355,2026年09月25日_14时38分14秒_第001次,2026-09-25T14:38:14+08:00,2026-09-25T06:38:14Z,23.54,15.0902461486255,0.0253722764821541,0.0997108393499103,97.0451241925791,7.84260701350152,98.088274132779,0,-0.100488636359538,-0.00227919905325291,0.0572092482105813,MV-202-15,sine_steer_python_15kmh,COMPLETED
2356,2026年09月25日_14时38分14秒_第001次,2026-09-25T14:38:14+08:00,2026-09-25T06:38:14Z,23.55,15.0902693088136,0.025971419030052,0.0215485207639149,97.0864406879929,7.84967910629874,98.1295888613832,0,-0.125581039058624,-0.00288368263838937,0.0699981258500782,MV-202-15,sine_steer_python_15kmh,COMPLETED
2357,2026年09月25日_14时38分14秒_第001次,2026-09-25T14:38:14+08:00,2026-09-25T06:38:14Z,23.56,15.0902904138849,0.0265659189724338,-0.0566183404073032,97.1277574074146,7.85675025225417,98.1709062432159,0,-0.150653611055861,-0.00348770205137444,0.0827762897141797,MV-202-15,sine_steer_python_15kmh,COMPLETED
2358,2026年09月25日_14时38分14秒_第001次,2026-09-25T14:38:14+08:00,2026-09-25T06:38:14Z,23.57,15.0903094507659,0.027155681560124,-0.134777344899322,97.1690744422239,7.8638198834058,98.2122263694286,0,-0.175702393101487,-0.00409116183412589,0.0955417313076056,MV-202-15,sine_steer_python_15kmh,COMPLETED
2359,2026年09月25日_14时38分14秒_第001次,2026-09-25T14:38:14+08:00,2026-09-25T06:38:14Z,23.58,15.0903264075876,0.0277406226037312,-0.212916093663207,97.2103918836641,7.87088743200935,98.2535493300695,0,-0.200723429702429,-0.0046939667570967,0.108292438250223,MV-202-15,sine_steer_python_15kmh,COMPLETED
2360,2026年09月25日_14时38分14秒_第001次,2026-09-25T14:38:14+08:00,2026-09-25T06:38:14Z,23.59,15.0903412736128,0.0283206677575052,-0.291022188667862,97.251709822805,7.87795233063226,98.2948752140473,0,-0.225712769746961,-0.00529602182504528,0.121026394979582,MV-202-15,sine_steer_python_15kmh,COMPLETED
2361,2026年09月25日_14时38分14秒_第001次,2026-09-25T14:38:14+08:00,2026-09-25T06:38:14Z,23.6,15.0903540396753,0.0288957514916233,-0.369083239454901,97.2930283505068,7.88501401224687,98.336204109095,0,-0.250666467128612,-0.00589723227824896,0.133741583640582,MV-202-15,sine_steer_python_15kmh,COMPLETED
2362,2026年09月25日_14时38分14秒_第001次,2026-09-25T14:38:14+08:00,2026-09-25T06:38:14Z,23.61,15.0903646983005,0.0294658158308389,-0.447086861660263,97.3343475573852,7.89207191032309,98.3775361017374,0,-0.275580581369271,-0.00649750359023721,0.146435985122059,MV-202-15,sine_steer_python_15kmh,COMPLETED
2363,2026年09月25日_14时38分14秒_第001次,2026-09-25T14:38:14+08:00,2026-09-25T06:38:14Z,23.62,15.0903732432645,0.0300308087783234,-0.525020669861882,97.3756675337761,7.89912545891982,98.4188712772564,0,-0.300451178241514,-0.00709674146085691,0.159107580295549,MV-202-15,sine_steer_python_15kmh,COMPLETED
2364,2026年09月25日_14时38分14秒_第001次,2026-09-25T14:38:14+08:00,2026-09-25T06:38:14Z,23.63,15.0903796695679,0.0305906825560257,-0.602872280440341,97.4169883697002,7.90617409277517,98.4602097196583,0,-0.325274330389766,-0.00769485180650089,0.171754351369677,MV-202-15,sine_steer_python_15kmh,COMPLETED
2365,2026年09月25日_14时38分14秒_第001次,2026-09-25T14:38:14+08:00,2026-09-25T06:38:14Z,23.64,15.0903839735292,0.0311453918017331,-0.680629316083373,97.4583101548278,7.91321724739534,98.5015515116408,0,-0.350046117950549,-0.00829174074948804,0.184374283277614,MV-202-15,sine_steer_python_15kmh,COMPLETED
2366,2026年09月25日_14时38分14秒_第001次,2026-09-25T14:38:14+08:00,2026-09-25T06:38:14Z,23.65,15.0903861528196,0.0316948917829039,-0.758279406120476,97.4996329784443,7.92025435914207,98.5428967345627,0,-0.374762629171452,-0.00888731460743983,0.196965365063066,MV-202-15,sine_steer_python_15kmh,COMPLETED
2367,2026年09月25日_14时38分14秒_第001次,2026-09-25T14:38:14+08:00,2026-09-25T06:38:14Z,23.66,15.0903862064493,0.0322391366652215,-0.835810185196056,97.5409569294164,7.92728486531893,98.5842454684134,0,-0.399419961028815,-0.00948147988319786,0.209525591241993,MV-202-15,sine_steer_python_15kmh,COMPLETED
2368,2026年09月25日_14时38分14秒_第001次,2026-09-25T14:38:14+08:00,2026-09-25T06:38:14Z,23.67,15.0903841347454,0.0327780778992491,-0.913209293623066,97.582282096158,7.93430820425619,98.625597791784,0,-0.424014219844109,-0.0100741432561942,0.222052963101113,MV-202-15,sine_steer_python_15kmh,COMPLETED
2369,2026年09月25日_14时38分14秒_第001次,2026-09-25T14:38:14+08:00,2026-09-25T06:38:14Z,23.68,15.0903799393292,0.0333116627930591,-0.990464379016726,97.6236085665977,7.94132381539482,98.6669537818395,0,-0.448541521898761,-0.0106652115762534,0.234545489891317,MV-202-15,sine_steer_python_15kmh,COMPLETED
2370,2026年09月25日_14时38分14秒_第001次,2026-09-25T14:38:14+08:00,2026-09-25T06:38:14Z,23.69,15.0903736230942,0.0338398333126165,-1.06756309756212,97.6649364281453,7.94833113936933,98.7083135142911,0,-0.472997994047453,-0.011254591860445,0.247001189889818,MV-202-15,sine_steer_python_15kmh,COMPLETED
2371,2026年09月25日_14时38分14秒_第001次,2026-09-25T14:38:14+08:00,2026-09-25T06:38:14Z,23.7,15.09036519018,0.0343625251291318,-1.14449311475882,97.7062657676593,7.95532961808986,98.7496770633698,0,-0.497379774329705,-0.0118421912932854,0.259418091318233,MV-202-15,sine_steer_python_15kmh,COMPLETED
2372,2026年09月25日_14时38分14秒_第001次,2026-09-25T14:38:14+08:00,2026-09-25T06:38:14Z,23.71,15.0903546459395,0.0348796669279114,-1.22124210645214,97.7475966714143,7.96231869482376,98.7910445018006,0,-0.521683012579794,-0.0124279172305254,0.271794233106705,MV-202-15,sine_steer_python_15kmh,COMPLETED
2373,2026年09月25日_14时38分14秒_第001次,2026-09-25T14:38:14+08:00,2026-09-25T06:38:14Z,23.72,15.0903419968971,0.0353911799982316,-1.29779776050425,97.7889292250696,7.96929781427661,98.8324159007768,0,-0.545903871034643,-0.0130116772068258,0.284127665490845,MV-202-15,sine_steer_python_15kmh,COMPLETED
2374,2026年09月25日_14时38分14秒_第001次,2026-09-25T14:38:14+08:00,2026-09-25T06:38:14Z,23.73,15.0903272506963,0.0358969781298525,-1.37414777892627,97.8302635136364,7.97626642267316,98.8737913299354,0,-0.57003852493995,-0.0135933789477268,0.296416450424836,MV-202-15,sine_steer_python_15kmh,COMPLETED
2375,2026年09月25日_14时38分14秒_第001次,2026-09-25T14:38:14+08:00,2026-09-25T06:38:14Z,23.74,15.0903104160379,0.0363969678550171,-1.45027988044041,97.8715996214469,7.98322396783812,98.9151708573329,0,-0.594083163154073,-0.0141729303864909,0.308658661785441,MV-202-15,sine_steer_python_15kmh,COMPLETED
2376,2026年09月25日_14时38分14秒_第001次,2026-09-25T14:38:14+08:00,2026-09-25T06:38:14Z,23.75,15.0902915026116,0.0368910490977183,-1.52618180378423,97.912937632122,7.99016989927722,98.9565545494217,0,-0.618033988749889,-0.014750239686749,0.320852385327944,MV-202-15,sine_steer_python_15kmh,COMPLETED
2377,2026年09月25日_14时38分14秒_第001次,2026-09-25T14:38:14+08:00,2026-09-25T06:38:14Z,23.76,15.0902705210239,0.0373791163224586,-1.60184131218312,97.9542776285399,7.99710366825871,98.9979424710266,0,-0.641887219614419,-0.0153252152723111,0.332995718336016,MV-202-15,sine_steer_python_15kmh,COMPLETED
2378,2026年09月25日_14时38分14秒_第001次,2026-09-25T14:38:14+08:00,2026-09-25T06:38:14Z,23.77,15.0902474827359,0.0378610603016591,-1.6772461993528,97.9956196928049,8.00402472789573,99.0393346853227,0,-0.665639089045972,-0.0158977658658976,0.345086768890526,MV-202-15,sine_steer_python_15kmh,COMPLETED
2379,2026年09月25日_14时38分14秒_第001次,2026-09-25T14:38:14+08:00,2026-09-25T06:38:14Z,23.78,15.0902224000063,0.0383367706285304,-1.75238429713657,98.0369639062154,8.01093253322984,99.0807312538133,0,-0.689285846349038,-0.0164678005386843,0.357123654677596,MV-202-15,sine_steer_python_15kmh,COMPLETED
2380,2026年09月25日_14时38分14秒_第001次,2026-09-25T14:38:14+08:00,2026-09-25T06:38:14Z,23.79,15.0901952854916,0.0388061390493186,-1.82724348055107,98.078310349233,8.01782654131633,99.1221322363091,0,-0.712823757426497,-0.0170352287717934,0.3691045012968,MV-202-15,sine_steer_python_15kmh,COMPLETED
2381,2026年09月25日_14时38分14秒_第001次,2026-09-25T14:38:14+08:00,2026-09-25T06:38:14Z,23.8,15.0901661530188,0.0392690636173265,-1.90181169210673,98.1196591014491,8.02470621131157,99.1635376909068,0,-0.736249105369357,-0.0175999605298688,0.381027440023193,MV-202-15,sine_steer_python_15kmh,COMPLETED
2382,2026年09月25日_14时38分14秒_第001次,2026-09-25T14:38:14+08:00,2026-09-25T06:38:14Z,23.81,15.090135018104,0.0397254536131263,-1.97607695670418,98.161010241557,8.03157100456348,99.2049476739727,0,-0.759558191043595,-0.0181619063460263,0.392890605086846,MV-202-15,sine_steer_python_15kmh,COMPLETED
2383,2026年09月25日_14时38分14秒_第001次,2026-09-25T14:38:14+08:00,2026-09-25T06:38:14Z,23.82,15.0901018976547,0.0401752344354716,-2.05002738509307,98.2023638473219,8.03842038470447,99.2463622401271,0,-0.782747333674403,-0.0187209774069051,0.404692130966148,MV-202-15,sine_steer_python_15kmh,COMPLETED
2384,2026年09月25日_14时38分14秒_第001次,2026-09-25T14:38:14+08:00,2026-09-25T06:38:14Z,23.83,15.0900668102645,0.040618351723792,-2.12365118874498,98.2437199955522,8.0452538177472,99.2877814422289,0,-0.805812871427328,-0.0192770856272392,0.416430150103265,MV-202-15,sine_steer_python_15kmh,COMPLETED
2385,2026年09月25日_14时38分14秒_第001次,2026-09-25T14:38:14+08:00,2026-09-25T06:38:14Z,23.84,15.090029776678,0.0410547738481157,-2.1969366945874,98.2850787620712,8.05207077218169,99.3292053313626,0,-0.828751161986563,-0.0198301437015083,0.428102791578335,MV-202-15,sine_steer_python_15kmh,COMPLETED
2386,2026年09月25日_14时38分14秒_第001次,2026-09-25T14:38:14+08:00,2026-09-25T06:38:14Z,23.85,15.0899908200656,0.0414844919915164,-2.26987234780608,98.3264402216912,8.05887071907271,99.3706339568276,0,-0.851558583130145,-0.0203800651213944,0.439708181230102,MV-202-15,sine_steer_python_15kmh,COMPLETED
2387,2026年09月25日_14时38分14秒_第001次,2026-09-25T14:38:14+08:00,2026-09-25T06:38:14Z,23.86,15.0899499660051,0.0419075175092169,-2.34244670378308,98.3678044481883,8.06565313215541,99.412067366129,0,-0.874231533301864,-0.0209267641542367,0.451244443430719,MV-202-15,sine_steer_python_15kmh,COMPLETED
2388,2026年09月25日_14时38分14秒_第001次,2026-09-25T14:38:14+08:00,2026-09-25T06:38:14Z,23.87,15.0899072422205,0.0423238769496672,-2.41464841581219,98.4091715142777,8.07241748792777,99.4535056049688,0,-0.896766432180062,-0.0214701557876775,0.462709704295393,MV-202-15,sine_steer_python_15kmh,COMPLETED
2389,2026年09月25日_14时38分14秒_第001次,2026-09-25T14:38:14+08:00,2026-09-25T06:38:14Z,23.88,15.0898626781974,0.0427336056908941,-2.48646622211047,98.4505414915903,8.07916326573847,99.4949487172371,0,-0.919159721242971,-0.0220101556538425,0.474102095758869,MV-202-15,sine_steer_python_15kmh,COMPLETED
2390,2026年09月25日_14时38分14秒_第001次,2026-09-25T14:38:14+08:00,2026-09-25T06:38:14Z,23.89,15.0898163048029,0.0431367412860725,-2.55788893273216,98.4919144506481,8.08588994786972,99.5363967450034,0,-0.941407864330666,-0.0225466799485313,0.485419759859981,MV-202-15,sine_steer_python_15kmh,COMPLETED
2391,2026年09月25日_14时38分14秒_第001次,2026-09-25T14:38:14+08:00,2026-09-25T06:38:14Z,23.9,15.0897681539881,0.0435333173950349,-2.62890541742076,98.5332904608412,8.09259701961529,99.5778497285075,0,-0.963507348203436,-0.0230796453579151,0.496660852702205,MV-202-15,sine_steer_python_15kmh,COMPLETED
2392,2026年09月25日_14时38分14秒_第001次,2026-09-25T14:38:14+08:00,2026-09-25T06:38:14Z,23.91,15.0897182585953,0.0439233588206961,-2.69950459609667,98.5746695904043,8.09928396935449,99.6193077061516,0,-0.985454683096581,-0.0236089690002271,0.507823547771937,MV-202-15,sine_steer_python_15kmh,COMPLETED
2393,2026年09月25日_14时38分14秒_第001次,2026-09-25T14:38:14+08:00,2026-09-25T06:38:14Z,23.92,15.0896666522536,0.0443068778415936,-2.76967543273995,98.6160519063953,8.10595028862286,99.6607707144919,0,-1.00724640327152,-0.0241345683853096,0.518906038493272,MV-202-15,sine_steer_python_15kmh,COMPLETED
2394,2026年09月25日_14时38分14秒_第001次,2026-09-25T14:38:14+08:00,2026-09-25T06:38:14Z,23.93,15.0896133693349,0.044683871808251,-2.83940693219554,98.6574374746729,8.11259547218063,99.7022387882327,0,-1.02887906756301,-0.0246563613917018,0.529906540032714,MV-202-15,sine_steer_python_15kmh,COMPLETED
2395,2026年09月25日_14时38分14秒_第001次,2026-09-25T14:38:14+08:00,2026-09-25T06:38:14Z,23.94,15.089558444947,0.0450543218562266,-2.9086881391348,98.6988263598768,8.1192190180797,99.7437119602206,0,-1.05034925992259,-0.0251742662593212,0.540823290437294,MV-202-15,sine_steer_python_15kmh,COMPLETED
2396,2026年09月25日_14时38分14秒_第001次,2026-09-25T14:38:14+08:00,2026-09-25T06:38:14Z,23.95,15.0895019149445,0.045418192555169,-2.97750813873201,98.7402186254073,8.12582042772976,99.7851902614398,0,-1.07165358995799,-0.0256882015952744,0.551654551210114,MV-202-15,sine_steer_python_15kmh,COMPLETED
2397,2026年09月25日_14时38分14秒_第001次,2026-09-25T14:38:14+08:00,2026-09-25T06:38:14Z,23.96,15.0894438156539,0.0457754323046049,-3.04585605519039,98.7816143334064,8.13239920596432,99.8266737210097,0,-1.09278869346854,-0.0261980863902113,0.562398607446011,MV-202-15,sine_steer_python_15kmh,COMPLETED
2398,2026年09月25日_14时38分14秒_第001次,2026-09-25T14:38:14+08:00,2026-09-25T06:38:14Z,23.97,15.0893841841512,0.046125974348341,-3.11372106009772,98.8230135447384,8.13895486110674,99.8681623661815,0,-1.11375123297637,-0.0267038400434679,0.57305376756652,MV-202-15,sine_steer_python_15kmh,COMPLETED
2399,2026年09月25日_14时38分14秒_第001次,2026-09-25T14:38:14+08:00,2026-09-25T06:38:14Z,23.98,15.0893230590303,0.0464697383367779,-3.18109237839967,98.8644163189727,8.14548690503715,99.9096562223388,0,-1.13453789825351,-0.0272053823960645,0.583618362693395,MV-202-15,sine_steer_python_15kmh,COMPLETED
2400,2026年09月25日_14时38分14秒_第001次,2026-09-25T14:38:14+08:00,2026-09-25T06:38:14Z,23.99,15.0892604776691,0.0468066324853175,-3.24795931586966,98.9058227143674,8.15199485326008,99.951155312999,0,-1.15514540684453,-0.0277026337723067,0.594090745804119,MV-202-15,sine_steer_python_15kmh,COMPLETED
2401,2026年09月25日_14时38分14秒_第001次,2026-09-25T14:38:14+08:00,2026-09-25T06:38:14Z,24,15.0891964770853,0.0471365561301784,-3.31431124247829,98.9472327878429,8.15847822497103,99.9926596598051,0,-1.17557050458494,-0.0281955150272211,0.6044692904842,MV-202-15,sine_steer_python_15kmh,COMPLETED
2402,2026年09月25日_14时38分14秒_第001次,2026-09-25T14:38:14+08:00,2026-09-25T06:38:14Z,24.01,15.0891310995442,0.0474594014454583,-3.38013754043329,98.9886465949727,8.16493654312794,100.034169282535,0,-1.19580996611504,-0.0286839475821949,0.614752389948375,MV-202-15,sine_steer_python_15kmh,COMPLETED
2403,2026年09月25日_14时38分14秒_第001次,2026-09-25T14:38:14+08:00,2026-09-25T06:38:14Z,24.02,15.0890643900562,0.0477750556858528,-3.44542763882642,99.0300641899786,8.17136933452523,100.075684199114,0,-1.21586059538921,-0.0291678534682259,0.62493845608749,MV-202-15,sine_steer_python_15kmh,COMPLETED
2404,2026年09月25日_14时38分14秒_第001次,2026-09-25T14:38:14+08:00,2026-09-25T06:38:14Z,24.03,15.0889963916759,0.0480834041952165,-3.51017107235821,99.071485625712,8.17777612986592,100.117204425614,0,-1.23571922618067,-0.0296471553802783,0.635025918155536,MV-202-15,sine_steer_python_15kmh,COMPLETED
2405,2026年09月25日_14时38分14秒_第001次,2026-09-25T14:38:14+08:00,2026-09-25T06:38:14Z,24.04,15.0889271463473,0.0483843332829377,-3.57435747778443,99.1129109536313,8.18415646383381,100.158729976254,0,-1.2553827225814,-0.0301217767299895,0.645013221272102,MV-202-15,sine_steer_python_15kmh,COMPLETED
2406,2026年09月25日_14时38分14秒_第001次,2026-09-25T14:38:14+08:00,2026-09-25T06:38:14Z,24.05,15.0888566971774,0.0486777326451997,-3.63797657359133,99.1543402237858,8.19050987516823,100.200260863397,0,-1.27484797949738,-0.030591641692101,0.654898825109148,MV-202-15,sine_steer_python_15kmh,COMPLETED
2407,2026年09月25日_14时38分14秒_第001次,2026-09-25T14:38:14+08:00,2026-09-25T06:38:14Z,24.06,15.0887850890493,0.0489634974638877,-3.70101815850439,99.1957734848034,8.19683590674107,100.241797097563,0,-1.29411192313889,-0.03105667524645,0.664681202830917,MV-202-15,sine_steer_python_15kmh,COMPLETED
2408,2026年09月25日_14时38分14秒_第001次,2026-09-25T14:38:14+08:00,2026-09-25T06:38:14Z,24.07,15.0887123679199,0.0492415303206255,-3.76347212394114,99.2372107838791,8.20313410563452,100.283338687434,0,-1.31317151150591,-0.0315168032174487,0.674358840196786,MV-202-15,sine_steer_python_15kmh,COMPLETED
2409,2026年09月25日_14时38分14秒_第001次,2026-09-25T14:38:14+08:00,2026-09-25T06:38:14Z,24.08,15.0886385802115,0.0495117428592558,-3.82532846413768,99.2786521667619,8.20940402321907,100.324885639863,0,-1.3320237348685,-0.0319719523100779,0.683930234802724,MV-202-15,sine_steer_python_15kmh,COMPLETED
2410,2026年09月25日_14时38分14秒_第001次,2026-09-25T14:38:14+08:00,2026-09-25T06:38:14Z,24.09,15.0885637727893,0.0497740570615695,-3.88657727990471,99.3200976777415,8.21564521523162,100.366437959877,0,-1.35066561624205,-0.0324220501404238,0.693393895518011,MV-202-15,sine_steer_python_15kmh,COMPLETED
2411,2026年09月25日_14时38分14秒_第001次,2026-09-25T14:38:14+08:00,2026-09-25T06:38:14Z,24.1,15.0884879931677,0.050028406081593,-3.94720878065882,99.3615473596362,8.22185724185382,100.40799565069,0,-1.36909421185738,-0.032867025259936,0.702748342168144,MV-202-15,sine_steer_python_15kmh,COMPLETED
2412,2026年09月25日_14时38分14秒_第001次,2026-09-25T14:38:14+08:00,2026-09-25T06:38:14Z,24.11,15.0884112895758,0.0502747346628062,-4.00721328768966,99.4030012537825,8.22803966779014,100.449558713712,0,-1.38730661162561,-0.0333068071736947,0.711992105469959,MV-202-15,sine_steer_python_15kmh,COMPLETED
2413,2026年09月25日_14时38分14秒_第001次,2026-09-25T14:38:14+08:00,2026-09-25T06:38:14Z,24.12,15.0883337106648,0.0505129991593961,-4.06658123545929,99.4444594000247,8.23419206234532,100.491127148561,0,-1.4052999395977,-0.0337413263529443,0.72112372722083,MV-202-15,sine_steer_python_15kmh,COMPLETED
2414,2026年09月25日_14时38分14秒_第001次,2026-09-25T14:38:14+08:00,2026-09-25T06:38:14Z,24.13,15.0882553052683,0.050743167191993,-4.12530317481357,99.4859218367047,8.24031399950086,100.53270095307,0,-1.42307135441857,-0.0341705142422729,0.73014176070449,MV-202-15,sine_steer_python_15kmh,COMPLETED
2415,2026年09月25日_14时38分14秒_第001次,2026-09-25T14:38:14+08:00,2026-09-25T06:38:14Z,24.14,15.0881761232208,0.0509652170814415,-4.18336978739844,99.5273886006535,8.24640505799026,100.574280123306,0,-1.44061804977581,-0.0345943032634525,0.739044771172341,MV-202-15,sine_steer_python_15kmh,COMPLETED
2416,2026年09月25日_14时38分14秒_第001次,2026-09-25T14:38:14+08:00,2026-09-25T06:38:14Z,24.15,15.088096214829,0.0511791370208626,-4.24077187599279,99.5688597271847,8.252464821373,100.615864653583,0,-1.45793725484282,-0.0350126268153374,0.747831336555692,MV-202-15,sine_steer_python_15kmh,COMPLETED
2417,2026年09月25日_14时38分14秒_第001次,2026-09-25T14:38:14+08:00,2026-09-25T06:38:14Z,24.16,15.0880156304243,0.0513849239028695,-4.29750036040815,99.6103352500873,8.2584928781069,100.657454536475,0,-1.47502623471635,-0.035425419268604,0.756500048385496,MV-202-15,sine_steer_python_15kmh,COMPLETED
2418,2026年09月25日_14时38分14秒_第001次,2026-09-25T14:38:14+08:00,2026-09-25T06:38:14Z,24.17,15.0879344212059,0.0515825821083315,-4.35354629391254,99.6518152016189,8.26448882161882,100.699049762833,0,-1.49188229084836,-0.0358326159596681,0.765049512665873,MV-202-15,sine_steer_python_15kmh,COMPLETED
2419,2026年09月25日_14时38分14秒_第001次,2026-09-25T14:38:14+08:00,2026-09-25T06:38:14Z,24.18,15.0878526389164,0.0517721222440448,-4.40890085812978,99.6932996125028,8.27045225037356,100.740650321805,0,-1.50850276147221,-0.0362341531835928,0.773478350846393,MV-202-15,sine_steer_python_15kmh,COMPLETED
2420,2026年09月25日_14时38分14秒_第001次,2026-09-25T14:38:14+08:00,2026-09-25T06:38:14Z,24.19,15.0877703353415,0.0519535597253627,-4.46355535875136,99.7347885119234,8.27638276794102,100.782256200849,0,-1.5248850220229,-0.0366299681844933,0.781785200903243,MV-202-15,sine_steer_python_15kmh,COMPLETED
2421,2026年09月25日_14时38分14秒_第001次,2026-09-25T14:38:14+08:00,2026-09-25T06:38:14Z,24.2,15.0876875622865,0.0521269133575757,-4.5175012268926,99.7762819275222,8.28227998306124,100.823867385753,0,-1.54102648555158,-0.0370199991456179,0.789968718398853,MV-202-15,sine_steer_python_15kmh,COMPLETED
2422,2026年09月25日_14时38分14秒_第001次,2026-09-25T14:38:14+08:00,2026-09-25T06:38:14Z,24.21,15.0876043720626,0.0522922039781568,-4.57073001761818,99.817779885395,8.2881435097079,100.865483860656,0,-1.55692460313405,-0.037404185179992,0.79802757747819,MV-202-15,sine_steer_python_15kmh,COMPLETED
2423,2026年09月25日_14时38分14秒_第001次,2026-09-25T14:38:14+08:00,2026-09-25T06:38:14Z,24.22,15.0875208174521,0.052449453129658,-4.62323341355777,99.859282410092,8.29397296715025,100.907105608065,0,-1.57257686427323,-0.0377824663211955,0.805960471880137,MV-202-15,sine_steer_python_15kmh,COMPLETED
2424,2026年09月25日_14时38分14秒_第001次,2026-09-25T14:38:14+08:00,2026-09-25T06:38:14Z,24.23,15.0874369513543,0.0525986818539961,-4.67500322820703,99.9007895246177,8.29976798001295,100.948732608878,0,-1.58798079729567,-0.038154783515579,0.813766115898744,MV-202-15,sine_steer_python_15kmh,COMPLETED
2425,2026年09月25日_14时38分14秒_第001次,2026-09-25T14:38:14+08:00,2026-09-25T06:38:14Z,24.24,15.0873528267544,0.0527399096125653,-4.72603140284976,99.9423012504304,8.30552817833424,100.990364842406,0,-1.60313396974175,-0.0385210786159876,0.821443245252536,MV-202-15,sine_steer_python_15kmh,COMPLETED
2426,2026年09月25日_14时38分14秒_第001次,2026-09-25T14:38:14+08:00,2026-09-25T06:38:14Z,24.25,15.0872684967584,0.0528731533171444,-4.77631000391423,99.9838176074446,8.31125319762266,101.032002286397,0,-1.6180339887499,-0.0388812943767974,0.828990617885097,MV-202-15,sine_steer_python_15kmh,COMPLETED
2427,2026年09月25日_14时38分14秒_第001次,2026-09-25T14:38:14+08:00,2026-09-25T06:38:14Z,24.26,15.0871840145709,0.0529984265079277,-4.82583122359824,100.025338614032,8.31694267891228,101.073644917056,0,-1.63267850143437,-0.0392353744507927,0.836407014681746,MV-202-15,sine_steer_python_15kmh,COMPLETED
2428,2026年09月25日_14时38分14秒_第001次,2026-09-25T14:38:14+08:00,2026-09-25T06:38:14Z,24.27,15.0870994334517,0.0531157387146906,-4.87458738106022,100.066864287027,8.32259626881657,101.115292709075,0,-1.64706519525685,-0.0395832633884137,0.843691240077718,MV-202-15,sine_steer_python_15kmh,COMPLETED
2429,2026年09月25日_14时38分14秒_第001次,2026-09-25T14:38:14+08:00,2026-09-25T06:38:14Z,24.28,15.0870148066854,0.0532250950063594,-4.92257092210982,100.108394641726,8.32821361958092,101.156945635651,0,-1.66119179839163,-0.0399249066394724,0.850842122551627,MV-202-15,sine_steer_python_15kmh,COMPLETED
2430,2026年09月25日_14时38分14秒_第001次,2026-09-25T14:38:14+08:00,2026-09-25T06:38:14Z,24.29,15.0869301875553,0.0533264957227003,-4.96977441823466,100.149929691898,8.33379438913414,101.19860366852,0,-1.67505608008428,-0.0402602505572671,0.857858515007563,MV-202-15,sine_steer_python_15kmh,COMPLETED
2431,2026年09月25日_14时38分14秒_第001次,2026-09-25T14:38:14+08:00,2026-09-25T06:38:14Z,24.3,15.0868456293099,0.0534199363887159,-5.01619056623165,100.191469449785,8.33933824113888,101.240266777977,0,-1.68865585100403,-0.040589242405124,0.864739295045175,MV-202-15,sine_steer_python_15kmh,COMPLETED
2432,2026年09月25日_14时38分14秒_第001次,2026-09-25T14:38:14+08:00,2026-09-25T06:38:14Z,24.31,15.0867611850609,0.053505407811472,-5.06181218925256,100.233013926111,8.34484484504125,101.281934932905,0,-1.70198896358939,-0.0409118303653808,0.871483365121072,MV-202-15,sine_steer_python_15kmh,COMPLETED
2433,2026年09月25日_14时38分14秒_第001次,2026-09-25T14:38:14+08:00,2026-09-25T06:38:14Z,24.32,15.0866769074462,0.0535828963533638,-5.10663224026176,100.274563130088,8.35031387611956,101.323608100804,0,-1.7150533123873,-0.0412279635507498,0.878089652615463,MV-202-15,sine_steer_python_15kmh,COMPLETED
2434,2026年09月25日_14时38分14秒_第001次,2026-09-25T14:38:14+08:00,2026-09-25T06:38:14Z,24.33,15.0865928494181,0.0536523844100691,-5.15064379062273,100.316117069421,8.3557450155324,101.365286247816,0,-1.72784683438567,-0.0415375920184824,0.884557109696106,MV-202-15,sine_steer_python_15kmh,COMPLETED
2435,2026年09月25日_14时38分14秒_第001次,2026-09-25T14:38:14+08:00,2026-09-25T06:38:14Z,24.34,15.0865090641324,0.053713850896627,-5.1938400345447,100.35767575032,8.36113795036684,101.406969338754,0,-1.74036750933905,-0.0418406667845456,0.890884713229478,MV-202-15,sine_steer_python_15kmh,COMPLETED
2436,2026年09月25日_14时38分14秒_第001次,2026-09-25T14:38:14+08:00,2026-09-25T06:38:14Z,24.35,15.0864256044081,0.0537672719055787,-5.2362142982498,100.399239177506,8.36649237368572,101.448657337134,0,-1.75261336008773,-0.0421371398401594,0.897071464611451,MV-202-15,sine_steer_python_15kmh,COMPLETED
2437,2026年09月25日_14时38分14秒_第001次,2026-09-25T14:38:14+08:00,2026-09-25T06:38:14Z,24.36,15.0863425221009,0.0538126214133568,-5.27776003008889,100.440807354224,8.37180798457432,101.490350205201,0,-1.76458245286991,-0.0424269641689381,0.903116389569226,MV-202-15,sine_steer_python_15kmh,COMPLETED
2438,2026年09月25日_14时38分14秒_第001次,2026-09-25T14:38:14+08:00,2026-09-25T06:38:14Z,24.37,15.0862598689248,0.0538498721015907,-5.31847080991731,100.482380282247,8.37708448818688,101.532047903957,0,-1.77627289762709,-0.0427100937655976,0.909018537789131,MV-202-15,sine_steer_python_15kmh,COMPLETED
2439,2026年09月25日_14时38分14秒_第001次,2026-09-25T14:38:14+08:00,2026-09-25T06:38:14Z,24.38,15.0861776972364,0.0538789963026303,-5.35834035663094,100.52395796189,8.38232159579297,101.573750393195,0,-1.78768284830253,-0.042986483656372,0.914776982461775,MV-202-15,sine_steer_python_15kmh,COMPLETED
2440,2026年09月25日_14时38分14秒_第001次,2026-09-25T14:38:14+08:00,2026-09-25T06:38:14Z,24.39,15.08609605892,0.0538999667907722,-5.39736251904386,100.565540392023,8.38751902482361,101.615457631529,0,-1.79881050313274,-0.043256089917172,0.920390820042037,MV-202-15,sine_steer_python_15kmh,COMPLETED
2441,2026年09月25日_14时38分14秒_第001次,2026-09-25T14:38:14+08:00,2026-09-25T06:38:14Z,24.4,15.0860150046234,0.0539127574513237,-5.43553127509082,100.60712757008,8.39267649891653,101.657169576424,0,-1.80965410493204,-0.0435188696899245,0.925859170053817,MV-202-15,sine_steer_python_15kmh,COMPLETED
2442,2026年09月25日_14时38分14秒_第001次,2026-09-25T14:38:14+08:00,2026-09-25T06:38:14Z,24.41,15.0859345857106,0.0539173439573477,-5.47284071475383,100.648719492073,8.39779374796153,101.698886184228,0,-1.82021194136999,-0.0437747811989357,0.931181174693996,MV-202-15,sine_steer_python_15kmh,COMPLETED
2443,2026年09月25日_14时38分14秒_第001次,2026-09-25T14:38:14+08:00,2026-09-25T06:38:14Z,24.42,15.0858548533552,0.0539137042021707,-5.50928506521376,100.690316152605,8.40287050814589,101.740607410204,0,-1.83048234524184,-0.0440237837636746,0.936355998774257,MV-202-15,sine_steer_python_15kmh,COMPLETED
2444,2026年09月25日_14时38分14秒_第001次,2026-09-25T14:38:14+08:00,2026-09-25T06:38:14Z,24.43,15.0857758579193,0.0539018188387801,-5.54485870139902,100.731917544885,8.40790652199813,101.782333208563,0,-1.84046369473174,-0.0442658378129671,0.94138282957434,MV-202-15,sine_steer_python_15kmh,COMPLETED
2445,2026年09月25日_14时38分14秒_第001次,2026-09-25T14:38:14+08:00,2026-09-25T06:38:14Z,24.44,15.0856976491999,0.0538816717307262,-5.57955613461493,100.77352366074,8.41290153843104,101.824063532498,0,-1.85015441366892,-0.0445009048978206,0.946260876681763,MV-202-15,sine_steer_python_15kmh,COMPLETED
2446,2026年09月25日_14时38分14秒_第001次,2026-09-25T14:38:14+08:00,2026-09-25T06:38:14Z,24.45,15.0856202765357,0.053853250181845,-5.6133720062527,100.815134490631,8.41785531278439,101.865798334212,0,-1.8595529717765,-0.0447289477009673,0.950989371968679,MV-202-15,sine_steer_python_15kmh,COMPLETED
2447,2026年09月25日_14时38分14秒_第001次,2026-09-25T14:38:14+08:00,2026-09-25T06:38:14Z,24.46,15.0855437886909,0.0538165450402883,-5.64630109319394,100.856750023669,8.42276760686689,101.907537564956,0,-1.86865788491322,-0.0449499300444689,0.955567569655654,MV-202-15,sine_steer_python_15kmh,COMPLETED
2448,2026年09月25日_14时38分14秒_第001次,2026-09-25T14:38:14+08:00,2026-09-25T06:38:14Z,24.47,15.0854682338055,0.0537715507594575,-5.67833831345757,100.898370247627,8.42763818899697,101.949281175058,0,-1.87746771530775,-0.0451638168965441,0.959994746392432,MV-202-15,sine_steer_python_15kmh,COMPLETED
2449,2026年09月25日_14时38分14秒_第001次,2026-09-25T14:38:14+08:00,2026-09-25T06:38:14Z,24.48,15.0853936594368,0.0537182653931743,-5.70947872628795,100.939995148961,8.43246683404254,101.99102911396,0,-1.88598107178573,-0.0453705743772903,0.964270201367798,MV-202-15,sine_steer_python_15kmh,COMPLETED
2450,2026年09月25日_14时38分14秒_第001次,2026-09-25T14:38:14+08:00,2026-09-25T06:38:14Z,24.49,15.0853201125585,0.0536566904920881,-5.73971753067834,100.981624712825,8.43725332345971,102.032781330251,0,-1.89419660998949,-0.0455701697628188,0.968393256478175,MV-202-15,sine_steer_python_15kmh,COMPLETED
2451,2026年09月25日_14时38分14秒_第001次,2026-09-25T14:38:14+08:00,2026-09-25T06:38:14Z,24.5,15.0852476395006,0.0535868309176052,-5.76905006606304,101.023258923089,8.4419974453305,102.074537771698,0,-1.90211303259031,-0.0457625714880248,0.972363256547086,MV-202-15,sine_steer_python_15kmh,COMPLETED
2452,2026年09月25日_14时38分14秒_第001次,2026-09-25T14:38:14+08:00,2026-09-25T06:38:14Z,24.51,15.0851762854619,0.053508694601588,-5.79747181888623,101.064897762354,8.44669899439905,102.116298385286,0,-1.90972908949329,-0.0459477491483834,0.976179569605915,MV-202-15,sine_steer_python_15kmh,COMPLETED
2453,2026年09月25日_14时38分14秒_第001次,2026-09-25T14:38:14+08:00,2026-09-25T06:38:14Z,24.52,15.085106094926,0.0534222923115168,-5.82497841701331,101.106541211976,8.45135777210677,102.158063117247,0,-1.91704357803475,-0.0461256735016201,0.979841587102453,MV-202-15,sine_steer_python_15kmh,COMPLETED
2454,2026年09月25日_14时38分14秒_第001次,2026-09-25T14:38:14+08:00,2026-09-25T06:38:14Z,24.53,15.0850371124476,0.0533276373267951,-5.85156562202126,101.148189252082,8.45597358662651,102.199831913096,0,-1.92405534317217,-0.0462963164679061,0.983348724132159,MV-202-15,sine_steer_python_15kmh,COMPLETED
2455,2026年09月25日_14时38分14秒_第001次,2026-09-25T14:38:14+08:00,2026-09-25T06:38:14Z,24.54,15.0849693817555,0.0532247450154874,-5.8772293446149,101.189841861591,8.46054625289553,102.241604717672,0,-1.93076327766655,-0.0464596511284134,0.986700419851294,MV-202-15,sine_steer_python_15kmh,COMPLETED
2456,2026年09月25日_14时38分14秒_第001次,2026-09-25T14:38:14+08:00,2026-09-25T06:38:14Z,24.55,15.0849029455402,0.0531136325197747,-5.90196564696275,101.231499018235,8.46507559264654,102.283381475168,0,-1.93716632225726,-0.0466156517251971,0.989896137772657,MV-202-15,sine_steer_python_15kmh,COMPLETED
2457,2026年09月25日_14时38分14秒_第001次,2026-09-25T14:38:14+08:00,2026-09-25T06:38:14Z,24.56,15.084837845643,0.0529943184297832,-5.92577073611354,101.273160698583,8.46956143443754,102.325162129167,0,-1.94326346582935,-0.0467642936606943,0.992935366035904,MV-202-15,sine_steer_python_15kmh,COMPLETED
2458,2026年09月25日_14时38分14秒_第001次,2026-09-25T14:38:14+08:00,2026-09-25T06:38:14Z,24.57,15.0847741230852,0.0528668224090808,-5.94864096226672,101.314826878055,8.47400361368055,102.366946622683,0,-1.94905374557315,-0.0469055534963141,0.995817617716333,MV-202-15,sine_steer_python_15kmh,COMPLETED
2459,2026年09月25日_14时38分14秒_第001次,2026-09-25T14:38:14+08:00,2026-09-25T06:38:14Z,24.58,15.0847118179854,0.0527311648402353,-5.97057282217343,101.356497530949,8.47840197266897,102.408734898186,0,-1.95453624713639,-0.0470394089510902,0.998542431127572,MV-202-15,sine_steer_python_15kmh,COMPLETED
2460,2026年09月25日_14时38分14秒_第001次,2026-09-25T14:38:14+08:00,2026-09-25T06:38:14Z,24.59,15.0846509695339,0.0525873665286453,-5.99156296129358,101.398172630464,8.48275636060351,102.450526897648,0,-1.95971010476849,-0.0471658389009436,1.00110937008246,MV-202-15,sine_steer_python_15kmh,COMPLETED
2461,2026年09月25日_14时38分14秒_第001次,2026-09-25T14:38:14+08:00,2026-09-25T06:38:14Z,24.6,15.0845916160048,0.0524354484513998,-6.01160817320305,101.43985214872,8.48706663361679,102.492322562573,0,-1.96457450145738,-0.0472848233783726,1.00351802412098,MV-202-15,sine_steer_python_15kmh,COMPLETED
2462,2026年09月25日_14时38分14秒_第001次,2026-09-25T14:38:14+08:00,2026-09-25T06:38:14Z,24.61,15.0845337947408,0.0522754315425773,-6.03070539887012,101.481536056781,8.49133265479673,102.534121834035,0,-1.96912866905841,-0.0473963435724522,1.00576800871531,MV-202-15,sine_steer_python_15kmh,COMPLETED
2463,2026年09月25日_14时38分14秒_第001次,2026-09-25T14:38:14+08:00,2026-09-25T06:38:14Z,24.62,15.0844775421123,0.0521073365290314,-6.04885172714626,101.523224324682,8.49555429420868,102.57592465271,0,-1.97337188841574,-0.0475003818293484,1.00785896544301,MV-202-15,sine_steer_python_15kmh,COMPLETED
2464,2026年09月25日_14时38分14秒_第001次,2026-09-25T14:38:14+08:00,2026-09-25T06:38:14Z,24.63,15.0844228934904,0.051931183830007,-6.06604439560119,101.56491692145,8.49973142891633,102.617730958919,0,-1.97730348947583,-0.0475969216535409,1.00979056211726,MV-202-15,sine_steer_python_15kmh,COMPLETED
2465,2026年09月25日_14时38分14秒_第001次,2026-09-25T14:38:14+08:00,2026-09-25T06:38:14Z,24.64,15.0843698832347,0.0517469935195208,-6.08228079088032,101.606613815128,8.50386394300141,102.659540692655,0,-1.9809228513933,-0.0476859477097502,1.011562492874,MV-202-15,sine_steer_python_15kmh,COMPLETED
2466,2026年09月25日_14时38分14秒_第001次,2026-09-25T14:38:14+08:00,2026-09-25T06:38:14Z,24.65,15.0843185446797,0.0515547853440358,-6.09755844876306,101.648314972803,8.5079517275823,102.701353793625,0,-1.98422940262896,-0.0477674458254658,1.01317447822182,MV-202-15,sine_steer_python_15kmh,COMPLETED
2467,2026年09月25日_14时38分14秒_第001次,2026-09-25T14:38:14+08:00,2026-09-25T06:38:14Z,24.66,15.0842689101125,0.0513545787904551,-6.1118750543565,101.690020360627,8.51199468083155,102.743170201281,0,-1.98722262104002,-0.0478414029940118,1.01462626505749,MV-202-15,sine_steer_python_15kmh,COMPLETED
2468,2026年09月25日_14时38分14秒_第001次,2026-09-25T14:38:14+08:00,2026-09-25T06:38:14Z,24.67,15.0842210107488,0.0511463932009666,-6.12522844244373,101.731729943847,8.51599270799231,102.784989854858,0,-1.9899020339626,-0.0479078073781066,1.0159176266487,MV-202-15,sine_steer_python_15kmh,COMPLETED
2469,2026年09月25日_14时38分14秒_第001次,2026-09-25T14:38:14+08:00,2026-09-25T06:38:14Z,24.68,15.0841748767128,0.0509302479286952,-6.13761659780117,101.773443686824,8.51994572139373,102.826812693408,0,-1.99226721828634,-0.047966648313835,1.01704836258685,MV-202-15,sine_steer_python_15kmh,COMPLETED
2470,2026年09月25日_14时38分14秒_第001次,2026-09-25T14:38:14+08:00,2026-09-25T06:38:14Z,24.69,15.0841305370193,0.0507061625254166,-6.14903765541821,101.815161553067,8.52385364046539,102.868638655837,0,-1.99431780052123,-0.0480179163149112,1.01801829871517,MV-202-15,sine_steer_python_15kmh,COMPLETED
2471,2026年09月25日_14时38分14秒_第001次,2026-09-25T14:38:14+08:00,2026-09-25T06:38:14Z,24.7,15.084088020155,0.0504743887135176,-6.15948927920261,101.856883505234,8.52771639194471,102.9104676809,0,-1.99605345685654,-0.0480616063903304,1.01882714677577,MV-202-15,sine_steer_python_15kmh,COMPLETED
2472,2026年09月25日_14时38分14秒_第001次,2026-09-25T14:38:14+08:00,2026-09-25T06:38:14Z,24.71,15.0840473489754,0.0502349787292745,-6.1689719850027,101.89860950521,8.53153390934385,102.952299707333,0,-1.99747391321203,-0.0480977119021119,1.01947476482607,MV-202-15,sine_steer_python_15kmh,COMPLETED
2473,2026年09月25日_14时38分14秒_第001次,2026-09-25T14:38:14+08:00,2026-09-25T06:38:14Z,24.72,15.0840085554708,0.0499877835950771,-6.1774811201532,101.940339514033,8.5353061340711,102.99413467375,0,-1.99857894528118,-0.0481262245180524,1.0199611581705,MV-202-15,sine_steer_python_15kmh,COMPLETED
2474,2026年09月25日_14时38分14秒_第001次,2026-09-25T14:38:14+08:00,2026-09-25T06:38:14Z,24.73,15.0839716588491,0.0497328296349717,-6.18501845615328,101.982073492088,8.53903301371853,103.035972518843,0,-1.9993683785666,-0.0481471395713967,1.02028625428685,MV-202-15,sine_steer_python_15kmh,COMPLETED
2475,2026年09月25日_14时38分14秒_第001次,2026-09-25T14:38:14+08:00,2026-09-25T06:38:14Z,24.74,15.0839366851797,0.049470001968837,-6.19158060254524,102.023811398959,8.54271450376632,103.077813181266,0,-1.99984208840763,-0.0481604515574836,1.02045009193957,MV-202-15,sine_steer_python_15kmh,COMPLETED
2476,2026年09月25日_14时38分14秒_第001次,2026-09-25T14:38:14+08:00,2026-09-25T06:38:14Z,24.75,15.0839036551109,0.0491994812702214,-6.19716794843092,102.065553193589,8.54635056632502,103.11965659976,0,-2,-0.0481661603613482,1.02045255860854,MV-202-15,sine_steer_python_15kmh,COMPLETED
2477,2026年09月25日_14时38分14秒_第001次,2026-09-25T14:38:14+08:00,2026-09-25T06:38:14Z,24.76,15.0838725886915,0.0489213512393443,-6.20177930106539,102.10729883422,8.54994117097727,103.161502713139,0,-1.99984208840763,-0.0481642656814168,1.02029362612751,MV-202-15,sine_steer_python_15kmh,COMPLETED
2478,2026年09月25日_14时38分14秒_第001次,2026-09-25T14:38:14+08:00,2026-09-25T06:38:14Z,24.77,15.0838435068039,0.0486356150478298,-6.20541408037953,102.149048278452,8.55348629451954,103.203351460337,0,-1.9993683785666,-0.0481547672532339,1.01997334111429,MV-202-15,sine_steer_python_15kmh,COMPLETED
2479,2026年09月25日_14时38分14秒_第001次,2026-09-25T14:38:14+08:00,2026-09-25T06:38:14Z,24.78,15.0838164273966,0.0483422037218127,-6.20807150441477,102.190801483281,8.5569859208112,103.245202780452,0,-1.99857894528118,-0.0481376649596983,1.01949182059293,MV-202-15,sine_steer_python_15kmh,COMPLETED
2480,2026年09月25日_14时38分14秒_第001次,2026-09-25T14:38:14+08:00,2026-09-25T06:38:14Z,24.79,15.0837913673668,0.0480409713833521,-6.20975150472688,102.232558405122,8.56044004083197,103.287056612778,0,-1.99747391321204,-0.0481129587542328,1.01884925508417,MV-202-15,sine_steer_python_15kmh,COMPLETED
2481,2026年09月25日_14时38分14秒_第001次,2026-09-25T14:38:14+08:00,2026-09-25T06:38:14Z,24.8,15.0837683430378,0.0477317173170112,-6.21045388991987,102.274318999843,8.56384865260259,103.328912896839,0,-1.99605345685654,-0.0480806489666923,1.01804589559458,MV-202-15,sine_steer_python_15kmh,COMPLETED
2482,2026年09月25日_14时38分14秒_第001次,2026-09-25T14:38:14+08:00,2026-09-25T06:38:14Z,24.81,15.0837473696061,0.0474141999462686,-6.21017868083918,102.316083222798,8.56721176114664,103.370771572427,0,-1.99431780052123,-0.0480407364960394,1.01708204546486,MV-202-15,sine_steer_python_15kmh,COMPLETED
2483,2026年09月25日_14时38分14秒_第001次,2026-09-25T14:38:14+08:00,2026-09-25T06:38:14Z,24.82,15.0837284615986,0.0470885380701419,-6.20892505343745,102.357851028832,8.57052937879251,103.412632579582,0,-1.99226721828635,-0.0479932285406943,1.01595781777376,MV-202-15,sine_steer_python_15kmh,COMPLETED
2484,2026年09月25日_14时38分14秒_第001次,2026-09-25T14:38:14+08:00,2026-09-25T06:38:14Z,24.83,15.0837116256547,0.0467548912378194,-6.20669582764475,102.399622372343,8.57380152457002,103.4544958587,0,-1.9899020339626,-0.0479381340707758,1.01467332744252,MV-202-15,sine_steer_python_15kmh,COMPLETED
2485,2026年09月25日_14时38分14秒_第001次,2026-09-25T14:38:14+08:00,2026-09-25T06:38:14Z,24.84,15.0836968790836,0.0464133262865277,-6.20348807329721,102.441397207208,8.57702822562829,103.496361350434,0,-1.98722262104002,-0.0478754619237549,1.01322877032275,MV-202-15,sine_steer_python_15kmh,COMPLETED
2486,2026年09月25日_14时38分14秒_第001次,2026-09-25T14:38:14+08:00,2026-09-25T06:38:14Z,24.85,15.0836842263024,0.0460642388084454,-6.19930504918522,102.483175486947,8.58020951557155,103.538228995852,0,-1.98422940262896,-0.0478052268173308,1.01162417045284,MV-202-15,sine_steer_python_15kmh,COMPLETED
2487,2026年09月25日_14时38分14秒_第001次,2026-09-25T14:38:14+08:00,2026-09-25T06:38:14Z,24.86,15.0836736763049,0.0457077380831898,-6.19414618273012,102.524957164622,8.58334543590259,103.580098736378,0,-1.9809228513933,-0.0477274405937866,1.00985974915249,MV-202-15,sine_steer_python_15kmh,COMPLETED
2488,2026年09月25日_14时38分14秒_第001次,2026-09-25T14:38:14+08:00,2026-09-25T06:38:14Z,24.87,15.0836652373205,0.0453439165495447,-6.18801238006225,102.566742192947,8.58643603514255,103.621970513871,0,-1.97730348947583,-0.0476421160367234,1.00793576379557,MV-202-15,sine_steer_python_15kmh,COMPLETED
2489,2026年09月25日_14时38分14秒_第001次,2026-09-25T14:38:14+08:00,2026-09-25T06:38:14Z,24.88,15.0836589138413,0.0449728679388082,-6.1809048008793,102.608530524298,8.5894813690335,103.663844270644,0,-1.97337188841574,-0.0475492671263539,1.00585249710658,MV-202-15,sine_steer_python_15kmh,COMPLETED
2490,2026年09月25日_14时38分14秒_第001次,2026-09-25T14:38:14+08:00,2026-09-25T06:38:14Z,24.89,15.0836547095743,0.0445946840578626,-6.17282460999382,102.650322110738,8.59248150051819,103.70571994949,0,-1.96912866905841,-0.0474489089915333,1.00361025882583,MV-202-15,sine_steer_python_15kmh,COMPLETED
2491,2026年09月25日_14时38分14秒_第001次,2026-09-25T14:38:14+08:00,2026-09-25T06:38:14Z,24.9,15.0836526274717,0.0442094536047446,-6.16377310337166,102.692116904045,8.59543649972374,103.747597493704,0,-1.96457450145738,-0.0473410578902838,1.00120938638082,MV-202-15,sine_steer_python_15kmh,COMPLETED
2492,2026年09月25日_14时38分14秒_第001次,2026-09-25T14:38:14+08:00,2026-09-25T06:38:14Z,24.91,15.0836526688364,0.0438172616985938,-6.15375173612716,102.733914855743,8.59834644394981,103.789476847115,0,-1.95971010476849,-0.0472257312002063,0.99865024519706,MV-202-15,sine_steer_python_15kmh,COMPLETED
2493,2026年09月25日_14时38分14秒_第001次,2026-09-25T14:38:14+08:00,2026-09-25T06:38:14Z,24.92,15.0836548334195,0.0434181892129143,-6.14276211839932,102.775715917127,8.60121141765441,103.831357954105,0,-1.95453624713639,-0.0471029474058431,0.995933229049986,MV-202-15,sine_steer_python_15kmh,COMPLETED
2494,2026年09月25日_14时38分14秒_第001次,2026-09-25T14:38:14+08:00,2026-09-25T06:38:14Z,24.93,15.0836591197473,0.0430123118104331,-6.13080600425554,102.817520039292,8.60403151243781,103.873240759632,0,-1.94905374557316,-0.0469727260815126,0.993058760579149,MV-202-15,sine_steer_python_15kmh,COMPLETED
2495,2026年09月25日_14时38分14秒_第001次,2026-09-25T14:38:14+08:00,2026-09-25T06:38:14Z,24.94,15.0836655251093,0.0425996988712046,-6.11788528906909,102.859327173159,8.60680682702438,103.915125209257,0,-1.94326346582935,-0.046835087872321,0.990027291893323,MV-202-15,sine_steer_python_15kmh,COMPLETED
2496,2026年09月25日_14时38分14秒_第001次,2026-09-25T14:38:14+08:00,2026-09-25T06:38:14Z,24.95,15.0836740454328,0.0421804125968942,-6.10400201310857,102.901137269503,8.60953746724217,103.957011249166,0,-1.93716632225726,-0.0466900544773851,0.986839305078378,MV-202-15,sine_steer_python_15kmh,COMPLETED
2497,2026年09月25日_14时38分14秒_第001次,2026-09-25T14:38:14+08:00,2026-09-25T06:38:14Z,24.96,15.0836846752773,0.0417545074840651,-6.08915836303168,102.942950278982,8.61222354600037,103.998898826192,0,-1.93076327766655,-0.0465376486380422,0.983495312473039,MV-202-15,sine_steer_python_15kmh,COMPLETED
2498,2026年09月25日_14时38分14秒_第001次,2026-09-25T14:38:14+08:00,2026-09-25T06:38:14Z,24.97,15.0836974078905,0.0413220302640305,-6.07335667006403,102.984766152161,8.61486518326507,104.040787887839,0,-1.92405534317217,-0.0463778941324874,0.979995856656019,MV-202-15,sine_steer_python_15kmh,COMPLETED
2499,2026年09月25日_14时38分14秒_第001次,2026-09-25T14:38:14+08:00,2026-09-25T06:38:14Z,24.98,15.0837122352284,0.0408830203737382,-6.05659940830962,103.02658483954,8.61746250603404,104.082678382306,0,-1.91704357803475,-0.0462108157778152,0.976341510110605,MV-202-15,sine_steer_python_15kmh,COMPLETED
2500,2026年09月25日_14时38分14秒_第001次,2026-09-25T14:38:14+08:00,2026-09-25T06:38:14Z,24.99,15.083729147944,0.0404375109890371,-6.03888919465179,103.068406291584,8.62001564831079,104.124570258506,0,-1.90972908949329,-0.0460364394399764,0.972532874544686,MV-202-15,sine_steer_python_15kmh,COMPLETED
2501,2026年09月25日_14时38分14秒_第001次,2026-09-25T14:38:14+08:00,2026-09-25T06:38:14Z,25,15.0837481353865,0.0399855305793044,-6.02022878912314,103.110230458741,8.62252475107869,104.166463466087,0,-1.90211303259031,-0.0458547920511313,0.968570579885091,MV-202-15,sine_steer_python_15kmh,COMPLETED
2502,2026年09月25日_14时38分14秒_第001次,2026-09-25T14:38:14+08:00,2026-09-25T06:38:14Z,25.01,15.083769185616,0.0395271048615052,-6.00062109486739,103.152057291478,8.62498996227547,104.208357955458,0,-1.89419660998949,-0.0456659016327194,0.964455283017155,MV-202-15,sine_steer_python_15kmh,COMPLETED
2503,2026年09月25日_14时38分14秒_第001次,2026-09-25T14:38:14+08:00,2026-09-25T06:38:14Z,25.02,15.0837922854143,0.0390622589795024,-5.98006915798811,103.193886740297,8.62741143676831,104.250253677799,0,-1.88598107178573,-0.0454697973218012,0.960187666374214,MV-202-15,sine_steer_python_15kmh,COMPLETED
2504,2026年09月25日_14时38分14秒_第001次,2026-09-25T14:38:14+08:00,2026-09-25T06:38:14Z,25.03,15.083817420289,0.0385910197158207,-5.95857616773291,103.235718755767,8.62978933632993,104.292150585087,0,-1.87746771530775,-0.0452665093979445,0.95576843649288,MV-202-15,sine_steer_python_15kmh,COMPLETED
2505,2026年09月25日_14时38分14秒_第001次,2026-09-25T14:38:14+08:00,2026-09-25T06:38:14Z,25.04,15.0838445744775,0.0381134175475465,-5.93614545695602,103.277553288544,8.63212382961523,104.33404863011,0,-1.86865788491322,-0.0450560693079693,0.951198322647386,MV-202-15,sine_steer_python_15kmh,COMPLETED
2506,2026年09月25日_14时38分14秒_第001次,2026-09-25T14:38:14+08:00,2026-09-25T06:38:14Z,25.05,15.0838737309553,0.0376294883816275,-5.91278050258526,103.319390289399,8.63441509213854,104.375947766479,0,-1.8595529717765,-0.0448385096861743,0.946478075663057,MV-202-15,sine_steer_python_15kmh,COMPLETED
2507,2026年09月25日_14时38分14秒_第001次,2026-09-25T14:38:14+08:00,2026-09-25T06:38:14Z,25.06,15.0839048714464,0.0371392748478655,-5.88848492599747,103.361229709237,8.63666330625091,104.417847948649,0,-1.85015441366892,-0.0446138643682725,0.941608466984463,MV-202-15,sine_steer_python_15kmh,COMPLETED
2508,2026年09月25日_14时38分14秒_第001次,2026-09-25T14:38:14+08:00,2026-09-25T06:38:14Z,25.07,15.0839379764332,0.0366428270854688,-5.86326249332176,103.403071499126,8.638868661117,104.459749131928,0,-1.84046369473174,-0.0443821683980649,0.936590288039404,MV-202-15,sine_steer_python_15kmh,COMPLETED
2509,2026年09月25日_14时38分14秒_第001次,2026-09-25T14:38:14+08:00,2026-09-25T06:38:14Z,25.08,15.083973025166,0.036140203021225,-5.83711711565988,103.444915610314,8.64103135269127,104.501651272493,0,-1.83048234524184,-0.0441434580267666,0.931424349902429,MV-202-15,sine_steer_python_15kmh,COMPLETED
2510,2026年09月25日_14时38分14秒_第001次,2026-09-25T14:38:14+08:00,2026-09-25T06:38:14Z,25.09,15.0840099956734,0.0356314681938733,-5.81005284914427,103.486761994256,8.64315158369274,104.543554327399,0,-1.82021194136999,-0.0438977707057059,0.926111483227402,MV-202-15,sine_steer_python_15kmh,COMPLETED
2511,2026年09月25日_14时38分14秒_第001次,2026-09-25T14:38:14+08:00,2026-09-25T06:38:14Z,25.1,15.0840488647745,0.0351166952229432,-5.7820738947736,103.528610602636,8.64522956357827,104.585458254595,0,-1.80965410493204,-0.0436451450737495,0.920652538391906,MV-202-15,sine_steer_python_15kmh,COMPLETED
2512,2026年09月25日_14时38分14秒_第001次,2026-09-25T14:38:14+08:00,2026-09-25T06:38:14Z,25.11,15.0840896080902,0.0345959630464887,-5.75318459801946,103.570461387384,8.64726550851394,104.627363012931,0,-1.79881050313274,-0.0433856209411896,0.915048385780109,MV-202-15,sine_steer_python_15kmh,COMPLETED
2513,2026年09月25日_14时38分14秒_第001次,2026-09-25T14:38:14+08:00,2026-09-25T06:38:14Z,25.12,15.084132200055,0.034069356058482,-5.72338944822199,103.612314300705,8.64925964134459,104.669268562172,0,-1.78768284830253,-0.043119239271938,0.909299916126183,MV-202-15,sine_steer_python_15kmh,COMPLETED
2514,2026年09月25日_14时38分14秒_第001次,2026-09-25T14:38:14+08:00,2026-09-25T06:38:14Z,25.13,15.0841766139289,0.033536963263568,-5.69269307778525,103.654169295096,8.65121219156149,104.711174863006,0,-1.77627289762709,-0.0428460421656982,0.903408040847549,MV-202-15,sine_steer_python_15kmh,COMPLETED
2515,2026年09月25日_14时38分14秒_第001次,2026-09-25T14:38:14+08:00,2026-09-25T06:38:14Z,25.14,15.0842228218109,0.0329988775380144,-5.6611002612094,103.696026323365,8.65312339526826,104.753081877057,0,-1.76458245286991,-0.0425660728413876,0.897373692314071,MV-202-15,sine_steer_python_15kmh,COMPLETED
2516,2026年09月25日_14时38分14秒_第001次,2026-09-25T14:38:14+08:00,2026-09-25T06:38:14Z,25.15,15.0842707946539,0.0324551950470275,-5.62861591398766,103.737885338656,8.65499349514524,104.794989566889,0,-1.75261336008773,-0.0422793756225422,0.891197824022346,MV-202-15,sine_steer_python_15kmh,COMPLETED
2517,2026年09月25日_14时38分14秒_第001次,2026-09-25T14:38:14+08:00,2026-09-25T06:38:14Z,25.16,15.0843205022817,0.031906014827274,-5.59524509142887,103.779746294467,8.65682274041267,104.836897896018,0,-1.74036750933905,-0.0419859959248486,0.884881410669002,MV-202-15,sine_steer_python_15kmh,COMPLETED
2518,2026年09月25日_14时38分14秒_第001次,2026-09-25T14:38:14+08:00,2026-09-25T06:38:14Z,25.17,15.084371913408,0.0313514385065621,-5.5609929874402,103.821609144667,8.65861138679254,104.878806828919,0,-1.72784683438567,-0.0416859802454234,0.87842544813913,MV-202-15,sine_steer_python_15kmh,COMPLETED
2519,2026年09月25日_14时38分14秒_第001次,2026-09-25T14:38:14+08:00,2026-09-25T06:38:14Z,25.18,15.0844249956573,0.030791570105891,-5.52586493330978,103.863473843521,8.66035969646956,104.92071633103,0,-1.71505331238731,-0.0413793761530737,0.871830953442371,MV-202-15,sine_steer_python_15kmh,COMPLETED
2520,2026年09月25日_14时38分14秒_第001次,2026-09-25T14:38:14+08:00,2026-09-25T06:38:14Z,25.19,15.0844797155883,0.0302265158561317,-5.48986639651528,103.905340345701,8.66206793805105,104.962626368757,0,-1.70198896358938,-0.0410662322785818,0.86509896463729,MV-202-15,sine_steer_python_15kmh,COMPLETED
2521,2026年09月25日_14时38分14秒_第001次,2026-09-25T14:38:14+08:00,2026-09-25T06:38:14Z,25.2,15.0845360387173,0.0296563839636881,-5.45300297957032,103.947208606311,8.66373638652593,105.004536909484,0,-1.68865585100403,-0.0407465983040781,0.858230540783785,MV-202-15,sine_steer_python_15kmh,COMPLETED
2522,2026年09月25日_14时38分14秒_第001次,2026-09-25T14:38:14+08:00,2026-09-25T06:38:14Z,25.21,15.0845939295438,0.0290812842749443,-5.41528041890453,103.989078580898,8.66536532322248,105.046447921565,0,-1.67505608008428,-0.0404205249507789,0.851226761954164,MV-202-15,sine_steer_python_15kmh,COMPLETED
2523,2026年09月25日_14时38分14秒_第001次,2026-09-25T14:38:14+08:00,2026-09-25T06:38:14Z,25.22,15.0846533515748,0.0285013278144652,-5.37670458377408,104.030950225474,8.66695503576493,105.088359374339,0,-1.66119179839163,-0.0400880639647234,0.844088729318727,MV-202-15,sine_steer_python_15kmh,COMPLETED
2524,2026年09月25日_14时38分14秒_第001次,2026-09-25T14:38:14+08:00,2026-09-25T06:38:14Z,25.23,15.0847142673496,0.0279166262015334,-5.33728147518556,104.072823496533,8.66850581802865,105.130271238122,0,-1.64706519525686,-0.039749268100557,0.836817565303658,MV-202-15,sine_steer_python_15kmh,COMPLETED
2525,2026年09月25日_14时38分14秒_第001次,2026-09-25T14:38:14+08:00,2026-09-25T06:38:14Z,25.24,15.0847766384634,0.0273272909783127,-5.29701722481138,104.114698351059,8.67001797009376,105.172183484211,0,-1.63267850143437,-0.0394041911038289,0.829414413801851,MV-202-15,sine_steer_python_15kmh,COMPLETED
2526,2026年09月25日_14时38分14秒_第001次,2026-09-25T14:38:14+08:00,2026-09-25T06:38:14Z,25.25,15.0848404255921,0.0267334329055789,-5.25591809389344,104.156574746553,8.67149179819727,105.214096084886,0,-1.61803398874989,-0.0390528876925911,0.821880440403155,MV-202-15,sine_steer_python_15kmh,COMPLETED
2527,2026年09月25日_14时38分14秒_第001次,2026-09-25T14:38:14+08:00,2026-09-25T06:38:14Z,25.26,15.0849055885157,0.0261351612949847,-5.21399047212411,104.198452641038,8.67292761468346,105.256009013406,0,-1.60313396974175,-0.0386954135392824,0.814216832602641,MV-202-15,sine_steer_python_15kmh,COMPLETED
2528,2026年09月25日_14时38分14秒_第001次,2026-09-25T14:38:14+08:00,2026-09-25T06:38:14Z,25.27,15.0849720861429,0.0255325834485994,-5.17124087650711,104.240331993078,8.67432573795289,105.297922244011,0,-1.58798079729567,-0.0383318252539169,0.806424799943859,MV-202-15,sine_steer_python_15kmh,COMPLETED
2529,2026年09月25日_14时38分14秒_第001次,2026-09-25T14:38:14+08:00,2026-09-25T06:38:14Z,25.28,15.0850398765359,0.0249258042670146,-5.12767595021035,104.282212761792,8.67568649240987,105.339835751917,0,-1.57257686427324,-0.0379621803694639,0.798505574059497,MV-202-15,sine_steer_python_15kmh,COMPLETED
2530,2026年09月25日_14时38分14秒_第001次,2026-09-25T14:38:14+08:00,2026-09-25T06:38:14Z,25.29,15.0851089169363,0.0243149260687896,-5.08330246142602,104.324094906865,8.67701020840883,105.381749513315,0,-1.55692460313405,-0.0375865373300552,0.790460408582777,MV-202-15,sine_steer_python_15kmh,COMPLETED
2531,2026年09月25日_14时38分14秒_第001次,2026-09-25T14:38:14+08:00,2026-09-25T06:38:14Z,25.3,15.0851791637919,0.0237000486395989,-5.03812730225614,104.365978388564,8.67829722219963,105.423663505368,0,-1.54102648555158,-0.037204955482305,0.782290578917388,MV-202-15,sine_steer_python_15kmh,COMPLETED
2532,2026年09月25日_14时38分14秒_第001次,2026-09-25T14:38:14+08:00,2026-09-25T06:38:14Z,25.31,15.0852505727848,0.0230812695030427,-4.99215748764677,104.407863167744,8.67954787587215,105.465577706205,0,-1.52488502202289,-0.0368174950696607,0.773997381869844,MV-202-15,sine_steer_python_15kmh,COMPLETED
2533,2026年09月25日_14时38分14秒_第001次,2026-09-25T14:38:14+08:00,2026-09-25T06:38:14Z,25.32,15.08532309886,0.0224586843806943,-4.94540015437948,104.449749205867,8.68076251730026,105.507492094918,0,-1.50850276147221,-0.0364242172293444,0.765582135162691,MV-202-15,sine_steer_python_15kmh,COMPLETED
2534,2026年09月25日_14时38分14秒_第001次,2026-09-25T14:38:14+08:00,2026-09-25T06:38:14Z,25.33,15.0853966962554,0.021832387789862,-4.89786256013442,104.491636465007,8.6819415000855,105.549406651556,0,-1.49188229084836,-0.0360251839911734,0.757046176858929,MV-202-15,sine_steer_python_15kmh,COMPLETED
2535,2026年09月25日_14时38分14秒_第001次,2026-09-25T14:38:14+08:00,2026-09-25T06:38:14Z,25.34,15.0854713185322,0.0212024737159393,-4.84955208262676,104.533524907863,8.68308518350025,105.591321357115,0,-1.47502623471635,-0.0356204582773788,0.748390864735226,MV-202-15,sine_steer_python_15kmh,COMPLETED
2536,2026年09月25日_14时38分14秒_第001次,2026-09-25T14:38:14+08:00,2026-09-25T06:38:14Z,25.35,15.0855469186044,0.0205690362933998,-4.80047621880802,104.575414497767,8.68419393243081,105.633236193534,0,-1.45793725484282,-0.0352101039024832,0.739617575643438,MV-202-15,sine_steer_python_15kmh,COMPLETED
2537,2026年09月25日_14时38分14秒_第001次,2026-09-25T14:38:14+08:00,2026-09-25T06:38:14Z,25.36,15.0856234487703,0.0199321704349361,-4.75064258412017,104.617305198693,8.68526811732005,105.675151143685,0,-1.44061804977581,-0.0347941855723813,0.730727704897127,MV-202-15,sine_steer_python_15kmh,COMPLETED
2538,2026年09月25日_14时38分14秒_第001次,2026-09-25T14:38:14+08:00,2026-09-25T06:38:14Z,25.37,15.085700860743,0.0192919723608411,-4.70005891178516,104.659196975265,8.68630811410967,105.717066191365,0,-1.42307135441857,-0.0343727688819301,0.721722665712276,MV-202-15,sine_steer_python_15kmh,COMPLETED
2539,2026年09月25日_14时38分14秒_第001次,2026-09-25T14:38:14+08:00,2026-09-25T06:38:14Z,25.38,15.085779105681,0.0186485399979482,-4.64873305210685,104.701089792769,8.68731430418198,105.758981321281,0,-1.4052999395977,-0.0339459203106017,0.712603888721422,MV-202-15,sine_steer_python_15kmh,COMPLETED
2540,2026年09月25日_14时38分14秒_第001次,2026-09-25T14:38:14+08:00,2026-09-25T06:38:14Z,25.39,15.0858581342185,0.0180019732368352,-4.5966729717591,104.742983617151,8.68828707430104,105.800896519047,0,-1.38730661162561,-0.0335137072160228,0.703372821568675,MV-202-15,sine_steer_python_15kmh,COMPLETED
2541,2026年09月25日_14时38分14秒_第001次,2026-09-25T14:38:14+08:00,2026-09-25T06:38:14Z,25.4,15.0859378964958,0.0173523740545506,-4.54388675303684,104.784878415031,8.68922681655297,105.842811771164,0,-1.36909421185737,-0.0330761978254904,0.69403092858202,MV-202-15,sine_steer_python_15kmh,COMPLETED
2542,2026年09月25日_14时38分14秒_第001次,2026-09-25T14:38:14+08:00,2026-09-25T06:38:14Z,25.41,15.0860183419223,0.016699846528625,-4.49038259579139,104.826774153706,8.69013392828542,105.884727065015,0,-1.35066561624205,-0.0326334612258156,0.684579690521919,MV-202-15,sine_steer_python_15kmh,COMPLETED
2543,2026年09月25日_14时38分14秒_第001次,2026-09-25T14:38:14+08:00,2026-09-25T06:38:14Z,25.42,15.0860994196341,0.0160444967858222,-4.43616881076637,104.868670801154,8.6910088120461,105.926642388846,0,-1.3320237348685,-0.0321855673521081,0.675020604329738,MV-202-15,sine_steer_python_15kmh,COMPLETED
2544,2026年09月25日_14时38分14秒_第001次,2026-09-25T14:38:14+08:00,2026-09-25T06:38:14Z,25.43,15.0861810786443,0.0153864328621325,-4.3812538185379,104.910568326039,8.69185187552047,105.968557731758,0,-1.31317151150592,-0.031732586975159,0.665355182944919,MV-202-15,sine_steer_python_15kmh,COMPLETED
2545,2026年09月25日_14时38分14秒_第001次,2026-09-25T14:38:14+08:00,2026-09-25T06:38:14Z,25.44,15.0862632675152,0.0147257645642304,-4.32564615453717,104.952466697717,8.69266353146843,106.010473083689,0,-1.29411192313889,-0.0312745916886999,0.655584955143692,MV-202-15,sine_steer_python_15kmh,COMPLETED
2546,2026年09月25日_14时38分14秒_第001次,2026-09-25T14:38:14+08:00,2026-09-25T06:38:14Z,25.45,15.0863459343777,0.0140626033907998,-4.2693544670961,104.994365886238,8.6934441976599,106.052388435403,0,-1.27484797949738,-0.0308116538973811,0.645711465321112,MV-202-15,sine_steer_python_15kmh,COMPLETED
2547,2026年09月25日_14时38分14秒_第001次,2026-09-25T14:38:14+08:00,2026-09-25T06:38:14Z,25.46,15.0864290270493,0.0133970624696855,-4.21238751318329,105.036265862347,8.69419429680968,106.094303778472,0,-1.2553827225814,-0.030343846804841,0.635736273256515,MV-202-15,sine_steer_python_15kmh,COMPLETED
2548,2026年09月25日_14时38分14秒_第001次,2026-09-25T14:38:14+08:00,2026-09-25T06:38:14Z,25.47,15.0865124930735,0.0127292565094309,-4.15475415687455,105.078166597489,8.69491425651159,106.136219105261,0,-1.23571922618067,-0.0298712444018557,0.625660953872218,MV-202-15,sine_steer_python_15kmh,COMPLETED
2549,2026年09月25日_14时38分14秒_第001次,2026-09-25T14:38:14+08:00,2026-09-25T06:38:14Z,25.48,15.0865962796015,0.0120593017662701,-4.0964633681388,105.120068063807,8.69560450917175,106.178134408911,0,-1.21586059538921,-0.0293939214545843,0.6154870969882,MV-202-15,sine_steer_python_15kmh,COMPLETED
2550,2026年09月25日_14时38分14秒_第001次,2026-09-25T14:38:14+08:00,2026-09-25T06:38:14Z,25.49,15.0866803331967,0.0113873160052318,-4.03752422037886,105.161970234143,8.69626549194129,106.220049683319,0,-1.19580996611504,-0.0289119534926096,0.60521630708092,MV-202-15,sine_steer_python_15kmh,COMPLETED
2551,2026年09月25日_14时38分14秒_第001次,2026-09-25T14:38:14+08:00,2026-09-25T06:38:14Z,25.5,15.0867646009314,0.0107134185833239,-3.97794590093578,105.203873082041,8.69689764664823,106.261964923126,0,-1.17557050458495,-0.028425416798604,0.594850202906493,MV-202-15,sine_steer_python_15kmh,COMPLETED
2552,2026年09月25日_14时38分14秒_第001次,2026-09-25T14:38:14+08:00,2026-09-25T06:38:14Z,25.51,15.0868490298379,0.0100377304128912,-3.91773769802981,105.245776581743,8.69750141972864,106.303880123694,0,-1.15514540684453,-0.0279343883961793,0.584390417272002,MV-202-15,sine_steer_python_15kmh,COMPLETED
2553,2026年09月25日_14时38分14秒_第001次,2026-09-25T14:38:14+08:00,2026-09-25T06:38:14Z,25.52,15.0869335666828,0.00936037379199444,-3.85690899679451,105.287680708192,8.69807726215716,106.34579528109,0,-1.13453789825352,-0.0274389460357211,0.573838596868416,MV-202-15,sine_steer_python_15kmh,COMPLETED
2554,2026年09月25日_14时38分14秒_第001次,2026-09-25T14:38:14+08:00,2026-09-25T06:38:14Z,25.53,15.0870181580148,0.00868147219417519,-3.79546928226981,105.329585437026,8.69862562937679,106.387710392061,0,-1.11375123297638,-0.0269391681795098,0.563196402113697,MV-202-15,sine_steer_python_15kmh,COMPLETED
2555,2026年09月25日_14时38分14秒_第001次,2026-09-25T14:38:14+08:00,2026-09-25T06:38:14Z,25.54,15.0871027503168,0.00800115004114188,-3.73342814039916,105.37149074458,8.69914698122768,106.429625454022,0,-1.09278869346854,-0.0264351339864698,0.552465507000921,MV-202-15,sine_steer_python_15kmh,COMPLETED
2556,2026年09月25日_14时38分14秒_第001次,2026-09-25T14:38:14+08:00,2026-09-25T06:38:14Z,25.55,15.0871872901153,0.00731953242613707,-3.67079525509687,105.413396607877,8.69964178187504,106.471540465028,0,-1.071653589958,-0.0259269232960772,0.541647598977554,MV-202-15,sine_steer_python_15kmh,COMPLETED
2557,2026年09月25日_14时38分14秒_第001次,2026-09-25T14:38:14+08:00,2026-09-25T06:38:14Z,25.56,15.0872717239953,0.00663674478441931,-3.60758040525806,105.455303004631,8.70011049973608,106.513455423753,0,-1.05034925992259,-0.0254146166113769,0.530744378860355,MV-202-15,sine_steer_python_15kmh,COMPLETED
2558,2026年09月25日_14时38分14秒_第001次,2026-09-25T14:38:14+08:00,2026-09-25T06:38:14Z,25.57,15.0873559985912,0.00595291254972891,-3.54379346347809,105.497209913236,8.70055360740609,106.555370329475,0,-1.02887906756301,-0.0248982950816595,0.519757560759278,MV-202-15,sine_steer_python_15kmh,COMPLETED
2559,2026年09月25日_14时38分14秒_第001次,2026-09-25T14:38:14+08:00,2026-09-25T06:38:14Z,25.58,15.0874400606123,0.00526816084009842,-3.47944439518557,105.539117312769,8.70097158158354,106.597285182045,0,-1.00724640327152,-0.024378040485415,0.508688871981886,MV-202-15,sine_steer_python_15kmh,COMPLETED
2560,2026年09月25日_14时38分14秒_第001次,2026-09-25T14:38:14+08:00,2026-09-25T06:38:14Z,25.59,15.0875238568933,0.00458261419814182,-3.41454325702066,105.581025182976,8.70136490299425,106.63919998187,0,-0.985454683096585,-0.0238539352139329,0.497540052903517,MV-202-15,sine_steer_python_15kmh,COMPLETED
2561,2026年09月25日_14时38分14秒_第001次,2026-09-25T14:38:14+08:00,2026-09-25T06:38:14Z,25.6,15.0876073344382,0.00389639639983353,-3.34910019476581,105.622933504275,8.70173405631481,106.681114729891,0,-0.963507348203428,-0.0233260622557537,0.486312856795816,MV-202-15,sine_steer_python_15kmh,COMPLETED
2562,2026年09月25日_14时38分14秒_第001次,2026-09-25T14:38:14+08:00,2026-09-25T06:38:14Z,25.61,15.0876904400799,0.00320963030597276,-3.28312543743993,105.66484225774,8.70207953009525,106.723029427554,0,-0.94140786433067,-0.0227945051816152,0.475009049642698,MV-202-15,sine_steer_python_15kmh,COMPLETED
2563,2026年09月25日_14时38分14秒_第001次,2026-09-25T14:38:14+08:00,2026-09-25T06:38:14Z,25.62,15.0877731207405,0.00252243789661516,-3.21662930744607,105.7067514251,8.70240181668108,106.76494407679,0,-0.919159721242976,-0.0222593481319028,0.46363040982133,MV-202-15,sine_steer_python_15kmh,COMPLETED
2564,2026年09月25日_14时38分14秒_第001次,2026-09-25T14:38:14+08:00,2026-09-25T06:38:14Z,25.63,15.0878553221323,0.00183494061644148,-3.14962223832107,105.748660988727,8.70270141213448,106.806858679985,0,-0.896766432180066,-0.021720675808464,0.452178727648387,MV-202-15,sine_steer_python_15kmh,COMPLETED
2565,2026年09月25日_14时38分14秒_第001次,2026-09-25T14:38:14+08:00,2026-09-25T06:38:14Z,25.64,15.0879369914568,0.00114725937441538,-3.08211472961829,105.790570931627,8.70297881615511,106.848773239959,0,-0.874231533301869,-0.0211785734614285,0.440655804990174,MV-202-15,sine_steer_python_15kmh,COMPLETED
2566,2026年09月25日_14时38分14秒_第001次,2026-09-25T14:38:14+08:00,2026-09-25T06:38:14Z,25.65,15.0880180796412,0.000459514347276298,-3.01411731513702,105.832481237436,8.7032345320012,106.890687759944,0,-0.851558583130143,-0.0206331268731423,0.42906345501895,MV-202-15,sine_steer_python_15kmh,COMPLETED
2567,2026年09月25日_14时38分14秒_第001次,2026-09-25T14:38:14+08:00,2026-09-25T06:38:14Z,25.66,15.0880985377535,-0.000228175063276839,-2.94564059863034,105.874391890419,8.70346906641065,106.932602243566,0,-0.828751161986567,-0.0200844223441909,0.417403502073774,MV-202-15,sine_steer_python_15kmh,COMPLETED
2568,2026年09月25日_14时38分14秒_第001次,2026-09-25T14:38:14+08:00,2026-09-25T06:38:14Z,25.67,15.0881783149857,-0.000915689605774475,-2.87669529779974,105.916302875453,8.70368292952064,106.974516694815,0,-0.805812871427326,-0.0195325466888797,0.405677781048382,MV-202-15,sine_steer_python_15kmh,COMPLETED
2569,2026年09月25日_14时38分14秒_第001次,2026-09-25T14:38:14+08:00,2026-09-25T06:38:14Z,25.68,15.0882573598974,-0.00160290972840936,-2.80729221651443,105.958214178016,8.70387663478659,107.016431118013,0,-0.782747333674407,-0.0189775872282195,0.393888136770503,MV-202-15,sine_steer_python_15kmh,COMPLETED
2570,2026年09月25日_14时38分14秒_第001次,2026-09-25T14:38:14+08:00,2026-09-25T06:38:14Z,25.69,15.0883356221564,-0.00228971543425562,-2.73744221986628,106.00012578417,8.70405069890135,107.058345517787,0,-0.759558191043599,-0.0184196317785151,0.382036423554303,MV-202-15,sine_steer_python_15kmh,COMPLETED
2571,2026年09月25日_14时38分14秒_第001次,2026-09-25T14:38:14+08:00,2026-09-25T06:38:14Z,25.7,15.0884130522657,-0.00297598617514314,-2.66715623783482,106.042037680554,8.70420564171454,107.100259899045,0,-0.736249105369361,-0.0178587686393458,0.370124504840589,MV-202-15,sine_steer_python_15kmh,COMPLETED
2572,2026年09月25日_14时38分14秒_第001次,2026-09-25T14:38:14+08:00,2026-09-25T06:38:14Z,25.71,15.0884896018189,-0.00366160069255381,-2.59644526022113,106.083949854376,8.70434198615131,107.142174266949,0,-0.712823757426501,-0.0172950865822388,0.358154252786935,MV-202-15,sine_steer_python_15kmh,COMPLETED
2573,2026年09月25日_14时38分14秒_第001次,2026-09-25T14:38:14+08:00,2026-09-25T06:38:14Z,25.72,15.088565222992,-0.00434643690610224,-2.52532034176967,106.125862293396,8.70446025813081,107.184088626894,0,-0.689285846349042,-0.0167286748386159,0.346127547906267,MV-202-15,sine_steer_python_15kmh,COMPLETED
2574,2026年09月25日_14时38分14秒_第001次,2026-09-25T14:38:14+08:00,2026-09-25T06:38:14Z,25.73,15.088639868391,-0.00503037183917789,-2.45379260281,106.167774985918,8.7045609864841,107.226002984474,0,-0.665639089045976,-0.0161596230871484,0.334046278714009,MV-202-15,sine_steer_python_15kmh,COMPLETED
2575,2026年09月25日_14时38分14秒_第001次,2026-09-25T14:38:14+08:00,2026-09-25T06:38:14Z,25.74,15.0887134913453,-0.00571328165780557,-2.38187322257027,106.209687920774,8.70464470287162,107.267917345459,0,-0.641887219614416,-0.0155880214394398,0.321912341430302,MV-202-15,sine_steer_python_15kmh,COMPLETED
2576,2026年09月25日_14时38分14秒_第001次,2026-09-25T14:38:14+08:00,2026-09-25T06:38:14Z,25.75,15.0887860460663,-0.00639504189728856,-2.30957343500675,106.25160108731,8.70471194170034,107.309831715767,0,-0.618033988749901,-0.0150139604229537,0.30972763979953,MV-202-15,sine_steer_python_15kmh,COMPLETED
2577,2026年09月25日_14时38分14秒_第001次,2026-09-25T14:38:14+08:00,2026-09-25T06:38:14Z,25.76,15.088857487623,-0.00707552789991942,-2.23690452975939,106.293514475376,8.70476324004024,107.351746101439,0,-0.59408316315407,-0.014437530960834,0.297494085042561,MV-202-15,sine_steer_python_15kmh,COMPLETED
2578,2026年09月25日_14时38分14秒_第001次,2026-09-25T14:38:14+08:00,2026-09-25T06:38:14Z,25.77,15.0889277719139,-0.00775461547281375,-2.16387785489584,106.335428075308,8.70479913753996,107.393660508609,0,-0.570038524939954,-0.0138588243484706,0.285213595943224,MV-202-15,sine_steer_python_15kmh,COMPLETED
2579,2026年09月25日_14时38分14秒_第001次,2026-09-25T14:38:14+08:00,2026-09-25T06:38:14Z,25.78,15.0889968556915,-0.00843218173545764,-2.09050481975495,106.377341877917,8.70482017634146,107.435574943478,0,-0.545903871034647,-0.0132779322272142,0.272888099050428,MV-202-15,sine_steer_python_15kmh,COMPLETED
2580,2026年09月25日_14时38分14秒_第001次,2026-09-25T14:38:14+08:00,2026-09-25T06:38:14Z,25.79,15.0890646961777,-0.00910810599603458,-2.01679690302121,106.419255874467,8.70482690099336,107.477489412288,0,-0.521683012579799,-0.0126949465575267,0.260519528909321,MV-202-15,sine_steer_python_15kmh,COMPLETED
2581,2026年09月25日_14时38分14秒_第001次,2026-09-25T14:38:14+08:00,2026-09-25T06:38:14Z,25.8,15.0891312519472,-0.00978227053454711,-1.94276564871462,106.46117005667,8.70481985836339,107.51940392129,0,-0.497379774329709,-0.0121099595933049,0.248109828212858,MV-202-15,sine_steer_python_15kmh,COMPLETED
2582,2026年09月25日_14时38分14秒_第001次,2026-09-25T14:38:14+08:00,2026-09-25T06:38:14Z,25.81,15.0891964829125,-0.0104545613682337,-1.8684226797156,106.503084416661,8.70479959754964,107.561318476723,0,-0.472997994047444,-0.0115230638563172,0.23566094796709,MV-202-15,sine_steer_python_15kmh,COMPLETED
2583,2026年09月25日_14时38分14秒_第001次,2026-09-25T14:38:14+08:00,2026-09-25T06:38:14Z,25.82,15.0892603501494,-0.0111248699770621,-1.7937797160989,106.544998946988,8.70476666979011,107.603233084785,0,-0.448541521898765,-0.0109343520967741,0.223174848242846,MV-202-15,sine_steer_python_15kmh,COMPLETED
2584,2026年09月25日_14时38分14秒_第001次,2026-09-25T14:38:14+08:00,2026-09-25T06:38:14Z,25.83,15.0893228157321,-0.0117930983619538,-1.71884859106929,106.586913640598,8.70472162836865,107.645147751605,0,-0.424014219844107,-0.0103439172060037,0.21065350095036,MV-202-15,sine_steer_python_15kmh,COMPLETED
2585,2026年09月25日_14时38分14秒_第001次,2026-09-25T14:38:14+08:00,2026-09-25T06:38:14Z,25.84,15.0893838414866,-0.0124591682720954,-1.64364126597381,106.628828490811,8.70466502851446,107.687062483216,0,-0.39941996102882,-0.00975185206888815,0.1980988951765,MV-202-15,sine_steer_python_15kmh,COMPLETED
2586,2026年09月25日_14时38分14秒_第001次,2026-09-25T14:38:14+08:00,2026-09-25T06:38:14Z,25.85,15.0894433870046,-0.0131230282810743,-1.56816982774264,106.670743491305,8.70459742729421,107.72897728552,0,-0.37476262917145,-0.00915824944591644,0.185513041269367,MV-202-15,sine_steer_python_15kmh,COMPLETED
2587,2026年09月25日_14时38分14秒_第001次,2026-09-25T14:38:14+08:00,2026-09-25T06:38:14Z,25.86,15.0895014095737,-0.0137846487419722,-1.49244646301573,106.712658636083,8.70451938350297,107.770892164248,0,-0.350046117950554,-0.00856320202764744,0.172897967587142,MV-202-15,sine_steer_python_15kmh,COMPLETED
2588,2026年09月25日_14时38分14秒_第001次,2026-09-25T14:38:14+08:00,2026-09-25T06:38:14Z,25.87,15.0895578670144,-0.0144440055234992,-1.41648343072304,106.754573919451,8.70443145756338,107.812807124934,0,-0.325274330389771,-0.00796680265011159,0.160255710396461,MV-202-15,sine_steer_python_15kmh,COMPLETED
2589,2026年09月25日_14时38分14秒_第001次,2026-09-25T14:38:14+08:00,2026-09-25T06:38:14Z,25.88,15.0896127201957,-0.0151010640156327,-1.34029304075495,106.796489336002,8.70433421143676,107.854722172881,0,-0.300451178241519,-0.00736914450824935,0.147588303871928,MV-202-15,sine_steer_python_15kmh,COMPLETED
2590,2026年09月25日_14时38分14秒_第001次,2026-09-25T14:38:14+08:00,2026-09-25T06:38:14Z,25.89,15.0896659329882,-0.0157557704634627,-1.26388763124049,106.838404880603,8.70422820854301,107.89663731315,0,-0.275580581369276,-0.00677032126644267,0.13489777449035,MV-202-15,sine_steer_python_15kmh,COMPLETED
2591,2026年09月25日_14时38分14秒_第001次,2026-09-25T14:38:14+08:00,2026-09-25T06:38:14Z,25.9,15.0897174711122,-0.0164080497122708,-1.18727954989594,106.880320548384,8.70411401368451,107.938552550528,0,-0.250666467128602,-0.00617042707838692,0.122186139270436,MV-202-15,sine_steer_python_15kmh,COMPLETED
2592,2026年09月25日_14时38分14秒_第001次,2026-09-25T14:38:14+08:00,2026-09-25T06:38:14Z,25.91,15.0897673013276,-0.0170578062784224,-1.11048114979569,106.922236334715,8.70399219297055,107.980467889512,0,-0.225712769746966,-0.00556955655965536,0.10945540600326,MV-202-15,sine_steer_python_15kmh,COMPLETED
2593,2026年09月25日_14时38分14秒_第001次,2026-09-25T14:38:14+08:00,2026-09-25T06:38:14Z,25.92,15.0898153915063,-0.0177049266689853,-1.03350478578845,106.964152235187,8.70386331374042,108.022383334275,0,-0.200723429702427,-0.00496780474225882,0.096707574231599,MV-202-15,sine_steer_python_15kmh,COMPLETED
2594,2026年09月25日_14时38分14秒_第001次,2026-09-25T14:38:14+08:00,2026-09-25T06:38:14Z,25.93,15.0898617112733,-0.0183492822339675,-0.956362810317108,107.006068245599,8.70372794448459,108.064298888644,0,-0.175702393101492,-0.00436526702129724,0.0839446365593516,MV-202-15,sine_steer_python_15kmh,COMPLETED
2595,2026年09月25日_14时38分14秒_第001次,2026-09-25T14:38:14+08:00,2026-09-25T06:38:14Z,25.94,15.0899062315627,-0.0189907321209475,-0.879067582697901,107.047984361932,8.70358665476389,108.106214556072,0,-0.150653611055866,-0.0037620390997845,0.0711685800467539,MV-202-15,sine_steer_python_15kmh,COMPLETED
2596,2026年09月25日_14时38分14秒_第001次,2026-09-25T14:38:14+08:00,2026-09-25T06:38:14Z,25.95,15.0899489243459,-0.0196291261528675,-0.801631472672619,107.089900580335,8.70344001512606,108.148130339616,0,-0.125581039058628,-0.00315821693420904,0.0583813875702952,MV-202-15,sine_steer_python_15kmh,COMPLETED
2597,2026年09月25日_14时38分14秒_第001次,2026-09-25T14:38:14+08:00,2026-09-25T06:38:14Z,25.96,15.089989762715,-0.020264307639378,-0.724066856166637,107.131816897101,8.70328859702044,108.19004624191,0,-0.100488636359542,-0.00255389668068377,0.0455850391535196,MV-202-15,sine_steer_python_15kmh,COMPLETED
2598,2026年09月25日_14时38分14秒_第001次,2026-09-25T14:38:14+08:00,2026-09-25T06:38:14Z,25.97,15.0900287209771,-0.0208961161093292,-0.646386112589823,107.173733308652,8.70313297271059,108.231962265136,0,-0.0753803653398739,-0.00194917464187976,0.0327815132644868,MV-202-15,sine_steer_python_15kmh,COMPLETED
2599,2026年09月25日_14时38分14秒_第001次,2026-09-25T14:38:14+08:00,2026-09-25T06:38:14Z,25.98,15.0900657746713,-0.0215243898960743,-0.568601625876149,107.215649811511,8.70297371518518,108.273878411003,0,-0.0502601908866743,-0.00134414721572836,0.0199727880383617,MV-202-15,sine_steer_python_15kmh,COMPLETED
2600,2026年09月25日_14时38分14秒_第001次,2026-09-25T14:38:14+08:00,2026-09-25T06:38:14Z,25.99,15.0901009005681,-0.0221489685249313,-0.490725785348672,107.25756640229,8.70281139806698,108.315794680724,0,-0.0251320797667061,-0.000738910846637929,0.00716084239326002,MV-202-15,sine_steer_python_15kmh,COMPLETED
2601,2026年09月25日_14时38分14秒_第001次,2026-09-25T14:38:14+08:00,2026-09-25T06:38:14Z,26,15.090134076657,-0.0227696948904028,-0.412770984298547,107.299483077665,8.70264659552028,108.357711074987,0,-2.44929359829471e-15,-0.000133561979425301,-0.00565234296927499,MV-202-15,sine_steer_python_15kmh,COMPLETED
2602,2026年09月25日_14时38分14秒_第001次,2026-09-25T14:38:14+08:00,2026-09-25T06:38:14Z,26.01,15.0901652820724,-0.0233864172187586,-0.334749617503912,107.341399834356,8.70247988215677,108.399627593936,0,0.0251320797667083,0.000471802983944691,-0.0184647846828833,MV-202-15,sine_steer_python_15kmh,COMPLETED
2603,2026年09月25日_14时38分14秒_第001次,2026-09-25T14:38:14+08:00,2026-09-25T06:38:14Z,26.02,15.0901944972137,-0.0239989907947157,-0.256674082934519,107.383316669108,8.70231183294022,108.441544237145,0,0.0502601908866694,0.00107708772448129,-0.0312744959679395,MV-202-15,sine_steer_python_15kmh,COMPLETED
2604,2026年09月25日_14时38分14秒_第001次,2026-09-25T14:38:14+08:00,2026-09-25T06:38:14Z,26.03,15.0902217039671,-0.0246072793612764,-0.178556782775075,107.42523357867,8.70214302308986,108.483461003599,0,0.075380365339869,0.00168219604182398,-0.0440794860712029,MV-202-15,sine_steer_python_15kmh,COMPLETED
2605,2026年09月25日_14时38分14秒_第001次,2026-09-25T14:38:14+08:00,2026-09-25T06:38:14Z,26.04,15.0902468854716,-0.0252111562391157,-0.100410118416446,107.467150559774,8.70197402798277,108.525377891669,0,0.100488636359538,0.00228703188604817,-0.0568777598684144,MV-202-15,sine_steer_python_15kmh,COMPLETED
2606,2026年09月25日_14时38分14秒_第001次,2026-09-25T14:38:14+08:00,2026-09-25T06:38:14Z,26.05,15.0902700260751,-0.025810505134889,-0.0222464896634825,107.509067609114,8.70180542305565,108.567294899091,0,0.125581039058624,0.00289149938515555,-0.06966731764988,MV-202-15,sine_steer_python_15kmh,COMPLETED
2607,2026年09月25日_14时38分14秒_第001次,2026-09-25T14:38:14+08:00,2026-09-25T06:38:14Z,26.06,15.090291111391,-0.0264052205780599,0.0559217038807116,107.55098472333,8.70163778370604,108.609212022948,0,0.150653611055868,0.00349550286733979,-0.0824461551261685,MV-202-15,sine_steer_python_15kmh,COMPLETED
2608,2026年09月25日_14时38分14秒_第001次,2026-09-25T14:38:14+08:00,2026-09-25T06:38:14Z,26.07,15.0903101283459,-0.0269952079664164,0.134082062883361,107.592901898981,8.70147168519324,108.651129259643,0,0.175702393101487,0.0040989468777005,-0.095212263667865,MV-202-15,sine_steer_python_15kmh,COMPLETED
2609,2026年09月25日_14时38分14秒_第001次,2026-09-25T14:38:14+08:00,2026-09-25T06:38:14Z,26.08,15.0903270650209,-0.0275803832285813,0.212222187457645,107.634819132529,8.70130770253936,108.693046604883,0,0.200723429702429,0.00470173618947706,-0.107963630777878,MV-202-15,sine_steer_python_15kmh,COMPLETED
2610,2026年09月25日_14时38分14秒_第001次,2026-09-25T14:38:14+08:00,2026-09-25T06:38:14Z,26.09,15.0903419106861,-0.0281606720990037,0.290329679876712,107.676736420314,8.70114641043058,108.734964053659,0,0.225712769746961,0.0053037758096869,-0.12069824079875,MV-202-15,sine_steer_python_15kmh,COMPLETED
2611,2026年09月25日_14时38分14秒_第001次,2026-09-25T14:38:14+08:00,2026-09-25T06:38:14Z,26.1,15.0903546562693,-0.0287360091117767,0.368392150510635,107.71865375854,8.70098838311922,108.776881600223,0,0.250666467128612,0.00590497098064326,-0.13341407578895,MV-202-15,sine_steer_python_15kmh,COMPLETED
2612,2026年09月25日_14时38分14秒_第001次,2026-09-25T14:38:14+08:00,2026-09-25T06:38:14Z,26.11,15.0903652942921,-0.029306336326755,0.446397213948379,107.760571143248,8.70083419432675,108.81879923807,0,0.275580581369271,0.00650522717750715,-0.146109116568656,MV-202-15,sine_steer_python_15kmh,COMPLETED
2613,2026年09月25日_14时38分14秒_第001次,2026-09-25T14:38:14+08:00,2026-09-25T06:38:14Z,26.12,15.0903738185088,-0.0298716017473932,0.524332483852195,107.802488570305,8.70068441714776,108.860716959927,0,0.300451178241514,0.00710445010126337,-0.158781343961851,MV-202-15,sine_steer_python_15kmh,COMPLETED
2614,2026年09月25日_14时38分14秒_第001次,2026-09-25T14:38:14+08:00,2026-09-25T06:38:14Z,26.13,15.090380223915,-0.0304317575667825,0.602185576472714,107.844406035374,8.70053962395505,108.902634757727,0,0.325274330389766,0.00770254566902611,-0.17142874014709,MV-202-15,sine_steer_python_15kmh,COMPLETED
2615,2026年09月25日_14时38分14秒_第001次,2026-09-25T14:38:14+08:00,2026-09-25T06:38:14Z,26.14,15.0903845068341,-0.0309867583709377,0.679944114466842,107.886323533903,8.70040038630629,108.944552622596,0,0.350046117950549,0.00829942000350463,-0.184049290041355,MV-202-15,sine_steer_python_15kmh,COMPLETED
2616,2026年09月25日_14时38分14秒_第001次,2026-09-25T14:38:14+08:00,2026-09-25T06:38:14Z,26.15,15.0903866649423,-0.0315365593538705,0.757595726735188,107.928241061101,8.70026727485204,108.986470544835,0,0.374762629171452,0.0088949794223948,-0.196640982685499,MV-202-15,sine_steer_python_15kmh,COMPLETED
2617,2026年09月25日_14时38分14秒_第001次,2026-09-25T14:38:14+08:00,2026-09-25T06:38:14Z,26.16,15.090386697253,-0.0320811145867631,0.835128047305549,107.970158611917,8.70014085924517,109.028388513908,0,0.399419961028815,0.00948913042830294,-0.20920181260573,MV-202-15,sine_steer_python_15kmh,COMPLETED
2618,2026年09月25日_14时38分14秒_第001次,2026-09-25T14:38:14+08:00,2026-09-25T06:38:14Z,26.17,15.0903846040941,-0.0326203754086964,0.912528715993253,108.012076181025,8.70002170805147,109.070306518421,0,0.424014219844109,0.010081779700172,-0.221729781109765,MV-202-15,sine_steer_python_15kmh,COMPLETED
2619,2026年09月25日_14时38分14秒_第001次,2026-09-25T14:38:14+08:00,2026-09-25T06:38:14Z,26.18,15.0903803870878,-0.0331542890053654,0.989785380026113,108.053993762803,8.69991038866143,109.112224546117,0,0.44854152189876,0.0106728340871682,-0.234222897476637,MV-202-15,sine_steer_python_15kmh,COMPLETED
2620,2026年09月25日_14时38分14秒_第001次,2026-09-25T14:38:14+08:00,2026-09-25T06:38:14Z,26.19,15.0903740491276,-0.0336827972151194,1.06688569517438,108.095911351315,8.69980746720305,109.154142583852,0,0.472997994047453,0.0112622006056138,-0.246679180015466,MV-202-15,sine_steer_python_15kmh,COMPLETED
2621,2026年09月25日_14时38分14秒_第001次,2026-09-25T14:38:14+08:00,2026-09-25T06:38:14Z,26.2,15.0903655943535,-0.0342058355815034,1.14381732648306,108.137828940288,8.69971350845554,109.19606061759,0,0.497379774329704,0.011849786439262,-0.259096656980428,MV-202-15,sine_steer_python_15kmh,COMPLETED
2622,2026年09月25日_14时38分14秒_第001次,2026-09-25T14:38:14+08:00,2026-09-25T06:38:14Z,26.21,15.0903550281187,-0.0347233326682636,1.22056794938274,108.179746523103,8.69962907576348,109.237978632388,0,0.521683012579794,0.0124354989431724,-0.271473367331156,MV-202-15,sine_steer_python_15kmh,COMPLETED
2623,2026年09月25日_14时38分14秒_第001次,2026-09-25T14:38:14+08:00,2026-09-25T06:38:14Z,26.22,15.0903423569474,-0.0352352096563385,1.29712525140442,108.221664092765,8.69955473095161,109.279896612383,0,0.545903871034642,0.0130192456514894,-0.283807361325348,MV-202-15,sine_steer_python_15kmh,COMPLETED
2624,2026年09月25日_14时38分14秒_第001次,2026-09-25T14:38:14+08:00,2026-09-25T06:38:14Z,26.23,15.0903275884835,-0.0357413802477636,1.37347693430439,108.263581641894,8.69949103423978,109.321814540784,0,0.570038524939949,0.0136009342895187,-0.296096700927319,MV-202-15,sine_steer_python_15kmh,COMPLETED
2625,2026年09月25日_14时38分14秒_第001次,2026-09-25T14:38:14+08:00,2026-09-25T06:38:14Z,26.24,15.0903107314296,-0.0362417509139531,1.44961071661435,108.305499162704,8.69943854415794,109.363732399857,0,0.594083163154072,0.0141804727906625,-0.308339460008084,MV-202-15,sine_steer_python_15kmh,COMPLETED
2626,2026年09月25日_14时38分14秒_第001次,2026-09-25T14:38:14+08:00,2026-09-25T06:38:14Z,26.25,15.0902917954783,-0.0367362215490624,1.52551433695448,108.347416646982,8.69939781746101,109.405650170918,0,0.618033988749896,0.0147577693191274,-0.320533724298679,MV-202-15,sine_steer_python_15kmh,COMPLETED
2627,2026年09月25日_14时38分14秒_第001次,2026-09-25T14:38:14+08:00,2026-09-25T06:38:14Z,26.26,15.0902707912418,-0.0372246866188309,1.60117555850157,108.389334086076,8.69936940904322,109.447567834323,0,0.641887219614419,0.0153327322997389,-0.332677591039779,MV-202-15,sine_steer_python_15kmh,COMPLETED
2628,2026年09月25日_14时38分14秒_第001次,2026-09-25T14:38:14+08:00,2026-09-25T06:38:14Z,26.27,15.0902477301901,-0.0377070369219469,1.67658217496027,108.431251470873,8.69935387185171,109.489485369458,0,0.665639089045971,0.0159052704565922,-0.344769168254,MV-202-15,sine_steer_python_15kmh,COMPLETED
2629,2026年09月25日_14时38分14秒_第001次,2026-09-25T14:38:14+08:00,2026-09-25T06:38:14Z,26.28,15.0902226245469,-0.0381831620868751,1.75172201756835,108.473168791784,8.6993517567989,109.531402754734,0,0.689285846349037,0.0164752928623686,-0.356806573564744,MV-202-15,sine_steer_python_15kmh,COMPLETED
2630,2026年09月25日_14时38分14秒_第001次,2026-09-25T14:38:14+08:00,2026-09-25T06:38:14Z,26.29,15.0901954870037,-0.0386529538808729,1.8265829619382,108.515086038725,8.69936361267314,109.573319967573,0,0.712823757426497,0.0170427089994967,-0.368787932515507,MV-202-15,sine_steer_python_15kmh,COMPLETED
2631,2026年09月25日_14时38分14秒_第001次,2026-09-25T14:38:14+08:00,2026-09-25T06:38:14Z,26.3,15.0901663314582,-0.0391163103537734,1.90115295083638,108.557003201103,8.69938998604723,109.615236984408,0,0.736249105369356,0.0176074288335792,-0.380711376338806,MV-202-15,sine_steer_python_15kmh,COMPLETED
2632,2026年09月25日_14时38分14秒_第001次,2026-09-25T14:38:14+08:00,2026-09-25T06:38:14Z,26.31,15.0901351734312,-0.0395731407214906,1.97542000789601,108.598920267797,8.69943142118457,109.657153780675,0,0.759558191043608,0.0181693628978157,-0.392575039260877,MV-202-15,sine_steer_python_15kmh,COMPLETED
2633,2026年09月25日_14时38分14秒_第001次,2026-09-25T14:38:14+08:00,2026-09-25T06:38:14Z,26.32,15.0901020298196,-0.0400233702462025,2.04937224279215,108.640837227149,8.69948845994261,109.699070330811,0,0.782747333674402,0.0187284223778925,-0.404377055800522,MV-202-15,sine_steer_python_15kmh,COMPLETED
2634,2026年09月25日_14时38分14秒_第001次,2026-09-25T14:38:14+08:00,2026-09-25T06:38:14Z,26.33,15.0900669192119,-0.0404669443698889,2.12299786637535,108.682754066951,8.69956164167365,109.740986608256,0,0.805812871427328,0.019284519186706,-0.416115558477715,MV-202-15,sine_steer_python_15kmh,COMPLETED
2635,2026年09月25日_14时38分14秒_第001次,2026-09-25T14:38:14+08:00,2026-09-25T06:38:14Z,26.34,15.0900298623527,-0.0409038312286578,2.1962852049651,108.724670774429,8.69965150312445,109.782902585449,0,0.828751161986563,0.0198375660163525,-0.427788676473274,MV-202-15,sine_steer_python_15kmh,COMPLETED
2636,2026年09月25日_14时38分14秒_第001次,2026-09-25T14:38:14+08:00,2026-09-25T06:38:14Z,26.35,15.0899908824133,-0.0413340217620677,2.26922270301295,108.766587336237,8.69975857833596,109.82481823383,0,0.851558583130145,0.0203874763559659,-0.439394535733556,MV-202-15,sine_steer_python_15kmh,COMPLETED
2637,2026年09月25日_14时38分14秒_第001次,2026-09-25T14:38:14+08:00,2026-09-25T06:38:14Z,26.36,15.0899500049728,-0.041757527092277,2.34179891531498,108.808503738449,8.69988339854477,109.866733523848,0,0.874231533301864,0.020934164470458,-0.45093126073319,MV-202-15,sine_steer_python_15kmh,COMPLETED
2638,2026年09月25日_14时38分14秒_第001次,2026-09-25T14:38:14+08:00,2026-09-25T06:38:14Z,26.37,15.0899072577585,-0.0421743735533783,2.41400249491808,108.850419966545,8.7000264920879,109.90864842496,0,0.896766432180061,0.0214775453452837,-0.46239697767962,MV-202-15,sine_steer_python_15kmh,COMPLETED
2639,2026年09月25日_14时38分14秒_第001次,2026-09-25T14:38:14+08:00,2026-09-25T06:38:14Z,26.38,15.0898626702612,-0.0425845963237498,2.48582218001242,108.892336005406,8.70018838431212,109.950562905637,0,0.919159721242971,0.0220175346105661,-0.473789818591908,MV-202-15,sine_steer_python_15kmh,COMPLETED
2640,2026年09月25日_14时38分14秒_第001次,2026-09-25T14:38:14+08:00,2026-09-25T06:38:14Z,26.39,15.089816273354,-0.0429882327610585,2.55724678062793,108.934251839306,8.70036959748833,109.992476933364,0,0.941407864330666,0.0225540484601381,-0.485107925591638,MV-202-15,sine_steer_python_15kmh,COMPLETED
2641,2026年09月25日_14时38分14秒_第001次,2026-09-25T14:38:14+08:00,2026-09-25T06:38:14Z,26.4,15.0897680989939,-0.0433853163246026,2.62826516637971,108.976167451894,8.70057065073062,110.034390474647,0,0.963507348203436,0.0230870035781088,-0.496349454869019,MV-202-15,sine_steer_python_15kmh,COMPLETED
2642,2026年09月25日_14时38分14秒_第001次,2026-09-25T14:38:14+08:00,2026-09-25T06:38:14Z,26.41,15.0897181800284,-0.0437758716091693,2.69886625694975,109.018082826191,8.70079205991969,110.076303495012,0,0.985454683096581,0.0236163170805174,-0.507512580002771,MV-202-15,sine_steer_python_15kmh,COMPLETED
2643,2026年09月25日_14时38分14秒_第001次,2026-09-25T14:38:14+08:00,2026-09-25T06:38:14Z,26.42,15.089666550091,-0.0441599106823334,2.76903901598079,109.059997944577,8.70103433762934,110.118215959007,0,1.00724640327152,0.0241419064749468,-0.518595494512069,MV-202-15,sine_steer_python_15kmh,COMPLETED
2644,2026年09月25日_14时38分14秒_第001次,2026-09-25T14:38:14+08:00,2026-09-25T06:38:14Z,26.43,15.0896132435579,-0.0445374306904266,2.83877244788351,109.10191278878,8.70129799305552,110.160127830212,0,1.02887906756301,0.0246636896377491,-0.529596413655432,MV-202-15,sine_steer_python_15kmh,COMPLETED
2645,2026年09月25日_14时38分14秒_第001次,2026-09-25T14:38:14+08:00,2026-09-25T06:38:14Z,26.44,15.0895582955412,-0.0449084125829693,2.90805559680999,109.143827339868,8.70158353194683,110.202039071239,0,1.05034925992259,0.0251815848068895,-0.540513575561915,MV-202-15,sine_steer_python_15kmh,COMPLETED
2646,2026年09月25日_14时38分14秒_第001次,2026-09-25T14:38:14+08:00,2026-09-25T06:38:14Z,26.45,15.0895017419186,-0.0452728207731787,2.97687754715076,109.185741578241,8.701891456536,110.243949643741,0,1.07165358995799,0.0256955105879243,-0.551345241798865,MV-202-15,sine_steer_python_15kmh,COMPLETED
2647,2026年09月25日_14时38分14秒_第001次,2026-09-25T14:38:14+08:00,2026-09-25T06:38:14Z,26.46,15.0894436193488,-0.0456306034975739,3.04522741789617,109.227655483621,8.70222226547156,110.285859508418,0,1.09278869346854,0.0262053859698399,-0.562089697516985,MV-202-15,sine_steer_python_15kmh,COMPLETED
2648,2026年09月25日_14时38分14秒_第001次,2026-09-25T14:38:14+08:00,2026-09-25T06:38:14Z,26.47,15.0893839630233,-0.0459816940173424,3.11309440450176,109.269569035046,8.70257645374947,110.327768625026,0,1.11375123297637,0.0267111303528688,-0.572745251179573,MV-202-15,sine_steer_python_15kmh,COMPLETED
2649,2026年09月25日_14时38分14秒_第001次,2026-09-25T14:38:14+08:00,2026-09-25T06:38:14Z,26.48,15.0893228084093,-0.0463260126062659,3.18046776783987,109.311482210851,8.70295451264488,110.369676952375,0,1.13453789825351,0.0272126635875929,-0.583310233643893,MV-202-15,sine_steer_python_15kmh,COMPLETED
2650,2026年09月25日_14时38分14秒_第001次,2026-09-25T14:38:14+08:00,2026-09-25T06:38:14Z,26.49,15.0892601965351,-0.0466634677972514,3.24733677113095,109.353394988677,8.70335692964255,110.411584448355,0,1.15514540684454,0.0277099060035808,-0.59378299751255,MV-202-15,sine_steer_python_15kmh,COMPLETED
2651,2026年09月25日_14时38分14秒_第001次,2026-09-25T14:38:14+08:00,2026-09-25T06:38:14Z,26.5,15.0891961706744,-0.0469939582150245,3.3136907125438,109.395307345469,8.7037841883651,110.453491069949,0,1.17557050458494,0.0282027784464479,-0.604161916487151,MV-202-15,sine_steer_python_15kmh,COMPLETED
2652,2026年09月25日_14时38分14秒_第001次,2026-09-25T14:38:14+08:00,2026-09-25T06:38:14Z,26.51,15.0891307719175,-0.0473173753703107,3.3795189821656,109.437219257473,8.70423676850143,110.495396773251,0,1.19580996611504,0.028691202328776,-0.614445384196409,MV-202-15,sine_steer_python_15kmh,COMPLETED
2653,2026年09月25日_14时38分14秒_第001次,2026-09-25T14:38:14+08:00,2026-09-25T06:38:14Z,26.52,15.0890640405384,-0.0476336064988559,3.4448110580669,109.479130700223,8.70471514573432,110.537301513464,0,1.21586059538921,0.0291750996818902,-0.62463181272959,MV-202-15,sine_steer_python_15kmh,COMPLETED
2654,2026年09月25日_14时38分14秒_第001次,2026-09-25T14:38:14+08:00,2026-09-25T06:38:14Z,26.53,15.0889960181406,-0.0479425371383701,3.50955649139008,109.521041648536,8.70521979166641,110.579205244914,0,1.23571922618067,0.0296543932041222,-0.634719631268407,MV-202-15,sine_steer_python_15kmh,COMPLETED
2655,2026年09月25日_14时38分14秒_第001次,2026-09-25T14:38:14+08:00,2026-09-25T06:38:14Z,26.54,15.0889267480728,-0.0482440535834705,3.573744906307,109.56295207651,8.70575117374466,110.621107921067,0,1.2553827225814,0.030129006307518,-0.644707284851424,MV-202-15,sine_steer_python_15kmh,COMPLETED
2656,2026年09月25日_14时38分14秒_第001次,2026-09-25T14:38:14+08:00,2026-09-25T06:38:14Z,26.55,15.0888562747448,-0.0485380452995117,3.63736600946567,109.604861957529,8.70630975518348,110.663009494545,0,1.27484797949738,0.0305988631641366,-0.654593233201031,MV-202-15,sine_steer_python_15kmh,COMPLETED
2657,2026年09月25日_14时38分14秒_第001次,2026-09-25T14:38:14+08:00,2026-09-25T06:38:14Z,26.56,15.0887846430754,-0.0488244071963245,3.70040959909657,109.646771264255,8.70689599488715,110.704909917141,0,1.2941119231389,0.0310638887505163,-0.664375949617387,MV-202-15,sine_steer_python_15kmh,COMPLETED
2658,2026年09月25日_14时38分14秒_第001次,2026-09-25T14:38:14+08:00,2026-09-25T06:38:14Z,26.57,15.0887118984984,-0.049103041620587,3.7628655704132,109.68867996863,8.70751034737131,110.746809139835,0,1.31317151150591,0.0315240088882685,-0.674053920002915,MV-202-15,sine_steer_python_15kmh,COMPLETED
2659,2026年09月25日_14时38分14秒_第001次,2026-09-25T14:38:14+08:00,2026-09-25T06:38:14Z,26.58,15.0886380871799,-0.0493738599857022,3.82472391921213,109.730588041877,8.70815326268394,110.788707112812,0,1.33202373486851,0.0319791502796106,-0.683625642082927,MV-202-15,sine_steer_python_15kmh,COMPLETED
2660,2026年09月25日_14时38分14秒_第001次,2026-09-25T14:38:14+08:00,2026-09-25T06:38:14Z,26.59,15.0885632560899,-0.0496367840128286,3.88597474553139,109.772495454496,8.70882518632608,110.830603785479,0,1.35066561624204,0.0324292405374053,-0.693089624857327,MV-202-15,sine_steer_python_15kmh,COMPLETED
2661,2026年09月25日_14时38分14秒_第001次,2026-09-25T14:38:14+08:00,2026-09-25T06:38:14Z,26.6,15.0884874529076,-0.0498917465732407,3.94660825772155,109.814402176271,8.70952655917261,110.872499106484,0,1.36909421185738,0.0328742082095332,-0.702444388293483,MV-202-15,sine_steer_python_15kmh,COMPLETED
2662,2026年09月25日_14时38分14秒_第001次,2026-09-25T14:38:14+08:00,2026-09-25T06:38:14Z,26.61,15.0884107259028,-0.0501386921288448,4.00661477652162,109.856308176268,8.71025781739343,110.914393023741,0,1.38730661162561,0.0333139827974878,-0.711688463256956,MV-202-15,sine_steer_python_15kmh,COMPLETED
2663,2026年09月25日_14时38分14秒_第001次,2026-09-25T14:38:14+08:00,2026-09-25T06:38:14Z,26.62,15.0883331236563,-0.0503775767620177,4.06598473593205,109.898213422842,8.7110193923754,110.956285484443,0,1.4052999395977,0.0337484947690332,-0.720820391695229,MV-202-15,sine_steer_python_15kmh,COMPLETED
2664,2026年09月25日_14时38分14秒_第001次,2026-09-25T14:38:14+08:00,2026-09-25T06:38:14Z,26.63,15.0882546949825,-0.0506083678316153,4.12470868702584,109.940117883634,8.71181171064525,110.998176435089,0,1.42307135441857,0.0341776755653892,-0.729838727034847,MV-202-15,sine_steer_python_15kmh,COMPLETED
2665,2026年09月25日_14时38分14秒_第001次,2026-09-25T14:38:14+08:00,2026-09-25T06:38:14Z,26.64,15.088175489738,-0.0508310434057435,4.18277731108751,109.982021525578,8.71263519379389,111.040065821505,0,1.44061804977581,0.0346014576050572,-0.7387420346636,MV-202-15,sine_steer_python_15kmh,COMPLETED
2666,2026年09月25日_14时38分14秒_第001次,2026-09-25T14:38:14+08:00,2026-09-25T06:38:14Z,26.65,15.0880955582253,-0.0510455914267156,4.24018141000711,110.023924314908,8.71349025840242,111.081953588866,0,1.45793725484283,0.0350197742836189,-0.747528892650701,MV-202-15,sine_steer_python_15kmh,COMPLETED
2667,2026年09月25日_14时38分14秒_第001次,2026-09-25T14:38:14+08:00,2026-09-25T06:38:14Z,26.66,15.0880149508042,-0.051252008542813,4.29691190352013,110.065826217159,8.71437731596951,111.123839681723,0,1.47502623471634,0.0354325599685406,-0.756197892660473,MV-202-15,sine_steer_python_15kmh,COMPLETED
2668,2026年09月25日_14时38分14秒_第001次,2026-09-25T14:38:14+08:00,2026-09-25T06:38:14Z,26.67,15.0879337186898,-0.0514502988962924,4.352959844388,110.107727197176,8.71529677284058,111.165724044023,0,1.49188229084837,0.0358397499930821,-0.764747640828843,MV-202-15,sine_steer_python_15kmh,COMPLETED
2669,2026年09月25日_14时38分14秒_第001次,2026-09-25T14:38:14+08:00,2026-09-25T06:38:14Z,26.68,15.0878519136261,-0.0516404728559535,4.40831641362802,110.149627219121,8.71624903013929,111.207606619135,0,1.5085027614722,0.0362412806491291,-0.773176758738771,MV-202-15,sine_steer_python_15kmh,COMPLETED
2670,2026年09月25日_14时38分14秒_第001次,2026-09-25T14:38:14+08:00,2026-09-25T06:38:14Z,26.69,15.0877695874218,-0.0518225455991431,4.46297291627869,110.191526246478,8.71723448370065,111.249487349878,0,1.5248850220229,0.0366370891775933,-0.781483884499794,MV-202-15,sine_steer_python_15kmh,COMPLETED
2671,2026年09月25日_14时38分14秒_第001次,2026-09-25T14:38:14+08:00,2026-09-25T06:38:14Z,26.7,15.087686791879,-0.0519965356856916,4.51692078335853,110.233424242062,8.71825352400604,111.291366178543,0,1.54102648555158,0.0370271137583835,-0.789667673814857,MV-202-15,sine_steer_python_15kmh,COMPLETED
2672,2026年09月25日_14时38分14秒_第001次,2026-09-25T14:38:14+08:00,2026-09-25T06:38:14Z,26.71,15.0876035792929,-0.0521624637013456,4.57015156966729,110.275321168026,8.71930653612025,111.333243046916,0,1.55692460313405,0.037411293501067,-0.797726800975258,MV-202-15,sine_steer_python_15kmh,COMPLETED
2673,2026年09月25日_14时38分14秒_第001次,2026-09-25T14:38:14+08:00,2026-09-25T06:38:14Z,26.72,15.0875200024577,-0.0523203509268895,4.62265695701861,110.317216985869,8.72039389963049,111.375117896313,0,1.57257686427324,0.0377895684355932,-0.805659959871876,MV-202-15,sine_steer_python_15kmh,COMPLETED
2674,2026年09月25日_14时38分14秒_第001次,2026-09-25T14:38:14+08:00,2026-09-25T06:38:14Z,26.73,15.0874361142861,-0.0524702181312481,4.67442875827237,110.359111656449,8.72151598858716,111.4169906676,0,1.58798079729567,0.0381618795044898,-0.813465864958743,MV-202-15,sine_steer_python_15kmh,COMPLETED
2675,2026年09月25日_14时38分14秒_第001次,2026-09-25T14:38:14+08:00,2026-09-25T06:38:14Z,26.74,15.0873519677683,-0.0526120844931339,4.72545891433465,110.401005139993,8.72267317144656,111.458861301225,0,1.60313396974175,0.0385281685566089,-0.821143252122082,MV-202-15,sine_steer_python_15kmh,COMPLETED
2676,2026年09月25日_14时38分14秒_第001次,2026-09-25T14:38:14+08:00,2026-09-25T06:38:14Z,26.75,15.0872676160127,-0.0527459666356127,4.77573949127177,110.442897396103,8.72386581101524,111.500729737246,0,1.61803398874989,0.0388883783422139,-0.828690879478408,MV-202-15,sine_steer_python_15kmh,COMPLETED
2677,2026年09月25日_14时38分14秒_第001次,2026-09-25T14:38:14+08:00,2026-09-25T06:38:14Z,26.76,15.087183112227,-0.0528718778088424,4.82526268078111,110.484788383772,8.72509426439582,111.542595915358,0,1.63267850143437,0.0392424525099234,-0.836107528088133,MV-202-15,sine_steer_python_15kmh,COMPLETED
2678,2026年09月25日_14时38分14秒_第001次,2026-09-25T14:38:14+08:00,2026-09-25T06:38:14Z,26.77,15.0870985096746,-0.0529898272569469,4.87402080143996,110.526678061395,8.72635888293442,111.584459774925,0,1.64706519525685,0.0395903356060393,-0.843392002560356,MV-202-15,sine_steer_python_15kmh,COMPLETED
2679,2026年09月25日_14时38分14秒_第001次,2026-09-25T14:38:14+08:00,2026-09-25T06:38:14Z,26.78,15.087013861643,-0.0530998197739587,4.92200629849001,110.568566386778,8.72766001216945,111.626321255011,0,1.66119179839163,0.0399319730763572,-0.85054313154255,MV-202-15,sine_steer_python_15kmh,COMPLETED
2680,2026年09月25日_14时38分14秒_第001次,2026-09-25T14:38:14+08:00,2026-09-25T06:38:14Z,26.79,15.0869292214181,-0.0532018554407259,4.96921174286276,110.610453317156,8.7289979917816,111.668180294408,0,1.67505608008428,0.0402673112703534,-0.857559768099344,MV-202-15,sine_steer_python_15kmh,COMPLETED
2681,2026年09月25日_14时38分14秒_第001次,2026-09-25T14:38:14+08:00,2026-09-25T06:38:14Z,26.8,15.0868446422531,-0.0532959295414599,5.01562983076599,110.652338809206,8.73037315554493,111.710036831667,0,1.68865585100403,0.0405962974477611,-0.864440789981142,MV-202-15,sine_steer_python_15kmh,COMPLETED
2682,2026年09月25日_14时38分14秒_第001次,2026-09-25T14:38:14+08:00,2026-09-25T06:38:14Z,26.81,15.0867601772795,-0.0533820326593028,5.06125338458012,110.694222819057,8.73178583127897,111.751890805134,0,1.70198896358938,0.0409188797875379,-0.8711850997853,MV-202-15,sine_steer_python_15kmh,COMPLETED
2683,2026年09月25日_14时38分14秒_第001次,2026-09-25T14:38:14+08:00,2026-09-25T06:38:14Z,26.82,15.0866758791346,-0.053460150942898,5.10607535693973,110.736105302307,8.73323634080161,111.793742152974,0,1.7150533123873,0.0412350073991351,-0.87779162502907,MV-202-15,sine_steer_python_15kmh,COMPLETED
2684,2026年09月25日_14时38分14秒_第001次,2026-09-25T14:38:14+08:00,2026-09-25T06:38:14Z,26.83,15.0865918007665,-0.0535302665797684,5.15008881851924,110.77798621404,8.73472499988283,111.835590813208,0,1.72784683438567,0.041544630336597,-0.884259318015164,MV-202-15,sine_steer_python_15kmh,COMPLETED
2685,2026年09月25日_14时38分14秒_第001次,2026-09-25T14:38:14+08:00,2026-09-25T06:38:14Z,26.84,15.0865079953404,-0.0535923582743932,5.19328696267055,110.819865508839,8.7362521181988,111.877436723746,0,1.74036750933905,0.0418476996126255,-0.890587155746632,MV-202-15,sine_steer_python_15kmh,COMPLETED
2686,2026年09月25日_14时38分14秒_第001次,2026-09-25T14:38:14+08:00,2026-09-25T06:38:14Z,26.85,15.086424515686,-0.0536464019037175,5.23566311507259,110.861743140805,8.73781799928663,111.919279822416,0,1.75261336008773,0.0421441672150781,-0.8967741397599,MV-202-15,sine_steer_python_15kmh,COMPLETED
2687,2026年09月25日_14时38分14秒_第001次,2026-09-25T14:38:14+08:00,2026-09-25T06:38:14Z,26.86,15.0863414136485,-0.053692371216143,5.2772107236253,110.903619063574,8.7394229404997,111.961120047001,0,1.7645824528699,0.0424339861240032,-0.902819295932762,MV-202-15,sine_steer_python_15kmh,COMPLETED
2688,2026年09月25日_14时38分14秒_第001次,2026-09-25T14:38:14+08:00,2026-09-25T06:38:14Z,26.87,15.0862587409579,-0.0537302386506201,5.31792336781545,110.945493230329,8.74106723296321,112.002957335268,0,1.77627289762709,0.0427171103303153,-0.908721674110372,MV-202-15,sine_steer_python_15kmh,COMPLETED
2689,2026年09月25日_14时38分14秒_第001次,2026-09-25T14:38:14+08:00,2026-09-25T06:38:14Z,26.88,15.0861765499831,-0.0537599762842305,5.35779476576746,110.987365593826,8.74275116153049,112.044791625003,0,1.78768284830253,0.0429934948562374,-0.914480347651204,MV-202-15,sine_steer_python_15kmh,COMPLETED
2690,2026年09月25日_14时38分14秒_第001次,2026-09-25T14:38:14+08:00,2026-09-25T06:38:14Z,26.89,15.0860948926203,-0.0537815566320893,5.39681876578515,111.029236106407,8.74447500473971,112.086622854049,0,1.79881050313274,0.0432630957735836,-0.920094413181681,MV-202-15,sine_steer_python_15kmh,COMPLETED
2691,2026年09月25日_14时38分14秒_第001次,2026-09-25T14:38:14+08:00,2026-09-25T06:38:14Z,26.9,15.0860138195171,-0.0537949533209129,5.43498934567772,111.071104720023,8.74623903477064,112.128450960335,0,1.80965410493204,0.0435258702201619,-0.925562990399016,MV-202-15,sine_steer_python_15kmh,COMPLETED
2692,2026年09月25日_14时38分14秒_第001次,2026-09-25T14:38:14+08:00,2026-09-25T06:38:14Z,26.91,15.0859333820305,-0.0538001417633036,5.47230059454223,111.11297138625,8.74804351740205,112.170275881915,0,1.82021194136999,0.0437817764161024,-0.93088522167631,MV-202-15,sine_steer_python_15kmh,COMPLETED
2693,2026年09月25日_14时38分14秒_第001次,2026-09-25T14:38:14+08:00,2026-09-25T06:38:14Z,26.92,15.0858536313355,-0.0537970995973874,5.50874673899374,111.154836056313,8.74988871196948,112.212097557001,0,1.83048234524183,0.0440307736767423,-0.936060271999032,MV-202-15,sine_steer_python_15kmh,COMPLETED
2694,2026年09月25日_14时38分14秒_第001次,2026-09-25T14:38:14+08:00,2026-09-25T06:38:14Z,26.93,15.0857746178007,-0.0537858072335576,5.54432215363023,111.196698681108,8.7517748713242,112.253915924001,0,1.84046369473174,0.044272822426926,-0.941087328813999,MV-202-15,sine_steer_python_15kmh,COMPLETED
2695,2026年09月25日_14时38分14秒_第001次,2026-09-25T14:38:14+08:00,2026-09-25T06:38:14Z,26.94,15.0856963912288,-0.0537662483001261,5.57902134927241,111.238559211218,8.75370224179295,112.295730921553,0,1.85015441366892,0.0445078842137555,-0.945965601872635,MV-202-15,sine_steer_python_15kmh,COMPLETED
2696,2026年09月25日_14时38分14秒_第001次,2026-09-25T14:38:14+08:00,2026-09-25T06:38:14Z,26.95,15.0856190009621,-0.0537384098689921,5.61283896678433,111.280417596937,8.75567106313818,112.337542488558,0,1.8595529717765,0.044735921716077,-0.950694323210321,MV-202-15,sine_steer_python_15kmh,COMPLETED
2697,2026年09月25日_14时38分14秒_第001次,2026-09-25T14:38:14+08:00,2026-09-25T06:38:14Z,26.96,15.0855424957686,-0.0537022825590447,5.64576978256128,111.322273788295,8.75768156851931,112.37935056422,0,1.86865788491323,0.0449568987520777,-0.955272747210396,MV-202-15,sine_steer_python_15kmh,COMPLETED
2698,2026年09月25日_14时38分14秒_第001次,2026-09-25T14:38:14+08:00,2026-09-25T06:38:14Z,26.97,15.0854669237937,-0.0536578605966047,5.67780871413603,111.364127735073,8.75973398445501,112.421155088075,0,1.87746771530774,0.0451707802861051,-0.959700150685089,MV-202-15,sine_steer_python_15kmh,COMPLETED
2699,2026年09月25日_14时38分14秒_第001次,2026-09-25T14:38:14+08:00,2026-09-25T06:38:14Z,26.98,15.0853923326003,-0.0536051418103642,5.70895082026257,111.405979386832,8.76182853078669,112.462956000035,0,1.88598107178573,0.045377532434387,-0.963975832985645,MV-202-15,sine_steer_python_15kmh,COMPLETED
2700,2026年09月25日_14时38分14秒_第001次,2026-09-25T14:38:14+08:00,2026-09-25T06:38:14Z,26.99,15.0853187691667,-0.0535441275287599,5.73919129947726,111.447828692937,8.76396542064318,112.504753240415,0,1.89419660998949,0.0455771224691801,-0.96809911617036,MV-202-15,sine_steer_python_15kmh,COMPLETED
2701,2026年09月25日_14时38分14秒_第001次,2026-09-25T14:38:14+08:00,2026-09-25T06:38:14Z,27,15.0852462798268,-0.0534748223953395,5.7685254907947,111.489675602573,8.76614486040642,112.546546749975,0,1.90211303259031,0.0457695188215606,-0.972069345223189,MV-202-15,sine_steer_python_15kmh,COMPLETED
2702,2026年09月25日_14时38分14秒_第001次,2026-09-25T14:38:14+08:00,2026-09-25T06:38:14Z,27.01,15.0851749097687,-0.0533972341293853,5.7969488805571,111.531520064776,8.76836704967858,112.588336469952,0,1.90972908949328,0.0459546910832348,-0.975885888334914,MV-202-15,sine_steer_python_15kmh,COMPLETED
2703,2026年09月25日_14时38分14秒_第001次,2026-09-25T14:38:14+08:00,2026-09-25T06:38:14Z,27.02,15.0851047035042,-0.0533113732902868,5.82445709582849,111.573362028455,8.77063218125044,112.630122342096,0,1.91704357803475,0.0461326100081983,-0.979548137108257,MV-202-15,sine_steer_python_15kmh,COMPLETED
2704,2026年09月25日_14时38分14秒_第001次,2026-09-25T14:38:14+08:00,2026-09-25T06:38:14Z,27.03,15.0850357055897,-0.053217252948251,5.85104589755415,111.615201442415,8.77294044107108,112.671904308705,0,1.92405534317217,0.046303247512852,-0.983055506797233,MV-202-15,sine_steer_python_15kmh,COMPLETED
2705,2026年09月25日_14时38分14秒_第001次,2026-09-25T14:38:14+08:00,2026-09-25T06:38:14Z,27.04,15.0849679597493,-0.0531148882698637,5.87671119633886,111.657038255385,8.77529200821881,112.713682312666,0,1.93076327766655,0.046466576674683,-0.986407436713564,MV-202-15,sine_steer_python_15kmh,COMPLETED
2706,2026年09月25日_14时38分14秒_第001次,2026-09-25T14:38:14+08:00,2026-09-25T06:38:14Z,27.05,15.0849015086758,-0.0530042962035439,5.90144905413868,111.698872416044,8.77768705487378,112.755456297487,0,1.93716632225726,0.0466225717321486,-0.989603390521336,MV-202-15,sine_steer_python_15kmh,COMPLETED
2707,2026年09月25日_14时38分14秒_第001次,2026-09-25T14:38:14+08:00,2026-09-25T06:38:14Z,27.06,15.0848363942146,-0.0528854951463998,5.92525567757418,111.740703873044,8.78012574629192,112.797226207333,0,1.94326346582935,0.0467712080840751,-0.992642856511882,MV-202-15,sine_steer_python_15kmh,COMPLETED
2708,2026年09月25日_14时38分14秒_第001次,2026-09-25T14:38:14+08:00,2026-09-25T06:38:14Z,27.07,15.0847726573884,-0.0527585045677382,5.94812741646819,111.782532575037,8.78260824078019,112.838991987059,0,1.94905374557315,0.0469124622882209,-0.995525347914129,MV-202-15,sine_steer_python_15kmh,COMPLETED
2709,2026年09月25日_14时38分14秒_第001次,2026-09-25T14:38:14+08:00,2026-09-25T06:38:14Z,27.08,15.0847103383167,-0.0526233446568859,5.97006076728502,111.824358470702,8.78513468967318,112.880753582249,0,1.95453624713639,0.0470463120599601,-0.998250403195755,MV-202-15,sine_steer_python_15kmh,COMPLETED
2710,2026年09月25日_14时38分14秒_第001次,2026-09-25T14:38:14+08:00,2026-09-25T06:38:14Z,27.09,15.0846494761922,-0.052480036029585,5.99105237518277,111.866181508768,8.78770523731119,112.92251093925,0,1.95971010476849,0.0471727362715829,-1.00081758632235,MV-202-15,sine_steer_python_15kmh,COMPLETED
2711,2026年09月25日_14时38分14秒_第001次,2026-09-25T14:38:14+08:00,2026-09-25T06:38:14Z,27.1,15.0845901092921,-0.052328599479204,6.01109903339927,111.908001638044,8.79032002101975,112.964264005206,0,1.96457450145738,0.0472917149520188,-1.00322648698394,MV-202-15,sine_steer_python_15kmh,COMPLETED
2712,2026年09月25日_14时38分14秒_第001次,2026-09-25T14:38:14+08:00,2026-09-25T06:38:14Z,27.11,15.0845322749617,-0.0521690557646785,6.03019768257861,111.949818807445,8.79297917109029,113.006012728089,0,1.96912866905841,0.0474032292868757,-1.00547672079857,MV-202-15,sine_steer_python_15kmh,COMPLETED
2713,2026年09月25日_14时38分14秒_第001次,2026-09-25T14:38:14+08:00,2026-09-25T06:38:14Z,27.12,15.084476009574,-0.0520014254484673,6.04834541127807,111.991632966018,8.79568281076229,113.047757056741,0,1.97337188841573,0.0475072616189844,-1.00756792948408,MV-202-15,sine_steer_python_15kmh,COMPLETED
2714,2026年09月25日_14时38分14秒_第001次,2026-09-25T14:38:14+08:00,2026-09-25T06:38:14Z,27.13,15.0844213485027,-0.0518257287968725,6.06553945678688,112.033444062969,8.79843105620655,113.089496940901,0,1.97730348947583,0.0476037954496347,-1.00949978098777,MV-202-15,sine_steer_python_15kmh,COMPLETED
2715,2026年09月25日_14时38分14秒_第001次,2026-09-25T14:38:14+08:00,2026-09-25T06:38:14Z,27.14,15.0843683261105,-0.0516419857415131,6.08177720547328,112.075252047692,8.80122401650975,113.131232331243,0,1.9809228513933,0.0476928154404893,-1.01127196957415,MV-202-15,sine_steer_python_15kmh,COMPLETED
2716,2026年09月25日_14时38分14秒_第001次,2026-09-25T14:38:14+08:00,2026-09-25T06:38:14Z,27.15,15.0843169757349,-0.051450215895069,6.0970561928569,112.117056869793,8.80406179366015,113.172963179406,0,1.98422940262896,0.0477743074160862,-1.01288421587586,MV-202-15,sine_steer_python_15kmh,COMPLETED
2717,2026年09月25日_14时38分14秒_第001次,2026-09-25T14:38:14+08:00,2026-09-25T06:38:14Z,27.16,15.0842673296658,-0.0512504386168878,6.11137410380953,112.158858479121,8.80694448253448,113.214689438029,0,1.98722262104002,0.0478482583668716,-1.01433626691068,MV-202-15,sine_steer_python_15kmh,COMPLETED
2718,2026年09月25日_14时38分14秒_第001次,2026-09-25T14:38:14+08:00,2026-09-25T06:38:14Z,27.17,15.084219419121,-0.0510426731255062,6.12472877290318,112.200656825796,8.80987217088582,113.256411060785,0,1.9899020339626,0.0479146564527265,-1.01562789606565,MV-202-15,sine_steer_python_15kmh,COMPLETED
2719,2026年09月25日_14时38分14秒_第001次,2026-09-25T14:38:14+08:00,2026-09-25T06:38:14Z,27.18,15.0841732742266,-0.0508269386526802,6.13711818472211,112.242451860233,8.8128449393327,113.298128002411,0,1.99226721828634,0.0479734910069163,-1.01675890305084,MV-202-15,sine_steer_python_15kmh,COMPLETED
2720,2026年09月25日_14时38分14秒_第001次,2026-09-25T14:38:14+08:00,2026-09-25T06:38:14Z,27.19,15.0841289239986,-0.0506032546304797,6.14854047407859,112.284243533174,8.81586286134907,113.339840218739,0,1.99431780052123,0.0480247525403453,-1.01772911382775,MV-202-15,sine_steer_python_15kmh,COMPLETED
2721,2026年09月25日_14时38分14秒_第001次,2026-09-25T14:38:14+08:00,2026-09-25T06:38:14Z,27.2,15.0840863969264,-0.0503718726406829,6.15899330468458,112.326031795726,8.81892600306122,113.38154766676,0,1.99605345685654,0.048068436058886,-1.01853824027,MV-202-15,sine_steer_python_15kmh,COMPLETED
2722,2026年09月25日_14时38分14秒_第001次,2026-09-25T14:38:14+08:00,2026-09-25T06:38:14Z,27.21,15.0840457158509,-0.0501328447961416,6.16847719270565,112.36781659935,8.82203442378542,113.423250304572,0,1.99747391321203,0.0481045349216636,-1.01918614055812,MV-202-15,sine_steer_python_15kmh,COMPLETED
2723,2026年09月25日_14时38分14秒_第001次,2026-09-25T14:38:14+08:00,2026-09-25T06:38:14Z,27.22,15.0840069128026,-0.0498860220183287,6.17698748397049,112.409597895974,8.82518817491052,113.464948091529,0,1.99857894528118,0.0481330407938882,-1.01967282010248,MV-202-15,sine_steer_python_15kmh,COMPLETED
2724,2026年09月25日_14时38分14秒_第001次,2026-09-25T14:38:14+08:00,2026-09-25T06:38:14Z,27.23,15.0839700069401,-0.0496314305330131,6.18452595186792,112.451375637897,8.82838730161776,113.506640988146,0,1.9993683785666,0.048153949006244,-1.01999820649267,MV-202-15,sine_steer_python_15kmh,COMPLETED
2725,2026年09月25日_14时38分14秒_第001次,2026-09-25T14:38:14+08:00,2026-09-25T06:38:14Z,27.24,15.0839350243783,-0.0493689553717827,6.19108920371226,112.493149777931,8.83163184117659,113.548328956222,0,1.99984208840763,0.0481672540516399,-1.02016233859206,MV-202-15,sine_steer_python_15kmh,COMPLETED
2726,2026年09月25日_14时38分14秒_第001次,2026-09-25T14:38:14+08:00,2026-09-25T06:38:14Z,27.25,15.0839019857326,-0.0490987770589945,6.1966776300226,112.534920269346,8.83492182421085,113.590011958824,0,2,0.0481729558118003,-1.02016510402282,MV-202-15,sine_steer_python_15kmh,COMPLETED
2727,2026年09月25日_14时38分14秒_第001次,2026-09-25T14:38:14+08:00,2026-09-25T06:38:14Z,27.26,15.0838709110523,-0.0488209776341043,6.20129002501659,112.576687065952,8.83825727386087,113.63168996033,0,1.99984208840763,0.0481710539602141,-1.02000647567374,MV-202-15,sine_steer_python_15kmh,COMPLETED
2728,2026年09月25日_14时38分14秒_第001次,2026-09-25T14:38:14+08:00,2026-09-25T06:38:14Z,27.27,15.0838418212714,-0.0485355604743268,6.20492583974472,112.618450122112,8.84163820603985,113.67336292646,0,1.9993683785666,0.0481615482339729,-1.01968650009281,MV-202-15,sine_steer_python_15kmh,COMPLETED
2729,2026年09月25日_14时38分14秒_第001次,2026-09-25T14:38:14+08:00,2026-09-25T06:38:14Z,27.28,15.0838147343059,-0.0482424578208452,6.20758425335118,112.660209392761,8.84506462960296,113.715030824295,0,1.99857894528118,0.0481444385319784,-1.01920529362913,MV-202-15,sine_steer_python_15kmh,COMPLETED
2730,2026年09月25日_14时38分14秒_第001次,2026-09-25T14:38:14+08:00,2026-09-25T06:38:14Z,27.29,15.0837896670399,-0.0479415238671533,6.20926522448424,112.70196483343,8.84853654628181,113.756693622294,0,1.99747391321204,0.0481197248074504,-1.0185630468128,MV-202-15,sine_steer_python_15kmh,COMPLETED
2731,2026年09月25日_14时38分14秒_第001次,2026-09-25T14:38:14+08:00,2026-09-25T06:38:14Z,27.3,15.0837666358085,-0.0476325579117753,6.20996855582943,112.743716400273,8.85205395077297,113.798351290323,0,1.99605345685654,0.0480874073892283,-1.01776001069222,MV-202-15,sine_steer_python_15kmh,COMPLETED
2732,2026年09月25日_14时38分14秒_第001次,2026-09-25T14:38:14+08:00,2026-09-25T06:38:14Z,27.31,15.0837456558263,-0.0473153183521041,6.20969426753726,112.785464050089,8.85561683078138,113.840003799673,0,1.99431780052123,0.0480474871746877,-1.0167964886737,MV-202-15,sine_steer_python_15kmh,COMPLETED
2733,2026年09月25日_14时38分14秒_第001次,2026-09-25T14:38:14+08:00,2026-09-25T06:38:14Z,27.32,15.0837267416134,-0.0469899242718147,6.20844153491543,112.827207740378,8.85922516672236,113.88165112314,0,1.99226721828634,0.0479999713651013,-1.01567259371564,MV-202-15,sine_steer_python_15kmh,COMPLETED
2734,2026年09月25日_14时38分14秒_第001次,2026-09-25T14:38:14+08:00,2026-09-25T06:38:14Z,27.33,15.0837098997707,-0.0466565355450656,6.20621318102496,112.868947429306,8.86287893232832,113.923293234949,0,1.9899020339626,0.0479448689340505,-1.01438844059555,MV-202-15,sine_steer_python_15kmh,COMPLETED
2735,2026年09月25日_14时38分14秒_第001次,2026-09-25T14:38:14+08:00,2026-09-25T06:38:14Z,27.34,15.083695147658,-0.0463152189789701,6.20300627182032,112.910683075859,8.86657809323635,113.964930110929,0,1.98722262104002,0.0478821887174308,-1.01294422522778,MV-202-15,sine_steer_python_15kmh,COMPLETED
2736,2026年09月25日_14时38分14秒_第001次,2026-09-25T14:38:14+08:00,2026-09-25T06:38:14Z,27.35,15.0836824896458,-0.0459663701788555,6.19882406930159,112.952414639736,8.87032260865805,114.006561728408,0,1.98422940262896,0.047811945431981,-1.01133997169482,MV-202-15,sine_steer_python_15kmh,COMPLETED
2737,2026年09月25日_14时38分14秒_第001次,2026-09-25T14:38:14+08:00,2026-09-25T06:38:14Z,27.36,15.0836719347666,-0.04561009836297,6.19366599863682,112.994142081483,8.87411242993838,114.048188066304,0,1.9809228513933,0.04773415091796,-1.00957590139906,MV-202-15,sine_steer_python_15kmh,COMPLETED
2738,2026年09月25日_14时38分14秒_第001次,2026-09-25T14:38:14+08:00,2026-09-25T06:38:14Z,27.37,15.0836634912353,-0.0452464958963032,6.18753296684058,113.035865362465,8.87794750144309,114.089809105124,0,1.97730348947583,0.0476488179567598,-1.00765227180895,MV-202-15,sine_steer_python_15kmh,COMPLETED
2739,2026年09月25日_14时38分14秒_第001次,2026-09-25T14:38:14+08:00,2026-09-25T06:38:14Z,27.38,15.0836571635428,-0.0448756564389367,6.18042613373108,113.077584444897,8.88182776035929,114.13142482698,0,1.97337188841574,0.0475559605264121,-1.00556936574139,MV-202-15,sine_steer_python_15kmh,COMPLETED
2740,2026年09月25日_14时38分14秒_第001次,2026-09-25T14:38:14+08:00,2026-09-25T06:38:14Z,27.39,15.0836529553988,-0.044497671711028,6.17234666382739,113.119299291873,8.8857531367201,114.173035215608,0,1.96912866905841,0.0474555937533612,-1.00332749303856,MV-202-15,sine_steer_python_15kmh,COMPLETED
2741,2026年09月25日_14时38分14秒_第001次,2026-09-25T14:38:14+08:00,2026-09-25T06:38:14Z,27.4,15.0836508697549,-0.0441126303196988,6.16329585319448,113.161009867391,8.88972355342568,114.214640256394,0,1.96457450145738,0.0473477338931477,-1.00092699123307,MV-202-15,sine_steer_python_15kmh,COMPLETED
2742,2026年09月25日_14时38分14秒_第001次,2026-09-25T14:38:14+08:00,2026-09-25T06:38:14Z,27.41,15.0836509079129,-0.0437206172942062,6.15327515708927,113.202716136378,8.89373892625947,114.256239936389,0,1.95971010476849,0.0472323983208956,-0.998368225855465,MV-202-15,sine_steer_python_15kmh,COMPLETED
2743,2026年09月25日_14时38分14秒_第001次,2026-09-25T14:38:14+08:00,2026-09-25T06:38:14Z,27.42,15.0836530696236,-0.0433217134182357,6.14228618566173,113.244418064716,8.89779916390664,114.297834244332,0,1.95453624713639,0.0471096055186603,-0.995651590786568,MV-202-15,sine_steer_python_15kmh,COMPLETED
2744,2026年09月25日_14时38分14秒_第001次,2026-09-25T14:38:14+08:00,2026-09-25T06:38:14Z,27.43,15.0836573534127,-0.0429159942677658,6.13033069299022,113.286115619265,8.90190416797445,114.339423170665,0,1.94905374557315,0.0469793750583064,-0.99277750876998,MV-202-15,sine_steer_python_15kmh,COMPLETED
2745,2026年09月25日_14时38分14秒_第001次,2026-09-25T14:38:14+08:00,2026-09-25T06:38:14Z,27.44,15.0836637565677,-0.0425035291453523,6.11741057454669,113.327808767886,8.90605383301481,114.381006707554,0,1.94326346582935,0.0468417275826087,-0.989746432013455,MV-202-15,sine_steer_python_15kmh,COMPLETED
2746,2026年09月25日_14时38分14秒_第001次,2026-09-25T14:38:14+08:00,2026-09-25T06:38:14Z,27.45,15.0836722750152,-0.0420843801891125,6.10352787073328,113.36949747947,8.91024804654886,114.422584848899,0,1.93716632225726,0.0466966847885425,-0.98655884269376,MV-202-15,sine_steer_python_15kmh,COMPLETED
2747,2026年09月25日_14时38分14秒_第001次,2026-09-25T14:38:14+08:00,2026-09-25T06:38:14Z,27.46,15.0836829033143,-0.0416586018488805,6.08868476833231,113.411181723955,8.9144866890937,114.464157590356,0,1.93076327766655,0.0465442694155366,-0.983215253230649,MV-202-15,sine_steer_python_15kmh,COMPLETED
2748,2026年09月25日_14时38分14秒_第001次,2026-09-25T14:38:14+08:00,2026-09-25T06:38:14Z,27.47,15.0836956347121,-0.0412262408289301,6.07288359870482,113.452861472352,8.91876963419069,114.505724929344,0,1.92405534317217,0.0463845052401538,-0.979716206272219,MV-202-15,sine_steer_python_15kmh,COMPLETED
2749,2026年09月25日_14时38分14秒_第001次,2026-09-25T14:38:14+08:00,2026-09-25T06:38:14Z,27.48,15.0837104611639,-0.040787336562032,6.05612683613055,113.494536696766,8.92309674843483,114.54728686506,0,1.91704357803475,0.0462174170781796,-0.976062274357494,MV-202-15,sine_steer_python_15kmh,COMPLETED
2750,2026年09月25日_14时38分14秒_第001次,2026-09-25T14:38:14+08:00,2026-09-25T06:38:14Z,27.49,15.0837273733218,-0.0403419222452342,6.03841709770466,113.536207370418,8.92746789150459,114.588843398489,0,1.90972908949328,0.0460430307946181,-0.972254059234778,MV-202-15,sine_steer_python_15kmh,COMPLETED
2751,2026年09月25日_14时38分14秒_第001次,2026-09-25T14:38:14+08:00,2026-09-25T06:38:14Z,27.5,15.0837463605347,-0.0398900263958709,6.01975714369664,113.577873467668,8.93188291619181,114.630394532412,0,1.90211303259031,0.0458613733210685,-0.968292190855047,MV-202-15,sine_steer_python_15kmh,COMPLETED
2752,2026年09月25日_14时38分14秒_第001次,2026-09-25T14:38:14+08:00,2026-09-25T06:38:14Z,27.51,15.0837674108621,-0.0394316748061025,6.00014987751548,113.619534964036,8.93634166843106,114.671940271421,0,1.89419660998949,0.0456724726788037,-0.964177326111077,MV-202-15,sine_steer_python_15kmh,COMPLETED
2753,2026年09月25日_14时38分14秒_第001次,2026-09-25T14:38:14+08:00,2026-09-25T06:38:14Z,27.52,15.0837905110852,-0.0389668927220252,5.97959834556329,113.661191836219,8.94084398732834,114.71348062192,0,1.88598107178573,0.0454763580051128,-0.959910147426945,MV-202-15,sine_steer_python_15kmh,COMPLETED
2754,2026年09月25日_14时38分14秒_第001次,2026-09-25T14:38:14+08:00,2026-09-25T06:38:14Z,27.53,15.0838156467104,-0.0384957070543476,5.95810573741943,113.702844062119,8.94538970518886,114.75501559214,0,1.87746771530775,0.0452730595801763,-0.955491361313872,MV-202-15,sine_steer_python_15kmh,COMPLETED
2755,2026年09月25日_14时38分14秒_第001次,2026-09-25T14:38:14+08:00,2026-09-25T06:38:14Z,27.54,15.0838428019737,-0.0380181484322247,5.93567538629855,113.744491620856,8.949978647544,114.796545192143,0,1.86865788491322,0.0450626088517823,-0.950921697005629,MV-202-15,sine_steer_python_15kmh,COMPLETED
2756,2026年09月25日_14时38分14秒_第001次,2026-09-25T14:38:14+08:00,2026-09-25T06:38:14Z,27.55,15.0838719598493,-0.0375342529355966,5.91231076951715,113.786134492793,8.95461063317775,114.838069433831,0,1.8595529717765,0.0448450384555152,-0.946201905273693,MV-202-15,sine_steer_python_15kmh,COMPLETED
2757,2026年09月25日_14时38分14秒_第001次,2026-09-25T14:38:14+08:00,2026-09-25T06:38:14Z,27.56,15.0839031020598,-0.0370440633844782,5.88801550886794,113.827772659553,8.95928547415305,114.879588330956,0,1.85015441366891,0.0446203822286405,-0.94133275749752,MV-202-15,sine_steer_python_15kmh,COMPLETED
2758,2026年09月25日_14时38分14秒_第001次,2026-09-25T14:38:14+08:00,2026-09-25T06:38:14Z,27.57,15.0839362090862,-0.0365476301214489,5.86279337092453,113.86940610404,8.96400297583832,114.921101899119,0,1.84046369473174,0.0443886752167222,-0.936315045030929,MV-202-15,sine_steer_python_15kmh,COMPLETED
2759,2026年09月25日_14时38分14秒_第001次,2026-09-25T14:38:14+08:00,2026-09-25T06:38:14Z,27.58,15.0839712601768,-0.0360450112856721,5.8366482672576,113.911034810456,8.96876293693485,114.962610155784,0,1.83048234524183,0.0441499536728908,-0.931149578868045,MV-202-15,sine_steer_python_15kmh,COMPLETED
2760,2026年09月25日_14时38分14秒_第001次,2026-09-25T14:38:14+08:00,2026-09-25T06:38:14Z,27.59,15.0840082333587,-0.0355362726334157,5.8095842544901,113.952658764322,8.9735651495053,115.004113120277,0,1.82021194137,0.0439042550504894,-0.92583718957817,MV-202-15,sine_steer_python_15kmh,COMPLETED
2761,2026年09月25日_14时38分14秒_第001次,2026-09-25T14:38:14+08:00,2026-09-25T06:38:14Z,27.6,15.084047105449,-0.0350214870036375,5.78160553413272,113.99427795249,8.9784093990038,115.045610813791,0,1.80965410493204,0.0436516179904515,-0.920378727452087,MV-202-15,sine_steer_python_15kmh,COMPLETED
2762,2026年09月25日_14时38分14秒_第001次,2026-09-25T14:38:14+08:00,2026-09-25T06:38:14Z,27.61,15.0840878520669,-0.0345007335532908,5.75271645218691,114.035892363166,8.98329546430776,115.087103259388,0,1.79881050313274,0.0433920823051552,-0.914775062786443,MV-202-15,sine_steer_python_15kmh,COMPLETED
2763,2026年09月25日_14时38分14秒_第001次,2026-09-25T14:38:14+08:00,2026-09-25T06:38:14Z,27.62,15.0841304476446,-0.0339740968931065,5.72292149853617,114.077501985925,8.98822311775149,115.128590482,0,1.78768284830253,0.0431256889605933,-0.909027086228106,MV-202-15,sine_steer_python_15kmh,COMPLETED
2764,2026年09月25日_14时38分14秒_第001次,2026-09-25T14:38:14+08:00,2026-09-25T06:38:14Z,27.63,15.0841748654401,-0.0334416662415297,5.69222530613952,114.119106811722,8.99319212516162,115.170072508427,0,1.77627289762709,0.0428524800585334,-0.903135709107918,MV-202-15,sine_steer_python_15kmh,COMPLETED
2765,2026年09月25日_14时38分14秒_第001次,2026-09-25T14:38:14+08:00,2026-09-25T06:38:14Z,27.64,15.0842210775502,-0.0329035346853513,5.66063265005856,114.160706832913,8.99820224589411,115.211549367341,0,1.76458245286991,0.0425724988199355,-0.897101863710097,MV-202-15,sine_steer_python_15kmh,COMPLETED
2766,2026年09月25日_14时38分14秒_第001次,2026-09-25T14:38:14+08:00,2026-09-25T06:38:14Z,27.65,15.084269054926,-0.0323597985970142,5.62814844635498,114.202302043265,9.00325323287273,115.253021089272,0,1.75261336008772,0.0422857895703561,-0.890926503446547,MV-202-15,sine_steer_python_15kmh,COMPLETED
2767,2026年09月25日_14时38分14秒_第001次,2026-09-25T14:38:14+08:00,2026-09-25T06:38:14Z,27.66,15.0843187673889,-0.0318105572170967,5.59477775090829,114.243892437973,9.00834483262881,115.294487706618,0,1.74036750933905,0.0419923977274796,-0.884610602930212,MV-202-15,sine_steer_python_15kmh,COMPLETED
2768,2026年09月25日_14时38分14秒_第001次,2026-09-25T14:38:14+08:00,2026-09-25T06:38:14Z,27.67,15.0843701836506,-0.0312559123739572,5.56052575819863,114.285478013669,9.01347678534193,115.335949253629,0,1.72784683438567,0.0416923697903954,-0.878155157963499,MV-202-15,sine_steer_python_15kmh,COMPLETED
2769,2026年09月25日_14时38分14秒_第001次,2026-09-25T14:38:14+08:00,2026-09-25T06:38:14Z,27.68,15.084423271334,-0.0306959682854928,5.52539780008974,114.327058768438,9.01864882488167,115.377405766406,0,1.71505331238731,0.0413857533298565,-0.871561185474602,MV-202-15,sine_steer_python_15kmh,COMPLETED
2770,2026年09月25日_14时38分14秒_第001次,2026-09-25T14:38:14+08:00,2026-09-25T06:38:14Z,27.69,15.0844779969956,-0.0301308313754693,5.48939934463734,114.368634701829,9.02386067885011,115.418857282899,0,1.70198896358938,0.0410725969785553,-0.864829723442067,MV-202-15,sine_steer_python_15kmh,COMPLETED
2771,2026年09月25日_14时38分14秒_第001次,2026-09-25T14:38:14+08:00,2026-09-25T06:38:14Z,27.7,15.0845343261501,-0.0295606100388457,5.45253599493489,114.410205814862,9.02911206862538,115.460303842891,0,1.68865585100403,0.0407529504204945,-0.85796183084747,MV-202-15,sine_steer_python_15kmh,COMPLETED
2772,2026年09月25日_14时38分14秒_第001次,2026-09-25T14:38:14+08:00,2026-09-25T06:38:14Z,27.71,15.084592223295,-0.0289854143060903,5.41481348799518,114.451772110044,9.03440270940613,115.501745487999,0,1.67505608008428,0.0404268643787207,-0.850958587686579,MV-202-15,sine_steer_python_15kmh,COMPLETED
2773,2026年09月25日_14时38分14秒_第001次,2026-09-25T14:38:14+08:00,2026-09-25T06:38:14Z,27.72,15.0846516519349,-0.0284053553815655,5.37623769366056,114.493333591377,9.03973231025715,115.54318226166,0,1.66119179839163,0.0400943906010632,-0.843821095054859,MV-202-15,sine_steer_python_15kmh,COMPLETED
2774,2026年09月25日_14时38分14秒_第001次,2026-09-25T14:38:14+08:00,2026-09-25T06:38:14Z,27.73,15.0847125746068,-0.0278205450607088,5.33681461352546,114.534890264362,9.0451005741563,115.584614209124,0,1.64706519525686,0.0397555818439276,-0.836550475304984,MV-202-15,sine_steer_python_15kmh,COMPLETED
2775,2026年09月25日_14时38分14秒_第001次,2026-09-25T14:38:14+08:00,2026-09-25T06:38:14Z,27.74,15.0847749529039,-0.0272310950592254,5.29655037985346,114.576442136013,9.05050719804288,115.626041377444,0,1.63267850143437,0.0394104918546062,-0.82914787225703,MV-202-15,sine_steer_python_15kmh,COMPLETED
2776,2026年09月25日_14时38分14秒_第001次,2026-09-25T14:38:14+08:00,2026-09-25T06:38:14Z,27.75,15.0848387474994,-0.0266371163101598,5.25545125448067,114.617989214864,9.05595187286743,115.667463815464,0,1.6180339887499,0.0390591753528964,-0.821614451427968,MV-202-15,sine_steer_python_15kmh,COMPLETED
2777,2026年09月25日_14时38分14秒_第001次,2026-09-25T14:38:14+08:00,2026-09-25T06:38:14Z,27.76,15.0849039181711,-0.0260387182977065,5.21352362769496,114.65953151097,9.06143428364307,115.708881573806,0,1.60313396974175,0.0387016880130067,-0.813951400238973,MV-202-15,sine_steer_python_15kmh,COMPLETED
2778,2026年09月25日_14时38分14秒_第001次,2026-09-25T14:38:14+08:00,2026-09-25T06:38:14Z,27.77,15.0849704238252,-0.0254360084983954,5.17077401709762,114.70106903592,9.06695410949817,115.750294704857,0,1.58798079729568,0.0383380864467693,-0.806159928157699,MV-202-15,sine_steer_python_15kmh,COMPLETED
2779,2026年09月25日_14时38分14秒_第001次,2026-09-25T14:38:14+08:00,2026-09-25T06:38:14Z,27.78,15.0850382225217,-0.0248290919907696,5.12720906645702,114.742601802836,9.07251102373047,115.791703262755,0,1.57257686427324,0.0379684281890409,-0.798241266737924,MV-202-15,sine_steer_python_15kmh,COMPLETED
2780,2026年09月25日_14时38分14秒_第001次,2026-09-25T14:38:14+08:00,2026-09-25T06:38:14Z,27.79,15.0851072715,-0.0242180712762298,5.08283554456775,114.78412982638,9.07810469386212,115.833107303372,0,1.55692460313405,0.0375927716859329,-0.790196669530145,MV-202-15,sine_steer_python_15kmh,COMPLETED
2781,2026年09月25日_14时38分14秒_第001次,2026-09-25T14:38:14+08:00,2026-09-25T06:38:14Z,27.8,15.0851775272057,-0.023603046329435,5.03766034413905,114.825653122758,9.08373478169571,115.874506884296,0,1.54102648555158,0.037211176286148,-0.782027411850699,MV-202-15,sine_steer_python_15kmh,COMPLETED
2782,2026年09月25日_14时38分14秒_第001次,2026-09-25T14:38:14+08:00,2026-09-25T06:38:14Z,27.81,15.085248945319,-0.0229841148701019,4.99169048072602,114.867171709721,9.08940094337088,115.915902064816,0,1.5248850220229,0.0368237022353462,-0.773734790413475,MV-202-15,sine_steer_python_15kmh,COMPLETED
2783,2026年09月25日_14时38分14秒_第001次,2026-09-25T14:38:14+08:00,2026-09-25T06:38:14Z,27.82,15.085321480783,-0.0223613728238257,4.94493309172469,114.908685606567,9.09510282942148,115.957292905902,0,1.50850276147221,0.0364304106730983,-0.765320122842641,MV-202-15,sine_steer_python_15kmh,COMPLETED
2784,2026年09月25日_14时38分14秒_第001次,2026-09-25T14:38:14+08:00,2026-09-25T06:38:14Z,27.83,15.0853950878338,-0.0217349149203468,4.89739543543493,114.950194834144,9.10084008483292,115.998679470186,0,1.49188229084837,0.0360313636317153,-0.756784747096731,MV-202-15,sine_steer_python_15kmh,COMPLETED
2785,2026年09月25日_14时38分14秒_第001次,2026-09-25T14:38:14+08:00,2026-09-25T06:38:14Z,27.84,15.0854697200303,-0.0211048353661619,4.84908489019585,114.99169941485,9.10661234909981,116.040061821938,0,1.47502623471635,0.0356266240360703,-0.748130020841642,MV-202-15,sine_steer_python_15kmh,COMPLETED
2786,2026年09月25日_14时38分14秒_第001次,2026-09-25T14:38:14+08:00,2026-09-25T06:38:14Z,27.85,15.0855453302847,-0.0204712285254454,4.80000895358793,115.033199372631,9.11241925628372,116.081440027053,0,1.45793725484282,0.0352162557034773,-0.739357320812166,MV-202-15,sine_steer_python_15kmh,COMPLETED
2787,2026年09月25日_14时38分14秒_第001次,2026-09-25T14:38:14+08:00,2026-09-25T06:38:14Z,27.86,15.085621870893,-0.0198341895488283,4.75017524168805,115.074694732984,9.11826043507119,116.122814153022,0,1.44061804977582,0.0348003233427678,-0.730468042198682,MV-202-15,sine_steer_python_15kmh,COMPLETED
2788,2026年09月25日_14时38分14秒_第001次,2026-09-25T14:38:14+08:00,2026-09-25T06:38:14Z,27.87,15.0856992935664,-0.019193814902085,4.6995914883585,115.116185522952,9.12413550883201,116.164184268915,0,1.42307135441857,0.0343788925518702,-0.72146359808822,MV-202-15,sine_steer_python_15kmh,COMPLETED
2789,2026年09月25日_14时38分14秒_第001次,2026-09-25T14:38:14+08:00,2026-09-25T06:38:14Z,27.88,15.0857775494611,-0.01855020276407,4.648265544549,115.157671771123,9.1300440956779,116.205550445355,0,1.4052999395977,0.033952029813452,-0.712345418979227,MV-202-15,sine_steer_python_15kmh,COMPLETED
2790,2026年09月25日_14时38分14秒_第001次,2026-09-25T14:38:14+08:00,2026-09-25T06:38:14Z,27.89,15.0858565892091,-0.0179034532827732,4.59620537758343,115.199153507629,9.13598580852173,116.246912754497,0,1.38730661162561,0.0335198024884413,-0.703114952377181,MV-202-15,sine_steer_python_15kmh,COMPLETED
2791,2026年09月25日_14时38分14秒_第001次,2026-09-25T14:38:14+08:00,2026-09-25T06:38:14Z,27.9,15.0859363629486,-0.0172536686967434,4.54341907041194,115.24063076414,9.1419602551374,116.288271270002,0,1.36909421185738,0.0330822788075253,-0.693773662467681,MV-202-15,sine_steer_python_15kmh,COMPLETED
2792,2026年09月25日_14时38分14秒_第001次,2026-09-25T14:38:14+08:00,2026-09-25T06:38:14Z,27.91,15.0860168201906,-0.0166009533466101,4.48991482252843,115.282103573859,9.14796703822043,116.32962606701,0,1.35066561624205,0.0326395278609593,-0.684323029861129,MV-202-15,sine_steer_python_15kmh,COMPLETED
2793,2026年09月25日_14时38分14秒_第001次,2026-09-25T14:38:14+08:00,2026-09-25T06:38:14Z,27.92,15.0860979099331,-0.0159454136174069,4.43570094727145,115.32357197152,9.15400575544943,116.37097722212,0,1.33202373486851,0.0321916195872594,-0.674764551363053,MV-202-15,sine_steer_python_15kmh,COMPLETED
2794,2026年09月25日_14时38分14秒_第001次,2026-09-25T14:38:14+08:00,2026-09-25T06:38:14Z,27.93,15.0861795811778,-0.0152871578175633,4.38078586553585,115.365035993379,9.16007599954838,116.412324813353,0,1.31317151150592,0.0317386247608556,-0.665099739760393,MV-202-15,sine_steer_python_15kmh,COMPLETED
2795,2026年09月25日_14时38分14秒_第001次,2026-09-25T14:38:14+08:00,2026-09-25T06:38:14Z,27.94,15.0862617825186,-0.0146262960238125,4.32517811250305,115.40649567721,9.16617735834981,116.453668920137,0,1.29411192313888,0.0312806149791173,-0.655330123674778,MV-202-15,sine_steer_python_15kmh,COMPLETED
2796,2026年09月25日_14时38分14秒_第001次,2026-09-25T14:38:14+08:00,2026-09-25T06:38:14Z,27.95,15.0863444620924,-0.013962939999784,4.26888633712672,115.447951062297,9.17230941485873,116.495009623267,0,1.27484797949739,0.0308176626502913,-0.645457247349776,MV-202-15,sine_steer_python_15kmh,COMPLETED
2797,2026年09月25日_14时38分14秒_第001次,2026-09-25T14:38:14+08:00,2026-09-25T06:38:14Z,27.96,15.0864275677091,-0.0132972031386126,4.21191929747984,115.489402189424,9.17847174731734,116.536347004881,0,1.2553827225814,0.0303498409816477,-0.635482670412345,MV-202-15,sine_steer_python_15kmh,COMPLETED
2798,2026年09月25日_14时38分14秒_第001次,2026-09-25T14:38:14+08:00,2026-09-25T06:38:14Z,27.97,15.0865110469115,-0.0126292004152362,4.15428585844376,115.530849100869,9.18466392927039,116.577681148432,0,1.23571922618068,0.0298772239676432,-0.625407967630152,MV-202-15,sine_steer_python_15kmh,COMPLETED
2799,2026年09月25日_14时38分14秒_第001次,2026-09-25T14:38:14+08:00,2026-09-25T06:38:14Z,27.98,15.0865948468132,-0.0119590483449205,4.0959949901105,115.57229184039,9.19088552963104,116.619012138648,0,1.21586059538921,0.0293998863780418,-0.615234728673312,MV-202-15,sine_steer_python_15kmh,COMPLETED
2800,2026年09月25日_14时38分14秒_第001次,2026-09-25T14:38:14+08:00,2026-09-25T06:38:14Z,27.99,15.0866789140177,-0.01128686495253,4.03705576712563,115.613730453219,9.19713611274727,116.660340061509,0,1.19580996611504,0.0289179037460748,-0.604964557862998,MV-202-15,sine_steer_python_15kmh,COMPLETED
2801,2026年09月25日_14时38分14秒_第001次,2026-09-25T14:38:14+08:00,2026-09-25T06:38:14Z,28,15.0867631956064,-0.0106127698515356,3.97747737724436,115.655164986047,9.2034152384693,116.701665004211,0,1.17557050458495,0.0284313523580448,-0.594599073802287,MV-202-15,sine_steer_python_15kmh,COMPLETED
2802,2026年09月25日_14时38分14秒_第001次,2026-09-25T14:38:14+08:00,2026-09-25T06:38:14Z,28.01,15.0868476386024,-0.0099368842072579,3.91726910913168,115.696595487016,9.20972246221748,116.742987055134,0,1.15514540684454,0.0279403092411747,-0.584139909146916,MV-202-15,sine_steer_python_15kmh,COMPLETED
2803,2026年09月25日_14时38分14秒_第001次,2026-09-25T14:38:14+08:00,2026-09-25T06:38:14Z,28.02,15.0869321897629,-0.00925933056831814,3.85644034858793,115.738022005704,9.21605733505061,116.78430630381,0,1.13453789825352,0.0274448521494559,-0.57358871043667,MV-202-15,sine_steer_python_15kmh,COMPLETED
2804,2026年09月25日_14时38分14秒_第001次,2026-09-25T14:38:14+08:00,2026-09-25T06:38:14Z,28.03,15.0870167956325,-0.00858023265551881,3.79500058139975,115.779444593112,9.22241940373481,116.825622840887,0,1.11375123297637,0.0269450595487576,-0.562947137938834,MV-202-15,sine_steer_python_15kmh,COMPLETED
2805,2026年09月25日_14时38分14秒_第001次,2026-09-25T14:38:14+08:00,2026-09-25T06:38:14Z,28.04,15.0871014026931,-0.00789971513284496,3.73295939417311,115.820863301653,9.22880821081335,116.866936758099,0,1.09278869346855,0.0264410106015515,-0.552216865497447,MV-202-15,sine_steer_python_15kmh,COMPLETED
2806,2026年09月25日_14时38分14秒_第001次,2026-09-25T14:38:14+08:00,2026-09-25T06:38:14Z,28.05,15.0871859574704,-0.00721790332972521,3.67032647139186,115.862278185131,9.23522329467728,116.908248148223,0,1.07165358995799,0.0259327851508005,-0.541399580413379,MV-202-15,sine_steer_python_15kmh,COMPLETED
2807,2026年09月25日_14时38分14秒_第001次,2026-09-25T14:38:14+08:00,2026-09-25T06:38:14Z,28.06,15.0872704065473,-0.00653492291183751,3.60711159251887,115.90368929873,9.24166418963692,116.949557105051,0,1.05034925992259,0.0254204637029845,-0.530496983359187,MV-202-15,sine_steer_python_15kmh,COMPLETED
2808,2026年09月25日_14时38分14秒_第001次,2026-09-25T14:38:14+08:00,2026-09-25T06:38:14Z,28.07,15.0873546965556,-0.00585089953848564,3.54332463075089,115.945096698995,9.24813042599411,116.990863723351,0,1.02887906756301,0.0249041274107847,-0.519510788302403,MV-202-15,sine_steer_python_15kmh,COMPLETED
2809,2026年09月25日_14时38分14秒_第001次,2026-09-25T14:38:14+08:00,2026-09-25T06:38:14Z,28.08,15.0874387742021,-0.00516595854916287,3.47897555212203,115.98650044382,9.25462153011527,117.032168098829,0,1.00724640327152,0.0243838580560508,-0.508442722409515,MV-202-15,sine_steer_python_15kmh,COMPLETED
2810,2026年09月25日_14时38分14秒_第001次,2026-09-25T14:38:14+08:00,2026-09-25T06:38:14Z,28.09,15.0875225863194,-0.00448022470423702,3.41407441385692,116.027900592422,9.2611370245053,117.073470328092,0,0.985454683096585,0.023859738033405,-0.497294525915899,MV-202-15,sine_steer_python_15kmh,COMPLETED
2811,2026年09月25日_14时38分14秒_第001次,2026-09-25T14:38:14+08:00,2026-09-25T06:38:14Z,28.1,15.0876060799097,-0.003793821994124,3.34863136230772,116.069297205329,9.2676764278822,117.114770508612,0,0.963507348203434,0.0233318503346988,-0.486067951954144,MV-202-15,sine_steer_python_15kmh,COMPLETED
2812,2026年09月25日_14时38分14秒_第001次,2026-09-25T14:38:14+08:00,2026-09-25T06:38:14Z,28.11,15.0876892017652,-0.003106873487481,3.28265662676012,116.110690344359,9.27423925525211,117.156068738684,0,0.94140786433067,0.0228002785339116,-0.474764766373403,MV-202-15,sine_steer_python_15kmh,COMPLETED
2813,2026年09月25日_14时38分14秒_第001次,2026-09-25T14:38:14+08:00,2026-09-25T06:38:14Z,28.12,15.0877718991575,-0.00241950133500477,3.21616052706557,116.152080072599,9.28082501798502,117.197365117389,0,0.919159721242982,0.0222651067741645,-0.463386747423608,MV-202-15,sine_steer_python_15kmh,COMPLETED
2814,2026年09月25日_14时38分14秒_第001次,2026-09-25T14:38:14+08:00,2026-09-25T06:38:14Z,28.13,15.0878541200267,-0.00173182689596093,3.14915347081134,116.193466454385,9.2874332238912,117.238659744554,0,0.896766432180072,0.0217264197563985,-0.451935685384425,MV-202-15,sine_steer_python_15kmh,COMPLETED
2815,2026年09月25日_14时38分14秒_第001次,2026-09-25T14:38:14+08:00,2026-09-25T06:38:14Z,28.14,15.0879358123659,-0.00104397088755216,3.0816459464607,116.234849555282,9.29406337729793,117.279952720715,0,0.874231533301862,0.0211843027283073,-0.440413382206135,MV-202-15,sine_steer_python_15kmh,COMPLETED
2816,2026年09月25日_14时38分14秒_第001次,2026-09-25T14:38:14+08:00,2026-09-25T06:38:14Z,28.15,15.0880169223947,-0.000356053740066268,3.01364854227674,116.276229442058,9.30071497912572,117.321244147067,0,0.851558583130143,0.020638841476145,-0.428821651060172,MV-202-15,sine_steer_python_15kmh,COMPLETED
2817,2026年09月25日_14时38分14秒_第001次,2026-09-25T14:38:14+08:00,2026-09-25T06:38:14Z,28.16,15.0880973972183,0.000331804340677957,2.94517191145717,116.317606182662,9.30738752696536,117.362534125429,0,0.828751161986568,0.0200901223123046,-0.417162315910067,MV-202-15,sine_steer_python_15kmh,COMPLETED
2818,2026年09月25日_14时38分14秒_第001次,2026-09-25T14:38:14+08:00,2026-09-25T06:38:14Z,28.17,15.0881771886025,0.00101948338152301,2.87622674824201,116.358979846204,9.31408051515581,117.403822758207,0,0.805812871427326,0.0195382320618165,-0.405437211102486,MV-202-15,sine_steer_python_15kmh,COMPLETED
2819,2026年09月25日_14时38分14秒_第001次,2026-09-25T14:38:14+08:00,2026-09-25T06:38:14Z,28.18,15.0882562492168,0.00170686360981468,2.80682381245933,116.400350502943,9.32079343486255,117.445110148358,0,0.782747333674407,0.0189832580493415,-0.393648181180077,MV-202-15,sine_steer_python_15kmh,COMPLETED
2820,2026年09月25日_14时38分14秒_第001次,2026-09-25T14:38:14+08:00,2026-09-25T06:38:14Z,28.19,15.0883345292246,0.00239382497737533,2.73697396087643,116.441718224254,9.32752577415478,117.486396399354,0,0.759558191043606,0.0184252880924364,-0.381797080394038,MV-202-15,sine_steer_python_15kmh,COMPLETED
2821,2026年09月25日_14时38分14秒_第001次,2026-09-25T14:38:14+08:00,2026-09-25T06:38:14Z,28.2,15.0884119776707,0.00308024678062778,2.6666881362569,116.483083082601,9.33427701808276,117.52768161512,0,0.736249105369361,0.0178644104934265,-0.369885772116259,MV-202-15,sine_steer_python_15kmh,COMPLETED
2822,2026年09月25日_14时38分14秒_第001次,2026-09-25T14:38:14+08:00,2026-09-25T06:38:14Z,28.21,15.0884885450952,0.00376600751282641,2.59597733930386,116.52444515151,9.34104664875626,117.568965900005,0,0.712823757426508,0.0173007140279317,-0.35791612836214,MV-202-15,sine_steer_python_15kmh,COMPLETED
2823,2026年09月25日_14时38分14秒_第001次,2026-09-25T14:38:14+08:00,2026-09-25T06:38:14Z,28.22,15.0885641839244,0.00445098485790198,2.52485262286262,116.565804505543,9.34783414542329,117.610249358732,0,0.689285846349042,0.0167342879313155,-0.345890029470234,MV-202-15,sine_steer_python_15kmh,COMPLETED
2824,2026年09月25日_14时38分14秒_第001次,2026-09-25T14:38:14+08:00,2026-09-25T06:38:14Z,28.23,15.0886388472684,0.00513505566530819,2.4533251029494,116.607161220282,9.35463898454912,117.651532096369,0,0.665639089045969,0.0161652218853362,-0.333809363812159,MV-202-15,sine_steer_python_15kmh,COMPLETED
2825,2026年09月25日_14时38分14秒_第001次,2026-09-25T14:38:14+08:00,2026-09-25T06:38:14Z,28.24,15.0887124885523,0.00581809595218271,2.38140595825572,116.648515372293,9.36146063989534,117.692814218278,0,0.641887219614417,0.0155936060043476,-0.321676027490493,MV-202-15,sine_steer_python_15kmh,COMPLETED
2826,2026年09月25日_14时38分14秒_第001次,2026-09-25T14:38:14+08:00,2026-09-25T06:38:14Z,28.25,15.0887850618251,0.00649998109173119,2.30910642421626,116.689867039105,9.36829858259941,117.73409583008,0,0.618033988749894,0.0150195308187684,-0.309491924129804,MV-202-15,sine_steer_python_15kmh,COMPLETED
2827,2026年09月25日_14时38分14秒_第001次,2026-09-25T14:38:14+08:00,2026-09-25T06:38:14Z,28.26,15.0888565220544,0.00718058624333164,2.23643779117469,116.731216299178,9.37515228125476,117.775377037606,0,0.594083163154071,0.014443087255016,-0.297258964815764,MV-202-15,sine_steer_python_15kmh,COMPLETED
2828,2026年09月25日_14时38分14秒_第001次,2026-09-25T14:38:14+08:00,2026-09-25T06:38:14Z,28.27,15.0889268251631,0.00785978701182714,2.16341140690401,116.77256323188,9.38202120199169,117.816657946858,0,0.570038524939954,0.0138643666120512,-0.28497906818121,MV-202-15,sine_steer_python_15kmh,COMPLETED
2829,2026年09月25日_14时38分14秒_第001次,2026-09-25T14:38:14+08:00,2026-09-25T06:38:14Z,28.28,15.0889959279546,0.00853746028942909,2.0900386802736,116.813907917455,9.38890480855917,117.857938663967,0,0.545903871034654,0.0132834605351772,-0.272654160607467,MV-202-15,sine_steer_python_15kmh,COMPLETED
2830,2026年09月25日_14时38分14秒_第001次,2026-09-25T14:38:14+08:00,2026-09-25T06:38:14Z,28.29,15.0890637877777,0.00921348513477896,2.0163310885637,116.855250436995,9.39580256240758,117.899219295151,0,0.521683012579799,0.0127004609891531,-0.260286176456117,MV-202-15,sine_steer_python_15kmh,COMPLETED
2831,2026年09月25日_14时38分14秒_第001次,2026-09-25T14:38:14+08:00,2026-09-25T06:38:14Z,28.3,15.0891303630392,0.00988774355153913,1.94230017737849,116.896590872408,9.40271392277264,117.940499946665,0,0.497379774329716,0.0121154602325865,-0.247877058225248,MV-202-15,sine_steer_python_15kmh,COMPLETED
2832,2026年09月25日_14时38分14秒_第001次,2026-09-25T14:38:14+08:00,2026-09-25T06:38:14Z,28.31,15.0891956136423,0.0105601212769515,1.86795756839002,116.937929306394,9.40963834676049,117.981780724765,0,0.472997994047444,0.0115285507920406,-0.235428756718882,MV-202-15,sine_steer_python_15kmh,COMPLETED
2833,2026年09月25日_14时38分14秒_第001次,2026-09-25T14:38:14+08:00,2026-09-25T06:38:14Z,28.32,15.0892595006901,0.0112305095624551,1.79331498038456,116.979265822408,9.41657528943444,118.023061735663,0,0.448541521898758,0.0109398254218185,-0.22294323183491,MV-202-15,sine_steer_python_15kmh,COMPLETED
2834,2026年09月25日_14时38分14秒_第001次,2026-09-25T14:38:14+08:00,2026-09-25T06:38:14Z,28.33,15.0893219862532,0.0118988102740127,1.71838424651759,117.020600504638,9.423524203905,118.064343085477,0,0.424014219844107,0.0103493770160303,-0.210422455366696,MV-202-15,sine_steer_python_15kmh,COMPLETED
2835,2026年09月25日_14时38分14秒_第001次,2026-09-25T14:38:14+08:00,2026-09-25T06:38:14Z,28.34,15.089383032131,0.0125649451275224,1.64317732867225,117.061933437959,9.43048454142616,118.10562488019,0,0.399419961028813,0.0097572984609018,-0.197868416345377,MV-202-15,sine_steer_python_15kmh,COMPLETED
2836,2026年09月25日_14时38分14秒_第001次,2026-09-25T14:38:14+08:00,2026-09-25T06:38:14Z,28.35,15.0894425979001,0.0132288627218541,1.56770631413324,117.103264707901,9.437455751498,118.146907225588,0,0.37476262917145,0.00916368251743366,-0.185283125098346,MV-202-15,sine_steer_python_15kmh,COMPLETED
2837,2026年09月25日_14时38分14秒_第001次,2026-09-25T14:38:14+08:00,2026-09-25T06:38:14Z,28.36,15.0895006408634,0.0138905334337154,1.49198338983367,117.144594400601,9.44443728196974,118.188190227207,0,0.350046117950554,0.00856862187671577,-0.172668609961699,MV-202-15,sine_steer_python_15kmh,COMPLETED
2838,2026年09月25日_14时38分14秒_第001次,2026-09-25T14:38:14+08:00,2026-09-25T06:38:14Z,28.37,15.0895571188691,0.0145499331326165,1.41602081518819,117.185922602761,9.4514285791353,118.229473990275,0,0.325274330389771,0.00797220937563385,-0.160026907166207,MV-202-15,sine_steer_python_15kmh,COMPLETED
2839,2026年09月25日_14时38分14秒_第001次,2026-09-25T14:38:14+08:00,2026-09-25T06:38:14Z,28.38,15.0896119927936,0.0152070271990338,1.33983090060995,117.227249401621,9.45842908781839,118.270758619679,0,0.300451178241519,0.00737453821013061,-0.147360050844698,MV-202-15,sine_steer_python_15kmh,COMPLETED
2840,2026年09月25日_14时38分14秒_第001次,2026-09-25T14:38:14+08:00,2026-09-25T06:38:14Z,28.39,15.0896652264927,0.0158617618704503,1.26342598464261,117.268574884931,9.46543825144942,118.312044219926,0,0.275580581369283,0.00677570204556448,-0.134670067433568,MV-202-15,sine_steer_python_15kmh,COMPLETED
2841,2026年09月25日_14时38分14秒_第001次,2026-09-25T14:38:14+08:00,2026-09-25T06:38:14Z,28.4,15.0897167856702,0.0165140619874344,1.18681841539223,117.309899140926,9.47245551213811,118.353330895112,0,0.250666467128603,0.00617579503656618,-0.121958973912758,MV-202-15,sine_steer_python_15kmh,COMPLETED
2842,2026年09月25日_14时38分14秒_第001次,2026-09-25T14:38:14+08:00,2026-09-25T06:38:14Z,28.41,15.0897666371288,0.0171638320578751,1.11002054570255,117.351222258295,9.4794803107451,118.39461874888,0,0.225712769746959,0.00557491179969952,-0.109228778031701,MV-202-15,sine_steer_python_15kmh,COMPLETED
2843,2026年09月25日_14时38分14秒_第001次,2026-09-25T14:38:14+08:00,2026-09-25T06:38:14Z,28.42,15.0898147487578,0.0178109585795313,1.0330447313297,117.392544326148,9.48651208695456,118.435907884385,0,0.200723429702427,0.00497314736797874,-0.0964814792913413,MV-202-15,sine_steer_python_15kmh,COMPLETED
2844,2026年09月25日_14时38分14秒_第001次,2026-09-25T14:38:14+08:00,2026-09-25T06:38:14Z,28.43,15.089861090073,0.0184553128611756,0.955903326473198,117.433865433987,9.49355027934889,118.477198404253,0,0.175702393101485,0.00437059713796375,-0.0837190702352712,MV-202-15,sine_steer_python_15kmh,COMPLETED
2845,2026年09月25日_14时38分14秒_第001次,2026-09-25T14:38:14+08:00,2026-09-25T06:38:14Z,28.44,15.089905632014,0.0190967539794266,0.878608690182387,117.475185671671,9.50059432548556,118.518490410544,0,0.150653611055866,0.00376735681455952,-0.0709435378441604,MV-202-15,sine_steer_python_15kmh,COMPLETED
2846,2026年09月25日_14时38分14秒_第001次,2026-09-25T14:38:14+08:00,2026-09-25T06:38:14Z,28.45,15.0899483465806,0.0197351316653601,0.801173191859118,117.516505129388,9.50764366197593,118.559784004711,0,0.125581039058629,0.00316352235645167,-0.0581568649018019,MV-202-15,sine_steer_python_15kmh,COMPLETED
2847,2026年09月25日_14时38分14秒_第001次,2026-09-25T14:38:14+08:00,2026-09-25T06:38:14Z,28.46,15.0899892068706,0.0203702891132137,0.723609207995281,117.557823897617,9.51469772456618,118.601079287559,0,0.100488636359543,0.00255918992229845,-0.0453610313245375,MV-202-15,sine_steer_python_15kmh,COMPLETED
2848,2026年09月25日_14时38分14秒_第001次,2026-09-25T14:38:14+08:00,2026-09-25T06:38:14Z,28.47,15.0900281871848,0.021002065709201,0.645929118772483,117.599142067092,9.52175594822011,118.642376359209,0,0.0753803653398742,0.00195445581771889,-0.0325580154562187,MV-202-15,sine_steer_python_15kmh,COMPLETED
2849,2026年09月25日_14时38分14秒_第001次,2026-09-25T14:38:14+08:00,2026-09-25T06:38:14Z,28.48,15.0900652630566,0.0216302996211385,0.568145308443292,117.640459728776,9.52881776720374,118.683675319054,0,0.0502601908866816,0.00134941644393674,-0.0197497952931993,MV-202-15,sine_steer_python_15kmh,COMPLETED
2850,2026年09月25日_14时38分14秒_第001次,2026-09-25T14:38:14+08:00,2026-09-25T06:38:14Z,28.49,15.0901004112514,0.0222548301940726,0.490270166382871,117.681776973816,9.53588261517177,118.724976265724,0,0.0251320797666992,0.000744168248882077,-0.00693834960498651,MV-202-15,sine_steer_python_15kmh,COMPLETED
2851,2026年09月25日_14时38分14秒_第001次,2026-09-25T14:38:14+08:00,2026-09-25T06:38:14Z,28.5,15.0901336097355,0.0228755001334976,0.41231608578775,117.723093893514,9.54294992525549,118.766279297042,0,9.79965031572518e-15,0.000138807681041533,0.00587434106166268,MV-202-15,sine_steer_python_15kmh,COMPLETED
2852,2026年09月25日_14时38分14秒_第001次,2026-09-25T14:38:14+08:00,2026-09-25T06:38:14Z,28.51,15.0901648376302,0.0234921574764023,0.334295461819069,117.764410579291,9.55001913015222,118.807584509991,0,-0.0251320797667081,-0.000466568853926394,0.0186862934964319,MV-202-15,sine_steer_python_15kmh,COMPLETED
2853,2026年09月25日_14时38分14秒_第001次,2026-09-25T14:38:14+08:00,2026-09-25T06:38:14Z,28.52,15.0901940753731,0.0241046573141332,0.256220693183939,117.805727122646,9.55708966221598,118.848892000672,0,-0.0502601908866762,-0.00107186503325478,0.0314955210790869,MV-202-15,sine_steer_python_15kmh,COMPLETED
2854,2026年09月25日_14时38分14秒_第001次,2026-09-25T14:38:14+08:00,2026-09-25T06:38:14Z,28.53,15.0902213048486,0.0247128632029468,0.178104181843263,117.847043615126,9.56416095354952,118.890201864268,0,-0.0753803653398688,-0.00167698465287897,0.044300033212723,MV-202-15,sine_steer_python_15kmh,COMPLETED
2855,2026年09月25日_14时38分14秒_第001次,2026-09-25T14:38:14+08:00,2026-09-25T06:38:14Z,28.54,15.0902465091822,0.0253166482921916,0.0999583289404267,117.888360148289,9.57123243609719,118.931514195009,0,-0.100488636359537,-0.00228183165936943,0.0570978349211078,MV-202-15,sine_steer_python_15kmh,COMPLETED
2856,2026年09月25日_14时38分14秒_第001次,2026-09-25T14:38:14+08:00,2026-09-25T06:38:14Z,28.55,15.0902696727147,0.0259158961354292,0.0217955343733626,117.929676813665,9.57830354173848,118.97282908613,0,-0.125581039058623,-0.00288631017746266,0.0698869266324203,MV-202-15,sine_steer_python_15kmh,COMPLETED
2857,2026年09月25日_14时38分14秒_第001次,2026-09-25T14:38:14+08:00,2026-09-25T06:38:14Z,28.56,15.0902907810586,0.0265105011289433,-0.0563718021204095,117.970993702719,9.58537370238206,119.014146629838,0,-0.150653611055875,-0.00349032453235408,0.0826653041838328,MV-202-15,sine_steer_python_15kmh,COMPLETED
2858,2026年09月25日_14时38分14秒_第001次,2026-09-25T14:38:14+08:00,2026-09-25T06:38:14Z,28.57,15.0903098211402,0.0271003685604723,-0.134531281288963,118.01231090682,9.59244235006012,119.055466917272,0,-0.17570239310148,-0.00409377926645911,0.0954309590592014,MV-202-15,sine_steer_python_15kmh,COMPLETED
2859,2026年09月25日_14时38分14秒_第001次,2026-09-25T14:38:14+08:00,2026-09-25T06:38:14Z,28.58,15.0903267810902,0.0276854142760303,-0.212670504083175,118.053628517196,9.59950891702268,119.096790038471,0,-0.200723429702436,-0.00469657915071409,0.108181878858325,MV-202-15,sine_steer_python_15kmh,COMPLETED
2860,2026年09月25日_14时38分14秒_第001次,2026-09-25T14:38:14+08:00,2026-09-25T06:38:14Z,28.59,15.0903416501711,0.0282655639624591,-0.290777072476718,118.094946624906,9.60657283583145,119.138116082331,0,-0.225712769746954,-0.00529862919032155,0.12091604800014,MV-202-15,sine_steer_python_15kmh,COMPLETED
2861,2026年09月25日_14时38分14秒_第001次,2026-09-25T14:38:14+08:00,2026-09-25T06:38:14Z,28.6,15.0903544192169,0.0288407521188474,-0.368838596015844,118.136265320796,9.61363353945315,119.179445136576,0,-0.250666467128611,-0.00589983462595682,0.133631448613053,MV-202-15,sine_steer_python_15kmh,COMPLETED
2862,2026年09月25日_14时38分14秒_第001次,2026-09-25T14:38:14+08:00,2026-09-25T06:38:14Z,28.61,15.0903650807533,0.0294109207941393,-0.446842690320281,118.177584695469,9.62069046135208,119.220777287718,0,-0.275580581369278,-0.00650010093148168,0.146326061572083,MV-202-15,sine_steer_python_15kmh,COMPLETED
2863,2026年09月25日_14时38分14秒_第001次,2026-09-25T14:38:14+08:00,2026-09-25T06:38:14Z,28.62,15.0903736285558,0.0299760180101804,-0.52477696994707,118.218904839249,9.62774303558157,119.262112621029,0,-0.300451178241514,-0.00709933380699945,0.158997867738178,MV-202-15,sine_steer_python_15kmh,COMPLETED
2864,2026年09月25日_14时38分14秒_第001次,2026-09-25T14:38:14+08:00,2026-09-25T06:38:14Z,28.63,15.090380057625,0.0305359960016576,-0.60262905125602,118.260225842145,9.63479069687421,119.303451220506,0,-0.325274330389765,-0.00769743916907757,0.171644849312889,MV-202-15,sine_steer_python_15kmh,COMPLETED
2865,2026年09月25日_14时38分14秒_第001次,2026-09-25T14:38:14+08:00,2026-09-25T06:38:14Z,28.64,15.0903843642792,0.0310908094130036,-0.680386556911442,118.301547793813,9.64183288073069,119.344793168835,0,-0.350046117950549,-0.00829432314012332,0.184264991225923,MV-202-15,sine_steer_python_15kmh,COMPLETED
2866,2026年09月25日_14时38分14秒_第001次,2026-09-25T14:38:14+08:00,2026-09-25T06:38:14Z,28.65,15.0903865461897,0.0316404135122563,-0.758037116211404,118.342870783527,9.64886902350729,119.386138547366,0,-0.374762629171458,-0.0088898920377609,0.196856282521162,MV-202-15,sine_steer_python_15kmh,COMPLETED
2867,2026年09月25日_14时38分14秒_第001次,2026-09-25T14:38:14+08:00,2026-09-25T06:38:14Z,28.66,15.0903866023667,0.0321847624598824,-0.835568363763007,118.384194900141,9.65589856250212,119.427487436076,0,-0.399419961028808,-0.00948405236475108,0.209416717718229,MV-202-15,sine_steer_python_15kmh,COMPLETED
2868,2026年09月25日_14时38分14秒_第001次,2026-09-25T14:38:14+08:00,2026-09-25T06:38:14Z,28.67,15.090384533137,0.0327238076959096,-0.912967939838793,118.425520232057,9.66292093604005,119.468839913549,0,-0.424014219844115,-0.0100767108003703,0.221944298110796,MV-202-15,sine_steer_python_15kmh,COMPLETED
2869,2026年09月25日_14时38分14秒_第001次,2026-09-25T14:38:14+08:00,2026-09-25T06:38:14Z,28.68,15.0903803401219,0.0332574965131983,-0.990223492011203,118.466846867192,9.66993558355664,119.510196056938,0,-0.448541521898753,-0.0106677741942166,0.234437032959533,MV-202-15,sine_steer_python_15kmh,COMPLETED
2870,2026年09月25日_14时38分14秒_第001次,2026-09-25T14:38:14+08:00,2026-09-25T06:38:14Z,28.69,15.0903740262147,0.0337857708585855,-1.06732267641812,118.508174892943,9.676941945681,119.551555941945,0,-0.472997994047452,-0.0112571495630782,0.246892940553932,MV-202-15,sine_steer_python_15kmh,COMPLETED
2871,2026年09月25日_14时38分14秒_第001次,2026-09-25T14:38:14+08:00,2026-09-25T06:38:14Z,28.7,15.090365595555,0.0343085663810306,-1.14425315850959,118.549504396157,9.68393946431793,119.592919642792,0,-0.497379774329711,-0.0118447440911413,0.259310049129836,MV-202-15,sine_steer_python_15kmh,COMPLETED
2872,2026年09月25日_14时38分14秒_第001次,2026-09-25T14:38:14+08:00,2026-09-25T06:38:14Z,28.71,15.0903550534955,0.0348258117413004,-1.22100261407948,118.590835463097,9.6909275827294,119.634287232195,0,-0.521683012579794,-0.0124304651337914,0.271686397633118,MV-202-15,sine_steer_python_15kmh,COMPLETED
2873,2026年09月25日_14时38分14秒_第001次,2026-09-25T14:38:14+08:00,2026-09-25T06:38:14Z,28.72,15.0903424065604,0.0353374282025818,-1.29755873093717,118.63216817941,9.69790574561567,119.675658781337,0,-0.545903871034649,-0.0130142202252998,0.284020036316203,MV-202-15,sine_steer_python_15kmh,COMPLETED
2874,2026年09月25日_14时38分14秒_第001次,2026-09-25T14:38:14+08:00,2026-09-25T06:38:14Z,28.73,15.0903276623927,0.035843329527798,-1.37390921104245,118.673502630097,9.70487339919615,119.717034359846,0,-0.570038524939949,-0.0135959170908024,0.296309027150646,MV-202-15,sine_steer_python_15kmh,COMPLETED
2875,2026年09月25日_14时38分14秒_第001次,2026-09-25T14:38:14+08:00,2026-09-25T06:38:14Z,28.74,15.0903108296932,0.0363434222223113,-1.45004177306698,118.714838899477,9.71182999129025,119.75841403577,0,-0.594083163154065,-0.0141754636631544,0.308551444030756,MV-202-15,sine_steer_python_15kmh,COMPLETED
2876,2026年09月25日_14时38分14秒_第001次,2026-09-25T14:38:14+08:00,2026-09-25T06:38:14Z,28.75,15.090291918151,0.0368376061839276,-1.52594415570249,118.756177071161,9.71877497139841,119.799797875553,0,-0.618033988749889,-0.0147527681055862,0.320745372729087,MV-202-15,sine_steer_python_15kmh,COMPLETED
2877,2026年09月25日_14时38分14秒_第001次,2026-09-25T14:38:14+08:00,2026-09-25T06:38:14Z,28.76,15.0902709383724,0.0373257758523863,-1.6016041221355,118.797517228015,9.72570779078362,119.84118594401,0,-0.641887219614425,-0.0153277388415236,0.332888910545837,MV-202-15,sine_steer_python_15kmh,COMPLETED
2878,2026年09月25日_14时38分14秒_第001次,2026-09-25T14:38:14+08:00,2026-09-25T06:38:14Z,28.77,15.0902479018176,0.0378078219776664,-1.67700946605331,118.838859452133,9.73262790255375,119.882578304308,0,-0.665639089045964,-0.0159002845933336,0.344980165577126,MV-202-15,sine_steer_python_15kmh,COMPLETED
2879,2026年09月25日_14时38分14秒_第001次,2026-09-25T14:38:14+08:00,2026-09-25T06:38:14Z,28.78,15.0902228207442,0.0382836341337802,-1.75214801927988,118.880203824802,9.73953476174515,119.923975017942,0,-0.689285846349037,-0.0164703144318829,0.357017255522517,MV-202-15,sine_steer_python_15kmh,COMPLETED
2880,2026年09月25日_14时38分14秒_第001次,2026-09-25T14:38:14+08:00,2026-09-25T06:38:14Z,28.79,15.0901957078082,0.0387531040520599,-1.82700765684714,118.921550426473,9.74642782540789,119.965376144715,0,-0.712823757426503,-0.017037737838043,0.368998305992491,MV-202-15,sine_steer_python_15kmh,COMPLETED
2881,2026年09月25日_14时38分14秒_第001次,2026-09-25T14:38:14+08:00,2026-09-25T06:38:14Z,28.8,15.0901665768367,0.0392161297764473,-1.90157632130785,118.962899336726,9.75330655269319,120.006781742714,0,-0.736249105369356,-0.0176024647762842,0.380921448269706,MV-202-15,sine_steer_python_15kmh,COMPLETED
2882,2026年09月25日_14时38分14秒_第001次,2026-09-25T14:38:14+08:00,2026-09-25T06:38:14Z,28.81,15.0901354433456,0.0396726205842376,-1.97584203762213,119.004250634244,9.7601704049438,120.048191868299,0,-0.759558191043601,-0.0181644057796358,0.39278481658823,MV-202-15,sine_steer_python_15kmh,COMPLETED
2883,2026年09月25日_14时38分14秒_第001次,2026-09-25T14:38:14+08:00,2026-09-25T06:38:14Z,28.82,15.0901023242425,0.0401225018769785,-2.04979291663133,119.045604396781,9.76701884578706,120.089606576082,0,-0.782747333674402,-0.0187234720347358,0.404586545426756,MV-202-15,sine_steer_python_15kmh,COMPLETED
2884,2026年09月25日_14时38分14秒_第001次,2026-09-25T14:38:14+08:00,2026-09-25T06:38:14Z,28.83,15.0900672381216,0.0405657193020039,-2.12341716993109,119.086960701136,9.77385134123055,120.131025918913,0,-0.805812871427321,-0.0192795754563909,0.416324767224652,MV-202-15,sine_steer_python_15kmh,COMPLETED
2885,2026年09月25日_14时38分14秒_第001次,2026-09-25T14:38:14+08:00,2026-09-25T06:38:14Z,28.84,15.0900302057289,0.0410022412403527,-2.19670312458806,119.128319623122,9.78066735975929,120.172449947871,0,-0.828751161986563,-0.0198326287391993,0.42799761105731,MV-202-15,sine_steer_python_15kmh,COMPLETED
2886,2026年09月25日_14时38分14秒_第001次,2026-09-25T14:38:14+08:00,2026-09-25T06:38:14Z,28.85,15.0899912502361,0.0414320588867621,-2.26963922592396,119.16968123754,9.78746637243305,120.213878712247,0,-0.851558583130151,-0.0203825453749713,0.439603202758259,MV-202-15,sine_steer_python_15kmh,COMPLETED
2887,2026年09月25日_14时38分14秒_第001次,2026-09-25T14:38:14+08:00,2026-09-25T06:38:14Z,28.86,15.0899503972219,0.041855183606673,-2.34221402943934,119.211045618157,9.79424785298206,120.255312259538,0,-0.874231533301857,-0.0209292396311548,0.451139666695256,MV-202-15,sine_steer_python_15kmh,COMPLETED
2888,2026年09月25日_14时38分14秒_第001次,2026-09-25T14:38:14+08:00,2026-09-25T06:38:14Z,28.87,15.0899076744107,0.0422716419564327,-2.41441618852091,119.252412837678,9.80101127789942,120.296750635441,0,-0.896766432180068,-0.0214726264954706,0.462605128980515,MV-202-15,sine_steer_python_15kmh,COMPLETED
2889,2026年09月25日_14时38分14秒_第001次,2026-09-25T14:38:14+08:00,2026-09-25T06:38:14Z,28.88,15.0898631112884,0.0426814693202282,-2.4862344414486,119.293782967723,9.80775612652895,120.338193883838,0,-0.919159721242977,-0.022012621600097,0.473997721546751,MV-202-15,sine_steer_python_15kmh,COMPLETED
2890,2026年09月25日_14时38分14秒_第001次,2026-09-25T14:38:14+08:00,2026-09-25T06:38:14Z,28.89,15.0898167387218,0.043084703257325,-2.55765759830854,119.335156078807,9.81448188114805,120.379642046792,0,-0.941407864330665,-0.022549141140887,0.485315586430822,MV-202-15,sine_steer_python_15kmh,COMPLETED
2891,2026年09月25日_14时38分14秒_第001次,2026-09-25T14:38:14+08:00,2026-09-25T06:38:14Z,28.9,15.0897685886617,0.043481377435465,-2.62867452884982,119.376532240308,9.82118802704572,120.421095164536,0,-0.963507348203429,-0.0230821018040918,0.496556879733102,MV-202-15,sine_steer_python_15kmh,COMPLETED
2892,2026年09月25日_14时38分14秒_第001次,2026-09-25T14:38:14+08:00,2026-09-25T06:38:14Z,28.91,15.0897186939497,0.0438715166687239,-2.69927415297668,119.417911520452,9.82787405259654,120.462553275466,0,-0.985454683096581,-0.0236114207080722,0.507719774934887,MV-202-15,sine_steer_python_15kmh,COMPLETED
2893,2026年09月25日_14时38分14秒_第001次,2026-09-25T14:38:14+08:00,2026-09-25T06:38:14Z,28.92,15.0896670882146,0.0442551332508385,-2.76944543463754,119.459293986288,9.83453944933138,120.504016416131,0,-1.00724640327152,-0.0241370153628562,0.518802465452643,MV-202-15,sine_steer_python_15kmh,COMPLETED
2894,2026年09月25日_14时38分14秒_第001次,2026-09-25T14:38:14+08:00,2026-09-25T06:38:14Z,28.93,15.0896138058281,0.0446322245514483,-2.83917737863534,119.500679703665,9.84118371200584,120.545484621231,0,-1.02887906756301,-0.024658803647228,0.529803166442813,MV-202-15,sine_steer_python_15kmh,COMPLETED
2895,2026年09月25日_14时38分14秒_第001次,2026-09-25T14:38:14+08:00,2026-09-25T06:38:14Z,28.94,15.0895588818982,0.0450027717284597,-2.90845902959239,119.542068737213,9.84780633866723,120.586957923605,0,-1.0503492599226,-0.0251767038013971,0.540720115940289,MV-202-15,sine_steer_python_15kmh,COMPLETED
2896,2026年09月25日_14时38分14秒_第001次,2026-09-25T14:38:14+08:00,2026-09-25T06:38:14Z,28.95,15.0895023522795,0.0453667393759568,-2.97727947263192,119.583461150326,9.85440683072076,120.628436354233,0,-1.07165358995799,-0.0256906344327952,0.551551575434653,MV-202-15,sine_steer_python_15kmh,COMPLETED
2897,2026年09月25日_14时38分14秒_第001次,2026-09-25T14:38:14+08:00,2026-09-25T06:38:14Z,28.96,15.0894442532981,0.0457240759186712,-3.04562783189928,119.624857005134,9.86098469299545,120.669919942227,0,-1.09278869346854,-0.0262005145324119,0.562295830006683,MV-202-15,sine_steer_python_15kmh,COMPLETED
2898,2026年09月25日_14时38分14秒_第001次,2026-09-25T14:38:14+08:00,2026-09-25T06:38:14Z,28.97,15.08938462203,0.0460747146251854,-3.11349327894417,119.666256362495,9.86753943381027,120.711408714833,0,-1.11375123297637,-0.026706263499918,0.572951188063916,MV-202-15,sine_steer_python_15kmh,COMPLETED
2899,2026年09月25日_14时38分14秒_第001次,2026-09-25T14:38:14+08:00,2026-09-25T06:38:14Z,28.98,15.0893234970703,0.0464185751692429,-3.18086503866353,119.707659281968,9.87407056504102,120.75290269743,0,-1.13453789825351,-0.0272078011766531,0.583515980714852,MV-202-15,sine_steer_python_15kmh,COMPLETED
2900,2026年09月25日_14时38分14秒_第001次,2026-09-25T14:38:14+08:00,2026-09-25T06:38:14Z,28.99,15.0892609158058,0.0467555657861407,-3.2477324166715,119.749065821804,9.88057760218795,120.79440191353,0,-1.15514540684453,-0.0277050478871939,0.5939885609253,MV-202-15,sine_steer_python_15kmh,COMPLETED
2901,2026年09月25日_14时38分14秒_第001次,2026-09-25T14:38:14+08:00,2026-09-25T06:38:14Z,29,15.0891969152577,0.0470855858270695,-3.31408478286364,119.790476038915,9.88706006444232,120.83590638477,0,-1.17557050458494,-0.028197924486771,0.604367302272197,MV-202-15,sine_steer_python_15kmh,COMPLETED
2902,2026年09月25日_14时38分14秒_第001次,2026-09-25T14:38:14+08:00,2026-09-25T06:38:14Z,29.01,15.0891315376648,0.0474085274818145,-3.37991151970314,119.831889988866,9.89351747475792,120.877416130925,0,-1.19580996611503,-0.0286863523969872,0.614650597962573,MV-202-15,sine_steer_python_15kmh,COMPLETED
2903,2026年09月25日_14时38分14秒_第001次,2026-09-25T14:38:14+08:00,2026-09-25T06:38:14Z,29.02,15.089064828042,0.047724278016124,-3.44520205621407,119.873307725871,9.89994935992503,120.918931169913,0,-1.21586059538921,-0.0291702536489918,0.624836859880924,MV-202-15,sine_steer_python_15kmh,COMPLETED
2904,2026年09月25日_14时38分14秒_第001次,2026-09-25T14:38:14+08:00,2026-09-25T06:38:14Z,29.03,15.0889968294573,0.0480327227789765,-3.50994592692412,119.914729302773,9.9063552506426,120.960451517804,0,-1.23571922618067,-0.0296495509378168,0.634924517277973,MV-202-15,sine_steer_python_15kmh,COMPLETED
2905,2026年09月25日_14时38分14秒_第001次,2026-09-25T14:38:14+08:00,2026-09-25T06:38:14Z,29.04,15.0889275838588,0.0483337480800045,-3.57413276850986,119.956154771023,9.9127346815904,121.001977188809,0,-1.25538272258139,-0.030124167675098,0.644912015273353,MV-202-15,sine_steer_python_15kmh,COMPLETED
2906,2026年09月25日_14时38分14秒_第001次,2026-09-25T14:38:14+08:00,2026-09-25T06:38:14Z,29.05,15.0888571343503,0.0486272436119795,-3.63775229946381,119.997584180662,9.91908719150379,121.04350819529,0,-1.27484797949738,-0.0305940280355241,0.654797813541675,MV-202-15,sine_steer_python_15kmh,COMPLETED
2907,2026年09月25日_14时38分14秒_第001次,2026-09-25T14:38:14+08:00,2026-09-25T06:38:14Z,29.06,15.088785525812,0.0489131045500447,-3.70079431851858,120.039017580313,9.92541232325071,121.085044547762,0,-1.29411192313889,-0.0310590569988298,0.664580385251795,MV-202-15,sine_steer_python_15kmh,COMPLETED
2908,2026年09月25日_14时38分14秒_第001次,2026-09-25T14:38:14+08:00,2026-09-25T06:38:14Z,29.07,15.0887128042015,0.0491912334655955,-3.76324871706758,120.080455017161,9.93170962390945,121.126586254902,0,-1.31317151150591,-0.0315191803892759,0.674258216169714,MV-202-15,sine_steer_python_15kmh,COMPLETED
2909,2026年09月25日_14时38分14秒_第001次,2026-09-25T14:38:14+08:00,2026-09-25T06:38:14Z,29.08,15.0886390159428,0.0494615419890137,-3.82510548931448,120.121896536948,9.93797864484663,121.16813332356,0,-1.3320237348685,-0.0319743249116433,0.683829803899943,MV-202-15,sine_steer_python_15kmh,COMPLETED
2910,2026年09月25日_14时38分14秒_第001次,2026-09-25T14:38:14+08:00,2026-09-25T06:38:14Z,29.09,15.0885642079023,0.0497239520860497,-3.88635473604834,120.163342183958,9.94421894179534,121.209685758759,0,-1.35066561624205,-0.0324244181817802,0.693293657321966,MV-202-15,sine_steer_python_15kmh,COMPLETED
2911,2026年09月25日_14时38分14秒_第001次,2026-09-25T14:38:14+08:00,2026-09-25T06:38:14Z,29.1,15.0884884275946,0.049978396892871,-3.94698666667514,120.204792001002,9.95043007493339,121.251243563711,0,-1.36909421185737,-0.0328693887508701,0.7026482962727,MV-202-15,sine_steer_python_15kmh,COMPLETED
2912,2026年09月25日_14时38分14秒_第001次,2026-09-25T14:38:14+08:00,2026-09-25T06:38:14Z,29.11,15.0884117232491,0.0502248211339092,-4.00699160247773,120.246246029409,9.95661160896151,121.292806739821,0,-1.38730661162561,-0.0333091661237086,0.711892251481223,MV-202-15,sine_steer_python_15kmh,COMPLETED
2913,2026年09月25日_14时38分14秒_第001次,2026-09-25T14:38:14+08:00,2026-09-25T06:38:14Z,29.12,15.088334143517,0.0504631811437879,-4.06635997790718,120.287704309018,9.96276311318071,121.334375286703,0,-1.40529993959769,-0.0337436807712448,0.721024064757538,MV-202-15,sine_steer_python_15kmh,COMPLETED
2914,2026年09月25日_14时38分14秒_第001次,2026-09-25T14:38:14+08:00,2026-09-25T06:38:14Z,29.13,15.0882557372326,0.0506934445237805,-4.12508234381265,120.329166878163,9.96888416156877,121.375949202189,0,-1.42307135441856,-0.0341728641377733,0.730042289397945,MV-202-15,sine_steer_python_15kmh,COMPLETED
2915,2026年09月25日_14时38分14秒_第001次,2026-09-25T14:38:14+08:00,2026-09-25T06:38:14Z,29.14,15.0881765542314,0.0509155895763644,-4.18314938184282,120.37063377367,9.97497433285552,121.417528482343,0,-1.44061804977582,-0.0345966486447838,0.738945490665909,MV-202-15,sine_steer_python_15kmh,COMPLETED
2916,2026年09月25日_14时38分14秒_第001次,2026-09-25T14:38:14+08:00,2026-09-25T06:38:14Z,29.15,15.08809664482,0.051129604477792,-4.24055189477145,120.412105030846,9.9810332105968,121.459113121474,0,-1.45793725484282,-0.0350149676908673,0.747732246504016,MV-202-15,sine_steer_python_15kmh,COMPLETED
2917,2026年09月25日_14时38分14秒_第001次,2026-09-25T14:38:14+08:00,2026-09-25T06:38:14Z,29.16,15.0880160593305,0.0513354861059493,-4.29728080241934,120.453580683473,9.98706038324683,121.500703112157,0,-1.47502623471635,-0.0354277556464663,0.756401148453249,MV-202-15,sine_steer_python_15kmh,COMPLETED
2918,2026年09月25日_14时38分14秒_第001次,2026-09-25T14:38:14+08:00,2026-09-25T06:38:14Z,29.17,15.0879348489625,0.0515332388296313,-4.35332715806762,120.495060763805,9.99305544422886,121.542298445238,0,-1.49188229084836,-0.0358349478477983,0.764950802526225,MV-202-15,sine_steer_python_15kmh,COMPLETED
2919,2026年09月25日_14时38分14秒_第001次,2026-09-25T14:38:14+08:00,2026-09-25T06:38:14Z,29.18,15.0878530654591,0.0517228732464498,-4.40868214334916,120.536545302557,9.99901799200419,121.583899109863,0,-1.50850276147221,-0.0362364805897682,0.773379830179326,MV-202-15,sine_steer_python_15kmh,COMPLETED
2920,2026年09月25日_14时38分14秒_第001次,2026-09-25T14:38:14+08:00,2026-09-25T06:38:14Z,29.19,15.0877707606071,0.051904404765664,-4.4633370639624,120.57803432891,10.0049476301392,121.625505093489,0,-1.52488502202289,-0.0366322911163761,0.781686869393692,MV-202-15,sine_steer_python_15kmh,COMPLETED
2921,2026年09月25日_14时38分14秒_第001次,2026-09-25T14:38:14+08:00,2026-09-25T06:38:14Z,29.2,15.0876879862117,0.0520778521896012,-4.51728335104525,120.619527870498,10.0108439673705,121.667116381903,0,-1.54102648555157,-0.0370223176107993,0.789870575734875,MV-202-15,sine_steer_python_15kmh,COMPLETED
2922,2026年09月25日_14时38分14秒_第001次,2026-09-25T14:38:14+08:00,2026-09-25T06:38:14Z,29.21,15.0876047945846,0.0522432363559293,-4.57051255968862,120.661025953414,10.0167066176683,121.70873295924,0,-1.55692460313404,-0.0374064991860366,0.797929623349062,MV-202-15,sine_steer_python_15kmh,COMPLETED
2923,2026年09月25日_14时38分14秒_第001次,2026-09-25T14:38:14+08:00,2026-09-25T06:38:14Z,29.22,15.0875212385087,0.0524005788103692,-4.62301637253841,120.702528602201,10.0225352002984,121.750354808006,0,-1.57257686427323,-0.0377847758756847,0.805862705974531,MV-202-15,sine_steer_python_15kmh,COMPLETED
2924,2026年09月25日_14时38分14秒_第001次,2026-09-25T14:38:14+08:00,2026-09-25T06:38:14Z,29.23,15.0874373708837,0.0525499006005926,-4.67478660310872,120.74403583986,10.0283293398824,121.791981909098,0,-1.58798079729567,-0.0381570886261473,0.813668537903135,MV-202-15,sine_steer_python_15kmh,COMPLETED
2925,2026年09月25日_14时38分14秒_第001次,2026-09-25T14:38:14+08:00,2026-09-25T06:38:14Z,29.24,15.0873532446956,0.0526912211960165,-4.72581519270773,120.785547687844,10.034088666455,121.833614241827,0,-1.60313396974175,-0.0385233792903561,0.821345854849796,MV-202-15,sine_steer_python_15kmh,COMPLETED
2926,2026年09月25日_14时38分14秒_第001次,2026-09-25T14:38:14+08:00,2026-09-25T06:38:14Z,29.25,15.0872689130507,0.0528245575183642,-4.77609420779273,120.827064166062,10.0398128155216,121.875251783937,0,-1.6180339887499,-0.0388835906228027,0.828893414753314,MV-202-15,sine_steer_python_15kmh,COMPLETED
2927,2026年09月25日_14时38分14秒_第001次,2026-09-25T14:38:14+08:00,2026-09-25T06:38:14Z,29.26,15.0871844291541,0.052949923119237,-4.82561584058646,120.868585292883,10.045501428113,121.916894511635,0,-1.63267850143437,-0.0392376662764084,0.836309998493248,MV-202-15,sine_steer_python_15kmh,COMPLETED
2928,2026年09月25日_14时38分14秒_第001次,2026-09-25T14:38:14+08:00,2026-09-25T06:38:14Z,29.27,15.0870998462664,0.0530673275408318,-4.87437241027204,120.910111085134,10.0511541508397,121.95854239961,0,-1.64706519525685,-0.0395855508017663,0.843594410498404,MV-202-15,sine_steer_python_15kmh,COMPLETED
2929,2026年09月25日_14时38分14秒_第001次,2026-09-25T14:38:14+08:00,2026-09-25T06:38:14Z,29.28,15.0870152176728,0.0531767758650119,-4.9223563626843,120.951641558111,10.0567706359439,122.000195421061,0,-1.66119179839162,-0.0399271896488505,0.85074547924059,MV-202-15,sine_steer_python_15kmh,COMPLETED
2930,2026年09月25日_14时38分14秒_第001次,2026-09-25T14:38:14+08:00,2026-09-25T06:38:14Z,29.29,15.0869305966568,0.0532782684445894,-4.9695602693363,120.993176725576,10.0623505413513,122.041853547721,0,-1.67505608008428,-0.0402625291711243,0.857762057616979,MV-202-15,sine_steer_python_15kmh,COMPLETED
2931,2026年09月25日_14时38分14秒_第001次,2026-09-25T14:38:14+08:00,2026-09-25T06:38:14Z,29.3,15.0868460364675,0.053371800817297,-5.0159768270483,121.034716599769,10.0678935307217,122.083516749885,0,-1.68865585100403,-0.0405915166320756,0.864643023220392,MV-202-15,sine_steer_python_15kmh,COMPLETED
2932,2026年09月25日_14时38分14秒_第001次,2026-09-25T14:38:14+08:00,2026-09-25T06:38:14Z,29.31,15.0867615902176,0.0534573638022832,-5.06159885898783,121.07626119141,10.0733992734982,122.125184996438,0,-1.70198896358939,-0.0409141002141966,0.871387278500915,MV-202-15,sine_steer_python_15kmh,COMPLETED
2933,2026年09月25日_14时38分14秒_第001次,2026-09-25T14:38:14+08:00,2026-09-25T06:38:14Z,29.32,15.0866773105453,0.053534943772985,-5.10641931814656,121.117810509706,10.0788674449562,122.166858254877,0,-1.71505331238731,-0.0412302290303404,0.877993750832839,MV-202-15,sine_steer_python_15kmh,COMPLETED
2934,2026年09月25日_14时38分14秒_第001次,2026-09-25T14:38:14+08:00,2026-09-25T06:38:14Z,29.33,15.0865932504029,0.0536045231349525,-5.15043127591055,121.15936456236,10.0842977262514,122.208536491346,0,-1.72784683438567,-0.0415398531378834,0.88446139237866,MV-202-15,sine_steer_python_15kmh,COMPLETED
2935,2026年09月25日_14时38分14秒_第001次,2026-09-25T14:38:14+08:00,2026-09-25T06:38:14Z,29.34,15.086509462947,0.0536660808116416,-5.19362792649861,121.200923355577,10.0896898044681,122.250219670658,0,-1.74036750933905,-0.0418429235528988,0.890789180000395,MV-202-15,sine_steer_python_15kmh,COMPLETED
2936,2026年09月25日_14时38分14秒_第001次,2026-09-25T14:38:14+08:00,2026-09-25T06:38:14Z,29.35,15.0864260009971,0.0537195929023942,-5.23600259614266,121.242486894077,10.0950433726664,122.29190775633,0,-1.75261336008773,-0.0421393922666899,0.89697611509036,MV-202-15,sine_steer_python_15kmh,COMPLETED
2937,2026年09月25日_14时38分14秒_第001次,2026-09-25T14:38:14+08:00,2026-09-25T06:38:14Z,29.36,15.0863429164094,0.0537650333886782,-5.27754873320272,121.284055181101,10.1003581299288,122.333600710606,0,-1.76458245286991,-0.0424292122629303,0.90302122337327,MV-202-15,sine_steer_python_15kmh,COMPLETED
2938,2026年09月25日_14时38分14秒_第001次,2026-09-25T14:38:14+08:00,2026-09-25T06:38:14Z,29.37,15.0862602608988,0.0538023749554416,-5.31825991754957,121.325628218418,10.1056337814069,122.375298494491,0,-1.77627289762709,-0.0427123375363711,0.908923554533937,MV-202-15,sine_steer_python_15kmh,COMPLETED
2939,2026年09月25日_14时38分14秒_第001次,2026-09-25T14:38:14+08:00,2026-09-25T06:38:14Z,29.38,15.0861780868223,0.0538315899366143,-5.35812986808396,121.367206006342,10.1108700383675,122.417001067777,0,-1.78768284830253,-0.0429887231132573,0.914682181762491,MV-202-15,sine_steer_python_15kmh,COMPLETED
2940,2026年09月25日_14时38分14秒_第001次,2026-09-25T14:38:14+08:00,2026-09-25T06:38:14Z,29.39,15.0860964460661,0.0538526511062985,-5.39715243360956,121.40878854374,10.1160666182392,122.458708389079,0,-1.79881050313274,-0.043258325069485,0.920296201514338,MV-202-15,sine_steer_python_15kmh,COMPLETED
2941,2026年09月25日_14时38分14秒_第001次,2026-09-25T14:38:14+08:00,2026-09-25T06:38:14Z,29.4,15.0860153892772,0.0538655323477934,-5.43532159207596,121.450375828044,10.121223244657,122.500420415865,0,-1.80965410493204,-0.0435211005469411,0.925764733315133,MV-202-15,sine_steer_python_15kmh,COMPLETED
2942,2026年09月25日_14时38分14秒_第001次,2026-09-25T14:38:14+08:00,2026-09-25T06:38:14Z,29.41,15.08593496782,0.0538702093307902,-5.4726314334677,121.491967855263,10.1263396475081,122.542137104483,0,-1.82021194136999,-0.0437770077698712,0.931086919364283,MV-202-15,sine_steer_python_15kmh,COMPLETED
2943,2026年09月25日_14时38分14秒_第001次,2026-09-25T14:38:14+08:00,2026-09-25T06:38:14Z,29.42,15.0858552328692,0.05386665994384,-5.5090761849537,121.533564619998,10.1314155629774,122.583858410198,0,-1.83048234524184,-0.044026006057664,0.936261924476817,MV-202-15,sine_steer_python_15kmh,COMPLETED
2944,2026年09月25日_14时38分14秒_第001次,2026-09-25T14:38:14+08:00,2026-09-25T06:38:14Z,29.43,15.0857762347873,0.0538548648339295,-5.54465022145265,121.575166115456,10.1364507335909,122.625584287224,0,-1.84046369473174,-0.044268055839047,0.941288935936607,MV-202-15,sine_steer_python_15kmh,COMPLETED
2945,2026年09月25日_14时38分14秒_第001次,2026-09-25T14:38:14+08:00,2026-09-25T06:38:14Z,29.44,15.0856980233721,0.0538348078577233,-5.57934805426517,121.616772333462,10.1414449082588,122.667314688752,0,-1.85015441366892,-0.0445031186649152,0.946167163335851,MV-202-15,sine_steer_python_15kmh,COMPLETED
2946,2026年09月25日_14时38分14秒_第001次,2026-09-25T14:38:14+08:00,2026-09-25T06:38:14Z,29.45,15.0856206479629,0.053806476311557,-5.61316432477713,121.658383264477,10.1463978423185,122.709049566991,0,-1.8595529717765,-0.0447311572178793,0.950895838551799,MV-202-15,sine_steer_python_15kmh,COMPLETED
2947,2026年09月25日_14时38分14秒_第001次,2026-09-25T14:38:14+08:00,2026-09-25T06:38:14Z,29.46,15.0855441573242,0.0537698610357906,-5.64609380985901,121.699998897608,10.1513092975763,122.750788873191,0,-1.86865788491322,-0.0449521353198746,0.955474215810319,MV-202-15,sine_steer_python_15kmh,COMPLETED
2948,2026年09月25日_14时38分14秒_第001次,2026-09-25T14:38:14+08:00,2026-09-25T06:38:14Z,29.47,15.085468599597,0.0537249564760013,-5.67813142751728,121.741619220629,10.1561790423483,122.792532557685,0,-1.87746771530775,-0.0451660179389916,0.959901571766495,MV-202-15,sine_steer_python_15kmh,COMPLETED
2949,2026年09月25日_14时38分14秒_第001次,2026-09-25T14:38:14+08:00,2026-09-25T06:38:14Z,29.48,15.0853940223391,0.0536717606784363,-5.70927223698484,121.783244219993,10.1610068515,122.834280569915,0,-1.88598107178573,-0.0453727711952022,0.964177205614338,MV-202-15,sine_steer_python_15kmh,COMPLETED
2950,2026年09月25日_14时38分14秒_第001次,2026-09-25T14:38:14+08:00,2026-09-25T06:38:14Z,29.49,15.0853204725249,0.0536102751866565,-5.73951143724434,121.824873880855,10.1657925064851,122.876032858474,0,-1.89419660998949,-0.0455723623644987,0.968300439255253,MV-202-15,sine_steer_python_15kmh,COMPLETED
2951,2026年09月25日_14时38分14秒_第001次,2026-09-25T14:38:14+08:00,2026-09-25T06:38:14Z,29.5,15.0852479964851,0.0535405048556927,-5.76884436771838,121.866508187081,10.1705357953834,122.917789371132,0,-1.90211303259031,-0.045764759881666,0.972270617517321,MV-202-15,sine_steer_python_15kmh,COMPLETED
2952,2026年09月25日_14时38分14秒_第001次,2026-09-25T14:38:14+08:00,2026-09-25T06:38:14Z,29.51,15.0851766394194,0.0534624576119022,-5.79726651483614,121.908147121274,10.1752365129367,122.959550054875,0,-1.90972908949329,-0.045949933342081,0.97608710843596,MV-202-15,sine_steer_python_15kmh,COMPLETED
2953,2026年09月25日_14时38分14秒_第001次,2026-09-25T14:38:14+08:00,2026-09-25T06:38:14Z,29.52,15.0851064458122,0.0533761442181893,-5.82477350645748,121.949790664789,10.1798944605842,123.001314855939,0,-1.91704357803475,-0.0461278535033837,0.979749303462501,MV-202-15,sine_steer_python_15kmh,COMPLETED
2954,2026年09月25日_14时38分14秒_第001次,2026-09-25T14:38:14+08:00,2026-09-25T06:38:14Z,29.53,15.0850374602185,0.0532815779504552,-5.85136110415087,121.991438797751,10.1845094464964,123.043083719843,0,-1.92405534317217,-0.0462984922856741,0.98325661769531,MV-202-15,sine_steer_python_15kmh,COMPLETED
2955,2026年09月25日_14时38分14秒_第001次,2026-09-25T14:38:14+08:00,2026-09-25T06:38:14Z,29.54,15.0849697263677,0.0531787741743206,-5.87702521860826,122.03309149908,10.1890812856085,123.084856591428,0,-1.93076327766655,-0.0464618227700684,0.98660849029292,MV-202-15,sine_steer_python_15kmh,COMPLETED
2956,2026年09月25日_14时38分14秒_第001次,2026-09-25T14:38:14+08:00,2026-09-25T06:38:14Z,29.55,15.0849032869514,0.0530677500305881,-5.90176191198979,122.074748746509,10.1936097996509,123.12663341489,0,-1.93716632225726,-0.0466178191985804,0.989804384769738,MV-202-15,sine_steer_python_15kmh,COMPLETED
2957,2026年09月25日_14时38分14秒_第001次,2026-09-25T14:38:14+08:00,2026-09-25T06:38:14Z,29.56,15.0848381838115,0.0529485241090496,-5.92556739133986,122.116410516604,10.1980948171795,123.168414133819,0,-1.94326346582935,-0.0467664569736208,0.99284378926642,MV-202-15,sine_steer_python_15kmh,COMPLETED
2958,2026年09月25日_14时38分14秒_第001次,2026-09-25T14:38:14+08:00,2026-09-25T06:38:14Z,29.57,15.0847744579698,0.0528211160739333,-5.94843800685373,122.158076784787,10.2025361736041,123.210198691227,0,-1.94905374557315,-0.0469077126565864,0.99572621685865,MV-202-15,sine_steer_python_15kmh,COMPLETED
2959,2026年09月25日_14时38分14秒_第001次,2026-09-25T14:38:14+08:00,2026-09-25T06:38:14Z,29.58,15.084712149546,0.0526855463093835,-5.97037025527799,122.199747525358,10.2069337112161,123.251987029592,0,-1.95453624713639,-0.047041563966512,0.998451205859895,MV-202-15,sine_steer_python_15kmh,COMPLETED
2960,2026年09月25日_14时38分14秒_第001次,2026-09-25T14:38:14+08:00,2026-09-25T06:38:14Z,29.59,15.0846512977308,0.0525418356231523,-5.99136078207023,122.241422711513,10.2112872792141,123.293779090889,0,-1.95971010476849,-0.0471679897793305,1.00101832008234,MV-202-15,sine_steer_python_15kmh,COMPLETED
2961,2026年09月25日_14时38分14秒_第001次,2026-09-25T14:38:14+08:00,2026-09-25T06:38:14Z,29.6,15.0845919407991,0.0523900049953704,-6.01140638080469,122.283102315374,10.2155967337286,123.335574816625,0,-1.96457450145738,-0.0472869701275629,1.00342714906488,MV-202-15,sine_steer_python_15kmh,COMPLETED
2962,2026年09月25日_14时38分14秒_第001次,2026-09-25T14:38:14+08:00,2026-09-25T06:38:14Z,29.61,15.0845341160939,0.0522300753637047,-6.03050399245126,122.324786308006,10.2198619378456,123.377374147879,0,-1.96912866905841,-0.0473984862003146,1.00567730827828,MV-202-15,sine_steer_python_15kmh,COMPLETED
2963,2026年09月25日_14时38分14秒_第001次,2026-09-25T14:38:14+08:00,2026-09-25T06:38:14Z,29.62,15.0844778599868,0.0520620674590006,-6.04865070586138,122.366474659445,10.2240827616283,123.419177025332,0,-1.97337188841574,-0.0475025203437881,1.00776843929838,MV-202-15,sine_steer_python_15kmh,COMPLETED
2964,2026年09月25日_14时38分14秒_第001次,2026-09-25T14:38:14+08:00,2026-09-25T06:38:14Z,29.63,15.0844232078496,0.0518860017047723,-6.0658437586084,122.408167338718,10.2282590821386,123.460983389308,0,-1.97730348947583,-0.0475990560625045,1.00970020993645,MV-202-15,sine_steer_python_15kmh,COMPLETED
2965,2026年09月25日_14时38分14秒_第001次,2026-09-25T14:38:14+08:00,2026-09-25T06:38:14Z,29.64,15.0843701940425,0.0517018981794206,-6.08208053734045,122.44986431387,10.2323907834561,123.502793179805,0,-1.9809228513933,-0.0476880780212276,1.01147231432646,MV-202-15,sine_steer_python_15kmh,COMPLETED
2966,2026年09月25日_14时38分14秒_第001次,2026-09-25T14:38:14+08:00,2026-09-25T06:38:14Z,29.65,15.0843188519007,0.0515097766337716,-6.09735857784203,122.491565551989,10.2364777566973,123.544606336535,0,-1.98422940262896,-0.0477695720474902,1.01308447297498,MV-202-15,sine_steer_python_15kmh,COMPLETED
2967,2026年09月25日_14时38分14秒_第001次,2026-09-25T14:38:14+08:00,2026-09-25T06:38:14Z,29.66,15.084269213712,0.0513096565589501,-6.11167556522496,122.53327101923,10.2405199000329,123.586422798954,0,-1.98722262104002,-0.0478435251346585,1.01453643277686,MV-202-15,sine_steer_python_15kmh,COMPLETED
2968,2026年09月25日_14时38分14秒_第001次,2026-09-25T14:38:14+08:00,2026-09-25T06:38:14Z,29.67,15.0842213106927,0.0511015573011382,-6.12502933427768,122.574980680839,10.2445171187041,123.628242506304,0,-1.9899020339626,-0.0479099254454903,1.01582796699796,MV-202-15,sine_steer_python_15kmh,COMPLETED
2969,2026年09月25日_14时38分14秒_第001次,2026-09-25T14:38:14+08:00,2026-09-25T06:38:14Z,29.68,15.0841751729677,0.0508854982171102,-6.13741786978337,122.616694501181,10.2484693250383,123.670065397641,0,-1.99226721828634,-0.0479687623161049,1.01695887522804,MV-202-15,sine_steer_python_15kmh,COMPLETED
2970,2026年09月25日_14时38分14秒_第001次,2026-09-25T14:38:14+08:00,2026-09-25T06:38:14Z,29.69,15.0841308295526,0.0506614988618803,-6.14883930673734,122.658412443764,10.2523764384631,123.711891411874,0,-1.99431780052123,-0.0480200262602461,1.0179289833089,MV-202-15,sine_steer_python_15kmh,COMPLETED
2971,2026年09月25日_14时38分14秒_第001次,2026-09-25T14:38:14+08:00,2026-09-25T06:38:14Z,29.7,15.0840883089346,0.0504298109428689,-6.15929130910395,122.700134471251,10.2562383857141,123.753720487768,0,-1.99605345685654,-0.0480637122866786,1.01873800299225,MV-202-15,sine_steer_python_15kmh,COMPLETED
2972,2026年09月25日_14时38分14秒_第001次,2026-09-25T14:38:14+08:00,2026-09-25T06:38:14Z,29.71,15.0840476339701,0.0501904866964165,-6.16877439257285,122.741860545527,10.2600551003017,123.79555256406,0,-1.99747391321203,-0.0480998137574041,1.01938579233605,MV-202-15,sine_steer_python_15kmh,COMPLETED
2973,2026年09月25日_14时38分14秒_第001次,2026-09-25T14:38:14+08:00,2026-09-25T06:38:14Z,29.72,15.0840088366501,0.049943377153645,-6.17728390475777,122.783590627635,10.2638265236324,123.837387579371,0,-1.99857894528118,-0.0481283223403259,1.01987235664001,MV-202-15,sine_steer_python_15kmh,COMPLETED
2974,2026年09月25日_14时38分14秒_第001次,2026-09-25T14:38:14+08:00,2026-09-25T06:38:14Z,29.73,15.0839719361831,0.0496885086388365,-6.18482161687578,122.825324677959,10.2675526032965,123.8792254724,0,-1.9993683785666,-0.0481492333686749,1.02019762338236,MV-202-15,sine_steer_python_15kmh,COMPLETED
2975,2026年09月25日_14时38分14秒_第001次,2026-09-25T14:38:14+08:00,2026-09-25T06:38:14Z,29.74,15.0839369586393,0.0494257662794058,-6.19138413875034,122.867062656087,10.2712332947724,123.921066181804,0,-1.99984208840763,-0.0481625413378802,1.02036163132353,MV-202-15,sine_steer_python_15kmh,COMPLETED
2976,2026年09月25日_14时38分14秒_第001次,2026-09-25T14:38:14+08:00,2026-09-25T06:38:14Z,29.75,15.0839039246675,0.0491553307119023,-6.19697185931319,122.908804520965,10.2748685601689,123.962909646333,0,-2,-0.0481682461324319,1.02036426796628,MV-202-15,sine_steer_python_15kmh,COMPLETED
2977,2026年09月25日_14时38分14秒_第001次,2026-09-25T14:38:14+08:00,2026-09-25T06:38:14Z,29.76,15.0838728543076,0.0488772847343059,-6.20158357892045,122.950550230839,10.2784583690655,124.004755804805,0,-1.99984208840763,-0.048166347437837,1.02020550569164,MV-202-15,sine_steer_python_15kmh,COMPLETED
2978,2026年09月25日_14时38分14秒_第001次,2026-09-25T14:38:14+08:00,2026-09-25T06:38:14Z,29.77,15.0838437684727,0.0485916316752436,-6.20521873512156,122.992299743309,10.2820026982592,124.046604596162,0,-1.9993683785666,-0.0481568449917573,1.01988539102531,MV-202-15,sine_steer_python_15kmh,COMPLETED
2979,2026年09月25日_14时38分14秒_第001次,2026-09-25T14:38:14+08:00,2026-09-25T06:38:14Z,29.78,15.0838166850908,0.0482983032906839,-6.20787652391666,123.034053015376,10.2855015316052,124.088455959506,0,-1.99857894528118,-0.0481397386874165,1.01940404055582,MV-202-15,sine_steer_python_15kmh,COMPLETED
2980,2026年09月25日_14时38分14秒_第001次,2026-09-25T14:38:14+08:00,2026-09-25T06:38:14Z,29.79,15.0837916210539,0.047997153778701,-6.20955689240538,123.075810003457,10.2889548600818,124.130309834138,0,-1.99747391321203,-0.0481150284793012,1.01876164475917,MV-202-15,sine_steer_python_15kmh,COMPLETED
2981,2026年09月25日_14时38分14秒_第001次,2026-09-25T14:38:14+08:00,2026-09-25T06:38:14Z,29.8,15.0837685926908,0.0476879824652756,-6.21025964588559,123.117570663426,10.2923626817083,124.172166159589,0,-1.99605345685654,-0.0480827146978451,1.01795845461682,MV-202-15,sine_steer_python_15kmh,COMPLETED
2982,2026年09月25日_14时38分14秒_第001次,2026-09-25T14:38:14+08:00,2026-09-25T06:38:14Z,29.81,15.0837476152098,0.0473705477855534,-6.20998480468517,123.159334950638,10.2957250015067,124.214024875658,0,-1.99431780052123,-0.0480427982421688,1.01699477346174,MV-202-15,sine_steer_python_15kmh,COMPLETED
2983,2026年09月25日_14时38分14秒_第001次,2026-09-25T14:38:14+08:00,2026-09-25T06:38:14Z,29.82,15.0837287031327,0.047044968713152,-6.20873154450044,123.201102819942,10.299041831804,124.255885922391,0,-1.99226721828635,-0.0479952863131812,1.0158707142676,MV-202-15,sine_steer_python_15kmh,COMPLETED
2984,2026年09月25日_14时38分14秒_第001次,2026-09-25T14:38:14+08:00,2026-09-25T06:38:14Z,29.83,15.0837118630907,0.0467114049960344,-6.20650268647012,123.24287422574,10.3023131916283,124.29774924019,0,-1.9899020339626,-0.0479401878838562,1.01458639183526,MV-202-15,sine_steer_python_15kmh,COMPLETED
2985,2026年09月25日_14时38分14秒_第001次,2026-09-25T14:38:14+08:00,2026-09-25T06:38:14Z,29.84,15.0836971123975,0.0463699234692369,-6.20329529940165,123.284649121912,10.3055391081276,124.339614769716,0,-1.98722262104002,-0.04787751179167,1.01314200201565,MV-202-15,sine_steer_python_15kmh,COMPLETED
2986,2026年09月25日_14时38分14秒_第001次,2026-09-25T14:38:14+08:00,2026-09-25T06:38:14Z,29.85,15.0836844554727,0.04602091973202,-6.19911264235245,123.326427461984,10.3087196149048,124.381482452042,0,-1.98422940262895,-0.0478072727544599,1.01153756884092,MV-202-15,sine_steer_python_15kmh,COMPLETED
2987,2026年09月25日_14时38分14秒_第001次,2026-09-25T14:38:14+08:00,2026-09-25T06:38:14Z,29.86,15.0836739013107,0.0456645030369909,-6.19395414269092,123.368209199019,10.3118547534614,124.423352228603,0,-1.9809228513933,-0.0477294826141602,1.00977331364536,MV-202-15,sine_steer_python_15kmh,COMPLETED
2988,2026年09月25日_14时38分14秒_第001次,2026-09-25T14:38:14+08:00,2026-09-25T06:38:14Z,29.87,15.0836654581412,0.0453007657858151,-6.18782070653283,123.409994285738,10.3149445723171,124.465224041261,0,-1.97730348947583,-0.0476441541538754,1.00784949382364,MV-202-15,sine_steer_python_15kmh,COMPLETED
2989,2026年09月25日_14时38分14秒_第001次,2026-09-25T14:38:14+08:00,2026-09-25T06:38:14Z,29.88,15.0836591304566,0.0449298016649054,-6.1807134935522,123.451782674521,10.3179891272126,124.507097832339,0,-1.97337188841574,-0.0475513013532064,1.00576639212598,MV-202-15,sine_steer_python_15kmh,COMPLETED
2990,2026年09月25日_14时38分14秒_第001次,2026-09-25T14:38:14+08:00,2026-09-25T06:38:14Z,29.89,15.0836549219642,0.0445517024292286,-6.17263366851147,123.493574317433,10.3209884810894,124.548973544636,0,-1.96912866905841,-0.0474509393402909,1.00352431832285,MV-202-15,sine_steer_python_15kmh,COMPLETED
2991,2026年09月25日_14时38分14秒_第001次,2026-09-25T14:38:14+08:00,2026-09-25T06:38:14Z,29.9,15.0836528356174,0.0441665567187263,-6.16358252732318,123.535369166259,10.3239427040731,124.590851121455,0,-1.96457450145738,-0.0473430843723386,1.00112360987589,MV-202-15,sine_steer_python_15kmh,COMPLETED
2992,2026年09月25日_14时38分14秒_第001次,2026-09-25T14:38:14+08:00,2026-09-25T06:38:14Z,29.91,15.0836528727201,0.0437744495893631,-6.15356152505006,123.577167172526,10.3268518734619,124.632730506632,0,-1.95971010476849,-0.0472277538260589,0.998564632248089,MV-202-15,sine_steer_python_15kmh,COMPLETED
2993,2026年09月25日_14时38分14秒_第001次,2026-09-25T14:38:14+08:00,2026-09-25T06:38:14Z,29.92,15.083655033024,0.0433754618476816,-6.14257227177664,123.618968287536,10.3297160737123,124.674611644556,0,-1.95453624713639,-0.0471049661850411,0.995847779255002,MV-202-15,sine_steer_python_15kmh,COMPLETED
2994,2026年09月25日_14时38分14秒_第001次,2026-09-25T14:38:14+08:00,2026-09-25T06:38:14Z,29.93,15.0836593150564,0.0429696690873524,-6.13061652151258,123.660772462386,10.3325353964231,124.716494480195,0,-1.94905374557316,-0.0469747410226121,0.9929734735779,MV-202-15,sine_steer_python_15kmh,COMPLETED
2995,2026年09月25日_14时38分14秒_第001次,2026-09-25T14:38:14+08:00,2026-09-25T06:38:14Z,29.94,15.0836657161071,0.0425571406194052,-6.1176961695725,123.702579648004,10.3353099403169,124.758378959116,0,-1.94326346582935,-0.0468370989828796,0.989942167367604,MV-202-15,sine_steer_python_15kmh,COMPLETED
2996,2026年09月25日_14时38分14秒_第001次,2026-09-25T14:38:14+08:00,2026-09-25T06:38:14Z,29.95,15.0836742321047,0.0421379385790089,-6.10381325616775,123.74438979517,10.3380398112203,124.800265027512,0,-1.93716632225726,-0.0466920617639896,0.986754342750822,MV-202-15,sine_steer_python_15kmh,COMPLETED
2997,2026年09月25日_14时38分14秒_第001次,2026-09-25T14:38:14+08:00,2026-09-25T06:38:14Z,29.96,15.0836848576096,0.041712117401411,-6.08896996790311,123.786202854547,10.3407251220407,124.842152632227,0,-1.93076327766655,-0.0465396521063745,0.983410512104316,MV-202-15,sine_steer_python_15kmh,COMPLETED
2998,2026年09月25日_14时38分14秒_第001次,2026-09-25T14:38:14+08:00,2026-09-25T06:38:14Z,29.97,15.0836975858703,0.0412797237643289,-6.07316863595304,123.828018776706,10.3433659927425,124.884041720771,0,-1.92405534317218,-0.0463798937874284,0.979911218040494,MV-202-15,sine_steer_python_15kmh,COMPLETED
2999,2026年09月25日_14时38分14秒_第001次,2026-09-25T14:38:14+08:00,2026-09-25T06:38:14Z,29.98,15.0837124088435,0.0408407970610579,-6.05641173437374,123.869837512152,10.3459625503216,124.925932241351,0,-1.91704357803475,-0.0462128116235796,0.976257033070579,MV-202-15,sine_steer_python_15kmh,COMPLETED
3000,2026年09月25日_14时38分14秒_第001次,2026-09-25T14:38:14+08:00,2026-09-25T06:38:14Z,29.99,15.0837293171831,0.040395370435394,-6.03870188000683,123.911659011354,10.3485149287798,124.967824142888,0,-1.90972908949329,-0.0460384314802742,0.972448558923605,MV-202-15,sine_steer_python_15kmh,COMPLETED
3001,2026年09月25日_14时38分14秒_第001次,2026-09-25T14:38:14+08:00,2026-09-25T06:38:14Z,30,15.0837483002391,0.0399434723372064,-6.02004183284977,123.953483224769,10.3510232690987,125.009717375041,0,-1.90211303259031,-0.0458567802893431,0.968486425540115,MV-202-15,sine_steer_python_15kmh,COMPLETED
