sample_index,run_number,timestamp_local_iso8601,sim_time_s,state_vehicle_speed_kmh,state_beta_trucksim_deg,state_yaw_rate_trucksim_degps,state_x_m,state_y_m,state_xt_m,state_yt_m,cmd_delta1_deg,cmd_delta2_deg,cmd_delta3_deg,case_id,case_name
1,2026年09月16日_23时08分01秒_第004次,2026-09-16T23:08:01,0,40,0,0,-1.05819009496492,0,0,0,0,0,0,MV-201,step_steer_python
2,2026年09月16日_23时08分01秒_第004次,2026-09-16T23:08:01,0.01,39.9990111947494,2.18793810168049e-08,-5.61171528280476e-05,-0.95818879970721,2.42013120391468e-10,0.100009858455111,0,0,-3.12784156785609e-10,-1.3237025515167e-08,MV-201,step_steer_python
3,2026年09月16日_23时08分01秒_第004次,2026-09-16T23:08:01,0.02,39.9970306627398,6.53378290513269e-07,-7.59354650497617e-05,-0.84708116104228,1.85395486037398e-08,0.211124919329255,0,0,-9.34317728415906e-09,-3.95403262665612e-07,MV-201,step_steer_python
4,2026年09月16日_23时08分01秒_第004次,2026-09-16T23:08:01,0.03,39.994619113455,2.05456108955972e-07,4.22145059617456e-05,-0.735979262721039,1.71784231733022e-08,0.322235804543081,0,0,-3.01694787986799e-09,-1.27677234276013e-07,MV-201,step_steer_python
5,2026年09月16日_23时08分01秒_第004次,2026-09-16T23:08:01,0.04,39.9919571326464,-4.78575895359293e-07,6.04833734710806e-05,-0.624883338943532,4.13489155853509e-09,0.433345086127089,0,0,6.73759092131244e-09,2.85134847789942e-07,MV-201,step_steer_python
6,2026年09月16日_23时08分01秒_第004次,2026-09-16T23:08:01,0.05,39.989214601895,-6.65213567699183e-07,4.77356270434594e-05,-0.513794729818445,-5.9336048520388e-09,0.544447905886874,0,0,9.462275969574e-09,4.00443519032372e-07,MV-201,step_steer_python
7,2026年09月16日_23时08分01秒_第004次,2026-09-16T23:08:01,0.06,39.9864635393526,-5.26372840795879e-07,4.73598738183169e-05,-0.402714454872204,-1.27788135147182e-08,0.655539663663996,0,0,7.55602426971571e-09,3.19770947094369e-07,MV-201,step_steer_python
8,2026年09月16日_23时08分01秒_第004次,2026-09-16T23:08:01,0.07,39.9837050969211,-3.18700606757444e-07,5.70403507719786e-05,-0.291643104584376,-1.87485670813948e-08,0.766617508364538,0,0,4.64936459605612e-09,1.96761109705095e-07,MV-201,step_steer_python
9,2026年09月16日_23时08分01秒_第004次,2026-09-16T23:08:01,0.08,39.9809045951047,-1.83688652356515e-07,7.07417244241313e-05,-0.180580994478536,-2.52688610943709e-08,0.877680142007742,0,0,2.75690879788091e-09,1.1667238032632e-07,MV-201,step_steer_python
10,2026年09月16日_23时08分01秒_第004次,2026-09-16T23:08:01,0.09,39.9780103279585,-1.86021606144534e-07,8.45674737929679e-05,-0.0695282597911935,-3.31283361859867e-08,0.988727631051966,0,0,2.81196268028957e-09,1.19002260629855e-07,MV-201,step_steer_python
11,2026年09月16日_23时08分01秒_第004次,2026-09-16T23:08:01,0.1,39.9749661591039,-3.40440519459344e-07,9.51346186563269e-05,0.0415150644474686,-4.26351973914783e-08,1.09976112599485,0,0,5.04148892287423e-09,2.13355811216037e-07,MV-201,step_steer_python
12,2026年09月16日_23时08分01秒_第004次,2026-09-16T23:08:01,0.11,39.9717208772694,-6.26686647097451e-07,9.96937304248047e-05,0.152548961167249,-5.36715036215904e-08,1.21078245232072,0,0,9.17384028909236e-09,3.88236921034389e-07,MV-201,step_steer_python
13,2026年09月16日_23时08分01秒_第004次,2026-09-16T23:08:01,0.12,39.9682336927615,-1.00271049304495e-06,9.66087714095714e-05,0.263573355648918,-6.58442926392264e-08,1.32179365389634,0,0,1.4623458909927e-08,6.18864781068111e-07,MV-201,step_steer_python
14,2026年09月16日_23时08分01秒_第004次,2026-09-16T23:08:01,0.13,39.9644760646815,-1.41384421518852e-06,8.5483526777121e-05,0.374588053966105,-7.8677253931993e-08,1.4327965664951,0,0,2.0619429003549e-08,8.72614235430196e-07,MV-201,step_steer_python
15,2026年09月16日_23时08分01秒_第004次,2026-09-16T23:08:01,0.14,39.960431182831,-1.79715259889086e-06,6.69849226290733e-05,0.485592699704326,-9.17701361838119e-08,1.54379247486198,0,0,2.62661868772697e-08,1.11158502864605e-06,MV-201,step_steer_python
16,2026年09月16日_23时08分01秒_第004次,2026-09-16T23:08:01,0.15,39.9560927673526,-2.0825077244086e-06,4.24703241892627e-05,0.596586752142522,-1.04880402887761e-07,1.65478188507296,0,0,3.05579074333351e-08,1.29321064257874e-06,MV-201,step_steer_python
17,2026年09月16日_23时08分01秒_第004次,2026-09-16T23:08:01,0.16,39.9514643293804,-2.19278360564189e-06,1.35770718743778e-05,0.707569488422586,-1.17914592734541e-07,1.76576442523392,0,0,3.23804368938309e-08,1.37034008934692e-06,MV-201,step_steer_python
18,2026年09月16日_23时08分01秒_第004次,2026-09-16T23:08:01,0.17,39.9465589589663,-2.0456319885898e-06,-1.80684915168517e-05,0.818540030512176,-1.30852280845818e-07,1.87673887249067,0,0,3.05358525297406e-08,1.29227727905862e-06,MV-201,step_steer_python
19,2026年09月16日_23时08分01秒_第004次,2026-09-16T23:08:01,0.18,39.941398715781,-1.55878615186109e-06,-5.09420768206906e-05,0.929497394391885,-1.43649852080035e-07,1.98770329268588,0,0,2.38176679532301e-08,1.0079637077807e-06,MV-201,step_steer_python
20,2026年09月16日_23时08分01秒_第004次,2026-09-16T23:08:01,0.19,39.9360124509646,-6.59547924162607e-07,-8.35543994280882e-05,1.04044055457843,-1.56173168264498e-07,2.0986552697225,0,0,1.11464676460875e-08,4.71718510782424e-07,MV-201,step_steer_python
21,2026年09月16日_23时08分01秒_第004次,2026-09-16T23:08:01,0.2,39.9304315636724,7.02942627189311e-07,-0.000114363289836817,1.15136851360009,-1.68186373203962e-07,2.20959219405714,0,0,-8.25355702184956e-09,-3.49290533164673e-07,MV-201,step_steer_python
22,2026年09月16日_23时08分01秒_第004次,2026-09-16T23:08:01,0.21,39.9246843149101,2.54599453206408e-06,-0.000141804733776416,1.26228036493623,-1.79391041487868e-07,2.32051157369666,0,0,-3.46845852729172e-08,-1.46785164874986e-06,MV-201,step_steer_python
23,2026年09月16日_23时08分01秒_第004次,2026-09-16T23:08:01,0.22,39.9187901433658,4.84604839481158e-06,-0.000164491548101305,1.37317533944926,-1.89485425672426e-07,2.43141132698174,0,0,-6.78665928254351e-08,-2.87211420837241e-06,MV-201,step_steer_python
24,2026年09月16日_23时08分01秒_第004次,2026-09-16T23:08:01,0.23,39.9127555402863,7.53812422167482e-06,-0.000181513371053264,1.48405282849308,-1.98210775104159e-07,2.54229001527892,0,0,-1.06924629621898e-07,-4.52505032559873e-06,MV-201,step_steer_python
25,2026年09月16日_23时08分01秒_第004次,2026-09-16T23:08:01,0.24,39.90657255936,1.05218538942759e-05,-0.000192709988586008,1.59491238057025,-2.05368199356193e-07,2.65314697729811,0,0,-1.50470165374072e-07,-6.36789739863074e-06,MV-201,step_steer_python
26,2026年09月16日_23时08分01秒_第004次,2026-09-16T23:08:01,0.25,39.9002203403948,1.36718633202906e-05,-0.000198805813096806,1.70575367219119,-2.10811735720751e-07,2.76398233727404,0,0,-1.96745330123843e-07,-8.32626237084102e-06,MV-201,step_steer_python
27,2026年09月16日_23时08分01秒_第004次,2026-09-16T23:08:01,0.26,39.8936693992265,1.68497592052626e-05,-0.000201355203583974,1.81657645753079,-2.14437652942885e-07,2.87479687769858,0,0,-2.43791320837678e-07,-1.03172486978505e-05,MV-201,step_steer_python
28,2026年09月16日_23时08分01秒_第004次,2026-09-16T23:08:01,0.27,39.8868879468606,1.99158910481723e-05,-0.000202509566294738,1.92738050545595,-2.16190934302659e-07,2.98559179194246,0,0,-2.8961501084209e-07,-1.22565072588372e-05,MV-201,step_steer_python
29,2026年09月16日_23时08分01秒_第004次,2026-09-16T23:08:01,0.28,39.8798490908451,2.27403971249278e-05,-0.000204651491121063,2.03816553571335,-2.16099996342471e-07,3.09636835803568,0,0,-3.32346712913874e-07,-1.40649128905151e-05,MV-201,step_steer_python
30,2026年09月16日_23时08分01秒_第004次,2026-09-16T23:08:01,0.29,39.8725374406671,2.52137268069251e-05,-0.000209952423272195,2.14893116723132,-2.14336910239669e-07,3.20712759508614,0,0,-3.70391761194427e-07,-1.56749793337481e-05,MV-201,step_steer_python
31,2026年09月16日_23时08分01秒_第004次,2026-09-16T23:08:01,0.3,39.8649535392845,2.72564618492288e-05,-0.00021991986471023,2.25967688958623,-2.1128894045624e-07,3.31786997164806,0,0,-4.02573314470144e-07,-1.70369026683765e-05,MV-201,step_steer_python
32,2026年09月16日_23时08分01秒_第004次,2026-09-16T23:08:01,0.31,39.8571148855147,2.88273267732916e-05,-0.000235021680935185,2.37040206375875,-2.07620660485695e-07,3.42859522714755,0,0,-4.28250431396045e-07,-1.81235582566806e-05,MV-201,step_steer_python
33,2026年09月16日_23时08分01秒_第004次,2026-09-16T23:08:01,0.32,39.8490531445146,2.992770236304e-05,-0.000254495203052698,2.48110595166043,-2.04303652411813e-07,3.5393023441957,0,0,-4.47387101189624e-07,-1.89334221223449e-05,MV-201,step_steer_python
34,2026年09月16日_23时08分01秒_第004次,2026-09-16T23:08:01,0.33,39.8408082220036,3.06013215092888e-05,-0.000276433342567676,2.59178776751803,-2.02592341441555e-07,3.64998967669962,0,0,-4.60552935199448e-07,-1.94906002176406e-05,MV-201,step_steer_python
35,2026年09月16日_23时08分01秒_第004次,2026-09-16T23:08:01,0.34,39.8324207751081,3.09289373044255e-05,-0.000298168568328051,2.70244673978901,-2.03931607836641e-07,3.76065520429785,0,0,-4.68851946626768e-07,-1.98418143812448e-05,MV-201,step_steer_python
36,2026年09月16日_23时08分01秒_第004次,2026-09-16T23:08:01,0.35,39.8239250955601,3.10188412073566e-05,-0.000316870440412051,2.81308217072652,-2.09796576557204e-07,3.87129685629789,0,0,-4.73791373559551e-07,-2.00508509290402e-05,MV-201,step_steer_python
37,2026年09月16日_23时08分01秒_第004次,2026-09-16T23:08:01,0.36,39.8153440427971,3.09944842208098e-05,-0.00033018800727521,2.92369348200673,-2.2148590877399e-07,3.98191283452735,0,0,-4.77107966876565e-07,-2.01912091582162e-05,MV-201,step_steer_python
38,2026年09月16日_23时08分01秒_第004次,2026-09-16T23:08:01,0.37,39.8066870048823,3.0980077536225e-05,-0.000336751437730872,3.03428023838483,-2.39910492098925e-07,4.09250186734966,0,0,-4.80563930414613e-07,-2.03374655351464e-05,MV-201,step_steer_python
39,2026年09月16日_23时08分01秒_第004次,2026-09-16T23:08:01,0.38,39.7979510166536,3.10846099585728e-05,-0.000336404415069381,3.14484214628469,-2.65431003118266e-07,4.20306334539806,0,0,-4.85718526425993e-07,-2.0555608038348e-05,MV-201,step_steer_python
40,2026年09月16日_23时08分01秒_第004次,2026-09-16T23:08:01,0.39,39.7891244090931,3.1385102803973e-05,-0.000330136827110211,3.2553790295111,-2.97794090021945e-07,4.31359731839747,0,0,-4.93686891767673e-07,-2.08928292596079e-05,MV-201,step_steer_python
41,2026年09月16日_23时08分01秒_第004次,2026-09-16T23:08:01,0.4,39.7801918377131,3.19113693773578e-05,-0.000319778462243976,3.36589078875678,-3.36196790067129e-07,4.42410436430697,0,0,-5.04918384936807e-07,-2.13681460505257e-05,MV-201,step_steer_python
42,2026年09月16日_23时08分01秒_第004次,2026-09-16T23:08:01,0.41,39.7711393198401,3.26361873127357e-05,-0.000307565199239924,3.47637735423271,-3.79476860706897e-07,4.53458536897967,0,0,-5.19050513901608e-07,-2.1966217748316e-05,MV-201,step_steer_python
43,2026年09月16日_23时08分01秒_第004次,2026-09-16T23:08:01,0.42,39.7619580605397,3.34751377127544e-05,-0.000295693846416927,3.58683864106123,-4.26392061242213e-07,4.64504127040556,0,0,-5.34899897847142e-07,-2.26369636768911e-05,MV-201,step_steer_python
44,2026年09月16日_23时08分01秒_第004次,2026-09-16T23:08:01,0.43,39.752646350225,3.42984788626727e-05,-0.000285942684888208,3.69727451527767,-4.75924995983773e-07,4.75547282357901,0,0,-5.50625254280609e-07,-2.33024607611554e-05,MV-201,step_steer_python
45,2026年09月16日_23时08分01秒_第004次,2026-09-16T23:08:01,0.44,39.7432095086421,3.49533216905432e-05,-0.000279390759977181,3.80768477524299,-5.27539919168094e-07,4.8658804311817,0,0,-5.64039061113667e-07,-2.38701330663304e-05,MV-201,step_steer_python
46,2026年09月16日_23时08分01秒_第004次,2026-09-16T23:08:01,0.45,39.7336584081977,3.52932162129453e-05,-0.000276574476770353,3.91806914984662,-5.81333259641277e-07,4.97626406562147,0,0,-5.73027784991408e-07,-2.42505358608364e-05,MV-201,step_steer_python
47,2026年09月16日_23时08分01秒_第004次,2026-09-16T23:08:01,0.46,39.7240074839934,3.52072033924824e-05,-0.000277298126087859,4.02842731194447,-6.38044788047379e-07,5.08662328540492,0,0,-5.75967962795866e-07,-2.4374964185521e-05,MV-201,step_steer_python
48,2026年09月16日_23时08分01秒_第004次,2026-09-16T23:08:01,0.47,39.7142728941238,3.46407969000125e-05,-0.000280770691301554,4.13875890322495,-6.98925162374915e-07,5.19695732886316,0,0,-5.72030346751872e-07,-2.42083242745392e-05,MV-201,step_steer_python
49,2026年09月16日_23时08分01秒_第004次,2026-09-16T23:08:01,0.48,39.7044711967526,3.3606654135663e-05,-0.000285820475167416,4.24906356515255,-7.65501521221337e-07,5.307265255036,0,0,-5.61339127755382e-07,-2.37558718866078e-05,MV-201,step_steer_python
50,2026年09月16日_23时08分01秒_第004次,2026-09-16T23:08:01,0.49,39.6946185222404,3.21835161307089e-05,-0.000291100892673065,4.35934097017466,-8.3929683701222e-07,5.41754609733586,0,0,-5.4496471323934e-07,-2.30629066642889e-05,MV-201,step_steer_python
51,2026年09月16日_23时08分01秒_第004次,2026-09-16T23:08:01,0.5,39.684729980562,3.05044245043312e-05,-0.000295369303195059,4.46959084787264,-9.21564098572532e-07,5.52779899976494,0,0,-5.24763086270887e-07,-2.22079738109839e-05,MV-201,step_steer_python
52,2026年09月16日_23时08分01秒_第004次,2026-09-16T23:08:01,0.51,39.6748190730199,2.87358849585948e-05,-0.000297544980787191,4.57981300217876,-1.01308680133195e-06,5.63802331542951,0,0,-5.03084345660091e-07,-2.12905295083351e-05,MV-201,step_steer_python
53,2026年09月16日_23时08分01秒_第004次,2026-09-16T23:08:01,0.52,39.6648969694696,2.70504719471646e-05,-0.000296810673220977,4.69000731781234,-1.11407464878672e-06,5.74821865913793,0,0,-4.82385020350018e-07,-2.04145340612127e-05,MV-201,step_steer_python
54,2026年09月16日_23时08分01秒_第004次,2026-09-16T23:08:01,0.53,39.6549717024417,2.55983297614892e-05,-0.000292705864105157,4.80017375608575,-1.22416604794702e-06,5.85838491625736,0,0,-4.6482137047767e-07,-1.9671240398615e-05,MV-201,step_steer_python
55,2026年09月16日_23时08分01秒_第004次,2026-09-16T23:08:01,0.54,39.6450474651807,2.44830161112869e-05,-0.000285189446068735,4.91031234183529,-1.34252540329995e-06,5.96852221650351,0,0,-4.51901400969991e-07,-1.912446728905e-05,MV-201,step_steer_python
56,2026年09月16日_23时08分01秒_第004次,2026-09-16T23:08:01,0.55,39.6351242742672,2.37464806746153e-05,-0.000274665976504286,5.02042314415995,-1.46800700311243e-06,6.0786308833827,0,0,-4.44264613195183e-07,-1.88012784304201e-05,MV-201,step_steer_python
57,2026年09月16日_23时08分01秒_第004次,2026-09-16T23:08:01,0.56,39.6251982678537,2.33658693168272e-05,-0.000261965947911381,5.13050625402619,-1.59934935404168e-06,6.18871136883869,0,0,-4.41629039752633e-07,-1.86897409623314e-05,MV-201,step_steer_python
58,2026年09月16日_23时08分01秒_第004次,2026-09-16T23:08:01,0.57,39.6152628308945,2.32619421319169e-05,-0.000248266934867498,5.24056176187503,-1.73536394672086e-06,6.2987641803834,0,0,-4.42903931050208e-07,-1.87436943620448e-05,MV-201,step_steer_python
59,2026年09月16日_23时08分01秒_第004次,2026-09-16T23:08:01,0.58,39.6053105482263,2.33162030006725e-05,-0.000234942498122863,5.35058973830487,-1.87508965654828e-06,6.40878980650507,0,0,-4.46427974912608e-07,-1.88928318983016e-05,MV-201,step_steer_python
60,2026年09月16日_23时08分01秒_第004次,2026-09-16T23:08:01,0.59,39.5953356969356,2.33929664177463e-05,-0.000223412564807687,5.46059022062124,-2.01789668797519e-06,6.51878864629063,0,0,-4.5028012241575e-07,-1.90558547806345e-05,MV-201,step_steer_python
61,2026年09月16日_23时08分01秒_第004次,2026-09-16T23:08:01,0.6,39.5853367327577,2.33618076716151e-05,-0.000214831845647355,5.57056320738925,-2.16353547644386e-06,6.62876095059488,0,0,-4.52598501212521e-07,-1.91539685713139e-05,MV-201,step_steer_python
62,2026年09月16日_23时08分01秒_第004次,2026-09-16T23:08:01,0.61,39.5753180462328,2.31167004907597e-05,-0.000209846892962773,5.6805086619423,-2.31213318814759e-06,6.73870678337906,0,0,-4.51854625833045e-07,-1.91224877652545e-05,MV-201,step_steer_python
63,2026年09月16日_23时08分01秒_第004次,2026-09-16T23:08:01,0.62,39.5652903767348,2.2590265531364e-05,-0.00020846216160252,5.79042652418607,-2.46414792110696e-06,6.84862601147825,0,0,-4.47059974415734e-07,-1.89195781172739e-05,MV-201,step_steer_python
64,2026年09月16日_23时08分01秒_第004次,2026-09-16T23:08:01,0.63,39.5552696316733,2.17619931099842e-05,-0.000209997588691493,5.90031672844865,-2.62028872171295e-06,6.95851832815313,0,0,-4.37888105623722e-07,-1.85314246299959e-05,MV-201,step_steer_python
65,2026年09月16日_23时08分01秒_第004次,2026-09-16T23:08:01,0.64,39.5452743371875,2.06593915910758e-05,-0.000213187692456051,6.01017922398298,-2.781406322985e-06,7.06838331030328,0,0,-4.24696613341357e-07,-1.79731606766062e-05,MV-201,step_steer_python
66,2026年09月16日_23时08分01秒_第004次,2026-09-16T23:08:01,0.65,39.5353223679336,1.93523979547685e-05,-0.000216441085050277,6.12001399427363,-2.94836214730353e-06,7.1782205021345,0,0,-4.08452894248481e-07,-1.72857264845957e-05,MV-201,step_steer_python
67,2026年09月16日_23时08分01秒_第004次,2026-09-16T23:08:01,0.66,39.5254278175008,1.7942024338437e-05,-0.000218176867960804,6.22982107162355,-3.12188745411813e-06,7.28802951120912,0,0,-3.90576853414201e-07,-1.6529212436489e-05,MV-201,step_steer_python
68,2026年09月16日_23时08分01秒_第004次,2026-09-16T23:08:01,0.67,39.5155988046816,1.6544921299492e-05,-0.000217155404105957,6.33960054443778,-3.30245012047566e-06,7.39781009820899,0,0,-3.72723894603484e-07,-1.57736752196195e-05,MV-201,step_steer_python
69,2026年09月16日_23时08分01秒_第004次,2026-09-16T23:08:01,0.68,39.5058367292234,1.52760493027102e-05,-0.00021272395524447,6.44935255597871,-3.49015117659096e-06,7.50756224114617,0,0,-3.56539042251038e-07,-1.50887322680639e-05,MV-201,step_steer_python
70,2026年09月16日_23时08分01秒_第004次,2026-09-16T23:08:01,0.69,39.4961370989089,1.42317832597102e-05,-0.00020492513348008,6.55907729493919,-3.68467312384993e-06,7.61728615896076,0,0,-3.4341520696036e-07,-1.45333315585624e-05,MV-201,step_steer_python
71,2026年09月16日_23时08分01秒_第004次,2026-09-16T23:08:01,0.7,39.4864916571131,1.34756090663683e-05,-0.00019445341978149,6.66877497972949,-3.88529605772325e-06,7.7269822878782,0,0,-3.34286509638213e-07,-1.41470050878892e-05,MV-201,step_steer_python
72,2026年09月16日_23时08分01秒_第004次,2026-09-16T23:08:01,0.71,39.4768912334227,1.30282968095625e-05,-0.000182480170688076,6.77844583960331,-4.0909863305569e-06,7.83665121462689,0,0,-3.29483913465348e-07,-1.39437592178535e-05,MV-201,step_steer_python
73,2026年09月16日_23时08分01秒_第004次,2026-09-16T23:08:01,0.72,39.4673285839477,1.28641261857816e-05,-0.000170392960030987,6.88809009635131,-4.30054798602829e-06,7.94629358084758,0,0,-3.2867621631649e-07,-1.39095774745139e-05,MV-201,step_steer_python
74,2026年09月16日_23时08分01秒_第004次,2026-09-16T23:08:01,0.73,39.4578005223386,1.29142348853858e-05,-0.000159508282861906,6.99770795007758,-4.51281258337944e-06,8.05590997995026,0,0,-3.30912426009058e-07,-1.40042138687033e-05,MV-201,step_steer_python
75,2026年09月16日_23时08分01秒_第004次,2026-09-16T23:08:01,0.74,39.4483088651639,1.30772195597544e-05,-0.00015081793668185,7.10729957158236,-4.72683204243366e-06,8.1655008693601,0,0,-3.34768212928243e-07,-1.41673907711232e-05,MV-201,step_steer_python
76,2026年09月16日_23时08分01秒_第004次,2026-09-16T23:08:01,0.75,39.4388600648627,1.32357246528405e-05,-0.000144819599196876,7.2168651023708,-4.9420353337162e-06,8.27506651707729,0,0,-3.3857921668807e-07,-1.43286724502391e-05,MV-201,step_steer_python
77,2026年09月16日_23时08分01秒_第004次,2026-09-16T23:08:01,0.76,39.4294637685879,1.32762737927684e-05,-0.000141462223798108,7.3264046616853,-5.15831529003713e-06,8.3846069928727,0,0,-3.40722667844039e-07,-1.44193833031597e-05,MV-201,step_steer_python
78,2026年09月16日_23时08分01秒_第004次,2026-09-16T23:08:01,0.77,39.4201308036767,1.31086221290784e-05,-0.000140209787125579,7.4359183585938,-5.37602597758051e-06,8.49412220358625,0,0,-3.39894504149128e-07,-1.43843354155911e-05,MV-201,step_steer_python
79,2026年09月16日_23时08分01秒_第004次,2026-09-16T23:08:01,0.78,39.4108711765863,1.26808806283851e-05,-0.000140198838484468,7.54540630631886,-5.59589056232576e-06,8.60361196174984,0,0,-3.35328329827907e-07,-1.4191094918317e-05,MV-201,step_steer_python
80,2026年09月16日_23时08分01秒_第004次,2026-09-16T23:08:01,0.79,39.40169257899,1.19876012898491e-05,-0.00014044439506342,7.65486863578517,-5.81883930408694e-06,8.7130760697172,0,0,-3.26915532174969e-07,-1.38350653216447e-05,MV-201,step_steer_python
81,2026年09月16日_23时08分01秒_第004次,2026-09-16T23:08:01,0.8,39.3925996793381,1.106952859822e-05,-0.000140041610537993,7.76430550578335,-6.0458121125227e-06,8.8225143992766,0,0,-3.15207215256577e-07,-1.33395693496583e-05,MV-201,step_steer_python
82,2026年09月16日_23时08分01秒_第004次,2026-09-16T23:08:01,0.81,39.3835942241309,1.00053160067197e-05,-0.000138319015485991,7.87371710806833,-6.27756657953296e-06,8.93192694960145,0,0,-3.01301237589596e-07,-1.27510683747917e-05,MV-201,step_steer_python
83,2026年09月16日_23时08分01秒_第004次,2026-09-16T23:08:01,0.82,39.3746757572716,8.89685258843209e-06,-0.000134918809101664,7.98310366690264,-6.5145295572355e-06,9.04131387322043,0,0,-2.86636923127631e-07,-1.21304745867613e-05,MV-201,step_steer_python
84,2026年09月16日_23时08分01秒_第004次,2026-09-16T23:08:01,0.83,39.3658426389748,7.85085478306972e-06,-0.000129802680509935,8.09246543373102,-6.75671944925403e-06,9.15067546833618,0,0,-2.7273464502503e-07,-1.15421301774593e-05,MV-201,step_steer_python
85,2026年09月16日_23时08分01秒_第004次,2026-09-16T23:08:01,0.84,39.3570930277681,6.96002806304308e-06,-0.000123199914034644,8.20180267856152,-7.00375031821432e-06,9.26001214384172,0,0,-2.60927086147413e-07,-1.10424342857585e-05,MV-201,step_steer_python
86,2026年09月16日_23时08分01秒_第004次,2026-09-16T23:08:01,0.85,39.3484255711748,6.28726783472822e-06,-0.000115523411765534,8.31111568005173,-7.2549114514628e-06,9.36932436874967,0,0,-2.52131722304897e-07,-1.06702144879432e-05,MV-201,step_steer_python
87,2026年09月16日_23时08分01秒_第004次,2026-09-16T23:08:01,0.86,39.3398396980006,5.85585544640405e-06,-0.00010727856226174,8.42040471622824,-7.50930106849771e-06,9.47861261939667,0,0,-2.46707143955122e-07,-1.04406463321807e-05,MV-201,step_steer_python
88,2026年09月16日_23时08分01秒_第004次,2026-09-16T23:08:01,0.87,39.3313355642789,5.64736438340795e-06,-9.89826871784653e-05,8.52967005731334,-7.76598362699274e-06,9.58787733583153,0,0,-2.44418443201799e-07,-1.03437885163001e-05,MV-201,step_steer_python
89,2026年09月16日_23时08分01秒_第004次,2026-09-16T23:08:01,0.88,39.322913819176,5.60728479477176e-06,-9.11032655911535e-05,8.63891196148246,-8.02413844721609e-06,9.69711889434989,0,0,-2.44512693456812e-07,-1.03477771870923e-05,MV-201,step_steer_python
90,2026年09月16日_23时08分01秒_第004次,2026-09-16T23:08:01,0.89,39.3145753879155,5.65671647478055e-06,-8.40148683821913e-05,8.74813067371906,-8.2831728885731e-06,9.80633759785264,0,0,-2.45881847293749e-07,-1.04057197774714e-05,MV-201,step_steer_python
91,2026年09月16日_23时08分01秒_第004次,2026-09-16T23:08:01,0.9,39.3063214119493,5.70738284794127e-06,-7.79701128954801e-05,8.85732642740356,-8.54278391623171e-06,9.91553368120363,0,0,-2.47274492334773e-07,-1.04646565156076e-05,MV-201,step_steer_python
92,2026年09月16日_23时08分01秒_第004次,2026-09-16T23:08:01,0.91,39.2981533739233,5.67692653918762e-06,-7.30798364955737e-05,8.96649944793455,-8.80296427040129e-06,10.0247073261595,0,0,-2.47513406499323e-07,-1.04747673630513e-05,MV-201,step_steer_python
93,2026年09月16日_23时08分01秒_第004次,2026-09-16T23:08:01,0.92,39.2900733194713,5.50186025404222e-06,-6.93012178552103e-05,9.07564995753327,-9.06396028900687e-06,10.1338586800788,0,0,-2.45681401068863e-07,-1.03972368932343e-05,MV-201,step_steer_python
94,2026年09月16日_23时08分01秒_第004次,2026-09-16T23:08:01,0.93,39.2820840200957,5.14635459447863e-06,-6.64372856900688e-05,9.18477818039421,-9.32619551426719e-06,10.2429878740589,0,0,-2.41249179358897e-07,-1.02096652704685e-05,MV-201,step_steer_python
95,2026年09月16日_23时08分01秒_第004次,2026-09-16T23:08:01,0.94,39.2741889283178,4.60594538703879e-06,-6.41540776044092e-05,9.29388434746051,-9.59017690979611e-06,10.3520950384527,0,0,-2.34131603802926e-07,-9.90844947293983e-06,MV-201,step_steer_python
96,2026年09月16日_23时08分01秒_第004次,2026-09-16T23:08:01,0.95,39.2663918519069,3.90607680258235e-06,-6.20205104675696e-05,9.40296870027031,-9.85639959602658e-06,10.4611803157989,0,0,-2.24670574344964e-07,-9.50805870627887e-06,MV-201,step_steer_python
97,2026年09月16日_23时08分01秒_第004次,2026-09-16T23:08:01,0.96,39.2586963852508,3.09612501510411e-06,-5.95707517242851e-05,9.51203149349221,-1.01252629470078e-05,10.5702438722554,0,0,-2.13553125209533e-07,-9.03756825886745e-06,MV-201,step_steer_python
98,2026年09月16日_23时08分01秒_第004次,2026-09-16T23:08:01,0.97,39.2511052389015,2.24015201166875e-06,-5.63815538209383e-05,9.62107299591755,-1.03970070908631e-05,10.6792859083604,0,0,-2.01682070341791e-07,-8.53518521686458e-06,MV-201,step_steer_python
99,2026年09月16日_23时08分01秒_第004次,2026-09-16T23:08:01,0.98,39.2436196657527,1.40605263044053e-06,-5.21505745620808e-05,9.73009348980688,-1.06716752169112e-05,10.7883066686855,0,0,-1.90022586277879e-07,-8.04175585127985e-06,MV-201,step_steer_python
100,2026年09月16日_23时08分01秒_第004次,2026-09-16T23:08:01,0.99,39.2362391748796,6.54886471708528e-07,-4.67586210259304e-05,9.8390932686243,-1.09491039507825e-05,10.8973064484301,0,0,-1.7945015568051e-07,-7.59433058839919e-06,MV-201,step_steer_python
101,2026年09月16日_23时08分01秒_第004次,2026-09-16T23:08:01,1,39.2289616536874,3.19913678333537e-08,-4.03002037349513e-05,9.94807263336605,-1.12289413813112e-05,11.0062855941017,0,3,0.0708882981863544,0.598645062457029,MV-201,step_steer_python
102,2026年09月16日_23时08分01秒_第004次,2026-09-16T23:08:01,1.01,39.2236919838834,0.0133383407869874,0.0904940452270235,10.0570350591079,1.26582230616533e-05,11.1152478626353,0,3,0.0706976158380248,0.590275812709898,MV-201,step_steer_python
103,2026年09月16日_23时08分01秒_第004次,2026-09-16T23:08:01,1.02,39.2163789265579,0.053368932381656,0.38069393118212,10.1659800067995,8.69595518734724e-05,11.2241929401436,0,3,0.0701237689661272,0.565574766491259,MV-201,step_steer_python
104,2026年09月16日_23时08分01秒_第004次,2026-09-16T23:08:01,1.03,39.2078904771946,0.113129975116116,0.831644225969898,10.2749028131544,0.000271158295576187,11.3331158041359,0,3,0.0692631291854973,0.528669646495185,MV-201,step_steer_python
105,2026年09月16日_23时08分01秒_第004次,2026-09-16T23:08:01,1.04,39.1987547069257,0.184098021456064,1.39352377876975,10.3838008993846,0.000606580360302576,11.4420136004725,0,3,0.0682352152461955,0.484648469662377,MV-201,step_steer_python
106,2026年09月16日_23时08分01秒_第004次,2026-09-16T23:08:01,1.05,39.189332067208,0.25762892713158,2.01442807623072,10.4926728853392,0.00111770115225918,11.5508848250853,0,3,0.0671622783832237,0.438705388878729,MV-201,step_steer_python
107,2026年09月16日_23时08分01秒_第004次,2026-09-16T23:08:01,1.06,39.1798933835739,0.327127043497252,2.65404797864359,10.60151824812,0.00181462139001724,11.6597289414058,0,3,0.0661383061470023,0.394833364020118,MV-201,step_steer_python
108,2026年09月16日_23时08分01秒_第004次,2026-09-16T23:08:01,1.07,39.1706359891949,0.388767673910988,3.29139721399816,10.7103370795573,0.00269775941693074,11.7685460922883,0,3,0.0652184522571678,0.355377743850588,MV-201,step_steer_python
109,2026年09月16日_23时08分01秒_第004次,2026-09-16T23:08:01,1.08,39.1616880669896,0.440515357165436,3.91689910619316,10.8191299006186,0.00376190476870338,11.8773368572979,0,3,0.0644327436858423,0.32161658877068,MV-201,step_steer_python
110,2026年09月16日_23时08分01秒_第004次,2026-09-16T23:08:01,1.09,39.1531069704438,0.481531433404205,4.52697202008653,10.9278974570669,0.00499907004985846,11.9861019844735,0,3,0.063794338607622,0.294110043176478,MV-201,step_steer_python
111,2026年09月16日_23时08分01秒_第004次,2026-09-16T23:08:01,1.1,39.1449018051996,0.511696919231022,5.12019605561777,11.0366405443294,0.00640027733438677,12.0948421632689,0,3,0.0633062059022287,0.272984292126675,MV-201,step_steer_python
112,2026年09月16日_23时08分01秒_第004次,2026-09-16T23:08:01,1.11,39.1370632692728,0.531173127158487,5.6939202898902,11.1453599290539,0.00795640688075606,12.203557922302,0,3,0.0629673214411637,0.258195485910223,MV-201,step_steer_python
113,2026年09月16日_23时08分01秒_第004次,2026-09-16T23:08:01,1.12,39.1295567472382,0.540510906320109,6.24665368932814,11.2540563055343,0.00965863607777897,12.3122495910684,0,3,0.0627710732835887,0.249461852007713,MV-201,step_steer_python
114,2026年09月16日_23时08分01秒_第004次,2026-09-16T23:08:01,1.13,39.122326947586,0.540630417499263,6.77793053228675,11.3627302331861,0.0114991838717523,12.4209172616242,0,3,0.0627055047865426,0.246274246191256,MV-201,step_steer_python
115,2026年09月16日_23时08分01秒_第004次,2026-09-16T23:08:01,1.14,39.11531541583,0.532583269769234,7.28726648913411,11.4713821194212,0.0134716342486326,12.5295608150948,0,3,0.0627566714285363,0.248039212084985,MV-201,step_steer_python
116,2026年09月16日_23时08分01秒_第004次,2026-09-16T23:08:01,1.15,39.1084682437508,0.517468712465975,7.77401902640638,11.580012232835,0.0155710327513706,12.6381799851873,0,3,0.0629098233855218,0.254129468290074,MV-201,step_steer_python
117,2026年09月16日_23时08分01秒_第004次,2026-09-16T23:08:01,1.16,39.1017416623399,0.496411979592767,8.23747319367011,11.6886207300454,0.017793903573436,12.7467744307265,0,3,0.0631497094872694,0.263897092076312,MV-201,step_steer_python
118,2026年09月16日_23时08分01秒_第004次,2026-09-16T23:08:01,1.17,39.0951061636445,0.470522027823008,8.67662766623311,11.7972076894086,0.0201382412692718,12.8553438025883,0,3,0.063461178318147,0.276699194577694,MV-201,step_steer_python
119,2026年09月16日_23时08分01秒_第004次,2026-09-16T23:08:01,1.18,39.0885496337648,0.440830831889271,9.08995039518571,11.9057731517429,0.0226033892798121,12.9638878033663,0,3,0.0638300479637235,0.291934908847469,MV-201,step_steer_python
120,2026年09月16日_23时08分01秒_第004次,2026-09-16T23:08:01,1.19,39.082069924557,0.40843672865979,9.4767849523782,12.0143171484296,0.0251900744082807,13.0724062163233,0,3,0.0642410658818329,0.308958628154827,MV-201,step_steer_python
121,2026年09月16日_23时08分01秒_第004次,2026-09-16T23:08:01,1.2,39.0756726750275,0.37444262307102,9.83678758539902,12.1228397072607,0.027900549497337,13.1808988972212,0,3,0.0646787844602333,0.327116935736978,MV-201,step_steer_python
122,2026年09月16日_23时08分01秒_第004次,2026-09-16T23:08:01,1.21,39.0693680081026,0.339863650957426,10.1700887313993,12.2313408547757,0.0307385732746821,13.2893657571566,0,3,0.0651288805144245,0.345804257513144,MV-201,step_steer_python
123,2026年09月16日_23时08分01秒_第004次,2026-09-16T23:08:01,1.22,39.0631651420315,0.305602573887008,10.4768772872625,12.3398206089409,0.0337092560811956,13.397806732765,0,3,0.0655785174088672,0.364477878930225,MV-201,step_steer_python
124,2026年09月16日_23时08分01秒_第004次,2026-09-16T23:08:01,1.23,39.0570683212758,0.272543184856591,10.7570245518827,12.4482789569456,0.0368190558142822,13.5062217457499,0,3,0.0660150230207284,0.382601763318484,MV-201,step_steer_python
125,2026年09月16日_23时08分01秒_第004次,2026-09-16T23:08:01,1.24,39.0510759004031,0.241471237520337,11.0104858495459,12.5567158319112,0.0400756322727883,13.6146106640543,0,3,0.066427022364163,0.399694431702963,MV-201,step_steer_python
126,2026年09月16日_23时08分01秒_第004次,2026-09-16T23:08:01,1.25,39.0451805667758,0.213073520740754,11.2372742551088,12.6651310915252,0.0434876767335109,13.7229732696842,0,3,0.0668044624034835,0.415330025223949,MV-201,step_steer_python
127,2026年09月16日_23时08分01秒_第004次,2026-09-16T23:08:01,1.26,39.039371006867,0.187866757563422,11.4374596574882,12.7735245038203,0.0470646360730148,13.8313092381201,0,3,0.0671396401945654,0.429181911165515,MV-201,step_steer_python
128,2026年09月16日_23时08分01秒_第004次,2026-09-16T23:08:01,1.27,39.0336345464527,0.166165613148713,11.6115495215099,12.8818957442647,0.0508163319028429,13.9396181335175,0,3,0.0674276803312166,0.441043039540704,MV-201,step_steer_python
129,2026年09月16日_23时08分01秒_第004次,2026-09-16T23:08:01,1.28,39.0279600060754,0.147993430028163,11.761047238184,12.9902444080881,0.0547524374632237,14.0478994202782,0,3,0.0676678349324026,0.450881122171504,MV-201,step_steer_python
130,2026年09月16日_23时08分01秒_第004次,2026-09-16T23:08:01,1.29,39.0223395422839,0.133192820576046,11.887405352685,13.0985700308914,0.0588820401804826,14.1561524893071,0,3,0.0678619370488579,0.458773286554309,MV-201,step_steer_python
131,2026年09月16日_23时08分01秒_第004次,2026-09-16T23:08:01,1.3,39.0167696384384,0.121566138495927,11.9916795595536,13.2068721079014,0.0632134565456053,14.2643766934747,0,3,0.0680124138578275,0.464822051326917,MV-201,step_steer_python
132,2026年09月16日_23时08分01秒_第004次,2026-09-16T23:08:01,1.31,39.0112519247903,0.112809724380809,12.075375106894,13.3151501200322,0.0677540206642999,14.3725713920823,0,3,0.0681232314345564,0.469195356341485,MV-201,step_steer_python
133,2026年09月16日_23时08分01秒_第004次,2026-09-16T23:08:01,1.32,39.0057919589901,0.106552969374497,12.1403012588392,13.4234035592306,0.0725099563746024,14.4807359967388,0,3,0.0681993488295685,0.472103389585372,MV-201,step_steer_python
134,2026年09月16日_23时08分01秒_第004次,2026-09-16T23:08:01,1.33,39.0003983692635,0.102408139746235,12.1885772578491,13.531631947041,0.0774863507219281,14.5888700083563,0,3,0.0682460136943659,0.473768729139839,MV-201,step_steer_python
135,2026年09月16日_23时08分01秒_第004次,2026-09-16T23:08:01,1.34,38.9950784766001,0.100012438409353,12.2225666091745,13.6398348485943,0.0826872269480237,14.6969730433606,0,3,0.0682681629998972,0.474400730464527,MV-201,step_steer_python
136,2026年09月16日_23时08分01秒_第004次,2026-09-16T23:08:01,1.35,38.9898352202966,0.0990551978314234,12.2447582856608,13.7480118594257,0.0881156972715497,14.8050448208844,0,3,0.068270031344831,0.474178773376239,MV-201,step_steer_python
137,2026年09月16日_23时08分01秒_第004次,2026-09-16T23:08:01,1.36,38.9846710624642,0.0992801658705825,12.2576300236855,13.8561626040656,0.0937741507583499,14.9130851499426,0,3,0.0682551121186295,0.47325084242186,MV-201,step_steer_python
138,2026年09月16日_23时08分01秒_第004次,2026-09-16T23:08:01,1.37,38.9795819168708,0.100467944394139,12.2634822464688,13.9642867179172,0.099664408249933,15.0210938865734,0,3,0.0682264021272282,0.471743530656218,MV-201,step_steer_python
139,2026年09月16日_23时08分01秒_第004次,2026-09-16T23:08:01,1.38,38.9745644429144,0.102469560090183,12.2640896148441,14.0723838338457,0.105787914895428,15.1290708897754,0,3,0.0681859173158369,0.46974196370593,MV-201,step_steer_python
140,2026年09月16日_23时08分01秒_第004次,2026-09-16T23:08:01,1.39,38.9696158665492,0.105155298129541,12.2609479621642,14.1804535790222,0.112145852252235,15.2370159839419,0,3,0.0681354159142712,0.467320393040736,MV-201,step_steer_python
141,2026年09月16日_23时08分01秒_第004次,2026-09-16T23:08:01,1.4,38.964734229109,0.108394329286316,12.2552200485616,14.2884955742105,0.11873918887617,15.3449289278758,0,3,0.0680766874090609,0.464554439614341,MV-201,step_steer_python
142,2026年09月16日_23时08分01秒_第004次,2026-09-16T23:08:01,1.41,38.9599185986494,0.112043486082172,12.2477979133361,14.3965094373197,0.12556868091301,15.4528093986894,0,3,0.0680117131295731,0.461527902071372,MV-201,step_steer_python
143,2026年09月16日_23时08分01秒_第004次,2026-09-16T23:08:01,1.42,38.9551687900008,0.115937773383141,12.2394260407161,14.5044947906598,0.132634835726309,15.5606569936626,0,3,0.0679428033647457,0.458338543492151,MV-201,step_steer_python
144,2026年09月16日_23时08分01秒_第004次,2026-09-16T23:08:01,1.43,38.9504847562053,0.119918934268389,12.2305457196797,14.6124512679043,0.139937888116753,15.668471248739,0,3,0.0678721915688456,0.455080883223567,MV-201,step_steer_python
145,2026年09月16日_23时08分01秒_第004次,2026-09-16T23:08:01,1.44,38.9458659077164,0.123837369050256,12.2215122806709,14.7203785196524,0.147477790219112,15.7762516691575,0,3,0.0678020061313605,0.451844963025981,MV-201,step_steer_python
146,2026年09月16日_23时08分01秒_第004次,2026-09-16T23:08:01,1.45,38.94131048147,0.127559819006415,12.2126068043246,14.8282762166519,0.155254210770578,15.8839977650943,0,3,0.0677341595087535,0.448711618798145,MV-201,step_steer_python
147,2026年09月16日_23时08分01秒_第004次,2026-09-16T23:08:01,1.46,38.9368152679796,0.130978046211038,12.2040638873838,14.9361440492766,0.163266557215198,15.9917090844558,0,3,0.0676702222083322,0.445747131806686,MV-201,step_steer_python
148,2026年09月16日_23时08分01秒_第004次,2026-09-16T23:08:01,1.47,38.932375744502,0.134004174789591,12.1961681457294,15.0439817241953,0.171514007643754,16.0993852361867,0,3,0.0676114864327869,0.443005929712428,MV-201,step_steer_python
149,2026年09月16日_23时08分01秒_第004次,2026-09-16T23:08:01,1.48,38.9279864228426,0.136580547858754,12.1890795930685,15.151788958501,0.179995554699227,16.2070258996537,0,3,0.0675588227612181,0.440524541268586,MV-201,step_steer_python
150,2026年09月16日_23时08分01秒_第004次,2026-09-16T23:08:01,1.49,38.9236414162516,0.138681851599963,12.1828848595715,15.2595654709214,0.188710075351937,16.3146308187196,0,3,0.0675126462134221,0.438320192757332,MV-201,step_steer_python
151,2026年09月16日_23时08分01秒_第004次,2026-09-16T23:08:01,1.5,38.9193348912509,0.140306303426166,12.1775959027075,15.3673109736252,0.197656390216612,16.4221997829579,0,3,0.0674730384012091,0.436396003439302,MV-201,step_steer_python
152,2026年09月16日_23时08分01秒_第004次,2026-09-16T23:08:01,1.51,38.9150612477262,0.141472093540542,12.1731833016019,15.4750251642568,0.206833324747085,16.5297325999856,0,3,0.0674397956191598,0.434743031136203,MV-201,step_steer_python
153,2026年09月16日_23时08分01秒_第004次,2026-09-16T23:08:01,1.52,38.9108150667763,0.142207004835864,12.1696704862462,15.5827077199824,0.21623975559481,16.6372290648886,0,3,0.0674125748771614,0.433346449340304,MV-201,step_steer_python
154,2026年09月16日_23时08分01秒_第004次,2026-09-16T23:08:01,1.53,38.906589053476,0.142561618326561,12.1669883615917,15.6903582896972,0.225874665047354,16.7446889286208,0,3,0.0673907039842963,0.4321773914396,MV-201,step_steer_python
155,2026年09月16日_23时08分01秒_第004次,2026-09-16T23:08:01,1.54,38.902378102935,0.142605132912893,12.1651094429081,15.7979764880388,0.235737195944957,16.8521118773896,0,3,0.0673732386152896,0.431195600005549,MV-201,step_steer_python
156,2026年09月16日_23时08分01秒_第004次,2026-09-16T23:08:01,1.55,38.8981801453174,0.142416045815183,12.1640423237008,15.9055619052244,0.245826687226806,16.9594975347268,0,3,0.0673590933418857,0.430355020862887,MV-201,step_steer_python
157,2026年09月16日_23时08分01秒_第004次,2026-09-16T23:08:01,1.56,38.893994903352,0.142075632137455,12.163829358291,16.013114113748,0.256142691314678,17.0668454672962,0,3,0.0673471337493987,0.429607629987605,MV-201,step_steer_python
158,2026年09月16日_23时08分01秒_第004次,2026-09-16T23:08:01,1.57,38.8898239010449,0.141659630554085,12.1645143023722,16.1206326765901,0.266684967930879,17.1741551987479,0,3,0.0673362949686154,0.428908450370949,MV-201,step_steer_python
159,2026年09月16日_23时08分01秒_第004次,2026-09-16T23:08:01,1.58,38.8856701571295,0.14122862985154,12.1661117043747,16.228117155494,0.277453455320457,17.2814262273304,0,3,0.0673257197623836,0.42822137825587,MV-201,step_steer_python
160,2026年09月16日_23时08分01秒_第004次,2026-09-16T23:08:01,1.59,38.8815380469841,0.140820494326629,12.1685737680333,16.3355671190416,0.288448218633211,17.3886580446956,0,3,0.0673148686008362,0.427523833630403,MV-201,step_steer_python
161,2026年09月16日_23时08分01秒_第004次,2026-09-16T23:08:01,1.6,38.8774332908376,0.140446218207672,12.1717711643958,16.4429821503592,0.299669384099537,17.4958501540421,0,3,0.0673035816107685,0.426809381311269,MV-201,step_steer_python
162,2026年09月16日_23时08分01秒_第004次,2026-09-16T23:08:01,1.61,38.8733629161411,0.140091420941945,12.1754978667583,16.5503618540649,0.311117070704803,17.6030020860929,0,3,0.0672920603738764,0.426086958538272,MV-201,step_steer_python
163,2026年09月16日_23时08分01秒_第004次,2026-09-16T23:08:01,1.62,38.8693351278414,0.139723200916475,12.1794884918659,16.6577058619742,0.322791331159968,17.7101134121091,0,3,0.0672807729450177,0.425376847920487,MV-201,step_steer_python
164,2026年09月16日_23时08分01秒_第004次,2026-09-16T23:08:01,1.63,38.8653590093458,0.139300288973889,12.183459742767,16.765013836684,0.334692114975887,17.8171837531356,0,3,0.0672703108873779,0.424704609954625,MV-201,step_steer_python
165,2026年09月16日_23时08分01秒_第004次,2026-09-16T23:08:01,1.64,38.8614443711967,0.138785252730464,12.1871499899757,16.8722854731442,0.346819258282109,17.9242127855536,0,3,0.0672612157900812,0.424093732547027,MV-201,step_steer_python
166,2026年09月16日_23时08分01秒_第004次,2026-09-16T23:08:01,1.65,38.8576005872351,0.138155379781565,12.190365842721,16.979520497078,0.359172502486775,18.0312002415554,0,3,0.0672538232303088,0.423558960313172,MV-201,step_steer_python
167,2026年09月16日_23时08分01秒_第004次,2026-09-16T23:08:01,1.66,38.8538363935921,0.137409328784432,12.1930013455371,17.0867186599602,0.371751535530817,18.1381459037112,0,3,0.0672481659513475,0.42310218542908,MV-201,step_steer_python
168,2026年09月16日_23时08分01秒_第004次,2026-09-16T23:08:01,1.67,38.8501598763624,0.136568866958546,12.1950485259768,17.1938797333259,0.384556046039356,18.2450495959992,0,3,0.0672439464986239,0.422711288830677,MV-201,step_steer_python
169,2026年09月16日_23时08分01秒_第004次,2026-09-16T23:08:01,1.68,38.8465781977013,0.13567500808018,12.1965756335939,17.3010035034546,0.397585776694716,18.351911172011,0,3,0.0672405897001035,0.422362345315888,MV-201,step_steer_python
170,2026年09月16日_23时08分01秒_第004次,2026-09-16T23:08:01,1.69,38.8430971046136,0.134779112725858,12.1976995316522,17.4080897646832,0.410840565968778,18.4587304991109,0,3,0.0672373676218655,0.422024883227948,MV-201,step_steer_python
171,2026年09月16日_23时08分01秒_第004次,2026-09-16T23:08:01,1.7,38.8397217842103,0.133932379280185,12.1985569621491,17.5151383157406,0.424320368259197,18.5655074437448,0,3,0.0672335485805375,0.42166824000552,MV-201,step_steer_python
172,2026年09月16日_23时08分01秒_第004次,2026-09-16T23:08:01,1.71,38.8364570793337,0.133176027407679,12.19927195725,17.622148959108,0.43802525107998,18.6722418598896,0,3,0.0672285374979871,0.421267514417595,MV-201,step_steer_python
173,2026年09月16日_23时08分01秒_第004次,2026-09-16T23:08:01,1.72,38.8333077132983,0.132534469743201,12.1999334983173,17.729121502736,0.451955371574255,18.7789335820943,0,3,0.0672219746967104,0.420807760547132,MV-201,step_steer_python
174,2026年09月16日_23时08分01秒_第004次,2026-09-16T23:08:01,1.73,38.8302784162924,0.132012801812138,12.2005856304115,17.8360557635451,0.466110939456136,18.8855824244848,0,3,0.067213773769243,0.420285597713505,MV-201,step_steer_python
175,2026年09月16日_23时08分01秒_第004次,2026-09-16T23:08:01,1.74,38.8273739209676,0.1315987114991,12.2012294383312,17.9429515716488,0.480492175557315,18.9921881858878,0,3,0.0672040965629652,0.419708151561183,MV-201,step_steer_python
176,2026年09月16日_23时08分01秒_第004次,2026-09-16T23:08:01,1.75,38.8245988581816,0.131267767310335,12.2018332528336,18.0498087741487,0.495099274767975,19.0987506600149,0,3,0.0671932796366115,0.419089935657003,MV-201,step_steer_python
177,2026年09月16日_23时08分01秒_第004次,2026-09-16T23:08:01,1.76,38.8219576205439,0.130990032005058,12.202345256226,18.1566272376296,0.509932379365625,19.2052696487285,0,3,0.0671817411447197,0.418448902931554,MV-201,step_steer_python
178,2026年09月16日_23时08分01秒_第004次,2026-09-16T23:08:01,1.77,38.8194542438393,0.130736894766995,12.2027088980034,18.2634068487507,0.524991566340505,19.3117449755434,0,3,0.0671698838164825,0.417802332864422,MV-201,step_steer_python
179,2026年09月16日_23时08分01秒_第004次,2026-09-16T23:08:01,1.78,38.8170923931315,0.13048609518165,12.2028660680337,18.3701475131273,0.540276846956535,19.418176496945,0,3,0.067158022977052,0.417163784517214,MV-201,step_steer_python
180,2026年09月16日_23时08分01秒_第004次,2026-09-16T23:08:01,1.79,38.8148754011473,0.130223356073731,12.2027652611392,18.4768491527365,0.555788176744154,19.5245641092889,0,3,0.0671463624544712,0.416542079111353,MV-201,step_steer_python
181,2026年09月16日_23时08分01秒_第004次,2026-09-16T23:08:01,1.8,38.8128063675221,0.129941983185113,12.2023615332581,18.583511702826,0.571525469088292,19.6309077502751,0,3,0.0671349993594156,0.415941508026673,MV-201,step_steer_python
182,2026年09月16日_23时08分01秒_第004次,2026-09-16T23:08:01,1.81,38.8108882609664,0.12964064973901,12.2016168652242,18.6901351088669,0.587488609601286,19.7372073949823,0,3,0.0671239548608089,0.415363141118738,MV-201,step_steer_python
183,2026年09月16日_23时08分01秒_第004次,2026-09-16T23:08:01,1.82,38.8091239555819,0.129321311800258,12.2005067934897,18.7967193239039,0.603677469440488,19.8434630472303,0,3,0.0671132033533479,0.414806063175453,MV-201,step_steer_python
184,2026年09月16日_23时08分01秒_第004次,2026-09-16T23:08:01,1.83,38.8075162149715,0.128987777174283,12.1990214913112,18.9032643066265,0.62009191603116,19.9496747282342,0,3,0.0671026925284357,0.414268222386623,MV-201,step_steer_python
185,2026年09月16日_23时08分01秒_第004次,2026-09-16T23:08:01,1.84,38.8060675676451,0.128644609022575,12.197176995888,19.0097700198273,0.63673182336383,20.0558424644722,0,3,0.0670923588291425,0.413747077175397,MV-201,step_steer_python
186,2026年09月16日_23时08分01秒_第004次,2026-09-16T23:08:01,1.85,38.8047801435281,0.128297409020486,12.1950194144594,19.1162364293133,0.653597080520057,20.1619662768617,0,3,0.0670821233129835,0.41323941163572,MV-201,step_steer_python
187,2026年09月16日_23时08分01秒_第004次,2026-09-16T23:08:01,1.86,38.8036555150307,0.127953528236346,12.1926255567586,19.2226635028384,0.670687600224453,20.2680461726525,0,3,0.0670718813666059,0.412740891045108,MV-201,step_steer_python
188,2026年09月16日_23时08分01秒_第004次,2026-09-16T23:08:01,1.87,38.8026946004858,0.12762214027944,12.1900958619397,19.3290512090368,0.688003326122911,20.374082140937,0,3,0.067061501453391,0.412246003259778,MV-201,step_steer_python
189,2026年09月16日_23时08分01秒_第004次,2026-09-16T23:08:01,1.88,38.8018976528331,0.127313934321369,12.1875440465188,19.4353995162703,0.705544237947519,20.4800741516277,0,3,0.0670508292866433,0.411748234656506,MV-201,step_steer_python
190,2026年09月16日_23时08分01秒_第004次,2026-09-16T23:08:01,1.89,38.8012643923387,0.127039724406079,12.1850727588117,19.5417083918108,0.723310351450219,20.586022157708,0,3,0.0670397075316136,0.411240911594705,MV-201,step_steer_python
191,2026年09月16日_23时08分01秒_第004次,2026-09-16T23:08:01,1.9,38.8007941977231,0.126807418232884,12.1827578553879,19.6479778013734,0.741301713114665,20.6919260997701,0,3,0.0670280191245426,0.410719044736294,MV-201,step_steer_python
192,2026年09月16日_23时08分01秒_第004次,2026-09-16T23:08:01,1.91,38.800486347126,0.126619354553977,12.1806308465298,19.7542077095774,0.759518386873853,20.7977859120396,0,3,0.0670157256801799,0.410180968398372,MV-201,step_steer_python
193,2026年09月16日_23时08分01秒_第004次,2026-09-16T23:08:01,1.92,38.80034023658,0.126470545994793,12.1786713580246,19.8603980811148,0.777960435955153,20.9036015288423,0,3,0.0670028932701028,0.409629444138917,MV-201,step_steer_python
194,2026年09月16日_23时08分01秒_第004次,2026-09-16T23:08:01,1.93,38.8003555218941,0.126348275812308,12.176810224557,19.966548882476,0.79662790257274,21.0093728907541,0,3,0.066989699052958,0.409071949563441,MV-201,step_steer_python
195,2026年09月16日_23时08分01秒_第004次,2026-09-16T23:08:01,1.94,38.8005321313025,0.126234310320177,12.1749481110728,20.0726600835606,0.815520790839371,21.1150999494078,0,3,0.0669764005591885,0.408519379188571,MV-201,step_steer_python
196,2026年09月16日_23时08分01秒_第004次,2026-09-16T23:08:01,1.95,38.80087019915,0.126108867979632,12.1729723264019,20.1787316588166,0.834639056096194,21.2207826706962,0,3,0.0669632796013537,0.407983666888868,MV-201,step_steer_python
197,2026年09月16日_23时08分01秒_第004次,2026-09-16T23:08:01,1.96,38.8013698805772,0.125954512203467,12.1707866607845,20.2847635870932,0.853982605330486,21.3264210357845,0,3,0.0669505868060957,0.407475427763415,MV-201,step_steer_python
198,2026年09月16日_23时08分01秒_第004次,2026-09-16T23:08:01,1.97,38.8020311431577,0.125760164244955,12.1683310734808,20.3907558504091,0.873551306505143,21.4320150399538,0,3,0.0669384839694672,0.40700150655363,MV-201,step_steer_python
199,2026年09月16日_23时08分01秒_第004次,2026-09-16T23:08:01,1.98,38.8028535850803,0.125523398022474,12.1655932186048,20.4967084315486,0.893345006074156,21.5375646893475,0,3,0.0669270104993201,0.406563546964229,MV-201,step_steer_python
200,2026年09月16日_23时08分01秒_第004次,2026-09-16T23:08:01,1.99,38.8038363077085,0.125251166429363,12.1626132954423,20.6026213107867,0.913363551219088,21.6430699956407,0,3,0.066916072009805,0.406157501611989,MV-201,step_steer_python
201,2026年09月16日_23时08分01秒_第004次,2026-09-16T23:08:01,2,38.804977920394,0.12495832391526,12.159468704082,20.7084944626205,0.933606810752798,21.7485309695594,0,3,0.0669054603342116,0.405774479256247,MV-201,step_steer_python
202,2026年09月16日_23时08分01秒_第004次,2026-09-16T23:08:01,2.01,38.806276610779,0.124663547017013,12.1562605714868,20.8143278529028,0.954074691661308,21.8539476139372,0,3,0.0668949109108624,0.405403177449237,MV-201,step_steer_python
203,2026年09月16日_23时08分01秒_第004次,2026-09-16T23:08:01,2.02,38.8077302952776,0.124384908232663,12.1530909121828,20.9201214373842,0.974767145555386,21.9593199175312,0,3,0.0668841656067378,0.405032549951733,MV-201,step_steer_python
204,2026年09月16日_23时08分01秒_第004次,2026-09-16T23:08:01,2.03,38.8093367945701,0.124135859510763,12.1500430577406,21.0258751616658,0.995684165679498,22.0646478504715,0,3,0.0668730302082403,0.404654249908013,MV-201,step_steer_python
205,2026年09月16日_23时08分01秒_第004次,2026-09-16T23:08:01,2.04,38.8110939890474,0.123922325299722,12.1471676011441,21.1315889625699,1.01682577534253,22.1699313621984,0,3,0.0668614165244058,0.404264420656492,MV-201,step_steer_python
206,2026年09月16日_23时08分01秒_第004次,2026-09-16T23:08:01,2.05,38.8129999014524,0.12374237856071,12.1444810059345,21.2372627702804,1.03819201203272,22.2751703818911,0,3,0.0668493479079267,0.403863934166789,MV-201,step_steer_python
207,2026年09月16日_23时08分01秒_第004次,2026-09-16T23:08:01,2.06,38.8150527443602,0.123587967923356,12.1419633639951,21.3428965108367,1.05978291040074,22.3803648215683,0,3,0.0668369354916412,0.403457388118568,MV-201,step_steer_python
208,2026年09月16日_23时08分01秒_第004次,2026-09-16T23:08:01,2.07,38.8172508736716,0.123447219801352,12.1395724987751,21.4484901079853,1.08159848966629,22.485514581044,0,3,0.0668243460014284,0.403051741055518,MV-201,step_steer_python
209,2026年09月16日_23时08分01秒_第004次,2026-09-16T23:08:01,2.08,38.8195927153232,0.12330771707532,12.1372547666362,21.5540434843918,1.10363874540743,22.5906195540148,0,3,0.066811755336264,0.402654343657162,MV-201,step_steer_python
210,2026年09月16日_23时08分01秒_第004次,2026-09-16T23:08:01,2.09,38.8220766863952,0.12315912220699,12.1349558901529,21.6595565618165,1.12590364768129,22.6956796341816,0,3,0.0667993111328132,0.402271349914152,MV-201,step_steer_python
211,2026年09月16日_23时08分01秒_第004次,2026-09-16T23:08:01,2.1,38.8247011154452,0.122995256865537,12.1326333038158,21.7650292602218,1.14839314507225,22.8006947200143,0,3,0.0667871027897259,0.401906443956029,MV-201,step_steer_python
212,2026年09月16日_23时08分01秒_第004次,2026-09-16T23:08:01,2.11,38.8274642262562,0.122814844921076,12.1302557016891,21.8704614963831,1.17110717159254,22.9056647176783,0,3,0.0667751503545196,0.401560368813025,MV-201,step_steer_python
213,2026年09月16日_23时08分01秒_第004次,2026-09-16T23:08:01,2.12,38.8303641250829,0.122620199212078,12.127808323434,21.975853182116,1.1940456555494,23.0105895415205,0,3,0.0667634227181619,0.401231695683016,MV-201,step_steer_python
214,2026年09月16日_23时08分01秒_第004次,2026-09-16T23:08:01,2.13,38.8333988237994,0.122415564931167,12.1252899101042,22.0812042230074,1.21720852590679,23.1154691123901,0,3,0.0667518608737358,0.400917809586508,MV-201,step_steer_python
215,2026年09月16日_23时08分01秒_第004次,2026-09-16T23:08:01,2.14,38.8365662764446,0.122205120547323,12.122709175979,22.1865145177028,1.24059571615902,23.220303354258,0,3,0.0667404062666368,0.400616111268903,MV-201,step_steer_python
216,2026年09月16日_23时08分01秒_第004次,2026-09-16T23:08:01,2.15,38.839864393589,0.121992024921767,12.1200859751882,22.2917839576347,1.26420716629386,23.3250921894944,0,3,0.0667290144247352,0.400324594867999,MV-201,step_steer_python
217,2026年09月16日_23时08分01秒_第004次,2026-09-16T23:08:01,2.16,38.8432910734226,0.121778349548496,12.1174446979383,22.3970124272631,1.2880428227815,23.4298355339476,0,3,0.0667176560475193,0.400041895811032,MV-201,step_steer_python
218,2026年09月16日_23时08分01秒_第004次,2026-09-16T23:08:01,2.17,38.8468441872636,0.121565018988017,12.11481737291,22.5021998042153,1.31210263931756,23.5345332923835,0,3,0.0667063179861144,0.399767331459181,MV-201,step_steer_python
219,2026年09月16日_23时08分01秒_第004次,2026-09-16T23:08:01,2.18,38.8505215675719,0.121352623547535,12.1122405405668,22.607345959564,1.33638657687348,23.6391853551334,0,3,0.0666949917608439,0.399500414486233,MV-201,step_steer_python
220,2026年09月16日_23时08分01秒_第004次,2026-09-16T23:08:01,2.19,38.8543210004603,0.121142259340188,12.1097520199754,22.7124507578144,1.36089460473508,23.7437915962212,0,3,0.0666836615913663,0.399240345889873,MV-201,step_steer_python
221,2026年09月16日_23时08分01秒_第004次,2026-09-16T23:08:01,2.2,38.8582402347767,0.120935650761532,12.1073853230163,22.8175140567657,1.38562670142926,23.8483518732393,0,3,0.0666723025860115,0.39898593889756,MV-201,step_steer_python
222,2026年09月16日_23时08分01秒_第004次,2026-09-16T23:08:01,2.21,38.8622769930117,0.120735263955352,12.1051674427646,22.9225357071632,1.41058285552159,23.9528660284668,0,3,0.0666608790454617,0.398735547816343,MV-201,step_steer_python
223,2026年09月16日_23时08分01秒_第004次,2026-09-16T23:08:01,2.22,38.8664290355033,0.120543911558757,12.1031072524418,23.0275155526387,1.43576306424893,24.0573338913377,0,3,0.0666493500256168,0.398487307166973,MV-201,step_steer_python
224,2026年09月16日_23时08分01秒_第004次,2026-09-16T23:08:01,2.23,38.870694196617,0.120363171315967,12.1011965313533,23.1324534297197,1.46116733117837,24.161755281603,0,3,0.0666376919039035,0.398240088782505,MV-201,step_steer_python
225,2026年09月16日_23时08分01秒_第004次,2026-09-16T23:08:01,2.24,38.8750704244969,0.120192398559369,12.0994079691429,23.2373491685736,1.48679566040248,24.2661300130016,0,3,0.0666259126425888,0.397994107727525,MV-201,step_steer_python
226,2026年09月16日_23时08分01秒_第004次,2026-09-16T23:08:01,2.25,38.8795558018106,0.120028056107051,12.0976980669903,23.3422025941336,1.51264804956596,24.3704578969519,0,3,0.0666140616310305,0.397751340018628,MV-201,step_steer_python
227,2026年09月16日_23时08分01秒_第004次,2026-09-16T23:08:01,2.26,38.8841485189372,0.119864379154737,12.0960182574392,23.4470135272094,1.53872448384273,24.4747387454197,0,3,0.0666022205222313,0.397515133279037,MV-201,step_steer_python
228,2026年09月16日_23时08分01秒_第004次,2026-09-16T23:08:01,2.27,38.8888468476246,0.119694886718941,12.0943201407162,23.5517817854852,1.56502493172974,24.5789723729012,0,3,0.0665904818886746,0.397289301933522,MV-201,step_steer_python
229,2026年09月16日_23时08分01秒_第004次,2026-09-16T23:08:01,2.28,38.8936490658634,0.119513614139827,12.0925697941342,23.6565071837243,1.59154934546485,24.6831585970107,0,3,0.0665789316872751,0.397077380793878,MV-201,step_steer_python
230,2026年09月16日_23时08分01秒_第004次,2026-09-16T23:08:01,2.29,38.8985533904869,0.119316727752752,12.090754019219,23.7611895335231,1.61829766422769,24.78729723782,0,3,0.0665676261152874,0.396881641720235,MV-201,step_steer_python
231,2026年09月16日_23时08分01秒_第004次,2026-09-16T23:08:01,2.3,38.9035579296276,0.11910339648179,12.0888824398634,23.8658286424188,1.64526982050267,24.8913881160687,0,3,0.0665565788983726,0.396702552920194,MV-201,step_steer_python
232,2026年09月16日_23时08分01秒_第004次,2026-09-16T23:08:01,2.31,38.9086606496635,0.118876350112561,12.0869884873737,23.9704243124083,1.67246574859523,24.9954310501566,0,3,0.0665457529548701,0.396538424287606,MV-201,step_steer_python
233,2026年09月16日_23时08分01秒_第004次,2026-09-16T23:08:01,2.32,38.9138594109107,0.118641558215941,12.085117187762,24.0749763384976,1.69988539237514,25.0994258527464,0,3,0.0665350645651464,0.396385585918953,MV-201,step_steer_python
234,2026年09月16日_23时08分01秒_第004次,2026-09-16T23:08:01,2.33,38.9191520075382,0.118406377942048,12.0833190311144,24.1794845072967,1.72752871179651,25.2033723273036,0,3,0.0665244094676659,0.396239494809343,MV-201,step_steer_python
235,2026年09月16日_23时08分01秒_第004次,2026-09-16T23:08:01,2.34,38.9245362385015,0.118177728783949,12.0816377135935,24.2839485965381,1.75539568458918,25.3072702654095,0,3,0.0665136887883403,0.396095836275967,MV-201,step_steer_python
236,2026年09月16日_23时08分01秒_第004次,2026-09-16T23:08:01,2.35,38.9300099814032,0.117960433440097,12.0801011875591,24.3883683753436,1.78348630414736,25.4111194451833,0,3,0.0665028328110036,0.395951534180918,MV-201,step_steer_python
237,2026年09月16日_23时08分01秒_第004次,2026-09-16T23:08:01,2.36,38.9355712514971,0.117755877696496,12.0787161235717,24.4927436053292,1.81180057372513,25.5149196312275,0,3,0.066491820383255,0.395805575581661,MV-201,step_steer_python
238,2026年09月16日_23时08分01秒_第004次,2026-09-16T23:08:01,2.37,38.9412182132609,0.117562145699205,12.0774715680255,24.5970740420188,1.84033849936229,25.6186705756609,0,3,0.0664806773886869,0.395658946736718,MV-201,step_steer_python
239,2026年09月16日_23时08分01秒_第004次,2026-09-16T23:08:01,2.38,38.9469491922559,0.117375117539501,12.0763379037875,24.7013594364717,1.8691000824764,25.7223720204133,0,3,0.0664694614460623,0.395513986250809,MV-201,step_steer_python
240,2026年09月16日_23时08分01秒_第004次,2026-09-16T23:08:01,2.39,38.9527626242513,0.117189348605277,12.075278980884,24.8055995362846,1.89808531550384,25.8260237000621,0,3,0.0664582495986499,0.395373861154217,MV-201,step_steer_python
241,2026年09月16日_23时08分01秒_第004次,2026-09-16T23:08:01,2.4,38.9586569982447,0.116999590386517,12.0742588688024,24.9097940863344,1.92729417914623,25.9296253449824,0,3,0.0664471167295412,0.395241650158531,MV-201,step_steer_python
242,2026年09月16日_23时08分01秒_第004次,2026-09-16T23:08:01,2.41,38.9646307985296,0.116802093387278,12.0732487732999,25.0139428287882,1.95672664293956,26.0331766841355,0,3,0.0664361169122588,0.395119551083709,MV-201,step_steer_python
243,2026年09月16日_23时08分01秒_第004次,2026-09-16T23:08:01,2.42,38.9706824611064,0.116595039648353,12.0722306354166,25.1180455026532,1.9863826678745,26.1366774472292,0,3,0.0664252770503758,0.395008609185256,MV-201,step_steer_python
244,2026年09月16日_23时08分01秒_第004次,2026-09-16T23:08:01,2.43,38.9768103346459,0.116378882642346,12.0712018923205,25.2221018428279,2.0162622107973,26.2401273655215,0,3,0.0664145917902244,0.394908499623857,MV-201,step_steer_python
245,2026年09月16日_23时08分01秒_第004次,2026-09-16T23:08:01,2.44,38.9830127032528,0.116156150792807,12.0701678940835,25.3261115792677,2.0463652282898,26.3435261716649,0,3,0.0664040260613908,0.394817636296029,MV-201,step_steer_python
246,2026年09月16日_23时08分01秒_第004次,2026-09-16T23:08:01,2.45,38.9892877973929,0.115930020931346,12.0691430168578,25.4300744360407,2.07669168068657,26.4468735984213,0,3,0.0663935352251956,0.394734025153181,MV-201,step_steer_python
247,2026年09月16日_23时08分01秒_第004次,2026-09-16T23:08:01,2.46,38.9956338298918,0.115703318313606,12.0681448209299,25.5339901311253,2.10724153312591,26.550169376864,0,3,0.0663830792936993,0.394655868023523,MV-201,step_steer_python
248,2026年09月16日_23时08分01秒_第004次,2026-09-16T23:08:01,2.47,39.0020490353013,0.115477825050889,12.0671902569649,25.6378583765477,2.13801475527992,26.6534132342562,0,3,0.0663726328577913,0.394581985032434,MV-201,step_steer_python
249,2026年09月16日_23时08分01秒_第004次,2026-09-16T23:08:01,2.48,39.0085317032429,0.11525377576555,12.0662926162243,25.7416788789202,2.16901131970428,26.7566048921187,0,3,0.0663621924204656,0.394512126861002,MV-201,step_steer_python
250,2026年09月16日_23时08分01秒_第004次,2026-09-16T23:08:01,2.49,39.0150801810372,0.115030415372428,12.0654640895027,25.8454513399036,2.20023120045339,26.8597440643154,0,3,0.0663517686056974,0.394446645175035,MV-201,step_steer_python
251,2026年09月16日_23时08分01秒_第004次,2026-09-16T23:08:01,2.5,39.0216928963792,0.11480695786909,12.0647103317167,25.9491754567047,2.23167437172064,26.9628304558184,0,3,0.0663413725686619,0.394385918803854,MV-201,step_steer_python
252,2026年09月16日_23时08分01秒_第004次,2026-09-16T23:08:01,2.51,39.028368336785,0.11458278318363,12.0640354513284,26.0528509219978,2.26334080847973,27.0658637619781,0,3,0.0663310131852819,0.394330233619818,MV-201,step_steer_python
253,2026年09月16日_23时08分01秒_第004次,2026-09-16T23:08:01,2.52,39.0351050269023,0.114358241749516,12.063435695735,26.1564774237765,2.29523048718481,27.1688436686235,0,3,0.0663206855305494,0.394279293638105,MV-201,step_steer_python
254,2026年09月16日_23时08分01秒_第004次,2026-09-16T23:08:01,2.53,39.0419015013845,0.11413391720777,12.0629179217375,26.2600546454854,2.32734338496997,27.2717698528535,0,3,0.0663103813041555,0.394232660674441,MV-201,step_steer_python
255,2026年09月16日_23时08分01秒_第004次,2026-09-16T23:08:01,2.54,39.0487564197368,0.113910564932411,12.062464315055,26.3635822655718,2.35967948175068,27.3746419848636,0,3,0.0663000896817678,0.394189796950366,MV-201,step_steer_python
256,2026年09月16日_23时08分01秒_第004次,2026-09-16T23:08:01,2.55,39.0556683372793,0.113688913048776,12.0620791358207,26.467059958091,2.39223875712626,27.4774597293754,0,3,0.0662898001393514,0.3941501714957,MV-201,step_steer_python
257,2026年09月16日_23时08分01秒_第004次,2026-09-16T23:08:01,2.56,39.0626359325961,0.11346948409903,12.0617371602057,26.5704873924129,2.42502119119483,27.580222747674,0,3,0.0662795050058295,0.394113381207441,MV-201,step_steer_python
258,2026年09月16日_23时08分01秒_第004次,2026-09-16T23:08:01,2.57,39.0696578109129,0.113251818303958,12.0614329552954,26.6738642339795,2.45802676122919,27.6829306991033,0,3,0.0662692105914987,0.394079610544002,MV-201,step_steer_python
259,2026年09月16日_23时08分01秒_第004次,2026-09-16T23:08:01,2.58,39.0767326726545,0.113034426004337,12.0611420203462,26.777190144478,2.49125544122215,27.7855832426064,0,3,0.0662589379839787,0.394049674860672,MV-201,step_steer_python
260,2026年09月16日_23时08分01秒_第004次,2026-09-16T23:08:01,2.59,39.0838591494412,0.112815146800643,12.0608604485805,26.8804647828601,2.52470719841706,27.8881800374586,0,3,0.066248718035685,0.394024798893503,MV-201,step_steer_python
261,2026年09月16日_23时08分01秒_第004次,2026-09-16T23:08:01,2.6,39.0910359438151,0.11259146447327,12.0605735998838,26.9836878053341,2.55838199422187,27.9907207436647,0,3,0.0662385869410267,0.394006437582554,MV-201,step_steer_python
262,2026年09月16日_23时08分01秒_第004次,2026-09-16T23:08:01,2.61,39.0982616643218,0.112361855044344,12.0602875318001,27.0868588654854,2.59227978439992,28.0932050210433,0,3,0.0662285670067671,0.393995452842896,MV-201,step_steer_python
263,2026年09月16日_23时08分01秒_第004次,2026-09-16T23:08:01,2.62,39.1055349406255,0.112126234526856,12.0600090813007,27.1899776137276,2.62640052175038,28.1956325279451,0,3,0.0662186601338431,0.393991844302501,MV-201,step_steer_python
264,2026年09月16日_23时08分01秒_第004次,2026-09-16T23:08:01,2.63,39.1128544063585,0.111885380686941,12.0597601423617,27.2930436966161,2.66074415943618,28.2980029195324,0,3,0.0662088559136284,0.393995090956145,MV-201,step_steer_python
265,2026年09月16日_23时08分01秒_第004次,2026-09-16T23:08:01,2.64,39.1202187255187,0.111641223578524,12.0595572317972,27.3960567561132,2.6953106543538,28.4003158461191,0,3,0.0661991273726822,0.394003972591722,MV-201,step_steer_python
266,2026年09月16日_23时08分01秒_第004次,2026-09-16T23:08:01,2.65,39.1276264992922,0.111396625892517,12.0594231347807,27.4990164291767,2.73009996824632,28.5025709514048,0,3,0.0661894339767026,0.394016691597196,MV-201,step_steer_python
267,2026年09月16日_23时08分01秒_第004次,2026-09-16T23:08:01,2.66,39.1350763895517,0.111153975480326,12.05936923777,27.6019223473606,2.76511206865536,28.6047678715868,0,3,0.0661797416413981,0.39403172687546,MV-201,step_steer_python
268,2026年09月16日_23时08分01秒_第004次,2026-09-16T23:08:01,2.67,39.142567110988,0.110914798963234,12.0594018038869,27.704774136986,2.80034692800971,28.7069062349662,0,3,0.0661700283123678,0.394048069531882,MV-201,step_steer_python
269,2026年09月16日_23时08分01秒_第004次,2026-09-16T23:08:01,2.68,39.1500974561793,0.110679683074466,12.0595150640991,27.8075714198688,2.83580452082685,28.8089856624115,0,3,0.0661602851913349,0.39406527619476,MV-201,step_steer_python
270,2026年09月16日_23时08分01秒_第004次,2026-09-16T23:08:01,2.69,39.1576662707726,0.110448292118608,12.0596899474616,27.9103138136212,2.87148482221659,28.9110057682139,0,3,0.0661505165975949,0.394083461730895,MV-201,step_steer_python
271,2026年09月16日_23时08分01秒_第004次,2026-09-16T23:08:01,2.7,39.1652724115904,0.11021904709901,12.059914244915,28.0130009328114,2.90738780353961,29.0129661614895,0,3,0.0661407446641418,0.394103495594203,MV-201,step_steer_python
272,2026年09月16日_23时08分01秒_第004次,2026-09-16T23:08:01,2.71,39.172914867188,0.109989329325677,12.0601654493802,28.115632389467,2.94351343136495,29.1148664481468,0,3,0.066131006573815,0.394126891728366,MV-201,step_steer_python
273,2026年09月16日_23时08分01秒_第004次,2026-09-16T23:08:01,2.72,39.1805925953793,0.10975686367784,12.0604245671543,28.2182077937054,2.97986166603873,29.2167062325597,0,3,0.0661213349072345,0.394154967626001,MV-201,step_steer_python
274,2026年09月16日_23时08分01秒_第004次,2026-09-16T23:08:01,2.73,39.1883044796171,0.109520041389062,12.0606900588996,28.3207267537825,3.01643246143161,29.3184851183167,0,3,0.0661117529877241,0.394188644845842,MV-201,step_steer_python
275,2026年09月16日_23时08分01秒_第004次,2026-09-16T23:08:01,2.74,39.1960494469942,0.109278682887989,12.0609515214563,28.4231888753528,3.05322576807075,29.42020270891,0,3,0.0661022638971335,0.394227990886755,MV-201,step_steer_python
276,2026年09月16日_23时08分01秒_第004次,2026-09-16T23:08:01,2.75,39.2038263230846,0.109033545356186,12.0612223856206,28.5255937611258,3.09024153445939,29.5218586074326,0,3,0.0660928573468571,0.394272501706202,MV-201,step_steer_python
277,2026年09月16日_23时08分01秒_第004次,2026-09-16T23:08:01,2.76,39.2116339597536,0.108786216502166,12.0615043112555,28.6279410098927,3.12747971053813,29.6234524161362,0,3,0.0660835110857489,0.394321168583772,MV-201,step_steer_python
278,2026年09月16日_23时08分01秒_第004次,2026-09-16T23:08:01,2.77,39.2194711199335,0.108538375337966,12.0618192776419,28.73023021669,3.16494024702053,29.7249837354616,0,3,0.0660742013698186,0.394372914644874,MV-201,step_steer_python
279,2026年09月16日_23时08分01秒_第004次,2026-09-16T23:08:01,2.78,39.2273366617816,0.10829151700478,12.0621670157677,28.832460972058,3.20262309795591,29.8264521632134,0,3,0.0660649068852932,0.394426771362502,MV-201,step_steer_python
280,2026年09月16日_23时08分01秒_第004次,2026-09-16T23:08:01,2.79,39.2352293840305,0.108046085565651,12.0625661950927,28.9346328630632,3.24052821736053,29.9278572936917,0,3,0.0660556211677991,0.394482395340534,MV-201,step_steer_python
281,2026年09月16日_23时08分01秒_第004次,2026-09-16T23:08:01,2.8,39.2431482244754,0.107801877918445,12.0630093353354,29.0367454728448,3.27865556083639,30.0291987169478,0,3,0.0660463469522682,0.394539840483766,MV-201,step_steer_python
282,2026年09月16日_23时08分01秒_第004次,2026-09-16T23:08:01,2.81,39.2510920670273,0.107558798228977,12.0635025683229,29.1387983817273,3.31700508195057,30.1304760180503,0,3,0.0660370854641429,0.394599093831935,MV-201,step_steer_python
283,2026年09月16日_23时08分01秒_第004次,2026-09-16T23:08:01,2.82,39.2590599332634,0.107316037623652,12.0640384859204,29.2407911668028,3.3555767336206,30.2316887767986,0,3,0.0660278481336863,0.394660582189351,MV-201,step_steer_python
284,2026年09月16日_23时08分01秒_第004次,2026-09-16T23:08:01,2.83,39.267050865813,0.10707285280781,12.0646138252501,29.3427234024961,3.39437046687143,30.3328365678769,0,3,0.0660186455492219,0.394724697995475,MV-201,step_steer_python
285,2026年09月16日_23时08分01秒_第004次,2026-09-16T23:08:01,2.84,39.2750639225752,0.106828853343403,12.0652242863676,29.4445946605848,3.43338623082073,30.4339189611298,0,3,0.0660094833425094,0.394791624864489,MV-201,step_steer_python
286,2026年09月16日_23时08分01秒_第004次,2026-09-16T23:08:01,2.85,39.2830981660668,0.106584127013182,12.0658659589283,29.5464045100222,3.47262397324712,30.5349355220764,0,3,0.0660003603548692,0.394861259370528,MV-201,step_steer_python
287,2026年09月16日_23时08分01秒_第004次,2026-09-16T23:08:01,2.86,39.2911526563355,0.106338868309883,12.0665347587688,29.6481525168956,3.51208364076999,30.6358858128096,0,3,0.0659912738917413,0.394933433018876,MV-201,step_steer_python
288,2026年09月16日_23时08分01秒_第004次,2026-09-16T23:08:01,2.87,39.299226431853,0.106093446571446,12.067229746297,29.7498382442484,3.5517651792591,30.7367693926095,0,3,0.0659822187360278,0.395007869408378,MV-201,step_steer_python
289,2026年09月16日_23时08分01秒_第004次,2026-09-16T23:08:01,2.88,39.3073185308825,0.105848504023831,12.0679471517083,29.8514612522185,3.59166853339397,30.8375858187438,0,3,0.0659731857258305,0.395084125254347,MV-201,step_steer_python
290,2026年09月16日_23时08分01秒_第004次,2026-09-16T23:08:01,2.89,39.3154279843879,0.105604272748688,12.068684867341,29.9530210978844,3.63179364699924,30.9383346469701,0,3,0.0659641714867318,0.395162001857501,MV-201,step_steer_python
291,2026年09月16日_23时08分01秒_第004次,2026-09-16T23:08:01,2.9,39.3235538219146,0.1053604695913,12.0694410514752,30.0545173356625,3.67214046194242,31.0390154320697,0,3,0.0659551799826315,0.395241611069388,MV-201,step_steer_python
292,2026年09月16日_23时08分01秒_第004次,2026-09-16T23:08:01,2.91,39.3316950784199,0.105116391096611,12.0702144564696,30.155949517621,3.71270891736905,31.1396277281076,0,3,0.0659462212194305,0.395323320819307,MV-201,step_steer_python
293,2026年09月16日_23时08分01秒_第004次,2026-09-16T23:08:01,2.92,39.3398507975534,0.104871147054193,12.0710054916742,30.2573171936986,3.75349894931821,31.2401710883457,0,3,0.0659373079559659,0.3954076161065,MV-201,step_steer_python
294,2026年09月16日_23时08分01秒_第004次,2026-09-16T23:08:01,2.93,39.3480200280203,0.104623288182011,12.0718197368081,30.358619912031,3.79451049017064,31.3406450650386,0,3,0.0659284610486502,0.395495324978978,MV-201,step_steer_python
295,2026年09月16日_23时08分01秒_第004次,2026-09-16T23:08:01,2.94,39.3562018263522,0.104372039953949,12.0726628559503,30.4598572187376,3.83574346948138,31.4410492085606,0,3,0.0659196918789212,0.395586875019694,MV-201,step_steer_python
296,2026年09月16日_23时08分01秒_第004次,2026-09-16T23:08:01,2.95,39.3643952708633,0.104117796495753,12.0735392668212,30.5610286575517,3.87719781529648,31.541383066554,0,3,0.0659109952128635,0.395681991953912,MV-201,step_steer_python
297,2026年09月16日_23时08分01秒_第004次,2026-09-16T23:08:01,2.96,39.3725994483988,0.103861472079071,12.074454879941,30.6621337690807,3.91887345623627,31.6416461828604,0,3,0.0659023583340736,0.395780085401482,MV-201,step_steer_python
298,2026年09月16日_23时08分01秒_第004次,2026-09-16T23:08:01,2.97,39.3808134586446,0.103604278228095,12.075414402071,30.7631720905702,3.96077032213182,31.7418380968979,0,3,0.0658937641686541,0.395880381369346,MV-201,step_steer_python
299,2026年09月16日_23时08分01秒_第004次,2026-09-16T23:08:01,2.98,39.3890364197814,0.103347408909144,12.0764199215807,30.8641431557807,4.00288834425207,31.8419583433955,0,3,0.0658851957505734,0.395982111543693,MV-201,step_steer_python
300,2026年09月16日_23时08分01秒_第004次,2026-09-16T23:08:01,2.99,39.3972674721547,0.103091722240963,12.0774702329746,30.9650464951054,4.04522745483376,31.9420064525286,0,3,0.0658766407739596,0.396084706148508,MV-201,step_steer_python
301,2026年09月16日_23时08分01秒_第004次,2026-09-16T23:08:01,3,39.4055057823201,0.10283725143171,12.0785599342388,31.0658816360476,4.08778758570961,32.0419819506521,0,3,0.0658680986243469,0.396188091734098,MV-201,step_steer_python
302,2026年09月16日_23时08分01秒_第004次,2026-09-16T23:08:01,3.01,39.4137505275543,0.102583443290684,12.0796835487922,31.1666481036193,4.13056866711678,32.1418843609137,0,3,0.0658595770664113,0.396292550126003,MV-201,step_steer_python
303,2026年09月16日_23时08分01秒_第004次,2026-09-16T23:08:01,3.02,39.4220009094796,0.102329657990589,12.0808316966267,31.2673454209181,4.17357062620729,32.2417132041404,0,3,0.0658510851687294,0.39639841976801,MV-201,step_steer_python
304,2026年09月16日_23时08分01秒_第004次,2026-09-16T23:08:01,3.03,39.4302561349571,0.102075017947366,12.0819972241111,31.3679731091339,4.21679338708324,32.3414679994354,0,3,0.0658426354744052,0.396506186503815,MV-201,step_steer_python
305,2026年09月16日_23时08分01秒_第004次,2026-09-16T23:08:01,3.04,39.4385154069384,0.101818711690073,12.0831752931523,31.4685306878044,4.26023687031491,32.4411482647773,0,3,0.0658342396850839,0.396616300408648,MV-201,step_steer_python
306,2026年09月16日_23时08分01秒_第004次,2026-09-16T23:08:01,3.05,39.4467779186073,0.101560267535485,12.0843641739824,31.5690176747513,4.30390099332198,32.5407535173218,0,3,0.0658259047407332,0.396729009556018,MV-201,step_steer_python
307,2026年09月16日_23时08分01秒_第004次,2026-09-16T23:08:01,3.06,39.455042850144,0.101299702348413,12.0855655333633,31.6694335858356,4.34778567121607,32.6402832733743,0,3,0.0658176306528433,0.396844268137605,MV-201,step_steer_python
308,2026年09月16日_23时08分01秒_第004次,2026-09-16T23:08:01,3.07,39.4633093730535,0.101037247675143,12.0867828917242,31.7697779347663,4.39189081750562,32.7397370483191,0,3,0.06580941436186,0.396961899954632,MV-201,step_steer_python
309,2026年09月16日_23时08分01秒_第004次,2026-09-16T23:08:01,3.08,39.4715766436737,0.100773475810293,12.0880235220843,31.8700502327186,4.43621634511891,32.8391143559953,0,3,0.0658012479095882,0.397081520709644,MV-201,step_steer_python
310,2026年09月16日_23时08分01秒_第004次,2026-09-16T23:08:01,3.09,39.4798438316958,0.10050941770624,12.0892917319638,31.9702499882456,4.48076216668311,32.9384147082029,0,3,0.0657931167133193,0.397202466573083,MV-201,step_steer_python
311,2026年09月16日_23时08分01秒_第004次,2026-09-16T23:08:01,3.1,39.4881101203856,0.100245910274966,12.0905917425175,32.0703767069072,4.52552819538424,33.0376376140579,0,3,0.065785008842511,0.397324186783468,MV-201,step_steer_python
312,2026年09月16日_23时08分01秒_第004次,2026-09-16T23:08:01,3.11,39.4963747152008,0.0999834085195676,12.0919253986505,32.1704298915289,4.57051434428359,33.1367825797164,0,3,0.0657769177274505,0.397446358760967,MV-201,step_steer_python
313,2026年09月16日_23时08分01秒_第004次,2026-09-16T23:08:01,3.12,39.5046368499019,0.0997219350801027,12.0932918393433,32.2704090424858,4.61572052558458,33.2358491082755,0,3,0.0657688429256612,0.397568920882805,MV-201,step_steer_python
314,2026年09月16日_23时08分01秒_第004次,2026-09-16T23:08:01,3.13,39.5128957863865,0.0994611593346218,12.0946881503252,32.3703136580228,4.66114664986072,33.3348366998194,0,3,0.0657607890421691,0.397692026776775,MV-201,step_steer_python
315,2026年09月16日_23时08分01秒_第004次,2026-09-16T23:08:01,3.14,39.5211508094958,0.0992005719425999,12.0961103284877,32.470143234516,4.70679262547115,33.4337448515698,0,3,0.0657527632759948,0.397815941194335,MV-201,step_steer_python
316,2026年09月16日_23时08分01秒_第004次,2026-09-16T23:08:01,3.15,39.5294012216817,0.0989394044521893,12.0975534106796,32.5698972667768,4.75265835796353,33.532573058353,0,3,0.0657447765905502,0.397941089240122,MV-201,step_steer_python
317,2026年09月16日_23时08分01秒_第004次,2026-09-16T23:08:01,3.16,39.5376463196221,0.0986771120714056,12.0990158959157,32.669575247977,4.79874375031195,33.6313208126464,0,3,0.0657368368426323,0.398067764277093,MV-201,step_steer_python
318,2026年09月16日_23时08分01秒_第004次,2026-09-16T23:08:01,3.17,39.545885406948,0.0984138537810062,12.1004945546072,32.7691766696621,4.84504870300447,33.7299876048226,0,3,0.0657289418923802,0.398195837054181,MV-201,step_steer_python
319,2026年09月16日_23时08分01秒_第004次,2026-09-16T23:08:01,3.18,39.5541177783401,0.098150022976305,12.1019891162393,32.8687010211985,4.8915731153761,33.8285729231453,0,3,0.065721086229997,0.398325035256653,MV-201,step_steer_python
320,2026年09月16日_23时08分01秒_第004次,2026-09-16T23:08:01,3.19,39.562342718731,0.0978861182733783,12.1035003217986,32.9681477897731,4.93831688564305,33.9270762540286,0,3,0.0657132627949872,0.398455020452291,MV-201,step_steer_python
321,2026年09月16日_23时08分01秒_第004次,2026-09-16T23:08:01,3.2,39.570559507758,0.0976225873524526,12.1050291820141,33.0675164603735,4.98527991095526,34.0254970823098,0,3,0.0657054651961166,0.398585482290306,MV-201,step_steer_python
322,2026年09月16日_23时08分01秒_第004次,2026-09-16T23:08:01,3.21,39.5787674252051,0.0973596863919773,12.1065766315628,33.1668065158787,5.03246208719083,34.1238348914938,0,3,0.0656976897269371,0.398716224103544,MV-201,step_steer_python
323,2026年09月16日_23时08分01秒_第004次,2026-09-16T23:08:01,3.22,39.5869657567503,0.0970974063492996,12.1081432516221,33.2660174372364,5.07986330856828,34.2220891639361,0,3,0.065689936442293,0.398847208787759,MV-201,step_steer_python
324,2026年09月16日_23时08分01秒_第004次,2026-09-16T23:08:01,3.23,39.5951538016821,0.0968352130306025,12.1097283364906,33.3651487038301,5.12748346689367,34.3202593811843,0,3,0.0656822129055743,0.398978717816553,MV-201,step_steer_python
325,2026年09月16日_23时08分01秒_第004次,2026-09-16T23:08:01,3.24,39.6033308620502,0.0965724522444931,12.1113335266515,33.4641997935697,5.17532245139748,34.4183450237426,0,3,0.0656745284587511,0.399111108140645,MV-201,step_steer_python
326,2026年09月16日_23时08分01秒_第004次,2026-09-16T23:08:01,3.25,39.6114962629357,0.0963088856490917,12.1129576142506,33.563170183084,5.22338014842516,34.5163455708898,0,3,0.0656668865761659,0.399244489733614,MV-201,step_steer_python
327,2026年09月16日_23时08分01秒_第004次,2026-09-16T23:08:01,3.26,39.619649340295,0.0960444077576752,12.1146012923022,33.6620593472762,5.27165644251534,34.6142605001348,0,3,0.0656592888610445,0.399378894042145,MV-201,step_steer_python
328,2026年09月16日_23时08分01秒_第004次,2026-09-16T23:08:01,3.27,39.627789438629,0.0957791256347638,12.1162656506084,33.7608667593087,5.32015121652882,34.7120892868829,0,3,0.0656517338904768,0.399514224974037,MV-201,step_steer_python
329,2026年09月16日_23时08分01秒_第004次,2026-09-16T23:08:01,3.28,39.635915910411,0.0955133699205915,12.1179517814271,33.8595918904383,5.36886435207798,34.809831404145,0,3,0.0656442170327003,0.399650251132649,MV-201,step_steer_python
330,2026年09月16日_23时08分01秒_第004次,2026-09-16T23:08:01,3.29,39.6440281150905,0.0952476199539806,12.1196605570155,33.9582342098798,5.41779572985755,34.9074863223513,0,3,0.0656367314911171,0.399786649942996,MV-201,step_steer_python
331,2026年09月16日_23时08分01秒_第004次,2026-09-16T23:08:01,3.3,39.6521254188585,0.094982371057665,12.1213922322977,34.0567931847558,5.46694522975056,35.0050535093298,0,3,0.0656292701839928,0.399923087186629,MV-201,step_steer_python
332,2026年09月16日_23时08分01秒_第004次,2026-09-16T23:08:01,3.31,39.6602071980006,0.0947177213888178,12.1231452707699,34.1552682803254,5.51631273034213,35.1025324307327,0,3,0.065621831648888,0.400059467063434,MV-201,step_steer_python
333,2026年09月16日_23时08分01秒_第004次,2026-09-16T23:08:01,3.32,39.6682728264441,0.0944535563623333,12.1249196119924,34.2536589600845,5.56589810864045,35.199922550181,0,3,0.0656144174530959,0.400195821905241,MV-201,step_steer_python
334,2026年09月16日_23时08分01秒_第004次,2026-09-16T23:08:01,3.33,39.6763216947834,0.0941898851244649,12.1267116289643,34.3519646861299,5.61570123930664,35.297223329698,0,3,0.0656070274086039,0.400332110734231,MV-201,step_steer_python
335,2026年09月16日_23时08分01秒_第004次,2026-09-16T23:08:01,3.34,39.6843531989891,0.0939264745244765,12.1285189960277,34.4501849190037,5.6657219949861,35.3944342298991,0,3,0.065599664790158,0.400468439459923,MV-201,step_steer_python
336,2026年09月16日_23时08分01秒_第004次,2026-09-16T23:08:01,3.35,39.6923667384071,0.0936629523003056,12.1303398191306,34.5483191180031,5.71596024571095,35.4915547103632,0,3,0.0655923348887639,0.400604999551074,MV-201,step_steer_python
337,2026年09月16日_23时08分01秒_第004次,2026-09-16T23:08:01,3.36,39.7003617149104,0.0933989548236035,12.1321729903956,34.646366741275,5.76641585879181,35.5885842298671,0,3,0.0655850429159828,0.400741979297573,MV-201,step_steer_python
338,2026年09月16日_23时08分01秒_第004次,2026-09-16T23:08:01,3.37,39.7083375312048,0.0931342583703061,12.1340186396303,34.7443272457917,5.81708869898066,35.6855222464351,0,3,0.0655777921262883,0.400879484253711,MV-201,step_steer_python
339,2026年09月16日_23时08分01秒_第004次,2026-09-16T23:08:01,3.38,39.7162935900363,0.0928688557304887,12.1358781196198,34.842200087228,5.86797862883729,35.7823682172203,0,3,0.0655705827053345,0.401017490145143,MV-201,step_steer_python
340,2026年09月16日_23时08分01秒_第004次,2026-09-16T23:08:01,3.39,39.7242292978209,0.0926026983770691,12.1377527880995,34.9399847199498,5.91908550887377,35.8791215985319,0,3,0.0655634154302912,0.401155997976033,MV-201,step_steer_python
341,2026年09月16日_23时08分01秒_第004次,2026-09-16T23:08:01,3.4,39.7321440546188,0.0923359104165811,12.1396466104475,35.0376805967769,5.97040919806672,35.9757818453809,0,3,0.0655562886161185,0.401294904236845,MV-201,step_steer_python
342,2026年09月16日_23时08分01秒_第004次,2026-09-16T23:08:01,3.41,39.7400372760178,0.0920690346496045,12.1415603754961,35.1352871690083,6.02194955384549,36.0723484112516,0,3,0.06554919457753,0.401433852392235,MV-201,step_steer_python
343,2026年09月16日_23时08分01秒_第004次,2026-09-16T23:08:01,3.42,39.7479083870035,0.0918025130486045,12.1434953759976,35.2328038860232,6.07370643287985,36.1688207477135,0,3,0.0655421270065319,0.401572544755849,MV-201,step_steer_python
344,2026年09月16日_23时08分01秒_第004次,2026-09-16T23:08:01,3.43,39.7557568246842,0.09153658851579,12.145451708025,35.33023019551,6.1256796906001,36.2651983044138,0,3,0.0655350823887887,0.401710802581244,MV-201,step_steer_python
345,2026年09月16日_23时08分01秒_第004次,2026-09-16T23:08:01,3.44,39.7635820407577,0.0912712791687989,12.1474281570179,35.4275655436566,6.17786918080575,36.3614805291875,0,3,0.0655280603947516,0.40184858275005,MV-201,step_steer_python
346,2026年09月16日_23时08分01秒_第004次,2026-09-16T23:08:01,3.45,39.7713835006683,0.0910064160845258,12.1494227065818,35.5248093753609,6.23027475525945,36.4576668682307,0,3,0.0655210633666359,0.401985956012363,MV-201,step_steer_python
347,2026年09月16日_23时08分01秒_第004次,2026-09-16T23:08:01,3.46,39.7791606806161,0.0907417302937575,12.1514331007121,35.6219611344064,6.28289626338085,36.5537567662929,0,3,0.0655140950968578,0.402123055122544,MV-201,step_steer_python
348,2026年09月16日_23时08分01秒_第004次,2026-09-16T23:08:01,3.47,39.7869130634455,0.0904769592357911,12.1534574046386,35.7190202635593,6.33573355211819,36.6497496668455,0,3,0.0655071593179968,0.402260010704811,MV-201,step_steer_python
349,2026年09月16日_23时08分01秒_第004次,2026-09-16T23:08:01,3.48,39.7946401375145,0.0902116574225786,12.1554935015558,35.8159862047592,6.38878646568137,36.7456450124957,0,3,0.0655002624087532,0.402397065705712,MV-201,step_steer_python
350,2026年09月16日_23时08分01秒_第004次,2026-09-16T23:08:01,3.49,39.8023413801852,0.0899455506838834,12.1575427230174,35.912858398973,6.44205484587356,36.8414422448553,0,3,0.0654934083513288,0.40253436107362,MV-201,step_steer_python
351,2026年09月16日_23时08分01秒_第004次,2026-09-16T23:08:01,3.5,39.8100162761593,0.0896789182212225,12.1596042218098,36.0096362862278,6.49553853210611,36.9371408045873,0,3,0.0654865932494028,0.402671704777165,MV-201,step_steer_python
352,2026年09月16日_23时08分01秒_第004次,2026-09-16T23:08:01,3.51,39.8176643077163,0.0894121064167551,12.1616792189987,36.1063193050699,6.54923736247309,37.0327401311617,0,3,0.0654798122132638,0.40280886264171,MV-201,step_steer_python
353,2026年09月16日_23时08分01秒_第004次,2026-09-16T23:08:01,3.52,39.8252849570612,0.0891454365378337,12.1637690552014,36.2029068926645,6.60315117358121,37.1282396629196,0,3,0.0654730606713135,0.402945613982205,MV-201,step_steer_python
354,2026年09月16日_23时08分01秒_第004次,2026-09-16T23:08:01,3.53,39.8328777111848,0.0888791307479208,12.1658746303334,36.2993984848436,6.65727980047142,37.2236388371678,0,3,0.0654663354307702,0.403081796761145,MV-201,step_steer_python
355,2026年09月16日_23时08分01秒_第004次,2026-09-16T23:08:01,3.54,39.8404420653699,0.0886132668835215,12.1679963351505,36.3957935162183,6.71162307642233,37.3189370902757,0,3,0.0654596353358794,0.403217335637484,MV-201,step_steer_python
356,2026年09月16日_23时08分01秒_第004次,2026-09-16T23:08:01,3.55,39.8479775254689,0.0883477781231882,12.1701340375992,36.492091420322,6.7661808327039,37.4141338577517,0,3,0.0654529612896975,0.403352243013554,MV-201,step_steer_python
357,2026年09月16日_23时08分01秒_第004次,2026-09-16T23:08:01,3.56,39.8554836087053,0.0880824970855779,12.1722872237923,36.5882916297428,6.8209528983684,37.5092285742793,0,3,0.0654463156407641,0.4034865931221,MV-201,step_steer_python
358,2026年09月16日_23时08分01秒_第004次,2026-09-16T23:08:01,3.57,39.862959845843,0.087816959412927,12.1744543540248,36.6843935763898,6.87593909983289,37.6042206739841,0,3,0.0654397050029221,0.403620641479828,MV-201,step_steer_python
359,2026年09月16日_23时08分01秒_第004次,2026-09-16T23:08:01,3.58,39.8704057665887,0.0875507735471147,12.1766364199699,36.7803966914313,6.93113926102755,37.6991095901538,0,3,0.065433135004145,0.403754601848585,MV-201,step_steer_python
360,2026年09月16日_23时08分01秒_第004次,2026-09-16T23:08:01,3.59,39.8778209159871,0.0872840476322084,12.1788318008041,36.8763004053831,6.98655320330884,37.7938947551311,0,3,0.0654266041750047,0.403888388501884,MV-201,step_steer_python
361,2026年09月16日_23时08分01秒_第004次,2026-09-16T23:08:01,3.6,39.8852048424931,0.0870169917269596,12.1810406490064,36.9721041475763,7.04218074647764,37.8885755999293,0,3,0.0654201095763401,0.404021853726643,MV-201,step_steer_python
362,2026年09月16日_23时08分01秒_第004次,2026-09-16T23:08:01,3.61,39.8925570967185,0.0867498804614312,12.1832633031631,37.0678073462145,7.09802170870918,37.9831515541857,0,3,0.065413647321071,0.404154809836454,MV-201,step_steer_python
363,2026年09月16日_23时08分01秒_第004次,2026-09-16T23:08:01,3.62,39.8998772327109,0.0864829982751441,12.1854999207231,37.1634094283484,7.15407590662118,38.0776220462027,0,3,0.0654072133494357,0.404287062049786,MV-201,step_steer_python
364,2026年09月16日_23时08分01秒_第004次,2026-09-16T23:08:01,3.63,39.9071648088417,0.0862165724873486,12.1877504484579,37.2589098199157,7.21034315521892,38.1719865030677,0,3,0.0654008043846493,0.404418448981846,MV-201,step_steer_python
365,2026年09月16日_23时08分01秒_第004次,2026-09-16T23:08:01,3.64,39.9144193888281,0.0859507188550527,12.1900145392701,37.3543079458438,7.26682326772464,38.2662443508436,0,3,0.0653944187179457,0.404548875923279,MV-201,step_steer_python
366,2026年09月16日_23时08分01秒_第004次,2026-09-16T23:08:01,3.65,39.9216405426394,0.0856854187217858,12.1922915720387,37.4496032301936,7.32351605534135,38.3603950147953,0,3,0.065388056548436,0.404678329272213,MV-201,step_steer_python
367,2026年09月16日_23时08分01秒_第004次,2026-09-16T23:08:01,3.66,39.9288278496457,0.085420277938186,12.19457994236,37.5447950964886,7.3804213267234,38.4544379198941,0,3,0.0653817234454226,0.404807023232277,MV-201,step_steer_python
368,2026年09月16日_23时08分01秒_第004次,2026-09-16T23:08:01,3.67,39.9359808862251,0.0851548582863928,12.1968804434275,37.6398829677548,7.43753888792742,38.5483724907839,0,3,0.0653754256547714,0.404935200493452,MV-201,step_steer_python
369,2026年09月16日_23时08分01秒_第004次,2026-09-16T23:08:01,3.68,39.9430992426706,0.084889101200938,12.1991914037705,37.73486626671,7.49486854214869,38.6421981518658,0,3,0.0653691640466728,0.405062877033658,MV-201,step_steer_python
370,2026年09月16日_23时08分01秒_第004次,2026-09-16T23:08:01,3.69,39.9501825128425,0.0846229955944282,12.2015129892304,37.8297444153083,7.55241009057233,38.7359143270138,0,3,0.0653629388194974,0.405190040613941,MV-201,step_steer_python
371,2026年09月16日_23时08分01秒_第004次,2026-09-16T23:08:01,3.7,39.9572302934043,0.0843566076851073,12.2038457909276,37.924516834811,7.61016333230421,38.8295204395086,0,3,0.0653567490677764,0.405316632452611,MV-201,step_steer_python
372,2026年09月16日_23时08分01秒_第004次,2026-09-16T23:08:01,3.71,39.9642421851043,0.0840900896874805,12.206190519293,38.0191829457114,7.66812806454964,38.9230159119411,0,3,0.0653505926488288,0.405442541650993,MV-201,step_steer_python
373,2026年09月16日_23时08分01秒_第004次,2026-09-16T23:08:01,3.72,39.9712177936001,0.083823652763017,12.2085479224044,38.1137421676718,7.72630408276173,39.0164001661097,0,3,0.0653444665592934,0.405567621172977,MV-201,step_steer_python
374,2026年09月16日_23时08分01秒_第004次,2026-09-16T23:08:01,3.73,39.9781567305705,0.0835575163521777,12.210918552277,38.208193919501,7.78469118070796,39.1096726229532,0,3,0.0653383676525057,0.405691718264916,MV-201,step_steer_python
375,2026年09月16日_23时08分01秒_第004次,2026-09-16T23:08:01,3.74,39.9850586149896,0.0832918523595272,12.2133025658807,38.3025376191849,7.84328915043528,39.2028327025439,0,3,0.0653322934354403,0.405814708251579,MV-201,step_steer_python
376,2026年09月16日_23时08分01秒_第004次,2026-09-16T23:08:01,3.75,39.9919230741288,0.0830267429255719,12.2156996382298,38.3967726839717,7.90209778214176,39.2958798241453,0,3,0.0653262426780146,0.405936520376075,MV-201,step_steer_python
377,2026年09月16日_23时08分01秒_第004次,2026-09-16T23:08:01,3.76,39.9987497467841,0.0827618922694469,12.2181081176645,38.4908985306887,7.961116863685,39.388813406636,0,3,0.0653202195431452,0.406057312760469,MV-201,step_steer_python
378,2026年09月16日_23时08分01秒_第004次,2026-09-16T23:08:01,3.77,40.0055382699769,0.0824969413371234,12.2205285657306,38.5849145757811,8.02034618052193,39.4816328684226,0,3,0.0653142291332376,0.406177283200377,MV-201,step_steer_python
379,2026年09月16日_23时08分01秒_第004次,2026-09-16T23:08:01,3.78,40.0122882961856,0.0822318861092128,12.2229586326117,38.6788202355527,8.0797855153582,39.5743376275667,0,3,0.0653082715175996,0.406296417352564,MV-201,step_steer_python
380,2026年09月16日_23时08分01秒_第004次,2026-09-16T23:08:01,3.79,40.0189994817852,0.0819667100245929,12.2253977150589,38.7726149257255,8.13943464892078,39.6669271015773,0,3,0.0653023469453087,0.406414708706402,MV-201,step_steer_python
381,2026年09月16日_23时08分01秒_第004次,2026-09-16T23:08:01,3.8,40.0256714853032,0.0817014195076568,12.2278456190703,38.8662980615901,8.19929335975703,39.759400707485,0,3,0.0652964553388017,0.406532137056078,MV-201,step_steer_python
382,2026年09月16日_23时08分01秒_第004次,2026-09-16T23:08:01,3.81,40.0323039677537,0.0814360741144896,12.2303024152143,38.9598690579834,8.25936142432028,39.8517578618911,0,3,0.0652905958601941,0.406648650165148,MV-201,step_steer_python
383,2026年09月16日_23时08分01秒_第004次,2026-09-16T23:08:01,3.82,40.0388965926174,0.0811707886424746,12.2327685069019,39.0533273292522,8.31963861707653,39.9439979809865,0,3,0.0652847668748443,0.406764162222959,MV-201,step_steer_python
384,2026年09月16日_23时08分01秒_第004次,2026-09-16T23:08:01,3.83,40.0454490264718,0.0809057102671951,12.235244471857,39.1466722892271,8.38012471058854,40.0361204805613,0,3,0.065278966271674,0.406878567434702,MV-201,step_steer_python
385,2026年09月16日_23时08分01秒_第004次,2026-09-16T23:08:01,3.84,40.0519609403102,0.0806409810661337,12.237730850319,39.2399033512211,8.44081947554795,40.1281247760249,0,3,0.065273191995098,0.406991762604582,MV-201,step_steer_python
386,2026年09月16日_23时08分01秒_第004次,2026-09-16T23:08:01,3.85,40.0584320111584,0.0803766999633633,12.2402279613466,39.3330199280669,8.50172268074059,40.2200102824454,0,3,0.0652674425896596,0.407103670272846,MV-201,step_steer_python
387,2026年09月16日_23时08分01秒_第004次,2026-09-16T23:08:01,3.86,40.0648619262363,0.0801126379996328,12.2427349467522,39.4260214323823,8.56283409266617,40.311776414914,0,3,0.0652617212755821,0.407214411420758,MV-201,step_steer_python
388,2026年09月16日_23时08分01秒_第004次,2026-09-16T23:08:01,3.87,40.0712503717372,0.0798485187577611,12.245252970327,39.5189072765743,8.62415347553623,40.4034225883917,0,3,0.065256031978591,0.40732413683605,MV-201,step_steer_python
389,2026年09月16日_23时08分01秒_第004次,2026-09-16T23:08:01,3.88,40.0775970502292,0.0795843951598734,12.2477802156063,39.6116768730607,8.68568059096395,40.4949482177599,0,3,0.0652503739488871,0.407432800341995,MV-201,step_steer_python
390,2026年09月16日_23时08分01秒_第004次,2026-09-16T23:08:01,3.89,40.0839016706655,0.0793202846325473,12.2503162336493,39.7043296338437,8.74741519867143,40.586352717551,0,3,0.0652447469378576,0.407540377326593,MV-201,step_steer_python
391,2026年09月16日_23时08分01秒_第004次,2026-09-16T23:08:01,3.9,40.0901639470296,0.0790561971059734,12.2528606729573,39.7968649706793,8.80935705625955,40.67763550197,0,3,0.0652391508019979,0.407646847905555,MV-201,step_steer_python
392,2026年09月16日_23时08分01秒_第004次,2026-09-16T23:08:01,3.91,40.0963835983259,0.0787921683226389,12.2554132103588,39.8892822950832,8.87150591924062,40.7687959849074,0,3,0.0652335850276214,0.40775217680686,MV-201,step_steer_python
393,2026年09月16日_23时08分01秒_第004次,2026-09-16T23:08:01,3.92,40.1025603477242,0.0785282742993286,12.2579737281344,39.9815810183185,8.93386154110194,40.8598335799354,0,3,0.065228048521064,0.407856304444703,MV-201,step_steer_python
394,2026年09月16日_23时08分01秒_第004次,2026-09-16T23:08:01,3.93,40.108693922023,0.0782646248186392,12.2605422867351,40.0737605513802,8.99642367336943,40.9507477003108,0,3,0.0652225396969695,0.407959150625774,MV-201,step_steer_python
395,2026年09月16日_23时08分01秒_第004次,2026-09-16T23:08:01,3.94,40.1147840517444,0.078001340203257,12.2631190258737,40.1658203049935,9.05919206564564,41.0415377590012,0,3,0.0652170568063318,0.40806062843667,MV-201,step_steer_python
396,2026年09月16日_23时08分01秒_第004次,2026-09-16T23:08:01,3.95,40.120830471752,0.0777385204900121,12.2657040486568,40.257759689638,9.12216646560098,41.1322031687454,0,3,0.0652115983759324,0.408160662874198,MV-201,step_steer_python
397,2026年09月16日_23时08分01秒_第004次,2026-09-16T23:08:01,3.96,40.1268329221203,0.0774762183159666,12.2682973308148,40.3495781156038,9.18534661891522,41.2227433421447,0,3,0.0652061635983531,0.408259207397709,MV-201,step_steer_python
398,2026年09月16日_23时08分01秒_第004次,2026-09-16T23:08:01,3.97,40.132791151755,0.0772141547828761,12.2708977970762,40.4412749932795,9.24873226888823,41.3131576921046,0,3,0.0652007563995332,0.408356416265601,MV-201,step_steer_python
399,2026年09月16日_23时08分01秒_第004次,2026-09-16T23:08:01,3.98,40.1387049064155,0.0769520202648321,12.273506678839,40.5328497331454,9.31232315645998,41.4034456317106,0,3,0.0651953811776405,0.408452463548295,MV-201,step_steer_python
400,2026年09月16日_23时08分01秒_第004次,2026-09-16T23:08:01,3.99,40.1445739465428,0.0766898683978076,12.2761222895968,40.6243017459913,9.37611901992792,41.49360657431,0,3,0.0651900371742905,0.40854730589315,MV-201,step_steer_python
401,2026年09月16日_23时08分01秒_第004次,2026-09-16T23:08:01,4,40.1503980373533,0.0764277316401029,12.2787444843478,40.715630442432,9.44011959570854,41.5836399332352,0,3,0.0651847239275141,0.4086409127512,MV-201,step_steer_python
402,2026年09月16日_23时08分01秒_第004次,2026-09-16T23:08:01,4.01,40.1561769480723,0.0761656416836758,12.2813732553183,40.8068352330722,9.50432461812727,41.6735451218312,0,3,0.065179440982463,0.408733254091772,MV-201,step_steer_python
403,2026年09月16日_23时08分01秒_第004次,2026-09-16T23:08:01,4.02,40.1619104526977,0.0759036544039933,12.2840085785973,40.8979155285016,9.56873381946325,41.7633215534622,0,3,0.0651741875348209,0.408824285352861,MV-201,step_steer_python
404,2026年09月16日_23时08分01秒_第004次,2026-09-16T23:08:01,4.03,40.1675983298613,0.0756418576573897,12.2866505379016,40.9888707392804,9.63334693001113,41.8529686414925,0,3,0.0651689623164768,0.4089139425947,MV-201,step_steer_python
405,2026年09月16日_23时08分01秒_第004次,2026-09-16T23:08:01,4.04,40.1732403628229,0.0753803620643451,12.2892992690255,41.0797002759272,9.69816367813358,41.942485799265,0,3,0.0651637637235067,0.409002147915135,MV-201,step_steer_python
406,2026年09月16日_23时08分01秒_第004次,2026-09-16T23:08:01,4.05,40.1788363398102,0.075119279720937,12.2919548652885,41.1704035489236,9.7631837902863,42.0318724400979,0,3,0.0651585901178224,0.409088822233375,MV-201,step_steer_python
407,2026年09月16日_23时08分01秒_第004次,2026-09-16T23:08:01,4.06,40.1843860545621,0.0748586989356062,12.2946172930994,41.2609799687435,9.82840699100166,42.1211279773133,0,3,0.065153440188156,0.409173900596039,MV-201,step_steer_python
408,2026年09月16日_23时08分01秒_第004次,2026-09-16T23:08:01,4.07,40.1898893068527,0.0745986640398596,12.2972863472874,41.3514289459106,9.89383300283196,42.2102518242951,0,3,0.0651483132414937,0.409257344538635,MV-201,step_steer_python
409,2026年09月16日_23时08分01秒_第004次,2026-09-16T23:08:01,4.08,40.1953459054256,0.0743389121173523,12.2999608240982,41.4417498912774,9.95946154599305,42.2992433948948,0,3,0.0651432129719501,0.409339301743886,MV-201,step_steer_python
410,2026年09月16日_23时08分01秒_第004次,2026-09-16T23:08:01,4.09,40.2007556563041,0.0740791595844266,12.3026417236118,41.5319422160146,10.0252923383927,42.3881021032939,0,3,0.0651381434001598,0.409419933558203,MV-201,step_steer_python
411,2026年09月16日_23时08分01秒_第004次,2026-09-16T23:08:01,4.1,40.2061183789204,0.0738194725896824,12.3053273491015,41.6220053318165,10.0913250953802,42.4768273640772,0,3,0.0651331035805449,0.409499191883063,MV-201,step_steer_python
412,2026年09月16日_23时08分01秒_第004次,2026-09-16T23:08:01,4.11,40.2114338966239,0.0735599003325057,12.3080175119839,41.7119386504248,10.1575595304605,42.5654185919718,0,3,0.0651280928020157,0.409577038749965,MV-201,step_steer_python
413,2026年09月16日_23时08分01秒_第004次,2026-09-16T23:08:01,4.12,40.2167020358567,0.0733004886963548,12.3107122001161,41.8017415837901,10.2239953550984,42.6538752018977,0,3,0.0651231103950736,0.40965343811169,MV-201,step_steer_python
414,2026年09月16日_23时08分01秒_第004次,2026-09-16T23:08:01,4.13,40.2219226269296,0.0730412984197599,12.3134114183326,41.8914135440749,10.2906322787507,42.7421966090088,0,3,0.0651181554724332,0.409728344907347,MV-201,step_steer_python
415,2026年09月16日_23时08分01秒_第004次,2026-09-16T23:08:01,4.14,40.2270955040897,0.0727824092573227,12.3161152895755,41.9809539436501,10.3574700089087,42.8303822287131,0,3,0.0651132268677823,0.409801702473976,MV-201,step_steer_python
416,2026年09月16日_23时08分01秒_第004次,2026-09-16T23:08:01,4.15,40.2322205057746,0.0725239114432961,12.3188239914098,42.070362195096,10.42450825113,42.9184314766885,0,3,0.0651083232555706,0.409873447629448,MV-201,step_steer_python
417,2026年09月16日_23时08分01秒_第004次,2026-09-16T23:08:01,4.16,40.2372974751803,0.0722658891865079,12.3215376619546,42.1596377112166,10.4917467090494,43.0063437689064,0,3,0.0651034433857251,0.409943520636145,MV-201,step_steer_python
418,2026年09月16日_23时08分01秒_第004次,2026-09-16T23:08:01,4.17,40.2423262609608,0.0720084027761812,12.3242563199256,42.2487799050723,10.5591850843597,43.0941185216708,0,3,0.0650985863401749,0.410011876094749,MV-201,step_steer_python
419,2026年09月16日_23时08分01秒_第004次,2026-09-16T23:08:01,4.18,40.2473067178287,0.0717514760110557,12.3269798231755,42.3377881900327,10.6268230767672,43.1817551516689,0,3,0.065093751715388,0.410078490701431,MV-201,step_steer_python
420,2026年09月16日_23时08分01秒_第004次,2026-09-16T23:08:01,4.19,40.2522387068562,0.071495093552838,12.3297078774558,42.4266619798394,10.6946603839321,43.2692530760274,0,3,0.0650889396645177,0.410143365047357,MV-201,step_steer_python
421,2026年09月16日_23时08分01秒_第004次,2026-09-16T23:08:01,4.2,40.2571220980757,0.0712389475108824,12.3324392308085,42.5154006888844,10.7626967011382,43.3566117127072,0,3,0.0650841545248111,0.410206677271691,MV-201,step_steer_python
422,2026年09月16日_23时08分01秒_第004次,2026-09-16T23:08:01,4.21,40.2619567582553,0.0709827415209299,12.3351749701708,42.6040037321649,10.8309317213708,43.4438304803009,0,3,0.0650794005051128,0.410268599890861,MV-201,step_steer_python
423,2026年09月16日_23时08分01秒_第004次,2026-09-16T23:08:01,4.22,40.2667425669409,0.0707265699973171,12.3379134850074,42.692470525459,10.8993651351227,43.5309087980456,0,3,0.065074676262773,0.410329071166163,MV-201,step_steer_python
424,2026年09月16日_23时08分01秒_第004次,2026-09-16T23:08:01,4.23,40.2714794068888,0.0704705321603342,12.3406547274014,42.7808004847816,10.9679966311611,43.6178460854881,0,3,0.0650699803752822,0.410388026142059,MV-201,step_steer_python
425,2026年09月16日_23时08分01秒_第004次,2026-09-16T23:08:01,4.24,40.2761671634363,0.0702147298771063,12.3433987944016,42.8689930265354,11.0368258963547,43.7046417625053,0,3,0.0650653113705693,0.410445397893931,MV-201,step_steer_python
426,2026年09月16日_23时08分01秒_第004次,2026-09-16T23:08:01,4.25,40.2808057256031,0.0699592691309793,12.3461457217787,42.9570475675127,11.1058526157019,43.7912952493426,0,3,0.0650606677056833,0.410501116685443,MV-201,step_steer_python
427,2026年09月16日_23时08分01秒_第004次,2026-09-16T23:08:01,4.26,40.2853949915259,0.0697038923774412,12.3489005350683,43.0449635252809,11.1750764718589,43.8778059667628,0,3,0.0650560530220877,0.410555332667795,MV-201,step_steer_python
428,2026年09月16日_23时08分01秒_第004次,2026-09-16T23:08:01,4.27,40.2899348924257,0.0694487786452134,12.3516544403673,43.1327403174038,11.2444971463415,43.9641733360492,0,3,0.0650514647504929,0.410607934938304,MV-201,step_steer_python
429,2026年09月16日_23时08分01秒_第004次,2026-09-16T23:08:01,4.28,40.2944252660754,0.0691940404997362,12.3544189672551,43.2203773626748,11.3141143176187,44.0503967788656,0,3,0.0650469012506061,0.41065884681674,MV-201,step_steer_python
430,2026年09月16日_23时08分01秒_第004次,2026-09-16T23:08:01,4.29,40.2988660710462,0.0689397703863565,12.3571807358271,43.3078740794747,11.3839276635055,44.136475717494,0,3,0.0650423611564685,0.410708009785183,MV-201,step_steer_python
431,2026年09月16日_23时08分01秒_第004次,2026-09-16T23:08:01,4.3,40.3032571670175,0.0686860027809017,12.3599513338192,43.3952298874797,11.4539368588179,44.2224095748178,0,3,0.0650378439199223,0.410755394547264,MV-201,step_steer_python
432,2026年09月16日_23时08分01秒_第004次,2026-09-16T23:08:01,4.31,40.3075985228708,0.0684327528619164,12.3627183644965,43.4824442062023,11.5241415774569,44.308197774493,0,3,0.0650333492646076,0.410800989228177,MV-201,step_steer_python
433,2026年09月16日_23时08分01秒_第004次,2026-09-16T23:08:01,4.32,40.3118900138996,0.0681800082085362,12.3654927015574,43.5695164565282,11.5945414903095,44.3938397408981,0,3,0.0650288773069277,0.410844793476525,MV-201,step_steer_python
434,2026年09月16日_23时08分01秒_第004次,2026-09-16T23:08:01,4.33,40.3161316189514,0.0679275011875521,12.3682621093992,43.6564460595415,11.6651362669544,44.4793348996039,0,3,0.0650244318132286,0.410886967015961,MV-201,step_steer_python
435,2026年09月16日_23时08分01秒_第004次,2026-09-16T23:08:01,4.34,40.3203232203495,0.0676749947489824,12.371038383978,43.7432324378243,11.735925573881,44.5646826770308,0,3,0.0650200161442635,0.410927647149043,MV-201,step_steer_python
436,2026年09月16日_23时08分01秒_第004次,2026-09-16T23:08:01,4.35,40.324464800768,0.0674226667349961,12.3738099602433,43.8298750142748,11.8069090761671,44.6498825005058,0,3,0.0650156277575602,0.410966726787022,MV-201,step_steer_python
437,2026年09月16日_23时08分01秒_第004次,2026-09-16T23:08:01,4.36,40.328556260733,0.0671706849864914,12.3765867208053,43.9163732128163,11.8780864364845,44.7349337978133,0,3,0.0650112642326115,0.411004099528,MV-201,step_steer_python
438,2026年09月16日_23时08分01秒_第004次,2026-09-16T23:08:01,4.37,40.3325975855094,0.0669192020774943,12.3793594374021,44.0027264573242,11.9494573165943,44.8198359972966,0,3,0.0650069233473329,0.411039671950794,MV-201,step_steer_python
439,2026年09月16日_23时08分01秒_第004次,2026-09-16T23:08:01,4.38,40.3365886861373,0.0666683369984555,12.3821370606501,44.0889341728587,12.0210213757084,44.9045885278478,0,3,0.0650026033417193,0.411073366145833,MV-201,step_steer_python
440,2026年09月16日_23时08分01秒_第004次,2026-09-16T23:08:01,4.39,40.3405295540135,0.0664181705620545,12.3849108869834,44.1749957845698,12.0927782719928,44.9891908190543,0,3,0.0649983029874903,0.411105131049878,MV-201,step_steer_python
441,2026年09月16日_23时08分01秒_第004次,2026-09-16T23:08:01,4.4,40.344420113984,0.0661687440976006,12.3876888691857,44.2609107188642,12.1647276610406,45.0736423012189,0,3,0.0649940216112659,0.411134935456705,MV-201,step_steer_python
442,2026年09月16日_23时08分01秒_第004次,2026-09-16T23:08:01,4.41,40.3482603641423,0.0659200574222152,12.390463070594,44.3466784024306,12.236869197204,45.1579424055088,0,3,0.0649897591282348,0.411162777024555,MV-201,step_steer_python
443,2026年09月16日_23时08分01秒_第004次,2026-09-16T23:08:01,4.42,40.3520502433634,0.0656720906501096,12.3932404917449,44.4322982632863,12.3092025322457,45.2420905639705,0,3,0.0649855157352766,0.411188662104847,MV-201,step_steer_python
444,2026年09月16日_23时08分01秒_第004次,2026-09-16T23:08:01,4.43,40.3557897590148,0.065424458507966,12.3960189361465,44.517769730266,12.3817273160866,45.3260862097436,0,3,0.064981296855143,0.41121282190456,MV-201,step_steer_python
445,2026年09月16日_23时08分01秒_第004次,2026-09-16T23:08:01,4.44,40.3594788939783,0.0651773771068082,12.3987939956228,44.6030922329247,12.4544431970075,45.4099287769225,0,3,0.0649770993588094,0.411235124374478,MV-201,step_steer_python
446,2026年09月16日_23时08分01秒_第004次,2026-09-16T23:08:01,4.45,40.3631175784089,0.0649310232114646,12.4015720922954,44.6882652021166,12.527349820712,45.4936177003956,0,3,0.0649729206542052,0.411255457315034,MV-201,step_steer_python
447,2026年09月16日_23时08分01秒_第004次,2026-09-16T23:08:01,4.46,40.3667058363254,0.0646851044368933,12.4043495173752,44.7732880692319,12.6004468314654,45.5771524161371,0,3,0.0649687648352675,0.411273996548199,MV-201,step_steer_python
448,2026年09月16日_23时08分01秒_第004次,2026-09-16T23:08:01,4.47,40.3702436677938,0.0644395536997522,12.4071226973964,44.8581602666858,12.6737338716432,45.6605323614725,0,3,0.0649646328096008,0.411290781734224,MV-201,step_steer_python
449,2026年09月16日_23时08分01秒_第004次,2026-09-16T23:08:01,4.48,40.3737310205471,0.0641942960172704,12.4098984013968,44.9428812282925,12.7472105810641,45.7437569746694,0,3,0.0649605256056642,0.411305854795722,MV-201,step_steer_python
450,2026年09月16日_23时08分01秒_第004次,2026-09-16T23:08:01,4.49,40.3771679238101,0.0639492613048104,12.4126724682879,45.0274503888018,12.8208765977112,45.8268256951806,0,3,0.0649564441907529,0.411319259463676,MV-201,step_steer_python
451,2026年09月16日_23时08分01秒_第004次,2026-09-16T23:08:01,4.5,40.3805543894233,0.0637044174574296,12.4154471211609,45.1118671838628,12.8947315578754,45.9097379633261,0,3,0.0649523889974906,0.411331015881754,MV-201,step_steer_python
452,2026年09月16日_23时08分01秒_第004次,2026-09-16T23:08:01,4.51,40.3838904248413,0.0634597406912522,12.4182232072609,45.1961310501968,12.9687750959086,45.992493220283,0,3,0.0649483603433377,0.411341139064301,MV-201,step_steer_python
453,2026年09月16日_23时08分01秒_第004次,2026-09-16T23:08:01,4.52,40.3871760361961,0.0632156522502276,12.4209948560334,45.2802414250364,13.0430068448804,46.0750909080067,0,3,0.0649443521865174,0.411349374813159,MV-201,step_steer_python
454,2026年09月16日_23时08分01秒_第004次,2026-09-16T23:08:01,4.53,40.3904111920799,0.0629724805422204,12.4237664027249,45.3641977466938,13.1174264357709,46.1575304692372,0,3,0.0649403597626538,0.411355520940094,MV-201,step_steer_python
455,2026年09月16日_23时08分01秒_第004次,2026-09-16T23:08:01,4.54,40.3935959437861,0.0627300948678922,12.4265338036123,45.4479994540294,13.1920334982849,46.2398113478442,0,3,0.0649363848318943,0.411359655833223,MV-201,step_steer_python
456,2026年09月16日_23时08分01秒_第004次,2026-09-16T23:08:01,4.55,40.3967303250697,0.0624884114125646,12.4292987572833,45.5316459871236,13.2668276601896,46.3219329889128,0,3,0.0649324284995723,0.411361829200743,MV-201,step_steer_python
457,2026年09月16日_23时08分01秒_第004次,2026-09-16T23:08:01,4.56,40.3998143654989,0.0622473844841693,12.4320617444981,45.6151367872872,13.3418085472688,46.4038948386972,0,3,0.0649284913359291,0.411362067860575,MV-201,step_steer_python
458,2026年09月16日_23时08分01秒_第004次,2026-09-16T23:08:01,4.57,40.4028480960496,0.0620070093796019,12.4348228575202,45.6984712969508,13.4169757834602,46.4856963446105,0,3,0.0649245733306323,0.411360374118441,MV-201,step_steer_python
459,2026年09月16日_23时08分01秒_第004次,2026-09-16T23:08:01,4.58,40.4058315505128,0.0617673142246328,12.4375820036614,45.7816489596282,13.4923289909178,46.5673369552111,0,3,0.0649206740045893,0.411356730575855,MV-201,step_steer_python
460,2026年09月16日_23时08分01秒_第004次,2026-09-16T23:08:01,4.59,40.4087647661626,0.0615283487150578,12.4403389223218,45.8646692198973,13.5678677900572,46.6488161201937,0,3,0.0649167925670224,0.411351106813709,MV-201,step_steer_python
461,2026年09月16日_23时08分01秒_第004次,2026-09-16T23:08:01,4.6,40.4116477842332,0.0612901728092427,12.443093197056,45.9475315233962,13.6435917995819,46.7301332903918,0,3,0.0649129280745707,0.411343466151121,MV-201,step_steer_python
462,2026年09月16日_23时08分01秒_第004次,2026-09-16T23:08:01,4.61,40.4144806502495,0.0610528479398201,12.4458442748382,46.0302353168349,13.719500636494,46.8112879177933,0,3,0.0649090795557133,0.411333770928879,MV-201,step_steer_python
463,2026年09月16日_23时08分01秒_第004次,2026-09-16T23:08:01,4.62,40.4172634168263,0.0608161697288553,12.4485906345944,46.1127800482601,13.795593915835,46.8922794559519,0,3,0.0649052498316569,0.41132214436061,MV-201,step_steer_python
464,2026年09月16日_23时08分01秒_第004次,2026-09-16T23:08:01,4.63,40.4199961323875,0.0605799566304848,12.4513330571177,46.1951651669785,13.8718712507829,46.9731073597575,0,3,0.0649014414213514,0.411308696623126,MV-201,step_steer_python
465,2026年09月16日_23时08分01秒_第004次,2026-09-16T23:08:01,4.64,40.4226788569358,0.0603444111632423,12.4540695709242,46.2773901237484,13.9483322524712,47.0537710854636,0,3,0.064897651374672,0.411293307049221,MV-201,step_steer_python
466,2026年09月16日_23时08分01秒_第004次,2026-09-16T23:08:01,4.65,40.4253116535066,0.0601097218285189,12.4567996697048,46.3594543701813,14.0249765306817,47.134270090344,0,3,0.0648938769179539,0.411275862584545,MV-201,step_steer_python
467,2026年09月16日_23时08分01秒_第004次,2026-09-16T23:08:01,4.66,40.4278945899063,0.0598756395124892,12.4595287129054,46.4413573594197,14.1018036931192,47.2146038328949,0,3,0.064890121511339,0.411256514228441,MV-201,step_steer_python
468,2026年09月16日_23时08分01秒_第004次,2026-09-16T23:08:01,4.67,40.4304277778995,0.0596420064747065,12.4622517557977,46.5230985455772,14.1788133461965,47.2947717729437,0,3,0.0648863873381418,0.411235361301211,MV-201,step_steer_python
469,2026年09月16日_23时08分01秒_第004次,2026-09-16T23:08:01,4.68,40.4329112587887,0.0594091230708311,12.4649717529778,46.6046773843108,14.256005094285,47.374773371422,0,3,0.0648826700514445,0.411212222937211,MV-201,step_steer_python
470,2026年09月16日_23时08分01秒_第004次,2026-09-16T23:08:01,4.69,40.4353450993997,0.0591768468703859,12.4676916674397,46.6860933326504,14.3333785398446,47.4546080905077,0,3,0.0648789715988433,0.411187186015378,MV-201,step_steer_python
471,2026年09月16日_23时08分01秒_第004次,2026-09-16T23:08:01,4.7,40.4377294146999,0.0589446941655376,12.4704105473987,46.7673458486515,14.4109332840247,47.5342753937985,0,3,0.0648752988236089,0.41116054718136,MV-201,step_steer_python
472,2026年09月16日_23时08分01秒_第004次,2026-09-16T23:08:01,4.71,40.4400642540196,0.058712431831268,12.4731333391684,46.8484343925792,14.4886689252889,47.6137747461656,0,3,0.064871655043869,0.411132450332292,MV-201,step_steer_python
473,2026年09月16日_23时08分01秒_第004次,2026-09-16T23:08:01,4.72,40.4423496965163,0.0584798245968278,12.4758636604278,46.929358426237,14.5665850600958,47.6931056138715,0,3,0.0648680436359692,0.411103043421888,MV-201,step_steer_python
474,2026年09月16日_23时08分01秒_第004次,2026-09-16T23:08:01,4.73,40.4445858808723,0.0582467316001876,12.4785942231459,47.0101174122501,14.6446812839185,47.7722674646575,0,3,0.0648644666543998,0.411072421658663,MV-201,step_steer_python
475,2026年09月16日_23时08分01秒_第004次,2026-09-16T23:08:01,4.74,40.4467728638228,0.0580131621117233,12.4813326766966,47.0907108152762,14.7229571898156,47.8512597675572,0,3,0.0648609240240245,0.411040585681138,MV-201,step_steer_python
476,2026年09月16日_23时08分01秒_第004次,2026-09-16T23:08:01,4.75,40.4489107680362,0.0577791741252615,12.4840708454348,47.1711381006465,14.8014123699326,47.9300819929039,0,3,0.0648574149720692,0.411007510145557,MV-201,step_steer_python
477,2026年09月16日_23时08分01秒_第004次,2026-09-16T23:08:01,4.76,40.4509996633524,0.0575448098415712,12.486814985963,47.2513987354147,14.8800464143553,48.0087336123193,0,3,0.0648539389446828,0.410973176102098,MV-201,step_steer_python
478,2026年09月16日_23时08分01秒_第004次,2026-09-16T23:08:01,4.77,40.4530396840058,0.0573101630622219,12.4895568738402,47.331492187267,14.9588589123638,48.0872140987479,0,3,0.0648504946453515,0.410937536629492,MV-201,step_steer_python
479,2026年09月16日_23时08分01秒_第004次,2026-09-16T23:08:01,4.78,40.455030907097,0.0570750473990484,12.4923026554365,47.411417925933,15.0378494509086,48.1655229268255,0,3,0.064847084772027,0.410900710749495,MV-201,step_steer_python
480,2026年09月16日_23时08分01秒_第004次,2026-09-16T23:08:01,4.79,40.4569734701423,0.0568393490336619,12.4950451030969,47.4911754218749,15.1170176160712,48.2436595726613,0,3,0.0648437110072364,0.410862777753901,MV-201,step_steer_python
481,2026年09月16日_23时08分01秒_第004次,2026-09-16T23:08:01,4.8,40.4588674532438,0.0566032982994828,12.4977906310487,47.5707641477222,15.196362991514,48.3216235138218,0,3,0.0648403701270146,0.410823606174584,MV-201,step_steer_python
482,2026年09月16日_23时08分01秒_第004次,2026-09-16T23:08:01,4.81,40.4607130091656,0.0563671420961444,12.5005302305983,47.6501835763574,15.275885160571,48.3994142290153,0,3,0.0648370586433549,0.410783057272509,MV-201,step_steer_python
483,2026年09月16日_23时08分01秒_第004次,2026-09-16T23:08:01,4.82,40.462510221027,0.0561310555378175,12.5032722926654,47.7294331824752,15.3555837045654,48.4770311981357,0,3,0.0648337740653139,0.410741030727729,MV-201,step_steer_python
484,2026年09月16日_23时08分01秒_第004次,2026-09-16T23:08:01,4.83,40.4642592503894,0.0558952208668922,12.5060070834212,47.8085124412353,15.4354582043003,48.5544739023905,0,3,0.0648305137793551,0.410697425246941,MV-201,step_steer_python
485,2026年09月16日_23时08分01秒_第004次,2026-09-16T23:08:01,4.84,40.4659601858917,0.0556597478787173,12.5087434349398,47.8874208297667,15.5155082384487,48.6317418243445,0,3,0.0648272761861016,0.410652178503367,MV-201,step_steer_python
486,2026年09月16日_23时08分01秒_第004次,2026-09-16T23:08:01,4.85,40.4676131998507,0.0554247650879216,12.5114709699961,47.9661578257213,15.5957333851446,48.7088344480164,0,3,0.0648240594055968,0.410605220792865,MV-201,step_steer_python
487,2026年09月16日_23时08分01秒_第004次,2026-09-16T23:08:01,4.86,40.4692183856284,0.0551903364651661,12.5141993087949,48.0447229088846,15.6761332202737,48.785751258886,0,3,0.0648208624654108,0.410556516540421,MV-201,step_steer_python
488,2026年09月16日_23时08分01秒_第004次,2026-09-16T23:08:01,4.87,40.4707759256745,0.0549565604385728,12.5169174557694,48.1231155595874,15.7567073192013,48.8624917439541,0,3,0.0648176838929571,0.41050601379257,MV-201,step_steer_python
489,2026年09月16日_23时08分01秒_第004次,2026-09-16T23:08:01,4.88,40.4722859167481,0.054723478730019,12.5196359439432,48.2013352604256,15.8374552549627,48.9390553917155,0,3,0.064814523014684,0.410453689771027,MV-201,step_steer_python
490,2026年09月16日_23时08分01秒_第004次,2026-09-16T23:08:01,4.89,40.4737485506925,0.0544911764397949,12.5223431320076,48.2793814945255,15.9183766001284,49.0154416921975,0,3,0.0648113785319793,0.410399500356153,MV-201,step_steer_python
491,2026年09月16日_23时08分01秒_第004次,2026-09-16T23:08:01,4.9,40.4751639268482,0.0542596808639592,12.5250504846995,48.3572537473925,15.9994709248744,49.0916501369212,0,3,0.0648082499625365,0.410343430967824,MV-201,step_steer_python
492,2026年09月16日_23时08分01秒_第004次,2026-09-16T23:08:01,4.91,40.4765322463066,0.054029062011344,12.5277456228021,48.4349515050368,16.0807377989754,49.1676802189463,0,3,0.0648051362102093,0.410285446518565,MV-201,step_steer_python
493,2026年09月16日_23时08分01秒_第004次,2026-09-16T23:08:01,4.92,40.4778536108988,0.0537993249111989,12.5304408977824,48.5124742559697,16.1621767897386,49.2435314328457,0,3,0.0648020370995177,0.41022554551339,MV-201,step_steer_python
494,2026年09月16日_23时08分01秒_第004次,2026-09-16T23:08:01,4.93,40.4791282311673,0.0535701511723952,12.5331281737203,48.5898214896473,16.2437874636733,49.319203274903,0,3,0.0647989570779539,0.41016392794681,MV-201,step_steer_python
495,2026年09月16日_23时08分01秒_第004次,2026-09-16T23:08:01,4.94,40.4803562492537,0.0533416085617734,12.5358115731314,48.6669926975608,16.3255693854383,49.3946952429808,0,3,0.0647958951101742,0.410100558074304,MV-201,step_steer_python
496,2026年09月16日_23时08分01秒_第004次,2026-09-16T23:08:01,4.95,40.481537821262,0.0531137417185971,12.5384896112711,48.7439873727413,16.4075221182454,49.4700068364742,0,3,0.0647928504834567,0.410035414540947,MV-201,step_steer_python
497,2026年09月16日_23时08分01秒_第004次,2026-09-16T23:08:01,4.96,40.4826731131708,0.0528863346524178,12.5411607185574,48.8208050099367,16.489645223754,49.5451375567859,0,3,0.0647898262057262,0.409968633965474,MV-201,step_steer_python
498,2026年09月16日_23时08分01秒_第004次,2026-09-16T23:08:01,4.97,40.4837622867614,0.0526591899649491,12.5438258240051,48.8974451055929,16.5719382621068,49.6200869070949,0,3,0.0647868250446358,0.409900342555601,MV-201,step_steer_python
499,2026年09月16日_23时08分01秒_第004次,2026-09-16T23:08:01,4.98,40.4848055133595,0.0524324778145104,12.5464833216063,48.9739071580518,16.6544007917682,49.6948543923845,0,3,0.0647838445366299,0.40983044563261,MV-201,step_steer_python
500,2026年09月16日_23时08分01秒_第004次,2026-09-16T23:08:01,4.99,40.4858029659786,0.0522063505466517,12.5491330684615,49.0501906669226,16.7370323701476,49.7694395190843,0,3,0.0647808824526976,0.409758858518569,MV-201,step_steer_python
501,2026年09月16日_23时08分01秒_第004次,2026-09-16T23:08:01,5,40.4867548191746,0.0519809346713424,12.5517749960849,49.1262951332846,16.8198325534213,49.8438417951398,0,3,0.0647779369151699,0.409685511471525,MV-201,step_steer_python
502,2026年09月16日_23时08分01秒_第004次,2026-09-16T23:08:01,5.01,40.4876612501643,0.051756334137623,12.5544089242591,49.2022200597174,16.9028008965205,49.9180607300895,0,3,0.0647750063539587,0.409610347893984,MV-201,step_steer_python
503,2026年09月16日_23时08分01秒_第004次,2026-09-16T23:08:01,5.02,40.4885224390533,0.0515326313811036,12.5570346822816,49.2779649503388,16.9859369531158,49.9920958351247,0,3,0.0647720894942471,0.409533323824435,MV-201,step_steer_python
504,2026年09月16日_23时08分01秒_第004次,2026-09-16T23:08:01,5.03,40.4893385688902,0.051309887953109,12.5596521119744,49.3535293108444,17.0692402755986,50.065946623136,0,3,0.0647691853500371,0.40945440766731,MV-201,step_steer_python
505,2026年09月16日_23时08分01秒_第004次,2026-09-16T23:08:01,5.04,40.4901098256798,0.051088145931074,12.5622610622458,49.4289126485467,17.1527104150653,50.1396126087464,0,3,0.0647662932064541,0.40937357944506,MV-201,step_steer_python
506,2026年09月16日_23时08分01秒_第004次,2026-09-16T23:08:01,5.05,40.4908363983357,0.0508674304545327,12.5648613897914,49.504114472409,17.2363469213044,50.2130933083325,0,3,0.0647634125857937,0.409290829358802,MV-201,step_steer_python
507,2026年09月16日_23时08分01秒_第004次,2026-09-16T23:08:01,5.06,40.4915184785596,0.0506477533066564,12.5674529640834,49.579134293076,17.3201493427893,50.2863882400332,0,3,0.0647605431983218,0.409206155699879,MV-201,step_steer_python
508,2026年09月16日_23时08分01秒_第004次,2026-09-16T23:08:01,5.07,40.4921562606662,0.0504291170473896,12.5700356740221,49.6539716228973,17.4041172266755,50.3594969237493,0,3,0.0647576848847662,0.40911956240682,MV-201,step_steer_python
509,2026年09月16日_23时08分01秒_第004次,2026-09-16T23:08:01,5.08,40.4927499413839,0.0502115189443737,12.5726094331503,49.7286259759458,17.4882501188048,50.4324188811364,0,3,0.0647548375612096,0.409031056722682,MV-201,step_steer_python
510,2026年09月16日_23时08分01秒_第004次,2026-09-16T23:08:01,5.09,40.4932997196718,0.0499949539489603,12.5751741807833,49.8030968680305,17.5725475637126,50.5051536355967,0,3,0.0647520011771714,0.408940647411352,MV-201,step_steer_python
511,2026年09月16日_23时08分01秒_第004次,2026-09-16T23:08:01,5.1,40.4938057965873,0.0497794162269026,12.5777298778285,49.8773838167066,17.6570091046385,50.5777007122744,0,3,0.064749175693998,0.40884834383611,MV-201,step_steer_python
512,2026年09月16日_23时08分01秒_第004次,2026-09-16T23:08:01,5.11,40.4942683752224,0.0495648991857723,12.5802764979208,49.9514863412845,17.7416342835375,50.650059638059,0,3,0.0647463610845639,0.408754155943723,MV-201,step_steer_python
513,2026年09月16日_23时08分01秒_第004次,2026-09-16T23:08:01,5.12,40.4946876607064,0.0493513943959733,12.5828140161382,50.0254039628392,17.826422641089,50.7222299415981,0,3,0.0647435573487865,0.408658094921355,MV-201,step_steer_python
514,2026年09月16日_23时08分01秒_第004次,2026-09-16T23:08:01,5.13,40.4950638602522,0.0491388901257759,12.5853423984257,50.099136204223,17.9113737167044,50.794211153321,0,3,0.0647407645347858,0.408560174094756,MV-201,step_steer_python
515,2026年09月16日_23时08分01秒_第004次,2026-09-16T23:08:01,5.14,40.4953971832144,0.0489273702953093,12.5878615946783,50.1726825900797,17.9964870485319,50.8660028054702,0,3,0.0647379827542282,0.408460409580925,MV-201,step_steer_python
516,2026年09月16日_23时08分01秒_第004次,2026-09-16T23:08:01,5.15,40.495687841125,0.0487168144760077,12.5903715372862,50.2460426468592,18.0817621734613,50.9376044321352,0,3,0.0647352121828482,0.408358820312317,MV-201,step_steer_python
517,2026年09月16日_23时08分01秒_第004次,2026-09-16T23:08:01,5.16,40.4959360501422,0.0485069457462565,12.5928713166339,50.3192159030938,18.1671986269089,51.0090155697026,0,3,0.0647324566655779,0.408255580738046,MV-201,step_steer_python
518,2026年09月16日_23时08分01秒_第004次,2026-09-16T23:08:01,5.17,40.4961420207609,0.0482975133204101,12.5953622724186,50.3922018892973,18.252795942914,51.0802357566012,0,3,0.0647297197064311,0.40815085056159,MV-201,step_steer_python
519,2026年09月16日_23时08分01秒_第004次,2026-09-16T23:08:01,5.18,40.4963059718854,0.0480886397119526,12.5978431300408,50.4650001381484,18.3385536539996,51.1512645333129,0,3,0.0647269995024262,0.408044565334874,MV-201,step_steer_python
520,2026年09月16日_23时08分01秒_第004次,2026-09-16T23:08:01,5.19,40.4964281233748,0.0478804354053513,12.6003140000924,50.5376101838208,18.424471291778,51.2221014419729,0,3,0.0647242944080721,0.407936667313823,MV-201,step_steer_python
521,2026年09月16日_23时08分01秒_第004次,2026-09-16T23:08:01,5.2,40.4965086959251,0.0476729913882393,12.6027750106846,50.6100315621776,18.5105483867925,51.2927460264164,0,3,0.0647216030435477,0.407827110030392,MV-201,step_steer_python
522,2026年09月16日_23时08分01秒_第004次,2026-09-16T23:08:01,5.21,40.4965479120952,0.0474663833338089,12.605226140549,50.6822638107873,18.5967844685181,51.3631978322314,0,3,0.0647189242372147,0.407715855915204,MV-201,step_steer_python
523,2026年09月16日_23时08分01秒_第004次,2026-09-16T23:08:01,5.22,40.4965459964511,0.0472606733064147,12.6076673537807,50.7543064689458,18.6831790653595,51.4334564067959,0,3,0.0647162570030442,0.407602875350209,MV-201,step_steer_python
524,2026年09月16日_23时08分01秒_第004次,2026-09-16T23:08:01,5.23,40.4965031755666,0.0470559102776304,12.6100986106582,50.826159077702,18.7697317046453,51.5035212993069,0,3,0.0647136005348467,0.407488146424748,MV-201,step_steer_python
525,2026年09月16日_23时08分01秒_第004次,2026-09-16T23:08:01,5.24,40.4964196780338,0.0468521304020589,12.6125198642363,50.8978211798828,18.856441912623,51.573392060804,0,3,0.0647109542038763,0.407371654834937,MV-201,step_steer_python
526,2026年09月16日_23时08分01秒_第004次,2026-09-16T23:08:01,5.25,40.4962957344638,0.0466493575249405,12.614931058633,50.9692923201175,18.9433092144553,51.6430682441882,0,3,0.0647083175530882,0.407253393640902,MV-201,step_steer_python
527,2026年09月16日_23时08分01秒_第004次,2026-09-16T23:08:01,5.26,40.4961315774579,0.0464476043047034,12.6173321296737,51.04057204486,19.0303331342167,51.7125494042384,0,3,0.0647056902825452,0.407133362647847,MV-201,step_steer_python
528,2026年09月16日_23时08分01秒_第004次,2026-09-16T23:08:01,5.27,40.4959274415389,0.0462468740957759,12.6197230081386,51.1116599024102,19.1175131948928,51.7818350976234,0,3,0.064703072223823,0.407011567319395,MV-201,step_steer_python
529,2026年09月16日_23时08分01秒_第004次,2026-09-16T23:08:01,5.28,40.4956835630457,0.0460471634341522,12.6221036247995,51.1825554429313,19.2048489183813,51.8509248829112,0,3,0.0647004633055764,0.40688801731488,MV-201,step_steer_python
530,2026年09月16日_23时08分01秒_第004次,2026-09-16T23:08:01,5.29,40.4954001800062,0.0458484647237738,12.624473915604,51.2532582184632,19.2923398254975,51.9198183205754,0,3,0.0646978635159405,0.406762724891558,MV-201,step_steer_python
531,2026年09月16日_23时08分01秒_第004次,2026-09-16T23:08:01,5.3,40.4950775320125,0.0456507686203537,12.6268338252387,51.3237677829327,19.3799854359818,51.9885149730004,0,3,0.0646952728689402,0.406635703476532,MV-201,step_steer_python
532,2026年09月16日_23时08分01秒_第004次,2026-09-16T23:08:01,5.31,40.4947158601197,0.0454540656835338,12.6291833078489,51.3940836921598,19.4677852685103,52.0570144044865,0,3,0.0646926913810781,0.406506966670712,MV-201,step_steer_python
533,2026年09月16日_23时08分01秒_第004次,2026-09-16T23:08:01,5.32,40.4943154067844,0.0452583470856636,12.6315223246925,51.4642055038628,19.5557388407062,52.1253161812558,0,3,0.0646901190612126,0.406376527817395,MV-201,step_steer_python
534,2026年09月16日_23时08分01秒_第004次,2026-09-16T23:08:01,5.33,40.4938764158451,0.0450636044504822,12.633850839561,51.5341327776625,19.6438456691515,52.1934198714614,0,3,0.0646875559127924,0.406244400095951,MV-201,step_steer_python
535,2026年09月16日_23时08分01秒_第004次,2026-09-16T23:08:01,5.34,40.4933991325345,0.0448698291475728,12.6361688135527,51.6038650750869,19.7321052693984,52.2613250451983,0,3,0.064685001943889,0.406110596947309,MV-201,step_steer_python
536,2026年09月16日_23时08分01秒_第004次,2026-09-16T23:08:01,5.35,40.4928838035041,0.0446770115061263,12.6384762009746,51.6734019595774,19.8205171559784,52.329031274518,0,3,0.0646824571784669,0.40597513255246,MV-201,step_steer_python
537,2026年09月16日_23时08分01秒_第004次,2026-09-16T23:08:01,5.36,40.4923306768407,0.0444851403917418,12.6407729477332,51.7427429964954,19.9090808424123,52.3965381334417,0,3,0.0646799216625565,0.405838022094781,MV-201,step_steer_python
538,2026年09月16日_23时08分01秒_第004次,2026-09-16T23:08:01,5.37,40.4917400020566,0.0442942034238652,12.6430589927013,51.8118877531291,19.9977958412189,52.4638451979736,0,3,0.0646773954613185,0.405699281635513,MV-201,step_steer_python
539,2026年09月16日_23时08分01秒_第004次,2026-09-16T23:08:01,5.38,40.4911120324799,0.0441039337395178,12.6453334416827,51.8808357989723,20.0866616637168,52.5309520465439,0,3,0.0646748822794166,0.405559081456965,MV-201,step_steer_python
540,2026年09月16日_23时08分01秒_第004次,2026-09-16T23:08:01,5.39,40.490447015142,0.0439140925870792,12.6475976575129,51.9495867056111,20.1756778201201,52.5978582597223,0,3,0.0646723854511682,0.405417575820943,MV-201,step_steer_python
541,2026年09月16日_23时08分01秒_第004次,2026-09-16T23:08:01,5.4,40.4897452045222,0.0437248153862309,12.6498503928563,52.0181400469113,20.2648438194074,52.6645634202109,0,3,0.0646699029900051,0.405274694202851,MV-201,step_steer_python
542,2026年09月16日_23时08分01秒_第004次,2026-09-16T23:08:01,5.41,40.4890068553193,0.0435362239755685,12.6520917822987,52.0864953983147,20.3541591698943,52.7310671124188,0,3,0.0646674330875126,0.405130373621699,MV-201,step_steer_python
543,2026年09月16日_23时08分01秒_第004次,2026-09-16T23:08:01,5.42,40.488232222384,0.0433484178342727,12.6543219697914,52.1546523370438,20.4436233790807,52.7973689225101,0,3,0.0646649742405279,0.404984564015492,MV-201,step_steer_python
544,2026年09月16日_23时08分01秒_第004次,2026-09-16T23:08:01,5.43,40.4874215617433,0.0431614775782706,12.6565409415076,52.2226104421205,20.5332359536462,52.8634684384666,0,3,0.0646625252038008,0.404837226293242,MV-201,step_steer_python
545,2026年09月16日_23时08分01秒_第004次,2026-09-16T23:08:01,5.44,40.4865751307462,0.0429754667265483,12.6587486621589,52.2903692943922,20.6229963994435,52.9293652501386,0,3,0.0646600849669719,0.404688331368774,MV-201,step_steer_python
546,2026年09月16日_23时08分01秒_第004次,2026-09-16T23:08:01,5.45,40.4856931880557,0.0427904329814206,12.6609450891252,52.3579284765611,20.7129042214881,52.9950589492883,0,3,0.0646576527382897,0.404537859471425,MV-201,step_steer_python
547,2026年09月16日_23时08分01秒_第004次,2026-09-16T23:08:01,5.46,40.4847759936353,0.042606409728547,12.6631301734671,52.4252875732116,20.8029589239507,53.0605491296261,0,3,0.0646552279250355,0.404385799317086,MV-201,step_steer_python
548,2026年09月16日_23时08分01秒_第004次,2026-09-16T23:08:01,5.47,40.4838238087179,0.0424234178736049,12.6653038624267,52.4924461708337,20.8931600101516,53.1258353868403,0,3,0.0646528101089579,0.404232147067192,MV-201,step_steer_python
549,2026年09月16日_23时08分01秒_第004次,2026-09-16T23:08:01,5.48,40.4828368957503,0.0422414680441384,12.6674661029309,52.5594038578439,20.9835069825584,53.190917318616,0,3,0.0646503990162703,0.404076905056184,MV-201,step_steer_python
550,2026年09月16日_23时08分01秒_第004次,2026-09-16T23:08:01,5.49,40.4818155183095,0.0420605630487136,12.6696168457048,52.626160224601,21.0739993427863,53.2557945246462,0,3,0.0646479944837091,0.403920080350848,MV-201,step_steer_python
551,2026年09月16日_23时08分01秒_第004次,2026-09-16T23:08:01,5.5,40.4807599410007,0.0418807003497329,12.6717560492,52.6927148634191,21.1646365916021,53.3204666066348,0,3,0.064645596424107,0.403761683288075,MV-201,step_steer_python
552,2026年09月16日_23时08分01秒_第004次,2026-09-16T23:08:01,5.51,40.4796704293505,0.0417018742397878,12.6738836822934,52.7590673685752,21.2554182289304,53.3849331682928,0,3,0.0646432047959116,0.403601726179329,MV-201,step_steer_python
553,2026年09月16日_23时08分01秒_第004次,2026-09-16T23:08:01,5.52,40.4785472497092,0.0415240774432863,12.6759997249093,52.8252173363146,21.3463437538627,53.4491938153316,0,3,0.0646408195806631,0.403440222352499,MV-201,step_steer_python
554,2026年09月16日_23时08分01秒_第004次,2026-09-16T23:08:01,5.53,40.4773906691785,0.0413473019922729,12.6781041662711,52.8911643648546,21.4374126646673,53.5132481554562,0,3,0.0646384407706595,0.403277185626161,MV-201,step_steer_python
555,2026年09月16日_23时08分01秒_第004次,2026-09-16T23:08:01,5.54,40.4762009555676,0.0411715394045297,12.6801970011803,52.9569080543861,21.5286244587996,53.5770957983603,0,3,0.0646360683664918,0.403112630203137,MV-201,step_steer_python
556,2026年09月16日_23时08分01秒_第004次,2026-09-16T23:08:01,5.55,40.474978377377,0.0409967803688964,12.6822782253131,53.0224480070769,21.6199786329125,53.6407363557262,0,3,0.0646337023816037,0.402946570862773,MV-201,step_steer_python
557,2026年09月16日_23时08分01秒_第004次,2026-09-16T23:08:01,5.56,40.473723203798,0.040823014256727,12.6843478308008,53.087783827075,21.7114746828651,53.7041694412304,0,3,0.0646313428493735,0.402779023260873,MV-201,step_steer_python
558,2026年09月16日_23时08分01秒_第004次,2026-09-16T23:08:01,5.57,40.4724357047172,0.0406502287951592,12.6864058032548,53.1529151205129,21.8031121037315,53.7673946705525,0,3,0.0646289898279407,0.402610004134361,MV-201,step_steer_python
559,2026年09月16日_23时08分01秒_第004次,2026-09-16T23:08:01,5.58,40.4711161507097,0.040478410153217,12.6884521209274,53.2178414955123,21.8948903898086,53.8304116613886,0,3,0.0646266433991694,0.402439531257283,MV-201,step_steer_python
560,2026年09月16日_23时08分01秒_第004次,2026-09-16T23:08:01,5.59,40.469764813015,0.0403075435316081,12.6904867560396,53.2825625621881,21.9868090346248,53.8932200334636,0,3,0.0646243036604007,0.402267623090676,MV-201,step_steer_python
561,2026年09月16日_23时08分01秒_第004次,2026-09-16T23:08:01,5.6,40.468381963494,0.0401376141669709,12.6925096776719,53.3470779326511,22.078867530949,53.9558194085426,0,3,0.0646219707102104,0.402094298177707,MV-201,step_steer_python
562,2026年09月16日_23时08分01秒_第004次,2026-09-16T23:08:01,5.61,40.4669678745724,0.0399686085146459,12.6945208551915,53.4113872210085,22.1710653708018,54.0182094104385,0,3,0.0646196446314964,0.401919574425093,MV-201,step_steer_python
563,2026年09月16日_23时08分01秒_第004次,2026-09-16T23:08:01,5.62,40.4655228215813,0.0398002615606262,12.6965194335336,53.4754900436454,22.2634020452746,54.0803896654645,0,3,0.0646173291037225,0.401743622099729,MV-201,step_steer_python
564,2026年09月16日_23时08分01秒_第004次,2026-09-16T23:08:01,5.63,40.4640470728824,0.0396323385354697,12.6985068090799,53.5393860191004,22.3558770446203,54.1423598021303,0,3,0.0646150274052919,0.401566594116604,MV-201,step_steer_python
565,2026年09月16日_23时08分01秒_第004次,2026-09-16T23:08:01,5.64,40.4625409032864,0.0394649787607456,12.7004817783978,53.6030747682546,22.4484898581336,54.2041194511302,0,3,0.0646127374943994,0.401388418584543,MV-201,step_steer_python
566,2026年09月16日_23时08分01秒_第004次,2026-09-16T23:08:01,5.65,40.4610045870974,0.0392983072764416,12.7024445086312,53.6665559135971,22.5412399746822,54.2656682448974,0,3,0.0646104575169467,0.401209031526161,MV-201,step_steer_python
567,2026年09月16日_23时08分01秒_第004次,2026-09-16T23:08:01,5.66,40.4594383981143,0.0391324249543943,12.7043951673034,53.729829079437,22.6341268825627,54.3270058176544,0,3,0.0646081859495661,0.401028382930886,MV-201,step_steer_python
568,2026年09月16日_23时08分01秒_第004次,2026-09-16T23:08:01,5.67,40.4578426106496,0.0389674114974701,12.706333757894,53.7928938919229,22.727150069494,54.3881318054792,0,3,0.0646059215596008,0.400846435116466,MV-201,step_steer_python
569,2026年09月16日_23时08分01秒_第004次,2026-09-16T23:08:01,5.68,40.4562174996611,0.0388033274710261,12.7082602593395,53.8557499790709,22.8203090226076,54.4490458463572,0,3,0.0646036633785638,0.400663161613069,MV-201,step_steer_python
570,2026年09月16日_23时08分01秒_第004次,2026-09-16T23:08:01,5.69,40.4545633407056,0.0386402164892867,12.7101746448101,53.9183969707944,22.9136032284363,54.5097475802252,0,3,0.0646014106731431,0.40047854593392,MV-201,step_steer_python
571,2026年09月16日_23时08分01秒_第004次,2026-09-16T23:08:01,5.7,40.452880409872,0.0384781079266812,12.7120768872356,53.9808344989305,23.007032172906,54.5702366490057,0,3,0.0645991629084439,0.400292580016278,MV-201,step_steer_python
572,2026年09月16日_23时08分01秒_第004次,2026-09-16T23:08:01,5.71,40.4511689836998,0.0383170198512489,12.7139669645996,54.0430621972602,23.1005953413319,54.6305126966303,0,3,0.0645969197077351,0.400105262513705,MV-201,step_steer_python
573,2026年09月16日_23时08分01秒_第004次,2026-09-16T23:08:01,5.72,40.4494293390908,0.038156961846718,12.7158448635461,54.105079701524,23.1942922184173,54.6905753690529,0,3,0.0645946808134412,0.39991659714069,MV-201,step_steer_python
574,2026年09月16日_23时08分01秒_第004次,2026-09-16T23:08:01,5.73,40.4476617532274,0.0379979374278157,12.7177105808372,54.1668866494328,23.2881222882561,54.7504243142534,0,3,0.0645924460536162,0.399726591249538,MV-201,step_steer_python
575,2026年09月16日_23时08分01秒_第004次,2026-09-16T23:08:01,5.74,40.4458665035028,0.0378399458457859,12.7195641226948,54.2284826806749,23.3820850343372,54.8100591822347,0,3,0.0645902153168484,0.399535254764823,MV-201,step_steer_python
576,2026年09月16日_23时08分01秒_第004次,2026-09-16T23:08:01,5.75,40.4440438674708,0.0376829832202039,12.721405502418,54.2898674369203,23.4761799395515,54.8694796250152,0,3,0.0645879885365849,0.399342599517424,MV-201,step_steer_python
577,2026年09月16日_23时08分01秒_第004次,2026-09-16T23:08:01,5.76,40.4421941228132,0.0375270430811839,12.7232347370011,54.351040561824,23.5704064861982,54.9286852966215,0,3,0.0645857656837495,0.399148638930539,MV-201,step_steer_python
578,2026年09月16日_23时08分01秒_第004次,2026-09-16T23:08:01,5.77,40.4403175473188,0.0373721165244394,12.7250518436573,54.4120017010284,23.6647641559927,54.9876758530819,0,3,0.0645835467648323,0.398953387937894,MV-201,step_steer_python
579,2026年09月16日_23时08分01秒_第004次,2026-09-16T23:08:01,5.78,40.4384144188675,0.0372181922379683,12.7268568371057,54.4727505021665,23.7592524300731,55.0464509524245,0,3,0.0645813318217957,0.398756862979057,MV-201,step_steer_python
580,2026年09月16日_23时08分01秒_第004次,2026-09-16T23:08:01,5.79,40.4364850154094,0.0370652566395214,12.7286497282029,54.5332866148646,23.853870789007,55.1050102546781,0,3,0.0645791209303938,0.398559081927363,MV-201,step_steer_python
581,2026年09月16日_23时08分01秒_第004次,2026-09-16T23:08:01,5.8,40.4345296149347,0.0369132942804935,12.7304305240797,54.5936096907449,23.9486187127989,55.1633534218778,0,3,0.0645769141946664,0.398360063855451,MV-201,step_steer_python
582,2026年09月16日_23时08分01秒_第004次,2026-09-16T23:08:01,5.81,40.4325484954323,0.0367622885501953,12.7321992295047,54.6537193834275,24.0434956808971,55.2214801180718,0,3,0.0645747117370914,0.398159828616448,MV-201,step_steer_python
583,2026年09月16日_23时08分01秒_第004次,2026-09-16T23:08:01,5.82,40.4305419348415,0.0366122225955186,12.7339558488622,54.7136153485313,24.138501172202,55.2793900093293,0,3,0.0645725136855751,0.397958396290905,MV-201,step_steer_python
584,2026年09月16日_23时08分01秒_第004次,2026-09-16T23:08:01,5.83,40.4285102110018,0.0364630802883591,12.735700388012,54.7732972436721,24.2336346650752,55.3370827637473,0,3,0.0645703201596501,0.397755786600208,MV-201,step_steer_python
585,2026年09月16日_23时08分01秒_第004次,2026-09-16T23:08:01,5.84,40.4264536016103,0.0363148470500444,12.7374328554054,54.8327647284606,24.3288956373496,55.3945580514546,0,3,0.0645681312586042,0.397552018402,MV-201,step_steer_python
586,2026年09月16日_23时08分01秒_第004次,2026-09-16T23:08:01,5.85,40.4243723841911,0.0361675103794499,12.7391532621253,54.8920174644972,24.4242835663403,55.4518155446134,0,3,0.0645659470537474,0.397347109361444,MV-201,step_steer_python
587,2026年09月16日_23时08分01秒_第004次,2026-09-16T23:08:01,5.86,40.4222668360798,0.0360210600149708,12.7408616208974,54.9510551153676,24.5197979288558,55.5088549174171,0,3,0.0645637675858507,0.397141075842135,MV-201,step_steer_python
588,2026年09月16日_23时08分01秒_第004次,2026-09-16T23:08:01,5.87,40.42013723442,0.0358754877583387,12.7425579444491,55.0098773466363,24.6154382012088,55.5656758460857,0,3,0.0645615928674005,0.396933933001464,MV-201,step_steer_python
589,2026年09月16日_23时08分01秒_第004次,2026-09-16T23:08:01,5.88,40.4179838585507,0.0357305320672456,12.744241413188,55.0684838261371,24.7112038590509,55.6222780093286,0,3,0.0645594265336179,0.396725849430989,MV-201,step_steer_python
590,2026年09月16日_23时08分01秒_第004次,2026-09-16T23:08:01,5.89,40.4158069803184,0.035585960131806,12.7459134579429,55.1268742238418,24.8070943774535,55.6786610880213,0,3,0.0645572718398704,0.396516977243305,MV-201,step_steer_python
591,2026年09月16日_23时08分01秒_第004次,2026-09-16T23:08:01,5.9,40.4136068772763,0.0354419125734038,12.7475728960123,55.1850482120583,24.9031092307942,55.7348247651919,0,3,0.0645551267305172,0.396307244099226,MV-201,step_steer_python
592,2026年09月16日_23时08分01秒_第004次,2026-09-16T23:08:01,5.91,40.4113838258709,0.0352985135876426,12.7492199136753,55.2430054646657,24.9992478932435,55.7907687255547,0,3,0.064552989368124,0.396096586836009,MV-201,step_steer_python
593,2026年09月16日_23时08分01秒_第004次,2026-09-16T23:08:01,5.92,40.4091381014297,0.0351558617808904,12.7508546946763,55.3007456573358,25.0955098386284,55.8464926555653,0,3,0.0645508582664025,0.395884957092808,MV-201,step_steer_python
594,2026年09月16日_23时08分01秒_第004次,2026-09-16T23:08:01,5.93,40.4068699791169,0.0350140342215441,12.7524772603263,55.3582684675533,25.1918945404247,55.9019962434905,0,3,0.0645487322353179,0.395672319039428,MV-201,step_steer_python
595,2026年09月16日_23时08分01秒_第004次,2026-09-16T23:08:01,5.94,40.4045797340199,0.0348730894208158,12.7540876123868,55.4155735746421,25.2884014717475,55.9572791794638,0,3,0.0645466103410205,0.395458647685446,MV-201,step_steer_python
596,2026年09月16日_23时08分01秒_第004次,2026-09-16T23:08:01,5.95,40.4022676410831,0.0347330700805266,12.7556857525633,55.472660659793,25.3850301053404,56.0123411555303,0,3,0.0645444918687561,0.395243927307132,MV-201,step_steer_python
597,2026年09月16日_23时08分01秒_第004次,2026-09-16T23:08:01,5.96,40.399933975048,0.0345940058329435,12.7572716866956,55.5295294060864,25.4817799135694,56.067181865682,0,3,0.0645423762855658,0.3950281498658,MV-201,step_steer_python
598,2026年09月16日_23时08分01秒_第004次,2026-09-16T23:08:01,5.97,40.397579010405,0.0344559157121156,12.758845427312,55.5861794985092,25.5786503684181,56.1218010058819,0,3,0.0645402632065,0.394811313575515,MV-201,step_steer_python
599,2026年09月16日_23时08分01秒_第004次,2026-09-16T23:08:01,5.98,40.3952030213559,0.0343188102302193,12.7604069941385,55.6426106239685,25.6756409414874,56.1761982740772,0,3,0.0645381523661877,0.394593421697992,MV-201,step_steer_python
600,2026年09月16日_23时08分01秒_第004次,2026-09-16T23:08:01,5.99,40.3928062817838,0.0341826930537788,12.7619564132238,55.6988224713003,25.7727511039958,56.230373370203,0,3,0.0645360435958804,0.394374481569589,MV-201,step_steer_python
601,2026年09月16日_23时08分01秒_第004次,2026-09-16T23:08:01,6,40.3903890652251,0.0340475623484263,12.7634937155154,55.7548147312764,25.8699803267824,56.2843259961785,0,3,0.0645339368050361,0.394154503820564,MV-201,step_steer_python
602,2026年09月16日_23时08分01秒_第004次,2026-09-16T23:08:01,6.01,40.3879516448383,0.0339134118879771,12.7650189355029,55.8105870966082,25.9673280803104,56.3380558558975,0,3,0.0645318319661144,0.393933501730018,MV-201,step_steer_python
603,2026年09月16日_23时08分01秒_第004次,2026-09-16T23:08:01,6.02,40.3854942933666,0.0337802320118984,12.7665321102337,55.8661392619501,26.0647938346722,56.3915626552177,0,3,0.0645297291014071,0.393711490666682,MV-201,step_steer_python
604,2026年09月16日_23时08分01秒_第004次,2026-09-16T23:08:01,6.03,40.3830172830948,0.0336480104800821,12.7680332787164,55.9214709238996,26.1623770595949,56.4448461019489,0,3,0.0645276282712249,0.393488487586722,MV-201,step_steer_python
605,2026年09月16日_23时08分01秒_第004次,2026-09-16T23:08:01,6.04,40.380520885804,0.0335167332352657,12.7695224815212,55.9765817809984,26.2600772244462,56.4979059058437,0,3,0.0645255295633022,0.393264510583034,MV-201,step_steer_python
606,2026年09月16日_23时08分01秒_第004次,2026-09-16T23:08:01,6.05,40.3780053727289,0.0333863850565862,12.7709997603177,56.031471533731,26.3578937982415,56.5507417785915,0,3,0.0645234330836691,0.393039578496731,MV-201,step_steer_python
607,2026年09月16日_23时08分01秒_第004次,2026-09-16T23:08:01,6.06,40.3754710145239,0.0332569500848259,12.7724651571545,56.0861398845234,26.4558262496503,56.6033534338167,0,3,0.0645213389492795,0.392813710603443,MV-201,step_steer_python
608,2026年09月16日_23时08分01秒_第004次,2026-09-16T23:08:01,6.07,40.3729180812399,0.0331284122154142,12.7739187134427,56.140586537741,26.5538740470036,56.6557405870811,0,3,0.0645192472824687,0.392586926377608,MV-201,step_steer_python
609,2026年09月16日_23时08分01秒_第004次,2026-09-16T23:08:01,6.08,40.3703468423141,0.03300075538349,12.7753604687822,56.1948111996857,26.6520366583011,56.707902955889,0,3,0.0645171582069072,0.392359245320757,MV-201,step_steer_python
610,2026年09月16日_23时08分01秒_第004次,2026-09-16T23:08:01,6.09,40.3677575665684,0.0328739637893109,12.7767904599,56.2488135785936,26.7503135512186,56.7598402596943,0,3,0.0645150718443732,0.392130686824975,MV-201,step_steer_python
611,2026年09月16日_23时08分01秒_第004次,2026-09-16T23:08:01,6.1,40.3651505222136,0.0327480221219746,12.7782087199976,56.302593384631,26.8487041931151,56.8115522199081,0,3,0.0645129883115233,0.391901270036518,MV-201,step_steer_python
612,2026年09月16日_23时08分01秒_第004次,2026-09-16T23:08:01,6.11,40.3625259768517,0.0326229158268047,12.779615278723,56.3561503298904,26.9472080510412,56.8630385599036,0,3,0.0645109077160122,0.391671013691858,MV-201,step_steer_python
613,2026年09月16日_23时08分01秒_第004次,2026-09-16T23:08:01,6.12,40.359884197475,0.0324986314307208,12.7810101628141,56.4094841283857,27.0458245917466,56.9142990050186,0,3,0.0645088301517517,0.391439935917046,MV-201,step_steer_python
614,2026年09月16日_23时08分01秒_第004次,2026-09-16T23:08:01,6.13,40.3572254504559,0.0323751568987909,12.7823933972659,56.4625944960467,27.1445532816889,56.9653332825527,0,3,0.0645067556936861,0.391208054006173,MV-201,step_steer_python
615,2026年09月16日_23时08分01秒_第004次,2026-09-16T23:08:01,6.14,40.354550001532,0.0322524819599288,12.783765006715,56.5154811507121,27.2433935870423,57.0161411217606,0,3,0.0645046843929658,0.390975384216367,MV-201,step_steer_python
616,2026年09月16日_23时08分01秒_第004次,2026-09-16T23:08:01,6.15,40.3518581157852,0.0321305983222205,12.7851250166617,56.5681438121226,27.3423449737068,57.0667222538408,0,3,0.0645026162736608,0.390741941627693,MV-201,step_steer_python
617,2026年09月16日_23时08分01秒_第004次,2026-09-16T23:08:01,6.16,40.3491500600224,0.0320092406873003,12.786472611562,56.6205822022228,27.4414069071569,57.1170764124148,0,3,0.0645005550349443,0.390507896948677,MV-201,step_steer_python
618,2026年09月16日_23时08分01秒_第004次,2026-09-16T23:08:01,6.17,40.3464260930663,0.0318881735892965,12.7878092626772,56.6727960450202,27.5405788525157,57.1672033331805,0,3,0.064498503980853,0.390273403737501,MV-201,step_steer_python
619,2026年09月16日_23时08分01秒_第004次,2026-09-16T23:08:01,6.18,40.343686478901,0.0317675413672627,12.7891337960323,56.724785066793,27.6398602744501,57.2171027538933,0,3,0.0644964610136125,0.390038387232223,MV-201,step_steer_python
620,2026年09月16日_23时08分01秒_第004次,2026-09-16T23:08:01,6.19,40.340931479913,0.0316474721374294,12.7904464289048,56.7765489952806,27.7392506376146,57.2667744138712,0,3,0.0644944242503142,0.389802781682226,MV-201,step_steer_python
621,2026年09月16日_23时08分01秒_第004次,2026-09-16T23:08:01,6.2,40.3381613569236,0.0315280679728095,12.7917473752267,56.8280875599162,27.8387494065259,57.3162180540529,0,3,0.0644923921652222,0.389566536372466,MV-201,step_steer_python
622,2026年09月16日_23时08分01秒_第004次,2026-09-16T23:08:01,6.21,40.3353763701824,0.0314094084457228,12.7930366818852,56.8794004918472,27.9383560455538,57.3654334170735,0,3,0.0644903635422076,0.389329613664414,MV-201,step_steer_python
623,2026年09月16日_23时08分01秒_第004次,2026-09-16T23:08:01,6.22,40.3325767794945,0.0312915532050877,12.794314372051,56.9304875239627,28.038070018911,57.4144202473267,0,3,0.064488337440562,0.389091987556249,MV-201,step_steer_python
624,2026年09月16日_23时08分01秒_第004次,2026-09-16T23:08:01,6.23,40.3297628441886,0.0311745445988831,12.795580464336,56.9813483909239,28.1378907906419,57.4631782910174,0,3,0.0644863131598608,0.38885364219426,MV-201,step_steer_python
625,2026年09月16日_23时08分01秒_第004次,2026-09-16T23:08:01,6.24,40.3269348230799,0.0310584106301539,12.7968349778184,57.031982829188,28.2378178246135,57.5117072962034,0,3,0.0644842901997495,0.388614570168995,MV-201,step_steer_python
626,2026年09月16日_23时08分01秒_第004次,2026-09-16T23:08:01,6.25,40.3240929744284,0.0309431679324867,12.7980779364632,57.0823905770276,28.3378505845111,57.5600070128235,0,3,0.0644822682191005,0.388374770784645,MV-201,step_steer_python
627,2026年09月16日_23时08分01秒_第004次,2026-09-16T23:08:01,6.26,40.3212375558971,0.0308288244956197,12.799309371869,57.1325713745427,28.4379885338361,57.6080771927124,0,3,0.0644802469983927,0.38813424846469,MV-201,step_steer_python
628,2026年09月16日_23时08分01秒_第004次,2026-09-16T23:08:01,6.27,40.318368824514,0.0307153819501974,12.8005293242918,57.1825249636692,28.5382311359059,57.6559175896016,0,3,0.064478226408069,0.38789301141085,MV-201,step_steer_python
629,2026年09月16日_23时08分01秒_第004次,2026-09-16T23:08:01,6.28,40.3154870366415,0.0306028373095197,12.8017378422152,57.2322510881826,28.6385778538572,57.7035279591117,0,3,0.0644762063843889,0.387651070579499,MV-201,step_steer_python
630,2026年09月16日_23时08分01秒_第004次,2026-09-16T23:08:01,6.29,40.3125924479527,0.0304911841620029,12.8029349808335,57.2817494936994,28.7390281506496,57.7509080587359,0,3,0.0644741869129262,0.387408438982108,MV-201,step_steer_python
631,2026年09月16日_23时08分01秒_第004次,2026-09-16T23:08:01,6.3,40.3096853134159,0.0303804133941192,12.8041207998793,57.3310199276766,28.8395814890701,57.7980576478229,0,3,0.0644721680186389,0.387165131264186,MV-201,step_steer_python
632,2026年09月16日_23时08分01秒_第004次,2026-09-16T23:08:01,6.31,40.3067658872839,0.0302705135846533,12.8052953612433,57.3800621394108,28.9402373317386,57.8449764875593,0,3,0.0644701497605518,0.386921163479749,MV-201,step_steer_python
633,2026年09月16日_23时08分01秒_第004次,2026-09-16T23:08:01,6.32,40.3038344230873,0.0301614712355306,12.8064587267838,57.4288758800364,29.0409951411128,57.891664340956,0,3,0.0644681322287299,0.386676552962882,MV-201,step_steer_python
634,2026年09月16日_23时08分01秒_第004次,2026-09-16T23:08:01,6.33,40.3008911736287,0.0300532709915399,12.8076109566023,57.4774609025249,29.1418543794931,57.9381209728406,0,3,0.064466115541382,0.386431318204926,MV-201,step_steer_python
635,2026年09月16日_23时08分01秒_第004次,2026-09-16T23:08:01,6.34,40.2979363909776,0.0299458959572424,12.8087521079204,57.5258169616836,29.2428145090282,57.9843461498556,0,3,0.0644640998405501,0.3861854786718,MV-201,step_steer_python
636,2026年09月16日_23时08分01秒_第004次,2026-09-16T23:08:01,6.35,40.2949703264658,0.029839328158886,12.8098822345334,57.573943814154,29.3438749917197,58.030339640462,0,3,0.0644620852856876,0.385939054532054,MV-201,step_steer_python
637,2026年09月16日_23时08分01秒_第004次,2026-09-16T23:08:01,6.36,40.2919932306849,0.0297335491375774,12.8110013867209,57.6218412184097,29.445035289428,58.0761012149471,0,3,0.0644600720453071,0.385692066303291,MV-201,step_steer_python
638,2026年09月16日_23时08分01秒_第004次,2026-09-16T23:08:01,6.37,40.289005353488,0.0296285406133205,12.8121096114372,57.6695089347531,29.5462948638777,58.1216306454335,0,3,0.0644580602875445,0.385444534452958,MV-201,step_steer_python
639,2026年09月16日_23时08分01秒_第004次,2026-09-16T23:08:01,6.38,40.286006943995,0.0295242851363289,12.8132069526177,57.7169467253109,29.6476531766647,58.1669277058879,0,3,0.064456050170827,0.38519647900377,MV-201,step_steer_python
640,2026年09月16日_23时08分01秒_第004次,2026-09-16T23:08:01,6.39,40.2829982506042,0.0294207666433171,12.8142934515059,57.7641543540286,29.7491096892627,58.211992172127,0,3,0.064454041835822,0.384947919193656,MV-201,step_steer_python
641,2026年09月16日_23时08分01秒_第004次,2026-09-16T23:08:01,6.4,40.2799795210081,0.02931797085922,12.8153691469613,57.8111315866631,29.8506638630307,58.2568238218197,0,3,0.0644520353995309,0.384698873226678,MV-201,step_steer_python
642,2026年09月16日_23时08分01秒_第004次,2026-09-16T23:08:01,6.41,40.2769510022115,0.0292158855167724,12.8164340757829,57.8578781907757,29.9523151592212,58.3014224344835,0,3,0.0644500309519384,0.38444935813226,MV-201,step_steer_python
643,2026年09月16日_23时08分01秒_第004次,2026-09-16T23:08:01,6.42,40.2739129405487,0.0291145003994884,12.8174882730854,57.9043939357231,30.0540630389876,58.3457877914771,0,3,0.0644480285551609,0.38419938973014,MV-201,step_steer_python
644,2026年09月16日_23时08分01秒_第004次,2026-09-16T23:08:01,6.43,40.2708655816995,0.0290138072371319,12.8185317727546,57.9506785926492,30.155906963393,58.389919675987,0,3,0.0644460282446984,0.383948982684223,MV-201,step_steer_python
645,2026年09月16日_23时08分01秒_第004次,2026-09-16T23:08:01,6.44,40.2678091706993,0.0289137994943274,12.8195646079463,57.9967319344769,30.2578463934175,58.4338178730122,0,3,0.064444030032227,0.38369815062136,MV-201,step_steer_python
646,2026年09月16日_23时08分01秒_第004次,2026-09-16T23:08:01,6.45,40.2647439543144,0.0288142148134068,12.8205859754603,58.042553736217,30.3598807898274,58.4774821698526,0,3,0.0644420375873897,0.383447062073991,MV-201,step_steer_python
647,2026年09月16日_23时08分01秒_第004次,2026-09-16T23:08:01,6.46,40.2616701715244,0.028714819713661,12.8215973395188,58.0881437748242,30.4620096132386,58.5209123557516,0,3,0.0644400541980059,0.383195868998419,MV-201,step_steer_python
648,2026年09月16日_23时08分01秒_第004次,2026-09-16T23:08:01,6.47,40.2585880664103,0.0286157572537798,12.8225975385152,58.1335018294117,30.5642323240247,58.5641082218793,0,3,0.0644380777965329,0.382944496995847,MV-201,step_steer_python
649,2026年09月16日_23时08分01秒_第004次,2026-09-16T23:08:01,6.48,40.2554978815529,0.0285171540909102,12.823586791605,58.1786276804221,30.6665483827032,58.6070695608258,0,3,0.0644361065329995,0.382692880799846,MV-201,step_steer_python
650,2026年09月16日_23时08分01秒_第004次,2026-09-16T23:08:01,6.49,40.2523998580797,0.0284191109636656,12.8245653142265,58.2235211098659,30.7689572498257,58.6497961666634,0,3,0.0644341389129978,0.382440970118684,MV-201,step_steer_python
651,2026年09月16日_23时08分01秒_第004次,2026-09-16T23:08:01,6.5,40.2492942366508,0.0283217064262645,12.825533156598,58.2681819013428,30.8714583859702,58.6922878350265,0,3,0.0644321737473624,0.382188727559454,MV-201,step_steer_python
652,2026年09月16日_23时08分01秒_第004次,2026-09-16T23:08:01,6.51,40.2461812575993,0.0282249995214671,12.8264903457906,58.3126098400688,30.974051251732,58.7345443631773,0,3,0.0644302101165796,0.381936127129506,MV-201,step_steer_python
653,2026年09月16日_23时08分01秒_第004次,2026-09-16T23:08:01,6.52,40.243061160925,0.0281290323775715,12.8274369040118,58.3568047129066,31.0767353077144,58.7765655500618,0,3,0.0644282473359664,0.381683152762556,MV-201,step_steer_python
654,2026年09月16日_23时08分01秒_第004次,2026-09-16T23:08:01,6.53,40.2399341862892,0.0280338330348287,12.828372852757,58.4007663083904,31.1795100145221,58.8183511963536,0,3,0.0644262849172629,0.381429796692997,MV-201,step_steer_python
655,2026年09月16日_23时08分01秒_第004次,2026-09-16T23:08:01,6.54,40.2368005730073,0.0279394182430264,12.8292982165335,58.4444944167435,31.2823748327564,58.8599011044841,0,3,0.0644243225303033,0.381176057833422,MV-201,step_steer_python
656,2026年09月16日_23时08分01秒_第004次,2026-09-16T23:08:01,6.55,40.233660560038,0.0278457960293514,12.8302130253237,58.4879888298925,31.3853292230146,58.9012150786579,0,3,0.0644223599676392,0.380921940276986,MV-201,step_steer_python
657,2026年09月16日_23时08分01秒_第004次,2026-09-16T23:08:01,6.56,40.2305143859721,0.0277529679020747,12.831117315842,58.5312493414744,31.4883726458903,58.942292924854,0,3,0.0644203971140678,0.380667452007163,MV-201,step_steer_python
658,2026年09月16日_23时08分01秒_第004次,2026-09-16T23:08:01,6.57,40.227362289019,0.0276609306129774,12.8320111317968,58.5742757468416,31.5915045619761,58.983134450816,0,3,0.0644184339222056,0.380412603863399,MV-201,step_steer_python
659,2026年09月16日_23时08分01秒_第004次,2026-09-16T23:08:01,6.58,40.2242045069955,0.0275696774581206,12.8328945233066,58.6170678430626,31.6947244318673,59.023739466034,0,3,0.0644164703944557,0.380157408777325,MV-201,step_steer_python
660,2026年09月16日_23时08分01秒_第004次,2026-09-16T23:08:01,6.59,40.2210412773173,0.0274791991506191,12.8337675456112,58.6596254289217,31.7980317161673,59.0641077817244,0,3,0.0644145065709384,0.379901881261553,MV-201,step_steer_python
661,2026年09月16日_23时08分01秒_第004次,2026-09-16T23:08:01,6.6,40.2178728369958,0.0273894843451464,12.8346302572359,58.701948304917,31.9014258754924,59.1042392108093,0,3,0.0644125425222985,0.37964603710513,MV-201,step_steer_python
662,2026年09月16日_23时08分01秒_第004次,2026-09-16T23:08:01,6.61,40.214699422642,0.0273005199256034,12.8354827178275,58.7440362732588,32.004906370477,59.1441335679004,0,3,0.0644105783458357,0.379389893209993,MV-201,step_steer_python
663,2026年09月16日_23时08分01秒_第004次,2026-09-16T23:08:01,6.62,40.2115212704774,0.027212291181217,12.8363249859161,58.7858891378677,32.1084726617796,59.18379066929,0,3,0.0644086141631969,0.379133467493915,MV-201,step_steer_python
664,2026年09月16日_23时08分01秒_第004次,2026-09-16T23:08:01,6.63,40.2083386163516,0.0271247819880497,12.8371571168767,58.8275067043731,32.2121242100877,59.2232103329481,0,3,0.0644066501179692,0.378876778789643,MV-201,step_steer_python
665,2026年09月16日_23时08分01秒_第004次,2026-09-16T23:08:01,6.64,40.2051516957661,0.0270379750850981,12.8379791613358,58.8688887801117,32.3158604761232,59.2623923785275,0,3,0.0644046863718998,0.378619846686213,MV-201,step_steer_python
666,2026年09月16日_23时08分01秒_第004次,2026-09-16T23:08:01,6.65,40.2019607439005,0.0269518524917593,12.8387911641992,58.9100351741255,32.4196809206479,59.3013366273734,0,3,0.064402723099063,0.378362691283527,MV-201,step_steer_python
667,2026年09月16日_23时08分01秒_第004次,2026-09-16T23:08:01,6.66,40.1987659956408,0.0268663960648535,12.8395931643703,58.9509456971598,32.5235850044689,59.3400429025353,0,3,0.0644007604779812,0.378105332860499,MV-201,step_steer_python
668,2026年09月16日_23时08分01秒_第004次,2026-09-16T23:08:01,6.67,40.1955676856069,0.0267815881487302,12.8403851951211,58.9916201616588,32.6275721884451,59.3785110287794,0,3,0.064398798682351,0.377847791484087,MV-201,step_steer_python
669,2026年09月16日_23时08分01秒_第004次,2026-09-16T23:08:01,6.68,40.1923660481794,0.0266974122403825,12.8411672849744,59.0320583817611,32.7316419334936,59.4167408325971,0,3,0.0643968378714769,0.377590086605916,MV-201,step_steer_python
670,2026年09月16日_23时08分01秒_第004次,2026-09-16T23:08:01,6.69,40.1891613175246,0.0266138535787064,12.8419394588911,59.0722601732932,32.8357937005973,59.454732142209,0,3,0.0643948781817111,0.377332236701391,MV-201,step_steer_python
671,2026年09月16日_23时08分01秒_第004次,2026-09-16T23:08:01,6.7,40.1859537276174,0.0265308995751883,12.8427017395308,59.1122253537613,32.9400269508125,59.4924847875623,0,3,0.0643929197200909,0.377074259001693,MV-201,step_steer_python
672,2026年09月16日_23时08分01秒_第004次,2026-09-16T23:08:01,6.71,40.1827435122634,0.0264485400288379,12.8434541483776,59.1519537423431,33.0443411452771,59.5299986003224,0,3,0.0643909625610093,0.376816169354093,MV-201,step_steer_python
673,2026年09月16日_23时08分01秒_第004次,2026-09-16T23:08:01,6.72,40.1795309051197,0.0263667671054443,12.8441967065674,59.191445159878,33.1487357452191,59.5672734138587,0,3,0.0643890067462293,0.376557982223725,MV-201,step_steer_python
674,2026年09月16日_23时08分01秒_第004次,2026-09-16T23:08:01,6.73,40.1763161397163,0.02628557509988,12.84492943533,59.2306994288585,33.2532102119648,59.6043090632268,0,3,0.0643870522880024,0.376299710826703,MV-201,step_steer_python
675,2026年09月16日_23时08分01秒_第004次,2026-09-16T23:08:01,6.74,40.1730994494758,0.0262049600335055,12.8456523560238,59.2697163734214,33.3577640069468,59.6411053851491,0,3,0.0643850991745728,0.376041367364174,MV-201,step_steer_python
676,2026年09月16日_23时08分01秒_第004次,2026-09-16T23:08:01,6.75,40.1698810701062,0.0261246603775718,12.8463646495592,59.3084958196677,33.4623965915944,59.6776622185181,0,3,0.0643831510765499,0.375783120006725,MV-201,step_steer_python
677,2026年09月16日_23时08分01秒_第004次,2026-09-16T23:08:01,6.76,40.166661230108,0.0260444430461398,12.8470677756739,59.3470375955131,33.5671074273878,59.7139794040279,0,3,0.0643812112888285,0.375525120637857,MV-201,step_steer_python
678,2026年09月16日_23时08分01秒_第004次,2026-09-16T23:08:01,6.77,40.1634401636474,0.0259644530962346,12.847760551557,59.3853415309146,33.6718959757801,59.7500567841622,0,3,0.0643792777279698,0.375267293846378,MV-201,step_steer_python
679,2026年09月16日_23时08分01秒_第004次,2026-09-16T23:08:01,6.78,40.1602181039938,0.0258848186512112,12.8484431814636,59.4234074570135,33.7767616985292,59.7858942026755,0,3,0.0643773485354783,0.375009573698612,MV-201,step_steer_python
680,2026年09月16日_23时08分01秒_第004次,2026-09-16T23:08:01,6.79,40.1569952835821,0.0258056413652098,12.849115863424,59.4612352063842,33.8817040576038,59.8214915046625,0,3,0.0643754222161204,0.374751909595447,MV-201,step_steer_python
681,2026年09月16日_23时08分01秒_第004次,2026-09-16T23:08:01,6.8,40.1537719350071,0.0257270003254572,12.8497786276727,59.4988246130575,33.9867225151773,59.8568485366466,0,3,0.0643734975852656,0.374494264098145,MV-201,step_steer_python
682,2026年09月16日_23时08分01秒_第004次,2026-09-16T23:08:01,6.81,40.1505482911667,0.025648954939809,12.8504314801521,59.5361755125497,34.0918165336219,59.8919651466519,0,3,0.0643715737302724,0.374236611302019,MV-201,step_steer_python
683,2026年09月16日_23时08分01秒_第004次,2026-09-16T23:08:01,6.82,40.1473245852557,0.0255715477534152,12.851074421545,59.5732877418942,34.1969855755013,59.926841184263,0,3,0.0643696499725472,0.373978935230467,MV-201,step_steer_python
684,2026年09月16日_23时08分01秒_第004次,2026-09-16T23:08:01,6.83,40.1441010507603,0.0254948074502914,12.8517074520693,59.6101611396666,34.302229103567,59.9614765006717,0,3,0.0643677258266262,0.373721228103015,MV-201,step_steer_python
685,2026年09月16日_23时08分01秒_第004次,2026-09-16T23:08:01,6.84,40.1408779214493,0.0254187517426669,12.8523305756594,59.6467955460034,34.4075465807565,59.9958709487068,0,3,0.0643658009605076,0.373463488656111,MV-201,step_steer_python
686,2026年09月16日_23时08分01秒_第004次,2026-09-16T23:08:01,6.85,40.1376554313631,0.0253433899330518,12.8529438026353,59.6831908026151,34.5129374701934,60.030024382848,0,3,0.064363875160321,0.373205720647349,MV-201,step_steer_python
687,2026年09月16日_23时08分01秒_第004次,2026-09-16T23:08:01,6.86,40.134433814802,0.025268725026985,12.853547150915,59.719346752794,34.6184012351908,60.0639366592241,0,3,0.0643619483011175,0.372947931618663,MV-201,step_steer_python
688,2026年09月16日_23时08分01秒_第004次,2026-09-16T23:08:01,6.87,40.1312133063136,0.0251947553520814,12.8541406460507,59.7552632414183,34.7239373392544,60.0976076355996,0,3,0.0643600203244677,0.372690131947609,MV-201,step_steer_python
689,2026年09月16日_23时08分01秒_第004次,2026-09-16T23:08:01,6.88,40.1279941406804,0.0251214757060104,12.8547243203337,59.7909401149533,34.829545246088,60.1310371713539,0,3,0.0643580912226036,0.372432334175567,MV-201,step_steer_python
690,2026年09月16日_23时08分01秒_第004次,2026-09-16T23:08:01,6.89,40.1247765529095,0.0250488781069497,12.8552982111941,59.8263772214514,34.935224419599,60.1642251274581,0,3,0.064356161028107,0.372174552570792,MV-201,step_steer_python
691,2026年09月16日_23时08分01秒_第004次,2026-09-16T23:08:01,6.9,40.1215607782251,0.0249769522526723,12.8558623591109,59.8615744105507,35.0409743239043,60.1971713664531,0,3,0.0643542298076746,0.371916802864153,MV-201,step_steer_python
692,2026年09月16日_23时08分01秒_第004次,2026-09-16T23:08:01,6.91,40.118347052065,0.0249056858076299,12.8564168052653,59.8965315334739,35.1467944233366,60.2298757524335,0,3,0.0643522976582887,0.371659102086892,MV-201,step_steer_python
693,2026年09月16日_23时08分01秒_第004次,2026-09-16T23:08:01,6.92,40.1151356100841,0.0248350646322374,12.8569615891783,59.9312484430271,35.2526841824499,60.2623381510392,0,3,0.0643503647041789,0.371401468442215,MV-201,step_steer_python
694,2026年09月16日_23时08分01秒_第004次,2026-09-16T23:08:01,6.93,40.1119266881621,0.0247650730479654,12.8574967465806,59.9657249935991,35.3586430660258,60.294558429455,0,3,0.0643484310932461,0.371143921154395,MV-201,step_steer_python
695,2026年09月16日_23时08分01秒_第004次,2026-09-16T23:08:01,6.94,40.1087205224176,0.0246956942004745,12.8580223077403,59.9999610411599,35.4646705390792,60.326536456418,0,3,0.0643464969920526,0.370886480257507,MV-201,step_steer_python
696,2026年09月16日_23时08分01秒_第004次,2026-09-16T23:08:01,6.95,40.1055173492246,0.0246269105455888,12.8585382964345,60.0339564432596,35.5707660668648,60.3582721022299,0,3,0.064344562579014,0.370629166308229,MV-201,step_steer_python
697,2026年09月16日_23时08分01秒_第004次,2026-09-16T23:08:01,6.96,40.1023174052311,0.024558704445495,12.8590447296611,60.0677110590259,35.6769291148826,60.389765238772,0,3,0.064342628035957,0.370372000029569,MV-201,step_steer_python
698,2026年09月16日_23时08分01秒_第004次,2026-09-16T23:08:01,6.97,40.0991209273757,0.0244910588301229,12.8595416180989,60.1012247491603,35.7831591488854,60.4210157395195,0,3,0.0643406935386761,0.370115001912129,MV-201,step_steer_python
699,2026年09月16日_23时08分01秒_第004次,2026-09-16T23:08:01,6.98,40.095928152901,0.0244239578566776,12.8600289672069,60.1344973759327,35.8894556348853,60.4520234795514,0,3,0.0643387592474375,0.369858191812964,MV-201,step_steer_python
700,2026年09月16日_23时08分01秒_第004次,2026-09-16T23:08:01,6.99,40.092739319362,0.0243573874908784,12.8605067787658,60.1675288031755,35.9958180391615,60.4827883355552,0,3,0.0643368252985251,0.369601588598258,MV-201,step_steer_python
701,2026年09月16日_23时08分01秒_第004次,2026-09-16T23:08:01,7,40.0895546646292,0.0242913359385725,12.8609750525931,60.2003188962744,36.1022458282684,60.5133101858236,0,3,0.0643348917978561,0.369345209873319,MV-201,step_steer_python
702,2026年09月16日_23时08分01秒_第004次,2026-09-16T23:08:01,7.01,40.0863744268866,0.0242257938743537,12.8614337881476,60.2328675221603,36.2087384690436,60.5435889102443,0,3,0.0643329588174488,0.369089071832931,MV-201,step_steer_python
703,2026年09月16日_23时08分01秒_第004次,2026-09-16T23:08:01,7.02,40.0831988446256,0.0241607544418543,12.8618829857638,60.2651745492986,36.3152954286168,60.5736243902839,0,3,0.0643310263951258,0.368833189248507,MV-201,step_steer_python
704,2026年09月16日_23时08分01秒_第004次,2026-09-16T23:08:01,7.03,40.0800281566368,0.0240962130328019,12.8623226473275,60.2972398476802,36.4219161744176,60.603416508967,0,3,0.0643290945373816,0.368577575588958,MV-201,step_steer_python
705,2026年09月16日_23时08分01秒_第004次,2026-09-16T23:08:01,7.04,40.0768626020024,0.0240321668836054,12.862752776313,60.329063288812,36.5286001741839,60.6329651508545,0,3,0.064327163224884,0.368322243253056,MV-201,step_steer_python
706,2026年09月16日_23时08分01秒_第004次,2026-09-16T23:08:01,7.05,40.0737024224168,0.023968360141013,12.8631725515966,60.3606447460367,36.6353468958759,60.6622702025463,0,3,0.0643252360567566,0.368067357922792,MV-201,step_steer_python
707,2026年09月16日_23时08分01秒_第004次,2026-09-16T23:08:01,7.06,40.0705478528448,0.0239045647181822,12.8635833936062,60.3919840943829,36.7421558077208,60.6913315523081,0,3,0.0643233162654075,0.367813069398489,MV-201,step_steer_python
708,2026年09月16日_23时08分01秒_第004次,2026-09-16T23:08:01,7.07,40.0673991341215,0.0238409242783898,12.8639841228173,60.4230812107929,36.8490263781503,60.7201490900623,0,3,0.064321401795712,0.367559304040836,MV-201,step_steer_python
709,2026年09月16日_23时08分01秒_第004次,2026-09-16T23:08:01,7.08,40.0642565064953,0.0237775658866699,12.8643749244635,60.4539359732613,36.9559580760702,60.7487227068643,0,3,0.0643194908128575,0.367305997508788,MV-201,step_steer_python
710,2026年09月16日_23时08分01秒_第004次,2026-09-16T23:08:01,7.09,40.0611202096595,0.0237145905195588,12.8647559769867,60.4845482610852,37.0629503707847,60.7770522949752,0,3,0.0643175818399763,0.367053100585817,MV-201,step_steer_python
711,2026年09月16日_23时08分01秒_第004次,2026-09-16T23:08:01,7.1,40.0579904837039,0.0236520768464501,12.8651272932259,60.5149179548874,37.170002731992,60.8051377479504,0,3,0.0643156737071699,0.366800577074852,MV-201,step_steer_python
712,2026年09月16日_23时08分01秒_第004次,2026-09-16T23:08:01,7.11,40.0548675692234,0.0235900840601173,12.8654888616831,60.5450449366452,37.2771146297805,60.8329789607141,0,3,0.0643137655136798,0.366548402203247,MV-201,step_steer_python
713,2026年09月16日_23时08分01秒_第004次,2026-09-16T23:08:01,7.12,40.0517517072763,0.0235286546833837,12.8658406656141,60.5749290897226,37.3842855346235,60.8605758296204,0,3,0.0643118565900651,0.366296561019864,MV-201,step_steer_python
714,2026年09月16日_23时08分01秒_第004次,2026-09-16T23:08:01,7.13,40.0486431393398,0.0234678175873031,12.8661826882857,60.6045702988944,37.4915149173773,60.8879282525004,0,3,0.0643099464570242,0.366045046649919,MV-201,step_steer_python
715,2026年09月16日_23时08分01秒_第004次,2026-09-16T23:08:01,7.14,40.0455421072589,0.02340759090554,12.8665149176753,60.6339684503649,37.5988022492798,60.9150361286925,0,3,0.0643080347853449,0.36579385859724,MV-201,step_steer_python
716,2026年09月16日_23时08分01秒_第004次,2026-09-16T23:08:01,7.15,40.0424488531923,0.0233479846104419,12.8668373495969,60.6631234317798,37.7061470019525,60.941899359055,0,3,0.064306121360345,0.365543001236428,MV-201,step_steer_python
717,2026年09月16日_23时08分01秒_第004次,2026-09-16T23:08:01,7.16,40.0393636195563,0.023289002613522,12.8671499892217,60.692035132233,37.8135486474026,60.9685178459628,0,3,0.0643042060528092,0.365292482579763,MV-201,step_steer_python
718,2026年09月16日_23时08分01秒_第004次,2026-09-16T23:08:01,7.17,40.036286648969,0.0232306443405225,12.8674528512287,60.7207034422703,37.9210066580271,60.9948914932916,0,3,0.0643022887971877,0.365042313351466,MV-201,step_steer_python
719,2026年09月16日_23时08分01秒_第004次,2026-09-16T23:08:01,7.18,40.0332181841944,0.0231729058082543,12.8677459588407,60.7491282538886,38.028520506617,61.021020206395,0,3,0.0643003695767321,0.364792506355575,MV-201,step_steer_python
720,2026年09月16日_23时08分01秒_第004次,2026-09-16T23:08:01,7.19,40.0301584680887,0.0231157802904357,12.8680293420183,60.7773094605353,38.1360896663623,61.0469038920785,0,3,0.0642984484143795,0.364543076087152,MV-201,step_steer_python
721,2026年09月16日_23时08分01秒_第004次,2026-09-16T23:08:01,7.2,40.0271077435503,0.0230592586961482,12.8683030351107,60.805246957106,38.2437136108569,61.0725424585753,0,3,0.0642965253676662,0.364294038514212,MV-201,step_steer_python
722,2026年09月16日_23时08分01秒_第004次,2026-09-16T23:08:01,7.21,40.0240662534721,0.0230033297962948,12.8685670742664,60.8329406399426,38.3513918141034,61.0979358155286,0,3,0.0642946005257695,0.364045410949917,MV-201,step_steer_python
723,2026年09月16日_23时08分01秒_第004次,2026-09-16T23:08:01,7.22,40.0210342406994,0.0229479804220776,12.8688214948987,60.8603904068311,38.4591237505176,61.1230838739819,0,3,0.0642926740069231,0.363797211940792,MV-201,step_steer_python
724,2026年09月16日_23时08分01秒_第004次,2026-09-16T23:08:01,7.23,40.0180119479915,0.0228931957304408,12.869066329482,60.887596157,38.5669088949334,61.1479865463773,0,3,0.0642907459548515,0.363549461113668,MV-201,step_steer_python
725,2026年09月16日_23时08分01秒_第004次,2026-09-16T23:08:01,7.24,40.0149996179863,0.0228389595914204,12.8693016058992,60.9145577911187,38.6747467226067,61.1726437465622,0,3,0.0642888165334303,0.363302178947734,MV-201,step_steer_python
726,2026年09月16日_23时08分01秒_第004次,2026-09-16T23:08:01,7.25,40.0119974931691,0.0227852551096424,12.8695273465025,60.9412752112947,38.7826367092195,61.1970553898018,0,3,0.064286885919383,0.363055386463645,MV-201,step_steer_python
727,2026年09月16日_23时08分01秒_第004次,2026-09-16T23:08:01,7.26,40.0090058158397,0.0227320652533905,12.8697435679521,60.9677483210704,38.890578330885,61.2212213927933,0,3,0.0642849542933784,0.36280910484494,MV-201,step_steer_python
728,2026年09月16日_23时08分01秒_第004次,2026-09-16T23:08:01,7.27,40.0060248280801,0.0226793735359167,12.8699502818143,60.9939770254183,38.9985710641514,61.2451416736795,0,3,0.0642830218303066,0.362563355024647,MV-201,step_steer_python
729,2026年09月16日_23时08分01秒_第004次,2026-09-16T23:08:01,7.28,40.003054771717,0.0226271646772057,12.8701474957954,61.0199612307344,39.1066143860069,61.2688161520587,0,3,0.0642810886897547,0.362318157280107,MV-201,step_steer_python
730,2026年09月16日_23时08分01秒_第004次,2026-09-16T23:08:01,7.29,40.000095888281,0.0225754251721538,12.8703352154101,61.0457008448305,39.2147077738848,61.2922447489875,0,3,0.0642791550077407,0.362073530880839,MV-201,step_steer_python
731,2026年09月16日_23时08分01秒_第004次,2026-09-16T23:08:01,7.3,39.9971484189592,0.0225241437012667,12.8705134458225,61.0711957769246,39.3228507056685,61.3154273869769,0,3,0.0642772208906336,0.36182949382854,MV-201,step_steer_python
732,2026年09月16日_23时08分01秒_第004次,2026-09-16T23:08:01,7.31,39.9942126045425,0.0224733113400866,12.8706821935762,61.0964459376301,39.4310426596965,61.3383639899805,0,3,0.0642752864119003,0.361586062716468,MV-201,step_steer_python
733,2026年09月16日_23时08分01秒_第004次,2026-09-16T23:08:01,7.32,39.9912886853686,0.0224229215498064,12.8708414679508,61.1214512389451,39.5392831147684,61.3610544833756,0,3,0.0642733516119575,0.361343252719937,MV-201,step_steer_python
734,2026年09月16日_23时08分01秒_第004次,2026-09-16T23:08:01,7.33,39.9883769012622,0.0223729699597839,12.870991281742,61.1462115942413,39.6475715501489,61.383498793941,0,3,0.0642714165009985,0.361101077712595,MV-201,step_steer_python
735,2026年09月16日_23时08分01秒_第004次,2026-09-16T23:08:01,7.34,39.9854774914747,0.0223234539787793,12.8711316513605,61.1707269182525,39.7559074455733,61.4056968498318,0,3,0.064269481064295,0.360859550487374,MV-201,step_steer_python
736,2026年09月16日_23时08分01秒_第004次,2026-09-16T23:08:01,7.35,39.9825906969473,0.02227411899211,12.8712617743874,61.1949971273979,39.8642902811801,61.4276485810869,0,3,0.064267548890312,0.360618836422846,MV-201,step_steer_python
737,2026年09月16日_23时08分01秒_第004次,2026-09-16T23:08:01,7.36,39.9797167509319,0.022224737699547,12.8713830840607,61.2190221396267,39.9727195375426,61.4493539192469,0,3,0.0642656232071135,0.360379085227407,MV-201,step_steer_python
738,2026年09月16日_23时08分01秒_第004次,2026-09-16T23:08:01,7.37,39.9768558915263,0.0221754529905965,12.8714944221209,61.2428018746506,40.081194695619,61.4708127973453,0,3,0.0642637019774448,0.360140224053215,MV-201,step_steer_python
739,2026年09月16日_23时08分01秒_第004次,2026-09-16T23:08:01,7.38,39.9740083551801,0.0221263913620354,12.8715959931851,61.266336253068,40.1897152369587,61.492025149376,0,3,0.0642617833815168,0.359902189170008,MV-201,step_steer_python
740,2026年09月16日_23时08分01秒_第004次,2026-09-16T23:08:01,7.39,39.9711743766687,0.0220776533797063,12.8716879967704,61.2896251966169,40.29828064364,61.5129909103645,0,3,0.0642598659552998,0.359664931816129,MV-201,step_steer_python
741,2026年09月16日_23时08分01秒_第004次,2026-09-16T23:08:01,7.4,39.9683541900063,0.0220293173788295,12.871770468684,61.312668628196,40.4068903982648,61.5337100164565,0,3,0.0642579485406881,0.359428416139662,MV-201,step_steer_python
742,2026年09月16日_23时08分01秒_第004次,2026-09-16T23:08:01,7.41,39.9655480285105,0.0219814422271135,12.8718434215874,61.3354664718935,40.515543983952,61.5541824049913,0,3,0.0642560302486251,0.359192617641374,MV-201,step_steer_python
743,2026年09月16日_23时08分01秒_第004次,2026-09-16T23:08:01,7.42,39.9627561247172,0.0219340700827813,12.8719068640018,61.3580186530168,40.624240884331,61.5744080145627,0,3,0.0642541104219754,0.358957521598652,MV-201,step_steer_python
744,2026年09月16日_23时08分01秒_第004次,2026-09-16T23:08:01,7.43,39.9599787102907,0.0218872293864565,12.8719608056516,61.3803250981167,40.7329805835371,61.5943867850655,0,3,0.0642521885947274,0.358723121333898,MV-201,step_steer_python
745,2026年09月16日_23时08分01秒_第004次,2026-09-16T23:08:01,7.44,39.9572160159287,0.0218409377718207,12.8720052623467,61.4023857350042,40.8417625662079,61.6141186577245,0,3,0.0642502644520034,0.358489416516836,MV-201,step_steer_python
746,2026年09月16日_23时08分01秒_第004次,2026-09-16T23:08:01,7.45,39.9544682712637,0.0217952046553713,12.8720402593396,61.4242004927613,40.9505863174806,61.6336035751056,0,3,0.0642483377943142,0.358256411646196,MV-201,step_steer_python
747,2026年09月16日_23时08分01秒_第004次,2026-09-16T23:08:01,7.46,39.951735704763,0.0217500333586557,12.872065833063,61.4457693017466,41.0594513229915,61.652841481111,0,3,0.0642464085081903,0.358024114801237,MV-201,step_steer_python
748,2026年09月16日_23时08分01秒_第004次,2026-09-16T23:08:01,7.47,39.9490185436304,0.0217054227029292,12.872082031434,61.4670920935966,41.1683570688747,61.6718323209613,0,3,0.0642444765441053,0.357792536701879,MV-201,step_steer_python
749,2026年09月16日_23时08分01秒_第004次,2026-09-16T23:08:01,7.48,39.9463170137089,0.0216613680953289,12.8720889129427,61.4881688012243,41.2773030417624,61.6905760411697,0,3,0.0642425419014796,0.357561690068631,MV-201,step_steer_python
750,2026年09月16日_23时08分01秒_第004次,2026-09-16T23:08:01,7.49,39.9436313393894,0.0216178621895156,12.8720865447954,61.508999358816,41.3862887287846,61.7090725895136,0,3,0.0642406046196398,0.357331589234762,MV-201,step_steer_python
751,2026年09月16日_23时08分01秒_第004次,2026-09-16T23:08:01,7.5,39.9409617435224,0.0215748952455052,12.8720750004229,61.5295837018282,41.4953136175694,61.727321915008,0,3,0.0642386647729995,0.357102249937428,MV-201,step_steer_python
752,2026年09月16日_23时08分01秒_第004次,2026-09-16T23:08:01,7.51,39.9383084473377,0.0215324553295654,12.8720543566967,61.5499217669829,41.6043771962424,61.7453239678853,0,3,0.0642367224684842,0.356873689204103,MV-201,step_steer_python
753,2026年09月16日_23时08分01秒_第004次,2026-09-16T23:08:01,7.52,39.9356716703693,0.0214905284859058,12.8720246911938,61.570013492265,41.7134789534264,61.7630786995831,0,3,0.0642347778433369,0.356645925255401,MV-201,step_steer_python
754,2026年09月16日_23时08分01秒_第004次,2026-09-16T23:08:01,7.53,39.9330516303865,0.0214490989827752,12.8719860798243,61.5898588169188,41.8226183782402,61.7805860627413,0,3,0.064232831061838,0.356418977362382,MV-201,step_steer_python
755,2026年09月16日_23时08分01秒_第004次,2026-09-16T23:08:01,7.54,39.9304485433304,0.0214081496928653,12.8719385950672,61.6094576814446,41.9317949602975,61.7978460112069,0,3,0.0642308823100772,0.356192865621626,MV-201,step_steer_python
756,2026年09月16日_23时08分01秒_第004次,2026-09-16T23:08:01,7.55,39.9278626232544,0.0213676626213809,12.8718823049822,61.628810027595,42.0410081897059,61.8148585000448,0,3,0.0642289317885692,0.35596761063931,MV-201,step_steer_python
757,2026年09月16日_23时08分01秒_第004次,2026-09-16T23:08:01,7.56,39.9252940822667,0.0213276195522458,12.8718172730543,61.6479157983702,42.1502575570656,61.8316234855511,0,3,0.0642269797031184,0.355743233141283,MV-201,step_steer_python
758,2026年09月16日_23时08分01秒_第004次,2026-09-16T23:08:01,7.57,39.9227431304734,0.0212880027512755,12.871743558823,61.6667749380116,42.2595425534673,61.8481409252653,0,3,0.0642250262547919,0.35551975354545,MV-201,step_steer_python
759,2026年09月16日_23时08分01秒_第004次,2026-09-16T23:08:01,7.58,39.9202099759203,0.0212487956480509,12.8716612191524,61.6853873919938,42.3688626704919,61.864410777979,0,3,0.0642230716301155,0.355297191543487,MV-201,step_steer_python
760,2026年09月16日_23时08分01秒_第004次,2026-09-16T23:08:01,7.59,39.917694824532,0.0212099834172508,12.8715703099143,61.7037531070158,42.4782174002084,61.8804330037376,0,3,0.0642211159926248,0.355075565739803,MV-201,step_steer_python
761,2026年09月16日_23时08分01秒_第004次,2026-09-16T23:08:01,7.6,39.9151978800482,0.0211715533931407,12.8714708878158,61.7218720309893,42.5876062351734,61.8962075638344,0,3,0.064219159476734,0.354854893388378,MV-201,step_steer_python
762,2026年09月16日_23时08分01秒_第004次,2026-09-16T23:08:01,7.61,39.9127193439569,0.0211334952744818,12.8713630120855,61.7397441130274,42.6970286684292,61.9117344207974,0,3,0.0642172021845512,0.354635190254154,MV-201,step_steer_python
763,2026年09月16日_23时08分01秒_第004次,2026-09-16T23:08:01,7.62,39.9102594154253,0.0210958011060396,12.871246745764,61.7573693034316,42.806484193503,61.9270135383692,0,3,0.0642152441858635,0.35441647060844,MV-201,step_steer_python
764,2026年09月16日_23时08分01秒_第004次,2026-09-16T23:08:01,7.63,39.9078182912298,0.021058465052157,12.8711221564111,61.7747475536798,42.9159723044047,61.9420448814827,0,3,0.0642132855210966,0.354198747350158,MV-201,step_steer_python
765,2026年09月16日_23时08分01秒_第004次,2026-09-16T23:08:01,7.64,39.9053961656884,0.0210214830037477,12.8709893161318,61.7918788164139,43.0254924956255,61.9568284162345,0,3,0.0642113262066833,0.353982032229092,MV-201,step_steer_python
766,2026年09月16日_23时08分01秒_第004次,2026-09-16T23:08:01,7.65,39.9029932329461,0.0209845967017075,12.870847472119,61.8087630457675,43.1350442620864,61.9713641104008,0,3,0.0642093698928297,0.353766490768746,MV-201,step_steer_python
767,2026年09月16日_23时08分01秒_第004次,2026-09-16T23:08:01,7.66,39.9006096774481,0.0209475750255364,12.8706981298434,61.8254001972069,43.244627099153,61.9856519330463,0,3,0.0642074198722856,0.353552272830954,MV-201,step_steer_python
768,2026年09月16日_23时08分01秒_第004次,2026-09-16T23:08:01,7.67,39.8982456866813,0.0209105601994255,12.8705401756452,61.8417902277687,43.3542405025954,61.9996918545153,0,3,0.0642054741278307,0.35333930372926,MV-201,step_steer_python
769,2026年09月16日_23时08分01秒_第004次,2026-09-16T23:08:01,7.68,39.8959014445762,0.020873678072076,12.8703738741771,61.8579330951643,43.4638839687295,62.013483845888,0,3,0.0642035308595427,0.353127517778246,MV-201,step_steer_python
770,2026年09月16日_23时08分01秒_第004次,2026-09-16T23:08:01,7.69,39.8935771314664,0.0208370284358144,12.8701994861754,61.8738287580372,43.5735569943666,62.0270278790501,0,3,0.0642015886251282,0.352916864229945,MV-201,step_steer_python
771,2026年09月16日_23时08分01秒_第004次,2026-09-16T23:08:01,7.7,39.8912729250331,0.0208006887214377,12.8700171076726,61.8894771759842,43.6832590768025,62.0403239267837,0,3,0.0641996462901806,0.352707305220744,MV-201,step_steer_python
772,2026年09月16日_23时08分01秒_第004次,2026-09-16T23:08:01,7.71,39.8889890003827,0.0207647167490124,12.8698268116102,61.9048783095831,43.7929897138073,62.0533719628405,0,3,0.064197702991497,0.352498814223093,MV-201,step_steer_python
773,2026年09月16日_23时08分01秒_第004次,2026-09-16T23:08:01,7.72,39.8867255299711,0.02072915347521,12.8696286668838,61.9200321204234,43.9027484036147,62.0661719620034,0,3,0.0641957581001195,0.352291374477106,MV-201,step_steer_python
774,2026年09月16日_23时08分01秒_第004次,2026-09-16T23:08:01,7.73,39.8844826835261,0.0206940259822144,12.8694227436258,61.9349385711296,44.0125346449135,62.0787239001332,0,3,0.0641938111805989,0.352084977262119,MV-201,step_steer_python
775,2026年09月16日_23时08分01秒_第004次,2026-09-16T23:08:01,7.74,39.8822606279661,0.0206593503944797,12.86920911806,61.9495976253783,44.1223479368382,62.0910277541982,0,3,0.064191861950936,0.351879620196807,MV-201,step_steer_python
776,2026年09月16日_23时08分01秒_第004次,2026-09-16T23:08:01,7.75,39.8800595273178,0.0206251344838561,12.8689878758587,61.9640092479089,44.2321877789623,62.1030835022851,0,3,0.0641899102466344,0.351675305713113,MV-201,step_steer_python
777,2026年09月16日_23时08分01秒_第004次,2026-09-16T23:08:01,7.76,39.8778795426327,0.0205913798151739,12.8687591139065,61.978173404529,44.3420536712912,62.1148911235938,0,3,0.0641879559910137,0.351472039795219,MV-201,step_steer_python
778,2026年09月16日_23时08分01秒_第004次,2026-09-16T23:08:01,7.77,39.8757208319071,0.0205580833690477,12.8685229406335,61.9920900621157,44.4519451142557,62.1264505984193,0,3,0.0641859991727441,0.351269831024157,MV-201,step_steer_python
779,2026年09月16日_23时08分01秒_第004次,2026-09-16T23:08:01,7.78,39.8735835500054,0.0205252386564896,12.8682794751219,62.005759188614,44.5618616087063,62.1377619081253,0,3,0.0641840398304533,0.351068689922023,MV-201,step_steer_python
780,2026年09月16日_23时08分01秒_第004次,2026-09-16T23:08:01,7.79,39.8714678485894,0.0204928364038316,12.8680288452329,62.0191807530336,44.6718026559071,62.1488250351152,0,3,0.064182078043345,0.350868628550847,MV-201,step_steer_python
781,2026年09月16日_23时08分01秒_第004次,2026-09-16T23:08:01,7.8,39.8693738760543,0.0204608649293737,12.8677711850574,62.0323547254453,44.7817677575297,62.1596399628052,0,3,0.0641801139261434,0.350669660294977,MV-201,step_steer_python
782,2026年09月16日_23时08分01秒_第004次,2026-09-16T23:08:01,7.81,39.8673017774731,0.0204293103512209,12.8675066320304,62.045281076977,44.8917564156471,62.1702066756034,0,3,0.0641781476264065,0.350471799744129,MV-201,step_steer_python
783,2026年09月16日_23时08分01秒_第004次,2026-09-16T23:08:01,7.82,39.8652516945497,0.0203981567593404,12.8672353240615,62.0579597798105,45.0017681327275,62.180525158898,0,3,0.0641761793223264,0.350275062597539,MV-201,step_steer_python
784,2026年09月16日_23时08分01秒_第004次,2026-09-16T23:08:01,7.83,39.8632237655803,0.0203673864575668,12.8669573970096,62.0703908071786,45.1118024116272,62.190595399054,0,3,0.0641742092195093,0.350079465525407,MV-201,step_steer_python
785,2026年09月16日_23时08分01秒_第004次,2026-09-16T23:08:01,7.84,39.8612181254221,0.0203369803397222,12.8666729827716,62.0825741333616,45.2218587555845,62.200417383419,0,3,0.0641722375458091,0.349885025948386,MV-201,step_steer_python
786,2026年09月16日_23时08分01秒_第004次,2026-09-16T23:08:01,7.85,39.8592349054684,0.020306918417093,12.8663822081666,62.0945097336846,45.331936668212,62.2099911003345,0,3,0.064170264543954,0.349691761723981,MV-201,step_steer_python
787,2026年09月16日_23时08分01秒_第004次,2026-09-16T23:08:01,7.86,39.8572742336277,0.0202771804703356,12.8660851946831,62.1061975845123,45.4420356534905,62.2193165391502,0,3,0.0641682904623307,0.349499690755242,MV-201,step_steer_python
788,2026年09月16日_23时08分01秒_第004次,2026-09-16T23:08:01,7.87,39.8553362343043,0.0202477467649399,12.8657820590424,62.117637663244,45.5521552157615,62.2283936902373,0,3,0.0641663155447837,0.34930883055786,MV-201,step_steer_python
789,2026年09月16日_23时08分01秒_第004次,2026-09-16T23:08:01,7.88,39.8534210283806,0.0202185987502907,12.8654729144273,62.128829948306,45.6622948597202,62.2372225449979,0,3,0.0641643400205644,0.349119197833648,MV-201,step_steer_python
790,2026年09月16日_23时08分01秒_第004次,2026-09-16T23:08:01,7.89,39.8515287331969,0.0201897196596583,12.8651578721363,62.1397744191429,45.7724540904094,62.245803095868,0,3,0.0641623640956136,0.348930808100395,MV-201,step_steer_python
791,2026年09月16日_23时08分01秒_第004次,2026-09-16T23:08:01,7.9,39.84965946253,0.020161094941218,12.8648370433801,62.1504710562071,45.8826324132117,62.2541353363127,0,3,0.0641603879461891,0.348743675420855,MV-201,step_steer_python
792,2026年09月16日_23时08分01秒_第004次,2026-09-16T23:08:01,7.91,39.8478133265705,0.0201327124741424,12.8645105409275,62.1609198409481,45.9928293338438,62.2622192608137,0,3,0.0641584117155151,0.348557812259504,MV-201,step_steer_python
793,2026年09月16日_23时08分01秒_第004次,2026-09-16T23:08:01,7.92,39.8459904318983,0.0201045625544295,12.8641784803416,62.1711207558002,46.1030443583486,62.2700548648501,0,3,0.0641564355136969,0.348373229477489,MV-201,step_steer_python
794,2026年09月16日_23时08分01秒_第004次,2026-09-16T23:08:01,7.93,39.8441908814583,0.020076637666426,12.8638409806207,62.1810737841713,46.213276993089,62.2776421448751,0,3,0.0641544594207024,0.348189936457304,MV-201,step_steer_python
795,2026年09月16日_23时08分01秒_第004次,2026-09-16T23:08:01,7.94,39.8424147745396,0.0200489320831839,12.8634981641547,62.1907789104318,46.3235267447408,62.2849810982903,0,3,0.064152483491816,0.3480079413323,MV-201,step_steer_python
796,2026年09月16日_23时08分01秒_第004次,2026-09-16T23:08:01,7.95,39.840662209151,0.0200211829671499,12.863149316868,62.2002361202492,46.4337931202585,62.2920717239733,0,3,0.0641505114586115,0.347827407743326,MV-201,step_steer_python
797,2026年09月16日_23时08分01秒_第004次,2026-09-16T23:08:01,7.96,39.8389332723307,0.0199931546042076,12.862796013135,62.2094454004279,46.5440756268761,62.2989140218792,0,3,0.0641485466959637,0.347648483625754,MV-201,step_steer_python
798,2026年09月16日_23时08分01秒_第004次,2026-09-16T23:08:01,7.97,39.8372280532431,0.0199649892779347,12.8624371669049,62.2184067391537,46.6543737720777,62.3055079930364,0,3,0.0641465872028014,0.347471089520266,MV-201,step_steer_python
799,2026年09月16日_23时08分01秒_第004次,2026-09-16T23:08:01,7.98,39.8355466364759,0.019936812906442,12.8620730898252,62.2271201250817,46.7646870636767,62.3118536389921,0,3,0.0641446311952013,0.347295154901184,MV-201,step_steer_python
800,2026年09月16日_23时08分01秒_第004次,2026-09-16T23:08:01,7.99,39.8338891020271,0.0199087251784299,12.8617040891847,62.2355855476005,46.8750150097774,62.3179509618864,0,3,0.0641426772493345,0.347120624225116,MV-201,step_steer_python
801,2026年09月16日_23时08分01秒_第004次,2026-09-16T23:08:01,8,39.8322555263348,0.0198808032635823,12.8613303040522,62.2438029968553,46.9853571187628,62.3237999645456,0,3,0.0641407242515224,0.346947454874263,MV-201,step_steer_python
802,2026年09月16日_23时08分01秒_第004次,2026-09-16T23:08:01,8.01,39.8306459824129,0.0198531045761433,12.860951848564,62.2517724637781,47.0957128992826,62.3294006505594,0,3,0.0641387713613896,0.346775615604437,MV-201,step_steer_python
803,2026年09月16日_23时08分01秒_第004次,2026-09-16T23:08:01,8.02,39.8290605398266,0.0198256695371679,12.8605688311777,62.2594939401207,47.2060818602413,62.3347530243457,0,3,0.0641368179747095,0.346605084971223,MV-201,step_steer_python
804,2026年09月16日_23时08分01秒_第004次,2026-09-16T23:08:01,8.03,39.8274992646657,0.0197985245830216,12.8601813599655,62.2669674184801,47.3164635107876,62.3398570912005,0,3,0.0641348636824027,0.346435849593207,MV-201,step_steer_python
805,2026年09月16日_23时08分01秒_第004次,2026-09-16T23:08:01,8.04,39.8259622195147,0.0197716851033294,12.8597895474702,62.2741928923186,47.426857360304,62.3447128573299,0,3,0.0641329082301886,0.346267902442702,MV-201,step_steer_python
806,2026年09月16日_23时08分01秒_第004次,2026-09-16T23:08:01,8.05,39.8244494634218,0.0197451580671002,12.8593935140618,62.2811703559761,47.5372629183974,62.3493203298645,0,3,0.0641309514823483,0.346101241310329,MV-201,step_steer_python
807,2026年09月16日_23时08分01秒_第004次,2026-09-16T23:08:01,8.06,39.8229610518671,0.0197189441886083,12.8589933897077,62.2878998046783,47.6476796948896,62.3536795168562,0,3,0.0641289933917565,0.345935867534922,MV-201,step_steer_python
808,2026年09月16日_23时08分01秒_第004次,2026-09-16T23:08:01,8.07,39.8214970367329,0.0196930395695433,12.858589314324,62.2943812345405,47.7581071998086,62.3577904272625,0,3,0.0641270339771438,0.345771785039544,MV-201,step_steer_python
809,2026年09月16日_23时08分01秒_第004次,2026-09-16T23:08:01,8.08,39.8200574662768,0.019667436831986,12.8581814369087,62.3006146425677,47.8685449433804,62.3616530709225,0,3,0.0641250733074456,0.345608999667535,MV-201,step_steer_python
810,2026年09月16日_23时08分01秒_第004次,2026-09-16T23:08:01,8.09,39.8186423851104,0.0196421258202283,12.8577699137005,62.3066000266546,47.9789924360198,62.3652674585304,0,3,0.0641231114921799,0.345447518774004,MV-201,step_steer_python
811,2026年09月16日_23时08分01秒_第004次,2026-09-16T23:08:01,8.1,39.8172518341831,0.0196170939921165,12.8573549056533,62.3123373855837,48.0894491883229,62.3686336016103,0,3,0.0641211486761805,0.34528735100201,MV-201,step_steer_python
812,2026年09月16日_23时08分01秒_第004次,2026-09-16T23:08:01,8.11,39.8158858507755,0.019592326638692,12.8569365755614,62.3178267190242,48.199914711058,62.3717515124987,0,3,0.0641191850367396,0.345128506161118,MV-201,step_steer_python
813,2026年09月16日_23时08分01秒_第004次,2026-09-16T23:08:01,8.12,39.8145444684996,0.0195678070647105,12.856515085178,62.3230680275313,48.3103885151573,62.3746212043345,0,3,0.0641172207812827,0.344970995128991,MV-201,step_steer_python
814,2026年09月16日_23时08分01秒_第004次,2026-09-16T23:08:01,8.13,39.8132277173092,0.0195435168359778,12.8560905926552,62.3280613125456,48.4208701117087,62.3772426910593,0,3,0.0641152561440677,0.344814829712133,MV-201,step_steer_python
815,2026年09月16日_23时08分01秒_第004次,2026-09-16T23:08:01,8.14,39.8119356235166,0.0195194361586199,12.8556632505844,62.3328065763928,48.5313590119467,62.379615987426,0,3,0.064113291380968,0.344660022426027,MV-201,step_steer_python
816,2026年09月16日_23时08分01秒_第004次,2026-09-16T23:08:01,8.15,39.8106682098172,0.0194955444089474,12.8552332048202,62.3373038222826,48.6418547272443,62.3817411090134,0,3,0.0641113267620587,0.344506586182615,MV-201,step_steer_python
817,2026年09月16日_23时08分01秒_第004次,2026-09-16T23:08:01,8.16,39.8094254953175,0.0194718207886298,12.8548005941727,62.3415530543078,48.7523567691045,62.383618072244,0,3,0.0641093625623481,0.344354533899574,MV-201,step_steer_python
818,2026年09月16日_23时08分01秒_第004次,2026-09-16T23:08:01,8.17,39.8082074955656,0.0194482450455588,12.8543655509261,62.3455542774408,48.8628646491513,62.3852468944007,0,3,0.0641073990514931,0.344203878066686,MV-201,step_steer_python
819,2026年09月16日_23时08分01秒_第004次,2026-09-16T23:08:01,8.18,39.8070142225819,0.0194247981808867,12.8539282020434,62.3493074975292,48.9733778791219,62.3866275936397,0,3,0.0641054364836268,0.344054630316986,MV-201,step_steer_python
820,2026年09月16日_23时08分01秒_第004次,2026-09-16T23:08:01,8.19,39.805845684888,0.0194014630591277,12.8534886708145,62.3528127212903,49.0838959708582,62.387760188997,0,3,0.0641034750884888,0.343906801052939,MV-201,step_steer_python
821,2026年09月16日_23时08分01秒_第004次,2026-09-16T23:08:01,8.2,39.804701887533,0.0193782248498701,12.8530470786666,62.356069956303,49.1944184362987,62.3886447003866,0,3,0.0641015150648902,0.343760399171288,MV-201,step_steer_python
822,2026年09月16日_23时08分01秒_第004次,2026-09-16T23:08:01,8.21,39.8035828321173,0.0193550712532952,12.852603546835,62.3590792110002,49.3049447874702,62.3892811485919,0,3,0.0640995565772172,0.343615431916353,MV-201,step_steer_python
823,2026年09月16日_23时08分01秒_第004次,2026-09-16T23:08:01,8.22,39.8024885168139,0.0193319924921135,12.8521581976293,62.3618404946593,49.41547453648,62.3896695552488,0,3,0.0640975997552476,0.3434719048734,MV-201,step_steer_python
824,2026年09月16日_23时08分01秒_第004次,2026-09-16T23:08:01,8.23,39.8014189363891,0.0193089810845252,12.8517111551049,62.364353817394,49.526007195508,62.3898099428262,0,3,0.0640956446970985,0.343329822094471,MV-201,step_steer_python
825,2026年09月16日_23时08分01秒_第004次,2026-09-16T23:08:01,8.24,39.8003740822231,0.0192860314409649,12.8512625450438,62.3666191901461,49.6365422767984,62.3897023346032,0,3,0.0640936914747198,0.343189186332017,MV-201,step_steer_python
826,2026年09月16日_23时08分01秒_第004次,2026-09-16T23:08:01,8.25,39.7993539447448,0.0192628811944644,12.8508116550985,62.3686366250239,49.747079292649,62.3893467552007,0,3,0.0640917438315706,0.343050155659585,MV-201,step_steer_python
827,2026年09月16日_23时08分01秒_第004次,2026-09-16T23:08:01,8.26,39.7983585036777,0.019239294807535,12.8503600631349,62.3704061351443,49.8576177554002,62.3887432301849,0,3,0.0640898051585583,0.342912872632297,MV-201,step_steer_python
828,2026年09月16日_23时08分01秒_第004次,2026-09-16T23:08:01,8.27,39.7973877413392,0.019215414694949,12.8499066776162,62.3719277348824,49.9681571774232,62.387891786068,0,3,0.0640878734712728,0.342777252461325,MV-201,step_steer_python
829,2026年09月16日_23时08分01秒_第004次,2026-09-16T23:08:01,8.28,39.7964416358994,0.0191913671155449,12.8494518066028,62.3732014389598,50.0786970711374,62.386792449756,0,3,0.0640859469994407,0.342643219185511,MV-201,step_steer_python
830,2026年09月16日_23时08分01秒_第004次,2026-09-16T23:08:01,8.29,39.7955201613796,0.0191672522403142,12.848995753364,62.3742272627122,50.1892369489907,62.3854452486253,0,3,0.0640840243308192,0.342510711760843,MV-201,step_steer_python
831,2026年09月16日_23时08分01秒_第004次,2026-09-16T23:08:01,8.3,39.7946232887458,0.0191431478273536,12.8485386513199,62.3750052221166,50.2997763234495,62.3838502106206,0,3,0.0640821043617417,0.342379682028198,MV-201,step_steer_python
832,2026年09月16日_23时08分01秒_第004次,2026-09-16T23:08:01,8.31,39.7937509860867,0.0191191119655068,12.8480806072806,62.3755353338244,50.4103147069888,62.3820073643357,0,3,0.0640801862605432,0.342250093175377,MV-201,step_steer_python
833,2026年09月16日_23时08分01秒_第004次,2026-09-16T23:08:01,8.32,39.7929032186249,0.0190951858233688,12.8476217207708,62.3758176151976,50.5208516120844,62.3799167390824,0,3,0.0640782694305849,0.342121918172897,MV-201,step_steer_python
834,2026年09月16日_23时08分01秒_第004次,2026-09-16T23:08:01,8.33,39.7920799487235,0.0190713966490614,12.8471620893705,62.3758520843385,50.631386551204,62.3775783649441,0,3,0.0640763534693689,0.341995138044107,MV-201,step_steer_python
835,2026年09月16日_23时08分01秒_第004次,2026-09-16T23:08:01,8.34,39.79128113589,0.0190477607025677,12.8467018136122,62.3756387601119,50.7419190368,62.3749922728122,0,3,0.0640744381282627,0.341869740160905,MV-201,step_steer_python
836,2026年09月16日_23时08分01秒_第004次,2026-09-16T23:08:01,8.35,39.7905067367758,0.0190242858779141,12.8462410003865,62.3751776621621,50.8524485813015,62.3721584944035,0,3,0.0640725232763109,0.341745716712259,MV-201,step_steer_python
837,2026年09月16日_23时08分01秒_第004次,2026-09-16T23:08:01,8.36,39.7897567051756,0.0190009738657393,12.8457797647745,62.3744688109235,50.9629746971069,62.3690770622612,0,3,0.0640706088703085,0.341623063437628,MV-201,step_steer_python
838,2026年09月16日_23时08分01秒_第004次,2026-09-16T23:08:01,8.37,39.7890309920262,0.0189778217923357,12.8453182304712,62.373512227628,51.0734968965771,62.3657480097429,0,3,0.0640686949321015,0.341501778666292,MV-201,step_steer_python
839,2026年09月16日_23时08分01秒_第004次,2026-09-16T23:08:01,8.38,39.7883295454064,0.0189548233496077,12.844856529,62.3723079343092,51.184014692028,62.3621713709999,0,3,0.0640667815329732,0.341381862656557,MV-201,step_steer_python
840,2026年09月16日_23时08分01秒_第004次,2026-09-16T23:08:01,8.39,39.787652310541,0.01893196949418,12.8443947979577,62.3708559538048,51.294527595724,62.3583471809544,0,3,0.0640648687840551,0.341263317190171,MV-201,step_steer_python
841,2026年09月16日_23时08分01秒_第004次,2026-09-16T23:08:01,8.4,39.7869992298086,0.018909248836431,12.8439331785734,62.3691563097587,51.4050351198708,62.3542754752777,0,3,0.0640629568310888,0.341146145351104,MV-201,step_steer_python
842,2026年09月16日_23时08分01秒_第004次,2026-09-16T23:08:01,8.41,39.7863702427568,0.0188866478582467,12.843471812906,62.3672090266232,51.5155367766088,62.3499562903763,0,3,0.0640610458515902,0.341030351406377,MV-201,step_steer_python
843,2026年09月16日_23时08分01秒_第004次,2026-09-16T23:08:01,8.42,39.7857652861248,0.0188641510918975,12.8430108410209,62.3650141296614,51.6260320780063,62.3453896633857,0,3,0.0640591360525436,0.340915940709737,MV-201,step_steer_python
844,2026年09月16日_23时08分01秒_第004次,2026-09-16T23:08:01,8.43,39.7851842938736,0.018841741365612,12.8425503984705,62.3625716449506,51.7365205360529,62.3405756321737,0,3,0.0640572276671217,0.340802919564555,MV-201,step_steer_python
845,2026年09月16日_23时08分01秒_第004次,2026-09-16T23:08:01,8.44,39.7846271972246,0.0188194001808117,12.8420906143495,62.3598815993848,51.8470016626528,62.3355142353531,0,3,0.0640553209494935,0.340691295006257,MV-201,step_steer_python
846,2026年09月16日_23时08分01秒_第004次,2026-09-16T23:08:01,8.45,39.7840939247038,0.0187971082396363,12.8416316101197,62.3569440206775,51.9574749696185,62.3302055123,0,3,0.0640534161674403,0.340581074492274,MV-201,step_steer_python
847,2026年09月16日_23时08分01秒_第004次,2026-09-16T23:08:01,8.46,39.7835844021898,0.0187748460977427,12.841173499287,62.3537589373636,52.0679399686638,62.3246495031746,0,3,0.0640515135931172,0.340472265513814,MV-201,step_steer_python
848,2026年09月16日_23时08分01秒_第004次,2026-09-16T23:08:01,8.47,39.783098552965,0.0187525948832388,12.8407163879061,62.3503263787999,52.1783961713977,62.3188462489425,0,3,0.0640496134927932,0.340364875164461,MV-201,step_steer_python
849,2026年09月16日_23时08分01秒_第004次,2026-09-16T23:08:01,8.48,39.7826362977648,0.0187303370028275,12.8402603757687,62.3466463751639,52.2888430893178,62.3127957913908,0,3,0.0640477161166881,0.340258909712892,MV-201,step_steer_python
850,2026年09月16日_23时08分01秒_第004次,2026-09-16T23:08:01,8.49,39.7821975548255,0.0187080567524602,12.8398055580535,62.3427189574512,52.3992802338042,62.3064981731382,0,3,0.0640458216900921,0.340154374229722,MV-201,step_steer_python
851,2026年09月16日_23时08分01秒_第004次,2026-09-16T23:08:01,8.5,39.7817822399284,0.0186857407611774,12.8393520271493,62.3385441574715,52.5097071161129,62.2999534376376,0,3,0.0640439304067973,0.340051272311995,MV-201,step_steer_python
852,2026年09月16日_23时08分01秒_第004次,2026-09-16T23:08:01,8.51,39.7813902664397,0.0186633782199551,12.838899874359,62.3341220078437,52.6201232473697,62.2931616291695,0,3,0.0640420424255504,0.339949605935326,MV-201,step_steer_python
853,2026年09月16日_23时08分01秒_第004次,2026-09-16T23:08:01,8.52,39.7810215453466,0.0186409608774732,12.8384491912127,62.3294525419902,52.7305281385644,62.2861227928305,0,3,0.0640401578698109,0.339849375445703,MV-201,step_steer_python
854,2026年09月16日_23时08分01秒_第004次,2026-09-16T23:08:01,8.53,39.7806759852917,0.0186184828164172,12.8380000701971,62.3245357941314,52.8409213005443,62.2788369745156,0,3,0.0640382768306462,0.339750579683966,MV-201,step_steer_python
855,2026年09月16日_23时08分01秒_第004次,2026-09-16T23:08:01,8.54,39.7803534926059,0.0185959400520973,12.8375526047984,62.3193717992811,52.9513022440089,62.2713042208998,0,3,0.0640363993721947,0.33965321621885,MV-201,step_steer_python
856,2026年09月16日_23时08分01秒_第004次,2026-09-16T23:08:01,8.55,39.7800539713429,0.0185733300158357,12.8371068888783,62.3139605932431,53.0616704795036,62.26352457942,0,3,0.0640345255388222,0.339557281651828,MV-201,step_steer_python
857,2026年09月16日_23时08分01秒_第004次,2026-09-16T23:08:01,8.56,39.7797773257589,0.0185503912277048,12.8366621701311,62.3083022129549,53.1720255174354,62.2554980988165,0,3,0.0640326590765524,0.339462929245766,MV-201,step_steer_python
858,2026年09月16日_23时08分01秒_第004次,2026-09-16T23:08:01,8.57,39.7795234504006,0.0185268883992265,12.8362200044016,62.3023966963349,53.2823668680543,62.247224828742,0,3,0.0640308033878731,0.33937029718195,MV-201,step_steer_python
859,2026年09月16日_23时08分01秒_第004次,2026-09-16T23:08:01,8.58,39.779292243669,0.0185029663882768,12.8357792495205,62.2962440825381,53.3926940414607,62.2387048197748,0,3,0.064028956468559,0.339279295039694,MV-201,step_steer_python
860,2026年09月16日_23时08分01秒_第004次,2026-09-16T23:08:01,8.59,39.7790836009679,0.0184787536279205,12.8353401745785,62.2898444110428,53.5030065475629,62.2299381228718,0,3,0.0640271165320768,0.339189841440744,MV-201,step_steer_python
861,2026年09月16日_23时08分01秒_第004次,2026-09-16T23:08:01,8.6,39.7788974146847,0.0184543522273545,12.8349030437459,62.2831977219251,53.6133038960792,62.2209247894543,0,3,0.064025282153041,0.339101870119298,MV-201,step_steer_python
862,2026年09月16日_23时08分01秒_第004次,2026-09-16T23:08:01,8.61,39.7787335753242,0.0184298418004486,12.8344679493889,62.2763040558881,53.7235855965321,62.2116648715133,0,3,0.0640234522155916,0.339015327800367,MV-201,step_steer_python
863,2026年09月16日_23时08分01秒_第004次,2026-09-16T23:08:01,8.62,39.7785919716986,0.0184052823431906,12.8340349569912,62.2691634542997,53.8338511582443,62.2021584216954,0,3,0.0640216258749167,0.338930172582029,MV-201,step_steer_python
864,2026年09月16日_23时08分01秒_第004次,2026-09-16T23:08:01,8.63,39.7784724909413,0.018380717077741,12.8336041253287,62.2617759592308,53.9441000903359,62.1924054933742,0,3,0.064019802518912,0.338846372313651,MV-201,step_steer_python
865,2026年09月16日_23时08分01秒_第004次,2026-09-16T23:08:01,8.64,39.7783750185129,0.0183561754998782,12.8331755123514,62.2541416134877,54.0543319017215,62.1824061407049,0,3,0.0640179817265967,0.338763902836488,MV-201,step_steer_python
866,2026年09月16日_23时08分01秒_第004次,2026-09-16T23:08:01,8.65,39.7782994382044,0.0183316763079134,12.8327491803611,62.2462604606369,54.1645461011067,62.1721604186599,0,3,0.0640161632278642,0.338682746280515,MV-201,step_steer_python
867,2026年09月16日_23时08分01秒_第004次,2026-09-16T23:08:01,8.66,39.7782456321357,0.018307229975002,12.8323251994048,62.2381325450243,54.274742196985,62.1616683830443,0,3,0.064014346867984,0.338602889562155,MV-201,step_steer_python
868,2026年09月16日_23时08分01秒_第004次,2026-09-16T23:08:01,8.67,39.7782134807531,0.0182828408272997,12.8319036488185,62.2297579117882,54.3849196976347,62.1509300904962,0,3,0.0640125325788651,0.338524323168056,MV-201,step_steer_python
869,2026年09月16日_23时08分01秒_第004次,2026-09-16T23:08:01,8.68,39.7782028628279,0.018258508581097,12.8314846171526,62.2211366068697,54.4950781111149,62.1399455984733,0,3,0.0640107203578068,0.338447040255816,MV-201,step_steer_python
870,2026年09月16日_23时08分01秒_第004次,2026-09-16T23:08:01,8.69,39.7782136554561,0.0182342293724905,12.8310682007658,62.2122686770193,54.6052169452623,62.1287149652331,0,3,0.0640089102533243,0.338371036054137,MV-201,step_steer_python
871,2026年09月16日_23时08分01秒_第004次,2026-09-16T23:08:01,8.7,39.7782457340619,0.0182099963758565,12.8306545014431,62.2031541698028,54.7153357076875,62.1172382498123,0,3,0.0640071023567294,0.338296307506807,MV-201,step_steer_python
872,2026年09月16日_23时08分01秒_第004次,2026-09-16T23:08:01,8.71,39.778298972406,0.0181858001457679,12.8302436234281,62.1937931336069,54.8254339057721,62.1055155120093,0,3,0.0640052967975924,0.33822285308118,MV-201,step_steer_python
873,2026年09月16日_23时08分01秒_第004次,2026-09-16T23:08:01,8.72,39.7783732426006,0.0181616288285811,12.8298356702824,62.1841856176447,54.9355110466644,62.0935468123748,0,3,0.0640034937410274,0.338150672654139,MV-201,step_steer_python
874,2026年09月16日_23时08分01秒_第004次,2026-09-16T23:08:01,8.73,39.778468415131,0.018137468376271,12.8294307419694,62.1743316719618,55.045566637277,62.0813322122123,0,3,0.0640016933849193,0.338079767396047,MV-201,step_steer_python
875,2026年09月16日_23时08分01秒_第004次,2026-09-16T23:08:01,8.74,39.7785843588842,0.0181133028611128,12.8290289324895,62.1642313474426,55.1556001842834,62.068871773588,0,3,0.0639998959556847,0.338010139593,MV-201,step_steer_python
876,2026年09月16日_23时08分01秒_第004次,2026-09-16T23:08:01,8.75,39.7787209411849,0.0180891149437404,12.8286303283123,62.1538846958164,55.2656111941145,62.0561655593495,0,3,0.0639981017018025,0.337941792375077,MV-201,step_steer_python
877,2026年09月16日_23时08分01秒_第004次,2026-09-16T23:08:01,8.76,39.7788780278348,0.0180648864977977,12.8282350077265,62.143291769663,55.3755991729558,62.0432136331492,0,3,0.0639963108850509,0.337874729347785,MV-201,step_steer_python
878,2026年09月16日_23时08分01秒_第004次,2026-09-16T23:08:01,8.77,39.7790554831569,0.0180405993505773,12.8278430411017,62.1324526224172,55.4855636267444,62.0300160594703,0,3,0.0639945237700127,0.337808954150402,MV-201,step_steer_python
879,2026年09月16日_23时08分01秒_第004次,2026-09-16T23:08:01,8.78,39.7792531700405,0.0180162360674649,12.8274544919395,62.1213673083715,55.5955040611655,62.01657290365,0,3,0.0639927406128654,0.33774446998418,MV-201,step_steer_python
880,2026年09月16日_23时08分01秒_第004次,2026-09-16T23:08:01,8.79,39.7794709499846,0.0179917806929286,12.8270694184868,62.1100358826772,55.7054199816493,62.0028842318976,0,3,0.0639909616507023,0.337681279162864,MV-201,step_steer_python
881,2026年09月16日_23时08分01秒_第004次,2026-09-16T23:08:01,8.8,39.77970868314,0.0179672193625845,12.8266878756239,62.0984584013436,55.815310893368,61.9889501113055,0,3,0.0639891870926067,0.337619382737382,MV-201,step_steer_python
882,2026年09月16日_23时08分01秒_第004次,2026-09-16T23:08:01,8.81,39.7799662283472,0.017942540717854,12.8263099167148,62.086634921236,55.9251763012318,61.9747706098506,0,3,0.0639874171134774,0.337558780236702,MV-201,step_steer_python
883,2026年09月16日_23时08分01秒_第004次,2026-09-16T23:08:01,8.82,39.7802434431711,0.0179177360824443,12.825935595132,62.0745655000728,56.0350157098866,61.9603457963887,0,3,0.0639856518512098,0.337499469550535,MV-201,step_steer_python
884,2026年09月16日_23时08分01秒_第004次,2026-09-16T23:08:01,8.83,39.7805401839322,0.0178927993928638,12.8255649652255,62.0622501964214,56.1448286237101,61.9456757406415,0,3,0.063983891407372,0.337441446959754,MV-201,step_steer_python
885,2026年09月16日_23时08分01秒_第004次,2026-09-16T23:08:01,8.84,39.780856305736,0.0178677269077439,12.8251980826055,62.0496890696957,56.2546145468089,61.93076051318,0,3,0.0639821358510519,0.337384707300897,MV-201,step_steer_python
886,2026年09月16日_23时08分01秒_第004次,2026-09-16T23:08:01,8.85,39.7811916642635,0.0178428602405617,12.8248302714968,62.0368821795561,56.3643729829577,61.9156001852293,0,3,0.0639803803146414,0.337329036519255,MV-201,step_steer_python
887,2026年09月16日_23时08分01秒_第004次,2026-09-16T23:08:01,8.86,39.7815460765577,0.0178181165643937,12.8244700540741,62.0238295873838,56.4741034356732,61.9001948289131,0,3,0.0639786259579041,0.337274473490705,MV-201,step_steer_python
888,2026年09月16日_23时08分01秒_第004次,2026-09-16T23:08:01,8.87,39.7819194524975,0.017793435780898,12.8241062011531,62.0105313539789,56.5838054081088,61.884544517213,0,3,0.0639768736254654,0.337221048907776,MV-201,step_steer_python
889,2026年09月16日_23时08分01秒_第004次,2026-09-16T23:08:01,8.88,39.7823115961679,0.0177685005567259,12.8237509514782,61.9969875429816,56.6934784033381,61.8686493245387,0,3,0.0639751278464417,0.337168943513687,MV-201,step_steer_python
890,2026年09月16日_23时08分01秒_第004次,2026-09-16T23:08:01,8.89,39.7827224030072,0.0177430313659246,12.8233939756546,61.9831982177699,56.8031219240651,61.8525093262888,0,3,0.0639733926469533,0.337118321835866,MV-201,step_steer_python
891,2026年09月16日_23时08分01秒_第004次,2026-09-16T23:08:01,8.9,39.7831516744004,0.0177171230347425,12.8230462801637,61.9691634444839,56.9127354728984,61.8361245989208,0,3,0.063971666734466,0.337069118091617,MV-201,step_steer_python
892,2026年09月16日_23时08分01秒_第004次,2026-09-16T23:08:01,8.91,39.78359930601,0.0176908633105504,12.8226967130473,61.9548832883986,57.0223185519978,61.8194952193531,0,3,0.0639699489064405,0.337021275540179,MV-201,step_steer_python
893,2026年09月16日_23时08分01秒_第004次,2026-09-16T23:08:01,8.92,39.7840650975932,0.0176643212889759,12.8223569170152,61.9403578168288,57.1318706633447,61.802621265096,0,3,0.063968238216613,0.336974742959185,MV-201,step_steer_python
894,2026年09月16日_23时08分01秒_第004次,2026-09-16T23:08:01,8.93,39.7845489391423,0.0176375521259008,12.8220160913269,61.9255870965646,57.2413913084924,61.7855028142902,0,3,0.0639665339098365,0.336929482223158,MV-201,step_steer_python
895,2026年09月16日_23时08分01秒_第004次,2026-09-16T23:08:01,8.94,39.785050631233,0.0176105966478808,12.8216849867949,61.9105711964027,57.3508799888118,61.7681399458413,0,3,0.0639648354292971,0.33688545863356,MV-201,step_steer_python
896,2026年09月16日_23时08分01秒_第004次,2026-09-16T23:08:01,8.95,39.7855700600024,0.017583485929858,12.8213532988051,61.8953101847376,57.4603362052489,61.7505327394343,0,3,0.063963142352765,0.336842647936694,MV-201,step_steer_python
897,2026年09月16日_23时08分01秒_第004次,2026-09-16T23:08:01,8.96,39.7861070269287,0.0175562406642426,12.8210311515161,61.879804131955,57.5697594585687,61.7326812756399,0,3,0.0639614544027662,0.336801027302895,MV-201,step_steer_python
898,2026年09月16日_23时08分01秒_第004次,2026-09-16T23:08:01,8.97,39.7866614144763,0.0175288761334877,12.8207087683806,61.8640531081465,57.6791492491148,61.7145856359011,0,3,0.0639597713767214,0.336760581567246,MV-201,step_steer_python
899,2026年09月16日_23时08分01秒_第004次,2026-09-16T23:08:01,8.98,39.7872330249506,0.0175014015175276,12.8203957151768,61.8480571853634,57.7885050770489,61.6962459026013,0,3,0.0639580931574867,0.336721294728571,MV-201,step_steer_python
900,2026年09月16日_23时08分01秒_第004次,2026-09-16T23:08:01,8.99,39.7878217372697,0.0174738237879843,12.820082750196,61.8318164354492,57.8978264421139,61.6776621590196,0,3,0.0639564196584032,0.336683156328129,MV-201,step_steer_python
901,2026年09月16日_23时08分01秒_第004次,2026-09-16T23:08:01,9,39.7884273545416,0.0174461468475355,12.8197789147607,61.815330932162,58.0071128438684,61.6588344893671,0,3,0.0639547508358614,0.336646153518973,MV-201,step_steer_python
902,2026年09月16日_23时08分01秒_第004次,2026-09-16T23:08:01,9.01,39.7890497522523,0.0174183736947823,12.8194754933913,61.7986007491249,58.1163637814535,61.6397629787229,0,3,0.0639530866587154,0.336610277998709,MV-201,step_steer_python
903,2026年09月16日_23时08分01秒_第004次,2026-09-16T23:08:01,9.02,39.7896887343297,0.0173905056577859,12.819181013209,61.7816259618245,58.2255787538225,61.6204477130578,0,3,0.0639514271193465,0.336575518486994,MV-201,step_steer_python
904,2026年09月16日_23时08分01秒_第004次,2026-09-16T23:08:01,9.03,39.7903441729378,0.0173625428771665,12.8188872674877,61.7644066456811,58.3347572595127,61.6008887791723,0,3,0.0639497722269548,0.336541868202335,MV-201,step_steer_python
905,2026年09月16日_23时08分01秒_第004次,2026-09-16T23:08:01,9.04,39.7910158728588,0.0173344841792706,12.818602269425,61.7469428779289,58.4438987968701,61.5810862647265,0,3,0.0639481220095125,0.336509317416215,MV-201,step_steer_python
906,2026年09月16日_23时08分01秒_第004次,2026-09-16T23:08:01,9.05,39.7917037030378,0.0173063262808247,12.8183183034954,61.7292347358069,58.5530028638274,61.5610402581972,0,3,0.0639464765252891,0.336477861243217,MV-201,step_steer_python
907,2026年09月16日_23时08分01秒_第004次,2026-09-16T23:08:01,9.06,39.7924074691486,0.0172780649073719,12.8180428700169,61.7112822983236,58.6620689581228,61.5407508489242,0,3,0.0639448358471117,0.336447491901044,MV-201,step_steer_python
908,2026年09月16日_23时08分01秒_第004次,2026-09-16T23:08:01,9.07,39.7931270370107,0.0172496930605059,12.8177687341975,61.6930856445666,58.7710965770849,61.5202181270895,0,3,0.0639432000872539,0.336418206614642,MV-201,step_steer_python
909,2026年09月16日_23时08分01秒_第004次,2026-09-16T23:08:01,9.08,39.79386221323,0.0172212037872192,12.8175028903718,61.6746448553519,58.8800852178452,61.4994421837762,0,3,0.0639415693581668,0.336389999329067,MV-201,step_steer_python
910,2026年09月16日_23时08分01秒_第004次,2026-09-16T23:08:01,9.09,39.7946128605888,0.0171925875175319,12.8172385834327,61.6559600116481,58.9890343771302,61.4784231109614,0,3,0.0639399438105351,0.336362868724894,MV-201,step_steer_python
911,2026年09月16日_23时08分01秒_第004次,2026-09-16T23:08:01,9.1,39.795378787741,0.0171641720941504,12.8169776887768,61.6370311955311,59.0979435513762,61.4571610014034,0,3,0.0639383187725757,0.336336606391056,MV-201,step_steer_python
912,2026年09月16日_23时08分01秒_第004次,2026-09-16T23:08:01,9.11,39.7961598193267,0.0171357082141637,12.8167244038213,61.6178584904256,59.2068122367267,61.4356559489664,0,3,0.063936697784554,0.336311352337281,MV-201,step_steer_python
913,2026年09月16日_23时08分01秒_第004次,2026-09-16T23:08:01,9.12,39.7969558373824,0.0171070014616538,12.8164721292884,61.5984419799,59.3156399289797,61.413908048601,0,3,0.0639350836315341,0.33628721779812,MV-201,step_steer_python
914,2026年09月16日_23时08分01秒_第004次,2026-09-16T23:08:01,9.13,39.797766642235,0.0170783548357332,12.8162246108187,61.578781749105,59.4244261237348,61.3919173960934,0,3,0.0639334720105836,0.336264009509023,MV-201,step_steer_python
915,2026年09月16日_23时08分01秒_第004次,2026-09-16T23:08:01,9.14,39.7985920552805,0.0170495568060147,12.8159849962773,61.5588778844874,59.5331703162806,61.3696840883243,0,3,0.0639318659386034,0.336241845149917,MV-201,step_steer_python
916,2026年09月16日_23时08分01秒_第004次,2026-09-16T23:08:01,9.15,39.7994319513634,0.0170204472059917,12.8157472619938,61.5387304726628,59.6418720015448,61.3472082232326,0,3,0.0639302677231966,0.336220815348994,MV-201,step_steer_python
917,2026年09月16日_23时08分01秒_第004次,2026-09-16T23:08:01,9.16,39.8002861329454,0.0169913071651386,12.8155146889645,61.5183396017354,59.750530674244,61.324489899566,0,3,0.063928673382192,0.336200740534308,MV-201,step_steer_python
918,2026年09月16日_23时08分01秒_第004次,2026-09-16T23:08:01,9.17,39.8011544215571,0.0169619661638838,12.8152899326954,61.4977053610348,59.8591458287803,61.3015292170935,0,3,0.0639270853569069,0.336181714034155,MV-201,step_steer_python
919,2026年09月16日_23时08分01秒_第004次,2026-09-16T23:08:01,9.18,39.8020366855512,0.0169322954208637,12.8150676938924,61.476827840137,59.9677169591942,61.2783262765721,0,3,0.0639255055121221,0.336163807375732,MV-201,step_steer_python
920,2026年09月16日_23时08分01秒_第004次,2026-09-16T23:08:01,9.19,39.8029327301435,0.0169025473062655,12.8148508054117,61.4557071300246,60.0762435593039,61.2548811795387,0,3,0.0639239302789517,0.336146858630211,MV-201,step_steer_python
921,2026年09月16日_23时08分01秒_第004次,2026-09-16T23:08:01,9.2,39.8038423781921,0.0168729118868502,12.8146369527881,61.4343433222913,60.1847251225134,61.2311940283401,0,3,0.0639223569493727,0.336130743279577,MV-201,step_steer_python
922,2026年09月16日_23时08分01秒_第004次,2026-09-16T23:08:01,9.21,39.8047654578248,0.0168431078466851,12.8144310015522,61.4127365098751,60.2931611419801,61.2072649264202,0,3,0.0639207895317183,0.336115621334552,MV-201,step_steer_python
923,2026年09月16日_23时08分01秒_第004次,2026-09-16T23:08:01,9.22,39.8057018426399,0.0168129105335678,12.814227826032,61.3908867861714,60.4015511105541,61.1830939782663,0,3,0.0639192312575028,0.336101622453608,MV-201,step_steer_python
924,2026年09月16日_23时08分01秒_第004次,2026-09-16T23:08:01,9.23,39.806651337252,0.0167822803367445,12.814030117429,61.3687942465007,60.5098945209801,61.158681289727,0,3,0.0639176827394596,0.336088761641506,MV-201,step_steer_python
925,2026年09月16日_23时08分01秒_第004次,2026-09-16T23:08:01,9.24,39.8076137580201,0.0167511479031676,12.8138370187572,61.3464589870501,60.6181908656322,61.1340269676833,0,3,0.0639161450201928,0.336077072747151,MV-201,step_steer_python
926,2026年09月16日_23时08分01秒_第004次,2026-09-16T23:08:01,9.25,39.8085889341829,0.0167197741717453,12.8136464184515,61.3238811050953,60.7264396365982,61.109131120137,0,3,0.0639146144286993,0.336066390854479,MV-201,step_steer_python
927,2026年09月16日_23时08分01秒_第004次,2026-09-16T23:08:01,9.26,39.8095766951001,0.0166879734841191,12.8134634511444,61.3010606989796,60.8346403256857,61.0839938559217,0,3,0.0639130936476302,0.336056819941209,MV-201,step_steer_python
928,2026年09月16日_23时08分01秒_第004次,2026-09-16T23:08:01,9.27,39.8105769101387,0.016655596196441,12.8132838491154,61.277997867461,60.942792424381,61.0586152847209,0,3,0.0639115848667139,0.336048445343976,MV-201,step_steer_python
929,2026年09月16日_23时08分01秒_第004次,2026-09-16T23:08:01,9.28,39.8115893826449,0.0166228831278536,12.8131110735717,61.2546927107596,61.0508954239769,61.0329955169451,0,3,0.0639100847113622,0.336041113256062,MV-201,step_steer_python
930,2026年09月16日_23时08分01秒_第004次,2026-09-16T23:08:01,9.29,39.8126139338179,0.0165900159042047,12.8129431593947,61.2311453297311,61.1589488153544,61.0071346638078,0,3,0.0639085906247523,0.33603470546951,MV-201,step_steer_python
931,2026年09月16日_23时08分01秒_第004次,2026-09-16T23:08:01,9.3,39.8136503913344,0.0165571331348426,12.8127793547599,61.2073558258597,61.2669520890166,60.9810328374181,0,3,0.06390710064356,0.336029129253122,MV-201,step_steer_python
932,2026年09月16日_23时08分01秒_第004次,2026-09-16T23:08:01,9.31,39.8146985846052,0.0165243317249557,12.8126193032694,61.1833243014393,61.3749047351355,60.9546901508348,0,3,0.0639056133842809,0.336024316510504,MV-201,step_steer_python
933,2026年09月16日_23时08分01秒_第004次,2026-09-16T23:08:01,9.32,39.8157583438193,0.0164916737703357,12.8124628317545,61.1590508596524,61.4828062435725,60.928106718111,0,3,0.0639041279495909,0.336020219764295,MV-201,step_steer_python
934,2026年09月16日_23时08分01秒_第004次,2026-09-16T23:08:01,9.33,39.8168294996461,0.0164591930090971,12.8123099084345,61.1345356046315,61.5906561038938,60.9012826543258,0,3,0.0639026438402265,0.336016808410418,MV-201,step_steer_python
935,2026年09月16日_23时08分01秒_第004次,2026-09-16T23:08:01,9.34,39.8179118830902,0.0164269003802501,12.8121606081906,61.1097786415075,61.6984538053833,60.8742180755988,0,3,0.0639011608788703,0.336014065488926,MV-201,step_steer_python
936,2026年09月16日_23时08分01秒_第004次,2026-09-16T23:08:01,9.35,39.8190053254021,0.0163947887089472,12.812015082938,61.0847800764476,61.8061988370526,60.8469130990911,0,3,0.0638996791458655,0.336011984958542,MV-201,step_steer_python
937,2026年09月16日_23时08分01秒_第004次,2026-09-16T23:08:01,9.36,39.8201096580142,0.0163628365573314,12.8118735376773,61.0595400166833,61.9138906876494,60.8193678429979,0,3,0.0638981989263046,0.336010569453923,MV-201,step_steer_python
938,2026年09月16日_23时08分01秒_第004次,2026-09-16T23:08:01,9.37,39.8212247124898,0.0163310113343565,12.811736211444,61.0340585705322,62.0215288456644,60.7915824265381,0,3,0.0638967206672572,0.336009828472761,MV-201,step_steer_python
939,2026年09月16日_23时08分01秒_第004次,2026-09-16T23:08:01,9.38,39.822350320481,0.0162992717972046,12.8116033625914,61.0083358474142,62.1291127993367,60.7635569699453,0,3,0.0638952449433277,0.336009776915903,MV-201,step_steer_python
940,2026年09月16日_23时08分01秒_第004次,2026-09-16T23:08:01,9.39,39.8234863136928,0.0162675700925857,12.8114752579343,60.9823719578642,62.2366420366586,60.7352915944643,0,3,0.0638937724284957,0.336010433893666,MV-201,step_steer_python
941,2026年09月16日_23时08分01秒_第004次,2026-09-16T23:08:01,9.4,39.8246325238537,0.0162358534819381,12.8113521652518,60.9561670135424,62.3441160453801,60.7067864223549,0,3,0.0638923038722334,0.33601182171356,MV-201,step_steer_python
942,2026年09月16日_23时08分01秒_第004次,2026-09-16T23:08:01,9.41,39.8257887826934,0.0162040658727966,12.8112343485665,60.929721127241,62.4515343130118,60.6780415769032,0,3,0.0638908400781909,0.33601396497704,MV-201,step_steer_python
943,2026年09月16日_23时08分01秒_第004次,2026-09-16T23:08:01,9.42,39.826954921929,0.0161721492450568,12.8111220655677,60.9030344128898,62.558896326829,60.6490571824392,0,3,0.0638893818842026,0.336016889732649,MV-201,step_steer_python
944,2026年09月16日_23时08分01秒_第004次,2026-09-16T23:08:01,9.43,39.8281307732607,0.016140045019771,12.8110155665206,60.876106985559,62.6662015738734,60.6198333643573,0,3,0.0638879301429473,0.336020622657355,MV-201,step_steer_python
945,2026年09月16日_23时08分01秒_第004次,2026-09-16T23:08:01,9.44,39.8293161683791,0.016107695377093,12.8109150940392,60.8489389614596,62.7734495409558,60.5903702491379,0,3,0.0638864857031722,0.336025190262418,MV-201,step_steer_python
946,2026年09月16日_23时08分01秒_第004次,2026-09-16T23:08:01,9.45,39.8305109389827,0.0160750444939447,12.8108208831666,60.821530457941,62.8806397146572,60.5606679643657,0,3,0.0638850493919109,0.336030618141828,MV-201,step_steer_python
947,2026年09月16日_23时08分01秒_第004次,2026-09-16T23:08:01,9.46,39.8317149168059,0.0160420396476017,12.8107331613333,60.7938815934867,62.9877715813301,60.5307266387417,0,3,0.0638836219984697,0.336036930296215,MV-201,step_steer_python
948,2026年09月16日_23时08分01秒_第004次,2026-09-16T23:08:01,9.47,39.8329279336538,0.0160086321205599,12.8106521479083,60.7659924877073,63.0948446270982,60.5005464020879,0,3,0.0638822042611262,0.336044148571891,MV-201,step_steer_python
949,2026年09月16日_23时08分01秒_第004次,2026-09-16T23:08:01,9.48,39.8341498214427,0.0159747778479224,12.8105780532178,60.7378632613316,63.201858337857,60.4701273853437,0,3,0.0638807968574008,0.336052292251433,MV-201,step_steer_python
950,2026年09月16日_23时08分01秒_第004次,2026-09-16T23:08:01,9.49,39.8353804122427,0.0159404377679524,12.8105110770569,60.7094940361971,63.3088121992729,60.4394697205544,0,3,0.0638794003984959,0.336061377820716,MV-201,step_steer_python
951,2026年09月16日_23时08分01秒_第004次,2026-09-16T23:08:01,9.5,39.8366195383196,0.0159055778662411,12.8104514068551,60.6808849352392,63.4157056967825,60.4085735408544,0,3,0.0638780154280728,0.336071418919527,MV-201,step_steer_python
952,2026年09月16日_23时08分01秒_第004次,2026-09-16T23:08:01,9.51,39.8378670321726,0.0158701689382646,12.8103992157327,60.6520360824817,63.5225383155925,60.3774389804463,0,3,0.0638766424250504,0.336082426462125,MV-201,step_steer_python
953,2026年09月16日_23时08分01秒_第004次,2026-09-16T23:08:01,9.52,39.8391227265678,0.0158341861270075,12.8103546607356,60.6229476030275,63.6293095406785,60.346066174581,0,3,0.0638752818096468,0.336094408894793,MV-201,step_steer_python
954,2026年09月16日_23时08分01秒_第004次,2026-09-16T23:08:01,9.53,39.8403864545649,0.0157976083160035,12.8103178815116,60.5936196230518,63.7360188567861,60.3144552595392,0,3,0.0638739339515424,0.336107372542817,MV-201,step_steer_python
955,2026年09月16日_23时08分01秒_第004次,2026-09-16T23:08:01,9.54,39.8416580495376,0.0157604174691952,12.8102889996352,60.564052269796,63.8426657484303,60.2826063726187,0,3,0.0638725991788756,0.336121321992345,MV-201,step_steer_python
956,2026年09月16日_23时08分01秒_第004次,2026-09-16T23:08:01,9.55,39.8429373451888,0.0157225980061502,12.8102681186865,60.5342456715643,63.9492496998974,60.2505196521271,0,3,0.0638712777868103,0.336136260453822,MV-201,step_steer_python
957,2026年09月16日_23时08分01秒_第004次,2026-09-16T23:08:01,9.56,39.8442241759109,0.0156845609474889,12.8102494657459,60.504199957006,64.0557701950566,60.2181952371707,0,3,0.0638699639737304,0.336151933161734,MV-201,step_steer_python
958,2026年09月16日_23时08分01秒_第004次,2026-09-16T23:08:01,9.57,39.8455183327749,0.0156466153950325,12.8102377534754,60.4739152561812,64.162226717549,60.1856332677677,0,3,0.0638686533464737,0.336168142558699,MV-201,step_steer_python
959,2026年09月16日_23时08分01秒_第004次,2026-09-16T23:08:01,9.58,39.8468196806189,0.0156085967581919,12.8102292675615,60.4433916995264,64.2686187506026,60.1528338851107,0,3,0.06386734824719,0.336184980213037,MV-201,step_steer_python
960,2026年09月16日_23时08分01秒_第004次,2026-09-16T23:08:01,9.59,39.8481280653263,0.0155703637469693,12.8102262972819,60.4126294188176,64.3749457773561,60.1197972315879,0,3,0.0638660507043734,0.336202523370813,MV-201,step_steer_python
961,2026年09月16日_23时08分01秒_第004次,2026-09-16T23:08:01,9.6,39.8494433265818,0.0155321915961576,12.8102243405645,60.3816285465747,64.4812072806607,60.0865234505603,0,3,0.0638647568086387,0.336220597645347,MV-201,step_steer_python
962,2026年09月16日_23时08分01秒_第004次,2026-09-16T23:08:01,9.61,39.8507652613489,0.0154942768222644,12.8102284880817,60.3503892169345,64.5874027432212,60.053012686455,0,3,0.0638634637434266,0.336239072534513,MV-201,step_steer_python
963,2026年09月16日_23时08分01秒_第004次,2026-09-16T23:08:01,9.62,39.8520937360313,0.0154563837336348,12.8102356910623,60.3189115646276,64.6935316473978,60.0192650849773,0,3,0.0638621748477392,0.336258081886439,MV-201,step_steer_python
964,2026年09月16日_23时08分01秒_第004次,2026-09-16T23:08:01,9.63,39.8534285986646,0.015418313902359,12.8102484795434,60.2871957258524,64.7995934755113,59.9852807930851,0,3,0.0638608929557083,0.336277737167564,MV-201,step_steer_python
965,2026年09月16日_23时08分01秒_第004次,2026-09-16T23:08:01,9.64,39.8547696935881,0.0153800962777834,12.8102609750638,60.2552418378806,64.9055877097065,59.9510599592262,0,3,0.0638596176743604,0.336298013070217,MV-201,step_steer_python
966,2026年09月16日_23时08分01秒_第004次,2026-09-16T23:08:01,9.65,39.856116809155,0.0153417016498774,12.8102804910581,60.223050039905,65.0115138320734,59.9166027330539,0,3,0.0638583494387388,0.336318916230831,MV-201,step_steer_python
967,2026年09月16日_23时08分01秒_第004次,2026-09-16T23:08:01,9.66,39.8574698186673,0.0153029882196814,12.8103024110409,60.190620472111,65.1173713244837,59.8819092656672,0,3,0.0638570902968914,0.336340526252896,MV-201,step_steer_python
968,2026年09月16日_23时08分01秒_第004次,2026-09-16T23:08:01,9.67,39.8588285738524,0.0152642240912258,12.810324574416,60.1579532751515,65.2231596685052,59.8469797088714,0,3,0.0638558364537113,0.336362674264761,MV-201,step_steer_python
969,2026年09月16日_23时08分01秒_第004次,2026-09-16T23:08:01,9.68,39.8601928787631,0.0152255900953599,12.8103528318926,60.1250485914085,65.32887834564,59.8118142152887,0,3,0.0638545853300592,0.336385240217498,MV-201,step_steer_python
970,2026年09月16日_23时08分01秒_第004次,2026-09-16T23:08:01,9.69,39.8615626020036,0.0151868541704771,12.8103848082681,60.0919065639142,65.4345268370791,59.7764129386405,0,3,0.0638533402280761,0.336408356532818,MV-201,step_steer_python
971,2026年09月16日_23时08分01秒_第004次,2026-09-16T23:08:01,9.7,39.862937594512,0.0151482299618699,12.8104175715102,60.0585273364777,65.5401046237942,59.7407760335892,0,3,0.0638520981055656,0.33643188616388,MV-201,step_steer_python
972,2026年09月16日_23时08分01秒_第004次,2026-09-16T23:08:01,9.71,39.8643176586004,0.0151098536401519,12.8104570918125,60.0249110547614,65.645611186732,59.7049036558443,0,3,0.0638508570026552,0.336455735178651,MV-201,step_steer_python
973,2026年09月16日_23时08分01秒_第004次,2026-09-16T23:08:01,9.72,39.8657026667991,0.0150714280496634,12.8105006758048,59.9910578651367,65.7510460065521,59.6687959624153,0,3,0.0638496211381477,0.336480075014519,MV-201,step_steer_python
974,2026年09月16日_23时08分01秒_第004次,2026-09-16T23:08:01,9.73,39.8670924725194,0.0150331396757379,12.8105451918493,59.9569679148199,65.8564085637284,59.6324531114011,0,3,0.0638483878518995,0.336504784935452,MV-201,step_steer_python
975,2026年09月16日_23时08分01秒_第004次,2026-09-16T23:08:01,9.74,39.8684868775959,0.0149951040421776,12.8105969102687,59.9226413529887,65.9616983387543,59.5958752620574,0,3,0.0638471554761889,0.336529783352804,MV-201,step_steer_python
976,2026年09月16日_23时08分01秒_第004次,2026-09-16T23:08:01,9.75,39.869885758121,0.0149569880698792,12.8106529424732,59.8880783295508,66.0669148118511,59.5590625750169,0,3,0.0638459287428011,0.33655526361583,MV-201,step_steer_python
977,2026年09月16日_23时08分01秒_第004次,2026-09-16T23:08:01,9.76,39.8712889698939,0.0149189738820282,12.8107099938002,59.853278995277,66.172057463072,59.5220152120259,0,3,0.0638447050576239,0.336581107920613,MV-201,step_steer_python
978,2026年09月16日_23时08分01秒_第004次,2026-09-16T23:08:01,9.77,39.8726963145476,0.0148811751676151,12.8107746184118,59.8182435029572,66.2771257725211,59.4847333359802,0,3,0.0638434827833519,0.336607235960671,MV-201,step_steer_python
979,2026年09月16日_23时08分01秒_第004次,2026-09-16T23:08:01,9.78,39.8741076715797,0.0148432395359488,12.8108437629702,59.7829720061013,66.3821192200353,59.4472171111306,0,3,0.0638422669322489,0.336633853148889,MV-201,step_steer_python
980,2026年09月16日_23时08分01秒_第004次,2026-09-16T23:08:01,9.79,39.8755228991169,0.0148053560011391,12.8109139653461,59.7474646590742,66.4870372852936,59.4094667027953,0,3,0.0638410548183756,0.336660837929594,MV-201,step_steer_python
981,2026年09月16日_23时08分01秒_第004次,2026-09-16T23:08:01,9.8,39.8769417985826,0.0147676435765818,12.8109920534264,59.7117216183002,66.5918794480523,59.3714822773977,0,3,0.0638398447341802,0.336688107018085,MV-201,step_steer_python
982,2026年09月16日_23时08分01秒_第004次,2026-09-16T23:08:01,9.81,39.8783642527795,0.0147297349453174,12.8110748085472,59.6757430409066,66.6966451878032,59.3332640026897,0,3,0.0638386419105515,0.33671587526769,MV-201,step_steer_python
983,2026年09月16日_23时08分01秒_第004次,2026-09-16T23:08:01,9.82,39.879790122068,0.0146918284550452,12.811158592927,59.6395290848659,66.8013339838892,59.2948120474679,0,3,0.0638374435351235,0.336744015901575,MV-201,step_steer_python
984,2026年09月16日_23时08分01秒_第004次,2026-09-16T23:08:01,9.83,39.8812192075594,0.0146540497861265,12.8112505076019,59.6030799102518,66.9059453157586,59.2561265816337,0,3,0.0638362478109368,0.336772441840295,MV-201,step_steer_python
985,2026年09月16日_23时08分01秒_第004次,2026-09-16T23:08:01,9.84,39.8826513953181,0.0146160176382309,12.8113471662434,59.5663956778265,67.0104786625987,59.2172077764437,0,3,0.0638350601738987,0.336801376799408,MV-201,step_steer_python
986,2026年09月16日_23时08分01秒_第004次,2026-09-16T23:08:01,9.85,39.8840865479344,0.0145779413445949,12.8114447533591,59.5294765491895,67.1149335034572,59.1780558042295,0,3,0.0638338776613623,0.336830687771196,MV-201,step_steer_python
987,2026年09月16日_23时08分01秒_第004次,2026-09-16T23:08:01,9.86,39.8855244662306,0.0145399555258338,12.8115506488009,59.4923226880833,67.2193093175158,59.1386708384706,0,3,0.0638326983540283,0.336860282489132,MV-201,step_steer_python
988,2026年09月16日_23时08分01秒_第004次,2026-09-16T23:08:01,9.87,39.8869650397241,0.0145020259595282,12.8116563501657,59.4549342583302,67.3236055834964,59.0990530538816,0,3,0.0638315227304458,0.336890175069769,MV-201,step_steer_python
989,2026年09月16日_23时08分01秒_第004次,2026-09-16T23:08:01,9.88,39.8884080965958,0.0144641051176175,12.8117692698826,59.4173114257643,67.427821780312,59.059202626472,0,3,0.0638303514634221,0.336920384461322,MV-201,step_steer_python
990,2026年09月16日_23时08分01秒_第004次,2026-09-16T23:08:01,9.89,39.8898535188787,0.0144261668388173,12.8118829107795,59.379454356786,67.5319573866037,59.0191197334956,0,3,0.0638291849259241,0.336950919901891,MV-201,step_steer_python
991,2026年09月16日_23时08分01秒_第004次,2026-09-16T23:08:01,9.9,39.891301132547,0.0143881709655732,12.8120042632146,59.3413632198209,67.6360118812013,58.9788045534996,0,3,0.063828023694098,0.336981796131027,MV-201,step_steer_python
992,2026年09月16日_23时08分01秒_第004次,2026-09-16T23:08:01,9.91,39.8927508208956,0.0143501027834436,12.8121265360689,59.3030381837888,67.7399847426389,58.9382572662652,0,3,0.0638268679851037,0.337013015866501,MV-201,step_steer_python
993,2026年09月16日_23时08分01秒_第004次,2026-09-16T23:08:01,9.92,39.8942024104273,0.014311932813338,12.8122567996009,59.2644794196293,67.8438754496474,58.89747805284,0,3,0.0638257182289127,0.337044587695038,MV-201,step_steer_python
994,2026年09月16日_23时08分01秒_第004次,2026-09-16T23:08:01,9.93,39.8956557863618,0.0142736568367714,12.8123880511554,59.2256870987418,67.9476834806544,58.8564670954682,0,3,0.0638245744978578,0.337076508315387,MV-201,step_steer_python
995,2026年09月16日_23时08分01秒_第004次,2026-09-16T23:08:01,9.94,39.8971107758953,0.014235254147277,12.8125274696178,59.1866613945447,68.0514083142958,58.8152245776248,0,3,0.0638234371004797,0.337108781217692,MV-201,step_steer_python
996,2026年09月16日_23时08分01秒_第004次,2026-09-16T23:08:01,9.95,39.898567266279,0.0141967282679461,12.8126678545106,59.1474024808874,68.1550494288984,58.7737506839504,0,3,0.0638223060013837,0.337141398657613,MV-201,step_steer_python
997,2026年09月16日_23时08分01秒_第004次,2026-09-16T23:08:01,9.96,39.9000250854294,0.014158064280962,12.8128165123588,59.1079105336455,68.2586063030121,58.7320456002962,0,3,0.0638211814283872,0.337174360752915,MV-201,step_steer_python
998,2026年09月16日_23时08分01秒_第004次,2026-09-16T23:08:01,9.97,39.9014841226607,0.0141192703114369,12.8129660574774,59.0681857291044,68.3620784148748,58.6901095136705,0,3,0.0638200632816518,0.337207657149647,MV-201,step_steer_python
999,2026年09月16日_23时08分01秒_第004次,2026-09-16T23:08:01,9.98,39.9029442066502,0.0140803344918195,12.8131239325532,59.0282282455906,68.4654652429652,58.6479426122979,0,3,0.0638189517461913,0.337241286200203,MV-201,step_steer_python
1000,2026年09月16日_23时08分01秒_第004次,2026-09-16T23:08:01,9.99,39.9044052288146,0.014041267254508,12.8132825775366,58.988038261826,68.5687662654496,58.6055450855758,0,3,0.063817846689625,0.337275236293188,MV-201,step_steer_python
1001,2026年09月16日_23时08分01秒_第004次,2026-09-16T23:08:01,10,39.9058670186822,0.0140020582482427,12.8134495727806,58.9476159585924,68.6719809607543,58.562917124143,0,3,0.0638167482754595,0.337309504921847,MV-201,step_steer_python
1002,2026年09月16日_23时08分01秒_第004次,2026-09-16T23:08:01,10.01,39.9073294698408,0.0139627193484872,12.8136171939844,58.9069615170562,68.7751088069945,58.5200589198392,0,3,0.0638156563506748,0.337344079724847,MV-201,step_steer_python
1003,2026年09月16日_23时08分01秒_第004次,2026-09-16T23:08:01,10.02,39.9087924127971,0.0139232415523528,12.813793157714,58.8660751204626,68.8781492825649,58.476970665774,0,3,0.0638145710593213,0.337378957430078,MV-201,step_steer_python
1004,2026年09月16日_23时08分01秒_第004次,2026-09-16T23:08:01,10.03,39.9102557433884,0.0138836384446145,12.8139695863765,58.8249569524307,68.9811018655497,58.4336525562807,0,3,0.0638134922236034,0.337414124755485,MV-201,step_steer_python
1005,2026年09月16日_23时08分01秒_第004次,2026-09-16T23:08:01,10.04,39.9117192932237,0.0138439029053076,12.8141543309031,58.783607198675,69.0839660343321,58.390104786979,0,3,0.0638124199601123,0.337449577331717,MV-201,step_steer_python
1006,2026年09月16日_23时08分01秒_第004次,2026-09-16T23:08:01,10.05,39.9131829604403,0.0138040506868527,12.8143393728189,58.7420260452717,69.1867412669854,58.3463275547185,0,3,0.0638113540593004,0.337485300663494,MV-201,step_steer_python
1007,2026年09月16日_23时08分01秒_第004次,2026-09-16T23:08:01,10.06,39.9146465778396,0.0137640767851694,12.8145326951241,58.7002136804065,69.2894270419,58.3023210576341,0,3,0.0638102946064905,0.337521289127949,MV-201,step_steer_python
1008,2026年09月16日_23时08分01秒_第004次,2026-09-16T23:08:01,10.07,39.916110045861,0.0137239988699783,12.8147261514802,58.6581702926147,69.3920228371572,58.2580854950804,0,3,0.0638092413634556,0.337557527146664,MV-201,step_steer_python
1009,2026年09月16日_23时08分01秒_第004次,2026-09-16T23:08:01,10.08,39.9175731985469,0.0136838133646252,12.8149278525384,58.6158960725538,69.4945281311739,58.2136210676834,0,3,0.063808194393616,0.337594008242236,MV-201,step_steer_python
1010,2026年09月16日_23时08分01秒_第004次,2026-09-16T23:08:01,10.09,39.9190359385972,0.0136435386748179,12.8151295362991,58.5733912112215,69.5969424020596,58.1689279772727,0,3,0.0638071534465581,0.337630716448717,MV-201,step_steer_python
1011,2026年09月16日_23时08分01秒_第004次,2026-09-16T23:08:01,10.1,39.9204981013198,0.0136031712263965,12.8153394332786,58.5306559017516,69.6992651282788,58.1240064269359,0,3,0.0638061185839145,0.337667645286736,MV-201,step_steer_python
1012,2026年09月16日_23时08分01秒_第004次,2026-09-16T23:08:01,10.11,39.9219595916147,0.0135627286094471,12.8155491762419,58.4876903376123,69.8014957879915,58.0788566209544,0,3,0.0638050895651792,0.337704779334424,MV-201,step_steer_python
1013,2026年09月16日_23时08分01秒_第004次,2026-09-16T23:08:01,10.12,39.9234202460806,0.0135222058687716,12.815767104813,58.4444947144243,69.9036338597339,58.0334787648652,0,3,0.063804066470072,0.337742112952894,MV-201,step_steer_python
1014,2026年09月16日_23时08分01秒_第004次,2026-09-16T23:08:01,10.13,39.9248799717662,0.0134816187064695,12.815984755103,58.4010692281409,70.0056788217421,57.9878730654026,0,3,0.0638030490835845,0.337779631921203,MV-201,step_steer_python
1015,2026年09月16日_23时08分01秒_第004次,2026-09-16T23:08:01,10.14,39.9263386090213,0.0134407064568723,12.8162097345655,58.357414077196,70.1076301527863,57.9420397310676,0,3,0.063802041139763,0.33781748546233,MV-201,step_steer_python
1016,2026年09月16日_23时08分01秒_第004次,2026-09-16T23:08:01,10.15,39.9277960619772,0.0133992540734363,12.8164349320503,58.3135294605339,70.2094873314164,57.8959789717322,0,3,0.0638010457512869,0.337855800025262,MV-201,step_steer_python
1017,2026年09月16日_23时08分01秒_第004次,2026-09-16T23:08:01,10.16,39.929252170848,0.0133573933887577,12.8166676964355,58.2694155796932,70.3112498367727,57.8496909987258,0,3,0.063800061097314,0.337894489746264,MV-201,step_steer_python
1018,2026年09月16日_23时08分01秒_第004次,2026-09-16T23:08:01,10.17,39.9307068472562,0.0133152649578007,12.8168995066497,58.2250726361169,70.4129171475324,57.8031760242816,0,3,0.0637990852167323,0.337933466768099,MV-201,step_steer_python
1019,2026年09月16日_23时08分01秒_第004次,2026-09-16T23:08:01,10.18,39.9321599305997,0.0132729598538005,12.8171392693452,58.1805008332842,70.5144887427412,57.7564342616798,0,3,0.0637981168392071,0.337972668483057,MV-201,step_steer_python
1020,2026年09月16日_23时08分01秒_第004次,2026-09-16T23:08:01,10.19,39.9336113341249,0.0132305718487361,12.8173781395703,58.1357003748383,70.6159641010886,57.7094659252709,0,3,0.0637971546450623,0.338012034272158,MV-201,step_steer_python
1021,2026年09月16日_23时08分01秒_第004次,2026-09-16T23:08:01,10.2,39.935060898871,0.0131881533721784,12.8176249688463,58.0906714665297,70.7173427016748,57.6622712306097,0,3,0.0637961978945678,0.338051524076996,MV-201,step_steer_python
1022,2026年09月16日_23时08分01秒_第004次,2026-09-16T23:08:01,10.21,39.9365085409349,0.0131457632761,12.8178707794379,58.0454143143283,70.8186240232731,57.6148503944416,0,3,0.0637952457499853,0.33809109783449,MV-201,step_steer_python
1023,2026年09月16日_23时08分01秒_第004次,2026-09-16T23:08:01,10.22,39.9379541033585,0.0131034254505657,12.8181245033272,57.9999291263792,70.9198075451122,57.5672036348057,0,3,0.063794297866433,0.33813073231018,MV-201,step_steer_python
1024,2026年09月16日_23时08分01秒_第004次,2026-09-16T23:08:01,10.23,39.9393975047724,0.0130611743449177,12.8183771137246,57.9542161110925,71.0208927461191,57.5193311709903,0,3,0.0637933537452531,0.338170401933571,MV-201,step_steer_python
1025,2026年09月16日_23时08分01秒_第004次,2026-09-16T23:08:01,10.24,39.9408385902452,0.0130190149456318,12.8186376015503,57.9082754790949,71.1218791057111,57.4712332236073,0,3,0.0637924133049138,0.338210094730376,MV-201,step_steer_python
1026,2026年09月16日_23时08分01秒_第004次,2026-09-16T23:08:01,10.25,39.9422772806658,0.0129769661443693,12.8188969299357,57.8621074413075,71.2227661030227,57.4229100145227,0,3,0.0637914762645082,0.338249794472735,MV-201,step_steer_python
1027,2026年09月16日_23时08分01秒_第004次,2026-09-16T23:08:01,10.26,39.9437134230813,0.0129350210438701,12.8191641269917,57.8157122108913,71.3235532177058,57.3743617669136,0,3,0.0637905427095716,0.338289496369047,MV-201,step_steer_python
1028,2026年09月16日_23时08分01秒_第004次,2026-09-16T23:08:01,10.27,39.945146940418,0.0128931886353374,12.8194301596877,57.7690900013202,71.424239929144,57.325588705189,0,3,0.063789612499315,0.338329190236407,MV-201,step_steer_python
1029,2026年09月16日_23时08分01秒_第004次,2026-09-16T23:08:01,10.28,39.9465776816261,0.0128514541379818,12.8197040716609,57.7222410283216,71.5248257172609,57.2765910550462,0,3,0.0637886858317281,0.338368876150467,MV-201,step_steer_python
1030,2026年09月16日_23时08分01秒_第004次,2026-09-16T23:08:01,10.29,39.9480055715078,0.0128098196609998,12.8199768337499,57.6751655079508,71.6253100617248,57.2273690433971,0,3,0.0637877626650903,0.338408548227,MV-201,step_steer_python
1031,2026年09月16日_23时08分01秒_第004次,2026-09-16T23:08:01,10.3,39.9494304608497,0.0127682646900524,12.8202574872687,57.6278636585259,71.7256924427652,57.1779228984357,0,3,0.0637868432808539,0.33844821017822,MV-201,step_steer_python
1032,2026年09月16日_23时08分01秒_第004次,2026-09-16T23:08:01,10.31,39.9508522762325,0.0127267864004008,12.8205370023149,57.5803356987069,71.8259723403684,57.1282528495776,0,3,0.0637859277100077,0.338487859297643,MV-201,step_steer_python
1033,2026年09月16日_23时08分01秒_第004次,2026-09-16T23:08:01,10.32,39.9522708702427,0.0126853604305121,12.8208244074664,57.5325818494245,71.926149235102,57.0783591275401,0,3,0.0637850162917606,0.338527501844034,MV-201,step_steer_python
1034,2026年09月16日_23时08分01秒_第004次,2026-09-16T23:08:01,10.33,39.9536861712086,0.0126439812714641,12.8211106686007,57.4846023319627,72.0262226073024,57.0282419642915,0,3,0.0637841090986857,0.338567136969644,MV-201,step_steer_python
1035,2026年09月16日_23时08分01秒_第004次,2026-09-16T23:08:01,10.34,39.9550980335149,0.0126026232486833,12.8214047999358,57.4363973698812,72.1261919379055,56.9779015931366,0,3,0.0637832064922921,0.338606771979096,MV-201,step_steer_python
1036,2026年09月16日_23时08分01秒_第004次,2026-09-16T23:08:01,10.35,39.9565063872601,0.012561281061274,12.8216977626673,57.3879671870999,72.2260567076255,56.9273382486659,0,3,0.0637823085458635,0.338646406154738,MV-201,step_steer_python
1037,2026年09月16日_23时08分01秒_第004次,2026-09-16T23:08:01,10.36,39.9579110886509,0.0125199306791046,12.8219985617132,57.3393120098137,72.3258163977928,56.8765521668361,0,3,0.0637814156010598,0.338686046064514,MV-201,step_steer_python
1038,2026年09月16日_23时08分01秒_第004次,2026-09-16T23:08:01,10.37,39.9593120696092,0.0124785698334709,12.8222981550714,57.2904320645779,72.4254704895223,56.8255435849092,0,3,0.0637805276912822,0.338725689405832,MV-201,step_steer_python
1039,2026年09月16日_23时08分01秒_第004次,2026-09-16T23:08:01,10.38,39.9607091881984,0.0124371785285921,12.822605545415,57.2413275802166,72.5250184645587,56.7743127415219,0,3,0.0637796451036235,0.338765340542489,MV-201,step_steer_python
1040,2026年09月16日_23时08分01秒_第004次,2026-09-16T23:08:01,10.39,39.9621023782208,0.0123957592171005,12.8229116889096,57.1919987859091,72.6244598044358,56.7228598766115,0,3,0.0637787678066199,0.338804994532724,MV-201,step_steer_python
1041,2026年09月16日_23时08分01秒_第004次,2026-09-16T23:08:01,10.4,39.9634914996301,0.0123542968430484,12.8232255902266,57.1424459130936,72.723793991329,56.6711852314744,0,3,0.0637778960188179,0.338844652946367,MV-201,step_steer_python
1042,2026年09月16日_23时08分01秒_第004次,2026-09-16T23:08:01,10.41,39.9648764881499,0.0123127985523518,12.8235382037554,57.0926691935565,72.8230205072062,56.6192890486838,0,3,0.0637770296431481,0.338884308173299,MV-201,step_steer_python
1043,2026年09月16日_23时08分01秒_第004次,2026-09-16T23:08:01,10.42,39.966257205654,0.0122712534778768,12.8238585350438,57.0426688613329,72.9221388346892,56.5671715721435,0,3,0.063776168839209,0.338923959397101,MV-201,step_steer_python
1044,2026年09月16日_23时08分01秒_第004次,2026-09-16T23:08:01,10.43,39.9676335898037,0.0122296720082002,12.8241775359093,56.9924451508013,73.0211484561967,56.5148330470062,0,3,0.0637753134640144,0.338963597173344,MV-201,step_steer_python
1045,2026年09月16日_23时08分01秒_第004次,2026-09-16T23:08:01,10.44,39.9690055044201,0.0121880457060441,12.8245042068534,56.941998298582,73.1200488548151,56.4622737197313,0,3,0.0637744636424823,0.339003219327771,MV-201,step_steer_python
1046,2026年09月16日_23时08分01秒_第004次,2026-09-16T23:08:01,10.45,39.9703728891015,0.0121463862577702,12.8248294971306,56.8913285416381,73.2188395134336,56.4094938380101,0,3,0.0637736192128433,0.339042815729763,MV-201,step_steer_python
1047,2026年09月16日_23时08分01秒_第004次,2026-09-16T23:08:01,10.46,39.9717356096478,0.0121046858961894,12.825162394285,56.8404361191716,73.3175199156255,56.3564936508336,0,3,0.0637727802900519,0.339082383894891,MV-201,step_steer_python
1048,2026年09月16日_23时08分01秒_第004次,2026-09-16T23:08:01,10.47,39.9730936075868,0.0120629561325409,12.8254938475844,56.7893212707317,73.4160895447757,56.3032734084269,0,3,0.0637719467143791,0.339121913887117,MV-201,step_steer_python
1049,2026年09月16日_23时08分01秒_第004次,2026-09-16T23:08:01,10.48,39.9744467507371,0.01202118888269,12.8258328249377,56.7379842381057,73.5145478849695,56.2498333623253,0,3,0.0637711186048681,0.339161403508597,MV-201,step_steer_python
1050,2026年09月16日_23时08分01秒_第004次,2026-09-16T23:08:01,10.49,39.9757949825518,0.011979394983864,12.82617028168,56.6864252634355,73.6128944201146,56.1961737653146,0,3,0.0637702958110207,0.339200843321817,MV-201,step_steer_python
1051,2026年09月16日_23时08分01秒_第004次,2026-09-16T23:08:01,10.5,39.9771381729133,0.0119375660227696,12.8265151625499,56.6346445911006,73.7111286348363,56.1422948715112,0,3,0.0637694784562603,0.33924023143025,MV-201,step_steer_python
1052,2026年09月16日_23时08分01秒_第004次,2026-09-16T23:08:01,10.51,39.9784762671979,0.0118957125337445,12.8268584380467,56.5826424658421,73.8092500135924,56.088196936302,0,3,0.0637686663941324,0.339279558675175,MV-201,step_steer_python
1053,2026年09月16日_23时08分01秒_第004次,2026-09-16T23:08:01,10.52,39.9798091373929,0.0118538264026913,12.8272090290577,56.5304191346368,73.9072580415748,56.0338802164205,0,3,0.0637678597435327,0.339318823086545,MV-201,step_steer_python
1054,2026年09月16日_23时08分01秒_第004次,2026-09-16T23:08:01,10.53,39.9811367307903,0.0118119185846898,12.8275579316882,56.4779748448287,74.0051522038178,55.9793449698823,0,3,0.0637670583517056,0.339358015346134,MV-201,step_steer_python
1055,2026年09月16日_23时08分01秒_第004次,2026-09-16T23:08:01,10.54,39.9824589215119,0.011769981946619,12.8279140429442,56.4253098459922,74.1029319861049,55.924591456054,0,3,0.0637662623231874,0.339397132995813,MV-201,step_steer_python
1056,2026年09月16日_23时08分01秒_第004次,2026-09-16T23:08:01,10.55,39.9837756587453,0.0117280283498468,12.8282683940169,56.372424388073,74.2005968740711,55.8696199355811,0,3,0.0637654714918148,0.339436166255883,MV-201,step_steer_python
1057,2026年09月16日_23时08分01秒_第004次,2026-09-16T23:08:01,10.56,39.9850868187642,0.0116860518746264,12.8286298558106,56.3193187232397,74.298146354115,55.8144306704514,0,3,0.0637646859442193,0.339475112030936,MV-201,step_steer_python
1058,2026年09月16日_23时08分01秒_第004次,2026-09-16T23:08:01,10.57,39.9863923526218,0.0116440651783778,12.8289895013003,56.2659931040361,74.3955799124956,55.7590239239189,0,3,0.0637639055021555,0.339513960134148,MV-201,step_steer_python
1059,2026年09月16日_23时08分01秒_第004次,2026-09-16T23:08:01,10.58,39.9876921387581,0.0116020631620059,12.8293561691365,56.2124477852205,74.4928970362494,55.7033999605643,0,3,0.0637631302397267,0.33955270706107,MV-201,step_steer_python
1060,2026年09月16日_23时08分01秒_第004次,2026-09-16T23:08:01,10.59,39.9889861300612,0.0115600586067612,12.8297209776721,56.1586830219314,74.5900972122834,55.6475590462203,0,3,0.0637623599760242,0.339591342614552,MV-201,step_steer_python
1061,2026年09月16日_23时08分01秒_第004次,2026-09-16T23:08:01,10.6,39.9902742071596,0.0115180464318323,12.8300927237439,56.1046990715146,74.6871799282962,55.5915014480348,0,3,0.0637615947839826,0.339629863362935,MV-201,step_steer_python
1062,2026年09月16日_23时08分01秒_第004次,2026-09-16T23:08:01,10.61,39.9915563247531,0.0114760386867511,12.8304625730267,56.0504961917031,74.7841446718682,55.5352274344,0,3,0.0637608344922438,0.339668259614275,MV-201,step_steer_python
1063,2026年09月16日_23时08分01秒_第004次,2026-09-16T23:08:01,10.62,39.992832365693,0.0114340295608858,12.830839270156,55.9960746424314,74.8809909313864,55.4787372750221,0,3,0.0637600791833524,0.339706528467632,MV-201,step_steer_python
1064,2026年09月16日_23时08分01秒_第004次,2026-09-16T23:08:01,10.63,39.9941022864764,0.0113920298215537,12.8312140307748,55.9414346840308,74.9777181951325,55.4220312408552,0,3,0.0637593287035436,0.339744661075736,MV-201,step_steer_python
1065,2026年09月16日_23时08分01秒_第004次,2026-09-16T23:08:01,10.64,39.9953659722153,0.0113500326600701,12.8315955391493,55.8865765790287,75.0743259522094,55.3651096041748,0,3,0.0637585831490443,0.339782655242693,MV-201,step_steer_python
1066,2026年09月16日_23时08分01秒_第004次,2026-09-16T23:08:01,10.65,39.9966233811919,0.0113080476100154,12.8319750659657,55.8315005903596,75.1708136916284,55.3079726385153,0,3,0.0637578423832594,0.339820502947196,MV-201,step_steer_python
1067,2026年09月16日_23时08分01秒_第004次,2026-09-16T23:08:01,10.66,39.9978744008095,0.011266067196368,12.832361230751,55.7762069831481,75.2671809032369,55.2506206187442,0,3,0.0637571065116197,0.339858202510435,MV-201,step_steer_python
1068,2026年09月16日_23时08分01秒_第004次,2026-09-16T23:08:01,10.67,39.999118991116,0.011224100283138,12.8327453666926,55.7206960229361,75.3634270768033,55.1930538209986,0,3,0.0637563754068589,0.339895746404097,MV-201,step_steer_python
1069,2026年09月16日_23时08分01秒_第004次,2026-09-16T23:08:01,10.68,40.0003570418222,0.0111821394085497,12.8331360271812,55.664967977447,75.4595517029469,55.1352725227563,0,3,0.0637556491740543,0.339933133062775,MV-201,step_steer_python
1070,2026年09月16日_23时08分01秒_第004次,2026-09-16T23:08:01,10.69,40.0015885147147,0.0111401934570982,12.8335246160378,55.6090231148306,75.5555542722199,55.0772770027693,0,3,0.0637549276854811,0.339970355035331,MV-201,step_steer_python
1071,2026年09月16日_23时08分01秒_第004次,2026-09-16T23:08:01,10.7,40.002813301817,0.0110982555679658,12.8339196195652,55.5528617054073,75.6514342760382,55.0190675411298,0,3,0.0637542110374575,0.340007410514217,MV-201,step_steer_python
1072,2026年09月16日_23时08分01秒_第004次,2026-09-16T23:08:01,10.71,40.004031366623,0.011056335040017,12.8343125188787,55.4964840199315,75.7471912057633,54.9606444191999,0,3,0.0637534990960957,0.340044291882257,MV-201,step_steer_python
1073,2026年09月16日_23时08分01秒_第004次,2026-09-16T23:08:01,10.72,40.0052426034735,0.0110144257835245,12.8347117302256,55.4398903313164,75.8428245536316,54.9020079196744,0,3,0.0637527919464024,0.340080996981881,MV-201,step_steer_python
1074,2026年09月16日_23时08分01秒_第004次,2026-09-16T23:08:01,10.73,40.0064469775424,0.0109725374303508,12.8351088160518,55.3830809129161,75.9383338118375,54.8431583265087,0,3,0.0637520894493502,0.340117518071577,MV-201,step_steer_python
1075,2026年09月16日_23时08分01秒_第004次,2026-09-16T23:08:01,10.74,40.0076443854996,0.0109306643958725,12.8355121167186,55.326056040231,76.0337184734621,54.7840959249804,0,3,0.0637513916823065,0.34015385279971,MV-201,step_steer_python
1076,2026年09月16日_23时08分01秒_第004次,2026-09-16T23:08:01,10.75,40.0088347941796,0.0108888162304477,12.8359132778818,55.2688159892109,76.1289780315574,54.7248210016187,0,3,0.0637506985069308,0.34018999354585,MV-201,step_steer_python
1077,2026年09月16日_23时08分01秒_第004次,2026-09-16T23:08:01,10.76,40.0100181026034,0.0108469874032793,12.8363205564028,55.2113610379393,76.2241119800736,54.6653338442677,0,3,0.0637500099993525,0.340225938036297,MV-201,step_steer_python
1078,2026年09月16日_23时08分01秒_第004次,2026-09-16T23:08:01,10.77,40.011194279253,0.0108051869523692,12.8367256824901,55.1536914649591,76.3191198129455,54.605634742019,0,3,0.0637493260280808,0.340261679031697,MV-201,step_steer_python
1079,2026年09月16日_23时08分01秒_第004次,2026-09-16T23:08:01,10.78,40.0123632255266,0.0107634090757221,12.8371368222029,55.0958075509351,76.4140010250185,54.5457239852773,0,3,0.0637486466727077,0.340297214536551,MV-201,step_steer_python
1080,2026年09月16日_23时08分01秒_第004次,2026-09-16T23:08:01,10.79,40.0135249115422,0.0107216621126244,12.8375457927827,55.037709577002,76.5087551111366,54.4856018656964,0,3,0.0637479718113489,0.340332537808525,MV-201,step_steer_python
1081,2026年09月16日_23时08分01秒_第004次,2026-09-16T23:08:01,10.8,40.0146792410988,0.0106799399619854,12.8379606642424,54.9793978264048,76.6033815670665,54.4252686762465,0,3,0.0637473015275723,0.340367647153232,MV-201,step_steer_python
1082,2026年09月16日_23时08分01秒_第004次,2026-09-16T23:08:01,10.81,40.0158261859352,0.0106382503854529,12.8383733452519,54.9208725828699,76.6978798885888,54.3647247111524,0,3,0.063746635707487,0.340402536256168,MV-201,step_steer_python
1083,2026年09月16日_23时08分01秒_第004次,2026-09-16T23:08:01,10.82,40.016965652266,0.0105965872174668,12.8387918070271,54.8621341322211,76.7922495724176,54.3039702659592,0,3,0.0637459744353865,0.340437203587215,MV-201,step_steer_python
1084,2026年09月16日_23时08分01秒_第004次,2026-09-16T23:08:01,10.83,40.0180976134288,0.0105549579497646,12.8392080555523,54.8031827607745,76.8864901152962,54.2430056374708,0,3,0.0637453176010498,0.340471643075424,MV-201,step_steer_python
1085,2026年09月16日_23时08分01秒_第004次,2026-09-16T23:08:01,10.84,40.0192219804551,0.0105131035592512,12.8396291343613,54.7440187572162,76.9806010150957,54.1818311242726,0,3,0.0637446689034249,0.340506006428337,MV-201,step_steer_python
1086,2026年09月16日_23时08分01秒_第004次,2026-09-16T23:08:01,10.85,40.0203387233141,0.0104708036646524,12.840048589826,54.6846424108982,77.0745817698316,54.1204470263544,0,3,0.063744031519645,0.340540426510914,MV-201,step_steer_python
1087,2026年09月16日_23时08分01秒_第004次,2026-09-16T23:08:01,10.86,40.0214477539005,0.0104281931498519,12.8404730227076,54.6250540136178,77.1684318787076,54.0588536451824,0,3,0.0637434035740668,0.340574819162017,MV-201,step_steer_python
1088,2026年09月16日_23时08分01秒_第004次,2026-09-16T23:08:01,10.87,40.0225490489801,0.0103854075862482,12.8408947650361,54.565253857288,77.2621508407457,53.997051283172,0,3,0.0637427831652821,0.340609102696576,MV-201,step_steer_python
1089,2026年09月16日_23时08分01秒_第004次,2026-09-16T23:08:01,10.88,40.023642520629,0.0103425422717876,12.8413217876166,54.5052422357254,77.3557381558376,53.9350402438134,0,3,0.0637421689516081,0.340643215561111,MV-201,step_steer_python
1090,2026年09月16日_23时08分01秒_第004次,2026-09-16T23:08:01,10.89,40.0247281466386,0.0102996864019679,12.8417462852629,54.4450194431136,77.4491933238499,53.8728208316815,0,3,0.0637415596673426,0.340677103030124,MV-201,step_steer_python
1091,2026年09月16日_23时08分01秒_第004次,2026-09-16T23:08:01,10.9,40.0258058416141,0.010256896951887,12.8421759935478,54.3845857755808,77.5425158455604,53.8103933525542,0,3,0.0637409544968626,0.340710725952411,MV-201,step_steer_python
1092,2026年09月16日_23时08分01秒_第004次,2026-09-16T23:08:01,10.91,40.0268755855478,0.010214227826128,12.8426031543313,54.3239415296861,77.6357052217704,53.7477581133948,0,3,0.0637403526617096,0.340744050343626,MV-201,step_steer_python
1093,2026年09月16日_23时08分01秒_第004次,2026-09-16T23:08:01,10.92,40.0279372958917,0.0101717071861055,12.843035402305,54.2630870039726,77.7287609542366,53.6849154224473,0,3,0.0637397537450764,0.340777054087234,MV-201,step_steer_python
1094,2026年09月16日_23时08分01秒_第004次,2026-09-16T23:08:01,10.93,40.0289909545295,0.0101293638300633,12.8434651024955,54.2020224974698,77.8216825447838,53.6218655891959,0,3,0.0637391573177247,0.340809718081798,MV-201,step_steer_python
1095,2026年09月16日_23时08分01秒_第004次,2026-09-16T23:08:01,10.94,40.0300364817762,0.0100872066431294,12.8438997670036,54.1407483112081,77.9144694962227,53.5586089244372,0,3,0.0637385632316884,0.340842031745706,MV-201,step_steer_python
1096,2026年09月16日_23时08分01秒_第004次,2026-09-16T23:08:01,10.95,40.0310738611601,0.0100452483285788,12.8443319175027,54.0792647467448,78.0071213114673,53.4951457402206,0,3,0.0637379712833682,0.340873985616813,MV-201,step_steer_python
1097,2026年09月16日_23时08分01秒_第004次,2026-09-16T23:08:01,10.96,40.0321030158084,0.0100034858575561,12.844768925095,54.0175721076375,78.0996374944377,53.4314763499025,0,3,0.0637373814925678,0.3409055763682,MV-201,step_steer_python
1098,2026年09月16日_23时08分01秒_第004次,2026-09-16T23:08:01,10.97,40.0331239306955,0.00996192199906491,12.8452034801909,53.955670698001,78.1920175491856,53.3676010680781,0,3,0.0637367937965635,0.340936800578857,MV-201,step_steer_python
1099,2026年09月16日_23时08分01秒_第004次,2026-09-16T23:08:01,10.98,40.0341365316642,0.00992054635586494,12.8456427985679,53.8935608239403,78.2842609807825,53.3035202106292,0,3,0.0637362083205271,0.340967659530304,MV-201,step_steer_python
1100,2026年09月16日_23时08分01秒_第004次,2026-09-16T23:08:01,10.99,40.0351408049697,0.00987935531674579,12.8460797404245,53.8312427921413,78.3763672944569,53.2392340946583,0,3,0.0637356250938468,0.340998153769814,MV-201,step_steer_python
1101,2026年09月16日_23时08分01秒_第004次,2026-09-16T23:08:01,11,40.0361366790532,0.00983833368088544,12.8465213573031,53.7687169112662,78.4683359964673,53.1747430385408,0,3,0.0637350443120205,0.341028287697867,MV-201,step_steer_python
1102,2026年09月16日_23时08分01秒_第004次,2026-09-16T23:08:01,11.01,40.037124141325,0.00979747364048408,12.8469606756061,53.7059834905795,78.5601665932534,53.110047361868,0,3,0.0637344660666528,0.341058064557866,MV-201,step_steer_python
1103,2026年09月16日_23时08分01秒_第004次,2026-09-16T23:08:01,11.02,40.0381031227232,0.00975675707962996,12.8474045791,53.643042841306,78.6518585922937,53.0451473855068,0,3,0.0637338905976337,0.341087490766039,MV-201,step_steer_python
1104,2026年09月16日_23时08分01秒_第004次,2026-09-16T23:08:01,11.03,40.0390736117471,0.00971617399954815,12.8478462551183,53.579895275292,78.7434115012704,52.9800434315514,0,3,0.0637333180309525,0.341116571080381,MV-201,step_steer_python
1105,2026年09月16日_23时08分01秒_第004次,2026-09-16T23:08:01,11.04,40.0400355417731,0.00967570544787195,12.8482924205411,53.5165411063257,78.834824828912,52.9147358233873,0,3,0.0637327486217788,0.341145312697551,MV-201,step_steer_python
1106,2026年09月16日_23时08分01秒_第004次,2026-09-16T23:08:01,11.05,40.0409889023923,0.00963534152475299,12.8487364178329,53.4529806488326,78.9260980841707,52.8492248856463,0,3,0.0637321824981079,0.34117372051996,MV-201,step_steer_python
1107,2026年09月16日_23时08分01秒_第004次,2026-09-16T23:08:01,11.06,40.0419336294112,0.0095950647492699,12.8491848009371,53.3892142191585,79.0172307770501,52.7835109442675,0,3,0.0637316198974827,0.341201801131565,MV-201,step_steer_python
1108,2026年09月16日_23时08分01秒_第004次,2026-09-16T23:08:01,11.07,40.0428697126797,0.00955452354627107,12.8496358215704,53.3252421347945,79.1082224181307,52.7175943265957,0,3,0.0637310658356696,0.341229766298968,MV-201,step_steer_python
1109,2026年09月16日_23时08分01秒_第004次,2026-09-16T23:08:01,11.08,40.0437971265163,0.00951395764089035,12.8500850176333,53.2610647141222,79.1990725184513,52.6514753611132,0,3,0.0637305169168374,0.341257470956533,MV-201,step_steer_python
1110,2026年09月16日_23时08分01秒_第004次,2026-09-16T23:08:01,11.09,40.0447157863189,0.00947354253013903,12.8505392994752,53.1966822775219,79.2897805900995,52.5851543775342,0,3,0.0637299706350274,0.341284804461924,MV-201,step_steer_python
1111,2026年09月16日_23时08分01秒_第004次,2026-09-16T23:08:01,11.1,40.0456256937877,0.00943293330152742,12.8509949051504,53.1320951461093,79.3803461454617,52.5186317069719,0,3,0.0637294319032377,0.341311974882609,MV-201,step_steer_python
1112,2026年09月16日_23时08分01秒_第004次,2026-09-16T23:08:01,11.11,40.0465268290149,0.00939236195905437,12.8514480835444,53.0673036418879,79.470768697419,52.4519076816653,0,3,0.0637288974277105,0.341338841789036,MV-201,step_steer_python
1113,2026年09月16日_23时08分01秒_第004次,2026-09-16T23:08:01,11.12,40.0474191124226,0.00935199545481967,12.8519057296659,53.0023080888734,79.5610477599473,52.3849826350666,0,3,0.0637283648172489,0.341365299671047,MV-201,step_steer_python
1114,2026年09月16日_23时08分01秒_第004次,2026-09-16T23:08:01,11.13,40.048302547891,0.00931149417845995,12.8523642627075,52.9371088118368,79.6511828473537,52.3178569020049,0,3,0.0637278389026677,0.341391553236791,MV-201,step_steer_python
1115,2026年09月16日_23时08分01秒_第004次,2026-09-16T23:08:01,11.14,40.0491771182491,0.00927107754344863,12.8528201322287,52.8717061364542,79.7411734744685,52.2505308184214,0,3,0.0637273165631897,0.341417469526613,MV-201,step_steer_python
1116,2026年09月16日_23时08分01秒_第004次,2026-09-16T23:08:01,11.15,40.0500427484845,0.00923090246392564,12.8532800671689,52.80610039039,79.8310191572336,52.1830047214542,0,3,0.063726795545595,0.341442949119629,MV-201,step_steer_python
1117,2026年09月16日_23时08分01秒_第004次,2026-09-16T23:08:01,11.16,40.0508994442404,0.00919063570724315,12.8537406426775,52.7402919020846,79.9207194119539,52.1152789495948,0,3,0.0637262805851856,0.341468192777548,MV-201,step_steer_python
1118,2026年09月16日_23时08分01秒_第004次,2026-09-16T23:08:01,11.17,40.0517471908691,0.00915048304153924,12.8541984827771,52.6742810009002,80.0102737554855,52.0473538424367,0,3,0.0637257687511642,0.341493075718145,MV-201,step_steer_python
1119,2026年09月16日_23时08分01秒_第004次,2026-09-16T23:08:01,11.18,40.0525859179811,0.0091105906493595,12.8546600908236,52.6080680181601,80.0996817058099,51.9792297407609,0,3,0.0637252579402488,0.341517505118986,MV-201,step_steer_python
1120,2026年09月16日_23时08分01秒_第004次,2026-09-16T23:08:01,11.19,40.0534156327558,0.00907063308125969,12.8551221837531,52.5416532859846,80.188942781304,51.9109069866907,0,3,0.0637247527742624,0.341541677022417,MV-201,step_steer_python
1121,2026年09月16日_23时08分01秒_第004次,2026-09-16T23:08:01,11.2,40.0542363229272,0.00903080253006944,12.8555815449616,52.4750371374325,80.2780565009241,51.8423859234554,0,3,0.0637242505133471,0.341565474856378,MV-201,step_steer_python
1122,2026年09月16日_23时08分01秒_第004次,2026-09-16T23:08:01,11.21,40.0550479227621,0.00899123494216427,12.8560444170399,52.4082199074929,80.3670223847624,51.7736668954774,0,3,0.0637237491990284,0.341588812181413,MV-201,step_steer_python
1123,2026年09月16日_23时08分01秒_第004次,2026-09-16T23:08:01,11.22,40.0558504408023,0.00895161477901503,12.8565076572472,52.3412019319724,80.4558399533388,51.7047502485215,0,3,0.0637232533111265,0.341611879103768,MV-201,step_steer_python
1124,2026年09月16日_23时08分01秒_第004次,2026-09-16T23:08:01,11.23,40.0566438670429,0.00891212210675979,12.856968205305,52.2739835476303,80.5445087277794,51.6356363294707,0,3,0.0637227602816563,0.341634566447862,MV-201,step_steer_python
1125,2026年09月16日_23时08分01秒_第004次,2026-09-16T23:08:01,11.24,40.0574281403869,0.00887288436984877,12.857432029722,52.2065650931205,80.6330282303532,51.5663254864092,0,3,0.0637222682736293,0.341656793169034,MV-201,step_steer_python
1126,2026年09月16日_23时08分01秒_第004次,2026-09-16T23:08:01,11.25,40.0582032706031,0.00883359858255516,12.8578961341453,52.1389469079314,80.7213979837872,51.4968180687606,0,3,0.0637217815883614,0.341678741885118,MV-201,step_steer_python
1127,2026年09月16日_23时08分01秒_第004次,2026-09-16T23:08:01,11.26,40.0589692498408,0.0087944348781773,12.8583576168164,52.0711293325132,80.8096175114374,51.4271144270711,0,3,0.0637212977993311,0.34170030952417,MV-201,step_steer_python
1128,2026年09月16日_23时08分01秒_第004次,2026-09-16T23:08:01,11.27,40.0597260215888,0.0087555142772943,12.8588221685681,52.0031127091701,80.8976863378063,51.3572149130842,0,3,0.0637208151620235,0.341721419205575,MV-201,step_steer_python
1129,2026年09月16日_23时08分01秒_第004次,2026-09-16T23:08:01,11.28,40.0604735967542,0.0087165485065341,12.8592869421071,51.9348973810527,80.9856039878811,51.2871198798663,0,3,0.063720337768827,0.341742244766313,MV-201,step_steer_python
1130,2026年09月16日_23时08分01秒_第004次,2026-09-16T23:08:01,11.29,40.0612119695737,0.00867769936161934,12.8597491921156,51.8664836922787,81.0733699872991,51.2168296815971,0,3,0.0637198633120723,0.341762688277367,MV-201,step_steer_python
1131,2026年09月16日_23时08分01秒_第004次,2026-09-16T23:08:01,11.3,40.0619410880874,0.00863908255896033,12.8602143255458,51.7978719887754,81.1609838628429,51.1463446736385,0,3,0.0637193901237169,0.341782676343006,MV-201,step_steer_python
1132,2026年09月16日_23时08分01秒_第004次,2026-09-16T23:08:01,11.31,40.0626609643118,0.00860042528713661,12.8606796383282,51.7290626173267,81.2484451418067,51.0756652126511,0,3,0.063718922076379,0.341802373558804,MV-201,step_steer_python
1133,2026年09月16日_23时08分01秒_第004次,2026-09-16T23:08:01,11.32,40.0633715945516,0.00856188117962384,12.8611425338318,51.6600559256876,81.3357533521536,51.004791656396,0,3,0.06371845697852,0.341821687022367,MV-201,step_steer_python
1134,2026年09月16日_23时08分01秒_第004次,2026-09-16T23:08:01,11.33,40.0640729314008,0.00852356044546041,12.8616081252327,51.5908522633786,81.4229080229919,50.9337243638026,0,3,0.0637179932412391,0.341840546935801,MV-201,step_steer_python
1135,2026年09月16日_23时08分01秒_第004次,2026-09-16T23:08:01,11.34,40.0647649879865,0.00848520538118193,12.8620738438768,51.5214519807878,81.5099086839676,50.8624636950799,0,3,0.063717534522233,0.34185910885849,MV-201,step_steer_python
1136,2026年09月16日_23时08分01秒_第004次,2026-09-16T23:08:01,11.35,40.0654477613794,0.00844661548276935,12.862542015736,51.451855429757,81.5967548657851,50.7910100116747,0,3,0.0637170836919313,0.341877494150973,MV-201,step_steer_python
1137,2026年09月16日_23时08分01秒_第004次,2026-09-16T23:08:01,11.36,40.0661212450317,0.00840809005557199,12.8630073798479,51.3820629629645,81.6834460996959,50.7193636760476,0,3,0.0637166364992574,0.341895522592507,MV-201,step_steer_python
1138,2026年09月16日_23时08分01秒_第004次,2026-09-16T23:08:01,11.37,40.0667853840214,0.00836986006758996,12.8634754931632,51.3120749347537,81.7699819180181,50.6475250517846,0,3,0.0637161896347123,0.341913051155215,MV-201,step_steer_python
1139,2026年09月16日_23时08分01秒_第004次,2026-09-16T23:08:01,11.38,40.0674402001589,0.00833167741543088,12.8639426924133,51.2418917001369,81.8563618534705,50.5754945037425,0,3,0.0637157466102373,0.341930229704261,MV-201,step_steer_python
1140,2026年09月16日_23时08分01秒_第004次,2026-09-16T23:08:01,11.39,40.068085695579,0.00829334840897758,12.8644115657838,51.1715136155567,81.9425854398564,50.5032723980127,0,3,0.063715310189203,0.341947175345084,MV-201,step_steer_python
1141,2026年09月16日_23时08分01秒_第004次,2026-09-16T23:08:01,11.4,40.0687218675178,0.00825514214510631,12.8648773678818,51.1009410383476,82.0286522115984,50.43085910172,0,3,0.0637148765419345,0.341963725896054,MV-201,step_steer_python
1142,2026年09月16日_23时08分01秒_第004次,2026-09-16T23:08:01,11.41,40.0693486680297,0.00821726575225456,12.8653453197726,51.0301743274774,82.1145617042058,50.3582549831297,0,3,0.0637144426928549,0.341979752841662,MV-201,step_steer_python
1143,2026年09月16日_23时08分01秒_第004次,2026-09-16T23:08:01,11.42,40.0699661201481,0.00817948328677552,12.8658120797707,50.9592138426258,82.2003134536462,50.2854604117775,0,3,0.0637140119760036,0.341995398582913,MV-201,step_steer_python
1144,2026年09月16日_23时08分01秒_第004次,2026-09-16T23:08:01,11.43,40.0705742287101,0.00814161065660954,12.866280091428,50.8880599448817,82.2859069969844,50.2124757584276,0,3,0.0637135870120342,0.342010774331378,MV-201,step_steer_python
1145,2026年09月16日_23时08分01秒_第004次,2026-09-16T23:08:01,11.44,40.0711729940988,0.0081038879194136,12.8667450725528,50.8167129962532,82.3713418719502,50.1393013948829,0,3,0.0637131643797733,0.342025735363519,MV-201,step_steer_python
1146,2026年09月16日_23时08分01秒_第004次,2026-09-16T23:08:01,11.45,40.0717623754698,0.00806650022947503,12.867211818353,50.7451733603347,82.4566176173685,50.0659376940742,0,3,0.0637127414145752,0.342040166709894,MV-201,step_steer_python
1147,2026年09月16日_23时08分01秒_第004次,2026-09-16T23:08:01,11.46,40.0723423966713,0.00802922939344352,12.8676773008121,50.6734414014691,82.5417337725759,49.9923850301706,0,3,0.0637123211961124,0.342054200048881,MV-201,step_steer_python
1148,2026年09月16日_23时08分01秒_第004次,2026-09-16T23:08:01,11.47,40.0729130650323,0.00799190535378002,12.8681437613372,50.601517485377,82.6266898780084,49.9186437785374,0,3,0.0637119061416943,0.342067938120787,MV-201,step_steer_python
1149,2026年09月16日_23时08分01秒_第004次,2026-09-16T23:08:01,11.48,40.0734743824116,0.00795439233582881,12.86861218445,50.5294019791885,82.7114854751933,49.8447143157049,0,3,0.0637114981986199,0.342081463474372,MV-201,step_steer_python
1150,2026年09月16日_23时08分01秒_第004次,2026-09-16T23:08:01,11.49,40.0740263516895,0.00791701985237331,12.869077161669,50.4570952507333,82.7961201061611,49.7705970191729,0,3,0.0637110926785541,0.342094577893776,MV-201,step_steer_python
1151,2026年09月16日_23时08分01秒_第004次,2026-09-16T23:08:01,11.5,40.0745689310594,0.00788004416484656,12.8695436801827,50.3845976693786,82.8805933140257,49.6962922675146,0,3,0.0637106859014201,0.342107123380975,MV-201,step_steer_python
1152,2026年09月16日_23时08分01秒_第004次,2026-09-16T23:08:01,11.51,40.075102150743,0.00784326168992798,12.8700081293093,50.3119096051279,82.9649046423456,49.6218004405105,0,3,0.0637102807307325,0.342119222812928,MV-201,step_steer_python
1153,2026年09月16日_23时08分01秒_第004次,2026-09-16T23:08:01,11.52,40.0756260227636,0.00780651256863916,12.870472827017,50.2390314293308,83.0490536357997,49.5471219191215,0,3,0.0637098794289823,0.342130972632375,MV-201,step_steer_python
1154,2026年09月16日_23时08分01秒_第004次,2026-09-16T23:08:01,11.53,40.076140553113,0.00776966685642596,12.8709387534304,50.1659635147347,83.1330398401919,49.4722570854729,0,3,0.0637094838498955,0.342142451651684,MV-201,step_steer_python
1155,2026年09月16日_23时08分01秒_第004次,2026-09-16T23:08:01,11.54,40.0766457485324,0.00773299809113534,12.8714013104596,50.0927062348584,83.2168628019191,49.3972063226951,0,3,0.0637090900944304,0.342153495266528,MV-201,step_steer_python
1156,2026年09月16日_23时08分01秒_第004次,2026-09-16T23:08:01,11.55,40.0771415771798,0.00769671900035655,12.8718648477378,50.0192599647039,83.3005220684764,49.3219700150142,0,3,0.0637086951005615,0.342163972178464,MV-201,step_steer_python
1157,2026年09月16日_23时08分01秒_第004次,2026-09-16T23:08:01,11.56,40.0776280692437,0.0076606476869378,12.8723262869055,49.9456250799817,83.3840171878942,49.2465485478614,0,3,0.0637083014226223,0.342173992174775,MV-201,step_steer_python
1158,2026年09月16日_23时08分01秒_第004次,2026-09-16T23:08:01,11.57,40.0781052393332,0.00762464212980968,12.8727876514558,49.871801957712,83.4673477093252,49.1709423078418,0,3,0.0637079110663754,0.342183640972065,MV-201,step_steer_python
1159,2026年09月16日_23时08分01秒_第004次,2026-09-16T23:08:01,11.58,40.0785730969552,0.00758858802769985,12.8732498012229,49.7977909762648,83.5505131830463,49.0951516827125,0,3,0.0637075256580844,0.342192987946098,MV-201,step_steer_python
1160,2026年09月16日_23时08分01秒_第004次,2026-09-16T23:08:01,11.59,40.0790316508882,0.00755240050996167,12.8737132073722,49.7235925152448,83.6335131603558,49.0191770613636,0,3,0.0637071464167823,0.342202085198033,MV-201,step_steer_python
1161,2026年09月16日_23时08分01秒_第004次,2026-09-16T23:08:01,11.6,40.0794809117923,0.00751638299848945,12.874173135103,49.6492069549644,83.7163471931228,48.9430188336485,0,3,0.0637067690205604,0.342210750438921,MV-201,step_steer_python
1162,2026年09月16日_23时08分01秒_第004次,2026-09-16T23:08:01,11.61,40.0799208529073,0.00748077337694957,12.8746336543218,49.574634677145,83.7990148343025,48.8666773904679,0,3,0.0637063900485859,0.342218837460702,MV-201,step_steer_python
1163,2026年09月16日_23时08分01秒_第004次,2026-09-16T23:08:01,11.62,40.0803515080908,0.00744541766918442,12.8750916238855,49.4998760641765,83.8815156373848,48.7901531238772,0,3,0.0637060116538863,0.342226439264589,MV-201,step_steer_python
1164,2026年09月16日_23时08分01秒_第004次,2026-09-16T23:08:01,11.63,40.0807728961161,0.0074101955138645,12.8755489270062,49.4249314997075,83.9638491569848,48.7134464270614,0,3,0.0637056355271288,0.342233628456842,MV-201,step_steer_python
1165,2026年09月16日_23时08分01秒_第004次,2026-09-16T23:08:01,11.64,40.0811850308488,0.0073750088400886,12.8760063380227,49.3498013686924,84.0460149488531,48.6365576943233,0,3,0.0637052630545406,0.342240464490032,MV-201,step_steer_python
1166,2026年09月16日_23时08分01秒_第004次,2026-09-16T23:08:01,11.65,40.0815879254888,0.00733978419110306,12.876464273651,49.2744860572879,84.1280125697805,48.5594873210728,0,3,0.0637048952820556,0.342246992378391,MV-201,step_steer_python
1167,2026年09月16日_23时08分01秒_第004次,2026-09-16T23:08:01,11.66,40.0819815933871,0.00730446949623367,12.8769229879137,49.1989859528127,84.2098415775678,48.4822357038098,0,3,0.0637045329585547,0.342253244572468,MV-201,step_steer_python
1168,2026年09月16日_23时08分01秒_第004次,2026-09-16T23:08:01,11.67,40.0823660482749,0.00726903075921034,12.877382608769,49.1233014437149,84.2915015310023,48.4048032401059,0,3,0.0637041765806817,0.342259242868378,MV-201,step_steer_python
1169,2026年09月16日_23时08分01秒_第004次,2026-09-16T23:08:01,11.68,40.0827413043655,0.00723344904893957,12.877843167452,49.0474329195444,84.3729919898397,48.3271903285897,0,3,0.063703826433728,0.34226500014358,MV-201,step_steer_python
1170,2026年09月16日_23时08分01秒_第004次,2026-09-16T23:08:01,11.69,40.0831073784142,0.00719810059301827,12.8782993254702,48.9713807704344,84.4543125143435,48.2493973687892,0,3,0.0637034771560954,0.342270290437898,MV-201,step_steer_python
1171,2026年09月16日_23时08分01秒_第004次,2026-09-16T23:08:01,11.7,40.083464247855,0.0071632802697516,12.8787551249516,48.8951453878507,84.5354626658654,48.171424761243,0,3,0.0637031245046921,0.342274932969796,MV-201,step_steer_python
1172,2026年09月16日_23时08分01秒_第004次,2026-09-16T23:08:01,11.71,40.0838119538931,0.00712885878595094,12.8792070853527,48.8187271638442,84.6164420062638,48.0932729076268,0,3,0.0637027702654754,0.34227900560299,MV-201,step_steer_python
1173,2026年09月16日_23时08分01秒_第004次,2026-09-16T23:08:01,11.72,40.0841505219944,0.00709473369351274,12.8796570838057,48.7421264916745,84.6972500985537,48.0149422107401,0,3,0.0637024158559053,0.342282569742741,MV-201,step_steer_python
1174,2026年09月16日_23时08分01秒_第004次,2026-09-16T23:08:01,11.73,40.0844799725422,0.00706081911118091,12.8801058731104,48.6653437658717,84.7778865069289,47.9364330744987,0,3,0.0637020624687088,0.342285677004284,MV-201,step_steer_python
1175,2026年09月16日_23时08分01秒_第004次,2026-09-16T23:08:01,11.74,40.0848003252703,0.00702704956737302,12.8805538633619,48.5883793821376,84.858350796668,47.8577459039244,0,3,0.0637017110149859,0.342288367048162,MV-201,step_steer_python
1176,2026年09月16日_23时08分01秒_第004次,2026-09-16T23:08:01,11.75,40.0851116000961,0.00699337768739015,12.8810013188601,48.5112337373104,84.9386425341064,47.7788811051212,0,3,0.0637013621548619,0.342290668923077,MV-201,step_steer_python
1177,2026年09月16日_23时08分01秒_第004次,2026-09-16T23:08:01,11.76,40.0854138173374,0.00695977149922423,12.8814483898866,48.4339072293351,85.0187612866149,47.6998390852468,0,3,0.0637010163338649,0.342292602617323,MV-201,step_steer_python
1178,2026年09月16日_23时08分01秒_第004次,2026-09-16T23:08:01,11.77,40.0857069977935,0.00692621180186217,12.8818951383912,48.3564002572386,85.0987066225843,47.6206202524882,0,3,0.063700673818728,0.342294180578349,MV-201,step_steer_python
1179,2026年09月16日_23时08分01秒_第004次,2026-09-16T23:08:01,11.78,40.0859911627792,0.00689268965962526,12.8823415597232,48.2787132211098,85.1784781114123,47.5412250160426,0,3,0.0637003347317016,0.342295409166727,MV-201,step_steer_python
1180,2026年09月16日_23时08分01秒_第004次,2026-09-16T23:08:01,11.79,40.0862663341426,0.00685920412736808,12.8827875999584,48.2008465220838,85.2580753234964,47.4616537861069,0,3,0.0636999990818604,0.342296289982047,MV-201,step_steer_python
1181,2026年09月16日_23时08分01秒_第004次,2026-09-16T23:08:01,11.8,40.0865325342764,0.00682576029366419,12.8832331696771,48.1228005623302,85.3374978302301,47.3819069738732,0,3,0.0636996667921334,0.342296821007464,MV-201,step_steer_python
1182,2026年09月16日_23时08分01秒_第004次,2026-09-16T23:08:01,11.81,40.0867897861287,0.00679236769853038,12.8836781547908,48.0445757450446,85.4167452040011,47.3019849915314,0,3,0.0636993377212115,0.342296997537391,MV-201,step_steer_python
1183,2026年09月16日_23时08分01秒_第004次,2026-09-16T23:08:01,11.82,40.0870381132161,0.0067590391461323,12.8841224248695,47.9661724744416,85.4958170181933,47.2218882522758,0,3,0.0636990116799948,0.342296812874297,MV-201,step_steer_python
1184,2026年09月16日_23时08分01秒_第004次,2026-09-16T23:08:01,11.83,40.0872775396415,0.00672578989315739,12.8845658393719,47.8875911557504,85.5747128471885,47.1416171703135,0,3,0.0636986884428095,0.342296258804378,MV-201,step_steer_python
1185,2026年09月16日_23时08分01秒_第004次,2026-09-16T23:08:01,11.84,40.0875080901149,0.00669263715418756,12.8850082521642,47.8088321952101,85.6534322663701,47.0611721608724,0,3,0.0636983677541897,0.342295325885693,MV-201,step_steer_python
1186,2026年09月16日_23时08分01秒_第004次,2026-09-16T23:08:01,11.85,40.0877297899758,0.00665959983441122,12.8854495146866,47.7298960000659,85.7319748521265,46.980553640207,0,3,0.063698049332467,0.342294003601326,MV-201,step_steer_python
1187,2026年09月16日_23时08分01秒_第004次,2026-09-16T23:08:01,11.86,40.0879426652147,0.00662669838170844,12.8858894780946,47.6507829785649,85.8103401818545,46.8997620255998,0,3,0.0636977328716852,0.342292280441595,MV-201,step_steer_python
1188,2026年09月16日_23时08分01秒_第004次,2026-09-16T23:08:01,11.87,40.0881467424913,0.00659395465108982,12.8863279946578,47.5714935399522,85.8885278339623,46.8187977353581,0,3,0.0636974180433562,0.34229014397935,MV-201,step_steer_python
1189,2026年09月16日_23时08分01秒_第004次,2026-09-16T23:08:01,11.88,40.0883420491456,0.00656139169404819,12.8867649186557,47.4920280944662,85.9665373878729,46.7376611888063,0,3,0.063697104499305,0.342287580991003,MV-201,step_steer_python
1190,2026年09月16日_23时08分01秒_第004次,2026-09-16T23:08:01,11.89,40.088528613203,0.00652903341992366,12.8872001069753,47.4123870533347,86.0443684240272,46.6563528062758,0,3,0.0636967918763696,0.342284577655684,MV-201,step_steer_python
1191,2026年09月16日_23时08分01秒_第004次,2026-09-16T23:08:01,11.9,40.0887064633696,0.00649690411984851,12.8876334195684,47.3325708287714,86.1220205238879,46.5748730090913,0,3,0.0636964798031051,0.342281119838747,MV-201,step_steer_python
1192,2026年09月16日_23时08分01秒_第004次,2026-09-16T23:08:01,11.91,40.0888756290217,0.0064650278860264,12.8880647198951,47.2525798339725,86.1994932699441,46.4932222195585,0,3,0.0636961679080404,0.342277193440583,MV-201,step_steer_python
1193,2026年09月16日_23时08分01秒_第004次,2026-09-16T23:08:01,11.92,40.0890361401873,0.00643342799116004,12.8884938754308,47.1724144831146,86.2767862457162,46.4114008609524,0,3,0.0636958558285736,0.342272784772087,MV-201,step_steer_python
1194,2026年09月16日_23时08分01秒_第004次,2026-09-16T23:08:01,11.93,40.0891880275244,0.00640212630882895,12.8889207582605,47.0920751913542,86.353899035763,46.3294093575086,0,3,0.0636955432193547,0.342267880908215,MV-201,step_steer_python
1195,2026年09月16日_23时08分01秒_第004次,2026-09-16T23:08:01,11.94,40.0893313222961,0.00637114285204717,12.8893452457362,47.0115623748263,86.4308312256888,46.2472481344186,0,3,0.0636952297590477,0.342262469972815,MV-201,step_steer_python
1196,2026年09月16日_23时08分01秒_第004次,2026-09-16T23:08:01,11.95,40.0894660563468,0.00634049548726793,12.8897672211252,46.9308764506458,86.5075824021511,46.1649176178283,0,3,0.0636949151546392,0.342256541319638,MV-201,step_steer_python
1197,2026年09月16日_23时08分01秒_第004次,2026-09-16T23:08:01,11.96,40.0895922620805,0.0063101998490636,12.8901865741521,46.8500178369072,86.5841521528696,46.0824182348395,0,3,0.0636945991429113,0.342250085593528,MV-201,step_steer_python
1198,2026年09月16日_23时08分01秒_第004次,2026-09-16T23:08:01,11.97,40.0897099724447,0.00628026944630803,12.8906032013403,46.7689869526856,86.6605400666341,45.999750413515,0,3,0.0636942814891878,0.342243094676432,MV-201,step_steer_python
1199,2026年09月16日_23时08分01秒_第004次,2026-09-16T23:08:01,11.98,40.0898192209194,0.00625071592019199,12.8910170060856,46.6877842180369,86.7367457333127,45.9169145828834,0,3,0.0636939619838965,0.34223556154137,MV-201,step_steer_python
1200,2026年09月16日_23时08分01秒_第004次,2026-09-16T23:08:01,11.99,40.0899200415133,0.00622154939531196,12.8914278984441,46.6064100539971,86.8127687438593,45.8339111729449,0,3,0.0636936404377705,0.342227480049127,MV-201,step_steer_python
1201,2026年09月16日_23时08分01秒_第004次,2026-09-16T23:08:01,12,40.0900124687642,0.00619277885849446,12.8918357946817,46.5248648825818,86.8886086903205,45.7507406146751,0,3,0.0636933166766127,0.342218844726701,MV-201,step_steer_python
1202,2026年09月16日_23时08分01秒_第004次,2026-09-16T23:08:01,12.01,40.0900965377438,0.00616441250772861,12.8922406166803,46.4431491267838,86.9642651658411,45.6674033400269,0,3,0.0636929905364406,0.342209650562146,MV-201,step_steer_python
1203,2026年09月16日_23时08分01秒_第004次,2026-09-16T23:08:01,12.02,40.0901722840629,0.0061364580287024,12.8926422913269,46.3612632105708,87.0397377646695,45.5838997819298,0,3,0.0636926618596276,0.342199892841501,MV-201,step_steer_python
1204,2026年09月16日_23时08分01秒_第004次,2026-09-16T23:08:01,12.03,40.0902397412607,0.00610852688094729,12.8930462279402,46.27920755936,87.1150260826627,45.5002303744299,0,3,0.0636923361520248,0.34218980641514,MV-201,step_steer_python
1205,2026年09月16日_23时08分01秒_第004次,2026-09-16T23:08:01,12.04,40.0902989848327,0.00608032387616008,12.8934480991838,46.1969825992706,87.1901297166216,45.4163955525635,0,3,0.0636920176308407,0.34217957389733,MV-201,step_steer_python
1206,2026年09月16日_23时08分01秒_第004次,2026-09-16T23:08:01,12.05,40.0903500265699,0.00605200171061562,12.8938512965368,46.1145887578297,87.2650482649468,45.3323957522341,0,3,0.063691704145273,0.342169104915771,MV-201,step_steer_python
1207,2026年09月16日_23时08分01秒_第004次,2026-09-16T23:08:01,12.06,40.0903928953737,0.00602369143995543,12.8942536541892,46.0320264633648,87.3397813269207,45.2482314102223,0,3,0.0636913938358495,0.342158322364668,MV-201,step_steer_python
1208,2026年09月16日_23时08分01秒_第004次,2026-09-16T23:08:01,12.07,40.0904276264524,0.00599551154135383,12.8946541568423,45.9492961449294,87.4143285026803,45.1639029641792,0,3,0.063691085007434,0.342147156438145,MV-201,step_steer_python
1209,2026年09月16日_23时08分01秒_第004次,2026-09-16T23:08:01,12.08,40.0904542568301,0.00596756265978539,12.8950521372638,45.8663982323878,87.4886893933273,45.0794108526277,0,3,0.0636907762058187,0.342135547625466,MV-201,step_steer_python
1210,2026年09月16日_23时08分01秒_第004次,2026-09-16T23:08:01,12.09,40.0904728218516,0.00593953772986176,12.8954524901319,45.7833331569057,87.5628636014661,44.9947555151161,0,3,0.0636904717934677,0.342123682484923,MV-201,step_steer_python
1211,2026年09月16日_23时08分01秒_第004次,2026-09-16T23:08:01,12.1,40.0904833985942,0.00591120743964951,12.8958506063021,45.700101350245,87.6368507305635,44.909937392118,0,3,0.0636901750575728,0.3421117043563,MV-201,step_steer_python
1212,2026年09月16日_23时08分01秒_第004次,2026-09-16T23:08:01,12.11,40.0904860015362,0.00588277288447095,12.8962495907865,45.6167032454734,87.7106503856312,44.8249569249364,0,3,0.0636898831593848,0.342099493897907,MV-201,step_steer_python
1213,2026年09月16日_23时08分01秒_第004次,2026-09-16T23:08:01,12.12,40.0904806621613,0.00585440340089643,12.8966471273133,45.5331392763907,87.7842621725263,44.7398145557318,0,3,0.0636895936904136,0.342086950908265,MV-201,step_steer_python
1214,2026年09月16日_23时08分01秒_第004次,2026-09-16T23:08:01,12.13,40.0904674183097,0.00582624739795572,12.8970420886736,45.4494098774702,87.8576856979396,44.654510727528,0,3,0.0636893045213393,0.342073987348372,MV-201,step_steer_python
1215,2026年09月16日_23时08分01秒_第004次,2026-09-16T23:08:01,12.14,40.0904463071303,0.00579805456127456,12.8974389076959,45.3655154843909,87.9309205700003,44.56904588435,0,3,0.0636890192053942,0.342060755626513,MV-201,step_steer_python
1216,2026年09月16日_23时08分01秒_第004次,2026-09-16T23:08:01,12.15,40.0904174060853,0.00576964096610943,12.8978329881576,45.2814565333832,88.0039663976727,44.4834204711235,0,3,0.063688740376289,0.34204737144605,MV-201,step_steer_python
1217,2026年09月16日_23时08分01秒_第004次,2026-09-16T23:08:01,12.16,40.0903807331186,0.00574122768053301,12.8982271571919,45.1972334619094,88.076822791427,44.397634933584,0,3,0.0636884648997518,0.342033703146575,MV-201,step_steer_python
1218,2026年09月16日_23时08分01秒_第004次,2026-09-16T23:08:01,12.17,40.0903363225618,0.00571299925747959,12.898619094615,45.1128467081317,88.1494893625756,44.3116897183003,0,3,0.0636881901374064,0.342019640951845,MV-201,step_steer_python
1219,2026年09月16日_23时08分01秒_第004次,2026-09-16T23:08:01,12.18,40.0902842149251,0.00568511471741901,12.899007648581,45.0282967108636,88.2219657232692,44.2255852726763,0,3,0.0636879137940805,0.342005089948244,MV-201,step_steer_python
1220,2026年09月16日_23时08分01秒_第004次,2026-09-16T23:08:01,12.19,40.090224451957,0.0056570343027949,12.8993970309289,44.9435839103673,88.2942514874288,44.1393220454488,0,3,0.0636876435454336,0.341990377255237,MV-201,step_steer_python
1221,2026年09月16日_23时08分01秒_第004次,2026-09-16T23:08:01,12.2,40.0901571133246,0.0056283161547877,12.8997836009602,44.8587087475394,88.3663462699475,44.0529004863359,0,3,0.0636873857313511,0.341975775540406,MV-201,step_steer_python
1222,2026年09月16日_23时08分01秒_第004次,2026-09-16T23:08:01,12.21,40.0900822176365,0.00559933663944558,12.900169418237,44.7736716648245,88.4382496876385,43.9663210459429,0,3,0.0636871350467105,0.3419610613074,MV-201,step_steer_python
1223,2026年09月16日_23时08分01秒_第004次,2026-09-16T23:08:01,12.22,40.0899998009477,0.00557041226200684,12.900552160214,44.6884731050465,88.5099613578163,43.8795841754397,0,3,0.0636868869976829,0.34194604634976,MV-201,step_steer_python
1224,2026年09月16日_23时08分01秒_第004次,2026-09-16T23:08:01,12.23,40.08990990247,0.00554144530478875,12.900935785754,44.6031135119455,88.5814808989647,43.792690326743,0,3,0.0636866429747105,0.341930791656016,MV-201,step_steer_python
1225,2026年09月16日_23时08分01秒_第004次,2026-09-16T23:08:01,12.24,40.0898126010627,0.00551236901178295,12.9013157030643,44.5175933296562,88.6528079302604,43.7056399524782,0,3,0.0636864039371572,0.341915342144355,MV-201,step_steer_python
1226,2026年09月16日_23时08分01秒_第004次,2026-09-16T23:08:01,12.25,40.0897079191346,0.00548347712861277,12.9016944816643,44.4319130033839,88.7239420722757,43.6184335059494,0,3,0.0636861656986,0.341899521868667,MV-201,step_steer_python
1227,2026年09月16日_23时08分01秒_第004次,2026-09-16T23:08:01,12.26,40.0895958949514,0.00545500475060069,12.902069804568,44.3460729789418,88.7948829463717,43.5310714412141,0,3,0.0636859248763659,0.341883189766378,MV-201,step_steer_python
1228,2026年09月16日_23时08分01秒_第004次,2026-09-16T23:08:01,12.27,40.0894765699649,0.00542676126316684,12.9024458000517,44.2600737031666,88.8656301752358,43.4435542132569,0,3,0.0636856841458873,0.341866461328219,MV-201,step_steer_python
1229,2026年09月16日_23时08分01秒_第004次,2026-09-16T23:08:01,12.28,40.0893500276132,0.00539860357863895,12.9028176126025,44.1739156233477,88.9361833823446,43.3558822779064,0,3,0.0636854455256799,0.341849426545384,MV-201,step_steer_python
1230,2026年09月16日_23时08分01秒_第004次,2026-09-16T23:08:01,12.29,40.0892162911353,0.00537078610871325,12.903188021027,44.0875991879245,89.0065421927011,43.2680560917649,0,3,0.0636852053685771,0.341831932337277,MV-201,step_steer_python
1231,2026年09月16日_23时08分01秒_第004次,2026-09-16T23:08:01,12.3,40.0890754004593,0.00534351315904359,12.9035546025501,44.0011248459807,89.0767062321617,43.1800761122455,0,3,0.0636849607136624,0.341813855579899,MV-201,step_steer_python
1232,2026年09月16日_23时08分01秒_第004次,2026-09-16T23:08:01,12.31,40.0889273985868,0.00531653162685292,12.9039219971285,43.9144930476824,89.1466751280116,43.0919427977186,0,3,0.063684715114919,0.341795349028001,MV-201,step_steer_python
1233,2026年09月16日_23时08分01秒_第004次,2026-09-16T23:08:01,12.32,40.0887723746289,0.00528965067800353,12.9042849187373,43.8277042436363,89.2164485083449,43.0036566073847,0,3,0.0636844712660513,0.341776531556563,MV-201,step_steer_python
1234,2026年09月16日_23时08分01秒_第004次,2026-09-16T23:08:01,12.33,40.0886103512213,0.00526312557178412,12.9046464870751,43.74075888564,89.2860260028703,42.9152180011738,0,3,0.0636842255060294,0.341757249464043,MV-201,step_steer_python
1235,2026年09月16日_23时08分01秒_第004次,2026-09-16T23:08:01,12.34,40.0884413691834,0.00523716167672218,12.9050040743963,43.6536574261226,89.3554072421527,42.8266274397714,0,3,0.0636839748568955,0.341737378952988,MV-201,step_steer_python
1236,2026年09月16日_23时08分01秒_第004次,2026-09-16T23:08:01,12.35,40.0882654724592,0.00521146350410828,12.9053628335046,43.5664003186179,89.4245918582461,42.7378853847765,0,3,0.0636837234766036,0.341717098388736,MV-201,step_steer_python
1237,2026年09月16日_23时08分01秒_第004次,2026-09-16T23:08:01,12.36,40.0880827556674,0.00518580657100237,12.9057169639885,43.4789880170605,89.4935794839995,42.6489922985696,0,3,0.0636834745429318,0.34169654743319,MV-201,step_steer_python
1238,2026年09月16日_23时08分01秒_第004次,2026-09-16T23:08:01,12.37,40.0878932400444,0.00516046029733085,12.9060699280792,43.391420976604,89.5623697539508,42.5599486442181,0,3,0.0636832241994232,0.34167556403658,MV-201,step_steer_python
1239,2026年09月16日_23时08分01秒_第004次,2026-09-16T23:08:01,12.38,40.0876969637404,0.00513526500999688,12.9064240418115,43.3036996534258,89.6309623039932,42.470754885651,0,3,0.0636829746920355,0.341654245330224,MV-201,step_steer_python
1240,2026年09月16日_23时08分01秒_第004次,2026-09-16T23:08:01,12.39,40.0874940115763,0.00511011097172347,12.9067738808466,43.2158245040263,89.6993567706901,42.3814114875645,0,3,0.0636827275717166,0.341632661590828,MV-201,step_steer_python
1241,2026年09月16日_23时08分01秒_第004次,2026-09-16T23:08:01,12.4,40.087284410331,0.00508527480173907,12.9071218319326,43.1277959859654,89.7675527921158,42.2919189153549,0,3,0.0636824788790886,0.341610646716117,MV-201,step_steer_python
1242,2026年09月16日_23时08分01秒_第004次,2026-09-16T23:08:01,12.41,40.0870682001245,0.00506058413422751,12.907470719523,43.0396145578248,89.8355500077352,42.202277635301,0,3,0.0636822310407104,0.341588305587762,MV-201,step_steer_python
1243,2026年09月16日_23时08分01秒_第004次,2026-09-16T23:08:01,12.42,40.0868454686138,0.00503591882825146,12.9078149654962,42.9512806785013,89.9033480576963,42.1124881144714,0,3,0.0636819857569071,0.341565714959004,MV-201,step_steer_python
1244,2026年09月16日_23时08分01秒_第004次,2026-09-16T23:08:01,12.43,40.0866162423203,0.00501156651267239,12.9081571361932,42.8627948079573,89.9709465836937,42.0225508206538,0,3,0.0636817389127857,0.341542702131417,MV-201,step_steer_python
1245,2026年09月16日_23时08分01秒_第004次,2026-09-16T23:08:01,12.44,40.0863805616824,0.00498734675836823,12.908500229362,42.7741574071768,90.0383452288333,41.9324662225356,0,3,0.0636814930507534,0.341519376906227,MV-201,step_steer_python
1246,2026年09月16日_23时08分01秒_第004次,2026-09-16T23:08:01,12.45,40.0861385169113,0.00496313532422469,12.9088384466321,42.6853689374278,90.1055436368834,41.842234789591,0,3,0.0636812499312795,0.341495818721517,MV-201,step_steer_python
1247,2026年09月16日_23时08分01秒_第004次,2026-09-16T23:08:01,12.46,40.0858901343148,0.00493923590513517,12.9091745063339,42.5964298610383,90.1725414531786,41.7518569919937,0,3,0.0636810052118071,0.341471845231838,MV-201,step_steer_python
1248,2026年09月16日_23时08分01秒_第004次,2026-09-16T23:08:01,12.47,40.0856354547094,0.00491546436864464,12.909511551689,42.5073406413483,90.2393383244742,41.6613333007889,0,3,0.0636807614878007,0.341447568504012,MV-201,step_steer_python
1249,2026年09月16日_23时08分01秒_第004次,2026-09-16T23:08:01,12.48,40.085374570815,0.00489169478514586,12.9098435548207,42.4181017419449,90.3059338981578,41.5706641877664,0,3,0.0636805205444211,0.341423069158176,MV-201,step_steer_python
1250,2026年09月16日_23时08分01秒_第004次,2026-09-16T23:08:01,12.49,40.0851075087499,0.00486824665928319,12.9101733649987,42.3287136274663,90.372327823199,41.4798501253646,0,3,0.0636802778138498,0.341398155304934,MV-201,step_steer_python
1251,2026年09月16日_23时08分01秒_第004次,2026-09-16T23:08:01,12.5,40.0848343096551,0.00484493071836857,12.9105042547061,42.2391767635525,90.4385197499967,41.3888915868499,0,3,0.0636800359639196,0.34137294209108,MV-201,step_steer_python
1252,2026年09月16日_23时08分01秒_第004次,2026-09-16T23:08:01,12.51,40.0845550686025,0.00482161652404857,12.9108299617763,42.1494916160581,90.5045093295567,41.2977890461897,0,3,0.0636797968437394,0.341347512971643,MV-201,step_steer_python
1253,2026年09月16日_23时08分01秒_第004次,2026-09-16T23:08:01,12.52,40.0842698114146,0.00479863534412001,12.9111534530128,42.0596586518844,90.5702962144885,41.2065429779642,0,3,0.0636795557173508,0.341321668924916,MV-201,step_steer_python
1254,2026年09月16日_23时08分01秒_第004次,2026-09-16T23:08:01,12.53,40.0839785794183,0.00477578892618376,12.9114781216932,41.9696783389308,90.6358800588481,41.1151538575641,0,3,0.063679315379594,0.341295530482441,MV-201,step_steer_python
1255,2026年09月16日_23时08分01秒_第004次,2026-09-16T23:08:01,12.54,40.0836814698761,0.00475293900604561,12.9117974685059,41.8795511452861,90.7012605172815,41.0236221610701,0,3,0.06367907779115,0.341269185940854,MV-201,step_steer_python
1256,2026年09月16日_23时08分01秒_第004次,2026-09-16T23:08:01,12.55,40.0833785082146,0.00473042611631461,12.9121145717869,41.7892775400863,90.7664372460669,40.9319483651752,0,3,0.0636788380842327,0.341242430677408,MV-201,step_steer_python
1257,2026年09月16日_23时08分01秒_第004次,2026-09-16T23:08:01,12.56,40.0830697358686,0.00470804217242134,12.9124329407448,41.6988579934655,90.8314099029505,40.8401329473953,0,3,0.0636785991937666,0.34121539115765,MV-201,step_steer_python
1258,2026年09月16日_23时08分01秒_第004次,2026-09-16T23:08:01,12.57,40.0827552522171,0.00468564160096988,12.912745842129,41.6082929757237,90.8961781462533,40.7481763859482,0,3,0.0636783631856112,0.341188160245233,MV-201,step_steer_python
1259,2026年09月16日_23时08分01秒_第004次,2026-09-16T23:08:01,12.58,40.082435082294,0.00466357569219357,12.9130564654602,41.5175829582076,90.960741635955,40.6560791596743,0,3,0.0636781250397418,0.341160526852858,MV-201,step_steer_python
1260,2026年09月16日_23时08分01秒_第004次,2026-09-16T23:08:01,12.59,40.0821092676586,0.00464162949762372,12.9133684337818,41.4267284132583,91.0251000335207,40.5638417482482,0,3,0.0636778877894879,0.34113262161715,MV-201,step_steer_python
1261,2026年09月16日_23时08分01秒_第004次,2026-09-16T23:08:01,12.6,40.0817779097727,0.00461965344886891,12.9136747912425,41.3357298133556,91.0892530009683,40.4714646320465,0,3,0.0636776535589115,0.34110453997901,MV-201,step_steer_python
1262,2026年09月16日_23时08分01秒_第004次,2026-09-16T23:08:01,12.61,40.0814410333263,0.00459801227402876,12.913978839982,41.24458763202,91.153200201994,40.3789482920576,0,3,0.0636774171374449,0.341076062768288,MV-201,step_steer_python
1263,2026年09月16日_23时08分01秒_第004次,2026-09-16T23:08:01,12.62,40.0810986800187,0.00457648699517011,12.914284316495,41.1533023437571,91.2169413017889,40.2862932100909,0,3,0.0636771816159973,0.341047323065872,MV-201,step_steer_python
1264,2026年09月16日_23时08分01秒_第004次,2026-09-16T23:08:01,12.63,40.0807509533132,0.00455492587215772,12.9145840550898,41.0618744231813,91.2804759660704,40.193499868631,0,3,0.0636769491501289,0.341018417755407,MV-201,step_steer_python
1265,2026年09月16日_23时08分01秒_第004次,2026-09-16T23:08:01,12.64,40.0803978745596,0.00453335698686692,12.9148863109692,40.9703043462968,91.3438038627457,40.1005687508515,0,3,0.0636767193426204,0.340989331184335,MV-201,step_steer_python
1266,2026年09月16日_23时08分01秒_第004次,2026-09-16T23:08:01,12.65,40.0800395238824,0.00451181644036374,12.9151838770539,40.8785925893339,91.4069246602942,40.0075003405581,0,3,0.0636764916782938,0.340960045930919,MV-201,step_steer_python
1267,2026年09月16日_23时08分01秒_第004次,2026-09-16T23:08:01,12.66,40.0796759309286,0.0044903286284144,12.9154829851745,40.7867396296097,91.4698380289543,39.9142951222353,0,3,0.0636762658050431,0.340930548706648,MV-201,step_steer_python
1268,2026年09月16日_23时08分01秒_第004次,2026-09-16T23:08:01,12.67,40.0793071790548,0.00446892616909486,12.915776897346,40.6947459446458,91.5325436395401,39.8209535809771,0,3,0.0636760412503348,0.340900824071791,MV-201,step_steer_python
1269,2026年09月16日_23时08分01秒_第004次,2026-09-16T23:08:01,12.68,40.0789332984348,0.00444762577858736,12.9160720792305,40.6026120130775,91.595041164688,39.7274762025456,0,3,0.0636758177651129,0.340870863127767,MV-201,step_steer_python
1270,2026年09月16日_23时08分01秒_第004次,2026-09-16T23:08:01,12.69,40.0785543733224,0.00442645249759544,12.9163617618756,40.510338313744,91.6573302776188,39.633863473312,0,3,0.0636755949793404,0.34084065482173,MV-201,step_steer_python
1271,2026年09月16日_23时08分01秒_第004次,2026-09-16T23:08:01,12.7,40.0781704339222,0.00440541524723646,12.9166525637899,40.4179253266049,91.7194106534055,39.5401158803222,0,3,0.0636753727504647,0.340810194764026,MV-201,step_steer_python
1272,2026年09月16日_23时08分01秒_第004次,2026-09-16T23:08:01,12.71,40.0777815653186,0.0043845322764491,12.9169376535957,40.3253735318217,91.7812819677116,39.4462339112388,0,3,0.0636751508015302,0.340779475886662,MV-201,step_steer_python
1273,2026年09月16日_23时08分01秒_第004次,2026-09-16T23:08:01,12.72,40.0773877976717,0.00436380628140292,12.9172237935853,40.2326834106822,91.8429438980808,39.3522180544068,0,3,0.0636749290757651,0.340748497427798,MV-201,step_steer_python
1274,2026年09月16日_23时08分01秒_第004次,2026-09-16T23:08:01,12.73,40.0769892169067,0.00434325061167336,12.9175040678094,40.1398554446704,91.9043961226477,39.2580687987914,0,3,0.0636747073637797,0.340717255225075,MV-201,step_steer_python
1275,2026年09月16日_23时08分01秒_第004次,2026-09-16T23:08:01,12.74,40.0765858530985,0.0043228638665524,12.9177853759571,40.0468901163989,91.965638321451,39.1637866340407,0,3,0.0636744856654749,0.340685750910405,MV-201,step_steer_python
1276,2026年09月16日_23时08分01秒_第004次,2026-09-16T23:08:01,12.75,40.0761777930026,0.00430265641874469,12.918060704841,39.9537879086678,92.0266701751154,39.0693720504176,0,3,0.063674263812606,0.340653982108398,MV-201,step_steer_python
1277,2026年09月16日_23时08分01秒_第004次,2026-09-16T23:08:01,12.76,40.0757650665612,0.00428262444248719,12.9183370874352,39.8605493054054,92.0874913661896,38.9748255388585,0,3,0.0636740418386822,0.34062195186604,MV-201,step_steer_python
1278,2026年09月16日_23时08分01秒_第004次,2026-09-16T23:08:01,12.77,40.0753477613143,0.00426277650787142,12.9186074072792,39.7671747907163,92.1481015778,38.8801475909011,0,3,0.0636738196004551,0.340589658909009,MV-201,step_steer_python
1279,2026年09月16日_23时08分01秒_第004次,2026-09-16T23:08:01,12.78,40.0749259070047,0.00424310711276117,12.9188788276628,39.6736648498312,92.2085004950146,38.7853386987411,0,3,0.0636735971548384,0.340557107263941,MV-201,step_steer_python
1280,2026年09月16日_23时08分01秒_第004次,2026-09-16T23:08:01,12.79,40.0744995918821,0.00422362331940749,12.9191441262279,39.5800199681453,92.2686878034697,38.690399355158,0,3,0.0636733743797773,0.340524296592567,MV-201,step_steer_python
1281,2026年09月16日_23时08分01秒_第004次,2026-09-16T23:08:01,12.8,40.0740688454155,0.0042043179741841,12.9194105931113,39.4862406321775,92.3286631907604,38.5953300535739,0,3,0.0636731513556106,0.340491231897966,MV-201,step_steer_python
1282,2026年09月16日_23时08分01秒_第004次,2026-09-16T23:08:01,12.81,40.0736337564849,0.00418519647999536,12.919670898226,39.3923273285999,92.3884263450408,38.5001312879806,0,3,0.0636729279840159,0.34045791388105,MV-201,step_steer_python
1283,2026年09月16日_23时08分01秒_第004次,2026-09-16T23:08:01,12.82,40.0731943542262,0.0041662499187303,12.9199324533255,39.2982805452059,92.4479769564416,38.4048035530019,0,3,0.0636727043707637,0.34042434860305,MV-201,step_steer_python
1284,2026年09月16日_23时08分01秒_第004次,2026-09-16T23:08:01,12.83,40.0727507280903,0.00414748203360318,12.9201878185861,39.204100769931,92.5073147156441,38.309347343823,0,3,0.0636724804416736,0.340390537818148,MV-201,step_steer_python
1285,2026年09月16日_23时08分01秒_第004次,2026-09-16T23:08:01,12.84,40.0723029068564,0.00412888240301616,12.920444520365,39.1097884918302,92.5664393153237,38.2137631562571,0,3,0.0636722563246211,0.340356488503659,MV-201,step_steer_python
1286,2026年09月16日_23时08分01秒_第004次,2026-09-16T23:08:01,12.85,40.0718509805171,0.00411045359901505,12.9206950076599,39.0153442000899,92.6253504486975,38.1180514866761,0,3,0.0636720319629577,0.340322203185733,MV-201,step_steer_python
1287,2026年09月16日_23时08分01秒_第004次,2026-09-16T23:08:01,12.86,40.071394977507,0.00409218444991559,12.9209469139165,38.9207683850129,92.6840478109934,38.0222128320795,0,3,0.0636718074962093,0.340287689316019,MV-201,step_steer_python
1288,2026年09月16日_23时08分01秒_第004次,2026-09-16T23:08:01,12.87,40.0709349883534,0.00407407724300927,12.9211925775875,38.8260615370227,92.7425310979709,37.9262476900242,0,3,0.0636715828728145,0.340252949665607,MV-201,step_steer_python
1289,2026年09月16日_23时08分01秒_第004次,2026-09-16T23:08:01,12.88,40.0704710411766,0.00405612102535986,12.9214397329437,38.7312241476543,92.8008000074149,37.8301565586935,0,3,0.0636713582302214,0.340217991581188,MV-201,step_steer_python
1290,2026年09月16日_23时08分01秒_第004次,2026-09-16T23:08:01,12.89,40.0700032270321,0.00403831870200599,12.921680611533,38.6362567085524,92.8588542376303,37.7339399368237,0,3,0.0636711335090613,0.340182817532772,MV-201,step_steer_python
1291,2026年09月16日_23时08分01秒_第004次,2026-09-16T23:08:01,12.9,40.0695315737485,0.00402066029932841,12.9219230445011,38.5411597124672,92.9166934889593,37.6375983237721,0,3,0.0636709088337331,0.340147434299033,MV-201,step_steer_python
1292,2026年09月16日_23时08分01秒_第004次,2026-09-16T23:08:01,12.91,40.0690561728847,0.00400314987372083,12.9221591626063,38.4459336522465,92.974317462252,37.5411322194397,0,3,0.0636706841292434,0.340111843716741,MV-201,step_steer_python
1293,2026年09月16日_23时08分01秒_第004次,2026-09-16T23:08:01,12.92,40.0685770519761,0.00398577869277964,12.922396891869,38.3505790218366,93.0317258604063,37.4445421243374,0,3,0.0636704595029461,0.340076051827391,MV-201,step_steer_python
1294,2026年09月16日_23时08分01秒_第004次,2026-09-16T23:08:01,12.93,40.0680943030367,0.00396855196550176,12.9226282689576,38.2550963152696,93.0889183868151,37.3478285395066,0,3,0.063670234863923,0.340040059819182,MV-201,step_steer_python
1295,2026年09月16日_23时08分01秒_第004次,2026-09-16T23:08:01,12.94,40.0676079532852,0.00395146194827775,12.9228613131939,38.1594860276692,93.1458947469294,37.2509919665847,0,3,0.0636700103058084,0.340003873135895,MV-201,step_steer_python
1296,2026年09月16日_23时08分01秒_第004次,2026-09-16T23:08:01,12.95,40.0671180951326,0.00393451458075371,12.9230879722818,38.0637486542331,93.2026546466838,37.1540329077252,0,3,0.0636697857275384,0.339967492558564,MV-201,step_steer_python
1297,2026年09月16日_23时08分01秒_第004次,2026-09-16T23:08:01,12.96,40.0666247554519,0.00391770256507261,12.9233163561133,37.9678846912444,93.2591977940817,37.0569518656649,0,3,0.0636695612165881,0.339930923251636,MV-201,step_steer_python
1298,2026年09月16日_23时08分01秒_第004次,2026-09-16T23:08:01,12.97,40.0661280270029,0.00390103201166336,12.923538325908,37.8718946350498,93.3155238975991,36.9597493436448,0,3,0.0636693366696123,0.339894165919185,MV-201,step_steer_python
1299,2026年09月16日_23时08分01秒_第004次,2026-09-16T23:08:01,12.98,40.0656279362975,0.00388449555349056,12.9237620777552,37.775778983075,93.3716326677933,36.8624258454796,0,3,0.0636691121752157,0.339857225753953,MV-201,step_steer_python
1300,2026年09月16日_23时08分01秒_第004次,2026-09-16T23:08:01,12.99,40.0651245764175,0.00386809907464178,12.9239793869336,37.6795382328004,93.4275238156848,36.7649818754806,0,3,0.0636688876334373,0.339820103621372,MV-201,step_steer_python
1301,2026年09月16日_23时08分01秒_第004次,2026-09-16T23:08:01,13,40.0646179735197,0.00385183490340413,12.9241985306659,37.5831728827797,93.4831970543877,36.667417938528,0,3,0.0636686631374124,0.339782804886746,MV-201,step_steer_python
1302,2026年09月16日_23时08分01秒_第004次,2026-09-16T23:08:01,13.01,40.0641082209991,0.00383570863479815,12.9244111988524,37.4866834316126,93.5386520974707,36.5697345399939,0,3,0.0636684385915237,0.339745330617021,MV-201,step_steer_python
1303,2026年09月16日_23时08分01秒_第004次,2026-09-16T23:08:01,13.02,40.0635953446739,0.00381971240607689,12.9246257457189,37.3900703789665,93.5938886606082,36.4719321858163,0,3,0.0636682140918829,0.339707686285214,MV-201,step_steer_python
1304,2026年09月16日_23时08分01秒_第004次,2026-09-16T23:08:01,13.03,40.0630794382462,0.00380385176425709,12.9248337781805,37.2933342245463,93.6489064599208,36.3740113824217,0,3,0.0636679895438269,0.339669873016006,MV-201,step_steer_python
1305,2026年09月16日_23时08分01秒_第004次,2026-09-16T23:08:01,13.04,40.0625605272068,0.003788118985839,12.9250437253135,37.1964754691183,93.7037052136459,36.2759726367986,0,3,0.0636677650417504,0.339631896192143,MV-201,step_steer_python
1306,2026年09月16日_23时08分01秒_第004次,2026-09-16T23:08:01,13.05,40.0620387055451,0.00377251991263709,12.9252471156682,37.099494613478,93.7582846404579,36.1778164564183,0,3,0.0636675404870329,0.33959375678712,MV-201,step_steer_python
1307,2026年09月16日_23时08分01秒_第004次,2026-09-16T23:08:01,13.06,40.061513998419,0.00375704725988466,12.9254524526797,37.0023921594752,93.8126444611583,36.079543349308,0,3,0.0636673159680195,0.339555459909767,MV-201,step_steer_python
1308,2026年09月16日_23时08分01秒_第004次,2026-09-16T23:08:01,13.07,40.0609865000674,0.00374170736253301,12.9256511921541,36.9051686089801,93.8667843969756,35.9811538239687,0,3,0.0636670913792104,0.33951700625667,MV-201,step_steer_python
1309,2026年09月16日_23时08分01秒_第004次,2026-09-16T23:08:01,13.08,40.0604562352938,0.00372649343497663,12.9258519116361,36.8078244649098,93.920704171275,35.8826483894476,0,3,0.0636668668019268,0.339478400620355,MV-201,step_steer_python
1310,2026年09月16日_23时08分01秒_第004次,2026-09-16T23:08:01,13.09,40.0599232985389,0.00371141222389068,12.9260459989033,36.7103602301936,93.9744035078392,35.784027555255,0,3,0.0636666421248364,0.3394396434622,MV-201,step_steer_python
1311,2026年09月16日_23时08分01秒_第004次,2026-09-16T23:08:01,13.1,40.0593877142263,0.0036964572258728,12.9262421041313,36.6127764087997,94.0278821325965,35.6852918314365,0,3,0.0636664174252305,0.33940073938374,MV-201,step_steer_python
1312,2026年09月16日_23时08分01秒_第004次,2026-09-16T23:08:01,13.11,40.0588495769554,0.00368163529419034,12.9264315496482,36.5150735047005,94.0811397718836,35.58644172849,0,3,0.0636661925902244,0.339361688789935,MV-201,step_steer_python
1313,2026年09月16日_23时08分01秒_第004次,2026-09-16T23:08:01,13.12,40.0583089107521,0.0036669398590143,12.9266230550116,36.4172520228999,94.1341761541923,35.4874777574386,0,3,0.0636659676980176,0.339322496299342,MV-201,step_steer_python
1314,2026年09月16日_23时08分01秒_第004次,2026-09-16T23:08:01,13.13,40.0577658103453,0.00365237754936882,12.9268078777601,36.3193124683991,94.186991008415,35.3884004297482,0,3,0.0636657426388976,0.33928316245886,MV-201,step_steer_python
1315,2026年09月16日_23时08分01秒_第004次,2026-09-16T23:08:01,13.14,40.057220299359,0.00363794146741777,12.9269948024814,36.2212553472233,94.2395840656086,35.289210257403,0,3,0.0636655174957462,0.339243692063559,MV-201,step_steer_python
1316,2026年09月16日_23时08分01秒_第004次,2026-09-16T23:08:01,13.15,40.0566724726348,0.00362363785659901,12.9271750220559,36.1230811653883,94.2919550572232,35.1899077528232,0,3,0.0636652921643948,0.339204085901756,MV-201,step_steer_python
1317,2026年09月16日_23时08分01秒_第004次,2026-09-16T23:08:01,13.16,40.0561223534006,0.00360945945667783,12.9273573819445,36.024790429927,94.3441037168834,35.090493428942,0,3,0.0636650667329834,0.339164348969727,MV-201,step_steer_python
1318,2026年09月16日_23时08分01秒_第004次,2026-09-16T23:08:01,13.17,40.0555700365984,0.00359541219886839,12.9275330115457,35.9263836478565,94.3960297785998,34.9909677991237,0,3,0.0636648411019269,0.339124482255896,MV-201,step_steer_python
1319,2026年09月16日_23时08分01秒_第004次,2026-09-16T23:08:01,13.18,40.0550155450657,0.00358148863389063,12.9277108142721,35.8278613272038,94.4477329785672,34.8913313772409,0,3,0.0636646153622251,0.339084490856555,MV-201,step_steer_python
1320,2026年09月16日_23时08分01秒_第004次,2026-09-16T23:08:01,13.19,40.0544589738261,0.00356769460140711,12.9278818590158,35.7292239759741,94.4992130533584,34.791584677593,0,3,0.0636643894157809,0.339044375828232,MV-201,step_steer_python
1321,2026年09月16日_23时08分01秒_第004次,2026-09-16T23:08:01,13.2,40.0539003453238,0.00355402270424706,12.9280551056234,35.6304721031743,94.5504697417398,34.6917282149821,0,3,0.0636641633530393,0.339004142222603,MV-201,step_steer_python
1322,2026年09月16日_23时08分01秒_第004次,2026-09-16T23:08:01,13.21,40.0533397546351,0.00354047890126048,12.9282215668351,35.5316062177835,94.6015027828478,34.5917625046308,0,3,0.0636639370743835,0.338963791035391,MV-201,step_steer_python
1323,2026年09月16日_23时08分01秒_第004次,2026-09-16T23:08:01,13.22,40.0527772237981,0.00352705600572781,12.9283902580901,35.4326268297747,94.6523119180203,34.4916880622577,0,3,0.0636637106674197,0.338923327176305,MV-201,step_steer_python
1324,2026年09月16日_23时08分01秒_第004次,2026-09-16T23:08:01,13.23,40.0522128479024,0.00351376017898161,12.9285521404931,35.3335344490866,94.7028968889574,34.3915054039934,0,3,0.0636634840297815,0.338882751526097,MV-201,step_steer_python
1325,2026年09月16日_23时08分01秒_第004次,2026-09-16T23:08:01,13.24,40.0516466485613,0.00350058445040479,12.928716283812,35.2343295866429,94.7532574395678,34.2912150464565,0,3,0.063663257246107,0.338842068846003,MV-201,step_steer_python
1326,2026年09月16日_23时08分01秒_第004次,2026-09-16T23:08:01,13.25,40.051078720838,0.00348753512017413,12.9288736009826,35.1350127533276,94.8033933141151,34.1908175066682,0,3,0.0636630302121405,0.338801279936019,MV-201,step_steer_python
1327,2026年09月16日_23时08分01秒_第004次,2026-09-16T23:08:01,13.26,40.050509085904,0.00347460531623194,12.9290332136293,35.035584461001,94.8533042590784,34.0903133021287,0,3,0.0636628030111902,0.338760389477329,MV-201,step_steer_python
1328,2026年09月16日_23时08分01秒_第004次,2026-09-16T23:08:01,13.27,40.0499378387624,0.00346180133021983,12.9291859884539,34.9360452214778,94.902990021284,33.9897029507317,0,3,0.0636625755391901,0.33871939827532,MV-201,step_steer_python
1329,2026年09月16日_23时08分01秒_第004次,2026-09-16T23:08:01,13.28,40.0493650001346,0.00344911623504259,12.9293410952493,34.8363955475406,94.9524503497811,33.8889869708422,0,3,0.0636623478803038,0.338678311023136,MV-201,step_steer_python
1330,2026年09月16日_23时08分01秒_第004次,2026-09-16T23:08:01,13.29,40.0487906649405,0.00343655617477221,12.9294893553711,34.7366359519215,95.0016849939594,33.7881658812108,0,3,0.0636621199326499,0.338637128614728,MV-201,step_steer_python
1331,2026年09月16日_23时08分01秒_第004次,2026-09-16T23:08:01,13.3,40.0482148534523,0.00342411406471312,12.9296399826285,34.6367669483115,95.0506937054383,33.6872402010524,0,3,0.0636618917827376,0.338595855818322,MV-201,step_steer_python
1332,2026年09月16日_23时08分01秒_第004次,2026-09-16T23:08:01,13.31,40.0476376604907,0.00341179584167386,12.9297837539751,34.5367890503467,95.0994762361714,33.5862104499616,0,3,0.0636616633317597,0.338554493653202,MV-201,step_steer_python
1333,2026年09月16日_23时08分01秒_第004次,2026-09-16T23:08:01,13.32,40.0470591058839,0.003399594259829,12.929929923633,34.4367027726139,95.1480323403492,33.4850771479919,0,3,0.0636614346686644,0.33851304696691,MV-201,step_steer_python
1334,2026年09月16日_23时08分01秒_第004次,2026-09-16T23:08:01,13.33,40.0464792843368,0.00338751509068941,12.9300692261721,34.3365086296398,95.19636177249,33.3838408155708,0,3,0.0636612056971623,0.338471516879623,MV-201,step_steer_python
1335,2026年09月16日_23时08分01秒_第004次,2026-09-16T23:08:01,13.34,40.0458982152347,0.00337555101663467,12.9302109537955,34.2362071368937,95.2444642893558,33.2825019735798,0,3,0.0636609765074022,0.338429908265858,MV-201,step_steer_python
1336,2026年09月16日_23时08分01秒_第004次,2026-09-16T23:08:01,13.35,40.0453159931435,0.00336370775690495,12.9303458020658,34.1357988097808,95.2923396480302,33.181061143269,0,3,0.0636607470040244,0.338388222278202,MV-201,step_steer_python
1337,2026年09月16日_23时08分01秒_第004次,2026-09-16T23:08:01,13.36,40.0447326369988,0.00335197805029604,12.9304830997449,34.0352841646392,95.3399876078467,33.0795188463365,0,3,0.0636605172765602,0.338346463740822,MV-201,step_steer_python
1338,2026年09月16日_23时08分01秒_第004次,2026-09-16T23:08:01,13.37,40.0441482411951,0.00334036768047164,12.9306135075231,33.9346637177392,95.387407928454,32.9778756048428,0,3,0.0636602872289111,0.338304633766322,MV-201,step_steer_python
1339,2026年09月16日_23时08分01秒_第004次,2026-09-16T23:08:01,13.38,40.0435628242043,0.00332886953567297,12.9307463894939,33.8339379862746,95.4346003717561,32.8761319412895,0,3,0.0636600569486465,0.338262737070877,MV-201,step_steer_python
1340,2026年09月16日_23时08分01秒_第004次,2026-09-16T23:08:01,13.39,40.0429764802129,0.0033174895159456,12.930872375315,33.7331074873675,95.4815646999663,32.774288378533,0,3,0.0636598263381611,0.338220774692594,MV-201,step_steer_python
1341,2026年09月16日_23时08分01秒_第004次,2026-09-16T23:08:01,13.4,40.0423892272147,0.00330622066454344,12.9310008624898,33.6321727390538,95.5283006775579,32.6723454398634,0,3,0.0636595954829512,0.33817875123416,MV-201,step_steer_python
1342,2026年09月16日_23时08分01秒_第004次,2026-09-16T23:08:01,13.41,40.0418011591546,0.00329506895700531,12.9311224523965,33.5311342592939,95.5748080693073,32.5703036489177,0,3,0.0636593642844573,0.338136667680729,MV-201,step_steer_python
1343,2026年09月16日_23时08分01秒_第004次,2026-09-16T23:08:01,13.42,40.041212293539,0.00328402751264932,12.9312465729629,33.4299925669525,95.6210866422558,32.4681635297588,0,3,0.0636591328272042,0.338094528567591,MV-201,step_steer_python
1344,2026年09月16日_23时08分01秒_第004次,2026-09-16T23:08:01,13.43,40.0406227240462,0.00327310228039126,12.9313637989276,33.328748180815,95.6671361637421,32.3659256067892,0,3,0.0636589010131199,0.338052334886589,MV-201,step_steer_python
1345,2026年09月16日_23时08分01秒_第004次,2026-09-16T23:08:01,13.44,40.0400324676934,0.00326228634930241,12.9314835849608,33.2274016205622,95.7129564033741,32.2635904048302,0,3,0.0636586689272718,0.338010091169606,MV-201,step_steer_python
1346,2026年09月16日_23时08分01秒_第004次,2026-09-16T23:08:01,13.45,40.0394416178731,0.00325158554787262,12.9315964803684,33.1259534057917,95.7585471310522,32.1611584490359,0,3,0.063658436473423,0.337967798471154,MV-201,step_steer_python
1347,2026年09月16日_23时08分01秒_第004次,2026-09-16T23:08:01,13.46,40.0388501911164,0.00324099287243982,12.9317119629694,33.0244040569874,95.8039081189504,32.0586302649733,0,3,0.0636582037380945,0.33792546135842,MV-201,step_steer_python
1348,2026年09月16日_23时08分01秒_第004次,2026-09-16T23:08:01,13.47,40.0382582805131,0.0032305140038981,12.9318205583114,32.9227540945472,95.8490391395303,31.9560063785366,0,3,0.0636579706272983,0.337883080965165,MV-201,step_steer_python
1349,2026年09月16日_23时08分01秒_第004次,2026-09-16T23:08:01,13.48,40.0376659021095,0.00322014186217263,12.9319317645082,32.8210040397457,95.8939399675315,31.8532873160272,0,3,0.0636577372288041,0.337840661885283,MV-201,step_steer_python
1350,2026年09月16日_23时08分01秒_第004次,2026-09-16T23:08:01,13.49,40.0370731486722,0.00320988202771336,12.9320360859717,32.7191544137687,95.9386103779763,31.7504736040682,0,3,0.0636575034502251,0.337798205303237,MV-201,step_steer_python
1351,2026年09月16日_23时08分01秒_第004次,2026-09-16T23:08:01,13.5,40.0364800357594,0.00319972741781211,12.9321430391167,32.6172057386691,95.983050148169,31.6475657696847,0,3,0.0636572693795458,0.337755715795687,MV-201,step_steer_python
1352,2026年09月16日_23时08分01秒_第004次,2026-09-16T23:08:01,13.51,40.0358866557874,0.00318968359166765,12.9322431106222,32.5151585364089,96.0272590556924,31.544564340218,0,3,0.0636570349248607,0.337713194548932,MV-201,step_steer_python
1353,2026年09月16日_23时08分01秒_第004次,2026-09-16T23:08:01,13.52,40.0352930238178,0.00317974354012517,12.9323458336404,32.4130133298068,96.0712368804142,31.4414698434052,0,3,0.0636568001732828,0.337670646075952,MV-201,step_steer_python
1354,2026年09月16日_23时08分01秒_第004次,2026-09-16T23:08:01,13.53,40.0346992318863,0.00316991285733126,12.932441680663,32.3107706415884,96.1149834024763,31.3382828072935,0,3,0.0636565650325785,0.33762807152893,MV-201,step_steer_python
1355,2026年09月16日_23时08分01秒_第004次,2026-09-16T23:08:01,13.54,40.0341052945473,0.00316018464028776,12.9325401998165,32.2084309953262,96.1584984043084,31.2350037603196,0,3,0.06365632958851,0.337585475336309,MV-201,step_steer_python
1356,2026年09月16日_23时08分01秒_第004次,2026-09-16T23:08:01,13.55,40.0335113034253,0.00315056452227526,12.932631852444,32.105994914497,96.20178166861,31.1316332312235,0,3,0.0636560937484391,0.337542858611248,MV-201,step_steer_python
1357,2026年09月16日_23时08分01秒_第004次,2026-09-16T23:08:01,13.56,40.032917272559,0.00314104568657309,12.9327261992612,32.0034629234146,96.2448329803709,31.028171749128,0,3,0.0636558575970446,0.33750022570849,MV-201,step_steer_python
1358,2026年09月16日_23时08分01秒_第004次,2026-09-16T23:08:01,13.57,40.0323232931354,0.00313163376667049,12.9328136927253,31.900835546295,96.2876521248466,30.9246198434526,0,3,0.0636556210418251,0.337457577723627,MV-201,step_steer_python
1359,2026年09月16日_23时08分01秒_第004次,2026-09-16T23:08:01,13.58,40.0317293786736,0.0031223219836474,12.9329039031364,31.7981133081809,96.3302388895851,30.8209780439926,0,3,0.0636553841670589,0.337414918966371,MV-201,step_steer_python
1360,2026年09月16日_23时08分01秒_第004次,2026-09-16T23:08:01,13.59,40.0311356199017,0.00311311591994202,12.9329872757736,31.6952967340158,96.3725930623963,30.717246880834,0,3,0.0636551468811096,0.3373722505444,MV-201,step_steer_python
1361,2026年09月16日_23时08分01秒_第004次,2026-09-16T23:08:01,13.6,40.0305420298189,0.00310400879002009,12.9330733872732,31.5923863495595,96.4147144333848,30.6134268844324,0,3,0.0636549092684915,0.337329576749302,MV-201,step_steer_python
1362,2026年09月16日_23时08分01秒_第004次,2026-09-16T23:08:01,13.61,40.0299486986758,0.00309500609025382,12.9331526773963,31.4893826804709,96.4566027929134,30.5095185855279,0,3,0.0636546712389406,0.337286898721284,MV-201,step_steer_python
1363,2026年09月16日_23时08分01秒_第004次,2026-09-16T23:08:01,13.62,40.029355638953,0.00308610100959878,12.9332347261225,31.3862862532152,96.4982579336417,30.4055225152249,0,3,0.0636544328774885,0.337244220745785,MV-201,step_steer_python
1364,2026年09月16日_23时08分01秒_第004次,2026-09-16T23:08:01,13.63,40.0287629404053,0.00307729895256316,12.9333099697853,31.2830975941557,96.5396796484844,30.3014392049069,0,3,0.0636541940953396,0.33720154399857,MV-201,step_steer_python
1365,2026年09月16日_23时08分01秒_第004次,2026-09-16T23:08:01,13.64,40.028170614994,0.00306859309382748,12.9333879892681,31.1798172304514,96.5808677326544,30.1972691863162,0,3,0.0636539549778957,0.337158872752672,MV-201,step_steer_python
1366,2026年09月16日_23时08分01秒_第004次,2026-09-16T23:08:01,13.65,40.0275787519562,0.00305998876705371,12.9334592201693,31.0764456891584,96.6218219816169,30.0930129914691,0,3,0.0636537154375419,0.337116208206042,MV-201,step_steer_python
1367,2026年09月16日_23时08分01秒_第004次,2026-09-16T23:08:01,13.66,40.0269873627303,0.00305147916511085,12.9335332423507,30.9729834981185,96.6625421931364,29.9886711527352,0,3,0.0636534755595962,0.337073554599866,MV-201,step_steer_python
1368,2026年09月16日_23时08分01秒_第004次,2026-09-16T23:08:01,13.67,40.0263965360106,0.0030430695855772,12.9336004937517,30.8694311850693,96.7030281652274,29.8842442027528,0,3,0.0636532352571339,0.337030913132118,MV-201,step_steer_python
1369,2026年09月16日_23时08分01秒_第004次,2026-09-16T23:08:01,13.68,40.0258062827053,0.00303475327624596,12.933670551456,30.7657892785236,96.7432796982043,29.7797326745079,0,3,0.0636529946148659,0.33698828798961,MV-201,step_steer_python
1370,2026年09月16日_23时08分01秒_第004次,2026-09-16T23:08:01,13.69,40.025216690939,0.00302653552853361,12.9337338587613,30.6620583068897,96.7832965926287,29.6751371012494,0,3,0.0636527535461273,0.336945680350653,MV-201,step_steer_python
1371,2026年09月16日_23时08分01秒_第004次,2026-09-16T23:08:01,13.7,40.0246277710826,0.00301840966710173,12.9337999879684,30.5582387993402,96.8230786513627,29.570458016568,0,3,0.063652512134703,0.336903094333747,MV-201,step_steer_python
1372,2026年09月16日_23时08分01秒_第004次,2026-09-16T23:08:01,13.71,40.0240396106654,0.00301038098533264,12.933859390307,30.4543312849424,96.8626256775135,29.4656959543114,0,3,0.0636522702940635,0.336860531090856,MV-201,step_steer_python
1373,2026年09月16日_23时08分01秒_第004次,2026-09-16T23:08:01,13.72,40.0234522195161,0.00300244287976623,12.9339216308202,30.3503362935178,96.9019374764884,29.3608514486633,0,3,0.0636520281071292,0.336817994674525,MV-201,step_steer_python
1374,2026年09月16日_23时08分01秒_第004次,2026-09-16T23:08:01,13.73,40.0228656845464,0.00299460062678554,12.9339771707082,30.2462543547818,96.9410138539377,29.2559250340584,0,3,0.0636517854877685,0.336775486220239,MV-201,step_steer_python
1375,2026年09月16日_23时08分01秒_第004次,2026-09-16T23:08:01,13.74,40.0222800150419,0.00298684766677424,12.9340355649127,30.1420859991933,96.9798546178117,29.1509172452613,0,3,0.0636515425184318,0.336733009731201,MV-201,step_steer_python
1376,2026年09月16日_23时08分01秒_第004次,2026-09-16T23:08:01,13.75,40.0216952972784,0.00297918922494503,12.9340872863569,30.0378317571049,97.018459576302,29.0458286172824,0,3,0.0636512991138707,0.336690566345939,MV-201,step_steer_python
1377,2026年09月16日_23时08分01秒_第004次,2026-09-16T23:08:01,13.76,40.0211115399988,0.00297161875349184,12.9341418770145,29.9334921596024,97.0568285398996,28.9406596854564,0,3,0.0636510553565244,0.336648160037757,MV-201,step_steer_python
1378,2026年09月16日_23时08分01秒_第004次,2026-09-16T23:08:01,13.77,40.0205288288259,0.00296414139980126,12.93418982339,29.8290677376649,97.0949613193354,28.8354109853585,0,3,0.0636508111624132,0.336605791963586,MV-201,step_steer_python
1379,2026年09月16日_23时08分01秒_第004次,2026-09-16T23:08:01,13.78,40.0199471719612,0.00295675061403744,12.9342406519458,29.7245590229941,97.1328577276388,28.7300830528831,0,3,0.063650566614171,0.336563466075587,MV-201,step_steer_python
1380,2026年09月16日_23时08分01秒_第004次,2026-09-16T23:08:01,13.79,40.0193666543559,0.00294945146343219,12.9342848650139,29.6199665471854,97.1705175780784,28.62467642416,0,3,0.0636503216291295,0.336521183549875,MV-201,step_steer_python
1381,2026年09月16日_23时08分01秒_第004次,2026-09-16T23:08:01,13.8,40.0187872836684,0.00294223740891466,12.9343319714322,29.5152908425459,97.20794068622,28.5191916356332,0,3,0.0636500762899439,0.336478948310042,MV-201,step_steer_python
1382,2026年09月16日_23时08分01秒_第004次,2026-09-16T23:08:01,13.81,40.0182091441576,0.00293511345844158,12.9343724919823,29.4105324412768,97.2451268678677,28.4136292239774,0,3,0.0636498305149674,0.336436761537934,MV-201,step_steer_python
1383,2026年09月16日_23时08分01秒_第004次,2026-09-16T23:08:01,13.82,40.0176322429345,0.00292807311212044,12.9344159160339,29.3056918762803,97.2820759411214,28.307989726176,0,3,0.0636495843864757,0.336394627111387,MV-201,step_steer_python
1384,2026年09月16日_23时08分01秒_第004次,2026-09-16T23:08:01,13.83,40.0170566635426,0.00292112134542026,12.9344527855487,29.2007696803531,97.318787724319,28.2022736794384,0,3,0.0636493378234628,0.336352546200586,MV-201,step_steer_python
1385,2026年09月16日_23时08分01秒_第004次,2026-09-16T23:08:01,13.84,40.016482412541,0.00291425172115367,12.9344925685539,29.095766386982,97.3552620380921,28.0964816212771,0,3,0.0636490909074881,0.336310522623069,MV-201,step_steer_python
1386,2026年09月16日_23时08分01秒_第004次,2026-09-16T23:08:01,13.85,40.0159095727348,0.00290746919606905,12.93452583072,28.9906825295489,97.3914987033099,27.9906140894258,0,3,0.063648843557986,0.336268557527631,MV-201,step_steer_python
1387,2026年09月16日_23时08分01秒_第004次,2026-09-16T23:08:01,13.86,40.0153381501279,0.00290076740065904,12.9345620165959,28.8855186421153,97.4274975431333,27.8846716219157,0,3,0.0636485958557233,0.336226654668078,MV-201,step_steer_python
1388,2026年09月16日_23时08分01秒_第004次,2026-09-16T23:08:01,13.87,40.014768226767,0.00289415126732438,12.9345917177286,28.7802752586379,97.4632583809602,27.7786547569939,0,3,0.0636483477206492,0.336184815173834,MV-201,step_steer_python
1389,2026年09月16日_23时08分01秒_第004次,2026-09-16T23:08:01,13.88,40.0141998080991,0.00288761448221358,12.9346243527701,28.6749529137424,97.4987810424784,27.6725640332,0,3,0.0636480992329048,0.336143042741934,MV-201,step_steer_python
1390,2026年09月16日_23时08分01秒_第004次,2026-09-16T23:08:01,13.89,40.013632975394,0.00288116193622521,12.9346505410264,28.5695521419507,97.5340653536122,27.5663999892843,0,3,0.0636478503131957,0.336101338491645,MV-201,step_steer_python
1391,2026年09月16日_23时08分01秒_第004次,2026-09-16T23:08:01,13.9,40.0130677335421,0.00287478735428408,12.9346796727213,28.4640734784428,97.5691111425733,27.4601631642841,0,3,0.0636476010412768,0.336059706073372,MV-201,step_steer_python
1392,2026年09月16日_23时08分01秒_第004次,2026-09-16T23:08:01,13.91,40.0125041630207,0.00286849556983102,12.9347023967387,28.3585174582956,97.6039182378104,27.3538540974429,0,3,0.0636473513388388,0.336018146604984,MV-201,step_steer_python
1393,2026年09月16日_23时08分01秒_第004次,2026-09-16T23:08:01,13.92,40.0119422681648,0.00286228033603312,12.9347280724571,28.2528846172337,97.6384864700566,27.2474733282862,0,3,0.0636471012854031,0.335976663696785,MV-201,step_steer_python
1394,2026年09月16日_23时08分01秒_第004次,2026-09-16T23:08:01,13.93,40.0113821286423,0.00285614642204564,12.9347473803024,28.1471754908794,97.6728156702824,27.1410213965407,0,3,0.0636468508037462,0.335935258468607,MV-201,step_steer_python
1395,2026年09月16日_23时08分01秒_第004次,2026-09-16T23:08:01,13.94,40.0108237482332,0.00285008760898299,12.9347696466401,28.041390615492,97.7069056717398,27.0344988422106,0,3,0.0636465999731648,0.335893934491004,MV-201,step_steer_python
1396,2026年09月16日_23时08分01秒_第004次,2026-09-16T23:08:01,13.95,40.0102672057792,0.00284410860425689,12.9347855856323,27.9355305272298,97.7407563079192,26.9279062054968,0,3,0.0636463487174893,0.335852692883452,MV-201,step_steer_python
1397,2026年09月16日_23时08分01秒_第004次,2026-09-16T23:08:01,13.96,40.009712504504,0.00283820322438898,12.9348044887044,27.8295957628771,97.7743674145889,26.8212440268727,0,3,0.0636460971156887,0.335811537172341,MV-201,step_steer_python
1398,2026年09月16日_23时08分01秒_第004次,2026-09-16T23:08:01,13.97,40.0091597224042,0.0028323761231676,12.9348171060973,27.7235868591189,97.8077388277567,26.7145128470039,0,3,0.0636458450925346,0.335770468470967,MV-201,step_steer_python
1399,2026年09月16日_23时08分01秒_第004次,2026-09-16T23:08:01,13.98,40.0086088621456,0.00282662116324556,12.934832692478,27.6175043532551,97.8408703857048,26.6077132068239,0,3,0.063645592726517,0.335729490255043,MV-201,step_steer_python
1400,2026年09月16日_23时08分01秒_第004次,2026-09-16T23:08:01,13.99,40.0080600008607,0.00282094295413913,12.9348420364879,27.5113487824877,97.873761926956,26.5008456474538,0,3,0.0636453399432158,0.335688603625001,MV-201,step_steer_python
1401,2026年09月16日_23时08分01秒_第004次,2026-09-16T23:08:01,14,40.0075131406552,0.00281533541442408,12.9348543541556,27.405120684623,97.9064132923036,26.3939107102776,0,3,0.0636450868205021,0.335647811999801,MV-201,step_steer_python
1402,2026年09月16日_23时08分01秒_第004次,2026-09-16T23:08:01,14.01,40.0069683577794,0.00280980311602335,12.9348604746753,27.2988205973708,97.9388243227831,26.2869089368624,0,3,0.0636448332846671,0.335607116461915,MV-201,step_steer_python
1403,2026年09月16日_23时08分01秒_第004次,2026-09-16T23:08:01,14.02,40.0064256537782,0.00280434003835207,12.9348695733983,27.1924490590346,97.9709948616962,26.1798408690335,0,3,0.0636445794128904,0.335566520370433,MV-201,step_steer_python
1404,2026年09月16日_23时08分01秒_第004次,2026-09-16T23:08:01,14.03,40.0058851040033,0.00279895071606125,12.9348725219931,27.0860066078226,98.0029247525886,26.0727070487947,0,3,0.0636443251321672,0.33552602478861,MV-201,step_steer_python
1405,2026年09月16日_23时08分01秒_第004次,2026-09-16T23:08:01,14.04,40.0053467094385,0.00279362918701152,12.9348784529523,26.9794937825261,98.0346138412673,25.9655080184028,0,3,0.0636440705190172,0.335485633016989,MV-201,step_steer_python
1406,2026年09月16日_23时08分01秒_第004次,2026-09-16T23:08:01,14.05,40.0048105445224,0.00278837994150748,12.934878282189,26.8729111218429,98.0660619737857,25.8582443202892,0,3,0.0636438155012383,0.335445346102965,MV-201,step_steer_python
1407,2026年09月16日_23时08分01秒_第004次,2026-09-16T23:08:01,14.06,40.0042766096798,0.00278319706716635,12.9348810971374,26.7662591650433,98.0972689984538,25.7509164971334,0,3,0.0636435601548127,0.335405167293798,MV-201,step_steer_python
1408,2026年09月16日_23时08分01秒_第004次,2026-09-16T23:08:01,14.07,40.0037449784217,0.00277808499912464,12.934877859709,26.6595384513057,98.12823476383,25.643525091785,0,3,0.0636433044084949,0.335365097626752,MV-201,step_steer_python
1409,2026年09月16日_23时08分01秒_第004次,2026-09-16T23:08:01,14.08,40.0032156506157,0.00277303786569727,12.9348776102042,26.55274952037,98.1589591207242,25.5360706473375,0,3,0.0636430483378599,0.335325140301398,MV-201,step_steer_python
1410,2026年09月16日_23时08分01秒_第004次,2026-09-16T23:08:01,14.09,40.0026886988318,0.00276806003916432,12.9348713583994,26.4458929118866,98.1894419201977,25.4285537070501,0,3,0.0636427918727305,0.335285296348816,MV-201,step_steer_python
1411,2026年09月16日_23时08分01秒_第004次,2026-09-16T23:08:01,14.1,40.0021641223814,0.00276314568603424,12.9348680955779,26.3389691660566,98.2196830155577,25.3209748144214,0,3,0.0636425350883129,0.335245568922557,MV-201,step_steer_python
1412,2026年09月16日_23时08分01秒_第004次,2026-09-16T23:08:01,14.11,40.0016419928785,0.00275829911639516,12.9348588813839,26.2319788229935,98.2496822603656,25.213334513112,0,3,0.0636422779154916,0.335205959046408,MV-201,step_steer_python
1413,2026年09月16日_23时08分01秒_第004次,2026-09-16T23:08:01,14.12,40.0011223090786,0.00275351454129099,12.9348526563547,26.1249224233508,98.2794395104238,25.1056333470171,0,3,0.0636420204290161,0.335166469824174,MV-201,step_steer_python
1414,2026年09月16日_23时08分01秒_第004次,2026-09-16T23:08:01,14.13,40.0006051416244,0.00274879621665665,12.9348405320556,26.0178005076965,98.3089546217913,24.9978718601897,0,3,0.0636417625607197,0.335127102266709,MV-201,step_steer_python
1415,2026年09月16日_23时08分01秒_第004次,2026-09-16T23:08:01,14.14,40.000090488715,0.00274413840867177,12.9348313965877,25.9106136171282,98.3382274527625,24.8900505969133,0,3,0.0636415043847449,0.335087859421683,MV-201,step_steer_python
1416,2026年09月16日_23时08分01秒_第004次,2026-09-16T23:08:01,14.15,39.9995784200073,0.00273954532784764,12.9348164154152,25.8033622926597,98.367257861892,24.7821701016252,0,3,0.0636412458337491,0.335048742280896,MV-201,step_steer_python
1417,2026年09月16日_23时08分01秒_第004次,2026-09-16T23:08:01,14.16,39.9990689331442,0.00273501130297334,12.9348044224353,25.6960470758241,98.3960457099633,24.6742309189883,0,3,0.0636409869811595,0.335009753831313,MV-201,step_steer_python
1418,2026年09月16日_23时08分01秒_第004次,2026-09-16T23:08:01,14.17,39.9985620967826,0.00273054050201632,12.9347866388285,25.5886685080727,98.424590858024,24.5662335938158,0,3,0.0636407277604143,0.334970895043058,MV-201,step_steer_python
1419,2026年09月16日_23时08分01秒_第004次,2026-09-16T23:08:01,14.18,39.9980579080107,0.00272612731646888,12.9347718424196,25.4812271313656,98.4528931693441,24.4581786711416,0,3,0.0636404682442221,0.334932168842288,MV-201,step_steer_python
1420,2026年09月16日_23时08分01秒_第004次,2026-09-16T23:08:01,14.19,39.9975564344729,0.00272177586767504,12.9347513117717,25.3737234875835,98.4809525074613,24.3500666961461,0,3,0.0636402083668577,0.334893576179126,MV-201,step_steer_python
1421,2026年09月16日_23时08分01秒_第004次,2026-09-16T23:08:01,14.2,39.9970576727053,0.0027174806045146,12.9347337667273,25.2661581191052,98.5087687381296,24.2418982142261,0,3,0.063639948200385,0.334855119922175,MV-201,step_steer_python
1422,2026年09月16日_23时08分01秒_第004次,2026-09-16T23:08:01,14.21,39.9965616893282,0.00271324559469423,12.9347105448325,25.1585315682322,98.5363417273746,24.1336737709208,0,3,0.0636396876800144,0.334816801005091,MV-201,step_steer_python
1423,2026年09月16日_23时08分01秒_第004次,2026-09-16T23:08:01,14.22,39.9960684803285,0.00270906533914639,12.9346903060935,25.050844377754,98.5636713434312,24.0253939119818,0,3,0.0636394268772411,0.334778622242281,MV-201,step_steer_python
1424,2026年09月16日_23时08分01秒_第004次,2026-09-16T23:08:01,14.23,39.9955781112916,0.00270494384716555,12.9346644486705,24.943097090385,98.5907574548103,23.9170591832992,0,3,0.0636391657282797,0.334740584553201,MV-201,step_steer_python
1425,2026年09月16日_23时08分01秒_第004次,2026-09-16T23:08:01,14.24,39.9950905776573,0.00270087567011851,12.9346415710007,24.8352902493172,98.6175999322253,23.8086701309711,0,3,0.0636389043040802,0.334702690699185,MV-201,step_steer_python
1426,2026年09月16日_23时08分01秒_第004次,2026-09-16T23:08:01,14.25,39.9946059439646,0.00269686475832644,12.9346131335585,24.7274243976697,98.6441986466698,23.7002273012308,0,3,0.0636386425418705,0.334664941585232,MV-201,step_steer_python
1427,2026年09月16日_23时08分01秒_第004次,2026-09-16T23:08:01,14.26,39.9941242051086,0.00269290571581305,12.9345876716053,24.6195000790292,98.670553471333,23.5917312405149,0,3,0.0636383805120247,0.334627339918407,MV-201,step_steer_python
1428,2026年09月16日_23时08分01秒_第004次,2026-09-16T23:08:01,14.27,39.9936454245708,0.0026890024360267,12.9345567096693,24.5115178369118,98.6966642796892,23.483182495392,0,3,0.0636381181527547,0.334589886587362,MV-201,step_steer_python
1429,2026年09月16日_23时08分01秒_第004次,2026-09-16T23:08:01,14.28,39.9931695967032,0.00268514957939644,12.9345287182975,24.4034782152906,98.7225309474006,23.3745816126297,0,3,0.0636378555338058,0.334552584242732,MV-201,step_steer_python
1430,2026年09月16日_23时08分01秒_第004次,2026-09-16T23:08:01,14.29,39.9926967839185,0.00268135098513483,12.9344952877869,24.2953817580709,98.7481533504195,23.2659291391239,0,3,0.0636375925943358,0.334515433754603,MV-201,step_steer_python
1431,2026年09月16日_23时08分01秒_第004次,2026-09-16T23:08:01,14.3,39.9922269800277,0.00267760137341759,12.9344648224339,24.1872290096048,98.7735313668788,23.1572256219654,0,3,0.0636373294034134,0.334478437715243,MV-201,step_steer_python
1432,2026年09月16日_23时08分01秒_第004次,2026-09-16T23:08:01,14.31,39.991760246364,0.00267390453121543,12.9344289799317,24.0790205141788,98.7986648752063,23.0484716083699,0,3,0.0636370659011134,0.334441596974314,MV-201,step_steer_python
1433,2026年09月16日_23时08分01秒_第004次,2026-09-16T23:08:01,14.32,39.9912965761995,0.00267025524097028,12.9343960967555,23.9707568165161,98.8235537560028,22.9396676457436,0,3,0.0636368021557907,0.334404914064268,MV-201,step_steer_python
1434,2026年09月16日_23时08分01秒_第004次,2026-09-16T23:08:01,14.33,39.9908360297783,0.00266665723838598,12.9343578995205,23.8624384612769,98.8481978901696,22.8308142816141,0,3,0.063636538108422,0.334368389813168,MV-201,step_steer_python
1435,2026年09月16日_23时08分01秒_第004次,2026-09-16T23:08:01,14.34,39.9903785998377,0.00266310536938723,12.9343226552843,23.7540659935478,98.8725971607724,22.7219120636955,0,3,0.0636362738266298,0.334332026693046,MV-201,step_steer_python
1436,2026年09月16日_23时08分01秒_第004次,2026-09-16T23:08:01,14.35,39.9899243455233,0.00265960331797526,12.9342821610224,23.6456399583552,98.8967514511835,22.6129615398198,0,3,0.0636360092522975,0.334295825510042,MV-201,step_steer_python
1437,2026年09月16日_23时08分01秒_第004次,2026-09-16T23:08:01,14.36,39.9894732590409,0.00265614599311586,12.9342446127866,23.5371609011415,98.9206606469313,22.5039632580014,0,3,0.0636357444523199,0.334259788676146,MV-201,step_steer_python
1438,2026年09月16日_23时08分01秒_第004次,2026-09-16T23:08:01,14.37,39.9890253984301,0.00265273702477527,12.9342018793241,23.4286293672916,98.9443246338566,22.3949177663692,0,3,0.0636354793695194,0.334223916976499,MV-201,step_steer_python
1439,2026年09月16日_23时08分01秒_第004次,2026-09-16T23:08:01,14.38,39.9885807553692,0.00264937138277998,12.9341620841543,23.3200459025965,98.967743299948,22.2858256132302,0,3,0.0636352140700932,0.334188212764536,MV-201,step_steer_python
1440,2026年09月16日_23时08分01秒_第004次,2026-09-16T23:08:01,14.39,39.9881393867836,0.00264605263969108,12.9341171692067,23.2114110527921,98.9909165335124,22.1766873470031,0,3,0.0636349484978497,0.334152676805922,MV-201,step_steer_python
1441,2026年09月16日_23时08分01秒_第004次,2026-09-16T23:08:01,14.4,39.987701283828,0.002642775823967,12.9340751840338,23.1027253640105,99.013844224996,22.0675035162805,0,3,0.0636346827183202,0.334117311397074,MV-201,step_steer_python
1442,2026年09月16日_23时08分01秒_第004次,2026-09-16T23:08:01,14.41,39.9872665023061,0.00263954444840572,12.9340281451853,22.9939893823312,99.0365262651695,21.9582746697632,0,3,0.0636344166763329,0.334082117285165,MV-201,step_steer_python
1443,2026年09月16日_23时08分01秒_第004次,2026-09-16T23:08:01,14.42,39.9868350328523,0.00263635359994181,12.9339840268933,22.8852036542204,99.0589625469345,21.8490013563222,0,3,0.0636341504367554,0.334047096709867,MV-201,step_steer_python
1444,2026年09月16日_23时08分01秒_第004次,2026-09-16T23:08:01,14.43,39.9864069301412,0.00263320673209261,12.9339349217656,22.7763687260938,99.0811529635233,21.7396841249335,0,3,0.0636338839454285,0.334012250399158,MV-201,step_steer_python
1445,2026年09月16日_23时08分01秒_第004次,2026-09-16T23:08:01,14.44,39.9859821842911,0.00263009899306368,12.9338887274116,22.6674851447442,99.1030974102902,21.6303235247392,0,3,0.0636336172665167,0.333977580534482,MV-201,step_steer_python
1446,2026年09月16日_23时08分01秒_第004次,2026-09-16T23:08:01,14.45,39.9855608488399,0.00262703377989739,12.933837613891,22.5585534569166,99.124795782927,21.5209201049831,0,3,0.0636333503468334,0.333943087822485,MV-201,step_steer_python
1447,2026年09月16日_23时08分01秒_第004次,2026-09-16T23:08:01,14.46,39.9851429133931,0.00262400630621714,12.9337894008918,22.449574209723,99.1462479792386,21.4114744150716,0,3,0.0636330832497794,0.33390877438403,MV-201,step_steer_python
1448,2026年09月16日_23时08分01秒_第004次,2026-09-16T23:08:01,14.47,39.9847284303455,0.00262101991545382,12.9337363372444,22.3405479502305,99.1674538973738,21.3019870045092,0,3,0.0636328159230989,0.33387464090227,MV-201,step_steer_python
1449,2026年09月16日_23时08分01秒_第004次,2026-09-16T23:08:01,14.48,39.9843173887946,0.00261806988927022,12.9336861634045,22.2314752258637,99.1884134375855,21.1924584229593,0,3,0.0636325484293906,0.333840689436082,MV-201,step_steer_python
1450,2026年09月16日_23时08分01秒_第004次,2026-09-16T23:08:01,14.49,39.9839098399861,0.00261515951793044,12.9336312082106,22.1223565840043,99.2091265004778,21.0828892201802,0,3,0.063632280717321,0.333806920644467,MV-201,step_steer_python
1451,2026年09月16日_23时08分01秒_第004次,2026-09-16T23:08:01,14.5,39.9835057725145,0.00261228415088791,12.9335791315739,22.0131925723823,99.229592988749,20.9732799460852,0,3,0.0636320128486884,0.333773336524645,MV-201,step_steer_python
1452,2026年09月16日_23时08分01秒_第004次,2026-09-16T23:08:01,14.51,39.9831052364714,0.00260944702311883,12.9335223435182,21.9039837386872,99.2498128054563,20.8636311506795,0,3,0.0636317447731106,0.333739937712366,MV-201,step_steer_python
1453,2026年09月16日_23时08分01秒_第004次,2026-09-16T23:08:01,14.52,39.9827082199531,0.00260664354988424,12.9334684221383,21.7947306309474,99.2697858557413,20.7539433841193,0,3,0.0636314765516123,0.333706726144607,MV-201,step_steer_python
1454,2026年09月16日_23时08分01秒_第004次,2026-09-16T23:08:01,14.53,39.9823147718931,0.0026038769080707,12.9334098598033,21.6854337971533,99.2895120451121,20.6442171966499,0,3,0.063631208134801,0.333673702435256,MV-201,step_steer_python
1455,2026年09月16日_23时08分01秒_第004次,2026-09-16T23:08:01,14.54,39.9819248798946,0.00260114257722741,12.9333541515863,21.5760937856247,99.3089912811516,20.5344531386637,0,3,0.063630939582949,0.333640868462199,MV-201,step_steer_python
1456,2026年09月16日_23时08分01秒_第004次,2026-09-16T23:08:01,14.55,39.9815385917284,0.00259844367479285,12.9332938733613,21.4667111446459,99.3282234718164,20.4246517606389,0,3,0.0636306708476722,0.333608224817997,MV-201,step_steer_python
1457,2026年09月16日_23时08分01秒_第004次,2026-09-16T23:08:01,14.56,39.9811558945103,0.00259577574493827,12.9332364360515,21.3572864228213,99.3472085271285,20.3148136131974,0,3,0.0636304019884847,0.333575773321507,MV-201,step_steer_python
1458,2026年09月16日_23时08分01秒_第004次,2026-09-16T23:08:01,14.57,39.980776837176,0.00259288979977347,12.9331736779876,21.2478201687765,99.3659463578253,20.2049392471321,0,3,0.0636301365612187,0.333543667159853,MV-201,step_steer_python
1459,2026年09月16日_23时08分01秒_第004次,2026-09-16T23:08:01,14.58,39.9804014017067,0.00258955491187169,12.9331143479882,21.1383129314811,99.3844368768866,20.0950292134049,0,3,0.0636298778929337,0.33351204615157,MV-201,step_steer_python
1460,2026年09月16日_23时08分01秒_第004次,2026-09-16T23:08:01,14.59,39.9800296342822,0.00258591371049188,12.933050035807,21.0287652599508,99.4026799981163,19.9850840630899,0,3,0.0636296239976662,0.333480828803207,MV-201,step_steer_python
1461,2026年09月16日_23时08分01秒_第004次,2026-09-16T23:08:01,14.6,39.9796615213476,0.00258208907238324,12.9329880962584,20.9191777034178,99.4206756369098,19.8751043473302,0,3,0.0636293731549796,0.333449941568944,MV-201,step_steer_python
1462,2026年09月16日_23时08分01秒_第004次,2026-09-16T23:08:01,14.61,39.9792971058105,0.00257818362410817,12.9329216632861,20.8095508110561,99.4384237088878,19.7650906172992,0,3,0.0636291239194135,0.333419325649202,MV-201,step_steer_python
1463,2026年09月16日_23时08分01秒_第004次,2026-09-16T23:08:01,14.62,39.9789363732174,0.00257427404224578,12.9328577558686,20.6998851323032,99.4559241315257,19.6550434242713,0,3,0.0636288752043593,0.333388934272138,MV-201,step_steer_python
1464,2026年09月16日_23时08分01秒_第004次,2026-09-16T23:08:01,14.63,39.9785793654118,0.00257042440228506,12.9327894703562,20.590181216554,99.4731768225964,19.5449633195781,0,3,0.0636286260942923,0.333358731006399,MV-201,step_steer_python
1465,2026年09月16日_23时08分01秒_第004次,2026-09-16T23:08:01,14.64,39.9782260681324,0.00256667644853513,12.9327236728142,20.480439613469,99.4901817017792,19.4348508546699,0,3,0.0636283759853605,0.333328689520846,MV-201,step_steer_python
1466,2026年09月16日_23时08分01秒_第004次,2026-09-16T23:08:01,14.65,39.9778765224164,0.00256306537659473,12.9326535627127,20.3706608726795,99.5069386891236,19.3247065810662,0,3,0.0636281243623993,0.333298790282913,MV-201,step_steer_python
1467,2026年09月16日_23时08分01秒_第004次,2026-09-16T23:08:01,14.66,39.9775307139084,0.0025596083821147,12.9325859256227,20.2608455440816,99.5234477066269,19.2145310504125,0,3,0.0636278709634101,0.333269021423344,MV-201,step_steer_python
1468,2026年09月16日_23时08分01秒_第004次,2026-09-16T23:08:01,14.67,39.9771886828311,0.00255632145753407,12.9325140489207,20.1509941775505,99.5397086767041,19.104324814426,0,3,0.0636276155415637,0.333239374720619,MV-201,step_steer_python
1469,2026年09月16日_23时08分01秒_第004次,2026-09-16T23:08:01,14.68,39.9768504145187,0.00255320635290086,12.932444667125,20.0411073232229,99.555721523741,18.9940884249479,0,3,0.0636273580517484,0.333209847466884,MV-201,step_steer_python
1470,2026年09月16日_23时08分01秒_第004次,2026-09-16T23:08:01,14.69,39.9765159483218,0.00255026721730824,12.9323711417566,19.9311855312188,99.5714861725688,18.883822433887,0,3,0.0636270984143493,0.333180438469012,MV-201,step_steer_python
1471,2026年09月16日_23时08分01秒_第004次,2026-09-16T23:08:01,14.7,39.9761852691086,0.00254749643201796,12.9323001630817,19.8212293519142,99.5870025499999,18.7735273932692,0,3,0.0636268367174923,0.333151150631952,MV-201,step_steer_python
1472,2026年09月16日_23时08分01秒_第004次,2026-09-16T23:08:01,14.71,39.9758584152722,0.00254489068778418,12.9322251550873,19.7112393356712,99.6022705833094,18.6632038551809,0,3,0.0636265729885959,0.333121987239392,MV-201,step_steer_python
1473,2026年09月16日_23时08分01秒_第004次,2026-09-16T23:08:01,14.72,39.9755353711037,0.00254243634074418,12.9321527587672,19.6012160331012,99.6172902017573,18.552852371819,0,3,0.0636263074032112,0.33309295486416,MV-201,step_steer_python
1474,2026年09月16日_23时08分01秒_第004次,2026-09-16T23:08:01,14.73,39.9752161739448,0.00254012496400367,12.9320764533883,19.4911599948041,99.63206133508,18.4424734954363,0,3,0.0636260400639206,0.333064059912896,MV-201,step_steer_python
1475,2026年09月16日_23时08分01秒_第004次,2026-09-16T23:08:01,14.74,39.9749008074391,0.00253793886861046,12.9320028214478,19.3810717716217,99.6465839149997,18.3320677783918,0,3,0.0636257712067111,0.333035311480213,MV-201,step_steer_python
1476,2026年09月16日_23时08分01秒_第004次,2026-09-16T23:08:01,14.75,39.9745893077962,0.00253586624973358,12.9319253962275,19.2709519143866,99.6608578737276,18.2216357730994,0,3,0.0636255009855409,0.333006718084518,MV-201,step_steer_python
1477,2026年09月16日_23时08分01秒_第004次,2026-09-16T23:08:01,14.76,39.9742816579898,0.00253388730485595,12.9318506922847,19.1608009741664,99.6748831454592,18.1111780320787,0,3,0.0636252296700967,0.332978290209513,MV-201,step_steer_python
1478,2026年09月16日_23时08分01秒_第004次,2026-09-16T23:08:01,14.77,39.9739778930459,0.00253198893762513,12.9317723015252,19.0506195020205,99.6886596648899,18.000695107905,0,3,0.0636249574365346,0.332950037247706,MV-201,step_steer_python
1479,2026年09月16日_23时08分01秒_第004次,2026-09-16T23:08:01,14.78,39.9736779981574,0.00253049570050612,12.9316919116728,18.940408049151,99.7021873680985,17.8901875532327,0,3,0.063624679635584,0.332921761634579,MV-201,step_steer_python
1480,2026年09月16日_23时08分01秒_第004次,2026-09-16T23:08:01,14.79,39.9733819696173,0.00252914386695736,12.9316139907262,18.8301671669791,99.7154661928185,17.7796559208663,0,3,0.0636243999895725,0.332893620702934,MV-201,step_steer_python
1481,2026年09月16日_23时08分01秒_第004次,2026-09-16T23:08:01,14.8,39.9730898631696,0.00252773377959785,12.931531680633,18.7198974068463,99.7284960772098,17.6691007636168,0,3,0.0636241213360639,0.332865737617089,MV-201,step_steer_python
1482,2026年09月16日_23时08分01秒_第004次,2026-09-16T23:08:01,14.81,39.9728016539724,0.00252659882135292,12.9314486847534,18.6095993202803,99.7412769612965,17.5585226343666,0,3,0.0636238389159515,0.332837909611222,MV-201,step_steer_python
1483,2026年09月16日_23时08分01秒_第004次,2026-09-16T23:08:01,14.82,39.9725173344017,0.00252549152671279,12.9313688042979,18.4992734590319,99.7538087867244,17.4479220861583,0,3,0.0636235562344569,0.332810284614175,MV-201,step_steer_python
1484,2026年09月16日_23时08分01秒_第004次,2026-09-16T23:08:01,14.83,39.9722369576953,0.00252423061380697,12.9312850905984,18.3889203747678,99.7660914954931,17.3372996720369,0,3,0.0636232758798887,0.332782975103572,MV-201,step_steer_python
1485,2026年09月16日_23时08分01秒_第004次,2026-09-16T23:08:01,14.84,39.9719604978972,0.00252316019105618,12.9312011143342,18.278540619327,99.7781250314181,17.226655945112,0,3,0.0636229929510772,0.332755772239775,MV-201,step_steer_python
1486,2026年09月16日_23时08分01秒_第004次,2026-09-16T23:08:01,14.85,39.9716879462181,0.002522053445701,12.9311205073263,18.1681347447572,99.7899093398887,17.1159914586399,0,3,0.0636227106679955,0.332728811815421,MV-201,step_steer_python
1487,2026年09月16日_23时08分01秒_第004次,2026-09-16T23:08:01,14.86,39.9714193535714,0.00252074622449738,12.931036396983,18.057703303023,99.8014443666278,17.0053067658694,0,3,0.0636224313816439,0.332702196137014,MV-201,step_steer_python
1488,2026年09月16日_23时08分01秒_第004次,2026-09-16T23:08:01,14.87,39.9711546932648,0.00251958652221697,12.9309522319476,17.9472468462475,99.8127300591329,16.8946024201043,0,3,0.06362215014083,0.332675714207054,MV-201,step_steer_python
1489,2026年09月16日_23时08分01秒_第004次,2026-09-16T23:08:01,14.88,39.9708939554933,0.00251836309189602,12.9308714971913,17.8367659267501,99.8237663664418,16.7838789747839,0,3,0.063621869948078,0.332649492559478,MV-201,step_steer_python
1490,2026年09月16日_23时08分01秒_第004次,2026-09-16T23:08:01,14.89,39.9706371886876,0.00251692338128633,12.9307874541223,17.7262610967707,99.8345532379269,16.6731369833336,0,3,0.0636215929917798,0.332623626482228,MV-201,step_steer_python
1491,2026年09月16日_23时08分01秒_第004次,2026-09-16T23:08:01,14.9,39.9703843656059,0.00251561194742388,12.9307034341765,17.6157329086964,99.8450906247089,16.5623769992298,0,3,0.0636213143717557,0.332597907106043,MV-201,step_steer_python
1492,2026年09月16日_23时08分01秒_第004次,2026-09-16T23:08:01,14.91,39.9701354755445,0.00251422810305493,12.9306227907452,17.5051819151002,99.8553784794297,16.4515995760782,0,3,0.0636210369418432,0.332572454622597,MV-201,step_steer_python
1493,2026年09月16日_23时08分01秒_第004次,2026-09-16T23:08:01,14.92,39.9698905644489,0.00251262712364728,12.9305389492975,17.3946086684805,99.8654167550832,16.3408052674695,0,3,0.0636207627795565,0.332547359490352,MV-201,step_steer_python
1494,2026年09月16日_23时08分01秒_第004次,2026-09-16T23:08:01,14.93,39.969649604711,0.00251114672730345,12.9304551291506,17.2840137214732,99.875205406392,16.2299946270456,0,3,0.0636204870825851,0.332522416961318,MV-201,step_steer_python
1495,2026年09月16日_23时08分01秒_第004次,2026-09-16T23:08:01,14.94,39.9694125848833,0.00250959523295373,12.9303745641583,17.1733976268903,99.8847443895873,16.1191682085738,0,3,0.0636202125769246,0.332497741775606,MV-201,step_steer_python
1496,2026年09月16日_23时08分01秒_第004次,2026-09-16T23:08:01,14.95,39.9691795485311,0.00250783519330734,12.9302908617629,17.062760937475,99.894033661272,16.0083265658062,0,3,0.0636199412358995,0.332473419851003,MV-201,step_steer_python
1497,2026年09月16日_23时08分01秒_第004次,2026-09-16T23:08:01,14.96,39.9689504678398,0.00250619717467863,12.9302071380096,16.9521042060977,99.9030731797584,15.897470252545,0,3,0.0636196683584256,0.332449250711667,MV-201,step_steer_python
1498,2026年09月16日_23时08分01秒_第004次,2026-09-16T23:08:01,14.97,39.9687253307393,0.00250449849150144,12.9301265207063,16.8414279857955,99.9118629048528,15.7865998227114,0,3,0.0636193965417302,0.332425343613583,MV-201,step_steer_python
1499,2026年09月16日_23时08分01秒_第004次,2026-09-16T23:08:01,14.98,39.9685041784937,0.00250260879637608,12.9300428121404,16.7307328295417,99.9204027967521,15.6757158302083,0,3,0.0636191276564063,0.332401779999907,MV-201,step_steer_python
1500,2026年09月16日_23时08分01秒_第004次,2026-09-16T23:08:01,14.99,39.9682869831334,0.00250085083519208,12.9299590357352,16.6200192904268,99.9286928173414,15.5648188289835,0,3,0.0636188571110976,0.332378364029576,MV-201,step_steer_python
1501,2026年09月16日_23时08分01秒_第004次,2026-09-16T23:08:01,15,39.968073731974,0.00249904938299462,12.9298782265215,16.5092879216987,99.9367329299869,15.4539093730947,0,3,0.0636185873952281,0.332355200362154,MV-201,step_steer_python
1502,2026年09月16日_23时08分01秒_第004次,2026-09-16T23:08:01,15.01,39.9678644639841,0.00249707912120796,12.9297943859457,16.3985392765453,99.944523098466,15.3429880165752,0,3,0.0636183203054707,0.332332367185753,MV-201,step_steer_python
1503,2026年09月16日_23时08分01秒_第004次,2026-09-16T23:08:01,15.02,39.9676591509835,0.00249525275729325,12.9297104515312,16.2877739082633,99.9520632882279,15.2320553134974,0,3,0.0636180513913535,0.332309674609565,MV-201,step_steer_python
1504,2026年09月16日_23时08分01秒_第004次,2026-09-16T23:08:01,15.03,39.9674577796129,0.00249339958040833,12.9296293725347,16.1769923702968,99.9593534661951,15.1211118180338,0,3,0.0636177830763306,0.332287224463768,MV-201,step_steer_python
1505,2026年09月16日_23时08分01秒_第004次,2026-09-16T23:08:01,15.04,39.9672603865442,0.00249139653392059,12.9295453424606,16.0661952160351,99.9663935997277,15.0101580843279,0,3,0.0636175171227678,0.332265093357779,MV-201,step_steer_python
1506,2026年09月16日_23时08分01秒_第004次,2026-09-16T23:08:01,15.05,39.9670669433233,0.00248954443273809,12.9294612135457,15.9553829989669,99.9731836578476,14.8991946665581,0,3,0.0636172492479697,0.332243098485623,MV-201,step_steer_python
1507,2026年09月16日_23时08分01秒_第004次,2026-09-16T23:08:01,15.06,39.966877435889,0.00248767525901485,12.9293798486761,15.8445562727203,99.9797236110476,14.7882221189964,0,3,0.063616981836059,0.332221339973953,MV-201,step_steer_python
1508,2026年09月16日_23时08分01秒_第004次,2026-09-16T23:08:01,15.07,39.9666918986747,0.00248566720416213,12.9292956214918,15.7337155908727,99.9860134302873,14.6772409958834,0,3,0.063616716630409,0.332199893504791,MV-201,step_steer_python
1509,2026年09月16日_23时08分01秒_第004次,2026-09-16T23:08:01,15.08,39.9665103029569,0.00248380947247219,12.9292112979384,15.6228615070927,99.9920530881799,14.5662518514932,0,3,0.0636164495130095,0.332178583226424,MV-201,step_steer_python
1510,2026年09月16日_23时08分01秒_第004次,2026-09-16T23:08:01,15.09,39.966332634011,0.0024819373204563,12.9291296524518,15.5119945751799,99.9978425588077,14.455255240188,0,3,0.0636161828212469,0.332157507250714,MV-201,step_steer_python
1511,2026年09月16日_23时08分01秒_第004次,2026-09-16T23:08:01,15.1,39.9661589241196,0.00247993131583731,12.9290452326552,15.4011153488869,100.003381816746,14.3442517162981,0,3,0.0636159182642098,0.332136739689955,MV-201,step_steer_python
1512,2026年09月16日_23时08分01秒_第004次,2026-09-16T23:08:01,15.11,39.9659891443303,0.00247807080414408,12.9289607209947,15.2902243820493,100.008670838212,14.2332418341845,0,3,0.0636156518642333,0.332116110618852,MV-201,step_steer_python
1513,2026年09月16日_23时08分01秒_第004次,2026-09-16T23:08:01,15.12,39.9658232792949,0.00247619597445688,12.9288788056869,15.1793222286247,100.013709600887,14.1222261482912,0,3,0.0636153858887593,0.332095715154505,MV-201,step_steer_python
1514,2026年09月16日_23时08分01秒_第004次,2026-09-16T23:08:01,15.13,39.9656613591847,0.00247419126443417,12.9287942105744,15.068409442527,100.018498082966,14.0112052130268,0,3,0.0636151219915403,0.332075624950737,MV-201,step_steer_python
1515,2026年09月16日_23时08分01秒_第004次,2026-09-16T23:08:01,15.14,39.9655033548229,0.00247232742092474,12.9287095400347,14.9574865777445,100.023036264273,13.9001795828269,0,3,0.0636148563173674,0.332055675251863,MV-201,step_steer_python
1516,2026年09月16日_23时08分01秒_第004次,2026-09-16T23:08:01,15.15,39.9653492502261,0.0024704503203622,12.9286274003571,14.8465541883784,100.027324126083,13.7891498122019,0,3,0.0636145910529235,0.332035957721899,MV-201,step_steer_python
1517,2026年09月16日_23时08分01秒_第004次,2026-09-16T23:08:01,15.16,39.9651990734324,0.00246844852642041,12.9285426943854,14.7356128284889,100.031361650206,13.6781164556221,0,3,0.063614327792851,0.332016541395288,MV-201,step_steer_python
1518,2026年09月16日_23时08分01秒_第004次,2026-09-16T23:08:01,15.17,39.9650527950104,0.00246658401549197,12.9284579499905,14.6246630522015,100.035148820066,13.5670800675793,0,3,0.0636140628067093,0.331997266782125,MV-201,step_steer_python
1519,2026年09月16日_23时08分01秒_第004次,2026-09-16T23:08:01,15.18,39.9649103983109,0.00246470774749618,12.9283756912292,14.5137054137464,100.038685620529,13.4560412026315,0,3,0.0636137982089318,0.331978222451793,MV-201,step_steer_python
1520,2026年09月16日_23时08分01秒_第004次,2026-09-16T23:08:01,15.19,39.9647719092256,0.00246271159441632,12.9282909959283,14.4027404673144,100.041972037018,13.3450004152921,0,3,0.0636135355466888,0.331959475311124,MV-201,step_steer_python
1521,2026年09月16日_23时08分01秒_第004次,2026-09-16T23:08:01,15.2,39.9646372980643,0.00246084795569401,12.9282063106812,14.2917687671537,100.045008056555,13.233958260091,0,3,0.063613271225882,0.331940871625598,MV-201,step_steer_python
1522,2026年09月16日_23时08分01秒_第004次,2026-09-16T23:08:01,15.21,39.9645065501104,0.00245931459296417,12.9281193432225,14.1807908675813,100.047793667001,13.122915291607,0,3,0.0636130024036862,0.331922290279546,MV-201,step_steer_python
1523,2026年09月16日_23时08分01秒_第004次,2026-09-16T23:08:01,15.22,39.9643796524368,0.00245781310212828,12.9280353034983,14.0698073229872,100.050328857855,13.0118720644483,0,3,0.0636127333070177,0.331903909447257,MV-201,step_steer_python
1524,2026年09月16日_23时08分01秒_第004次,2026-09-16T23:08:01,15.23,39.9642566409622,0.0024561114348018,12.9279486741015,13.9588186876973,100.052613619285,12.9008291331441,0,3,0.0636124672494379,0.331885871341345,MV-201,step_steer_python
1525,2026年09月16日_23时08分01秒_第004次,2026-09-16T23:08:01,15.24,39.9641374790559,0.00245445937067321,12.9278630347828,13.8478255160883,100.054647943315,12.7897870522357,0,3,0.0636122006837863,0.331868023830783,MV-201,step_steer_python
1526,2026年09月16日_23时08分01秒_第004次,2026-09-16T23:08:01,15.25,39.964022148991,0.00245305372141098,12.9277757496785,13.7368283626117,100.056431822806,12.6787463763193,0,3,0.063611930790614,0.331850246622833,MV-201,step_steer_python
1527,2026年09月16日_23时08分01秒_第004次,2026-09-16T23:08:01,15.26,39.9639106363257,0.00245161617541005,12.9276916825321,13.6258277817815,100.05796525219,12.5677076600167,0,3,0.0636116615195064,0.331832706071207,MV-201,step_steer_python
1528,2026年09月16日_23时08分01秒_第004次,2026-09-16T23:08:01,15.27,39.9638029738297,0.00244993181658285,12.9276054545657,13.5148243280495,100.059248226568,12.4566714578686,0,3,0.0636113959466381,0.331815534168398,MV-201,step_steer_python
1529,2026年09月16日_23时08分01秒_第004次,2026-09-16T23:08:01,15.28,39.9636991245625,0.00244824799846195,12.927520447095,13.4038185559047,100.060280742851,12.3456383244235,0,3,0.0636111305650426,0.331798580466824,MV-201,step_steer_python
1530,2026年09月16日_23时08分01秒_第004次,2026-09-16T23:08:01,15.29,39.9635990697804,0.00244676040589916,12.9274340831452,13.2928110199059,100.061062798784,12.2346088142787,0,3,0.0636108625771765,0.331781725544303,MV-201,step_steer_python
1531,2026年09月16日_23时08分01秒_第004次,2026-09-16T23:08:01,15.3,39.9635027939612,0.00244521161316488,12.9273509455894,13.1818022746623,100.061594393649,12.1235834820477,0,3,0.0636105956399737,0.331765123309547,MV-201,step_steer_python
1532,2026年09月16日_23时08分01秒_第004次,2026-09-16T23:08:01,15.31,39.9634103264883,0.00244340332650179,12.9272658890036,13.0707928747232,100.061875527403,12.0125628822591,0,3,0.0636103325954407,0.331748895658046,MV-201,step_steer_python
1533,2026年09月16日_23时08分01秒_第004次,2026-09-16T23:08:01,15.32,39.9633216303833,0.00244157576953442,12.927182110975,12.9597833746621,100.061906201775,11.9015475694423,0,3,0.0636100700400374,0.33173289651667,MV-201,step_steer_python
1534,2026年09月16日_23时08分01秒_第004次,2026-09-16T23:08:01,15.33,39.9632366859983,0.00243991907490791,12.9270971482389,12.8487743291164,100.061686419338,11.790538098166,0,3,0.0636098052579344,0.331717009871092,MV-201,step_steer_python
1535,2026年09月16日_23时08分01秒_第004次,2026-09-16T23:08:01,15.34,39.9631554768152,0.00243819439890115,12.9270153134298,12.7377662927629,100.061216184169,11.6795350230048,0,3,0.0636095416434167,0.331701378459412,MV-201,step_steer_python
1536,2026年09月16日_23时08分01秒_第004次,2026-09-16T23:08:01,15.35,39.963078028753,0.00243621795001883,12.9269317352226,12.6267598202197,100.060495501046,11.568538898444,0,3,0.0636092818319701,0.33168611524585,MV-201,step_steer_python
1537,2026年09月16日_23时08分01秒_第004次,2026-09-16T23:08:01,15.36,39.9630043050297,0.00243421940508887,12.9268494255942,12.5157554661181,100.059524376478,11.4575502789625,0,3,0.0636090225699175,0.331671080509836,MV-201,step_steer_python
1538,2026年09月16日_23时08分01秒_第004次,2026-09-16T23:08:01,15.37,39.9629342852815,0.00243238062779188,12.9267660504102,12.4047537851465,100.058302817835,11.3465697190703,0,3,0.0636087612599751,0.331656163214019,MV-201,step_steer_python
1539,2026年09月16日_23时08分01秒_第004次,2026-09-16T23:08:01,15.38,39.962867952177,0.00243047957880516,12.9266856525862,12.2937553320219,100.056830833968,11.2355977732742,0,3,0.0636085010575058,0.331641495940075,MV-201,step_steer_python
1540,2026年09月16日_23时08分01秒_第004次,2026-09-16T23:08:01,15.39,39.9628053283162,0.00242834550891366,12.9266036413178,12.182760661405,100.055108434452,11.1246349959891,0,3,0.0636082444108704,0.331627183549781,MV-201,step_steer_python
1541,2026年09月16日_23时08分01秒_第004次,2026-09-16T23:08:01,15.4,39.962746377317,0.0024261958910343,12.9265228408738,12.0717703279578,100.053135630562,11.0136819416185,0,3,0.0636079882386415,0.331613093633785,MV-201,step_steer_python
1542,2026年09月16日_23时08分01秒_第004次,2026-09-16T23:08:01,15.41,39.9626910782621,0.0024242027586574,12.9264410505813,11.9607848863931,100.05091243445,10.9027391645892,0,3,0.0636077300832925,0.331599121038353,MV-201,step_steer_python
1543,2026年09月16日_23时08分01秒_第004次,2026-09-16T23:08:01,15.42,39.9626394156111,0.00242250542548172,12.9263572703815,11.8498048914435,100.048438859127,10.7918072193152,0,3,0.0636074679347287,0.331585179841258,MV-201,step_steer_python
1544,2026年09月16日_23时08分01秒_第004次,2026-09-16T23:08:01,15.43,39.9625913718998,0.00242077821804376,12.9262768710578,11.738830897847,100.045714919378,10.6808866601882,0,3,0.0636072064137781,0.331571464634829,MV-201,step_steer_python
1545,2026年09月16日_23时08分01秒_第004次,2026-09-16T23:08:01,15.44,39.962546975153,0.00241876749604334,12.9261948424046,11.6278634602664,100.042740630747,10.5699780414814,0,3,0.0636069491499719,0.331558130566463,MV-201,step_steer_python
1546,2026年09月16日_23时08分01秒_第004次,2026-09-16T23:08:01,15.45,39.96250618417,0.00241668353379821,12.9261147340222,11.5169031333463,100.039516010639,10.4590819174497,0,3,0.0636066931707582,0.331545049568347,MV-201,step_steer_python
1547,2026年09月16日_23时08分01秒_第004次,2026-09-16T23:08:01,15.46,39.9624689756375,0.00241469320382706,12.9260341603203,11.4059504717822,100.036041077347,10.3481988423707,0,3,0.0636064360992073,0.331532119765067,MV-201,step_steer_python
1548,2026年09月16日_23时08分01秒_第004次,2026-09-16T23:08:01,15.47,39.9624353324097,0.00241293346208803,12.9259520786769,11.2950060302856,100.032315850003,10.2373293705037,0,3,0.063606175966356,0.331519256886138,MV-201,step_steer_python
1549,2026年09月16日_23时08分01秒_第004次,2026-09-16T23:08:01,15.48,39.9624052357869,0.00241110835668846,12.9258734180336,11.1840703635589,100.028340349458,10.1264740560748,0,3,0.0636059169758422,0.331506637799823,MV-201,step_steer_python
1550,2026年09月16日_23时08分01秒_第004次,2026-09-16T23:08:01,15.49,39.9623787093468,0.00240898778872494,12.9257934793094,11.0731440262304,100.024114597335,10.0156334531888,0,3,0.0636056624248458,0.331494403342881,MV-201,step_steer_python
1551,2026年09月16日_23时08分01秒_第004次,2026-09-16T23:08:01,15.5,39.9623557123191,0.00240677143408425,12.9257155258124,10.9622275728956,100.019638617062,9.90480811592339,0,3,0.0636054094937403,0.331482431942532,MV-201,step_steer_python
1552,2026年09月16日_23时08分01秒_第004次,2026-09-16T23:08:01,15.51,39.9623362205787,0.00240461777844474,12.9256373163321,10.8513215581917,100.014912432967,9.79399859836747,0,3,0.0636051559281565,0.331470626864923,MV-201,step_steer_python
1553,2026年09月16日_23时08分01秒_第004次,2026-09-16T23:08:01,15.52,39.9623202157544,0.00240265682343707,12.9255578626422,10.740426536765,100.009936070239,9.68320545458125,0,3,0.0636048998622039,0.33145890813361,MV-201,step_steer_python
1554,2026年09月16日_23时08分01秒_第004次,2026-09-16T23:08:01,15.53,39.9623076781261,0.00240062131631089,12.9254816534579,10.6295430632387,100.004709555733,9.57242923858078,0,3,0.0636046450937184,0.331447435386638,MV-201,step_steer_python
1555,2026年09月16日_23时08分01秒_第004次,2026-09-16T23:08:01,15.54,39.9622986267059,0.00239830365979044,12.9254043680619,10.5186716921627,99.9992329171069,9.46167050425657,0,3,0.0636043945992858,0.331436335641161,MV-201,step_steer_python
1556,2026年09月16日_23时08分01秒_第004次,2026-09-16T23:08:01,15.55,39.9622930215699,0.0023958891859568,12.9253289811013,10.4078129780406,99.9935061837697,9.35092980546324,0,3,0.0636041457627634,0.331425495982052,MV-201,step_steer_python
1557,2026年09月16日_23时08分01秒_第004次,2026-09-16T23:08:01,15.56,39.9622908380811,0.00239352522320275,12.9252534314052,10.2969674754072,99.9875293860511,9.24020769605395,0,3,0.0636038964894065,0.331414826402107,MV-201,step_steer_python
1558,2026年09月16日_23时08分01秒_第004次,2026-09-16T23:08:01,15.57,39.9622920568996,0.00239133282853614,12.9251768081344,10.186135738799,99.9813025551683,9.1295047298437,0,3,0.0636036450426356,0.331404252343525,MV-201,step_steer_python
1559,2026年09月16日_23时08分01秒_第004次,2026-09-16T23:08:01,15.58,39.9622966598188,0.00238940487332329,12.925098583388,10.0753183227383,99.974825723377,9.01882146059753,0,3,0.0636033900745062,0.331393715757895,MV-201,step_steer_python
1560,2026年09月16日_23时08分01秒_第004次,2026-09-16T23:08:01,15.59,39.9623046262531,0.0023874136414498,12.9250238792942,9.96451578169864,99.9680989247204,8.90815844201787,0,3,0.0636031362387528,0.331383412456698,MV-201,step_steer_python
1561,2026年09月16日_23时08分01秒_第004次,2026-09-16T23:08:01,15.6,39.9623159771775,0.00238510383640446,12.9249482298242,9.85372867006579,99.9611221940741,8.7975162276599,0,3,0.0636028871925299,0.331373498366435,MV-201,step_steer_python
1562,2026年09月16日_23时08分01秒_第004次,2026-09-16T23:08:01,15.61,39.9623306696951,0.0023826513376599,12.9248749967995,9.74295754215422,99.9538955681523,8.68689537103347,0,3,0.063602640459131,0.331363866308604,MV-201,step_steer_python
1563,2026年09月16日_23时08分01秒_第004次,2026-09-16T23:08:01,15.62,39.9623486773644,0.00238019661921862,12.9248020570138,9.63220295230383,99.9464190846004,8.57629642564172,0,3,0.063602394047221,0.331354430552365,MV-201,step_steer_python
1564,2026年09月16日_23时08分01秒_第004次,2026-09-16T23:08:01,15.63,39.9623699794122,0.0023778563726715,12.9247284953589,9.52146545484949,99.9386927819468,8.46571994494196,0,3,0.0636021462888576,0.331345119365194,MV-201,step_steer_python
1565,2026年09月16日_23时08分01秒_第004次,2026-09-16T23:08:01,15.64,39.9623945562419,0.0023757205118451,12.9246537835362,9.41074560410261,99.9307166997567,8.35516648233304,0,3,0.0636018958851227,0.331335876696418,MV-201,step_steer_python
1566,2026年09月16日_23时08分01秒_第004次,2026-09-16T23:08:01,15.65,39.9624223862112,0.00237350397434251,12.9245824206207,9.30004395431051,99.9224908793024,8.24463659114013,0,3,0.0636016468870752,0.331326872793598,MV-201,step_steer_python
1567,2026年09月16日_23时08分01秒_第004次,2026-09-16T23:08:01,15.66,39.9624534845478,0.00237098437308983,12.9245104089073,9.18936105963238,99.9140153627186,8.134130824539,0,3,0.0636014024834572,0.331318243442854,MV-201,step_steer_python
1568,2026年09月16日_23时08分01秒_第004次,2026-09-16T23:08:01,15.67,39.9624878097447,0.00236832046923156,12.9244407064787,9.07869747414178,99.9052901939007,8.02364973564841,0,3,0.0636011604404508,0.331309891820884,MV-201,step_steer_python
1569,2026年09月16日_23时08分01秒_第004次,2026-09-16T23:08:01,15.68,39.9625253349178,0.00236563862764567,12.9243714115563,8.96805375192279,99.8963154177033,7.91319387756318,0,3,0.0636009189686127,0.331301740716117,MV-201,step_steer_python
1570,2026年09月16日_23时08分01秒_第004次,2026-09-16T23:08:01,15.69,39.962566038229,0.00236304351988106,12.9243016997013,8.85743044704302,99.8870910798997,7.80276380331806,0,3,0.0636006765736945,0.331293725687636,MV-201,step_steer_python
1571,2026年09月16日_23时08分01秒_第004次,2026-09-16T23:08:01,15.7,39.9626098989009,0.00236061581986833,12.9242310939829,8.74682811353513,99.8776172273189,7.69236006587566,0,3,0.0636004320921469,0.331285796348121,MV-201,step_steer_python
1572,2026年09月16日_23时08分01秒_第004次,2026-09-16T23:08:01,15.71,39.962656896487,0.00235841536069087,12.9241592762975,8.63624730538944,99.8678939078965,7.58198321811934,0,3,0.0636001846488271,0.331277914533759,MV-201,step_steer_python
1573,2026年09月16日_23时08分01秒_第004次,2026-09-16T23:08:01,15.72,39.9627070083122,0.00235613217221211,12.9240909151083,8.52568857650505,99.8579211713282,7.47163381283672,0,3,0.0635999386481708,0.331270265389665,MV-201,step_steer_python
1574,2026年09月16日_23时08分01秒_第004次,2026-09-16T23:08:01,15.73,39.9627602485672,0.002353524611926,12.924022121072,8.41515248068,99.8476990682101,7.36131240264647,0,3,0.0635996975544352,0.331262996304138,MV-201,step_steer_python
1575,2026年09月16日_23时08分01秒_第004次,2026-09-16T23:08:01,15.74,39.9628165744793,0.00235073772521001,12.9239559439564,8.30463957160094,99.8372276509272,7.25101954009657,0,3,0.0635994593323985,0.331256018788275,MV-201,step_steer_python
1576,2026年09月16日_23时08分01秒_第004次,2026-09-16T23:08:01,15.75,39.9628759579339,0.00234788807415823,12.9238905365713,8.19415040295305,99.8265069728405,7.14075577769958,0,3,0.0635992223368942,0.331249261668087,MV-201,step_steer_python
1577,2026年09月16日_23时08分01秒_第004次,2026-09-16T23:08:01,15.76,39.9629383758665,0.0023450736273097,12.9238251111374,8.08368552839434,99.8155370882384,7.03052166789726,0,3,0.0635989851747953,0.331242664714109,MV-201,step_steer_python
1578,2026年09月16日_23时08分01秒_第004次,2026-09-16T23:08:01,15.77,39.9630038062607,0.00234237064432295,12.9237592126666,7.97324550153541,99.8043180524678,6.92031776304923,0,3,0.0635987467517464,0.331236180398634,MV-201,step_steer_python
1579,2026年09月16日_23时08分01秒_第004次,2026-09-16T23:08:01,15.78,39.9630722274116,0.0023398361360643,12.9236925336844,7.86283087593176,99.7928499219812,6.81014461542585,0,3,0.06359850623956,0.331229772475272,MV-201,step_steer_python
1580,2026年09月16日_23时08分01秒_第004次,2026-09-16T23:08:01,15.79,39.9631436177296,0.00233751058390329,12.9236248819789,7.75244220507734,99.7811327543744,6.70000277720165,0,3,0.0635982630396162,0.33122341441924,MV-201,step_steer_python
1581,2026年09月16日_23时08分01秒_第004次,2026-09-16T23:08:01,15.8,39.9632179556582,0.00233542053167115,12.9235561546793,7.64208004239907,99.769166608418,6.58989280044967,0,3,0.0635980167477608,0.331217087937333,MV-201,step_steer_python
1582,2026年09月16日_23时08分01秒_第004次,2026-09-16T23:08:01,15.81,39.9632952171908,0.00233321135213094,12.9234914204091,7.53174494119319,99.7569515447261,6.47981523712146,0,3,0.0635977724058649,0.331211005077058,MV-201,step_steer_python
1583,2026年09月16日_23时08分01秒_第004次,2026-09-16T23:08:01,15.82,39.9633754168973,0.00233060625856797,12.9234267150669,7.42143745463489,99.7444876248396,6.36977063897295,0,3,0.0635975339849019,0.331205334691348,MV-201,step_steer_python
1584,2026年09月16日_23时08分01秒_第004次,2026-09-16T23:08:01,15.83,39.9634585094004,0.00232773942815317,12.9233653202649,7.31115813575021,99.7317749121451,6.25975955767379,0,3,0.0635972996134725,0.331199995080325,MV-201,step_steer_python
1585,2026年09月16日_23时08分01秒_第004次,2026-09-16T23:08:01,15.84,39.9635444646862,0.00232471963938746,12.9233053474976,7.2009075375499,99.7188134710159,6.14978254484524,0,3,0.0635970677674201,0.331194920086041,MV-201,step_steer_python
1586,2026年09月16日_23时08分01秒_第004次,2026-09-16T23:08:01,15.85,39.9636332580221,0.00232164001926877,12.9232459966382,7.09068621300447,99.7056033667513,6.03984015202269,0,3,0.0635968371334875,0.331190052766799,MV-201,step_steer_python
1587,2026年09月16日_23时08分01秒_第004次,2026-09-16T23:08:01,15.86,39.963724865767,0.00231857422529638,12.9231867991623,6.98049471502109,99.6921446657076,5.92993293064347,0,3,0.0635966066657479,0.331185347554435,MV-201,step_steer_python
1588,2026年09月16日_23时08分01秒_第004次,2026-09-16T23:08:01,15.87,39.9638192646102,0.0023155785546968,12.9231274283603,6.87033359643511,99.6784374353419,5.82006143203859,0,3,0.0635963755577513,0.331180769033634,MV-201,step_steer_python
1589,2026年09月16日_23时08分01秒_第004次,2026-09-16T23:08:01,15.88,39.9639164313772,0.00231269438998621,12.9230676692119,6.76020341000341,99.6644817442467,5.71022620742526,0,3,0.0635961432096151,0.331176290538464,MV-201,step_steer_python
1590,2026年09月16日_23时08分01秒_第004次,2026-09-16T23:08:01,15.89,39.9640163429542,0.00230995056314215,12.9230073941067,6.65010470839838,99.6502776621797,5.6004278079002,0,3,0.0635959091959878,0.331171892792469,MV-201,step_steer_python
1591,2026年09月16日_23时08分01秒_第004次,2026-09-16T23:08:01,15.9,39.9641189762493,0.00230736559322417,12.9229465422888,6.54003804420245,99.6358252600872,5.49066678443421,0,3,0.0635956732355432,0.331167562615526,MV-201,step_steer_python
1592,2026年09月16日_23时08分01秒_第004次,2026-09-16T23:08:01,15.91,39.9642243081665,0.00230494971364499,12.9228851034092,6.43000396990352,99.6211246101212,5.38094368786838,0,3,0.0635954351632176,0.331163291747475,MV-201,step_steer_python
1593,2026年09月16日_23时08分01秒_第004次,2026-09-16T23:08:01,15.92,39.9643323155854,0.00230270662227113,12.9228231043291,6.32000303789071,99.6061757856533,5.27125906891159,0,3,0.0635951949061692,0.331159075829614,MV-201,step_steer_python
1594,2026年09月16日_23时08分01秒_第004次,2026-09-16T23:08:01,15.93,39.9644429730701,0.00230028230944169,12.9227654670492,6.21003580037833,99.590978861895,5.16161347811968,0,3,0.0635949575048495,0.331155126770203,MV-201,step_steer_python
1595,2026年09月16日_23时08分01秒_第004次,2026-09-16T23:08:01,15.94,39.964556291946,0.00229740197916455,12.9227084664392,6.10010280944003,99.5755339150117,5.05200746582988,0,3,0.0635947269091092,0.331151612348951,MV-201,step_steer_python
1596,2026年09月16日_23时08分01秒_第004次,2026-09-16T23:08:01,15.95,39.9646722262357,0.00229418654469583,12.9226552677835,5.99020461695973,99.5598410229892,4.94244158227393,0,3,0.0635945014442689,0.331148459157768,MV-201,step_steer_python
1597,2026年09月16日_23时08分01秒_第004次,2026-09-16T23:08:01,15.96,39.964790744635,0.00229073552106275,12.9226040868218,5.88034177478219,99.5439002648113,4.83291637761581,0,3,0.0635942797272692,0.331145606938495,MV-201,step_steer_python
1598,2026年09月16日_23时08分01秒_第004次,2026-09-16T23:08:01,15.97,39.9649118208746,0.00228713544721413,12.9225541640298,5.7705148346913,99.527711720397,4.72343240191543,0,3,0.0635940605487974,0.331143003063334,MV-201,step_steer_python
1599,2026年09月16日_23时08分01秒_第004次,2026-09-16T23:08:01,15.98,39.9650354297145,0.00228345555151839,12.9225050464641,5.66072434838466,99.5112754707227,4.61399020511554,0,3,0.0635938429367856,0.3311406050014,MV-201,step_steer_python
1600,2026年09月16日_23时08分01秒_第004次,2026-09-16T23:08:01,15.99,39.9651615462167,0.00227974929904651,12.9224564095454,5.55097086746447,99.494591597863,4.50459033703158,0,3,0.0635936261363363,0.3311383794291,MV-201,step_steer_python
1601,2026年09月16日_23时08分01秒_第004次,2026-09-16T23:08:01,16,39.9652901455669,0.00227605649614781,12.922408030474,5.44125494343011,99.4776601850236,4.39523334734147,0,3,0.0635934095814984,0.331136301025823,MV-201,step_steer_python
1602,2026年09月16日_23时08分01秒_第004次,2026-09-16T23:08:01,16.01,39.9654212030115,0.00227240552406243,12.9223597666629,5.33157712767146,99.4604813165692,4.28591978557637,0,3,0.063593192864949,0.331134351187461,MV-201,step_steer_python
1603,2026年09月16日_23时08分01秒_第004次,2026-09-16T23:08:01,16.02,39.9655546938339,0.00226881559633536,12.9223115372791,5.22193797146315,99.4430550780459,4.17665020111321,0,3,0.0635929757070723,0.331132516716475,MV-201,step_steer_python
1604,2026年09月16日_23时08分01秒_第004次,2026-09-16T23:08:01,16.03,39.9656905933436,0.0022652988778251,12.9222633083231,5.11233802595961,99.4253815561973,4.06742514316946,0,3,0.0635927579267489,0.331130788585155,MV-201,step_steer_python
1605,2026年09月16日_23时08分01秒_第004次,2026-09-16T23:08:01,16.04,39.9658288768714,0.0022618623166318,12.9222150805081,5.00277784219092,99.4074608389753,3.95824516080017,0,3,0.0635925394160007,0.331129160862249,MV-201,step_steer_python
1606,2026年09月16日_23时08分01秒_第004次,2026-09-16T23:08:01,16.05,39.9659695197632,0.00225850908014835,12.9221668794527,4.89325797105924,99.3892930155471,3.84911080289717,0,3,0.0635923201200765,0.331127629869936,MV-201,step_steer_python
1607,2026年09月16日_23时08分01秒_第004次,2026-09-16T23:08:01,16.06,39.9661124973715,0.00225523954416289,12.9221187478919,4.78377896333571,99.3708781762995,3.74002261818976,0,3,0.0635921000237596,0.331126193603822,MV-201,step_steer_python
1608,2026年09月16日_23时08分01秒_第004次,2026-09-16T23:08:01,16.07,39.9662577850415,0.00225205185040321,12.9220707396887,4.67434136965757,99.3522164128415,3.63098115524624,0,3,0.0635918791437266,0.331124851408834,MV-201,step_steer_python
1609,2026年09月16日_23时08分01秒_第004次,2026-09-16T23:08:01,16.08,39.9664053580914,0.00224894211117722,12.9220229154463,4.56494574052543,99.3333078180054,3.52198696247545,0,3,0.0635916575258859,0.331123603865507,MV-201,step_steer_python
1610,2026年09月16日_23时08分01秒_第004次,2026-09-16T23:08:01,16.09,39.9665551917889,0.00224590438707457,12.9219753395169,4.45559262630018,99.3141524858496,3.41304058812744,0,3,0.0635914352459361,0.331122452812308,MV-201,step_steer_python
1611,2026年09月16日_23时08分01秒_第004次,2026-09-16T23:08:01,16.1,39.9667072613247,0.00224293058467045,12.9219280781843,4.3462825772004,99.2947505116611,3.30414258029342,0,3,0.0635912124110713,0.331121401416343,MV-201,step_steer_python
1612,2026年09月16日_23时08分01秒_第004次,2026-09-16T23:08:01,16.11,39.9668615417861,0.00224001041268368,12.9218811987447,4.23701614329881,99.2751019919584,3.19529348690341,0,3,0.0635909891608617,0.331120454209187,MV-201,step_steer_python
1613,2026年09月16日_23时08分01秒_第004次,2026-09-16T23:08:01,16.12,39.9670180081344,0.00223713149901993,12.9218347691937,4.12779387451923,99.2552070244956,3.08649385572285,0,3,0.0635907656658405,0.331119617025823,MV-201,step_steer_python
1614,2026年09月16日_23时08分01秒_第004次,2026-09-16T23:08:01,16.13,39.9671766351886,0.00223427971757082,12.9217888582039,4.01861632063328,99.2350657082659,2.97774423434775,0,3,0.0635905421230777,0.331118896816438,MV-201,step_steer_python
1615,2026年09月16日_23时08分01秒_第004次,2026-09-16T23:08:01,16.14,39.9673373976171,0.00223143971514972,12.9217435351002,3.90948403125723,99.2146781435043,2.86904517019897,0,3,0.0635903187488546,0.331118301335935,MV-201,step_steer_python
1616,2026年09月16日_23时08分01秒_第004次,2026-09-16T23:08:01,16.15,39.9675002699395,0.00222859557835282,12.92169886962,3.80039755584912,99.1940444316894,2.76039721051623,0,3,0.0635900957692749,0.331117838746728,MV-201,step_steer_python
1617,2026年09月16日_23时08分01秒_第004次,2026-09-16T23:08:01,16.16,39.9676652265387,0.00222573154863714,12.9216549313408,3.69135744370612,99.1731646755434,2.65180090235256,0,3,0.0635898734101087,0.33111751718957,MV-201,step_steer_python
1618,2026年09月16日_23时08分01秒_第004次,2026-09-16T23:08:01,16.17,39.9678322416801,0.00222283268568335,12.9216117887712,3.58236424396225,99.1520389790306,2.54325679256948,0,3,0.0635896518872907,0.331117344382529,MV-201,step_steer_python
1619,2026年09月16日_23时08分01秒_第004次,2026-09-16T23:08:01,16.18,39.9680012895369,0.00221988539365859,12.921569508236,3.47341850558639,99.1306674473547,2.43476542783353,0,3,0.0635894313993003,0.331117327299882,MV-201,step_steer_python
1620,2026年09月16日_23时08分01秒_第004次,2026-09-16T23:08:01,16.19,39.9681723442163,0.00221687775577332,12.9215281527393,3.36452077738057,99.1090501869541,2.3263273546141,0,3,0.0635892121222198,0.331117471964451,MV-201,step_steer_python
1621,2026年09月16日_23时08分01秒_第004次,2026-09-16T23:08:01,16.2,39.9683453797836,0.00221379966019678,12.9214877810247,3.25567160797839,99.0871873054974,2.21794311918258,0,3,0.063588994207736,0.331117783364328,MV-201,step_steer_python
1622,2026年09月16日_23时08分01秒_第004次,2026-09-16T23:08:01,16.21,39.9685203702787,0.00221064273575528,12.9214484470094,3.14687154584349,99.0650789118783,2.10961326761251,0,3,0.0635887777838463,0.331118265483698,MV-201,step_steer_python
1623,2026年09月16日_23时08分01秒_第004次,2026-09-16T23:08:01,16.22,39.9686972897252,0.00220740014137586,12.9214101996736,3.03812113926798,99.0427251162106,2.00133834578024,0,3,0.0635885629576629,0.331118921421999,MV-201,step_steer_python
1624,2026年09月16日_23时08分01秒_第004次,2026-09-16T23:08:01,16.23,39.96887611213,0.00220406626556396,12.92137308339,2.9294209363707,99.0201260298247,1.89311889936585,0,3,0.0635883498195287,0.331119753568081,MV-201,step_steer_python
1625,2026年09月16日_23时08分01秒_第004次,2026-09-16T23:08:01,16.24,39.9690568114754,0.00220063639199313,12.9213371385503,2.8207714850954,98.9972817652633,1.78495547385351,0,3,0.0635881384476521,0.331120763795939,MV-201,step_steer_python
1626,2026年09月16日_23时08分01秒_第004次,2026-09-16T23:08:01,16.25,39.9692393617068,0.00219710637798522,12.9213024023023,2.71217333320845,98.9741924362798,1.67684861453101,0,3,0.0635879289125981,0.331121953654065,MV-201,step_steer_python
1627,2026年09月16日_23时08分01秒_第004次,2026-09-16T23:08:01,16.26,39.9694237367181,0.00219347237944348,12.9212689091794,2.60362702829692,98.9508581578369,1.56879886648879,0,3,0.0635877212811526,0.331123324528223,MV-201,step_steer_python
1628,2026年09月16日_23时08分01秒_第004次,2026-09-16T23:08:01,16.27,39.9696099103416,0.00218973064237236,12.9212366914748,2.49513311776578,98.9272790461054,1.46080677461712,0,3,0.0635875156192677,0.331124877765504,MV-201,step_steer_python
1629,2026年09月16日_23时08分01秒_第004次,2026-09-16T23:08:01,16.28,39.9697978563427,0.00218587737126034,12.9212057792765,2.38669214883551,98.9034552184645,1.35287288360293,0,3,0.0635873119939324,0.331126614753222,MV-201,step_steer_python
1630,2026年09月16日_23时08分01秒_第004次,2026-09-16T23:08:01,16.29,39.969987548422,0.00218190867737369,12.9211762002108,2.2783046685395,98.8793867935023,1.2449977379256,0,3,0.0635871104739169,0.331128536950526,MV-201,step_steer_python
1631,2026年09月16日_23时08分01秒_第004次,2026-09-16T23:08:01,16.3,39.9701789602244,0.00217782060529708,12.9211479790159,2.16997122372137,98.8550738910159,1.13718188185251,0,3,0.0635869111294042,0.331130645873311,MV-201,step_steer_python
1632,2026年09月16日_23时08分01秒_第004次,2026-09-16T23:08:01,16.31,39.9703720653539,0.00217360923061885,12.9211211371267,2.06169236103248,98.8305166320121,1.0294258594344,0,3,0.0635867140306011,0.331132943036253,MV-201,step_steer_python
1633,2026年09月16日_23时08分01秒_第004次,2026-09-16T23:08:01,16.32,39.9705668373904,0.00216927081517356,12.921095692451,1.95346862692936,98.8057151387073,0.92173021450121,0,3,0.0635865192455158,0.331135429859682,MV-201,step_steer_python
1634,2026年09月16日_23时08分01秒_第004次,2026-09-16T23:08:01,16.33,39.9707632499066,0.00216480199778712,12.9210716594531,1.84530056767144,98.7806695345268,0.814095490658439,0,3,0.0635863268372087,0.331138107554165,MV-201,step_steer_python
1635,2026年09月16日_23时08分01秒_第004次,2026-09-16T23:08:01,16.34,39.9709612764809,0.00216019999052319,12.9210490495785,1.73718872931854,98.7553799441043,0.706522231284057,0,3,0.0635861368609423,0.331140977000614,MV-201,step_steer_python
1636,2026年09月16日_23时08分01秒_第004次,2026-09-16T23:08:01,16.35,39.9711608907062,0.00215546274521927,12.9210278719629,1.62913365772909,98.7298464932802,0.599010979526782,0,3,0.0635859493617329,0.331144038647136,MV-201,step_steer_python
1637,2026年09月16日_23时08分01秒_第004次,2026-09-16T23:08:01,16.36,39.9713620661923,0.0021505890556455,12.9210081342754,1.52113589855765,98.7040693090996,0.491562278304265,0,3,0.0635857643728025,0.331147292443686,MV-201,step_steer_python
1638,2026年09月16日_23时08分01秒_第004次,2026-09-16T23:08:01,16.37,39.9715647765648,0.00214557856905145,12.9209898435272,1.41319599725303,98.6780485198099,0.38417667030235,0,3,0.0635855819153146,0.331150737830792,MV-201,step_steer_python
1639,2026年09月16日_23时08分01秒_第004次,2026-09-16T23:08:01,16.38,39.97176899546,0.0021404316959026,12.9209730066738,1.30531449905615,98.6517842548594,0.276854697974326,0,3,0.0635854019995634,0.331154373789615,MV-201,step_steer_python
1640,2026年09月16日_23时08分01秒_第004次,2026-09-16T23:08:01,16.39,39.9719746965187,0.00213514942633478,12.9209576308997,1.19749194899783,98.6252766448948,0.169596903540163,0,3,0.0635852246275078,0.331158198948857,MV-201,step_steer_python
1641,2026年09月16日_23时08分01秒_第004次,2026-09-16T23:08:01,16.4,39.9721818533813,0.00212973308147074,12.9209437235566,1.08972889189653,98.5985258217602,0.0624038289854236,0,3,0.0635850497962581,0.331162211732027,MV-201,step_steer_python
1642,2026年09月16日_23时08分01秒_第004次,2026-09-16T23:08:01,16.41,39.9723904396843,0.00212418404236909,12.9209312917982,0.982025872355814,98.5715319184967,-0.0447239839403554,0,3,0.0635848775019114,0.331166410519599,MV-201,step_steer_python
1643,2026年09月16日_23时08分01秒_第004次,2026-09-16T23:08:01,16.42,39.9726004290609,0.00211850350508928,12.920920342031,0.874383434761778,98.5442950693419,-0.15178599372592,0,3,0.0635847077430466,0.331170793796899,MV-201,step_steer_python
1644,2026年09月16日_23时08分01秒_第004次,2026-09-16T23:08:01,16.43,39.9728117951424,0.00211269230545738,12.9209108793206,0.766802123280267,98.5168154097313,-0.258781659101202,0,3,0.0635845405232511,0.331175360261175,MV-201,step_steer_python
1645,2026年09月16日_23时08分01秒_第004次,2026-09-16T23:08:01,16.44,39.9730245115642,0.00210675084218362,12.9209029068959,0.659282481854033,98.4890930762984,-0.365710439040788,0,3,0.0635843758522623,0.331180108870195,MV-201,step_steer_python
1646,2026年09月16日_23时08分01秒_第004次,2026-09-16T23:08:01,16.45,39.9732385519717,0.00210067910596588,12.9208964258519,0.551825054199842,98.4611282068768,-0.472571792767768,0,3,0.0635842137456035,0.33118503882718,MV-201,step_steer_python
1647,2026年09月16日_23时08分01秒_第004次,2026-09-16T23:08:01,16.46,39.9734538900276,0.00209447680019146,12.9208914350994,0.444430383805611,98.4329209405007,-0.57936517975776,0,3,0.0635840542229065,0.331190149510211,MV-201,step_steer_python
1648,2026年09月16日_23时08分01秒_第004次,2026-09-16T23:08:01,16.47,39.9736704994189,0.00208814352072152,12.9208879315544,0.337099013927613,98.4044714174056,-0.686090059742869,0,3,0.0635838973053753,0.33119544036528,MV-201,step_steer_python
1649,2026年09月16日_23时08分01秒_第004次,2026-09-16T23:08:01,16.48,39.9738883538628,0.00208167895285621,12.9208859105175,0.22983148758777,98.3757797790294,-0.792745892715387,0,3,0.0635837430129829,0.33120091078801,MV-201,step_steer_python
1650,2026年09月16日_23时08分01秒_第004次,2026-09-16T23:08:01,16.49,39.9741074271127,0.00207508304388897,12.9208853661666,0.122628347571101,98.3468461680112,-0.89933213893104,0,3,0.0635835913619943,0.331206560019106,MV-201,step_steer_python
1651,2026年09月16日_23时08分01秒_第004次,2026-09-16T23:08:01,16.5,39.9743276929615,0.00206835611944321,12.9208862920837,0.0154901364230108,98.3176707281918,-1.00584825891198,0,3,0.0635834423632719,0.331212387072879,MV-201,step_steer_python
1652,2026年09月16日_23时08分01秒_第004次,2026-09-16T23:08:01,16.51,39.9745491252445,0.00206149892735147,12.9208886817481,-0.0915826035527802,98.288253604612,-1.11229371344874,0,3,0.0635832960216041,0.331218390708958,MV-201,step_steer_python
1653,2026年09月16日_23时08分01秒_第004次,2026-09-16T23:08:01,16.52,39.9747716999845,0.00205487330122873,12.920887547671,-0.198589330140627,98.2585949429029,-1.218667963558,0,3,0.0635831471796657,0.331224351346856,MV-201,step_steer_python
1654,2026年09月16日_23时08分01秒_第004次,2026-09-16T23:08:01,16.53,39.9749953556222,0.00204875592488484,12.9208867732495,-0.305529501373667,98.2286948901832,-1.32497047042892,0,3,0.06358299185467,0.331230097042572,MV-201,step_steer_python
1655,2026年09月16日_23时08分01秒_第004次,2026-09-16T23:08:01,16.54,39.9752200895437,0.00204301601021967,12.9208831994977,-0.412402575374148,98.1985535941925,-1.43120069557157,0,3,0.0635828318562945,0.331235704236,MV-201,step_steer_python
1656,2026年09月16日_23时08分01秒_第004次,2026-09-16T23:08:01,16.55,39.9754458839331,0.00203754203768318,12.9208787399463,-0.519208010623833,98.1681712041062,-1.53735810085908,0,3,0.0635826687342088,0.33124123752618,MV-201,step_steer_python
1657,2026年09月16日_23时08分01秒_第004次,2026-09-16T23:08:01,16.56,39.9756727156796,0.00203223339369621,12.9208742653578,-0.625945265956137,98.1375478706049,-1.64344214848862,0,3,0.0635825038953483,0.331246755180034,MV-201,step_steer_python
1658,2026年09月16日_23时08分01秒_第004次,2026-09-16T23:08:01,16.57,39.975900560485,0.00202700501675353,12.9208703351291,-0.732613800519883,98.1066837457553,-1.74945230096956,0,3,0.0635823385362056,0.331252306493204,MV-201,step_steer_python
1659,2026年09月16日_23时08分01秒_第004次,2026-09-16T23:08:01,16.58,39.9761293936055,0.00202178606192274,12.9208673776642,-0.839213073770505,98.0755789829734,-1.85538802111409,0,3,0.0635821736600853,0.33125793256109,MV-201,step_steer_python
1660,2026年09月16日_23时08分01秒_第004次,2026-09-16T23:08:01,16.59,39.9763591900311,0.00201651808920149,12.9208657163067,-0.945742545464227,98.0442337369937,-1.96124877202918,0,3,0.0635820101013232,0.331263667313734,MV-201,step_steer_python
1661,2026年09月16日_23时08分01秒_第004次,2026-09-16T23:08:01,16.6,39.9765899245512,0.00201115323949995,12.9208655905536,-1.052201675653,98.0126481638432,-2.06703401711074,0,3,0.0635818485498965,0.331269538560922,MV-201,step_steer_python
1662,2026年09月16日_23时08分01秒_第004次,2026-09-16T23:08:01,16.61,39.9768215717862,0.00200565249427777,12.9208671743488,-1.15858992468167,97.9808224208202,-2.17274322004231,0,3,0.0635816895750539,0.331275568993945,MV-201,step_steer_python
1663,2026年09月16日_23时08分01秒_第004次,2026-09-16T23:08:01,16.62,39.9770541062119,0.00199998414037919,12.9208705908956,-1.26490675318588,97.9487566664782,-2.27837584479681,0,3,0.0635815336462174,0.3312817770715,MV-201,step_steer_python
1664,2026年09月16日_23时08分01秒_第004次,2026-09-16T23:08:01,16.63,39.9772875044547,0.00199450800814844,12.9208706008257,-1.37115162190791,97.9164510599661,-2.38393135558927,0,3,0.063581375639112,0.331287944645545,MV-201,step_steer_python
1665,2026年09月16日_23时08分01秒_第004次,2026-09-16T23:08:01,16.64,39.9775217028408,0.00198949770586914,12.9208714163005,-1.47732399188962,97.8839057619742,-2.48940921682758,0,3,0.0635812116195665,0.331293901713762,MV-201,step_steer_python
1666,2026年09月16日_23时08分01秒_第004次,2026-09-16T23:08:01,16.65,39.9777567006211,0.001984795763798,12.9208697003925,-1.58342332427659,97.8511209338047,-2.59480889328344,0,3,0.063581043783707,0.331299741173634,MV-201,step_steer_python
1667,2026年09月16日_23时08分01秒_第004次,2026-09-16T23:08:01,16.66,39.977992480713,0.00198026948534746,12.9208675207641,-1.68944908062647,97.8180967382285,-2.70012985014348,0,3,0.0635808739921107,0.331305540822695,MV-201,step_steer_python
1668,2026年09月16日_23时08分01秒_第004次,2026-09-16T23:08:01,16.67,39.9782290203338,0.00197580197278084,12.9208658186449,-1.79540072290002,97.7848333395516,-2.80537155297121,0,3,0.0635807038951749,0.331311369249761,MV-201,step_steer_python
1669,2026年09月16日_23时08分01秒_第004次,2026-09-16T23:08:01,16.68,39.9784662954302,0.00197129708549071,12.9208651935522,-1.90127771341677,97.7513309034824,-2.91053346769558,0,3,0.0635805348603674,0.331317283000162,MV-201,step_steer_python
1670,2026年09月16日_23时08分01秒_第004次,2026-09-16T23:08:01,16.69,39.9787042815046,0.00196667791593452,12.9208660982252,-2.00707951484202,97.717589597084,-3.01561506059897,0,3,0.0635803679915619,0.331323327439486,MV-201,step_steer_python
1671,2026年09月16日_23时08分01秒_第004次,2026-09-16T23:08:01,16.7,39.9789429538337,0.00196188458004407,12.9208688677597,-2.11280559017688,97.6836095887332,-3.1206157983035,0,3,0.0635802041583538,0.331329538006305,MV-201,step_steer_python
1672,2026年09月16日_23时08分01秒_第004次,2026-09-16T23:08:01,16.71,39.9791822875555,0.0019568717773724,12.9208737431276,-2.21845540274998,97.6493910480856,-3.22553514775841,0,3,0.0635800440289284,0.331335941607906,MV-201,step_steer_python
1673,2026年09月16日_23时08分01秒_第004次,2026-09-16T23:08:01,16.72,39.9794222577099,0.00195160623379063,12.9208808912318,-2.32402841621121,97.6149341460469,-3.33037257623037,0,3,0.0635798881048968,0.331342558096821,MV-201,step_steer_python
1674,2026年09月16日_23时08分01秒_第004次,2026-09-16T23:08:01,16.73,39.9796628414299,0.00194643387140513,12.9208853155309,-2.42952409433769,97.5802390541335,-3.43512755124357,0,3,0.0635797314708721,0.331349178193545,MV-201,step_steer_python
1675,2026年09月16日_23时08分01秒_第004次,2026-09-16T23:08:01,16.74,39.9799039772384,0.00194162026100283,12.9208910666472,-2.534941901237,97.5453059453695,-3.53979954052668,0,3,0.0635795703192874,0.331355637375355,MV-201,step_steer_python
1676,2026年09月16日_23时08分01秒_第004次,2026-09-16T23:08:01,16.75,39.9801456640425,0.00193701869951289,12.9208949422119,-2.64028130113863,97.510134993396,-3.64438801217753,0,3,0.0635794067050009,0.331362022542736,MV-201,step_steer_python
1677,2026年09月16日_23时08分01秒_第004次,2026-09-16T23:08:01,16.76,39.9803878850787,0.00193250629350095,12.920898912081,-2.74554175870766,97.4747263732853,-3.74889243471141,0,3,0.0635792423598246,0.331368406061908,MV-201,step_steer_python
1678,2026年09月16日_23时08分01秒_第004次,2026-09-16T23:08:01,16.77,39.9806306181001,0.00192797464478548,12.9209038583249,-2.85072273903871,97.4390802616071,-3.8533122770274,0,3,0.0635790788228682,0.331374851842033,MV-201,step_steer_python
1679,2026年09月16日_23时08分01秒_第004次,2026-09-16T23:08:01,16.78,39.9808738396189,0.00192333428189679,12.9209103301578,-2.9558237076116,97.4031968363058,-3.9576470084028,0,3,0.0635789173754751,0.331381412815304,MV-201,step_steer_python
1680,2026年09月16日_23时08分01秒_第004次,2026-09-16T23:08:01,16.79,39.9811175256979,0.0019185132414697,12.9209187330221,-3.06084413027917,97.3670762766579,-4.06189609848864,0,3,0.0635787590592664,0.33138813174417,MV-201,step_steer_python
1681,2026年09月16日_23时08分01秒_第004次,2026-09-16T23:08:01,16.8,39.9813616521677,0.00191345528257063,12.9209293582907,-3.16578347325809,97.3307187632375,-4.16605901730381,0,3,0.0635786046996002,0.331395042226103,MV-201,step_steer_python
1682,2026年09月16日_23时08分01秒_第004次,2026-09-16T23:08:01,16.81,39.9816061947233,0.0019081180543067,12.9209424071493,-3.27064120312098,97.2941244778844,-4.27013523522952,0,3,0.0635784549299095,0.33140216972889,MV-201,step_steer_python
1683,2026年09月16日_23时08分01秒_第004次,2026-09-16T23:08:01,16.82,39.9818511311004,0.00190283375395159,12.9209530030075,-3.37541678659174,97.2572936030768,-4.37412422294768,0,3,0.0635783050341496,0.331409313442845,MV-201,step_steer_python
1684,2026年09月16日_23时08分01秒_第004次,2026-09-16T23:08:01,16.83,39.9820964011884,0.00189785865438756,12.9209651329334,-3.48010969076061,97.2202263228004,-4.47802545138882,0,3,0.063578151342431,0.331416314747658,MV-201,step_steer_python
1685,2026年09月16日_23时08分01秒_第004次,2026-09-16T23:08:01,16.84,39.9823420041576,0.00189304753222375,12.9209756622331,-3.58471938285978,97.1829228216727,-4.58183839189326,0,3,0.0635779958943128,0.33142325991122,MV-201,step_steer_python
1686,2026年09月16日_23时08分01秒_第004次,2026-09-16T23:08:01,16.85,39.9825879238557,0.00188828100180705,12.9209865228884,-3.68924533058509,97.1453832857293,-4.68556251625234,0,3,0.0635778403771398,0.331430219452006,MV-201,step_steer_python
1687,2026年09月16日_23时08分01秒_第004次,2026-09-16T23:08:01,16.86,39.9828341388042,0.00188345575770842,12.9209985752959,-3.79368700208969,97.1076079024839,-4.78919729666803,0,3,0.0635776862624817,0.331437254463657,MV-201,step_steer_python
1688,2026年09月16日_23时08分01秒_第004次,2026-09-16T23:08:01,16.87,39.9830806263538,0.00187848816920873,12.9210123499137,-3.89804386593683,97.0695968608049,-4.89274220574076,0,3,0.0635775347528469,0.331444414588718,MV-201,step_steer_python
1689,2026年09月16日_23时08分01秒_第004次,2026-09-16T23:08:01,16.88,39.983327363448,0.00187331213673764,12.9210282338837,-4.00231539108663,97.0313503508723,-4.99619671645948,0,3,0.0635773868100019,0.331451739259176,MV-201,step_steer_python
1690,2026年09月16日_23时08分01秒_第004次,2026-09-16T23:08:01,16.89,39.9835743268187,0.00186787670471285,12.9210465012011,-4.10650104688631,96.9928685641435,-5.09956030219243,0,3,0.0635772431870267,0.331459259063798,MV-201,step_steer_python
1691,2026年09月16日_23时08分01秒_第004次,2026-09-16T23:08:01,16.9,39.9838214930624,0.00186214382476969,12.9210673369741,-4.21060030306249,96.9541516933241,-5.20283243668056,0,3,0.0635771044585022,0.331466997029871,MV-201,step_steer_python
1692,2026年09月16日_23时08分01秒_第004次,2026-09-16T23:08:01,16.91,39.9840688409826,0.00185648057551964,12.9210854114487,-4.31461262948644,96.9151999316945,-5.30601259396859,0,3,0.0635769654118735,0.331474731394661,MV-201,step_steer_python
1693,2026年09月16日_23时08分01秒_第004次,2026-09-16T23:08:01,16.92,39.9843163082028,0.00185116945076592,12.9211050407307,-4.41853749642869,96.8760134740555,-5.40910024835418,0,3,0.0635768220004273,0.331482287466603,MV-201,step_steer_python
1694,2026年09月16日_23时08分01秒_第004次,2026-09-16T23:08:01,16.93,39.9845638968025,0.00184605467296226,12.9211228003022,-4.52237437429708,96.8365925157856,-5.51209487457256,0,3,0.0635766764095322,0.331489757844767,MV-201,step_steer_python
1695,2026年09月16日_23时08分01秒_第004次,2026-09-16T23:08:01,16.94,39.984811592175,0.00184100737648018,12.921140778615,-4.62612273400535,96.7969372536925,-5.61499594784696,0,3,0.0635765304582327,0.331497218706725,MV-201,step_steer_python
1696,2026年09月16日_23时08分01秒_第004次,2026-09-16T23:08:01,16.95,39.9850593739161,0.00183591544203171,12.9211599002486,-4.72978204696792,96.7570478860813,-5.71780294384852,0,3,0.0635763857413957,0.331504736423655,MV-201,step_steer_python
1697,2026年09月16日_23时08分01秒_第004次,2026-09-16T23:08:01,16.96,39.9853072203612,0.00183068780131391,12.9211807312892,-4.8333517850463,96.7169246126224,-5.82051533868637,0,3,0.0635762435661931,0.33151236512215,MV-201,step_steer_python
1698,2026年09月16日_23时08分01秒_第004次,2026-09-16T23:08:01,16.97,39.9855551094337,0.0018252524160246,12.921203681652,-4.93683142053368,96.6765676343067,-5.92313260889804,0,3,0.0635761049785063,0.331520147848379,MV-201,step_steer_python
1699,2026年09月16日_23时08分01秒_第004次,2026-09-16T23:08:01,16.98,39.9858030188718,0.00181955389557775,12.921229037855,-5.04022042614327,96.6359771534076,-6.02565423143881,0,3,0.0635759707947348,0.331528117926656,MV-201,step_steer_python
1700,2026年09月16日_23时08分01秒_第004次,2026-09-16T23:08:01,16.99,39.9860509284846,0.00181392295368532,12.9212518547825,-5.14351827477181,96.5951533728413,-6.12807968360692,0,3,0.0635758363181366,0.331536075479231,MV-201,step_steer_python
1701,2026年09月16日_23时08分01秒_第004次,2026-09-16T23:08:01,17,39.9862987792558,0.00180861422970686,12.9212762584545,-5.24672443975253,96.5540964970437,-6.23040844299047,0,3,0.0635756979004438,0.331543862862335,MV-201,step_steer_python
1702,2026年09月16日_23时08分01秒_第004次,2026-09-16T23:08:01,17.01,39.9865465729383,0.00180347230979371,12.9212990598623,-5.34983839458901,96.5128067310788,-6.33263998763795,0,3,0.0635755577253587,0.331551572586851,MV-201,step_steer_python
1703,2026年09月16日_23时08分01秒_第004次,2026-09-16T23:08:01,17.02,39.98679429553,0.00179836977492535,12.921322256249,-5.45285961331536,96.4712842814287,-6.43477379610046,0,3,0.063575417594736,0.331559280136514,MV-201,step_steer_python
1704,2026年09月16日_23时08分01秒_第004次,2026-09-16T23:08:01,17.03,39.9870419275229,0.00179319702651124,12.9213467399181,-5.55578757049052,96.4295293560528,-6.53680934738953,0,3,0.0635752790707264,0.331567050547713,MV-201,step_steer_python
1705,2026年09月16日_23时08分01秒_第004次,2026-09-16T23:08:01,17.04,39.9872894481695,0.00178786575601619,12.9213730600114,-5.65862174114464,96.3875421642611,-6.63874612096588,0,3,0.0635751434240704,0.331574936456161,MV-201,step_steer_python
1706,2026年09月16日_23时08分01秒_第004次,2026-09-16T23:08:01,17.05,39.9875368362797,0.00178230649275234,12.9214016144003,-5.76136160076315,96.3453229166699,-6.74058359673067,0,3,0.0635750116666388,0.331582979517884,MV-201,step_steer_python
1707,2026年09月16日_23时08分01秒_第004次,2026-09-16T23:08:01,17.06,39.9877840704403,0.0017764659040333,12.9214326807214,-5.86400662527509,96.3028718251656,-6.84232125501748,0,3,0.063574884587804,0.331591211960552,MV-201,step_steer_python
1708,2026年09月16日_23时08分01秒_第004次,2026-09-16T23:08:01,17.07,39.9880311313556,0.00177068808429023,12.9214611401144,-5.96655629079832,96.2601891022517,-6.94395857651623,0,3,0.0635747573016845,0.331599425951695,MV-201,step_steer_python
1709,2026年09月16日_23时08分01秒_第004次,2026-09-16T23:08:01,17.08,39.9882779596444,0.00176523750536225,12.9214912397789,-6.06901007391774,96.217274961952,-7.04549504222505,0,3,0.063574626020017,0.331607457903419,MV-201,step_steer_python
1710,2026年09月16日_23时08分01秒_第004次,2026-09-16T23:08:01,17.09,39.9885245586728,0.00175995447722987,12.9215196757607,-6.17136745139557,96.1741296188985,-7.14693013363515,0,3,0.0635744929870419,0.33161540297768,MV-201,step_steer_python
1711,2026年09月16日_23时08分01秒_第004次,2026-09-16T23:08:01,17.1,39.9887709155795,0.00175470772398156,12.921548496736,-6.27362790055759,96.1307532891413,-7.24826333277737,0,3,0.0635743600596631,0.331623339051059,MV-201,step_steer_python
1712,2026年09月16日_23时08分01秒_第004次,2026-09-16T23:08:01,17.11,39.9890170118684,0.00174938430496489,12.9215786096811,-6.3757908992892,96.087146190211,-7.34949412218049,0,3,0.0635742288481764,0.331631333253523,MV-201,step_steer_python
1713,2026年09月16日_23时08分01秒_第004次,2026-09-16T23:08:01,17.12,39.9892628278178,0.00174389359788002,12.9216105668506,-6.47785592597721,96.0433085409887,-7.45062198485936,0,3,0.0635741006571618,0.331639439709723,MV-201,step_steer_python
1714,2026年09月16日_23时08分01秒_第004次,2026-09-16T23:08:01,17.13,39.9895083433002,0.0017381650586217,12.9216447648894,-6.57982245949213,95.9992405616596,-7.55164640430362,0,3,0.0635739765148712,0.331647700827822,MV-201,step_steer_python
1715,2026年09月16日_23时08分01秒_第004次,2026-09-16T23:08:01,17.14,39.9897535380008,0.00173214555209282,12.9216814779442,-6.68168997917471,95.9549424736742,-7.65256686446585,0,3,0.0635738572090148,0.331656148825979,MV-201,step_steer_python
1716,2026年09月16日_23时08分01秒_第004次,2026-09-16T23:08:01,17.15,39.9899983938172,0.00172619169932047,12.9217154279411,-6.78345796456075,95.9104144990793,-7.75338284967542,0,3,0.0635737376757721,0.331664568407416,MV-201,step_steer_python
1717,2026年09月16日_23时08分01秒_第004次,2026-09-16T23:08:01,17.16,39.9902428514046,0.00172057862405288,12.9217509793223,-6.88512589568376,95.8656568614405,-7.85409384458693,0,3,0.0635736139742607,0.331672789527947,MV-201,step_steer_python
1718,2026年09月16日_23时08分01秒_第004次,2026-09-16T23:08:01,17.17,39.9904869159958,0.00171514496006891,12.921784727778,-6.98669325275895,95.8206697849084,-7.95469933437015,0,3,0.0635734883710847,0.33168090839897,MV-201,step_steer_python
1719,2026年09月16日_23时08分01秒_第004次,2026-09-16T23:08:01,17.18,39.9907305761175,0.00170975827821422,12.9218187802568,-7.08815951659648,95.7754534950449,-8.05519880475624,0,3,0.0635733627382331,0.331689003612205,MV-201,step_steer_python
1720,2026年09月16日_23时08分01秒_第004次,2026-09-16T23:08:01,17.19,39.9909738144838,0.00170430438131431,12.9218540704113,-7.18952416859831,95.7300082188878,-8.15559174199301,0,3,0.0635732387026999,0.331697143071253,MV-201,step_steer_python
1721,2026年09月16日_23时08分01秒_第004次,2026-09-16T23:08:01,17.2,39.9912166125304,0.0016986912062618,12.9218911678342,-7.29078669069677,95.6843341848202,-8.25587763283314,0,3,0.0635731175885458,0.331705381789261,MV-201,step_steer_python
1722,2026年09月16日_23时08分01秒_第004次,2026-09-16T23:08:01,17.21,39.9914589512577,0.00169284648712175,12.92193048229,-7.39194656533612,95.6384316225242,-8.35605596452388,0,3,0.0635730004476916,0.331713763238484,MV-201,step_steer_python
1723,2026年09月16日_23时08分01秒_第004次,2026-09-16T23:08:01,17.22,39.9917008158523,0.00168681407047818,12.9219666344457,-7.49300327535855,95.5923007626881,-8.45612622495383,0,3,0.0635728866806697,0.331722261234886,MV-201,step_steer_python
1724,2026年09月16日_23时08分01秒_第004次,2026-09-16T23:08:01,17.23,39.9919421477983,0.00168059369049273,12.9220050243467,-7.59395630421707,95.5459418376821,-8.55608790245028,0,3,0.0635727763134565,0.331730873657827,MV-201,step_steer_python
1725,2026年09月16日_23时08分01秒_第004次,2026-09-16T23:08:01,17.24,39.9921829513662,0.00167416718347438,12.9220415274644,-7.69480513578192,95.4993550809511,-8.65594048595318,0,3,0.0635726696279247,0.331739612672104,MV-201,step_steer_python
1726,2026年09月16日_23时08分01秒_第004次,2026-09-16T23:08:01,17.25,39.9924232153331,0.00166752736855476,12.9220782697083,-7.79554925435586,95.4525407269256,-8.75568346484109,0,3,0.0635725667510842,0.331748483035963,MV-201,step_steer_python
1727,2026年09月16日_23时08分01秒_第004次,2026-09-16T23:08:01,17.26,39.9926629223845,0.0016606601187541,12.9221163293314,-7.89618814477479,95.4054990113176,-8.85531632891448,0,3,0.0635724679100938,0.331757493410698,MV-201,step_steer_python
1728,2026年09月16日_23时08分01秒_第004次,2026-09-16T23:08:01,17.27,39.9929020541634,0.0016535521453158,12.9221562842317,-7.99672129235886,95.3582301710256,-8.95483856841887,0,3,0.0635723733217984,0.331766651963768,MV-201,step_steer_python
1729,2026年09月16日_23时08分01秒_第004次,2026-09-16T23:08:01,17.28,39.9931405921563,0.00164619184305216,12.9221985319614,-8.09714818290648,95.310734444119,-9.0542496740628,0,3,0.0635722831805446,0.331775965901949,MV-201,step_steer_python
1730,2026年09月16日_23时08分01秒_第004次,2026-09-16T23:08:01,17.29,39.9933785200932,0.0016389478820009,12.9222381121142,-8.1974683024219,95.2630120692302,-9.15354913695244,0,3,0.0635721922456964,0.331785212547039,MV-201,step_steer_python
1731,2026年09月16日_23时08分01秒_第004次,2026-09-16T23:08:01,17.3,39.9936157823143,0.00163210142294476,12.922279270679,-8.29768113744135,95.215063286448,-9.25273644856208,0,3,0.0635720964840782,0.33179421815273,MV-201,step_steer_python
1732,2026年09月16日_23时08分01秒_第004次,2026-09-16T23:08:01,17.31,39.9938523851102,0.00162550856772029,12.922318791482,-8.39778617470891,95.1668883364453,-9.35181110093308,0,3,0.0635719979058716,0.331803068137221,MV-201,step_steer_python
1733,2026年09月16日_23时08分01秒_第004次,2026-09-16T23:08:01,17.32,39.9940883188719,0.0016190483689084,12.9223587229174,-8.4977829016011,95.1184874612674,-9.45077258672201,0,3,0.063571898210159,0.331811833877922,MV-201,step_steer_python
1734,2026年09月16日_23时08分01秒_第004次,2026-09-16T23:08:01,17.33,39.9943235685037,0.00161261417592584,12.9223999797186,-8.59767080612882,95.0698609043987,-9.54962039915637,0,3,0.0635717989059272,0.331820578405461,MV-201,step_steer_python
1735,2026年09月16日_23时08分01秒_第004次,2026-09-16T23:08:01,17.34,39.994558117748,0.00160611843170205,12.9224431210199,-8.6974493768763,95.0210089106425,-9.64835403201849,0,3,0.0635717012418056,0.331829353668241,MV-201,step_steer_python
1736,2026年09月16日_23时08分01秒_第004次,2026-09-16T23:08:01,17.35,39.9947919499766,0.0015994910039821,12.9224885475814,-8.79711810298285,94.9719317260791,-9.74697297962795,0,3,0.063571606227666,0.331838201490044,MV-201,step_steer_python
1737,2026年09月16日_23时08分01秒_第004次,2026-09-16T23:08:01,17.36,39.9950250506267,0.00159305545177152,12.9225313045723,-8.89667647384803,94.9226295974338,-9.84547673674312,0,3,0.0635715092535183,0.331846925975827,MV-201,step_steer_python
1738,2026年09月16日_23时08分01秒_第004次,2026-09-16T23:08:01,17.37,39.9952573655544,0.00158705824299393,12.9225756494982,-8.99612397946143,94.8731027729434,-9.94386479850982,0,3,0.0635714067732265,0.331855374074599,MV-201,step_steer_python
1739,2026年09月16日_23时08分01秒_第004次,2026-09-16T23:08:01,17.38,39.995488902436,0.00158132835597496,12.922618371092,-9.09546011005697,94.8233515014733,-10.0421366606486,0,3,0.0635713011799002,0.331863647486476,MV-201,step_steer_python
1740,2026年09月16日_23时08分01秒_第004次,2026-09-16T23:08:01,17.39,39.9957196529147,0.00157572331286855,12.922661519402,-9.19468435654498,94.7733760332884,-10.1402918194976,0,3,0.0635711944787967,0.331871830615318,MV-201,step_steer_python
1741,2026年09月16日_23时08分01秒_第004次,2026-09-16T23:08:01,17.4,39.9959496030366,0.00157011884071309,12.9227060034639,-9.29379621051198,94.7231766201137,-10.2383297719708,0,3,0.0635710884317525,0.331879997255401,MV-201,step_steer_python
1742,2026年09月16日_23时08分01秒_第004次,2026-09-16T23:08:01,17.41,39.9961787375944,0.00156441262617558,12.9227523706184,-9.39279516415603,94.6727535150115,-10.3362500155509,0,3,0.0635709845013553,0.331888208467859,MV-201,step_steer_python
1743,2026年09月16日_23时08分01秒_第004次,2026-09-16T23:08:01,17.42,39.9964070409366,0.00155852219830545,12.9228010059966,-9.4916807102667,94.6221069723376,-10.4340520482842,0,3,0.0635708838786174,0.331896513796315,MV-201,step_steer_python
1744,2026年09月16日_23时08分01秒_第004次,2026-09-16T23:08:01,17.43,39.99663449929,0.00155273735080211,12.9228472677404,-9.59045234193765,94.5712372471499,-10.5317353686975,0,3,0.0635707824424583,0.331904738080044,MV-201,step_steer_python
1745,2026年09月16日_23时08分01秒_第004次,2026-09-16T23:08:01,17.44,39.9968610617493,0.00154727918718515,12.9228951412259,-9.68910955288615,94.5201445960101,-10.6292994757615,0,3,0.0635706770195432,0.331912744223562,MV-201,step_steer_python
1746,2026年09月16日_23时08分01秒_第004次,2026-09-16T23:08:01,17.45,39.9970867352915,0.00154198136092905,12.922941613962,-9.78765183711355,94.4688292761562,-10.7267438690759,0,3,0.0635705699493388,0.331920631618459,MV-201,step_steer_python
1747,2026年09月16日_23时08分01秒_第004次,2026-09-16T23:08:01,17.46,39.9973115118735,0.00153670813288378,12.9229886051143,-9.88607868931817,94.4172915462112,-10.8240680489099,0,3,0.0635704631534069,0.331928481144027,MV-201,step_steer_python
1748,2026年09月16日_23时08分01秒_第004次,2026-09-16T23:08:01,17.47,39.9975353782234,0.00153134456318868,12.9230369682228,-9.98438960489254,94.3655316662326,-10.9212715161596,0,3,0.0635703582720034,0.331936361486979,MV-201,step_steer_python
1749,2026年09月16日_23时08分01秒_第004次,2026-09-16T23:08:01,17.48,39.9977583199252,0.00152579962255267,12.9230872214023,-10.0825840798571,94.3135498975907,-11.0183537723325,0,3,0.063570256617142,0.331944327379889,MV-201,step_steer_python
1750,2026年09月16日_23时08分01秒_第004次,2026-09-16T23:08:01,17.49,39.9979803221872,0.00152000353259573,12.9231397332486,-10.1806616108378,94.2613465029208,-11.115314319531,0,3,0.0635701592077921,0.331952421133038,MV-201,step_steer_python
1751,2026年09月16日_23时08分01秒_第004次,2026-09-16T23:08:01,17.5,39.9982013700541,0.00151390474547954,12.923194754531,-10.278621695049,94.208921746084,-11.2121526604355,0,3,0.063570066810546,0.331960674367133,MV-201,step_steer_python
1752,2026年09月16日_23时08分01秒_第004次,2026-09-16T23:08:01,17.51,39.9984214508272,0.00150785731130857,12.923247051354,-10.3764638299679,94.1562758915287,-11.3088682981998,0,3,0.0635699743997224,0.331968873698062,MV-201,step_steer_python
1753,2026年09月16日_23时08分01秒_第004次,2026-09-16T23:08:01,17.52,39.9986405110698,0.00150213529179368,12.9233009177101,-10.4741875137064,94.1034092051734,-11.4054607364058,0,3,0.0635698780513115,0.331976850122844,MV-201,step_steer_python
1754,2026年09月16日_23时08分01秒_第004次,2026-09-16T23:08:01,17.53,39.9988585611034,0.00149658168121858,12.9233529740461,-10.5717922446249,94.0503219535124,-11.5019294792653,0,3,0.0635697799713951,0.331984697572365,MV-201,step_steer_python
1755,2026年09月16日_23时08分01秒_第004次,2026-09-16T23:08:01,17.54,39.9990755948054,0.00149106831979126,12.923405284227,-10.6692775218054,93.9970144043957,-11.5982740316643,0,3,0.0635696819722282,0.331992492405897,MV-201,step_steer_python
1756,2026年09月16日_23时08分01秒_第004次,2026-09-16T23:08:01,17.55,39.9992916003603,0.00148548521645442,12.9234587510239,-10.7666428450537,93.9434868270937,-11.6944938991181,0,3,0.0635695856214702,0.332000300318193,MV-201,step_steer_python
1757,2026年09月16日_23时08分01秒_第004次,2026-09-16T23:08:01,17.56,39.9995065647379,0.0014797443081866,12.9235139153621,-10.8638877148288,93.8897394921727,-11.7905885877597,0,3,0.0635694921862958,0.332008174220672,MV-201,step_steer_python
1758,2026年09月16日_23时08分01秒_第004次,2026-09-16T23:08:01,17.57,39.9997204745273,0.00147377705484377,12.9235711582829,-10.9610116322213,93.8357726714519,-11.8865576043295,0,3,0.0635694026651883,0.332016155632805,MV-201,step_steer_python
1759,2026年09月16日_23时08分01秒_第004次,2026-09-16T23:08:01,17.58,39.9999333161618,0.00146753176291756,12.9236307345612,-11.0580140989374,93.7815866379686,-11.9824004561655,0,3,0.063569317823892,0.332024276215996,MV-201,step_steer_python
1760,2026年09月16日_23时08分01秒_第004次,2026-09-16T23:08:01,17.59,40.0001450783378,0.00146135796549615,12.9236874550444,-11.1548946169664,93.7271816653523,-12.0781166511032,0,3,0.0635692326983869,0.332032325272562,MV-201,step_steer_python
1761,2026年09月16日_23时08分01秒_第004次,2026-09-16T23:08:01,17.6,40.0003557093758,0.00145552548217459,12.9237455710982,-11.2516526889655,93.6725580286966,-12.1737056974389,0,3,0.0635691434229281,0.332040136362294,MV-201,step_steer_python
1762,2026年09月16日_23时08分01秒_第004次,2026-09-16T23:08:01,17.61,40.0005652207824,0.001449876710689,12.9238017268859,-11.3482878178622,93.6177160036789,-12.2691671041381,0,3,0.063569052210247,0.332047803762764,MV-201,step_steer_python
1763,2026年09月16日_23时08分01秒_第004次,2026-09-16T23:08:01,17.62,40.0007736077809,0.00144428287981122,12.9238579634666,-11.4447995073367,93.5626558673265,-12.364500380882,0,3,0.0635689608795317,0.332055404200818,MV-201,step_steer_python
1764,2026年09月16日_23时08分01秒_第004次,2026-09-16T23:08:01,17.63,40.0009808599578,0.001438633685593,12.9239151740302,-11.5411872618249,93.5073778980784,-12.4597050380222,0,3,0.0635688710011788,0.33206300356434,MV-201,step_steer_python
1765,2026年09月16日_23时08分01秒_第004次,2026-09-16T23:08:01,17.64,40.0011869656933,0.00143284114351911,12.923973897461,-11.6374505864458,93.4518823756627,-12.5547805865672,0,3,0.0635687838395419,0.332070654723094,MV-201,step_steer_python
1766,2026年09月16日_23时08分01秒_第004次,2026-09-16T23:08:01,17.65,40.0013919129797,0.00142683723122115,12.924034518996,-11.7335889869782,93.396169581052,-12.6497265381677,0,3,0.0635687003839942,0.332078398888354,MV-201,step_steer_python
1767,2026年09月16日_23时08分01秒_第004次,2026-09-16T23:08:01,17.66,40.0015956896382,0.00142057116771228,12.9240973031287,-11.8296019698435,93.3402397964267,-12.7445424051013,0,3,0.0635686213854655,0.332086267171068,MV-201,step_steer_python
1768,2026年09月16日_23时08分01秒_第004次,2026-09-16T23:08:01,17.67,40.0017982856906,0.00141438386459089,12.9241572097851,-11.9254890417694,93.2840933045701,-12.8392277001656,0,3,0.0635685420013103,0.332094054083154,MV-201,step_steer_python
1769,2026年09月16日_23时08分01秒_第004次,2026-09-16T23:08:01,17.68,40.0019996517799,0.00140853893940324,12.9242184000741,-12.02124971018,93.227730389708,-12.9337819366404,0,3,0.0635684584535885,0.332101597028381,MV-201,step_steer_python
1770,2026年09月16日_23时08分01秒_第004次,2026-09-16T23:08:01,17.69,40.00219980009,0.00140288347965408,12.9242776198458,-12.1168834827918,93.1711513366583,-13.0282046284896,0,3,0.063568372887862,0.332108987478953,MV-201,step_steer_python
1771,2026年09月16日_23时08分01秒_第004次,2026-09-16T23:08:01,17.7,40.0023987269363,0.00139729251560149,12.9243368714491,-12.2123898680973,93.1143564315674,-13.1224952904051,0,3,0.0635682870682933,0.332116299893233,MV-201,step_steer_python
1772,2026年09月16日_23时08分01秒_第004次,2026-09-16T23:08:01,17.71,40.0025964231481,0.00139165870470697,12.9243970335979,-12.3077683753701,93.0573459619726,-13.2166534377631,0,3,0.0635682025218144,0.332123598388136,MV-201,step_steer_python
1773,2026年09月16日_23时08分01秒_第004次,2026-09-16T23:08:01,17.72,40.0027928783941,0.00138589595747514,12.9244586340925,-12.4030185145914,93.0001202166834,-13.3106785866131,0,3,0.0635681204842093,0.332130934695345,MV-201,step_steer_python
1774,2026年09月16日_23时08分01秒_第004次,2026-09-16T23:08:01,17.73,40.0029880819877,0.00137993711843573,12.9245220454863,-12.4981397964287,92.9426794857407,-13.4045702536665,0,3,0.0635680419307554,0.332138349502394,MV-201,step_steer_python
1775,2026年09月16日_23时08分01秒_第004次,2026-09-16T23:08:01,17.74,40.0031820231034,0.0013737314031381,12.9245875180667,-12.5931317322182,92.8850240603829,-13.4983279562857,0,3,0.0635679676106269,0.33214587392046,MV-201,step_steer_python
1776,2026年09月16日_23时08分01秒_第004次,2026-09-16T23:08:01,17.75,40.0033746930734,0.00136760459151059,12.924650197269,-12.6879938336322,92.8271542324698,-13.5919512123825,0,3,0.0635678928956935,0.332153311611937,MV-201,step_steer_python
1777,2026年09月16日_23时08分01秒_第004次,2026-09-16T23:08:01,17.76,40.0035660453843,0.00136180830760886,12.9247140734163,-12.7827256130686,92.7690702952846,-13.6854395403863,0,3,0.0635678141794554,0.332160507392575,MV-201,step_steer_python
1778,2026年09月16日_23时08分01秒_第004次,2026-09-16T23:08:01,17.77,40.003756092679,0.00135619398604573,12.9247760079692,-12.8773265832478,92.7107725427223,-13.7787924594441,0,3,0.0635677335467287,0.332167550189086,MV-201,step_steer_python
1779,2026年09月16日_23时08分01秒_第004次,2026-09-16T23:08:01,17.78,40.0039448323599,0.00135064046893501,12.9248379185589,-12.9717962576906,92.6522612699892,-13.8720094894628,0,3,0.0635676527080691,0.332174512251003,MV-201,step_steer_python
1780,2026年09月16日_23时08分01秒_第004次,2026-09-16T23:08:01,17.79,40.0041322565561,0.00134504418914078,12.9249006457978,-13.0661341507233,92.5935367736609,-13.9650901510668,0,3,0.0635675731368718,0.332181455501144,MV-201,step_steer_python
1781,2026年09月16日_23时08分01秒_第004次,2026-09-16T23:08:01,17.8,40.0043183562737,0.00133932266145725,12.9249646967851,-13.1603397774045,92.5345993515684,-14.0580339655848,0,3,0.0635674960173846,0.332188429563821,MV-201,step_steer_python
1782,2026年09月16日_23时08分01秒_第004次,2026-09-16T23:08:01,17.81,40.0045031221666,0.0013334121607209,12.9250304329771,-13.2544126535031,92.4754493027576,-14.150840455036,0,3,0.0635674222754101,0.332195473106573,MV-201,step_steer_python
1783,2026年09月16日_23时08分01秒_第004次,2026-09-16T23:08:01,17.82,40.0046865447434,0.00132726508844332,12.9250981009599,-13.3483522954801,92.4160869274555,-14.2435091421158,0,3,0.0635673526137353,0.332202615350935,MV-201,step_steer_python
1784,2026年09月16日_23时08分01秒_第004次,2026-09-16T23:08:01,17.83,40.0048686144558,0.00132084745825565,12.9251678569896,-13.4421582204752,92.3565125270414,-14.3360395501844,0,3,0.0635672875461744,0.332209877517976,MV-201,step_steer_python
1785,2026年09月16日_23时08分01秒_第004次,2026-09-16T23:08:01,17.84,40.0050493241444,0.00131452588529984,12.9252344084251,-13.5358299459407,92.296726403444,-14.4284312031563,0,3,0.0635672218636211,0.332217038766205,MV-201,step_steer_python
1786,2026年09月16日_23时08分01秒_第004次,2026-09-16T23:08:01,17.85,40.0052286260426,0.00130858394312779,12.9253019835098,-13.6293669900818,92.2367288600001,-14.5206836254703,0,3,0.0635671515008042,0.33222392442741,MV-201,step_steer_python
1787,2026年09月16日_23时08分01秒_第004次,2026-09-16T23:08:01,17.86,40.005406535896,0.00130287235239576,12.9253671743849,-13.7227688714099,92.1765202005985,-14.6127963423116,0,3,0.063567078546945,0.33223062378536,MV-201,step_steer_python
1788,2026年09月16日_23时08分01秒_第004次,2026-09-16T23:08:01,17.87,40.0055830531333,0.00129726856671125,12.925432013993,-13.8160351092735,92.1161007304269,-14.7047688796593,0,3,0.0635670047267318,0.332237209799157,MV-201,step_steer_python
1789,2026年09月16日_23时08分01秒_第004次,2026-09-16T23:08:01,17.88,40.0057581715617,0.00129166666170718,12.9254973868484,-13.9091652238677,92.055470756037,-14.7966007642434,0,3,0.0635669315417056,0.33224374567509,MV-201,step_steer_python
1790,2026年09月16日_23时08分01秒_第004次,2026-09-16T23:08:01,17.89,40.0059318838205,0.00128598151705404,12.9255638246476,-14.0021587361559,91.9946305852288,-14.8882915235321,0,3,0.0635668602085111,0.332250282498347,MV-201,step_steer_python
1791,2026年09月16日_23时08分01秒_第004次,2026-09-16T23:08:01,17.9,40.0061041822031,0.00128014672876669,12.9256317063662,-14.0950151678456,91.9335805270101,-14.979840685718,0,3,0.0635667916862835,0.332256860437329,MV-201,step_steer_python
1792,2026年09月16日_23时08分01秒_第004次,2026-09-16T23:08:01,17.91,40.0062750588728,0.0012741121298334,12.9257012905582,-14.1877340413707,91.8723208915624,-15.0712477797024,0,3,0.0635667267098825,0.332263510161909,MV-201,step_steer_python
1793,2026年09月16日_23时08分01秒_第004次,2026-09-16T23:08:01,17.92,40.0064445059474,0.00126784136102822,12.925772741593,-14.2803148798757,91.8108519902126,-15.1625123350821,0,3,0.063566665822701,0.332270254236596,MV-201,step_steer_python
1794,2026年09月16日_23时08分01秒_第004次,2026-09-16T23:08:01,17.93,40.0066125178228,0.00126167680869779,12.9258410776508,-14.3727572068591,91.749174134869,-15.2536338820403,0,3,0.063566604157941,0.332276886391919,MV-201,step_steer_python
1795,2026年09月16日_23时08分01秒_第004次,2026-09-16T23:08:01,17.94,40.0067790505775,0.00125588324563041,12.9259102940676,-14.465060546604,91.687287638821,-15.3446119513194,0,3,0.0635665379179034,0.332283243494983,MV-201,step_steer_python
1796,2026年09月16日_23时08分01秒_第004次,2026-09-16T23:08:01,17.95,40.0069441201479,0.00125031759342351,12.9259771823874,-14.5572244237395,91.6251928159398,-15.4354460744322,0,3,0.0635664691041831,0.332289411131587,MV-201,step_steer_python
1797,2026年09月16日_23时08分01秒_第004次,2026-09-16T23:08:01,17.96,40.0071077270718,0.00124486235580246,12.9260436659929,-14.6492483637558,91.5628899813708,-15.5261357837073,0,3,0.0635663993695611,0.332295459278695,MV-201,step_steer_python
1798,2026年09月16日_23时08分01秒_第004次,2026-09-16T23:08:01,17.97,40.0072698665661,0.00123941596126739,12.9261105854108,-14.7411318930144,91.5003794515948,-15.6166806122481,0,3,0.063566330153042,0.332301448573557,MV-201,step_steer_python
1799,2026年09月16日_23时08分01秒_第004次,2026-09-16T23:08:01,17.98,40.0074305327227,0.00123389664061829,12.9261784490684,-14.8328745386713,91.4376615443198,-15.7070800939222,0,3,0.0635662626225408,0.332307428119012,MV-201,step_steer_python
1800,2026年09月16日_23时08分01秒_第004次,2026-09-16T23:08:01,17.99,40.0075897192867,0.00122824044332833,12.9262476218218,-14.9244758286544,91.3747365784425,-15.7973337633485,0,3,0.0635661977008999,0.33231343662736,MV-201,step_steer_python
1801,2026年09月16日_23时08分01秒_第004次,2026-09-16T23:08:01,18,40.0077474198651,0.00122239892524443,12.9263183548468,-15.0159352916455,91.3116048740162,-15.8874411558833,0,3,0.0635661360968409,0.332319503741698,MV-201,step_steer_python
1802,2026年09月16日_23时08分01秒_第004次,2026-09-16T23:08:01,18.01,40.0079036280158,0.00121633690438736,12.9263908096274,-15.1072524570648,91.2482667522237,-15.9774018076082,0,3,0.063566078335215,0.332325651321024,MV-201,step_steer_python
1803,2026年09月16日_23时08分01秒_第004次,2026-09-16T23:08:01,18.02,40.0080583372979,0.00121003031089977,12.9264650781992,-15.1984268550599,91.1847225353545,-16.0672152553227,0,3,0.0635660247861729,0.33233189467747,MV-201,step_steer_python
1804,2026年09月16日_23时08分01秒_第004次,2026-09-16T23:08:01,18.03,40.0082115436617,0.00120383914389091,12.9265360188635,-15.2894580161318,91.1209725462436,-16.1568810364334,0,3,0.0635659703321201,0.332338017013305,MV-201,step_steer_python
1805,2026年09月16日_23时08分01秒_第004次,2026-09-16T23:08:01,18.04,40.0083632039718,0.00119804201775596,12.9266076691238,-15.3803454715961,91.0570171090825,-16.2463986889343,0,3,0.0635659109763921,0.332343846818736,MV-201,step_steer_python
1806,2026年09月16日_23时08分01秒_第004次,2026-09-16T23:08:01,18.05,40.0085133361961,0.00119249932194772,12.9266767243138,-15.4710887531199,90.9928565486167,-16.3357677516288,0,3,0.0635658486682843,0.332349467577853,MV-201,step_steer_python
1807,2026年09月16日_23时08分01秒_第004次,2026-09-16T23:08:01,18.06,40.0086619426439,0.00118709614369352,12.9267451264994,-15.5616873932646,90.9284911908439,-16.4249877641771,0,3,0.063565785020511,0.332354947669334,MV-201,step_steer_python
1808,2026年09月16日_23时08分01秒_第004次,2026-09-16T23:08:01,18.07,40.0088090202431,0.00118173271702949,12.9268137180693,-15.6521409254996,90.8639213630784,-16.5140582670548,0,3,0.063565721442827,0.332360346586624,MV-201,step_steer_python
1809,2026年09月16日_23时08分01秒_第004次,2026-09-16T23:08:01,18.08,40.0089545648167,0.00117632862263986,12.9268830069175,-15.7424488841223,90.7991473938435,-16.6029788015391,0,3,0.0635656590801975,0.332365712556463,MV-201,step_steer_python
1810,2026年09月16日_23时08分01秒_第004次,2026-09-16T23:08:01,18.09,40.0090985718657,0.00117082093233727,12.9269533582279,-15.8326108042345,90.7341696128336,-16.6917489096937,0,3,0.0635655988370387,0.332371083607866,MV-201,step_steer_python
1811,2026年09月16日_23时08分01秒_第004次,2026-09-16T23:08:01,18.1,40.0092410367701,0.00116516194741364,12.9270250246735,-15.922626221724,90.6689883508834,-16.7803681343498,0,3,0.0635655414074833,0.332376488863961,MV-201,step_steer_python
1812,2026年09月16日_23时08分01秒_第004次,2026-09-16T23:08:01,18.11,40.0093819548648,0.00115931694490071,12.92709817074,-16.0124946732489,90.6036039399403,-16.8688360190914,0,3,0.0635654873058005,0.332381949833563,MV-201,step_steer_python
1813,2026年09月16日_23时08分01秒_第004次,2026-09-16T23:08:01,18.12,40.0095213214769,0.00115326197465851,12.9271728932102,-16.1022156962257,90.5380167130426,-16.9571521082441,0,3,0.0635654368963552,0.332387481681119,MV-201,step_steer_python
1814,2026年09月16日_23时08分01秒_第004次,2026-09-16T23:08:01,18.13,40.0096591319517,0.00114698180052349,12.9272492373623,-16.1917888288207,90.4722270043022,-17.0453159468703,0,3,0.0635653904217682,0.332393094419834,MV-201,step_steer_python
1815,2026年09月16日_23时08分01秒_第004次,2026-09-16T23:08:01,18.14,40.0097953840391,0.00114084032586456,12.9273220663856,-16.2812136095683,90.4062351483602,-17.1333270806605,0,3,0.063565342706342,0.332398568891929,MV-201,step_steer_python
1816,2026年09月16日_23时08分01秒_第004次,2026-09-16T23:08:01,18.15,40.0099300366698,0.00113511874474496,12.9273953673338,-16.3704895778521,90.340041481185,-17.2211850559204,0,3,0.0635652897137841,0.332403732024218,MV-201,step_steer_python
1817,2026年09月16日_23时08分01秒_第004次,2026-09-16T23:08:01,18.16,40.0100631093775,0.00112968130598634,12.9274658478509,-16.459616273427,90.2736463392902,-17.3088894198008,0,3,0.0635652333351623,0.332408664922522,MV-201,step_steer_python
1818,2026年09月16日_23时08分01秒_第004次,2026-09-16T23:08:01,18.17,40.010194606165,0.00112441548429266,12.927535430533,-16.5485932369782,90.2070500604169,-17.3964397203483,0,3,0.0635651751455497,0.332413434465548,MV-201,step_steer_python
1819,2026年09月16日_23时08分01秒_第004次,2026-09-16T23:08:01,18.18,40.0103245257041,0.00111922287661094,12.9276049504024,-16.6374200101366,90.1402529835989,-17.4838355064669,0,3,0.0635651165314246,0.332418099257443,MV-201,step_steer_python
1820,2026年09月16日_23时08分01秒_第004次,2026-09-16T23:08:01,18.19,40.0104528655815,0.00111402373045328,12.9276749130316,-16.7260961353981,90.0732554490588,-17.5710763279055,0,3,0.0635650586242659,0.332422707051106,MV-201,step_steer_python
1821,2026年09月16日_23时08分01秒_第004次,2026-09-16T23:08:01,18.2,40.0105796230812,0.00110875539750345,12.9277456837725,-16.8146211561,90.0060577981717,-17.6581617352415,0,3,0.0635650023204564,0.332427295633493,MV-201,step_steer_python
1822,2026年09月16日_23时08分01秒_第004次,2026-09-16T23:08:01,18.21,40.0107047953848,0.00110337028828079,12.9278175169285,-16.902994616401,89.9386603734347,-17.7450912798604,0,3,0.063564948308502,0.332431893988568,MV-201,step_steer_python
1823,2026年09月16日_23时08分01秒_第004次,2026-09-16T23:08:01,18.22,40.0108283796469,0.00109783372400295,12.9278905794286,-16.9912160612656,89.8710635184397,-17.8318645139373,0,3,0.063564897097962,0.332436523525775,MV-201,step_steer_python
1824,2026年09月16日_23时08分01秒_第004次,2026-09-16T23:08:01,18.23,40.0109503730299,0.00109212173592496,12.9279649709848,-17.079285036451,89.8032675778517,-17.9184809904227,0,3,0.0635648490493837,0.332441199348786,MV-201,step_steer_python
1825,2026年09月16日_23时08分01秒_第004次,2026-09-16T23:08:01,18.24,40.0110707727232,0.00108621893217526,12.9280407402364,-17.1672010884981,89.7352728973913,-18.0049402630348,0,3,0.0635648044035328,0.332445931493585,MV-201,step_steer_python
1826,2026年09月16日_23时08分01秒_第004次,2026-09-16T23:08:01,18.25,40.0111895759571,0.00108011655877408,12.9281178976773,-17.2549637647255,89.6670798238212,-18.0912418862581,0,3,0.0635647633080991,0.332450726059417,MV-201,step_steer_python
1827,2026年09月16日_23时08分01秒_第004次,2026-09-16T23:08:01,18.26,40.011306782274,0.00107416140560549,12.9281915825396,-17.3425726128586,89.5986887044472,-18.1773854152399,0,3,0.0635647208290082,0.332455374212413,MV-201,step_steer_python
1828,2026年09月16日_23时08分01秒_第004次,2026-09-16T23:08:01,18.27,40.0114223546646,0.00106862113205619,12.9282655321069,-17.4300271815049,89.5300998878585,-18.2633704057865,0,3,0.0635646731224503,0.3324597112485,MV-201,step_steer_python
1829,2026年09月16日_23时08分01秒_第004次,2026-09-16T23:08:01,18.28,40.0115363131351,0.00106336968415915,12.9283366364123,-17.5173270196867,89.4613137232065,-18.3491964145854,0,3,0.0635646219414559,0.332463812457487,MV-201,step_steer_python
1830,2026年09月16日_23时08分01秒_第004次,2026-09-16T23:08:01,18.29,40.0116486630918,0.00105830218405419,12.9284067007677,-17.6044716773845,89.3923305608333,-18.4348629992555,0,3,0.0635645687512183,0.332467740144952,MV-201,step_steer_python
1831,2026年09月16日_23时08分01秒_第004次,2026-09-16T23:08:01,18.3,40.0117594049328,0.00105332666959741,12.9284765101678,-17.6914607055553,89.323150752334,-18.5203697183113,0,3,0.0635645148446806,0.332471549051417,MV-201,step_steer_python
1832,2026年09月16日_23时08分01秒_第004次,2026-09-16T23:08:01,18.31,40.0118685380434,0.00104836860679771,12.9285465421504,-17.7782936560539,89.2537746504605,-18.6057161311508,0,3,0.0635644612765012,0.332475283777442,MV-201,step_steer_python
1833,2026年09月16日_23时08分01秒_第004次,2026-09-16T23:08:01,18.32,40.0119760615314,0.00104336957960329,12.9286171438956,-17.8649700816091,89.1842026090878,-18.6909017980381,0,3,0.0635644088797247,0.33247897952964,MV-201,step_steer_python
1834,2026年09月16日_23时08分01秒_第004次,2026-09-16T23:08:01,18.33,40.0120819744186,0.00103828539416119,12.9286885586344,-17.9514895358052,89.1144349831856,-18.7759262800812,0,3,0.0635643582909793,0.332482663197531,MV-201,step_steer_python
1835,2026年09月16日_23时08分01秒_第004次,2026-09-16T23:08:01,18.34,40.0121862757149,0.00103308398558931,12.9287609470356,-18.0378515730658,89.0444721287923,-18.8607891392124,0,3,0.0635643099787207,0.332486354552894,MV-201,step_steer_python
1836,2026年09月16日_23时08分01秒_第004次,2026-09-16T23:08:01,18.35,40.0122889644525,0.00102774321479413,12.9288344055731,-18.1240557486412,88.9743144029951,-18.9454899381721,0,3,0.0635642642732954,0.332490067523948,MV-201,step_steer_python
1837,2026年09月16日_23时08分01秒_第004次,2026-09-16T23:08:01,18.36,40.0123900397053,0.00102224871984676,12.9289089815001,-18.2101016185998,88.9039621639135,-19.0300282405006,0,3,0.0635642213964847,0.332493811446688,MV-201,step_steer_python
1838,2026年09月16日_23时08分01秒_第004次,2026-09-16T23:08:01,18.37,40.0124895005984,0.00101659198992027,12.9289846852092,-18.2959887398226,88.8334157706876,-19.1144036105356,0,3,0.06356418148812,0.332497592191817,MV-201,step_steer_python
1839,2026年09月16日_23时08分01秒_第004次,2026-09-16T23:08:01,18.38,40.0125873463154,0.00101076879859453,12.9290615004464,-18.3817166700003,88.7626755834697,-19.1986156134176,0,3,0.0635641446277892,0.332501413083716,MV-201,step_steer_python
1840,2026年09月16日_23时08分01秒_第004次,2026-09-16T23:08:01,18.39,40.012683576104,0.00100477807587146,12.929139392601,-18.4672849676329,88.6917419634175,-19.2826638150996,0,3,0.0635641108504559,0.332505275561767,MV-201,step_steer_python
1841,2026年09月16日_23时08分01秒_第004次,2026-09-16T23:08:01,18.4,40.0127781892845,0.000998621225187671,12.9292183151996,-18.5526931920296,88.6206152726904,-19.3665477823603,0,3,0.0635640801558501,0.332509179578251,MV-201,step_steer_python
1842,2026年09月16日_23时08分01秒_第004次,2026-09-16T23:08:01,18.41,40.0128711875932,0.000992657341444432,12.9292933023794,-18.6379409029217,88.5492958739614,-19.450267082704,0,3,0.0635640474300358,0.33251290880795,MV-201,step_steer_python
1843,2026年09月16日_23时08分01秒_第004次,2026-09-16T23:08:01,18.42,40.0129625357189,0.000987163640322694,12.9293681236361,-18.7230276609716,88.4777841311551,-19.5338212843623,0,3,0.0635640086871831,0.332516292629751,MV-201,step_steer_python
1844,2026年09月16日_23时08分01秒_第004次,2026-09-16T23:08:01,18.43,40.0130522561406,0.000982017168356266,12.929439617422,-18.8079530272755,88.4060804087337,-19.6172099565215,0,3,0.0635639656294642,0.332519404316797,MV-201,step_steer_python
1845,2026年09月16日_23时08分01秒_第004次,2026-09-16T23:08:01,18.44,40.0131403566016,0.000977116187901992,12.9295096143908,-18.8927165639364,88.3341850723157,-19.7004326693648,0,3,0.0635639196702802,0.332522304111056,MV-201,step_steer_python
1846,2026年09月16日_23时08分01秒_第004次,2026-09-16T23:08:01,18.45,40.0132268398271,0.000972371878138029,12.9295789144253,-18.9773178340826,88.2620984887373,-19.7834889940252,0,3,0.0635638720503953,0.332525044672516,MV-201,step_steer_python
1847,2026年09月16日_23时08分01秒_第004次,2026-09-16T23:08:01,18.46,40.0133117075677,0.000967712641399008,12.9296480070905,-19.0617564017856,88.1898210259578,-19.8663785025612,0,3,0.0635638237748479,0.332527668631659,MV-201,step_steer_python
1848,2026年09月16日_23时08分01秒_第004次,2026-09-16T23:08:01,18.47,40.0133949613364,0.000963082306535883,12.9297172496951,-19.1460318320346,88.1173530530261,-19.9491007679283,0,3,0.0635637756366009,0.332530209630818,MV-201,step_steer_python
1849,2026年09月16日_23时08分01秒_第004次,2026-09-16T23:08:01,18.48,40.0134766025867,0.000958437717682726,12.9297868935857,-19.2301436907171,88.0446949400537,-20.0316553639492,0,3,0.0635637282491889,0.332532693715647,MV-201,step_steer_python
1850,2026年09月16日_23时08分01秒_第004次,2026-09-16T23:08:01,18.49,40.0135566327657,0.000953746263416939,12.9298571063216,-19.3140915446043,87.9718470581917,-20.1140418652891,0,3,0.0635636820805037,0.332535140767827,MV-201,step_steer_python
1851,2026年09月16日_23时08分01秒_第004次,2026-09-16T23:08:01,18.5,40.0136350533239,0.00094898353938232,12.9299279914661,-19.39787496134,87.8988097796131,-20.1962598474415,0,3,0.0635636374849631,0.332537565866974,MV-201,step_steer_python
1852,2026年09月16日_23时08分01秒_第004次,2026-09-16T23:08:01,18.51,40.0137118657065,0.000944131341233766,12.929999605173,-19.4814935094336,87.8255834774999,-20.2783088867234,0,3,0.063563594731234,0.332539980463428,MV-201,step_steer_python
1853,2026年09月16日_23时08分01秒_第004次,2026-09-16T23:08:01,18.52,40.0137870713431,0.000939176113533324,12.9300719698817,-19.5649467582564,87.7521685260338,-20.3601885602811,0,3,0.0635635540236738,0.332542393285059,MV-201,step_steer_python
1854,2026年09月16日_23时08分01秒_第004次,2026-09-16T23:08:01,18.53,40.0138606716399,0.000934107896432002,12.9301450851754,-19.6482342780407,87.6785653003892,-20.4418984461047,0,3,0.0635635155168396,0.332544810950906,MV-201,step_steer_python
1855,2026年09月16日_23时08分01秒_第004次,2026-09-16T23:08:01,18.54,40.0139326679848,0.000928919733831973,12.930218935826,-19.7313556398794,87.604774176728,-20.5234381230462,0,3,0.0635634793235242,0.332547238311496,MV-201,step_steer_python
1856,2026年09月16日_23时08分01秒_第004次,2026-09-16T23:08:01,18.55,40.0140030617667,0.000923607446390927,12.9302934971742,-19.8143104157261,87.530795532195,-20.6048071708411,0,3,0.0635634455176459,0.332549678572231,MV-201,step_steer_python
1857,2026年09月16日_23时08分01秒_第004次,2026-09-16T23:08:01,18.56,40.0140718544095,0.000918169637684643,12.9303687382053,-19.8970981783959,87.4566297449133,-20.6860051701272,0,3,0.063563414133833,0.332552133277659,MV-201,step_steer_python
1858,2026年09月16日_23时08分01秒_第004次,2026-09-16T23:08:01,18.57,40.0141390474177,0.000912607793023642,12.9304446228472,-19.979718501565,87.3822771939792,-20.7670317024588,0,3,0.0635633851656815,0.332554602240274,MV-201,step_steer_python
1859,2026年09月16日_23时08分01秒_第004次,2026-09-16T23:08:01,18.58,40.0142046424265,0.000906926345113892,12.9305211101466,-20.0621709597697,87.3077382594566,-20.8478863503147,0,3,0.0635633585644769,0.332557083489139,MV-201,step_steer_python
1860,2026年09月16日_23时08分01秒_第004次,2026-09-16T23:08:01,18.59,40.0142686412495,0.000901132613346653,12.9305981539819,-20.1444551284055,87.2330133223703,-20.9285686970994,0,3,0.0635633342397131,0.332559573294494,MV-201,step_steer_python
1861,2026年09月16日_23时08分01秒_第004次,2026-09-16T23:08:01,18.6,40.0143310459161,0.00089523656328051,12.9306757028678,-20.2265705837254,87.1581027647009,-21.0090783271371,0,3,0.06356331206219,0.332562066300897,MV-201,step_steer_python
1862,2026年09月16日_23时08分01秒_第004次,2026-09-16T23:08:01,18.61,40.0143918586939,0.000889250375233284,12.9307537002353,-20.3085169028388,87.0830069693779,-21.0894148256612,0,3,0.0635632918698684,0.33256455577624,MV-201,step_steer_python
1863,2026年09月16日_23时08分01秒_第004次,2026-09-16T23:08:01,18.62,40.0144510820941,0.000883187847134552,12.9308320853379,-20.3902936637112,87.0077263202752,-21.1695777788013,0,3,0.063563273476145,0.332567033962221,MV-201,step_steer_python
1864,2026年09月16日_23时08分01秒_第004次,2026-09-16T23:08:01,18.63,40.0145087212232,0.00087741553882483,12.9309059331266,-20.4719004447568,86.9322612017476,-21.2495667734492,0,3,0.0635632516497577,0.332569279753298,MV-201,step_steer_python
1865,2026年09月16日_23时08分01秒_第004次,2026-09-16T23:08:01,18.64,40.014564744609,0.000872217126588087,12.9309789651816,-20.553336825379,86.8566119993354,-21.329381397244,0,3,0.0635632223010269,0.332571118344244,MV-201,step_steer_python
1866,2026年09月16日_23时08分01秒_第004次,2026-09-16T23:08:01,18.65,40.0146191779083,0.000867477408774509,12.9310480494605,-20.6346023854456,86.780779099087,-21.4090212387865,0,3,0.0635631870090525,0.33257261797404,MV-201,step_steer_python
1867,2026年09月16日_23时08分01秒_第004次,2026-09-16T23:08:01,18.66,40.0146720322186,0.00086309885086093,12.9311149980327,-20.7156967058906,86.7047628881455,-21.4884858876755,0,3,0.0635631471139791,0.332573835968421,MV-201,step_steer_python
1868,2026年09月16日_23时08分01秒_第004次,2026-09-16T23:08:01,18.67,40.0147233136163,0.000858993059969087,12.9311806080983,-20.79661936874,86.628563754815,-21.5677749344636,0,3,0.0635631038367871,0.332574824333992,MV-201,step_steer_python
1869,2026年09月16日_23时08分01秒_第004次,2026-09-16T23:08:01,18.68,40.0147730271058,0.00085508512964339,12.9312453760955,-20.8773699570325,86.552182088476,-21.6468879706474,0,3,0.0635630582161006,0.332575627301071,MV-201,step_steer_python
1870,2026年09月16日_23时08分01秒_第004次,2026-09-16T23:08:01,18.69,40.0148211773195,0.000851312344938844,12.9313096742794,-20.957948054798,86.4756182795597,-21.7258245886573,0,3,0.0635630111251057,0.332576282078155,MV-201,step_steer_python
1871,2026年09月16日_23时08分01秒_第004次,2026-09-16T23:08:01,18.7,40.014867768687,0.000847622605633712,12.9313737762015,-21.0383532470421,86.3988727195272,-21.8045843818495,0,3,0.0635629632926519,0.332576819754255,MV-201,step_steer_python
1872,2026年09月16日_23时08分01秒_第004次,2026-09-16T23:08:01,18.71,40.0149128055028,0.000843972986884386,12.9314378772586,-21.1185851197338,86.3219458008506,-21.8831669445036,0,3,0.0635629153225743,0.332577266120323,MV-201,step_steer_python
1873,2026年09月16日_23时08分01秒_第004次,2026-09-16T23:08:01,18.72,40.0149562919673,0.000840328474617701,12.9315021122795,-21.1986432597948,86.2448379169975,-21.961571871825,0,3,0.0635628677106884,0.33257764239072,MV-201,step_steer_python
1874,2026年09月16日_23时08分01秒_第004次,2026-09-16T23:08:01,18.73,40.0149982322208,0.000836660922539386,12.9315665697149,-21.2785272550922,86.1675494624182,-22.0397987599528,0,3,0.0635628208587657,0.332577965796564,MV-201,step_steer_python
1875,2026年09月16日_23时08分01秒_第004次,2026-09-16T23:08:01,18.74,40.0150386303757,0.000832948239111285,12.9316313031556,-21.358236694432,86.090080832534,-22.1178472059689,0,3,0.0635627750853456,0.332578250045014,MV-201,step_steer_python
1876,2026年09月16日_23时08分01秒_第004次,2026-09-16T23:08:01,18.75,40.0150774905467,0.000829173776379719,12.9316963406242,-21.4377711675542,86.0124324237277,-22.1957168079084,0,3,0.0635627306337567,0.332578505660419,MV-201,step_steer_python
1877,2026年09月16日_23时08分01秒_第004次,2026-09-16T23:08:01,18.76,40.015114816879,0.000825325865979313,12.9317616918842,-21.5171302651287,85.9346046333339,-22.2734071647681,0,3,0.0635626876781072,0.332578740239397,MV-201,step_steer_python
1878,2026年09月16日_23时08分01秒_第004次,2026-09-16T23:08:01,18.77,40.015150613576,0.0008213974341359,12.9318273539584,-21.5963135787512,85.8565978596305,-22.3509178765114,0,3,0.0635626463282001,0.332578958660338,MV-201,step_steer_python
1879,2026年09月16日_23时08分01秒_第004次,2026-09-16T23:08:01,18.78,40.0151848849228,0.000817385625977387,12.9318933150577,-21.6753207009401,85.7784125018301,-22.4282485440701,0,3,0.0635626066343619,0.332579163289064,MV-201,step_steer_python
1880,2026年09月16日_23时08分01秒_第004次,2026-09-16T23:08:01,18.79,40.0152176353086,0.000813291381099908,12.9319595571389,-21.7541512251325,85.7000489600719,-22.5053987693411,0,3,0.0635625685930108,0.332579354215701,MV-201,step_steer_python
1881,2026年09月16日_23时08分01秒_第004次,2026-09-16T23:08:01,18.8,40.0152488692436,0.000809118923259584,12.9320260573642,-21.8328047456822,85.6215076354144,-22.5823681551801,0,3,0.0635625321535044,0.332579529545422,MV-201,step_steer_python
1882,2026年09月16日_23时08分01秒_第004次,2026-09-16T23:08:01,18.81,40.0152785913737,0.000804875153609667,12.9320927887509,-21.9112808578568,85.5427889298283,-22.6591563053932,0,3,0.0635624972264255,0.332579685749873,MV-201,step_steer_python
1883,2026年09月16日_23时08分01秒_第004次,2026-09-16T23:08:01,18.82,40.0153068064886,0.000800568964990346,12.932159720324,-21.9895791578374,85.4638932461909,-22.7357628247273,0,3,0.0635624636930688,0.332579818069132,MV-201,step_steer_python
1884,2026年09月16日_23时08分01秒_第004次,2026-09-16T23:08:01,18.83,40.0153335195265,0.000796210518049507,12.9322268170577,-22.0676992427177,85.3848209882814,-22.8121873188619,0,3,0.0635624314155541,0.332579920939927,MV-201,step_steer_python
1885,2026年09月16日_23时08分01秒_第004次,2026-09-16T23:08:01,18.84,40.0153587355733,0.000791810535103519,12.9322940398668,-22.1456407105057,85.3055725607775,-22.8884293944038,0,3,0.0635624002467708,0.332579988416496,MV-201,step_steer_python
1886,2026年09月16日_23时08分01秒_第004次,2026-09-16T23:08:01,18.85,40.0153824598599,0.000787379671648227,12.9323613458277,-22.2234031601255,85.2261483692532,-22.9644886588836,0,3,0.0635623700392971,0.332580014547819,MV-201,step_steer_python
1887,2026年09月16日_23时08分01秒_第004次,2026-09-16T23:08:01,18.86,40.0154046977545,0.000782928018118588,12.9324286887272,-22.3009861914211,85.1465488201776,-23.0403647207586,0,3,0.0635623406525303,0.33257999367902,MV-201,step_steer_python
1888,2026年09月16日_23时08分01秒_第004次,2026-09-16T23:08:01,18.87,40.0154254547556,0.000778464767445965,12.9324960199638,-22.3783894051603,85.0667743209147,-23.1160571894174,0,3,0.0635623119575059,0.332579920654897,MV-201,step_steer_python
1889,2026年09月16日_23时08分01秒_第004次,2026-09-16T23:08:01,18.88,40.0154447364836,0.000773998060663436,12.9325632897275,-22.4556124030395,84.9868252797235,-23.1915656751887,0,3,0.0635622838392111,0.332579790917361,MV-201,step_steer_python
1890,2026年09月16日_23时08分01秒_第004次,2026-09-16T23:08:01,18.89,40.0154625486729,0.000769534998773954,12.9326304483389,-22.5326547876882,84.9067021057579,-23.266889789352,0,3,0.0635622561965395,0.332579600503104,MV-201,step_steer_python
1891,2026年09月16日_23时08分01秒_第004次,2026-09-16T23:08:01,18.9,40.0154788971665,0.000765081786768347,12.9326974475935,-22.6095161626741,84.8264052090671,-23.3420291441486,0,3,0.063562228940355,0.332579345961349,MV-201,step_steer_python
1892,2026年09月16日_23时08分01秒_第004次,2026-09-16T23:08:01,18.91,40.0154937879122,0.000760643962151823,12.9327642419536,-22.6861961325074,84.7459350005952,-23.4169833527923,0,3,0.0635622019903304,0.332579024219861,MV-201,step_steer_python
1893,2026年09月16日_23时08分01秒_第004次,2026-09-16T23:08:01,18.92,40.0155072269606,0.000756226653424808,12.9328307894603,-22.7626943026438,84.6652918921802,-23.491752029478,0,3,0.0635621752713316,0.332578632431818,MV-201,step_steer_python
1894,2026年09月16日_23时08分01秒_第004次,2026-09-16T23:08:01,18.93,40.0155192204661,0.000751834818327111,12.9328970522859,-22.8390102794889,84.5844762965526,-23.5663347893881,0,3,0.0635621487100595,0.332578167833745,MV-201,step_steer_python
1895,2026年09月16日_23时08分01秒_第004次,2026-09-16T23:08:01,18.94,40.0155297746881,0.000747473421836675,12.9329629968923,-22.9151436703996,84.5034886273334,-23.6407312486959,0,3,0.0635621222325261,0.332577627638763,MV-201,step_steer_python
1896,2026年09月16日_23时08分01秒_第004次,2026-09-16T23:08:01,18.95,40.015538895993,0.000743147530175932,12.9330285938322,-22.9910940836875,84.4223292990314,-23.7149410245656,0,3,0.0635620957627091,0.332577008979779,MV-201,step_steer_python
1897,2026年09月16日_23时08分01秒_第004次,2026-09-16T23:08:01,18.96,40.0155465908553,0.00073886231426544,12.9330938172531,-23.06686112862,84.340998727041,-23.7889637351515,0,3,0.0635620692224911,0.33257630890697,MV-201,step_steer_python
1898,2026年09月16日_23时08分01秒_第004次,2026-09-16T23:08:01,18.97,40.0155528658584,0.000734622971905048,12.9331586442123,-23.1424444154226,84.2594973276394,-23.8627989995943,0,3,0.0635620425327595,0.33257552443435,MV-201,step_steer_python
1899,2026年09月16日_23时08分01秒_第004次,2026-09-16T23:08:01,18.98,40.0155577276927,0.000730434590433765,12.9332230538997,-23.2178435552814,84.177825517984,-23.9364464380185,0,3,0.0635620156153665,0.33257465262265,MV-201,step_steer_python
1900,2026年09月16日_23时08分01秒_第004次,2026-09-16T23:08:01,18.99,40.0155611831531,0.000726301978280729,12.9332870268833,-23.293058160345,84.0959837161102,-24.0099056715288,0,3,0.0635619883955509,0.332573690681643,MV-201,step_steer_python
1901,2026年09月16日_23时08分01秒_第004次,2026-09-16T23:08:01,19,40.0155632391355,0.000722229496136174,12.9333505444511,-23.3680878437276,84.0139723409291,-24.0831763222096,0,3,0.0635619608043837,0.332572636073476,MV-201,step_steer_python
1902,2026年09月16日_23时08分01秒_第004次,2026-09-16T23:08:01,19.01,40.0155639026319,0.000718220915266527,12.9334135881163,-23.4429322195117,83.9317918122269,-24.1562580131249,0,3,0.0635619327808474,0.332571486600364,MV-201,step_steer_python
1903,2026年09月16日_23时08分01秒_第004次,2026-09-16T23:08:01,19.02,40.0155631807263,0.000714279324303376,12.9334761393265,-23.5175909027521,83.8494425506623,-24.2291503683216,0,3,0.0635619042732377,0.332570240463699,MV-201,step_steer_python
1904,2026年09月16日_23时08分01秒_第004次,2026-09-16T23:08:01,19.03,40.015561080591,0.000710407097499235,12.9335381793814,-23.592063509479,83.7669249777664,-24.301853012834,0,3,0.0635618752396979,0.332568896286478,MV-201,step_steer_python
1905,2026年09月16日_23时08分01秒_第004次,2026-09-16T23:08:01,19.04,40.0155576094836,0.000706605927911196,12.9335996895523,-23.6663496567016,83.6842395159407,-24.3743655726902,0,3,0.0635618456478291,0.332567453096632,MV-201,step_steer_python
1906,2026年09月16日_23时08分01秒_第004次,2026-09-16T23:08:01,19.05,40.0155527747454,0.000702876919977439,12.9336606513687,-23.7404489624123,83.6013865884567,-24.4466876749188,0,3,0.0635618154734473,0.332565910274323,MV-201,step_steer_python
1907,2026年09月16日_23时08分01秒_第004次,2026-09-16T23:08:01,19.06,40.0155465838003,0.000699220728351783,12.9337210470255,-23.8143610455894,83.5183666194542,-24.5188189475567,0,3,0.0635617846986678,0.332564267470843,MV-201,step_steer_python
1908,2026年09月16日_23时08分01秒_第004次,2026-09-16T23:08:01,19.07,40.0155390441552,0.000695637723850281,12.9337808598498,-23.8880855262005,83.4351800339393,-24.5907590196552,0,3,0.0635617533095866,0.332562524510472,MV-201,step_steer_python
1909,2026年09月16日_23时08分01秒_第004次,2026-09-16T23:08:01,19.08,40.0155301633985,0.000692128164241593,12.9338400747485,-23.9616220252052,83.3518272577831,-24.6625075212855,0,3,0.0635617212938716,0.33256068128852,MV-201,step_steer_python
1910,2026年09月16日_23时08分01秒_第004次,2026-09-16T23:08:01,19.09,40.0155199492006,0.000688692347512009,12.9338986785775,-24.0349701645573,83.2683087177186,-24.7340640835427,0,3,0.0635616886385857,0.332558737679158,MV-201,step_steer_python
1911,2026年09月16日_23时08分01秒_第004次,2026-09-16T23:08:01,19.1,40.0155084093126,0.000685330727712887,12.9339566603662,-24.108129567207,83.1846248413383,-24.8054283385467,0,3,0.0635616553285253,0.332556693465081,MV-201,step_steer_python
1912,2026年09月16日_23时08分01秒_第004次,2026-09-16T23:08:01,19.11,40.0154955515652,0.000682043979912186,12.9340140113531,-24.1810998571025,83.1007760570918,-24.876599919444,0,3,0.0635616213452734,0.33255454829736,MV-201,step_steer_python
1913,2026年09月16日_23时08分01秒_第004次,2026-09-16T23:08:01,19.12,40.0154813838667,0.000678833007781059,12.9340707248185,-24.2538806591917,83.0167627942819,-24.9475784604054,0,3,0.0635615866670654,0.332552301689638,MV-201,step_steer_python
1914,2026年09月16日_23时08分01秒_第004次,2026-09-16T23:08:01,19.13,40.0154659142009,0.000675698897184925,12.9341267957298,-24.3264715994236,82.9325854830622,-25.0183635966255,0,3,0.0635615512694254,0.332549953044956,MV-201,step_steer_python
1915,2026年09月16日_23时08分01秒_第004次,2026-09-16T23:08:01,19.14,40.0154491506253,0.000672642826784949,12.9341822202451,-24.3988723047505,82.8482445544337,-25.0889549643208,0,3,0.0635615151264222,0.332547501708832,MV-201,step_steer_python
1916,2026年09月16日_23时08分01秒_第004次,2026-09-16T23:08:01,19.15,40.0154311012699,0.000669665953816175,12.9342369951456,-24.4710824031292,82.7637404402428,-25.1593522007287,0,3,0.063561478212292,0.332544947037826,MV-201,step_steer_python
1917,2026年09月16日_23时08分01秒_第004次,2026-09-16T23:08:01,19.16,40.0154117743358,0.000666769296399639,12.9342911172753,-24.5431015235238,82.6790735731778,-25.2295549441075,0,3,0.0635614405031231,0.33254228847077,MV-201,step_steer_python
1918,2026年09月16日_23时08分01秒_第004次,2026-09-16T23:08:01,19.17,40.0153911780943,0.000663953633823681,12.9343445830751,-24.6149292959074,82.5942443867673,-25.299562833738,0,3,0.0635614019782973,0.332539525589756,MV-201,step_steer_python
1919,2026年09月16日_23时08分01秒_第004次,2026-09-16T23:08:01,19.18,40.0153693208867,0.000661219441546209,12.9343973882737,-24.6865653512653,82.5092533153778,-25.3693755099255,0,3,0.0635613626214486,0.332536658160628,MV-201,step_steer_python
1920,2026年09月16日_23时08分01秒_第004次,2026-09-16T23:08:01,19.19,40.0153462111235,0.00065856687137472,12.9344495277739,-24.7580093215971,82.4241007942115,-25.438992614004,0,3,0.0635613224207809,0.332533686146462,MV-201,step_steer_python
1921,2026年09月16日_23时08分01秒_第004次,2026-09-16T23:08:01,19.2,40.0153218572839,0.000655995778472399,12.9345009957396,-24.8292608399197,82.3387872593047,-25.5084137883405,0,3,0.0635612813687216,0.332530609692818,MV-201,step_steer_python
1922,2026年09月16日_23时08分01秒_第004次,2026-09-16T23:08:01,19.21,40.0152962679151,0.000653505788190338,12.9345517858556,-24.90031954027,82.2533131475252,-25.57763867634,0,3,0.0635612394610001,0.332527429088743,MV-201,step_steer_python
1923,2026年09月16日_23时08分01秒_第004次,2026-09-16T23:08:01,19.22,40.0152694516315,0.00065109638946749,12.9346018917069,-24.9711850577071,82.1676788965709,-25.6466669224502,0,3,0.0635611966953405,0.332524144711363,MV-201,step_steer_python
1924,2026年09月16日_23时08分01秒_第004次,2026-09-16T23:08:01,19.23,40.0152414171128,0.000648767037547653,12.9346513072036,-25.0418570283149,82.0818849449664,-25.7154981721654,0,3,0.0635611530700089,0.332520756964346,MV-201,step_steer_python
1925,2026年09月16日_23时08分01秒_第004次,2026-09-16T23:08:01,19.24,40.0152121731031,0.000646517248575023,12.9347000269811,-25.112335089204,81.9959317320613,-25.7841320720305,0,3,0.063561108582465,0.332517266220759,MV-201,step_steer_python
1926,2026年09月16日_23时08分01秒_第004次,2026-09-16T23:08:01,19.25,40.0151817284089,0.000644346671449934,12.9347480467103,-25.1826188785134,81.909819698027,-25.8525682696428,0,3,0.0635610632283279,0.332513672779194,MV-201,step_steer_python
1927,2026年09月16日_23时08分01秒_第004次,2026-09-16T23:08:01,19.26,40.0151500918971,0.000642255127568458,12.934795363273,-25.2527080354124,81.823549283854,-25.9208064136536,0,3,0.0635610170007922,0.332509976838959,MV-201,step_steer_python
1928,2026年09月16日_23时08分01秒_第004次,2026-09-16T23:08:01,19.27,40.0151172724938,0.000640242615794864,12.934841974785,-25.3226022001022,81.7371209313489,-25.9888461537686,0,3,0.0635609698905367,0.332506178496125,MV-201,step_steer_python
1929,2026年09月16日_23时08分01秒_第004次,2026-09-16T23:08:01,19.28,40.0150832765424,0.000637939256413002,12.9348929928713,-25.3923010143126,81.6505350835462,-26.0566871408939,0,3,0.0635609271759655,0.332502501481301,MV-201,step_steer_python
1930,2026年09月16日_23时08分01秒_第004次,2026-09-16T23:08:01,19.29,40.0150481491624,0.000635062344790439,12.9349444404457,-25.4618041206334,81.5637921840531,-26.124329027123,0,3,0.0635608929329421,0.332499120765737,MV-201,step_steer_python
1931,2026年09月16日_23时08分01秒_第004次,2026-09-16T23:08:01,19.3,40.015011875941,0.000631748442517215,12.9349995423899,-25.53111116317,81.4768926776678,-26.1917714654885,0,3,0.0635608652769674,0.332495955804633,MV-201,step_steer_python
1932,2026年09月16日_23时08分01秒_第004次,2026-09-16T23:08:01,19.31,40.0149744578711,0.000628114248822488,12.935056328865,-25.6002217868342,81.3898370098576,-26.2590141099264,0,3,0.0635608425913571,0.332492938234217,MV-201,step_steer_python
1933,2026年09月16日_23时08分01秒_第004次,2026-09-16T23:08:01,19.32,40.0149359013473,0.000624265033541027,12.9351139014839,-25.6691356373131,81.3026256266927,-26.326056615328,0,3,0.063560823409032,0.332490006319024,MV-201,step_steer_python
1934,2026年09月16日_23时08分01秒_第004次,2026-09-16T23:08:01,19.33,40.0148962140169,0.000620289779161485,12.9351716822226,-25.7378523611748,81.2152589749191,-26.3928986375639,0,3,0.0635608064833168,0.332487107719953,MV-201,step_steer_python
1935,2026年09月16日_23时08分01秒_第004次,2026-09-16T23:08:01,19.34,40.0148554040453,0.000616262509499165,12.9352292273372,-25.8063716059026,81.127737501981,-26.4595398335152,0,3,0.0635607907708699,0.332484198731472,MV-201,step_steer_python
1936,2026年09月16日_23时08分01秒_第004次,2026-09-16T23:08:01,19.35,40.0148134799453,0.000612244155949862,12.9352861999493,-25.8746930199231,81.0400616560391,-26.5259798611043,0,3,0.0635607754067714,0.332481243217947,MV-201,step_steer_python
1937,2026年09月16日_23时08分01秒_第004次,2026-09-16T23:08:01,19.36,40.0147704505218,0.000608284475907969,12.935342347756,-25.942816252631,80.9522318859856,-26.5922183793212,0,3,0.0635607596786439,0.332478211515402,MV-201,step_steer_python
1938,2026年09月16日_23时08分01秒_第004次,2026-09-16T23:08:01,19.37,40.0147263248478,0.000604423913005297,12.9353974840005,-26.0107409544088,80.8642486414565,-26.6582550482398,0,3,0.0635607430013796,0.332475079360656,MV-201,step_steer_python
1939,2026年09月16日_23时08分01秒_第004次,2026-09-16T23:08:01,19.38,40.0146811122491,0.000600695263163584,12.9354514722955,-26.0784667766433,80.7761123728398,-26.7240895290252,0,3,0.0635607248944229,0.332471826929047,MV-201,step_steer_python
1940,2026年09月16日_23时08分01秒_第004次,2026-09-16T23:08:01,19.39,40.0146348222861,0.000597125047527405,12.9355042145909,-26.145993371738,80.6878235312819,-26.7897214839323,0,3,0.0635607049630463,0.332468438041099,MV-201,step_steer_python
1941,2026年09月16日_23时08分01秒_第004次,2026-09-16T23:08:01,19.4,40.0145874647327,0.000593734543072816,12.9355556417898,-26.2133203931239,80.5993825686914,-26.8551505762978,0,3,0.0635606828843591,0.332464899569155,MV-201,step_steer_python
1942,2026年09月16日_23时08分01秒_第004次,2026-09-16T23:08:01,19.41,40.014539049547,0.000590540473980021,12.9356057066349,-26.2804474952679,80.5107899377417,-26.9203764705293,0,3,0.0635606583980426,0.332461201043772,MV-201,step_steer_python
1943,2026年09月16日_23时08分01秒_第004次,2026-09-16T23:08:01,19.42,40.014489586838,0.000587555414042541,12.9356543785039,-26.3473743336811,80.4220460918736,-26.9853988320932,0,3,0.0635606313011355,0.332457334431133,MV-201,step_steer_python
1944,2026年09月16日_23时08分01秒_第004次,2026-09-16T23:08:01,19.43,40.014439086826,0.000584787988390332,12.9357016397433,-26.4141005649259,80.3331514852964,-27.0502173275063,0,3,0.0635606014456405,0.332453294029638,MV-201,step_steer_python
1945,2026年09月16日_23时08分01秒_第004次,2026-09-16T23:08:01,19.44,40.0143875598037,0.000582242983187919,12.935747483181,-26.4806258466241,80.2441065729899,-27.1148316243313,0,3,0.0635605687374223,0.332449076421103,MV-201,step_steer_python
1946,2026年09月16日_23时08分01秒_第004次,2026-09-16T23:08:01,19.45,40.0143350160989,0.000579921473155301,12.9357919104587,-26.5469498374647,80.1549118107062,-27.1792413911797,0,3,0.0635605331348385,0.332444680410756,MV-201,step_steer_python
1947,2026年09月16日_23时08分01秒_第004次,2026-09-16T23:08:01,19.46,40.014281463341,0.000577447143371243,12.9358400968233,-26.6130721977284,80.0655676553694,-27.2434462978719,0,3,0.0635604999912221,0.332440332970818,MV-201,step_steer_python
1948,2026年09月16日_23时08分01秒_第004次,2026-09-16T23:08:01,19.47,40.0142269482762,0.000574528532222861,12.9358880403622,-26.6789925885921,79.9760745644464,-27.3074460154338,0,3,0.0635604734913172,0.332436213769801,MV-201,step_steer_python
1949,2026年09月16日_23时08分01秒_第004次,2026-09-16T23:08:01,19.48,40.0141714574712,0.000571295378838027,12.9359390207011,-26.7447106728213,79.8864329965483,-27.3712402158592,0,3,0.0635604518328848,0.332432245797899,MV-201,step_steer_python
1950,2026年09月16日_23时08分01秒_第004次,2026-09-16T23:08:01,19.49,40.014114992948,0.000567855594362567,12.9359910733891,-26.8102261140367,79.7966434109347,-27.4348285720917,0,3,0.0635604335104063,0.332428365452391,MV-201,step_steer_python
1951,2026年09月16日_23时08分01秒_第004次,2026-09-16T23:08:01,19.5,40.0140575620947,0.000564304627775726,12.9360433209654,-26.8755385766822,79.7067062674498,-27.4982107580926,0,3,0.0635604171837715,0.332424516425677,MV-201,step_steer_python
1952,2026年09月16日_23时08分01秒_第004次,2026-09-16T23:08:01,19.51,40.0139991734918,0.000560721376133111,12.9360952130181,-26.9406477261356,79.616622026593,-27.5613864488763,0,3,0.0635604017382163,0.332420652012406,MV-201,step_steer_python
1953,2026年09月16日_23时08分01秒_第004次,2026-09-16T23:08:01,19.52,40.0139398361901,0.000557170227182561,12.9361463370986,-27.0055532287431,79.5263911495385,-27.6243553205474,0,3,0.0635603862570782,0.332416733916725,MV-201,step_steer_python
1954,2026年09月16日_23时08分01秒_第004次,2026-09-16T23:08:01,19.53,40.0138795595576,0.000553703453390699,12.936196389915,-27.0702547518463,79.4360140981514,-27.6871170503329,0,3,0.0635603699892854,0.332412730868027,MV-201,step_steer_python
1955,2026年09月16日_23时08分01秒_第004次,2026-09-16T23:08:01,19.54,40.0138183532394,0.000550363427265882,12.93624515375,-27.1347519638046,79.3454913349998,-27.7496713166011,0,3,0.0635603523191185,0.332408617339063,MV-201,step_steer_python
1956,2026年09月16日_23时08分01秒_第004次,2026-09-16T23:08:01,19.55,40.0137562271452,0.000547184543512929,12.9362924763178,-27.199044534012,79.2548233233628,-27.8120177988689,0,3,0.0635603327399015,0.332404372431835,MV-201,step_steer_python
1957,2026年09月16日_23时08分01秒_第004次,2026-09-16T23:08:01,19.56,40.0136931914372,0.000544194743222208,12.9363382547372,-27.2631321329106,79.1640105272369,-27.8741561777954,0,3,0.0635603108331542,0.332399978994692,MV-201,step_steer_python
1958,2026年09月16日_23时08分01秒_第004次,2026-09-16T23:08:01,19.57,40.01362925651,0.000541416597908577,12.936382422943,-27.3270144320006,79.0730534113385,-27.9360861351667,0,3,0.0635602862538584,0.332395422997658,MV-201,step_steer_python
1959,2026年09月16日_23时08分01秒_第004次,2026-09-16T23:08:01,19.58,40.0135644329609,0.000538867975770853,12.9364249420154,-27.3906911038487,78.9819524411065,-27.9978073538753,0,3,0.0635602587215664,0.332390693154552,MV-201,step_steer_python
1960,2026年09月16日_23时08分01秒_第004次,2026-09-16T23:08:01,19.59,40.0134987315498,0.000536562364654428,12.9364657929838,-27.4541618220956,78.8907080827031,-28.0593195178999,0,3,0.0635602280163407,0.332385780748892,MV-201,step_steer_python
1961,2026年09月16日_23时08分01秒_第004次,2026-09-16T23:08:01,19.6,40.0134321605424,0.000534150864159477,12.936509919002,-27.5174262619704,78.7993208033817,-28.1206223124373,0,3,0.0635601990972947,0.332380896104511,MV-201,step_steer_python
1962,2026年09月16日_23时08分01秒_第004次,2026-09-16T23:08:01,19.61,40.0133647657568,0.000531364450207373,12.9365534795991,-27.5804840996064,78.707791070905,-28.1817154238734,0,3,0.0635601758228647,0.332376205029597,MV-201,step_steer_python
1963,2026年09月16日_23时08分01秒_第004次,2026-09-16T23:08:01,19.62,40.0132965354688,0.00052833565425558,12.9365996100307,-27.6433350127239,78.6161193541008,-28.2425985395372,0,3,0.0635601563426969,0.332371628572078,MV-201,step_steer_python
1964,2026年09月16日_23时08分01秒_第004次,2026-09-16T23:08:01,19.63,40.0132274727547,0.000525173701312301,12.9366464257007,-27.7059786799166,78.5243061224128,-28.3032713476765,0,3,0.0635601391239649,0.332367102031502,MV-201,step_steer_python
1965,2026年09月16日_23时08分01秒_第004次,2026-09-16T23:08:01,19.64,40.0131575858022,0.000521973092739459,12.9366930851353,-27.7684147806242,78.4323518458428,-28.3637335375242,0,3,0.0635601228314242,0.332362569350185,MV-201,step_steer_python
1966,2026年09月16日_23时08分01秒_第004次,2026-09-16T23:08:01,19.65,40.01308688389,0.000518809553406728,12.9367390622938,-27.830642995245,78.3402569950187,-28.4239847993438,0,3,0.0635601063870913,0.332357985417704,MV-201,step_steer_python
1967,2026年09月16日_23时08分01秒_第004次,2026-09-16T23:08:01,19.66,40.0130153766788,0.000515742159039254,12.9367839658215,-27.8926630051765,78.2480220412161,-28.4840248244826,0,3,0.0635600889420494,0.332353314838767,MV-201,step_steer_python
1968,2026年09月16日_23时08分01秒_第004次,2026-09-16T23:08:01,19.67,40.0129430740577,0.000512816104223988,12.9368275118236,-27.9544744928464,78.1556474563763,-28.5438533054238,0,3,0.0635600698388445,0.332348530333334,MV-201,step_steer_python
1969,2026年09月16日_23时08分01秒_第004次,2026-09-16T23:08:01,19.68,40.0128699861077,0.000510065539703413,12.9368695015168,-28.0160771417387,78.0631337131199,-28.6034699358277,0,3,0.0635600485725641,0.332343611087482,MV-201,step_steer_python
1970,2026年09月16日_23时08分01秒_第004次,2026-09-16T23:08:01,19.69,40.0127961230996,0.000507516260444877,12.9369098019321,-28.077470636413,77.9704812847555,-28.6628744105563,0,3,0.0635600247537137,0.332338541182232,MV-201,step_steer_python
1971,2026年09月16日_23时08分01秒_第004次,2026-09-16T23:08:01,19.7,40.0127214955,0.000505188011258777,12.936948330274,-28.1386546625181,77.8776906452857,-28.7220664256805,0,3,0.0635599980762434,0.332333308240718,MV-201,step_steer_python
1972,2026年09月16日_23时08分01秒_第004次,2026-09-16T23:08:01,19.71,40.0126461139707,0.000503096241178182,12.9369850412809,-28.1996289068006,77.7847622694084,-28.781045678471,0,3,0.063559968293182,0.332327902397063,MV-201,step_steer_python
1973,2026年09月16日_23时08分01秒_第004次,2026-09-16T23:08:01,19.72,40.0125699867809,0.000500901349935715,12.9370247784677,-28.2603930576183,77.6916966328633,-28.8398118675261,0,3,0.0635599402314617,0.332322528381372,MV-201,step_steer_python
1974,2026年09月16日_23时08分01秒_第004次,2026-09-16T23:08:01,19.73,40.0124931592022,0.000498343766302714,12.9370637635421,-28.3209468042486,77.5984942118758,-28.8983646927201,0,3,0.063559917614055,0.332317346239071,MV-201,step_steer_python
1975,2026年09月16日_23时08分01秒_第004次,2026-09-16T23:08:01,19.74,40.0124156201049,0.000495560095060367,12.9371050774373,-28.3812898375692,77.5051554836826,-28.9567038549302,0,3,0.0635598985309328,0.332312274525304,MV-201,step_steer_python
1976,2026年09月16日_23时08分01秒_第004次,2026-09-16T23:08:01,19.75,40.0123373729956,0.000492665135118635,12.9371468714255,-28.4414218493409,77.4116809261046,-29.0148290559792,0,3,0.0635598813676599,0.332307245109622,MV-201,step_steer_python
1977,2026年09月16日_23时08分01秒_第004次,2026-09-16T23:08:01,19.76,40.0122584264806,0.000489759516489589,12.9371883231006,-28.5013425321757,77.3180710174908,-29.0727399986662,0,3,0.063559864698794,0.33230219814021,MV-201,step_steer_python
1978,2026年09月16日_23时08分01秒_第004次,2026-09-16T23:08:01,19.77,40.0121787902835,0.000486924773949642,12.9372289204322,-28.5610515796484,77.2243262367796,-29.130436386785,0,3,0.0635598473599862,0.332297084876182,MV-201,step_steer_python
1979,2026年09月16日_23时08分01秒_第004次,2026-09-16T23:08:01,19.78,40.01209847451,0.00048422453136198,12.9372682838342,-28.620548686338,77.130447063521,-29.1879179251594,0,3,0.063559828433306,0.332291867026081,MV-201,step_steer_python
1980,2026年09月16日_23时08分01秒_第004次,2026-09-16T23:08:01,19.79,40.0120174894577,0.000481706516549703,12.9373061394192,-28.679833547862,77.0364339778944,-29.2451843196908,0,3,0.0635598072205533,0.33228651560801,MV-201,step_steer_python
1981,2026年09月16日_23时08分01秒_第004次,2026-09-16T23:08:01,19.8,40.0119358455493,0.000479404961850029,12.9373422971577,-28.7389058609077,76.942287460725,-29.3022352774063,0,3,0.0635597832108182,0.332281009573073,MV-201,step_steer_python
1982,2026年09月16日_23时08分01秒_第004次,2026-09-16T23:08:01,19.81,40.0118535533106,0.000477343229289474,12.9373766320101,-28.7977653232567,76.848007993495,-29.3590705065009,0,3,0.0635597560445467,0.332275334283434,MV-201,step_steer_python
1983,2026年09月16日_23时08分01秒_第004次,2026-09-16T23:08:01,19.82,40.01177062337,0.000475536419593244,12.9374090685424,-28.8564116338041,76.7535960583528,-29.4156897163693,0,3,0.0635597254775268,0.33226947998817,MV-201,step_steer_python
1984,2026年09月16日_23时08分01秒_第004次,2026-09-16T23:08:01,19.83,40.0116870638514,0.000473638553000558,12.9374444751619,-28.9148444930934,76.6590521384539,-29.4720926177783,0,3,0.0635596964257119,0.332263655176832,MV-201,step_steer_python
1985,2026年09月16日_23时08分01秒_第004次,2026-09-16T23:08:01,19.84,40.0116029201876,0.000471383103401537,12.9374790252456,-28.9730636026093,76.5643767174208,-29.5282789228452,0,3,0.0635596727100749,0.332258024051213,MV-201,step_steer_python
1986,2026年09月16日_23时08分01秒_第004次,2026-09-16T23:08:01,19.85,40.0115181809021,0.000468903514464737,12.9375158204575,-29.0310686654797,76.4695702798571,-29.5842483447824,0,3,0.0635596524651739,0.332252507034319,MV-201,step_steer_python
1987,2026年09月16日_23时08分01秒_第004次,2026-09-16T23:08:01,19.86,40.0114328493181,0.000466312391459193,12.9375529904547,-29.0888593857402,76.3746333109348,-29.6400005978477,0,3,0.0635596341077033,0.332247037303058,MV-201,step_steer_python
1988,2026年09月16日_23时08分01秒_第004次,2026-09-16T23:08:01,19.87,40.0113469339667,0.000463709939197232,12.9375897036178,-29.1464354682966,76.2795662963353,-29.6955353973696,0,3,0.0635596162183286,0.332241555260016,MV-201,step_steer_python
1989,2026年09月16日_23时08分01秒_第004次,2026-09-16T23:08:01,19.88,40.0112604445862,0.000461179263956781,12.9376254437964,-29.2037966190345,76.1843697223064,-29.7508524597468,0,3,0.0635595976103141,0.332236011217754,MV-201,step_steer_python
1990,2026年09月16日_23时08分01秒_第004次,2026-09-16T23:08:01,19.89,40.0111733913803,0.00045878739511032,12.9376598305444,-29.2609425448552,76.0890440756797,-29.8059515024576,0,3,0.0635595773169382,0.332230364825444,MV-201,step_steer_python
1991,2026年09月16日_23时08分01秒_第004次,2026-09-16T23:08:01,19.9,40.0110857848121,0.00045658677530282,12.9376925921961,-29.3178729537069,75.9935898438854,-29.8608322440775,0,3,0.0635595545720896,0.332224584236328,MV-201,step_steer_python
1992,2026年09月16日_23时08分01秒_第004次,2026-09-16T23:08:01,19.91,40.0109976355075,0.000454616898839809,12.9377235439455,-29.3745875546124,75.8980075149649,-29.9154944042986,0,3,0.0635595287885684,0.332218645184173,MV-201,step_steer_python
1993,2026年09月16日_23时08分01秒_第004次,2026-09-16T23:08:01,19.92,40.0109089542004,0.000452906091178514,12.9377525687784,-29.4310860576928,75.8022975775819,-29.9699377039492,0,3,0.0635594995341767,0.332212529968339,MV-201,step_steer_python
1994,2026年09月16日_23时08分01秒_第004次,2026-09-16T23:08:01,19.93,40.0108197516962,0.000451473338284103,12.9377796016241,-29.4873681741877,75.7064605210297,-30.0241618650116,0,3,0.0635594665068857,0.332206226400921,MV-201,step_steer_python
1995,2026年09月16日_23时08分01秒_第004次,2026-09-16T23:08:01,19.94,40.0107300360102,0.000449945515684065,12.9378099283206,-29.543433617044,75.6104968355881,-30.0781666108055,0,3,0.0635594350079722,0.332199959272438,MV-201,step_steer_python
1996,2026年09月16日_23时08分01秒_第004次,2026-09-16T23:08:01,19.95,40.0106398554663,0.000448033844614793,12.9378394194752,-29.5992821001393,75.5144070119593,-30.1319516659681,0,3,0.0635594091770038,0.332193906426761,MV-201,step_steer_python
1997,2026年09月16日_23时08分01秒_第004次,2026-09-16T23:08:01,19.96,40.0105491967056,0.000445880821664434,12.9378714438653,-29.65491333906,75.418191541808,-30.1855167561922,0,3,0.0635593870222227,0.332187982837691,MV-201,step_steer_python
1998,2026年09月16日_23时08分01秒_第004次,2026-09-16T23:08:01,19.97,40.0104580623024,0.00044360480727299,12.9379039841174,-29.7103270502971,75.3218509173375,-30.2388616081955,0,3,0.0635593668800818,0.332182118245202,MV-201,step_steer_python
1999,2026年09月16日_23时08分01秒_第004次,2026-09-16T23:08:01,19.98,40.0103664604053,0.000441309634439202,12.937936143661,-29.7655229512088,75.2253856312295,-30.2919859497726,0,3,0.0635593472807323,0.332176250893144,MV-201,step_steer_python
2000,2026年09月16日_23时08分01秒_第004次,2026-09-16T23:08:01,19.99,40.0102744004362,0.000439080167300219,12.9379673633925,-29.8205007601423,75.1287961767044,-30.3448895098183,0,3,0.0635593270132334,0.332170330052388,MV-201,step_steer_python
2001,2026年09月16日_23时08分01秒_第004次,2026-09-16T23:08:01,20,40.0101818923186,0.000436984108285466,12.9379972273321,-29.8752601964751,75.0320830475403,-30.3975720183567,0,3,0.063559305101959,0.33216431497993,MV-201,step_steer_python
