step_id,sim_time_s,Vx_kmh,beta_deg,w_degps,delta1_deg,delta2_deg,delta3_deg,fb_deg,beta_int_deg,status
0,0.000000,40.000000,0.000000,0.000000,0.000000,0.000000,0.000000,-0.000000,0.000000,OK
1,0.010000,39.998935,0.000001,-0.000267,0.000000,-0.000000,-0.000001,-0.000001,0.000000,OK
2,0.020000,39.996823,0.000002,-0.000190,0.000000,-0.000000,-0.000001,-0.000001,0.000000,OK
3,0.030000,39.994298,0.000001,-0.000021,0.000000,-0.000000,-0.000001,-0.000001,0.000000,OK
4,0.040000,39.991596,-0.000001,0.000042,0.000000,0.000000,0.000000,0.000000,0.000000,OK
5,0.050000,39.988893,-0.000002,0.000064,0.000000,0.000000,0.000001,0.000001,0.000000,OK
6,0.060000,39.986248,-0.000002,0.000082,0.000000,0.000000,0.000001,0.000001,-0.000000,OK
7,0.070000,39.983659,-0.000001,0.000099,0.000000,0.000000,0.000001,0.000001,-0.000000,OK
8,0.080000,39.981104,-0.000001,0.000115,0.000000,0.000000,0.000001,0.000001,-0.000000,OK
9,0.090000,39.978555,-0.000001,0.000127,0.000000,0.000000,0.000000,0.000000,-0.000000,OK
10,0.100000,39.975989,-0.000001,0.000134,0.000000,0.000000,0.000000,0.000000,-0.000000,OK
11,0.110000,39.973388,-0.000001,0.000135,0.000000,0.000000,0.000001,0.000001,-0.000000,OK
12,0.120000,39.970742,-0.000003,0.000132,0.000000,0.000000,0.000002,0.000002,-0.000000,OK
13,0.130000,39.968049,-0.000004,0.000124,0.000000,0.000000,0.000003,0.000003,-0.000000,OK
14,0.140000,39.965314,-0.000007,0.000114,0.000000,0.000000,0.000004,0.000004,-0.000000,OK
15,0.150000,39.962549,-0.000009,0.000102,0.000000,0.000000,0.000006,0.000006,-0.000000,OK
16,0.160000,39.959766,-0.000012,0.000092,0.000000,0.000000,0.000007,0.000007,-0.000000,OK
17,0.170000,39.956983,-0.000014,0.000083,0.000000,0.000000,0.000009,0.000009,-0.000001,OK
18,0.180000,39.954218,-0.000016,0.000077,0.000000,0.000000,0.000010,0.000010,-0.000001,OK
19,0.190000,39.951486,-0.000016,0.000075,0.000000,0.000000,0.000010,0.000010,-0.000001,OK
20,0.200000,39.948802,-0.000016,0.000076,0.000000,0.000000,0.000010,0.000010,-0.000001,OK
21,0.210000,39.946171,-0.000016,0.000080,0.000000,0.000000,0.000010,0.000010,-0.000001,OK
22,0.220000,39.943594,-0.000014,0.000086,0.000000,0.000000,0.000009,0.000009,-0.000001,OK
23,0.230000,39.941062,-0.000012,0.000092,0.000000,0.000000,0.000008,0.000008,-0.000001,OK
24,0.240000,39.938557,-0.000011,0.000098,0.000000,0.000000,0.000007,0.000007,-0.000002,OK
25,0.250000,39.936061,-0.000009,0.000103,0.000000,0.000000,0.000006,0.000006,-0.000002,OK
26,0.260000,39.933617,-0.000003,-0.000344,0.000000,0.000000,0.000003,0.000003,-0.000002,OK
27,0.270000,39.927414,-0.000141,0.028381,0.000000,0.000002,0.000086,0.000086,-0.000003,OK
28,0.280000,39.910840,-0.000211,0.021972,0.000000,0.000003,0.000129,0.000129,-0.000005,OK
29,0.290000,39.885129,-0.000183,0.018297,0.000000,0.000003,0.000113,0.000113,-0.000007,OK
30,0.300000,39.852922,-0.000190,0.017808,0.000000,0.000003,0.000118,0.000118,-0.000009,OK
31,0.310000,39.816496,-0.000292,0.017102,0.000000,0.000004,0.000181,0.000181,-0.000012,OK
32,0.320000,39.777540,-0.000493,0.015206,0.000000,0.000007,0.000304,0.000304,-0.000017,OK
33,0.330000,39.737235,-0.000764,0.012219,0.000000,0.000011,0.000470,0.000470,-0.000024,OK
34,0.340000,39.696374,-0.001053,0.008657,0.000000,0.000015,0.000649,0.000649,-0.000035,OK
35,0.350000,39.655480,-0.001305,0.005126,0.000000,0.000019,0.000807,0.000807,-0.000048,OK
36,0.360000,39.614895,-0.001468,0.002094,0.000000,0.000022,0.000912,0.000912,-0.000063,OK
37,0.370000,39.574859,-0.001508,-0.000228,0.000000,0.000022,0.000943,0.000943,-0.000078,OK
38,0.380000,39.535565,-0.001405,-0.001882,0.000000,0.000021,0.000889,0.000889,-0.000092,OK
39,0.390000,39.497180,-0.001162,-0.003091,0.000000,0.000018,0.000749,0.000749,-0.000103,OK
40,0.400000,39.459855,-0.000798,-0.004106,0.000000,0.000013,0.000534,0.000534,-0.000111,OK
41,0.410000,39.423709,-0.000348,-0.005121,0.000000,0.000006,0.000266,0.000266,-0.000115,OK
42,0.420000,39.388812,0.000140,-0.006218,0.000000,-0.000001,-0.000028,-0.000028,-0.000113,OK
43,0.430000,39.355181,0.000616,-0.007402,0.000000,-0.000007,-0.000316,-0.000316,-0.000107,OK
44,0.440000,39.322777,0.001029,-0.008637,0.000000,-0.000013,-0.000569,-0.000569,-0.000097,OK
45,0.450000,39.291506,0.001344,-0.009884,0.000000,-0.000018,-0.000764,-0.000764,-0.000084,OK
46,0.460000,39.261233,0.001539,-0.011107,0.000000,-0.000021,-0.000889,-0.000889,-0.000068,OK
47,0.470000,39.231792,0.001613,-0.012264,0.000000,-0.000022,-0.000942,-0.000942,-0.000052,OK
48,0.480000,39.203011,0.001580,-0.013296,0.000000,-0.000022,-0.000930,-0.000930,-0.000036,OK
49,0.490000,39.174729,0.001466,-0.014112,0.000000,-0.000021,-0.000869,-0.000869,-0.000022,OK
50,0.500000,39.146831,0.001302,-0.014613,0.000000,-0.000018,-0.000777,-0.000777,-0.000009,OK
51,0.510000,39.119260,0.001122,-0.014719,0.000000,-0.000016,-0.000674,-0.000674,0.000003,OK
52,0.520000,39.092030,0.000956,-0.014395,0.000000,-0.000014,-0.000580,-0.000580,0.000012,OK
53,0.530000,39.065212,0.000827,-0.013671,0.000000,-0.000012,-0.000506,-0.000506,0.000020,OK
54,0.540000,39.038912,0.000749,-0.012632,0.000000,-0.000011,-0.000463,-0.000463,0.000028,OK
55,0.550000,39.013240,0.000723,-0.011391,0.000000,-0.000011,-0.000451,-0.000451,0.000035,OK
56,0.560000,38.988284,0.000740,-0.010071,0.000000,-0.000011,-0.000466,-0.000466,0.000043,OK
57,0.570000,38.964093,0.000785,-0.008780,0.000000,-0.000012,-0.000497,-0.000497,0.000050,OK
58,0.580000,38.940665,0.000838,-0.007610,0.000000,-0.000013,-0.000532,-0.000532,0.000059,OK
59,0.590000,38.917959,0.000877,-0.006624,0.000000,-0.000013,-0.000560,-0.000560,0.000068,OK
60,0.600000,38.895898,0.000885,-0.005858,0.000000,-0.000013,-0.000569,-0.000569,0.000076,OK
61,0.610000,38.874391,0.000849,-0.005317,0.000000,-0.000013,-0.000552,-0.000552,0.000085,OK
62,0.620000,38.853354,0.000766,-0.004978,0.000000,-0.000012,-0.000506,-0.000506,0.000093,OK
63,0.630000,38.832721,0.000637,-0.004786,0.000000,-0.000010,-0.000432,-0.000432,0.000099,OK
64,0.640000,38.812456,0.000473,-0.004670,0.000000,-0.000008,-0.000336,-0.000336,0.000104,OK
65,0.650000,38.792553,0.000290,-0.004549,0.000000,-0.000005,-0.000227,-0.000227,0.000107,OK
66,0.660000,38.773031,0.000106,-0.004352,0.000000,-0.000003,-0.000117,-0.000117,0.000108,OK
67,0.670000,38.753922,-0.000062,-0.004032,0.000000,-0.000000,-0.000016,-0.000016,0.000107,OK
68,0.680000,38.735261,-0.000199,-0.003573,0.000000,0.000002,0.000067,0.000067,0.000105,OK
69,0.690000,38.717078,-0.000294,-0.002993,0.000000,0.000003,0.000125,0.000125,0.000102,OK
70,0.700000,38.699389,-0.000343,-0.002333,0.000000,0.000004,0.000156,0.000156,0.000099,OK
71,0.710000,38.682196,-0.000348,-0.001648,0.000000,0.000004,0.000161,0.000161,0.000095,OK
72,0.720000,38.665487,-0.000317,-0.000998,0.000000,0.000003,0.000144,0.000144,0.000092,OK
73,0.730000,38.649243,-0.000260,-0.000432,0.000000,0.000003,0.000111,0.000111,0.000089,OK
74,0.740000,38.633435,-0.000192,0.000012,0.000000,0.000002,0.000071,0.000071,0.000088,OK
75,0.750000,38.618037,-0.000125,0.000309,0.000000,0.000001,0.000032,0.000032,0.000086,OK
76,0.760000,38.603020,-0.000071,0.000461,0.000000,-0.000000,-0.000000,-0.000000,0.000086,OK
77,0.770000,38.588362,-0.000039,0.000479,0.000000,-0.000000,-0.000019,-0.000019,0.000085,OK
78,0.780000,38.574042,-0.000033,0.000394,0.000000,-0.000001,-0.000022,-0.000022,0.000085,OK
79,0.790000,38.560042,-0.000052,0.000245,0.000000,-0.000000,-0.000011,-0.000011,0.000084,OK
80,0.800000,38.546350,-0.000089,0.000075,0.000000,0.000000,0.000012,0.000012,0.000083,OK
81,0.810000,38.532956,-0.000137,-0.000075,0.000000,0.000001,0.000041,0.000041,0.000082,OK
82,0.820000,38.519858,-0.000187,-0.000172,0.000000,0.000002,0.000072,0.000072,0.000080,OK
83,0.830000,38.507060,-0.000230,-0.000196,0.000000,0.000002,0.000099,0.000099,0.000078,OK
84,0.840000,38.494569,-0.000258,-0.000149,0.000000,0.000003,0.000117,0.000117,0.000075,OK
85,0.850000,38.482395,-0.000266,-0.000035,0.000000,0.000003,0.000123,0.000123,0.000073,OK
86,0.860000,38.470547,-0.000252,0.000124,0.000000,0.000003,0.000116,0.000116,0.000070,OK
87,0.870000,38.459029,-0.000218,0.000304,0.000000,0.000002,0.000097,0.000097,0.000068,OK
88,0.880000,38.447838,-0.000169,0.000479,0.000000,0.000002,0.000068,0.000068,0.000066,OK
89,0.890000,38.436959,-0.000112,0.000626,0.000000,0.000001,0.000035,0.000035,0.000065,OK
90,0.900000,38.426375,-0.000055,0.000729,0.000000,0.000000,0.000001,0.000001,0.000065,OK
91,0.910000,38.416058,-0.000006,0.000773,0.000000,-0.000001,-0.000029,-0.000029,0.000065,OK
92,0.920000,38.405982,0.000031,0.000761,0.000000,-0.000001,-0.000051,-0.000051,0.000065,OK
93,0.930000,38.396125,0.000050,0.000693,0.000000,-0.000001,-0.000063,-0.000063,0.000065,OK
94,0.940000,38.386469,0.000052,0.000586,0.000000,-0.000002,-0.000064,-0.000064,0.000066,OK
95,0.950000,38.377008,0.000038,0.000458,0.000000,-0.000001,-0.000056,-0.000056,0.000066,OK
96,0.960000,38.367743,0.000011,0.000329,0.000000,-0.000001,-0.000040,-0.000040,0.000066,OK
97,0.970000,38.358683,-0.000022,0.000223,0.000000,-0.000000,-0.000020,-0.000020,0.000066,OK
98,0.980000,38.349839,-0.000057,0.000156,0.000000,0.000000,0.000001,0.000001,0.000066,OK
99,0.990000,38.341222,-0.000087,0.000139,0.000000,0.000000,0.000020,0.000020,0.000065,OK
100,1.000000,38.332838,-0.000109,0.000175,3.000000,0.070889,0.546774,0.000034,0.000064,OK
101,1.010000,38.326555,0.012977,0.092679,3.000000,0.070702,0.538487,-0.007883,0.000193,OK
102,1.020000,38.318389,0.052316,0.380148,3.000000,0.070138,0.514139,-0.031748,0.000717,OK
103,1.030000,38.309189,0.111169,0.828521,3.000000,0.069291,0.477728,-0.067616,0.001828,OK
104,1.040000,38.299450,0.181323,1.390250,3.000000,0.068275,0.434154,-0.110614,0.003641,OK
105,1.050000,38.289501,0.254371,2.016387,3.000000,0.067209,0.388465,-0.155715,0.006185,OK
106,1.060000,38.279587,0.323668,2.666404,3.000000,0.066188,0.344682,-0.198912,0.009422,OK
107,1.070000,38.269886,0.385266,3.318318,3.000000,0.065269,0.305222,-0.237797,0.013274,OK
108,1.080000,38.260517,0.436961,3.960777,3.000000,0.064485,0.271466,-0.270998,0.017644,OK
109,1.090000,38.251537,0.477749,4.588370,3.000000,0.063850,0.244073,-0.297860,0.022422,OK
110,1.100000,38.242959,0.507388,5.198049,3.000000,0.063370,0.223244,-0.318180,0.027495,OK
111,1.110000,38.234780,0.525955,5.785914,3.000000,0.063045,0.208990,-0.331951,0.032755,OK
112,1.120000,38.226968,0.534043,6.350302,3.000000,0.062867,0.201004,-0.339473,0.038095,OK
113,1.130000,38.219470,0.532635,6.890779,3.000000,0.062824,0.198741,-0.341292,0.043422,OK
114,1.140000,38.212228,0.522880,7.407227,3.000000,0.062900,0.201550,-0.338053,0.048651,OK
115,1.150000,38.205186,0.505989,7.899517,3.000000,0.063080,0.208736,-0.330449,0.053710,OK
116,1.160000,38.198298,0.483186,8.367407,3.000000,0.063346,0.219593,-0.319183,0.058542,OK
117,1.170000,38.191530,0.455617,8.809825,3.000000,0.063683,0.233455,-0.304919,0.063098,OK
118,1.180000,38.184864,0.424383,9.225673,3.000000,0.064076,0.249677,-0.288301,0.067342,OK
119,1.190000,38.178292,0.390646,9.614473,3.000000,0.064508,0.267576,-0.270012,0.071249,OK
120,1.200000,38.171814,0.355523,9.975837,3.000000,0.064964,0.286487,-0.250716,0.074804,OK
121,1.210000,38.165433,0.320052,10.309629,3.000000,0.065429,0.305790,-0.231034,0.078005,OK
122,1.220000,38.159153,0.285126,10.616197,3.000000,0.065891,0.324947,-0.211504,0.080856,OK
123,1.230000,38.152974,0.251629,10.895356,3.000000,0.066336,0.343419,-0.192664,0.083372,OK
124,1.240000,38.146890,0.220377,11.147096,3.000000,0.066753,0.360707,-0.175014,0.085576,OK
125,1.250000,38.140894,0.192075,11.371388,3.000000,0.067132,0.376371,-0.158993,0.087497,OK
126,1.260000,38.134974,0.167250,11.568205,3.000000,0.067464,0.390077,-0.144935,0.089169,OK
127,1.270000,38.129118,0.146225,11.737908,3.000000,0.067745,0.401613,-0.133051,0.090631,OK
128,1.280000,38.123320,0.129001,11.881902,3.000000,0.067974,0.410957,-0.123361,0.091921,OK
129,1.290000,38.117576,0.115374,12.001577,3.000000,0.068153,0.418214,-0.115762,0.093075,OK
130,1.300000,38.111885,0.105086,12.098061,3.000000,0.068287,0.423522,-0.110115,0.094126,OK
131,1.310000,38.106253,0.097767,12.173098,3.000000,0.068379,0.427089,-0.106212,0.095104,OK
132,1.320000,38.100685,0.092982,12.228903,3.000000,0.068436,0.429163,-0.103806,0.096033,OK
133,1.330000,38.095186,0.090297,12.268109,3.000000,0.068463,0.429995,-0.102646,0.096936,OK
134,1.340000,38.089759,0.089325,12.293617,3.000000,0.068466,0.429808,-0.102510,0.097830,OK
135,1.350000,38.084401,0.089749,12.308365,3.000000,0.068450,0.428786,-0.103213,0.098727,OK
136,1.360000,38.079108,0.091322,12.315054,3.000000,0.068417,0.427069,-0.104613,0.099640,OK
137,1.370000,38.073871,0.093832,12.316068,3.000000,0.068370,0.424782,-0.106589,0.100579,OK
138,1.380000,38.068684,0.097117,12.313019,3.000000,0.068312,0.422015,-0.109045,0.101550,OK
139,1.390000,38.063545,0.101028,12.307077,3.000000,0.068244,0.418857,-0.111897,0.102560,OK
140,1.400000,38.058455,0.105399,12.298988,3.000000,0.068170,0.415403,-0.115046,0.103614,OK
141,1.410000,38.053416,0.110053,12.289232,3.000000,0.068091,0.411760,-0.118389,0.104715,OK
142,1.420000,38.048435,0.114805,12.278173,3.000000,0.068010,0.408037,-0.121814,0.105863,OK
143,1.430000,38.043516,0.119480,12.266177,3.000000,0.067930,0.404341,-0.125217,0.107058,OK
144,1.440000,38.038662,0.123931,12.253685,3.000000,0.067852,0.400761,-0.128507,0.108297,OK
145,1.450000,38.033872,0.128043,12.241218,3.000000,0.067778,0.397367,-0.131614,0.109577,OK
146,1.460000,38.029144,0.131740,12.229331,3.000000,0.067711,0.394207,-0.134492,0.110895,OK
147,1.470000,38.024472,0.134978,12.218539,3.000000,0.067649,0.391310,-0.137109,0.112244,OK
148,1.480000,38.019850,0.137725,12.209293,3.000000,0.067593,0.388697,-0.139446,0.113622,OK
149,1.490000,38.015272,0.139956,12.201885,3.000000,0.067545,0.386384,-0.141484,0.115021,OK
150,1.500000,38.010733,0.141665,12.196316,3.000000,0.067504,0.384379,-0.143218,0.116438,OK
151,1.510000,38.006230,0.142854,12.192430,3.000000,0.067471,0.382682,-0.144646,0.117866,OK
152,1.520000,38.001761,0.143543,12.189950,3.000000,0.067444,0.381284,-0.145777,0.119302,OK
153,1.530000,37.997326,0.143773,12.188571,3.000000,0.067424,0.380162,-0.146633,0.120740,OK
154,1.540000,37.992924,0.143611,12.188028,3.000000,0.067409,0.379277,-0.147255,0.122176,OK
155,1.550000,37.988555,0.143152,12.188136,3.000000,0.067399,0.378575,-0.147695,0.123607,OK
156,1.560000,37.984215,0.142504,12.188810,3.000000,0.067391,0.377991,-0.148019,0.125032,OK
157,1.570000,37.979903,0.141777,12.190027,3.000000,0.067384,0.377460,-0.148291,0.126450,OK
158,1.580000,37.975612,0.141063,12.191797,3.000000,0.067378,0.376926,-0.148568,0.127861,OK
159,1.590000,37.971341,0.140424,12.194114,3.000000,0.067370,0.376352,-0.148887,0.129265,OK
160,1.600000,37.967084,0.139879,12.196925,3.000000,0.067362,0.375724,-0.149259,0.130664,OK
161,1.610000,37.962839,0.139407,12.200122,3.000000,0.067352,0.375055,-0.149673,0.132058,OK
162,1.620000,37.958604,0.138961,12.203555,3.000000,0.067342,0.374375,-0.150100,0.133447,OK
163,1.630000,37.954379,0.138475,12.207064,3.000000,0.067332,0.373720,-0.150501,0.134832,OK
164,1.640000,37.950162,0.137897,12.210518,3.000000,0.067324,0.373125,-0.150844,0.136211,OK
165,1.650000,37.945952,0.137194,12.213835,3.000000,0.067318,0.372608,-0.151108,0.137583,OK
166,1.660000,37.941746,0.136368,12.216984,3.000000,0.067313,0.372169,-0.151294,0.138947,OK
167,1.670000,37.937524,0.135452,12.219990,3.000000,0.067310,0.371788,-0.151422,0.140301,OK
168,1.680000,37.933298,0.134503,12.222961,3.000000,0.067308,0.371432,-0.151525,0.141646,OK
169,1.690000,37.929068,0.133583,12.225923,3.000000,0.067305,0.371062,-0.151641,0.142982,OK
170,1.700000,37.924835,0.132749,12.228897,3.000000,0.067301,0.370644,-0.151804,0.144310,OK
171,1.710000,37.920601,0.132040,12.231860,3.000000,0.067296,0.370155,-0.152039,0.145630,OK
172,1.720000,37.916366,0.131465,12.234753,3.000000,0.067288,0.369588,-0.152351,0.146945,OK
173,1.730000,37.912135,0.131012,12.237509,3.000000,0.067279,0.368951,-0.152735,0.148255,OK
174,1.740000,37.907911,0.130653,12.240075,3.000000,0.067269,0.368259,-0.153172,0.149561,OK
175,1.750000,37.903697,0.130349,12.242445,3.000000,0.067258,0.367537,-0.153642,0.150865,OK
176,1.760000,37.899495,0.130070,12.244657,3.000000,0.067247,0.366801,-0.154124,0.152165,OK
177,1.770000,37.895306,0.129792,12.246792,3.000000,0.067235,0.366067,-0.154607,0.153463,OK
178,1.780000,37.891132,0.129505,12.248945,3.000000,0.067224,0.365341,-0.155082,0.154758,OK
179,1.790000,37.886971,0.129209,12.251195,3.000000,0.067213,0.364622,-0.155551,0.156051,OK
180,1.800000,37.882825,0.128906,12.253572,3.000000,0.067202,0.363910,-0.156013,0.157340,OK
181,1.810000,37.878695,0.128598,12.256054,3.000000,0.067191,0.363203,-0.156472,0.158626,OK
182,1.820000,37.874582,0.128283,12.258557,3.000000,0.067180,0.362504,-0.156924,0.159908,OK
183,1.830000,37.870488,0.127952,12.260969,3.000000,0.067170,0.361816,-0.157365,0.161188,OK
184,1.840000,37.866418,0.127596,12.263179,3.000000,0.067160,0.361146,-0.157790,0.162464,OK
185,1.850000,37.862373,0.127209,12.265112,3.000000,0.067150,0.360499,-0.158194,0.163736,OK
186,1.860000,37.858359,0.126793,12.266752,3.000000,0.067141,0.359873,-0.158577,0.165004,OK
187,1.870000,37.854376,0.126356,12.268154,3.000000,0.067133,0.359264,-0.158947,0.166267,OK
188,1.880000,37.850425,0.125920,12.269424,3.000000,0.067124,0.358658,-0.159315,0.167527,OK
189,1.890000,37.846508,0.125507,12.270697,3.000000,0.067115,0.358042,-0.159695,0.168782,OK
190,1.900000,37.842623,0.125139,12.272100,3.000000,0.067105,0.357403,-0.160100,0.170033,OK
191,1.910000,37.838771,0.124828,12.273714,3.000000,0.067095,0.356733,-0.160537,0.171281,OK
192,1.920000,37.834952,0.124571,12.275560,3.000000,0.067084,0.356034,-0.161006,0.172527,OK
193,1.930000,37.831167,0.124353,12.277594,3.000000,0.067072,0.355315,-0.161497,0.173771,OK
194,1.940000,37.827417,0.124146,12.279722,3.000000,0.067061,0.354592,-0.161994,0.175012,OK
195,1.950000,37.823705,0.123922,12.281825,3.000000,0.067049,0.353884,-0.162479,0.176251,OK
196,1.960000,37.820034,0.123653,12.283791,3.000000,0.067038,0.353205,-0.162936,0.177488,OK
197,1.970000,37.816405,0.123326,12.285545,3.000000,0.067028,0.352566,-0.163356,0.178721,OK
198,1.980000,37.812823,0.122940,12.287059,3.000000,0.067019,0.351967,-0.163739,0.179951,OK
199,1.990000,37.809287,0.122508,12.288351,3.000000,0.067011,0.351400,-0.164092,0.181176,OK
200,2.000000,37.805799,0.122054,12.289480,3.000000,0.067003,0.350852,-0.164430,0.182396,OK
201,2.010000,37.802359,0.121606,12.290515,3.000000,0.066995,0.350305,-0.164770,0.183612,OK
202,2.020000,37.798970,0.121187,12.291523,3.000000,0.066987,0.349746,-0.165124,0.184824,OK
203,2.030000,37.795630,0.120811,12.292552,3.000000,0.066978,0.349166,-0.165503,0.186032,OK
204,2.040000,37.792342,0.120481,12.293620,3.000000,0.066968,0.348563,-0.165907,0.187237,OK
205,2.050000,37.789107,0.120188,12.294724,3.000000,0.066958,0.347943,-0.166332,0.188439,OK
206,2.060000,37.785926,0.119915,12.295845,3.000000,0.066948,0.347314,-0.166768,0.189638,OK
207,2.070000,37.782800,0.119647,12.296962,3.000000,0.066937,0.346688,-0.167205,0.190834,OK
208,2.080000,37.779732,0.119369,12.298061,3.000000,0.066927,0.346073,-0.167635,0.192028,OK
209,2.090000,37.776721,0.119073,12.299138,3.000000,0.066917,0.345473,-0.168053,0.193219,OK
210,2.100000,37.773770,0.118761,12.300193,3.000000,0.066908,0.344888,-0.168460,0.194406,OK
211,2.110000,37.770878,0.118438,12.301227,3.000000,0.066898,0.344315,-0.168858,0.195591,OK
212,2.120000,37.768046,0.118112,12.302231,3.000000,0.066889,0.343749,-0.169253,0.196772,OK
213,2.130000,37.765276,0.117790,12.303185,3.000000,0.066880,0.343186,-0.169649,0.197950,OK
214,2.140000,37.762569,0.117474,12.304057,3.000000,0.066870,0.342624,-0.170047,0.199125,OK
215,2.150000,37.759926,0.117165,12.304810,3.000000,0.066861,0.342064,-0.170447,0.200296,OK
216,2.160000,37.757349,0.116856,12.305417,3.000000,0.066851,0.341509,-0.170846,0.201465,OK
217,2.170000,37.754841,0.116544,12.305871,3.000000,0.066842,0.340962,-0.171241,0.202630,OK
218,2.180000,37.752401,0.116224,12.306188,3.000000,0.066833,0.340425,-0.171631,0.203793,OK
219,2.190000,37.750032,0.115898,12.306412,3.000000,0.066824,0.339898,-0.172015,0.204952,OK
220,2.200000,37.747734,0.115570,12.306603,3.000000,0.066815,0.339378,-0.172396,0.206107,OK
221,2.210000,37.745507,0.115249,12.306826,3.000000,0.066806,0.338859,-0.172779,0.207260,OK
222,2.220000,37.743351,0.114944,12.307130,3.000000,0.066797,0.338338,-0.173171,0.208409,OK
223,2.230000,37.741267,0.114660,12.307540,3.000000,0.066787,0.337809,-0.173574,0.209556,OK
224,2.240000,37.739254,0.114398,12.308045,3.000000,0.066777,0.337272,-0.173989,0.210700,OK
225,2.250000,37.737315,0.114155,12.308604,3.000000,0.066767,0.336729,-0.174414,0.211841,OK
226,2.260000,37.735449,0.113919,12.309154,3.000000,0.066757,0.336188,-0.174842,0.212980,OK
227,2.270000,37.733658,0.113680,12.309628,3.000000,0.066747,0.335655,-0.175266,0.214117,OK
228,2.280000,37.731944,0.113425,12.309969,3.000000,0.066737,0.335137,-0.175681,0.215252,OK
229,2.290000,37.730308,0.113149,12.310145,3.000000,0.066728,0.334638,-0.176081,0.216383,OK
230,2.300000,37.728752,0.112852,12.310158,3.000000,0.066719,0.334158,-0.176467,0.217512,OK
231,2.310000,37.727276,0.112540,12.310035,3.000000,0.066710,0.333693,-0.176842,0.218637,OK
232,2.320000,37.725881,0.112221,12.309826,3.000000,0.066701,0.333239,-0.177212,0.219759,OK
233,2.330000,37.724566,0.111908,12.309587,3.000000,0.066692,0.332787,-0.177584,0.220878,OK
234,2.340000,37.723333,0.111611,12.309364,3.000000,0.066683,0.332333,-0.177964,0.221994,OK
235,2.350000,37.722181,0.111334,12.309190,3.000000,0.066674,0.331873,-0.178354,0.223108,OK
236,2.360000,37.721111,0.111078,12.309071,3.000000,0.066665,0.331406,-0.178756,0.224218,OK
237,2.370000,37.720122,0.110838,12.308996,3.000000,0.066655,0.330936,-0.179166,0.225327,OK
238,2.380000,37.719217,0.110606,12.308940,3.000000,0.066645,0.330467,-0.179580,0.226433,OK
239,2.390000,37.718395,0.110373,12.308874,3.000000,0.066635,0.330005,-0.179992,0.227537,OK
240,2.400000,37.717658,0.110133,12.308773,3.000000,0.066626,0.329554,-0.180398,0.228638,OK
241,2.410000,37.717006,0.109881,12.308621,3.000000,0.066616,0.329116,-0.180797,0.229737,OK
242,2.420000,37.716439,0.109621,12.308411,3.000000,0.066607,0.328690,-0.181189,0.230833,OK
243,2.430000,37.715958,0.109355,12.308146,3.000000,0.066598,0.328274,-0.181576,0.231927,OK
244,2.440000,37.715564,0.109090,12.307832,3.000000,0.066589,0.327864,-0.181962,0.233017,OK
245,2.450000,37.715257,0.108829,12.307473,3.000000,0.066580,0.327457,-0.182350,0.234106,OK
246,2.460000,37.715036,0.108576,12.307072,3.000000,0.066570,0.327053,-0.182741,0.235191,OK
247,2.470000,37.714903,0.108329,12.306627,3.000000,0.066561,0.326651,-0.183135,0.236275,OK
248,2.480000,37.714858,0.108087,12.306137,3.000000,0.066552,0.326253,-0.183530,0.237356,OK
249,2.490000,37.714902,0.107845,12.305605,3.000000,0.066542,0.325862,-0.183924,0.238434,OK
250,2.500000,37.715034,0.107601,12.305038,3.000000,0.066533,0.325478,-0.184315,0.239510,OK
251,2.510000,37.715255,0.107353,12.304451,3.000000,0.066524,0.325104,-0.184704,0.240584,OK
252,2.520000,37.715566,0.107104,12.303863,3.000000,0.066515,0.324737,-0.185089,0.241655,OK
253,2.530000,37.715966,0.106854,12.303292,3.000000,0.066506,0.324376,-0.185474,0.242723,OK
254,2.540000,37.716454,0.106610,12.302752,3.000000,0.066497,0.324019,-0.185860,0.243789,OK
255,2.550000,37.717032,0.106373,12.302244,3.000000,0.066487,0.323665,-0.186250,0.244853,OK
256,2.560000,37.717699,0.106145,12.301759,3.000000,0.066478,0.323311,-0.186644,0.245914,OK
257,2.570000,37.718455,0.105926,12.301276,3.000000,0.066469,0.322959,-0.187042,0.246974,OK
258,2.580000,37.719301,0.105711,12.300767,3.000000,0.066459,0.322610,-0.187442,0.248031,OK
259,2.590000,37.720236,0.105497,12.300206,3.000000,0.066450,0.322268,-0.187841,0.249086,OK
260,2.600000,37.721263,0.105278,12.299574,3.000000,0.066441,0.321935,-0.188236,0.250139,OK
261,2.610000,37.722379,0.105052,12.298866,3.000000,0.066431,0.321613,-0.188626,0.251189,OK
262,2.620000,37.723587,0.104817,12.298089,3.000000,0.066422,0.321303,-0.189009,0.252237,OK
263,2.630000,37.724885,0.104575,12.297264,3.000000,0.066413,0.321004,-0.189387,0.253283,OK
264,2.640000,37.726274,0.104333,12.296421,3.000000,0.066404,0.320712,-0.189763,0.254326,OK
265,2.650000,37.727753,0.104093,12.295587,3.000000,0.066396,0.320425,-0.190140,0.255367,OK
266,2.660000,37.729321,0.103861,12.294783,3.000000,0.066387,0.320139,-0.190520,0.256406,OK
267,2.670000,37.730980,0.103639,12.294018,3.000000,0.066377,0.319855,-0.190905,0.257442,OK
268,2.680000,37.732727,0.103426,12.293292,3.000000,0.066368,0.319571,-0.191294,0.258477,OK
269,2.690000,37.734565,0.103220,12.292589,3.000000,0.066359,0.319290,-0.191686,0.259509,OK
270,2.700000,37.736491,0.103017,12.291890,3.000000,0.066350,0.319013,-0.192080,0.260539,OK
271,2.710000,37.738507,0.102814,12.291175,3.000000,0.066340,0.318744,-0.192472,0.261567,OK
272,2.720000,37.740612,0.102606,12.290430,3.000000,0.066331,0.318482,-0.192860,0.262593,OK
273,2.730000,37.742806,0.102393,12.289648,3.000000,0.066322,0.318231,-0.193245,0.263617,OK
274,2.740000,37.745089,0.102176,12.288829,3.000000,0.066313,0.317988,-0.193625,0.264639,OK
275,2.750000,37.747462,0.101956,12.287982,3.000000,0.066304,0.317754,-0.194003,0.265658,OK
276,2.760000,37.749922,0.101737,12.287116,3.000000,0.066295,0.317526,-0.194380,0.266676,OK
277,2.770000,37.752471,0.101521,12.286244,3.000000,0.066286,0.317302,-0.194758,0.267691,OK
278,2.780000,37.755108,0.101310,12.285371,3.000000,0.066277,0.317082,-0.195138,0.268704,OK
279,2.790000,37.757832,0.101104,12.284503,3.000000,0.066268,0.316865,-0.195520,0.269715,OK
280,2.800000,37.760643,0.100901,12.283638,3.000000,0.066259,0.316652,-0.195903,0.270724,OK
281,2.810000,37.763541,0.100699,12.282775,3.000000,0.066250,0.316444,-0.196285,0.271731,OK
282,2.820000,37.766525,0.100497,12.281913,3.000000,0.066241,0.316244,-0.196666,0.272736,OK
283,2.830000,37.769595,0.100292,12.281053,3.000000,0.066232,0.316051,-0.197045,0.273739,OK
284,2.840000,37.772751,0.100085,12.280197,3.000000,0.066224,0.315865,-0.197421,0.274740,OK
285,2.850000,37.775992,0.099878,12.279348,3.000000,0.066215,0.315686,-0.197796,0.275739,OK
286,2.860000,37.779318,0.099672,12.278512,3.000000,0.066206,0.315512,-0.198171,0.276735,OK
287,2.870000,37.782728,0.099469,12.277687,3.000000,0.066197,0.315343,-0.198546,0.277730,OK
288,2.880000,37.786221,0.099270,12.276871,3.000000,0.066188,0.315177,-0.198923,0.278723,OK
289,2.890000,37.789798,0.099075,12.276058,3.000000,0.066179,0.315015,-0.199302,0.279713,OK
290,2.900000,37.793458,0.098882,12.275241,3.000000,0.066170,0.314857,-0.199680,0.280702,OK
291,2.910000,37.797200,0.098690,12.274410,3.000000,0.066161,0.314704,-0.200059,0.281689,OK
292,2.920000,37.801024,0.098498,12.273562,3.000000,0.066152,0.314558,-0.200436,0.282674,OK
293,2.930000,37.804930,0.098302,12.272697,3.000000,0.066143,0.314420,-0.200810,0.283657,OK
294,2.940000,37.808916,0.098103,12.271820,3.000000,0.066135,0.314289,-0.201181,0.284638,OK
295,2.950000,37.812983,0.097902,12.270940,3.000000,0.066126,0.314166,-0.201550,0.285617,OK
296,2.960000,37.817130,0.097699,12.270071,3.000000,0.066117,0.314049,-0.201917,0.286594,OK
297,2.970000,37.821355,0.097498,12.269223,3.000000,0.066109,0.313937,-0.202283,0.287569,OK
298,2.980000,37.825659,0.097300,12.268402,3.000000,0.066100,0.313829,-0.202651,0.288542,OK
299,2.990000,37.830040,0.097106,12.267612,3.000000,0.066091,0.313724,-0.203020,0.289513,OK
300,3.000000,37.834499,0.096917,12.266848,3.000000,0.066082,0.313622,-0.203391,0.290482,OK
301,3.010000,37.839033,0.096731,12.266101,3.000000,0.066074,0.313523,-0.203763,0.291450,OK
302,3.020000,37.843643,0.096546,12.265362,3.000000,0.066065,0.313429,-0.204135,0.292415,OK
303,3.030000,37.848329,0.096360,12.264621,3.000000,0.066056,0.313341,-0.204506,0.293379,OK
304,3.040000,37.853089,0.096172,12.263873,3.000000,0.066047,0.313260,-0.204874,0.294341,OK
305,3.050000,37.857923,0.095982,12.263115,3.000000,0.066039,0.313185,-0.205239,0.295300,OK
306,3.060000,37.862830,0.095789,12.262352,3.000000,0.066030,0.313117,-0.205603,0.296258,OK
307,3.070000,37.867810,0.095596,12.261590,3.000000,0.066022,0.313055,-0.205964,0.297214,OK
308,3.080000,37.872861,0.095402,12.260838,3.000000,0.066013,0.312998,-0.206326,0.298168,OK
309,3.090000,37.877984,0.095211,12.260098,3.000000,0.066005,0.312945,-0.206687,0.299120,OK
310,3.100000,37.883176,0.095023,12.259383,3.000000,0.065996,0.312895,-0.207049,0.300071,OK
311,3.110000,37.888438,0.094837,12.258682,3.000000,0.065987,0.312849,-0.207412,0.301019,OK
312,3.120000,37.893768,0.094653,12.258007,3.000000,0.065979,0.312807,-0.207774,0.301965,OK
313,3.130000,37.899166,0.094470,12.257345,3.000000,0.065970,0.312769,-0.208137,0.302910,OK
314,3.140000,37.904631,0.094286,12.256701,3.000000,0.065962,0.312736,-0.208498,0.303853,OK
315,3.150000,37.910163,0.094102,12.256066,3.000000,0.065953,0.312709,-0.208858,0.304794,OK
316,3.160000,37.915760,0.093915,12.255445,3.000000,0.065945,0.312687,-0.209216,0.305733,OK
317,3.170000,37.921422,0.093728,12.254835,3.000000,0.065936,0.312671,-0.209572,0.306670,OK
318,3.180000,37.927147,0.093540,12.254238,3.000000,0.065928,0.312660,-0.209927,0.307606,OK
319,3.190000,37.932936,0.093354,12.253656,3.000000,0.065920,0.312653,-0.210282,0.308539,OK
320,3.200000,37.938787,0.093170,12.253089,3.000000,0.065911,0.312649,-0.210637,0.309471,OK
321,3.210000,37.944700,0.092987,12.252542,3.000000,0.065903,0.312648,-0.210993,0.310401,OK
322,3.220000,37.950673,0.092806,12.252009,3.000000,0.065894,0.312651,-0.211348,0.311329,OK
323,3.230000,37.956706,0.092625,12.251492,3.000000,0.065886,0.312659,-0.211702,0.312255,OK
324,3.240000,37.962797,0.092442,12.250989,3.000000,0.065878,0.312671,-0.212055,0.313180,OK
325,3.250000,37.968947,0.092258,12.250501,3.000000,0.065869,0.312689,-0.212406,0.314102,OK
326,3.260000,37.975155,0.092071,12.250028,3.000000,0.065861,0.312713,-0.212754,0.315023,OK
327,3.270000,37.981418,0.091883,12.249571,3.000000,0.065853,0.312741,-0.213101,0.315942,OK
328,3.280000,37.987737,0.091695,12.249138,3.000000,0.065845,0.312774,-0.213446,0.316859,OK
329,3.290000,37.994111,0.091506,12.248726,3.000000,0.065837,0.312812,-0.213791,0.317774,OK
330,3.300000,38.000538,0.091319,12.248344,3.000000,0.065829,0.312852,-0.214135,0.318687,OK
331,3.310000,38.007018,0.091133,12.247984,3.000000,0.065820,0.312896,-0.214479,0.319598,OK
332,3.320000,38.013550,0.090949,12.247654,3.000000,0.065812,0.312943,-0.214823,0.320508,OK
333,3.330000,38.020133,0.090766,12.247338,3.000000,0.065804,0.312992,-0.215167,0.321416,OK
334,3.340000,38.026766,0.090583,12.247044,3.000000,0.065796,0.313046,-0.215511,0.322321,OK
335,3.350000,38.033448,0.090401,12.246757,3.000000,0.065788,0.313103,-0.215853,0.323225,OK
336,3.360000,38.040179,0.090217,12.246487,3.000000,0.065780,0.313164,-0.216194,0.324128,OK
337,3.370000,38.046957,0.090033,12.246221,3.000000,0.065772,0.313230,-0.216533,0.325028,OK
338,3.380000,38.053782,0.089847,12.245969,3.000000,0.065764,0.313299,-0.216871,0.325926,OK
339,3.390000,38.060653,0.089661,12.245733,3.000000,0.065756,0.313373,-0.217208,0.326823,OK
340,3.400000,38.067569,0.089475,12.245515,3.000000,0.065748,0.313450,-0.217544,0.327718,OK
341,3.410000,38.074528,0.089290,12.245321,3.000000,0.065740,0.313530,-0.217879,0.328611,OK
342,3.420000,38.081530,0.089106,12.245153,3.000000,0.065732,0.313613,-0.218214,0.329502,OK
343,3.430000,38.088575,0.088923,12.245010,3.000000,0.065724,0.313698,-0.218550,0.330391,OK
344,3.440000,38.095660,0.088742,12.244892,3.000000,0.065716,0.313785,-0.218884,0.331278,OK
345,3.450000,38.102786,0.088561,12.244795,3.000000,0.065708,0.313876,-0.219219,0.332164,OK
346,3.460000,38.109951,0.088380,12.244717,3.000000,0.065701,0.313970,-0.219552,0.333048,OK
347,3.470000,38.117155,0.088198,12.244658,3.000000,0.065693,0.314067,-0.219884,0.333930,OK
348,3.480000,38.124396,0.088014,12.244616,3.000000,0.065685,0.314168,-0.220214,0.334810,OK
349,3.490000,38.131674,0.087830,12.244591,3.000000,0.065677,0.314273,-0.220542,0.335688,OK
350,3.500000,38.138988,0.087645,12.244587,3.000000,0.065669,0.314381,-0.220869,0.336565,OK
351,3.510000,38.146336,0.087461,12.244604,3.000000,0.065662,0.314492,-0.221196,0.337439,OK
352,3.520000,38.153719,0.087277,12.244644,3.000000,0.065654,0.314605,-0.221522,0.338312,OK
353,3.530000,38.161134,0.087094,12.244708,3.000000,0.065646,0.314720,-0.221848,0.339183,OK
354,3.540000,38.168582,0.086911,12.244794,3.000000,0.065639,0.314838,-0.222173,0.340052,OK
355,3.550000,38.176061,0.086728,12.244904,3.000000,0.065631,0.314959,-0.222496,0.340919,OK
356,3.560000,38.183570,0.086544,12.245035,3.000000,0.065623,0.315082,-0.222819,0.341785,OK
357,3.570000,38.191109,0.086360,12.245186,3.000000,0.065616,0.315209,-0.223140,0.342648,OK
358,3.580000,38.198676,0.086175,12.245358,3.000000,0.065608,0.315338,-0.223460,0.343510,OK
359,3.590000,38.206271,0.085989,12.245551,3.000000,0.065601,0.315471,-0.223778,0.344370,OK
360,3.600000,38.213893,0.085802,12.245767,3.000000,0.065593,0.315606,-0.224095,0.345228,OK
361,3.610000,38.221540,0.085616,12.246007,3.000000,0.065586,0.315744,-0.224412,0.346084,OK
362,3.620000,38.229213,0.085429,12.246271,3.000000,0.065578,0.315883,-0.224727,0.346938,OK
363,3.630000,38.236910,0.085243,12.246560,3.000000,0.065571,0.316025,-0.225041,0.347791,OK
364,3.640000,38.244630,0.085057,12.246874,3.000000,0.065563,0.316169,-0.225355,0.348641,OK
365,3.650000,38.252372,0.084872,12.247209,3.000000,0.065556,0.316314,-0.225668,0.349490,OK
366,3.660000,38.260136,0.084686,12.247565,3.000000,0.065549,0.316462,-0.225980,0.350337,OK
367,3.670000,38.267921,0.084500,12.247941,3.000000,0.065541,0.316612,-0.226291,0.351182,OK
368,3.680000,38.275725,0.084314,12.248336,3.000000,0.065534,0.316764,-0.226601,0.352025,OK
369,3.690000,38.283549,0.084127,12.248750,3.000000,0.065527,0.316919,-0.226909,0.352866,OK
370,3.700000,38.291390,0.083939,12.249183,3.000000,0.065519,0.317075,-0.227216,0.353706,OK
371,3.710000,38.299249,0.083750,12.249638,3.000000,0.065512,0.317235,-0.227522,0.354543,OK
372,3.720000,38.307124,0.083561,12.250117,3.000000,0.065505,0.317396,-0.227826,0.355379,OK
373,3.730000,38.315015,0.083372,12.250620,3.000000,0.065498,0.317559,-0.228129,0.356213,OK
374,3.740000,38.322921,0.083183,12.251147,3.000000,0.065491,0.317723,-0.228432,0.357044,OK
375,3.750000,38.330840,0.082995,12.251700,3.000000,0.065484,0.317888,-0.228734,0.357874,OK
376,3.760000,38.338773,0.082807,12.252275,3.000000,0.065476,0.318055,-0.229035,0.358702,OK
377,3.770000,38.346718,0.082619,12.252873,3.000000,0.065469,0.318224,-0.229336,0.359529,OK
378,3.780000,38.354674,0.082431,12.253490,3.000000,0.065462,0.318394,-0.229635,0.360353,OK
379,3.790000,38.362641,0.082242,12.254127,3.000000,0.065455,0.318566,-0.229933,0.361175,OK
380,3.800000,38.370617,0.082052,12.254782,3.000000,0.065448,0.318740,-0.230229,0.361996,OK
381,3.810000,38.378603,0.081861,12.255457,3.000000,0.065441,0.318915,-0.230524,0.362815,OK
382,3.820000,38.386597,0.081670,12.256152,3.000000,0.065434,0.319093,-0.230818,0.363631,OK
383,3.830000,38.394599,0.081479,12.256868,3.000000,0.065427,0.319271,-0.231110,0.364446,OK
384,3.840000,38.402608,0.081288,12.257607,3.000000,0.065421,0.319451,-0.231402,0.365259,OK
385,3.850000,38.410622,0.081097,12.258368,3.000000,0.065414,0.319631,-0.231693,0.366070,OK
386,3.860000,38.418641,0.080907,12.259152,3.000000,0.065407,0.319812,-0.231984,0.366879,OK
387,3.870000,38.426665,0.080717,12.259956,3.000000,0.065400,0.319995,-0.232273,0.367686,OK
388,3.880000,38.434693,0.080526,12.260783,3.000000,0.065393,0.320179,-0.232561,0.368491,OK
389,3.890000,38.442723,0.080335,12.261628,3.000000,0.065386,0.320364,-0.232848,0.369295,OK
390,3.900000,38.450756,0.080142,12.262493,3.000000,0.065380,0.320550,-0.233134,0.370096,OK
391,3.910000,38.458790,0.079950,12.263377,3.000000,0.065373,0.320738,-0.233418,0.370896,OK
392,3.920000,38.466824,0.079757,12.264281,3.000000,0.065366,0.320927,-0.233701,0.371693,OK
393,3.930000,38.474859,0.079563,12.265205,3.000000,0.065360,0.321116,-0.233982,0.372489,OK
394,3.940000,38.482893,0.079370,12.266150,3.000000,0.065353,0.321307,-0.234263,0.373283,OK
395,3.950000,38.490926,0.079177,12.267116,3.000000,0.065346,0.321498,-0.234543,0.374074,OK
396,3.960000,38.498956,0.078984,12.268102,3.000000,0.065340,0.321690,-0.234823,0.374864,OK
397,3.970000,38.506984,0.078791,12.269108,3.000000,0.065333,0.321882,-0.235101,0.375652,OK
398,3.980000,38.515008,0.078597,12.270133,3.000000,0.065327,0.322075,-0.235377,0.376438,OK
399,3.990000,38.523028,0.078404,12.271176,3.000000,0.065320,0.322269,-0.235653,0.377222,OK
400,4.000000,38.531043,0.078209,12.272237,3.000000,0.065314,0.322464,-0.235928,0.378004,OK
401,4.010000,38.539052,0.078015,12.273315,3.000000,0.065307,0.322660,-0.236201,0.378784,OK
402,4.020000,38.547056,0.077819,12.274412,3.000000,0.065301,0.322856,-0.236473,0.379563,OK
403,4.030000,38.555052,0.077624,12.275527,3.000000,0.065294,0.323053,-0.236744,0.380339,OK
404,4.040000,38.563041,0.077429,12.276662,3.000000,0.065288,0.323250,-0.237014,0.381113,OK
405,4.050000,38.571022,0.077233,12.277815,3.000000,0.065282,0.323447,-0.237283,0.381885,OK
406,4.060000,38.578994,0.077037,12.278988,3.000000,0.065275,0.323646,-0.237550,0.382656,OK
407,4.070000,38.586957,0.076841,12.280180,3.000000,0.065269,0.323844,-0.237817,0.383424,OK
408,4.080000,38.594910,0.076645,12.281390,3.000000,0.065263,0.324043,-0.238083,0.384191,OK
409,4.090000,38.602852,0.076449,12.282617,3.000000,0.065256,0.324242,-0.238347,0.384955,OK
410,4.100000,38.610783,0.076253,12.283861,3.000000,0.065250,0.324441,-0.238611,0.385718,OK
411,4.110000,38.618702,0.076057,12.285121,3.000000,0.065244,0.324641,-0.238873,0.386478,OK
412,4.120000,38.626609,0.075860,12.286397,3.000000,0.065238,0.324840,-0.239134,0.387237,OK
413,4.130000,38.634502,0.075663,12.287689,3.000000,0.065232,0.325040,-0.239395,0.387993,OK
414,4.140000,38.642383,0.075466,12.288997,3.000000,0.065226,0.325240,-0.239654,0.388748,OK
415,4.150000,38.650249,0.075269,12.290322,3.000000,0.065219,0.325441,-0.239912,0.389501,OK
416,4.160000,38.658101,0.075071,12.291664,3.000000,0.065213,0.325641,-0.240168,0.390251,OK
417,4.170000,38.665937,0.074873,12.293023,3.000000,0.065207,0.325842,-0.240424,0.391000,OK
418,4.180000,38.673758,0.074675,12.294399,3.000000,0.065201,0.326042,-0.240679,0.391747,OK
419,4.190000,38.681562,0.074477,12.295790,3.000000,0.065195,0.326243,-0.240932,0.392492,OK
420,4.200000,38.689350,0.074279,12.297197,3.000000,0.065189,0.326443,-0.241185,0.393235,OK
421,4.210000,38.697120,0.074081,12.298619,3.000000,0.065183,0.326644,-0.241436,0.393975,OK
422,4.220000,38.704873,0.073883,12.300056,3.000000,0.065178,0.326844,-0.241687,0.394714,OK
423,4.230000,38.712607,0.073684,12.301507,3.000000,0.065172,0.327044,-0.241936,0.395451,OK
424,4.240000,38.720323,0.073485,12.302973,3.000000,0.065166,0.327244,-0.242184,0.396186,OK
425,4.250000,38.728019,0.073286,12.304452,3.000000,0.065160,0.327443,-0.242431,0.396919,OK
426,4.260000,38.735695,0.073087,12.305946,3.000000,0.065154,0.327643,-0.242677,0.397650,OK
427,4.270000,38.743351,0.072888,12.307455,3.000000,0.065148,0.327843,-0.242922,0.398378,OK
428,4.280000,38.750987,0.072688,12.308977,3.000000,0.065143,0.328042,-0.243166,0.399105,OK
429,4.290000,38.758601,0.072489,12.310514,3.000000,0.065137,0.328241,-0.243408,0.399830,OK
430,4.300000,38.766194,0.072289,12.312064,3.000000,0.065131,0.328439,-0.243650,0.400553,OK
431,4.310000,38.773765,0.072090,12.313628,3.000000,0.065125,0.328637,-0.243891,0.401274,OK
432,4.320000,38.781313,0.071890,12.315204,3.000000,0.065120,0.328835,-0.244130,0.401993,OK
433,4.330000,38.788838,0.071690,12.316793,3.000000,0.065114,0.329032,-0.244369,0.402710,OK
434,4.340000,38.796340,0.071491,12.318394,3.000000,0.065109,0.329229,-0.244607,0.403425,OK
435,4.350000,38.803819,0.071291,12.320007,3.000000,0.065103,0.329425,-0.244843,0.404138,OK
436,4.360000,38.811273,0.071091,12.321632,3.000000,0.065097,0.329621,-0.245079,0.404849,OK
437,4.370000,38.818703,0.070891,12.323271,3.000000,0.065092,0.329816,-0.245313,0.405557,OK
438,4.380000,38.826108,0.070690,12.324921,3.000000,0.065086,0.330011,-0.245546,0.406264,OK
439,4.390000,38.833487,0.070490,12.326583,3.000000,0.065081,0.330206,-0.245779,0.406969,OK
440,4.400000,38.840841,0.070289,12.328257,3.000000,0.065075,0.330399,-0.246010,0.407672,OK
441,4.410000,38.848169,0.070089,12.329942,3.000000,0.065070,0.330593,-0.246240,0.408373,OK
442,4.420000,38.855470,0.069889,12.331638,3.000000,0.065065,0.330785,-0.246469,0.409072,OK
443,4.430000,38.862745,0.069688,12.333344,3.000000,0.065059,0.330977,-0.246697,0.409769,OK
444,4.440000,38.869992,0.069488,12.335060,3.000000,0.065054,0.331168,-0.246925,0.410464,OK
445,4.450000,38.877212,0.069288,12.336787,3.000000,0.065048,0.331358,-0.247151,0.411157,OK
446,4.460000,38.884405,0.069087,12.338523,3.000000,0.065043,0.331548,-0.247376,0.411847,OK
447,4.470000,38.891569,0.068887,12.340269,3.000000,0.065038,0.331737,-0.247600,0.412536,OK
448,4.480000,38.898705,0.068686,12.342026,3.000000,0.065033,0.331925,-0.247823,0.413223,OK
449,4.490000,38.905812,0.068485,12.343792,3.000000,0.065027,0.332113,-0.248045,0.413908,OK
450,4.500000,38.912891,0.068285,12.345568,3.000000,0.065022,0.332300,-0.248266,0.414591,OK
451,4.510000,38.919939,0.068084,12.347353,3.000000,0.065017,0.332486,-0.248486,0.415272,OK
452,4.520000,38.926959,0.067883,12.349147,3.000000,0.065012,0.332671,-0.248705,0.415951,OK
453,4.530000,38.933948,0.067683,12.350950,3.000000,0.065007,0.332855,-0.248923,0.416627,OK
454,4.540000,38.940908,0.067482,12.352761,3.000000,0.065001,0.333038,-0.249140,0.417302,OK
455,4.550000,38.947837,0.067282,12.354583,3.000000,0.064996,0.333221,-0.249356,0.417975,OK
456,4.560000,38.954735,0.067081,12.356416,3.000000,0.064991,0.333403,-0.249571,0.418646,OK
457,4.570000,38.961602,0.066879,12.358259,3.000000,0.064986,0.333584,-0.249785,0.419315,OK
458,4.580000,38.968438,0.066678,12.360113,3.000000,0.064981,0.333764,-0.249998,0.419981,OK
459,4.590000,38.975243,0.066476,12.361976,3.000000,0.064976,0.333944,-0.250209,0.420646,OK
460,4.600000,38.982016,0.066274,12.363849,3.000000,0.064971,0.334123,-0.250419,0.421309,OK
461,4.610000,38.988757,0.066072,12.365732,3.000000,0.064966,0.334301,-0.250628,0.421970,OK
462,4.620000,38.995466,0.065869,12.367623,3.000000,0.064961,0.334479,-0.250835,0.422628,OK
463,4.630000,39.002143,0.065665,12.369522,3.000000,0.064956,0.334656,-0.251042,0.423285,OK
464,4.640000,39.008787,0.065462,12.371429,3.000000,0.064952,0.334832,-0.251247,0.423940,OK
465,4.650000,39.015399,0.065259,12.373343,3.000000,0.064947,0.335007,-0.251451,0.424592,OK
466,4.660000,39.021977,0.065055,12.375264,3.000000,0.064942,0.335181,-0.251655,0.425243,OK
467,4.670000,39.028522,0.064852,12.377192,3.000000,0.064937,0.335354,-0.251857,0.425891,OK
468,4.680000,39.035035,0.064649,12.379126,3.000000,0.064932,0.335526,-0.252058,0.426538,OK
469,4.690000,39.041513,0.064446,12.381066,3.000000,0.064928,0.335696,-0.252259,0.427182,OK
470,4.700000,39.047958,0.064243,12.383013,3.000000,0.064923,0.335866,-0.252458,0.427825,OK
471,4.710000,39.054369,0.064041,12.384964,3.000000,0.064918,0.336035,-0.252657,0.428465,OK
472,4.720000,39.060746,0.063838,12.386922,3.000000,0.064914,0.336202,-0.252854,0.429103,OK
473,4.730000,39.067089,0.063635,12.388884,3.000000,0.064909,0.336369,-0.253051,0.429740,OK
474,4.740000,39.073398,0.063432,12.390850,3.000000,0.064904,0.336534,-0.253246,0.430374,OK
475,4.750000,39.079672,0.063229,12.392821,3.000000,0.064900,0.336699,-0.253441,0.431006,OK
476,4.760000,39.085912,0.063027,12.394795,3.000000,0.064895,0.336862,-0.253634,0.431637,OK
477,4.770000,39.092117,0.062825,12.396773,3.000000,0.064891,0.337024,-0.253827,0.432265,OK
478,4.780000,39.098287,0.062623,12.398755,3.000000,0.064886,0.337185,-0.254019,0.432891,OK
479,4.790000,39.104422,0.062421,12.400741,3.000000,0.064882,0.337344,-0.254210,0.433515,OK
480,4.800000,39.110522,0.062220,12.402730,3.000000,0.064877,0.337502,-0.254401,0.434138,OK
481,4.810000,39.116587,0.062019,12.404723,3.000000,0.064873,0.337659,-0.254590,0.434758,OK
482,4.820000,39.122617,0.061819,12.406719,3.000000,0.064868,0.337815,-0.254779,0.435376,OK
483,4.830000,39.128611,0.061619,12.408718,3.000000,0.064864,0.337969,-0.254967,0.435992,OK
484,4.840000,39.134570,0.061419,12.410719,3.000000,0.064859,0.338122,-0.255155,0.436606,OK
485,4.850000,39.140494,0.061219,12.412724,3.000000,0.064855,0.338273,-0.255341,0.437218,OK
486,4.860000,39.146381,0.061019,12.414729,3.000000,0.064851,0.338424,-0.255526,0.437829,OK
487,4.870000,39.152233,0.060819,12.416737,3.000000,0.064846,0.338574,-0.255710,0.438437,OK
488,4.880000,39.158049,0.060619,12.418747,3.000000,0.064842,0.338722,-0.255893,0.439043,OK
489,4.890000,39.163830,0.060420,12.420758,3.000000,0.064838,0.338869,-0.256076,0.439647,OK
490,4.900000,39.169574,0.060221,12.422771,3.000000,0.064833,0.339015,-0.256257,0.440249,OK
491,4.910000,39.175282,0.060022,12.424786,3.000000,0.064829,0.339159,-0.256438,0.440850,OK
492,4.920000,39.180954,0.059824,12.426802,3.000000,0.064825,0.339302,-0.256618,0.441448,OK
493,4.930000,39.186591,0.059626,12.428820,3.000000,0.064820,0.339444,-0.256798,0.442044,OK
494,4.940000,39.192191,0.059429,12.430839,3.000000,0.064816,0.339584,-0.256977,0.442638,OK
495,4.950000,39.197755,0.059232,12.432859,3.000000,0.064812,0.339723,-0.257154,0.443231,OK
496,4.960000,39.203283,0.059035,12.434880,3.000000,0.064808,0.339860,-0.257332,0.443821,OK
497,4.970000,39.208776,0.058839,12.436901,3.000000,0.064804,0.339996,-0.257508,0.444410,OK
498,4.980000,39.214232,0.058643,12.438921,3.000000,0.064800,0.340131,-0.257684,0.444996,OK
499,4.990000,39.219653,0.058447,12.440942,3.000000,0.064795,0.340265,-0.257858,0.445580,OK
500,5.000000,39.225038,0.058250,12.442961,3.000000,0.064791,0.340398,-0.258032,0.446163,OK
501,5.010000,39.230388,0.058054,12.444978,3.000000,0.064787,0.340529,-0.258204,0.446743,OK
502,5.020000,39.235701,0.057858,12.446994,3.000000,0.064783,0.340659,-0.258376,0.447322,OK
503,5.030000,39.240980,0.057663,12.449007,3.000000,0.064779,0.340788,-0.258547,0.447899,OK
504,5.040000,39.246223,0.057468,12.451019,3.000000,0.064775,0.340916,-0.258717,0.448473,OK
505,5.050000,39.251430,0.057273,12.453028,3.000000,0.064771,0.341042,-0.258887,0.449046,OK
506,5.060000,39.256603,0.057079,12.455034,3.000000,0.064767,0.341167,-0.259056,0.449617,OK
507,5.070000,39.261740,0.056885,12.457037,3.000000,0.064763,0.341290,-0.259224,0.450186,OK
508,5.080000,39.266842,0.056692,12.459038,3.000000,0.064759,0.341412,-0.259392,0.450753,OK
509,5.090000,39.271909,0.056499,12.461035,3.000000,0.064755,0.341533,-0.259558,0.451318,OK
510,5.100000,39.276941,0.056307,12.463030,3.000000,0.064751,0.341652,-0.259725,0.451881,OK
511,5.110000,39.281938,0.056115,12.465022,3.000000,0.064747,0.341770,-0.259890,0.452442,OK
512,5.120000,39.286900,0.055924,12.467010,3.000000,0.064743,0.341886,-0.260055,0.453001,OK
513,5.130000,39.291828,0.055734,12.468995,3.000000,0.064740,0.342002,-0.260219,0.453558,OK
514,5.140000,39.296721,0.055543,12.470977,3.000000,0.064736,0.342116,-0.260383,0.454114,OK
515,5.150000,39.301579,0.055352,12.472955,3.000000,0.064732,0.342229,-0.260545,0.454667,OK
516,5.160000,39.306403,0.055162,12.474929,3.000000,0.064728,0.342340,-0.260707,0.455219,OK
517,5.170000,39.311192,0.054972,12.476899,3.000000,0.064724,0.342451,-0.260868,0.455769,OK
518,5.180000,39.315947,0.054783,12.478864,3.000000,0.064721,0.342560,-0.261028,0.456317,OK
519,5.190000,39.320668,0.054594,12.480825,3.000000,0.064717,0.342668,-0.261187,0.456863,OK
520,5.200000,39.325355,0.054405,12.482782,3.000000,0.064713,0.342774,-0.261346,0.457407,OK
521,5.210000,39.330008,0.054217,12.484734,3.000000,0.064709,0.342879,-0.261505,0.457949,OK
522,5.220000,39.334627,0.054030,12.486682,3.000000,0.064706,0.342982,-0.261663,0.458489,OK
523,5.230000,39.339212,0.053844,12.488626,3.000000,0.064702,0.343085,-0.261820,0.459027,OK
524,5.240000,39.343763,0.053658,12.490565,3.000000,0.064698,0.343185,-0.261977,0.459564,OK
525,5.250000,39.348280,0.053473,12.492500,3.000000,0.064694,0.343285,-0.262133,0.460099,OK
526,5.260000,39.352764,0.053288,12.494431,3.000000,0.064691,0.343382,-0.262289,0.460632,OK
527,5.270000,39.357215,0.053104,12.496358,3.000000,0.064687,0.343479,-0.262444,0.461163,OK
528,5.280000,39.361632,0.052921,12.498280,3.000000,0.064683,0.343574,-0.262598,0.461692,OK
529,5.290000,39.366016,0.052738,12.500197,3.000000,0.064680,0.343668,-0.262752,0.462219,OK
530,5.300000,39.370367,0.052554,12.502109,3.000000,0.064676,0.343761,-0.262905,0.462745,OK
531,5.310000,39.374684,0.052372,12.504017,3.000000,0.064673,0.343853,-0.263057,0.463269,OK
532,5.320000,39.378969,0.052189,12.505920,3.000000,0.064669,0.343943,-0.263209,0.463790,OK
533,5.330000,39.383221,0.052007,12.507817,3.000000,0.064665,0.344033,-0.263359,0.464310,OK
534,5.340000,39.387440,0.051825,12.509710,3.000000,0.064662,0.344121,-0.263510,0.464829,OK
535,5.350000,39.391627,0.051644,12.511597,3.000000,0.064658,0.344208,-0.263659,0.465345,OK
536,5.360000,39.395781,0.051464,12.513480,3.000000,0.064655,0.344293,-0.263808,0.465860,OK
537,5.370000,39.399902,0.051284,12.515358,3.000000,0.064651,0.344377,-0.263957,0.466373,OK
538,5.380000,39.403992,0.051105,12.517230,3.000000,0.064648,0.344460,-0.264105,0.466884,OK
539,5.390000,39.408049,0.050926,12.519098,3.000000,0.064644,0.344541,-0.264252,0.467393,OK
540,5.400000,39.412074,0.050748,12.520961,3.000000,0.064641,0.344621,-0.264399,0.467900,OK
541,5.410000,39.416067,0.050571,12.522818,3.000000,0.064637,0.344700,-0.264546,0.468406,OK
542,5.420000,39.420028,0.050394,12.524671,3.000000,0.064634,0.344778,-0.264692,0.468910,OK
543,5.430000,39.423958,0.050218,12.526518,3.000000,0.064631,0.344854,-0.264837,0.469412,OK
544,5.440000,39.427856,0.050043,12.528361,3.000000,0.064627,0.344929,-0.264982,0.469913,OK
545,5.450000,39.431722,0.049868,12.530198,3.000000,0.064624,0.345002,-0.265126,0.470411,OK
546,5.460000,39.435557,0.049693,12.532030,3.000000,0.064620,0.345074,-0.265270,0.470908,OK
547,5.470000,39.439361,0.049519,12.533857,3.000000,0.064617,0.345146,-0.265413,0.471404,OK
548,5.480000,39.443134,0.049345,12.535678,3.000000,0.064614,0.345216,-0.265555,0.471897,OK
549,5.490000,39.446875,0.049171,12.537494,3.000000,0.064610,0.345285,-0.265697,0.472389,OK
550,5.500000,39.450586,0.048997,12.539304,3.000000,0.064607,0.345353,-0.265838,0.472879,OK
551,5.510000,39.454266,0.048824,12.541108,3.000000,0.064604,0.345420,-0.265978,0.473367,OK
552,5.520000,39.457916,0.048652,12.542907,3.000000,0.064600,0.345486,-0.266118,0.473853,OK
553,5.530000,39.461534,0.048480,12.544701,3.000000,0.064597,0.345550,-0.266257,0.474338,OK
554,5.540000,39.465123,0.048309,12.546489,3.000000,0.064594,0.345614,-0.266396,0.474821,OK
555,5.550000,39.468681,0.048138,12.548271,3.000000,0.064590,0.345675,-0.266534,0.475303,OK
556,5.560000,39.472209,0.047968,12.550048,3.000000,0.064587,0.345736,-0.266672,0.475782,OK
557,5.570000,39.475707,0.047799,12.551820,3.000000,0.064584,0.345795,-0.266810,0.476260,OK
558,5.580000,39.479175,0.047630,12.553586,3.000000,0.064581,0.345854,-0.266947,0.476737,OK
559,5.590000,39.482613,0.047462,12.555346,3.000000,0.064577,0.345910,-0.267083,0.477211,OK
560,5.600000,39.486021,0.047295,12.557106,3.000000,0.064574,0.345966,-0.267219,0.477684,OK
561,5.610000,39.489400,0.047127,12.558857,3.000000,0.064571,0.346021,-0.267354,0.478156,OK
562,5.620000,39.492750,0.046960,12.560609,3.000000,0.064568,0.346075,-0.267489,0.478625,OK
563,5.630000,39.496070,0.046794,12.562351,3.000000,0.064565,0.346127,-0.267623,0.479093,OK
564,5.640000,39.499361,0.046628,12.564092,3.000000,0.064562,0.346179,-0.267756,0.479559,OK
565,5.650000,39.502624,0.046461,12.565823,3.000000,0.064558,0.346230,-0.267889,0.480024,OK
566,5.660000,39.505857,0.046295,12.567553,3.000000,0.064555,0.346279,-0.268021,0.480487,OK
567,5.670000,39.509061,0.046130,12.569272,3.000000,0.064552,0.346328,-0.268152,0.480948,OK
568,5.680000,39.512237,0.045965,12.570989,3.000000,0.064549,0.346376,-0.268283,0.481408,OK
569,5.690000,39.515385,0.045800,12.572695,3.000000,0.064546,0.346422,-0.268413,0.481866,OK
570,5.700000,39.518504,0.045636,12.574400,3.000000,0.064543,0.346468,-0.268543,0.482322,OK
571,5.710000,39.521594,0.045473,12.576093,3.000000,0.064540,0.346512,-0.268672,0.482777,OK
572,5.720000,39.524657,0.045310,12.577784,3.000000,0.064537,0.346555,-0.268801,0.483230,OK
573,5.730000,39.527692,0.045148,12.579464,3.000000,0.064534,0.346596,-0.268930,0.483682,OK
574,5.740000,39.530698,0.044987,12.581143,3.000000,0.064531,0.346637,-0.269058,0.484131,OK
575,5.750000,39.533678,0.044827,12.582810,3.000000,0.064528,0.346676,-0.269186,0.484580,OK
576,5.760000,39.536629,0.044668,12.584475,3.000000,0.064525,0.346714,-0.269314,0.485026,OK
577,5.770000,39.539553,0.044509,12.586129,3.000000,0.064522,0.346751,-0.269441,0.485471,OK
578,5.780000,39.542450,0.044351,12.587781,3.000000,0.064519,0.346786,-0.269568,0.485915,OK
579,5.790000,39.545319,0.044194,12.589423,3.000000,0.064516,0.346821,-0.269695,0.486357,OK
580,5.800000,39.548162,0.044037,12.591063,3.000000,0.064513,0.346854,-0.269821,0.486797,OK
581,5.810000,39.550978,0.043881,12.592692,3.000000,0.064510,0.346886,-0.269947,0.487236,OK
582,5.820000,39.553767,0.043726,12.594319,3.000000,0.064507,0.346917,-0.270072,0.487673,OK
583,5.830000,39.556529,0.043571,12.595936,3.000000,0.064504,0.346946,-0.270197,0.488109,OK
584,5.840000,39.559265,0.043417,12.597550,3.000000,0.064501,0.346976,-0.270322,0.488543,OK
585,5.850000,39.561974,0.043262,12.599155,3.000000,0.064498,0.347004,-0.270445,0.488976,OK
586,5.860000,39.564657,0.043108,12.600757,3.000000,0.064495,0.347031,-0.270568,0.489407,OK
587,5.870000,39.567314,0.042954,12.602354,3.000000,0.064492,0.347058,-0.270691,0.489836,OK
588,5.880000,39.569945,0.042800,12.603942,3.000000,0.064489,0.347083,-0.270812,0.490264,OK
589,5.890000,39.572550,0.042647,12.605527,3.000000,0.064486,0.347108,-0.270934,0.490691,OK
590,5.900000,39.575130,0.042494,12.607107,3.000000,0.064484,0.347132,-0.271055,0.491116,OK
591,5.910000,39.577684,0.042342,12.608678,3.000000,0.064481,0.347154,-0.271175,0.491539,OK
592,5.920000,39.580213,0.042191,12.610246,3.000000,0.064478,0.347176,-0.271295,0.491961,OK
593,5.930000,39.582716,0.042040,12.611807,3.000000,0.064475,0.347196,-0.271415,0.492382,OK
594,5.940000,39.585194,0.041890,12.613359,3.000000,0.064472,0.347216,-0.271534,0.492800,OK
595,5.950000,39.587647,0.041741,12.614907,3.000000,0.064469,0.347234,-0.271653,0.493218,OK
596,5.960000,39.590076,0.041592,12.616449,3.000000,0.064467,0.347251,-0.271772,0.493634,OK
597,5.970000,39.592479,0.041444,12.617987,3.000000,0.064464,0.347267,-0.271890,0.494048,OK
598,5.980000,39.594858,0.041296,12.619516,3.000000,0.064461,0.347283,-0.272008,0.494461,OK
599,5.990000,39.597213,0.041149,12.621041,3.000000,0.064458,0.347297,-0.272126,0.494873,OK
600,6.000000,39.599543,0.041003,12.622559,3.000000,0.064456,0.347310,-0.272243,0.495283,OK
601,6.010000,39.601849,0.040857,12.624072,3.000000,0.064453,0.347322,-0.272360,0.495691,OK
602,6.020000,39.604131,0.040712,12.625581,3.000000,0.064450,0.347334,-0.272476,0.496098,OK
603,6.030000,39.606389,0.040567,12.627080,3.000000,0.064447,0.347344,-0.272592,0.496504,OK
604,6.040000,39.608623,0.040422,12.628574,3.000000,0.064445,0.347354,-0.272708,0.496908,OK
605,6.050000,39.610834,0.040278,12.630061,3.000000,0.064442,0.347362,-0.272823,0.497311,OK
606,6.060000,39.613021,0.040134,12.631541,3.000000,0.064439,0.347370,-0.272937,0.497712,OK
607,6.070000,39.615184,0.039991,12.633016,3.000000,0.064436,0.347378,-0.273051,0.498112,OK
608,6.080000,39.617325,0.039847,12.634485,3.000000,0.064434,0.347384,-0.273164,0.498511,OK
609,6.090000,39.619442,0.039704,12.635950,3.000000,0.064431,0.347390,-0.273276,0.498908,OK
610,6.100000,39.621537,0.039561,12.637411,3.000000,0.064428,0.347395,-0.273388,0.499303,OK
611,6.110000,39.623608,0.039419,12.638862,3.000000,0.064426,0.347399,-0.273500,0.499698,OK
612,6.120000,39.625657,0.039278,12.640307,3.000000,0.064423,0.347402,-0.273612,0.500090,OK
613,6.130000,39.627684,0.039137,12.641742,3.000000,0.064421,0.347404,-0.273723,0.500482,OK
614,6.140000,39.629688,0.038998,12.643170,3.000000,0.064418,0.347404,-0.273835,0.500872,OK
615,6.150000,39.631669,0.038859,12.644591,3.000000,0.064415,0.347404,-0.273946,0.501260,OK
616,6.160000,39.633629,0.038722,12.646005,3.000000,0.064413,0.347402,-0.274057,0.501648,OK
617,6.170000,39.635566,0.038585,12.647413,3.000000,0.064410,0.347400,-0.274167,0.502033,OK
618,6.180000,39.637482,0.038448,12.648814,3.000000,0.064407,0.347397,-0.274278,0.502418,OK
619,6.190000,39.639376,0.038313,12.650208,3.000000,0.064405,0.347392,-0.274388,0.502801,OK
620,6.200000,39.641248,0.038178,12.651597,3.000000,0.064402,0.347387,-0.274498,0.503183,OK
621,6.210000,39.643099,0.038043,12.652978,3.000000,0.064400,0.347381,-0.274608,0.503563,OK
622,6.220000,39.644929,0.037910,12.654353,3.000000,0.064397,0.347373,-0.274717,0.503942,OK
623,6.230000,39.646737,0.037777,12.655720,3.000000,0.064394,0.347365,-0.274826,0.504320,OK
624,6.240000,39.648524,0.037645,12.657080,3.000000,0.064392,0.347356,-0.274935,0.504697,OK
625,6.250000,39.650290,0.037514,12.658433,3.000000,0.064389,0.347346,-0.275044,0.505072,OK
626,6.260000,39.652036,0.037383,12.659777,3.000000,0.064387,0.347335,-0.275153,0.505446,OK
627,6.270000,39.653761,0.037253,12.661120,3.000000,0.064384,0.347323,-0.275261,0.505818,OK
628,6.280000,39.655465,0.037122,12.662455,3.000000,0.064382,0.347311,-0.275368,0.506189,OK
629,6.290000,39.657149,0.036991,12.663785,3.000000,0.064379,0.347299,-0.275474,0.506559,OK
630,6.300000,39.658813,0.036860,12.665110,3.000000,0.064377,0.347286,-0.275580,0.506928,OK
631,6.310000,39.660456,0.036730,12.666428,3.000000,0.064374,0.347272,-0.275686,0.507295,OK
632,6.320000,39.662080,0.036601,12.667744,3.000000,0.064372,0.347257,-0.275791,0.507661,OK
633,6.330000,39.663684,0.036471,12.669053,3.000000,0.064369,0.347242,-0.275896,0.508026,OK
634,6.340000,39.665268,0.036342,12.670357,3.000000,0.064367,0.347226,-0.276000,0.508389,OK
635,6.350000,39.666832,0.036213,12.671655,3.000000,0.064364,0.347210,-0.276104,0.508751,OK
636,6.360000,39.668377,0.036085,12.672951,3.000000,0.064362,0.347192,-0.276207,0.509112,OK
637,6.370000,39.669903,0.035958,12.674239,3.000000,0.064359,0.347174,-0.276311,0.509472,OK
638,6.380000,39.671409,0.035831,12.675522,3.000000,0.064357,0.347155,-0.276413,0.509830,OK
639,6.390000,39.672897,0.035704,12.676798,3.000000,0.064355,0.347136,-0.276516,0.510187,OK
640,6.400000,39.674365,0.035578,12.678071,3.000000,0.064352,0.347115,-0.276618,0.510543,OK
641,6.410000,39.675815,0.035453,12.679337,3.000000,0.064350,0.347094,-0.276720,0.510897,OK
642,6.420000,39.677246,0.035328,12.680597,3.000000,0.064347,0.347072,-0.276822,0.511251,OK
643,6.430000,39.678658,0.035203,12.681855,3.000000,0.064345,0.347050,-0.276923,0.511603,OK
644,6.440000,39.680052,0.035079,12.683105,3.000000,0.064343,0.347027,-0.277024,0.511954,OK
645,6.450000,39.681428,0.034955,12.684349,3.000000,0.064340,0.347003,-0.277125,0.512303,OK
646,6.460000,39.682785,0.034832,12.685591,3.000000,0.064338,0.346978,-0.277225,0.512651,OK
647,6.470000,39.684125,0.034710,12.686824,3.000000,0.064335,0.346953,-0.277325,0.512999,OK
648,6.480000,39.685447,0.034588,12.688052,3.000000,0.064333,0.346927,-0.277425,0.513344,OK
649,6.490000,39.686750,0.034466,12.689277,3.000000,0.064331,0.346900,-0.277524,0.513689,OK
650,6.500000,39.688037,0.034345,12.690491,3.000000,0.064328,0.346873,-0.277623,0.514033,OK
651,6.510000,39.689305,0.034223,12.691701,3.000000,0.064326,0.346845,-0.277721,0.514375,OK
652,6.520000,39.690557,0.034102,12.692908,3.000000,0.064324,0.346817,-0.277819,0.514716,OK
653,6.530000,39.691791,0.033981,12.694105,3.000000,0.064321,0.346789,-0.277917,0.515056,OK
654,6.540000,39.693008,0.033861,12.695296,3.000000,0.064319,0.346760,-0.278014,0.515394,OK
655,6.550000,39.694208,0.033741,12.696484,3.000000,0.064317,0.346730,-0.278110,0.515732,OK
656,6.560000,39.695391,0.033621,12.697663,3.000000,0.064315,0.346699,-0.278207,0.516068,OK
657,6.570000,39.696557,0.033502,12.698841,3.000000,0.064312,0.346668,-0.278302,0.516403,OK
658,6.580000,39.697707,0.033383,12.700010,3.000000,0.064310,0.346637,-0.278398,0.516737,OK
659,6.590000,39.698840,0.033265,12.701178,3.000000,0.064308,0.346605,-0.278493,0.517069,OK
660,6.600000,39.699957,0.033147,12.702336,3.000000,0.064306,0.346572,-0.278589,0.517401,OK
661,6.610000,39.701057,0.033030,12.703493,3.000000,0.064303,0.346538,-0.278683,0.517731,OK
662,6.620000,39.702142,0.032913,12.704640,3.000000,0.064301,0.346504,-0.278778,0.518060,OK
663,6.630000,39.703210,0.032797,12.705785,3.000000,0.064299,0.346469,-0.278872,0.518388,OK
664,6.640000,39.704263,0.032682,12.706920,3.000000,0.064297,0.346434,-0.278967,0.518715,OK
665,6.650000,39.705299,0.032567,12.708053,3.000000,0.064294,0.346398,-0.279060,0.519041,OK
666,6.660000,39.706320,0.032453,12.709177,3.000000,0.064292,0.346361,-0.279154,0.519365,OK
667,6.670000,39.707326,0.032339,12.710298,3.000000,0.064290,0.346323,-0.279248,0.519689,OK
668,6.680000,39.708316,0.032226,12.711410,3.000000,0.064288,0.346285,-0.279341,0.520011,OK
669,6.690000,39.709291,0.032114,12.712520,3.000000,0.064286,0.346246,-0.279434,0.520332,OK
670,6.700000,39.710251,0.032002,12.713621,3.000000,0.064283,0.346207,-0.279527,0.520652,OK
671,6.710000,39.711196,0.031890,12.714720,3.000000,0.064281,0.346167,-0.279620,0.520971,OK
672,6.720000,39.712126,0.031779,12.715808,3.000000,0.064279,0.346126,-0.279712,0.521289,OK
673,6.730000,39.713041,0.031669,12.716896,3.000000,0.064277,0.346085,-0.279804,0.521605,OK
674,6.740000,39.713941,0.031559,12.717974,3.000000,0.064275,0.346043,-0.279896,0.521921,OK
675,6.750000,39.714827,0.031450,12.719051,3.000000,0.064273,0.346001,-0.279988,0.522235,OK
676,6.760000,39.715698,0.031341,12.720117,3.000000,0.064270,0.345958,-0.280079,0.522549,OK
677,6.770000,39.716555,0.031231,12.721183,3.000000,0.064268,0.345916,-0.280169,0.522861,OK
678,6.780000,39.717398,0.031122,12.722238,3.000000,0.064266,0.345872,-0.280260,0.523172,OK
679,6.790000,39.718227,0.031013,12.723292,3.000000,0.064264,0.345829,-0.280349,0.523483,OK
680,6.800000,39.719042,0.030905,12.724336,3.000000,0.064262,0.345785,-0.280439,0.523792,OK
681,6.810000,39.719843,0.030796,12.725379,3.000000,0.064260,0.345740,-0.280528,0.524100,OK
682,6.820000,39.720630,0.030689,12.726411,3.000000,0.064258,0.345695,-0.280616,0.524406,OK
683,6.830000,39.721404,0.030581,12.727444,3.000000,0.064256,0.345650,-0.280705,0.524712,OK
684,6.840000,39.722164,0.030475,12.728465,3.000000,0.064253,0.345604,-0.280793,0.525017,OK
685,6.850000,39.722911,0.030368,12.729486,3.000000,0.064251,0.345557,-0.280881,0.525321,OK
686,6.860000,39.723645,0.030263,12.730497,3.000000,0.064249,0.345510,-0.280969,0.525623,OK
687,6.870000,39.724365,0.030158,12.731507,3.000000,0.064247,0.345463,-0.281057,0.525925,OK
688,6.880000,39.725072,0.030053,12.732507,3.000000,0.064245,0.345415,-0.281145,0.526225,OK
689,6.890000,39.725767,0.029949,12.733507,3.000000,0.064243,0.345366,-0.281232,0.526525,OK
690,6.900000,39.726448,0.029846,12.734496,3.000000,0.064241,0.345317,-0.281319,0.526823,OK
691,6.910000,39.727117,0.029743,12.735485,3.000000,0.064239,0.345267,-0.281406,0.527121,OK
692,6.920000,39.727774,0.029641,12.736463,3.000000,0.064237,0.345217,-0.281493,0.527417,OK
693,6.930000,39.728417,0.029539,12.737442,3.000000,0.064235,0.345166,-0.281580,0.527713,OK
694,6.940000,39.729049,0.029438,12.738410,3.000000,0.064233,0.345114,-0.281666,0.528007,OK
695,6.950000,39.729668,0.029337,12.739379,3.000000,0.064231,0.345063,-0.281752,0.528300,OK
696,6.960000,39.730275,0.029236,12.740337,3.000000,0.064229,0.345011,-0.281838,0.528593,OK
697,6.970000,39.730870,0.029136,12.741296,3.000000,0.064227,0.344958,-0.281924,0.528884,OK
698,6.980000,39.731453,0.029037,12.742243,3.000000,0.064225,0.344905,-0.282009,0.529174,OK
699,6.990000,39.732025,0.028938,12.743192,3.000000,0.064223,0.344851,-0.282095,0.529464,OK
700,7.000000,39.732584,0.028839,12.744130,3.000000,0.064221,0.344798,-0.282180,0.529752,OK
701,7.010000,39.733132,0.028741,12.745069,3.000000,0.064219,0.344743,-0.282264,0.530040,OK
702,7.020000,39.733669,0.028643,12.745997,3.000000,0.064217,0.344689,-0.282349,0.530326,OK
703,7.030000,39.734194,0.028546,12.746927,3.000000,0.064215,0.344634,-0.282433,0.530612,OK
704,7.040000,39.734708,0.028448,12.747844,3.000000,0.064213,0.344578,-0.282517,0.530896,OK
705,7.050000,39.735211,0.028351,12.748764,3.000000,0.064211,0.344523,-0.282600,0.531180,OK
706,7.060000,39.735703,0.028253,12.749671,3.000000,0.064209,0.344468,-0.282683,0.531462,OK
707,7.070000,39.736183,0.028156,12.750580,3.000000,0.064207,0.344412,-0.282765,0.531744,OK
708,7.080000,39.736653,0.028059,12.751478,3.000000,0.064205,0.344356,-0.282848,0.532024,OK
709,7.090000,39.737112,0.027962,12.752377,3.000000,0.064203,0.344300,-0.282929,0.532304,OK
710,7.100000,39.737561,0.027866,12.753264,3.000000,0.064201,0.344243,-0.283011,0.532582,OK
711,7.110000,39.737999,0.027770,12.754153,3.000000,0.064199,0.344186,-0.283092,0.532860,OK
712,7.120000,39.738426,0.027675,12.755031,3.000000,0.064197,0.344129,-0.283173,0.533137,OK
713,7.130000,39.738843,0.027580,12.755910,3.000000,0.064195,0.344071,-0.283254,0.533413,OK
714,7.140000,39.739250,0.027485,12.756786,3.000000,0.064193,0.344013,-0.283335,0.533688,OK
715,7.150000,39.739647,0.027390,12.757661,3.000000,0.064192,0.343955,-0.283415,0.533961,OK
716,7.160000,39.740034,0.027295,12.758535,3.000000,0.064190,0.343897,-0.283494,0.534234,OK
717,7.170000,39.740411,0.027200,12.759407,3.000000,0.064188,0.343839,-0.283573,0.534506,OK
718,7.180000,39.740778,0.027105,12.760276,3.000000,0.064186,0.343781,-0.283652,0.534777,OK
719,7.190000,39.741135,0.027011,12.761142,3.000000,0.064184,0.343723,-0.283730,0.535048,OK
720,7.200000,39.741483,0.026916,12.762005,3.000000,0.064182,0.343664,-0.283808,0.535317,OK
721,7.210000,39.741821,0.026822,12.762865,3.000000,0.064180,0.343605,-0.283886,0.535585,OK
722,7.220000,39.742150,0.026728,12.763721,3.000000,0.064179,0.343546,-0.283963,0.535852,OK
723,7.230000,39.742469,0.026635,12.764573,3.000000,0.064177,0.343487,-0.284040,0.536119,OK
724,7.240000,39.742780,0.026541,12.765421,3.000000,0.064175,0.343428,-0.284117,0.536384,OK
725,7.250000,39.743081,0.026449,12.766265,3.000000,0.064173,0.343368,-0.284193,0.536649,OK
726,7.260000,39.743373,0.026356,12.767104,3.000000,0.064171,0.343308,-0.284270,0.536912,OK
727,7.270000,39.743656,0.026264,12.767939,3.000000,0.064170,0.343247,-0.284346,0.537175,OK
728,7.280000,39.743930,0.026172,12.768769,3.000000,0.064168,0.343187,-0.284422,0.537436,OK
729,7.290000,39.744195,0.026081,12.769595,3.000000,0.064166,0.343126,-0.284497,0.537697,OK
730,7.300000,39.744452,0.025990,12.770416,3.000000,0.064164,0.343065,-0.284573,0.537957,OK
731,7.310000,39.744701,0.025900,12.771232,3.000000,0.064162,0.343003,-0.284648,0.538216,OK
732,7.320000,39.744940,0.025810,12.772044,3.000000,0.064161,0.342942,-0.284723,0.538474,OK
733,7.330000,39.745172,0.025720,12.772851,3.000000,0.064159,0.342880,-0.284798,0.538731,OK
734,7.340000,39.745395,0.025631,12.773653,3.000000,0.064157,0.342817,-0.284873,0.538988,OK
735,7.350000,39.745610,0.025542,12.774450,3.000000,0.064155,0.342755,-0.284947,0.539243,OK
736,7.360000,39.745817,0.025453,12.775242,3.000000,0.064154,0.342693,-0.285021,0.539498,OK
737,7.370000,39.746016,0.025364,12.776029,3.000000,0.064152,0.342630,-0.285094,0.539751,OK
738,7.380000,39.746207,0.025275,12.776812,3.000000,0.064150,0.342568,-0.285167,0.540004,OK
739,7.390000,39.746390,0.025187,12.777589,3.000000,0.064148,0.342505,-0.285240,0.540256,OK
740,7.400000,39.746566,0.025099,12.778361,3.000000,0.064147,0.342442,-0.285313,0.540507,OK
741,7.410000,39.746733,0.025011,12.779129,3.000000,0.064145,0.342379,-0.285385,0.540757,OK
742,7.420000,39.746894,0.024924,12.779891,3.000000,0.064143,0.342316,-0.285458,0.541006,OK
743,7.430000,39.747047,0.024837,12.780649,3.000000,0.064142,0.342252,-0.285530,0.541255,OK
744,7.440000,39.747192,0.024751,12.781402,3.000000,0.064140,0.342188,-0.285602,0.541502,OK
745,7.450000,39.747330,0.024665,12.782150,3.000000,0.064138,0.342124,-0.285674,0.541749,OK
746,7.460000,39.747461,0.024580,12.782894,3.000000,0.064136,0.342059,-0.285746,0.541995,OK
747,7.470000,39.747585,0.024496,12.783633,3.000000,0.064135,0.341995,-0.285817,0.542240,OK
748,7.480000,39.747702,0.024412,12.784367,3.000000,0.064133,0.341929,-0.285889,0.542484,OK
749,7.490000,39.747812,0.024328,12.785097,3.000000,0.064131,0.341864,-0.285960,0.542727,OK
750,7.500000,39.747915,0.024245,12.785822,3.000000,0.064130,0.341798,-0.286032,0.542969,OK
751,7.510000,39.748012,0.024163,12.786543,3.000000,0.064128,0.341732,-0.286103,0.543211,OK
752,7.520000,39.748102,0.024080,12.787259,3.000000,0.064126,0.341666,-0.286174,0.543452,OK
753,7.530000,39.748185,0.023999,12.787971,3.000000,0.064125,0.341600,-0.286245,0.543692,OK
754,7.540000,39.748261,0.023918,12.788679,3.000000,0.064123,0.341533,-0.286316,0.543931,OK
755,7.550000,39.748332,0.023837,12.789382,3.000000,0.064121,0.341466,-0.286387,0.544169,OK
756,7.560000,39.748396,0.023757,12.790081,3.000000,0.064120,0.341399,-0.286457,0.544407,OK
757,7.570000,39.748453,0.023677,12.790776,3.000000,0.064118,0.341332,-0.286528,0.544644,OK
758,7.580000,39.748505,0.023597,12.791467,3.000000,0.064116,0.341265,-0.286598,0.544880,OK
759,7.590000,39.748551,0.023518,12.792153,3.000000,0.064115,0.341197,-0.286668,0.545115,OK
760,7.600000,39.748590,0.023439,12.792835,3.000000,0.064113,0.341130,-0.286738,0.545349,OK
761,7.610000,39.748624,0.023360,12.793514,3.000000,0.064111,0.341062,-0.286808,0.545583,OK
762,7.620000,39.748652,0.023282,12.794188,3.000000,0.064110,0.340994,-0.286877,0.545816,OK
763,7.630000,39.748674,0.023204,12.794858,3.000000,0.064108,0.340926,-0.286946,0.546048,OK
764,7.640000,39.748690,0.023126,12.795524,3.000000,0.064106,0.340858,-0.287015,0.546279,OK
765,7.650000,39.748701,0.023049,12.796186,3.000000,0.064105,0.340790,-0.287084,0.546510,OK
766,7.660000,39.748706,0.022972,12.796844,3.000000,0.064103,0.340721,-0.287153,0.546739,OK
767,7.670000,39.748706,0.022896,12.797498,3.000000,0.064102,0.340653,-0.287222,0.546968,OK
768,7.680000,39.748700,0.022819,12.798148,3.000000,0.064100,0.340584,-0.287290,0.547196,OK
769,7.690000,39.748690,0.022743,12.798794,3.000000,0.064098,0.340515,-0.287358,0.547424,OK
770,7.700000,39.748674,0.022668,12.799435,3.000000,0.064097,0.340446,-0.287426,0.547650,OK
771,7.710000,39.748653,0.022592,12.800073,3.000000,0.064095,0.340378,-0.287493,0.547876,OK
772,7.720000,39.748627,0.022515,12.800706,3.000000,0.064094,0.340310,-0.287560,0.548102,OK
773,7.730000,39.748596,0.022440,12.801335,3.000000,0.064092,0.340241,-0.287627,0.548326,OK
774,7.740000,39.748560,0.022364,12.801960,3.000000,0.064090,0.340173,-0.287693,0.548550,OK
775,7.750000,39.748519,0.022288,12.802580,3.000000,0.064089,0.340104,-0.287759,0.548772,OK
776,7.760000,39.748473,0.022213,12.803197,3.000000,0.064087,0.340036,-0.287825,0.548995,OK
777,7.770000,39.748423,0.022138,12.803809,3.000000,0.064086,0.339967,-0.287891,0.549216,OK
778,7.780000,39.748369,0.022064,12.804417,3.000000,0.064084,0.339899,-0.287957,0.549437,OK
779,7.790000,39.748309,0.021990,12.805021,3.000000,0.064083,0.339830,-0.288022,0.549657,OK
780,7.800000,39.748246,0.021917,12.805622,3.000000,0.064081,0.339761,-0.288088,0.549876,OK
781,7.810000,39.748178,0.021844,12.806218,3.000000,0.064080,0.339691,-0.288153,0.550094,OK
782,7.820000,39.748105,0.021771,12.806810,3.000000,0.064078,0.339622,-0.288219,0.550312,OK
783,7.830000,39.748029,0.021699,12.807398,3.000000,0.064076,0.339552,-0.288284,0.550529,OK
784,7.840000,39.747948,0.021628,12.807982,3.000000,0.064075,0.339483,-0.288349,0.550745,OK
785,7.850000,39.747863,0.021557,12.808562,3.000000,0.064073,0.339413,-0.288414,0.550961,OK
786,7.860000,39.747775,0.021486,12.809139,3.000000,0.064072,0.339343,-0.288480,0.551176,OK
787,7.870000,39.747682,0.021416,12.809712,3.000000,0.064070,0.339273,-0.288544,0.551390,OK
788,7.880000,39.747585,0.021346,12.810281,3.000000,0.064069,0.339202,-0.288609,0.551603,OK
789,7.890000,39.747485,0.021277,12.810846,3.000000,0.064067,0.339132,-0.288674,0.551816,OK
790,7.900000,39.747381,0.021208,12.811408,3.000000,0.064066,0.339062,-0.288739,0.552028,OK
791,7.910000,39.747273,0.021139,12.811966,3.000000,0.064064,0.338991,-0.288803,0.552239,OK
792,7.920000,39.747162,0.021071,12.812521,3.000000,0.064063,0.338921,-0.288867,0.552450,OK
793,7.930000,39.747047,0.021002,12.813072,3.000000,0.064061,0.338850,-0.288932,0.552660,OK
794,7.940000,39.746929,0.020935,12.813619,3.000000,0.064060,0.338780,-0.288996,0.552869,OK
795,7.950000,39.746807,0.020867,12.814163,3.000000,0.064058,0.338709,-0.289059,0.553078,OK
796,7.960000,39.746682,0.020800,12.814704,3.000000,0.064057,0.338638,-0.289123,0.553286,OK
797,7.970000,39.746554,0.020733,12.815241,3.000000,0.064055,0.338568,-0.289187,0.553493,OK
798,7.980000,39.746422,0.020667,12.815775,3.000000,0.064054,0.338497,-0.289250,0.553700,OK
799,7.990000,39.746288,0.020600,12.816305,3.000000,0.064052,0.338426,-0.289313,0.553906,OK
800,8.000000,39.746150,0.020534,12.816832,3.000000,0.064051,0.338356,-0.289376,0.554112,OK
801,8.010000,39.746010,0.020468,12.817356,3.000000,0.064049,0.338285,-0.289439,0.554316,OK
802,8.020000,39.745866,0.020403,12.817876,3.000000,0.064048,0.338214,-0.289502,0.554520,OK
803,8.030000,39.745720,0.020338,12.818393,3.000000,0.064046,0.338144,-0.289564,0.554724,OK
804,8.040000,39.745571,0.020273,12.818906,3.000000,0.064045,0.338073,-0.289627,0.554926,OK
805,8.050000,39.745419,0.020208,12.819416,3.000000,0.064043,0.338002,-0.289689,0.555128,OK
806,8.060000,39.745265,0.020143,12.819923,3.000000,0.064042,0.337932,-0.289751,0.555330,OK
807,8.070000,39.745108,0.020079,12.820427,3.000000,0.064040,0.337861,-0.289813,0.555531,OK
808,8.080000,39.744948,0.020015,12.820927,3.000000,0.064039,0.337791,-0.289874,0.555731,OK
809,8.090000,39.744786,0.019951,12.821423,3.000000,0.064037,0.337720,-0.289936,0.555930,OK
810,8.100000,39.744621,0.019886,12.821916,3.000000,0.064036,0.337651,-0.289996,0.556129,OK
811,8.110000,39.744454,0.019822,12.822405,3.000000,0.064035,0.337581,-0.290057,0.556327,OK
812,8.120000,39.744285,0.019758,12.822891,3.000000,0.064033,0.337511,-0.290117,0.556525,OK
813,8.130000,39.744114,0.019694,12.823373,3.000000,0.064032,0.337442,-0.290177,0.556722,OK
814,8.140000,39.743940,0.019630,12.823852,3.000000,0.064030,0.337372,-0.290237,0.556918,OK
815,8.150000,39.743764,0.019566,12.824327,3.000000,0.064029,0.337302,-0.290297,0.557114,OK
816,8.160000,39.743587,0.019503,12.824799,3.000000,0.064027,0.337233,-0.290357,0.557309,OK
817,8.170000,39.743407,0.019441,12.825268,3.000000,0.064026,0.337163,-0.290416,0.557503,OK
818,8.180000,39.743225,0.019379,12.825733,3.000000,0.064025,0.337094,-0.290476,0.557697,OK
819,8.190000,39.743041,0.019317,12.826194,3.000000,0.064023,0.337024,-0.290535,0.557890,OK
820,8.200000,39.742856,0.019256,12.826653,3.000000,0.064022,0.336954,-0.290595,0.558083,OK
821,8.210000,39.742669,0.019195,12.827108,3.000000,0.064020,0.336884,-0.290654,0.558275,OK
822,8.220000,39.742480,0.019134,12.827560,3.000000,0.064019,0.336814,-0.290713,0.558466,OK
823,8.230000,39.742289,0.019074,12.828009,3.000000,0.064018,0.336744,-0.290773,0.558657,OK
824,8.240000,39.742097,0.019014,12.828454,3.000000,0.064016,0.336675,-0.290832,0.558847,OK
825,8.250000,39.741903,0.018955,12.828897,3.000000,0.064015,0.336605,-0.290891,0.559037,OK
826,8.260000,39.741708,0.018896,12.829337,3.000000,0.064013,0.336535,-0.290950,0.559225,OK
827,8.270000,39.741511,0.018837,12.829773,3.000000,0.064012,0.336465,-0.291009,0.559414,OK
828,8.280000,39.741313,0.018778,12.830207,3.000000,0.064011,0.336395,-0.291068,0.559602,OK
829,8.290000,39.741114,0.018720,12.830637,3.000000,0.064009,0.336325,-0.291127,0.559789,OK
830,8.300000,39.740913,0.018662,12.831065,3.000000,0.064008,0.336255,-0.291185,0.559975,OK
831,8.310000,39.740711,0.018605,12.831490,3.000000,0.064007,0.336186,-0.291244,0.560161,OK
832,8.320000,39.740508,0.018547,12.831912,3.000000,0.064005,0.336116,-0.291302,0.560347,OK
833,8.330000,39.740304,0.018490,12.832331,3.000000,0.064004,0.336047,-0.291360,0.560532,OK
834,8.340000,39.740098,0.018434,12.832747,3.000000,0.064002,0.335977,-0.291418,0.560716,OK
835,8.350000,39.739892,0.018377,12.833161,3.000000,0.064001,0.335908,-0.291476,0.560900,OK
836,8.360000,39.739685,0.018321,12.833571,3.000000,0.064000,0.335838,-0.291534,0.561083,OK
837,8.370000,39.739477,0.018264,12.833980,3.000000,0.063998,0.335769,-0.291592,0.561266,OK
838,8.380000,39.739268,0.018208,12.834385,3.000000,0.063997,0.335700,-0.291649,0.561448,OK
839,8.390000,39.739058,0.018153,12.834788,3.000000,0.063996,0.335631,-0.291706,0.561629,OK
840,8.400000,39.738847,0.018097,12.835187,3.000000,0.063994,0.335562,-0.291763,0.561810,OK
841,8.410000,39.738636,0.018042,12.835585,3.000000,0.063993,0.335493,-0.291821,0.561991,OK
842,8.420000,39.738424,0.017987,12.835979,3.000000,0.063992,0.335425,-0.291877,0.562171,OK
843,8.430000,39.738212,0.017932,12.836371,3.000000,0.063990,0.335356,-0.291934,0.562350,OK
844,8.440000,39.737998,0.017877,12.836760,3.000000,0.063989,0.335288,-0.291991,0.562529,OK
845,8.450000,39.737785,0.017823,12.837147,3.000000,0.063988,0.335219,-0.292047,0.562707,OK
846,8.460000,39.737571,0.017769,12.837531,3.000000,0.063986,0.335151,-0.292104,0.562885,OK
847,8.470000,39.737356,0.017715,12.837912,3.000000,0.063985,0.335083,-0.292160,0.563062,OK
848,8.480000,39.737141,0.017661,12.838291,3.000000,0.063984,0.335015,-0.292216,0.563238,OK
849,8.490000,39.736926,0.017607,12.838667,3.000000,0.063982,0.334947,-0.292272,0.563415,OK
850,8.500000,39.736710,0.017554,12.839039,3.000000,0.063981,0.334880,-0.292327,0.563590,OK
851,8.510000,39.736494,0.017500,12.839410,3.000000,0.063980,0.334812,-0.292382,0.563765,OK
852,8.520000,39.736278,0.017446,12.839777,3.000000,0.063978,0.334746,-0.292437,0.563940,OK
853,8.530000,39.736062,0.017392,12.840141,3.000000,0.063977,0.334679,-0.292492,0.564113,OK
854,8.540000,39.735846,0.017338,12.840503,3.000000,0.063976,0.334613,-0.292546,0.564287,OK
855,8.550000,39.735630,0.017284,12.840861,3.000000,0.063974,0.334546,-0.292600,0.564460,OK
856,8.560000,39.735413,0.017231,12.841217,3.000000,0.063973,0.334480,-0.292654,0.564632,OK
857,8.570000,39.735197,0.017178,12.841570,3.000000,0.063972,0.334414,-0.292708,0.564804,OK
858,8.580000,39.734981,0.017125,12.841920,3.000000,0.063971,0.334348,-0.292762,0.564975,OK
859,8.590000,39.734764,0.017072,12.842268,3.000000,0.063969,0.334282,-0.292816,0.565146,OK
860,8.600000,39.734548,0.017020,12.842613,3.000000,0.063968,0.334217,-0.292870,0.565316,OK
861,8.610000,39.734332,0.016968,12.842955,3.000000,0.063967,0.334151,-0.292924,0.565486,OK
862,8.620000,39.734117,0.016917,12.843295,3.000000,0.063966,0.334085,-0.292978,0.565655,OK
863,8.630000,39.733901,0.016866,12.843632,3.000000,0.063964,0.334019,-0.293031,0.565823,OK
864,8.640000,39.733686,0.016815,12.843967,3.000000,0.063963,0.333954,-0.293085,0.565992,OK
865,8.650000,39.733472,0.016765,12.844299,3.000000,0.063962,0.333888,-0.293138,0.566159,OK
866,8.660000,39.733257,0.016715,12.844628,3.000000,0.063960,0.333823,-0.293192,0.566326,OK
867,8.670000,39.733044,0.016665,12.844955,3.000000,0.063959,0.333757,-0.293245,0.566493,OK
868,8.680000,39.732830,0.016616,12.845280,3.000000,0.063958,0.333692,-0.293299,0.566659,OK
869,8.690000,39.732617,0.016566,12.845602,3.000000,0.063957,0.333627,-0.293352,0.566825,OK
870,8.700000,39.732405,0.016517,12.845923,3.000000,0.063955,0.333562,-0.293405,0.566990,OK
871,8.710000,39.732193,0.016469,12.846240,3.000000,0.063954,0.333497,-0.293459,0.567155,OK
872,8.720000,39.731982,0.016420,12.846556,3.000000,0.063953,0.333432,-0.293512,0.567319,OK
873,8.730000,39.731772,0.016372,12.846870,3.000000,0.063952,0.333367,-0.293565,0.567483,OK
874,8.740000,39.731562,0.016324,12.847181,3.000000,0.063950,0.333303,-0.293617,0.567646,OK
875,8.750000,39.731353,0.016276,12.847490,3.000000,0.063949,0.333239,-0.293670,0.567809,OK
876,8.760000,39.731145,0.016229,12.847797,3.000000,0.063948,0.333174,-0.293723,0.567971,OK
877,8.770000,39.730937,0.016181,12.848102,3.000000,0.063947,0.333110,-0.293775,0.568133,OK
878,8.780000,39.730731,0.016134,12.848405,3.000000,0.063945,0.333047,-0.293827,0.568294,OK
879,8.790000,39.730525,0.016087,12.848705,3.000000,0.063944,0.332983,-0.293880,0.568455,OK
880,8.800000,39.730321,0.016040,12.849004,3.000000,0.063943,0.332920,-0.293932,0.568615,OK
881,8.810000,39.730117,0.015993,12.849301,3.000000,0.063942,0.332856,-0.293984,0.568775,OK
882,8.820000,39.729914,0.015947,12.849595,3.000000,0.063941,0.332793,-0.294035,0.568935,OK
883,8.830000,39.729712,0.015900,12.849888,3.000000,0.063939,0.332730,-0.294087,0.569094,OK
884,8.840000,39.729511,0.015854,12.850178,3.000000,0.063938,0.332668,-0.294139,0.569252,OK
885,8.850000,39.729312,0.015808,12.850467,3.000000,0.063937,0.332605,-0.294190,0.569410,OK
886,8.860000,39.729113,0.015762,12.850753,3.000000,0.063936,0.332543,-0.294241,0.569568,OK
887,8.870000,39.728916,0.015716,12.851037,3.000000,0.063934,0.332481,-0.294292,0.569725,OK
888,8.880000,39.728720,0.015671,12.851320,3.000000,0.063933,0.332419,-0.294343,0.569882,OK
889,8.890000,39.728525,0.015625,12.851600,3.000000,0.063932,0.332357,-0.294394,0.570038,OK
890,8.900000,39.728331,0.015580,12.851879,3.000000,0.063931,0.332296,-0.294445,0.570194,OK
891,8.910000,39.728139,0.015535,12.852155,3.000000,0.063930,0.332234,-0.294496,0.570349,OK
892,8.920000,39.727948,0.015490,12.852430,3.000000,0.063928,0.332173,-0.294546,0.570504,OK
893,8.930000,39.727758,0.015445,12.852702,3.000000,0.063927,0.332112,-0.294597,0.570659,OK
894,8.940000,39.727570,0.015401,12.852972,3.000000,0.063926,0.332051,-0.294647,0.570813,OK
895,8.950000,39.727383,0.015356,12.853241,3.000000,0.063925,0.331991,-0.294697,0.570966,OK
896,8.960000,39.727197,0.015312,12.853506,3.000000,0.063924,0.331931,-0.294747,0.571119,OK
897,8.970000,39.727013,0.015267,12.853771,3.000000,0.063923,0.331871,-0.294796,0.571272,OK
898,8.980000,39.726830,0.015222,12.854033,3.000000,0.063921,0.331812,-0.294845,0.571424,OK
899,8.990000,39.726649,0.015177,12.854292,3.000000,0.063920,0.331753,-0.294894,0.571576,OK
900,9.000000,39.726470,0.015132,12.854549,3.000000,0.063919,0.331694,-0.294943,0.571727,OK
901,9.010000,39.726292,0.015087,12.854805,3.000000,0.063918,0.331636,-0.294992,0.571878,OK
902,9.020000,39.726116,0.015043,12.855058,3.000000,0.063917,0.331577,-0.295040,0.572029,OK
903,9.030000,39.725941,0.014999,12.855309,3.000000,0.063916,0.331519,-0.295088,0.572179,OK
904,9.040000,39.725768,0.014954,12.855558,3.000000,0.063915,0.331461,-0.295137,0.572328,OK
905,9.050000,39.725596,0.014911,12.855805,3.000000,0.063913,0.331403,-0.295185,0.572477,OK
906,9.060000,39.725427,0.014867,12.856049,3.000000,0.063912,0.331346,-0.295233,0.572626,OK
907,9.070000,39.725259,0.014824,12.856292,3.000000,0.063911,0.331288,-0.295281,0.572774,OK
908,9.080000,39.725093,0.014781,12.856533,3.000000,0.063910,0.331231,-0.295330,0.572922,OK
909,9.090000,39.724928,0.014739,12.856772,3.000000,0.063909,0.331173,-0.295378,0.573069,OK
910,9.100000,39.724766,0.014696,12.857009,3.000000,0.063908,0.331116,-0.295426,0.573216,OK
911,9.110000,39.724605,0.014655,12.857240,3.000000,0.063907,0.331059,-0.295474,0.573363,OK
912,9.120000,39.724446,0.014614,12.857472,3.000000,0.063905,0.331002,-0.295523,0.573509,OK
913,9.130000,39.724289,0.014573,12.857695,3.000000,0.063904,0.330944,-0.295571,0.573655,OK
914,9.140000,39.724134,0.014533,12.857922,3.000000,0.063903,0.330887,-0.295620,0.573800,OK
915,9.150000,39.723981,0.014493,12.858140,3.000000,0.063902,0.330830,-0.295668,0.573945,OK
916,9.160000,39.723830,0.014453,12.858363,3.000000,0.063901,0.330773,-0.295717,0.574090,OK
917,9.170000,39.723681,0.014414,12.858578,3.000000,0.063900,0.330716,-0.295765,0.574234,OK
918,9.180000,39.723533,0.014375,12.858798,3.000000,0.063899,0.330660,-0.295814,0.574377,OK
919,9.190000,39.723388,0.014336,12.859011,3.000000,0.063897,0.330604,-0.295862,0.574521,OK
920,9.200000,39.723245,0.014297,12.859228,3.000000,0.063896,0.330547,-0.295910,0.574664,OK
921,9.210000,39.723104,0.014258,12.859438,3.000000,0.063895,0.330492,-0.295958,0.574806,OK
922,9.220000,39.722965,0.014219,12.859654,3.000000,0.063894,0.330436,-0.296006,0.574949,OK
923,9.230000,39.722828,0.014181,12.859862,3.000000,0.063893,0.330381,-0.296053,0.575090,OK
924,9.240000,39.722694,0.014142,12.860075,3.000000,0.063892,0.330326,-0.296101,0.575232,OK
925,9.250000,39.722561,0.014103,12.860281,3.000000,0.063891,0.330271,-0.296148,0.575373,OK
926,9.260000,39.722431,0.014064,12.860493,3.000000,0.063890,0.330217,-0.296195,0.575513,OK
927,9.270000,39.722303,0.014026,12.860697,3.000000,0.063888,0.330163,-0.296242,0.575654,OK
928,9.280000,39.722177,0.013987,12.860906,3.000000,0.063887,0.330109,-0.296289,0.575794,OK
929,9.290000,39.722053,0.013949,12.861109,3.000000,0.063886,0.330055,-0.296336,0.575933,OK
930,9.300000,39.721932,0.013910,12.861316,3.000000,0.063885,0.330002,-0.296382,0.576072,OK
931,9.310000,39.721812,0.013872,12.861517,3.000000,0.063884,0.329949,-0.296428,0.576211,OK
932,9.320000,39.721696,0.013833,12.861722,3.000000,0.063883,0.329897,-0.296475,0.576349,OK
933,9.330000,39.721581,0.013795,12.861920,3.000000,0.063882,0.329844,-0.296521,0.576487,OK
934,9.340000,39.721469,0.013757,12.862124,3.000000,0.063881,0.329792,-0.296566,0.576625,OK
935,9.350000,39.721359,0.013719,12.862320,3.000000,0.063880,0.329740,-0.296612,0.576762,OK
936,9.360000,39.721251,0.013681,12.862520,3.000000,0.063879,0.329689,-0.296658,0.576899,OK
937,9.370000,39.721146,0.013643,12.862714,3.000000,0.063878,0.329637,-0.296703,0.577035,OK
938,9.380000,39.721043,0.013605,12.862912,3.000000,0.063876,0.329586,-0.296749,0.577171,OK
939,9.390000,39.720943,0.013567,12.863103,3.000000,0.063875,0.329536,-0.296794,0.577307,OK
940,9.400000,39.720845,0.013530,12.863298,3.000000,0.063874,0.329485,-0.296839,0.577442,OK
941,9.410000,39.720750,0.013492,12.863487,3.000000,0.063873,0.329435,-0.296884,0.577577,OK
942,9.420000,39.720657,0.013455,12.863680,3.000000,0.063872,0.329385,-0.296929,0.577712,OK
943,9.430000,39.720566,0.013417,12.863866,3.000000,0.063871,0.329335,-0.296973,0.577846,OK
944,9.440000,39.720478,0.013380,12.864056,3.000000,0.063870,0.329285,-0.297018,0.577980,OK
945,9.450000,39.720393,0.013343,12.864239,3.000000,0.063869,0.329236,-0.297063,0.578113,OK
946,9.460000,39.720309,0.013307,12.864427,3.000000,0.063868,0.329187,-0.297107,0.578246,OK
947,9.470000,39.720229,0.013270,12.864608,3.000000,0.063867,0.329138,-0.297151,0.578379,OK
948,9.480000,39.720151,0.013233,12.864792,3.000000,0.063866,0.329090,-0.297195,0.578511,OK
949,9.490000,39.720076,0.013196,12.864970,3.000000,0.063865,0.329042,-0.297239,0.578643,OK
950,9.500000,39.720003,0.013158,12.865151,3.000000,0.063864,0.328995,-0.297282,0.578775,OK
951,9.510000,39.719932,0.013121,12.865326,3.000000,0.063863,0.328948,-0.297325,0.578906,OK
952,9.520000,39.719865,0.013083,12.865504,3.000000,0.063862,0.328901,-0.297368,0.579037,OK
953,9.530000,39.719800,0.013046,12.865676,3.000000,0.063861,0.328854,-0.297411,0.579167,OK
954,9.540000,39.719737,0.013009,12.865851,3.000000,0.063860,0.328808,-0.297454,0.579297,OK
955,9.550000,39.719677,0.012972,12.866020,3.000000,0.063859,0.328762,-0.297497,0.579427,OK
956,9.560000,39.719620,0.012935,12.866193,3.000000,0.063858,0.328716,-0.297539,0.579556,OK
957,9.570000,39.719566,0.012899,12.866359,3.000000,0.063857,0.328671,-0.297582,0.579685,OK
958,9.580000,39.719514,0.012862,12.866528,3.000000,0.063856,0.328625,-0.297624,0.579814,OK
959,9.590000,39.719465,0.012826,12.866692,3.000000,0.063855,0.328580,-0.297667,0.579942,OK
960,9.600000,39.719418,0.012791,12.866859,3.000000,0.063854,0.328535,-0.297709,0.580070,OK
961,9.610000,39.719374,0.012755,12.867019,3.000000,0.063853,0.328490,-0.297752,0.580198,OK
962,9.620000,39.719333,0.012720,12.867184,3.000000,0.063852,0.328445,-0.297794,0.580325,OK
963,9.630000,39.719295,0.012685,12.867342,3.000000,0.063851,0.328401,-0.297837,0.580452,OK
964,9.640000,39.719259,0.012650,12.867504,3.000000,0.063850,0.328356,-0.297879,0.580578,OK
965,9.650000,39.719226,0.012616,12.867660,3.000000,0.063849,0.328312,-0.297922,0.580704,OK
966,9.660000,39.719196,0.012582,12.867820,3.000000,0.063848,0.328268,-0.297964,0.580830,OK
967,9.670000,39.719169,0.012547,12.867974,3.000000,0.063847,0.328224,-0.298006,0.580956,OK
968,9.680000,39.719144,0.012514,12.868132,3.000000,0.063846,0.328181,-0.298049,0.581081,OK
969,9.690000,39.719122,0.012480,12.868283,3.000000,0.063845,0.328137,-0.298091,0.581206,OK
970,9.700000,39.719103,0.012446,12.868439,3.000000,0.063844,0.328094,-0.298133,0.581330,OK
971,9.710000,39.719087,0.012413,12.868589,3.000000,0.063843,0.328051,-0.298175,0.581454,OK
972,9.720000,39.719073,0.012379,12.868743,3.000000,0.063842,0.328009,-0.298217,0.581578,OK
973,9.730000,39.719063,0.012346,12.868891,3.000000,0.063841,0.327966,-0.298258,0.581701,OK
974,9.740000,39.719055,0.012313,12.869043,3.000000,0.063840,0.327924,-0.298300,0.581825,OK
975,9.750000,39.719050,0.012280,12.869190,3.000000,0.063839,0.327882,-0.298342,0.581947,OK
976,9.760000,39.719047,0.012247,12.869340,3.000000,0.063838,0.327841,-0.298383,0.582070,OK
977,9.770000,39.719048,0.012214,12.869485,3.000000,0.063837,0.327799,-0.298424,0.582192,OK
978,9.780000,39.719051,0.012181,12.869634,3.000000,0.063836,0.327758,-0.298466,0.582314,OK
979,9.790000,39.719057,0.012149,12.869777,3.000000,0.063835,0.327718,-0.298507,0.582435,OK
980,9.800000,39.719066,0.012116,12.869924,3.000000,0.063834,0.327677,-0.298548,0.582556,OK
981,9.810000,39.719078,0.012083,12.870066,3.000000,0.063833,0.327637,-0.298589,0.582677,OK
982,9.820000,39.719093,0.012051,12.870211,3.000000,0.063832,0.327597,-0.298629,0.582798,OK
983,9.830000,39.719111,0.012019,12.870351,3.000000,0.063831,0.327557,-0.298670,0.582918,OK
984,9.840000,39.719131,0.011986,12.870495,3.000000,0.063830,0.327518,-0.298711,0.583038,OK
985,9.850000,39.719155,0.011954,12.870634,3.000000,0.063829,0.327479,-0.298751,0.583157,OK
986,9.860000,39.719181,0.011922,12.870776,3.000000,0.063828,0.327440,-0.298791,0.583277,OK
987,9.870000,39.719210,0.011890,12.870913,3.000000,0.063827,0.327401,-0.298832,0.583395,OK
988,9.880000,39.719242,0.011858,12.871054,3.000000,0.063826,0.327363,-0.298872,0.583514,OK
989,9.890000,39.719277,0.011826,12.871189,3.000000,0.063825,0.327325,-0.298912,0.583632,OK
990,9.900000,39.719314,0.011794,12.871328,3.000000,0.063824,0.327287,-0.298952,0.583750,OK
991,9.910000,39.719355,0.011763,12.871462,3.000000,0.063823,0.327249,-0.298992,0.583868,OK
992,9.920000,39.719399,0.011731,12.871599,3.000000,0.063823,0.327212,-0.299031,0.583985,OK
993,9.930000,39.719445,0.011700,12.871731,3.000000,0.063822,0.327175,-0.299071,0.584102,OK
994,9.940000,39.719494,0.011668,12.871867,3.000000,0.063821,0.327138,-0.299110,0.584219,OK
995,9.950000,39.719547,0.011637,12.871998,3.000000,0.063820,0.327102,-0.299150,0.584335,OK
996,9.960000,39.719602,0.011606,12.872132,3.000000,0.063819,0.327066,-0.299189,0.584451,OK
997,9.970000,39.719660,0.011575,12.872261,3.000000,0.063818,0.327030,-0.299228,0.584567,OK
998,9.980000,39.719721,0.011544,12.872394,3.000000,0.063817,0.326994,-0.299267,0.584682,OK
999,9.990000,39.719784,0.011513,12.872521,3.000000,0.063816,0.326958,-0.299306,0.584798,OK
1000,10.000000,39.719851,0.011482,12.872652,3.000000,0.063815,0.326923,-0.299345,0.584912,OK
1001,10.010000,39.719921,0.011451,12.872779,3.000000,0.063814,0.326888,-0.299384,0.585027,OK
1002,10.020000,39.719993,0.011420,12.872908,3.000000,0.063813,0.326854,-0.299423,0.585141,OK
1003,10.030000,39.720069,0.011390,12.873033,3.000000,0.063812,0.326819,-0.299461,0.585255,OK
1004,10.040000,39.720147,0.011359,12.873161,3.000000,0.063811,0.326785,-0.299500,0.585369,OK
1005,10.050000,39.720228,0.011329,12.873284,3.000000,0.063811,0.326751,-0.299538,0.585482,OK
1006,10.060000,39.720312,0.011299,12.873411,3.000000,0.063810,0.326718,-0.299577,0.585595,OK
1007,10.070000,39.720400,0.011268,12.873532,3.000000,0.063809,0.326684,-0.299615,0.585708,OK
1008,10.080000,39.720490,0.011237,12.873657,3.000000,0.063808,0.326652,-0.299652,0.585820,OK
1009,10.090000,39.720582,0.011206,12.873777,3.000000,0.063807,0.326619,-0.299690,0.585932,OK
1010,10.100000,39.720678,0.011175,12.873899,3.000000,0.063806,0.326588,-0.299727,0.586044,OK
1011,10.110000,39.720777,0.011144,12.874017,3.000000,0.063805,0.326556,-0.299764,0.586155,OK
1012,10.120000,39.720878,0.011113,12.874138,3.000000,0.063804,0.326525,-0.299801,0.586266,OK
1013,10.130000,39.720983,0.011081,12.874255,3.000000,0.063803,0.326494,-0.299837,0.586377,OK
1014,10.140000,39.721090,0.011051,12.874374,3.000000,0.063803,0.326463,-0.299874,0.586488,OK
1015,10.150000,39.721200,0.011020,12.874488,3.000000,0.063802,0.326433,-0.299911,0.586598,OK
1016,10.160000,39.721313,0.010989,12.874606,3.000000,0.063801,0.326402,-0.299947,0.586708,OK
1017,10.170000,39.721429,0.010959,12.874719,3.000000,0.063800,0.326372,-0.299984,0.586817,OK
1018,10.180000,39.721548,0.010929,12.874835,3.000000,0.063799,0.326342,-0.300021,0.586927,OK
1019,10.190000,39.721670,0.010899,12.874947,3.000000,0.063798,0.326312,-0.300057,0.587036,OK
1020,10.200000,39.721795,0.010870,12.875061,3.000000,0.063797,0.326283,-0.300094,0.587144,OK
1021,10.210000,39.721922,0.010840,12.875171,3.000000,0.063797,0.326253,-0.300131,0.587253,OK
1022,10.220000,39.722052,0.010811,12.875284,3.000000,0.063796,0.326224,-0.300167,0.587361,OK
1023,10.230000,39.722186,0.010782,12.875393,3.000000,0.063795,0.326195,-0.300204,0.587469,OK
1024,10.240000,39.722322,0.010753,12.875505,3.000000,0.063794,0.326166,-0.300240,0.587576,OK
1025,10.250000,39.722461,0.010725,12.875613,3.000000,0.063793,0.326137,-0.300277,0.587683,OK
1026,10.260000,39.722603,0.010696,12.875724,3.000000,0.063792,0.326109,-0.300313,0.587790,OK
1027,10.270000,39.722747,0.010668,12.875831,3.000000,0.063791,0.326080,-0.300349,0.587897,OK
1028,10.280000,39.722895,0.010640,12.875936,3.000000,0.063791,0.326052,-0.300386,0.588003,OK
1029,10.290000,39.723045,0.010613,12.876044,3.000000,0.063790,0.326024,-0.300422,0.588110,OK
1030,10.300000,39.723198,0.010585,12.876147,3.000000,0.063789,0.325996,-0.300459,0.588215,OK
1031,10.310000,39.723354,0.010558,12.876249,3.000000,0.063788,0.325968,-0.300495,0.588321,OK
1032,10.320000,39.723513,0.010530,12.876355,3.000000,0.063787,0.325941,-0.300531,0.588426,OK
1033,10.330000,39.723675,0.010503,12.876457,3.000000,0.063786,0.325914,-0.300568,0.588531,OK
1034,10.340000,39.723839,0.010476,12.876558,3.000000,0.063785,0.325887,-0.300604,0.588636,OK
1035,10.350000,39.724007,0.010449,12.876663,3.000000,0.063785,0.325860,-0.300640,0.588741,OK
1036,10.360000,39.724177,0.010422,12.876764,3.000000,0.063784,0.325834,-0.300676,0.588845,OK
1037,10.370000,39.724350,0.010395,12.876865,3.000000,0.063783,0.325808,-0.300711,0.588949,OK
1038,10.380000,39.724525,0.010368,12.876970,3.000000,0.063782,0.325782,-0.300747,0.589052,OK
1039,10.390000,39.724704,0.010341,12.877071,3.000000,0.063781,0.325756,-0.300782,0.589156,OK
1040,10.400000,39.724885,0.010314,12.877172,3.000000,0.063780,0.325731,-0.300818,0.589259,OK
1041,10.410000,39.725069,0.010287,12.877277,3.000000,0.063779,0.325706,-0.300853,0.589362,OK
1042,10.420000,39.725256,0.010260,12.877378,3.000000,0.063779,0.325681,-0.300888,0.589464,OK
1043,10.430000,39.725445,0.010233,12.877479,3.000000,0.063778,0.325657,-0.300923,0.589567,OK
1044,10.440000,39.725638,0.010206,12.877583,3.000000,0.063777,0.325633,-0.300958,0.589669,OK
1045,10.450000,39.725833,0.010179,12.877684,3.000000,0.063776,0.325609,-0.300993,0.589771,OK
1046,10.460000,39.726031,0.010152,12.877785,3.000000,0.063775,0.325585,-0.301027,0.589872,OK
1047,10.470000,39.726231,0.010125,12.877889,3.000000,0.063775,0.325562,-0.301062,0.589973,OK
1048,10.480000,39.726434,0.010098,12.877989,3.000000,0.063774,0.325539,-0.301096,0.590074,OK
1049,10.490000,39.726640,0.010071,12.878090,3.000000,0.063773,0.325516,-0.301130,0.590175,OK
1050,10.500000,39.726849,0.010045,12.878193,3.000000,0.063772,0.325494,-0.301165,0.590276,OK
1051,10.510000,39.727060,0.010018,12.878293,3.000000,0.063771,0.325471,-0.301199,0.590376,OK
1052,10.520000,39.727274,0.009991,12.878393,3.000000,0.063771,0.325449,-0.301232,0.590476,OK
1053,10.530000,39.727491,0.009964,12.878496,3.000000,0.063770,0.325428,-0.301266,0.590575,OK
1054,10.540000,39.727710,0.009938,12.878595,3.000000,0.063769,0.325406,-0.301300,0.590675,OK
1055,10.550000,39.727933,0.009911,12.878694,3.000000,0.063768,0.325385,-0.301334,0.590774,OK
1056,10.560000,39.728157,0.009885,12.878796,3.000000,0.063767,0.325364,-0.301367,0.590873,OK
1057,10.570000,39.728385,0.009858,12.878895,3.000000,0.063767,0.325343,-0.301400,0.590971,OK
1058,10.580000,39.728615,0.009832,12.878993,3.000000,0.063766,0.325323,-0.301434,0.591070,OK
1059,10.590000,39.728847,0.009805,12.879094,3.000000,0.063765,0.325302,-0.301467,0.591168,OK
1060,10.600000,39.729082,0.009779,12.879192,3.000000,0.063764,0.325282,-0.301500,0.591265,OK
1061,10.610000,39.729320,0.009753,12.879290,3.000000,0.063763,0.325262,-0.301533,0.591363,OK
1062,10.620000,39.729561,0.009727,12.879390,3.000000,0.063763,0.325243,-0.301566,0.591460,OK
1063,10.630000,39.729804,0.009701,12.879487,3.000000,0.063762,0.325224,-0.301599,0.591557,OK
1064,10.640000,39.730049,0.009675,12.879584,3.000000,0.063761,0.325204,-0.301632,0.591654,OK
1065,10.650000,39.730298,0.009649,12.879683,3.000000,0.063760,0.325186,-0.301664,0.591750,OK
1066,10.660000,39.730548,0.009623,12.879779,3.000000,0.063760,0.325167,-0.301697,0.591847,OK
1067,10.670000,39.730802,0.009597,12.879875,3.000000,0.063759,0.325149,-0.301729,0.591943,OK
1068,10.680000,39.731057,0.009572,12.879969,3.000000,0.063758,0.325130,-0.301762,0.592038,OK
1069,10.690000,39.731316,0.009546,12.880065,3.000000,0.063757,0.325112,-0.301795,0.592134,OK
1070,10.700000,39.731577,0.009521,12.880158,3.000000,0.063756,0.325094,-0.301827,0.592229,OK
1071,10.710000,39.731840,0.009496,12.880252,3.000000,0.063756,0.325077,-0.301859,0.592324,OK
1072,10.720000,39.732106,0.009471,12.880344,3.000000,0.063755,0.325059,-0.301892,0.592419,OK
1073,10.730000,39.732374,0.009446,12.880439,3.000000,0.063754,0.325042,-0.301924,0.592513,OK
1074,10.740000,39.732645,0.009421,12.880531,3.000000,0.063753,0.325025,-0.301956,0.592607,OK
1075,10.750000,39.732918,0.009395,12.880625,3.000000,0.063753,0.325008,-0.301988,0.592701,OK
1076,10.760000,39.733194,0.009371,12.880716,3.000000,0.063752,0.324991,-0.302020,0.592795,OK
1077,10.770000,39.733472,0.009346,12.880810,3.000000,0.063751,0.324975,-0.302052,0.592888,OK
1078,10.780000,39.733753,0.009320,12.880902,3.000000,0.063750,0.324959,-0.302083,0.592982,OK
1079,10.790000,39.734036,0.009294,12.880994,3.000000,0.063750,0.324944,-0.302114,0.593075,OK
1080,10.800000,39.734321,0.009268,12.881085,3.000000,0.063749,0.324929,-0.302144,0.593167,OK
1081,10.810000,39.734609,0.009242,12.881177,3.000000,0.063748,0.324915,-0.302175,0.593260,OK
1082,10.820000,39.734899,0.009216,12.881268,3.000000,0.063748,0.324901,-0.302205,0.593352,OK
1083,10.830000,39.735192,0.009189,12.881360,3.000000,0.063747,0.324887,-0.302235,0.593444,OK
1084,10.840000,39.735486,0.009163,12.881449,3.000000,0.063746,0.324873,-0.302266,0.593535,OK
1085,10.850000,39.735784,0.009138,12.881537,3.000000,0.063745,0.324859,-0.302296,0.593627,OK
1086,10.860000,39.736083,0.009113,12.881627,3.000000,0.063745,0.324845,-0.302326,0.593718,OK
1087,10.870000,39.736385,0.009087,12.881715,3.000000,0.063744,0.324832,-0.302357,0.593809,OK
1088,10.880000,39.736689,0.009062,12.881804,3.000000,0.063743,0.324819,-0.302387,0.593899,OK
1089,10.890000,39.736996,0.009037,12.881893,3.000000,0.063743,0.324806,-0.302417,0.593990,OK
1090,10.900000,39.737305,0.009012,12.881979,3.000000,0.063742,0.324793,-0.302447,0.594080,OK
1091,10.910000,39.737615,0.008988,12.882068,3.000000,0.063741,0.324780,-0.302478,0.594170,OK
1092,10.920000,39.737929,0.008964,12.882155,3.000000,0.063740,0.324767,-0.302508,0.594259,OK
1093,10.930000,39.738244,0.008939,12.882244,3.000000,0.063740,0.324754,-0.302538,0.594349,OK
1094,10.940000,39.738562,0.008915,12.882332,3.000000,0.063739,0.324742,-0.302568,0.594438,OK
1095,10.950000,39.738882,0.008891,12.882418,3.000000,0.063738,0.324730,-0.302598,0.594527,OK
1096,10.960000,39.739204,0.008868,12.882507,3.000000,0.063738,0.324717,-0.302628,0.594616,OK
1097,10.970000,39.739529,0.008844,12.882594,3.000000,0.063737,0.324705,-0.302658,0.594704,OK
1098,10.980000,39.739855,0.008820,12.882683,3.000000,0.063736,0.324694,-0.302688,0.594792,OK
1099,10.990000,39.740184,0.008796,12.882772,3.000000,0.063735,0.324682,-0.302718,0.594880,OK
1100,11.000000,39.740515,0.008773,12.882859,3.000000,0.063735,0.324671,-0.302748,0.594968,OK
1101,11.010000,39.740848,0.008749,12.882948,3.000000,0.063734,0.324660,-0.302777,0.595055,OK
1102,11.020000,39.741183,0.008726,12.883036,3.000000,0.063733,0.324649,-0.302807,0.595143,OK
1103,11.030000,39.741520,0.008702,12.883126,3.000000,0.063733,0.324638,-0.302836,0.595230,OK
1104,11.040000,39.741859,0.008679,12.883215,3.000000,0.063732,0.324628,-0.302865,0.595316,OK
1105,11.050000,39.742201,0.008655,12.883303,3.000000,0.063731,0.324618,-0.302895,0.595403,OK
1106,11.060000,39.742544,0.008632,12.883388,3.000000,0.063731,0.324607,-0.302924,0.595489,OK
1107,11.070000,39.742890,0.008609,12.883477,3.000000,0.063730,0.324597,-0.302953,0.595575,OK
1108,11.080000,39.743237,0.008586,12.883565,3.000000,0.063729,0.324588,-0.302982,0.595661,OK
1109,11.090000,39.743587,0.008563,12.883654,3.000000,0.063728,0.324578,-0.303011,0.595747,OK
1110,11.100000,39.743938,0.008540,12.883744,3.000000,0.063728,0.324569,-0.303040,0.595832,OK
1111,11.110000,39.744292,0.008517,12.883832,3.000000,0.063727,0.324560,-0.303069,0.595917,OK
1112,11.120000,39.744648,0.008494,12.883919,3.000000,0.063726,0.324551,-0.303097,0.596002,OK
1113,11.130000,39.745005,0.008471,12.884004,3.000000,0.063726,0.324542,-0.303126,0.596087,OK
1114,11.140000,39.745365,0.008449,12.884093,3.000000,0.063725,0.324533,-0.303155,0.596172,OK
1115,11.150000,39.745726,0.008426,12.884180,3.000000,0.063724,0.324525,-0.303183,0.596256,OK
1116,11.160000,39.746090,0.008403,12.884270,3.000000,0.063724,0.324517,-0.303212,0.596340,OK
1117,11.170000,39.746455,0.008380,12.884360,3.000000,0.063723,0.324509,-0.303240,0.596424,OK
1118,11.180000,39.746822,0.008357,12.884450,3.000000,0.063722,0.324502,-0.303268,0.596507,OK
1119,11.190000,39.747191,0.008334,12.884539,3.000000,0.063722,0.324494,-0.303296,0.596591,OK
1120,11.200000,39.747562,0.008312,12.884626,3.000000,0.063721,0.324487,-0.303324,0.596674,OK
1121,11.210000,39.747935,0.008289,12.884711,3.000000,0.063720,0.324479,-0.303352,0.596757,OK
1122,11.220000,39.748310,0.008267,12.884800,3.000000,0.063720,0.324472,-0.303380,0.596839,OK
1123,11.230000,39.748686,0.008244,12.884888,3.000000,0.063719,0.324465,-0.303408,0.596922,OK
1124,11.240000,39.749065,0.008222,12.884978,3.000000,0.063718,0.324459,-0.303435,0.597004,OK
1125,11.250000,39.749445,0.008199,12.885070,3.000000,0.063718,0.324453,-0.303462,0.597086,OK
1126,11.260000,39.749827,0.008176,12.885161,3.000000,0.063717,0.324447,-0.303489,0.597168,OK
1127,11.270000,39.750210,0.008153,12.885251,3.000000,0.063717,0.324441,-0.303517,0.597249,OK
1128,11.280000,39.750596,0.008131,12.885340,3.000000,0.063716,0.324435,-0.303544,0.597330,OK
1129,11.290000,39.750983,0.008109,12.885428,3.000000,0.063715,0.324430,-0.303571,0.597412,OK
1130,11.300000,39.751372,0.008087,12.885515,3.000000,0.063715,0.324424,-0.303598,0.597492,OK
1131,11.310000,39.751762,0.008065,12.885600,3.000000,0.063714,0.324418,-0.303626,0.597573,OK
1132,11.320000,39.752154,0.008043,12.885688,3.000000,0.063713,0.324413,-0.303653,0.597654,OK
1133,11.330000,39.752548,0.008021,12.885776,3.000000,0.063713,0.324408,-0.303680,0.597734,OK
1134,11.340000,39.752944,0.007999,12.885867,3.000000,0.063712,0.324404,-0.303706,0.597814,OK
1135,11.350000,39.753341,0.007976,12.885959,3.000000,0.063711,0.324399,-0.303733,0.597893,OK
1136,11.360000,39.753740,0.007954,12.886052,3.000000,0.063711,0.324395,-0.303759,0.597973,OK
1137,11.370000,39.754141,0.007932,12.886144,3.000000,0.063710,0.324391,-0.303785,0.598052,OK
1138,11.380000,39.754543,0.007909,12.886235,3.000000,0.063710,0.324387,-0.303811,0.598131,OK
1139,11.390000,39.754947,0.007887,12.886326,3.000000,0.063709,0.324384,-0.303837,0.598210,OK
1140,11.400000,39.755352,0.007865,12.886416,3.000000,0.063708,0.324380,-0.303864,0.598289,OK
1141,11.410000,39.755759,0.007843,12.886505,3.000000,0.063708,0.324377,-0.303890,0.598367,OK
1142,11.420000,39.756167,0.007822,12.886592,3.000000,0.063707,0.324373,-0.303916,0.598446,OK
1143,11.430000,39.756577,0.007800,12.886679,3.000000,0.063706,0.324370,-0.303942,0.598524,OK
1144,11.440000,39.756988,0.007779,12.886765,3.000000,0.063706,0.324366,-0.303968,0.598601,OK
1145,11.450000,39.757401,0.007758,12.886849,3.000000,0.063705,0.324363,-0.303995,0.598679,OK
1146,11.460000,39.757816,0.007738,12.886933,3.000000,0.063705,0.324360,-0.304021,0.598756,OK
1147,11.470000,39.758231,0.007717,12.887021,3.000000,0.063704,0.324357,-0.304047,0.598834,OK
1148,11.480000,39.758649,0.007695,12.887110,3.000000,0.063703,0.324354,-0.304073,0.598910,OK
1149,11.490000,39.759067,0.007674,12.887201,3.000000,0.063703,0.324352,-0.304098,0.598987,OK
1150,11.500000,39.759488,0.007652,12.887295,3.000000,0.063702,0.324350,-0.304123,0.599064,OK
1151,11.510000,39.759909,0.007630,12.887389,3.000000,0.063702,0.324349,-0.304148,0.599140,OK
1152,11.520000,39.760332,0.007608,12.887485,3.000000,0.063701,0.324348,-0.304173,0.599216,OK
1153,11.530000,39.760756,0.007586,12.887580,3.000000,0.063700,0.324347,-0.304198,0.599292,OK
1154,11.540000,39.761182,0.007564,12.887675,3.000000,0.063700,0.324346,-0.304222,0.599368,OK
1155,11.550000,39.761609,0.007542,12.887770,3.000000,0.063699,0.324345,-0.304247,0.599443,OK
1156,11.560000,39.762038,0.007520,12.887865,3.000000,0.063699,0.324344,-0.304271,0.599518,OK
1157,11.570000,39.762467,0.007498,12.887959,3.000000,0.063698,0.324344,-0.304295,0.599593,OK
1158,11.580000,39.762898,0.007476,12.888053,3.000000,0.063698,0.324343,-0.304320,0.599668,OK
1159,11.590000,39.763330,0.007455,12.888147,3.000000,0.063697,0.324343,-0.304344,0.599743,OK
1160,11.600000,39.763764,0.007433,12.888240,3.000000,0.063696,0.324343,-0.304368,0.599817,OK
1161,11.610000,39.764199,0.007412,12.888333,3.000000,0.063696,0.324343,-0.304392,0.599891,OK
1162,11.620000,39.764635,0.007390,12.888425,3.000000,0.063695,0.324343,-0.304417,0.599965,OK
1163,11.630000,39.765072,0.007369,12.888518,3.000000,0.063695,0.324343,-0.304441,0.600039,OK
1164,11.640000,39.765510,0.007348,12.888610,3.000000,0.063694,0.324343,-0.304465,0.600112,OK
1165,11.650000,39.765950,0.007327,12.888701,3.000000,0.063694,0.324344,-0.304489,0.600185,OK
1166,11.660000,39.766390,0.007305,12.888792,3.000000,0.063693,0.324345,-0.304512,0.600258,OK
1167,11.670000,39.766832,0.007283,12.888883,3.000000,0.063692,0.324346,-0.304536,0.600331,OK
1168,11.680000,39.767275,0.007261,12.888974,3.000000,0.063692,0.324348,-0.304559,0.600404,OK
1169,11.690000,39.767719,0.007239,12.889065,3.000000,0.063691,0.324349,-0.304582,0.600476,OK
1170,11.700000,39.768165,0.007217,12.889155,3.000000,0.063691,0.324351,-0.304604,0.600548,OK
1171,11.710000,39.768611,0.007195,12.889246,3.000000,0.063690,0.324353,-0.304627,0.600620,OK
1172,11.720000,39.769059,0.007173,12.889337,3.000000,0.063690,0.324356,-0.304650,0.600692,OK
1173,11.730000,39.769507,0.007151,12.889428,3.000000,0.063689,0.324358,-0.304672,0.600764,OK
1174,11.740000,39.769957,0.007129,12.889520,3.000000,0.063689,0.324360,-0.304695,0.600835,OK
1175,11.750000,39.770407,0.007108,12.889612,3.000000,0.063688,0.324363,-0.304717,0.600906,OK
1176,11.760000,39.770859,0.007086,12.889705,3.000000,0.063688,0.324365,-0.304740,0.600977,OK
1177,11.770000,39.771311,0.007064,12.889798,3.000000,0.063687,0.324368,-0.304762,0.601047,OK
1178,11.780000,39.771765,0.007043,12.889891,3.000000,0.063687,0.324371,-0.304785,0.601118,OK
1179,11.790000,39.772219,0.007021,12.889986,3.000000,0.063686,0.324374,-0.304807,0.601188,OK
1180,11.800000,39.772675,0.007000,12.890080,3.000000,0.063686,0.324377,-0.304829,0.601258,OK
1181,11.810000,39.773131,0.006979,12.890176,3.000000,0.063685,0.324380,-0.304851,0.601328,OK
1182,11.820000,39.773589,0.006958,12.890272,3.000000,0.063684,0.324384,-0.304873,0.601397,OK
1183,11.830000,39.774047,0.006937,12.890368,3.000000,0.063684,0.324387,-0.304895,0.601467,OK
1184,11.840000,39.774506,0.006915,12.890466,3.000000,0.063683,0.324391,-0.304917,0.601536,OK
1185,11.850000,39.774966,0.006894,12.890564,3.000000,0.063683,0.324395,-0.304939,0.601605,OK
1186,11.860000,39.775427,0.006873,12.890662,3.000000,0.063682,0.324398,-0.304961,0.601674,OK
1187,11.870000,39.775889,0.006852,12.890762,3.000000,0.063682,0.324403,-0.304982,0.601742,OK
1188,11.880000,39.776352,0.006831,12.890862,3.000000,0.063681,0.324407,-0.305004,0.601810,OK
1189,11.890000,39.776815,0.006810,12.890963,3.000000,0.063681,0.324411,-0.305025,0.601879,OK
1190,11.900000,39.777279,0.006788,12.891065,3.000000,0.063680,0.324416,-0.305046,0.601946,OK
1191,11.910000,39.777744,0.006767,12.891167,3.000000,0.063680,0.324421,-0.305067,0.602014,OK
1192,11.920000,39.778210,0.006746,12.891265,3.000000,0.063679,0.324425,-0.305088,0.602082,OK
1193,11.930000,39.778677,0.006726,12.891363,3.000000,0.063679,0.324430,-0.305110,0.602149,OK
1194,11.940000,39.779144,0.006706,12.891457,3.000000,0.063678,0.324434,-0.305131,0.602216,OK
1195,11.950000,39.779612,0.006686,12.891550,3.000000,0.063678,0.324439,-0.305153,0.602283,OK
1196,11.960000,39.780081,0.006667,12.891642,3.000000,0.063677,0.324443,-0.305175,0.602349,OK
1197,11.970000,39.780550,0.006647,12.891734,3.000000,0.063677,0.324447,-0.305196,0.602416,OK
1198,11.980000,39.781020,0.006628,12.891826,3.000000,0.063676,0.324452,-0.305218,0.602482,OK
1199,11.990000,39.781491,0.006609,12.891919,3.000000,0.063676,0.324456,-0.305240,0.602548,OK
1200,12.000000,39.781963,0.006590,12.892013,3.000000,0.063675,0.324461,-0.305261,0.602614,OK
1201,12.010000,39.782435,0.006571,12.892108,3.000000,0.063675,0.324466,-0.305282,0.602680,OK
1202,12.020000,39.782907,0.006551,12.892204,3.000000,0.063674,0.324471,-0.305303,0.602745,OK
1203,12.030000,39.783381,0.006532,12.892302,3.000000,0.063674,0.324477,-0.305324,0.602811,OK
1204,12.040000,39.783855,0.006512,12.892401,3.000000,0.063673,0.324482,-0.305345,0.602876,OK
1205,12.050000,39.784329,0.006492,12.892496,3.000000,0.063673,0.324488,-0.305366,0.602941,OK
1206,12.060000,39.784804,0.006473,12.892592,3.000000,0.063672,0.324493,-0.305387,0.603005,OK
1207,12.070000,39.785280,0.006454,12.892684,3.000000,0.063672,0.324499,-0.305408,0.603070,OK
1208,12.080000,39.785756,0.006436,12.892776,3.000000,0.063671,0.324504,-0.305429,0.603134,OK
1209,12.090000,39.786233,0.006417,12.892868,3.000000,0.063671,0.324510,-0.305449,0.603199,OK
1210,12.100000,39.786710,0.006398,12.892960,3.000000,0.063670,0.324515,-0.305470,0.603263,OK
1211,12.110000,39.787188,0.006380,12.893053,3.000000,0.063670,0.324521,-0.305491,0.603326,OK
1212,12.120000,39.787666,0.006361,12.893148,3.000000,0.063669,0.324527,-0.305512,0.603390,OK
1213,12.130000,39.788145,0.006342,12.893244,3.000000,0.063669,0.324533,-0.305532,0.603453,OK
1214,12.140000,39.788624,0.006323,12.893341,3.000000,0.063668,0.324540,-0.305552,0.603517,OK
1215,12.150000,39.789103,0.006304,12.893436,3.000000,0.063668,0.324546,-0.305572,0.603580,OK
1216,12.160000,39.789583,0.006285,12.893531,3.000000,0.063667,0.324553,-0.305593,0.603642,OK
1217,12.170000,39.790064,0.006267,12.893625,3.000000,0.063667,0.324559,-0.305613,0.603705,OK
1218,12.180000,39.790545,0.006249,12.893717,3.000000,0.063667,0.324565,-0.305633,0.603768,OK
1219,12.190000,39.791026,0.006231,12.893811,3.000000,0.063666,0.324572,-0.305653,0.603830,OK
1220,12.200000,39.791507,0.006212,12.893905,3.000000,0.063666,0.324579,-0.305673,0.603892,OK
1221,12.210000,39.791989,0.006194,12.894000,3.000000,0.063665,0.324585,-0.305693,0.603954,OK
1222,12.220000,39.792472,0.006175,12.894097,3.000000,0.063665,0.324593,-0.305713,0.604016,OK
1223,12.230000,39.792954,0.006156,12.894196,3.000000,0.063664,0.324600,-0.305733,0.604077,OK
1224,12.240000,39.793437,0.006138,12.894292,3.000000,0.063664,0.324607,-0.305752,0.604139,OK
1225,12.250000,39.793920,0.006119,12.894389,3.000000,0.063663,0.324614,-0.305772,0.604200,OK
1226,12.260000,39.794404,0.006101,12.894483,3.000000,0.063663,0.324622,-0.305791,0.604261,OK
1227,12.270000,39.794888,0.006083,12.894578,3.000000,0.063662,0.324629,-0.305811,0.604322,OK
1228,12.280000,39.795372,0.006065,12.894673,3.000000,0.063662,0.324636,-0.305830,0.604382,OK
1229,12.290000,39.795856,0.006047,12.894769,3.000000,0.063661,0.324644,-0.305849,0.604443,OK
1230,12.300000,39.796341,0.006028,12.894866,3.000000,0.063661,0.324652,-0.305869,0.604503,OK
1231,12.310000,39.796825,0.006010,12.894966,3.000000,0.063661,0.324660,-0.305888,0.604563,OK
1232,12.320000,39.797310,0.005991,12.895062,3.000000,0.063660,0.324668,-0.305906,0.604623,OK
1233,12.330000,39.797795,0.005973,12.895160,3.000000,0.063660,0.324676,-0.305925,0.604683,OK
1234,12.340000,39.798281,0.005956,12.895255,3.000000,0.063659,0.324683,-0.305945,0.604742,OK
1235,12.350000,39.798766,0.005938,12.895351,3.000000,0.063659,0.324691,-0.305964,0.604802,OK
1236,12.360000,39.799252,0.005920,12.895447,3.000000,0.063658,0.324699,-0.305982,0.604861,OK
1237,12.370000,39.799738,0.005902,12.895544,3.000000,0.063658,0.324708,-0.306001,0.604920,OK
1238,12.380000,39.800224,0.005884,12.895643,3.000000,0.063657,0.324716,-0.306020,0.604979,OK
1239,12.390000,39.800710,0.005865,12.895744,3.000000,0.063657,0.324725,-0.306038,0.605038,OK
1240,12.400000,39.801196,0.005847,12.895842,3.000000,0.063657,0.324733,-0.306056,0.605096,OK
1241,12.410000,39.801682,0.005829,12.895941,3.000000,0.063656,0.324742,-0.306075,0.605154,OK
1242,12.420000,39.802168,0.005812,12.896038,3.000000,0.063656,0.324751,-0.306093,0.605212,OK
1243,12.430000,39.802655,0.005794,12.896134,3.000000,0.063655,0.324759,-0.306112,0.605270,OK
1244,12.440000,39.803141,0.005776,12.896231,3.000000,0.063655,0.324768,-0.306130,0.605328,OK
1245,12.450000,39.803628,0.005759,12.896330,3.000000,0.063654,0.324777,-0.306148,0.605386,OK
1246,12.460000,39.804114,0.005741,12.896430,3.000000,0.063654,0.324786,-0.306166,0.605443,OK
1247,12.470000,39.804601,0.005723,12.896528,3.000000,0.063654,0.324795,-0.306184,0.605500,OK
1248,12.480000,39.805087,0.005705,12.896626,3.000000,0.063653,0.324804,-0.306202,0.605557,OK
1249,12.490000,39.805574,0.005688,12.896723,3.000000,0.063653,0.324813,-0.306220,0.605614,OK
1250,12.500000,39.806060,0.005671,12.896820,3.000000,0.063652,0.324822,-0.306238,0.605671,OK
1251,12.510000,39.806547,0.005653,12.896917,3.000000,0.063652,0.324831,-0.306256,0.605728,OK
1252,12.520000,39.807033,0.005636,12.897017,3.000000,0.063651,0.324840,-0.306273,0.605784,OK
1253,12.530000,39.807520,0.005618,12.897118,3.000000,0.063651,0.324850,-0.306291,0.605840,OK
1254,12.540000,39.808006,0.005601,12.897216,3.000000,0.063651,0.324859,-0.306308,0.605896,OK
1255,12.550000,39.808492,0.005583,12.897315,3.000000,0.063650,0.324869,-0.306326,0.605952,OK
1256,12.560000,39.808978,0.005566,12.897413,3.000000,0.063650,0.324878,-0.306344,0.606008,OK
1257,12.570000,39.809464,0.005549,12.897510,3.000000,0.063649,0.324887,-0.306361,0.606063,OK
1258,12.580000,39.809950,0.005532,12.897609,3.000000,0.063649,0.324897,-0.306378,0.606118,OK
1259,12.590000,39.810436,0.005515,12.897709,3.000000,0.063648,0.324907,-0.306396,0.606174,OK
1260,12.600000,39.810921,0.005497,12.897812,3.000000,0.063648,0.324917,-0.306413,0.606228,OK
1261,12.610000,39.811407,0.005480,12.897911,3.000000,0.063648,0.324927,-0.306429,0.606283,OK
1262,12.620000,39.811892,0.005463,12.898011,3.000000,0.063647,0.324937,-0.306446,0.606338,OK
1263,12.630000,39.812377,0.005446,12.898109,3.000000,0.063647,0.324946,-0.306464,0.606392,OK
1264,12.640000,39.812862,0.005429,12.898208,3.000000,0.063646,0.324956,-0.306481,0.606447,OK
1265,12.650000,39.813347,0.005412,12.898307,3.000000,0.063646,0.324966,-0.306497,0.606501,OK
1266,12.660000,39.813831,0.005395,12.898408,3.000000,0.063646,0.324976,-0.306514,0.606555,OK
1267,12.670000,39.814316,0.005378,12.898506,3.000000,0.063645,0.324987,-0.306531,0.606608,OK
1268,12.680000,39.814800,0.005361,12.898606,3.000000,0.063645,0.324997,-0.306548,0.606662,OK
1269,12.690000,39.815284,0.005344,12.898704,3.000000,0.063645,0.325007,-0.306564,0.606716,OK
1270,12.700000,39.815767,0.005328,12.898802,3.000000,0.063644,0.325017,-0.306581,0.606769,OK
1271,12.710000,39.816251,0.005311,12.898902,3.000000,0.063644,0.325027,-0.306598,0.606822,OK
1272,12.720000,39.816734,0.005294,12.899003,3.000000,0.063643,0.325038,-0.306614,0.606875,OK
1273,12.730000,39.817216,0.005278,12.899102,3.000000,0.063643,0.325048,-0.306630,0.606928,OK
1274,12.740000,39.817699,0.005261,12.899202,3.000000,0.063643,0.325058,-0.306647,0.606980,OK
1275,12.750000,39.818181,0.005245,12.899300,3.000000,0.063642,0.325069,-0.306663,0.607033,OK
1276,12.760000,39.818663,0.005228,12.899399,3.000000,0.063642,0.325079,-0.306680,0.607085,OK
1277,12.770000,39.819144,0.005212,12.899499,3.000000,0.063641,0.325090,-0.306696,0.607137,OK
1278,12.780000,39.819625,0.005195,12.899602,3.000000,0.063641,0.325100,-0.306712,0.607189,OK
1279,12.790000,39.820106,0.005178,12.899701,3.000000,0.063641,0.325111,-0.306727,0.607241,OK
1280,12.800000,39.820587,0.005162,12.899802,3.000000,0.063640,0.325122,-0.306743,0.607292,OK
1281,12.810000,39.821067,0.005146,12.899901,3.000000,0.063640,0.325132,-0.306759,0.607344,OK
1282,12.820000,39.821546,0.005130,12.900001,3.000000,0.063640,0.325143,-0.306775,0.607395,OK
1283,12.830000,39.822026,0.005113,12.900102,3.000000,0.063639,0.325154,-0.306791,0.607446,OK
1284,12.840000,39.822505,0.005097,12.900205,3.000000,0.063639,0.325165,-0.306807,0.607497,OK
1285,12.850000,39.822983,0.005080,12.900305,3.000000,0.063638,0.325176,-0.306822,0.607548,OK
1286,12.860000,39.823461,0.005064,12.900406,3.000000,0.063638,0.325187,-0.306838,0.607599,OK
1287,12.870000,39.823939,0.005048,12.900506,3.000000,0.063638,0.325198,-0.306853,0.607649,OK
1288,12.880000,39.824416,0.005032,12.900606,3.000000,0.063637,0.325209,-0.306869,0.607700,OK
1289,12.890000,39.824893,0.005015,12.900707,3.000000,0.063637,0.325220,-0.306884,0.607750,OK
1290,12.900000,39.825369,0.004999,12.900811,3.000000,0.063637,0.325231,-0.306899,0.607800,OK
1291,12.910000,39.825845,0.004982,12.900910,3.000000,0.063636,0.325243,-0.306914,0.607850,OK
1292,12.920000,39.826320,0.004966,12.901012,3.000000,0.063636,0.325254,-0.306929,0.607899,OK
1293,12.930000,39.826795,0.004949,12.901111,3.000000,0.063636,0.325266,-0.306944,0.607949,OK
1294,12.940000,39.827269,0.004932,12.901210,3.000000,0.063635,0.325278,-0.306958,0.607998,OK
1295,12.950000,39.827743,0.004914,12.901311,3.000000,0.063635,0.325290,-0.306972,0.608047,OK
1296,12.960000,39.828216,0.004897,12.901408,3.000000,0.063635,0.325302,-0.306986,0.608096,OK
1297,12.970000,39.828689,0.004880,12.901507,3.000000,0.063634,0.325314,-0.307000,0.608145,OK
1298,12.980000,39.829161,0.004863,12.901605,3.000000,0.063634,0.325326,-0.307014,0.608194,OK
1299,12.990000,39.829633,0.004846,12.901703,3.000000,0.063634,0.325338,-0.307029,0.608242,OK
1300,13.000000,39.830104,0.004829,12.901802,3.000000,0.063633,0.325350,-0.307043,0.608290,OK
1301,13.010000,39.830575,0.004812,12.901899,3.000000,0.063633,0.325362,-0.307057,0.608338,OK
1302,13.020000,39.831045,0.004796,12.901997,3.000000,0.063633,0.325374,-0.307071,0.608386,OK
1303,13.030000,39.831514,0.004780,12.902094,3.000000,0.063632,0.325386,-0.307085,0.608434,OK
1304,13.040000,39.831983,0.004764,12.902191,3.000000,0.063632,0.325398,-0.307099,0.608482,OK
1305,13.050000,39.832451,0.004748,12.902290,3.000000,0.063632,0.325409,-0.307114,0.608529,OK
1306,13.060000,39.832919,0.004732,12.902387,3.000000,0.063631,0.325421,-0.307128,0.608577,OK
1307,13.070000,39.833386,0.004717,12.902485,3.000000,0.063631,0.325433,-0.307142,0.608624,OK
1308,13.080000,39.833852,0.004702,12.902581,3.000000,0.063631,0.325444,-0.307156,0.608671,OK
1309,13.090000,39.834318,0.004686,12.902679,3.000000,0.063630,0.325456,-0.307171,0.608718,OK
1310,13.100000,39.834783,0.004671,12.902778,3.000000,0.063630,0.325467,-0.307185,0.608764,OK
1311,13.110000,39.835247,0.004656,12.902875,3.000000,0.063630,0.325479,-0.307199,0.608811,OK
1312,13.120000,39.835711,0.004641,12.902973,3.000000,0.063629,0.325490,-0.307213,0.608857,OK
1313,13.130000,39.836174,0.004626,12.903070,3.000000,0.063629,0.325502,-0.307227,0.608904,OK
1314,13.140000,39.836637,0.004611,12.903168,3.000000,0.063629,0.325513,-0.307242,0.608950,OK
1315,13.150000,39.837098,0.004596,12.903268,3.000000,0.063628,0.325525,-0.307256,0.608996,OK
1316,13.160000,39.837559,0.004581,12.903366,3.000000,0.063628,0.325536,-0.307269,0.609041,OK
1317,13.170000,39.838020,0.004566,12.903465,3.000000,0.063628,0.325548,-0.307283,0.609087,OK
1318,13.180000,39.838480,0.004552,12.903563,3.000000,0.063627,0.325559,-0.307297,0.609133,OK
1319,13.190000,39.838939,0.004537,12.903662,3.000000,0.063627,0.325571,-0.307311,0.609178,OK
1320,13.200000,39.839397,0.004522,12.903762,3.000000,0.063627,0.325583,-0.307325,0.609223,OK
1321,13.210000,39.839854,0.004507,12.903861,3.000000,0.063626,0.325595,-0.307338,0.609268,OK
1322,13.220000,39.840311,0.004492,12.903961,3.000000,0.063626,0.325606,-0.307352,0.609313,OK
1323,13.230000,39.840767,0.004478,12.904060,3.000000,0.063626,0.325618,-0.307366,0.609358,OK
1324,13.240000,39.841223,0.004463,12.904160,3.000000,0.063625,0.325630,-0.307379,0.609403,OK
1325,13.250000,39.841677,0.004448,12.904261,3.000000,0.063625,0.325641,-0.307393,0.609447,OK
1326,13.260000,39.842131,0.004433,12.904360,3.000000,0.063625,0.325653,-0.307406,0.609491,OK
1327,13.270000,39.842584,0.004419,12.904461,3.000000,0.063624,0.325665,-0.307419,0.609536,OK
1328,13.280000,39.843036,0.004404,12.904561,3.000000,0.063624,0.325677,-0.307432,0.609580,OK
1329,13.290000,39.843488,0.004390,12.904661,3.000000,0.063624,0.325689,-0.307446,0.609624,OK
1330,13.300000,39.843938,0.004375,12.904763,3.000000,0.063623,0.325701,-0.307459,0.609667,OK
1331,13.310000,39.844388,0.004360,12.904863,3.000000,0.063623,0.325713,-0.307471,0.609711,OK
1332,13.320000,39.844837,0.004345,12.904964,3.000000,0.063623,0.325725,-0.307484,0.609754,OK
1333,13.330000,39.845286,0.004331,12.905064,3.000000,0.063622,0.325736,-0.307497,0.609798,OK
1334,13.340000,39.845733,0.004317,12.905164,3.000000,0.063622,0.325748,-0.307510,0.609841,OK
1335,13.350000,39.846180,0.004302,12.905267,3.000000,0.063622,0.325760,-0.307523,0.609884,OK
1336,13.360000,39.846626,0.004287,12.905366,3.000000,0.063622,0.325772,-0.307536,0.609927,OK
1337,13.370000,39.847071,0.004273,12.905468,3.000000,0.063621,0.325784,-0.307548,0.609969,OK
1338,13.380000,39.847515,0.004258,12.905568,3.000000,0.063621,0.325796,-0.307561,0.610012,OK
1339,13.390000,39.847958,0.004244,12.905668,3.000000,0.063621,0.325808,-0.307574,0.610055,OK
1340,13.400000,39.848400,0.004230,12.905770,3.000000,0.063620,0.325820,-0.307586,0.610097,OK
1341,13.410000,39.848842,0.004215,12.905870,3.000000,0.063620,0.325832,-0.307599,0.610139,OK
1342,13.420000,39.849283,0.004201,12.905971,3.000000,0.063620,0.325844,-0.307611,0.610181,OK
1343,13.430000,39.849722,0.004187,12.906071,3.000000,0.063619,0.325856,-0.307623,0.610223,OK
1344,13.440000,39.850161,0.004173,12.906171,3.000000,0.063619,0.325868,-0.307636,0.610265,OK
1345,13.450000,39.850599,0.004158,12.906273,3.000000,0.063619,0.325880,-0.307648,0.610306,OK
1346,13.460000,39.851037,0.004144,12.906373,3.000000,0.063619,0.325892,-0.307660,0.610348,OK
1347,13.470000,39.851473,0.004130,12.906474,3.000000,0.063618,0.325904,-0.307672,0.610389,OK
1348,13.480000,39.851908,0.004116,12.906573,3.000000,0.063618,0.325916,-0.307685,0.610430,OK
1349,13.490000,39.852343,0.004102,12.906673,3.000000,0.063618,0.325928,-0.307697,0.610471,OK
1350,13.500000,39.852776,0.004088,12.906775,3.000000,0.063617,0.325940,-0.307709,0.610512,OK
1351,13.510000,39.853209,0.004074,12.906874,3.000000,0.063617,0.325952,-0.307720,0.610553,OK
1352,13.520000,39.853641,0.004060,12.906975,3.000000,0.063617,0.325964,-0.307732,0.610593,OK
1353,13.530000,39.854071,0.004046,12.907074,3.000000,0.063617,0.325976,-0.307744,0.610634,OK
1354,13.540000,39.854501,0.004032,12.907174,3.000000,0.063616,0.325988,-0.307756,0.610674,OK
1355,13.550000,39.854930,0.004018,12.907275,3.000000,0.063616,0.326000,-0.307768,0.610714,OK
1356,13.560000,39.855358,0.004004,12.907374,3.000000,0.063616,0.326012,-0.307780,0.610754,OK
1357,13.570000,39.855785,0.003991,12.907474,3.000000,0.063616,0.326024,-0.307791,0.610794,OK
1358,13.580000,39.856211,0.003977,12.907573,3.000000,0.063615,0.326036,-0.307803,0.610834,OK
1359,13.590000,39.856636,0.003963,12.907673,3.000000,0.063615,0.326048,-0.307815,0.610874,OK
1360,13.600000,39.857061,0.003950,12.907774,3.000000,0.063615,0.326060,-0.307826,0.610913,OK
1361,13.610000,39.857484,0.003936,12.907873,3.000000,0.063614,0.326072,-0.307838,0.610952,OK
1362,13.620000,39.857906,0.003922,12.907972,3.000000,0.063614,0.326083,-0.307849,0.610992,OK
1363,13.630000,39.858327,0.003909,12.908071,3.000000,0.063614,0.326095,-0.307861,0.611031,OK
1364,13.640000,39.858747,0.003895,12.908170,3.000000,0.063614,0.326107,-0.307872,0.611070,OK
1365,13.650000,39.859167,0.003882,12.908271,3.000000,0.063613,0.326119,-0.307883,0.611109,OK
1366,13.660000,39.859585,0.003868,12.908369,3.000000,0.063613,0.326131,-0.307895,0.611147,OK
1367,13.670000,39.860002,0.003855,12.908469,3.000000,0.063613,0.326143,-0.307906,0.611186,OK
1368,13.680000,39.860418,0.003842,12.908567,3.000000,0.063613,0.326155,-0.307917,0.611224,OK
1369,13.690000,39.860834,0.003828,12.908665,3.000000,0.063612,0.326166,-0.307928,0.611262,OK
1370,13.700000,39.861248,0.003815,12.908766,3.000000,0.063612,0.326178,-0.307939,0.611301,OK
1371,13.710000,39.861661,0.003801,12.908863,3.000000,0.063612,0.326190,-0.307950,0.611339,OK
1372,13.720000,39.862073,0.003788,12.908963,3.000000,0.063612,0.326202,-0.307961,0.611376,OK
1373,13.730000,39.862485,0.003775,12.909060,3.000000,0.063611,0.326214,-0.307972,0.611414,OK
1374,13.740000,39.862895,0.003762,12.909159,3.000000,0.063611,0.326225,-0.307983,0.611452,OK
1375,13.750000,39.863304,0.003749,12.909259,3.000000,0.063611,0.326237,-0.307994,0.611489,OK
1376,13.760000,39.863712,0.003736,12.909356,3.000000,0.063610,0.326249,-0.308005,0.611527,OK
1377,13.770000,39.864119,0.003723,12.909454,3.000000,0.063610,0.326261,-0.308016,0.611564,OK
1378,13.780000,39.864525,0.003710,12.909552,3.000000,0.063610,0.326273,-0.308026,0.611601,OK
1379,13.790000,39.864930,0.003697,12.909650,3.000000,0.063610,0.326284,-0.308037,0.611638,OK
1380,13.800000,39.865334,0.003684,12.909749,3.000000,0.063609,0.326296,-0.308048,0.611675,OK
1381,13.810000,39.865737,0.003671,12.909846,3.000000,0.063609,0.326308,-0.308058,0.611712,OK
1382,13.820000,39.866139,0.003658,12.909944,3.000000,0.063609,0.326319,-0.308069,0.611748,OK
1383,13.830000,39.866540,0.003645,12.910041,3.000000,0.063609,0.326331,-0.308079,0.611785,OK
1384,13.840000,39.866940,0.003632,12.910138,3.000000,0.063608,0.326343,-0.308090,0.611821,OK
1385,13.850000,39.867338,0.003619,12.910237,3.000000,0.063608,0.326354,-0.308100,0.611857,OK
1386,13.860000,39.867736,0.003607,12.910333,3.000000,0.063608,0.326366,-0.308111,0.611893,OK
1387,13.870000,39.868132,0.003594,12.910431,3.000000,0.063608,0.326378,-0.308121,0.611929,OK
1388,13.880000,39.868528,0.003581,12.910527,3.000000,0.063607,0.326389,-0.308131,0.611965,OK
1389,13.890000,39.868922,0.003569,12.910624,3.000000,0.063607,0.326401,-0.308142,0.612001,OK
1390,13.900000,39.869316,0.003556,12.910722,3.000000,0.063607,0.326412,-0.308152,0.612036,OK
1391,13.910000,39.869708,0.003543,12.910818,3.000000,0.063607,0.326424,-0.308162,0.612072,OK
1392,13.920000,39.870099,0.003531,12.910915,3.000000,0.063607,0.326435,-0.308172,0.612107,OK
1393,13.930000,39.870489,0.003519,12.911011,3.000000,0.063606,0.326447,-0.308182,0.612142,OK
1394,13.940000,39.870878,0.003506,12.911107,3.000000,0.063606,0.326458,-0.308192,0.612177,OK
1395,13.950000,39.871266,0.003493,12.911205,3.000000,0.063606,0.326470,-0.308202,0.612212,OK
1396,13.960000,39.871653,0.003481,12.911300,3.000000,0.063606,0.326481,-0.308212,0.612247,OK
1397,13.970000,39.872039,0.003469,12.911397,3.000000,0.063605,0.326493,-0.308222,0.612282,OK
1398,13.980000,39.872423,0.003456,12.911492,3.000000,0.063605,0.326504,-0.308232,0.612316,OK
1399,13.990000,39.872807,0.003444,12.911587,3.000000,0.063605,0.326515,-0.308242,0.612351,OK
1400,14.000000,39.873189,0.003432,12.911685,3.000000,0.063605,0.326527,-0.308252,0.612385,OK
1401,14.010000,39.873570,0.003419,12.911784,3.000000,0.063604,0.326538,-0.308261,0.612419,OK
1402,14.020000,39.873951,0.003406,12.911880,3.000000,0.063604,0.326550,-0.308270,0.612453,OK
1403,14.030000,39.874330,0.003394,12.911977,3.000000,0.063604,0.326561,-0.308280,0.612487,OK
1404,14.040000,39.874708,0.003382,12.912073,3.000000,0.063604,0.326573,-0.308290,0.612521,OK
1405,14.050000,39.875084,0.003370,12.912168,3.000000,0.063604,0.326584,-0.308299,0.612555,OK
1406,14.060000,39.875460,0.003358,12.912265,3.000000,0.063603,0.326595,-0.308309,0.612588,OK
1407,14.070000,39.875835,0.003345,12.912363,3.000000,0.063603,0.326607,-0.308318,0.612622,OK
1408,14.080000,39.876208,0.003333,12.912458,3.000000,0.063603,0.326618,-0.308327,0.612655,OK
1409,14.090000,39.876581,0.003320,12.912555,3.000000,0.063603,0.326630,-0.308336,0.612688,OK
1410,14.100000,39.876952,0.003309,12.912649,3.000000,0.063602,0.326641,-0.308346,0.612721,OK
1411,14.110000,39.877322,0.003297,12.912743,3.000000,0.063602,0.326652,-0.308355,0.612754,OK
1412,14.120000,39.877691,0.003285,12.912838,3.000000,0.063602,0.326663,-0.308364,0.612787,OK
1413,14.130000,39.878059,0.003272,12.912935,3.000000,0.063602,0.326674,-0.308373,0.612820,OK
1414,14.140000,39.878425,0.003260,12.913029,3.000000,0.063602,0.326686,-0.308382,0.612852,OK
1415,14.150000,39.878791,0.003249,12.913124,3.000000,0.063601,0.326697,-0.308392,0.612885,OK
1416,14.160000,39.879155,0.003237,12.913216,3.000000,0.063601,0.326707,-0.308401,0.612917,OK
1417,14.170000,39.879519,0.003225,12.913309,3.000000,0.063601,0.326718,-0.308410,0.612950,OK
1418,14.180000,39.879881,0.003214,12.913403,3.000000,0.063601,0.326729,-0.308419,0.612982,OK
1419,14.190000,39.880242,0.003202,12.913499,3.000000,0.063600,0.326740,-0.308428,0.613014,OK
1420,14.200000,39.880602,0.003190,12.913591,3.000000,0.063600,0.326751,-0.308437,0.613046,OK
1421,14.210000,39.880961,0.003179,12.913685,3.000000,0.063600,0.326762,-0.308446,0.613077,OK
1422,14.220000,39.881318,0.003167,12.913776,3.000000,0.063600,0.326773,-0.308455,0.613109,OK
1423,14.230000,39.881675,0.003156,12.913867,3.000000,0.063600,0.326784,-0.308464,0.613141,OK
1424,14.240000,39.882030,0.003145,12.913960,3.000000,0.063599,0.326795,-0.308473,0.613172,OK
1425,14.250000,39.882384,0.003133,12.914054,3.000000,0.063599,0.326805,-0.308481,0.613203,OK
1426,14.260000,39.882737,0.003121,12.914146,3.000000,0.063599,0.326816,-0.308490,0.613235,OK
1427,14.270000,39.883089,0.003110,12.914238,3.000000,0.063599,0.326827,-0.308499,0.613266,OK
1428,14.280000,39.883440,0.003099,12.914328,3.000000,0.063599,0.326838,-0.308508,0.613297,OK
1429,14.290000,39.883790,0.003088,12.914419,3.000000,0.063598,0.326848,-0.308517,0.613328,OK
1430,14.300000,39.884138,0.003077,12.914510,3.000000,0.063598,0.326859,-0.308525,0.613358,OK
1431,14.310000,39.884485,0.003065,12.914604,3.000000,0.063598,0.326869,-0.308534,0.613389,OK
1432,14.320000,39.884832,0.003054,12.914694,3.000000,0.063598,0.326880,-0.308542,0.613420,OK
1433,14.330000,39.885177,0.003043,12.914785,3.000000,0.063598,0.326891,-0.308551,0.613450,OK
1434,14.340000,39.885520,0.003032,12.914875,3.000000,0.063597,0.326901,-0.308559,0.613480,OK
1435,14.350000,39.885863,0.003021,12.914964,3.000000,0.063597,0.326911,-0.308568,0.613510,OK
1436,14.360000,39.886205,0.003010,12.915055,3.000000,0.063597,0.326922,-0.308576,0.613541,OK
1437,14.370000,39.886545,0.002999,12.915147,3.000000,0.063597,0.326932,-0.308585,0.613571,OK
1438,14.380000,39.886884,0.002988,12.915236,3.000000,0.063597,0.326943,-0.308593,0.613600,OK
1439,14.390000,39.887222,0.002977,12.915327,3.000000,0.063596,0.326953,-0.308601,0.613630,OK
1440,14.400000,39.887559,0.002966,12.915415,3.000000,0.063596,0.326963,-0.308610,0.613660,OK
1441,14.410000,39.887895,0.002955,12.915504,3.000000,0.063596,0.326974,-0.308618,0.613689,OK
1442,14.420000,39.888230,0.002945,12.915593,3.000000,0.063596,0.326984,-0.308626,0.613719,OK
1443,14.430000,39.888563,0.002934,12.915685,3.000000,0.063596,0.326994,-0.308634,0.613748,OK
1444,14.440000,39.888896,0.002923,12.915773,3.000000,0.063595,0.327005,-0.308642,0.613777,OK
1445,14.450000,39.889227,0.002912,12.915862,3.000000,0.063595,0.327015,-0.308650,0.613807,OK
1446,14.460000,39.889557,0.002901,12.915950,3.000000,0.063595,0.327025,-0.308659,0.613836,OK
1447,14.470000,39.889886,0.002891,12.916037,3.000000,0.063595,0.327035,-0.308667,0.613864,OK
1448,14.480000,39.890213,0.002880,12.916126,3.000000,0.063595,0.327045,-0.308675,0.613893,OK
1449,14.490000,39.890540,0.002870,12.916216,3.000000,0.063594,0.327055,-0.308683,0.613922,OK
1450,14.500000,39.890865,0.002859,12.916304,3.000000,0.063594,0.327065,-0.308691,0.613951,OK
1451,14.510000,39.891189,0.002848,12.916392,3.000000,0.063594,0.327075,-0.308699,0.613979,OK
1452,14.520000,39.891513,0.002838,12.916478,3.000000,0.063594,0.327085,-0.308707,0.614007,OK
1453,14.530000,39.891835,0.002828,12.916565,3.000000,0.063594,0.327095,-0.308714,0.614036,OK
1454,14.540000,39.892155,0.002817,12.916652,3.000000,0.063594,0.327105,-0.308722,0.614064,OK
1455,14.550000,39.892475,0.002807,12.916742,3.000000,0.063593,0.327115,-0.308730,0.614092,OK
1456,14.560000,39.892793,0.002796,12.916828,3.000000,0.063593,0.327125,-0.308738,0.614120,OK
1457,14.570000,39.893111,0.002786,12.916915,3.000000,0.063593,0.327135,-0.308745,0.614148,OK
1458,14.580000,39.893427,0.002776,12.917000,3.000000,0.063593,0.327144,-0.308753,0.614176,OK
1459,14.590000,39.893742,0.002766,12.917086,3.000000,0.063593,0.327154,-0.308761,0.614203,OK
1460,14.600000,39.894056,0.002755,12.917172,3.000000,0.063592,0.327164,-0.308769,0.614231,OK
1461,14.610000,39.894369,0.002745,12.917260,3.000000,0.063592,0.327173,-0.308776,0.614258,OK
1462,14.620000,39.894680,0.002734,12.917345,3.000000,0.063592,0.327183,-0.308783,0.614286,OK
1463,14.630000,39.894991,0.002724,12.917431,3.000000,0.063592,0.327193,-0.308791,0.614313,OK
1464,14.640000,39.895300,0.002714,12.917516,3.000000,0.063592,0.327202,-0.308799,0.614340,OK
1465,14.650000,39.895608,0.002705,12.917600,3.000000,0.063592,0.327212,-0.308806,0.614367,OK
1466,14.660000,39.895915,0.002694,12.917685,3.000000,0.063591,0.327221,-0.308814,0.614394,OK
1467,14.670000,39.896221,0.002684,12.917772,3.000000,0.063591,0.327231,-0.308821,0.614421,OK
1468,14.680000,39.896526,0.002674,12.917856,3.000000,0.063591,0.327240,-0.308828,0.614447,OK
1469,14.690000,39.896829,0.002664,12.917941,3.000000,0.063591,0.327250,-0.308836,0.614474,OK
1470,14.700000,39.897132,0.002654,12.918024,3.000000,0.063591,0.327259,-0.308843,0.614501,OK
1471,14.710000,39.897433,0.002645,12.918108,3.000000,0.063590,0.327268,-0.308850,0.614527,OK
1472,14.720000,39.897733,0.002635,12.918192,3.000000,0.063590,0.327278,-0.308858,0.614553,OK
1473,14.730000,39.898032,0.002625,12.918277,3.000000,0.063590,0.327287,-0.308865,0.614580,OK
1474,14.740000,39.898330,0.002615,12.918365,3.000000,0.063590,0.327297,-0.308872,0.614606,OK
1475,14.750000,39.898627,0.002604,12.918449,3.000000,0.063590,0.327306,-0.308879,0.614632,OK
1476,14.760000,39.898922,0.002594,12.918534,3.000000,0.063590,0.327315,-0.308886,0.614658,OK
1477,14.770000,39.899217,0.002585,12.918616,3.000000,0.063589,0.327325,-0.308893,0.614684,OK
1478,14.780000,39.899510,0.002575,12.918699,3.000000,0.063589,0.327334,-0.308900,0.614709,OK
1479,14.790000,39.899802,0.002565,12.918782,3.000000,0.063589,0.327343,-0.308907,0.614735,OK
1480,14.800000,39.900093,0.002556,12.918866,3.000000,0.063589,0.327352,-0.308914,0.614761,OK
1481,14.810000,39.900383,0.002545,12.918952,3.000000,0.063589,0.327361,-0.308920,0.614786,OK
1482,14.820000,39.900672,0.002536,12.919034,3.000000,0.063589,0.327371,-0.308927,0.614811,OK
1483,14.830000,39.900960,0.002526,12.919118,3.000000,0.063589,0.327380,-0.308934,0.614837,OK
1484,14.840000,39.901246,0.002517,12.919198,3.000000,0.063588,0.327389,-0.308941,0.614862,OK
1485,14.850000,39.901532,0.002507,12.919279,3.000000,0.063588,0.327397,-0.308948,0.614887,OK
1486,14.860000,39.901816,0.002498,12.919360,3.000000,0.063588,0.327406,-0.308955,0.614912,OK
1487,14.870000,39.902099,0.002488,12.919442,3.000000,0.063588,0.327415,-0.308961,0.614937,OK
1488,14.880000,39.902381,0.002479,12.919526,3.000000,0.063588,0.327424,-0.308968,0.614962,OK
1489,14.890000,39.902662,0.002469,12.919606,3.000000,0.063588,0.327433,-0.308975,0.614986,OK
1490,14.900000,39.902942,0.002460,12.919687,3.000000,0.063587,0.327442,-0.308981,0.615011,OK
1491,14.910000,39.903221,0.002451,12.919766,3.000000,0.063587,0.327450,-0.308988,0.615035,OK
1492,14.920000,39.903499,0.002442,12.919845,3.000000,0.063587,0.327459,-0.308995,0.615060,OK
1493,14.930000,39.903775,0.002433,12.919924,3.000000,0.063587,0.327468,-0.309002,0.615084,OK
1494,14.940000,39.904050,0.002423,12.920004,3.000000,0.063587,0.327476,-0.309008,0.615108,OK
1495,14.950000,39.904325,0.002414,12.920086,3.000000,0.063587,0.327485,-0.309015,0.615133,OK
1496,14.960000,39.904598,0.002405,12.920164,3.000000,0.063586,0.327494,-0.309021,0.615157,OK
1497,14.970000,39.904870,0.002396,12.920244,3.000000,0.063586,0.327502,-0.309028,0.615181,OK
1498,14.980000,39.905141,0.002387,12.920321,3.000000,0.063586,0.327510,-0.309034,0.615204,OK
1499,14.990000,39.905411,0.002378,12.920398,3.000000,0.063586,0.327519,-0.309041,0.615228,OK
1500,15.000000,39.905680,0.002369,12.920475,3.000000,0.063586,0.327527,-0.309047,0.615252,OK
1501,15.010000,39.905948,0.002360,12.920554,3.000000,0.063586,0.327535,-0.309054,0.615275,OK
1502,15.020000,39.906214,0.002351,12.920634,3.000000,0.063586,0.327544,-0.309060,0.615299,OK
1503,15.030000,39.906480,0.002342,12.920711,3.000000,0.063585,0.327552,-0.309066,0.615322,OK
1504,15.040000,39.906744,0.002333,12.920789,3.000000,0.063585,0.327560,-0.309073,0.615346,OK
1505,15.050000,39.907007,0.002325,12.920864,3.000000,0.063585,0.327569,-0.309079,0.615369,OK
1506,15.060000,39.907270,0.002316,12.920940,3.000000,0.063585,0.327577,-0.309086,0.615392,OK
1507,15.070000,39.907531,0.002307,12.921016,3.000000,0.063585,0.327585,-0.309092,0.615415,OK
1508,15.080000,39.907791,0.002299,12.921093,3.000000,0.063585,0.327593,-0.309098,0.615438,OK
1509,15.090000,39.908050,0.002290,12.921171,3.000000,0.063584,0.327601,-0.309104,0.615461,OK
1510,15.100000,39.908308,0.002280,12.921252,3.000000,0.063584,0.327609,-0.309110,0.615484,OK
1511,15.110000,39.908565,0.002271,12.921328,3.000000,0.063584,0.327618,-0.309116,0.615507,OK
1512,15.120000,39.908821,0.002263,12.921406,3.000000,0.063584,0.327626,-0.309122,0.615529,OK
1513,15.130000,39.909076,0.002254,12.921481,3.000000,0.063584,0.327634,-0.309128,0.615552,OK
1514,15.140000,39.909329,0.002246,12.921555,3.000000,0.063584,0.327642,-0.309134,0.615574,OK
1515,15.150000,39.909582,0.002237,12.921629,3.000000,0.063584,0.327649,-0.309141,0.615597,OK
1516,15.160000,39.909833,0.002229,12.921705,3.000000,0.063583,0.327657,-0.309147,0.615619,OK
1517,15.170000,39.910084,0.002220,12.921781,3.000000,0.063583,0.327665,-0.309152,0.615641,OK
1518,15.180000,39.910333,0.002211,12.921860,3.000000,0.063583,0.327673,-0.309158,0.615663,OK
1519,15.190000,39.910582,0.002202,12.921934,3.000000,0.063583,0.327681,-0.309164,0.615685,OK
1520,15.200000,39.910829,0.002194,12.922009,3.000000,0.063583,0.327689,-0.309170,0.615707,OK
1521,15.210000,39.911075,0.002185,12.922082,3.000000,0.063583,0.327697,-0.309176,0.615729,OK
1522,15.220000,39.911321,0.002177,12.922154,3.000000,0.063583,0.327704,-0.309182,0.615751,OK
1523,15.230000,39.911565,0.002169,12.922226,3.000000,0.063583,0.327712,-0.309188,0.615772,OK
1524,15.240000,39.911808,0.002161,12.922299,3.000000,0.063582,0.327719,-0.309194,0.615794,OK
1525,15.250000,39.912050,0.002153,12.922373,3.000000,0.063582,0.327727,-0.309199,0.615816,OK
1526,15.260000,39.912291,0.002144,12.922449,3.000000,0.063582,0.327735,-0.309205,0.615837,OK
1527,15.270000,39.912531,0.002135,12.922521,3.000000,0.063582,0.327742,-0.309210,0.615858,OK
1528,15.280000,39.912770,0.002127,12.922594,3.000000,0.063582,0.327750,-0.309216,0.615880,OK
1529,15.290000,39.913008,0.002119,12.922665,3.000000,0.063582,0.327757,-0.309222,0.615901,OK
1530,15.300000,39.913245,0.002112,12.922735,3.000000,0.063582,0.327764,-0.309228,0.615922,OK
1531,15.310000,39.913481,0.002104,12.922805,3.000000,0.063581,0.327771,-0.309234,0.615943,OK
1532,15.320000,39.913716,0.002096,12.922876,3.000000,0.063581,0.327779,-0.309240,0.615964,OK
1533,15.330000,39.913950,0.002088,12.922948,3.000000,0.063581,0.327786,-0.309245,0.615985,OK
1534,15.340000,39.914183,0.002080,12.923021,3.000000,0.063581,0.327793,-0.309251,0.616006,OK
1535,15.350000,39.914415,0.002071,12.923091,3.000000,0.063581,0.327801,-0.309256,0.616026,OK
1536,15.360000,39.914646,0.002063,12.923162,3.000000,0.063581,0.327808,-0.309262,0.616047,OK
1537,15.370000,39.914876,0.002056,12.923231,3.000000,0.063581,0.327815,-0.309267,0.616068,OK
1538,15.380000,39.915104,0.002048,12.923299,3.000000,0.063581,0.327822,-0.309273,0.616088,OK
1539,15.390000,39.915332,0.002041,12.923367,3.000000,0.063580,0.327829,-0.309279,0.616108,OK
1540,15.400000,39.915559,0.002033,12.923436,3.000000,0.063580,0.327836,-0.309284,0.616129,OK
1541,15.410000,39.915785,0.002025,12.923506,3.000000,0.063580,0.327843,-0.309290,0.616149,OK
1542,15.420000,39.916010,0.002017,12.923578,3.000000,0.063580,0.327850,-0.309295,0.616169,OK
1543,15.430000,39.916234,0.002009,12.923651,3.000000,0.063580,0.327857,-0.309300,0.616189,OK
1544,15.440000,39.916457,0.002001,12.923721,3.000000,0.063580,0.327865,-0.309305,0.616209,OK
1545,15.450000,39.916679,0.001993,12.923791,3.000000,0.063580,0.327872,-0.309310,0.616229,OK
1546,15.460000,39.916900,0.001985,12.923858,3.000000,0.063579,0.327878,-0.309316,0.616249,OK
1547,15.470000,39.917120,0.001978,12.923925,3.000000,0.063579,0.327885,-0.309321,0.616269,OK
1548,15.480000,39.917339,0.001970,12.923991,3.000000,0.063579,0.327892,-0.309327,0.616289,OK
1549,15.490000,39.917557,0.001963,12.924057,3.000000,0.063579,0.327899,-0.309332,0.616308,OK
1550,15.500000,39.917774,0.001954,12.924125,3.000000,0.063579,0.327906,-0.309337,0.616328,OK
1551,15.510000,39.917990,0.001946,12.924193,3.000000,0.063579,0.327913,-0.309341,0.616347,OK
1552,15.520000,39.918205,0.001936,12.924263,3.000000,0.063579,0.327921,-0.309345,0.616367,OK
1553,15.530000,39.918419,0.001927,12.924329,3.000000,0.063579,0.327929,-0.309349,0.616386,OK
1554,15.540000,39.918632,0.001918,12.924395,3.000000,0.063579,0.327936,-0.309353,0.616405,OK
1555,15.550000,39.918845,0.001910,12.924458,3.000000,0.063579,0.327944,-0.309358,0.616424,OK
1556,15.560000,39.919056,0.001901,12.924520,3.000000,0.063578,0.327951,-0.309362,0.616443,OK
1557,15.570000,39.919266,0.001893,12.924582,3.000000,0.063578,0.327958,-0.309367,0.616462,OK
1558,15.580000,39.919476,0.001884,12.924645,3.000000,0.063578,0.327965,-0.309371,0.616481,OK
1559,15.590000,39.919684,0.001876,12.924709,3.000000,0.063578,0.327972,-0.309376,0.616500,OK
1560,15.600000,39.919892,0.001868,12.924774,3.000000,0.063578,0.327979,-0.309380,0.616518,OK
1561,15.610000,39.920098,0.001860,12.924835,3.000000,0.063578,0.327986,-0.309384,0.616537,OK
1562,15.620000,39.920304,0.001852,12.924897,3.000000,0.063578,0.327993,-0.309389,0.616555,OK
1563,15.630000,39.920509,0.001845,12.924956,3.000000,0.063578,0.327999,-0.309394,0.616574,OK
1564,15.640000,39.920712,0.001838,12.925015,3.000000,0.063578,0.328006,-0.309399,0.616592,OK
1565,15.650000,39.920915,0.001831,12.925074,3.000000,0.063577,0.328012,-0.309404,0.616611,OK
1566,15.660000,39.921117,0.001824,12.925133,3.000000,0.063577,0.328018,-0.309409,0.616629,OK
1567,15.670000,39.921318,0.001817,12.925193,3.000000,0.063577,0.328024,-0.309414,0.616647,OK
1568,15.680000,39.921518,0.001810,12.925255,3.000000,0.063577,0.328030,-0.309419,0.616665,OK
1569,15.690000,39.921718,0.001803,12.925318,3.000000,0.063577,0.328037,-0.309423,0.616683,OK
1570,15.700000,39.921916,0.001796,12.925378,3.000000,0.063577,0.328043,-0.309428,0.616701,OK
1571,15.710000,39.922113,0.001789,12.925439,3.000000,0.063577,0.328049,-0.309433,0.616719,OK
1572,15.720000,39.922310,0.001783,12.925497,3.000000,0.063577,0.328055,-0.309438,0.616737,OK
1573,15.730000,39.922506,0.001777,12.925554,3.000000,0.063576,0.328060,-0.309443,0.616755,OK
1574,15.740000,39.922700,0.001770,12.925612,3.000000,0.063576,0.328066,-0.309448,0.616772,OK
1575,15.750000,39.922894,0.001764,12.925670,3.000000,0.063576,0.328072,-0.309453,0.616790,OK
1576,15.760000,39.923087,0.001758,12.925729,3.000000,0.063576,0.328077,-0.309458,0.616807,OK
1577,15.770000,39.923279,0.001751,12.925789,3.000000,0.063576,0.328083,-0.309463,0.616825,OK
1578,15.780000,39.923470,0.001744,12.925851,3.000000,0.063576,0.328089,-0.309468,0.616842,OK
1579,15.790000,39.923661,0.001737,12.925914,3.000000,0.063576,0.328095,-0.309472,0.616860,OK
1580,15.800000,39.923850,0.001730,12.925974,3.000000,0.063576,0.328101,-0.309477,0.616877,OK
1581,15.810000,39.924039,0.001723,12.926034,3.000000,0.063576,0.328107,-0.309481,0.616894,OK
1582,15.820000,39.924227,0.001717,12.926092,3.000000,0.063575,0.328113,-0.309486,0.616912,OK
1583,15.830000,39.924413,0.001711,12.926148,3.000000,0.063575,0.328118,-0.309491,0.616929,OK
1584,15.840000,39.924600,0.001705,12.926205,3.000000,0.063575,0.328124,-0.309496,0.616946,OK
1585,15.850000,39.924785,0.001698,12.926262,3.000000,0.063575,0.328129,-0.309500,0.616963,OK
1586,15.860000,39.924969,0.001692,12.926320,3.000000,0.063575,0.328135,-0.309505,0.616980,OK
1587,15.870000,39.925152,0.001686,12.926380,3.000000,0.063575,0.328140,-0.309510,0.616996,OK
1588,15.880000,39.925335,0.001679,12.926440,3.000000,0.063575,0.328146,-0.309514,0.617013,OK
1589,15.890000,39.925517,0.001672,12.926502,3.000000,0.063575,0.328152,-0.309518,0.617030,OK
1590,15.900000,39.925698,0.001665,12.926565,3.000000,0.063575,0.328158,-0.309522,0.617047,OK
1591,15.910000,39.925878,0.001658,12.926624,3.000000,0.063575,0.328163,-0.309526,0.617063,OK
1592,15.920000,39.926057,0.001651,12.926683,3.000000,0.063574,0.328169,-0.309531,0.617080,OK
1593,15.930000,39.926236,0.001645,12.926740,3.000000,0.063574,0.328174,-0.309535,0.617096,OK
1594,15.940000,39.926413,0.001639,12.926795,3.000000,0.063574,0.328180,-0.309539,0.617112,OK
1595,15.950000,39.926590,0.001633,12.926849,3.000000,0.063574,0.328185,-0.309544,0.617129,OK
1596,15.960000,39.926766,0.001627,12.926904,3.000000,0.063574,0.328190,-0.309549,0.617145,OK
1597,15.970000,39.926941,0.001621,12.926960,3.000000,0.063574,0.328195,-0.309553,0.617161,OK
1598,15.980000,39.927116,0.001614,12.927016,3.000000,0.063574,0.328201,-0.309557,0.617177,OK
1599,15.990000,39.927289,0.001608,12.927074,3.000000,0.063574,0.328206,-0.309562,0.617194,OK
1600,16.000000,39.927462,0.001601,12.927133,3.000000,0.063574,0.328212,-0.309566,0.617210,OK
1601,16.010000,39.927634,0.001595,12.927193,3.000000,0.063573,0.328217,-0.309570,0.617225,OK
1602,16.020000,39.927805,0.001588,12.927249,3.000000,0.063573,0.328223,-0.309574,0.617241,OK
1603,16.030000,39.927976,0.001582,12.927305,3.000000,0.063573,0.328228,-0.309578,0.617257,OK
1604,16.040000,39.928145,0.001576,12.927359,3.000000,0.063573,0.328233,-0.309582,0.617273,OK
1605,16.050000,39.928314,0.001570,12.927411,3.000000,0.063573,0.328238,-0.309586,0.617289,OK
1606,16.060000,39.928482,0.001565,12.927463,3.000000,0.063573,0.328243,-0.309591,0.617304,OK
1607,16.070000,39.928650,0.001559,12.927515,3.000000,0.063573,0.328247,-0.309595,0.617320,OK
1608,16.080000,39.928816,0.001553,12.927568,3.000000,0.063573,0.328252,-0.309600,0.617335,OK
1609,16.090000,39.928982,0.001547,12.927621,3.000000,0.063573,0.328257,-0.309604,0.617351,OK
1610,16.100000,39.929147,0.001541,12.927676,3.000000,0.063573,0.328262,-0.309608,0.617366,OK
1611,16.110000,39.929311,0.001535,12.927731,3.000000,0.063572,0.328267,-0.309612,0.617382,OK
1612,16.120000,39.929474,0.001529,12.927788,3.000000,0.063572,0.328272,-0.309616,0.617397,OK
1613,16.130000,39.929637,0.001522,12.927846,3.000000,0.063572,0.328278,-0.309619,0.617412,OK
1614,16.140000,39.929799,0.001516,12.927900,3.000000,0.063572,0.328283,-0.309623,0.617427,OK
1615,16.150000,39.929960,0.001510,12.927955,3.000000,0.063572,0.328288,-0.309627,0.617442,OK
1616,16.160000,39.930121,0.001504,12.928006,3.000000,0.063572,0.328293,-0.309631,0.617457,OK
1617,16.170000,39.930280,0.001499,12.928055,3.000000,0.063572,0.328297,-0.309635,0.617472,OK
1618,16.180000,39.930439,0.001493,12.928105,3.000000,0.063572,0.328302,-0.309640,0.617487,OK
1619,16.190000,39.930598,0.001488,12.928154,3.000000,0.063572,0.328306,-0.309644,0.617502,OK
1620,16.200000,39.930755,0.001482,12.928204,3.000000,0.063572,0.328311,-0.309648,0.617517,OK
1621,16.210000,39.930912,0.001477,12.928254,3.000000,0.063572,0.328315,-0.309652,0.617532,OK
1622,16.220000,39.931068,0.001471,12.928306,3.000000,0.063571,0.328320,-0.309656,0.617547,OK
1623,16.230000,39.931223,0.001465,12.928358,3.000000,0.063571,0.328325,-0.309660,0.617561,OK
1624,16.240000,39.931378,0.001459,12.928412,3.000000,0.063571,0.328330,-0.309664,0.617576,OK
1625,16.250000,39.931532,0.001453,12.928466,3.000000,0.063571,0.328335,-0.309667,0.617590,OK
1626,16.260000,39.931685,0.001447,12.928522,3.000000,0.063571,0.328340,-0.309670,0.617605,OK
1627,16.270000,39.931837,0.001441,12.928574,3.000000,0.063571,0.328345,-0.309674,0.617619,OK
1628,16.280000,39.931989,0.001435,12.928625,3.000000,0.063571,0.328349,-0.309678,0.617634,OK
1629,16.290000,39.932140,0.001429,12.928674,3.000000,0.063571,0.328354,-0.309682,0.617648,OK
1630,16.300000,39.932291,0.001424,12.928720,3.000000,0.063571,0.328358,-0.309686,0.617662,OK
1631,16.310000,39.932440,0.001419,12.928767,3.000000,0.063571,0.328362,-0.309690,0.617676,OK
1632,16.320000,39.932589,0.001414,12.928813,3.000000,0.063571,0.328366,-0.309694,0.617690,OK
1633,16.330000,39.932738,0.001409,12.928859,3.000000,0.063570,0.328371,-0.309698,0.617705,OK
1634,16.340000,39.932885,0.001404,12.928906,3.000000,0.063570,0.328375,-0.309702,0.617719,OK
1635,16.350000,39.933032,0.001399,12.928954,3.000000,0.063570,0.328379,-0.309706,0.617733,OK
1636,16.360000,39.933179,0.001393,12.929003,3.000000,0.063570,0.328383,-0.309709,0.617746,OK
1637,16.370000,39.933324,0.001388,12.929053,3.000000,0.063570,0.328388,-0.309713,0.617760,OK
1638,16.380000,39.933469,0.001382,12.929104,3.000000,0.063570,0.328392,-0.309716,0.617774,OK
1639,16.390000,39.933613,0.001376,12.929156,3.000000,0.063570,0.328397,-0.309720,0.617788,OK
1640,16.400000,39.933757,0.001370,12.929209,3.000000,0.063570,0.328402,-0.309723,0.617802,OK
1641,16.410000,39.933900,0.001364,12.929258,3.000000,0.063570,0.328406,-0.309726,0.617815,OK
1642,16.420000,39.934042,0.001359,12.929306,3.000000,0.063570,0.328411,-0.309730,0.617829,OK
1643,16.430000,39.934184,0.001354,12.929351,3.000000,0.063570,0.328415,-0.309733,0.617842,OK
1644,16.440000,39.934325,0.001349,12.929395,3.000000,0.063570,0.328419,-0.309737,0.617856,OK
1645,16.450000,39.934465,0.001344,12.929438,3.000000,0.063569,0.328422,-0.309741,0.617869,OK
1646,16.460000,39.934605,0.001339,12.929481,3.000000,0.063569,0.328426,-0.309745,0.617883,OK
1647,16.470000,39.934744,0.001335,12.929524,3.000000,0.063569,0.328430,-0.309749,0.617896,OK
1648,16.480000,39.934883,0.001330,12.929567,3.000000,0.063569,0.328434,-0.309753,0.617909,OK
1649,16.490000,39.935020,0.001325,12.929612,3.000000,0.063569,0.328438,-0.309756,0.617923,OK
1650,16.500000,39.935158,0.001320,12.929657,3.000000,0.063569,0.328442,-0.309760,0.617936,OK
1651,16.510000,39.935294,0.001315,12.929703,3.000000,0.063569,0.328446,-0.309764,0.617949,OK
1652,16.520000,39.935430,0.001310,12.929750,3.000000,0.063569,0.328450,-0.309767,0.617962,OK
1653,16.530000,39.935566,0.001304,12.929798,3.000000,0.063569,0.328454,-0.309770,0.617975,OK
1654,16.540000,39.935700,0.001299,12.929847,3.000000,0.063569,0.328458,-0.309773,0.617988,OK
1655,16.550000,39.935835,0.001293,12.929897,3.000000,0.063569,0.328463,-0.309776,0.618001,OK
1656,16.560000,39.935968,0.001287,12.929943,3.000000,0.063569,0.328467,-0.309779,0.618014,OK
1657,16.570000,39.936101,0.001282,12.929988,3.000000,0.063568,0.328471,-0.309783,0.618027,OK
1658,16.580000,39.936233,0.001277,12.930030,3.000000,0.063568,0.328475,-0.309786,0.618039,OK
1659,16.590000,39.936365,0.001273,12.930071,3.000000,0.063568,0.328479,-0.309790,0.618052,OK
1660,16.600000,39.936496,0.001268,12.930110,3.000000,0.063568,0.328482,-0.309794,0.618065,OK
1661,16.610000,39.936627,0.001264,12.930150,3.000000,0.063568,0.328486,-0.309797,0.618078,OK
1662,16.620000,39.936757,0.001260,12.930189,3.000000,0.063568,0.328489,-0.309801,0.618090,OK
1663,16.630000,39.936886,0.001255,12.930229,3.000000,0.063568,0.328493,-0.309805,0.618103,OK
1664,16.640000,39.937015,0.001251,12.930270,3.000000,0.063568,0.328496,-0.309808,0.618115,OK
1665,16.650000,39.937143,0.001246,12.930312,3.000000,0.063568,0.328500,-0.309812,0.618128,OK
1666,16.660000,39.937271,0.001242,12.930354,3.000000,0.063568,0.328503,-0.309815,0.618140,OK
1667,16.670000,39.937398,0.001237,12.930397,3.000000,0.063568,0.328507,-0.309818,0.618152,OK
1668,16.680000,39.937524,0.001232,12.930441,3.000000,0.063568,0.328511,-0.309822,0.618165,OK
1669,16.690000,39.937650,0.001227,12.930486,3.000000,0.063567,0.328515,-0.309825,0.618177,OK
1670,16.700000,39.937776,0.001221,12.930532,3.000000,0.063567,0.328519,-0.309827,0.618189,OK
1671,16.710000,39.937901,0.001216,12.930579,3.000000,0.063567,0.328523,-0.309830,0.618201,OK
1672,16.720000,39.938025,0.001211,12.930622,3.000000,0.063567,0.328527,-0.309833,0.618214,OK
1673,16.730000,39.938149,0.001206,12.930664,3.000000,0.063567,0.328531,-0.309836,0.618226,OK
1674,16.740000,39.938272,0.001201,12.930703,3.000000,0.063567,0.328534,-0.309840,0.618238,OK
1675,16.750000,39.938395,0.001197,12.930740,3.000000,0.063567,0.328537,-0.309843,0.618250,OK
1676,16.760000,39.938517,0.001193,12.930777,3.000000,0.063567,0.328541,-0.309847,0.618262,OK
1677,16.770000,39.938639,0.001189,12.930813,3.000000,0.063567,0.328544,-0.309850,0.618273,OK
1678,16.780000,39.938760,0.001185,12.930849,3.000000,0.063567,0.328547,-0.309854,0.618285,OK
1679,16.790000,39.938880,0.001181,12.930886,3.000000,0.063567,0.328550,-0.309857,0.618297,OK
1680,16.800000,39.939000,0.001177,12.930923,3.000000,0.063567,0.328553,-0.309861,0.618309,OK
1681,16.810000,39.939120,0.001173,12.930961,3.000000,0.063567,0.328556,-0.309864,0.618321,OK
1682,16.820000,39.939239,0.001168,12.930999,3.000000,0.063566,0.328560,-0.309867,0.618332,OK
1683,16.830000,39.939357,0.001164,12.931039,3.000000,0.063566,0.328563,-0.309870,0.618344,OK
1684,16.840000,39.939475,0.001159,12.931079,3.000000,0.063566,0.328567,-0.309873,0.618355,OK
1685,16.850000,39.939593,0.001155,12.931120,3.000000,0.063566,0.328570,-0.309876,0.618367,OK
1686,16.860000,39.939710,0.001150,12.931162,3.000000,0.063566,0.328574,-0.309879,0.618379,OK
1687,16.870000,39.939826,0.001145,12.931205,3.000000,0.063566,0.328577,-0.309882,0.618390,OK
1688,16.880000,39.939942,0.001140,12.931249,3.000000,0.063566,0.328581,-0.309884,0.618401,OK
1689,16.890000,39.940058,0.001135,12.931288,3.000000,0.063566,0.328585,-0.309887,0.618413,OK
1690,16.900000,39.940173,0.001130,12.931328,3.000000,0.063566,0.328588,-0.309890,0.618424,OK
1691,16.910000,39.940287,0.001126,12.931363,3.000000,0.063566,0.328592,-0.309893,0.618435,OK
1692,16.920000,39.940401,0.001122,12.931397,3.000000,0.063566,0.328595,-0.309896,0.618446,OK
1693,16.930000,39.940515,0.001118,12.931431,3.000000,0.063566,0.328598,-0.309900,0.618458,OK
1694,16.940000,39.940628,0.001114,12.931463,3.000000,0.063566,0.328600,-0.309903,0.618469,OK
1695,16.950000,39.940740,0.001111,12.931496,3.000000,0.063566,0.328603,-0.309906,0.618480,OK
1696,16.960000,39.940853,0.001107,12.931529,3.000000,0.063565,0.328606,-0.309910,0.618491,OK
1697,16.970000,39.940964,0.001103,12.931563,3.000000,0.063565,0.328609,-0.309913,0.618502,OK
1698,16.980000,39.941075,0.001100,12.931597,3.000000,0.063565,0.328612,-0.309916,0.618513,OK
1699,16.990000,39.941186,0.001096,12.931632,3.000000,0.063565,0.328615,-0.309919,0.618524,OK
1700,17.000000,39.941296,0.001092,12.931668,3.000000,0.063565,0.328618,-0.309922,0.618535,OK
1701,17.010000,39.941406,0.001088,12.931705,3.000000,0.063565,0.328621,-0.309925,0.618546,OK
1702,17.020000,39.941516,0.001083,12.931742,3.000000,0.063565,0.328624,-0.309928,0.618557,OK
1703,17.030000,39.941624,0.001079,12.931780,3.000000,0.063565,0.328628,-0.309931,0.618567,OK
1704,17.040000,39.941733,0.001074,12.931819,3.000000,0.063565,0.328631,-0.309934,0.618578,OK
1705,17.050000,39.941841,0.001070,12.931859,3.000000,0.063565,0.328634,-0.309936,0.618589,OK
1706,17.060000,39.941949,0.001065,12.931899,3.000000,0.063565,0.328638,-0.309938,0.618599,OK
1707,17.070000,39.942056,0.001060,12.931940,3.000000,0.063565,0.328642,-0.309941,0.618610,OK
1708,17.080000,39.942162,0.001055,12.931977,3.000000,0.063565,0.328645,-0.309943,0.618621,OK
1709,17.090000,39.942269,0.001050,12.932013,3.000000,0.063565,0.328648,-0.309946,0.618631,OK
1710,17.100000,39.942374,0.001046,12.932045,3.000000,0.063565,0.328651,-0.309949,0.618642,OK
1711,17.110000,39.942480,0.001043,12.932076,3.000000,0.063564,0.328654,-0.309952,0.618652,OK
1712,17.120000,39.942585,0.001039,12.932105,3.000000,0.063564,0.328657,-0.309955,0.618662,OK
1713,17.130000,39.942689,0.001036,12.932135,3.000000,0.063564,0.328659,-0.309958,0.618673,OK
1714,17.140000,39.942794,0.001033,12.932163,3.000000,0.063564,0.328662,-0.309961,0.618683,OK
1715,17.150000,39.942897,0.001030,12.932193,3.000000,0.063564,0.328664,-0.309964,0.618693,OK
1716,17.160000,39.943001,0.001026,12.932222,3.000000,0.063564,0.328667,-0.309968,0.618704,OK
1717,17.170000,39.943104,0.001023,12.932252,3.000000,0.063564,0.328669,-0.309971,0.618714,OK
1718,17.180000,39.943206,0.001020,12.932283,3.000000,0.063564,0.328672,-0.309974,0.618724,OK
1719,17.190000,39.943308,0.001016,12.932315,3.000000,0.063564,0.328675,-0.309977,0.618734,OK
1720,17.200000,39.943410,0.001013,12.932347,3.000000,0.063564,0.328677,-0.309980,0.618744,OK
1721,17.210000,39.943511,0.001009,12.932380,3.000000,0.063564,0.328680,-0.309982,0.618754,OK
1722,17.220000,39.943612,0.001005,12.932413,3.000000,0.063564,0.328683,-0.309985,0.618764,OK
1723,17.230000,39.943713,0.001001,12.932448,3.000000,0.063564,0.328686,-0.309988,0.618774,OK
1724,17.240000,39.943813,0.000996,12.932483,3.000000,0.063564,0.328689,-0.309990,0.618784,OK
1725,17.250000,39.943913,0.000992,12.932519,3.000000,0.063564,0.328692,-0.309992,0.618794,OK
1726,17.260000,39.944012,0.000988,12.932555,3.000000,0.063563,0.328696,-0.309995,0.618804,OK
1727,17.270000,39.944111,0.000983,12.932592,3.000000,0.063563,0.328699,-0.309997,0.618814,OK
1728,17.280000,39.944210,0.000978,12.932625,3.000000,0.063563,0.328702,-0.309999,0.618824,OK
1729,17.290000,39.944308,0.000974,12.932658,3.000000,0.063563,0.328705,-0.310001,0.618834,OK
1730,17.300000,39.944406,0.000971,12.932686,3.000000,0.063563,0.328708,-0.310004,0.618843,OK
1731,17.310000,39.944503,0.000968,12.932714,3.000000,0.063563,0.328710,-0.310007,0.618853,OK
1732,17.320000,39.944601,0.000965,12.932740,3.000000,0.063563,0.328713,-0.310010,0.618863,OK
1733,17.330000,39.944697,0.000962,12.932765,3.000000,0.063563,0.328715,-0.310013,0.618872,OK
1734,17.340000,39.944794,0.000959,12.932791,3.000000,0.063563,0.328717,-0.310016,0.618882,OK
1735,17.350000,39.944890,0.000956,12.932817,3.000000,0.063563,0.328719,-0.310019,0.618891,OK
1736,17.360000,39.944986,0.000953,12.932843,3.000000,0.063563,0.328722,-0.310022,0.618901,OK
1737,17.370000,39.945081,0.000950,12.932869,3.000000,0.063563,0.328724,-0.310025,0.618910,OK
1738,17.380000,39.945176,0.000947,12.932897,3.000000,0.063563,0.328726,-0.310028,0.618920,OK
1739,17.390000,39.945271,0.000944,12.932924,3.000000,0.063563,0.328729,-0.310031,0.618929,OK
1740,17.400000,39.945365,0.000941,12.932953,3.000000,0.063563,0.328731,-0.310034,0.618939,OK
1741,17.410000,39.945459,0.000937,12.932982,3.000000,0.063562,0.328734,-0.310036,0.618948,OK
1742,17.420000,39.945553,0.000934,12.933012,3.000000,0.063562,0.328736,-0.310039,0.618957,OK
1743,17.430000,39.945646,0.000930,12.933042,3.000000,0.063562,0.328739,-0.310041,0.618967,OK
1744,17.440000,39.945739,0.000926,12.933073,3.000000,0.063562,0.328742,-0.310044,0.618976,OK
1745,17.450000,39.945832,0.000922,12.933105,3.000000,0.063562,0.328745,-0.310046,0.618985,OK
1746,17.460000,39.945924,0.000918,12.933138,3.000000,0.063562,0.328748,-0.310048,0.618994,OK
1747,17.470000,39.946016,0.000914,12.933171,3.000000,0.063562,0.328751,-0.310050,0.619004,OK
1748,17.480000,39.946108,0.000909,12.933205,3.000000,0.063562,0.328754,-0.310052,0.619013,OK
1749,17.490000,39.946199,0.000905,12.933239,3.000000,0.063562,0.328757,-0.310054,0.619022,OK
1750,17.500000,39.946291,0.000901,12.933269,3.000000,0.063562,0.328760,-0.310056,0.619031,OK
1751,17.510000,39.946381,0.000897,12.933299,3.000000,0.063562,0.328763,-0.310058,0.619040,OK
1752,17.520000,39.946472,0.000894,12.933325,3.000000,0.063562,0.328765,-0.310061,0.619049,OK
1753,17.530000,39.946562,0.000891,12.933348,3.000000,0.063562,0.328768,-0.310063,0.619058,OK
1754,17.540000,39.946652,0.000888,12.933371,3.000000,0.063562,0.328770,-0.310066,0.619066,OK
1755,17.550000,39.946741,0.000885,12.933393,3.000000,0.063562,0.328772,-0.310069,0.619075,OK
1756,17.560000,39.946830,0.000883,12.933415,3.000000,0.063562,0.328774,-0.310072,0.619084,OK
1757,17.570000,39.946919,0.000880,12.933436,3.000000,0.063562,0.328776,-0.310075,0.619093,OK
1758,17.580000,39.947008,0.000878,12.933459,3.000000,0.063561,0.328778,-0.310078,0.619102,OK
1759,17.590000,39.947096,0.000875,12.933481,3.000000,0.063561,0.328780,-0.310080,0.619110,OK
1760,17.600000,39.947184,0.000873,12.933504,3.000000,0.063561,0.328782,-0.310083,0.619119,OK
1761,17.610000,39.947272,0.000870,12.933528,3.000000,0.063561,0.328784,-0.310086,0.619128,OK
1762,17.620000,39.947360,0.000867,12.933552,3.000000,0.063561,0.328786,-0.310089,0.619137,OK
1763,17.630000,39.947447,0.000864,12.933577,3.000000,0.063561,0.328788,-0.310091,0.619145,OK
1764,17.640000,39.947534,0.000861,12.933603,3.000000,0.063561,0.328791,-0.310094,0.619154,OK
1765,17.650000,39.947620,0.000858,12.933630,3.000000,0.063561,0.328793,-0.310096,0.619162,OK
1766,17.660000,39.947707,0.000855,12.933657,3.000000,0.063561,0.328796,-0.310098,0.619171,OK
1767,17.670000,39.947793,0.000851,12.933685,3.000000,0.063561,0.328798,-0.310100,0.619179,OK
1768,17.680000,39.947879,0.000847,12.933713,3.000000,0.063561,0.328801,-0.310102,0.619188,OK
1769,17.690000,39.947964,0.000844,12.933742,3.000000,0.063561,0.328804,-0.310104,0.619196,OK
1770,17.700000,39.948050,0.000840,12.933772,3.000000,0.063561,0.328807,-0.310106,0.619205,OK
1771,17.710000,39.948135,0.000836,12.933802,3.000000,0.063561,0.328810,-0.310108,0.619213,OK
1772,17.720000,39.948219,0.000832,12.933833,3.000000,0.063561,0.328813,-0.310110,0.619221,OK
1773,17.730000,39.948304,0.000828,12.933864,3.000000,0.063561,0.328816,-0.310111,0.619230,OK
1774,17.740000,39.948388,0.000824,12.933890,3.000000,0.063561,0.328818,-0.310113,0.619238,OK
1775,17.750000,39.948472,0.000820,12.933916,3.000000,0.063561,0.328821,-0.310115,0.619246,OK
1776,17.760000,39.948556,0.000817,12.933939,3.000000,0.063561,0.328823,-0.310118,0.619254,OK
1777,17.770000,39.948639,0.000815,12.933959,3.000000,0.063560,0.328825,-0.310120,0.619262,OK
1778,17.780000,39.948722,0.000812,12.933978,3.000000,0.063560,0.328827,-0.310123,0.619271,OK
1779,17.790000,39.948805,0.000810,12.933996,3.000000,0.063560,0.328829,-0.310125,0.619279,OK
1780,17.800000,39.948888,0.000808,12.934014,3.000000,0.063560,0.328831,-0.310128,0.619287,OK
1781,17.810000,39.948971,0.000806,12.934032,3.000000,0.063560,0.328833,-0.310131,0.619295,OK
1782,17.820000,39.949053,0.000804,12.934050,3.000000,0.063560,0.328834,-0.310134,0.619303,OK
1783,17.830000,39.949135,0.000802,12.934069,3.000000,0.063560,0.328836,-0.310136,0.619311,OK
1784,17.840000,39.949217,0.000800,12.934088,3.000000,0.063560,0.328838,-0.310139,0.619319,OK
1785,17.850000,39.949298,0.000797,12.934108,3.000000,0.063560,0.328840,-0.310142,0.619327,OK
1786,17.860000,39.949380,0.000795,12.934129,3.000000,0.063560,0.328842,-0.310144,0.619335,OK
1787,17.870000,39.949461,0.000792,12.934150,3.000000,0.063560,0.328844,-0.310147,0.619343,OK
1788,17.880000,39.949542,0.000790,12.934172,3.000000,0.063560,0.328846,-0.310149,0.619351,OK
1789,17.890000,39.949622,0.000787,12.934194,3.000000,0.063560,0.328848,-0.310151,0.619358,OK
1790,17.900000,39.949703,0.000784,12.934217,3.000000,0.063560,0.328851,-0.310153,0.619366,OK
1791,17.910000,39.949783,0.000781,12.934241,3.000000,0.063560,0.328853,-0.310156,0.619374,OK
1792,17.920000,39.949863,0.000778,12.934266,3.000000,0.063560,0.328855,-0.310158,0.619382,OK
1793,17.930000,39.949943,0.000774,12.934291,3.000000,0.063560,0.328858,-0.310159,0.619390,OK
1794,17.940000,39.950022,0.000771,12.934316,3.000000,0.063560,0.328860,-0.310161,0.619397,OK
1795,17.950000,39.950102,0.000767,12.934343,3.000000,0.063559,0.328863,-0.310163,0.619405,OK
1796,17.960000,39.950181,0.000764,12.934369,3.000000,0.063559,0.328866,-0.310164,0.619413,OK
1797,17.970000,39.950260,0.000760,12.934396,3.000000,0.063559,0.328869,-0.310166,0.619420,OK
1798,17.980000,39.950338,0.000756,12.934424,3.000000,0.063559,0.328872,-0.310167,0.619428,OK
1799,17.990000,39.950417,0.000752,12.934452,3.000000,0.063559,0.328875,-0.310169,0.619435,OK
1800,18.000000,39.950495,0.000748,12.934476,3.000000,0.063559,0.328877,-0.310170,0.619443,OK
1801,18.010000,39.950573,0.000745,12.934498,3.000000,0.063559,0.328880,-0.310172,0.619450,OK
1802,18.020000,39.950651,0.000743,12.934517,3.000000,0.063559,0.328882,-0.310175,0.619458,OK
1803,18.030000,39.950729,0.000741,12.934534,3.000000,0.063559,0.328884,-0.310177,0.619465,OK
1804,18.040000,39.950806,0.000739,12.934549,3.000000,0.063559,0.328886,-0.310179,0.619472,OK
1805,18.050000,39.950884,0.000737,12.934564,3.000000,0.063559,0.328887,-0.310182,0.619480,OK
1806,18.060000,39.950961,0.000735,12.934578,3.000000,0.063559,0.328889,-0.310185,0.619487,OK
1807,18.070000,39.951038,0.000733,12.934593,3.000000,0.063559,0.328890,-0.310187,0.619495,OK
1808,18.080000,39.951114,0.000732,12.934608,3.000000,0.063559,0.328892,-0.310190,0.619502,OK
1809,18.090000,39.951191,0.000730,12.934623,3.000000,0.063559,0.328894,-0.310192,0.619509,OK
1810,18.100000,39.951267,0.000728,12.934638,3.000000,0.063559,0.328895,-0.310195,0.619516,OK
1811,18.110000,39.951344,0.000726,12.934654,3.000000,0.063559,0.328897,-0.310197,0.619524,OK
1812,18.120000,39.951420,0.000724,12.934671,3.000000,0.063559,0.328899,-0.310200,0.619531,OK
1813,18.130000,39.951495,0.000722,12.934689,3.000000,0.063559,0.328901,-0.310202,0.619538,OK
1814,18.140000,39.951571,0.000720,12.934707,3.000000,0.063558,0.328903,-0.310204,0.619545,OK
1815,18.150000,39.951647,0.000717,12.934726,3.000000,0.063558,0.328905,-0.310207,0.619553,OK
1816,18.160000,39.951722,0.000715,12.934745,3.000000,0.063558,0.328907,-0.310209,0.619560,OK
1817,18.170000,39.951797,0.000712,12.934765,3.000000,0.063558,0.328909,-0.310211,0.619567,OK
1818,18.180000,39.951872,0.000709,12.934786,3.000000,0.063558,0.328911,-0.310212,0.619574,OK
1819,18.190000,39.951947,0.000706,12.934808,3.000000,0.063558,0.328914,-0.310214,0.619581,OK
1820,18.200000,39.952022,0.000703,12.934830,3.000000,0.063558,0.328916,-0.310216,0.619588,OK
1821,18.210000,39.952096,0.000700,12.934852,3.000000,0.063558,0.328919,-0.310217,0.619595,OK
1822,18.220000,39.952171,0.000697,12.934875,3.000000,0.063558,0.328921,-0.310219,0.619602,OK
1823,18.230000,39.952245,0.000693,12.934899,3.000000,0.063558,0.328924,-0.310220,0.619609,OK
1824,18.240000,39.952319,0.000690,12.934923,3.000000,0.063558,0.328926,-0.310222,0.619616,OK
1825,18.250000,39.952393,0.000686,12.934948,3.000000,0.063558,0.328929,-0.310223,0.619623,OK
1826,18.260000,39.952466,0.000683,12.934972,3.000000,0.063558,0.328932,-0.310224,0.619629,OK
1827,18.270000,39.952540,0.000679,12.934993,3.000000,0.063558,0.328935,-0.310226,0.619636,OK
1828,18.280000,39.952613,0.000677,12.935013,3.000000,0.063558,0.328937,-0.310227,0.619643,OK
1829,18.290000,39.952686,0.000674,12.935028,3.000000,0.063558,0.328939,-0.310229,0.619650,OK
1830,18.300000,39.952760,0.000672,12.935042,3.000000,0.063558,0.328941,-0.310232,0.619656,OK
1831,18.310000,39.952832,0.000671,12.935055,3.000000,0.063558,0.328943,-0.310234,0.619663,OK
1832,18.320000,39.952905,0.000669,12.935067,3.000000,0.063558,0.328944,-0.310236,0.619670,OK
1833,18.330000,39.952978,0.000668,12.935078,3.000000,0.063558,0.328946,-0.310239,0.619677,OK
1834,18.340000,39.953050,0.000666,12.935090,3.000000,0.063558,0.328947,-0.310241,0.619683,OK
1835,18.350000,39.953123,0.000665,12.935102,3.000000,0.063558,0.328949,-0.310244,0.619690,OK
1836,18.360000,39.953195,0.000663,12.935114,3.000000,0.063558,0.328950,-0.310246,0.619696,OK
1837,18.370000,39.953267,0.000662,12.935127,3.000000,0.063557,0.328952,-0.310249,0.619703,OK
1838,18.380000,39.953339,0.000660,12.935140,3.000000,0.063557,0.328954,-0.310251,0.619710,OK
1839,18.390000,39.953411,0.000658,12.935154,3.000000,0.063557,0.328955,-0.310253,0.619716,OK
1840,18.400000,39.953482,0.000656,12.935168,3.000000,0.063557,0.328957,-0.310255,0.619723,OK
1841,18.410000,39.953554,0.000654,12.935184,3.000000,0.063557,0.328959,-0.310257,0.619729,OK
1842,18.420000,39.953625,0.000652,12.935200,3.000000,0.063557,0.328961,-0.310259,0.619736,OK
1843,18.430000,39.953697,0.000650,12.935216,3.000000,0.063557,0.328963,-0.310261,0.619742,OK
1844,18.440000,39.953768,0.000648,12.935234,3.000000,0.063557,0.328965,-0.310263,0.619749,OK
1845,18.450000,39.953839,0.000645,12.935252,3.000000,0.063557,0.328967,-0.310265,0.619755,OK
1846,18.460000,39.953910,0.000643,12.935270,3.000000,0.063557,0.328970,-0.310266,0.619762,OK
1847,18.470000,39.953981,0.000640,12.935289,3.000000,0.063557,0.328972,-0.310268,0.619768,OK
1848,18.480000,39.954051,0.000637,12.935309,3.000000,0.063557,0.328974,-0.310269,0.619775,OK
1849,18.490000,39.954122,0.000634,12.935329,3.000000,0.063557,0.328977,-0.310271,0.619781,OK
1850,18.500000,39.954192,0.000631,12.935350,3.000000,0.063557,0.328979,-0.310272,0.619787,OK
1851,18.510000,39.954263,0.000628,12.935371,3.000000,0.063557,0.328982,-0.310273,0.619793,OK
1852,18.520000,39.954333,0.000624,12.935393,3.000000,0.063557,0.328985,-0.310274,0.619800,OK
1853,18.530000,39.954403,0.000621,12.935415,3.000000,0.063557,0.328988,-0.310276,0.619806,OK
1854,18.540000,39.954473,0.000618,12.935437,3.000000,0.063557,0.328990,-0.310277,0.619812,OK
1855,18.550000,39.954543,0.000615,12.935455,3.000000,0.063557,0.328993,-0.310278,0.619818,OK
1856,18.560000,39.954612,0.000612,12.935472,3.000000,0.063557,0.328995,-0.310279,0.619824,OK
1857,18.570000,39.954682,0.000610,12.935486,3.000000,0.063557,0.328997,-0.310281,0.619830,OK
1858,18.580000,39.954751,0.000608,12.935497,3.000000,0.063557,0.328999,-0.310283,0.619837,OK
1859,18.590000,39.954821,0.000607,12.935506,3.000000,0.063557,0.329001,-0.310285,0.619843,OK
1860,18.600000,39.954890,0.000606,12.935516,3.000000,0.063557,0.329002,-0.310288,0.619849,OK
1861,18.610000,39.954959,0.000604,12.935524,3.000000,0.063556,0.329004,-0.310290,0.619855,OK
1862,18.620000,39.955028,0.000603,12.935533,3.000000,0.063556,0.329005,-0.310292,0.619861,OK
1863,18.630000,39.955097,0.000602,12.935542,3.000000,0.063556,0.329007,-0.310295,0.619867,OK
1864,18.640000,39.955166,0.000601,12.935552,3.000000,0.063556,0.329008,-0.310297,0.619873,OK
1865,18.650000,39.955235,0.000600,12.935562,3.000000,0.063556,0.329010,-0.310299,0.619879,OK
1866,18.660000,39.955303,0.000598,12.935572,3.000000,0.063556,0.329011,-0.310301,0.619885,OK
1867,18.670000,39.955372,0.000597,12.935584,3.000000,0.063556,0.329013,-0.310303,0.619891,OK
1868,18.680000,39.955440,0.000595,12.935595,3.000000,0.063556,0.329015,-0.310306,0.619897,OK
1869,18.690000,39.955509,0.000594,12.935608,3.000000,0.063556,0.329017,-0.310307,0.619903,OK
1870,18.700000,39.955577,0.000592,12.935621,3.000000,0.063556,0.329019,-0.310309,0.619909,OK
1871,18.710000,39.955645,0.000590,12.935635,3.000000,0.063556,0.329021,-0.310311,0.619914,OK
1872,18.720000,39.955713,0.000588,12.935650,3.000000,0.063556,0.329023,-0.310313,0.619920,OK
1873,18.730000,39.955781,0.000585,12.935665,3.000000,0.063556,0.329025,-0.310314,0.619926,OK
1874,18.740000,39.955849,0.000583,12.935681,3.000000,0.063556,0.329027,-0.310316,0.619932,OK
1875,18.750000,39.955917,0.000581,12.935698,3.000000,0.063556,0.329029,-0.310317,0.619938,OK
1876,18.760000,39.955985,0.000578,12.935715,3.000000,0.063556,0.329032,-0.310319,0.619944,OK
1877,18.770000,39.956052,0.000575,12.935733,3.000000,0.063556,0.329034,-0.310320,0.619949,OK
1878,18.780000,39.956120,0.000572,12.935751,3.000000,0.063556,0.329037,-0.310321,0.619955,OK
1879,18.790000,39.956188,0.000569,12.935770,3.000000,0.063556,0.329039,-0.310322,0.619961,OK
1880,18.800000,39.956255,0.000566,12.935789,3.000000,0.063556,0.329042,-0.310323,0.619966,OK
1881,18.810000,39.956322,0.000563,12.935809,3.000000,0.063556,0.329045,-0.310324,0.619972,OK
1882,18.820000,39.956389,0.000560,12.935829,3.000000,0.063556,0.329048,-0.310325,0.619978,OK
1883,18.830000,39.956457,0.000557,12.935844,3.000000,0.063556,0.329050,-0.310326,0.619983,OK
1884,18.840000,39.956524,0.000555,12.935859,3.000000,0.063556,0.329053,-0.310327,0.619989,OK
1885,18.850000,39.956591,0.000553,12.935870,3.000000,0.063556,0.329055,-0.310329,0.619994,OK
1886,18.860000,39.956657,0.000552,12.935879,3.000000,0.063556,0.329056,-0.310331,0.620000,OK
1887,18.870000,39.956724,0.000551,12.935887,3.000000,0.063555,0.329058,-0.310333,0.620005,OK
1888,18.880000,39.956791,0.000549,12.935894,3.000000,0.063555,0.329060,-0.310335,0.620011,OK
1889,18.890000,39.956857,0.000548,12.935901,3.000000,0.063555,0.329061,-0.310337,0.620016,OK
1890,18.900000,39.956924,0.000548,12.935908,3.000000,0.063555,0.329063,-0.310339,0.620022,OK
1891,18.910000,39.956991,0.000547,12.935915,3.000000,0.063555,0.329064,-0.310342,0.620027,OK
1892,18.920000,39.957057,0.000546,12.935922,3.000000,0.063555,0.329066,-0.310344,0.620033,OK
1893,18.930000,39.957123,0.000544,12.935931,3.000000,0.063555,0.329067,-0.310346,0.620038,OK
1894,18.940000,39.957190,0.000543,12.935939,3.000000,0.063555,0.329069,-0.310348,0.620044,OK
1895,18.950000,39.957256,0.000542,12.935949,3.000000,0.063555,0.329071,-0.310350,0.620049,OK
1896,18.960000,39.957322,0.000541,12.935959,3.000000,0.063555,0.329072,-0.310352,0.620054,OK
1897,18.970000,39.957388,0.000539,12.935969,3.000000,0.063555,0.329074,-0.310353,0.620060,OK
1898,18.980000,39.957454,0.000537,12.935981,3.000000,0.063555,0.329076,-0.310355,0.620065,OK
1899,18.990000,39.957520,0.000536,12.935993,3.000000,0.063555,0.329078,-0.310357,0.620071,OK
1900,19.000000,39.957586,0.000534,12.936006,3.000000,0.063555,0.329080,-0.310358,0.620076,OK
1901,19.010000,39.957652,0.000532,12.936019,3.000000,0.063555,0.329083,-0.310360,0.620081,OK
1902,19.020000,39.957717,0.000529,12.936034,3.000000,0.063555,0.329085,-0.310361,0.620086,OK
1903,19.030000,39.957783,0.000527,12.936048,3.000000,0.063555,0.329087,-0.310362,0.620092,OK
1904,19.040000,39.957849,0.000525,12.936064,3.000000,0.063555,0.329090,-0.310363,0.620097,OK
1905,19.050000,39.957914,0.000522,12.936080,3.000000,0.063555,0.329092,-0.310364,0.620102,OK
1906,19.060000,39.957980,0.000519,12.936096,3.000000,0.063555,0.329095,-0.310365,0.620107,OK
1907,19.070000,39.958045,0.000517,12.936113,3.000000,0.063555,0.329098,-0.310366,0.620113,OK
1908,19.080000,39.958110,0.000514,12.936131,3.000000,0.063555,0.329100,-0.310367,0.620118,OK
1909,19.090000,39.958176,0.000511,12.936149,3.000000,0.063555,0.329103,-0.310368,0.620123,OK
1910,19.100000,39.958241,0.000508,12.936167,3.000000,0.063555,0.329106,-0.310369,0.620128,OK
1911,19.110000,39.958306,0.000505,12.936181,3.000000,0.063555,0.329109,-0.310370,0.620133,OK
1912,19.120000,39.958371,0.000503,12.936194,3.000000,0.063555,0.329111,-0.310371,0.620138,OK
1913,19.130000,39.958436,0.000502,12.936203,3.000000,0.063555,0.329113,-0.310372,0.620143,OK
1914,19.140000,39.958501,0.000500,12.936210,3.000000,0.063554,0.329115,-0.310374,0.620148,OK
1915,19.150000,39.958566,0.000499,12.936216,3.000000,0.063554,0.329117,-0.310376,0.620153,OK
1916,19.160000,39.958631,0.000498,12.936221,3.000000,0.063554,0.329118,-0.310378,0.620158,OK
1917,19.170000,39.958696,0.000498,12.936227,3.000000,0.063554,0.329120,-0.310380,0.620163,OK
1918,19.180000,39.958761,0.000497,12.936232,3.000000,0.063554,0.329121,-0.310382,0.620168,OK
1919,19.190000,39.958825,0.000496,12.936237,3.000000,0.063554,0.329123,-0.310384,0.620173,OK
1920,19.200000,39.958890,0.000495,12.936243,3.000000,0.063554,0.329124,-0.310386,0.620178,OK
1921,19.210000,39.958954,0.000494,12.936249,3.000000,0.063554,0.329126,-0.310388,0.620183,OK
1922,19.220000,39.959019,0.000493,12.936256,3.000000,0.063554,0.329128,-0.310390,0.620188,OK
1923,19.230000,39.959084,0.000492,12.936264,3.000000,0.063554,0.329129,-0.310392,0.620193,OK
1924,19.240000,39.959148,0.000491,12.936272,3.000000,0.063554,0.329131,-0.310393,0.620198,OK
1925,19.250000,39.959212,0.000490,12.936281,3.000000,0.063554,0.329133,-0.310395,0.620202,OK
1926,19.260000,39.959277,0.000488,12.936291,3.000000,0.063554,0.329135,-0.310397,0.620207,OK
1927,19.270000,39.959341,0.000487,12.936301,3.000000,0.063554,0.329137,-0.310398,0.620212,OK
1928,19.280000,39.959405,0.000485,12.936313,3.000000,0.063554,0.329139,-0.310399,0.620217,OK
1929,19.290000,39.959470,0.000483,12.936324,3.000000,0.063554,0.329142,-0.310401,0.620222,OK
1930,19.300000,39.959534,0.000481,12.936337,3.000000,0.063554,0.329144,-0.310402,0.620227,OK
1931,19.310000,39.959598,0.000479,12.936350,3.000000,0.063554,0.329146,-0.310403,0.620231,OK
1932,19.320000,39.959662,0.000477,12.936364,3.000000,0.063554,0.329149,-0.310404,0.620236,OK
1933,19.330000,39.959726,0.000474,12.936379,3.000000,0.063554,0.329152,-0.310405,0.620241,OK
1934,19.340000,39.959790,0.000472,12.936394,3.000000,0.063554,0.329154,-0.310406,0.620246,OK
1935,19.350000,39.959854,0.000469,12.936410,3.000000,0.063554,0.329157,-0.310407,0.620250,OK
1936,19.360000,39.959918,0.000466,12.936426,3.000000,0.063554,0.329160,-0.310407,0.620255,OK
1937,19.370000,39.959982,0.000464,12.936442,3.000000,0.063554,0.329163,-0.310408,0.620260,OK
1938,19.380000,39.960045,0.000461,12.936459,3.000000,0.063554,0.329166,-0.310409,0.620264,OK
1939,19.390000,39.960109,0.000458,12.936472,3.000000,0.063554,0.329168,-0.310409,0.620269,OK
1940,19.400000,39.960173,0.000456,12.936483,3.000000,0.063554,0.329171,-0.310411,0.620273,OK
1941,19.410000,39.960237,0.000455,12.936491,3.000000,0.063554,0.329173,-0.310412,0.620278,OK
1942,19.420000,39.960300,0.000454,12.936497,3.000000,0.063554,0.329175,-0.310414,0.620283,OK
1943,19.430000,39.960364,0.000453,12.936501,3.000000,0.063554,0.329176,-0.310415,0.620287,OK
1944,19.440000,39.960427,0.000452,12.936505,3.000000,0.063553,0.329178,-0.310417,0.620292,OK
1945,19.450000,39.960491,0.000452,12.936508,3.000000,0.063553,0.329180,-0.310419,0.620296,OK
1946,19.460000,39.960554,0.000451,12.936512,3.000000,0.063553,0.329181,-0.310421,0.620301,OK
1947,19.470000,39.960617,0.000450,12.936516,3.000000,0.063553,0.329183,-0.310423,0.620305,OK
1948,19.480000,39.960681,0.000450,12.936520,3.000000,0.063553,0.329185,-0.310425,0.620310,OK
1949,19.490000,39.960744,0.000449,12.936525,3.000000,0.063553,0.329186,-0.310426,0.620314,OK
1950,19.500000,39.960807,0.000448,12.936530,3.000000,0.063553,0.329188,-0.310428,0.620319,OK
1951,19.510000,39.960871,0.000447,12.936536,3.000000,0.063553,0.329190,-0.310430,0.620323,OK
1952,19.520000,39.960934,0.000446,12.936543,3.000000,0.063553,0.329192,-0.310432,0.620328,OK
1953,19.530000,39.960997,0.000445,12.936551,3.000000,0.063553,0.329194,-0.310433,0.620332,OK
1954,19.540000,39.961060,0.000444,12.936560,3.000000,0.063553,0.329196,-0.310434,0.620336,OK
1955,19.550000,39.961123,0.000442,12.936569,3.000000,0.063553,0.329198,-0.310436,0.620341,OK
1956,19.560000,39.961186,0.000441,12.936579,3.000000,0.063553,0.329200,-0.310437,0.620345,OK
1957,19.570000,39.961250,0.000439,12.936590,3.000000,0.063553,0.329202,-0.310438,0.620350,OK
1958,19.580000,39.961313,0.000437,12.936601,3.000000,0.063553,0.329205,-0.310439,0.620354,OK
1959,19.590000,39.961375,0.000435,12.936613,3.000000,0.063553,0.329207,-0.310440,0.620358,OK
1960,19.600000,39.961438,0.000433,12.936626,3.000000,0.063553,0.329210,-0.310441,0.620363,OK
1961,19.610000,39.961501,0.000431,12.936639,3.000000,0.063553,0.329213,-0.310442,0.620367,OK
1962,19.620000,39.961564,0.000428,12.936653,3.000000,0.063553,0.329215,-0.310443,0.620371,OK
1963,19.630000,39.961627,0.000426,12.936668,3.000000,0.063553,0.329218,-0.310443,0.620376,OK
1964,19.640000,39.961690,0.000423,12.936683,3.000000,0.063553,0.329221,-0.310444,0.620380,OK
1965,19.650000,39.961753,0.000420,12.936699,3.000000,0.063553,0.329224,-0.310444,0.620384,OK
1966,19.660000,39.961815,0.000418,12.936710,3.000000,0.063553,0.329227,-0.310445,0.620388,OK
1967,19.670000,39.961878,0.000416,12.936720,3.000000,0.063553,0.329229,-0.310446,0.620392,OK
1968,19.680000,39.961941,0.000415,12.936727,3.000000,0.063553,0.329231,-0.310447,0.620396,OK
1969,19.690000,39.962003,0.000414,12.936731,3.000000,0.063553,0.329233,-0.310449,0.620401,OK
1970,19.700000,39.962066,0.000413,12.936735,3.000000,0.063553,0.329235,-0.310450,0.620405,OK
1971,19.710000,39.962128,0.000413,12.936738,3.000000,0.063553,0.329237,-0.310452,0.620409,OK
1972,19.720000,39.962191,0.000412,12.936741,3.000000,0.063553,0.329239,-0.310454,0.620413,OK
1973,19.730000,39.962253,0.000412,12.936743,3.000000,0.063553,0.329240,-0.310455,0.620417,OK
1974,19.740000,39.962316,0.000411,12.936746,3.000000,0.063553,0.329242,-0.310457,0.620421,OK
1975,19.750000,39.962378,0.000410,12.936750,3.000000,0.063552,0.329244,-0.310459,0.620425,OK
1976,19.760000,39.962440,0.000410,12.936754,3.000000,0.063552,0.329246,-0.310461,0.620429,OK
1977,19.770000,39.962503,0.000409,12.936759,3.000000,0.063552,0.329247,-0.310462,0.620433,OK
1978,19.780000,39.962565,0.000408,12.936765,3.000000,0.063552,0.329249,-0.310464,0.620438,OK
1979,19.790000,39.962627,0.000407,12.936771,3.000000,0.063552,0.329251,-0.310465,0.620442,OK
1980,19.800000,39.962690,0.000406,12.936778,3.000000,0.063552,0.329253,-0.310467,0.620446,OK
1981,19.810000,39.962752,0.000405,12.936786,3.000000,0.063552,0.329256,-0.310468,0.620450,OK
1982,19.820000,39.962814,0.000403,12.936795,3.000000,0.063552,0.329258,-0.310469,0.620454,OK
1983,19.830000,39.962876,0.000402,12.936804,3.000000,0.063552,0.329260,-0.310470,0.620458,OK
1984,19.840000,39.962938,0.000400,12.936814,3.000000,0.063552,0.329263,-0.310471,0.620462,OK
1985,19.850000,39.963000,0.000398,12.936825,3.000000,0.063552,0.329265,-0.310472,0.620466,OK
1986,19.860000,39.963062,0.000396,12.936837,3.000000,0.063552,0.329268,-0.310473,0.620470,OK
1987,19.870000,39.963124,0.000394,12.936849,3.000000,0.063552,0.329270,-0.310473,0.620474,OK
1988,19.880000,39.963186,0.000392,12.936862,3.000000,0.063552,0.329273,-0.310474,0.620478,OK
1989,19.890000,39.963248,0.000390,12.936876,3.000000,0.063552,0.329276,-0.310475,0.620482,OK
1990,19.900000,39.963310,0.000387,12.936890,3.000000,0.063552,0.329279,-0.310475,0.620485,OK
1991,19.910000,39.963372,0.000385,12.936904,3.000000,0.063552,0.329282,-0.310475,0.620489,OK
1992,19.920000,39.963434,0.000383,12.936915,3.000000,0.063552,0.329285,-0.310476,0.620493,OK
1993,19.930000,39.963496,0.000381,12.936924,3.000000,0.063552,0.329287,-0.310477,0.620497,OK
1994,19.940000,39.963558,0.000380,12.936930,3.000000,0.063552,0.329290,-0.310478,0.620501,OK
1995,19.950000,39.963620,0.000379,12.936934,3.000000,0.063552,0.329292,-0.310479,0.620504,OK
1996,19.960000,39.963681,0.000378,12.936937,3.000000,0.063552,0.329294,-0.310481,0.620508,OK
1997,19.970000,39.963743,0.000377,12.936939,3.000000,0.063552,0.329295,-0.310482,0.620512,OK
1998,19.980000,39.963805,0.000377,12.936941,3.000000,0.063552,0.329297,-0.310484,0.620516,OK
1999,19.990000,39.963866,0.000377,12.936943,3.000000,0.063552,0.329299,-0.310486,0.620520,OK
2000,20.000000,39.963928,0.000376,12.936946,3.000000,0.063552,0.329301,-0.310487,0.620523,OK
