sample_index,run_number,timestamp_local_iso8601,sim_time_s,state_vehicle_speed_kmh,state_beta_trucksim_deg,state_yaw_rate_trucksim_degps,state_x_m,state_y_m,state_xt_m,state_yt_m,cmd_delta1_deg,cmd_delta2_deg,cmd_delta3_deg,case_id,case_name
1,2026年09月15日_19时21分47秒_第001次,2026-09-15T19:21:47,0,15,0,0,-1.05819009496492,0,0,0,0,0,-0,MV-202,sine_steer_python-1
2,2026年09月15日_19时21分47秒_第001次,2026-09-15T19:21:47,0.001,15,0,0,-1.05819009496492,0,0,0,0,-1.96122075772105e-09,-8.29988624667548e-08,MV-202,sine_steer_python-1
3,2026年09月15日_19时21分47秒_第001次,2026-09-15T19:21:47,0.002,15,9.71059385571035e-36,4.70468973902358e-20,-1.05402342829826,0,0.00416666666666667,0,0,-2.36966372896692e-10,-1.0028416900988e-08,MV-202,sine_steer_python-1
4,2026年09月15日_19时21分47秒_第001次,2026-09-15T19:21:47,0.003,14.9999859808489,1.55738422100045e-10,2.61282466939975e-05,-1.0498565571278,6.50844639819591e-25,0.0083343352564725,0,0,3.15599942272909e-08,1.33561895569895e-06,MV-202,sine_steer_python-1
5,2026年09月15日_19时21分47秒_第001次,2026-09-15T19:21:47,0.004,14.9999387487839,-3.9061218615875e-08,3.17972154857528e-05,-1.0456896462347,-9.53612029490073e-10,0.0125022208115801,0,0,4.79149044678815e-08,2.02775875708074e-06,MV-202,sine_steer_python-1
6,2026年09月15日_19时21分47秒_第001次,2026-09-15T19:21:47,0.005,14.9998580798284,-5.87970530411398e-08,2.64585563690569e-05,-1.04152271666419,-1.6352245487345e-09,0.0166702667746804,0,0,4.93355290069271e-08,2.08787958757315e-06,MV-202,sine_steer_python-1
7,2026年09月15日_19时21分47秒_第001次,2026-09-15T19:21:47,0.006,14.9997433549576,-6.2991471269173e-08,1.09748356553474e-05,-1.03735579714454,-2.07134875043671e-09,0.0208383687599048,0,0,5.8073148895338e-08,2.4576556612507e-06,MV-202,sine_steer_python-1
8,2026年09月15日_19时21分47秒_第001次,2026-09-15T19:21:47,0.007,14.999596452288,-4.42033945738433e-08,-1.25031693766523e-05,-1.03318891167699,-2.0282393322357e-09,0.0250064464726426,0,0,8.15673757085889e-08,3.45193133998748e-06,MV-202,sine_steer_python-1
9,2026年09月15日_19时21分47秒_第001次,2026-09-15T19:21:47,0.008,14.9994208245426,-1.71054008531693e-09,-4.05524736957584e-05,-1.02902207906166,-1.39379094180555e-09,0.0291744417259175,0,0,1.14792312430767e-07,4.85801066207005e-06,MV-202,sine_steer_python-1
10,2026年09月15日_19时21分47秒_第001次,2026-09-15T19:21:47,0.009,14.9992207518394,6.09220775344442e-08,-6.98201549681902e-05,-1.0248553134816,-1.38241396872706e-10,0.0333423143626744,0,0,1.49930810478004e-07,6.34507189942915e-06,MV-202,sine_steer_python-1
11,2026年09月15日_19时21分47秒_第001次,2026-09-15T19:21:47,0.01,14.9990007394227,1.37188202424388e-07,-9.73825107946377e-05,-1.02068862495854,1.70534672833594e-09,0.0375100395247404,0,0,1.79758205405882e-07,7.60736725277694e-06,MV-202,sine_steer_python-1
12,2026年09月15日_19时21分47秒_第001次,2026-09-15T19:21:47,0.011,14.9987650567211,2.18733404429854e-07,-0.00012091542409344,-1.01652201994734,4.05105597205347e-09,0.0416776048171521,0,0,1.96624722519806e-07,8.32115825703819e-06,MV-202,sine_steer_python-1
13,2026年09月15日_19时21分47秒_第001次,2026-09-15T19:21:47,0.012,14.998517437775,2.96489914328026e-07,-0.000138814835989923,-1.0123555019814,6.77883452538088e-09,0.0458450076479885,0,0,1.94523389745297e-07,8.23222985402096e-06,MV-202,sine_steer_python-1
14,2026年09月15日_19时21分47秒_第001次,2026-09-15T19:21:47,0.013,14.9982605012347,3.61634008177518e-07,-0.000150169576888155,-1.00818907231798,9.74989418967135e-09,0.0500122528072218,0,0,1.72497710211969e-07,7.30010309617055e-06,MV-202,sine_steer_python-1
15,2026年09月15日_19时21分47秒_第001次,2026-09-15T19:21:47,0.014,14.9979963661212,4.06309358397131e-07,-0.000154704368845445,-1.00402273072323,1.28207434707624e-08,0.0541793501425619,0,0,1.36162889579965e-07,5.76241348702412e-06,MV-202,sine_steer_python-1
16,2026年09月15日_19时21分47秒_第001次,2026-09-15T19:21:47,0.015,14.997726695888,4.24146883330022e-07,-0.00015267511766967,-0.999856475855175,1.58543735753784e-08,0.0583463128918916,0,0,9.65398702504092e-08,4.08556730899732e-06,MV-202,sine_steer_python-1
17,2026年09月15日_19时21分47秒_第001次,2026-09-15T19:21:47,0.016,14.997452699846,4.10569211236233e-07,-0.0001447407231616,-0.995690305656788,1.8728551398274e-08,0.0625131562285747,0,0,6.71249105613093e-08,2.84072621495461e-06,MV-202,sine_steer_python-1
18,2026年09月15日_19时21分47秒_第001次,2026-09-15T19:21:47,0.017,14.9971752411219,3.62899758977677e-07,-0.000131838461220846,-0.991524217701072,2.13413582194061e-08,0.0666798960638568,0,0,6.10559070456377e-08,2.58388598617139e-06,MV-202,sine_steer_python-1
19,2026年09月15日_19时21分47秒_第001次,2026-09-15T19:21:47,0.018,14.9968949353056,2.80321323947717e-07,-0.000115068182158653,-0.987358209442626,2.36142204899749e-08,0.0708465481331519,0,0,8.85925463160504e-08,3.74923656009525e-06,MV-202,sine_steer_python-1
20,2026年09月15日_19时21分47秒_第001次,2026-09-15T19:21:47,0.019,14.996612238685,1.63718717955522e-07,-9.55926330461491e-05,-0.983192278400208,2.54928552080946e-08,0.0750131273183899,0,0,1.54941194928151e-07,6.55711136935937e-06,MV-202,sine_steer_python-1
21,2026年09月15日_19时21分47秒_第001次,2026-09-15T19:21:47,0.02,14.9963275183986,1.54421089072167e-08,-7.45566014321178e-05,-0.979026422279209,2.6946561242453e-08,0.0791796471747533,0,0,2.58738653848635e-07,1.09498198308742e-05,MV-202,sine_steer_python-1
22,2026年09月15日_19时21分47秒_第001次,2026-09-15T19:21:47,0.021,14.996041103056,-1.60976578576552e-07,-5.30255064505103e-05,-0.97486063904585,2.79662920968441e-08,0.0833461196274959,0,0,3.91767051210249e-07,1.65795816072178e-05,MV-202,sine_steer_python-1
23,2026年09月15日_19时21分47秒_第001次,2026-09-15T19:21:47,0.022,14.9957533153821,-3.61126782719762e-07,-3.19424377812666e-05,-0.970694926964174,2.85619092140989e-08,0.0875125548064906,0,0,5.40122453777554e-07,2.28579822438661e-05,MV-202,sine_steer_python-1
24,2026年09月15日_19时21分47秒_第001次,2026-09-15T19:21:47,0.023,14.995464489977,-5.80020005671373e-07,-1.21016391459659e-05,-0.966529284605655,2.87589629559883e-08,0.0916789609890772,0,0,6.86508379749275e-07,2.90530346309893e-05,MV-202,sine_steer_python-1
25,2026年09月15日_19时21分47秒_第001次,2026-09-15T19:21:47,0.024,14.9951749797936,-8.12371617913736e-07,5.86409476180614e-06,-0.96236371083965,2.85952883537727e-08,0.0958453446252991,0,0,8.13126592609794e-07,3.44115173992465e-05,MV-202,sine_steer_python-1
26,2026年09月15日_19时21分47秒_第001次,2026-09-15T19:21:47,0.025,14.9948851548061,-1.0528523354049e-06,2.14848217972284e-05,-0.958198204811333,2.81176411094218e-08,0.100011710423318,0,0,9.04604006072623e-07,3.82828415369934e-05,MV-202,sine_steer_python-1
27,2026年09月15日_19时21分47秒_第001次,2026-09-15T19:21:47,0.026,14.9945955021861,-1.29630200380009e-06,3.43194400769888e-05,-0.954032765912254,2.73785408354543e-08,0.104178061476417,0,0,9.50434856579198e-07,4.02224031304316e-05,MV-202,sine_steer_python-1
28,2026年09月15日_19时21分47秒_第001次,2026-09-15T19:21:47,0.027,14.9943065469718,-1.53771315925612e-06,4.42828623314443e-05,-0.949867393702605,2.64332041180458e-08,0.108344399462993,0,0,9.46573906686171e-07,4.00590077309588e-05,MV-202,sine_steer_python-1
29,2026年09月15日_19时21分47秒_第001次,2026-09-15T19:21:47,0.028,14.994018696825,-1.77274498709052e-06,5.12874843085763e-05,-0.94570208787738,2.53384648954543e-08,0.112510724814431,0,0,8.96011016950609e-07,3.79191862373498e-05,MV-202,sine_steer_python-1
30,2026年09月15日_19时21分47秒_第001次,2026-09-15T19:21:47,0.029,14.9937323419066,-1.99753747129302e-06,5.53960931535601e-05,-0.941536848285241,2.41499922479859e-08,0.116677036833953,0,0,8.08297917946409e-07,3.4207167887492e-05,MV-202,sine_steer_python-1
31,2026年09月15日_19时21分47秒_第001次,2026-09-15T19:21:47,0.03,14.993447833035,-2.20889604505059e-06,5.67594417184424e-05,-0.937371674883567,2.29203268575349e-08,0.120843333881668,0,0,6.97928727486269e-07,2.95363437472189e-05,MV-202,sine_steer_python-1
32,2026年09月15日_19时21分47秒_第001次,2026-09-15T19:21:47,0.031,14.9931654778577,-2.40429734429565e-06,5.560122381804e-05,-0.933206567717821,2.16977399282043e-08,0.125009613530016,0,0,5.81873843935712e-07,2.46249010753593e-05,MV-202,sine_steer_python-1
33,2026年09月15日_19时21分47秒_第001次,2026-09-15T19:21:47,0.032,14.9928855820085,-2.58189714187608e-06,5.21983088429342e-05,-0.929041526901469,2.05252565457918e-08,0.129175872710813,0,0,4.77056331777888e-07,2.01890239608402e-05,MV-202,sine_steer_python-1
34,2026年09月15日_19时21分47秒_第001次,2026-09-15T19:21:47,0.033,14.9926083935474,-2.74051024007565e-06,4.68603874117088e-05,-0.924876552580605,1.9440079787244e-08,0.133342107868285,0,0,3.97434226695689e-07,1.68194164737615e-05,MV-202,sine_steer_python-1
35,2026年09月15日_19时21分47秒_第001次,2026-09-15T19:21:47,0.034,14.992334113815,-2.87956819037387e-06,3.99190036398768e-05,-0.920711644930687,1.84733231006127e-08,0.1375083150673,0,0,3.51337906902602e-07,1.48686202201181e-05,MV-202,sine_steer_python-1
36,2026年09月15日_19时21分47秒_第001次,2026-09-15T19:21:47,0.035,14.9920628985316,-2.99907171945517e-06,3.17105712062924e-05,-0.916546804143973,1.76500202203053e-08,0.14167449009946,0,0,3.39816402002515e-07,1.43810301327464e-05,MV-202,sine_steer_python-1
37,2026年09月15日_19时21分47秒_第001次,2026-09-15T19:21:47,0.036,14.9917948599669,-3.09952641134954e-06,2.25642369987703e-05,-0.912382030421127,1.69893276453396e-08,0.145840628572802,0,0,3.56720253453496e-07,1.50964011261519e-05,MV-202,sine_steer_python-1
38,2026年09月15日_19时21分47秒_第001次,2026-09-15T19:21:47,0.037,14.9915300703584,-3.18187305137926e-06,1.27919044318277e-05,-0.908217323965096,1.65048997475286e-08,0.150006725987495,0,0,3.90178671283074e-07,1.65123613686997e-05,MV-202,sine_steer_python-1
39,2026年09月15日_19时21分47秒_第001次,2026-09-15T19:21:47,0.038,14.9912685662081,-3.24741486658039e-06,2.68060804478014e-06,-0.904052684976707,1.62053738915054e-08,0.154172777798736,0,0,4.24719037606494e-07,1.79741096715068e-05,MV-202,sine_steer_python-1
40,2026年09月15日_19时21分47秒_第001次,2026-09-15T19:21:47,0.039,14.9910103531772,-3.2977445421331e-06,-7.51293142045911e-06,-0.89988811365156,1.60949304582444e-08,0.158338779468136,0,0,4.43937322206032e-07,1.87874274757593e-05,MV-202,sine_steer_python-1
41,2026年09月15日_19时21分47秒_第001次,2026-09-15T19:21:47,0.04,14.9907554113234,-3.33467343539198e-06,-1.75657790453237e-05,-0.895723610177853,1.61738911645733e-08,0.162504726505007,0,0,4.33531676576658e-07,1.83470605527242e-05,MV-202,sine_steer_python-1
42,2026年09月15日_19时21分47秒_第001次,2026-09-15T19:21:47,0.041,14.9905037004562,-3.36016481445661e-06,-2.7290519417158e-05,-0.891559174734779,1.6439326535944e-08,0.166670614498921,0,0,3.84167569637163e-07,1.62579715470448e-05,MV-202,sine_steer_python-1
43,2026年09月15日_19时21分47秒_第001次,2026-09-15T19:21:47,0.042,14.990255165416,-3.37627248631521e-06,-3.65355073072832e-05,-0.887394807491241,1.68856492976515e-08,0.170836439144932,0,0,2.93539462532197e-07,1.24225900543626e-05,MV-202,sine_steer_python-1
44,2026年09月15日_19时21分47秒_第001次,2026-09-15T19:21:47,0.043,14.9900097411174,-3.3850857463416e-06,-4.51838915313333e-05,-0.883230508604648,1.75051758823533e-08,0.175002196262704,0,0,1.66968179620222e-07,7.06609336152778e-06,MV-202,sine_steer_python-1
45,2026年09月15日_19时21分47秒_第001次,2026-09-15T19:21:47,0.044,14.9897673572245,-3.38868120802092e-06,-5.31516616065962e-05,-0.879066278219634,1.82886433109153e-08,0.179167881810724,0,0,1.65917571135839e-08,7.02163161046872e-07,MV-202,sine_steer_python-1
46,2026年09月15日_19时21分47秒_第001次,2026-09-15T19:21:47,0.045,14.9895279423582,-3.38908175608249e-06,-6.03849523536322e-05,-0.874902116466579,1.92256730997377e-08,0.183333491896607,0,0,-1.40577586706273e-07,-5.94924346940948e-06,MV-202,sine_steer_python-1
47,2026年09月15日_19时21分47秒_第001次,2026-09-15T19:21:47,0.046,14.9892914277606,-3.38822260624223e-06,-6.68568218687348e-05,-0.870738023459875,2.03051775395326e-08,0.187499022784393,0,0,-2.85781382974296e-07,-1.20942681274722e-05,MV-202,sine_steer_python-1
48,2026年09月15日_19时21分47秒_第001次,2026-09-15T19:21:47,0.047,14.9890577503679,-3.38792424666515e-06,-7.25636962485684e-05,-0.866573999295903,2.15157067889931e-08,0.191664470899582,0,0,-4.01894690275063e-07,-1.70081832924407e-05,MV-202,sine_steer_python-1
49,2026年09月15日_19时21分47秒_第001次,2026-09-15T19:21:47,0.048,14.9888268552644,-3.38987187566476e-06,-7.75216504450703e-05,-0.862410044050738,2.28457376285776e-08,0.19582983283251,0,0,-4.76247743284479e-07,-2.01548044957991e-05,MV-202,sine_steer_python-1
50,2026年09月15日_19时21分47秒_第001次,2026-09-15T19:21:47,0.049,14.9885986975143,-3.39560083088226e-06,-8.17626691575389e-05,-0.858246157777617,2.42839065771626e-08,0.199995105340573,0,0,-5.02523006656097e-07,-2.1266773641686e-05,MV-202,sine_steer_python-1
51,2026年09月15日_19时21分47秒_第001次,2026-09-15T19:21:47,0.05,14.9883732433823,-3.40648742434314e-06,-8.53310081897293e-05,-0.854082340504233,2.58191914187375e-08,0.204160285349665,0,0,-4.81615255056484e-07,-2.03819575939904e-05,MV-202,sine_steer_python-1
52,2026年09月15日_19时21分47秒_第001次,2026-09-15T19:21:47,0.051,14.9881504709756,-3.42374454690311e-06,-8.82797530026379e-05,-0.849918592229933,2.74410460557107e-08,0.208325369955101,0,0,-4.21307973135176e-07,-1.78297534230806e-05,MV-202,sine_steer_python-1
53,2026年09月15日_19时21分47秒_第001次,2026-09-15T19:21:47,0.052,14.98793037035,-3.44842138182631e-06,-9.06676481565061e-05,-0.845754912922906,2.91394941292191e-08,0.212490356422235,0,0,-3.34665302439879e-07,-1.41630355992557e-05,MV-202,sine_steer_python-1
54,2026年09月15日_19时21分47秒_第001次,2026-09-15T19:21:47,0.053,14.9877129431369,-3.48140656704722e-06,-9.25562523861268e-05,-0.841591302517437,3.09051870559557e-08,0.216655242186882,0,0,-2.37611934971414e-07,-1.00557370879903e-05,MV-202,sine_steer_python-1
55,2026年09月15日_19时21分47秒_第001次,2026-09-15T19:21:47,0.054,14.9874982017571,-3.52343416103357e-06,-9.40074539438551e-05,-0.837427760911335,3.2729432075593e-08,0.220820024855618,0,0,-1.46150088617261e-07,-6.18507175028247e-06,MV-202,sine_steer_python-1
56,2026年09月15日_19时21分47秒_第001次,2026-09-15T19:21:47,0.055,14.9872861682909,-3.57509179931197e-06,-9.50813655974075e-05,-0.833264287963586,3.4604195713724e-08,0.224984702205994,0,0,-7.3673395064157e-08,-3.11785807911513e-06,MV-202,sine_steer_python-1
57,2026年09月15日_19时21分47秒_第001次,2026-09-15T19:21:47,0.056,14.987076873081,-3.63683047024238e-06,-9.58346035408258e-05,-0.829100883492328,3.65220876853529e-08,0.229149272186642,0,0,-2.88765944303431e-08,-1.22205747629212e-06,MV-202,sine_steer_python-1
58,2026年09月15日_19时21分47秒_第001次,2026-09-15T19:21:47,0.057,14.9868703531417,-3.70897538908604e-06,-9.63189447770481e-05,-0.824937547273175,3.84763298427536e-08,0.233313732917271,0,0,-1.46241486878812e-08,-6.18893972471134e-07,MV-202,sine_steer_python-1
59,2026年09月15日_19时21分47秒_第001次,2026-09-15T19:21:47,0.058,14.9866666504482,-3.79173750211953e-06,-9.65803515177953e-05,-0.820774279037954,4.04607143347076e-08,0.237478082688511,0,0,-2.7978605846882e-08,-1.18405459944005e-06,MV-202,sine_steer_python-1
60,2026年09月15日_19时21分47秒_第001次,2026-09-15T19:21:47,0.059,14.9864639071261,-3.88523255777082e-06,-9.66169126719955e-05,-0.816611078473868,4.24695548384273e-08,0.241642319961568,0,0,-6.11591510246992e-08,-2.58825527136527e-06,MV-202,sine_steer_python-1
61,2026年09月15日_19时21分47秒_第001次,2026-09-15T19:21:47,0.06,14.986263576944,-3.98953475749327e-06,-9.6120405792412e-05,-0.812447946024463,4.44977080250575e-08,0.245806442533452,0,0,-1.03087821988364e-07,-4.36267662654757e-06,MV-202,sine_steer_python-1
62,2026年09月15日_19时21分47秒_第001次,2026-09-15T19:21:47,0.061,14.9860655386618,-4.10513708082158e-06,-9.53463275784355e-05,-0.808284881229484,4.65268282930259e-08,0.249970449261129,0,0,-1.41429529544954e-07,-5.98529769034246e-06,MV-202,sine_steer_python-1
63,2026年09月15日_19时21分47秒_第001次,2026-09-15T19:21:47,0.062,14.9858699039719,-4.23172854815151e-06,-9.4303858521642e-05,-0.804121883851792,4.85543578657257e-08,0.254134338892843,0,0,-1.64760834313014e-07,-6.97267850812673e-06,MV-202,sine_steer_python-1
64,2026年09月15日_19时21分47秒_第001次,2026-09-15T19:21:47,0.063,14.9856767872695,-4.36918489309094e-06,-9.30455956599302e-05,-0.799958953559061,5.05724923637243e-08,0.258298110396159,0,0,-1.64478652246259e-07,-6.96073656306168e-06,MV-202,sine_steer_python-1
65,2026年09月15日_19时21分47秒_第001次,2026-09-15T19:21:47,0.064,14.9854862980393,-4.5171972315327e-06,-9.16282643951238e-05,-0.795796089955215,5.25760962224039e-08,0.262461762925677,0,0,-1.36174309209269e-07,-5.76289676573626e-06,MV-202,sine_steer_python-1
66,2026年09月15日_19时21分47秒_第001次,2026-09-15T19:21:47,0.065,14.9852985399202,-4.67536519059257e-06,-9.01008874627049e-05,-0.791633292582991,5.45610613260613e-08,0.266625295819916,0,0,-8.02824361227557e-08,-3.39755269671502e-06,MV-202,sine_steer_python-1
67,2026年09月15日_19时21分47秒_第001次,2026-09-15T19:21:47,0.066,14.9851136088828,-4.84321021405502e-06,-8.85051341214462e-05,-0.787470560925797,5.6524272679202e-08,0.270788708599047,0,0,-1.90120692198455e-09,-8.0459076938386e-08,MV-202,sine_steer_python-1
68,2026年09月15日_19时21分47秒_第001次,2026-09-15T19:21:47,0.067,14.984931591804,-5.0201923920694e-06,-8.68742426053408e-05,-0.783307894410214,5.84635112543458e-08,0.274952000961899,0,0,9.0091426796686e-08,3.81266918203575e-06,MV-202,sine_steer_python-1
69,2026年09月15日_19时21分47秒_第001次,2026-09-15T19:21:47,0.068,14.9847525653869,-5.20572771585634e-06,-8.52321488890243e-05,-0.779145292408868,6.0377262349794e-08,0.279115172782507,0,0,1.84532424051706e-07,7.80941218586819e-06,MV-202,sine_steer_python-1
70,2026年09月15日_19时21分47秒_第001次,2026-09-15T19:21:47,0.069,14.9845765953851,-5.39920328407373e-06,-8.35938009225522e-05,-0.77498275424358,6.22645642092774e-08,0.283278224106259,0,0,2.69890350380152e-07,1.1421759628088e-05,MV-202,sine_steer_python-1
71,2026年09月15日_19时21分47秒_第001次,2026-09-15T19:21:47,0.07,14.9844037360973,-5.59999426980619e-06,-8.19657164774461e-05,-0.770820279188731,6.41248541846931e-08,0.287441155145701,0,0,3.36079115007579e-07,1.42228681471207e-05,MV-202,sine_steer_python-1
72,2026年09月15日_19时21分47秒_第001次,2026-09-15T19:21:47,0.071,14.9842340301068,-5.80750446730228e-06,-8.03467234017444e-05,-0.766657866474758,6.5957832618413e-08,0.291603966276037,0,0,3.75942906695143e-07,1.59099038113385e-05,MV-202,sine_steer_python-1
73,2026年09月15日_19时21分47秒_第001次,2026-09-15T19:21:47,0.072,14.9840675082271,-6.02109398369747e-06,-7.87295897534404e-05,-0.762495515291744,6.77633384826338e-08,0.295766658030387,0,0,3.86283544483076e-07,1.63475196025238e-05,MV-202,sine_steer_python-1
74,2026年09月15日_19时21分47秒_第001次,2026-09-15T19:21:47,0.073,14.9839041896342,-6.24014444521394e-06,-7.71017418980355e-05,-0.758333224793029,6.95412669781155e-08,0.299929231094836,0,0,3.68250775166417e-07,1.55843728050428e-05,MV-202,sine_steer_python-1
75,2026年09月15日_19时21分47秒_第001次,2026-09-15T19:21:47,0.074,14.9837440821539,-6.46405162195526e-06,-7.54465438451243e-05,-0.754170994098813,7.12914808299759e-08,0.304091686303318,0,0,3.27183454740803e-07,1.38464038046308e-05,MV-202,sine_steer_python-1
76,2026年09月15日_19时21分47秒_第001次,2026-09-15T19:21:47,0.075,14.9835871826785,-6.69222800940863e-06,-7.37444313285136e-05,-0.750008822299697,7.30137524879679e-08,0.30825402463237,0,0,2.71683679431122e-07,1.14976533135251e-05,MV-202,sine_steer_python-1
77,2026年09月15日_19时21分47秒_第001次,2026-09-15T19:21:47,0.076,14.9834334776891,-6.9241040102782e-06,-7.19739571284423e-05,-0.745846708460144,7.47077202750271e-08,0.312416247195796,0,0,2.12027625470281e-07,8.97300910990228e-06,MV-202,sine_steer_python-1
78,2026年09月15日_19时21分47秒_第001次,2026-09-15T19:21:47,0.077,14.9832829438615,-7.15912789034042e-06,-7.01127394285774e-05,-0.741684651621821,7.63728598661693e-08,0.316578355239261,0,0,1.58346945752344e-07,6.70124274423921e-06,MV-202,sine_steer_python-1
79,2026年09月15日_19时21分47秒_第001次,2026-09-15T19:21:47,0.078,14.9831355487344,-7.3967647714928e-06,-6.81382953088383e-05,-0.737522650806812,7.80084688318175e-08,0.320740350134849,0,0,1.18939482849711e-07,5.03351891419977e-06,MV-202,sine_steer_python-1
80,2026年09月15日_19时21分47秒_第001次,2026-09-15T19:21:47,0.079,14.9829912514222,-7.63649489675238e-06,-6.60287552135989e-05,-0.733360705020671,7.96136622493309e-08,0.324902233375603,0,0,9.89746657795039e-08,4.18860785578861e-06,MV-202,sine_steer_python-1
81,2026年09月15日_19时21分47秒_第001次,2026-09-15T19:21:47,0.08,14.9828500033546,-7.87781137845667e-06,-6.37634596815427e-05,-0.729198813255321,8.11873775165162e-08,0.329064006570065,0,0,9.97948213930682e-08,4.22331684135465e-06,MV-202,sine_steer_python-1
82,2026年09月15日_19时21分47秒_第001次,2026-09-15T19:21:47,0.081,14.9827117490306,-8.12021761719665e-06,-6.13234426260671e-05,-0.725036974491777,8.27283866145127e-08,0.333225671436841,0,0,1.18861724308046e-07,5.0302281727165e-06,MV-202,sine_steer_python-1
83,2026年09月15日_19时21分47秒_第001次,2026-09-15T19:21:47,0.082,14.9825764267734,-8.36322455492098e-06,-5.86918089135157e-05,-0.7208751877027,8.42353142210716e-08,0.337387229799197,0,0,1.50422689507187e-07,6.36588821994415e-06,MV-202,sine_steer_python-1
84,2026年09月15日_19时21分47秒_第001次,2026-09-15T19:21:47,0.083,14.9824439694758,-8.60634790039302e-06,-5.58540141356403e-05,-0.716713451854769,8.57066602722185e-08,0.341548683579692,0,0,1.86727402076446e-07,7.90230365587519e-06,MV-202,sine_steer_python-1
85,2026年09月15日_19时21分47秒_第001次,2026-09-15T19:21:47,0.084,14.9823143053284,-8.84910544410334e-06,-5.27980566170486e-05,-0.71255176591088,8.71408257143452e-08,0.345710034794869,0,0,2.19476689656354e-07,9.28825350625689e-06,MV-202,sine_steer_python-1
86,2026年09月15日_19时21分47秒_第001次,2026-09-15T19:21:47,0.085,14.9821873585228,-9.0910145568292e-06,-4.95145909272254e-05,-0.708390128832182,8.85361403831583e-08,0.349871285550006,0,0,2.4129317029112e-07,1.02115269667202e-05,MV-202,sine_steer_python-1
87,2026年09月15日_19时21分47秒_第001次,2026-09-15T19:21:47,0.086,14.9820630499251,-9.33158994801801e-06,-4.59969726310932e-05,-0.704228539579937,8.98908920890032e-08,0.354032438033925,0,0,2.46980951289509e-07,1.0452233858572e-05,MV-202,sine_steer_python-1
88,2026年09月15日_19时21分47秒_第001次,2026-09-15T19:21:47,0.087,14.9819412977152,-9.57034174219071e-06,-4.22412432879207e-05,-0.700066997117229,9.12033561375369e-08,0.35819349451387,0,0,2.3439080431246e-07,9.9194188385033e-06,MV-202,sine_steer_python-1
89,2026年09月15日_19时21分47秒_第001次,2026-09-15T19:21:47,0.088,14.9818220179892,-9.806773916736e-06,-3.82460646245218e-05,-0.695905500410516,9.24718246230547e-08,0.362354457330455,0,0,2.04653856189333e-07,8.66095119393256e-06,MV-202,sine_steer_python-1
90,2026年09月15日_19时21分47秒_第001次,2026-09-15T19:21:47,0.089,14.9817051253223,-1.00403831300379e-05,-3.40126100166164e-05,-0.69174404843104,9.36946349804544e-08,0.366515328892686,0,0,1.61786913714542e-07,6.8468221883994e-06,MV-202,sine_steer_python-1
91,2026年09月15日_19时21分47秒_第001次,2026-09-15T19:21:47,0.09,14.9815905332926,-1.02706579577407e-05,-2.95444206655565e-05,-0.687582640156107,9.48701973402128e-08,0.370676111673047,0,0,1.11834107432131e-07,4.7328194265278e-06,MV-202,sine_steer_python-1
92,2026年09月15日_19时21分47秒_第001次,2026-09-15T19:21:47,0.091,14.9814781549633,-1.04970785441953e-05,-2.48472336426455e-05,-0.683421274570235,9.59970203519657e-08,0.374836808202666,0,0,6.17441932369738e-08,2.61301425778873e-06,MV-202,sine_steer_python-1
93,2026年09月15日_19时21分47秒_第001次,2026-09-15T19:21:47,0.092,14.9813679033252,-1.07191166672901e-05,-1.99287881796383e-05,-0.679259950666189,9.70737351885216e-08,0.378997421066545,0,0,1.81867568145897e-08,7.69663548393436e-07,MV-202,sine_steer_python-1
94,2026年09月15日_19时21分47秒_第001次,2026-09-15T19:21:47,0.093,14.981259691699,-1.0936236206809e-05,-1.47986160786313e-05,-0.675098667445907,9.80991175386546e-08,0.383157952898866,0,0,-1.35022881936732e-08,-5.7141683635625e-07,MV-202,sine_steer_python-1
95,2026年09月15日_19时21分47秒_第001次,2026-09-15T19:21:47,0.094,14.9811534340996,-1.11478940003263e-05,-9.46782123892079e-06,-0.67093742392133,9.90721074124752e-08,0.387318406378365,0,0,-3.00900345651736e-08,-1.27341026279815e-06,MV-202,sine_steer_python-1
96,2026年09月15日_19时21分47秒_第001次,2026-09-15T19:21:47,0.095,14.9810490455616,-1.13535410648962e-05,-3.94885364171415e-06,-0.666776219115134,9.99918266893768e-08,0.391478784223775,0,0,-3.08288711486757e-08,-1.30467782701196e-06,MV-202,sine_steer_python-1
97,2026年09月15日_19时21分47秒_第001次,2026-09-15T19:21:47,0.096,14.9809464424303,-1.15526241580985e-05,1.74471869931582e-06,-0.662615052061395,1.00857594306572e-07,0.395639089189338,0,0,-1.74159107937493e-08,-7.37041344791472e-07,MV-202,sine_steer_python-1
98,2026年09月15日_19时21分47秒_第001次,2026-09-15T19:21:47,0.097,14.9808455426174,-1.17445876486114e-05,7.59843495612583e-06,-0.658453921806164,1.01668939106245e-07,0.399799324060381,0,0,6.43648117912021e-09,2.72391883500367e-07,MV-202,sine_steer_python-1
99,2026年09月15日_19时21分47秒_第001次,2026-09-15T19:21:47,0.098,14.9807462658251,-1.19288756627558e-05,1.3597161727654e-05,-0.654292827407984,1.02425610313056e-07,0.403959491648968,0,0,3.57222783933937e-08,1.51176682160842e-06,MV-202,sine_steer_python-1
100,2026年09月15日_19时21分47秒_第001次,2026-09-15T19:21:47,0.099,14.9806485337386,-1.21049344725025e-05,1.97253044082705e-05,-0.650131767938349,1.03127585699571e-07,0.408119594789606,0,0,6.50160910108505e-08,2.75148097157919e-06,MV-202,sine_steer_python-1
101,2026年09月15日_19时21分47秒_第001次,2026-09-15T19:21:47,0.1,14.9805522701916,-1.22722150875904e-05,2.59670076117801e-05,-0.645970742482105,1.03775077487845e-07,0.412279636335027,0,0,8.93481234127983e-08,3.78121258282962e-06,MV-202,sine_steer_python-1
102,2026年09月15日_19时21分47秒_第001次,2026-09-15T19:21:47,0.101,14.9804574013035,-1.243017601423e-05,3.23063427072402e-05,-0.641809750137809,1.04368536057507e-07,0.416439619152032,0,0.0251320797667052,0.000593963162395527,-0.0133490321670967,MV-202,sine_steer_python-1
103,2026年09月15日_19时21分47秒_第001次,2026-09-15T19:21:47,0.102,14.9803638555938,-1.25782861424269e-05,3.87274801809653e-05,-0.637648790018045,1.04908651576665e-07,0.420599546117398,0,0.050260190886675,0.00118741186755798,-0.0267126351520879,MV-202,sine_steer_python-1
104,2026年09月15日_19时21分47秒_第001次,2026-09-15T19:21:47,0.103,14.9802715640722,-1.27160277237058e-05,4.52148464761387e-05,-0.633487861249699,1.05396353622141e-07,0.424759420113859,0,0.0753803653398692,0.00177929339816418,-0.0401293157448763,MV-202,sine_steer_python-1
105,2026年09月15日_19时21分47秒_第001次,2026-09-15T19:21:47,0.104,14.9801804603098,-1.28428994023799e-05,5.17532631791652e-05,-0.629326962974218,1.05832808955523e-07,0.428919244026149,0,0.100488636359539,0.00236888819610699,-0.0536234901089209,MV-202,sine_steer_python-1
106,2026年09月15日_19时21分47秒_第001次,2026-09-15T19:21:47,0.105,14.9800904804902,-1.29584192636626e-05,5.83280690549731e-05,-0.625166094347821,1.06219417535545e-07,0.433079020737112,0,0.125581039058627,0.0029558231005554,-0.067204918948359,MV-202,sine_steer_python-1
107,2026年09月15日_19时21分47秒_第001次,2026-09-15T19:21:47,0.106,14.9800015634448,-1.30621278642957e-05,6.49252238528499e-05,-0.621005254541703,1.06557806927176e-07,0.437238753123886,0,0.150653611055866,0.00354003700804269,-0.0808701516772612,MV-202,sine_steer_python-1
108,2026年09月15日_19时21分47秒_第001次,2026-09-15T19:21:47,0.107,14.9799136506724,-1.31535912123926e-05,7.15313943446703e-05,-0.616844442742211,1.0684982523562e-07,0.441398444054154,0,0.175702393101486,0.00412175872590898,-0.0946034592890826,MV-202,sine_steer_python-1
109,2026年09月15日_19时21分47秒_第001次,2026-09-15T19:21:47,0.108,14.9798266863458,-1.32324036659137e-05,7.81340226813026e-05,-0.612683658151006,1.0709753269649e-07,0.445558096382467,0,0.20072342970243,0.00470146366149055,-0.108378669278526,MV-202,sine_steer_python-1
110,2026年09月15日_19时21分47秒_第001次,2026-09-15T19:21:47,0.109,14.9797406173072,-1.329819072097e-05,8.47213777011389e-05,-0.608522899985204,1.07303192072356e-07,0.449717712946642,0,0.225712769746964,0.00527981288949149,-0.122161748173974,MV-202,sine_steer_python-1
111,2026年09月15日_19时21分47秒_第001次,2026-09-15T19:21:47,0.11,14.9796553930526,-1.33506116641578e-05,9.1282589800823e-05,-0.604362167477512,1.07469257986542e-07,0.453877296564239,0,0.250666467128609,0.00585758706658286,-0.135913605019595,MV-202,sine_steer_python-1
112,2026年09月15日_19时21分47秒_第001次,2026-09-15T19:21:47,0.111,14.9795709657082,-1.33893620653302e-05,9.78076706378172e-05,-0.600201459876348,1.07598365335253e-07,0.458036850029109,0,0.275580581369276,0.00643562541698148,-0.149592685405981,MV-202,sine_steer_python-1
113,2026年09月15日_19时21分47秒_第001次,2026-09-15T19:21:47,0.112,14.9794872899998,-1.34141760907358e-05,0.000104287518424153,-0.596040776445947,1.07693316907852e-07,0.462196376108026,0,0.300451178241514,0.00701477582480298,-0.163157095481791,MV-202,sine_steer_python-1
114,2026年09月15日_19时21分47秒_第001次,2026-09-15T19:21:47,0.113,14.9794043232158,-1.34248286184762e-05,0.000110713910242784,-0.591880116466468,1.07757070352781e-07,0.466355877537405,0,0.325274330389767,0.00759585896173211,-0.176566126072782,MV-202,sine_steer_python-1
115,2026年09月15日_19时21分47秒_第001次,2026-09-15T19:21:47,0.114,14.9793220251658,-1.34211371418533e-05,0.000117079482711006,-0.587719479234079,1.07792724598741e-07,0.470515357020099,0,0.350046117950552,0.00817964545890661,-0.189781217795215,MV-202,sine_steer_python-1
116,2026年09月15日_19时21分47秒_第001次,2026-09-15T19:21:47,0.115,14.9792403581349,-1.34029634485081e-05,0.000123377702425655,-0.583558864061049,1.07803505869939e-07,0.474674817222289,0,0.37476262917145,0.00876684048829839,-0.202766607300869,MV-202,sine_steer_python-1
117,2026年09月15日_19时21分47秒_第001次,2026-09-15T19:21:47,0.116,14.9791592868365,-1.33702150666968e-05,0.000129602827679387,-0.579398270275815,1.07792753394871e-07,0.478834260770456,0,0.399419961028814,0.00935806760641188,-0.215490001265145,MV-202,sine_steer_python-1
118,2026年09月15日_19时21分47秒_第001次,2026-09-15T19:21:47,0.117,14.979078778362,-1.33228464723789e-05,0.000135749862784506,-0.575237697223056,1.07763904918842e-07,0.482993690248458,0,0.424014219844109,0.00995384515933226,-0.227923564152944,MV-202,sine_steer_python-1
119,2026年09月15日_19时21分47秒_第001次,2026-09-15T19:21:47,0.118,14.97899880213,-1.32608600534723e-05,0.000141814506678387,-0.57107714426375,1.07720482124213e-07,0.487153108194689,0,0.448541521898762,0.0105545531225467,-0.24004531323777,MV-202,sine_steer_python-1
120,2026年09月15日_19时21分47秒_第001次,2026-09-15T19:21:47,0.119,14.9789193298358,-1.31843068304832e-05,0.000147793097099187,-0.566916610775223,1.07666076043398e-07,0.491312517099347,0,0.472997994047449,0.0111603937085121,-0.251840782870248,MV-202,sine_steer_python-1
121,2026年09月15日_19时21分47秒_第001次,2026-09-15T19:21:47,0.12,14.9788403353992,-1.30932869346735e-05,0.00015368255180609,-0.562756096151191,1.07604332560467e-07,0.495471919401795,0,0.497379774329709,0.0117713532702257,-0.263304640332687,MV-202,sine_steer_python-1
122,2026年09月15日_19时21分47秒_第001次,2026-09-15T19:21:47,0.121,14.9787617949154,-1.29879498475101e-05,0.000159480308230479,-0.558595599801793,1.07538938068872e-07,0.499631317488023,0,0.521683012579794,0.0123871745700981,-0.274441868056967,MV-202,sine_steer_python-1
123,2026年09月15日_19时21分47秒_第001次,2026-09-15T19:21:47,0.122,14.9786836866047,-1.28684944069699e-05,0.000165184262409657,-0.554435121153612,1.07473605368827e-07,0.503790713688224,0,0.54590387103465,0.0130073469602258,-0.2852681900695,MV-202,sine_steer_python-1
124,2026年09月15日_19时21分47秒_第001次,2026-09-15T19:21:47,0.123,14.9786059907652,-1.27351685877393e-05,0.000170792708981253,-0.550274659649682,1.0741205985081e-07,0.507950110274468,0,0.570038524939952,0.0136311180575739,-0.295809587930444,MV-202,sine_steer_python-1
125,2026年09月15日_19时21分47秒_第001次,2026-09-15T19:21:47,0.124,14.9785286897259,-1.25882690646904e-05,0.000176304282564217,-0.546114214749487,1.07358026047061e-07,0.512109509458483,0,0.59408316315407,0.0142575255166926,-0.30610096273478,MV-202,sine_steer_python-1
126,2026年09月15日_19时21分47秒_第001次,2026-09-15T19:21:47,0.125,14.9784517678024,-1.24281405696268e-05,0.00018171790188416,-0.54195378592895,1.07315214573415e-07,0.51626891338956,0,0.618033988749895,0.0148854431679063,-0.316184184380518,MV-202,sine_steer_python-1
127,2026年09月15日_19时21分47秒_第001次,2026-09-15T19:21:47,0.126,14.9783752112539,-1.22551750527326e-05,0.000187032717190515,-0.5377933726804,1.07287309526019e-07,0.520428324152552,0,0.641887219614419,0.0155136333989387,-0.326105872110158,MV-202,sine_steer_python-1
128,2026年09月15日_19时21分47秒_第001次,2026-09-15T19:21:47,0.127,14.9782990082422,-1.20698106611356e-05,0.000192248061751751,-0.533632974512535,1.0727795636189e-07,0.524587743766,0,0.665639089045973,0.0161407977900558,-0.335915248115474,MV-202,sine_steer_python-1
129,2026年09月15日_19时21分47秒_第001次,2026-09-15T19:21:47,0.128,14.9782231487923,-1.18725305477161e-05,0.000197363407641982,-0.529472590950362,1.07290750294777e-07,0.528747174180366,0,0.689285846349034,0.0167656202889678,-0.345662302690445,MV-202,sine_steer_python-1
130,2026年09月15日_19时21分47秒_第001次,2026-09-15T19:21:47,0.129,14.9781476247551,-1.16638615233576e-05,0.000202378326611336,-0.525312221535125,1.07329225232709e-07,0.532906617276386,0,0.712823757426502,0.0173868006493876,-0.355396373983873,MV-202,sine_steer_python-1
131,2026年09月15日_19时21分47秒_第001次,2026-09-15T19:21:47,0.13,14.9780724297713,-1.14443725668656e-05,0.000207292456039441,-0.521151865824222,1.07396843276904e-07,0.53706607486354,0,0.736249105369356,0.0180030799430411,-0.365165071345812,MV-202,sine_steer_python-1
132,2026年09月15日_19时21分47秒_第001次,2026-09-15T19:21:47,0.131,14.977997559237,-1.12146732063263e-05,0.000212105469996651,-0.516991523391098,1.07496984800098e-07,0.54122554867863,0,0.759558191043602,0.0186132624136553,-0.375013352807368,MV-202,sine_steer_python-1
133,2026年09月15日_19时21分47秒_第001次,2026-09-15T19:21:47,0.132,14.9779230094393,-1.097541178438e-05,0.000216828854200254,-0.512831193825122,1.07632939112747e-07,0.545385040384489,0,0.782747333674405,0.0192162380986066,-0.384982572120225,MV-202,sine_steer_python-1
134,2026年09月15日_19时21分47秒_第001次,2026-09-15T19:21:47,0.133,14.9778487786537,-1.07272913196574e-05,0.000221468372310428,-0.508670876731809,1.07807917341675e-07,0.549544551568435,0,0.805812871427325,0.0198110092927297,-0.395109363300402,MV-202,sine_steer_python-1
135,2026年09月15日_19时21分47秒_第001次,2026-09-15T19:21:47,0.134,14.9777748670091,-1.04710533360943e-05,0.000226027235503948,-0.504510571732412,1.08025016559215e-07,0.55370408374146,0,0.828751161986569,0.020396720983315,-0.40542435384049,MV-202,sine_steer_python-1
136,2026年09月15日_19时21分47秒_第001次,2026-09-15T19:21:47,0.135,14.9777012755954,-1.02074745261706e-05,0.000230495991046434,-0.50035027846372,1.08287230957803e-07,0.557863638337328,0,0.851558583130146,0.0209726920123596,-0.415950844820084,MV-202,sine_steer_python-1
137,2026年09月15日_19时21分47秒_第001次,2026-09-15T19:21:47,0.136,14.9776280077275,-9.93734726270481e-06,0.000234872355279894,-0.496189996578171,1.08597418331728e-07,0.562023216711424,0,0.874231533301866,0.0215384412913735,-0.426703697876481,MV-202,sine_steer_python-1
138,2026年09月15日_19时21分47秒_第001次,2026-09-15T19:21:47,0.137,14.9775550684528,-9.66149436360044e-06,0.000239152959038689,-0.492029725743294,1.08958325727417e-07,0.566182820140421,0,0.896766432180065,0.0220937026985092,-0.437688700493931,MV-202,sine_steer_python-1
139,2026年09月15日_19时21分47秒_第001次,2026-09-15T19:21:47,0.138,14.9774824645509,-9.38076223626481e-06,0.000243334841477595,-0.487869465641501,1.09372555699153e-07,0.570342449821656,0,0.919159721242976,0.0226384238840103,-0.448902613885497,MV-202,sine_steer_python-1
140,2026年09月15日_19时21分47秒_第001次,2026-09-15T19:21:47,0.139,14.9774102044756,-9.09601956041818e-06,0.000247415185650967,-0.48370921596979,1.09842572100664e-07,0.574502106872714,0,0.941407864330665,0.0231727477692353,-0.46033395711385,MV-202,sine_steer_python-1
141,2026年09月15日_19时21分47秒_第001次,2026-09-15T19:21:47,0.14,14.9773382983002,-8.8081552578065e-06,0.000251391340378038,-0.47954897643945,1.1037068969419e-07,0.578661792331102,0,0.963507348203431,0.0236969802855086,-0.471964378945588,MV-202,sine_steer_python-1
142,2026年09月15日_19时21分47秒_第001次,2026-09-15T19:21:47,0.141,14.9772667576628,-8.51807639625479e-06,0.000255260833563785,-0.475388746775746,1.10959069852978e-07,0.582821507154032,0,0.985454683096583,0.0242115521375913,-0.483770285152771,MV-202,sine_steer_python-1
143,2026年09月15日_19时21分47秒_第001次,2026-09-15T19:21:47,0.142,14.977195595709,-8.2267061292617e-06,0.000259021386100619,-0.471228526717608,1.11609716303451e-07,0.586981252218303,0,1.00724640327152,0.0247169836671046,-0.495724336748616,MV-202,sine_steer_python-1
144,2026年09月15日_19时21分47秒_第001次,2026-09-15T19:21:47,0.143,14.977124827036,-7.93498162294734e-06,0.000262670932002228,-0.4670683160173,1.12324471717029e-07,0.591141028320293,0,1.02887906756301,0.0252138597794388,-0.507796520199359,MV-202,sine_steer_python-1
145,2026年09月15日_19时21分47秒_第001次,2026-09-15T19:21:47,0.144,14.9770544676352,-7.64385199566867e-06,0.000266207639411115,-0.462908114440091,1.13105015153042e-07,0.595300836176045,0,1.05034925992259,0.0257028176396066,-0.519954672006643,MV-202,sine_steer_python-1
146,2026年09月15日_19时21分47秒_第001次,2026-09-15T19:21:47,0.145,14.9769845348348,-7.35427627623038e-06,0.000269629931991197,-0.458747921763912,1.13952860163107e-07,0.599460676421455,0,1.07165358995799,0.0261845448836182,-0.532164551880967,MV-202,sine_steer_python-1
147,2026年09月15日_19时21分47秒_第001次,2026-09-15T19:21:47,0.146,14.9769150472427,-7.0672213854466e-06,0.000272936509410678,-0.454587737779008,1.14869353511578e-07,0.603620549612561,0,1.09278869346854,0.0266597820635145,-0.544389732101323,MV-202,sine_steer_python-1
148,2026年09月15日_19时21分47秒_第001次,2026-09-15T19:21:47,0.147,14.9768460246899,-6.78366014465537e-06,0.000276126365618198,-0.45042756228758,1.15855674433438e-07,0.607780456225919,0,1.11375123297638,0.0271293212830849,-0.556591642464712,MV-202,sine_steer_python-1
149,2026年09月15日_19时21分47秒_第001次,2026-09-15T19:21:47,0.148,14.9767774881729,-6.50456931226971e-06,0.000279198804615558,-0.446267395103428,1.16912834361162e-07,0.611940396659089,0,1.13453789825351,0.0275939941402391,-0.568730068391813,MV-202,sine_steer_python-1
150,2026年09月15日_19时21分47秒_第001次,2026-09-15T19:21:47,0.149,14.9767094597982,-6.23092764904092e-06,0.000282153452703639,-0.442107236051579,1.18041677077655e-07,0.616100371231198,0,1.15514540684454,0.0280546458039169,-0.580764239285257,MV-202,sine_steer_python-1
151,2026年09月15日_19时21分47秒_第001次,2026-09-15T19:21:47,0.15,14.9766419627261,-5.96371401100346e-06,0.000284990267142018,-0.437947084967911,1.19242879244481e-07,0.620260380183612,0,1.17557050458495,0.028512096890721,-0.592654443048467,MV-202,sine_steer_python-1
152,2026年09月15日_19时21分47秒_第001次,2026-09-15T19:21:47,0.151,14.976575021115,-5.70390546900887e-06,0.000287709541117743,-0.433786941698775,1.20516951259345e-07,0.624420423680681,0,1.19580996611504,0.028967099032772,-0.60436391350704,MV-202,sine_steer_python-1
153,2026年09月15日_19时21分47秒_第001次,2026-09-15T19:21:47,0.152,14.9765086600671,-5.45247545308473e-06,0.000290311904384189,-0.429626806100606,1.21864238434068e-07,0.628580501810589,0,1.21586059538921,0.0294202928166369,-0.615860621777343,MV-202,sine_steer_python-1
154,2026年09月15日_19时21分47秒_第001次,2026-09-15T19:21:47,0.153,14.9764429055738,-5.2103919193763e-06,0.000292798320584705,-0.425466678039534,1.23284922440142e-07,0.632740614586282,0,1.23571922618067,0.0298721765645397,-0.627118610034115,MV-202,sine_steer_python-1
155,2026年09月15日_19时21分47秒_第001次,2026-09-15T19:21:47,0.154,14.9763777844626,-4.97861553826433e-06,0.000295170080283551,-0.421306557390977,1.24779023021695e-07,0.636900761946484,0,1.2553827225814,0.0303230915476556,-0.638118629476473,MV-202,sine_steer_python-1
156,2026年09月15日_19时21分47秒_第001次,2026-09-15T19:21:47,0.155,14.9763133243437,-4.75809790096611e-06,0.00029742879097214,-0.41714644403925,1.26346399941506e-07,0.641060943756799,0,1.27484797949738,0.0307732248275072,-0.648848026708903,MV-202,sine_steer_python-1
157,2026年09月15日_19时21分47秒_第001次,2026-09-15T19:21:47,0.156,14.9762495535576,-4.54977974359897e-06,0.000299576363649197,-0.412986337877146,1.27986755148643e-07,0.645221159810894,0,1.29411192313889,0.0312226263422406,-0.659300021432052,MV-202,sine_steer_python-1
158,2026年09月15日_19时21分47秒_第001次,2026-09-15T19:21:47,0.157,14.976186501124,-4.35458918679199e-06,0.000301614996684034,-0.408826238805527,1.2969963515729e-07,0.649381409831767,0,1.31317151150591,0.031671233698705,-0.66947265287507,MV-202,sine_steer_python-1
159,2026年09月15日_19时21分47秒_第001次,2026-09-15T19:21:47,0.158,14.97612419669,-4.17343999010861e-06,0.000303547157184835,-0.404666146732905,1.31484433610592e-07,0.653541693473084,0,1.3320237348685,0.0321188971226492,-0.679367714652101,MV-202,sine_steer_python-1
160,2026年09月15日_19时21分47秒_第001次,2026-09-15T19:21:47,0.159,14.9760626704794,-4.00722982025139e-06,0.000305375560318356,-0.400506061575018,1.33340394037786e-07,0.65770201032061,0,1.35066561624205,0.032565398285204,-0.688989947549852,MV-202,sine_steer_python-1
161,2026年09月15日_19时21分47秒_第001次,2026-09-15T19:21:47,0.16,14.9760019532427,-3.85683853315599e-06,0.000307103147023543,-0.396345983254405,1.35266612770676e-07,0.661862359893703,0,1.36909421185738,0.0330104599057148,-0.698346624268092,MV-202,sine_steer_python-1
162,2026年09月15日_19时21分47秒_第001次,2026-09-15T19:21:47,0.161,14.9759420762067,-3.72312646985248e-06,0.000308733060542264,-0.392185911699974,1.37262042030093e-07,0.666022741646884,0,1.38730661162561,0.0334537468355676,-0.707447499597903,MV-202,sine_steer_python-1
163,2026年09月15日_19时21分47秒_第001次,2026-09-15T19:21:47,0.162,14.9758830710252,-3.60693276707331e-06,0.000310268622038201,-0.388025846846564,1.3932549316122e-07,0.670183154971486,0,1.4052999395977,0.0338948625179323,-0.716304963432236,MV-202,sine_steer_python-1
164,2026年09月15日_19时21分47秒_第001次,2026-09-15T19:21:47,0.163,14.9758249697289,-3.50907368338925e-06,0.000311713306035616,-0.383865788634513,1.41455640020795e-07,0.674343599197369,0,1.42307135441857,0.034333346479936,-0.724934153046184,MV-202,sine_steer_python-1
165,2026年09月15日_19时21分47秒_第001次,2026-09-15T19:21:47,0.164,14.9757678046763,-3.43034094307183e-06,0.000313070715508762,-0.379705737009212,1.43651022496997e-07,0.678504073594701,0,1.44061804977581,0.0347686781321802,-0.733352799802754,MV-202,sine_steer_python-1
166,2026年09月15日_19时21分47秒_第001次,2026-09-15T19:21:47,0.165,14.9757116085042,-3.37150009887492e-06,0.000314344557501056,-0.375545691920662,1.4591005017033e-07,0.682664577375811,0,1.45793725484282,0.035200289898569,-0.741580680623635,MV-202,sine_steer_python-1
167,2026年09月15日_19时21分47秒_第001次,2026-09-15T19:21:47,0.166,14.9756564140863,-3.33328891695071e-06,0.000315538605345149,-0.371385653323031,1.48231006099941e-07,0.686825109697104,0,1.47502623471635,0.0356275895097617,-0.749638679256198,MV-202,sine_steer_python-1
168,2026年09月15日_19时21分47秒_第001次,2026-09-15T19:21:47,0.167,14.975602254476,-3.31641576537539e-06,0.000316656669589658,-0.367225621174199,1.50612050716068e-07,0.690985669661041,0,1.49188229084836,0.036049988117791,-0.757547597309674,MV-202,sine_steer_python-1
169,2026年09月15日_19时21分47秒_第001次,2026-09-15T19:21:47,0.168,14.9755491628467,-3.32155802816033e-06,0.000317702628540542,-0.363065595435313,1.53051225831892e-07,0.695146256318177,0,1.50850276147221,0.0364669287854462,-0.765326946098159,MV-202,sine_steer_python-1
170,2026年09月15日_19时21分47秒_第001次,2026-09-15T19:21:47,0.169,14.9754971724495,-3.34936063227442e-06,0.000318680371744474,-0.358905576070338,1.55546458879376e-07,0.699306868669253,0,1.5248850220229,0.0368779095558442,-0.772993966098383,MV-202,sine_steer_python-1
171,2026年09月15日_19时21分47秒_第001次,2026-09-15T19:21:47,0.17,14.9754463165617,-3.40043453076094e-06,0.000319593789327251,-0.354745563045609,1.58095567098487e-07,0.703467505667348,0,1.54102648555158,0.0372824968039304,-0.780563058177552,MV-202,sine_steer_python-1
172,2026年09月15日_19时21分47秒_第001次,2026-09-15T19:21:47,0.171,14.9753966284359,-3.47535525329367e-06,0.000320446753945625,-0.350585556329382,1.60696261974689e-07,0.707628166220086,0,1.55692460313405,0.0376803274294969,-0.788045689193162,MV-202,sine_steer_python-1
173,2026年09月15日_19时21分47秒_第001次,2026-09-15T19:21:47,0.172,14.9753481412487,-3.57466149652757e-06,0.000321243105282726,-0.346425555891385,1.63346153731042e-07,0.711788849191889,0,1.57257686427324,0.038071101683444,-0.795450697244955,MV-202,sine_steer_python-1
174,2026年09月15日_19时21分47秒_第001次,2026-09-15T19:21:47,0.173,14.9753008880492,-3.69885376199703e-06,0.000321986636718209,-0.342265561702369,1.6604275594592e-07,0.715949553406284,0,1.58798079729567,0.0384545710257087,-0.802784809455613,MV-202,sine_steer_python-1
175,2026年09月15日_19时21分47秒_第001次,2026-09-15T19:21:47,0.174,14.9752549017067,-3.84839304700906e-06,0.00032268108351438,-0.338105573733669,1.6878349029322e-07,0.720110277648252,0,1.60313396974175,0.0388305264422495,-0.810053142100943,MV-202,sine_steer_python-1
176,2026年09月15日_19时21分47秒_第001次,2026-09-15T19:21:47,0.175,14.9752102149124,-4.02369959246305e-06,0.000323330876388896,-0.333945591956755,1.71565691369804e-07,0.724271020666627,0,1.61803398874989,0.0391987918986796,-0.817259482412384,MV-202,sine_steer_python-1
177,2026年09月15日_19时21分47秒_第001次,2026-09-15T19:21:47,0.176,14.9751668601218,-4.22515283715716e-06,0.000323940974847141,-0.329785616342774,1.7438661305712e-07,0.728431781176551,0,1.63267850143437,0.039559225262454,-0.824406252227002,MV-202,sine_steer_python-1
178,2026年09月15日_19时21分47秒_第001次,2026-09-15T19:21:47,0.177,14.9751248694258,-4.45309083292835e-06,0.000324515783935226,-0.325625646862105,1.77243433545705e-07,0.732592557861964,0,1.64706519525685,0.0399117259690314,-0.831494182754176,MV-202,sine_steer_python-1
179,2026年09月15日_19时21分47秒_第001次,2026-09-15T19:21:47,0.178,14.9750842745526,-4.70780817215967e-06,0.000325059042289879,-0.321465683483937,1.80133259720536e-07,0.736753349378096,0,1.66119179839163,0.0402562459333067,-0.838521849435429,MV-202,sine_steer_python-1
180,2026年09月15日_19时21分47秒_第001次,2026-09-15T19:21:47,0.179,14.975045106871,-4.98955436219239e-06,0.000325572956884671,-0.317305726175837,1.83053132812166e-07,0.740914154354026,0,1.67505608008428,0.0405927987386169,-0.845485276526903,MV-202,sine_steer_python-1
181,2026年09月15日_19时21分47秒_第001次,2026-09-15T19:21:47,0.18,14.9750073971869,-5.29853106178583e-06,0.000326060363102038,-0.313145774903294,1.86000031588412e-07,0.745074971395289,0,1.68865585100403,0.0409214623281111,-0.852377818440271,MV-202,sine_steer_python-1
182,2026年09月15日_19时21分47秒_第001次,2026-09-15T19:21:47,0.181,14.974971175724,-5.63489305257901e-06,0.000326523937011505,-0.308985829629342,1.88970880812694e-07,0.749235799086437,0,1.70198896358938,0.0412423724142022,-0.859190436644888,MV-202,sine_steer_python-1
183,2026年09月15日_19时21分47秒_第001次,2026-09-15T19:21:47,0.182,14.9749364720638,-5.99874709699405e-06,0.000326966278042031,-0.304825890314161,1.91962553835347e-07,0.753396635993658,0,1.7150533123873,0.0415557066932484,-0.865912368443253,MV-202,sine_steer_python-1
184,2026年09月15日_19时21分47秒_第001次,2026-09-15T19:21:47,0.183,14.9749033150863,-6.39015132287252e-06,0.000327389905948742,-0.300665956914687,1.94971879094651e-07,0.757557480667414,0,1.72784683438567,0.0418616628625254,-0.872532062343847,MV-202,sine_steer_python-1
185,2026年09月15日_19时21分47秒_第001次,2026-09-15T19:21:47,0.184,14.9748717329129,-6.80911469744295e-06,0.000327797268462947,-0.296506029384229,1.97995645177668e-07,0.761718331645096,0,1.74036750933905,0.0421604354319214,-0.879038166793915,MV-202,sine_steer_python-1
186,2026年09月15日_19时21分47秒_第001次,2026-09-15T19:21:47,0.185,14.9748417528496,-7.25559658809894e-06,0.000328190750515568,-0.292346107672104,2.0103060643753e-07,0.765879187453683,0,1.75261336008773,0.0424521966578642,-0.885420345109827,MV-202,sine_steer_python-1
187,2026年09月15日_19时21分47秒_第001次,2026-09-15T19:21:47,0.186,14.9748134013321,-7.72950643132079e-06,0.000328572684067057,-0.288186191723278,2.04073488694979e-07,0.77004004661243,0,1.76458245286991,0.0427370855638123,-0.891669745241584,MV-202,sine_steer_python-1
188,2026年09月15日_19时21分47秒_第001次,2026-09-15T19:21:47,0.187,14.9747867038724,-8.23070350763379e-06,0.000328945358257181,-0.28402628147801,2.07120995049711e-07,0.774200907635547,0,1.77627289762709,0.0430152064351297,-0.897779066663892,MV-202,sine_steer_python-1
189,2026年09月15日_19时21分47秒_第001次,2026-09-15T19:21:47,0.188,14.9747616850073,-8.75899682523261e-06,0.000329311029955797,-0.279866376871519,2.10169811811886e-07,0.778361769034897,0,1.78768284830253,0.04328663528435,-0.903742286045846,MV-202,sine_steer_python-1
190,2026年09月15日_19时21分47秒_第001次,2026-09-15T19:21:47,0.189,14.9747383682483,-9.31414511484139e-06,0.000329671933931139,-0.275706477833653,2.13216614509046e-07,0.782522629322688,0,1.79881050313274,0.043551430581271,-0.909554198291507,MV-202,sine_steer_python-1
191,2026年09月15日_19时21分47秒_第001次,2026-09-15T19:21:47,0.19,14.9747167760336,-9.89585693609192e-06,0.000330030292070559,-0.27154658428857,2.16258073981533e-07,0.786683487014172,0,1.80965410493204,0.0438096435775196,-0.915209972528585,MV-202,sine_steer_python-1
192,2026年09月15日_19时21分47秒_第001次,2026-09-15T19:21:47,0.191,14.9746969296832,-1.05037908958374e-05,0.000330388322009488,-0.267386696154433,2.19290862517801e-07,0.790844340630332,0,1.82021194136999,0.0440613241580337,-0.920704897720943,MV-202,sine_steer_python-1
193,2026年09月15日_19时21分47秒_第001次,2026-09-15T19:21:47,0.192,14.9746788493542,-1.11375559783143e-05,0.000330748244253233,-0.263226813343114,2.2231166003621e-07,0.795005188700569,0,1.83048234524183,0.0443065200712522,-0.926034410977463,MV-202,sine_steer_python-1
194,2026年09月15日_19时21分47秒_第001次,2026-09-15T19:21:47,0.193,14.9746625540005,-1.17967119859616e-05,0.000331112287929757,-0.259066935759908,2.2531716028499e-07,0.799166029765379,0,1.84046369473174,0.0445452699193724,-0.931194393575121,MV-202,sine_steer_python-1
195,2026年09月15日_19时21分47秒_第001次,2026-09-15T19:21:47,0.194,14.9746480613332,-1.24807700896383e-05,0.000331482694808832,-0.25490706330326,2.28304077045655e-07,0.803326862379013,0,1.85015441366892,0.0447775925537675,-0.936181622756972,MV-202,sine_steer_python-1
196,2026年09月15日_19时21分47秒_第001次,2026-09-15T19:21:47,0.195,14.9746353877844,-1.31891934860579e-05,0.000331861721844863,-0.250747195864505,2.3126915032588e-07,0.807487685112126,0,1.8595529717765,0.0450034767882405,-0.94099421270563,MV-202,sine_steer_python-1
197,2026年09月15日_19时21分47秒_第001次,2026-09-15T19:21:47,0.196,14.9746245484728,-1.3921398160645e-05,0.000332251641381921,-0.246587333327616,2.34209152529817e-07,0.811648496554402,0,1.86865788491322,0.045222875249918,-0.945631881321003,MV-202,sine_steer_python-1
198,2026年09月15日_19时21分47秒_第001次,2026-09-15T19:21:47,0.197,14.974615557172,-1.46767537522327e-05,0.000332654740179952,-0.242427475568968,2.37120894571512e-07,0.815809295317156,0,1.87746771530775,0.0454357048247916,-0.950095936939402,MV-202,sine_steer_python-1
199,2026年09月15日_19时21分47秒_第001次,2026-09-15T19:21:47,0.198,14.9746084262808,-1.54545845174793e-05,0.000333073315949124,-0.238267622457111,2.40001231952801e-07,0.819970080035916,0,1.88598107178573,0.0456418540230483,-0.954388969669903,MV-202,sine_steer_python-1
200,2026年09月15日_19时21分47秒_第001次,2026-09-15T19:21:47,0.199,14.9746031667963,-1.62541703909152e-05,0.000333509672590698,-0.234107773852556,2.42847070747422e-07,0.824130849372966,0,1.89419660998949,0.0458411954188308,-0.958514324620109,MV-202,sine_steer_python-1
201,2026年09月15日_19时21分47秒_第001次,2026-09-15T19:21:47,0.2,14.974599788289,-1.70747481374711e-05,0.000333966113571122,-0.229947929607575,2.45655373512531e-07,0.828291602019861,0,1.90211303259031,0.0460335997951708,-0.962475500687493,MV-202,sine_steer_python-1
202,2026年09月15日_19时21分47秒_第001次,2026-09-15T19:21:47,0.201,14.97459829888,-1.79155125936255e-05,0.000334444933876255,-0.225788089566011,2.4842316508953e-07,0.832452336699905,0,1.90972908949329,0.0462189482566791,-0.966275633908233,MV-202,sine_steer_python-1
203,2026年09月15日_19时21分47秒_第001次,2026-09-15T19:21:47,0.202,14.9745987052205,-1.87756179932348e-05,0.000334948410568241,-0.221628253563107,2.51147538296144e-07,0.836613052170583,0,1.91704357803475,0.0463971394210292,-0.96991718875725,MV-202,sine_steer_python-1
204,2026年09月15日_19时21分47秒_第001次,2026-09-15T19:21:47,0.203,14.9746010124737,-1.96541793740568e-05,0.000335478792270327,-0.217468421425336,2.53825659487932e-07,0.840773747225951,0,1.92405534317217,0.0465680904961147,-0.973401909809689,MV-202,sine_steer_python-1
205,2026年09月15日_19时21分47秒_第001次,2026-09-15T19:21:47,0.204,14.974605224298,-2.05502740609465e-05,0.000336038287791456,-0.213308592970264,2.56454773977578e-07,0.844934420698981,0,1.93076327766655,0.0467317330400887,-0.976731000906383,MV-202,sine_steer_python-1
206,2026年09月15日_19时21分47秒_第001次,2026-09-15T19:21:47,0.205,14.974611342833,-2.14629432216046e-05,0.00033662905387095,-0.209148768006407,2.59032211303201e-07,0.849095071463848,0,1.93716632225726,0.0468880058384718,-0.979905428588017,MV-202,sine_steer_python-1
207,2026年09月15日_19时21分47秒_第001次,2026-09-15T19:21:47,0.206,14.9746193686865,-2.23911934904604e-05,0.000337253183035833,-0.204988946333116,2.61555390332563e-07,0.853255698438158,0,1.94326346582935,0.047036848073722,-0.982926214670887,MV-202,sine_steer_python-1
208,2026年09月15日_19时21分47秒_第001次,2026-09-15T19:21:47,0.207,14.9746293009243,-2.33339986574135e-05,0.000337912690575454,-0.200829127740471,2.64021824192102e-07,0.857416300585127,0,1.94905374557315,0.0471781956196014,-0.985794596354988,MV-202,sine_steer_python-1
209,2026年09月15日_19时21分47秒_第001次,2026-09-15T19:21:47,0.208,14.9746411370609,-2.42903014160243e-05,0.000338609502327956,-0.196669312009192,2.66429125013305e-07,0.861576876915682,0,1.95453624713639,0.0473119819961754,-0.988511988315993,MV-202,sine_steer_python-1
210,2026年09月15日_19时21分47秒_第001次,2026-09-15T19:21:47,0.209,14.9746548730527,-2.52590151685027e-05,0.000339345442319259,-0.192509498910566,2.68775008482879e-07,0.865737426490501,0,1.95971010476849,0.0474381437740111,-0.991079754866209,MV-202,sine_steer_python-1
211,2026年09月15日_19时21分47秒_第001次,2026-09-15T19:21:47,0.21,14.9746705032926,-2.62390258823573e-05,0.000340122221146931,-0.188349688206391,2.71057298202465e-07,0.869897948421982,0,1.96457450145738,0.0475566286162282,-0.99349886855671,MV-202,sine_steer_python-1
212,2026年09月15日_19时21分47秒_第001次,2026-09-15T19:21:47,0.211,14.9746880206065,-2.72291939954849e-05,0.000340941425083591,-0.184189879648931,2.73273929826239e-07,0.874058441876127,0,1.96912866905841,0.0476674031987874,-0.995769572551079,MV-202,sine_steer_python-1
213,2026年09月15日_19时21分47秒_第001次,2026-09-15T19:21:47,0.212,14.9747074162515,-2.82283563651953e-05,0.000341804506143737,-0.180030072980896,2.75422955005584e-07,0.878218906074359,0,1.97337188841574,0.0477704582491612,-0.997891164643683,MV-202,sine_steer_python-1
214,2026年09月15日_19时21分47秒_第001次,2026-09-15T19:21:47,0.213,14.9747286799163,-2.92353282579207e-05,0.000342712773099046,-0.175870267935436,2.77502545094767e-07,0.882379340295241,0,1.97730348947583,0.047865808868718,-0.999861981722531,MV-202,sine_steer_python-1
215,2026年09月15日_19时21分47秒_第001次,2026-09-15T19:21:47,0.214,14.9747517997229,-3.02489053749276e-05,0.000343667383692949,-0.171710464236148,2.79510994655131e-07,0.886539743876119,0,1.9809228513933,0.047953489821212,-1.00167959890777,MV-202,sine_steer_python-1
216,2026年09月15日_19时21分47秒_第001次,2026-09-15T19:21:47,0.215,14.9747767622309,-3.12678659108322e-05,0.000344669338280487,-0.16755066159711,2.81446724719254e-07,0.890700116214666,0,1.98422940262896,0.0480335470575192,-1.00334118977895,MV-202,sine_steer_python-1
217,2026年09月15日_19时21分47秒_第001次,2026-09-15T19:21:47,0.216,14.9748035524437,-3.2290972640874e-05,0.000345719474336957,-0.163390859722925,2.83308285833822e-07,0.894860456770336,0,1.98722262104002,0.0481060278806876,-1.00484394547681,MV-202,sine_steer_python-1
218,2026年09月15日_19时21分47秒_第001次,2026-09-15T19:21:47,0.217,14.9748321538166,-3.33169750325787e-05,0.000346818462637522,-0.15923105830879,2.85094360872898e-07,0.899020765065715,0,1.9899020339626,0.048170972481543,-1.00618543620296,MV-202,sine_steer_python-1
219,2026年09月15日_19时21分47秒_第001次,2026-09-15T19:21:47,0.218,14.9748625482676,-3.43446113786478e-05,0.00034796680460947,-0.155071257040577,2.86803767617917e-07,0.903181040687777,0,1.99226721828635,0.0482284090180595,-1.00736382206901,MV-202,sine_steer_python-1
220,2026年09月15日_19时21分47秒_第001次,2026-09-15T19:21:47,0.219,14.9748947161898,-3.53726109467904e-05,0.000349164830714754,-0.15091145559494,2.88435461104292e-07,0.90734128328903,0,1.99431780052123,0.0482783531874909,-1.00837787227155,MV-202,sine_steer_python-1
221,2026年09月15日_19时21分47秒_第001次,2026-09-15T19:21:47,0.22,14.9749286364676,-3.63996961422524e-05,0.000350412700161218,-0.146751653639438,2.89988535735407e-07,0.911501492588558,0,1.99605345685654,0.0483208150025239,-1.00922667745781,MV-202,sine_steer_python-1
222,2026年09月15日_19时21分47秒_第001次,2026-09-15T19:21:47,0.221,14.9749642864936,-3.74245846794519e-05,0.000351710401620321,-0.142591850832672,2.91462227165378e-07,0.915661668372948,0,1.99747391321203,0.0483557985904747,-1.00990965616466,MV-202,sine_steer_python-1
223,2026年09月15日_19时21分47秒_第001次,2026-09-15T19:21:47,0.222,14.9750016421899,-3.84459917585474e-05,0.000353057754758127,-0.138432046824447,2.928559139402e-07,0.919821810497113,0,1.99857894528118,0.0483833078176243,-1.01042631242695,MV-202,sine_steer_python-1
224,2026年09月15日_19时21分47秒_第001次,2026-09-15T19:21:47,0.223,14.9750406780313,-3.94626322425382e-05,0.000354454412836602,-0.134272241255955,2.94169118912146e-07,0.92398191888499,0,1.9993683785666,0.0484033550146376,-1.01077586519299,MV-202,sine_steer_python-1
225,2026年09月15日_19时21分47秒_第001次,2026-09-15T19:21:47,0.224,14.9750813670706,-4.04732228313755e-05,0.00035589986571378,-0.130112433759967,2.9540151041225e-07,0.928141993530126,0,1.99984208840763,0.0484159565841496,-1.01095743091966,MV-202,sine_steer_python-1
226,2026年09月15日_19时21分47秒_第001次,2026-09-15T19:21:47,0.225,14.9751236809681,-4.14764842282398e-05,0.000357393443691664,-0.125952623961052,2.96552903192665e-07,0.932302034496143,0,2,0.0484211356064192,-1.0109699142405,MV-202,sine_steer_python-1
227,2026年09月15日_19时21分47秒_第001次,2026-09-15T19:21:47,0.226,14.9751675900227,-4.24711432945142e-05,0.000358934321584565,-0.121792811475813,2.97623259132065e-07,0.936462041917085,0,1.99984208840763,0.0484189100446911,-1.01081250852772,MV-202,sine_steer_python-1
228,2026年09月15日_19时21分47秒_第001次,2026-09-15T19:21:47,0.227,14.9752130632068,-4.34559351887871e-05,0.000360521523272515,-0.117632995913133,2.98612687708437e-07,0.940622015997635,0,1.9993683785666,0.0484092886398504,-1.01048487223448,MV-202,sine_steer_python-1
229,2026年09月15日_19时21分47秒_第001次,2026-09-15T19:21:47,0.228,14.9752600682027,-4.44296054862008e-05,0.000362153926528284,-0.113473176874451,2.99521446231238e-07,0.944781957013216,0,1.99857894528118,0.048392266354863,-1.009987325578,MV-202,sine_steer_python-1
230,2026年09月15日_19时21分47秒_第001次,2026-09-15T19:21:47,0.229,14.9753085714434,-4.5390912273967e-05,0.000363830267785067,-0.109313353954048,3.00349939845714e-07,0.94894186530996,0,1.99747391321203,0.0483678221505426,-1.0093209466982,MV-202,sine_steer_python-1
231,2026年09月15日_19时21分47秒_第001次,2026-09-15T19:21:47,0.23,14.9753585381546,-4.63386282189665e-05,0.000365549147195317,-0.105153526739347,3.01098721293434e-07,0.953101741304553,0,1.99605345685654,0.0483359221858824,-1.0084874372286,MV-202,sine_steer_python-1
232,2026年09月15日_19时21分47秒_第001次,2026-09-15T19:21:47,0.231,14.9754099324001,-4.72715426037785e-05,0.000367309033595352,-0.100993694811235,3.01768490451906e-07,0.957261585483956,0,1.99431780052123,0.0482965251667745,-1.00748889535312,MV-202,sine_steer_python-1
233,2026年09月15日_19时21分47秒_第001次,2026-09-15T19:21:47,0.232,14.97546271713,-4.81884633275086e-05,0.000369108269366781,-0.0968338577444024,3.02360093622696e-07,0.961421398404993,0,1.99226721828635,0.0482495945530526,-1.00632729722431,MV-202,sine_steer_python-1
234,2026年09月15日_19时21分47秒_第001次,2026-09-15T19:21:47,0.233,14.9755168542301,-4.90882188673392e-05,0.000370945075412084,-0.0926740151076874,3.02874522597667e-07,0.965581180693813,0,1.9899020339626,0.0481950997045583,-1.00500444619927,MV-202,sine_steer_python-1
235,2026年09月15日_19时21分47秒_第001次,2026-09-15T19:21:47,0.234,14.9755723045755,-4.99696601980069e-05,0.000372817555823583,-0.0885141664644468,3.03312913487784e-07,0.969740933045228,0,1.98722262104002,0.0481330173446851,-1.0035219068252,MV-202,sine_steer_python-1
236,2026年09月15日_19时21分47秒_第001次,2026-09-15T19:21:47,0.235,14.9756290280843,-5.08316626654638e-05,0.000374723702572964,-0.0843543113729358,3.03676545319156e-07,0.973900656221917,0,1.98422940262896,0.048063338414002,-1.00188071500287,MV-202,sine_steer_python-1
237,2026年09月15日_19时21分47秒_第001次,2026-09-15T19:21:47,0.236,14.975686983775,-5.167312781184e-05,0.000376661400035625,-0.0801944493867004,3.03966838396498e-07,0.978060351053504,0,1.9809228513933,0.0479860574685044,-1.00008182497637,MV-202,sine_steer_python-1
238,2026年09月15日_19时21分47秒_第001次,2026-09-15T19:21:47,0.237,14.975746129825,-5.24929851487254e-05,0.000378628429522606,-0.0760345800549862,3.04185352439388e-07,0.982220018435517,0,1.97730348947583,0.0479011729167849,-0.998126100671109,MV-202,sine_steer_python-1
239,2026年09月15日_19时21分47秒_第001次,2026-09-15T19:21:47,0.238,14.9758064236311,-5.32901938762777e-05,0.00038062247358902,-0.0718747029231567,3.04333784487486e-07,0.986379659328207,0,1.97337188841574,0.0478086836728533,-0.99601445936462,MV-202,sine_steer_python-1
240,2026年09月15日_19时21分47秒_第001次,2026-09-15T19:21:47,0.239,14.9758678218714,-5.40637445453389e-05,0.000382641120444141,-0.0677148175331265,3.04413966579023e-07,0.990539274755259,0,1.96912866905841,0.0477085868653617,-0.993747970381412,MV-202,sine_steer_python-1
241,2026年09月15日_19时21分47秒_第001次,2026-09-15T19:21:47,0.24,14.975930280569,-5.48126606605571e-05,0.000384681868223072,-0.0635549234238029,3.04427863210543e-07,0.994698865802366,0,1.96457450145738,0.0476008777943833,-0.991327858368262,MV-202,sine_steer_python-1
242,2026年09月15日_19时21分47秒_第001次,2026-09-15T19:21:47,0.241,14.9759937551567,-5.55360002222954e-05,0.000386742129277102,-0.0593950201315403,3.04377568570421e-07,0.998858433615689,0,1.95971010476849,0.0474855521622784,-0.988755409412458,MV-202,sine_steer_python-1
243,2026年09月15日_19时21分47秒_第001次,2026-09-15T19:21:47,0.242,14.9760582005433,-5.62328572053577e-05,0.000388819234513951,-0.0552351071906034,3.04265303558952e-07,1.0030179794002,0,1.95453624713639,0.0473626098165365,-0.98603181200476,MV-202,sine_steer_python-1
244,2026年09月15日_19时21分47秒_第001次,2026-09-15T19:21:47,0.243,14.9761235711802,-5.69023629729359e-05,0.000390910437869043,-0.0510751841336397,3.04093412595581e-07,1.00717750441788,0,1.94905374557315,0.0472320587435904,-0.983157986525501,MV-202,sine_steer_python-1
245,2026年09月15日_19时21分47秒_第001次,2026-09-15T19:21:47,0.244,14.9761898211298,-5.75436876243812e-05,0.00039301292064567,-0.0469152504921616,3.03864360212995e-07,1.01133700998587,0,1.94326346582935,0.0470939179852136,-0.980134460021546,MV-202,sine_steer_python-1
246,2026年09月15日_19时21分47秒_第001次,2026-09-15T19:21:47,0.245,14.9762569041338,-5.81560412749554e-05,0.000395123796055843,-0.0427553057970339,3.03580727457066e-07,1.01549649747444,0,1.93716632225726,0.0469482185211146,-0.976961327305846,MV-202,sine_steer_python-1
247,2026年09月15日_19时21分47秒_第001次,2026-09-15T19:21:47,0.246,14.9763247736829,-5.87386752668591e-05,0.000397240113893822,-0.0385953495789717,3.03245208077076e-07,1.01965596830484,0,1.93076327766655,0.0467950018312707,-0.973638310930828,MV-202,sine_steer_python-1
248,2026年09月15日_19时21分47秒_第001次,2026-09-15T19:21:47,0.247,14.976393383086,-5.92908833101866e-05,0.00039935886534058,-0.0344353813690416,3.0286060453066e-07,1.02381542394715,0,1.92405534317217,0.0466343165884871,-0.9701649011496,MV-202,sine_steer_python-1
249,2026年09月15日_19时21分47秒_第001次,2026-09-15T19:21:47,0.248,14.976462685541,-5.98120025530669e-05,0.000401476987641073,-0.0302754006991695,3.02429823806174e-07,1.02797486591791,0,1.91704357803475,0.0464662144926595,-0.966540532927965,MV-202,sine_steer_python-1
250,2026年09月15日_19时21分47秒_第001次,2026-09-15T19:21:47,0.249,14.9765326342048,-6.0301414579903e-05,0.00040359136926864,-0.0261154071026526,3.01955873052522e-07,1.03213429577771,0,1.90972908949329,0.0462907464683202,-0.962764747923677,MV-202,sine_steer_python-1
251,2026年09月15日_19时21分47秒_第001次,2026-09-15T19:21:47,0.25,14.9766031822637,-6.07585463373242e-05,0.000405698854926717,-0.0219554001146761,3.01441855048639e-07,1.03629371512866,0,1.90211303259031,0.0461079602549435,-0.958837297374988,MV-202,sine_steer_python-1
252,2026年09月15日_19时21分47秒_第001次,2026-09-15T19:21:47,0.251,14.9766742830041,-6.11828709870231e-05,0.000407796250736138,-0.0177953792728309,3.00890963506556e-07,1.04045312561182,0,1.89419660998949,0.045917899908459,-0.954758163539844,MV-202,sine_steer_python-1
253,2026年09月15日_19时21分47秒_第001次,2026-09-15T19:21:47,0.252,14.9767458898831,-6.15739086850986e-05,0.000409880329608633,-0.013635344117635,3.00306478206416e-07,1.04461252890448,0,1.88598107178573,0.0457206070855003,-0.950527504915682,MV-202,sine_steer_python-1
254,2026年09月15日_19时21分47秒_第001次,2026-09-15T19:21:47,0.253,14.9768179565981,-6.19312272873301e-05,0.000411947836486581,-0.00947529419305543,2.99691759999961e-07,1.04877192671737,0,1.87746771530775,0.0455161234163663,-0.946145554673858,MV-202,sine_steer_python-1
255,2026年09月15日_19时21分47秒_第001次,2026-09-15T19:21:47,0.254,14.976890437157,-6.2254442980065e-05,0.000413995493967952,-0.00531522904702831,2.9905024565353e-07,1.05293132079186,0,1.86865788491322,0.0453044929674191,-0.941612514898623,MV-202,sine_steer_python-1
256,2026年09月15日_19时21分47秒_第001次,2026-09-15T19:21:47,0.255,14.9769632859473,-6.25432208364539e-05,0.000416020007743626,-0.00115514823198157,2.98385442577473e-07,1.057090712897,0,1.8595529717765,0.0450857638332085,-0.936928487673797,MV-202,sine_steer_python-1
257,2026年09月15日_19时21分47秒_第001次,2026-09-15T19:21:47,0.256,14.9770364578054,-6.27972752977471e-05,0.00041801807210115,0.00300494869464885,2.97700923417181e-07,1.06125010482655,0,1.85015441366892,0.0448599882506873,-0.932093469139268,MV-202,sine_steer_python-1
258,2026年09月15日_19时21分47秒_第001次,2026-09-15T19:21:47,0.257,14.9771099080842,-6.30163705791557e-05,0.000419986375716528,0.00716506216990115,2.97000320537725e-07,1.06540949839592,0,1.84046369473174,0.0446272211602131,-0.927107409953565,MV-202,sine_steer_python-1
259,2026年09月15日_19时21分47秒_第001次,2026-09-15T19:21:47,0.258,14.9771835927208,-6.32003210006936e-05,0.000421921606987074,0.0113251926247774,2.96287320405942e-07,1.06956889543909,0,1.83048234524184,0.0443875176670398,-0.921970322975534,MV-202,sine_steer_python-1
260,2026年09月15日_19时21分47秒_第001次,2026-09-15T19:21:47,0.259,14.9772574683031,-6.33489912420331e-05,0.000423820459900181,0.0154853404837355,2.95565657866755e-07,1.07372829780544,0,1.82021194136999,0.0441409302104857,-0.916682403786505,MV-202,sine_steer_python-1
261,2026年09月15日_19时21分47秒_第001次,2026-09-15T19:21:47,0.26,14.9773314921352,-6.34622965220377e-05,0.000425679639454443,0.0196455061641905,2.9483911034673e-07,1.07788770735659,0,1.80965410493204,0.0438875063206436,-0.911244126447038,MV-202,sine_steer_python-1
262,2026年09月15日_19时21分47秒_第001次,2026-09-15T19:21:47,0.261,14.9774056223022,-6.35402027023087e-05,0.000427495867293306,0.0238056900760205,2.94111491972241e-07,1.08204712596313,0,1.79881050313274,0.0436272876264176,-0.905656286002013,MV-202,sine_steer_python-1
263,2026年09月15日_19时21分47秒_第001次,2026-09-15T19:21:47,0.262,14.9774798177333,-6.3582726314963e-05,0.000429265887214827,0.0279658926210811,2.93386647625206e-07,1.08620655550141,0,1.78768284830253,0.0433603103602388,-0.899919977061199,MV-202,sine_steer_python-1
264,2026年09月15日_19时21分47秒_第001次,2026-09-15T19:21:47,0.263,14.9775540382642,-6.35899345145033e-05,0.00043098647052644,0.0321261141927297,2.92668446947249e-07,1.09036599785024,0,1.77627289762709,0.0430866071310464,-0.894036518027261,MV-202,sine_steer_python-1
265,2026年09月15日_19时21分47秒_第001次,2026-09-15T19:21:47,0.264,14.977628244698,-6.35619449537169e-05,0.000432654421657993,0.0362863551753617,2.91960778288767e-07,1.09452545488757,0,1.76458245286991,0.0428062093642528,-0.888007346540484,MV-202,sine_steer_python-1
266,2026年09月15日_19时21分47秒_第001次,2026-09-15T19:21:47,0.265,14.9777023988643,-6.3498925583959e-05,0.0004342665831574,0.0404466159439542,2.91267542634228e-07,1.09868492848723,0,1.75261336008773,0.0425191496495,-0.881833918561116,MV-202,sine_steer_python-1
267,2026年09月15日_19时21分47秒_第001次,2026-09-15T19:21:47,0.266,14.9777764636772,-6.34010943791854e-05,0.000435819841216751,0.0446068968636274,2.90592647491191e-07,1.10284442051562,0,1.74036750933905,0.0422254633314432,-0.87551763958135,MV-202,sine_steer_python-1
268,2026年09月15日_19时21分47秒_第001次,2026-09-15T19:21:47,0.267,14.9778504031919,-6.32687189847535e-05,0.000437311130576681,0.0487671982892137,2.89940000777795e-07,1.10700393282836,0,1.72784683438567,0.0419251889788515,-0.869059843710347,MV-202,sine_steer_python-1
269,2026年09月15日_19时21分47秒_第001次,2026-09-15T19:21:47,0.268,14.9779241826588,-6.31021162903381e-05,0.000438737439567957,0.0529275205648483,2.89313504693349e-07,1.11116346726705,0,1.7150533123873,0.0416183677625308,-0.862461819504103,MV-202,sine_steer_python-1
270,2026年09月15日_19时21分47秒_第001次,2026-09-15T19:21:47,0.269,14.9779977685768,-6.29016519274726e-05,0.000440095815130925,0.0570878640235689,2.88717049600261e-07,1.11532302565598,0,1.70198896358938,0.0413050421285613,-0.855724866156674,MV-202,sine_steer_python-1
271,2026年09月15日_19时21分47秒_第001次,2026-09-15T19:21:47,0.27,14.9780711287442,-6.26677396921483e-05,0.000441383367422374,0.061248228986937,2.88154507930544e-07,1.11948260979889,0,1.68865585100403,0.0409852543570055,-0.848850354879833,MV-202,sine_steer_python-1
272,2026年09月15日_19时21分47秒_第001次,2026-09-15T19:21:47,0.271,14.9781442323077,-6.24008408924295e-05,0.000442597274627878,0.0654086157646744,2.87629728104435e-07,1.12364222147571,0,1.67505608008428,0.0406590455912254,-0.841839770413064,MV-202,sine_steer_python-1
273,2026年09月15日_19时21分47秒_第001次,2026-09-15T19:21:47,0.272,14.9782170498095,-6.21014636217539e-05,0.000443734787295915,0.0695690246543196,2.87146528498348e-07,1.12780186243947,0,1.66119179839163,0.0403264557245052,-0.834694716006259,MV-202,sine_steer_python-1
274,2026年09月15日_19时21分47秒_第001次,2026-09-15T19:21:47,0.273,14.9782895532324,-6.17701619580219e-05,0.000444793232887993,0.073729455940903,2.86708691453219e-07,1.13196153441309,0,1.64706519525686,0.0399875242161598,-0.827416878622812,MV-202,sine_steer_python-1
275,2026年09月15日_19时21分47秒_第001次,2026-09-15T19:21:47,0.274,14.9783617160429,-6.14075350894951e-05,0.000445770019870716,0.077889909896644,2.86319957344115e-07,1.13612123908635,0,1.63267850143437,0.0396422915890879,-0.820007964813744,MV-202,sine_steer_python-1
276,2026年09月15日_19时21分47秒_第001次,2026-09-15T19:21:47,0.275,14.9784335132313,-6.10142263676264e-05,0.000446662641865302,0.0820503867806686,2.85984018716525e-07,1.14028097811287,0,1.61803398874989,0.0392908011400684,-0.812469627207119,MV-202,sine_steer_python-1
277,2026年09月15日_19时21分47秒_第001次,2026-09-15T19:21:47,0.276,14.9785049213507,-6.05909222879194e-05,0.000447468681548174,0.0862108868387497,2.85704514501001e-07,1.14444075310713,0,1.60313396974175,0.0389331003391653,-0.804803403990902,MV-202,sine_steer_python-1
278,2026年09月15日_19时21分47秒_第001次,2026-09-15T19:21:47,0.277,14.9785759185528,-6.01383513994724e-05,0.000448185814423847,0.0903714103030721,2.85485024308287e-07,1.14860056564165,0,1.58798079729567,0.0385692415133566,-0.797010688773066,MV-202,sine_steer_python-1
279,2026年09月15日_19时21分47秒_第001次,2026-09-15T19:21:47,0.278,14.9786464846215,-5.96572831440844e-05,0.000448811812348121,0.0945319573920187,2.85329062833407e-07,1.15276041724415,0,1.57257686427324,0.0381992816527714,-0.789092737856551,MV-202,sine_steer_python-1
280,2026年09月15日_19时21分47秒_第001次,2026-09-15T19:21:47,0.279,14.978716601004,-5.91485266261392e-05,0.000449344547053646,0.0986925283099841,2.85240074347777e-07,1.15692030939483,0,1.55692460313405,0.0378232814590307,-0.781050709958649,MV-202,sine_steer_python-1
281,2026年09月15日_19时21分47秒_第001次,2026-09-15T19:21:47,0.28,14.9787862212868,-5.86129294573223e-05,0.000449791652176908,0.102853123247213,2.85221427327058e-07,1.16108024352383,0,1.54102648555158,0.0374413039803105,-0.772885723756474,MV-202,sine_steer_python-1
282,2026年09月15日_19时21分47秒_第001次,2026-09-15T19:21:47,0.281,14.9788553231069,-5.80513906357805e-05,0.00045014672478143,0.107013742367221,2.85276426865444e-07,1.16524022099566,0,1.5248850220229,0.0370534132792688,-0.764598914190015,MV-202,sine_steer_python-1
283,2026年09月15日_19时21分47秒_第001次,2026-09-15T19:21:47,0.282,14.9789238854943,-5.7464833348119e-05,0.000450411343474161,0.111174385820222,2.85408049532501e-07,1.16940024312092,0,1.50850276147221,0.036659673529105,-0.756191470644406,MV-202,sine_steer_python-1
284,2026年09月15日_19时21分47秒_第001次,2026-09-15T19:21:47,0.283,14.9789918908679,-5.68542184279321e-05,0.000450584635970205,0.115335053739779,2.85619242003047e-07,1.17356031115055,0,1.49188229084836,0.0362601487602697,-0.747664647406544,MV-202,sine_steer_python-1
285,2026年09月15日_19时21分47秒_第001次,2026-09-15T19:21:47,0.284,14.9790593253169,-5.62205376611617e-05,0.000450665444522895,0.119495746243473,2.85912799531156e-07,1.17772042627442,0,1.47502623471635,0.0358549032494752,-0.739019746621005,MV-202,sine_steer_python-1
286,2026年09月15日_19时21分47秒_第001次,2026-09-15T19:21:47,0.285,14.9791261784624,-5.55648114997496e-05,0.000450651948012737,0.123656463433456,2.86291417615539e-07,1.18188058961989,0,1.45793725484282,0.0354440023301145,-0.730258083109793,MV-202,sine_steer_python-1
287,2026年09月15日_19时21分47秒_第001次,2026-09-15T19:21:47,0.286,14.9791924433192,-5.48880869037021e-05,0.000450541773034847,0.127817205396911,2.86757696988285e-07,1.18604080225028,0,1.44061804977581,0.035027513277846,-0.721380945818708,MV-202,sine_steer_python-1
288,2026年09月15日_19时21分47秒_第001次,2026-09-15T19:21:47,0.287,14.9792581161457,-5.41914351968324e-05,0.000450332114624918,0.131977972206517,2.87314153763327e-07,1.19020106516358,0,1.42307135441857,0.0346055059223742,-0.712389570817374,MV-202,sine_steer_python-1
289,2026年09月15日_19时21分47秒_第001次,2026-09-15T19:21:47,0.288,14.9793231962835,-5.34759501798435e-05,0.000450019864013787,0.136138763920883,2.87963226449104e-07,1.1943613792911,0,1.4052999395977,0.0341780527486054,-0.703285136028247,MV-202,sine_steer_python-1
290,2026年09月15日_19时21分47秒_第001次,2026-09-15T19:21:47,0.289,14.9793876859927,-5.27427463993989e-05,0.000449601756472468,0.140299580584975,2.88707279374794e-07,1.19852174549635,0,1.38730661162561,0.0337452284326589,-0.694068780091823,MV-202,sine_steer_python-1
291,2026年09月15日_19时21分47秒_第001次,2026-09-15T19:21:47,0.29,14.9794515902867,-5.19929575612159e-05,0.000449074511535721,0.144460422230521,2.89548603516641e-07,1.2026821645739,0,1.36909421185738,0.0333071089467048,-0.684741639716793,MV-202,sine_steer_python-1
292,2026年09月15日_19时21分47秒_第001次,2026-09-15T19:21:47,0.291,14.9795149167667,-5.12277350476344e-05,0.000448434961057865,0.148621288876396,2.90489414638452e-07,1.20684263724842,0,1.35066561624205,0.03286377050001,-0.675304894134352,MV-202,sine_steer_python-1
293,2026年09月15日_19时21分47秒_第001次,2026-09-15T19:21:47,0.292,14.9795776754614,-5.04482464986685e-05,0.000447680159399792,0.152782180528996,2.91531849240113e-07,1.21100316417374,0,1.3320237348685,0.0324152886226511,-0.665759803564331,MV-202,sine_steer_python-1
294,2026年09月15日_19时21分47秒_第001次,2026-09-15T19:21:47,0.293,14.9796398786793,-4.96556744195061e-05,0.000446807341445402,0.1569430971826,2.92677958747731e-07,1.21516374593211,0,1.31317151150591,0.0319617376370586,-0.656107731181537,MV-202,sine_steer_python-1
295,2026年09月15日_19时21分47秒_第001次,2026-09-15T19:21:47,0.294,14.9797015409465,-4.88512145829602e-05,0.000445812764505688,0.161104038819718,2.93929702111213e-07,1.21932438303352,0,1.29411192313889,0.0315031906277632,-0.646350143809205,MV-202,sine_steer_python-1
296,2026年09月15日_19时21分47秒_第001次,2026-09-15T19:21:47,0.295,14.9797626788067,-4.8036072620679e-05,0.000444692706642857,0.165265005411472,2.95288935448669e-07,1.22348507591516,0,1.27484797949738,0.0310397198601056,-0.636488593387122,MV-202,sine_steer_python-1
297,2026年09月15日_19时21分47秒_第001次,2026-09-15T19:21:47,0.296,14.9798233107545,-4.72114625741616e-05,0.000443444753079054,0.169425996917937,2.9675740451371e-07,1.22764582494103,0,1.2553827225814,0.0305713974672609,-0.626524686898245,MV-202,sine_steer_python-1
298,2026年09月15日_19时21分47秒_第001次,2026-09-15T19:21:47,0.297,14.9798834571117,-4.63786068263528e-05,0.000442068122084841,0.173587013288505,2.98336736329424e-07,1.23180663040166,0,1.23571922618067,0.0300982961591383,-0.616460055344764,MV-202,sine_steer_python-1
299,2026年09月15日_19时21分47秒_第001次,2026-09-15T19:21:47,0.298,14.9799431397749,-4.55387357723662e-05,0.000440562096585496,0.17774805446225,3.00028430796488e-07,1.23596749251396,0,1.21586059538921,0.0296204897368146,-0.606296330757768,MV-202,sine_steer_python-1
300,2026年09月15日_19时21分47秒_第001次,2026-09-15T19:21:47,0.299,14.9800023821048,-4.4693084875094e-05,0.000438926568440944,0.181909120368235,3.01833850508948e-07,1.24012841142114,0,1.19580996611504,0.0291380532693851,-0.596035137833501,MV-202,sine_steer_python-1
301,2026年09月15日_19时21分47秒_第001次,2026-09-15T19:21:47,0.3,14.9800612087966,-4.38428932172834e-05,0.000437161956451274,0.18607021092584,3.03754214853161e-07,1.24428938719284,0,1.17557050458495,0.0286510629197099,-0.585678100596398,MV-202,sine_steer_python-1
302,2026年09月15日_19时21分47秒_第001次,2026-09-15T19:21:47,0.301,14.9801196457583,-4.29894016427403e-05,0.000435269179076666,0.190231326045092,3.0579059224852e-07,1.24845041982532,0,1.15514540684454,0.0281595955274427,-0.575226859453422,MV-202,sine_steer_python-1
303,2026年09月15日_19时21分47秒_第001次,2026-09-15T19:21:47,0.302,14.9801777200001,-4.21338508116534e-05,0.000433249615374562,0.194392465626985,3.07943894311235e-07,1.25261150924179,0,1.13453789825351,0.02766372812748,-0.564683091064673,MV-202,sine_steer_python-1
304,2026年09月15日_19时21分47秒_第001次,2026-09-15T19:21:47,0.303,14.9802354595314,-4.12774791812828e-05,0.000431105061873539,0.19855362956382,3.10214870576251e-07,1.25677265529296,0,1.11375123297638,0.0271635375866447,-0.554048523226004,MV-202,sine_steer_python-1
305,2026年09月15日_19时21分47秒_第001次,2026-09-15T19:21:47,0.304,14.9802928932668,-4.0421520908187e-05,0.000428837687984763,0.202714817739535,3.12604104127101e-07,1.26093385775762,0,1.09278869346854,0.0266591004880835,-0.543324939178357,MV-202,sine_steer_python-1
306,2026年09月15日_19时21分47秒_第001次,2026-09-15T19:21:47,0.305,14.9803500509405,-3.95672036864859e-05,0.000426449990685593,0.206876030030062,3.15112008114988e-07,1.26509511634344,0,1.07165358995799,0.02615049330198,-0.532514169611548,MV-202,sine_steer_python-1
307,2026年09月15日_19时21分47秒_第001次,2026-09-15T19:21:47,0.306,14.9804069630273,-3.87157465329269e-05,0.000423944749888544,0.211037266303675,3.17738823144081e-07,1.26925643068786,0,1.05034925992259,0.0256377927848821,-0.521618074901192,MV-202,sine_steer_python-1
308,2026年09月15日_19时21分47秒_第001次,2026-09-15T19:21:47,0.307,14.9804636606707,-3.78683575308307e-05,0.000421324985501514,0.215198526421371,3.20484615506037e-07,1.27341780035918,0,1.02887906756301,0.0251210764810989,-0.510638522881888,MV-202,sine_steer_python-1
309,2026年09月15日_19时21分47秒_第001次,2026-09-15T19:21:47,0.308,14.9805201756167,-3.70262315456722e-05,0.000418593917164756,0.219359810237246,3.23349276220505e-07,1.27757922485775,0,1.00724640327152,0.0246004231728797,-0.4995773687302,MV-202,sine_steer_python-1
310,2026年09月15日_19时21分47秒_第001次,2026-09-15T19:21:47,0.309,14.9805765401521,-3.61905479250928e-05,0.000415754927013086,0.2235211175989,3.26332520845234e-07,1.28174070361727,0,0.985454683096584,0.0240759131547142,-0.488436442329764,MV-202,sine_steer_python-1
311,2026年09月15日_19时21分47秒_第001次,2026-09-15T19:21:47,0.31,14.9806327870482,-3.5362468195885e-05,0.000412811525984961,0.22768244834785,3.29433890014594e-07,1.28590223600635,0,0.96350734820343,0.0235476282727154,-0.477217545676691,MV-202,sine_steer_python-1
312,2026年09月15日_19时21分47秒_第001次,2026-09-15T19:21:47,0.311,14.9806889495061,-3.45431337704695e-05,0.000409767324098604,0.231843802319963,3.32652750634952e-07,1.29006382133006,0,0.941407864330666,0.0230156517471325,-0.465922459579615,MV-202,sine_steer_python-1
313,2026年09月15日_19时21分47秒_第001次,2026-09-15T19:21:47,0.312,14.9807450611063,-3.37336636746889e-05,0.000406626004682888,0.236005179345897,3.35988297704221e-07,1.29422545883173,0,0.919159721242976,0.0224800678598023,-0.454552956172987,MV-202,sine_steer_python-1
314,2026年09月15日_19时21分47秒_第001次,2026-09-15T19:21:47,0.313,14.9808011557587,-3.29351523084197e-05,0.000403391302496812,0.240166579251573,3.39439556691344e-07,1.29838714769479,0,0.896766432180065,0.0219409616202263,-0.443110812383994,MV-202,sine_steer_python-1
315,2026年09月15日_19时21分47秒_第001次,2026-09-15T19:21:47,0.314,14.9808572676544,-3.21486672494111e-05,0.000400066985849514,0.244328001858644,3.43005386422476e-07,1.30254888704485,0,0.874231533301866,0.0213984185163196,-0.431597819802063,MV-202,sine_steer_python-1
316,2026年09月15日_19时21分47秒_第001次,2026-09-15T19:21:47,0.315,14.9809134312176,-3.13752471104133e-05,0.00039665684233345,0.248489446984994,3.4668448242486e-07,1.30671067595176,0,0.851558583130146,0.0208525244167968,-0.420015788102236,MV-202,sine_steer_python-1
317,2026年09月15日_19时21分47秒_第001次,2026-09-15T19:21:47,0.316,14.9809696810577,-3.06158994584263e-05,0.000393164668061577,0.252650914445241,3.50475380682934e-07,1.31087251343194,0,0.828751161986568,0.0203033656303079,-0.408366541693579,MV-202,sine_steer_python-1
318,2026年09月15日_19时21分47秒_第001次,2026-09-15T19:21:47,0.317,14.9810260519199,-2.98715988044727e-05,0.000389594259936252,0.256812404051258,3.54376461748485e-07,1.31503439845071,0,0.805812871427325,0.0197510290684982,-0.396651911719645,MV-202,sine_steer_python-1
319,2026年09月15日_19时21分47秒_第001次,2026-09-15T19:21:47,0.318,14.9810825786354,-2.9143284670815e-05,0.000385949410677333,0.2609739156127,3.58385955176534e-07,1.31919632992478,0,0.782747333674405,0.0191956024395632,-0.384873726944728,MV-202,sine_steer_python-1
320,2026年09月15日_19时21分47秒_第001次,2026-09-15T19:21:47,0.319,14.9811392960696,-2.8431859742158e-05,0.000382233906331595,0.265135448937547,3.6250194423929e-07,1.32335830672482,0,0.759558191043603,0.0186371743969138,-0.373033806588527,MV-202,sine_steer_python-1
321,2026年09月15日_19时21分47秒_第001次,2026-09-15T19:21:47,0.32,14.9811962394259,-2.77381881041519e-05,0.000378456595639661,0.269297003832649,3.66722370877109e-07,1.32752032767815,0,0.736249105369356,0.0180758345784323,-0.361133957674602,MV-202,sine_steer_python-1
322,2026年09月15日_19时21分47秒_第001次,2026-09-15T19:21:47,0.321,14.9812534439363,-2.70631011844031e-05,0.000374627146815595,0.273458580104428,3.71045050178626e-07,1.33168239157165,0,0.712823757426502,0.0175116735130382,-0.349175977996468,MV-202,sine_steer_python-1
323,2026年09月15日_19时21分47秒_第001次,2026-09-15T19:21:47,0.322,14.9813109445603,-2.64073949824791e-05,0.000370752917972349,0.277620177559433,3.75467669787694e-07,1.3358444971546,0,0.689285846349034,0.0169447824202689,-0.337161663726759,MV-202,sine_steer_python-1
324,2026年09月15日_19时21分47秒_第001次,2026-09-15T19:21:47,0.323,14.9813687766853,-2.57718246172455e-05,0.000366831069545769,0.281781796004821,3.79987796439139e-07,1.34000664314152,0,0.665639089045974,0.0163752529599771,-0.325092819223773,MV-202,sine_steer_python-1
325,2026年09月15日_19时21分47秒_第001次,2026-09-15T19:21:47,0.324,14.9814269750631,-2.51570888318982e-05,0.000362863655996107,0.285943435249199,3.84602867378248e-07,1.34416882821545,0,0.641887219614419,0.0158031769970537,-0.312971266208781,MV-202,sine_steer_python-1
326,2026年09月15日_19时21分47秒_第001次,2026-09-15T19:21:47,0.325,14.9814855739938,-2.45638410585363e-05,0.000358852414157705,0.290105095102932,3.89310218638565e-07,1.34833105103075,0,0.618033988749895,0.015228646433382,-0.300798850055401,MV-202,sine_steer_python-1
327,2026年09月15日_19时21分47秒_第001次,2026-09-15T19:21:47,0.326,14.9815446072489,-2.39926856741501e-05,0.000354799282519127,0.294266775378696,3.9410707143032e-07,1.35249331021612,0,0.59408316315407,0.0146517531330125,-0.288577442079064,MV-202,sine_steer_python-1
328,2026年09月15日_19时21分47秒_第001次,2026-09-15T19:21:47,0.327,14.9816040932385,-2.34441772513535e-05,0.00035070807467353,0.29842847589198,3.98990545155258e-07,1.35665560437781,0,0.570038524939952,0.0140725889359485,-0.276308938025766,MV-202,sine_steer_python-1
329,2026年09月15日_19时21分47秒_第001次,2026-09-15T19:21:47,0.328,14.9816640556345,-2.29188223170571e-05,0.00034658243487813,0.30259019645537,4.03957663167102e-07,1.36081793209615,0,0.54590387103465,0.0134912457313733,-0.263995254014129,MV-202,sine_steer_python-1
330,2026年09月15日_19时21分47秒_第001次,2026-09-15T19:21:47,0.329,14.9817245200006,-2.24170773240421e-05,0.000342427012296436,0.306751936883596,4.09005245481959e-07,1.36498029193353,0,0.521683012579794,0.0129078155486169,-0.251638321682257,MV-202,sine_steer_python-1
331,2026年09月15日_19时21分47秒_第001次,2026-09-15T19:21:47,0.33,14.9817855112606,-2.19393477279545e-05,0.000338245703091333,0.310913696994285,4.14130008135129e-07,1.36914268243782,0,0.497379774329709,0.0123223906281529,-0.239240084208502,MV-202,sine_steer_python-1
332,2026年09月15日_19时21分47秒_第001次,2026-09-15T19:21:47,0.331,14.9818470543252,-2.14859861504874e-05,0.000334042333489423,0.315075476608128,4.19328561324044e-07,1.37330510214522,0,0.472997994047449,0.0117350634481122,-0.226802494243494,MV-202,sine_steer_python-1
333,2026年09月15日_19时21分47秒_第001次,2026-09-15T19:21:47,0.332,14.9819091740437,-2.10572918098497e-05,0.000329820429067397,0.319237275549664,4.24597423038656e-07,1.37746754958384,0,0.448541521898762,0.0111459266902613,-0.214327514426719,MV-202,sine_steer_python-1
334,2026年09月15日_19时21分47秒_第001次,2026-09-15T19:21:47,0.333,14.9819718951419,-2.06535095784766e-05,0.000325583224375138,0.323399093647964,4.29933037795059e-07,1.38163002327714,0,0.42401421984411,0.0105550731262566,-0.201817121323703,MV-202,sine_steer_python-1
335,2026年09月15日_19时21分47秒_第001次,2026-09-15T19:21:47,0.334,14.9820352421539,-2.02748294173758e-05,0.000321333703799561,0.327560930737297,4.35331792355072e-07,1.38579252174732,0,0.399419961028815,0.00996259542613314,-0.189273312680068,MV-202,sine_steer_python-1
336,2026年09月15日_19时21分47秒_第001次,2026-09-15T19:21:47,0.335,14.9820992393488,-1.9921386043038e-05,0.00031707464989545,0.331722786657777,4.4079003084378e-07,1.38995504351878,0,0.374762629171449,0.00936858597771209,-0.176698114209509,MV-202,sine_steer_python-1
337,2026年09月15日_19时21分47秒_第001次,2026-09-15T19:21:47,0.336,14.9821639106506,-1.95932588265943e-05,0.000312808703709249,0.335884661255981,4.46304068423168e-07,1.39411758712146,0,0.350046117950553,0.00877313687778177,-0.164093579058262,MV-202,sine_steer_python-1
338,2026年09月15日_19时21分47秒_第001次,2026-09-15T19:21:47,0.337,14.9822292795551,-1.92904719159813e-05,0.000308538426248758,0.340046554385551,4.51870203546687e-07,1.39828015109422,0,0.325274330389768,0.00817634013626151,-0.151461778192146,MV-202,sine_steer_python-1
339,2026年09月15日_19时21分47秒_第001次,2026-09-15T19:21:47,0.338,14.9822953690436,-1.90129945603367e-05,0.000304266355389557,0.34420846590776,4.57484728781991e-07,1.4024427339881,0,0.300451178241514,0.00757828794385505,-0.13880478804558,MV-202,sine_steer_python-1
340,2026年09月15日_19时21分47秒_第001次,2026-09-15T19:21:47,0.339,14.9823622014937,-1.87607416126491e-05,0.000299995055348783,0.348370395692048,4.63143940277239e-07,1.4066053343696,0,0.275580581369276,0.00697907286770932,-0.126124681280132,MV-202,sine_steer_python-1
341,2026年09月15日_19时21分47秒_第001次,2026-09-15T19:21:47,0.34,14.9824297985893,-1.85335741869906e-05,0.000295727156001789,0.352532343616526,4.68844146010118e-07,1.41076795082381,0,0.250666467128609,0.00637878795469543,-0.113423521458324,MV-202,sine_steer_python-1
342,2026年09月15日_19时21分47秒_第001次,2026-09-15T19:21:47,0.341,14.9824981812294,-1.83313004463134e-05,0.000291465381724599,0.356694309568451,4.74581672967236e-07,1.41493058195754,0,0.225712769746963,0.00577752677164532,-0.100703360386222,MV-202,sine_steer_python-1
343,2026年09月15日_19时21分47秒_第001次,2026-09-15T19:21:47,0.342,14.9825673694369,-1.81536764994217e-05,0.000287212569067452,0.360856293444649,4.80352873408146e-07,1.41909322640234,0,0.20072342970243,0.00517538340938103,-0.0879662370003633,MV-202,sine_steer_python-1
344,2026年09月15日_19时21分47秒_第001次,2026-09-15T19:21:47,0.343,14.9826373822685,-1.8000407386764e-05,0.000282971674476854,0.365018295151921,4.86154130374214e-07,1.42325588281744,0,0.175702393101486,0.00457245246557233,-0.0752141771677485,MV-202,sine_steer_python-1
345,2026年09月15日_19时21分47秒_第001次,2026-09-15T19:21:47,0.344,14.9827082377256,-1.78711481385178e-05,0.000278745772622708,0.369180314607391,4.91981862595491e-07,1.42741854989257,0,0.150653611055866,0.00396882901350718,-0.0624491940913309,MV-202,sine_steer_python-1
346,2026年09月15日_19时21分47秒_第001次,2026-09-15T19:21:47,0.345,14.982779952668,-1.77655048904676e-05,0.000274538046807985,0.373342351738828,4.9783252891593e-07,1.43158122635074,0,0.125581039058626,0.00336460855958154,-0.0496732891898917,MV-202,sine_steer_python-1
347,2026年09月15日_19时21分47秒_第001次,2026-09-15T19:21:47,0.346,14.9828525427304,-1.768303604591e-05,0.000270351773073704,0.37750440648492,5.03702632370339e-07,1.43574391095086,0,0.100488636359539,0.00275988699019089,-0.036888453414074,MV-202,sine_steer_python-1
348,2026年09月15日_19时21分47秒_第001次,2026-09-15T19:21:47,0.347,14.9829260222428,-1.76232534751308e-05,0.000266190299164633,0.381666478795508,5.09588723999539e-07,1.43990660249026,0,0.0753803653398691,0.00215476050790372,-0.0240966689998794,MV-202,sine_steer_python-1
349,2026年09月15日_19时21分47秒_第001次,2026-09-15T19:21:47,0.348,14.9830004041556,-1.75856237453341e-05,0.00026205701995375,0.385828568631787,5.15487406507139e-07,1.44406929980711,0,0.0502601908866756,0.00154932555750763,-0.0112999116375522,MV-202,sine_steer_python-1
350,2026年09月15日_19时21分47秒_第001次,2026-09-15T19:21:47,0.349,14.9830756999697,-1.75695693769379e-05,0.000257955350808952,0.389990675966455,5.21395337815912e-07,1.44823200178273,0,0.0251320797667048,0.000943678745557255,0.00149984709231058,MV-202,sine_steer_python-1
351,2026年09月15日_19时21分47秒_第001次,2026-09-15T19:21:47,0.35,14.9831519196728,-1.75744701236738e-05,0.000253888699595176,0.394152800783828,5.27309234579174e-07,1.45239470734373,0,2.44929359829471e-16,0.000337916757764838,0.0143006371886076,MV-202,sine_steer_python-1
352,2026年09月15日_19时21分47秒_第001次,2026-09-15T19:21:47,0.351,14.9832290716819,-1.75996642748187e-05,0.000249860439028168,0.398314943079919,5.33225875706923e-07,1.45655741546409,0,-0.0251320797667052,-0.000267863715697984,0.0271004880227337,MV-202,sine_steer_python-1
353,2026年09月15日_19时21分47秒_第001次,2026-09-15T19:21:47,0.352,14.9833071627928,-1.76444499805839e-05,0.000245873879636627,0.402477102862472,5.3914210592755e-07,1.46072012516702,0,-0.0502601908866751,-0.000873566037499686,0.0398974268580147,MV-202,sine_steer_python-1
354,2026年09月15日_19时21分47秒_第001次,2026-09-15T19:21:47,0.353,14.9833861981366,-1.77080866011651e-05,0.000241932244464569,0.406639280150959,5.45054839411093e-07,1.4648828355268,0,-0.0753803653398695,-0.00147909365926163,0.0526894782578043,MV-202,sine_steer_python-1
355,2026年09月15日_19时21分47秒_第001次,2026-09-15T19:21:47,0.354,14.9834661811446,-1.77897960816742e-05,0.00023803864555794,0.410801474976548,5.50961063478862e-07,1.46904554567037,0,-0.100488636359539,-0.00208435013823119,0.0654746643133133,MV-202,sine_steer_python-1
356,2026年09月15日_19时21分47秒_第001次,2026-09-15T19:21:47,0.355,14.9835471135197,-1.78887643549984e-05,0.000234196063145499,0.414963687382027,5.56857842398589e-07,1.47320825477887,0,-0.125581039058628,-0.00268923914179654,0.0782510053902575,MV-202,sine_steer_python-1
357,2026年09月15日_19时21分47秒_第001次,2026-09-15T19:21:47,0.356,14.9836289952169,-1.80041427755502e-05,0.000230407327298161,0.419125917421701,5.62742321275102e-07,1.47737096208902,0,-0.150653611055866,-0.00329366445167534,0.0910165208983638,MV-202,sine_steer_python-1
358,2026年09月15日_19时21分47秒_第001次,2026-09-15T19:21:47,0.357,14.9837118244304,-1.81350495864192e-05,0.000226675102342623,0.42328816516125,5.68611730029894e-07,1.4815336668943,0,-0.175702393101487,-0.0038975299804333,0.103769229548456,MV-202,sine_steer_python-1
359,2026年09月15日_19时21分47秒_第001次,2026-09-15T19:21:47,0.358,14.98379559759,-1.82805714226409e-05,0.000223001873997811,0.427450430677568,5.74463387464518e-07,1.48569636854608,0,-0.200723429702429,-0.00450073980850341,0.116507148747139,MV-202,sine_steer_python-1
360,2026年09月15日_19时21分47秒_第001次,2026-09-15T19:21:47,0.359,14.9838803093636,-1.84397648530324e-05,0.000219389939131577,0.431612714058562,5.80294705403835e-07,1.48985906645459,0,-0.225712769746962,-0.00510319824142808,0.129228293134095,MV-202,sine_steer_python-1
361,2026年09月15日_19时21分47秒_第001次,2026-09-15T19:21:47,0.36,14.9839659526677,-1.86116579629914e-05,0.000215841397926018,0.435775015402926,5.86103192887889e-07,1.49402176008966,0,-0.250666467128609,-0.00570480987779558,0.14193067265849,MV-202,sine_steer_python-1
362,2026年09月15日_19时21分47秒_第001次,2026-09-15T19:21:47,0.361,14.9840525186855,-1.8795251979697e-05,0.000212358148496684,0.439937334819899,5.91886460413915e-07,1.49818444898145,0,-0.275580581369276,-0.00630547967170373,0.154612290874799,MV-202,sine_steer_python-1
363,2026年09月15日_19时21分47秒_第001次,2026-09-15T19:21:47,0.362,14.9841399968907,-1.89895229417374e-05,0.000208941883185963,0.444099672428987,5.97642224197047e-07,1.50234713272097,0,-0.300451178241514,-0.00690511297212373,0.167271144204725,MV-202,sine_steer_python-1
364,2026年09月15日_19时21分47秒_第001次,2026-09-15T19:21:47,0.363,14.9842283750786,-1.91934234133324e-05,0.000205594087041212,0.448262028359666,6.03368310435051e-07,1.50650981096045,0,-0.325274330389767,-0.00750361552625993,0.179905222716136,MV-202,sine_steer_python-1
365,2026年09月15日_19时21分47秒_第001次,2026-09-15T19:21:47,0.364,14.9843176394023,-1.94058842445631e-05,0.00020231603762658,0.452424402751072,6.0906265954549e-07,1.5106724834136,0,-0.350046117950552,-0.00810089344383555,0.192512512556279,MV-202,sine_steer_python-1
366,2026年09月15日_19时21分47秒_第001次,2026-09-15T19:21:47,0.365,14.984407774415,-1.96258163769557e-05,0.000199108806019262,0.45658679575166,6.14723330359967e-07,1.51483514985573,0,-0.374762629171449,-0.00869685313097346,0.205090999683471,MV-202,sine_steer_python-1
367,2026年09月15日_19时21分47秒_第001次,2026-09-15T19:21:47,0.366,14.9844987631173,-1.98521126940501e-05,0.00019597325920516,0.460749207518858,6.20348504245414e-07,1.51899781012374,0,-0.399419961028814,-0.00929140121193152,0.217638674116571,MV-202,sine_steer_python-1
368,2026年09月15日_19时21分47秒_第001次,2026-09-15T19:21:47,0.367,14.9845905870086,-2.00836499165269e-05,0.000192910063158695,0.464911638218688,6.25936489125864e-07,1.52316046411594,0,-0.424014219844109,-0.00988444446403358,0.230153533629135,MV-202,sine_steer_python-1
369,2026年09月15日_19时21分47秒_第001次,2026-09-15T19:21:47,0.368,14.984683226143,-2.03192905400774e-05,0.000189919686561703,0.469074088025394,6.31485723380922e-07,1.52732311179178,0,-0.448541521898762,-0.0104758897827765,0.242633586185016,MV-202,sine_steer_python-1
370,2026年09月15日_19时21分47秒_第001次,2026-09-15T19:21:47,0.369,14.9847766591891,-2.05578848143148e-05,0.000187002405327838,0.473236557121032,6.36994779590237e-07,1.53148575317146,0,-0.472997994047449,-0.0110656441869518,0.255076850673961,MV-202,sine_steer_python-1
371,2026年09月15日_19时21分47秒_第001次,2026-09-15T19:21:47,0.37,14.9848708634931,-2.07982727608968e-05,0.000184158307373157,0.477399045695071,6.42462368104864e-07,1.53564838833532,0,-0.49737977432971,-0.0116536148618716,0.267481356017754,MV-202,sine_steer_python-1
372,2026年09月15日_19时21分47秒_第001次,2026-09-15T19:21:47,0.371,14.9849658151439,-2.10392862280754e-05,0.000181387297753298,0.481561553943962,6.47887340418516e-07,1.53981101742325,0,-0.521683012579794,-0.0122397092253126,0.279845139297649,MV-202,sine_steer_python-1
373,2026年09月15日_19时21分47秒_第001次,2026-09-15T19:21:47,0.372,14.9850614890419,-2.12797509789713e-05,0.000178689104165711,0.485724082070714,6.532686923112e-07,1.54397364063383,0,-0.54590387103465,-0.0128238349927547,0.292166243896684,MV-202,sine_steer_python-1
374,2026年09月15日_19时21分47秒_第001次,2026-09-15T19:21:47,0.373,14.9851578589695,-2.1518488810582e-05,0.00017606328257236,0.489886630284448,6.58605566745462e-07,1.54813625822349,0,-0.570038524939952,-0.0134059002195391,0.304442718609171,MV-202,sine_steer_python-1
375,2026年09月15日_19时21分47秒_第001次,2026-09-15T19:21:47,0.374,14.985254897663,-2.17543196999656e-05,0.00017350922290158,0.494049198799952,6.63897256495896e-07,1.55229887050542,0,-0.59408316315407,-0.0139858133067049,0.316672618286249,MV-202,sine_steer_python-1
376,2026年09月15日_19时21分47秒_第001次,2026-09-15T19:21:47,0.375,14.9853525768865,-2.19860639739486e-05,0.000171026155192249,0.498211787837225,6.69143206487014e-07,1.55646147784847,0,-0.618033988749895,-0.0145634829710479,0.328854006002985,MV-202,sine_steer_python-1
377,2026年09月15日_19时21分47秒_第001次,2026-09-15T19:21:47,0.376,14.9854508675073,-2.22125444989251e-05,0.000168613155400999,0.502374397621016,6.74343015833227e-07,1.5606240806759,0,-0.641887219614419,-0.015138818194181,0.340984956126792,MV-202,sine_steer_python-1
378,2026年09月15日_19时21分47秒_第001次,2026-09-15T19:21:47,0.377,14.985549739571,-2.24325888861153e-05,0.000166269151715796,0.506537028380358,6.79496439543451e-07,1.56478667946399,0,-0.665639089045973,-0.0157117281755634,0.353063557230086,MV-202,sine_steer_python-1
379,2026年09月15日_19时21分47秒_第001次,2026-09-15T19:21:47,0.378,14.985649162379,-2.26450317084761e-05,0.000163992930670513,0.510699680348098,6.84603389905105e-07,1.56894927474067,0,-0.689285846349034,-0.0162821223169302,0.365087913680198,MV-202,sine_steer_python-1
380,2026年09月15日_19时21分47秒_第001次,2026-09-15T19:21:47,0.379,14.9857491045648,-2.28487167247695e-05,0.000161783143610455,0.514862353760426,6.89663937508187e-07,1.57311186708386,0,-0.712823757426501,-0.0168499102588351,0.377056145019615,MV-202,sine_steer_python-1
381,2026年09月15日_19时21分47秒_第001次,2026-09-15T19:21:47,0.38,14.9858495341722,-2.30424991063558e-05,0.000159638312876242,0.519025048856402,6.94678311919418e-07,1.57727445711993,0,-0.736249105369357,-0.0174150019757181,0.388966382854287,MV-202,sine_steer_python-1
382,2026年09月15日_19时21分47秒_第001次,2026-09-15T19:21:47,0.381,14.9859504187317,-2.32252476616961e-05,0.000157556838432271,0.523187765877477,6.99646901983303e-07,1.5814370455219,0,-0.759558191043602,-0.0179773079180112,0.400816765727985,MV-202,sine_steer_python-1
383,2026年09月15日_19时21分47秒_第001次,2026-09-15T19:21:47,0.382,14.9860517253386,-2.33958470543255e-05,0.000155537004302354,0.527350505067021,7.04570255760028e-07,1.58559963300764,0,-0.782747333674405,-0.0185367391735296,0.412605433155109,MV-202,sine_steer_python-1
384,2026年09月15日_19时21分47秒_第001次,2026-09-15T19:21:47,0.383,14.9861534207296,-2.35532000090987e-05,0.000153576985186545,0.531513266669849,7.09449080076419e-07,1.58976222033799,0,-0.805812871427325,-0.0190932076107488,0.424330520406002,MV-202,sine_steer_python-1
385,2026年09月15日_19时21分47秒_第001次,2026-09-15T19:21:47,0.384,14.986255471359,-2.3696229501831e-05,0.000151674852955496,0.535676050931751,7.14284239709669e-07,1.59392480831481,0,-0.828751161986567,-0.0196466259677199,0.435990155580121,MV-202,sine_steer_python-1
386,2026年09月15日_19时21分47秒_第001次,2026-09-15T19:21:47,0.385,14.9863578434752,-2.38238809273214e-05,0.000149828583492964,0.539838858099017,7.19076756178619e-07,1.59808739777888,0,-0.851558583130145,-0.0201969078649379,0.447582459877724,MV-202,sine_steer_python-1
387,2026年09月15日_19时21分47秒_第001次,2026-09-15T19:21:47,0.386,14.986460503195,-2.39351242409447e-05,0.000148036063115004,0.544001688417978,7.23827806170979e-07,1.60224998960788,0,-0.874231533301865,-0.0207439677405531,0.459105551193454,MV-202,sine_steer_python-1
388,2026年09月15日_19时21分47秒_第001次,2026-09-15T19:21:47,0.387,14.9865634165784,-2.40289560683022e-05,0.000146295095382362,0.548164542134543,7.28538719581813e-07,1.60641258471418,0,-0.896766432180064,-0.0212877207259165,0.470557550273819,MV-202,sine_steer_python-1
389,2026年09月15日_19时21分47秒_第001次,2026-09-15T19:21:47,0.388,14.9866665497012,-2.41044017782984e-05,0.000144603407634913,0.552327419493744,7.33210977191378e-07,1.61057518404264,0,-0.919159721242976,-0.0218280824998365,0.481936587776265,MV-202,sine_steer_python-1
390,2026年09月15日_19时21分47秒_第001次,2026-09-15T19:21:47,0.389,14.9867698687271,-2.41605175143179e-05,0.000142958657714217,0.556490320739287,7.37846207968175e-07,1.6147377885684,0,-0.941407864330665,-0.0223649691623526,0.493240810501643,MV-202,sine_steer_python-1
391,2026年09月15日_19时21分47秒_第001次,2026-09-15T19:21:47,0.39,14.9868733399781,-2.41963921786213e-05,0.000141358440355303,0.560653246113113,7.42446186015841e-07,1.61890039929451,0,-0.96350734820343,-0.0228982971569731,0.504468385568219,MV-202,sine_steer_python-1
392,2026年09月15日_19时21分47秒_第001次,2026-09-15T19:21:47,0.391,14.9869769300039,-2.42111493646146e-05,0.000139800293819767,0.564816195854965,7.47012827171202e-07,1.62306301724964,0,-0.985454683096584,-0.0234279832515337,0.515617502088229,MV-202,sine_steer_python-1
393,2026年09月15日_19时21分47秒_第001次,2026-09-15T19:21:47,0.392,14.9870806056492,-2.4203949232619e-05,0.000138281706294223,0.568979170201962,7.51548185256341e-07,1.62722564348574,0,-1.00724640327152,-0.0239539445690353,0.526686370705767,MV-202,sine_steer_python-1
394,2026年09月15日_19时21分47秒_第001次,2026-09-15T19:21:47,0.393,14.9871843341197,-2.41739903238644e-05,0.000136800122186818,0.573142169388184,7.56054447998047e-07,1.63138827907561,0,-1.02887906756301,-0.0244760986458984,0.537673221942472,MV-202,sine_steer_python-1
395,2026年09月15日_19时21分47秒_第001次,2026-09-15T19:21:47,0.394,14.9872880830463,-2.41205113079815e-05,0.000135352948465313,0.577305193644275,7.60533932628884e-07,1.63555092511051,0,-1.05034925992259,-0.024994363489554,0.548576304555411,MV-202,sine_steer_python-1
396,2026年09月15日_19时21分47秒_第001次,2026-09-15T19:21:47,0.395,14.9873918205472,-2.40427926596901e-05,0.000133937560738346,0.581468243197045,7.64989081177809e-07,1.63971358269776,0,-1.07165358995799,-0.0255086576131587,0.559393884867653,MV-202,sine_steer_python-1
397,2026年09月15日_19时21分47秒_第001次,2026-09-15T19:21:47,0.396,14.9874955152885,-2.39401582598006e-05,0.000132551309412644,0.58563131826909,7.69422455460528e-07,1.6438762529583,0,-1.09278869346854,-0.0260189000370664,0.5701242475043,MV-202,sine_steer_python-1
398,2026年09月15日_19时21分47秒_第001次,2026-09-15T19:21:47,0.397,14.987599136542,-2.38119769165483e-05,0.000131191525566279,0.589794419078431,7.73836731788704e-07,1.64803893702424,0,-1.11375123297638,-0.026525010261289,0.580765697356744,MV-202,sine_steer_python-1
399,2026年09月15日_19时21分47秒_第001次,2026-09-15T19:21:47,0.398,14.9877026542416,-2.36576638027984e-05,0.000129855526861069,0.59395754583815,7.78234695413479e-07,1.65220163603651,0,-1.13453789825351,-0.0270269082272934,0.591316562058056,MV-202,sine_steer_python-1
400,2026年09月15日_19时21分47秒_第001次,2026-09-15T19:21:47,0.399,14.9878060390369,-2.34766818055675e-05,0.000128540623296684,0.598120698756063,7.82619234703622e-07,1.65636435114237,0,-1.15514540684454,-0.0275245142950299,0.601775193821142,MV-202,sine_steer_python-1
401,2026年09月15日_19时21分47秒_第001次,2026-09-15T19:21:47,0.4,14.9879092623447,-2.32685427836986e-05,0.000127244122712779,0.602283878034382,7.86993335091943e-07,1.66052708349306,0,-1.17557050458495,-0.0280177492500971,0.612139969848546,MV-202,sine_steer_python-1
402,2026年09月15日_19时21分47秒_第001次,2026-09-15T19:21:47,0.401,14.9880122963984,-2.30328087302964e-05,0.00012596333660459,0.606447083869417,7.9136007279329e-07,1.66468983424139,0,-1.19580996611504,-0.0285065343394953,0.622409291425208,MV-202,sine_steer_python-1
403,2026年09月15日_19时21分47秒_第001次,2026-09-15T19:21:47,0.402,14.9881151142941,-2.2769092837157e-05,0.000124695585243507,0.610610316451273,7.95722608314769e-07,1.66885260453944,0,-1.21586059538921,-0.0289907913657098,0.632581581000449,MV-202,sine_steer_python-1
404,2026年09月15日_19时21分47秒_第001次,2026-09-15T19:21:47,0.403,14.9882176900352,-2.24770604571504e-05,0.000123438203267457,0.614773575963579,8.0008417976642e-07,1.67301539553616,0,-1.23571922618067,-0.0294704428104526,0.64265527776643,MV-202,sine_steer_python-1
405,2026年09月15日_19时21分47秒_第001次,2026-09-15T19:21:47,0.404,14.9883199985733,-2.21564299628372e-05,0.000122188544735424,0.618936862583221,8.04448096007833e-07,1.67717820837516,0,-1.2553827225814,-0.0299454119529122,0.65262883331605,MV-202,sine_steer_python-1
406,2026年09月15日_19时21分47秒_第001次,2026-09-15T19:21:47,0.405,14.9884220158477,-2.18069734981548e-05,0.000120943988275438,0.623100176480104,8.0881772962086e-07,1.68134104419243,0,-1.27484797949738,-0.030415622960852,0.662500708446799,MV-202,sine_steer_python-1
407,2026年09月15日_19时21分47秒_第001次,2026-09-15T19:21:47,0.406,14.988523718821,-2.14285176211508e-05,0.000119701942283947,0.62726351781692,8.13196509744697e-07,1.68550390411411,0,-1.29411192313889,-0.0308810009429191,0.672269371680479,MV-202,sine_steer_python-1
408,2026年09月15日_19时21分47秒_第001次,2026-09-15T19:21:47,0.407,14.9886250855128,-2.10209438361857e-05,0.000118459849602311,0.631426886748944,8.17587914791787e-07,1.68966678925442,0,-1.31317151150591,-0.0313414719587851,0.681933299599453,MV-202,sine_steer_python-1
409,2026年09月15日_19时21分47秒_第001次,2026-09-15T19:21:47,0.408,14.9887260795223,-2.05841890669028e-05,0.000117223554864981,0.635590283423839,8.21995465038468e-07,1.69382970071346,0,-1.3320237348685,-0.0317969629943988,0.691490978646718,MV-202,sine_steer_python-1
410,2026年09月15日_19时21分47秒_第001次,2026-09-15T19:21:47,0.409,14.9888266709268,-2.01182584340865e-05,0.000115985402315797,0.639753707974957,8.26422730476245e-07,1.69799263956846,0,-1.35066561624205,-0.0322474019205415,0.700940907618764,MV-202,sine_steer_python-1
411,2026年09月15日_19时21分47秒_第001次,2026-09-15T19:21:47,0.41,14.9889268359169,-1.96232010984128e-05,0.000114746465905556,0.643917160525608,8.30873170766931e-07,1.70215560687631,0,-1.36909421185738,-0.0326927174576687,0.710281599892333,MV-202,sine_steer_python-1
412,2026年09月15日_19时21分47秒_第001次,2026-09-15T19:21:47,0.411,14.989026552216,-1.90991278998851e-05,0.000113504970651616,0.648080641190275,8.35350260900464e-07,1.70631860367312,0,-1.38730661162561,-0.033132839165828,0.719511584589708,MV-202,sine_steer_python-1
413,2026年09月15日_19时21分47秒_第001次,2026-09-15T19:21:47,0.412,14.9891258000806,-1.85462035353204e-05,0.000112259064208594,0.652244150073945,8.39857463060653e-07,1.71048163097175,0,-1.4052999395977,-0.0335676974676334,0.72862940633161,MV-202,sine_steer_python-1
414,2026年09月15日_19时21分47秒_第001次,2026-09-15T19:21:47,0.413,14.9892245622346,-1.79646472128803e-05,0.000111006392344716,0.656407687272533,8.44398235487776e-07,1.7146446897606,0,-1.42307135441857,-0.0339972236994925,0.737633623770328,MV-202,sine_steer_python-1
415,2026年09月15日_19时21分47秒_第001次,2026-09-15T19:21:47,0.414,14.9893228237745,-1.73547317227045e-05,0.000109744141512008,0.660571252873146,8.4897603653e-07,1.71880778100225,0,-1.44061804977581,-0.0344213501757852,0.746522807549682,MV-202,sine_steer_python-1
416,2026年09月15日_19时21分47秒_第001次,2026-09-15T19:21:47,0.415,14.9894205720678,-1.67167826893759e-05,0.000108469131465291,0.664734846954333,8.53594327695688e-07,1.72297090563221,0,-1.45793725484282,-0.0348400102454667,0.755295538573207,MV-202,sine_steer_python-1
417,2026年09月15日_19时21分47秒_第001次,2026-09-15T19:21:47,0.416,14.9895177966423,-1.605117793509e-05,0.000107177907636816,0.668898469586319,8.58256574480683e-07,1.72713406455761,0,-1.47502623471635,-0.0352531383221909,0.763950407401531,MV-202,sine_steer_python-1
418,2026年09月15日_19时21分47秒_第001次,2026-09-15T19:21:47,0.417,14.9896144890685,-1.53583468796893e-05,0.00010586685033409,0.673062120831226,8.62966244836714e-07,1.73129725865605,0,-1.49188229084836,-0.0356606698780727,0.772486015107797,MV-202,sine_steer_python-1
419,2026年09月15日_19时21分47秒_第001次,2026-09-15T19:21:47,0.418,14.9897106428407,-1.46387699800577e-05,0.000104532282982912,0.67722580074328,8.67726805549895e-07,1.73546048877441,0,-1.50850276147221,-0.0360625414027069,0.78090097564231,MV-202,sine_steer_python-1
420,2026年09月15日_19时21分47秒_第001次,2026-09-15T19:21:47,0.419,14.9898062532571,-1.38929781799898e-05,0.000103170572607085,0.681389509368994,8.72541716618895e-07,1.73962375572777,0,-1.5248850220229,-0.0364586903376787,0.789193919343376,MV-202,sine_steer_python-1
421,2026年09月15日_19时21分47秒_第001次,2026-09-15T19:21:47,0.42,14.9899013173015,-1.31215523411e-05,0.000101778218823983,0.685553246747343,8.77414423918736e-07,1.74378706029838,0,-1.54102648555158,-0.0368490550079573,0.797363496447337,MV-202,sine_steer_python-1
422,2026年09月15日_19时21分47秒_第001次,2026-09-15T19:21:47,0.421,14.9899958335293,-1.23251226280984e-05,0.000100351928187208,0.689717012909924,8.82348350467096e-07,1.74795040323463,0,-1.55692460313405,-0.03723357457091,0.805408379890597,MV-202,sine_steer_python-1
423,2026年09月15日_19时21分47秒_第001次,2026-09-15T19:21:47,0.422,14.9900898019563,-1.15043678227846e-05,9.8888672956115e-05,0.693880807881096,8.87346886622606e-07,1.75211378525017,0,-1.57257686427324,-0.0376121889943447,0.8133272669061,MV-202,sine_steer_python-1
424,2026年09月15日_19时21分47秒_第001次,2026-09-15T19:21:47,0.423,14.9901832239547,-1.06600145452824e-05,9.73857346442292e-05,0.698044631678119,8.92413379515457e-07,1.756277207023,0,-1.58798079729567,-0.0379848390685637,0.821118879146359,MV-202,sine_steer_python-1
425,2026年09月15日_19时21分47秒_第001次,2026-09-15T19:21:47,0.424,14.9902761021533,-9.79283636496863e-06,9.58407327075054e-05,0.702208484311279,8.97551122023732e-07,1.76044066919471,0,-1.60313396974175,-0.0383514664466235,0.828781961575802,MV-202,sine_steer_python-1
426,2026年09月15日_19时21分47秒_第001次,2026-09-15T19:21:47,0.425,14.990368440345,-8.90365278753955e-06,9.42516403155743e-05,0.706372365784003,9.02763341545492e-07,1.76460417236972,0,-1.61803398874989,-0.0387120136972629,0.836315280802852,MV-202,sine_steer_python-1
427,2026年09月15日_19时21分47秒_第001次,2026-09-15T19:21:47,0.426,14.9904602434011,-7.99332810937125e-06,9.2616788715042e-05,0.710536276092974,9.08053188799731e-07,1.76876771711464,0,-1.63267850143437,-0.0390664243514607,0.843717623669601,MV-202,sine_steer_python-1
428,2026年09月15日_19时21分47秒_第001次,2026-09-15T19:21:47,0.427,14.9905515171917,-7.06277013400638e-06,9.0934861694452e-05,0.714700215228243,9.13423726862268e-07,1.7729313039577,0,-1.64706519525685,-0.0394146429272975,0.850987796755238,MV-202,sine_steer_python-1
429,2026年09月15日_19时21分47秒_第001次,2026-09-15T19:21:47,0.428,14.990642268513,-6.11292874887666e-06,8.92048827701613e-05,0.718864183173332,9.18877920568343e-07,1.7770949333882,0,-1.66119179839163,-0.0397566149263723,0.858124627082023,MV-202,sine_steer_python-1
430,2026年09月15日_19时21分47秒_第001次,2026-09-15T19:21:47,0.429,14.9907325050213,-5.14479436422399e-06,8.74261960112949e-05,0.723028179905348,9.24418626435588e-07,1.78125860585612,0,-1.67505608008428,-0.0400922868050562,0.865126963914837,MV-202,sine_steer_python-1
431,2026年09月15日_19时21分47秒_第001次,2026-09-15T19:21:47,0.43,14.9908222351728,-4.15939621789293e-06,8.55984427499345e-05,0.727192205395093,9.30048583186584e-07,1.78542232177174,0,-1.68865585100403,-0.0404216059336913,0.871993680998377,MV-202,sine_steer_python-1
432,2026年09月15日_19时21分47秒_第001次,2026-09-15T19:21:47,0.431,14.9909114681697,-3.15780055269636e-06,8.37215354749448e-05,0.731356259607178,9.35770402932231e-07,1.7895860815054,0,-1.70198896358938,-0.0407445205577196,0.878723678749448,MV-202,sine_steer_python-1
433,2026年09月15日_19时21分47秒_第001次,2026-09-15T19:21:47,0.432,14.9910002139114,-2.1411086741279e-06,8.17956299445321e-05,0.735520342500148,9.41586563081651e-07,1.79374988538732,0,-1.71505331238731,-0.0410609797785981,0.885315885645069,MV-202,sine_steer_python-1
434,2026年09月15日_19时21分47秒_第001次,2026-09-15T19:21:47,0.433,14.9910884829508,-1.11045489774396e-06,7.98210972339376e-05,0.739684454026606,9.47499398980642e-07,1.79791373370744,0,-1.72784683438567,-0.041370933564389,0.891769258310758,MV-202,sine_steer_python-1
435,2026年09月15日_19时21分47秒_第001次,2026-09-15T19:21:47,0.434,14.9911762864552,-6.70043969488717e-08,7.77984958137291e-05,0.743848594133351,9.53511097301456e-07,1.80207762671549,0,-1.74036750933905,-0.0416743327889804,0.898082780363602,MV-202,sine_steer_python-1
436,2026年09月15日_19时21分47秒_第001次,2026-09-15T19:21:47,0.435,14.9912636361705,9.88049038613508e-07,7.5728545024924e-05,0.74801276276152,9.59623690176405e-07,1.80624156462098,0,-1.75261336008773,-0.0419711292908948,0.904255460410737,MV-202,sine_steer_python-1
437,2026年09月15日_19时21分47秒_第001次,2026-09-15T19:21:47,0.436,14.9913505443897,2.05348532217393e-06,7.36121003531712e-05,0.752176959846748,9.65839050047885e-07,1.81040554759337,0,-1.76458245286991,-0.0422612759373751,0.910286329807968,MV-202,sine_steer_python-1
438,2026年09月15日_19时21分47秒_第001次,2026-09-15T19:21:47,0.437,14.9914370239237,3.12806045539313e-06,7.14501305285569e-05,0.756341185319324,9.72158885233034e-07,1.81456957576232,0,-1.77627289762709,-0.0425447266781582,0.916174440870951,MV-202,sine_steer_python-1
439,2026年09月15日_19时21分47秒_第001次,2026-09-15T19:21:47,0.438,14.9915230880738,4.2105089692262e-06,6.92436974804647e-05,0.760505439104373,9.78584736151607e-07,1.81873364921798,0,-1.78768284830253,-0.0428214365766473,0.92191886605341,MV-202,sine_steer_python-1
440,2026年09月15日_19时21分47秒_第001次,2026-09-15T19:21:47,0.439,14.9916087506074,5.29954640859409e-06,6.69939384471387e-05,0.764669721122035,9.85117972202011e-07,1.82289776801138,0,-1.79881050313274,-0.0430913618152622,0.927518698014612,MV-202,sine_steer_python-1
441,2026年09月15日_19时21分47秒_第001次,2026-09-15T19:21:47,0.44,14.9916940257337,6.39387185081843e-06,6.47020508781612e-05,0.768834031287665,9.91759789235034e-07,1.82706193215492,0,-1.80965410493204,-0.0433544596786642,0.932973050766935,MV-202,sine_steer_python-1
442,2026年09月15日_19时21分47秒_第001次,2026-09-15T19:21:47,0.441,14.9917789280806,7.49217044743193e-06,6.23692800023448e-05,0.772998369512037,9.98511207598795e-07,1.83122614162288,0,-1.82021194136999,-0.0436106885280042,0.938281061307653,MV-202,sine_steer_python-1
443,2026年09月15日_19时21分47秒_第001次,2026-09-15T19:21:47,0.442,14.9918634726726,8.59311597962787e-06,5.99969086626129e-05,0.777162735701558,1.00537307071135e-06,1.83539039635206,0,-1.83048234524184,-0.0438600077772407,0.943441891080021,MV-202,sine_steer_python-1
444,2026年09月15日_19时21分47秒_第001次,2026-09-15T19:21:47,0.443,14.9919476749077,9.69537341885732e-06,5.75862496491256e-05,0.781327129758498,1.01234604412941e-06,1.83955469624245,0,-1.84046369473174,-0.0441023778841061,0.948454726773391,MV-202,sine_steer_python-1
445,2026年09月15日_19时21分47秒_第001次,2026-09-15T19:21:47,0.444,14.9920315505349,1.07976014838104e-05,5.51386400964567e-05,0.785491551581219,1.0194306150729e-06,1.84371904115802,0,-1.85015441366892,-0.0443377603633554,0.953318780164151,MV-202,sine_steer_python-1
446,2026年09月15日_19时21分47秒_第001次,2026-09-15T19:21:47,0.445,14.992115115631,1.18984551864399e-05,5.26554378174506e-05,0.789656001064419,1.02662709237935e-06,1.8478834309275,0,-1.8595529717765,-0.0445661178205246,0.958033287070462,MV-202,sine_steer_python-1
447,2026年09月15日_19时21分47秒_第001次,2026-09-15T19:21:47,0.446,14.9921983865761,1.29965883597911e-05,5.01380191514623e-05,0.793820478099384,1.03393560684649e-06,1.85204786534528,0,-1.86865788491322,-0.0447874139964881,0.962597505834767,MV-202,sine_steer_python-1
448,2026年09月15日_19时21分47秒_第001次,2026-09-15T19:21:47,0.447,14.9922813800288,1.40906561617374e-05,4.758777849021e-05,0.797984982574241,1.04135611194439e-06,1.85621234417235,0,-1.87746771530775,-0.0450016138100724,0.967010715877064,MV-202,sine_steer_python-1
449,2026年09月15日_19时21分47秒_第001次,2026-09-15T19:21:47,0.448,14.9923641129003,1.5179317548258e-05,4.50061284889763e-05,0.802149514374219,1.04888838486509e-06,1.8603768671373,0,-1.88598107178573,-0.0452086833872519,0.971272216803655,MV-202,sine_steer_python-1
450,2026年09月15日_19时21分47秒_第001次,2026-09-15T19:21:47,0.449,14.9924466023267,1.62612377120417e-05,4.2394501637195e-05,0.806314073381918,1.05653202788727e-06,1.86454143393735,0,-1.89419660998949,-0.0454085900697085,0.975381328378239,MV-202,sine_steer_python-1
451,2026年09月15日_19时21分47秒_第001次,2026-09-15T19:21:47,0.45,14.992528865641,1.73350904809048e-05,3.97543521666671e-05,0.810478659477576,1.06428647003366e-06,1.86870604423945,0,-1.90211303259031,-0.0456013024017242,0.979337391455747,MV-202,sine_steer_python-1
452,2026年09月15日_19时21分47秒_第001次,2026-09-15T19:21:47,0.451,14.9926109203436,1.83995606727473e-05,3.70871582760369e-05,0.814643272539341,1.0721509690057e-06,1.87287069768143,0,-1.90972908949329,-0.0457867901023598,0.983139769392887,MV-202,sine_steer_python-1
453,2026年09月15日_19时21分47秒_第001次,2026-09-15T19:21:47,0.452,14.9926927840711,1.94533464033898e-05,3.43944250236693e-05,0.818807912443547,1.08012461337122e-06,1.87703539387315,0,-1.91704357803475,-0.0459650240303579,0.986787849864877,MV-202,sine_steer_python-1
454,2026年09月15日_19时21分47秒_第001次,2026-09-15T19:21:47,0.453,14.9927744745652,2.04951613435891e-05,3.16776865062176e-05,0.822972579064982,1.08820632500548e-06,1.88120013239773,0,-1.92405534317217,-0.0461359761563471,0.990281046408605,MV-202,sine_steer_python-1
455,2026年09月15日_19时21分47秒_第001次,2026-09-15T19:21:47,0.454,14.9928560096398,2.15237369235708e-05,2.89385086269707e-05,0.827137272277167,1.09639486174947e-06,1.88536491281279,0,-1.93076327766655,-0.0462996195517444,0.993618799190798,MV-202,sine_steer_python-1
456,2026年09月15日_19时21分47秒_第001次,2026-09-15T19:21:47,0.455,14.9929374071476,2.25378244816323e-05,2.61784909187282e-05,0.831301991952625,1.10468882030266e-06,1.88952973465171,0,-1.93716632225726,-0.0464559283957939,0.996800574979116,MV-202,sine_steer_python-1
457,2026年09月15日_19时21分47秒_第001次,2026-09-15T19:21:47,0.456,14.9930186849458,2.35361973556224e-05,2.33992684453216e-05,0.835466737963147,1.11308663931598e-06,1.89369459742493,0,-1.94326346582935,-0.0466048779976959,0.9998258664692,MV-202,sine_steer_python-1
458,2026年09月15日_19时21分47秒_第001次,2026-09-15T19:21:47,0.457,14.9930998608618,2.45176529148311e-05,2.06025130005713e-05,0.839631510180061,1.1215866026975e-06,1.89785950062129,0,-1.94905374557315,-0.0467464448265972,1.00269419126339,MV-202,sine_steer_python-1
459,2026年09月15日_19时21分47秒_第001次,2026-09-15T19:21:47,0.458,14.9931809526582,2.5481014530898e-05,1.77899335927319e-05,0.843796308474492,1.13018684310891e-06,1.90202444370931,0,-1.95453624713639,-0.0468806065392867,1.0054050909254,MV-202,sine_steer_python-1
460,2026年09月15日_19时21分47秒_第001次,2026-09-15T19:21:47,0.459,14.9932619779978,2.6425133486649e-05,1.49632767272e-05,0.847961132717618,1.13888534565388e-06,1.9061894261386,0,-1.95971010476849,-0.0470073419962782,1.00795813051406,MV-202,sine_steer_python-1
461,2026年09月15日_19时21分47秒_第001次,2026-09-15T19:21:47,0.46,14.9933429544086,2.73488908208357e-05,1.21243256154845e-05,0.852125982780916,1.14767995176397e-06,1.91035444734114,0,-1.96457450145738,-0.0471266312614599,1.01035289880807,MV-202,sine_steer_python-1
462,2026年09月15日_19时21分47秒_第001次,2026-09-15T19:21:47,0.461,14.9934238992494,2.82511991082254e-05,9.27489918879055e-06,0.856290858536415,1.15656836324476e-06,1.9145195067327,0,-1.96912866905841,-0.0472384555863997,1.01258900917618,MV-202,sine_steer_python-1
463,2026年09月15日_19时21分47秒_第001次,2026-09-15T19:21:47,0.462,14.9935048296753,2.91310041736e-05,6.41685021685401e-06,0.86045575985692,1.16554814652507e-06,1.91868460371419,0,-1.97337188841574,-0.0473427973854348,1.01466610083109,MV-202,sine_steer_python-1
464,2026年09月15日_19时21分47秒_第001次,2026-09-15T19:21:47,0.463,14.9935857626044,2.99872867385826e-05,3.55206293776254e-06,0.864620686616251,1.1746167370659e-06,1.92284973767301,0,-1.97730348947583,-0.0474396402104584,1.01658384008803,MV-202,sine_steer_python-1
465,2026年09月15日_19时21分47秒_第001次,2026-09-15T19:21:47,0.464,14.993666714685,3.08190640004729e-05,6.8245028999358e-07,0.868785638689458,1.18377144394395e-06,1.92701490798439,0,-1.9809228513933,-0.0475289687342062,1.01834192125308,MV-202,sine_steer_python-1
466,2026年09月15日_19时21分47秒_第001次,2026-09-15T19:21:47,0.465,14.9937477022638,3.16253911417796e-05,-2.19004964186282e-06,0.872950615953038,1.19300945460686e-06,1.9311801140128,0,-1.98422940262896,-0.0476107687479168,1.01994006688877,MV-202,sine_steer_python-1
467,2026年09月15日_19时21分47秒_第001次,2026-09-15T19:21:47,0.466,14.9938287413553,3.24053627698579e-05,-5.06347708128587e-06,0.877115618285131,1.20232783978358e-06,1.93534535511322,0,-1.98722262104002,-0.0476850271744673,1.02137802740683,MV-202,sine_steer_python-1
468,2026年09月15日_19时21分47秒_第001次,2026-09-15T19:21:47,0.467,14.9939098476128,3.31581142849842e-05,-7.93585498105202e-06,0.881280645565721,1.21172355856703e-06,1.93951063063254,0,-1.9899020339626,-0.0477517320931036,1.02265558015127,MV-202,sine_steer_python-1
469,2026年09月15日_19时21分47秒_第001次,2026-09-15T19:21:47,0.468,14.9939910362998,3.38828231766475e-05,-1.08051932161107e-05,0.885445697676817,1.22119346364e-06,1.94367593991082,0,-1.99226721828634,-0.0478108727683731,1.02377252828625,MV-202,sine_steer_python-1
470,2026年09月15日_19时21分47秒_第001次,2026-09-15T19:21:47,0.469,14.9940723222643,3.45787102463398e-05,-1.36694932115858e-05,0.88961077450263,1.23073430665635e-06,1.94784128228261,0,-1.99431780052123,-0.0478624396749129,1.02472869984502,MV-202,sine_steer_python-1
471,2026年09月15日_19时21分47秒_第001次,2026-09-15T19:21:47,0.47,14.9941537199135,3.52450407561486e-05,-1.65267527592813e-05,0.893775875929738,1.24034274376687e-06,1.95200665707824,0,-1.99605345685654,-0.0479064278433687,1.02552380617002,MV-202,sine_steer_python-1
472,2026年09月15日_19时21分47秒_第001次,2026-09-15T19:21:47,0.471,14.9942352431908,3.58811255021265e-05,-1.93749708357024e-05,0.897941001847241,1.25001534128298e-06,1.95617206362503,0,-1.99747391321203,-0.0479428306796774,1.02615770395673,MV-202,sine_steer_python-1
473,2026年09月15日_19时21分47秒_第001次,2026-09-15T19:21:47,0.472,14.9943169055543,3.64863218112057e-05,-2.22121522316688e-05,0.902106152146908,1.25974858146966e-06,1.9603375012486,0,-1.99857894528118,-0.0479716399083311,1.02663039658386,MV-202,sine_steer_python-1
474,2026年09月15日_19时21分47秒_第001次,2026-09-15T19:21:47,0.473,14.9943987199569,3.70600344604287e-05,-2.5036312730449e-05,0.906271326723313,1.26953886846983e-06,1.96450296927398,0,-1.9993683785666,-0.0479928509290482,1.02694180917269,MV-202,sine_steer_python-1
475,2026年09月15日_19时21分47秒_第001次,2026-09-15T19:21:47,0.474,14.9944806988289,3.76017165182059e-05,-2.78454834537415e-05,0.910436525473958,1.27938253433432e-06,1.96866846702686,0,-1.99984208840763,-0.0480064582761499,1.02709197928787,MV-202,sine_steer_python-1
476,2026年09月15日_19时21分47秒_第001次,2026-09-15T19:21:47,0.475,14.9945628540613,3.81108701054707e-05,-3.0637715684956e-05,0.914601748299398,1.28927584517101e-06,1.97283399383473,0,-2,-0.048012461888304,1.02708079258995,MV-202,sine_steer_python-1
477,2026年09月15日_19时21分47秒_第001次,2026-09-15T19:21:47,0.476,14.9946451969917,3.8587047076697e-05,-3.3411085135961e-05,0.918766995103337,1.29921500738348e-06,1.97699954902796,0,-1.99984208840763,-0.0480108624787318,1.02690817836413,MV-202,sine_steer_python-1
478,2026年09月15日_19时21分47秒_第001次,2026-09-15T19:21:47,0.477,14.994727738392,3.9029849619179e-05,-3.61636961634116e-05,0.922932265792735,1.30919617400537e-06,1.98116513194092,0,-1.9993683785666,-0.0480016595661687,1.02657419306013,MV-202,sine_steer_python-1
479,2026年09月15日_19时21分47秒_第001次,2026-09-15T19:21:47,0.478,14.9948104884571,3.94389307698955e-05,-3.88936857413243e-05,0.92709756027789,1.3192154511102e-06,1.98533074191301,0,-1.99857894528118,-0.0479848521535122,1.02607899128604,MV-202,sine_steer_python-1
480,2026年09月15日_19时21分47秒_第001次,2026-09-15T19:21:47,0.479,14.9948934545399,3.98139948512747e-05,-4.15914867802708e-05,0.931262878472518,1.32926890428917e-06,1.98949637828972,0,-1.99747391321203,-0.0479604400706738,1.02542276922313,MV-202,sine_steer_python-1
481,2026年09月15日_19时21分47秒_第001次,2026-09-15T19:21:47,0.48,14.9949766410024,4.01547862099961e-05,-4.42615872688702e-05,0.935428220292875,1.33935257938408e-06,1.99366204042255,0,-1.99605345685654,-0.0479284235900759,1.02460578079763,MV-202,sine_steer_python-1
482,2026年09月15日_19时21分47秒_第001次,2026-09-15T19:21:47,0.481,14.995060054762,4.04611142376461e-05,-4.69001363300079e-05,0.93959358565712,1.34946245541841e-06,1.99782772766929,0,-1.99431780052123,-0.0478888036184169,1.0236283295322,MV-202,sine_steer_python-1
483,2026年09月15日_19时21分47秒_第001次,2026-09-15T19:21:47,0.482,14.9951437019329,4.07328346595429e-05,-4.95055107226536e-05,0.943758974487036,1.35959448544152e-06,2.00199343939665,0,-1.99226721828634,-0.0478415872161076,1.02249053473371,MV-202,sine_steer_python-1
484,2026年09月15日_19时21分47秒_第001次,2026-09-15T19:21:47,0.483,14.9952275883592,4.09698568375256e-05,-5.20760204765332e-05,0.947924386707543,1.3697445995428e-06,2.00615917498054,0,-1.9899020339626,-0.0477867832000611,1.02119251815824,MV-202,sine_steer_python-1
485,2026年09月15日_19时21分47秒_第001次,2026-09-15T19:21:47,0.484,14.9953117196096,4.11721426993063e-05,-5.4610188458465e-05,0.952089822246903,1.37990871676113e-06,2.01032493380712,0,-1.98722262104002,-0.0477244004583936,1.01973447392911,MV-202,sine_steer_python-1
486,2026年09月15日_19时21分47秒_第001次,2026-09-15T19:21:47,0.485,14.9953961009573,4.13397069084329e-05,-5.71067526732296e-05,0.95625528103684,1.39008275347045e-06,2.01449071527369,0,-1.98422940262896,-0.0476544537302411,1.01811642557766,MV-202,sine_steer_python-1
487,2026年09月15日_19时21分47秒_第001次,2026-09-15T19:21:47,0.486,14.9954807373626,4.14726168627456e-05,-5.9564642867165e-05,0.960420763012646,1.40026263349037e-06,2.01865651878949,0,-1.9809228513933,-0.0475769548878321,1.01633859354716,MV-202,sine_steer_python-1
488,2026年09月15日_19时21分47秒_第001次,2026-09-15T19:21:47,0.487,14.9955656334535,4.15709925096586e-05,-6.198296157425e-05,0.964586268113272,1.41044429716263e-06,2.02282234377652,0,-1.97730348947583,-0.0474919167299891,1.01440123495924,MV-202,sine_steer_python-1
489,2026年09月15日_19时21分47秒_第001次,2026-09-15T19:21:47,0.488,14.9956507935057,4.16350060417299e-05,-6.43609574906268e-05,0.968751796281403,1.4206237098851e-06,2.02698818967032,0,-1.97337188841574,-0.0473993532448308,1.01230463260401,MV-202,sine_steer_python-1
490,2026年09月15日_19时21分47秒_第001次,2026-09-15T19:21:47,0.489,14.9957362214236,4.16648814586636e-05,-6.66979967283885e-05,0.972917347463523,1.43079687008179e-06,2.0311540559206,0,-1.96912866905841,-0.0472992795754214,1.01004909602333,MV-202,sine_steer_python-1
491,2026年09月15日_19时21分47秒_第001次,2026-09-15T19:21:47,0.49,14.9958219207202,4.16608940031149e-05,-6.89935346564796e-05,0.977082921609968,1.44095981658836e-06,2.03531994199197,0,-1.96457450145738,-0.0471917120133841,1.00763496162003,MV-202,sine_steer_python-1
492,2026年09月15日_19时21分47秒_第001次,2026-09-15T19:21:47,0.491,14.9959078945002,4.16233694782499e-05,-7.12470895460456e-05,0.981248518674957,1.45110863546468e-06,2.03948584736452,0,-1.95971010476849,-0.0470766679972305,1.00506259262749,MV-202,sine_steer_python-1
493,2026年09月15日_19时21分47秒_第001次,2026-09-15T19:21:47,0.492,14.9959941454422,4.15526834553129e-05,-7.34582191249671e-05,0.985414138616617,1.46123946631537e-06,2.04365177153438,0,-1.95453624713639,-0.0469541660997849,1.00233237945527,MV-202,sine_steer_python-1
494,2026年09月15日_19时21分47秒_第001次,2026-09-15T19:21:47,0.493,14.9960806757837,4.14492603788694e-05,-7.56265006406211e-05,0.989579781396996,1.47134850814444e-06,2.04781771401424,0,-1.94905374557315,-0.0468242260030567,0.999444740539411,MV-202,sine_steer_python-1
495,2026年09月15日_19时21分47秒_第001次,2026-09-15T19:21:47,0.494,14.9961674873074,4.13135725780083e-05,-7.77515147863459e-05,0.993745446982056,1.4814320248152e-06,2.05198367433382,0,-1.94326346582935,-0.0466868684655976,0.996400123527753,MV-202,sine_steer_python-1
496,2026年09月15日_19时21分47秒_第001次,2026-09-15T19:21:47,0.495,14.9962545813296,4.11461391908105e-05,-7.98328331184511e-05,0.99791113534166,1.49148635016591e-06,2.05614965204031,0,-1.93716632225726,-0.0465421152904261,0.993199006440212,MV-202,sine_steer_python-1
497,2026年09月15日_19时21分47秒_第001次,2026-09-15T19:21:47,0.496,14.9963419586898,4.09475250083561e-05,-8.18700092710462e-05,1.00207684644955,1.5015078928301e-06,2.06031564669875,0,-1.93076327766655,-0.0463899893006878,0.98984189848144,MV-202,sine_steer_python-1
498,2026年09月15日_19时21分47秒_第001次,2026-09-15T19:21:47,0.497,14.9964296197437,4.07183392447196e-05,-8.38625733140181e-05,1.0062425802833,1.51149314080004e-06,2.06448165789237,0,-1.92405534317217,-0.0462305143277699,0.986329340308441,MV-202,sine_steer_python-1
499,2026年09月15日_19时21分47秒_第001次,2026-09-15T19:21:47,0.498,14.9965175643572,4.04592342380532e-05,-8.5810029227493e-05,1.01040833682429,1.52143866578338e-06,2.06864768522289,0,-1.91704357803475,-0.0460637152140326,0.982661903667799,MV-202,sine_steer_python-1
500,2026年09月15日_19时21分47秒_第001次,2026-09-15T19:21:47,0.499,14.9966057919033,4.01709040874976e-05,-8.77118547917172e-05,1.01457411605764,1.531341127364e-06,2.0728137283108,0,-1.90972908949329,-0.045889617829536,0.978840190427969,MV-202,sine_steer_python-1
501,2026年09月15日_19时21分47秒_第001次,2026-09-15T19:21:47,0.5,14.9966943012612,3.98540832300386e-05,-8.95675037160949e-05,1.01873991797212,1.54119727700277e-06,2.07697978679553,0,-1.90211303259031,-0.0457082490993384,0.974864831149102,MV-202,sine_steer_python-1
502,2026年09月15日_19时21分47秒_第001次,2026-09-15T19:21:47,0.501,14.9967830908169,3.95095449609509e-05,-9.13764095501242e-05,1.02290574256013,1.55100396188435e-06,2.08114586033571,0,-1.89419660998949,-0.0455196370360668,0.970736483415649,MV-202,sine_steer_python-1
503,2026年09月15日_19时21分47秒_第001次,2026-09-15T19:21:47,0.502,14.9968721584671,3.91380999011851e-05,-9.31379910384828e-05,1.0270715898176,1.56075812863552e-06,2.08531194860926,0,-1.88598107178573,-0.0453238107722137,0.966455830169433,MV-202,sine_steer_python-1
504,2026年09月15日_19时21分47秒_第001次,2026-09-15T19:21:47,0.503,14.9969615016238,3.87405944144194e-05,-9.48516586130507e-05,1.03123745974388,1.5704568269041e-06,2.08947805131353,0,-1.87746771530775,-0.0451208005878253,0.962023578228492,MV-202,sine_steer_python-1
505,2026年09月15日_19时21分47秒_第001次,2026-09-15T19:21:47,0.504,14.9970511172223,3.83179089767773e-05,-9.65168214834137e-05,1.03540335234169,1.58009721280459e-06,2.09364416816539,0,-1.86865788491322,-0.0449106379312106,0.957440457092232,MV-202,sine_steer_python-1
506,2026年09月15日_19时21分47秒_第001次,2026-09-15T19:21:47,0.505,14.99714100173,3.78709565014269e-05,-9.81328954236502e-05,1.03956926761699,1.58967655224569e-06,2.09781029890127,0,-1.8595529717765,-0.0446933554323002,0.952707218048117,MV-202,sine_steer_python-1
507,2026年09月15日_19时21分47秒_第001次,2026-09-15T19:21:47,0.506,14.9972311511573,3.74006806205552e-05,-9.96993107146364e-05,1.04373520557894,1.59919222410473e-06,2.10197644327715,0,-1.85015441366892,-0.0444689869097841,0.947824633531487,MV-202,sine_steer_python-1
508,2026年09月15日_19时21分47秒_第001次,2026-09-15T19:21:47,0.507,14.9973215610703,3.69080539272662e-05,-0.000101215520172093,1.04790116623972,1.6086417232762e-06,2.10614260106862,0,-1.84046369473174,-0.0442375673738276,0.942793496661148,MV-202,sine_steer_python-1
509,2026年09月15日_19时21分47秒_第001次,2026-09-15T19:21:47,0.508,14.9974122266044,3.6394076179412e-05,-0.000102681006808154,1.05206714961449,1.61802266355921e-06,2.1103087720708,0,-1.83048234524184,-0.0439991330259782,0.937614620881198,MV-202,sine_steer_python-1
510,2026年09月15日_19时21分47秒_第001次,2026-09-15T19:21:47,0.509,14.9975031424799,3.5859772467681e-05,-0.000104095291451458,1.05623315572126,1.62733278039516e-06,2.11447495609828,0,-1.82021194136999,-0.0437537212570854,0.932288839673422,MV-202,sine_steer_python-1
511,2026年09月15日_19时21分47秒_第001次,2026-09-15T19:21:47,0.51,14.9975943030184,3.53061913506006e-05,-0.000105457939780532,1.06039918458078,1.63656993343556e-06,2.11864115298504,0,-1.80965410493204,-0.043501370643117,0.92681700634517,MV-202,sine_steer_python-1
512,2026年09月15日_19时21分47秒_第001次,2026-09-15T19:21:47,0.511,14.9976857021595,3.47344029586818e-05,-0.000106768568671713,1.06456523621643,1.64573210893282e-06,2.12280736258437,0,-1.79881050313274,-0.0432421209381214,0.921199993925161,MV-202,sine_steer_python-1
513,2026年09月15日_19时21分47秒_第001次,2026-09-15T19:21:47,0.512,14.9977773334796,3.41454970701106e-05,-0.000108026852108009,1.06873131065414,1.65481742195013e-06,2.12697358476869,0,-1.78768284830253,-0.0429760130635325,0.91543869520243,MV-202,sine_steer_python-1
514,2026年09月15日_19时21分47秒_第001次,2026-09-15T19:21:47,0.513,14.9978691902106,3.35405811609083e-05,-0.000109232526212492,1.07289740792225,1.66382411836921e-06,2.13113981942947,0,-1.77627289762709,-0.0427030890935534,0.909534022920782,MV-202,sine_steer_python-1
515,2026年09月15日_19时21分47秒_第001次,2026-09-15T19:21:47,0.514,14.9979612652588,3.29207784321476e-05,-0.000110385393517041,1.07706352805141,1.67275057670512e-06,2.13530606647699,0,-1.76458245286991,-0.042423392237266,0.903486910102344,MV-202,sine_steer_python-1
516,2026年09月15日_19时21分47秒_第001次,2026-09-15T19:21:47,0.515,14.9980535512246,3.22872258169014e-05,-0.000111485326504921,1.08122967107449,1.68159530969785e-06,2.13947232584022,0,-1.75261336008773,-0.0421369668190191,0.89729831043485,MV-202,sine_steer_python-1
517,2026年09月15日_19时21分47秒_第001次,2026-09-15T19:21:47,0.516,14.9981460404227,3.16410719703401e-05,-0.000112532270307994,1.08539583702644,1.69035696569593e-06,2.14363859746656,0,-1.74036750933905,-0.0418438582591745,0.890969198634417,MV-202,sine_steer_python-1
518,2026年09月15日_19时21分47秒_第001次,2026-09-15T19:21:47,0.517,14.9982387249017,3.09834752456888e-05,-0.000113526244501516,1.08956202594422,1.6990343298065e-06,2.14780488132168,0,-1.72784683438567,-0.0415441130571927,0.884500570699176,MV-202,sine_steer_python-1
519,2026年09月15日_19时21分47秒_第001次,2026-09-15T19:21:47,0.518,14.9983315964637,3.03156016593924e-05,-0.000114467344310976,1.09372823786668,1.70762632481674e-06,2.15197117738924,0,-1.71505331238731,-0.0412377787782989,0.877893444000343,MV-202,sine_steer_python-1
520,2026年09月15日_19时21分47秒_第001次,2026-09-15T19:21:47,0.519,14.9984246466847,2.96386228490717e-05,-0.000115355740761775,1.09789447283447,1.71613201187483e-06,2.15613748567068,0,-1.70198896358938,-0.0409249040437965,0.871148857207028,MV-202,sine_steer_python-1
521,2026年09月15日_19时21分47秒_第001次,2026-09-15T19:21:47,0.52,14.9985178669333,2.89537140273313e-05,-0.000116191680340549,1.10206073088991,1.72455059093915e-06,2.16030380618496,0,-1.68865585100403,-0.0406055385238625,0.864267870093859,MV-202,sine_steer_python-1
522,2026年09月15日_19时21分47秒_第001次,2026-09-15T19:21:47,0.521,14.9986112483906,2.82620519352135e-05,-0.000116975483916689,1.10622701207692,1.73288140096773e-06,2.16447013896825,0,-1.67505608008428,-0.0402797329307611,0.857251563318916,MV-202,sine_steer_python-1
523,2026年09月15日_19时21分47秒_第001次,2026-09-15T19:21:47,0.522,14.9987047820679,2.7564812799229e-05,-0.000117707544885384,1.11039331644094,1.74112391987563e-06,2.16863648407372,0,-1.66119179839163,-0.0399475390101525,0.850101038270999,MV-202,sine_steer_python-1
524,2026年09月15日_19时21分47秒_第001次,2026-09-15T19:21:47,0.523,14.9987984588261,2.68631702950172e-05,-0.000118388326935005,1.11455964402877,1.74927776423478e-06,2.17280284157119,0,-1.64706519525685,-0.0396090095286464,0.842817417065546,MV-202,sine_steer_python-1
525,2026年09月15日_19时21分47秒_第001次,2026-09-15T19:21:47,0.524,14.9988922693923,2.61582935221825e-05,-0.000119018361151919,1.11872599488854,1.75734268872619e-06,2.17696921154686,0,-1.63267850143437,-0.0392641982568168,0.835401842723255,MV-202,sine_steer_python-1
526,2026年09月15日_19时21分47秒_第001次,2026-09-15T19:21:47,0.525,14.9989862043777,2.54513449937272e-05,-0.000119598242852828,1.12289236906962,1.76531858534858e-06,2.18113559410298,0,-1.6180339887499,-0.0389131599482452,0.827855479508059,MV-202,sine_steer_python-1
527,2026年09月15日_19时21分47秒_第001次,2026-09-15T19:21:47,0.526,14.9990802542934,2.47434786442295e-05,-0.000120128627832728,1.12705876662247,1.77320548237028e-06,2.18530198935755,0,-1.60313396974175,-0.0385559503163821,0.820179513348895,MV-202,sine_steer_python-1
528,2026年09月15日_19时21分47秒_第001次,2026-09-15T19:21:47,0.527,14.9991744095669,2.40358378605445e-05,-0.000120610228411024,1.13122518759863,1.78100354304303e-06,2.18946839744401,0,-1.58798079729567,-0.0381926260117616,0.812375152237633,MV-202,sine_steer_python-1
529,2026年09月15日_19时21分47秒_第001次,2026-09-15T19:21:47,0.528,14.9992686605566,2.33295535389755e-05,-0.000121043809341097,1.13539163205057,1.78871306407368e-06,2.19363481851087,0,-1.57257686427324,-0.0378232446021676,0.804443626492707,MV-202,sine_steer_python-1
530,2026年09月15日_19时21分47秒_第001次,2026-09-15T19:21:47,0.529,14.9993629975666,2.26257421730232e-05,-0.000121430183402534,1.13955810003167,1.7963344738505e-06,2.19780125272139,0,-1.55692460313405,-0.0374478645577269,0.796386188804087,MV-202,sine_steer_python-1
531,2026年09月15日_19时21分47秒_第001次,2026-09-15T19:21:47,0.53,14.9994574108607,2.1925503975427e-05,-0.000121770206953827,1.14372459159607,1.80386833043833e-06,2.20196770025322,0,-1.54102648555158,-0.0370665452418103,0.78820411402194,MV-202,sine_steer_python-1
532,2026年09月15日_19时21分47秒_第001次,2026-09-15T19:21:47,0.531,14.9995518906747,2.12299210384373e-05,-0.000122064775386726,1.14789110679866,1.81131531934881e-06,2.20613416129807,0,-1.5248850220229,-0.0366793469073635,0.779898698704753,MV-202,sine_steer_python-1
533,2026年09月15日_19时21分47秒_第001次,2026-09-15T19:21:47,0.532,14.9996464272296,2.05400555358737e-05,-0.000122314818829518,1.15205764569493,1.81867625107742e-06,2.21030063606134,0,-1.50850276147221,-0.0362863306972328,0.771471260488118,MV-202,sine_steer_python-1
534,2026年09月15日_19时21分47秒_第001次,2026-09-15T19:21:47,0.533,14.999741010743,1.98569479712998e-05,-0.00012252129753276,1.15622420834097,1.8259520584319e-06,2.21446712476174,0,-1.49188229084836,-0.0358875586464372,0.762923137361299,MV-202,sine_steer_python-1
535,2026年09月15日_19时21分47秒_第001次,2026-09-15T19:21:47,0.534,14.9998356314402,1.91816154749281e-05,-0.000122685197724131,1.16039079479333,1.83314379364592e-06,2.21863362763092,0,-1.47502623471635,-0.0354830936843011,0.754255686940744,MV-202,sine_steer_python-1
536,2026年09月15日_19时21分47秒_第001次,2026-09-15T19:21:47,0.535,14.9999302795644,1.85150501536316e-05,-0.000122807527510397,1.16455740510898,1.84025262529174e-06,2.22280014491312,0,-1.45793725484282,-0.0350729996348178,0.745470285810134,MV-202,sine_steer_python-1
537,2026年09月15日_19时21分47秒_第001次,2026-09-15T19:21:47,0.536,15.0000249453872,1.78582174969321e-05,-0.000122889312896277,1.16872403934522,1.84727983499564e-06,2.22696667686474,0,-1.44061804977581,-0.0346573412143784,0.736568328964016,MV-202,sine_steer_python-1
538,2026年09月15日_19时21分47秒_第001次,2026-09-15T19:21:47,0.537,15.0001196192172,1.72120548422056e-05,-0.000122931594111108,1.17289069755964,1.85422681397141e-06,2.231133223754,0,-1.42307135441857,-0.0342361840268087,0.7275512293575,MV-202,sine_steer_python-1
539,2026年09月15日_19时21分47秒_第001次,2026-09-15T19:21:47,0.538,15.0002142914091,1.65774699021096e-05,-0.000122935422275661,1.17705737981,1.86109505937328e-06,2.2352997858605,0,-1.4052999395977,-0.0338095945562751,0.718420417538109,MV-202,sine_steer_python-1
540,2026年09月15日_19时21分47秒_第001次,2026-09-15T19:21:47,0.539,15.0003089523717,1.59553393572961e-05,-0.000122901856094061,1.18122408615419,1.86788617048001e-06,2.23946636347486,0,-1.38730661162561,-0.0333776401589019,0.709177341323728,MV-202,sine_steer_python-1
541,2026年09月15日_19时21分47秒_第001次,2026-09-15T19:21:47,0.54,15.000403592576,1.53465075166089e-05,-0.000122831959119834,1.18539081665015,1.87460184472524e-06,2.24363295689826,0,-1.36909421185738,-0.0329403890538755,0.69982346549341,MV-202,sine_steer_python-1
542,2026年09月15日_19时21分47秒_第001次,2026-09-15T19:21:47,0.541,15.000498202562,1.47517850476554e-05,-0.000122726797251581,1.1895575713558,1.8812438735748e-06,2.24779956644209,0,-1.35066561624205,-0.0324979103144943,0.6903602714715,MV-202,sine_steer_python-1
543,2026年09月15日_19时21分47秒_第001次,2026-09-15T19:21:47,0.542,15.0005927729458,1.41719477798872e-05,-0.000122587436219119,1.193724350329,1.88781413826314e-06,2.25196619242747,0,-1.3320237348685,-0.032050273859245,0.680789257011129,MV-202,sine_steer_python-1
544,2026年09月15日_19时21分47秒_第001次,2026-09-15T19:21:47,0.543,15.0006872944262,1.36077355817715e-05,-0.000122414939884581,1.19789115362742,1.89431460541305e-06,2.25613283518489,0,-1.31317151150591,-0.031597550442763,0.67111193585614,MV-202,sine_steer_python-1
545,2026年09月15日_19时21分47秒_第001次,2026-09-15T19:21:47,0.544,15.0007817577907,1.30598513145197e-05,-0.000122210368430345,1.20205798130852,1.90074732252306e-06,2.26029949505372,0,-1.29411192313889,-0.03113981164573,0.66132983742666,MV-202,sine_steer_python-1
546,2026年09月15日_19时21分47秒_第001次,2026-09-15T19:21:47,0.545,15.0008761539215,1.25289598634731e-05,-0.000121974776944221,1.20622483342946,1.90711441335722e-06,2.26446617238179,0,-1.27484797949738,-0.0306771298634498,0.65144450659732,MV-202,sine_steer_python-1
547,2026年09月15日_19时21分47秒_第001次,2026-09-15T19:21:47,0.546,15.0009704738008,1.20156872485311e-05,-0.000121709214341421,1.21039171004706,1.91341807323635e-06,2.26863286752498,0,-1.2553827225814,-0.0302095782941477,0.641457503460215,MV-202,sine_steer_python-1
548,2026年09月15日_19时21分47秒_第001次,2026-09-15T19:21:47,0.547,15.0010647085164,1.15206198148989e-05,-0.000121414722440908,1.21455861121766,1.91966056424191e-06,2.27279958084673,0,-1.23571922618067,-0.0297372309255538,0.631370403165587,MV-202,sine_steer_python-1
549,2026年09月15日_19时21分47秒_第001次,2026-09-15T19:21:47,0.548,15.0011588492667,1.10443035048462e-05,-0.000121092335309951,1.21872553699715,1.92584421034512e-06,2.2769663127176,0,-1.21586059538921,-0.0292601625220956,0.621184795678539,MV-202,sine_steer_python-1
550,2026年09月15日_19时21分47秒_第001次,2026-09-15T19:21:47,0.549,15.0012528873658,1.05872432112184e-05,-0.000120743078711187,1.22289248744082,1.9319713924741e-06,2.28113306351479,0,-1.19580996611504,-0.0287784486124359,0.61090228554741,MV-202,sine_steer_python-1
551,2026年09月15日_19时21分47秒_第001次,2026-09-15T19:21:47,0.55,15.0013468142479,1.01499022128893e-05,-0.000120367969968955,1.22705946260331,1.93804454352626e-06,2.28529983362173,0,-1.17557050458495,-0.0282921654762932,0.60052449171887,MV-202,sine_steer_python-1
552,2026年09月15日_19时21分47秒_第001次,2026-09-15T19:21:47,0.551,15.0014406214726,9.73270169275339e-06,-0.000119968017718964,1.23122646253858,1.94406614333554e-06,2.28946662342751,0,-1.15514540684454,-0.0278013901313834,0.590053047325087,MV-202,sine_steer_python-1
553,2026年09月15日_19时21分47秒_第001次,2026-09-15T19:21:47,0.552,15.001534300729,9.33602033780602e-06,-0.000119544221920656,1.23539348729978,1.95003871360903e-06,2.29363343332648,0,-1.13453789825351,-0.0273062003209449,0.579489599428411,MV-202,sine_steer_python-1
554,2026年09月15日_19时21分47秒_第001次,2026-09-15T19:21:47,0.553,15.0016278438406,8.9601940212729e-06,-0.000119097574012979,1.23956053693921,1.95596481284446e-06,2.29780026371772,0,-1.11375123297638,-0.0268066745012617,0.568835808759769,MV-202,sine_steer_python-1
555,2026年09月15日_19时21分47秒_第001次,2026-09-15T19:21:47,0.554,15.0017212427694,8.60551556632482e-06,-0.000118629057025562,1.24372761150825,1.96184703122709e-06,2.30196711500456,0,-1.09278869346854,-0.0263028918281467,0.558093349497159,MV-202,sine_steer_python-1
556,2026年09月15日_19时21分47秒_第001次,2026-09-15T19:21:47,0.555,15.0018144896209,8.27223459072915e-06,-0.000118139645939933,1.24789471105729,1.96768798553827e-06,2.30613398759404,0,-1.07165358995799,-0.0257949321418543,0.547263909106022,MV-202,sine_steer_python-1
557,2026年09月15日_19时21分47秒_第001次,2026-09-15T19:21:47,0.556,15.001907576648,7.96055743163721e-06,-0.000117630307717985,1.25206183563563,1.973490314055e-06,2.31030088189648,0,-1.05034925992259,-0.0252828759505004,0.536349188236531,MV-202,sine_steer_python-1
558,2026年09月15日_19时21分47秒_第001次,2026-09-15T19:21:47,0.557,15.0020004962562,7.67064714926995e-06,-0.000117102001941674,1.25622898529146,1.97925667148453e-06,2.31446779832485,0,-1.02887906756301,-0.0247668044123577,0.525350900661579,MV-202,sine_steer_python-1
559,2026年09月15日_19时21分47秒_第001次,2026-09-15T19:21:47,0.558,15.0020932403867,7.40262360963805e-06,-0.000116546899312966,1.26039616007172,1.98498972391282e-06,2.31863473729436,0,-1.00724640327152,-0.0242467993175707,0.514270773233213,MV-202,sine_steer_python-1
560,2026年09月15日_19时21分47秒_第001次,2026-09-15T19:21:47,0.559,15.0021857960362,7.15655047767942e-06,-0.000115973386341576,1.26456336002182,1.99069215991751e-06,2.32280169922157,0,-0.985454683096583,-0.0237229430700272,0.503110545827143,MV-202,sine_steer_python-1
561,2026年09月15日_19时21分47秒_第001次,2026-09-15T19:21:47,0.56,15.002278154669,6.93246400811664e-06,-0.000115380513874028,1.26873058518348,1.99636663855781e-06,2.32696868452175,0,-0.963507348203429,-0.0231953186694306,0.491871971292703,MV-202,sine_steer_python-1
562,2026年09月15日_19时21分47秒_第001次,2026-09-15T19:21:47,0.561,15.0023703075133,6.73035181836949e-06,-0.000114769411511358,1.27289783559718,2.00201579976713e-06,2.33113569361096,0,-0.941407864330665,-0.0226640096964914,0.480556815205787,MV-202,sine_steer_python-1
563,2026年09月15日_19时21分47秒_第001次,2026-09-15T19:21:47,0.562,15.0024622462645,6.55016100569722e-06,-0.000114141115711174,1.27706511130133,2.00764226942338e-06,2.33530272690466,0,-0.919159721242975,-0.0221291003000821,0.469166855582154,MV-202,sine_steer_python-1
564,2026年09月15日_19时21分47秒_第001次,2026-09-15T19:21:47,0.563,15.0025539630993,6.39179750211377e-06,-0.000113496760534181,1.28123241233233,2.01324865394453e-06,2.3394697848174,0,-0.896766432180066,-0.0215906751881598,0.457703882499038,MV-202,sine_steer_python-1
565,2026年09月15日_19时21分47秒_第001次,2026-09-15T19:21:47,0.564,15.0026454506628,6.25512680140698e-06,-0.000112837601723899,1.28539973872466,2.01883753846859e-06,2.34363686776227,0,-0.874231533301867,-0.0210488196157966,0.446169697676803,MV-202,sine_steer_python-1
566,2026年09月15日_19时21分47秒_第001次,2026-09-15T19:21:47,0.565,15.0027367020569,6.13997469121646e-06,-0.00011216499007893,1.2895670905108,2.02441148543365e-06,2.34780397615049,0,-0.851558583130144,-0.0205036193707937,0.434566114096241,MV-202,sine_steer_python-1
567,2026年09月15日_19时21分47秒_第001次,2026-09-15T19:21:47,0.566,15.0028277108256,6.04612795250587e-06,-0.000111480353614038,1.29373446772128,2.02997303259944e-06,2.35197111039087,0,-0.828751161986569,-0.0199551607610554,0.422894955767861,MV-202,sine_steer_python-1
568,2026年09月15日_19时21分47秒_第001次,2026-09-15T19:21:47,0.567,15.0029184709393,5.97333509013078e-06,-0.000110785172148288,1.29790187038465,2.03552469073178e-06,2.35613827088932,0,-0.805812871427326,-0.0194035306081702,0.411158057269546,MV-202,sine_steer_python-1
569,2026年09月15日_19时21分47秒_第001次,2026-09-15T19:21:47,0.568,15.003008976777,5.92130707784806e-06,-0.000110080949626282,1.30206929852748,2.04106894093234e-06,2.36030545804833,0,-0.782747333674407,-0.0188488162399281,0.399357263153375,MV-202,sine_steer_python-1
570,2026年09月15日_19时21分47秒_第001次,2026-09-15T19:21:47,0.569,15.0030992231086,5.88971812184853e-06,-0.000109369187300193,1.30623675217433,2.04660823160765e-06,2.36447267226644,0,-0.759558191043602,-0.0182911054793311,0.387494427463474,MV-202,sine_steer_python-1
571,2026年09月15日_19时21分47秒_第001次,2026-09-15T19:21:47,0.57,15.0031892050784,5.87820644801488e-06,-0.000108651359102824,1.31040423134773,2.05214497508876e-06,2.36863991393772,0,-0.736249105369356,-0.0177304866321331,0.375571413370372,MV-202,sine_steer_python-1
572,2026年09月15日_19时21分47秒_第001次,2026-09-15T19:21:47,0.571,15.0032789181873,5.88637511840182e-06,-0.000107928890362595,1.31457173606816,2.05768154398019e-06,2.37280718345121,0,-0.712823757426503,-0.0171670484750798,0.363590092824018,MV-202,sine_steer_python-1
573,2026年09月15日_19时21分47秒_第001次,2026-09-15T19:21:47,0.572,15.0033683582779,5.91379288202458e-06,-0.000107203140202407,1.31873926635399,2.06322026727968e-06,2.37697448119038,0,-0.689285846349035,-0.0166008802436929,0.351552346157069,MV-202,sine_steer_python-1
574,2026年09月15日_19时21分47秒_第001次,2026-09-15T19:21:47,0.573,15.0034575215198,5.95999506478661e-06,-0.000106475388290411,1.32290682222147,2.068763426357e-06,2.38114180753257,0,-0.665639089045972,-0.0160320716184737,0.339460061796925,MV-202,sine_steer_python-1
575,2026年09月15日_19时21分47秒_第001次,2026-09-15T19:21:47,0.574,15.0035464043967,6.02448450285671e-06,-0.000105746825487569,1.32707440368465,2.07431325083177e-06,2.38530916284843,0,-0.64188721961442,-0.0154607127108411,0.327315135962401,MV-202,sine_steer_python-1
576,2026年09月15日_19时21分47秒_第001次,2026-09-15T19:21:47,0.575,15.0036350036947,6.10673252282819e-06,-0.000105018548337036,1.33124201075538,2.0798719144368e-06,2.38947654750133,0,-0.618033988749895,-0.0148868940465813,0.315119472458194,MV-202,sine_steer_python-1
577,2026年09月15日_19时21分47秒_第001次,2026-09-15T19:21:47,0.576,15.0037233164934,6.206179970817e-06,-0.000104291556968456,1.3354096434432,2.0854415309083e-06,2.39364396184684,0,-0.59408316315407,-0.0143107065454962,0.302874982632648,MV-202,sine_steer_python-1
578,2026年09月15日_19时21分47秒_第001次,2026-09-15T19:21:47,0.577,15.0038113401574,6.32223829200876e-06,-0.000103566755981603,1.33957730175535,2.09102414995733e-06,2.39781140623211,0,-0.570038524939952,-0.013732241497406,0.290583585488459,MV-202,sine_steer_python-1
579,2026年09月15日_19时21分47秒_第001次,2026-09-15T19:21:47,0.578,15.0038990723307,6.45429066117668e-06,-0.000102844957795809,1.34374498569666,2.09662175336551e-06,2.40197888099531,0,-0.54590387103465,-0.013151590535551,0.278247207898703,MV-202,sine_steer_python-1
580,2026年09月15日_19时21分47秒_第001次,2026-09-15T19:21:47,0.579,15.003986510932,6.60169316371288e-06,-0.000102126887967407,1.34791269526953,2.10223625124217e-06,2.40614638646509,0,-0.521683012579794,-0.0125688456095151,0.265867784838811,MV-202,sine_steer_python-1
581,2026年09月15日_19时21分47秒_第001次,2026-09-15T19:21:47,0.58,15.0040736541526,6.76377602607907e-06,-0.00010141319202808,1.35208043047386,2.10786947846292e-06,2.41031392295999,0,-0.497379774329711,-0.0119840989607724,0.25344725951552,MV-202,sine_steer_python-1
582,2026年09月15日_19时21分47秒_第001次,2026-09-15T19:21:47,0.581,15.004160500455,6.93984489403573e-06,-0.000100704443396564,1.35624819130701,2.11352319132081e-06,2.41448149078785,0,-0.472997994047449,-0.0113974430967722,0.240987583513157,MV-202,sine_steer_python-1
583,2026年09月15日_19时21分47秒_第001次,2026-09-15T19:21:47,0.582,15.0042470485734,7.12918215630505e-06,-0.000100001151664302,1.36041597776372,2.11919906440272e-06,2.41864909024532,0,-0.448541521898761,-0.0108089707465793,0.228490717765655,MV-202,sine_steer_python-1
584,2026年09月15日_19时21分47秒_第001次,2026-09-15T19:21:47,0.583,15.004333297516,7.3310483105144e-06,-9.93037715078368e-05,1.36458378983609,2.12489868770283e-06,2.42281672161727,0,-0.42401421984411,-0.0102187747652166,0.215958635689949,MV-202,sine_steer_python-1
585,2026年09月15日_19时21分47秒_第001次,2026-09-15T19:21:47,0.584,15.0044192465675,7.54468336896213e-06,-9.86127113006132e-05,1.3687516275135,2.13062356397491e-06,2.42698438517625,0,-0.399419961028814,-0.00962694798337578,0.203393328639465,MV-202,sine_steer_python-1
586,2026年09月15日_19时21分47秒_第001次,2026-09-15T19:21:47,0.585,15.0045048952934,7.76930830033729e-06,-9.79283412933322e-05,1.37291949078259,2.13637510633958e-06,2.43115208118199,0,-0.374762629171448,-0.00903358310713971,0.190796809237295,MV-202,sine_steer_python-1
587,2026年09月15日_19时21分47秒_第001次,2026-09-15T19:21:47,0.586,15.0045902435452,8.00412650355466e-06,-9.72510016075425e-05,1.37708737962721,2.14215463613107e-06,2.43531980988084,0,-0.350046117950552,-0.0084387728009481,0.178171106911615,MV-202,sine_steer_python-1
588,2026年09月15日_19时21分47秒_第001次,2026-09-15T19:21:47,0.587,15.0046752914656,8.24832531077782e-06,-9.65810091233841e-05,1.38125529402835,2.14796338099612e-06,2.43948757150534,0,-0.325274330389767,-0.00784260991288004,0.165518257375006,MV-202,sine_steer_python-1
589,2026年09月15日_19时21分47秒_第001次,2026-09-15T19:21:47,0.588,15.0047600394947,8.50107751483088e-06,-9.5918663751038e-05,1.38542323396418,2.15380247323226e-06,2.44365536627365,0,-0.300451178241515,-0.00724518767619605,0.152840293133271,MV-202,sine_steer_python-1
590,2026年09月15日_19时21分47秒_第001次,2026-09-15T19:21:47,0.589,15.0048444883769,8.76154291780682e-06,-9.52642537216255e-05,1.38959119940995,2.15967294836376e-06,2.44782319438917,0,-0.275580581369277,-0.00664659980438112,0.140139238538875,MV-202,sine_steer_python-1
591,2026年09月15日_19时21分47秒_第001次,2026-09-15T19:21:47,0.59,15.0049286391671,9.02886989681433e-06,-9.46180598844111e-05,1.39375919033799,2.16557574394794e-06,2.45199105604001,0,-0.250666467128608,-0.00604694050140255,0.127417108436703,MV-202,sine_steer_python-1
592,2026年09月15日_19时21分47秒_第001次,2026-09-15T19:21:47,0.591,15.0050124932373,9.30219698308617e-06,-9.39803589499044e-05,1.3979272067177,2.17151169861052e-06,2.45615895139862,0,-0.225712769746964,-0.0054463044298804,0.114675908577591,MV-202,sine_steer_python-1
593,2026年09月15日_19时21分47秒_第001次,2026-09-15T19:21:47,0.592,15.0050960522834,9.58065445061794e-06,-9.33514260062288e-05,1.40209524851553,2.17748155129062e-06,2.46032688062135,0,-0.20072342970243,-0.0048447866632386,0.101917636702483,MV-202,sine_steer_python-1
594,2026年09月15日_19时21分47秒_第001次,2026-09-15T19:21:47,0.593,15.0051793183311,9.86336591129832e-06,-9.27315357242861e-05,1.40626331569499,2.18348594070508e-06,2.46449484384807,0,-0.175702393101488,-0.00424248263285144,0.0891442838325937,MV-202,sine_steer_python-1
595,2026年09月15日_19时21分47秒_第001次,2026-09-15T19:21:47,0.594,15.0052622937416,1.01494499121924e-05,-9.21209630123258e-05,1.41043140821661,2.18952540500469e-06,2.46866284120184,0,-0.150653611055865,-0.00363948807194445,0.0763578356966692,MV-202,sine_steer_python-1
596,2026年09月15日_19时21分47秒_第001次,2026-09-15T19:21:47,0.595,15.0053449812169,1.04380215325833e-05,-9.15199827246056e-05,1.41459952603798,2.19560038163575e-06,2.4728308727885,0,-0.125581039058627,-0.00303589896026902,0.0635602741319253,MV-202,sine_steer_python-1
597,2026年09月15日_19时21分47秒_第001次,2026-09-15T19:21:47,0.596,15.0054273838041,1.07281939769693e-05,-9.09288685806694e-05,1.41876766911377,2.20171120738028e-06,2.47699893869643,0,-0.10048863635954,-0.0024318114704884,0.0507535784059091,MV-202,sine_steer_python-1
598,2026年09月15日_19时21分47秒_第001次,2026-09-15T19:21:47,0.597,15.0055095048993,1.10190801612023e-05,-9.03478915156062e-05,1.42293583739571,2.20785811857899e-06,2.48116703899623,0,-0.0753803653398702,-0.00182732191566721,0.0379397264898514,MV-202,sine_steer_python-1
599,2026年09月15日_19时21分47秒_第001次,2026-09-15T19:21:47,0.598,15.0055913482503,1.13097942889136e-05,-8.97773175599715e-05,1.42710403083265,2.21404125153307e-06,2.48533517374046,0,-0.0502601908866741,-0.00122252669824412,0.0251206962695783,MV-202,sine_steer_python-1
600,2026年09月15日_19时21分47秒_第001次,2026-09-15T19:21:47,0.599,15.0056729179585,1.15994534154683e-05,-8.92174053454095e-05,1.43127224937059,2.22026064306373e-06,2.48950334296344,0,-0.0251320797667059,-0.000617522261480477,0.0122984666516614,MV-202,sine_steer_python-1
601,2026年09月15日_19时21分47秒_第001次,2026-09-15T19:21:47,0.6,15.0057542184798,1.1887178997142e-05,-8.86684028449699e-05,1.43544049295268,2.22651623123348e-06,2.49367154668102,0,-4.89858719658941e-16,-1.24050436529863e-05,-0.000524981447393631,MV-202,sine_steer_python-1
602,2026年09月15日_19时21分47秒_第001次,2026-09-15T19:21:47,0.601,15.0058352546249,1.21720984223215e-05,-8.81305445597493e-05,1.43960876151931,2.2328078562347e-06,2.49783978489044,0,0.0251320797667049,0.000592728564161929,-0.0133476642638111,MV-202,sine_steer_python-1
603,2026年09月15日_19时21分47秒_第001次,2026-09-15T19:21:47,0.602,15.0059160315576,1.24533465233559e-05,-8.7604047977933e-05,1.44377705500814,2.23913526140328e-06,2.50200805757018,0,0.0502601908866749,0.00119778225701035,-0.0261675944879046,MV-202,sine_steer_python-1
604,2026年09月15日_19时21分47秒_第001次,2026-09-15T19:21:47,0.603,15.0059965547928,1.27300670662785e-05,-8.70891103141915e-05,1.44794537335417,2.2454980943954e-06,2.50617636467984,0,0.0753803653398692,0.00180265985165561,-0.0389827807068404,MV-202,sine_steer_python-1
605,2026年09月15日_19时21分47秒_第001次,2026-09-15T19:21:47,0.604,15.0060768301931,1.30014142164549e-05,-8.65859051492519e-05,1.45211371648979,2.25189590849693e-06,2.51034470616012,0,0.100488636359539,0.00240726531793541,-0.0517912270267641,MV-202,sine_steer_python-1
606,2026年09月15日_19时21分47秒_第001次,2026-09-15T19:21:47,0.605,15.0061568639644,1.32665539781237e-05,-8.60945791555389e-05,1.45628208434483,2.25832816405638e-06,2.51451308193274,0,0.125581039058626,0.00301150280521234,-0.0645909329019438,MV-202,sine_steer_python-1
607,2026年09月15日_19时21分47秒_第001次,2026-09-15T19:21:47,0.606,15.0062366626498,1.35246656061201e-05,-8.56152490629128e-05,1.46045047684668,2.26479423005984e-06,2.51868149190044,0,0.150653611055866,0.00361527666372481,-0.0773798931790901,MV-202,sine_steer_python-1
608,2026年09月15日_19时21分47秒_第001次,2026-09-15T19:21:47,0.607,15.0063162331235,1.37749429877142e-05,-8.51479987163268e-05,1.46461889392036,2.27129338582354e-06,2.52284993594705,0,0.175702393101487,0.00421849146070513,-0.0901560983624024,MV-202,sine_steer_python-1
609,2026年09月15日_19时21分47秒_第001次,2026-09-15T19:21:47,0.608,15.0063955825826,1.40165959928597e-05,-8.46928766221254e-05,1.46878733548858,2.27782482280612e-06,2.52701841393752,0,0.200723429702429,0.00482105199108855,-0.102917535106726,MV-202,sine_steer_python-1
610,2026年09月15日_19时21分47秒_第001次,2026-09-15T19:21:47,0.609,15.0064747185381,1.42488517914954e-05,-8.42498934364787e-05,1.47295580147183,2.28438764653513e-06,2.53118692571803,0,0.225712769746963,0.00542286328271907,-0.115662186945318,MV-202,sine_steer_python-1
611,2026年09月15日_19时21分47秒_第001次,2026-09-15T19:21:47,0.61,15.006553648805,1.44709561356695e-05,-8.38190200175906e-05,1.47712429178854,2.29098087865218e-06,2.53535547111616,0,0.25066646712861,0.00602383059597242,-0.128388035248195,MV-202,sine_steer_python-1
612,2026年09月15日_19时21分47秒_第001次,2026-09-15T19:21:47,0.611,15.0066323814913,1.46821746052668e-05,-8.34001857790645e-05,1.48129280635509,2.29760345906006e-06,2.53952404994102,0,0.275580581369276,0.00662385942109312,-0.141093060271902,MV-202,sine_steer_python-1
613,2026年09月15日_19时21分47秒_第001次,2026-09-15T19:21:47,0.612,15.0067109249859,1.48817938158208e-05,-8.29932772874239e-05,1.48546134508599,2.30425424817561e-06,2.5436926619835,0,0.300451178241514,0.00722285547107288,-0.153775242406707,MV-202,sine_steer_python-1
614,2026年09月15日_19时21分47秒_第001次,2026-09-15T19:21:47,0.613,15.0067892879454,1.50691225866333e-05,-8.25981372078316e-05,1.48962990789396,2.31093202928542e-06,2.5478613070165,0,0.325274330389766,0.00782072467123091,-0.166432563559558,MV-202,sine_steer_python-1
615,2026年09月15日_19时21分47秒_第001次,2026-09-15T19:21:47,0.614,15.0068674792806,1.52434930677977e-05,-8.22145637310993e-05,1.49379849469006,2.3176355109976e-06,2.55202998479522,0,0.350046117950553,0.00841737314804568,-0.179063008564739,MV-202,sine_steer_python-1
616,2026年09月15日_19时21分47秒_第001次,2026-09-15T19:21:47,0.615,15.0069455081413,1.54042618248663e-05,-8.1842310097486e-05,1.49796710538378,2.32436332978779e-06,2.55619869505748,0,0.37476262917145,0.00901270721854502,-0.191664566569087,MV-202,sine_steer_python-1
617,2026年09月15日_19时21分47秒_第001次,2026-09-15T19:21:47,0.616,15.0070233839008,1.55508108793212e-05,-8.14810845238006e-05,1.5021357398832,2.33111405263405e-06,2.56036743752408,0,0.399419961028813,0.00960663338064864,-0.204235232375738,MV-202,sine_steer_python-1
618,2026年09月15日_19时21分47秒_第001次,2026-09-15T19:21:47,0.617,15.0071011161392,1.56825487037281e-05,-8.11305504968253e-05,1.50630439809512,2.33788617974285e-06,2.56453621189919,0,0.424014219844109,0.0101990583051003,-0.216773007718787,MV-202,sine_steer_python-1
619,2026年09月15日_19时21分47秒_第001次,2026-09-15T19:21:47,0.618,15.0071787146266,1.57989111701435e-05,-8.07903271721311e-05,1.51047307992514,2.34467814735405e-06,2.56870501787076,0,0.44854152189876,0.0107898888298991,-0.229275902430074,MV-202,sine_steer_python-1
620,2026年09月15日_19时21分47秒_第001次,2026-09-15T19:21:47,0.619,15.0072561893048,1.58993624503064e-05,-8.04599900853547e-05,1.51464178527785,2.35148833062638e-06,2.57287385511104,0,0.472997994047449,0.011379031957848,-0.241741935471795,MV-202,sine_steer_python-1
621,2026年09月15日_19时21分47秒_第001次,2026-09-15T19:21:47,0.62,15.0073335502691,1.59833958664231e-05,-8.01390720868084e-05,1.51881051405695,2.35831504659913e-06,2.577042723277,0,0.49737977432971,0.0119663948574393,-0.254169135825585,MV-202,sine_steer_python-1
622,2026年09月15日_19时21分47秒_第001次,2026-09-15T19:21:47,0.621,15.0074108077489,1.60505346912605e-05,-7.98270644466683e-05,1.52297926616539,2.36515655723131e-06,2.58121162201093,0,0.521683012579793,0.0125518848672102,-0.266555543232399,MV-202,sine_steer_python-1
623,2026年09月15日_19时21分47秒_第001次,2026-09-15T19:21:47,0.622,15.007487972088,1.61003328962152e-05,-7.95234181041149e-05,1.52714804150549,2.37201107250026e-06,2.58538055094095,0,0.545903871034649,0.0131354095038504,-0.27889920877129,MV-202,sine_steer_python-1
624,2026年09月15日_19时21分47秒_第001次,2026-09-15T19:21:47,0.623,15.0075650537249,1.61323758463788e-05,-7.92275450504762e-05,1.53131683997913,2.37887675357183e-06,2.58954950968167,0,0.570038524939953,0.0137168764745177,-0.291198195257665,MV-202,sine_steer_python-1
625,2026年09月15日_19时21分47秒_第001次,2026-09-15T19:21:47,0.624,15.0076420631716,1.6146280941311e-05,-7.89388199627947e-05,1.53548566148787,2.38575171603345e-06,2.59371849783473,0,0.594083163154069,0.0142961936940327,-0.303450577432614,MV-202,sine_steer_python-1
626,2026年09月15日_19时21分47秒_第001次,2026-09-15T19:21:47,0.625,15.0077190109931,1.61416982006804e-05,-7.86565815325704e-05,1.53965450593308,2.39263403317152e-06,2.59788751498954,0,0.618033988749894,0.0148732693079428,-0.315654441901186,MV-202,sine_steer_python-1
627,2026年09月15日_19时21分47秒_第001次,2026-09-15T19:21:47,0.626,15.007795907786,1.61183107934583e-05,-7.83801345708884e-05,1.54382337321613,2.39952173932148e-06,2.60205656072395,0,0.641887219614419,0.0154480117228598,-0.327807886759924,MV-202,sine_steer_python-1
628,2026年09月15日_19时21分47秒_第001次,2026-09-15T19:21:47,0.627,15.007872764157,1.60758355104742e-05,-7.81087514002878e-05,1.54799226323852,2.40641283324596e-06,2.60622563460492,0,0.665639089045973,0.0160203296458389,-0.339909020838441,MV-202,sine_steer_python-1
629,2026年09月15日_19时21分47秒_第001次,2026-09-15T19:21:47,0.628,15.0079495907013,1.60140231786739e-05,-7.78416738315571e-05,1.55216117590204,2.41330528157376e-06,2.61039473618931,0,0.689285846349034,0.0165901321346547,-0.351955962475704,MV-202,sine_steer_python-1
630,2026年09月15日_19时21分47秒_第001次,2026-09-15T19:21:47,0.629,15.0080263979807,1.59326590170434e-05,-7.75781150859882e-05,1.55633011110889,2.42019702226878e-06,2.61456386502464,0,0.712823757426502,0.0171573286601015,-0.36394683779181,MV-202,sine_steer_python-1
631,2026年09月15日_19时21分47秒_第001次,2026-09-15T19:21:47,0.63,15.0081031965015,1.58315629335353e-05,-7.73172615401847e-05,1.56049906876189,2.42708596813578e-06,2.61873302064987,0,0.736249105369355,0.0177218291800734,-0.375879778436583,MV-202,sine_steer_python-1
632,2026年09月15日_19时21分47秒_第001次,2026-09-15T19:21:47,0.631,15.008179996693,1.57105897621745e-05,-7.70582746896824e-05,1.56466804876458,2.43397001035978e-06,2.62290220259625,0,0.759558191043603,0.0182835442241954,-0.387752918878973,MV-202,sine_steer_python-1
633,2026年09月15日_19时21分47秒_第001次,2026-09-15T19:21:47,0.632,15.0082568088853,1.55696294402981e-05,-7.68002931624325e-05,1.56883705102139,2.44084702207345e-06,2.62707141038809,0,0.782747333674406,0.0188423849793506,-0.399564393672361,MV-202,sine_steer_python-1
634,2026年09月15日_19时21分47秒_第001次,2026-09-15T19:21:47,0.633,15.0083336432874,1.5408607125631e-05,-7.65424346460626e-05,1.57300607543781,2.44771486193713e-06,2.6312406435437,0,0.805812871427325,0.0193982633637504,-0.411312335195772,MV-202,sine_steer_python-1
635,2026年09月15日_19时21分47秒_第001次,2026-09-15T19:21:47,0.634,15.0084105099658,1.52274832530547e-05,-7.62837979126396e-05,1.5771751219205,2.45457137774319e-06,2.63540990157619,0,0.828751161986568,0.0199510920771864,-0.422994872389135,MV-202,sine_steer_python-1
636,2026年09月15日_19时21分47秒_第001次,2026-09-15T19:21:47,0.635,15.0084874188229,1.5026253531059e-05,-7.60234647463832e-05,1.58134419037747,2.46141441002795e-06,2.63957918399442,0,0.851558583130147,0.0205007846170418,-0.43461013093494,MV-202,sine_steer_python-1
637,2026年09月15日_19时21分47秒_第001次,2026-09-15T19:21:47,0.636,15.0085643795757,1.48049488778783e-05,-7.57605022627903e-05,1.58551328071821,2.4682417956934e-06,2.64374849030387,0,0.874231533301866,0.0210472552558195,-0.446156235072283,MV-202,sine_steer_python-1
638,2026年09月15日_19时21分47秒_第001次,2026-09-15T19:21:47,0.637,15.0086414017348,1.4563635298089e-05,-7.54939647274641e-05,1.58968239285384,2.47505137162382e-06,2.64791782000757,0,0.896766432180065,0.0215904189855462,-0.45763131081681,MV-202,sine_steer_python-1
639,2026年09月15日_19时21分47秒_第001次,2026-09-15T19:21:47,0.638,15.008718494584,1.43024136992476e-05,-7.52228957760015e-05,1.59385152669727,2.4818409783066e-06,2.65208717260704,0,0.919159721242975,0.0221301914423601,-0.469033490020129,MV-202,sine_steer_python-1
640,2026年09月15日_19时21分47秒_第001次,2026-09-15T19:21:47,0.639,15.00879566716,1.40214196496416e-05,-7.49463314713058e-05,1.59802068216329,2.4886084634386e-06,2.65625654760319,0,0.941407864330666,0.0226664888265613,-0.480360914617949,MV-202,sine_steer_python-1
641,2026年09月15日_19时21分47秒_第001次,2026-09-15T19:21:47,0.64,15.0088729282323,1.37208230790012e-05,-7.46633538601972e-05,1.60218985916876,2.49535168554643e-06,2.66042594449733,0,0.963507348203431,0.023199227830284,-0.491611740549067,MV-202,sine_steer_python-1
642,2026年09月15日_19时21分47秒_第001次,2026-09-15T19:21:47,0.641,15.0089502862844,1.3400827997766e-05,-7.43730089900585e-05,1.6063590576327,2.50206851945913e-06,2.66459536279204,0,0.985454683096583,0.0237283255799023,-0.50278414104304,MV-202,sine_steer_python-1
643,2026年09月15日_19时21分47秒_第001次,2026-09-15T19:21:47,0.642,15.0090277494953,1.3061671977388e-05,-7.40743436400832e-05,1.61052827747644,2.5087568577274e-06,2.66876480199218,0,1.00724640327152,0.0242536995957922,-0.513876309165446,MV-202,sine_steer_python-1
644,2026年09月15日_19时21分47秒_第001次,2026-09-15T19:21:47,0.643,15.0091053257212,1.27036257147131e-05,-7.37664009673055e-05,1.61469751862376,2.51541461493481e-06,2.67293426160583,0,1.02887906756301,0.0247752677691247,-0.524886459635106,MV-202,sine_steer_python-1
645,2026年09月15日_19时21分47秒_第001次,2026-09-15T19:21:47,0.644,15.0091830224786,1.23269924885902e-05,-7.34482215375749e-05,1.61886678100098,2.52203973086375e-06,2.67710374114522,0,1.05034925992259,0.0252929483538708,-0.535812829990636,MV-202,sine_steer_python-1
646,2026年09月15日_19时21分47秒_第001次,2026-09-15T19:21:47,0.645,15.0092608469269,1.19321075746397e-05,-7.31188462600118e-05,1.62303606453708,2.52863017385099e-06,2.6812732401277,0,1.07165358995799,0.0258066599717934,-0.546653681201213,MV-202,sine_steer_python-1
647,2026年09月15日_19时21分47秒_第001次,2026-09-15T19:21:47,0.646,15.0093388058529,1.1519337608767e-05,-7.27773190700585e-05,1.62720536916383,2.53518394409189e-06,2.68544275807667,0,1.09278869346854,0.0263163216274859,-0.55740729783383,MV-202,sine_steer_python-1
648,2026年09月15日_19时21分47秒_第001次,2026-09-15T19:21:47,0.647,15.0094169056549,1.10890799009927e-05,-7.24226900051514e-05,1.6313746948159,2.54169907690236e-06,2.68961229452251,0,1.11375123297638,0.0268218527347946,-0.568071987853978,MV-202,sine_steer_python-1
649,2026年09月15日_19时21分47秒_第001次,2026-09-15T19:21:47,0.648,15.0094951476267,1.06417617122625e-05,-7.20471963121022e-05,1.63554404143091,2.54817364594739e-06,2.69378184900351,0,1.13453789825351,0.0273231731541522,-0.57864608179075,MV-202,sine_steer_python-1
650,2026年09月15日_19时21分47秒_第001次,2026-09-15T19:21:47,0.649,15.0095735341178,1.01778292266927e-05,-7.16552261881103e-05,1.63971340894761,2.55460577894403e-06,2.69795142106469,0,1.15514540684453,0.0278202032248918,-0.589127931962181,MV-202,sine_steer_python-1
651,2026年09月15日_19时21分47秒_第001次,2026-09-15T19:21:47,0.65,15.0096520684151,9.69776822872643e-06,-7.12441640681726e-05,1.64388279730722,2.56099359365557e-06,2.70212101026008,0,1.17557050458495,0.0283128638000012,-0.599515911837106,MV-202,sine_steer_python-1
652,2026年09月15日_19时21分47秒_第001次,2026-09-15T19:21:47,0.651,15.00973075343,9.20208755667217e-06,-7.08131674249978e-05,1.64805220645387,2.56733526519275e-06,2.70629061615391,0,1.19580996611504,0.0288010762960882,-0.609808414933957,MV-202,sine_steer_python-1
653,2026年09月15日_19时21分47秒_第001次,2026-09-15T19:21:47,0.652,15.009809591974,8.69132375477866e-06,-7.0361358328367e-05,1.6522216363345,2.57362900431007e-06,2.71046023832135,0,1.21586059538921,0.0292847627452849,-0.620003853381748,MV-202,sine_steer_python-1
654,2026年09月15日_19时21分47秒_第001次,2026-09-15T19:21:47,0.653,15.0098885867414,8.16603952792055e-06,-6.98880491684322e-05,1.65639108689914,2.57987307351319e-06,2.71462987634945,0,1.23571922618067,0.0297638458444333,-0.630100656517877,MV-202,sine_steer_python-1
655,2026年09月15日_19时21分47秒_第001次,2026-09-15T19:21:47,0.654,15.0099677402844,7.62682291323928e-06,-6.93927343994105e-05,1.66056055810099,2.58606579051626e-06,2.7187995298381,0,1.2553827225814,0.030238249002104,-0.640097269619645,MV-202,sine_steer_python-1
656,2026年09月15日_19时21分47秒_第001次,2026-09-15T19:21:47,0.655,15.010047054988,7.07428640619901e-06,-6.88750689875451e-05,1.66473004989658,2.5922055347056e-06,2.72296919840088,0,1.27484797949738,0.0307078963845273,-0.649992152739512,MV-202,sine_steer_python-1
657,2026年09月15日_19时21分47秒_第001次,2026-09-15T19:21:47,0.656,15.0101265330422,6.50906595355464e-06,-6.83348497879244e-05,1.66889956224595,2.5982907525161e-06,2.72713888166591,0,1.29411192313889,0.0311727129598706,-0.659783779611739,MV-202,sine_steer_python-1
658,2026年09月15日_19时21分47秒_第001次,2026-09-15T19:21:47,0.657,15.0102061764129,5.93181987717707e-06,-6.77719882678878e-05,1.67306909511273,2.60431996209708e-06,2.73130857927669,0,1.31317151150591,0.0316326245391092,-0.66947063667015,MV-202,sine_steer_python-1
659,2026年09月15日_19时21分47秒_第001次,2026-09-15T19:21:47,0.658,15.0102859868131,5.34322771856283e-06,-6.71864829194102e-05,1.67723864846425,2.61029175740342e-06,2.73547829089286,0,1.3320237348685,0.0320875578120345,-0.679051222248706,MV-202,sine_steer_python-1
660,2026年09月15日_19时21分47秒_第001次,2026-09-15T19:21:47,0.659,15.0103659656732,4.74398901433536e-06,-6.65783919713443e-05,1.68140822227164,2.61620481161166e-06,2.73964801619095,0,1.35066561624205,0.032537440377794,-0.688524046010517,MV-202,sine_steer_python-1
661,2026年09月15日_19时21分47秒_第001次,2026-09-15T19:21:47,0.66,15.0104461141125,4.13482201232929e-06,-6.59478083245561e-05,1.6855778165099,2.62205787995247e-06,2.74381775486506,0,1.36909421185738,0.0329822007698159,-0.697887628616184,MV-202,sine_steer_python-1
662,2026年09月15日_19时21分47秒_第001次,2026-09-15T19:21:47,0.661,15.0105264329109,3.51646233770565e-06,-6.52948378565492e-05,1.68974743115797,2.62784980199552e-06,2.74798750662754,0,1.38730661162561,0.0334217684750627,-0.707140501627233,MV-202,sine_steer_python-1
663,2026年09月15日_19时21分47秒_第001次,2026-09-15T19:21:47,0.662,15.010606922483,2.88966161934161e-06,-6.46195808144425e-05,1.69391706619877,2.63357950344724e-06,2.75215727120957,0,1.4052999395977,0.0338560739476139,-0.716281207638963,MV-202,sine_steer_python-1
664,2026年09月15日_19时21分47秒_第001次,2026-09-15T19:21:47,0.663,15.0106875828525,2.25518608481834e-06,-6.39221177299514e-05,1.69808672161924,2.63924599754849e-06,2.75632704836176,0,1.42307135441857,0.0342850486160388,-0.725308300703493,MV-202,sine_steer_python-1
665,2026年09月15日_19时21分47秒_第001次,2026-09-15T19:21:47,0.664,15.0107684136295,1.61381513339372e-06,-6.32024985653427e-05,1.70225639741033,2.64484838610103e-06,2.76049683785461,0,1.44061804977581,0.034708624887044,-0.734220346796094,MV-202,sine_steer_python-1
666,2026年09月15日_19时21分47秒_第001次,2026-09-15T19:21:47,0.665,15.0108494139893,9.6633989384022e-07,-6.24607356342515e-05,1.70642609356703,2.65038586021261e-06,2.76466663947903,0,1.45793725484282,0.0351267361465916,-0.743015924456026,MV-202,sine_steer_python-1
667,2026年09月15日_19时21分47秒_第001次,2026-09-15T19:21:47,0.666,15.0109305826538,3.13561774014905e-07,-6.16968000133191e-05,1.71059581008836,2.65585770078831e-06,2.76883645304675,0,1.47502623471635,0.0355393167544098,-0.751693625762761,MV-202,sine_steer_python-1
668,2026年09月15日_19时21分47秒_第001次,2026-09-15T19:21:47,0.667,15.0110119178755,-3.43708991500909e-07,-6.09106205395322e-05,1.71476554697729,2.66126327882652e-06,2.77300627839063,0,1.49188229084836,0.0359463020372772,-0.760252057210484,MV-202,sine_steer_python-1
669,2026年09月15日_19时21分47秒_第001次,2026-09-15T19:21:47,0.668,15.0110934174235,-1.00465479140267e-06,-6.01020855221212e-05,1.71893530424078,2.6666020555539e-06,2.77717611536505,0,1.50850276147221,0.0363476282824458,-0.768689840653442,MV-202,sine_steer_python-1
670,2026年09月15日_19时21分47秒_第001次,2026-09-15T19:21:47,0.669,15.0111750785736,-1.66845208059846e-06,-5.92710466170032e-05,1.72310508188965,2.67187358242939e-06,2.78134596384613,0,1.5248850220229,0.0367432327282682,-0.777005614388738,MV-202,sine_steer_python-1
671,2026年09月15日_19时21分47秒_第001次,2026-09-15T19:21:47,0.67,15.0112568980992,-2.33427281252324e-06,-5.84173241901013e-05,1.72727487993855,2.67707750104363e-06,2.78551582373196,0,1.54102648555158,0.0371330535542841,-0.785198034206068,MV-202,sine_steer_python-1
672,2026年09月15日_19时21分47秒_第001次,2026-09-15T19:21:47,0.671,15.0113388722672,-3.00128585824766e-06,-5.75407142414329e-05,1.7314446984059,2.68221354292961e-06,2.78968569494274,0,1.55692460313405,0.0375170298712705,-0.79326577441365,MV-202,sine_steer_python-1
673,2026年09月15日_19时21分47秒_第001次,2026-09-15T19:21:47,0.672,15.0114209968346,-3.66865840947478e-06,-5.66409963155138e-05,1.73561453731374,2.68728152930802e-06,2.79385557742092,0,1.57257686427324,0.0378951017121795,-0.801207528852708,MV-202,sine_steer_python-1
674,2026年09月15日_19时21分47秒_第001次,2026-09-15T19:21:47,0.673,15.0115032670495,-4.33555736370781e-06,-5.57179417466416e-05,1.7397843966877,2.69228137076006e-06,2.79802547113122,0,1.58798079729567,0.0382672100245774,-0.809022011840986,MV-202,sine_steer_python-1
675,2026年09月15日_19时21分47秒_第001次,2026-09-15T19:21:47,0.674,15.0115856776541,-5.00115069021205e-06,-5.47713228620381e-05,1.74395427655681,2.69721306685915e-06,2.80219537606068,0,1.60313396974175,0.0386332966640618,-0.816707959052656,MV-202,sine_steer_python-1
676,2026年09月15日_19时21分47秒_第001次,2026-09-15T19:21:47,0.675,15.0116682228903,-5.66460877488496e-06,-5.38009216992015e-05,1.74812417695345,2.70207670573726e-06,2.80636529221857,0,1.61803398874989,0.0389933043888011,-0.824264128341729,MV-202,sine_steer_python-1
677,2026年09月15日_19时21分47秒_第001次,2026-09-15T19:21:47,0.676,15.0117508965077,-6.32510574378282e-06,-5.28065390889244e-05,1.7522940979132,2.70687246361452e-06,2.81053521963632,0,1.63267850143437,0.0393471768560136,-0.831689300476732,MV-202,sine_steer_python-1
678,2026年09月15日_19时21分47秒_第001次,2026-09-15T19:21:47,0.677,15.0118336917746,-6.98182076395794e-06,-5.17880031485873e-05,1.75646403947466,2.71160060426464e-06,2.81470515836735,0,1.64706519525685,0.0396948586208786,-0.838982279762687,MV-202,sine_steer_python-1
679,2026年09月15日_19时21分47秒_第001次,2026-09-15T19:21:47,0.678,15.0119166014905,-7.63393932123263e-06,-5.07451775272997e-05,1.76063400167936,2.71626147843767e-06,2.81887510848692,0,1.66119179839163,0.0400362951378991,-0.846141894549083,MV-202,sine_steer_python-1
680,2026年09月15日_19时21分47秒_第001次,2026-09-15T19:21:47,0.679,15.0119996180012,-8.28065447431462e-06,-4.96779689987609e-05,1.76480398457158,2.72085552322244e-06,2.82304507009181,0,1.67505608008428,0.0403714327646956,-0.853166997625688,MV-202,sine_steer_python-1
681,2026年09月15日_19时21分47秒_第001次,2026-09-15T19:21:47,0.68,15.0120827332156,-8.92116808487006e-06,-4.8586334255696e-05,1.7689739881982,2.72538326134736e-06,2.82721504330011,0,1.68865585100403,0.0407002187683381,-0.860056466501747,MV-202,sine_steer_python-1
682,2026年09月15日_19时21分47秒_第001次,2026-09-15T19:21:47,0.681,15.0121659386246,-9.55469202331825e-06,-4.74702861705429e-05,1.77314401260853,2.72984530041972e-06,2.83138502825079,0,1.70198896358938,0.0410226013342007,-0.866809203578596,MV-202,sine_steer_python-1
683,2026年09月15日_19时21分47秒_第001次,2026-09-15T19:21:47,0.682,15.0122492253212,-1.01804493497587e-05,-4.63298989883686e-05,1.77731405785413,2.73424233209124e-06,2.8355550251034,0,1.71505331238731,0.0413385295774533,-0.873424136194198,MV-202,sine_steer_python-1
684,2026年09月15日_19时21分47秒_第001次,2026-09-15T19:21:47,0.683,15.0123325840224,-1.07976754700406e-05,-4.51653127452777e-05,1.78148412398867,2.73857513115425e-06,2.83972503403756,0,1.72784683438567,0.0416479535567447,-0.879900216518237,MV-202,sine_steer_python-1
685,2026年09月15日_19时21分47秒_第001次,2026-09-15T19:21:47,0.684,15.0124160050922,-1.14056192665633e-05,-4.39767369807691e-05,1.78565421106769,2.7428445545545e-06,2.84389505525253,0,1.74036750933905,0.0419508242884615,-0.886236421466642,MV-202,sine_steer_python-1
686,2026年09月15日_19时21分47秒_第001次,2026-09-15T19:21:47,0.685,15.0124994785664,-1.20035442031339e-05,-4.27644531865877e-05,1.78982431914851,2.74705154031665e-06,2.84806508896666,0,1.75261336008773,0.0422470937633487,-0.892431752521367,MV-202,sine_steer_python-1
687,2026年09月15日_19时21分47秒_第001次,2026-09-15T19:21:47,0.686,15.0125829941772,-1.25907294041016e-05,-4.15288166743699e-05,1.79399444828995,2.75119710639178e-06,2.85223513541686,0,1.76458245286991,0.04253671496374,-0.898485235512547,MV-202,sine_steer_python-1
688,2026年09月15日_19时21分47秒_第001次,2026-09-15T19:21:47,0.687,15.0126665413801,-1.31664707069711e-05,-4.02702575558772e-05,1.7981645985522,2.75528234939805e-06,2.85640519485795,0,1.77627289762709,0.0428196418811986,-0.904395920337511,MV-202,sine_steer_python-1
689,2026年09月15日_19时21分47秒_第001次,2026-09-15T19:21:47,0.688,15.0127501093803,-1.37300816878317e-05,-3.89892807578958e-05,1.80233476999662,2.75930844327323e-06,2.86057526756207,0,1.78768284830253,0.0430958295368492,-0.910162880472388,MV-202,sine_steer_python-1
690,2026年09月15日_19时21分47秒_第001次,2026-09-15T19:21:47,0.689,15.0128336871609,-1.4280894659532e-05,-3.76864654386561e-05,1.80650496268553,2.76327663782582e-06,2.86474535381794,0,1.79881050313274,0.0433652340002928,-0.915785212712084,MV-202,sine_steer_python-1
691,2026年09月15日_19时21分47秒_第001次,2026-09-15T19:21:47,0.69,15.0129172635106,-1.48182616415568e-05,-3.63624636618097e-05,1.81067517668204,2.76718825717607e-06,2.86891545393021,0,1.80965410493204,0.0436278124065247,-0.921262036913372,MV-202,sine_steer_python-1
692,2026年09月15日_19时21分47秒_第001次,2026-09-15T19:21:47,0.691,15.0130008270524,-1.53415553008905e-05,-3.50179982408682e-05,1.81484541204984,2.77104469810241e-06,2.87308556821866,0,1.82021194136999,0.043883522971276,-0.926592495687842,MV-202,sine_steer_python-1
693,2026年09月15日_19时21分47秒_第001次,2026-09-15T19:21:47,0.692,15.0130843662723,-1.58501698636041e-05,-3.36538603972184e-05,1.81901566885304,2.7748474282696e-06,2.87725569701744,0,1.83048234524183,0.0441323250045122,-0.931775754314858,MV-202,sine_steer_python-1
694,2026年09月15日_19时21分47秒_第001次,2026-09-15T19:21:47,0.693,15.0131678695483,-1.63435219953435e-05,-3.22709063412548e-05,1.82318594715593,2.77859798435113e-06,2.88142584067425,0,1.84046369473174,0.0443741789253614,-0.936811000546538,MV-202,sine_steer_python-1
695,2026年09月15日_19时21分47秒_第001次,2026-09-15T19:21:47,0.694,15.0132513251797,-1.68210516509217e-05,-3.08700541070311e-05,1.82735624702281,2.78229797004524e-06,2.88559599954951,0,1.85015441366892,0.0446090462750422,-0.941697444441255,MV-202,sine_steer_python-1
696,2026年09月15日_19时21分47秒_第001次,2026-09-15T19:21:47,0.695,15.013334721416,-1.72822228908109e-05,-2.94522793088366e-05,1.83152656851782,2.78594905397281e-06,2.88976617401548,0,1.8595529717765,0.0448368897264718,-0.946434318342251,MV-202,sine_steer_python-1
697,2026年09月15日_19时21分47秒_第001次,2026-09-15T19:21:47,0.696,15.0134180464859,-1.77265246645772e-05,-2.80186111649996e-05,1.8356969117047,2.78955296747256e-06,2.89393636445537,0,1.86865788491322,0.0450576730920779,-0.951020876933813,MV-202,sine_steer_python-1
698,2026年09月15日_19时21分47秒_第001次,2026-09-15T19:21:47,0.697,15.0135012886262,-1.81534715592568e-05,-2.65701279168426e-05,1.83986727664665,2.79311150228022e-06,2.89810657126244,0,1.87746771530775,0.0452713613307758,-0.955456397314419,MV-202,sine_steer_python-1
699,2026年09月15日_19时21分47秒_第001次,2026-09-15T19:21:47,0.698,15.0135844361107,-1.85626045120585e-05,-2.51079523536912e-05,1.84403766340613,2.79662650810207e-06,2.90227679483904,0,1.88598107178573,0.0454779205537095,-0.959740179105345,MV-202,sine_steer_python-1
700,2026年09月15日_19时21分47秒_第001次,2026-09-15T19:21:47,0.699,15.013667477278,-1.89534914857328e-05,-2.36332470613658e-05,1.84820807204467,2.80009989008212e-06,2.90644703559568,0,1.89419660998949,0.0456773180283831,-0.963871544620071,MV-202,sine_steer_python-1
701,2026年09月15日_19时21分47秒_第001次,2026-09-15T19:21:47,0.7,15.0137504005601,-1.93257281057302e-05,-2.21472096702171e-05,1.85237850262267,2.80353360616345e-06,2.91061729395006,0,1.90211303259031,0.0458695221814867,-0.967849839081655,MV-202,sine_steer_python-1
702,2026年09月15日_19时21分47秒_第001次,2026-09-15T19:21:47,0.701,15.0138331945096,-1.96789382576944e-05,-2.06510682248566e-05,1.85654895519929,2.80692966434997e-06,2.91478757032608,0,1.90972908949329,0.0460545026007889,-0.971674430907724,MV-202,sine_steer_python-1
703,2026年09月15日_19时21分47秒_第001次,2026-09-15T19:21:47,0.702,15.0139158454284,-2.00127746434434e-05,-1.9142363130007e-05,1.86071942983219,2.81029011986455e-06,2.91895786515284,0,1.91704357803475,0.0462322300370671,-0.975344711879562,MV-202,sine_steer_python-1
704,2026年09月15日_19时21分47秒_第001次,2026-09-15T19:21:47,0.703,15.0139983340462,-2.03269248650225e-05,-1.76256216124324e-05,1.86488992657643,2.81361707903362e-06,2.92312817886263,0,1.92405534317217,0.0464026764039815,-0.978860097417064,MV-202,sine_steer_python-1
705,2026年09月15日_19时21分47秒_第001次,2026-09-15T19:21:47,0.704,15.0140806471512,-2.0621099657957e-05,-1.60999805992274e-05,1.86906044548217,2.81691266025645e-06,2.92729851188768,0,1.93076327766655,0.0465658147771357,-0.982220026964777,MV-202,sine_steer_python-1
706,2026年09月15日_19时21分47秒_第001次,2026-09-15T19:21:47,0.705,15.0141627712677,-2.08950444209506e-05,-1.45664494656279e-05,1.8732309865978,2.82017897997954e-06,2.93146886466262,0,1.93716632225726,0.0467216193940719,-0.985423964275772,MV-202,sine_steer_python-1
707,2026年09月15日_19时21分47秒_第001次,2026-09-15T19:21:47,0.706,15.0142446936891,-2.11485336953784e-05,-1.30259606321433e-05,1.87740154996876,2.82341818983934e-06,2.93563923762233,0,1.94326346582935,0.046870065653544,-0.988471397692761,MV-202,sine_steer_python-1
708,2026年09月15日_19时21分47秒_第001次,2026-09-15T19:21:47,0.707,15.0143264025039,-2.13813727760753e-05,-1.14796607150941e-05,1.88157213563768,2.82663246157502e-06,2.93980963120128,0,1.94905374557315,0.0470111301139493,-0.991361840465534,MV-202,sine_steer_python-1
709,2026年09月15日_19时21分47秒_第001次,2026-09-15T19:21:47,0.708,15.0144078865905,-2.1593397490042e-05,-9.92892955866914e-06,1.88574274364438,2.82982399259502e-06,2.94398004583265,0,1.95453624713639,0.0471447904919039,-0.994094831056558,MV-202,sine_steer_python-1
710,2026年09月15日_19时21分47秒_第001次,2026-09-15T19:21:47,0.709,15.0144891356101,-2.17844742338024e-05,-8.37534669830686e-06,1.88991337402586,2.83299500747704e-06,2.94815048194749,0,1.95971010476849,0.0472710256613759,-0.996669933406583,MV-202,sine_steer_python-1
711,2026年09月15日_19时21分47秒_第001次,2026-09-15T19:21:47,0.71,15.0145701399942,-2.19545000457122e-05,-6.82066076460606e-06,1.89408402681631,2.83614775871783e-06,2.9523209399738,0,1.96457450145738,0.0473898156532093,-0.999086737169833,MV-202,sine_steer_python-1
712,2026年09月15日_19时21分47秒_第001次,2026-09-15T19:21:47,0.711,15.0146508909268,-2.21034026874585e-05,-5.26674979380154e-06,1.89825470204711,2.83928452673353e-06,2.95649142033573,0,1.96912866905841,0.0475011416550058,-1.00134485792455,MV-202,sine_steer_python-1
713,2026年09月15日_19时21分47秒_第001次,2026-09-15T19:21:47,0.712,15.0147313803234,-2.22311407431711e-05,-3.71557796448878e-06,1.90242539974679,2.84240761887482e-06,2.96066192345269,0,1.97337188841574,0.0476049860115935,-1.00344393734807,MV-202,sine_steer_python-1
714,2026年09月15日_19时21分47秒_第001次,2026-09-15T19:21:47,0.713,15.0148116008081,-2.23377037242445e-05,-2.16915289690498e-06,1.90659611994104,2.8455193675356e-06,2.96483244973851,0,1.97730348947583,0.0477013322262412,-1.00538364334718,MV-202,sine_steer_python-1
715,2026年09月15日_19时21分47秒_第001次,2026-09-15T19:21:47,0.714,15.0148915456893,-2.24231121685612e-05,-6.29486568308792e-07,1.91076686265268,2.84862212742531e-06,2.96900299960055,0,1.9809228513933,0.0477901649625763,-1.00716367014567,MV-202,sine_steer_python-1
716,2026年09月15日_19时21分47秒_第001次,2026-09-15T19:21:47,0.715,15.0149712089345,-2.24874177210851e-05,9.014394778325e-07,1.91493762790164,2.85171827209833e-06,2.97317357343889,0,1.98422940262896,0.0478714700470879,-1.00878373833524,MV-202,sine_steer_python-1
717,2026年09月15日_19时21分47秒_第001次,2026-09-15T19:21:47,0.716,15.015050585146,-2.25307031846189e-05,2.42170326581882e-06,1.91910841570493,2.85481018985673e-06,2.97734417164549,0,1.98722262104002,0.0479452344721411,-1.01024359489337,MV-202,sine_steer_python-1
718,2026年09月15日_19时21分47秒_第001次,2026-09-15T19:21:47,0.717,15.0151296695366,-2.25530825293674e-05,3.92946553498135e-06,1.9232792260766,2.85790027915783e-06,2.98151479460336,0,1.9899020339626,0.048011446399449,-1.01154301316964,MV-202,sine_steer_python-1
719,2026年09月15日_19时21分47秒_第001次,2026-09-15T19:21:47,0.718,15.0152084579064,-2.25547008517715e-05,5.42298738930248e-06,1.92745005902775,2.86099094362791e-06,2.98568544268576,0,1.99226721828634,0.0480700951639267,-1.01268179284351,MV-202,sine_steer_python-1
720,2026年09月15日_19时21分47秒_第001次,2026-09-15T19:21:47,0.719,15.0152869466214,-2.25357342747897e-05,6.90064216187933e-06,1.93162091456642,2.86408458681284e-06,2.98985611625538,0,1.99431780052123,0.0481211712778271,-1.01365975985785,MV-202,sine_steer_python-1
721,2026年09月15日_19时21分47秒_第001次,2026-09-15T19:21:47,0.72,15.0153651325929,-2.24963897828308e-05,8.36092269144341e-06,1.93579179269764,2.86718360675391e-06,2.99402681566364,0,1.99605345685654,0.0481646697363819,-1.0144766265752,MV-202,sine_steer_python-1
722,2026年09月15日_19时21分47秒_第001次,2026-09-15T19:21:47,0.721,15.0154430132595,-2.24369049870598e-05,9.80244409252575e-06,1.93996269342335,2.87029039048588e-06,2.99819754124987,0,1.99747391321203,0.048200583897683,-1.01513225125571,MV-202,sine_steer_python-1
723,2026年09月15日_19时21分47秒_第001次,2026-09-15T19:21:47,0.722,15.0155205865702,-2.23575478173514e-05,1.12239431098597e-05,1.94413361674235,2.87340730852812e-06,3.00236829334062,0,1.99857894528118,0.0482289054313952,-1.01562663915712,MV-202,sine_steer_python-1
724,2026年09月15日_19时21分47秒_第001次,2026-09-15T19:21:47,0.723,15.0155978509693,-2.22586161393495e-05,1.26242745708738e-05,1.94830456265031,2.87653670944756e-06,3.00653907224898,0,1.9993683785666,0.0482496296670522,-1.01595971795327,MV-202,sine_steer_python-1
725,2026年09月15日_19时21分47秒_第001次,2026-09-15T19:21:47,0.724,15.0156748053838,-2.21404372961394e-05,1.40024055422988e-05,1.95247553113975,2.87968091453037e-06,3.01070987827391,0,1.99984208840763,0.0482627511011474,-1.01613152639072,MV-202,sine_steer_python-1
726,2026年09月15日_19时21分47秒_第001次,2026-09-15T19:21:47,0.725,15.0157514492117,-2.20033675747053e-05,1.53574081012125e-05,1.95664652219996,2.88284221261181e-06,3.01488071169957,0,2,0.0482682695899698,-1.01614195320298,MV-202,sine_steer_python-1
727,2026年09月15日_19时21分47秒_第001次,2026-09-15T19:21:47,0.726,15.0158277823121,-2.18477915989916e-05,1.66884507507771e-05,1.96081753581703,2.88602285510719e-06,3.01905157279479,0,1.99984208840763,0.048266184223947,-1.01599099602222,MV-202,sine_steer_python-1
728,2026年09月15日_19时21分47秒_第001次,2026-09-15T19:21:47,0.727,15.0159038049968,-2.16741216514271e-05,1.79947895826471e-05,1.96498857197382,2.8892250512493e-06,3.02322246181248,0,1.9993683785666,0.0482564948351619,-1.01567869730352,MV-202,sine_steer_python-1
729,2026年09月15日_19时21分47秒_第001次,2026-09-15T19:21:47,0.728,15.0159795180233,-2.14827969260094e-05,1.92757591431155e-05,1.96915963064996,2.89245096356831e-06,3.02739337898908,0,1.99857894528118,0.0482392017876895,-1.01520515381449,MV-202,sine_steer_python-1
730,2026年09月15日_19时21分47秒_第001次,2026-09-15T19:21:47,0.729,15.0160549225883,-2.127428271616e-05,2.05307635046228e-05,1.97333071182184,2.89570270360856e-06,3.03156432454414,0,1.99747391321203,0.0482143050826759,-1.01457055410916,MV-202,sine_steer_python-1
731,2026年09月15日_19时21分47秒_第001次,2026-09-15T19:21:47,0.73,15.0161300203223,-2.10490695408553e-05,2.17592679539917e-05,1.97750181546263,2.89898232790688e-06,3.03573529867983,0,1.99605345685654,0.0481818050750216,-1.013775148146,MV-202,sine_steer_python-1
732,2026年09月15日_19时21分47秒_第001次,2026-09-15T19:21:47,0.731,15.0162048132848,-2.08076722134502e-05,2.29607911698694e-05,1.98167294154229,2.90229183421282e-06,3.03990630158058,0,1.99431780052123,0.0481417026693917,-1.01281923901506,MV-202,sine_steer_python-1
733,2026年09月15日_19时21分47秒_第001次,2026-09-15T19:21:47,0.732,15.01627930396,-2.05506288566293e-05,2.41348984455548e-05,1.98584409002756,2.90563315796758e-06,3.04407733341272,0,1.99226721828634,0.0480940051809416,-1.01170293490393,MV-202,sine_steer_python-1
734,2026年09月15日_19时21分47秒_第001次,2026-09-15T19:21:47,0.733,15.016353495252,-2.02784998682972e-05,2.5281195642164e-05,1.99001526088207,2.90900816902878e-06,3.04824839432414,0,1.9899020339626,0.048038721713837,-1.01042634512344,MV-202,sine_steer_python-1
735,2026年09月15日_19时21分47秒_第001次,2026-09-15T19:21:47,0.734,15.0164273904806,-1.99918668421264e-05,2.63993244500912e-05,1.9941864540663,2.91241866863239e-06,3.05241948444409,0,1.98722262104002,0.0479758611042456,-1.00898966559105,MV-202,sine_steer_python-1
736,2026年09月15日_19时21分47秒_第001次,2026-09-15T19:21:47,0.735,15.0165009933767,-1.96913314474301e-05,2.74889583082508e-05,1.99835766953766,2.91586638659844e-06,3.05659060388291,0,1.98422940262896,0.0479054380753518,-1.00739292013782,MV-202,sine_steer_python-1
737,2026年09月15日_19时21分47秒_第001次,2026-09-15T19:21:47,0.736,15.0165743080766,-1.9377514272051e-05,2.85497995889226e-05,2.00252890725055,2.91935297874842e-06,3.06076175273192,0,1.9809228513933,0.0478274644517395,-1.00563633085617,MV-202,sine_steer_python-1
738,2026年09月15日_19时21分47秒_第001次,2026-09-15T19:21:47,0.737,15.0166473391165,-1.90510536324406e-05,2.95815775995675e-05,2.00670016715642,2.9228800245522e-06,3.06493293106325,0,1.97730348947583,0.0477419529925027,-1.00372015618646,MV-202,sine_steer_python-1
739,2026年09月15日_19时21分47秒_第001次,2026-09-15T19:21:47,0.738,15.0167200914258,-1.87126043549006e-05,3.05840475042917e-05,2.01087144920384,2.92644902497683e-06,3.06910413892978,0,1.97337188841574,0.0476489176482603,-1.00164468013148,MV-202,sine_steer_python-1
740,2026年09月15日_19时21分47秒_第001次,2026-09-15T19:21:47,0.739,15.0167925703195,-1.8362836531545e-05,3.1556990112194e-05,2.01504275333861,2.93006140053268e-06,3.07327537636513,0,1.96912866905841,0.0475483735133496,-0.999410213916286,MV-202,sine_steer_python-1
741,2026年09月15日_19时21分47秒_第001次,2026-09-15T19:21:47,0.74,15.0168647814893,-1.80024342547127e-05,3.25002121416598e-05,2.01921407950377,2.93371848952204e-06,3.0774466433837,0,1.96457450145738,0.0474403368069712,-0.997017096634879,MV-202,sine_steer_python-1
742,2026年09月15日_19时21分47秒_第001次,2026-09-15T19:21:47,0.741,15.0169367309943,-1.76320943330722e-05,3.34135473345474e-05,2.02338542763981,2.9374215464493e-06,3.08161793998067,0,1.95971010476849,0.0473248248642807,-0.994465695532143,MV-202,sine_steer_python-1
743,2026年09月15日_19时21分47秒_第001次,2026-09-15T19:21:47,0.742,15.0170084252502,-1.72525249926561e-05,3.42968578500363e-05,2.02755679768466,2.94117174062812e-06,3.08578926613219,0,1.95453624713639,0.0472018561245232,-0.991756406322796,MV-202,sine_steer_python-1
744,2026年09月15日_19时21分47秒_第001次,2026-09-15T19:21:47,0.743,15.0170798710167,-1.68644445660211e-05,3.51500361592937e-05,2.03172818957388,2.94497015494376e-06,3.08996062179549,0,1.94905374557315,0.0470714501149547,-0.988889653659806,MV-202,sine_steer_python-1
745,2026年09月15日_19时21分47秒_第001次,2026-09-15T19:21:47,0.744,15.0171510753849,-1.6468580172379e-05,3.59730070580543e-05,2.03589960324076,2.94881778477993e-06,3.0941320069091,0,1.94326346582935,0.0469336274332965,-0.985865891678624,MV-202,sine_steer_python-1
746,2026年09月15日_19时21分47秒_第001次,2026-09-15T19:21:47,0.745,15.0172220457622,-1.60656663912403e-05,3.67657299739537e-05,2.04007103861641,2.95271553710769e-06,3.0983034213931,0,1.93716632225726,0.0467884097326522,-0.982685604433239,MV-202,sine_steer_python-1
747,2026年09月15日_19时21分47秒_第001次,2026-09-15T19:21:47,0.746,15.0172927898571,-1.5656443932602e-05,3.75282012036959e-05,2.04424249562992,2.95666422971553e-06,3.10247486514941,0,1.93076327766655,0.0466358197115244,-0.979349306095429,MV-202,sine_steer_python-1
748,2026年09月15日_19时21分47秒_第001次,2026-09-15T19:21:47,0.747,15.0173633156622,-1.52416583056279e-05,3.82604562115849e-05,2.04841397420847,2.96066459060081e-06,3.10664633806212,0,1.92405534317217,0.0464758811102212,-0.975857540867043,MV-202,sine_steer_python-1
749,2026年09月15日_19时21分47秒_第001次,2026-09-15T19:21:47,0.748,15.017433631436,-1.48220584887216e-05,3.89625716624156e-05,2.05258547427748,2.96471725749324e-06,3.11081783999782,0,1.91704357803475,0.046308618714453,-0.972210882578735,MV-202,sine_steer_python-1
750,2026年09月15日_19时21分47秒_第001次,2026-09-15T19:21:47,0.749,15.0175037456845,-1.43983956026523e-05,3.96346675646457e-05,2.05675699576076,2.96882277752828e-06,3.11498937080608,0,1.90972908949329,0.0461340583664655,-0.968409933960185,MV-202,sine_steer_python-1
751,2026年09月15日_19时21分47秒_第001次,2026-09-15T19:21:47,0.75,15.0175736671408,-1.3971421589623e-05,4.02769087009534e-05,2.06092853858064,2.97298160705786e-06,3.11916093031985,0,1.90211303259031,0.0459522269830757,-0.964455325605529,MV-202,sine_steer_python-1
752,2026年09月15日_19时21分47秒_第001次,2026-09-15T19:21:47,0.751,15.0176434047448,-1.3541887899446e-05,4.0889506278783e-05,2.06510010265809,2.97719411159908e-06,3.12333251835593,0,1.89419660998949,0.0457631525788922,-0.960347714706582,MV-202,sine_steer_python-1
753,2026年09月15日_19时21分47秒_第001次,2026-09-15T19:21:47,0.752,15.0177129676211,-1.31105441858196e-05,4.14727188184512e-05,2.06927168791292,2.9814605659203e-06,3.12750413471552,0,1.88598107178573,0.0455668642923051,-0.956087783657312,MV-202,sine_steer_python-1
754,2026年09月15日_19时21分47秒_第001次,2026-09-15T19:21:47,0.753,15.0177823650573,-1.26781370137884e-05,4.20268530707683e-05,2.0734432942639,2.98578115425981e-06,3.13167577918474,0,1.87746771530775,0.0453633924115953,-0.951676238642149,MV-202,sine_steer_python-1
755,2026年09月15日_19时21分47秒_第001次,2026-09-15T19:21:47,0.754,15.0178516064811,-1.22454085809756e-05,4.25522641106295e-05,2.07761492162892,2.99015597069092e-06,3.13584745153523,0,1.86865788491322,0.0451527683985843,-0.947113808316627,MV-202,sine_steer_python-1
756,2026年09月15日_19时21分47秒_第001次,2026-09-15T19:21:47,0.755,15.0179207014371,-1.18130954538691e-05,4.30493555625901e-05,2.08178656992511,2.99458501960659e-06,3.14001915152471,0,1.8595529717765,0.0449350249075794,-0.942401242675232,MV-202,sine_steer_python-1
757,2026年09月15日_19时21分47秒_第001次,2026-09-15T19:21:47,0.756,15.0179896595633,-1.13819273215457e-05,4.35185790498573e-05,2.08595823906907,2.99906821635408e-06,3.14419087889766,0,1.85015441366892,0.0447101957979516,-0.937539312176955,MV-202,sine_steer_python-1
758,2026年09月15日_19时21分47秒_第001次,2026-09-15T19:21:47,0.757,15.0180584905673,-1.09526257682176e-05,4.39604334437692e-05,2.09012992897691,3.00360538799286e-06,3.14836263338595,0,1.84046369473174,0.0444783161394817,-0.932528807165491,MV-202,sine_steer_python-1
759,2026年09月15日_19时21分47秒_第001次,2026-09-15T19:21:47,0.758,15.0181272042027,-1.05259030664742e-05,4.43754637449836e-05,2.09430163956451,3.00819627419987e-06,3.15253441470955,0,1.83048234524183,0.0442394222104571,-0.927370537584718,MV-202,sine_steer_python-1
760,2026年09月15日_19时21分47秒_第001次,2026-09-15T19:21:47,0.759,15.0181958102448,-1.01024609931993e-05,4.47642596608964e-05,2.09847337074761,3.0128405282997e-06,3.15670622257717,0,1.82021194136999,0.0439935514892948,-0.922065332956788,MV-202,sine_steer_python-1
761,2026年09月15日_19时21分47秒_第001次,2026-09-15T19:21:47,0.76,15.0182643184674,-9.6829896696711e-06,4.51274538597781e-05,2.10264512244196,3.01753771843256e-06,3.16087805668704,0,1.80965410493204,0.0437407426410693,-0.916614042564439,MV-202,sine_steer_python-1
762,2026年09月15日_19时21分47秒_第001次,2026-09-15T19:21:47,0.761,15.0183327386187,-9.26816642762696e-06,4.54657198839016e-05,2.1068168945635,3.02228732885926e-06,3.16504991672763,0,1.79881050313274,0.0434810355006958,-0.911017535763691,MV-202,sine_steer_python-1
763,2026年09月15日_19时21分47秒_第001次,2026-09-15T19:21:47,0.762,15.0184010803985,-8.85865470295783e-06,4.57797699176418e-05,2.11098868702846,3.02708876140053e-06,3.16922180237838,0,1.78768284830253,0.0432144710546089,-0.90527670234906,MV-202,sine_steer_python-1
764,2026年09月15日_19时21分47秒_第001次,2026-09-15T19:21:47,0.763,15.0184693534347,-8.45510295885395e-06,4.60703523501119e-05,2.11516049975355,3.03194133700455e-06,3.17339371331049,0,1.77627289762709,0.0429410914225925,-0.899392452901271,MV-202,sine_steer_python-1
765,2026年09月15日_19时21分47秒_第001次,2026-09-15T19:21:47,0.764,15.0185375672616,-8.0581436399133e-06,4.63382490751099e-05,2.11933233265605,3.03684429745355e-06,3.17756564918769,0,1.76458245286991,0.0426609398410068,-0.893365719064792,MV-202,sine_steer_python-1
766,2026年09月15日_19时21分47秒_第001次,2026-09-15T19:21:47,0.765,15.0186057312971,-7.66839215886726e-06,4.65842727289116e-05,2.12350418565401,3.04179680719471e-06,3.181737609667,0,1.75261336008773,0.0423740606481033,-0.887197453725915,MV-202,sine_steer_python-1
767,2026年09月15日_19时21分47秒_第001次,2026-09-15T19:21:47,0.766,15.0186738548221,-7.28644591750287e-06,4.68092638174856e-05,2.12767605866631,3.04679795530633e-06,3.18590959439958,0,1.74036750933905,0.0420804992715332,-0.880888631087065,MV-202,sine_steer_python-1
768,2026年09月15日_19时21分47秒_第001次,2026-09-15T19:21:47,0.767,15.0187419469591,-6.91288336342903e-06,4.70140877436192e-05,2.13184795161285,3.05184675758461e-06,3.19008160303147,0,1.72784683438567,0.0417803022176255,-0.87444024665524,MV-202,sine_steer_python-1
769,2026年09月15日_19时21分47秒_第001次,2026-09-15T19:21:47,0.768,15.0188100166529,-6.54826308399441e-06,4.71996317756141e-05,2.13601986441464,3.05694215876109e-06,3.19425363520439,0,1.7150533123873,0.0414735170616395,-0.867853317178464,MV-202,sine_steer_python-1
770,2026年09月15日_19时21分47秒_第001次,2026-09-15T19:21:47,0.769,15.0188780726507,-6.19312293898309e-06,4.73668020311895e-05,2.14019179699395,3.06208303483439e-06,3.19842569055661,0,1.70198896358938,0.0411601924380166,-0.861128880571504,MV-202,sine_steer_python-1
771,2026年09月15日_19时21分47秒_第001次,2026-09-15T19:21:47,0.77,15.0189461234837,-5.84797923328858e-06,4.75165204961725e-05,2.14436374927438,3.06726819553009e-06,3.20259776872366,0,1.68865585100403,0.0408403780297051,-0.854267995870281,MV-202,sine_steer_python-1
772,2026年09月15日_19时21分47秒_第001次,2026-09-15T19:21:47,0.771,15.0190141774497,-5.51332593123544e-06,4.76497220196078e-05,2.14853572118104,3.07249638686256e-06,3.20676986933919,0,1.67505608008428,0.0405141245558631,-0.847271743244491,MV-202,sine_steer_python-1
773,2026年09月15日_19时21分47秒_第001次,2026-09-15T19:21:47,0.772,15.0190822425963,-5.18963391333566e-06,4.77673513546444e-05,2.1527077126406,3.07776629381953e-06,3.21094199203573,0,1.66119179839162,0.0401814837576122,-0.840141224082397,MV-202,sine_steer_python-1
774,2026年09月15日_19时21分47秒_第001次,2026-09-15T19:21:47,0.773,15.0191503267043,-4.87735027704397e-06,4.78703603452254e-05,2.15687972358142,3.0830765431449e-06,3.21511413644551,0,1.64706519525686,0.0398425083819445,-0.832877561143658,MV-202,sine_steer_python-1
775,2026年09月15日_19时21分47秒_第001次,2026-09-15T19:21:47,0.774,15.0192184372736,-4.57689768249375e-06,4.79597051300291e-05,2.16105175393364,3.08842570622361e-06,3.21928630220118,0,1.63267850143437,0.0394972521642804,-0.825481898759029,MV-202,sine_steer_python-1
776,2026年09月15日_19时21分47秒_第001次,2026-09-15T19:21:47,0.775,15.0192865815081,-4.28867374415414e-06,4.80363433790736e-05,2.16522380362929,3.09381230206835e-06,3.22345848893664,0,1.6180339887499,0.0391457698104925,-0.817955403042755,MV-202,sine_steer_python-1
777,2026年09月15日_19时21分47秒_第001次,2026-09-15T19:21:47,0.776,15.0193547663032,-4.01305046943781e-06,4.81012318922509e-05,2.16939587260234,3.09923480038744e-06,3.22763069628775,0,1.60313396974175,0.0387881169793693,-0.810299262076328,MV-202,sine_steer_python-1
778,2026年09月15日_19时21分47秒_第001次,2026-09-15T19:21:47,0.777,15.0194229982331,-3.75037374522373e-06,4.81553238036943e-05,2.17356796078882,3.10469162474827e-06,3.23180292389309,0,1.58798079729567,0.0384243502665018,-0.802514686022165,MV-202,sine_steer_python-1
779,2026年09月15日_19时21分47秒_第001次,2026-09-15T19:21:47,0.778,15.0194912835397,-3.50096287253936e-06,4.81995666550492e-05,2.17774006812686,3.1101811558067e-06,3.23597517139467,0,1.57257686427324,0.0380545271904265,-0.794602907132025,MV-202,sine_steer_python-1
780,2026年09月15日_19时21分47秒_第001次,2026-09-15T19:21:47,0.779,15.0195596281218,-3.26511015101175e-06,4.82348995934507e-05,2.18191219455681,3.11570173462422e-06,3.24014743843867,0,1.55692460313405,0.0376787061815858,-0.786565179626419,MV-202,sine_steer_python-1
781,2026年09月15日_19时21分47秒_第001次,2026-09-15T19:21:47,0.78,15.0196280375265,-3.04308051228712e-06,4.8262251751996e-05,2.18608434002123,3.12125166603451e-06,3.24431972467608,0,1.54102648555158,0.0372969465743267,-0.778402779435929,MV-202,sine_steer_python-1
782,2026年09月15日_19时21分47秒_第001次,2026-09-15T19:21:47,0.781,15.0196965169396,-2.83511120442596e-06,4.82825398254548e-05,2.19025650446502,3.1268292220875e-06,3.24849202976343,0,1.5248850220229,0.0369093086017904,-0.770117003810611,MV-202,sine_steer_python-1
783,2026年09月15日_19时21分47秒_第001次,2026-09-15T19:21:47,0.782,15.0197650711793,-2.641411526325e-06,4.82966663958318e-05,2.19442868783543,3.13243264552412e-06,3.25266435336336,0,1.50850276147221,0.0365158533932243,-0.761709170817612,MV-202,sine_steer_python-1
784,2026年09月15日_19时21分47秒_第001次,2026-09-15T19:21:47,0.783,15.0198337046887,-2.46216261318103e-06,4.83055179210901e-05,2.19860089008211,3.13806015331636e-06,3.25683669514534,0,1.49188229084836,0.0361166429729887,-0.753180618757761,MV-202,sine_steer_python-1
785,2026年09月15日_19时21分47秒_第001次,2026-09-15T19:21:47,0.784,15.0199024215307,-2.2975172728132e-06,4.83099631481099e-05,2.20277311115717,3.14370994023279e-06,3.26100905478616,0,1.47502623471635,0.0357117402603897,-0.74453270553813,MV-202,sine_steer_python-1
786,2026年09月15日_19时21分47秒_第001次,2026-09-15T19:21:47,0.785,15.0199712251422,-2.14759987312167e-06,4.83142656176245e-05,2.20694535101518,3.14938018243802e-06,3.26518143197062,0,1.45793725484282,0.0353012090694342,-0.735766808038851,MV-202,sine_steer_python-1
787,2026年09月15日_19时21分47秒_第001次,2026-09-15T19:21:47,0.786,15.0200401152374,-2.01251140247427e-06,4.83168093838388e-05,2.21111760961312,3.15506904738068e-06,3.26935382639186,0,1.44061804977581,0.0348851141076867,-0.726884321509089,MV-202,sine_steer_python-1
788,2026年09月15日_19时21分47秒_第001次,2026-09-15T19:21:47,0.787,15.0201090939695,-1.89231902145124e-06,4.83192121677621e-05,2.21528988690901,3.16077467997395e-06,3.27352623775054,0,1.42307135441857,0.0344635209735789,-0.717886659019697,MV-202,sine_steer_python-1
789,2026年09月15日_19时21分47秒_第001次,2026-09-15T19:21:47,0.788,15.0201781628894,-1.78706370720921e-06,4.83223375826638e-05,2.21946218286361,3.16649520080096e-06,3.27769866575701,0,1.4052999395977,0.0340364961517602,-0.70877525099014,MV-202,sine_steer_python-1
790,2026年09月15日_19时21分47秒_第001次,2026-09-15T19:21:47,0.789,15.0202473233759,-1.69675746605514e-06,4.83269902038246e-05,2.22363449743991,3.17222872761587e-06,3.28187111013129,0,1.38730661162561,0.0336041070063393,-0.699551544796123,MV-202,sine_steer_python-1
791,2026年09月15日_19时21分47秒_第001次,2026-09-15T19:21:47,0.79,15.0203165766369,-1.62138388258035e-06,4.83338607041801e-05,2.22780683060327,3.1779733735594e-06,3.28604357060361,0,1.36909421185738,0.0331664217721234,-0.69021700445357,MV-202,sine_steer_python-1
792,2026年09月15日_19时21分47秒_第001次,2026-09-15T19:21:47,0.791,15.0203859236961,-1.5608981387125e-06,4.83435075344941e-05,2.23197918232149,3.18372725442393e-06,3.29021604691488,0,1.35066561624205,0.0327235095441853,-0.680773110370042,MV-202,sine_steer_python-1
793,2026年09月15日_19时21分47秒_第001次,2026-09-15T19:21:47,0.792,15.0204553653807,-1.5152271622543e-06,4.83563724141366e-05,2.23615155256482,3.18948849402362e-06,3.29438853881715,0,1.33202373486851,0.0322754402663171,-0.671221359136932,MV-202,sine_steer_python-1
794,2026年09月15日_19时21分47秒_第001次,2026-09-15T19:21:47,0.793,15.0205249023079,-1.48426986501616e-06,4.83727929374213e-05,2.24032394130602,3.19525522937517e-06,3.29856104607396,0,1.31317151150591,0.0318222847186804,-0.661563263303038,MV-202,sine_steer_python-1
795,2026年09月15日_19时21分47秒_第001次,2026-09-15T19:21:47,0.794,15.0205945348722,-1.46789745438384e-06,4.83930190017361e-05,2.24449634852041,3.20102561551413e-06,3.30273356846071,0,1.29411192313889,0.0313641145044953,-0.651800351245282,MV-202,sine_steer_python-1
796,2026年09月15日_19时21分47秒_第001次,2026-09-15T19:21:47,0.795,15.0206642632322,-1.46595382042655e-06,4.84172311164172e-05,2.24866877418582,3.20679782990198e-06,3.306906105765,0,1.27484797949738,0.0309010020378141,-0.641934166965176,MV-202,sine_steer_python-1
797,2026年09月15日_19时21分47秒_第001次,2026-09-15T19:21:47,0.796,15.0207340872986,-1.47825599408071e-06,4.84455581150443e-05,2.25284121828264,3.21257007645062e-06,3.31107865778688,0,1.2553827225814,0.0304330205316,-0.631966269852801,MV-202,sine_steer_python-1
798,2026年09月15日_19时21分47秒_第001次,2026-09-15T19:21:47,0.797,15.0208040067229,-1.50459467042132e-06,4.84780939205668e-05,2.25701368079382,3.21834058917175e-06,3.31525122433911,0,1.23571922618067,0.0299602439857633,-0.621898234448631,MV-202,sine_steer_python-1
799,2026年09月15日_19时21分47秒_第001次,2026-09-15T19:21:47,0.798,15.0208740208868,-1.54473479162534e-06,4.85149121278061e-05,2.26118616170481,3.22410763549623e-06,3.31942380524737,0,1.21586059538921,0.02948274717495,-0.611731650224137,MV-202,sine_steer_python-1
800,2026年09月15日_19时21分47秒_第001次,2026-09-15T19:21:47,0.799,15.0209441288938,-1.59841618343802e-06,4.85560785016632e-05,2.26535866100357,3.22986951929112e-06,3.32359640035041,0,1.19580996611504,0.0290006056369271,-0.601468121306542,MV-202,sine_steer_python-1
801,2026年09月15日_19时21分47秒_第001次,2026-09-15T19:21:47,0.8,15.0210143295615,-1.66535423985827e-06,4.86016610309132e-05,2.26953117868054,3.23562458362651e-06,3.3277690095002,0,1.17557050458495,0.028513895661925,-0.591109266135113,MV-202,sine_steer_python-1
802,2026年09月15日_19时21分47秒_第001次,2026-09-15T19:21:47,0.801,15.0210846214157,-1.74524065099831e-06,4.86517373473664e-05,2.27370371472855,3.24137121331427e-06,3.33194163256201,0,1.15514540684454,0.0280226942801569,-0.580656717243507,MV-202,sine_steer_python-1
803,2026年09月15日_19时21分47秒_第001次,2026-09-15T19:21:47,0.802,15.0211550026859,-1.83774416890302e-06,4.87064001816552e-05,2.27787626914282,3.24710783726959e-06,3.33611426941445,0,1.13453789825351,0.0275270792475454,-0.570112121094064,MV-202,sine_steer_python-1
804,2026年09月15日_19时21分47秒_第001次,2026-09-15T19:21:47,0.803,15.0212254713032,-1.9425114080468e-06,4.87657604769722e-05,2.28204884192086,3.25283293071623e-06,3.34028691994953,0,1.11375123297638,0.0270271290308248,-0.55947713792083,MV-202,sine_steer_python-1
805,2026年09月15日_19时21分47秒_第001次,2026-09-15T19:21:47,0.804,15.0212960248992,-2.05916767622079e-06,4.88299486560066e-05,2.28622143306241,3.25854501725987e-06,3.34445958407262,0,1.09278869346854,0.0265229227922241,-0.548753441580814,MV-202,sine_steer_python-1
806,2026年09月15日_19时21分47秒_第001次,2026-09-15T19:21:47,0.805,15.0213666608066,-2.18731783281116e-06,4.88991144160652e-05,2.29039404256938,3.26424267085957e-06,3.34863226170241,0,1.07165358995799,0.0260145403733069,-0.537942719436972,MV-202,sine_steer_python-1
807,2026年09月15日_19时21分47秒_第001次,2026-09-15T19:21:47,0.806,15.0214373760624,-2.32654717201311e-06,4.89734250347414e-05,2.29456667044575,3.2699245177045e-06,3.35280495277083,0,1.05034925992259,0.0255020622780109,-0.527046672272373,MV-202,sine_steer_python-1
808,2026年09月15日_19时21分47秒_第001次,2026-09-15T19:21:47,0.807,15.0215081674119,-2.4764223282792e-06,4.9053062615363e-05,2.29873931669749,3.27558923801538e-06,3.35697765722292,0,1.02887906756301,0.0249855696554536,-0.516067014208362,MV-202,sine_steer_python-1
809,2026年09月15日_19时21分47秒_第001次,2026-09-15T19:21:47,0.808,15.0215790313147,-2.63649220218436e-06,4.91382204990321e-05,2.30291198133247,3.28123556777004e-06,3.36115037501672,0,1.00724640327152,0.0244651442830781,-0.505005472600743,MV-202,sine_steer_python-1
810,2026年09月15日_19时21分47秒_第001次,2026-09-15T19:21:47,0.809,15.0216499639523,-2.80628890481717e-06,4.92290992014796e-05,2.30708466436034,3.28686230036728e-06,3.36532310612305,0,0.985454683096584,0.0239408685504687,-0.493863787900841,MV-202,sine_steer_python-1
811,2026年09月15日_19时21分47秒_第001次,2026-09-15T19:21:47,0.81,15.0217209612375,-2.9853287194658e-06,4.93259014976262e-05,2.31125736579245,3.29246828822888e-06,3.36949585052536,0,0.963507348203432,0.0234128254440355,-0.482643713474231,MV-202,sine_steer_python-1
812,2026年09月15日_19时21分47秒_第001次,2026-09-15T19:21:47,0.811,15.0217920188243,-3.17311307854383e-06,4.94288278139679e-05,2.31543008564177,3.29805244433403e-06,3.37366860821946,0,0.941407864330668,0.022881098532061,-0.471347015416114,MV-202,sine_steer_python-1
813,2026年09月15日_19时21分47秒_第001次,2026-09-15T19:21:47,0.812,15.0218631321203,-3.36912955539908e-06,4.95380711301545e-05,2.3196028239227,3.30361374369176e-06,3.37784137921329,0,0.919159721242974,0.022345771952117,-0.459975472211195,MV-202,sine_steer_python-1
814,2026年09月15日_19时21分47秒_第001次,2026-09-15T19:21:47,0.813,15.0219342962995,-3.57285286910175e-06,4.96538121092662e-05,2.32377558065106,3.30915122474269e-06,3.38201416352661,0,0.896766432180064,0.0218069303999003,-0.44853087436304,MV-202,sine_steer_python-1
815,2026年09月15日_19时21分47秒_第001次,2026-09-15T19:21:47,0.814,15.0220055063163,-3.78374590147192e-06,4.97762142970436e-05,2.3279483558439,3.31466399069081e-06,3.38618696119076,0,0.874231533301864,0.0212646591184175,-0.437015024029044,MV-202,sine_steer_python-1
816,2026年09月15日_19时21分47秒_第001次,2026-09-15T19:21:47,0.815,15.0220767569207,-4.00126072513627e-06,4.99054197239898e-05,2.33212114951943,3.32015121075497e-06,3.39035977224826,0,0.851558583130145,0.0207190438895264,-0.425429734573832,MV-202,sine_steer_python-1
817,2026年09月15日_19时21分47秒_第001次,2026-09-15T19:21:47,0.816,15.0221480426742,-4.22483964172762e-06,5.00415448027658e-05,2.33629396169689,3.32561212133927e-06,3.3945325967525,0,0.828751161986569,0.0201701710213804,-0.413776830126052,MV-202,sine_steer_python-1
818,2026年09月15日_19时21分47秒_第001次,2026-09-15T19:21:47,0.817,15.0222193579666,-4.45391622910406e-06,5.01846765564225e-05,2.34046679239645,3.33104602711126e-06,3.39870543476739,0,0.805812871427327,0.0196181273348468,-0.402058145206632,MV-202,sine_steer_python-1
819,2026年09月15日_19时21分47秒_第001次,2026-09-15T19:21:47,0.818,15.0222906970326,-4.68791639631767e-06,5.03348693525035e-05,2.34463964163906,3.33645230198655e-06,3.40287828636697,0,0.782747333674405,0.0190630001509803,-0.390275524522168,MV-202,sine_steer_python-1
820,2026年09月15日_19时21分47秒_第001次,2026-09-15T19:21:47,0.819,15.02236205397,-4.92625944537417e-06,5.04921421915924e-05,2.34881250944639,3.34183039001223e-06,3.40705115163501,0,0.759558191043604,0.0185048772843634,-0.37843082245862,MV-202,sine_steer_python-1
821,2026年09月15日_19时21分47秒_第001次,2026-09-15T19:21:47,0.82,15.0224334227576,-5.16835913868948e-06,5.06564764812934e-05,2.35298539584068,3.34717980614216e-06,3.41122403066457,0,0.736249105369359,0.0179438470346775,-0.366525902499499,MV-202,sine_steer_python-1
822,2026年09月15日_19时21分47秒_第001次,2026-09-15T19:21:47,0.821,15.0225047972732,-5.41362477091249e-06,5.08278141834392e-05,2.35715830084464,3.35250013690215e-06,3.41539692355765,0,0.7128237574265,0.0173799981751478,-0.354562636763797,MV-202,sine_steer_python-1
823,2026年09月15日_19时21分47秒_第001次,2026-09-15T19:21:47,0.822,15.0225761713122,-5.66146224366425e-06,5.10060568483452e-05,2.36133122448134,3.35779104093443e-06,3.41956983042468,0,0.689285846349034,0.0168134199391198,-0.342542905677222,MV-202,sine_steer_python-1
824,2026年09月15日_19时21分47秒_第001次,2026-09-15T19:21:47,0.823,15.0226475386055,-5.91127514241888e-06,5.11910647339617e-05,2.36550416677412,3.36305224942385e-06,3.42374275138412,0,0.665639089045974,0.0162442020067267,-0.330468597683026,MV-202,sine_steer_python-1
825,2026年09月15日_19时21分47秒_第001次,2026-09-15T19:21:47,0.824,15.0227188928385,-6.16246581335255e-06,5.13826567353206e-05,2.36967712774645,3.36828356639419e-06,3.42791568656197,0,0.641887219614418,0.0156724344913091,-0.318341608929712,MV-202,sine_steer_python-1
826,2026年09月15日_19时21分47秒_第001次,2026-09-15T19:21:47,0.825,15.0227902276683,-6.41443643930808e-06,5.15806106719248e-05,2.37385010742185,3.37348486887688e-06,3.43208863609134,0,0.618033988749896,0.0150982079232171,-0.306163843047375,MV-202,sine_steer_python-1
827,2026年09月15日_19时21分47秒_第001次,2026-09-15T19:21:47,0.826,15.0228615367422,-6.66659011303418e-06,5.1784664069233e-05,2.3780231058238,3.37865610694828e-06,3.43626160011198,0,0.594083163154072,0.0145216132300918,-0.293937211072136,MV-202,sine_steer_python-1
828,2026年09月15日_19时21分47秒_第001次,2026-09-15T19:21:47,0.827,15.0229328137149,-6.91833190628207e-06,5.19945152965803e-05,2.38219612297561,3.3837973036235e-06,3.44043457876978,0,0.570038524939953,0.0139427417137609,-0.281663631517775,MV-202,sine_steer_python-1
829,2026年09月15日_19时21分47秒_第001次,2026-09-15T19:21:47,0.828,15.0230040519216,-7.16906993282272e-06,5.2206472554818e-05,2.38636915890038,3.38890855462772e-06,3.44460757221632,0,0.545903871034652,0.0133616850242881,-0.269345030566479,MV-202,sine_steer_python-1
830,2026年09月15日_19时21分47秒_第001次,2026-09-15T19:21:47,0.829,15.0230752411522,-7.41821137527091e-06,5.24234240198736e-05,2.3905422136207,3.39399002185731e-06,3.44878058060821,0,0.521683012579794,0.0127785351329823,-0.256983342303528,MV-202,sine_steer_python-1
831,2026年09月15日_19时21分47秒_第001次,2026-09-15T19:21:47,0.83,15.0231463742627,-7.6651750729665e-06,5.26452531826793e-05,2.39471528715715,3.39904194726773e-06,3.45295360410516,0,0.497379774329708,0.0121933843065418,-0.244580508888665,MV-202,sine_steer_python-1
832,2026年09月15日_19时21分47秒_第001次,2026-09-15T19:21:47,0.831,15.0232174438906,-7.90938494626324e-06,5.28720544660431e-05,2.39888837952998,3.40406460737331e-06,3.45712664287123,0,0.472997994047449,0.0116063250811016,-0.232138480723075,MV-202,sine_steer_python-1
833,2026年09月15日_19时21分47秒_第001次,2026-09-15T19:21:47,0.832,15.0232884429768,-8.15027219246114e-06,5.3103817379697e-05,2.40306149075845,3.40905835864878e-06,3.46129969707388,0,0.448541521898763,0.0110174502238146,-0.219659217162794,MV-202,sine_steer_python-1
834,2026年09月15日_19时21分47秒_第001次,2026-09-15T19:21:47,0.833,15.0233593647848,-8.38727647873412e-06,5.3340393793853e-05,2.40723462086093,3.41402361881911e-06,3.46547276688359,0,0.424014219844108,0.0104268526499019,-0.207144689109098,MV-202,sine_steer_python-1
835,2026年09月15日_19时21分47秒_第001次,2026-09-15T19:21:47,0.834,15.0234302029042,-8.61984659605694e-06,5.35814833957673e-05,2.41140776985488,3.41896087347e-06,3.46964585247348,0,0.399419961028815,0.00983462527796098,-0.1945968842222,MV-202,sine_steer_python-1
836,2026年09月15日_19时21分47秒_第001次,2026-09-15T19:21:47,0.835,15.0235009512521,-8.84744134731377e-06,5.38266452313483e-05,2.41558093775682,3.42387067643465e-06,3.47381895401886,0,0.374762629171451,0.0092408609034718,-0.182017811368094,MV-202,sine_steer_python-1
837,2026年09月15日_19时21分47秒_第001次,2026-09-15T19:21:47,0.836,15.0235716040727,-9.06953040689697e-06,5.40753136078297e-05,2.41975412458233,3.42875365031249e-06,3.47799207169688,0,0.350046117950556,0.00864565223622319,-0.169409498092321,MV-202,sine_steer_python-1
838,2026年09月15日_19时21分47秒_第001次,2026-09-15T19:21:47,0.837,15.0236421559321,-9.28559519378102e-06,5.43268159060837e-05,2.42392733034606,3.43361048662208e-06,3.48216520568609,0,0.325274330389765,0.00804909210798089,-0.156773980847504,MV-202,sine_steer_python-1
839,2026年09月15日_19时21分47秒_第001次,2026-09-15T19:21:47,0.838,15.0237126017131,-9.49512974994741e-06,5.45803937271814e-05,2.42810055506169,3.43844194531019e-06,3.48633835616607,0,0.300451178241514,0.00745127369217024,-0.144113294725571,MV-202,sine_steer_python-1
840,2026年09月15日_19时21分47秒_第001次,2026-09-15T19:21:47,0.839,15.0237829366068,-9.69764161880473e-06,5.48352239158793e-05,2.43227379874195,3.44324885378296e-06,3.49051152331704,0,0.275580581369274,0.00685229062411551,-0.131429467438384,MV-202,sine_steer_python-1
841,2026年09月15日_19时21分47秒_第001次,2026-09-15T19:21:47,0.84,15.0238531561035,-9.89265271762247e-06,5.50904391140866e-05,2.43644706139857,3.44803210544115e-06,3.49468470731945,0,0.250666467128608,0.00625223702732185,-0.118724517286239,MV-202,sine_steer_python-1
842,2026年09月15日_19时21分47秒_第001次,2026-09-15T19:21:47,0.841,15.0239232559831,-1.00797001976292e-05,5.5345146711197e-05,2.44062034304232,3.45279265777844e-06,3.49885790835362,0,0.225712769746964,0.00565120748912761,-0.106000453257862,MV-202,sine_steer_python-1
843,2026年09月15日_19时21分47秒_第001次,2026-09-15T19:21:47,0.842,15.0239932323048,-1.02583372852003e-05,5.55984458892934e-05,2.44479364368295,3.4575315301015e-06,3.50303112659936,0,0.200723429702432,0.00504929701635284,-0.0932592759655058,MV-202,sine_steer_python-1
844,2026年09月15日_19时21分47秒_第001次,2026-09-15T19:21:47,0.843,15.0240630813965,-1.04281340984445e-05,5.58494423543946e-05,2.44896696332918,3.46224980092126e-06,3.5072043622356,0,0.175702393101487,0.00444660098313623,-0.080502978904801,MV-202,sine_steer_python-1
845,2026年09月15日_19时21分47秒_第001次,2026-09-15T19:21:47,0.844,15.0241327998441,-1.05886784334161e-05,5.60972608979275e-05,2.45314030198873,3.46694860507969e-06,3.51137761544002,0,0.150653611055867,0.00384321507588966,-0.0677335498414972,MV-202,sine_steer_python-1
846,2026年09月15日_19时21分47秒_第001次,2026-09-15T19:21:47,0.845,15.0242023844818,-1.07395765155487e-05,5.63410553437338e-05,2.45731365966824,3.47162913065737e-06,3.51555088638874,0,0.12558103905863,0.00323923523872386,-0.0549529721785431,MV-202,sine_steer_python-1
847,2026年09月15日_19时21分47秒_第001次,2026-09-15T19:21:47,0.846,15.0242718323817,-1.08804537114438e-05,5.65800168448312e-05,2.4614870363733,3.47629261571133e-06,3.51972417525592,0,0.100488636359537,0.00263475761966273,-0.0421632262847691,MV-202,sine_steer_python-1
848,2026年09月15日_19时21分47秒_第001次,2026-09-15T19:21:47,0.847,15.0243411408446,-1.1010955198416e-05,5.68133793875194e-05,2.46566043210843,3.48094034490008e-06,3.52389748221348,0,0.0753803653398687,0.00202987851758367,-0.0293662907918306,MV-202,sine_steer_python-1
849,2026年09月15日_19时21分47秒_第001次,2026-09-15T19:21:47,0.848,15.0244103073912,-1.11307465876952e-05,5.70404244311824e-05,2.46983384687705,3.48557364600428e-06,3.52807080743075,0,0.0502601908866761,0.00142469433067257,-0.0165641438270863,MV-202,sine_steer_python-1
850,2026年09月15日_19时21分47秒_第001次,2026-09-15T19:21:47,0.849,15.0244793297541,-1.12395145003136e-05,5.72604830965151e-05,2.47400728068145,3.49019388641233e-06,3.53224415107418,0,0.0251320797667044,0.000819301507255815,-0.00375876414572963,MV-202,sine_steer_python-1
851,2026年09月15日_19时21分47秒_第001次,2026-09-15T19:21:47,0.85,15.0245482058701,-1.13369670926228e-05,5.74729374860283e-05,2.47818073352281,3.49480246956945e-06,3.53641751330704,0,7.34788079488412e-16,0.000213796499356874,0.00904786785278177,MV-202,sine_steer_python-1
852,2026年09月15日_19时21分47秒_第001次,2026-09-15T19:21:47,0.851,15.0246169338738,-1.14228345309919e-05,5.76772207446689e-05,2.48235420540119,3.49940083142212e-06,3.54059089428915,0,-0.0251320797667029,-0.000391724281090914,0.0218537692212625,MV-202,sine_steer_python-1
853,2026年09月15日_19时21分47秒_第001次,2026-09-15T19:21:47,0.852,15.0246855120911,-1.14968694143879e-05,5.78728160933219e-05,2.48652769631548,3.50399043689126e-06,3.5447642941766,0,-0.0502601908866746,-0.000997164502476022,0.0346569537114186,MV-202,sine_steer_python-1
854,2026年09月15日_19时21分47秒_第001次,2026-09-15T19:21:47,0.853,15.024753939034,-1.15588471445991e-05,5.80592552655512e-05,2.49070120626343,3.50857277635372e-06,3.5489377131215,0,-0.0753803653398672,-0.0016024279498162,0.047455431185862,MV-202,sine_steer_python-1
855,2026年09月15日_19时21分47秒_第001次,2026-09-15T19:21:47,0.854,15.0248222133958,-1.16085662436185e-05,5.82361160604348e-05,2.49487473524159,3.51314936219088e-06,3.55311115127176,0,-0.100488636359539,-0.00220741855726268,0.0602472071915597,MV-202,sine_steer_python-1
856,2026年09月15日_19时21分47秒_第001次,2026-09-15T19:21:47,0.855,15.0248903340468,-1.16458486184246e-05,5.84030198692535e-05,2.49904828324539,3.51772172536332e-06,3.55728460877085,0,-0.125581039058629,-0.00281204043608555,0.0730302827242292,MV-202,sine_steer_python-1
857,2026年09月15日_19时21分47秒_第001次,2026-09-15T19:21:47,0.856,15.0249583000302,-1.16705397735583e-05,5.85596285627621e-05,2.50322185026905,3.52229141206163e-06,3.56145808575763,0,-0.150653611055866,-0.00341619789741539,0.08580265421388,MV-202,sine_steer_python-1
858,2026年09月15日_19时21分47秒_第001次,2026-09-15T19:21:47,0.857,15.025026110559,-1.16825089718872e-05,5.87056413572134e-05,2.50739543630563,3.52685998040517e-06,3.5656315823661,0,-0.175702393101485,-0.00401979546953153,0.0985623137403354,MV-202,sine_steer_python-1
859,2026年09月15日_19时21分47秒_第001次,2026-09-15T19:21:47,0.858,15.0250937650129,-1.16816493441892e-05,5.88407916113901e-05,2.51156904134702,3.5314289972129e-06,3.5698050987253,0,-0.200723429702431,-0.00462273790971792,0.111307249478538,MV-202,sine_steer_python-1
860,2026年09月15日_19时21分47秒_第001次,2026-09-15T19:21:47,0.859,15.0251612629349,-1.16678779486164e-05,5.89648436694447e-05,2.51574266538393,3.53600003483608e-06,3.57397863495911,0,-0.225712769746963,-0.00522493021056982,0.124035446378718,MV-202,sine_steer_python-1
861,2026年09月15日_19时21分47秒_第001次,2026-09-15T19:21:47,0.86,15.0252286040294,-1.16411357808686e-05,5.90775895823574e-05,2.51991630840593,3.54057466805917e-06,3.57815219118613,0,-0.250666467128606,-0.00582627760143483,0.13674488704681,MV-202,sine_steer_python-1
862,2026年09月15日_19时21分47秒_第001次,2026-09-15T19:21:47,0.861,15.0252957881587,-1.16013877358267e-05,5.91788462317143e-05,2.52408997040143,3.54515447106997e-06,3.58232576751956,0,-0.275580581369272,-0.00642668554663866,0.149433552759289,MV-202,sine_steer_python-1
863,2026年09月15日_19时21分47秒_第001次,2026-09-15T19:21:47,0.862,15.025362815341,-1.15486225223409e-05,5.92684524677662e-05,2.52826365135769,3.54974101449272e-06,3.58649936406705,0,-0.300451178241516,-0.00702605973892629,0.162099424686229,MV-202,sine_steer_python-1
864,2026年09月15日_19时21分47秒_第001次,2026-09-15T19:21:47,0.863,15.0254296857471,-1.14828525317991e-05,5.93462666014155e-05,2.53243735126089,3.55433586248757e-06,3.5906729809307,0,-0.325274330389767,-0.00762430608985005,0.174740485239248,MV-202,sine_steer_python-1
865,2026年09月15日_19时21分47秒_第001次,2026-09-15T19:21:47,0.864,15.0254963996983,-1.14041136620923e-05,5.94121639556603e-05,2.53661107009608,3.55894056992624e-06,3.59484661820691,0,-0.350046117950554,-0.00822133071920166,0.187354719456721,MV-202,sine_steer_python-1
866,2026年09月15日_19时21分47秒_第001次,2026-09-15T19:21:47,0.865,15.0255629576624,-1.13124650980625e-05,5.94660349098614e-05,2.54078480784722,3.56355667961527e-06,3.59902027598634,0,-0.37476262917145,-0.00881703994440472,0.199940116388998,MV-202,sine_steer_python-1
867,2026年09月15日_19时21分47秒_第001次,2026-09-15T19:21:47,0.866,15.0256293602513,-1.12079890497807e-05,5.95077829664948e-05,2.54495856449725,3.56818571960261e-06,3.60319395435389,0,-0.399419961028813,-0.00941134027037411,0.212494670462651,MV-202,sine_steer_python-1
868,2026年09月15日_19时21分47秒_第001次,2026-09-15T19:21:47,0.867,15.0256956082171,-1.10907904499988e-05,5.95373233988379e-05,2.54913234002804,3.57282920053513e-06,3.60736765338864,0,-0.424014219844107,-0.0100041383807193,0.225016382785965,MV-202,sine_steer_python-1
869,2026年09月15日_19时21分47秒_第001次,2026-09-15T19:21:47,0.868,15.0257617024483,-1.09609966122907e-05,5.95545817149604e-05,2.55330613442047,3.57748861308935e-06,3.61154137316388,0,-0.448541521898762,-0.0105953411313004,0.237503262352811,MV-202,sine_steer_python-1
870,2026年09月15日_19时21分47秒_第001次,2026-09-15T19:21:47,0.869,15.0258276439658,-1.08187568507554e-05,5.95594929378654e-05,2.55747994765446,3.58216542546435e-06,3.61571511374705,0,-0.472997994047447,-0.0111848555467992,0.249953327116685,MV-202,sine_steer_python-1
871,2026年09月15日_19时21分47秒_第001次,2026-09-15T19:21:47,0.87,15.0258934339183,-1.06642420635577e-05,5.95520005150672e-05,2.56165377970897,3.58686108094021e-06,3.6198888751998,0,-0.497379774329713,-0.0117725888206227,0.262364604921487,MV-202,sine_steer_python-1
872,2026年09月15日_19时21分47秒_第001次,2026-09-15T19:21:47,0.871,15.025959073578,-1.04976442805841e-05,5.95320560077978e-05,2.56582763056205,3.59157699550562e-06,3.62406265757801,0,-0.521683012579796,-0.0123584483183808,0.27473513427857,MV-202,sine_steer_python-1
873,2026年09月15日_19时21分47秒_第001次,2026-09-15T19:21:47,0.872,15.0260245643349,-1.03191761777918e-05,5.94996185374516e-05,2.57000150019089,3.59631455554938e-06,3.62823646093178,0,-0.545903871034651,-0.0129423415852572,0.287062964976811,MV-202,sine_steer_python-1
874,2026年09月15日_19时21分47秒_第001次,2026-09-15T19:21:47,0.873,15.0260899076922,-1.01290705586388e-05,5.9454654753119e-05,2.57417538857182,3.60107511562302e-06,3.63241028530557,0,-0.570038524939951,-0.0135241763576786,0.299346158508201,MV-202,sine_steer_python-1
875,2026年09月15日_19时21分47秒_第001次,2026-09-15T19:21:47,0.874,15.0261551052601,-9.92757980481995e-06,5.93971386196262e-05,2.57834929568038,3.60585999627767e-06,3.63658413073815,0,-0.594083163154071,-0.0141038605798719,0.31158278828406,MV-202,sine_steer_python-1
876,2026年09月15日_19时21分47秒_第001次,2026-09-15T19:21:47,0.875,15.0262201587503,-9.7149752971265e-06,5.9327051676179e-05,2.58252322149133,3.61067048196848e-06,3.64075799726275,0,-0.618033988749894,-0.0146813024262211,0.323770939603146,MV-202,sine_steer_python-1
877,2026年09月15日_19时21分47秒_第001次,2026-09-15T19:21:47,0.876,15.0262850699698,-9.49154680840711e-06,5.92443830558774e-05,2.58669716597871,3.61550781903862e-06,3.6449318849071,0,-0.641887219614417,-0.0152564103307691,0.335908709314511,MV-202,sine_steer_python-1
878,2026年09月15日_19时21分47秒_第001次,2026-09-15T19:21:47,0.877,15.0263498408145,-9.25760186951219e-06,5.91491299392289e-05,2.59087112911586,3.62037321377363e-06,3.64910579369353,0,-0.665639089045973,-0.0158290930256084,0.347994205100892,MV-202,sine_steer_python-1
879,2026年09月15日_19时21分47秒_第001次,2026-09-15T19:21:47,0.878,15.0264144732633,-9.01346511018157e-06,5.90412976340144e-05,2.59504511087547,3.62526783054868e-06,3.65327972363906,0,-0.689285846349032,-0.0163992595900468,0.360025544302043,MV-202,sine_steer_python-1
880,2026年09月15日_19时21分47秒_第001次,2026-09-15T19:21:47,0.879,15.0264789693708,-8.75947757584926e-06,5.89209002347263e-05,2.59921911122961,3.63019279004354e-06,3.65745367475548,0,-0.712823757426502,-0.0169668195116974,0.372000852241148,MV-202,sine_steer_python-1
881,2026年09月15日_19时21分47秒_第001次,2026-09-15T19:21:47,0.88,15.0265433312613,-8.49599602241967e-06,5.8787960662201e-05,2.60339313014978,3.63514916755171e-06,3.6616276470495,0,-0.736249105369358,-0.0175316827595476,0.383918260008813,MV-202,sine_steer_python-1
882,2026年09月15日_19时21分47秒_第001次,2026-09-15T19:21:47,0.881,15.0266075611219,-8.22339218956001e-06,5.86425113372004e-05,2.60756716760693,3.64013799137477e-06,3.66580164052283,0,-0.759558191043603,-0.0180937598686595,0.395775901752022,MV-202,sine_steer_python-1
883,2026年09月15日_19时21分47秒_第001次,2026-09-15T19:21:47,0.882,15.0266716611961,-7.94205205512274e-06,5.84845942887879e-05,2.6117412235715,3.64516024130244e-06,3.66997565517228,0,-0.782747333674404,-0.0186529620253388,0.40757191196225,MV-202,sine_steer_python-1
884,2026年09月15日_19时21分47秒_第001次,2026-09-15T19:21:47,0.883,15.0267356337768,-7.65237507097086e-06,5.83142616212786e-05,2.61591529801348,3.65021684719228e-06,3.67414969098995,0,-0.805812871427326,-0.0192092011421506,0.419304423173051,MV-202,sine_steer_python-1
885,2026年09月15日_19时21分47秒_第001次,2026-09-15T19:21:47,0.884,15.0267994812,-7.35477338265787e-06,5.81315756800938e-05,2.62008939090241,3.65530868763922e-06,3.67832374796327,0,-0.828751161986568,-0.0197623899103835,0.43097156459992,MV-202,sine_steer_python-1
886,2026年09月15日_19时21分47秒_第001次,2026-09-15T19:21:47,0.885,15.0268632058386,-7.04967103378102e-06,5.79366092928653e-05,2.62426350220745,3.66043658874181e-06,3.6824978260752,0,-0.851558583130143,-0.0203124418185406,0.442571462216746,MV-202,sine_steer_python-1
887,2026年09月15日_19时21分47秒_第001次,2026-09-15T19:21:47,0.886,15.0269268100958,-6.73750315675258e-06,5.77294459605872e-05,2.62843763189737,3.6656013229676e-06,3.68667192530431,0,-0.874231533301862,-0.0208592711316954,0.454102240492227,MV-202,sine_steer_python-1
888,2026年09月15日_19时21分47秒_第001次,2026-09-15T19:21:47,0.887,15.0269902963992,-6.41871515146192e-06,5.75101797948313e-05,2.63261177994063,3.67080360812415e-06,3.69084604562495,0,-0.896766432180066,-0.0214027928365115,0.465562025583264,MV-202,sine_steer_python-1
889,2026年09月15日_19时21分47秒_第001次,2026-09-15T19:21:47,0.888,15.0270536671948,-6.09376185311186e-06,5.72789157339404e-05,2.63678594630539,3.67604410642165e-06,3.69502018700734,0,-0.919159721242976,-0.0219429225651497,0.476948949422959,MV-202,sine_steer_python-1
890,2026年09月15日_19时21分47秒_第001次,2026-09-15T19:21:47,0.889,15.0271169249418,-5.76310669103266e-06,5.70357692895835e-05,2.64096013095954,3.68132342365157e-06,3.69919434941776,0,-0.941407864330667,-0.0224795765137073,0.488261154037113,MV-202,sine_steer_python-1
891,2026年09月15日_19时21分47秒_第001次,2026-09-15T19:21:47,0.89,15.0271800721064,-5.42722083953495e-06,5.67808664380472e-05,2.64513433387073,3.68664210845995e-06,3.70336853281863,0,-0.963507348203431,-0.0230126713680189,0.499496795542862,MV-202,sine_steer_python-1
892,2026年09月15日_19时21分47秒_第001次,2026-09-15T19:21:47,0.891,15.0272431111575,-5.08658236246486e-06,5.65143434858136e-05,2.64930855500638,3.69200065173374e-06,3.70754273716868,0,-0.985454683096582,-0.023542124244596,0.51065404749893,MV-202,sine_steer_python-1
893,2026年09月15日_19时21分47秒_第001次,2026-09-15T19:21:47,0.892,15.0273060445614,-4.74167535309835e-06,5.62363467154899e-05,2.65348279433377,3.69739948608772e-06,3.71171696242308,0,-1.00724640327152,-0.0240678526497373,0.521731103478943,MV-202,sine_steer_python-1
894,2026年09月15日_19时21分47秒_第001次,2026-09-15T19:21:47,0.893,15.0273688747773,-4.39298907042265e-06,5.59470320886552e-05,2.65765705181999,3.70283898546403e-06,3.71589120853354,0,-1.02887906756301,-0.0245897744565308,0.532726178879986,MV-202,sine_steer_python-1
895,2026年09月15日_19时21分47秒_第001次,2026-09-15T19:21:47,0.894,15.0274316042535,-4.04101707364623e-06,5.5646564829153e-05,2.661831327432,3.70831946483192e-06,3.72006547544849,0,-1.05034925992259,-0.0251078078977394,0.543637512051897,MV-202,sine_steer_python-1
896,2026年09月15日_19时21分47秒_第001次,2026-09-15T19:21:47,0.895,15.0274942354228,-3.68625635603955e-06,5.53351189167164e-05,2.66600562113666,3.71384118000192e-06,3.72423976311318,0,-1.071653589958,-0.0256218715720211,0.554463364855683,MV-202,sine_steer_python-1
897,2026年09月15日_19时21分47秒_第001次,2026-09-15T19:21:47,0.896,15.0275567706996,-3.32920647971654e-06,5.50128767252503e-05,2.67017993290074,3.71940432753868e-06,3.7284140714698,0,-1.09278869346854,-0.0261318844608168,0.565202022774957,MV-202,sine_steer_python-1
898,2026年09月15日_19时21分47秒_第001次,2026-09-15T19:21:47,0.897,15.027619212476,-2.97036871282975e-06,5.46800283979298e-05,2.67435426269093,3.72500904478425e-06,3.73258840045762,0,-1.11375123297638,-0.0266377659539929,0.575851794633131,MV-202,sine_steer_python-1
899,2026年09月15日_19时21分47秒_第001次,2026-09-15T19:21:47,0.898,15.0276815631195,-2.61024517030837e-06,5.43367712559898e-05,2.67852861047391,3.73065540998685e-06,3.73676275001312,0,-1.13453789825351,-0.0271394358832474,0.586411011950816,MV-202,sine_steer_python-1
900,2026年09月15日_19时21分47秒_第001次,2026-09-15T19:21:47,0.899,15.0277438249698,-2.24933795970854e-06,5.3983309380314e-05,2.68270297621628,3.73634344252807e-06,3.74093712007008,0,-1.15514540684454,-0.027636814564513,0.596878028068046,MV-202,sine_steer_python-1
901,2026年09月15日_19时21分47秒_第001次,2026-09-15T19:21:47,0.9,15.027806000337,-1.88814833363533e-06,5.36198529232426e-05,2.68687735988467,3.74207310326015e-06,3.74511151055971,0,-1.17557050458495,-0.0281298228460391,0.607251216862844,MV-202,sine_steer_python-1
902,2026年09月15日_19时21分47秒_第001次,2026-09-15T19:21:47,0.901,15.0278680914991,-1.5271758498495e-06,5.32466174942205e-05,2.69105176144569,3.74784429493539e-06,3.74928592141076,0,-1.19580996611504,-0.0286183821421013,0.617528971821414,MV-202,sine_steer_python-1
903,2026年09月15日_19时21分47秒_第001次,2026-09-15T19:21:47,0.902,15.0279301007005,-1.16691754033467e-06,5.28638236122366e-05,2.69522618086597,3.75365686274053e-06,3.75346035254966,0,-1.21586059538921,-0.0291024144782167,0.627709705071956,MV-202,sine_steer_python-1
904,2026年09月15日_19时21分47秒_第001次,2026-09-15T19:21:47,0.903,15.0279920301506,-8.0786709088318e-07,5.24716962010288e-05,2.6994006181122,3.75951059492451e-06,3.75763480390056,0,-1.23571922618067,-0.0295818425460467,0.637791846025214,MV-202,sine_steer_python-1
905,2026年09月15日_19时21分47秒_第001次,2026-09-15T19:21:47,0.904,15.0280538820226,-4.50514032357016e-07,5.20704638917803e-05,2.70357507315107,3.76540522352317e-06,3.76180927538549,0,-1.2553827225814,-0.030056589755829,0.64777383986674,MV-202,sine_steer_python-1
906,2026年09月15日_19时21分47秒_第001次,2026-09-15T19:21:47,0.905,15.0281156584526,-9.53429446163054e-08,5.16603586341704e-05,2.70774954594937,3.77134042517585e-06,3.76598376692441,0,-1.27484797949738,-0.0305265802823996,0.657654146261946,MV-202,sine_steer_python-1
907,2026年09月15日_19时21分47秒_第001次,2026-09-15T19:21:47,0.906,15.0281773615388,2.57167325196228e-07,5.12416150491698e-05,2.71192403647392,3.77731582202998e-06,3.77015827843534,0,-1.29411192313889,-0.0309917391071108,0.667431238308897,MV-202,sine_steer_python-1
908,2026年09月15日_19时21分47秒_第001次,2026-09-15T19:21:47,0.907,15.0282389933413,6.06544429408272e-07,5.08144700766561e-05,2.71609854469165,3.7833309827313e-06,3.77433280983444,0,-1.31317151150591,-0.0314519920574014,0.677103601641323,MV-202,sine_steer_python-1
909,2026年09月15日_19时21分47秒_第001次,2026-09-15T19:21:47,0.908,15.0283005558815,9.52323269982538e-07,5.03791623909801e-05,2.72027307056956,3.78938542350584e-06,3.7785073610361,0,-1.3320237348685,-0.0319072658427427,0.686669733669478,MV-202,sine_steer_python-1
910,2026年09月15日_19时21分47秒_第001次,2026-09-15T19:21:47,0.909,15.0283620511426,1.29404673131878e-06,4.99359321773784e-05,2.72444761407473,3.79547860931202e-06,3.78268193195298,0,-1.35066561624205,-0.0323574880849617,0.696128143023146,MV-202,sine_steer_python-1
911,2026年09月15日_19时21分47秒_第001次,2026-09-15T19:21:47,0.91,15.0284234810695,1.63126639431053e-06,4.9485020563632e-05,2.72862217517438,3.80160995507999e-06,3.78685652249616,0,-1.36909421185738,-0.0328025873422293,0.705477349245655,MV-202,sine_steer_python-1
912,2026年09月15日_19时21分47秒_第001次,2026-09-15T19:21:47,0.911,15.0284848475688,1.96354323107591e-06,4.90266694263699e-05,2.73279675383581,3.80777882702146e-06,3.79103113257516,0,-1.38730661162561,-0.0332424931270786,0.714715882740695,MV-202,sine_steer_python-1
913,2026年09月15日_19时21分47秒_第001次,2026-09-15T19:21:47,0.912,15.0285461525099,2.29044827883558e-06,4.8561121060268e-05,2.73697135002643,3.81398454401217e-06,3.79520576209802,0,-1.4052999395977,-0.0336771359187244,0.723842284969318,MV-202,sine_steer_python-1
914,2026年09月15日_19时21分47秒_第001次,2026-09-15T19:21:47,0.913,15.0286073977254,2.61156329237033e-06,4.80886179126049e-05,2.7411459637138,3.82022637904068e-06,3.7993804109714,0,-1.42307135441857,-0.0341064471699112,0.732855108874848,MV-202,sine_steer_python-1
915,2026年09月15日_19时21分47秒_第001次,2026-09-15T19:21:47,0.914,15.0286685850116,2.92648137406066e-06,4.76094023862303e-05,2.74532059486558,3.82650356072672e-06,3.8035550791006,0,-1.44061804977582,-0.0345303593103785,0.74175291937611,MV-202,sine_steer_python-1
916,2026年09月15日_19时21分47秒_第001次,2026-09-15T19:21:47,0.915,15.0287297161296,3.23480758048604e-06,4.71237167299513e-05,2.74949524344958,3.83281527489442e-06,3.80772976638967,0,-1.45793725484282,-0.0349488057466446,0.750534294081114,MV-202,sine_steer_python-1
917,2026年09月15日_19时21分47秒_第001次,2026-09-15T19:21:47,0.916,15.0287907928061,3.53615950486949e-06,4.66318027127632e-05,2.75366990943372,3.83916066620834e-06,3.81190447274142,0,-1.47502623471635,-0.0353617208564332,0.759197824227246,MV-202,sine_steer_python-1
918,2026年09月15日_19时21分47秒_第001次,2026-09-15T19:21:47,0.917,15.0288518167346,3.83016783484252e-06,4.61339018588782e-05,2.75784459278608,3.84553883986293e-06,3.81607919805752,0,-1.49188229084836,-0.0357690399822875,0.767742115563789,MV-202,sine_steer_python-1
919,2026年09月15日_19时21分47秒_第001次,2026-09-15T19:21:47,0.918,15.0289127895762,4.11647688390523e-06,4.56302549333733e-05,2.76201929347489,3.85194886331907e-06,3.82025394223853,0,-1.50850276147221,-0.0361706994243941,0.776165789327027,MV-202,sine_steer_python-1
920,2026年09月15日_19时21分47秒_第001次,2026-09-15T19:21:47,0.919,15.0289737129611,4.39474509740457e-06,4.51211023641385e-05,2.76619401146852,3.85838976808962e-06,3.82442870518396,0,-1.52488502202289,-0.036566636430892,0.784467483327766,MV-202,sine_steer_python-1
921,2026年09月15日_19时21分47秒_第001次,2026-09-15T19:21:47,0.92,15.0290345884892,4.66464553054813e-06,4.46066839440048e-05,2.77036874673547,3.86486055157101e-06,3.82860348679234,0,-1.54102648555158,-0.0369567891879183,0.792645853009329,MV-202,sine_steer_python-1
922,2026年09月15日_19时21分47秒_第001次,2026-09-15T19:21:47,0.921,15.0290954177317,4.92586629938817e-06,4.40872388513548e-05,2.77454349924443,3.87136017890821e-06,3.83277828696125,0,-1.55692460313405,-0.037341096810104,0.800699572451225,MV-202,sine_steer_python-1
923,2026年09月15日_19时21分47秒_第001次,2026-09-15T19:21:47,0.922,15.029156202232,5.17811100354215e-06,4.35630059277055e-05,2.77871826896424,3.87788758489766e-06,3.83695310558735,0,-1.57257686427324,-0.0377194993314259,0.808627335380458,MV-202,sine_steer_python-1
924,2026年09月15日_19时21分47秒_第001次,2026-09-15T19:21:47,0.923,15.0292169435068,5.42109911985632e-06,4.30342233944929e-05,2.78289305586389,3.8844416759277e-06,3.84112794256649,0,-1.58798079729567,-0.0380919376975679,0.816427856124382,MV-202,sine_steer_python-1
925,2026年09月15日_19时21分47秒_第001次,2026-09-15T19:21:47,0.924,15.0292776430476,5.65456636741238e-06,4.25011292235278e-05,2.78706785991256,3.89102133193378e-06,3.8453027977937,0,-1.60313396974175,-0.0384583537597329,0.824099870475678,MV-202,sine_steer_python-1
926,2026年09月15日_19时21分47秒_第001次,2026-09-15T19:21:47,0.925,15.0293383023211,5.87826504258926e-06,4.19639609942097e-05,2.79124268107957,3.89762540839671e-06,3.84947767116327,0,-1.61803398874989,-0.0388186902697749,0.831642136489288,MV-202,sine_steer_python-1
927,2026年09月15日_19时21分47秒_第001次,2026-09-15T19:21:47,0.926,15.0293989227708,6.09196432438109e-06,4.14229561675821e-05,2.79541751933447,3.90425273834206e-06,3.85365256256878,0,-1.63267850143437,-0.0391728908772312,0.839053435192803,MV-202,sine_steer_python-1
928,2026年09月15日_19时21分47秒_第001次,2026-09-15T19:21:47,0.927,15.0294595058174,6.29545054937469e-06,4.08783520501645e-05,2.79959237464693,3.91090213437183e-06,3.85782747190319,0,-1.64706519525685,-0.0395209001287547,0.846332571186781,MV-202,sine_steer_python-1
929,2026年09月15日_19时21分47秒_第001次,2026-09-15T19:21:47,0.928,15.0295200528601,6.48852745634375e-06,4.03303859834637e-05,2.80376724698687,3.91757239070171e-06,3.86200239905882,0,-1.66119179839162,-0.0398626634700029,0.853478373130749,MV-202,sine_steer_python-1
930,2026年09月15日_19时21分47秒_第001次,2026-09-15T19:21:47,0.929,15.0295805652773,6.67101639998209e-06,3.97792953465237e-05,2.80794213632435,3.92426228520895e-06,3.86617734392747,0,-1.67505608008428,-0.0401981272499148,0.860489694118508,MV-202,sine_steer_python-1
931,2026年09月15日_19时21分47秒_第001次,2026-09-15T19:21:47,0.93,15.0296410444267,6.84275653401415e-06,3.92253179051713e-05,2.81211704262966,3.93097058148919e-06,3.87035230640044,0,-1.68865585100403,-0.0405272387274107,0.867365411941491,MV-202,sine_steer_python-1
932,2026年09月15日_19时21分47秒_第001次,2026-09-15T19:21:47,0.931,15.0297014916468,7.00360496284797e-06,3.86686915176213e-05,2.8162919658733,3.93769603091538e-06,3.87452728636858,0,-1.70198896358938,-0.040849946080524,0.874104429245585,MV-202,sine_steer_python-1
933,2026年09月15日_19时21分47秒_第001次,2026-09-15T19:21:47,0.932,15.0297619082565,7.15343686289394e-06,3.81096546414946e-05,2.82046690602598,3.94443737469038e-06,3.87870228372237,0,-1.7150533123873,-0.0411661984179562,0.880705673585064,MV-202,sine_steer_python-1
934,2026年09月15日_19时21分47秒_第001次,2026-09-15T19:21:47,0.933,15.0298222955558,7.29214557214378e-06,3.75484461151912e-05,2.82464186305862,3.95119334590515e-06,3.88287729835196,0,-1.72784683438567,-0.041475945793251,0.887168097288985,MV-202,sine_steer_python-1
935,2026年09月15日_19时21分47秒_第001次,2026-09-15T19:21:47,0.934,15.0298826548258,7.41964264926648e-06,3.69853054382702e-05,2.82881683694238,3.95796267157954e-06,3.88705233014723,0,-1.74036750933905,-0.0417791392191118,0.893490677368389,MV-202,sine_steer_python-1
936,2026年09月15日_19时21分47秒_第001次,2026-09-15T19:21:47,0.935,15.0299429873291,7.5358579015001e-06,3.6420472777253e-05,2.83299182764867,3.96474407469884e-06,3.89122737899788,0,-1.75261336008773,-0.0420757306840661,0.899672415339591,MV-202,sine_steer_python-1
937,2026年09月15日_19时21分47秒_第001次,2026-09-15T19:21:47,0.936,15.0300032943092,7.64073938189616e-06,3.58541889468249e-05,2.83716683514914,3.97153627623533e-06,3.89540244479345,0,-1.7645824528699,-0.0423656731696957,0.905712337019852,MV-202,sine_steer_python-1
938,2026年09月15日_19时21分47秒_第001次,2026-09-15T19:21:47,0.937,15.0300635769905,7.73425335609899e-06,3.52866956124448e-05,2.84134185941569,3.97833799714706e-06,3.89957752742344,0,-1.77627289762709,-0.042648920669263,0.911609492165405,MV-202,sine_steer_python-1
939,2026年09月15日_19时21分47秒_第001次,2026-09-15T19:21:47,0.938,15.030123836578,7.8163842386496e-06,3.47182352205644e-05,2.84551690042052,3.98514796036486e-06,3.90375262677736,0,-1.78768284830253,-0.0429254282081642,0.917362954009828,MV-202,sine_steer_python-1
940,2026年09月15日_19时21分47秒_第001次,2026-09-15T19:21:47,0.939,15.0301840742564,7.88713449939032e-06,3.41490510670134e-05,2.84969195813608,3.99196489274678e-06,3.9079277427448,0,-1.79881050313274,-0.0431951518621896,0.922971819022713,MV-202,sine_steer_python-1
941,2026年09月15日_19时21分47秒_第001次,2026-09-15T19:21:47,0.94,15.0302442911898,7.94652454024857e-06,3.35793872972765e-05,2.85386703253514,3.99878752701693e-06,3.91210287521552,0,-1.80965410493204,-0.0434580487739521,0.928435206701167,MV-202,sine_steer_python-1
942,2026年09月15日_19时21分47秒_第001次,2026-09-15T19:21:47,0.941,15.0303044885204,7.99459254261481e-06,3.30094888308794e-05,2.85804212359076,4.00561460366218e-06,3.91627802407956,0,-1.82021194136999,-0.0437140771689809,0.93375225919531,MV-202,sine_steer_python-1
943,2026年09月15日_19时21分47秒_第001次,2026-09-15T19:21:47,0.942,15.0303646673679,8.03139428623818e-06,3.24396015410549e-05,2.86221723127633,4.01244487280977e-06,3.92045318922725,0,-1.83048234524183,-0.0439631963685484,0.938922141248794,MV-202,sine_steer_python-1
944,2026年09月15日_19时21分47秒_第001次,2026-09-15T19:21:47,0.943,15.0304248288279,8.0570029392937e-06,3.18699719255446e-05,2.86639235556557,4.01927709606221e-06,3.92462837054941,0,-1.84046369473174,-0.0442053668038662,0.943944040048194,MV-202,sine_steer_python-1
945,2026年09月15日_19时21分47秒_第001次,2026-09-15T19:21:47,0.944,15.0304849739709,8.07150882130734e-06,3.13008473176911e-05,2.87056749643255,4.0261100482969e-06,3.92880356793736,0,-1.85015441366892,-0.0444405500287791,0.948817165067859,MV-202,sine_steer_python-1
946,2026年09月15日_19时21分47秒_第001次,2026-09-15T19:21:47,0.945,15.0305451038406,8.075019138393e-06,3.07324756628341e-05,2.8747426538517,4.03294251942828e-06,3.93297878128304,0,-1.8595529717765,-0.0446687087291707,0.953540748053693,MV-202,sine_steer_python-1
947,2026年09月15日_19时21分47秒_第001次,2026-09-15T19:21:47,0.946,15.0306052194525,8.06765769225189e-06,3.0165105440512e-05,2.87891782779784,4.03977331612717e-06,3.93715401047915,0,-1.86865788491322,-0.0448898067304666,0.958114043091378,MV-202,sine_steer_python-1
948,2026年09月15日_19时21分47秒_第001次,2026-09-15T19:21:47,0.947,15.0306653217917,8.04956456324131e-06,2.95989856396252e-05,2.88309301824616,4.04660126349485e-06,3.9413292554192,0,-1.87746771530775,-0.0451038090043627,0.962536326691057,MV-202,sine_steer_python-1
949,2026年09月15日_19时21分47秒_第001次,2026-09-15T19:21:47,0.948,15.0307254118117,8.02089576821532e-06,2.90343655662845e-05,2.88726822517229,4.05342520669205e-06,3.94550451599769,0,-1.88598107178573,-0.0453106816744307,0.966806897902047,MV-202,sine_steer_python-1
950,2026年09月15日_19时21分47秒_第001次,2026-09-15T19:21:47,0.949,15.0307854904315,7.98182289411774e-06,2.84714946934969e-05,2.89144344855225,4.06024401251759e-06,3.94967979211014,0,-1.89419660998949,-0.0455103920201419,0.970925078486278,MV-202,sine_steer_python-1
951,2026年09月15日_19时21分47秒_第001次,2026-09-15T19:21:47,0.95,15.0308455585344,7.93253270803794e-06,2.79106225829764e-05,2.89561868836254,4.06705657094388e-06,3.9538550836533,0,-1.90211303259031,-0.0457029084795504,0.974890213141457,MV-202,sine_steer_python-1
952,2026年09月15日_19时21分47秒_第001次,2026-09-15T19:21:47,0.951,15.0309056169649,7.87322674428785e-06,2.73519985979729e-05,2.89979394458009,4.0738617965899e-06,3.95803039052518,0,-1.90972908949329,-0.0458882006510215,0.978701669786026,MV-202,sine_steer_python-1
953,2026年09月15日_19时21分47秒_第001次,2026-09-15T19:21:47,0.952,15.030965666527,7.80412087000303e-06,2.67958718115312e-05,2.90396921718233,4.08065863015111e-06,3.96220571262526,0,-1.91704357803475,-0.0460662392948775,0.982358839764161,MV-202,sine_steer_python-1
954,2026年09月15日_19时21分47秒_第001次,2026-09-15T19:21:47,0.953,15.0310257079814,7.72544482942318e-06,2.62424906903141e-05,2.90814450614715,4.08744603976426e-06,3.96638104985456,0,-1.92405534317217,-0.0462369963334828,0.985861138086419,MV-202,sine_steer_python-1
955,2026年09月15日_19时21分47秒_第001次,2026-09-15T19:21:47,0.954,15.0310857420429,7.63744176855335e-06,2.56921029957684e-05,2.91231981145298,4.09422302232575e-06,3.97055640211577,0,-1.93076327766655,-0.0464004448498201,0.989208003841186,MV-202,sine_steer_python-1
956,2026年09月15日_19时21分47秒_第001次,2026-09-15T19:21:47,0.955,15.0311457693783,7.54036774039291e-06,2.51449554502159e-05,2.91649513307875,4.10098860474082e-06,3.97473176931345,0,-1.93716632225726,-0.0465565590873709,0.992398900489324,MV-202,sine_steer_python-1
957,2026年09月15日_19时21分47秒_第001次,2026-09-15T19:21:47,0.956,15.0312057906033,7.4344911925056e-06,2.46012934771145e-05,2.92067047100397,4.10774184512725e-06,3.97890715135406,0,-1.94326346582935,-0.0467053144495913,0.995433316135667,MV-202,sine_steer_python-1
958,2026年09月15日_19时21分47秒_第001次,2026-09-15T19:21:47,0.957,15.0312658062799,7.32009243734323e-06,2.40613609764796e-05,2.92484582520868,4.11448183394382e-06,3.98308254814619,0,-1.94905374557315,-0.0468466874985042,0.998310763838019,MV-202,sine_steer_python-1
959,2026年09月15日_19时21分47秒_第001次,2026-09-15T19:21:47,0.958,15.031325816914,7.19746310673565e-06,2.35253999840046e-05,2.92902119567348,4.12120769506833e-06,3.98725795960066,0,-1.95453624713639,-0.0469806559533807,1.00103078190857,MV-202,sine_steer_python-1
960,2026年09月15日_19时21分47秒_第001次,2026-09-15T19:21:47,0.959,15.0313858229523,7.06690559146934e-06,2.29936503571053e-05,2.93319658237961,4.12791858680926e-06,3.99143338563063,0,-1.95971010476849,-0.0471071986900379,1.00359293417315,MV-202,sine_steer_python-1
961,2026年09月15日_19时21分47秒_第001次,2026-09-15T19:21:47,0.96,15.0314458247795,6.92873246711121e-06,2.2466349566764e-05,2.93737198530887,4.1346137028542e-06,3.99560882615182,0,-1.96457450145738,-0.0472262957405661,1.00599681019766,MV-202,sine_steer_python-1
962,2026年09月15日_19时21分47秒_第001次,2026-09-15T19:21:47,0.961,15.0315058227163,6.78326590695141e-06,2.19437321739414e-05,2.94154740444371,4.1412922731544e-06,3.99978428108256,0,-1.96912866905841,-0.0473379282933726,1.00824202549128,MV-202,sine_steer_python-1
963,2026年09月15日_19时21分47秒_第001次,2026-09-15T19:21:47,0.962,15.0315658170157,6.63083708372818e-06,2.14260296663454e-05,2.94572283976721,4.14795356474925e-06,4.00395975034399,0,-1.97337188841574,-0.0474420786937484,1.0103282216774,MV-202,sine_steer_python-1
964,2026年09月15日_19时21分47秒_第001次,2026-09-15T19:21:47,0.963,15.0316258078612,6.47178556046298e-06,2.09134699675836e-05,2.94989829126308,4.15459688251698e-06,4.00813523386019,0,-1.97730348947583,-0.0475387304451481,1.01225506662146,MV-202,sine_steer_python-1
965,2026年09月15日_19时21分47秒_第001次,2026-09-15T19:21:47,0.964,15.0316857953636,6.30645867239751e-06,2.04062771580734e-05,2.95407375891571,4.16122156986978e-06,4.01231073155831,0,-1.9809228513933,-0.0476278682111697,1.01402225451584,MV-202,sine_steer_python-1
966,2026年09月15日_19时21分47秒_第001次,2026-09-15T19:21:47,0.965,15.0317457795589,6.13521090043101e-06,1.99046710554932e-05,2.95824924271016,4.16782700937934e-06,4.01648624336871,0,-1.98422940262896,-0.0477094778181339,1.01562950592754,MV-202,sine_steer_python-1
967,2026年09月15日_19时21分47秒_第001次,2026-09-15T19:21:47,0.966,15.0318057604056,5.95840323765786e-06,1.94088668069337e-05,2.96242474263219,4.17441262333362e-06,4.0206617692251,0,-1.98722262104002,-0.0477835462581978,1.01707656781173,MV-202,sine_steer_python-1
968,2026年09月15日_19时21分47秒_第001次,2026-09-15T19:21:47,0.967,15.0318657377824,5.77640255009788e-06,1.89190745582784e-05,2.96660025866822,4.18097787423624e-06,4.02483730906467,0,-1.9899020339626,-0.0478500616929596,1.01836321349259,MV-202,sine_steer_python-1
969,2026年09月15日_19时21分47秒_第001次,2026-09-15T19:21:47,0.968,15.0319257114859,5.58958093242147e-06,1.84354990031863e-05,2.9707757908054,4.1875222652279e-06,4.02901286282822,0,-1.99226721828634,-0.0479090134574725,1.01948924261429,MV-202,sine_steer_python-1
970,2026年09月15日_19时21分47秒_第001次,2026-09-15T19:21:47,0.969,15.0319856812287,5.39831506038064e-06,1.79583389990502e-05,2.97495133903159,4.19404534045753e-06,4.03318843046033,0,-1.99431780052123,-0.0479603920645466,1.02045448106742,MV-202,sine_steer_python-1
971,2026年09月15日_19时21分47秒_第001次,2026-09-15T19:21:47,0.97,15.0320456466372,5.20298554045436e-06,1.7487787151315e-05,2.97912690333536,4.20054668537611e-06,4.03736401190939,0,-1.99605345685654,-0.0480041925293393,1.02125864034194,MV-202,sine_steer_python-1
972,2026年09月15日_19时21分47秒_第001次,2026-09-15T19:21:47,0.971,15.0321056072497,5.00397625829269e-06,1.7024029400586e-05,2.983302483706,4.20702592696946e-06,4.04153960712784,0,-1.99747391321204,-0.0480404082142075,1.02190157849074,MV-202,sine_steer_python-1
973,2026年09月15日_19时21分47秒_第001次,2026-09-15T19:21:47,0.972,15.0321655625151,4.8016737268901e-06,1.65672446746223e-05,2.98747808013354,4.21348273392625e-06,4.04571521607218,0,-1.99857894528118,-0.0480690307838961,1.02238330095686,MV-202,sine_steer_python-1
974,2026年09月15日_19时21分47秒_第001次,2026-09-15T19:21:47,0.973,15.032225511791,4.5964664354789e-06,1.61176043482235e-05,2.99165369260873,4.21991681674691e-06,4.04989083870315,0,-1.9993683785666,-0.0480900555718868,1.02270373521727,MV-202,sine_steer_python-1
975,2026年09月15日_19时21分47秒_第001次,2026-09-15T19:21:47,0.974,15.0322854543426,4.38874420046641e-06,1.56752720381102e-05,2.99582932112306,4.22632792777544e-06,4.05406647498581,0,-1.99984208840763,-0.0481034770709088,1.02286292015616,MV-202,sine_steer_python-1
976,2026年09月15日_19时21分47秒_第001次,2026-09-15T19:21:47,0.975,15.0323453893416,4.17889751919973e-06,1.52404029875802e-05,3.00000496566875,4.23271586118523e-06,4.05824212488963,0,-2,-0.048109295180744,1.02286074263808,MV-202,sine_steer_python-1
977,2026年09月15日_19时21分47秒_第001次,2026-09-15T19:21:47,0.976,15.0324053158652,3.96731692791574e-06,1.48131438200485e-05,3.00418062623873,4.23908045289124e-06,4.06241778838861,0,-1.99984208840763,-0.0481075099526853,1.0226971595517,MV-202,sine_steer_python-1
978,2026年09月15日_19时21分47秒_第001次,2026-09-15T19:21:47,0.977,15.0324652328954,3.75439236453005e-06,1.43936321352376e-05,3.00835630282669,4.24542158040137e-06,4.06659346546134,0,-1.9993683785666,-0.048098121064258,1.02237222004367,MV-202,sine_steer_python-1
979,2026年09月15日_19时21分47秒_第001次,2026-09-15T19:21:47,0.978,15.0325251393188,3.54051253756378e-06,1.39819960927348e-05,3.012531995427,4.25173916261373e-06,4.07076915609109,0,-1.99857894528118,-0.0480811281162118,1.02188605304345,MV-202,sine_steer_python-1
980,2026年09月15日_19时21分47秒_第001次,2026-09-15T19:21:47,0.979,15.0325850339261,3.32606430202883e-06,1.35783540701934e-05,3.01670770403478,4.25803315954851e-06,4.07494486026587,0,-1.99747391321203,-0.0480565310328024,1.02123885030315,MV-202,sine_steer_python-1
981,2026年09月15日_19时21分47秒_第001次,2026-09-15T19:21:47,0.98,15.0326449154122,3.1114320432472e-06,1.31828143166197e-05,3.02088342864584,4.26430357202077e-06,4.07912057797852,0,-1.99605345685654,-0.0480243301280306,1.02043086351981,MV-202,sine_steer_python-1
982,2026年09月15日_19时21分47秒_第001次,2026-09-15T19:21:47,0.981,15.0327047823766,2.89699706959066e-06,1.27954746559767e-05,3.02505916925667,4.27055044126053e-06,4.08329630922672,0,-1.99431780052123,-0.0479845262965146,1.01946239625017,MV-202,sine_steer_python-1
983,2026年09月15日_19时21分47秒_第001次,2026-09-15T19:21:47,0.982,15.0327646333239,2.68313701479629e-06,1.24164220418137e-05,3.02923492586446,4.27677384847246e-06,4.08747205401307,0,-1.99226721828635,-0.0479371266688268,1.01833356444177,MV-202,sine_steer_python-1
984,2026年09月15日_19时21分47秒_第001次,2026-09-15T19:21:47,0.983,15.0328244666647,2.47022525117791e-06,1.20457324317818e-05,3.03341069846705,4.28297391433754e-06,4.0916478123451,0,-1.9899020339626,-0.0478821401372757,1.01704448629931,MV-202,sine_steer_python-1
985,2026年09月15日_19时21分47秒_第001次,2026-09-15T19:21:47,0.984,15.0328842807163,2.25863031397748e-06,1.16834703877529e-05,3.03758648706297,4.28915079846785e-06,4.09582358423532,0,-1.98722262104002,-0.0478195755392206,1.01559535769631,MV-202,sine_steer_python-1
986,2026年09月15日_19时21分47秒_第001次,2026-09-15T19:21:47,0.985,15.0329440737045,2.04871533814248e-06,1.13296888572932e-05,3.04176229165133,4.29530469880017e-06,4.09999936970121,0,-1.98422940262896,-0.0477494475886744,1.01398620284004,MV-202,sine_steer_python-1
987,2026年09月15日_19时21分47秒_第001次,2026-09-15T19:21:47,0.986,15.0330038437652,1.84083750809307e-06,1.09844288578168e-05,3.04593811223191,4.30143585094771e-06,4.10417516876523,0,-1.9809228513933,-0.0476717681375117,1.01221724265354,MV-202,sine_steer_python-1
988,2026年09月15日_19时21分47秒_第001次,2026-09-15T19:21:47,0.987,15.0330635889462,1.635347521217e-06,1.06477193684326e-05,3.05011394880503,4.30754452748719e-06,4.10835098145482,0,-1.97730348947583,-0.0475865499829669,1.01028873394146,MV-202,sine_steer_python-1
989,2026年09月15日_19时21分47秒_第001次,2026-09-15T19:21:47,0.988,15.0331233072091,1.43258906584794e-06,1.03195771265887e-05,3.05428980137162,4.31363103721372e-06,4.11252680780238,0,-1.97337188841574,-0.0474938071220333,1.00820095872708,MV-202,sine_steer_python-1
990,2026年09月15日_19时21分47秒_第001次,2026-09-15T19:21:47,0.989,15.0331829964326,1.23289831420056e-06,1.00000063692213e-05,3.05846566993315,4.31969572433502e-06,4.11670264784523,0,-1.96912866905841,-0.0473935547032337,1.00595422592789,MV-202,sine_steer_python-1
991,2026年09月15日_19时21分47秒_第001次,2026-09-15T19:21:47,0.99,15.0332426544145,1.03660343136786e-06,9.68899872104132e-06,3.06264155449159,4.32573896762593e-06,4.12087850162559,0,-1.96457450145738,-0.0472858090068384,1.00354887203928,MV-202,sine_steer_python-1
992,2026年09月15日_19时21分47秒_第001次,2026-09-15T19:21:47,0.991,15.0333022788749,8.44024100526813e-07,9.38653313399594e-06,3.06681745504942,4.33176117953515e-06,4.12505436919051,0,-1.95971010476849,-0.0471705874348761,1.00098526146234,MV-202,sine_steer_python-1
993,2026年09月15日_19时21分47秒_第001次,2026-09-15T19:21:47,0.992,15.0333618674601,6.55471065087377e-07,9.09257577679571e-06,3.07099337160957,4.33776280525545e-06,4.12923025059181,0,-1.95453624713639,-0.0470479084979899,0.998263786877347,MV-202,sine_steer_python-1
994,2026年09月15日_19时21分47秒_第001次,2026-09-15T19:21:47,0.993,15.0334214177453,4.71245688276937e-07,8.80707989259348e-06,3.07516930417541,4.34374432174198e-06,4.13340614588601,0,-1.94905374557315,-0.0469177917976221,0.995384869785391,MV-202,sine_steer_python-1
995,2026年09月15日_19时21分47秒_第001次,2026-09-15T19:21:47,0.994,15.0334809272392,2.91639530974373e-07,8.52998591357855e-06,3.07934525275069,4.34970623670087e-06,4.13758205513424,0,-1.94326346582935,-0.0467802580062067,0.992348961148088,MV-202,sine_steer_python-1
996,2026年09月15日_19时21分47秒_第001次,2026-09-15T19:21:47,0.995,15.0335403933879,1.16933947660909e-07,8.26122132787677e-06,3.08352121733955,4.35564908753479e-06,4.14175797840215,0,-1.93716632225726,-0.0466353288494218,0.989156541936455,MV-202,sine_steer_python-1
997,2026年09月15日_19时21分47秒_第001次,2026-09-15T19:21:47,0.996,15.0335998135791,-5.26002984286979e-08,8.00070079776069e-06,3.08769719794642,4.36157344024912e-06,4.14593391575977,0,-1.93076327766655,-0.0464830270933561,0.985808123450922,MV-202,sine_steer_python-1
998,2026年09月15日_19时21分47秒_第001次,2026-09-15T19:21:47,0.997,15.0336591851472,-2.16703400929014e-07,7.74832612778636e-06,3.09187319457605,4.36747988833607e-06,4.15010986728143,0,-1.92405534317217,-0.0463233765381276,0.982304247351578,MV-202,sine_steer_python-1
999,2026年09月15日_19时21分47秒_第001次,2026-09-15T19:21:47,0.998,15.0337185053777,-3.75126856313222e-07,7.50398641414245e-06,3.09604920723343,4.37336905160642e-06,4.15428583304559,0,-1.91704357803475,-0.0461564020190318,0.978645485360559,MV-202,sine_steer_python-1
1000,2026年09月15日_19时21分47秒_第001次,2026-09-15T19:21:47,0.999,15.0337777715126,-5.27633789641268e-07,7.26755820437798e-06,3.10022523592374,4.379241575008e-06,4.15846181313471,0,-1.90972908949329,-0.0459821294158187,0.974832438610841,MV-202,sine_steer_python-1
1001,2026年09月15日_19时21分47秒_第001次,2026-09-15T19:21:47,1,15.0338369807557,-6.73999260214409e-07,7.03890555339276e-06,3.10440128065237,4.38509812740424e-06,4.16263780763511,0,-1.90211303259031,-0.0458005856696419,0.970865736657725,MV-202,sine_steer_python-1
1002,2026年09月15日_19时21分47秒_第001次,2026-09-15T19:21:47,1.001,15.0338961302782,-8.14010546270087e-07,6.8178802237194e-06,3.10857734142479,4.3909394003287e-06,4.16681381663676,0,-1.89419660998949,-0.0456117988060278,0.966746036222592,MV-202,sine_steer_python-1
1003,2026年09月15日_19时21分47秒_第001次,2026-09-15T19:21:47,1.002,15.0339552172242,-9.47467408900263e-07,6.60432198389019e-06,3.11275341824659,4.396766106712e-06,4.17098984023316,0,-1.88598107178573,-0.0454157979614147,0.962474019774044,MV-202,sine_steer_python-1
1004,2026年09月15日_19时21分47秒_第001次,2026-09-15T19:21:47,1.003,15.034014238717,-1.07418233489412e-06,6.39805876296939e-06,3.11692951112339,4.40257897959032e-06,4.17516587852109,0,-1.87746771530775,-0.0452126134104893,0.958050394064137,MV-202,sine_steer_python-1
1005,2026年09月15日_19时21分47秒_第001次,2026-09-15T19:21:47,1.004,15.0340731918649,-1.19398075818307e-06,6.19890687917918e-06,3.1211056200608,4.40837877077961e-06,4.17934193160046,0,-1.86865788491322,-0.0450022765915706,0.953475888735539,MV-202,sine_steer_python-1
1006,2026年09月15日_19时21分47秒_第001次,2026-09-15T19:21:47,1.005,15.0341320737677,-1.30670125955763e-06,6.00667154787319e-06,3.12528174506437,4.41416624954548e-06,4.18351799957408,0,-1.8595529717765,-0.0447848201275973,0.948751255102887,MV-202,sine_steer_python-1
1007,2026年09月15日_19时21分47秒_第001次,2026-09-15T19:21:47,1.006,15.0341908815228,-1.41219574529288e-06,5.82114694009453e-06,3.12945788613959,4.41994220124057e-06,4.18769408254744,0,-1.85015441366892,-0.0445602778408668,0.94387726518685,MV-202,sine_steer_python-1
1008,2026年09月15日_19时21分47秒_第001次,2026-09-15T19:21:47,1.007,15.0342496122323,-1.51032960332085e-06,5.64211674461054e-06,3.13363404329178,4.42570742593472e-06,4.19187018062849,0,-1.84046369473174,-0.0443286847604975,0.938854711044767,MV-202,sine_steer_python-1
1009,2026年09月15日_19时21分47秒_第001次,2026-09-15T19:21:47,1.008,15.0343082630087,-1.6009818381132e-06,5.46935452448933e-06,3.13781021652607,4.43146273702478e-06,4.19604629392741,0,-1.83048234524183,-0.0440900771224785,0.933684404403589,MV-202,sine_steer_python-1
1010,2026年09月15日_19时21分47秒_第001次,2026-09-15T19:21:47,1.009,15.0343668309825,-1.68404518343152e-06,5.30262399996884e-06,3.14198640584737,4.43720895983489e-06,4.20022242255635,0,-1.82021194136999,-0.0438444923629961,0.928367176565884,MV-202,sine_steer_python-1
1011,2026年09月15日_19时21分47秒_第001次,2026-09-15T19:21:47,1.01,15.0344253133086,-1.75942619299967e-06,5.14167973645805e-06,3.14616261126031,4.44294693020607e-06,4.20439856662922,0,-1.80965410493204,-0.0435919691063711,0.92290387853256,MV-202,sine_steer_python-1
1012,2026年09月15日_19时21分47秒_第001次,2026-09-15T19:21:47,1.011,15.0344837071731,-1.82704530968799e-06,4.98626736275184e-06,3.15033883276918,4.44867749307393e-06,4.20857472626136,0,-1.79881050313274,-0.0433325471493416,0.917295381269059,MV-202,sine_steer_python-1
1013,2026年09月15日_19时21分47秒_第001次,2026-09-15T19:21:47,1.012,15.0345420105571,-2.41831400317019e-06,0.00146235232850348,3.15451507037791,4.45440150104477e-06,4.21275090156935,0,-1.78768284830253,-0.043066267443539,0.911542576036814,MV-202,sine_steer_python-1
1014,2026年09月15日_19时21分47秒_第001次,2026-09-15T19:21:47,1.013,15.0346002160653,-3.00097757384658e-06,0.00120275890611815,3.15869132409023,4.47850386298079e-06,4.2169270926707,0,-1.77627289762709,-0.0427931720778435,0.905646374718711,MV-202,sine_steer_python-1
1015,2026年09月15日_19时21分47秒_第001次,2026-09-15T19:21:47,1.014,15.0346582947047,-2.27947378748421e-06,0.00128011044771711,3.16286759390758,4.47976069235354e-06,4.22110329968225,0,-1.76458245286991,-0.0425133042619128,0.899607710083802,MV-202,sine_steer_python-1
1016,2026年09月15日_19时21分47秒_第001次,2026-09-15T19:21:47,1.015,15.0347162827615,-7.47881784486773e-07,0.00121521325599106,3.16704387982029,4.48725048412233e-06,4.22527952270989,0,-1.75261336008773,-0.0422267083116369,0.89342753595945,MV-202,sine_steer_python-1
1017,2026年09月15日_19时21分47秒_第001次,2026-09-15T19:21:47,1.016,15.0347741667643,1.65885315361619e-06,0.00113606021152752,3.17122018183823,4.49112404572696e-06,4.22945576188048,0,-1.74036750933905,-0.0419334296366916,0.887106827303715,MV-202,sine_steer_python-1
1018,2026年09月15日_19时21分47秒_第001次,2026-09-15T19:21:47,1.017,15.0348319528617,5.01030780268907e-06,0.00106532987802756,3.17539649996064,4.49470880475842e-06,4.2336320173103,0,-1.72784683438567,-0.0416335147298295,0.880646580193306,MV-202,sine_steer_python-1
1019,2026年09月15日_19时21分47秒_第001次,2026-09-15T19:21:47,1.018,15.0348896417815,9.26122175577616e-06,0.00101085985188442,3.17957283419127,4.49846461702902e-06,4.23780828912049,0,-1.7150533123873,-0.0413270111571572,0.874047811758973,MV-202,sine_steer_python-1
1020,2026年09月15日_19时21分47秒_第001次,2026-09-15T19:21:47,1.019,15.0349472273452,1.43852873511842e-05,0.000982165944619369,3.1837491845333,4.50280468101627e-06,4.24198457743156,0,-1.70198896358938,-0.0410139675484471,0.867311560108758,MV-202,sine_steer_python-1
1021,2026年09月15日_19时21分47秒_第001次,2026-09-15T19:21:47,1.02,15.035004706363,2.03409285605853e-05,0.000981527856599019,3.18792555098713,4.50816082191195e-06,4.24616088236081,0,-1.68865585100403,-0.04069443358654,0.860438884279122,MV-202,sine_steer_python-1
1022,2026年09月15日_19时21分47秒_第001次,2026-09-15T19:21:47,1.021,15.0350620762106,2.70832738931389e-05,0.00100933896692025,3.19210193355253,4.51475488214298e-06,4.25033720402434,0,-1.67505608008428,-0.040368459995101,0.853430864245345,MV-202,sine_steer_python-1
1023,2026年09月15日_19时21分47秒_第001次,2026-09-15T19:21:47,1.022,15.0351193334443,3.40364465687824e-05,0.00252225936731606,3.19627833222843,4.52273670465794e-06,4.25451354253654,0,-1.66119179839163,-0.0400360985243343,0.846288601007909,MV-202,sine_steer_python-1
1024,2026年09月15日_19时21分47秒_第001次,2026-09-15T19:21:47,1.023,15.0351764840493,4.16848731647155e-05,0.00234366919602787,3.20045474701218,4.5505472882795e-06,4.25868989800855,0,-1.64706519525686,-0.0396974019346876,0.839013216753831,MV-202,sine_steer_python-1
1025,2026年09月15日_19时21分47秒_第001次,2026-09-15T19:21:47,1.024,15.0352335029693,5.12849543543914e-05,0.00252503809946086,3.20463117790435,4.55703036709382e-06,4.26286627055523,0,-1.63267850143437,-0.0393524239789856,0.83160585507433,MV-202,sine_steer_python-1
1026,2026年09月15日_19时21分47秒_第001次,2026-09-15T19:21:47,1.025,15.0352904179634,6.23035196384112e-05,0.00258527597735239,3.20880762489332,4.57126423386027e-06,4.26704266027602,0,-1.6180339887499,-0.0390012193837757,0.824067681205832,MV-202,sine_steer_python-1
1027,2026年09月15日_19时21分47秒_第001次,2026-09-15T19:21:47,1.026,15.0353472157109,7.47692883536873e-05,0.00265028035809747,3.21298408798225,4.58340472720523e-06,4.27121906728407,0,-1.60313396974175,-0.0386438438308737,0.816399882252547,MV-202,sine_steer_python-1
1028,2026年09月15日_19时21分47秒_第001次,2026-09-15T19:21:47,1.027,15.0354038959091,8.87181353030058e-05,0.00274097868534285,3.2171605671643,4.59677822955171e-06,4.27539549168011,0,-1.58798079729567,-0.0382803539401465,0.808603667346853,MV-202,sine_steer_python-1
1029,2026年09月15日_19时21分47秒_第001次,2026-09-15T19:21:47,1.028,15.0354604546028,0.000104073222035296,0.00286364182057383,3.22133706243374,4.61184818470629e-06,4.27957193356365,0,-1.57257686427324,-0.0379108072544548,0.800680267708526,MV-202,sine_steer_python-1
1030,2026年09月15日_19时21分47秒_第001次,2026-09-15T19:21:47,1.029,15.035516889351,0.000120778564411946,0.00302631985243734,3.22551357378255,4.62903804472378e-06,4.2837483930293,0,-1.55692460313405,-0.0375352622274246,0.792630936574493,MV-202,sine_steer_python-1
1031,2026年09月15日_19时21分47秒_第001次,2026-09-15T19:21:47,1.03,15.0355731976255,0.000138764686075715,0.00323008891286801,3.22969010120153,4.64879774444715e-06,4.28792487016762,0,-1.54102648555158,-0.0371537782143781,0.784456948985352,MV-202,sine_steer_python-1
1032,2026年09月15日_19时21分47秒_第001次,2026-09-15T19:21:47,1.031,15.0356293771503,0.000157960156935777,0.00347432552848056,3.23386664467997,4.67137546194147e-06,4.29210136506457,0,-1.5248850220229,-0.0367664154663679,0.776159601431026,MV-202,sine_steer_python-1
1033,2026年09月15日_19时21分47秒_第001次,2026-09-15T19:21:47,1.032,15.0356854174273,0.000177761333520299,0.00521612679178786,3.23804320420571,4.69695460294677e-06,4.2962778778014,0,-1.50850276147221,-0.0363732351269016,0.767740211373194,MV-202,sine_steer_python-1
1034,2026年09月15日_19时21分47秒_第001次,2026-09-15T19:21:47,1.033,15.0357413461072,0.000198616307390261,0.0052761641082367,3.24221977976128,4.74394326647386e-06,4.30045440844922,0,-1.49188229084836,-0.0359742992306507,0.759200116674491,MV-202,sine_steer_python-1
1035,2026年09月15日_19时21分47秒_第001次,2026-09-15T19:21:47,1.034,15.0357971255871,0.0002217684051867,0.00570570793319599,3.24639637134229,4.77132655158717e-06,4.30463095709226,0,-1.47502623471635,-0.0355696707032534,0.750540674972262,MV-202,sine_steer_python-1
1036,2026年09月15日_19时21分47秒_第001次,2026-09-15T19:21:47,1.035,15.0358527849476,0.00024665890061329,0.00602342020652788,3.25057297892294,4.8082000307282e-06,4.3088075237864,0,-1.45793725484282,-0.0351594133612636,0.741763263037152,MV-202,sine_steer_python-1
1037,2026年09月15日_19时21分47秒_第001次,2026-09-15T19:21:47,1.036,15.035908311228,0.000273293835855557,0.00635473662472181,3.25474960249404,4.84477963092365e-06,4.312984108601,0,-1.44061804977582,-0.0347435919113598,0.732869276154105,MV-202,sine_steer_python-1
1038,2026年09月15日_19时21分47秒_第001次,2026-09-15T19:21:47,1.037,15.0359637099699,0.00030168656945183,0.00672021370856152,3.25892624203575,4.88444462935533e-06,4.31716071159016,0,-1.42307135441857,-0.0343222719481006,0.723860127556106,MV-202,sine_steer_python-1
1039,2026年09月15日_19时21分47秒_第001次,2026-09-15T19:21:47,1.038,15.0360189815318,0.00033173810392739,0.00712583158998972,3.26310289753122,4.92771190521878e-06,4.32133733280654,0,-1.4052999395977,-0.033895519949758,0.714737247930711,MV-202,sine_steer_python-1
1040,2026年09月15日_19时21分47秒_第001次,2026-09-15T19:21:47,1.039,15.036074122216,0.000363370531735377,0.00757946954624446,3.26727956896175,4.97505823033595e-06,4.32551397229626,0,-1.38730661162561,-0.0334634032720316,0.705502085007589,MV-202,sine_steer_python-1
1041,2026年09月15日_19时21分47秒_第001次,2026-09-15T19:21:47,1.04,15.0361291313498,0.000396492532852944,0.00808202381286901,3.27145625630581,5.02698602774209e-06,4.32969063009772,0,-1.36909421185738,-0.0330259901397276,0.696156103223968,MV-202,sine_steer_python-1
1042,2026年09月15日_19时21分47秒_第001次,2026-09-15T19:21:47,1.041,15.0361840083361,0.000431011013296731,0.00863272827245268,3.27563295954085,5.08379492753989e-06,4.33386730624326,0,-1.35066561624205,-0.0325833496367458,0.686700783467325,MV-202,sine_steer_python-1
1043,2026年09月15日_19时21分47秒_第001次,2026-09-15T19:21:47,1.042,15.0362387323595,0.000466296553517136,0.0106904702201601,3.2798096786428,5.14571871693457e-06,4.33804400075866,0,-1.33202373486851,-0.0321355516949908,0.67713762281796,MV-202,sine_steer_python-1
1044,2026年09月15日_19时21分47秒_第001次,2026-09-15T19:21:47,1.043,15.0362933583656,0.000502758419116763,0.0110728634490421,3.2839864135771,5.23110837154406e-06,4.34222071365166,0,-1.31317151150591,-0.0316826670818517,0.667468134362568,MV-202,sine_steer_python-1
1045,2026年09月15日_19时21分47秒_第001次,2026-09-15T19:21:47,1.044,15.0363478178864,0.000541635223574184,0.0118319794073092,3.28816316433526,5.29913765093002e-06,4.34639744495687,0,-1.29411192313889,-0.0312247673875649,0.657693847028556,MV-202,sine_steer_python-1
1046,2026年09月15日_19时21分47秒_第001次,2026-09-15T19:21:47,1.045,15.0364021586399,0.000582342981293994,0.0124865135793254,3.2923399308698,5.3789040776028e-06,4.35057419465944,0,-1.27484797949738,-0.0307619250132774,0.647816305362222,MV-202,sine_steer_python-1
1047,2026年09月15日_19时21分47秒_第001次,2026-09-15T19:21:47,1.046,15.036456367411,0.000624867084051727,0.0131618206437361,3.29651671316173,5.46068148568631e-06,4.35475096276918,0,-1.2553827225814,-0.0302942131591974,0.637837069290902,MV-202,sine_steer_python-1
1048,2026年09月15日_19时21分47秒_第001次,2026-09-15T19:21:47,1.047,15.0365104524466,0.00066919984310583,0.0138784558199504,3.30069351117837,5.54789418906861e-06,4.35892774927614,0,-1.23571922618067,-0.0298217058128253,0.627757713878195,MV-202,sine_steer_python-1
1049,2026年09月15日_19时21分47秒_第001次,2026-09-15T19:21:47,1.048,15.0365644167017,0.000715221341488883,0.0146423932190569,3.30487032489086,5.64110219829203e-06,4.36310455416858,0,-1.21586059538921,-0.0293444777372765,0.617579829075662,MV-202,sine_steer_python-1
1050,2026年09月15日_19时21分47秒_第001次,2026-09-15T19:21:47,1.049,15.0366182629412,0.000762832841822005,0.0154614371974677,3.30904715426894,5.74082396320584e-06,4.36728137742758,0,-1.19580996611504,-0.0288626044594361,0.60730501947587,MV-202,sine_steer_python-1
1051,2026年09月15日_19时21分47秒_第001次,2026-09-15T19:21:47,1.05,15.0366719935641,0.000811922417425777,0.0163364595319458,3.31322399928162,5.84760154288871e-06,4.3714582190277,0,-1.17557050458495,-0.028376162259708,0.596934903933041,MV-202,sine_steer_python-1
1052,2026年09月15日_19时21分47秒_第001次,2026-09-15T19:21:47,1.051,15.0367256104371,0.000862376497955338,0.0172666649383451,3.31740085989703,5.96177295943846e-06,4.37563507893684,0,-1.15514540684454,-0.0278852281599394,0.586471115330986,MV-202,sine_steer_python-1
1053,2026年09月15日_19时21分47秒_第001次,2026-09-15T19:21:47,1.052,15.0367790810234,0.000913540225550181,0.0197129704558257,3.32157773608227,6.08360902785742e-06,4.37981195711603,0,-1.13453789825351,-0.0273898799093375,0.575915300412384,MV-202,sine_steer_python-1
1054,2026年09月15日_19时21分47秒_第001次,2026-09-15T19:21:47,1.053,15.0368324877627,0.000965782430294532,0.0204898264900207,3.32575462778824,6.23137386671206e-06,4.3839888535009,0,-1.11375123297638,-0.0268901959696663,0.565269119618802,MV-202,sine_steer_python-1
1055,2026年09月15日_19时21分47秒_第001次,2026-09-15T19:21:47,1.054,15.0368857402622,0.0010203411761259,0.0216499447148634,3.3299315350056,6.36443975161519e-06,4.38816576806995,0,-1.09278869346854,-0.026386255500034,0.554534246936981,MV-202,sine_steer_python-1
1056,2026年09月15日_19时21分47秒_第001次,2026-09-15T19:21:47,1.055,15.0369388976289,0.00107660818616528,0.0227122556859919,3.33410845767246,6.51188464540388e-06,4.3923427007363,0,-1.07165358995799,-0.0258781383408066,0.543712369778041,MV-202,sine_steer_python-1
1057,2026年09月15日_19时21分47秒_第001次,2026-09-15T19:21:47,1.056,15.0369919461144,0.00113454983955408,0.0238019982113481,3.33828539576334,6.66403055119669e-06,4.39651965144606,0,-1.05034925992259,-0.0253659249965935,0.532805188893698,MV-202,sine_steer_python-1
1058,2026年09月15日_19时21分47秒_第001次,2026-09-15T19:21:47,1.057,15.0370448953597,0.00119413912557105,0.024939722409924,3.34246234923719,6.82433430508688e-06,4.40069662012368,0,-1.02887906756301,-0.0248496966188572,0.521814418302961,MV-202,sine_steer_python-1
1059,2026年09月15日_19时21分47秒_第001次,2026-09-15T19:21:47,1.058,15.0370977494166,0.00125523707711164,0.0261313770132468,3.34663931805751,6.99338718705234e-06,4.40487360669253,0,-1.00724640327152,-0.0243295349887685,0.510741785200785,MV-202,sine_steer_python-1
1060,2026年09月15日_19时21分47秒_第001次,2026-09-15T19:21:47,1.059,15.0371505120201,0.00131772613818257,0.0273847142545302,3.3508163021867,7.17173762302574e-06,4.40905061106943,0,-0.985454683096584,-0.0238055225006788,0.499589029833576,MV-202,sine_steer_python-1
1061,2026年09月15日_19时21分47秒_第001次,2026-09-15T19:21:47,1.06,15.0372031863956,0.00138147583939167,0.0287005428796936,3.35499330158679,7.3599558547792e-06,4.41322763316538,0,-0.963507348203433,-0.0232777421464317,0.488357905333668,MV-202,sine_steer_python-1
1062,2026年09月15日_19时21分47秒_第001次,2026-09-15T19:21:47,1.061,15.0372557750978,0.00144635436895147,0.0300779885085388,3.35917031621928,7.55840693009286e-06,4.41740467288557,0,-0.941407864330669,-0.0227462775001496,0.477050177542484,MV-202,sine_steer_python-1
1063,2026年09月15日_19时21分47秒_第001次,2026-09-15T19:21:47,1.062,15.0373082310248,0.00151168379414304,0.0329796788508551,3.36334734604496,7.76738754805086e-06,4.42158173012936,0,-0.919159721242974,-0.0222112127054089,0.46566762469782,MV-202,sine_steer_python-1
1064,2026年09月15日_19时21分47秒_第001次,2026-09-15T19:21:47,1.063,15.0373606673427,0.0015777951752226,0.0342173117142352,3.36752439100211,8.00506284780598e-06,4.42575880476373,0,-0.896766432180064,-0.0216726324671019,0.454212036986686,MV-202,sine_steer_python-1
1065,2026年09月15日_19时21分47秒_第001次,2026-09-15T19:21:47,1.064,15.0374129789797,0.00164592863338288,0.0358437554146286,3.37170145108475,8.23099656786526e-06,4.42993589671873,0,-0.874231533301864,-0.0211306220385017,0.442685216150858,MV-202,sine_steer_python-1
1066,2026年09月15日_19时21分47秒_第001次,2026-09-15T19:21:47,1.065,15.0374652277028,0.00171545474939742,0.0373782895702332,3.3758785262235,8.47423255918779e-06,4.43411300584703,0,-0.851558583130145,-0.0205852672050839,0.431088975232813,MV-202,sine_steer_python-1
1067,2026年09月15日_19时21分47秒_第001次,2026-09-15T19:21:47,1.066,15.0375173989945,0.00178632395893196,0.0389459396521269,3.38005561638911,8.72513171421461e-06,4.43829013203969,0,-0.828751161986569,-0.0200366542701579,0.419425138450859,MV-202,sine_steer_python-1
1068,2026年09月15日_19时21分47秒_第001次,2026-09-15T19:21:47,1.067,15.0375695025994,0.0018584931904312,0.0405671925631132,3.38423272153633,8.98717207558879e-06,4.44246727516692,0,-0.805812871427328,-0.0194848700502576,0.407695540599684,MV-202,sine_steer_python-1
1069,2026年09月15日_19时21分47秒_第001次,2026-09-15T19:21:47,1.068,15.0376215424545,0.0019318078501444,0.0422479169867098,3.38840984162497,9.2609655613461e-06,4.44664443509981,0,-0.782747333674405,-0.0189300018683456,0.395902026423973,MV-202,sine_steer_python-1
1070,2026年09月15日_19时21分47秒_第001次,2026-09-15T19:21:47,1.069,15.0376735221897,0.00200613511797891,0.0439957622587669,3.39258697661411,9.54707996514046e-06,4.45082161170474,0,-0.759558191043604,-0.0183721375425375,0.38404645016215,MV-202,sine_steer_python-1
1071,2026年09月15日_19时21分47秒_第001次,2026-09-15T19:21:47,1.07,15.0377254449061,0.00208132966802424,0.0458114289358202,3.39676412646282,9.84610320700812e-06,4.45499880484433,0,-0.736249105369353,-0.0178113653740702,0.372130675184516,MV-202,sine_steer_python-1
1072,2026年09月15日_19时21分47秒_第001次,2026-09-15T19:21:47,1.071,15.0377773130134,0.00215724525430126,0.047693924000369,3.40094129113007,1.01584169831761e-05,4.45917601437759,0,-0.7128237574265,-0.0172477741359197,0.360156573585249,MV-202,sine_steer_python-1
1073,2026年09月15日_19时21分47秒_第001次,2026-09-15T19:21:47,1.072,15.0378290625301,0.0022331856091269,0.0511069118385087,3.40511847057456,1.04843336199894e-05,4.46335324016002,0,-0.689285846349034,-0.0166814530607039,0.348126025824635,MV-202,sine_steer_python-1
1074,2026年09月15日_19时21分47秒_第001次,2026-09-15T19:21:47,1.073,15.0378808385527,0.00230945102943778,0.0528604891173464,3.40929566472552,1.08419222880944e-05,4.4675304820081,0,-0.665639089045975,-0.0161124918280178,0.336040920377437,MV-202,sine_steer_python-1
1075,2026年09月15日_19时21分47秒_第001次,2026-09-15T19:21:47,1.074,15.0379325203824,0.00238728475044061,0.0550071252182635,3.41347287358524,1.11909146242289e-05,4.47170773982456,0,-0.641887219614418,-0.0155409805500069,0.323903153439191,MV-202,sine_steer_python-1
1076,2026年09月15日_19时21分47秒_第001次,2026-09-15T19:21:47,1.075,15.0379841720418,0.00246604110425384,0.057066478965896,3.4176500970813,1.15603114111282e-05,4.47588501342304,0,-0.618033988749896,-0.0149670097541081,0.31171462875348,MV-202,sine_steer_python-1
1077,2026年09月15日_19时21分47秒_第001次,2026-09-15T19:21:47,1.076,15.0380357777581,0.00254565882968388,0.0591633401339052,3.42182733518542,1.1940502849708e-05,4.4800623026625,0,-0.594083163154072,-0.0143906703626425,0.299477257573929,MV-202,sine_steer_python-1
1078,2026年09月15日_19时21分47秒_第001次,2026-09-15T19:21:47,1.077,15.0380873470522,0.00262608312485934,0.061318113984817,3.42600458785302,1.23349779623523e-05,4.48423960738295,0,-0.570038524939953,-0.0138120536691562,0.287192958760202,MV-202,sine_steer_python-1
1079,2026年09月15日_19时21分47秒_第001次,2026-09-15T19:21:47,1.078,15.0381388834357,0.00270714819054206,0.0635365820706543,3.43018185504528,1.27443599355909e-05,4.48841692742839,0,-0.545903871034652,-0.013231251312003,0.274863658985887,MV-202,sine_steer_python-1
1080,2026年09月15日_19时21分47秒_第001次,2026-09-15T19:21:47,1.079,15.0381903901515,0.00278871040729716,0.0658262907254608,3.43435913672311,1.31692268850717e-05,4.49259426264106,0,-0.521683012579794,-0.0126483552475632,0.262491292966772,MV-202,sine_steer_python-1
1081,2026年09月15日_19时21分47秒_第001次,2026-09-15T19:21:47,1.08,15.0382418699035,0.00287061409577799,0.0681878386840782,3.438536432848,1.3610175725373e-05,4.49677161286255,0,-0.497379774329708,-0.0120634577248051,0.250077803601783,MV-202,sine_steer_python-1
1082,2026年09月15日_19时21分47秒_第001次,2026-09-15T19:21:47,1.081,15.0382933246791,0.00295270310355557,0.0706201263590972,3.44271374338186,1.40675964601791e-05,4.50094897793396,0,-0.472997994047449,-0.0114766512597272,0.237625142138485,MV-202,sine_steer_python-1
1083,2026年09月15日_19时21分47秒_第001次,2026-09-15T19:21:47,1.082,15.0383446721752,0.00303426901856951,0.0745869022803439,3.44689106828692,1.45418090213052e-05,4.50512635769608,0,-0.448541521898764,-0.0108880285946795,0.22513526897758,MV-202,sine_steer_python-1
1084,2026年09月15日_19时21分47秒_第001次,2026-09-15T19:21:47,1.083,15.0383960901199,0.0031155911584797,0.0768984509886594,3.4510684074885,1.50508041047842e-05,4.50930375194408,0,-0.424014219844109,-0.0102976826079959,0.21261015657699,MV-202,sine_steer_python-1
1085,2026年09月15日_19时21分47秒_第001次,2026-09-15T19:21:47,1.084,15.038447441835,0.00319791488312775,0.0796061030391808,3.45524576100316,1.55544455081882e-05,4.51348116058455,0,-0.399419961028815,-0.00970570616495168,0.200051794852388,MV-202,sine_steer_python-1
1086,2026年09月15日_19时21分47秒_第001次,2026-09-15T19:21:47,1.085,15.0384987931917,0.00328058409369158,0.0822299627020133,3.45942312876114,1.60816883180611e-05,4.51765858342321,0,-0.374762629171452,-0.00911219200583607,0.187462195006338,MV-202,sine_steer_python-1
1087,2026年09月15日_19时21分47秒_第001次,2026-09-15T19:21:47,1.086,15.0385501266543,0.00336353023444715,0.0848945935069446,3.46360051074096,1.6622944367199e-05,4.52183602031874,0,-0.350046117950556,-0.00851723281103703,0.174843385824901,MV-202,sine_steer_python-1
1088,2026年09月15日_19时21分47秒_第001次,2026-09-15T19:21:47,1.087,15.038601451041,0.00344669124567703,0.0876203220321122,3.46777790690443,1.71817060461131e-05,4.52601347111313,0,-0.325274330389766,-0.00792092142057743,0.162197403400548,MV-202,sine_steer_python-1
1089,2026年09月15日_19时21分47秒_第001次,2026-09-15T19:21:47,1.088,15.0386527688894,0.00352989460287663,0.0904128546651782,3.47195531721982,1.77586013835364e-05,4.53019093565585,0,-0.300451178241514,-0.00732335104334488,0.149526281311923,MV-202,sine_steer_python-1
1090,2026年09月15日_19时21分47秒_第001次,2026-09-15T19:21:47,1.089,15.038704082462,0.00361299033357485,0.0932796507345561,3.47613274165553,1.83542128230394e-05,4.53436841379774,0,-0.275580581369274,-0.0067246153617946,0.136832045266195,MV-202,sine_steer_python-1
1091,2026年09月15日_19时21分47秒_第001次,2026-09-15T19:21:47,1.09,15.0387553934276,0.00369581681487718,0.0962212256495516,3.48031018018095,1.89691407793797e-05,4.5385459053922,0,-0.250666467128608,-0.00612480854815539,0.124116711493633,MV-202,sine_steer_python-1
1092,2026年09月15日_19时21分47秒_第001次,2026-09-15T19:21:47,1.091,15.0388067026703,0.00377821234986698,0.0992363937076253,3.48448763276633,1.96037784810727e-05,4.54272341029534,0,-0.225712769746964,-0.0055240252353152,0.111382287048525,MV-202,sine_steer_python-1
1093,2026年09月15日_19时21分47秒_第001次,2026-09-15T19:21:47,1.092,15.0388579081851,0.00385946304228365,0.10378778756293,3.48866509938262,2.02584487416765e-05,4.54690092836605,0,-0.200723429702432,-0.00492236047071504,0.0986307708165551,MV-202,sine_steer_python-1
1094,2026年09月15日_19时21分47秒_第001次,2026-09-15T19:21:47,1.093,15.0389092197714,0.00393983828597563,0.106688132168219,3.49284257995586,2.09510936343502e-05,4.55107845941017,0,-0.175702393101487,-0.00431990966267177,0.085864154837977,MV-202,sine_steer_python-1
1095,2026年09月15日_19时21分47秒_第001次,2026-09-15T19:21:47,1.094,15.0389604843713,0.00402058236087044,0.10998668602737,3.49702007452176,2.16416657079306e-05,4.5552560033709,0,-0.150653611055868,-0.00371676852507938,0.0730844257084354,MV-202,sine_steer_python-1
1096,2026年09月15日_19时21分47秒_第001次,2026-09-15T19:21:47,1.095,15.0390117688382,0.00410103459998939,0.113204060313561,3.50119758301764,2.23590775929771e-05,4.5594335600778,0,-0.125581039058623,-0.00311303302293357,0.0602935659400836,MV-202,sine_steer_python-1
1097,2026年09月15日_19时21分47秒_第001次,2026-09-15T19:21:47,1.096,15.0390630530482,0.00418112300831726,0.116464586862593,3.50537510543306,2.30937576547568e-05,4.56361112942078,0,-0.100488636359537,-0.00250879931849535,0.047493555291949,MV-202,sine_steer_python-1
1098,2026年09月15日_19时21分47秒_第001次,2026-09-15T19:21:47,1.097,15.0391143443385,0.00426078221256896,0.119788497079318,3.50955264174013,2.38491969278987e-05,4.56778871127469,0,-0.0753803653398689,-0.0019041637182824,0.0346863720648441,MV-202,sine_steer_python-1
1099,2026年09月15日_19时21分47秒_第001次,2026-09-15T19:21:47,1.098,15.0391656434901,0.00433983686744871,0.123181414617398,3.51373019191778,2.46260248802165e-05,4.57196630552467,0,-0.0502601908866764,-0.0012992226218842,0.0218739943192508,MV-202,sine_steer_python-1
1100,2026年09月15日_19时21分47秒_第001次,2026-09-15T19:21:47,1.099,15.0392169510254,0.00441813447788233,0.12665070836863,3.51790775594518,2.54248252517404e-05,4.57614391205972,0,-0.0251320797667046,-0.000694072473328613,0.00905840098475919,MV-202,sine_steer_python-1
1101,2026年09月15日_19时21分47秒_第001次,2026-09-15T19:21:47,1.1,15.0392682668469,0.0044955112331651,0.13019680924721,3.52208533380262,2.62461993996445e-05,4.58032153077376,0,-9.79717439317883e-16,-8.88097151909569e-05,-0.0037584271468798,MV-202,sine_steer_python-1
1102,2026年09月15日_19时21分47秒_第001次,2026-09-15T19:21:47,1.101,15.0393195900411,0.00457180356257236,0.133818446423155,3.52626292547129,2.70905415601152e-05,4.58449916156572,0,0.0251320797667027,0.000516469254456192,-0.0165745065493184,MV-202,sine_steer_python-1
1103,2026年09月15日_19时21分47秒_第001次,2026-09-15T19:21:47,1.102,15.0393707977905,0.00464629857661928,0.13897575120508,3.53044053093311,2.79581754846784e-05,4.58867680433949,0,0.0502601908866744,0.0011216681219699,-0.0293878502214725,MV-202,sine_steer_python-1
1104,2026年09月15日_19时21分47秒_第001次,2026-09-15T19:21:47,1.103,15.0394221309083,0.00471926692742567,0.142486437945162,3.53461815011653,2.8867032955006e-05,4.59285445893689,0,0.075380365339867,0.0017266906935279,-0.0421964671382475,MV-202,sine_steer_python-1
1105,2026年09月15日_19时21分47秒_第001次,2026-09-15T19:21:47,1.104,15.0394734201853,0.00479194661326113,0.146396603093008,3.53879578307784,2.97771074923185e-05,4.59703212536278,0,0.100488636359539,0.00233144092665066,-0.0549983618653067,MV-202,sine_steer_python-1
1106,2026年09月15日_19时21分47秒_第001次,2026-09-15T19:21:47,1.105,15.0395247328509,0.0048636777504304,0.150227414813691,3.54297342976262,3.07172765325891e-05,4.60120980349402,0,0.125581039058629,0.00293582295740352,-0.0677915343566952,MV-202,sine_steer_python-1
1107,2026年09月15日_19时21分47秒_第001次,2026-09-15T19:21:47,1.106,15.0395760458116,0.00493438784486732,0.154102946252464,3.54715109017235,3.16779818697587e-05,4.60538749327424,0,0.150653611055866,0.00353974112236692,-0.0805739799731061,MV-202,sine_steer_python-1
1108,2026年09月15日_19时21分47秒_第001次,2026-09-15T19:21:47,1.107,15.0396273646154,0.00500401126762292,0.158043297780865,3.55132876428988,3.2662710495814e-05,4.60956519463234,0,0.175702393101485,0.00414309997503861,-0.0933436897348613,MV-202,sine_steer_python-1
1109,2026年09月15日_19时21分47秒_第001次,2026-09-15T19:21:47,1.108,15.0396786880346,0.00507237284341043,0.162053986084382,3.55550645210504,3.36720920016569e-05,4.61374290750908,0,0.20072342970243,0.00474580429675196,-0.106098650807532,MV-202,sine_steer_python-1
1110,2026年09月15日_19时21分47秒_第001次,2026-09-15T19:21:47,1.109,15.0397300146706,0.0051393204511807,0.166142272357066,3.55968415360763,3.47067103757073e-05,4.61792063185021,0,0.225712769746963,0.00534775910201103,-0.118836847222033,MV-202,sine_steer_python-1
1111,2026年09月15日_19时21分47秒_第001次,2026-09-15T19:21:47,1.11,15.0397813425477,0.0052046908953672,0.170308490373955,3.56386186878837,3.57671672772414e-05,4.6220983676075,0,0.250666467128606,0.00594886963977479,-0.131556260760749,MV-202,sine_steer_python-1
1112,2026年09月15日_19时21分47秒_第001次,2026-09-15T19:21:47,1.111,15.0398326689131,0.00526832143126954,0.174551276001793,3.56803959763868,3.68538575624198e-05,4.62627611473858,0,0.275580581369272,0.0065490413907638,-0.144254872013883,MV-202,sine_steer_python-1
1113,2026年09月15日_19时21分47秒_第001次,2026-09-15T19:21:47,1.112,15.0398838497662,0.00532950610868705,0.180326781676852,3.57221734015045,3.79671057157558e-05,4.63045387320686,0,0.300451178241516,0.00714818006024134,-0.156930661629646,MV-202,sine_steer_python-1
1114,2026年09月15日_19时21分47秒_第001次,2026-09-15T19:21:47,1.113,15.0399351560889,0.00538852722233023,0.184460423373102,3.5763950962529,3.91248760242937e-05,4.63463164290262,0,0.325274330389767,0.00774619156820531,-0.169581611669903,MV-202,sine_steer_python-1
1115,2026年09月15日_19时21分47秒_第001次,2026-09-15T19:21:47,1.114,15.0399864038299,0.00544660970701702,0.188993960758443,3.58057286602114,4.02871534492367e-05,4.63880942390412,0,0.350046117950554,0.00834298203880117,-0.182205706996215,MV-202,sine_steer_python-1
1116,2026年09月15日_19时21分47秒_第001次,2026-09-15T19:21:47,1.115,15.0400376606863,0.0055030989310243,0.193449173517671,3.5847506494071,4.14827896147205e-05,4.64298721614546,0,0.37476262917145,0.00893845778971172,-0.194800936655341,MV-202,sine_steer_python-1
1117,2026年09月15日_19时21分47秒_第001次,2026-09-15T19:21:47,1.116,15.0400889009877,0.00555792375545821,0.197949844105986,3.58892844642203,4.27022378871702e-05,4.64716501963263,0,0.399419961028813,0.00953252532213449,-0.207365295238537,MV-202,sine_steer_python-1
1118,2026年09月15日_19时21分47秒_第001次,2026-09-15T19:21:47,1.117,15.0401401289093,0.0056110202942233,0.202515904335916,3.5931062570572,4.39489796948084e-05,4.65134283435566,0,0.424014219844107,0.0101250913123125,-0.219896784173191,MV-202,sine_steer_python-1
1119,2026年09月15日_19时21分47秒_第001次,2026-09-15T19:21:47,1.118,15.0401913416657,0.00566221546903985,0.207152739615596,3.59728408131074,4.5223644624477e-05,4.65552066031655,0,0.448541521898762,0.0107160626055684,-0.232393412906447,MV-202,sine_steer_python-1
1120,2026年09月15日_19时21分47秒_第001次,2026-09-15T19:21:47,1.119,15.0402425364285,0.00571135936807453,0.211867487689577,3.60146191918034,4.65268169727954e-05,4.65969849752192,0,0.472997994047447,0.0113053462134081,-0.244853199956691,MV-202,sine_steer_python-1
1121,2026年09月15日_19时21分47秒_第001次,2026-09-15T19:21:47,1.12,15.0402937098703,0.00575829115777259,0.216660375172367,3.60563977066417,4.78590991153196e-05,4.66387634598396,0,0.497379774329713,0.0118928493139806,-0.257274173820786,MV-202,sine_steer_python-1
1122,2026年09月15日_19时21分47秒_第001次,2026-09-15T19:21:47,1.121,15.0403448579581,0.00580285057150778,0.221529939929196,3.60981763576075,4.9220887131976e-05,4.66805420572017,0,0.521683012579796,0.0124784792561387,-0.269654373726483,MV-202,sine_steer_python-1
1123,2026年09月15日_19时21分47秒_第001次,2026-09-15T19:21:47,1.122,15.0403958158399,0.00584434377353042,0.227926865183079,3.61399551446862,5.06125069636206e-05,4.67223207675305,0,0.545903871034651,0.0130621435674029,-0.281991850217376,MV-202,sine_steer_python-1
1124,2026年09月15日_19时21分47秒_第001次,2026-09-15T19:21:47,1.123,15.0404468839168,0.00588307371171069,0.232687023869695,3.61817340671403,5.20519994616642e-05,4.67640995901891,0,0.570038524939951,0.0136437499662099,-0.294284665553982,MV-202,sine_steer_python-1
1125,2026年09月15日_19时21分47秒_第001次,2026-09-15T19:21:47,1.124,15.0404978653627,0.00592024447771726,0.237846644641679,3.62235131258693,5.34992918903798e-05,4.68058785266613,0,0.59408316315407,0.0142232063790179,-0.306530893906811,MV-202,sine_steer_python-1
1126,2026年09月15日_19时21分47秒_第001次,2026-09-15T19:21:47,1.125,15.040548828873,0.00595521016396038,0.242928181700893,3.6265292320417,5.49832201787804e-05,4.68476575768099,0,0.618033988749894,0.0148004209631791,-0.318728621302612,MV-202,sine_steer_python-1
1127,2026年09月15日_19时21分47秒_第001次,2026-09-15T19:21:47,1.126,15.0405997470393,0.00598790185320961,0.248055097001405,3.6307071650954,5.64942481131117e-05,4.68894367412557,0,0.641887219614417,0.0153753021369321,-0.330875945266511,MV-202,sine_steer_python-1
1128,2026年09月15日_19时21分47秒_第001次,2026-09-15T19:21:47,1.127,15.040650623459,0.00601825844622074,0.253247119922837,3.63488511174357,5.80358506110021e-05,4.69312160204328,0,0.665639089045973,0.0159477586182535,-0.342970974085854,MV-202,sine_steer_python-1
1129,2026年09月15日_19时21分47秒_第001次,2026-09-15T19:21:47,1.128,15.0407014545775,0.00604610996813122,0.258509483564057,3.63906307198841,5.96086576867218e-05,4.69729954148823,0,0.689285846349032,0.0165176994744034,-0.355011825619452,MV-202,sine_steer_python-1
1130,2026年09月15日_19时21分47秒_第001次,2026-09-15T19:21:47,1.129,15.0407522369209,0.00607130966837765,0.26384918947061,3.64324104583115,6.12132545029473e-05,4.70147749251746,0,0.712823757426501,0.0170850341833533,-0.366996625605269,MV-202,sine_steer_python-1
1131,2026年09月15日_19时21分47秒_第001次,2026-09-15T19:21:47,1.13,15.040802966591,0.00609369998029074,0.269266349677597,3.64741903327303,6.28502450159836e-05,4.7056554551918,0,0.736249105369358,0.0176496727075176,-0.378923505416297,MV-202,sine_steer_python-1
1132,2026年09月15日_19时21分47秒_第001次,2026-09-15T19:21:47,1.131,15.0408536390513,0.00611312396986592,0.274759401472919,3.65159703431511,6.45200275356921e-05,4.7098334295755,0,0.759558191043602,0.0182115255783699,-0.390790599357529,MV-202,sine_steer_python-1
1133,2026年09月15日_19时21分47秒_第001次,2026-09-15T19:21:47,1.132,15.0409040694192,0.00612890442435201,0.281772103955883,3.65577504895799,6.62229305388581e-05,4.71401141573585,0,0.782747333674404,0.0187705039813811,-0.40259604196241,MV-202,sine_steer_python-1
1134,2026年09月15日_19时21分47秒_第001次,2026-09-15T19:21:47,1.133,15.0409545864704,0.00614137258064897,0.287153480310131,3.65995307712015,6.79771144771576e-05,4.71818941363918,0,0.805812871427326,0.0193265198305707,-0.414337965708499,MV-202,sine_steer_python-1
1135,2026年09月15日_19时21分47秒_第001次,2026-09-15T19:21:47,1.134,15.0410049829637,0.00615170369874005,0.292933060333847,3.66413111890121,6.97424016656445e-05,4.72236742348732,0,0.828751161986568,0.0198794858200835,-0.426014499694784,MV-202,sine_steer_python-1
1136,2026年09月15日_19时21分47秒_第001次,2026-09-15T19:21:47,1.135,15.0410553292116,0.00615926333639604,0.298634035723977,3.66830917425316,7.15476222621813e-05,4.72654544530065,0,0.851558583130143,0.0204293154414705,-0.437623769769936,MV-202,sine_steer_python-1
1137,2026年09月15日_19时21分47秒_第001次,2026-09-15T19:21:47,1.136,15.0411055969979,0.00616398512466273,0.304379518444405,3.67248724319398,7.33832496102064e-05,4.73072347917845,0,0.874231533301862,0.0209759229619381,-0.449163900316179,MV-202,sine_steer_python-1
1138,2026年09月15日_19时21分47秒_第001次,2026-09-15T19:21:47,1.137,15.0411557901936,0.00616581129225807,0.310189001841719,3.67666532571854,7.52527513462986e-05,4.73490152519754,0,0.896766432180066,0.0215192233688745,-0.460633017463975,MV-202,sine_steer_python-1
1139,2026年09月15日_19时21分47秒_第001次,2026-09-15T19:21:47,1.138,15.0412059053022,0.00616457553702159,0.316067545252998,3.68084342182818,7.71567584677941e-05,4.73907958344325,0,0.919159721242976,0.0220591322940681,-0.472029253166951,MV-202,sine_steer_python-1
1140,2026年09月15日_19时21分47秒_第001次,2026-09-15T19:21:47,1.139,15.0412559390114,0.00616013484734692,0.322022000304214,3.68502153152276,7.9095857652436e-05,4.74325765400128,0,0.941407864330667,0.0225955659330739,-0.483350749479056,MV-202,sine_steer_python-1
1141,2026年09月15日_19时21分47秒_第001次,2026-09-15T19:21:47,1.14,15.0413058876391,0.00615233551823883,0.328052355685141,3.68919965480166,8.10706553606377e-05,4.74743573695851,0,0.963507348203431,0.0231284409721627,-0.494595662504342,MV-202,sine_steer_python-1
1142,2026年09月15日_19时21分47秒_第001次,2026-09-15T19:21:47,1.141,15.0413557469165,0.00614102455808744,0.334156943900444,3.6933777916636,8.30815531743669e-05,4.75161383240258,0,0.985454683096582,0.0236576745302707,-0.505762165704246,MV-202,sine_steer_python-1
1143,2026年09月15日_19时21分47秒_第001次,2026-09-15T19:21:47,1.142,15.0414053132032,0.00612554558079641,0.341771211122114,3.69755594210637,8.51288832048759e-05,4.75579194042152,0,1.00724640327152,0.024183184118742,-0.516848452443946,MV-202,sine_steer_python-1
1144,2026年09月15日_19时21分47秒_第001次,2026-09-15T19:21:47,1.143,15.041454942081,0.00610626485969984,0.347759888104353,3.70173410603586,8.72309661160768e-05,4.75997006098671,0,1.02887906756301,0.0247048876185106,-0.527852737793179,MV-202,sine_steer_python-1
1145,2026年09月15日_19时21分47秒_第001次,2026-09-15T19:21:47,1.144,15.041504418291,0.00608432149660526,0.354144699237621,3.70591228355617,8.93474748828192e-05,4.76414819432825,0,1.05034925992259,0.0252227032727617,-0.538773259665001,MV-202,sine_steer_python-1
1146,2026年09月15日_19时21分47秒_第001次,2026-09-15T19:21:47,1.145,15.0415538143098,0.00605909505504106,0.360449630933168,3.7100904746121,9.1507243175077e-05,4.76832634047461,0,1.071653589958,0.0257365496926601,-0.549608279394764,MV-202,sine_steer_python-1
1147,2026年09月15日_19时21分47秒_第001次,2026-09-15T19:21:47,1.146,15.041603101977,0.00603052213987369,0.366797417430675,3.71426867921788,9.37007531579564e-05,4.77250449953617,0,1.09278869346854,0.0262463458728864,-0.560356081896926,MV-202,sine_steer_python-1
1148,2026年09月15日_19时21分47秒_第001次,2026-09-15T19:21:47,1.147,15.0416522862029,0.00599854896829149,0.373207283297327,3.7184468973631,9.5931464500129e-05,4.7766826715966,0,1.11375123297638,0.0267520112189506,-0.571014975409451,MV-202,sine_steer_python-1
1149,2026年09月15日_19时21分47秒_第001次,2026-09-15T19:21:47,1.148,15.0417013642893,0.00596301366688607,0.379684093306707,3.72262512904377,9.8200009763233e-05,4.78086085674569,0,1.13453789825351,0.0272534655858672,-0.581583290603632,MV-202,sine_steer_python-1
1150,2026年09月15日_19时21分47秒_第001次,2026-09-15T19:21:47,1.149,15.0417503337959,0.00592377778549241,0.386234535892019,3.72680337425401,0.000100506977831165,4.78503905507081,0,1.15514540684454,0.0277506293080378,-0.592059379901573,MV-202,sine_steer_python-1
1151,2026年09月15日_19时21分47秒_第001次,2026-09-15T19:21:47,1.15,15.0417991919404,0.00588069237682656,0.392858468139613,3.73098163298711,0.000102852978640533,4.78921726665779,0,1.17557050458495,0.0282434232349483,-0.602441616842338,MV-202,sine_steer_python-1
1152,2026年09月15日_19时21分47秒_第001次,2026-09-15T19:21:47,1.151,15.0418479353815,0.00583360935722406,0.399554114238217,3.73515990523535,0.00010523841815849,4.79339549159057,0,1.19580996611504,0.0287317687816914,-0.612728394943197,MV-202,sine_steer_python-1
1153,2026年09月15日_19时21分47秒_第001次,2026-09-15T19:21:47,1.152,15.0418963434573,0.00578189746559599,0.407747311284392,3.73933819098979,0.000107663633330277,4.79757372995082,0,1.21586059538921,0.0292155879809773,-0.622918126236492,MV-202,sine_steer_python-1
1154,2026年09月15日_19时21分47秒_第001次,2026-09-15T19:21:47,1.153,15.0419447963405,0.00572596447531861,0.41432087411445,3.74351649014021,0.000110147142608672,4.80175198168788,0,1.23571922618067,0.0296948035316186,-0.633009239890278,MV-202,sine_steer_python-1
1155,2026年09月15日_19时21分47秒_第001次,2026-09-15T19:21:47,1.154,15.0419930730118,0.00566690736357169,0.421287704138183,3.74769480279115,0.000112648429124679,4.80593024703339,0,1.2553827225814,0.0301693388452353,-0.643000180967499,MV-202,sine_steer_python-1
1156,2026年09月15日_19时21分47秒_第001次,2026-09-15T19:21:47,1.155,15.0420412484769,0.00560412253576036,0.428172635400828,3.75187312887669,0.000115196338790004,4.81010852599705,0,1.27484797949738,0.0306391180924982,-0.652889409253049,MV-202,sine_steer_python-1
1157,2026年09月15日_19时21分47秒_第001次,2026-09-15T19:21:47,1.156,15.0420892952978,0.00553755062047887,0.435098004001364,3.75605146840409,0.000117781362280305,4.81428681867413,0,1.29411192313889,0.0311040662476357,-0.662675398147365,MV-202,sine_steer_python-1
1158,2026年09月15日_19时21分47秒_第001次,2026-09-15T19:21:47,1.157,15.0421372199814,0.00546714309328046,0.442082738740289,3.76022982135453,0.000120406951059271,4.8184651251292,0,1.31317151150591,0.0315641091291524,-0.672356633687407,MV-202,sine_steer_python-1
1159,2026年09月15日_19时21分47秒_第001次,2026-09-15T19:21:47,1.158,15.0421850211525,0.00539274391307433,0.449131494598771,3.76440818771584,0.000123073740237387,4.82264344543105,0,1.3320237348685,0.0320191734354971,-0.681931613761597,MV-202,sine_steer_python-1
1160,2026年09月15日_19时21分47秒_第001次,2026-09-15T19:21:47,1.159,15.0422326977285,0.00531422068715036,0.456250788763656,3.76858656747373,0.000125782322063033,4.82682177964378,0,1.35066561624205,0.0324691867752389,-0.691398847555335,MV-202,sine_steer_python-1
1161,2026年09月15日_19时21分47秒_第001次,2026-09-15T19:21:47,1.16,15.0422802482758,0.00523143081801267,0.463440343604033,3.77276496061296,0.000128533311432142,4.83100012782782,0,1.36909421185738,0.0329140776915783,-0.700756855237365,MV-202,sine_steer_python-1
1162,2026年09月15日_19时21分47秒_第001次,2026-09-15T19:21:47,1.161,15.042327670794,0.00514423281054748,0.47069827659161,3.77694336711721,0.000131327120381773,4.83517849003967,0,1.38730661162561,0.0333537756811049,-0.710004167883941,MV-202,sine_steer_python-1
1163,2026年09月15日_19时21分47秒_第001次,2026-09-15T19:21:47,1.162,15.0423747296714,0.005052025084442,0.479439639849068,3.78112178696878,0.000134164092529198,4.83935686633161,0,1.4052999395977,0.0337882112066155,-0.719139327656042,MV-202,sine_steer_python-1
1164,2026年09月15日_19时21分47秒_第001次,2026-09-15T19:21:47,1.163,15.042421826733,0.00495526344509373,0.486567491175853,3.78530022004009,0.00013706297843769,4.84353525660882,0,1.42307135441857,0.0342173157044755,-0.728160888188459,MV-202,sine_steer_python-1
1165,2026年09月15日_19时21分47秒_第001次,2026-09-15T19:21:47,1.164,15.0424687371106,0.00485499847363098,0.494084999486556,3.78947866643422,0.000139983036344499,4.84771366108314,0,1.44061804977582,0.0346410215886152,-0.737067415065239,MV-202,sine_steer_python-1
1166,2026年09月15日_19时21分47秒_第001次,2026-09-15T19:21:47,1.165,15.0425155383839,0.00475064675052734,0.501517898838428,3.79365712607318,0.000142953132998063,4.85189207972455,0,1.45793725484282,0.0350592622504522,-0.745857486534932,MV-202,sine_steer_python-1
1167,2026年09月15日_19时21分47秒_第001次,2026-09-15T19:21:47,1.166,15.0425622041597,0.00464215478112188,0.508988117338391,3.7978355989562,0.000145963768412947,4.85607051259355,0,1.47502623471635,0.035471972053826,-0.754529694417984,MV-202,sine_steer_python-1
1168,2026年09月15日_19时21分47秒_第001次,2026-09-15T19:21:47,1.167,15.0426087427475,0.00452948131796008,0.516514270114256,3.80201408505523,0.000149018386772789,4.86024895971679,0,1.49188229084836,0.0358790863290123,-0.76308264497906,MV-202,sine_steer_python-1
1169,2026年09月15日_19时21分47秒_第001次,2026-09-15T19:21:47,1.168,15.042655154268,0.00441247829831442,0.524100795501768,3.80619258434931,0.000152117627833874,4.86442742112417,0,1.50850276147221,0.0362805413656201,-0.771514959900066,MV-202,sine_steer_python-1
1170,2026年09月15日_19时21分47秒_第001次,2026-09-15T19:21:47,1.169,15.0427014391245,0.00429102160893461,0.531754038871013,3.81037109681542,0.000155262089556993,4.86860589683973,0,1.52488502202289,0.0366762744030232,-0.779825277357605,MV-202,sine_steer_python-1
1171,2026年09月15日_19时21分47秒_第001次,2026-09-15T19:21:47,1.17,15.0427475973201,0.00416497730002059,0.539473591696096,3.81454962242969,0.000158452394518372,4.87278438688268,0,1.54102648555158,0.0370662236203308,-0.788012253090998,MV-202,sine_steer_python-1
1172,2026年09月15日_19时21分47秒_第001次,2026-09-15T19:21:47,1.171,15.0427936282453,0.00403421282805023,0.547257472749792,3.81872816116728,0.000161688963812272,4.87696289126742,0,1.55692460313405,0.0374503281270561,-0.796074561396407,MV-202,sine_steer_python-1
1173,2026年09月15日_19时21分47秒_第001次,2026-09-15T19:21:47,1.172,15.0428392835128,0.00389816089599787,0.556508925836202,3.82290671300214,0.000164972150936368,4.88114141000321,0,1.57257686427324,0.0378285279537831,-0.804010896139763,MV-202,sine_steer_python-1
1174,2026年09月15日_19时21分47秒_第001次,2026-09-15T19:21:47,1.173,15.0428849829952,0.00375733183582121,0.564153144170622,3.82708527779054,0.000168320969189184,4.88531994293897,0,1.58798079729567,0.0382007640442766,-0.811819971724529,MV-202,sine_steer_python-1
1175,2026年09月15日_19时21分47秒_第001次,2026-09-15T19:21:47,1.174,15.0429304994006,0.00361272720410192,0.572182775330718,3.83126385563458,0.000171694424527047,4.88949849025563,0,1.60313396974175,0.0385669782491483,-0.81950052396428,MV-202,sine_steer_python-1
1176,2026年09月15日_19时21分47秒_第001次,2026-09-15T19:21:47,1.175,15.0429759125404,0.00346378739231014,0.580124508010285,3.83544244644507,0.000175121413316888,4.89367705187291,0,1.61803398874989,0.0389271133208523,-0.827051310884584,MV-202,sine_steer_python-1
1177,2026年09月15日_19时21分47秒_第001次,2026-09-15T19:21:47,1.176,15.0430211969812,0.00331046721029918,0.588099861185342,3.83962105021454,0.000178592447702237,4.8978556278077,0,1.63267850143437,0.039281112910518,-0.834471113441202,MV-202,sine_steer_python-1
1178,2026年09月15日_19时21分47秒_第001次,2026-09-15T19:21:47,1.177,15.0430663626419,0.00315273519767344,0.596127127150021,3.84379966690708,0.000182110967386903,4.90203421804086,0,1.64706519525685,0.0396289215671658,-0.841758736129777,MV-202,sine_steer_python-1
1179,2026年09月15日_19时21分47秒_第001次,2026-09-15T19:21:47,1.178,15.0431114109254,0.00299045385973253,0.604210528183,3.84797829649457,0.000185677620662787,4.90621282255679,0,1.66119179839162,0.0399704847394028,-0.848913007480171,MV-202,sine_steer_python-1
1180,2026年09月15日_19时21分47秒_第001次,2026-09-15T19:21:47,1.179,15.0431563434715,0.00282350997590447,0.61235624336886,3.85215693894702,0.000189293015390846,4.91039144133396,0,1.67505608008428,0.0403057487795127,-0.855932780439591,MV-202,sine_steer_python-1
1181,2026年09月15日_19时21分47秒_第001次,2026-09-15T19:21:47,1.18,15.0432011614404,0.00265178087839531,0.620563742342349,3.85633559423393,0.00019295778640097,4.91457007434616,0,1.68865585100403,0.040634660949934,-0.862816932645158,MV-202,sine_steer_python-1
1182,2026年09月15日_19时21分47秒_第001次,2026-09-15T19:21:47,1.181,15.0432458653057,0.0024751456183582,0.628830957552592,3.8605142623241,0.000196672368715173,4.91874872156257,0,1.70198896358938,0.0409571694321474,-0.869564366588127,MV-202,sine_steer_python-1
1183,2026年09月15日_19时21分47秒_第001次,2026-09-15T19:21:47,1.182,15.0432901959679,0.00229307529030163,0.638548494089087,3.86469294318546,0.000200437130834937,4.92292738294758,0,1.7150533123873,0.041273223337857,-0.876174009691782,MV-202,sine_steer_python-1
1184,2026年09月15日_19时21分47秒_第001次,2026-09-15T19:21:47,1.183,15.0433345873448,0.00210614063430145,0.646665238877092,3.86887163666135,0.000204271374576736,4.92710605829343,0,1.72784683438567,0.0415827727230625,-0.882644814177357,MV-202,sine_steer_python-1
1185,2026年09月15日_19时21分47秒_第001次,2026-09-15T19:21:47,1.184,15.0433788106724,0.0019152928740162,0.655162662088322,3.87305034285526,0.000208133836477658,4.93128474775096,0,1.74036750933905,0.0418857686020649,-0.888975756980835,MV-202,sine_steer_python-1
1186,2026年09月15日_19时21分47秒_第001次,2026-09-15T19:21:47,1.185,15.0434229473437,0.00171999962349698,0.663568466312589,3.87722906166941,0.000212053451327511,4.93546345119075,0,1.75261336008773,0.0421821629639198,-0.895165839588442,MV-202,sine_steer_python-1
1187,2026年09月15日_19时21分47秒_第001次,2026-09-15T19:21:47,1.186,15.0434669724805,0.00152022646095283,0.672003764118472,3.88140779309262,0.000216020748717678,4.93964216858887,0,1.7645824528699,0.0424719087894557,-0.901214087845729,MV-202,sine_steer_python-1
1188,2026年09月15日_19时21分47秒_第001次,2026-09-15T19:21:47,1.187,15.0435108971195,0.00131595416542237,0.680486522540861,3.88558653708411,0.000220039168914542,4.94382089988407,0,1.77627289762709,0.0427549600699495,-0.907119551582737,MV-202,sine_steer_python-1
1189,2026年09月15日_19时21分47秒_第001次,2026-09-15T19:21:47,1.188,15.0435547234553,0.00110705826915063,0.689020753309741,3.88976529361164,0.000224109374738642,4.94799964502003,0,1.78768284830253,0.043031271827569,-0.912881304160504,MV-202,sine_steer_python-1
1190,2026年09月15日_19时21分47秒_第001次,2026-09-15T19:21:47,1.189,15.0435984538576,0.000893438856638568,0.69761247808525,3.89394406264152,0.000228231990228853,4.95217840393549,0,1.79881050313274,0.043300800133658,-0.918498442224656,MV-202,sine_steer_python-1
1191,2026年09月15日_19时21分47秒_第001次,2026-09-15T19:21:47,1.19,15.0436420901254,0.000674986905239933,0.706261056087949,3.89812284413988,0.000232407669082319,4.95635717656559,0,1.80965410493204,0.0435635021251399,-0.923970085511005,MV-202,sine_steer_python-1
1192,2026年09月15日_19时21分47秒_第001次,2026-09-15T19:21:47,1.191,15.0436856332875,0.000451595363268698,0.714964347144344,3.90230163807256,0.000236636867133588,4.96053596284208,0,1.82021194136999,0.0438193360209338,-0.929295376444311,MV-202,sine_steer_python-1
1193,2026年09月15日_19时21分47秒_第001次,2026-09-15T19:21:47,1.192,15.0437288153488,0.000222776629845538,0.725099727235411,3.90648044440488,0.000240919975000601,4.96471476269317,0,1.83048234524183,0.044068261134855,-0.934473480073982,MV-202,sine_steer_python-1
1194,2026年09月15日_19时21分47秒_第001次,2026-09-15T19:21:47,1.193,15.0437720802852,-1.08337647620811e-05,0.733640920292366,3.91065926297145,0.000245276602013136,4.96889357586439,0,1.84046369473174,0.044310237889957,-0.939503583922242,MV-202,sine_steer_python-1
1195,2026年09月15日_19时21分47秒_第001次,2026-09-15T19:21:47,1.194,15.0438151984729,-0.000248335326624672,0.742557711483491,3.91483809388061,0.000249665210880294,4.97307240248742,0,1.85015441366892,0.044545227831357,-0.944384897824221,MV-202,sine_steer_python-1
1196,2026年09月15日_19时21分47秒_第001次,2026-09-15T19:21:47,1.195,15.0438582521107,-0.000490230714199457,0.751378883949936,3.91901693702934,0.000254114782840529,4.97725124239447,0,1.8595529717765,0.0447731936357996,-0.949116653903849,MV-202,sine_steer_python-1
1197,2026年09月15日_19时21分47秒_第001次,2026-09-15T19:21:47,1.196,15.0439012163364,-0.000736541734214546,0.760225145399779,3.92319579240645,0.00025861587285187,4.98143009553298,0,1.86865788491322,0.0449940991193155,-0.953698106635094,MV-202,sine_steer_python-1
1198,2026年09月15日_19时21分47秒_第001次,2026-09-15T19:21:47,1.197,15.0439441026994,-0.000987273617181629,0.769114140199468,3.92737465996986,0.00026317192885682,4.98560896181232,0,1.87746771530775,0.045207909244105,-0.958128532920405,MV-202,sine_steer_python-1
1199,2026年09月15日_19时21分47秒_第001次,2026-09-15T19:21:47,1.198,15.0439869136056,-0.00124253612119857,0.778049677750892,3.93155353968689,0.000267783636064855,4.98978784114879,0,1.88598107178573,0.0454145901243204,-0.962407232198088,MV-202,sine_steer_python-1
1200,2026年09月15日_19时21分47秒_第001次,2026-09-15T19:21:47,1.199,15.0440296515768,-0.0015024142851745,0.78703763208897,3.93573243152372,0.000272451642756483,4.99396673345544,0,1.89419660998949,0.0456141090302724,-0.96653352660793,MV-202,sine_steer_python-1
1201,2026年09月15日_19时21分47秒_第001次,2026-09-15T19:21:47,1.2,15.0440723184785,-0.00176700202697083,0.796077263410665,3.93991133544671,0.000277176629777695,4.99814563864334,0,1.90211303259031,0.0458064343912661,-0.970506761207822,MV-202,sine_steer_python-1
1202,2026年09月15日_19时21分47秒_第001次,2026-09-15T19:21:47,1.201,15.0441149153307,-0.00203639116136045,0.805166371445198,3.94409025142236,0.000281959082242756,5.00232455662194,0,1.90972908949329,0.0459915357974458,-0.974326304253239,MV-202,sine_steer_python-1
1203,2026年09月15日_19时21分47秒_第001次,2026-09-15T19:21:47,1.202,15.0441571667489,-0.00231102690476932,0.815668798414244,3.94826917941695,0.000286799421498742,5.00650348729889,0,1.91704357803475,0.0461693840014741,-0.97799154740248,MV-202,sine_steer_python-1
1204,2026年09月15日_19时21分47秒_第001次,2026-09-15T19:21:47,1.203,15.0441995232021,-0.00259020697853778,0.824583753914316,3.95244811926038,0.00029171757415419,5.01068243038918,0,1.92405534317217,0.0463399509186765,-0.98150190595381,MV-202,sine_steer_python-1
1205,2026年09月15日_19时21分47秒_第001次,2026-09-15T19:21:47,1.204,15.0442417546484,-0.00287308141397855,0.833868997571901,3.95662707106931,0.000296671739241081,5.01486138602234,0,1.93076327766655,0.0465032096257214,-0.984856819252152,MV-202,sine_steer_python-1
1206,2026年09月15日_19时21分47秒_第001次,2026-09-15T19:21:47,1.205,15.0442839433776,-0.00316012215565281,0.843054469583403,3.96080603473866,0.00030169095036706,5.01904035400838,0,1.93716632225726,0.0466591343604995,-0.988055750984038,MV-202,sine_steer_python-1
1207,2026年09月15日_19时21分47秒_第001次,2026-09-15T19:21:47,1.206,15.0443260640558,-0.00345133770882395,0.852260469419604,3.96498501026065,0.000306765797886864,5.02321933428328,0,1.94326346582935,0.04680770052152,-0.991098189452707,MV-202,sine_steer_python-1
1208,2026年09月15日_19时21分47秒_第001次,2026-09-15T19:21:47,1.207,15.0443681282063,-0.00374671878200707,0.861504325467034,3.96916399759513,0.000311899745893716,5.02739832674409,0,1.94905374557315,0.0469488846664573,-0.993983647888973,MV-202,sine_steer_python-1
1209,2026年09月15日_19时21分47秒_第001次,2026-09-15T19:21:47,1.208,15.0444101379494,-0.00404636001427035,0.870789654378821,3.97334299671213,0.00031709351094749,5.03157733129709,0,1.95453624713639,0.0470826645108123,-0.996711664753407,MV-202,sine_steer_python-1
1210,2026年09月15日_19时21分47秒_第001次,2026-09-15T19:21:47,1.209,15.0444520954753,-0.00435033130875238,0.880122191789419,3.97752200758078,0.000322347774598987,5.035756347847,0,1.95971010476849,0.0472090189271838,-0.999281803996736,MV-202,sine_steer_python-1
1211,2026年09月15日_19时21分47秒_第001次,2026-09-15T19:21:47,1.21,15.0444940022517,-0.00465871136644294,0.889501108729528,3.98170103017068,0.000327663253917632,5.03993537629836,0,1.96457450145738,0.0473279279449623,-1.00169365528763,MV-202,sine_steer_python-1
1212,2026年09月15日_19时21分47秒_第001次,2026-09-15T19:21:47,1.211,15.0445358588425,-0.00497157680312368,0.898924154628023,3.98588006445182,0.000333040472427782,5.04411441655575,0,1.96912866905841,0.0474393727503361,-1.00394683421759,MV-202,sine_steer_python-1
1213,2026年09月15日_19时21分47秒_第001次,2026-09-15T19:21:47,1.212,15.0445773836747,-0.00528933157929591,0.909741652439204,3.99005911039426,0.000338479891358592,5.04829346852372,0,1.97337188841574,0.0475433356868031,-1.00604098247418,MV-202,sine_steer_python-1
1214,2026年09月15日_19时21分47秒_第001次,2026-09-15T19:21:47,1.213,15.0446190308449,-0.0056112078033936,0.918978391341238,3.99423816782617,0.000344001752753846,5.05247253190399,0,1.97730348947583,0.0476398002563719,-1.00797576797215,MV-202,sine_steer_python-1
1215,2026年09月15日_19时21分47秒_第001次,2026-09-15T19:21:47,1.214,15.0446605703049,-0.00593640531419096,0.928579949195516,3.99841723687524,0.000349564017405613,5.05665160684199,0,1.9809228513933,0.0477287511214446,-1.00975088494252,MV-202,sine_steer_python-1
1216,2026年09月15日_19时21分47秒_第001次,2026-09-15T19:21:47,1.215,15.0447020839167,-0.0062653662183589,0.938077510810362,4.00259631743639,0.000355195773559471,5.0608306931419,0,1.98422940262896,0.047810174107288,-1.0113660539848,MV-202,sine_steer_python-1
1217,2026年09月15日_19时21分47秒_第001次,2026-09-15T19:21:47,1.216,15.0447435455715,-0.00659808644861708,0.947590957402208,4.00677540950763,0.000360887658164928,5.06500979074516,0,1.98722262104002,0.0478840562050395,-1.01282102208522,MV-202,sine_steer_python-1
1218,2026年09月15日_19时21分47秒_第001次,2026-09-15T19:21:47,1.217,15.0447849664181,-0.00693454310296187,0.957137312071694,4.01095451305285,0.000366643160215814,5.06918889955297,0,1.9899020339626,0.047950385575209,-1.0141155626018,MV-202,sine_steer_python-1
1219,2026年09月15日_19时21分47秒_第001次,2026-09-15T19:21:47,1.218,15.0448263479927,-0.00727481675346705,0.966720009327704,4.01513362804674,0.000372463036567127,5.0733680194777,0,1.99226721828634,0.0480091515516055,-1.01524947521911,MV-202,sine_steer_python-1
1220,2026年09月15日_19时21分47秒_第001次,2026-09-15T19:21:47,1.219,15.0448676918757,-0.00761896337231508,0.976344654662078,4.01931275446324,0.000378348010890093,5.07754715043157,0,1.99431780052123,0.0480603446455724,-1.01622258587755,MV-202,sine_steer_python-1
1221,2026年09月15日_19时21分47秒_第001次,2026-09-15T19:21:47,1.22,15.044908998881,-0.00796704779374284,0.986010337938278,4.0234918922769,0.000384298845177153,5.0817262923279,0,1.99605345685654,0.0481039598590296,-1.01703460661577,MV-202,sine_steer_python-1
1222,2026年09月15日_19时21分47秒_第001次,2026-09-15T19:21:47,1.221,15.044950268882,-0.00831913292740165,0.995714765073818,4.02767104146276,0.000390316109972418,5.08590544508142,0,1.99747391321204,0.0481399905507395,-1.01768539562664,MV-202,sine_steer_python-1
1223,2026年09月15日_19时21分47秒_第001次,2026-09-15T19:21:47,1.222,15.0449912150839,-0.00867558481376323,1.00679508524168,4.03185020199605,0.000396400314884465,5.09008460860801,0,1.99857894528118,0.0481684283876392,-1.01817495824459,MV-202,sine_steer_python-1
1224,2026年09月15日_19时21分47秒_第001次,2026-09-15T19:21:47,1.223,15.0450322931437,-0.00903557438535324,1.01630118272974,4.03602937370463,0.000402572002244078,5.09426378260984,0,1.9993683785666,0.0481892687001061,-1.01850322206945,MV-202,sine_steer_python-1
1225,2026年09月15日_19时21分47秒_第001次,2026-09-15T19:21:47,1.224,15.0450732734885,-0.00939834989743346,1.02616649241842,4.04020855672862,0.000408788934733563,5.09844296726265,0,1.99984208840763,0.0482025059825114,-1.01867022589991,MV-202,sine_steer_python-1
1226,2026年09月15日_19时21分47秒_第001次,2026-09-15T19:21:47,1.225,15.0451142372912,-0.00976432633041553,1.03592354215232,4.04438775096351,0.000415080252479067,5.10262216237698,0,2,0.0482081401073157,-1.01867585774761,MV-202,sine_steer_python-1
1227,2026年09月15日_19时21分47秒_第001次,2026-09-15T19:21:47,1.226,15.0451551576146,-0.0101334890827291,1.04569177900959,4.04856695641402,0.000421436650228088,5.10680136791221,0,1.99984208840763,0.0482061705300645,-1.01852009973476,MV-202,sine_steer_python-1
1228,2026年09月15日_19时21分47秒_第001次,2026-09-15T19:21:47,1.227,15.0451960451323,-0.0105058038630466,1.05548793634576,4.05274617304867,0.000427861649710435,5.11098058378529,0,1.9993683785666,0.0481965970235393,-1.01820299685657,MV-202,sine_steer_python-1
1229,2026年09月15日_19时21分47秒_第001次,2026-09-15T19:21:47,1.228,15.0452369007459,-0.0108813395191543,1.06531527904519,4.05692540084731,0.000434356055816093,5.11515980992567,0,1.99857894528118,0.0481794196607074,-1.01772465811984,MV-202,sine_steer_python-1
1230,2026年09月15日_19时21分47秒_第001次,2026-09-15T19:21:47,1.229,15.0452777253942,-0.0112601405557965,1.07517929071413,4.06110463978903,0.000440920641830933,5.11933904626344,0,1.99747391321203,0.0481546384127241,-1.01708527330046,MV-202,sine_steer_python-1
1231,2026年09月15日_19时21分47秒_第001次,2026-09-15T19:21:47,1.23,15.045318519226,-0.011642260513574,1.08507898728325,4.06528388985351,0.000447556221829293,5.12351829273042,0,1.99605345685654,0.0481222536181419,-1.01628509302615,MV-202,sine_steer_python-1
1232,2026年09月15日_19时21分47秒_第001次,2026-09-15T19:21:47,1.231,15.0453592814332,-0.0120277512716401,1.09501203617237,4.06946315102095,0.000454263420314902,5.12769754926049,0,1.99431780052123,0.0480822661770123,-1.01532442057279,MV-202,sine_steer_python-1
1233,2026年09月15日_19时21分47秒_第001次,2026-09-15T19:21:47,1.232,15.0453997208413,-0.0124169461229698,1.10630307517677,4.07364242327165,0.000461042801988156,5.13187681578921,0,1.99226721828635,0.0480346833326179,-1.01420336712508,MV-202,sine_steer_python-1
1234,2026年09月15日_19时21分47秒_第001次,2026-09-15T19:21:47,1.233,15.0454402933252,-0.0128089622532083,1.1160260433744,4.07782170643295,0.000467915180482838,5.13605609202634,0,1.9899020339626,0.0479795141067132,-1.01292204543027,MV-202,sine_steer_python-1
1235,2026年09月15日_19时21分47秒_第001次,2026-09-15T19:21:47,1.234,15.045480770385,-0.0132030939371461,1.12610246607805,4.08200100065742,0.000474838173371588,5.14023537818598,0,1.98722262104002,0.0479167673352882,-1.01148065139058,MV-202,sine_steer_python-1
1236,2026年09月15日_19时21分47秒_第001次,2026-09-15T19:21:47,1.235,15.0455212324885,-0.0135997331991802,1.13606632229927,4.08618030584025,0.00048184096403258,5.1444146740905,0,1.98422940262896,0.0478464577374238,-1.0098792089839,MV-202,sine_steer_python-1
1237,2026年09月15日_19时21分47秒_第001次,2026-09-15T19:21:47,1.236,15.0455616520609,-0.0139988578339314,1.14603660625619,4.0903596219924,0.000488914315128459,5.14859397972292,0,1.9809228513933,0.0477685971475231,-1.00811793985718,MV-202,sine_steer_python-1
1238,2026年09月15日_19时21分47秒_第001次,2026-09-15T19:21:47,1.237,15.04560203943,-0.0144004252592729,1.15602978353669,4.09453894908623,0.000496061787047603,5.15277329502065,0,1.97730348947583,0.0476831983386303,-1.00619710182969,MV-202,sine_steer_python-1
1239,2026年09月15日_19时21分47秒_第001次,2026-09-15T19:21:47,1.238,15.0456423950388,-0.0148044957723359,1.16604896572953,4.09871828710591,0.000503284238287813,5.1569526199343,0,1.97337188841574,0.0475902752784904,-1.00411697815055,MV-202,sine_steer_python-1
1240,2026年09月15日_19时21分47秒_第001次,2026-09-15T19:21:47,1.239,15.0456827193707,-0.0152111056509791,1.17609952488681,4.10289763603475,0.000510582496968366,5.16113195441516,0,1.96912866905841,0.0474898430814822,-1.00187787916897,MV-202,sine_steer_python-1
1241,2026年09月15日_19时21分47秒_第001次,2026-09-15T19:21:47,1.24,15.0457230121098,-0.0156203004362487,1.18618041168046,4.10707699585649,0.000517957433987707,5.16531129841622,0,1.96457450145738,0.0473819179894885,-0.999480142992034,MV-202,sine_steer_python-1
1242,2026年09月15日_19时21分47秒_第001次,2026-09-15T19:21:47,1.241,15.045763271978,-0.0160321243146757,1.19628926064492,4.11125636655534,0.000525409732246328,5.16949065189249,0,1.95971010476849,0.0472665173626274,-0.996924135781764,MV-202,sine_steer_python-1
1243,2026年09月15日_19时21分47秒_第001次,2026-09-15T19:21:47,1.242,15.0458032042395,-0.0164468842151667,1.20773913873254,4.11543574811546,0.000532940015675165,5.17367001480056,0,1.95453624713639,0.0471436596669102,-0.994210252094345,MV-202,sine_steer_python-1
1244,2026年09月15日_19时21分47秒_第001次,2026-09-15T19:21:47,1.243,15.0458432641588,-0.0168636532721373,1.21762651135422,4.11961514036225,0.000540569327220964,5.17784938685785,0,1.94905374557315,0.0470133644575191,-0.991338915375715,MV-202,sine_steer_python-1
1245,2026年09月15日_19时21分47秒_第001次,2026-09-15T19:21:47,1.244,15.0458832250098,-0.0172817680119874,1.22786140821908,4.12379454345979,0.000548255202523034,5.18202876831801,0,1.94326346582935,0.0468756523604131,-0.988310578541639,MV-202,sine_steer_python-1
1246,2026年09月15日_19时21分47秒_第001次,2026-09-15T19:21:47,1.245,15.0459231667039,-0.0177016025301642,1.23797937557627,4.1279739573011,0.000556026853606434,5.18620815901397,0,1.93716632225726,0.0467305450562152,-0.985125724457267,MV-202,sine_steer_python-1
1247,2026年09月15日_19时21分47秒_第001次,2026-09-15T19:21:47,1.246,15.0459630613875,-0.0181231302563735,1.24809893732301,4.13215338190195,0.000563875119312424,5.19038755895132,0,1.93076327766655,0.0465780652691104,-0.981784866183872,MV-202,sine_steer_python-1
1248,2026年09月15日_19时21分47秒_第001次,2026-09-15T19:21:47,1.247,15.0460029193229,-0.0185463037091515,1.25823632127824,4.13633281723692,0.00057180360211507,5.19456696808614,0,1.92405534317217,0.0464182367621528,-0.978288546937575,MV-202,sine_steer_python-1
1249,2026年09月15日_19时21分47秒_第001次,2026-09-15T19:21:47,1.248,15.0460427408089,-0.0189711780452834,1.26839450792249,4.14051226329283,0.000579813217004537,5.19874638638778,0,1.91704357803475,0.0462510843399072,-0.974637339728618,MV-202,sine_steer_python-1
1250,2026年09月15日_19时21分47秒_第001次,2026-09-15T19:21:47,1.249,15.0460825261889,-0.0193977847353405,1.27857877243322,4.14469172005552,0.000587904849415776,5.20292581382588,0,1.90972908949329,0.046076633858864,-0.970831846661923,MV-202,sine_steer_python-1
1251,2026年09月15日_19时21分47秒_第001次,2026-09-15T19:21:47,1.25,15.0461222749994,-0.0198261647360119,1.28878801269301,4.14887118751108,0.000596079428997342,5.2071052503712,0,1.90211303259031,0.0458949122450668,-0.966872697919882,MV-202,sine_steer_python-1
1252,2026年09月15日_19时21分47秒_第001次,2026-09-15T19:21:47,1.251,15.0461619858106,-0.0202563579417553,1.29901983905775,4.15305066564598,0.000604337698636723,5.21128469599601,0,1.89419660998949,0.0457059475172522,-0.962760550498897,MV-202,sine_steer_python-1
1253,2026年09月15日_19时21分47秒_第001次,2026-09-15T19:21:47,1.252,15.0462013611695,-0.0206886518081651,1.31057690889541,4.15723015444647,0.00061268034277033,5.21546415067358,0,1.88598107178573,0.0455097688130737,-0.95849608680393,MV-202,sine_steer_python-1
1254,2026年09月15日_19时21分47秒_第001次,2026-09-15T19:21:47,1.253,15.0462408551416,-0.021122086448,1.32057629902023,4.16140965373411,0.000621128580709533,5.21964361412365,0,1.87746771530775,0.0453064064157002,-0.954080013216039,MV-202,sine_steer_python-1
1255,2026年09月15日_19时21分47秒_第001次,2026-09-15T19:21:47,1.254,15.0462802435152,-0.0215560352556027,1.3309171103492,4.16558916368315,0.000629639936448905,5.22382308663551,0,1.86865788491322,0.0450958917781388,-0.949513058744514,MV-202,sine_steer_python-1
1256,2026年09月15日_19时21分47秒_第001次,2026-09-15T19:21:47,1.255,15.0463196058352,-0.0219908596344334,1.34113657820033,4.16976868418224,0.000638243630714822,5.2280025680464,0,1.8595529717765,0.0448782575429559,-0.944795973861796,MV-202,sine_steer_python-1
1257,2026年09月15日_19时21分47秒_第001次,2026-09-15T19:21:47,1.256,15.0463589143803,-0.0224265316287445,1.35135274344202,4.17394821525028,0.000646930584625834,5.23218205837889,0,1.85015441366892,0.0446535375556678,-0.939929529594703,MV-202,sine_steer_python-1
1258,2026年09月15日_19时21分47秒_第001次,2026-09-15T19:21:47,1.257,15.0463981796586,-0.0228630019857785,1.36158163475062,4.17812775686225,0.000655704443589588,5.23636155760148,0,1.84046369473174,0.0444217668708721,-0.934914516911317,MV-202,sine_steer_python-1
1259,2026年09月15日_19时21分47秒_第001次,2026-09-15T19:21:47,1.258,15.0464374021598,-0.0233003238214301,1.37182613066741,4.18230730900583,0.000664566179272864,5.24054106569589,0,1.83048234524183,0.0441829817510709,-0.92975174640583,MV-202,sine_steer_python-1
1260,2026年09月15日_19时21分47秒_第001次,2026-09-15T19:21:47,1.259,15.0464765824115,-0.0237385268638082,1.38209142988603,4.18648687166761,0.000673516734219074,5.24472058264339,0,1.82021194136999,0.043937219658929,-0.924442048249731,MV-202,sine_steer_python-1
1261,2026年09月15日_19时21分47秒_第001次,2026-09-15T19:21:47,1.26,15.0465157201181,-0.0241776505030978,1.3923763951601,4.19066644483434,0.000682557096045093,5.24890010842568,0,1.80965410493204,0.0436845192443365,-0.918986272351521,MV-202,sine_steer_python-1
1262,2026年09月15日_19时21分47秒_第001次,2026-09-15T19:21:47,1.261,15.0465548102502,-0.0246177332124862,1.40267867867288,4.194846028493,0.000691688066527831,5.25307964302524,0,1.79881050313274,0.043424920328018,-0.913385288651379,MV-202,sine_steer_python-1
1263,2026年09月15日_19时21分47秒_第001次,2026-09-15T19:21:47,1.262,15.0465935521927,-0.0250590498112485,1.4142918558814,4.19902562262874,0.000700910389335127,5.25725918642319,0,1.78768284830253,0.0431584638835301,-0.907639987472876,MV-202,sine_steer_python-1
1264,2026年09月15日_19时21分47秒_第001次,2026-09-15T19:21:47,1.263,15.046632398515,-0.0255006189359945,1.42435142384955,4.20320522705599,0.000710245399105459,5.26143873833206,0,1.77627289762709,0.042885192019308,-0.901751279861538,MV-202,sine_steer_python-1
1265,2026年09月15日_19时21分47秒_第001次,2026-09-15T19:21:47,1.264,15.0466711405132,-0.025941844192573,1.43474606107044,4.20738484195673,0.000719650682695962,5.26561829906926,0,1.76458245286991,0.0426051479620181,-0.895720097856968,MV-202,sine_steer_python-1
1266,2026年09月15日_19时21分47秒_第001次,2026-09-15T19:21:47,1.265,15.0467098495165,-0.026383078818962,1.44501494522537,4.21156446721721,0.00072915544516209,5.26979786847225,0,1.75261336008773,0.0423183760419309,-0.889547394668537,MV-202,sine_steer_python-1
1267,2026年09月15日_19时21分47秒_第001次,2026-09-15T19:21:47,1.266,15.0467484996178,-0.0268242959075495,1.45527559989018,4.21574410285686,0.00073875069432226,5.27397744657205,0,1.74036750933905,0.0420249216804403,-0.883234144749146,MV-202,sine_steer_python-1
1268,2026年09月15日_19时21分47秒_第001次,2026-09-15T19:21:47,1.267,15.0467871017908,-0.0272654468982986,1.4655439039189,4.21992374885006,0.000748440116937032,5.27815703334257,0,1.72784683438567,0.0417248313793347,-0.87678134378404,MV-202,sine_steer_python-1
1269,2026年09月15日_19时21分47秒_第001次,2026-09-15T19:21:47,1.268,15.0468256569232,-0.0277065852889731,1.47582267001545,4.22410340518425,0.000758224739309868,5.28233662877076,0,1.7150533123873,0.0414181527110424,-0.870190008627512,MV-202,sine_steer_python-1
1270,2026年09月15日_19时21分47秒_第001次,2026-09-15T19:21:47,1.269,15.0468641623088,-0.0281477413484087,1.48611709765055,4.22828307184573,0.000768105558616168,5.28651623284248,0,1.70198896358939,0.0411049343088945,-0.863461177228235,MV-202,sine_steer_python-1
1271,2026年09月15日_19时21分47秒_第001次,2026-09-15T19:21:47,1.27,15.046902615011,-0.028588955210547,1.49642607423169,4.23246274881939,0.000778083617530827,5.29069584554174,0,1.68865585100403,0.0407852258564717,-0.856595908582691,MV-202,sine_steer_python-1
1272,2026年09月15日_19时21分47秒_第001次,2026-09-15T19:21:47,1.271,15.0469410134467,-0.0290302664369354,1.50674720939667,4.23664243608955,0.000788159773510442,5.294875466852,0,1.67505608008428,0.0404590780753308,-0.849595282746864,MV-202,sine_steer_python-1
1273,2026年09月15日_19时21分47秒_第001次,2026-09-15T19:21:47,1.272,15.0469790568005,-0.0294719435089518,1.5183663766273,4.2408221336404,0.000798334825798865,5.29905509675658,0,1.66119179839163,0.0401265427107524,-0.842460400921207,MV-202,sine_steer_python-1
1274,2026年09月15日_19时21分47秒_第001次,2026-09-15T19:21:47,1.273,15.0470171949781,-0.0299129947591115,1.52843516758619,4.24500184127946,0.00080863015830848,5.30323473495469,0,1.64706519525686,0.0397876725155847,-0.835192385606132,MV-202,sine_steer_python-1
1275,2026年09月15日_19时21分47秒_第001次,2026-09-15T19:21:47,1.274,15.0470552332162,-0.0303528455432372,1.53883262185557,4.24918155919662,0.000819003496840898,5.30741438178719,0,1.63267850143437,0.0394425212326531,-0.827792380807986,MV-202,sine_steer_python-1
1276,2026年09月15日_19时21分47秒_第001次,2026-09-15T19:21:47,1.275,15.0470932354016,-0.0307918453060214,1.54909997280213,4.25336128727443,0.000829484003951166,5.31159403708464,0,1.6180339887499,0.0390911435765343,-0.820261552261963,MV-202,sine_steer_python-1
1277,2026年09月15日_19时21分47秒_第001次,2026-09-15T19:21:47,1.276,15.0471311774672,-0.0312299697138196,1.55935423002603,4.25754102553269,0.000840062776514456,5.31577370088101,0,1.60313396974175,0.0387335952156715,-0.812601087630583,MV-202,sine_steer_python-1
1278,2026年09月15日_19时21分47秒_第001次,2026-09-15T19:21:47,1.277,15.0471690708445,-0.0316671726295415,1.56961117559343,4.26172077394479,0.000850743539582465,5.31995337315007,0,1.58798079729567,0.0383699327558346,-0.804812196635422,MV-202,sine_steer_python-1
1279,2026年09月15日_19时21分47秒_第001次,2026-09-15T19:21:47,1.278,15.0472069108949,-0.0321035094682263,1.57987368160738,4.2659005324976,0.000861527370273917,5.32413305387863,0,1.57257686427324,0.038000213725794,-0.796896111085366,MV-202,sine_steer_python-1
1280,2026年09月15日_19时21分47秒_第001次,2026-09-15T19:21:47,1.279,15.0472446973142,-0.0325390129406809,1.59014689132053,4.2700803011744,0.00087241531648113,5.32831274304946,0,1.55692460313405,0.0376244965658156,-0.788854084775771,MV-202,sine_steer_python-1
1281,2026年09月15日_19时21分47秒_第001次,2026-09-15T19:21:47,1.28,15.0472824292829,-0.0329737255821862,1.6004296833086,4.27426007995867,0.000883408471167512,5.33249244064482,0,1.54102648555158,0.0372428406192411,-0.780687393247446,MV-202,sine_steer_python-1
1282,2026年09月15日_19时21分47秒_第001次,2026-09-15T19:21:47,1.281,15.0473201055594,-0.0334076894042705,1.61071969658542,4.27843986883388,0.000894507742674381,5.3366721466466,0,1.5248850220229,0.0368553061270465,-0.772397333410139,MV-202,sine_steer_python-1
1283,2026年09月15日_19时21分47秒_第001次,2026-09-15T19:21:47,1.282,15.0473574253428,-0.0338411723293713,1.6222965390583,4.28261966778311,0.000905713980966171,5.34085186103606,0,1.50850276147221,0.0364619542249301,-0.763985223049561,MV-202,sine_steer_python-1
1284,2026年09月15日_19时21分47秒_第001次,2026-09-15T19:21:47,1.283,15.047394832965,-0.0342731829770734,1.63232548827591,4.28679947660722,0.000917048550807765,5.34503158349488,0,1.49188229084836,0.0360628469422119,-0.75545240024855,MV-202,sine_steer_python-1
1285,2026年09月15日_19时21分47秒_第001次,2026-09-15T19:21:47,1.284,15.0474321489014,-0.0347031591834069,1.64267681236003,4.29097929550381,0.000928469392675921,5.34921131438439,0,1.47502623471635,0.0356580472016635,-0.746800222759722,MV-202,sine_steer_python-1
1286,2026年09月15日_19时21分47秒_第001次,2026-09-15T19:21:47,1.285,15.0474694293655,-0.0351314504551169,1.6528938706238,4.29515912435159,0.000940005598429932,5.35339105352437,0,1.45793725484282,0.035247618819345,-0.738030067368796,MV-202,sine_steer_python-1
1287,2026年09月15日_19时21分47秒_第001次,2026-09-15T19:21:47,1.286,15.0475066520292,-0.0355580359263742,1.66309317427509,4.29933896317095,0.000951648355126952,5.35757080094902,0,1.44061804977582,0.0348316265036006,-0.729143329284655,MV-202,sine_steer_python-1
1288,2026年09月15日_19时21分47秒_第001次,2026-09-15T19:21:47,1.287,15.0475438224584,-0.0359828728969867,1.67329054817973,4.30351881193434,0.000963401422031235,5.36175055662918,0,1.42307135441857,0.0344101358525389,-0.720141421584778,MV-202,sine_steer_python-1
1289,2026年09月15日_19时21分47秒_第001次,2026-09-15T19:21:47,1.288,15.0475809405091,-0.0364060202202684,1.68348881406896,4.30769867062566,0.000975265922377159,5.3659303205464,0,1.4052999395977,0.0339832133495619,-0.711025774734587,MV-202,sine_steer_python-1
1290,2026年09月15日_19时21分47秒_第001次,2026-09-15T19:21:47,1.289,15.0476180062069,-0.0368275139903019,1.69369312987431,4.31187853922784,0.000987242949407485,5.37011009268094,0,1.38730661162561,0.0335509263567801,-0.701797836187736,MV-202,sine_steer_python-1
1291,2026年09月15日_19时21分47秒_第001次,2026-09-15T19:21:47,1.29,15.0476550191247,-0.0372474002063014,1.70390241234536,4.31605841772352,0.000999333641071184,5.37428987301181,0,1.36909421185738,0.0331133431064098,-0.692459070063392,MV-202,sine_steer_python-1
1292,2026年09月15日_19时21分47秒_第001次,2026-09-15T19:21:47,1.291,15.0476919753723,-0.0376657243564446,1.71411430243965,4.32023830609544,0.00101153895087879,5.37846966151781,0,1.35066561624205,0.0326705326904943,-0.683010956894362,MV-202,sine_steer_python-1
1293,2026年09月15日_19时21分47秒_第001次,2026-09-15T19:21:47,1.292,15.0477285737084,-0.0380827590989963,1.72560355136385,4.32441820432477,0.00102385977364627,5.38264945817581,0,1.33202373486851,0.0322225650495164,-0.67345499340177,MV-202,sine_steer_python-1
1294,2026年09月15日_19时21分47秒_第001次,2026-09-15T19:21:47,1.293,15.0477652558393,-0.0384975234276363,1.73554683475443,4.32859811220512,0.0010363173865699,5.38682926264757,0,1.31317151150591,0.0317695109600006,-0.663792692282443,MV-202,sine_steer_python-1
1295,2026年09月15日_19时21分47秒_第001次,2026-09-15T19:21:47,1.294,15.0478018594146,-0.038909458287016,1.7458064740543,4.33277802994309,0.00104887001881437,5.39100907531612,0,1.29411192313889,0.0313114420214671,-0.654025582065519,MV-202,sine_steer_python-1
1296,2026年09月15日_19时21分47秒_第001次,2026-09-15T19:21:47,1.295,15.0478384264299,-0.0393189165963008,1.7559280645274,4.33695795741452,0.0010615466628428,5.39518889599054,0,1.27484797949738,0.0308484306443141,-0.644155206902101,MV-202,sine_steer_python-1
1297,2026年09月15日_19时21分47秒_第001次,2026-09-15T19:21:47,1.296,15.0478749380127,-0.0397258817001596,1.7660276089698,4.3411378946389,0.00107433859639978,5.39936872470334,0,1.2553827225814,0.0303805500379223,-0.634183126328672,MV-202,sine_steer_python-1
1298,2026年09月15日_19时21分47秒_第001次,2026-09-15T19:21:47,1.297,15.0479114007579,-0.0401303154568508,1.77612092246434,4.34531784158782,0.00108724960815261,5.40354856142229,0,1.23571922618067,0.0299078741987642,-0.624110915026356,MV-202,sine_steer_python-1
1299,2026年09月15日_19时21分47秒_第001次,2026-09-15T19:21:47,1.298,15.0479478147518,-0.0405322808728123,1.78621087937579,4.34949779824497,0.00110028086180877,5.40772840612669,0,1.21586059538921,0.0294304778984696,-0.613940162585387,MV-202,sine_steer_python-1
1300,2026年09月15日_19时21分47秒_第001次,2026-09-15T19:21:47,1.299,15.0479841795339,-0.0409318183966333,1.79630266110001,4.35367776459304,0.0011134334904734,5.41190825879459,0,1.19580996611504,0.0289484366719347,-0.603672473255299,MV-202,sine_steer_python-1
1301,2026年09月15日_19时21分47秒_第001次,2026-09-15T19:21:47,1.3,15.0480204902891,-0.041328978327837,1.80639518058913,4.35785774061423,0.00112670867086264,5.41608811940274,0,1.17557050458495,0.0284618268068709,-0.593309465578634,MV-202,sine_steer_python-1
1302,2026年09月15日_19时21分47秒_第001次,2026-09-15T19:21:47,1.301,15.0480567460875,-0.041723810640235,1.81648619100103,4.36203772628913,0.00114010739531372,5.42026798792597,0,1.15514540684454,0.0279707253315927,-0.582852772164128,MV-202,sine_steer_python-1
1303,2026年09月15日_19时21分47秒_第001次,2026-09-15T19:21:47,1.302,15.048092646872,-0.0421165980719051,1.82784695184545,4.36621772159867,0.00115363059719592,5.42444786433938,0,1.13453789825351,0.0274752100008174,-0.572304039520128,MV-202,sine_steer_python-1
1304,2026年09月15日_19时21分47秒_第001次,2026-09-15T19:21:47,1.303,15.0481286288242,-0.0425063795841831,1.8376632497397,4.37039772633065,0.00116729939914537,5.42862774828676,0,1.11375123297638,0.0269753592807348,-0.561664927899686,MV-202,sine_steer_python-1
1305,2026年09月15日_19时21分47秒_第001次,2026-09-15T19:21:47,1.304,15.0481645468356,-0.0428925901501571,1.8477902046258,4.37457774070124,0.00118107238990982,5.43280764017547,0,1.09278869346854,0.0264712523337069,-0.550937111150828,MV-202,sine_steer_python-1
1306,2026年09月15日_19时21分47秒_第001次,2026-09-15T19:21:47,1.305,15.0482004272744,-0.0432755894411988,1.85777576534619,4.37875776458371,0.00119497843390868,5.43698753980524,0,1.07165358995799,0.0259629690021551,-0.540122276596896,MV-202,sine_steer_python-1
1307,2026年09月15日_19时21分47秒_第001次,2026-09-15T19:21:47,1.306,15.0482362572616,-0.0436553658299944,1.86773538175218,4.38293779799689,0.00120900889928911,5.44116744720863,0,1.05034925992259,0.0254505897915984,-0.529222124950632,MV-202,sine_steer_python-1
1308,2026年09月15日_19时21分47秒_第001次,2026-09-15T19:21:47,1.307,15.0482720428002,-0.0440318866616298,1.87768492357125,4.38711784091278,0.00122316759857894,5.44534736235329,0,1.02887906756301,0.0249341958533833,-0.518238370235736,MV-202,sine_steer_python-1
1309,2026年09月15日_19时21分47秒_第001次,2026-09-15T19:21:47,1.308,15.0483077823693,-0.0444052201185962,1.88762732226576,4.39129789331524,0.00123745572989609,5.44952728521828,0,1.00724640327152,0.0244138689677117,-0.507172739688178,MV-202,sine_steer_python-1
1310,2026年09月15日_19时21分47秒_第001次,2026-09-15T19:21:47,1.309,15.0483434717625,-0.0447754119926116,1.89756776345974,4.39547795518656,0.00125187445980427,5.45370721578106,0,0.985454683096584,0.0238896915273228,-0.496026973622852,MV-202,sine_steer_python-1
1311,2026年09月15日_19时21分47秒_第001次,2026-09-15T19:21:47,1.31,15.048379109989,-0.0451425181468609,1.90750530013176,4.39965802650721,0.0012664249969433,5.45788715401651,0,0.963507348203433,0.0233617465220369,-0.484802825258221,MV-202,sine_steer_python-1
1312,2026年09月15日_19时21分47秒_第001次,2026-09-15T19:21:47,1.311,15.0484146956939,-0.0455065942745226,1.91743774971079,4.40383810725829,0.00128110836567848,5.46206709990016,0,0.941407864330669,0.0228301175237446,-0.473502060531737,MV-202,sine_steer_python-1
1313,2026年09月15日_19时21分47秒_第001次,2026-09-15T19:21:47,1.312,15.0484499301931,-0.0458679384753176,1.92863415008559,4.40801819742058,0.00129592553075636,5.46624705340726,0,0.919159721242975,0.0222948886734883,-0.462126457781507,MV-202,sine_steer_python-1
1314,2026年09月15日_19时21分47秒_第001次,2026-09-15T19:21:47,1.313,15.0484852433113,-0.0462256189860208,1.93828728628851,4.4121982967767,0.00131089739578245,5.47042701416552,0,0.896766432180065,0.0217561446702069,-0.450677807372146,MV-202,sine_steer_python-1
1315,2026年09月15日_19时21分47秒_第001次,2026-09-15T19:21:47,1.314,15.0485205060787,-0.0465790565866216,1.9482457282507,4.41637840555295,0.00132598297543886,5.47460698260994,0,0.874231533301864,0.0212139707598313,-0.439157911330946,MV-202,sine_steer_python-1
1316,2026年09月15日_19时21分47秒_第001次,2026-09-15T19:21:47,1.315,15.0485557303352,-0.0469286212064755,1.95805988445778,4.42055852361964,0.00134121097762884,5.478786958532,0,0.851558583130145,0.0206684527270309,-0.427568582897412,MV-202,sine_steer_python-1
1317,2026年09月15日_19时21分47秒_第001次,2026-09-15T19:21:47,1.316,15.0485909085192,-0.0472743072828066,1.96784464481152,4.42473865099553,0.00135657285959639,5.48296694196685,0,0.82875116198657,0.0201196768825998,-0.415911646097715,MV-202,sine_steer_python-1
1318,2026年09月15日_19时21分47秒_第001次,2026-09-15T19:21:47,1.317,15.0486260447978,-0.0476160889418356,1.9776159523417,4.42891878765308,0.00137207245137875,5.48714693288378,0,0.805812871427328,0.0195677300499654,-0.404188935345248,MV-202,sine_steer_python-1
1319,2026年09月15日_19时21分47秒_第001次,2026-09-15T19:21:47,1.318,15.0486611339251,-0.0479540408480702,1.98737679549211,4.43309893357592,0.00138771097849015,5.49132693126286,0,0.782747333674406,0.0190126995524281,-0.392402295244031,MV-202,sine_steer_python-1
1320,2026年09月15日_19时21分47秒_第001次,2026-09-15T19:21:47,1.319,15.0486961751769,-0.0482882157003782,1.99713248893021,4.43727908874483,0.00140348963369639,5.49550693708135,0,0.759558191043604,0.0184546732064528,-0.380553580094489,MV-202,sine_steer_python-1
1321,2026年09月15日_19时21分47秒_第001次,2026-09-15T19:21:47,1.32,15.0487311671084,-0.0486186764371093,2.00688216563511,4.44145925314075,0.0014194096500407,5.49968695031603,0,0.736249105369353,0.0178937393134025,-0.368644653309357,MV-202,sine_steer_python-1
1322,2026年09月15日_19时21分47秒_第001次,2026-09-15T19:21:47,1.321,15.0487661084662,-0.0489454859824162,2.01662372876797,4.44563942674462,0.00143547207597805,5.50386697094372,0,0.7128237574265,0.0173299866480086,-0.356677386941741,MV-202,sine_steer_python-1
1323,2026年09月15日_19时21分47秒_第001次,2026-09-15T19:21:47,1.322,15.0488007022659,-0.0492689632016698,2.02762514285393,4.44981960953719,0.00145167789973769,5.50804699894121,0,0.689285846349034,0.0167635044448622,-0.344653661363509,MV-202,sine_steer_python-1
1324,2026年09月15日_19时21分47秒_第001次,2026-09-15T19:21:47,1.323,15.0488353711814,-0.0495882145930557,2.03708427734985,4.45399980129616,0.001468047744608,5.51222703392074,0,0.665639089045975,0.016194382385117,-0.332575364973162,MV-202,sine_steer_python-1
1325,2026年09月15日_19时21分47秒_第001次,2026-09-15T19:21:47,1.324,15.0488699962122,-0.0499026395141157,2.04684376296345,4.45818000225787,0.00148454111141466,5.51640707634667,0,0.641887219614419,0.0156227105827635,-0.320444393889945,MV-202,sine_steer_python-1
1326,2026年09月15日_19时21分47秒_第001次,2026-09-15T19:21:47,1.325,15.0489045842004,-0.0502126220870932,2.05645647021102,4.46236021228657,0.00150118652345522,5.5205871259995,0,0.618033988749896,0.0150485795682042,-0.308262651740314,MV-202,sine_steer_python-1
1327,2026年09月15日_19时21分47秒_第001次,2026-09-15T19:21:47,1.326,15.0489391285655,-0.0505181640221492,2.06603677606685,4.46654043140314,0.00151797552418096,5.52476718291979,0,0.594083163154073,0.014472080268317,-0.296032049591566,MV-202,sine_steer_python-1
1328,2026年09月15日_19时21分47秒_第001次,2026-09-15T19:21:47,1.327,15.0489736292716,-0.0508192478515684,2.07560067143181,4.47072065957931,0.00153491195379491,5.52894724707762,0,0.570038524939953,0.0138933039831412,-0.283754506032121,MV-202,sine_steer_python-1
1329,2026年09月15日_19时21分47秒_第001次,2026-09-15T19:21:47,1.328,15.0490080844173,-0.0511159565181209,2.08515133016068,4.47490089679684,0.00155199705692048,5.53312731845254,0,0.545903871034649,0.0133123423597677,-0.271431947368959,MV-202,sine_steer_python-1
1330,2026年09月15日_19时21分47秒_第001次,2026-09-15T19:21:47,1.329,15.0490424928761,-0.051408351383457,2.09469414005284,4.47908114303667,0.00156923204435123,5.53730739702327,0,0.521683012579794,0.0127292873654196,-0.259066307860547,MV-202,sine_steer_python-1
1331,2026年09月15日_19时21分47秒_第001次,2026-09-15T19:21:47,1.33,15.0490768533015,-0.0516965042060081,2.10422833583096,4.48326139827916,0.00158661816462665,5.54148748276716,0,0.497379774329708,0.0121442312617163,-0.246659529879139,MV-202,sine_steer_python-1
1332,2026年09月15日_19时21分47秒_第001次,2026-09-15T19:21:47,1.331,15.0491111645026,-0.0519804869433551,2.11375190740648,4.48744166250483,0.00160415648139158,5.54566757566158,0,0.472997994047449,0.0115572665787693,-0.234213564080119,MV-202,sine_steer_python-1
1333,2026年09月15日_19时21分47秒_第001次,2026-09-15T19:21:47,1.332,15.0491451315733,-0.0522606444760508,2.12453274499206,4.49162193569396,0.00162184799719099,5.54984767568366,0,0.448541521898764,0.0109684860756922,-0.221730370159313,MV-202,sine_steer_python-1
1334,2026年09月15日_19时21分47秒_第001次,2026-09-15T19:21:47,1.333,15.0491791694087,-0.0525361299385556,2.13377214932501,4.49580221761902,0.00163971299807584,5.55402778242837,0,0.424014219844109,0.0103779826545225,-0.209211919575886,MV-202,sine_steer_python-1
1335,2026年09月15日_19时21分47秒_第001次,2026-09-15T19:21:47,1.334,15.0492131673471,-0.0528063152930806,2.14330724963263,4.49998250852582,0.0016577115231825,5.55820789638851,0,0.399419961028815,0.00978584921354341,-0.196660200851188,MV-202,sine_steer_python-1
1336,2026年09月15日_19时21分47秒_第001次,2026-09-15T19:21:47,1.335,15.0492471278974,-0.0530716023903224,2.15269349679087,4.50416280827098,0.00167587188346053,5.56238801733026,0,0.374762629171452,0.00919217852641171,-0.184077223777096,MV-202,sine_steer_python-1
1337,2026年09月15日_19时21分47秒_第001次,2026-09-15T19:21:47,1.336,15.0492810446676,-0.053332001770878,2.16204472032582,4.50834311687663,0.00169418570423455,5.56656814529725,0,0.350046117950556,0.00859706329088039,-0.171465016409045,MV-202,sine_steer_python-1
1338,2026年09月15日_19时21分47秒_第001次,2026-09-15T19:21:47,1.337,15.0493149181153,-0.0535875061996517,2.17137705204667,4.51252343431231,0.00171265682686318,5.57074828025697,0,0.325274330389766,0.00800059634171192,-0.158825615070637,MV-202,sine_steer_python-1
1339,2026年09月15日_19时21分47秒_第001次,2026-09-15T19:21:47,1.338,15.0493487468608,-0.0538382086599215,2.18069381793731,4.5167037605586,0.0017312865057613,5.57492842218708,0,0.300451178241514,0.007402870866411,-0.146161054255171,MV-202,sine_steer_python-1
1340,2026年09月15日_19时21分47秒_第001次,2026-09-15T19:21:47,1.339,15.0493825298986,-0.0540841809166317,2.19000049738914,4.52088409559526,0.00175007596003743,5.57910857106418,0,0.275580581369274,0.00680398051921225,-0.133473360872561,MV-202,sine_steer_python-1
1341,2026年09月15日_19时21分47秒_第001次,2026-09-15T19:21:47,1.34,15.0494162660391,-0.0543255053056683,2.19929643051309,4.52506443940141,0.0017690264437449,5.58328872686296,0,0.250666467128608,0.00620401944326638,-0.12076455239095,MV-202,sine_steer_python-1
1342,2026年09月15日_19时21分47秒_第001次,2026-09-15T19:21:47,1.341,15.0494499542117,-0.0545622645505034,2.2085796945988,4.52924479195631,0.00178813902549147,5.5874688895578,0,0.225712769746965,0.00560308224437546,-0.108036637017406,MV-202,sine_steer_python-1
1343,2026年09月15日_19时21分47秒_第001次,2026-09-15T19:21:47,1.342,15.0494833021261,-0.0547948342092713,2.21911891508888,4.53342515323896,0.00180741471178101,5.59164905912243,0,0.200723429702433,0.00500126394593834,-0.095291614662139,MV-202,sine_steer_python-1
1344,2026年09月15日_19时21分47秒_第001次,2026-09-15T19:21:47,1.343,15.049516716386,-0.0550224212640773,2.22811749923297,4.53760552301606,0.00182687340031581,5.59582923513024,0,0.175702393101487,0.00439865993626409,-0.0825314782203241,MV-202,sine_steer_python-1
1345,2026年09月15日_19时21分47秒_第001次,2026-09-15T19:21:47,1.344,15.0495500936305,-0.0552443653288406,2.23740739855201,4.54178590154195,0.00184647571080631,5.60000941809909,0,0.150653611055868,0.00379536591344827,-0.0697582149631538,MV-202,sine_steer_python-1
1346,2026年09月15日_19时21分47秒_第001次,2026-09-15T19:21:47,1.345,15.0495834323114,-0.0554610890244036,2.24654674821871,4.54596628866395,0.00186624971515011,5.60418960777544,0,0.125581039058624,0.00319147783082808,-0.0569738079031166,MV-202,sine_steer_python-1
1347,2026年09月15日_19时21分47秒_第001次,2026-09-15T19:21:47,1.346,15.0496167282701,-0.0556726131010983,2.2556488350856,4.55014668440438,0.00188618711444283,5.60836980420128,0,0.100488636359538,0.00258709184317298,-0.0441802371235717,MV-202,sine_steer_python-1
1348,2026年09月15日_19时21分47秒_第001次,2026-09-15T19:21:47,1.347,15.0496499820699,-0.0558789420065183,2.26472994083001,4.55432708873015,0.00190629174093527,5.61255000733734,0,0.0753803653398692,0.00198230425364017,-0.0313794810750145,MV-202,sine_steer_python-1
1349,2026年09月15日_19时21分47秒_第001次,2026-09-15T19:21:47,1.348,15.0496831927075,-0.056080180150437,2.2737935527412,4.55850750161971,0.00192656484823605,5.61673021715455,0,0.0502601908866766,0.0013772114623506,-0.0185735178029758,MV-202,sine_steer_python-1
1350,2026年09月15日_19时21分47秒_第001次,2026-09-15T19:21:47,1.349,15.0497163595043,-0.0562764110489626,2.28284524891009,4.56268792305079,0.001947007653014,5.62091043362242,0,0.0251320797667049,0.000771909917398219,-0.00576432607259137,MV-202,sine_steer_python-1
1351,2026年09月15日_19时21分47秒_第001次,2026-09-15T19:21:47,1.35,15.0497494815531,-0.0564677289074252,2.29188447856288,4.56686835300038,0.00196762140375199,5.62509065670798,0,1.22464679914735e-15,0.000166496068591597,0.00704611362279449,MV-202,sine_steer_python-1
1352,2026年09月15日_19时21分47秒_第001次,2026-09-15T19:21:47,1.351,15.0497825580308,-0.0566542284400183,2.30090940703181,4.57104879144567,0.00198840716281275,5.62927088637756,0,-0.0251320797667024,-0.000438933676060051,0.0198558181696536,MV-202,sine_steer_python-1
1353,2026年09月15日_19时21分47秒_第001次,2026-09-15T19:21:47,1.352,15.0498152999744,-0.0568363194031324,2.31118997595053,4.57522923836353,0.00200936592934723,5.63345112259631,0,-0.0502601908866742,-0.00104428299052597,0.0326628010832848,MV-202,sine_steer_python-1
1354,2026年09月15日_19时21分47秒_第001次,2026-09-15T19:21:47,1.353,15.0498481051854,-0.0570132679716547,2.31993077218837,4.57940969351456,0.00203051716926324,5.63763136491067,0,-0.0753803653398703,-0.00164945566672468,0.0454650719340413,MV-202,sine_steer_python-1
1355,2026年09月15日_19时21分47秒_第001次,2026-09-15T19:21:47,1.354,15.049880877448,-0.0571843772944989,2.32895876630785,4.58359015716073,0.00205182211363023,5.64181161385911,0,-0.100488636359539,-0.00225435564664171,0.0582606359369936,MV-202,sine_steer_python-1
1356,2026年09月15日_19时21分47秒_第001次,2026-09-15T19:21:47,1.355,15.0499136119593,-0.0573500928427219,2.33783487960058,4.587770629139,0.00207330857052286,5.64599186916257,0,-0.125581039058628,-0.00285888705003562,0.0710474937282412,MV-202,sine_steer_python-1
1357,2026年09月15日_19时21分47秒_第001次,2026-09-15T19:21:47,1.356,15.0499463066013,-0.057510446228388,2.3466718299574,4.59195110947145,0.00209496830923282,5.6501721308566,0,-0.150653611055865,-0.0034629541969114,0.083823641361796,MV-202,sine_steer_python-1
1358,2026年09月15日_19时21分47秒_第001次,2026-09-15T19:21:47,1.357,15.0499789622114,-0.0576654542622568,2.35548606530972,4.59613159812161,0.00211680514170524,5.65435239888996,0,-0.175702393101485,-0.004066461624477,0.0965870705391515,MV-202,sine_steer_python-1
1359,2026年09月15日_19时21分47秒_第001次,2026-09-15T19:21:47,1.358,15.050011578289,-0.0578152333720773,2.36428124491515,4.60031209506524,0.00213882030946276,5.65853267322186,0,-0.20072342970243,-0.00466931409863806,0.109335769070058,MV-202,sine_steer_python-1
1360,2026年09月15日_19时21分47秒_第001次,2026-09-15T19:21:47,1.359,15.0500441546036,-0.0579598793285761,2.37306305133429,4.60449260027745,0.00216101501535569,5.66271295380981,0,-0.225712769746962,-0.00527141661993928,0.122067721567785,MV-202,sine_steer_python-1
1361,2026年09月15日_19时21分47秒_第001次,2026-09-15T19:21:47,1.36,15.0500766906476,-0.0580994986125687,2.38183104765069,4.60867311373265,0.00218339049072422,5.6668932406084,0,-0.250666467128606,-0.00587267442490316,0.134780910333601,MV-202,sine_steer_python-1
1362,2026年09月15日_19时21分47秒_第001次,2026-09-15T19:21:47,1.361,15.0501091859571,-0.0582341982321673,2.3905834897299,4.61285363540551,0.00220594778008131,5.67107353357121,0,-0.275580581369272,-0.00647299298390775,0.147473316387138,MV-202,sine_steer_python-1
1363,2026年09月15日_19时21分47秒_第001次,2026-09-15T19:21:47,1.362,15.0501413557227,-0.0583644240294554,2.40059195493486,4.61703416527043,0.00222868786360197,5.6752538326504,0,-0.300451178241515,-0.0070722779943625,0.160142920700423,MV-202,sine_steer_python-1
1364,2026年09月15日_19时21分47秒_第001次,2026-09-15T19:21:47,1.363,15.0501735883188,-0.0584895042096895,2.4090617398574,4.62121470308203,0.0022516297415903,5.67943413736103,0,-0.325274330389767,-0.00767043537100227,0.172787705549623,MV-202,sine_steer_python-1
1365,2026年09月15日_19时21分47秒_第001次,2026-09-15T19:21:47,1.364,15.0502057953819,-0.0586087020546138,2.41781488832245,4.62539524910956,0.00227473527488975,5.68361444825876,0,-0.350046117950554,-0.00826737123529528,0.185405655901288,MV-202,sine_steer_python-1
1366,2026年09月15日_19时21分47秒_第001次,2026-09-15T19:21:47,1.365,15.0502379679536,-0.0587224865416808,2.42641517584765,4.62957580317956,0.00229803198607349,5.68779476503499,0,-0.374762629171449,-0.00886299190482161,0.197994760798211,MV-202,sine_steer_python-1
1367,2026年09月15日_19时21分47秒_第001次,2026-09-15T19:21:47,1.366,15.0502701065057,-0.0588308997588872,2.43497474356493,4.63375636531356,0.00232151170418023,5.69197508771513,0,-0.399419961028813,-0.00945720388316544,0.210553014722301,MV-202,sine_steer_python-1
1368,2026年09月15日_19时21分47秒_第001次,2026-09-15T19:21:47,1.367,15.0503022121329,-0.0589339704940167,2.4435102153331,4.63793693547175,0.00234517820954295,5.6961554162327,0,-0.424014219844106,-0.0100499138512251,0.223078418895555,MV-202,sine_steer_python-1
1369,2026年09月15日_19时21分47秒_第001次,2026-09-15T19:21:47,1.368,15.0503342848893,-0.0590318266761257,2.4520254319756,4.64211751362724,0.0023690327204048,5.70033575053215,0,-0.448541521898761,-0.0106410286609339,0.235568982476964,MV-202,sine_steer_python-1
1370,2026年09月15日_19时21分47秒_第001次,2026-09-15T19:21:47,1.369,15.050366325036,-0.0591245757064806,2.4605261865688,4.64629809975265,0.00239307641465227,5.70451609055623,0,-0.472997994047447,-0.0112304553320158,0.248022723628712,MV-202,sine_steer_python-1
1371,2026年09月15日_19时21分47秒_第001次,2026-09-15T19:21:47,1.37,15.0503983324989,-0.0592123356021878,2.46901216179598,4.65047869381999,0.00241731049529348,5.70869643624468,0,-0.497379774329712,-0.0118181010520847,0.260437670438695,MV-202,sine_steer_python-1
1372,2026年09月15日_19时21分47秒_第001次,2026-09-15T19:21:47,1.371,15.0504303071975,-0.0592952248094524,2.47748170845971,4.65465929580171,0.00244173597788735,5.71287678753628,0,-0.521683012579795,-0.0124038731803239,0.272811861689044,MV-202,sine_steer_python-1
1373,2026年09月15日_19时21分47秒_第001次,2026-09-15T19:21:47,1.372,15.0504619693123,-0.0593737252530986,2.48720807792764,4.65883990567007,0.00246635381261883,5.71705714436843,0,-0.54590387103465,-0.0129876792550588,0.285143347457635,MV-202,sine_steer_python-1
1374,2026年09月15日_19时21分47秒_第001次,2026-09-15T19:21:47,1.373,15.0504936969947,-0.0594472271577553,2.4953972975435,4.66302052317472,0.00249118251168275,5.72123750622353,0,-0.570038524939951,-0.0135694270056223,0.297430189535395,MV-202,sine_steer_python-1
1375,2026年09月15日_19时21分47秒_第001次,2026-09-15T19:21:47,1.374,15.0505254110546,-0.0595149512507913,2.50386638099588,4.66720114859253,0.00251618457179564,5.72541787367395,0,-0.594083163154067,-0.0141490243691008,0.309670461634547,MV-202,sine_steer_python-1
1376,2026年09月15日_19时21分47秒_第001次,2026-09-15T19:21:47,1.375,15.0505570960728,-0.0595773890820141,2.5121819966037,4.67138178174061,0.00254138721262309,5.72959824638125,0,-0.61803398874989,-0.0147263795128808,0.321862249348719,MV-202,sine_steer_python-1
1377,2026年09月15日_19时21分47秒_第001次,2026-09-15T19:21:47,1.376,15.0505887561719,-0.0596345916987831,2.52045571562722,4.67556242264014,0.00256678231453768,5.73377862436,0,-0.64188721961442,-0.015301400864352,0.334003649807259,MV-202,sine_steer_python-1
1378,2026年09月15日_19时21分47秒_第001次,2026-09-15T19:21:47,1.377,15.0506203924763,-0.0596865983415232,2.52870433994905,4.67974307124888,0.0025923736157917,5.73795900752893,0,-0.665639089045972,-0.015873997149523,0.346092770949084,MV-202,sine_steer_python-1
1379,2026年09月15日_19时21分47秒_第001次,2026-09-15T19:21:47,1.378,15.0506520055222,-0.0597335467773425,2.53693189893031,4.68392372753805,0.00261816230120936,5.74213939581833,0,-0.689285846349039,-0.0164440774424339,0.358127730336107,MV-202,sine_steer_python-1
1380,2026年09月15日_19时21分47秒_第001次,2026-09-15T19:21:47,1.379,15.050683595982,-0.0597755542796306,2.54514430094728,4.68810439147869,0.0026441495137665,5.74631978915725,0,-0.712823757426504,-0.0170115512265027,0.370106653467972,MV-202,sine_steer_python-1
1381,2026年09月15日_19时21分47秒_第001次,2026-09-15T19:21:47,1.38,15.0507151641227,-0.0598127485434887,2.55334135340322,4.69228506304138,0.00267033641829962,5.75050018747207,0,-0.736249105369357,-0.0175763284679325,0.38202767155106,MV-202,sine_steer_python-1
1382,2026年09月15日_19时21分47秒_第001次,2026-09-15T19:21:47,1.381,15.0507467101438,-0.0598452574985042,2.56152150666591,4.69646574219735,0.00269672399177126,5.75468059068871,0,-0.759558191043602,-0.0181383197005874,0.393888918781075,MV-202,sine_steer_python-1
1383,2026年09月15日_19时21分47秒_第001次,2026-09-15T19:21:47,1.382,15.0507779599439,-0.0598735973751138,2.57095944283275,4.70064642891786,0.00272331314492369,5.75886099873218,0,-0.782747333674403,-0.018697436111051,0.405688529636074,MV-202,sine_steer_python-1
1384,2026年09月15日_19时21分47秒_第001次,2026-09-15T19:21:47,1.383,15.0508092805144,-0.0598972177113651,2.57886243035736,4.70482712294921,0.00275012189150899,5.76304141105498,0,-0.805812871427322,-0.0192535896133367,0.417424636586299,MV-202,sine_steer_python-1
1385,2026年09月15日_19时21分47秒_第001次,2026-09-15T19:21:47,1.384,15.0508406031225,-0.0599152948482307,2.58704217855968,4.70900782457699,0.00277711335891507,5.76722182824998,0,-0.828751161986564,-0.0198066929008123,0.429095368756729,MV-202,sine_steer_python-1
1386,2026年09月15日_19时21分47秒_第001次,2026-09-15T19:21:47,1.385,15.0508719032811,-0.0599283405894682,2.59506827401638,4.71318853361066,0.00280431445161751,5.77140224995278,0,-0.851558583130146,-0.0203566594639986,0.44069885203307,MV-202,sine_steer_python-1
1387,2026年09月15日_19时21分47秒_第001次,2026-09-15T19:21:47,1.386,15.0509031897814,-0.0599364125424012,2.60305172765999,4.71736925007175,0.00283171709386203,5.77558267617069,0,-0.874231533301865,-0.0209034035693128,0.452233210824325,MV-202,sine_steer_python-1
1388,2026年09月15日_19时21分47秒_第001次,2026-09-15T19:21:47,1.387,15.0509344634089,-0.0599395580046031,2.61100951390234,4.72154997391716,0.00285932497302344,5.77976310681227,0,-0.896766432180062,-0.0214468402038328,0.463696571267314,MV-202,sine_steer_python-1
1389,2026年09月15日_19时21分47秒_第001次,2026-09-15T19:21:47,1.388,15.0509657249819,-0.0599379220817339,2.61894585272647,4.72573070511765,0.00288713923226124,5.78394354179852,0,-0.919159721242979,-0.0219868849993867,0.475087065306957,MV-202,sine_steer_python-1
1390,2026年09月15日_19时21分47秒_第001次,2026-09-15T19:21:47,1.389,15.0509969753772,-0.0599316293708851,2.62686676925533,4.72991144364409,0.00291516097168583,5.78812398105009,0,-0.941407864330667,-0.0225234541515065,0.486402834990867,MV-202,sine_steer_python-1
1391,2026年09月15日_19时21分47秒_第001次,2026-09-15T19:21:47,1.39,15.0510282149879,-0.0599208146464908,2.63477219804188,4.73409218946712,0.0029433913102378,5.79230442448564,0,-0.963507348203431,-0.0230564643458499,0.4976420364417,MV-202,sine_steer_python-1
1392,2026年09月15日_19时21分47秒_第001次,2026-09-15T19:21:47,1.391,15.051059444072,-0.0599056126803871,2.64266069179847,4.73827294255828,0.00297183117883199,5.79648487202426,0,-0.985454683096582,-0.0235858326996665,0.508802843184934,MV-202,sine_steer_python-1
1393,2026年09月15日_19时21分47秒_第001次,2026-09-15T19:21:47,1.392,15.0510903947738,-0.0598865709751538,2.65180786079643,4.74245370288935,0.00300048144156798,5.80066532358495,0,-1.00724640327152,-0.0241114767212265,0.51988344870864,MV-202,sine_steer_python-1
1394,2026年09月15日_19时21分47秒_第001次,2026-09-15T19:21:47,1.393,15.0511214219752,-0.0598631936429894,2.65942317471806,4.7466344702053,0.00302935961531706,5.80484577859711,0,-1.02887906756301,-0.0246333142869056,0.530882068268487,MV-202,sine_steer_python-1
1395,2026年09月15日_19时21分47秒_第001次,2026-09-15T19:21:47,1.394,15.0511524626713,-0.059834611822017,2.6673125154314,4.75081524480191,0.00305842944339858,5.80902623768162,0,-1.05034925992259,-0.0251512636339513,0.541796940022128,MV-202,sine_steer_python-1
1396,2026年09月15日_19时21分47秒_第001次,2026-09-15T19:21:47,1.395,15.0511834910249,-0.0598013545596496,2.67504856331759,4.75499602648053,0.00308771750804196,5.81320670045328,0,-1.07165358995799,-0.0256652433664415,0.552626325598566,MV-202,sine_steer_python-1
1397,2026年09月15日_19时21分47秒_第001次,2026-09-15T19:21:47,1.396,15.0512145164032,-0.0597634833234244,2.68274168828973,4.75917681526685,0.00311721577168157,5.81738716692204,0,-1.09278869346854,-0.0261751724718147,0.563368510226137,MV-202,sine_steer_python-1
1398,2026年09月15日_19时21分47秒_第001次,2026-09-15T19:21:47,1.397,15.0512455395499,-0.0597210507368291,2.69040904177742,4.76335761111784,0.00314692786399415,5.82156763699362,0,-1.11375123297638,-0.0266809703461841,0.574021802460562,MV-202,sine_steer_python-1
1399,2026年09月15日_19时21分47秒_第001次,2026-09-15T19:21:47,1.398,15.0512765612937,-0.0596742065165833,2.69805502821437,4.76753841400548,0.00317685488065912,5.82574811058806,0,-1.13453789825351,-0.027182556827491,0.584584533552589,MV-202,sine_steer_python-1
1400,2026年09月15日_19时21分47秒_第001次,2026-09-15T19:21:47,1.399,15.0513075824298,-0.0596230798629386,2.70568578596438,4.77171922390215,0.00320699787330399,5.82992858762611,0,-1.15514540684454,-0.0276798522373472,0.595055056594317,MV-202,sine_steer_python-1
1401,2026年09月15日_19时21分47秒_第001次,2026-09-15T19:21:47,1.4,15.051338603193,-0.0595678099236581,2.71330137480894,4.77590004078015,0.00323735790970218,5.83410906802742,0,-1.17557050458495,-0.0281727774286757,0.605431745259773,MV-202,sine_steer_python-1
1402,2026年09月15日_19时21分47秒_第001次,2026-09-15T19:21:47,1.401,15.0513696236145,-0.0595085356317,2.72090044896001,4.78008086461294,0.0032679358697372,5.83828955171311,0,-1.19580996611504,-0.0286612538206764,0.615712992843838,MV-202,sine_steer_python-1
1403,2026年09月15日_19时21分47秒_第001次,2026-09-15T19:21:47,1.402,15.0514003823701,-0.0594458322157485,2.72975882570359,4.78426169537436,0.00329873256614256,5.84247003860524,0,-1.21586059538921,-0.029145203442762,0.625897211304202,MV-202,sine_steer_python-1
1404,2026年09月15日_19时21分47秒_第001次,2026-09-15T19:21:47,1.403,15.0514312214529,-0.0593792525239362,2.73708951482915,4.7884425328099,0.00332976503093527,5.84665052811925,0,-1.23571922618067,-0.0296245489890821,0.635982829932673,MV-202,sine_steer_python-1
1405,2026年09月15日_19时21分47秒_第001次,2026-09-15T19:21:47,1.404,15.0514620831435,-0.0593078833274044,2.74469196369096,4.79262337722698,0.00336099760120957,5.85083102091375,0,-1.2553827225814,-0.0300992138711086,0.645968293855658,MV-202,sine_steer_python-1
1406,2026年09月15日_19时21分47秒_第001次,2026-09-15T19:21:47,1.405,15.0514929402413,-0.0592322677005191,2.75214199582604,4.79680422842016,0.00339245653491024,5.85501151659176,0,-1.27484797949738,-0.0305691222639199,0.655852062727625,MV-202,sine_steer_python-1
1407,2026年09月15日_19时21分47秒_第001次,2026-09-15T19:21:47,1.406,15.0515238023026,-0.0591524685778497,2.75954932085264,4.80098508642076,0.00342413382856238,5.85919201517549,0,-1.29411192313889,-0.0310341991481649,0.665632609675412,MV-202,sine_steer_python-1
1408,2026年09月15日_19时21分47秒_第001次,2026-09-15T19:21:47,1.407,15.0515546697701,-0.0590685415565224,2.76693124901566,4.80516595118714,0.00345603304960872,5.86337251657722,0,-1.31317151150591,-0.0314943703495642,0.675308420401514,MV-202,sine_steer_python-1
1409,2026年09月15日_19时21分47秒_第001次,2026-09-15T19:21:47,1.408,15.0515855432121,-0.0589806386361842,2.77429235722004,4.80934682269385,0.00348815524261252,5.86755302072548,0,-1.3320237348685,-0.0319495625748739,0.684877992425857,MV-202,sine_steer_python-1
1410,2026年09月15日_19时21分47秒_第001次,2026-09-15T19:21:47,1.409,15.0516164230796,-0.0588888913605773,2.78163888774511,4.81352770091597,0.00352050140735949,5.87173352755056,0,-1.35066561624205,-0.0323997034423438,0.694339834525004,MV-202,sine_steer_python-1
1411,2026年09月15日_19时21分47秒_第001次,2026-09-15T19:21:47,1.41,15.0516473091957,-0.0587934410598056,2.78897101849668,4.81770858582864,0.00355307255741292,5.87591403698244,0,-1.36909421185738,-0.0328447215058795,0.70369246641895,MV-202,sine_steer_python-1
1412,2026年09月15日_19时21分47秒_第001次,2026-09-15T19:21:47,1.411,15.0516782011234,-0.0586944287139055,2.79628749991421,4.82188947740831,0.00358586951884284,5.88009454895358,0,-1.38730661162561,-0.0332845462732222,0.712934418710377,MV-202,sine_steer_python-1
1413,2026年09月15日_19时21分47秒_第001次,2026-09-15T19:21:47,1.412,15.0517088441505,-0.0585924538947592,2.80486346603405,4.82607037563193,0.00361889305045109,5.88427506339823,0,-1.4052999395977,-0.0337191082183973,0.722064233077361,MV-202,sine_steer_python-1
1414,2026年09月15日_19时21分47秒_第001次,2026-09-15T19:21:47,1.413,15.0517395669702,-0.0584871121135483,2.81191709871041,4.83025128024657,0.00365215971963548,5.8884555797268,0,-1.42307135441857,-0.0341483387887931,0.731080462684113,MV-202,sine_steer_python-1
1415,2026年09月15日_19时21分47秒_第001次,2026-09-15T19:21:47,1.414,15.051770316826,-0.0583774484090696,2.81924068609867,4.83443219157227,0.00368563442964086,5.89263609864491,0,-1.44061804977581,-0.0345721704088922,0.7399816726663,MV-202,sine_steer_python-1
1416,2026年09月15日_19时21分47秒_第001次,2026-09-15T19:21:47,1.415,15.0518010650368,-0.0582640171419387,2.82641323583552,4.83861310939742,0.00371934311592777,5.89681661975225,0,-1.45793725484282,-0.0349905364800961,0.748766440846016,MV-202,sine_steer_python-1
1417,2026年09月15日_19时21分47秒_第001次,2026-09-15T19:21:47,1.416,15.0518318211505,-0.0581468811478949,2.83354377429024,4.84279403375974,0.00375327780643132,5.90099714309183,0,-1.47502623471635,-0.0354033713753774,0.757433358656053,MV-202,sine_steer_python-1
1418,2026年09月15日_19时21分47秒_第001次,2026-09-15T19:21:47,1.417,15.0518625851388,-0.0580260974732735,2.84064974403366,4.84697496461959,0.00378744200348984,5.90517766859067,0,-1.49188229084836,-0.035810610433119,0.7659810320163,MV-202,sine_steer_python-1
1419,2026年09月15日_19时21分47秒_第001次,2026-09-15T19:21:47,1.418,15.051893357149,-0.0579018189305884,2.84773587594085,4.85115590195458,0.00382183669862,5.90935819619376,0,-1.50850276147221,-0.0362121899499804,0.774408082307767,MV-202,sine_steer_python-1
1420,2026年09月15日_19时21分47秒_第001次,2026-09-15T19:21:47,1.419,15.0519241371429,-0.0577741780322324,2.85480850146364,4.85533684574296,0.00385646283805353,5.91353872584853,0,-1.52488502202289,-0.0366080471712706,0.782713147455432,MV-202,sine_steer_python-1
1421,2026年09月15日_19时21分47秒_第001次,2026-09-15T19:21:47,1.42,15.0519549244033,-0.057643317008175,2.86186790467902,4.85951779596303,0.00389132137970975,5.91771925750265,0,-1.54102648555158,-0.0369981202810221,0.790894882987561,MV-202,sine_steer_python-1
1422,2026年09月15日_19时21分47秒_第001次,2026-09-15T19:21:47,1.421,15.0519857179135,-0.0575093777009465,2.86891292274951,4.86369875259449,0.00392641309460762,5.92189979110688,0,-1.55692460313405,-0.0373823483926132,0.79895196303304,MV-202,sine_steer_python-1
1423,2026年09月15日_19时21分47秒_第001次,2026-09-15T19:21:47,1.422,15.0520162695053,-0.0573729812059463,2.87721699376251,4.86787971561753,0.00396173868652487,5.92608032661429,0,-1.57257686427324,-0.037760671539572,0.806883081332322,MV-202,sine_steer_python-1
1424,2026年09月15日_19时21分47秒_第001次,2026-09-15T19:21:47,1.423,15.0520468946363,-0.0572337599746371,2.88400531608879,4.87206068478087,0.00399731428424779,5.93026086343623,0,-1.58798079729567,-0.0381330306678341,0.814686952196437,MV-202,sine_steer_python-1
1425,2026年09月15日_19时21分47秒_第001次,2026-09-15T19:21:47,1.424,15.0520775452663,-0.0570907217293069,2.89106220357634,4.87624166041724,0.00403310532550089,5.93444140233165,0,-1.60313396974175,-0.0384993676295053,0.8223623113746,MV-202,sine_steer_python-1
1426,2026年09月15日_19时21分47秒_第001次,2026-09-15T19:21:47,1.425,15.0521081912712,-0.0569444301476575,2.89796988561475,4.88042264230857,0.00406913742759725,5.93862194290203,0,-1.6180339887499,-0.0388596251779425,0.829907916852965,MV-202,sine_steer_python-1
1427,2026年09月15日_19时21分47秒_第001次,2026-09-15T19:21:47,1.426,15.0521388421488,-0.0567949474177891,2.90483667721039,4.88460363049886,0.00410540264801343,5.9428024852162,0,-1.63267850143437,-0.0392137469646858,0.837322549568951,MV-202,sine_steer_python-1
1428,2026年09月15日_19时21分47秒_第001次,2026-09-15T19:21:47,1.427,15.0521694973899,-0.0566423314959291,2.91168012051478,4.88878462495009,0.00414190442204205,5.94698302922045,0,-1.64706519525685,-0.0395616775387711,0.844605014016776,MV-202,sine_steer_python-1
1429,2026年09月15日_19时21分47秒_第001次,2026-09-15T19:21:47,1.428,15.0522001567219,-0.0564867355183937,2.91850507660859,4.89296562564252,0.00417864368716154,5.95116357488021,0,-1.66119179839163,-0.0399033623485053,0.851754138738356,MV-202,sine_steer_python-1
1430,2026年09月15日_19时21分47秒_第001次,2026-09-15T19:21:47,1.429,15.0522308196365,-0.0563282925625174,2.92531794702079,4.89714663255702,0.00421562133520069,5.9553441221636,0,-1.67505608008429,-0.0402387477456379,0.858768776702981,MV-202,sine_steer_python-1
1431,2026年09月15日_19时21分47秒_第001次,2026-09-15T19:21:47,1.43,15.0522614849136,-0.0561671454337182,2.93211910618125,4.90132764567444,0.00425283826781122,5.95952467103899,0,-1.68865585100403,-0.0405677809919575,0.865647805575059,MV-202,sine_steer_python-1
1432,2026年09月15日_19时21分47秒_第001次,2026-09-15T19:21:47,1.431,15.0522921510114,-0.0560034365944378,2.93890746511507,4.905508664977,0.00429029520046294,5.96370522147794,0,-1.70198896358938,-0.0408904102683266,0.872390127873719,MV-202,sine_steer_python-1
1433,2026年09月15日_19时21分47秒_第001次,2026-09-15T19:21:47,1.432,15.0523225761432,-0.0558378064375114,2.9469536652325,4.90968969044734,0.00432799278148336,5.96788577345432,0,-1.7150533123873,-0.0412065846860982,0.878994671036284,MV-202,sine_steer_python-1
1434,2026年09月15日_19时21分47秒_第001次,2026-09-15T19:21:47,1.433,15.0523530630729,-0.0556699191540656,2.95349191842162,4.91387072183473,0.00436594673079764,5.97206632638157,0,-1.72784683438567,-0.0415162543012983,0.885460387281981,MV-202,sine_steer_python-1
1435,2026年09月15日_19时21分47秒_第001次,2026-09-15T19:21:47,1.434,15.0523835683294,-0.0554987510259976,2.96029768344443,4.91805175948392,0.004404122985599,5.97624688107333,0,-1.74036750933905,-0.0418193701288427,0.891786253521856,MV-202,sine_steer_python-1
1436,2026年09月15日_19时21分47秒_第001次,2026-09-15T19:21:47,1.435,15.0524140605483,-0.0553248737775064,2.96695644699742,4.92223280316916,0.0044425468507669,5.980427437133,0,-1.75261336008773,-0.0421158841591062,0.897971271187634,MV-202,sine_steer_python-1
1437,2026年09月15日_19时21分47秒_第001次,2026-09-15T19:21:47,1.436,15.0524445492995,-0.0551483492449588,2.97357578087989,4.9264138529396,0.0044812104115841,5.98460799465515,0,-1.76458245286991,-0.0424057493750825,0.90401446603265,MV-202,sine_steer_python-1
1438,2026年09月15日_19时21分47秒_第001次,2026-09-15T19:21:47,1.437,15.0524750337455,-0.0549692365410871,2.9801732898632,4.93059490875761,0.00452011703455867,5.98878855360455,0,-1.77627289762709,-0.0426889197710904,0.909914887760369,MV-202,sine_steer_python-1
1439,2026年09月15日_19时21分47秒_第001次,2026-09-15T19:21:47,1.438,15.0525055133546,-0.0547876893845667,2.98675393802501,4.93477597060481,0.00455926760234668,5.99296911396584,0,-1.78768284830253,-0.0429653503731987,0.915671609568723,MV-202,sine_steer_python-1
1440,2026年09月15日_19时21分47秒_第001次,2026-09-15T19:21:47,1.439,15.0525359873252,-0.0546038417190158,2.99332417519855,4.9389570384633,0.00459866295167381,5.99714967572597,0,-1.79881050313274,-0.0432349972573914,0.921283727910294,MV-202,sine_steer_python-1
1441,2026年09月15日_19时21分47秒_第001次,2026-09-15T19:21:47,1.44,15.0525664541249,-0.054417837261078,2.99988444811807,4.94313811231504,0.00463830392741191,6.00133023887162,0,-1.80965410493204,-0.0434978175659195,0.926750362294845,MV-202,sine_steer_python-1
1442,2026年09月15日_19时21分47秒_第001次,2026-09-15T19:21:47,1.441,15.0525969118917,-0.0542298194638554,3.00643372704828,4.94731919214327,0.0046781911890469,6.00551080339224,0,-1.82021194136999,-0.04375376952361,0.93207065489728,MV-202,sine_steer_python-1
1443,2026年09月15日_19时21分47秒_第001次,2026-09-15T19:21:47,1.442,15.0526271247097,-0.0540404460815163,3.01423869075089,4.95150027793149,0.00471832532904657,6.00969136927904,0,-1.83048234524183,-0.0440028124506467,0.937243770499689,MV-202,sine_steer_python-1
1444,2026年09月15日_19时21分47秒_第001次,2026-09-15T19:21:47,1.443,15.0526573839296,-0.0538494081019488,3.02054467651806,4.95568136942746,0.00475872169076119,6.01387193594303,0,-1.84046369473174,-0.0442449067767506,0.942268896344564,MV-202,sine_steer_python-1
1445,2026年09月15日_19时21分47秒_第001次,2026-09-15T19:21:47,1.444,15.0526876505905,-0.053655657145456,3.02711735973296,4.9598624669867,0.00479934667260801,6.01805250424858,0,-1.85015441366892,-0.0444800140539614,0.947145241976223,MV-202,sine_steer_python-1
1446,2026年09月15日_19时21分47秒_第001次,2026-09-15T19:21:47,1.445,15.0527178923827,-0.0534597720174378,3.03354551889449,4.96404357037391,0.00484022527342586,6.02223307379581,0,-1.8595529717765,-0.044708096966139,0.951872039219671,MV-202,sine_steer_python-1
1447,2026年09月15日_19时21分47秒_第001次,2026-09-15T19:21:47,1.446,15.0527481191973,-0.0532618148755992,3.03993594954725,4.96822467964166,0.00488134960421708,6.0264136446996,0,-1.86865788491322,-0.0449291193365314,0.956448542245956,MV-202,sine_steer_python-1
1448,2026年09月15日_19时21分47秒_第001次,2026-09-15T19:21:47,1.447,15.0527783301365,-0.0530618465413219,3.04630628026074,4.97240579475092,0.00492272296071475,6.03059421693719,0,-1.87746771530775,-0.0451430461345657,0.960874027654414,MV-202,sine_steer_python-1
1449,2026年09月15日_19时21分47秒_第001次,2026-09-15T19:21:47,1.448,15.0528085246801,-0.0528600218200703,3.05266154970261,4.97658691568281,0.0049643461697441,6.03477479050596,0,-1.88598107178573,-0.0453498434815311,0.96514779458414,MV-202,sine_steer_python-1
1450,2026年09月15日_19时21分47秒_第001次,2026-09-15T19:21:47,1.449,15.0528387020125,-0.0526564760084972,3.0590082337113,4.98076804241882,0.00500622001198652,6.03895536540481,0,-1.89419660998949,-0.045549478654679,0.96926916488415,MV-202,sine_steer_python-1
1451,2026年09月15日_19时21分47秒_第001次,2026-09-15T19:21:47,1.45,15.0528688605756,-0.0524513541947371,3.06534683315048,4.98494917494011,0.00504834527478267,6.04313594163141,0,-1.90211303259031,-0.0457419200899638,0.973237483334031,MV-202,sine_steer_python-1
1452,2026年09月15日_19时21分47秒_第001次,2026-09-15T19:21:47,1.451,15.0528989984795,-0.0522448012567645,3.07167636320656,4.98913031322902,0.005090722560956,6.04731651918531,0,-1.90972908949329,-0.045927137383817,0.977052117925859,MV-202,sine_steer_python-1
1453,2026年09月15日_19时21分47秒_第001次,2026-09-15T19:21:47,1.452,15.0529288842174,-0.0520374901653985,3.07925832288417,4.99331145726801,0.00513335240645954,6.05149709806695,0,-1.91704357803475,-0.0461051012948046,0.980712460072585,MV-202,sine_steer_python-1
1454,2026年09月15日_19时21分47秒_第001次,2026-09-15T19:21:47,1.453,15.0529588003906,-0.0518291334445224,3.08535138083094,4.99749260680045,0.005176249812613,6.05567767767543,0,-1.92405534317217,-0.0462757837437997,0.984217924840975,MV-202,sine_steer_python-1
1455,2026年09月15日_19时21分47秒_第001次,2026-09-15T19:21:47,1.454,15.0529887064028,-0.0516186649894596,3.0917104008567,5.00167376219145,0.00521938159744512,6.05985825891776,0,-1.93076327766655,-0.046439157812538,0.987567951364611,MV-202,sine_steer_python-1
1456,2026年09月15日_19时21分47秒_第001次,2026-09-15T19:21:47,1.455,15.0530185790475,-0.0514066696035322,3.09792762377151,5.00585492319157,0.00526277246061336,6.06403884137887,0,-1.93716632225726,-0.0465951977434997,0.990762003139462,MV-202,sine_steer_python-1
1457,2026年09月15日_19时21分47秒_第001次,2026-09-15T19:21:47,1.456,15.0530484243222,-0.0511932102327523,3.10410895842107,5.01003608985739,0.00530641453649284,6.06821942518697,0,-1.94326346582935,-0.0467438789394058,0.993799568294329,MV-202,sine_steer_python-1
1458,2026年09月15日_19时21分47秒_第001次,2026-09-15T19:21:47,1.457,15.0530782422833,-0.0509783496462638,3.11027203452622,5.01421726214572,0.0053503110476363,6.07240001032122,0,-1.94905374557315,-0.0468851779618134,0.996680159899496,MV-202,sine_steer_python-1
1459,2026年09月15日_19时21分47秒_第001次,2026-09-15T19:21:47,1.458,15.0531080327618,-0.0507622439075169,3.11642193562383,5.01839844003543,0.00539446276392437,6.07658059678184,0,-1.95453624713639,-0.0470190725297783,0.999403316268949,MV-202,sine_steer_python-1
1460,2026年09月15日_19时21分47秒_第001次,2026-09-15T19:21:47,1.459,15.0531377952457,-0.0505450297544233,3.12256514224367,5.02257962350555,0.0054388704088649,6.08076118456948,0,-1.95971010476849,-0.0471455415191304,1.0019686012207,MV-202,sine_steer_python-1
1461,2026年09月15日_19时21分47秒_第001次,2026-09-15T19:21:47,1.46,15.0531675284618,-0.0503268536520799,3.12870219254298,5.02676081253464,0.00548353471142038,6.08494177368241,0,-1.96457450145738,-0.0472645649621793,1.00437560430406,MV-202,sine_steer_python-1
1462,2026年09月15日_19时21分47秒_第001次,2026-09-15T19:21:47,1.461,15.0531972307943,-0.0501078618293547,3.13483213400528,5.03094200710238,0.00552845621701352,6.08912236411979,0,-1.96912866905841,-0.0473761240477298,1.00662394100405,MV-202,sine_steer_python-1
1463,2026年09月15日_19时21分47秒_第001次,2026-09-15T19:21:47,1.462,15.0532266758246,-0.0498887394052691,3.14220997329955,5.0351232071884,0.00557363540441326,6.09330295588056,0,-1.97337188841574,-0.0474802011216139,1.00871325291379,MV-202,sine_steer_python-1
1464,2026年09月15日_19时21分47秒_第001次,2026-09-15T19:21:47,1.463,15.0532561384064,-0.0496692143708485,3.14811005773501,5.03930441252997,0.00561908697007292,6.0974835483412,0,-1.97730348947583,-0.0475767796879336,1.01064320786393,MV-202,sine_steer_python-1
1465,2026年09月15日_19时21分47秒_第001次,2026-09-15T19:21:47,1.464,15.0532855725805,-0.0494482095922747,3.15427539768347,5.04348562350084,0.00566477810684004,6.10166414244111,0,-1.9809228513933,-0.0476658444110057,1.01241350000903,MV-202,sine_steer_python-1
1466,2026年09月15日_19时21分47秒_第001次,2026-09-15T19:21:47,1.465,15.0533149681226,-0.0492263139125116,3.1603017838385,5.04766683983437,0.00571073322306836,6.1058447377376,0,-1.98422940262896,-0.0477473811179073,1.01402384987665,MV-202,sine_steer_python-1
1467,2026年09月15日_19时21分47秒_第001次,2026-09-15T19:21:47,1.466,15.0533443265804,-0.0490035908107492,3.16629420019378,5.05184806159033,0.00575694447396747,6.11002533436206,0,-1.98722262104002,-0.0478213768015589,1.01547400438226,MV-202,sine_steer_python-1
1468,2026年09月15日_19时21分47秒_第001次,2026-09-15T19:21:47,1.467,15.0533736507438,-0.0487801045470181,3.1722702658414,5.05602928871979,0.00580341500676929,6.11420593228451,0,-1.9899020339626,-0.0478878196242987,1.01676373681127,MV-202,sine_steer_python-1
1469,2026年09月15日_19时21分47秒_第001次,2026-09-15T19:21:47,1.468,15.0534029396899,-0.0485560117931619,3.17823506312723,5.06021052119852,0.00585014553352452,6.11838653149778,0,-1.99226721828634,-0.0479466989218683,1.01789284677125,MV-202,sine_steer_python-1
1470,2026年09月15日_19时21分47秒_第001次,2026-09-15T19:21:47,1.469,15.0534321936027,-0.0483314499667837,3.18419506367036,5.06439175900162,0.00589713671977556,6.12256713199332,0,-1.99431780052123,-0.0479980052076897,1.01886116011949,MV-202,sine_steer_python-1
1471,2026年09月15日_19时21分47秒_第001次,2026-09-15T19:21:47,1.47,15.0534614116877,-0.0481065660423647,3.19015082790827,5.06857300210382,0.0059443892357029,6.1267477337594,0,-1.99605345685654,-0.0480417334929163,1.01966838850829,MV-202,sine_steer_python-1
1472,2026年09月15日_19时21分47秒_第001次,2026-09-15T19:21:47,1.471,15.0534905928146,-0.0478815066193129,3.19610142526848,5.07275425048101,0.00599190356909165,6.13092833678428,0,-1.99747391321204,-0.0480778771397127,1.02031438999086,MV-202,sine_steer_python-1
1473,2026年09月15日_19时21分47秒_第001次,2026-09-15T19:21:47,1.472,15.0535195165444,-0.0476569647437277,3.20329399152569,5.07693550410895,0.00603968014144864,6.13510894105509,0,-1.99857894528118,-0.0481064278148505,1.02079916991687,MV-202,sine_steer_python-1
1474,2026年09月15日_19时21分47秒_第001次,2026-09-15T19:21:47,1.473,15.0535484505848,-0.0474326765813265,3.20902101215919,5.08111676271775,0.00608773338475647,6.13928954591572,0,-1.9993683785666,-0.0481273808516874,1.02112265576113,MV-202,sine_steer_python-1
1475,2026年09月15日_19时21分47秒_第001次,2026-09-15T19:21:47,1.474,15.0535773447526,-0.0472075601924739,3.21501263858575,5.08529802668969,0.00613603081938819,6.14347015232859,0,-1.99984208840763,-0.0481407307446888,1.02128488632689,MV-202,sine_steer_python-1
1476,2026年09月15日_19时21分47秒_第001次,2026-09-15T19:21:47,1.475,15.0536061948318,-0.0469822052385272,3.22086813534181,5.08947929574074,0.00618459657210155,6.14765075981443,0,-2,-0.0481464773840215,1.02128574887851,MV-202,sine_steer_python-1
1477,2026年09月15日_19时21分47秒_第001次,2026-09-15T19:21:47,1.476,15.0536350025763,-0.0467566744567923,3.22669161825044,5.09366056993072,0.00623342281680452,6.15183136849591,0,-1.99984208840763,-0.048144620590025,1.02112521008498,MV-202,sine_steer_python-1
1478,2026年09月15日_19时21分47秒_第001次,2026-09-15T19:21:47,1.477,15.0536637747804,-0.046531032173554,3.23250067132135,5.0978418492048,0.00628251262434358,6.15601197832529,0,-1.9993683785666,-0.0481351600782436,1.0208033174346,MV-202,sine_steer_python-1
1479,2026年09月15日_19时21分47秒_第001次,2026-09-15T19:21:47,1.478,15.0536925116941,-0.046305434084018,3.23830037807974,5.10202313353548,0.00633186664895217,6.16019258927956,0,-1.99857894528118,-0.0481180956341306,1.02032019206189,MV-202,sine_steer_python-1
1480,2026年09月15日_19时21分47秒_第001次,2026-09-15T19:21:47,1.479,15.0537212122414,-0.046080016510722,3.24409715309278,5.10620442289435,0.00638148549861322,6.16437320133349,0,-1.99747391321203,-0.0480934272010531,1.01967602491082,MV-202,sine_steer_python-1
1481,2026年09月15日_19时21分47秒_第001次,2026-09-15T19:21:47,1.48,15.053749876493,-0.0458549250628879,3.24989157569068,5.11038571725184,0.00643136978545705,6.16855381445711,0,-1.99605345685654,-0.0480611551034018,1.01887106722471,MV-202,sine_steer_python-1
1482,2026年09月15日_19时21分47秒_第001次,2026-09-15T19:21:47,1.481,15.05377850379,-0.0456303047520258,3.25568272950446,5.11456701657995,0.0064815199407183,6.17273442862032,0,-1.99431780052123,-0.0480212802386438,1.01790562241741,MV-202,sine_steer_python-1
1483,2026年09月15日_19时21分47秒_第001次,2026-09-15T19:21:47,1.482,15.0538068791118,-0.0454068513040839,3.26270847369264,5.11874832085059,0.00653193632991972,6.17691504379135,0,-1.99226721828635,-0.0479738097817154,1.01677980455943,MV-202,sine_steer_python-1
1484,2026年09月15日_19时21分47秒_第001次,2026-09-15T19:21:47,1.483,15.0538352638747,-0.0451843005464898,3.26828196205977,5.12292962978611,0.00658263316442193,6.1810956592744,0,-1.9899020339626,-0.0479187526757965,1.01549372970758,MV-202,sine_steer_python-1
1485,2026年09月15日_19时21分47秒_第001次,2026-09-15T19:21:47,1.484,15.0538636059442,-0.0449615713615755,3.27411948182297,5.12711094377819,0.00663357824382197,6.18527627604908,0,-1.98722262104002,-0.0478561177583111,1.01404759372022,MV-202,sine_steer_python-1
1486,2026年09月15日_19时21分47秒_第001次,2026-09-15T19:21:47,1.485,15.0538919050065,-0.0447392502029241,3.27982376122408,5.13129226252657,0.00668479542535599,6.18945689359469,0,-1.98422940262896,-0.0477859197456675,1.01244142069365,MV-202,sine_steer_python-1
1487,2026年09月15日_19时21分47秒_第001次,2026-09-15T19:21:47,1.486,15.0539201631358,-0.0445173969125501,3.28549803462943,5.13547358609133,0.00673627690110802,6.19363751201977,0,-1.9809228513933,-0.0477081704834499,1.01067543180991,MV-202,sine_steer_python-1
1488,2026年09月15日_19时21分47秒_第001次,2026-09-15T19:21:47,1.487,15.0539483877415,-0.0442960734527107,3.29115976767708,5.13965491441238,0.00678802566616283,6.19781813125415,0,-1.97730348947583,-0.0476228827599557,1.00874988424568,MV-202,sine_steer_python-1
1489,2026年09月15日_19时21分47秒_第001次,2026-09-15T19:21:47,1.488,15.0539765824034,-0.044075432074056,3.29681406082717,5.14383624745824,0.00684004231874726,6.20199875125341,0,-1.97337188841574,-0.0475300705611799,1.00666506048272,MV-202,sine_steer_python-1
1490,2026年09月15日_19时21分47秒_第001次,2026-09-15T19:21:47,1.489,15.0540047451192,-0.0438556054834151,3.30246726001965,5.14801758519777,0.0068923274115675,6.20617937197199,0,-1.96912866905841,-0.0474297490227577,1.00442126997664,MV-202,sine_steer_python-1
1491,2026年09月15日_19时21分47秒_第001次,2026-09-15T19:21:47,1.49,15.0540328761593,-0.0436367352951366,3.30811994509435,5.15219892759778,0.00694488150139316,6.2103599933584,0,-1.96457450145738,-0.0473219344103825,1.00201884983246,MV-202,sine_steer_python-1
1492,2026年09月15日_19时21分47秒_第001次,2026-09-15T19:21:47,1.491,15.0540609753165,-0.0434189622499763,3.31377121082671,5.15638027462694,0.0069977049659548,6.21454061536113,0,-1.95971010476849,-0.0472066441100807,0.999458165121292,MV-202,sine_steer_python-1
1493,2026年09月15日_19时21分47秒_第001次,2026-09-15T19:21:47,1.492,15.0540888323237,-0.0432029788324169,3.32064822208561,5.16056162625399,0.00705079811812275,6.21872123792712,0,-1.95453624713639,-0.047083896615399,0.996739609239755,MV-202,sine_steer_python-1
1494,2026年09月15日_19时21分47秒_第001次,2026-09-15T19:21:47,1.493,15.0541167030068,-0.0429885112290274,3.32608735291664,5.16474298219357,0.00710417499525497,6.22290186031866,0,-1.94905374557316,-0.0469537115100152,0.993863604433542,MV-202,sine_steer_python-1
1495,2026年09月15日_19时21分47秒_第001次,2026-09-15T19:21:47,1.494,15.0541445353958,-0.0427744843204419,3.33179001795357,5.16892434284838,0.0071578036290836,6.22708248353153,0,-1.94326346582935,-0.0468161094484667,0.99083060241452,MV-202,sine_steer_python-1
1496,2026年09月15日_19时21分47秒_第001次,2026-09-15T19:21:47,1.495,15.054172330924,-0.0425614767683698,3.33736239941723,5.17310570790375,0.00721170762184947,6.23126310700385,0,-1.93716632225726,-0.0466711121390386,0.987641084882768,MV-202,sine_steer_python-1
1497,2026年09月15日_19时21分47秒_第001次,2026-09-15T19:21:47,1.496,15.0542000920385,-0.0423495428931694,3.34290683881997,5.17728707742093,0.0072658791854014,6.23544373082965,0,-1.93076327766655,-0.0465187423316125,0.984295563817618,MV-202,sine_steer_python-1
1498,2026年09月15日_19时21分47秒_第001次,2026-09-15T19:21:47,1.497,15.0542278264703,-0.0421387395372981,3.34844064641512,5.18146845133591,0.00732032124191523,6.23962435491692,0,-1.92405534317217,-0.0463590238119523,0.980794581479689,MV-202,sine_steer_python-1
1499,2026年09月15日_19时21分47秒_第001次,2026-09-15T19:21:47,1.498,15.0542555381641,-0.0419292125966211,3.35396887844025,5.18564982961449,0.00737503433776379,6.24380497920083,0,-1.91704357803475,-0.046191981403437,0.977138710088537,MV-202,sine_steer_python-1
1500,2026年09月15日_19时21分47秒_第001次,2026-09-15T19:21:47,1.499,15.05428322658,-0.0417210883401526,3.35949784026581,5.18983121222306,0.00743001897484218,6.24798560361584,0,-1.90972908949329,-0.0460176409767826,0.973328551152606,MV-202,sine_steer_python-1
1501,2026年09月15日_19时21分47秒_第001次,2026-09-15T19:21:47,1.5,15.0543108912608,-0.0415145015375502,3.36502808891258,5.19401259912656,0.00748527565965195,6.25216622809133,0,-1.90211303259031,-0.0458360294672559,0.969364734469503,MV-202,sine_steer_python-1
1502,2026年09月15日_19时21分47秒_第001次,2026-09-15T19:21:47,1.501,15.0543385323347,-0.0413095858003137,3.37055872862128,5.19819399029143,0.0075408047217569,6.25634685255667,0,-1.89419660998949,-0.0456471748977094,0.965247916866997,MV-202,sine_steer_python-1
1503,2026年09月15日_19时21分47秒_第001次,2026-09-15T19:21:47,1.502,15.0543659435278,-0.0411070244628237,3.37730484969772,5.20237538568458,0.00759660642706896,6.26052747694036,0,-1.88598107178573,-0.0454511064049906,0.960978780789651,MV-202,sine_steer_python-1
1504,2026年09月15日_19时21分47秒_第001次,2026-09-15T19:21:47,1.503,15.0543933757194,-0.0409065247907131,3.38262853481689,5.20655678501358,0.00765269468671747,6.2647081004659,0,-1.87746771530775,-0.0452478542669841,0.956558032847557,MV-202,sine_steer_python-1
1505,2026年09月15日_19时21分47秒_第001次,2026-09-15T19:21:47,1.504,15.0544207785509,-0.0407070226865308,3.38821533493166,5.21073818869438,0.00770903772129287,6.26888872414936,0,-1.86865788491322,-0.045037449927576,0.951986402441279,MV-202,sine_steer_python-1
1506,2026年09月15日_19时21分47秒_第001次,2026-09-15T19:21:47,1.505,15.0544481534531,-0.0405090845428299,3.39367488554786,5.21491959640001,0.00776565889457188,6.27306934739288,0,-1.8595529717765,-0.0448199260171436,0.947264640564247,MV-202,sine_steer_python-1
1507,2026年09月15日_19时21分47秒_第001次,2026-09-15T19:21:47,1.506,15.0544755031954,-0.0403127566753061,3.39910862332852,5.2191010081944,0.00782255044219293,6.27724997028074,0,-1.85015441366892,-0.0445953163667682,0.94239351885914,MV-202,sine_steer_python-1
1508,2026年09月15日_19时21分47秒_第001次,2026-09-15T19:21:47,1.507,15.0545028355077,-0.0401180882556173,3.40453366805997,5.22328242401132,0.00787971521863402,6.28143059270454,0,-1.84046369473174,-0.0443636560151807,0.937373828970364,MV-202,sine_steer_python-1
1509,2026年09月15日_19时21分47秒_第001次,2026-09-15T19:21:47,1.508,15.0545301543623,-0.0399252162680813,3.40995500963223,5.22746384381564,0.0079371537248881,6.28561121458492,0,-1.83048234524184,-0.0441249812083381,0.932206382197029,MV-202,sine_steer_python-1
1510,2026年09月15日_19时21分47秒_第001次,2026-09-15T19:21:47,1.509,15.0545574589771,-0.0397342579950091,3.4153788786251,5.23164526757295,0.00799486641886695,6.2897918358426,0,-1.82021194136999,-0.0438793293923391,0.926892009416296,MV-202,sine_steer_python-1
1511,2026年09月15日_19时21分47秒_第001次,2026-09-15T19:21:47,1.51,15.0545847489969,-0.0395453389157622,3.42080581823417,5.23582669524748,0.00805285376406911,6.29397245639387,0,-1.80965410493204,-0.0436267392010264,0.921431561220304,MV-202,sine_steer_python-1
1512,2026年09月15日_19时21分47秒_第001次,2026-09-15T19:21:47,1.511,15.0546120244626,-0.0393585831348432,3.42623493361835,5.24000812680529,0.00811111604952476,6.29815307615603,0,-1.79881050313274,-0.0433672504400107,0.91582590819328,MV-202,sine_steer_python-1
1513,2026年09月15日_19时21分47秒_第001次,2026-09-15T19:21:47,1.512,15.0546390822481,-0.0391746597000211,3.43286795446093,5.24418956221303,0.00816965350202748,6.30233369504635,0,-1.78768284830253,-0.043100904068962,0.910075941250834,MV-202,sine_steer_python-1
1514,2026年09月15日_19时21分47秒_第001次,2026-09-15T19:21:47,1.513,15.0546661689544,-0.0389932486545174,3.43809499641386,5.24837100117203,0.00822847995300226,6.3065143122567,0,-1.77627289762709,-0.0428277421838452,0.904182571970501,MV-202,sine_steer_python-1
1515,2026年09月15日_19时21分47秒_第001次,2026-09-15T19:21:47,1.514,15.0546932332371,-0.0388133019633394,3.44358484549821,5.252552444114,0.00828756377492082,6.31069492883163,0,-1.76458245286991,-0.0425478080003786,0.898146732859386,MV-202,sine_steer_python-1
1516,2026年09月15日_19时21分47秒_第001次,2026-09-15T19:21:47,1.515,15.0547202810432,-0.038635370311404,3.44895051831759,5.25673389070032,0.00834692811066036,6.31487554414442,0,-1.75261336008773,-0.0422611458394563,0.891969377527738,MV-202,sine_steer_python-1
1517,2026年09月15日_19时21分47秒_第001次,2026-09-15T19:21:47,1.516,15.0547473125312,-0.038459490102934,3.45429257765599,5.26091534100062,0.00840656522579416,6.31905615827949,0,-1.74036750933905,-0.0419678011146869,0.885651480761933,MV-202,sine_steer_python-1
1518,2026年09月15日_19时21分47秒_第001次,2026-09-15T19:21:47,1.517,15.0547743355316,-0.0382857011213706,3.45962791023093,5.26509679494781,0.00846647791445206,6.32323677112032,0,-1.72784683438567,-0.0416678203216772,0.879194038512744,MV-202,sine_steer_python-1
1519,2026年09月15日_19时21分47秒_第001次,2026-09-15T19:21:47,1.518,15.0548013537253,-0.0381141297272636,3.46496141897498,5.26927825250758,0.00852666664052215,6.32741738258197,0,-1.71505331238731,-0.0413612510282984,0.872598067831176,MV-202,sine_steer_python-1
1520,2026年09月15日_19时21分47秒_第001次,2026-09-15T19:21:47,1.519,15.0548283652455,-0.0379448825890083,3.47029923747856,5.27345971364641,0.00858713182657481,6.33159799258055,0,-1.70198896358939,-0.04104814186498,0.865864606792468,MV-202,sine_steer_python-1
1521,2026年09月15日_19时21分47秒_第001次,2026-09-15T19:21:47,1.52,15.0548553700359,-0.0377780743941322,3.47564189270369,5.27764117832921,0.00864787390207887,6.33577860102822,0,-1.68865585100403,-0.0407285425140933,0.858994714448032,MV-202,sine_steer_python-1
1522,2026年09月15日_19时21分47秒_第001次,2026-09-15T19:21:47,1.521,15.0548823677239,-0.0376138183475995,3.48098848306583,5.28182264652329,0.00870889312475899,6.33995920783957,0,-1.67505608008428,-0.040402503697696,0.851989470836318,MV-202,sine_steer_python-1
1523,2026年09月15日_19时21分47秒_第001次,2026-09-15T19:21:47,1.522,15.0549091574495,-0.0374527654573412,3.48752623850933,5.28600411819655,0.00877018969166573,6.34413981293005,0,-1.66119179839163,-0.0400700771632606,0.844849977068641,MV-202,sine_steer_python-1
1524,2026年09月15日_19时21分47秒_第001次,2026-09-15T19:21:47,1.523,15.0549359822894,-0.0372945620391536,3.49267537224899,5.29018559304476,0.00883177739698826,6.34832041546903,0,-1.64706519525686,-0.0397313156674321,0.837577355488256,MV-202,sine_steer_python-1
1525,2026年09月15日_19时21分47秒_第001次,2026-09-15T19:21:47,1.524,15.0549627871902,-0.0371381813901172,3.49808706578256,5.29436707151765,0.00889362473627092,6.35250101653923,0,-1.63267850143437,-0.0393862729582684,0.830172749883526,MV-202,sine_steer_python-1
1526,2026年09月15日_19时21分47秒_第001次,2026-09-15T19:21:47,1.525,15.054989586262,-0.0369841562893674,3.50337768600409,5.29854855326524,0.00895575464853142,6.35668161549359,0,-1.61803398874989,-0.0390350037567514,0.822637325721898,MV-202,sine_steer_python-1
1527,2026年09月15日_19时21分47秒_第001次,2026-09-15T19:21:47,1.526,15.0550163748398,-0.0368325125031623,3.50864693445755,5.30273003836529,0.00901815943713076,6.36086221242723,0,-1.60313396974175,-0.0386775637385553,0.814972270363123,MV-202,sine_steer_python-1
1528,2026年09月15日_19时21分47秒_第001次,2026-09-15T19:21:47,1.527,15.0550431609033,-0.0366832798569854,3.51391142753608,5.30691152675074,0.00908084184434909,6.36504280722457,0,-1.58798079729567,-0.0383140095170939,0.807178793208403,MV-202,sine_steer_python-1
1529,2026年09月15日_19时21分47秒_第001次,2026-09-15T19:21:47,1.528,15.0550699475982,-0.0365365735668446,3.51917596134164,5.31109301838932,0.00914380230629545,6.36922339980448,0,-1.57257686427323,-0.0379443986287499,0.79925812574748,MV-202,sine_steer_python-1
1530,2026年09月15日_19时21分47秒_第001次,2026-09-15T19:21:47,1.529,15.0550967321507,-0.0363924893000261,3.52444656352119,5.31527451324955,0.0092070412197377,6.37340399008767,0,-1.55692460313404,-0.0375687895209318,0.791211521476369,MV-202,sine_steer_python-1
1531,2026年09月15日_19时21分47秒_第001次,2026-09-15T19:21:47,1.53,15.0551235143624,-0.036251130671512,3.52972372957433,5.31945601129822,0.00927055898988699,6.37758457799147,0,-1.54102648555158,-0.0371872415432594,0.783040255673027,MV-202,sine_steer_python-1
1532,2026年09月15日_19时21分47秒_第001次,2026-09-15T19:21:47,1.531,15.055150293299,-0.0361125998271608,3.53500654431338,5.32363751250484,0.00933435585304034,6.38176516343673,0,-1.5248850220229,-0.0367998149418048,0.774745625034278,MV-202,sine_steer_python-1
1533,2026年09月15日_19时21分47秒_第001次,2026-09-15T19:21:47,1.532,15.0551768695395,-0.0359775276571056,3.54146678642246,5.32781901683953,0.00939843198645274,6.38594574634589,0,-1.50850276147221,-0.0364065708559595,0.76632894719222,MV-202,sine_steer_python-1
1534,2026年09月15日_19时21分47秒_第001次,2026-09-15T19:21:47,1.533,15.0552034835274,-0.0358455225050593,3.54655649961731,5.33200052399254,0.00946280118295995,6.39012632587417,0,-1.49188229084837,-0.0360075713172166,0.757791560140313,MV-202,sine_steer_python-1
1535,2026年09月15日_19时21分47秒_第001次,2026-09-15T19:21:47,1.534,15.0552300757636,-0.0357155844339652,3.55190848051047,5.33618203443321,0.00952743204146718,6.39430690315103,0,-1.47502623471635,-0.0356028792489832,0.749134821606758,MV-202,sine_steer_python-1
1536,2026年09月15日_19时21分47秒_第001次,2026-09-15T19:21:47,1.535,15.0552566642962,-0.0355882272532495,3.55714256068947,5.34036354780069,0.00959234731210082,6.39848747751718,0,-1.45793725484282,-0.0351925584664828,0.740360108415024,MV-202,sine_steer_python-1
1537,2026年09月15日_19时21分47秒_第001次,2026-09-15T19:21:47,1.536,15.0552832428203,-0.0354634669015923,3.56235750023444,5.34454506417969,0.00965753934487627,6.40266804908438,0,-1.44061804977581,-0.0347766736758809,0.731468815868444,MV-202,sine_steer_python-1
1538,2026年09月15日_19时21分47秒_第001次,2026-09-15T19:21:47,1.537,15.0553098223592,-0.0353413239306744,3.56756957995576,5.34872658350391,0.00972301083870696,6.40684861774579,0,-1.42307135441857,-0.0343552904719312,0.72246235718854,MV-202,sine_steer_python-1
1539,2026年09月15日_19时21分47秒_第001次,2026-09-15T19:21:47,1.538,15.0553364028799,-0.0352219029533727,3.57278351018407,5.35290810574458,0.00978876221134297,6.41102918343244,0,-1.4052999395977,-0.033928475333691,0.713342163026527,MV-202,sine_steer_python-1
1540,2026年09月15日_19时21分47秒_第001次,2026-09-15T19:21:47,1.539,15.0553629822798,-0.0351052895058564,3.57800520634828,5.35708963087206,0.00985479384324075,6.41520974607605,0,-1.38730661162561,-0.0334962956181218,0.704109681055762,MV-202,sine_steer_python-1
1541,2026年09月15日_19时21分47秒_第001次,2026-09-15T19:21:47,1.54,15.0553895592941,-0.0349915770043681,3.58323510776915,5.36127115885584,0.00992110612485504,6.41939030560631,0,-1.36909421185738,-0.0330588195516599,0.694766375641653,MV-202,sine_steer_python-1
1542,2026年09月15日_19时21分47秒_第001次,2026-09-15T19:21:47,1.541,15.0554161324841,-0.0348808575162148,3.58847228003545,5.36545268966776,0.00998769928059163,6.42357086195652,0,-1.35066561624205,-0.0326161162201111,0.685313727588321,MV-202,sine_steer_python-1
1543,2026年09月15日_19时21分47秒_第001次,2026-09-15T19:21:47,1.542,15.055442503166,-0.0347737413165414,3.59487230746253,5.36963422328034,0.0100545734774088,6.42775141506212,0,-1.33202373486851,-0.0321682555574799,0.675753233884652,MV-202,sine_steer_python-1
1544,2026年09月15日_19时21分47秒_第001次,2026-09-15T19:21:47,1.543,15.0554689101498,-0.0346697968068079,3.59992043072165,5.37381575937773,0.0101217425343459,6.43193196406958,0,-1.31317151150592,-0.0317153083333804,0.666086407520754,MV-202,sine_steer_python-1
1545,2026年09月15日_19时21分47秒_第001次,2026-09-15T19:21:47,1.544,15.0554952886531,-0.0345680559953635,3.60523039461358,5.37799729844959,0.0101891751429577,6.43611251016037,0,-1.29411192313889,-0.0312573461403363,0.656314777324888,MV-202,sine_steer_python-1
1546,2026年09月15日_19时21分47秒_第001次,2026-09-15T19:21:47,1.545,15.0555216598194,-0.0344690140414793,3.61042558806118,5.38217884012381,0.0102568938762413,6.44029305266761,0,-1.27484797949738,-0.0307944413817887,0.646439887744078,MV-202,sine_steer_python-1
1547,2026年09月15日_19时21分47秒_第001次,2026-09-15T19:21:47,1.546,15.0555480165276,-0.0343726786815651,3.61560378503472,5.38636038449142,0.0103248911395484,6.44447359172354,0,-1.2553827225814,-0.0303266672601918,0.636463298608508,MV-202,sine_steer_python-1
1548,2026年09月15日_19时21分47秒_第001次,2026-09-15T19:21:47,1.547,15.0555743697709,-0.0342790626192629,3.6207809546898,5.39054193148664,0.0103931695962769,6.44865412723398,0,-1.23571922618067,-0.0298540977651898,0.62638658488908,MV-202,sine_steer_python-1
1549,2026年09月15日_19时21分47秒_第001次,2026-09-15T19:21:47,1.548,15.0556007214762,-0.0341882616803213,3.62596163028148,5.39472348108242,0.0104617296544349,6.45283465914408,0,-1.21586059538921,-0.0293768076618951,0.616211336450702,MV-202,sine_steer_python-1
1550,2026年09月15日_19时21分47秒_第001次,2026-09-15T19:21:47,1.549,15.0556270693808,-0.0341003528173633,3.63115166541834,5.39890503325172,0.0105305716864453,6.45701518740087,0,-1.19580996611504,-0.0288948724789562,0.605939157810006,MV-202,sine_steer_python-1
1551,2026年09月15日_19时21分47秒_第001次,2026-09-15T19:21:47,1.55,15.0556534104425,-0.0340154209751438,3.63635140561365,5.40308658796627,0.0105996960766011,6.46119571194901,0,-1.17557050458495,-0.0284083684982568,0.595571667757048,MV-202,sine_steer_python-1
1552,2026年09月15日_19时21分47秒_第001次,2026-09-15T19:21:47,1.551,15.0556797429673,-0.0339335498868998,3.64155989366491,5.40726814519954,0.0106691030456719,6.46537623273631,0,-1.15514540684454,-0.0279173727427973,0.585110499125282,MV-202,sine_steer_python-1
1553,2026年09月15日_19时21分47秒_第001次,2026-09-15T19:21:47,1.552,15.055705868494,-0.0338553298876573,3.64791598296893,5.41144970492586,0.0107387927585983,6.46955674971293,0,-1.13453789825352,-0.0274219629625562,0.574557298623319,MV-202,sine_steer_python-1
1554,2026年09月15日_19时21分47秒_第001次,2026-09-15T19:21:47,1.553,15.0557320252487,-0.0337802893519183,3.65293911550548,5.41563126682192,0.0108087790792287,6.47373726201772,0,-1.11375123297638,-0.0269222176196355,0.563913726677119,MV-202,sine_steer_python-1
1555,2026年09月15日_19时21分47秒_第001次,2026-09-15T19:21:47,1.554,15.0557581427495,-0.033707496716616,3.65822344384581,5.41981283139753,0.010879030789131,6.47791777088492,0,-1.09278869346854,-0.0264182158730215,0.553181457277503,MV-202,sine_steer_python-1
1556,2026年09月15日_19时21分47秒_第001次,2026-09-15T19:21:47,1.555,15.0557842455091,-0.0336374296910155,3.66339600245489,5.42399439826835,0.0109495702921272,6.48209827564049,0,-1.071653589958,-0.0259100375624953,0.542362177859333,MV-202,sine_steer_python-1
1557,2026年09月15日_19时21分47秒_第001次,2026-09-15T19:21:47,1.556,15.0558103256461,-0.0335700898630996,3.66855354867899,5.42817596753083,0.0110203900567653,6.48627877643703,0,-1.05034925992259,-0.0253977631916413,0.531457589216819,MV-202,sine_steer_python-1
1558,2026年09月15日_19时21分47秒_第001次,2026-09-15T19:21:47,1.557,15.0558363937878,-0.0335054840420434,3.67371173245544,5.43235753911875,0.0110914927175044,6.49045927319249,0,-1.02887906756301,-0.0248814739104988,0.520469405428415,MV-202,sine_steer_python-1
1559,2026年09月15日_19时21分47秒_第001次,2026-09-15T19:21:47,1.558,15.0558624530731,-0.0334437012293556,3.67887491137178,5.43653911300551,0.0111628786796872,6.49463976586497,0,-1.00724640327152,-0.024361251498483,0.509399353762728,MV-202,sine_steer_python-1
1560,2026年09月15日_19时21分47秒_第001次,2026-09-15T19:21:47,1.559,15.0558885014899,-0.0333848118061923,3.68404884473864,5.44072068916508,0.011234548314623,6.49882025441483,0,-0.985454683096584,-0.0238371783479396,0.498249174550511,MV-202,sine_steer_python-1
1561,2026年09月15日_19时21分47秒_第001次,2026-09-15T19:21:47,1.56,15.0559145366894,-0.033328894292718,3.68923381513963,5.44490226757,0.0113065020072201,6.50300073879965,0,-0.963507348203433,-0.0233093374485489,0.487020621015244,MV-202,sine_steer_python-1
1562,2026年09月15日_19时21分47秒_第001次,2026-09-15T19:21:47,1.561,15.0559405554155,-0.0332760260635753,3.69442880928651,5.44908384819485,0.011378739981397,6.50718121898014,0,-0.941407864330663,-0.0227778123722194,0.475715459091353,MV-202,sine_steer_python-1
1563,2026年09月15日_19时21分47秒_第001次,2026-09-15T19:21:47,1.562,15.0559663593907,-0.0332267787692578,3.70075560528796,5.45326543101419,0.0114512624065974,6.51136169491831,0,-0.919159721242975,-0.0222426872604382,0.464335467107969,MV-202,sine_steer_python-1
1564,2026年09月15日_19时21分47秒_第001次,2026-09-15T19:21:47,1.563,15.0559921872585,-0.0331806419212712,3.70576852481275,5.45744701569562,0.0115240832016644,6.51554216574236,0,-0.896766432180065,-0.0217040468160968,0.452882435337147,MV-202,sine_steer_python-1
1565,2026年09月15日_19时21分47秒_第001次,2026-09-15T19:21:47,1.564,15.056017963231,-0.0331367237445781,3.71104171768448,5.46162860276815,0.0115971712422014,6.5197226327358,0,-0.874231533301868,-0.0211619762904103,0.441358165602266,MV-202,sine_steer_python-1
1566,2026年09月15日_19时21分47秒_第001次,2026-09-15T19:21:47,1.565,15.0560437150691,-0.0330954859818821,3.71620595138615,5.46581019183412,0.0116705487670474,6.52390309521408,0,-0.851558583130149,-0.0206165614668103,0.429764471030441,MV-202,sine_steer_python-1
1567,2026年09月15日_19时21分47秒_第001次,2026-09-15T19:21:47,1.566,15.0560694343456,-0.0330569260554155,3.72135693876726,5.469991782994,0.0117442083146796,6.52808355334604,0,-0.828751161986567,-0.0200678886468242,0.418103175918749,MV-202,sine_steer_python-1
1568,2026年09月15日_19时21分47秒_第001次,2026-09-15T19:21:47,1.567,15.0560951315187,-0.0330210467534488,3.72651000183831,5.47417337617983,0.0118181524957061,6.53226400705744,0,-0.805812871427325,-0.0195160446455221,0.406376115127023,MV-202,sine_steer_python-1
1569,2026年09月15日_19时21分47秒_第001次,2026-09-15T19:21:47,1.568,15.0561208096251,-0.0329879320316363,3.73166933734234,5.47835497136415,0.0118923817182635,6.53644445631468,0,-0.782747333674406,-0.0189611167845851,0.394585133454492,MV-202,sine_steer_python-1
1570,2026年09月15日_19时21分47秒_第001次,2026-09-15T19:21:47,1.569,15.0561464666353,-0.0329576474991714,3.73684056101769,5.4825365685199,0.0119668963578724,6.54062490108589,0,-0.759558191043605,-0.0184031928809438,0.382732085189114,MV-202,sine_steer_python-1
1571,2026年09月15日_19时21分47秒_第001次,2026-09-15T19:21:47,1.57,15.0561721024806,-0.0329302669986444,3.7420239159105,5.48671816761847,0.0120416968051403,6.5448053413357,0,-0.736249105369353,-0.0178423612347519,0.370818833747227,MV-202,sine_steer_python-1
1572,2026年09月15日_19时21分47秒_第001次,2026-09-15T19:21:47,1.571,15.0561977143046,-0.0329058633160962,3.74721834942245,5.49089976863417,0.0121167832922471,6.54898577703231,0,-0.7128237574265,-0.0172787106180385,0.35884725126441,MV-202,sine_steer_python-1
1573,2026年09月15日_19时21分47秒_第001次,2026-09-15T19:21:47,1.572,15.0562231024754,-0.0328849906759314,3.75352834604853,5.49508137154102,0.0121921559980753,6.55316620814444,0,-0.689285846349034,-0.0167123302626364,0.346819218235478,MV-202,sine_steer_python-1
1574,2026年09月15日_19时21分47秒_第001次,2026-09-15T19:21:47,1.573,15.0562485071107,-0.0328671014438922,3.75854352202661,5.49926297599553,0.0122678288994247,6.55734663378354,0,-0.665639089045975,-0.0161433098475369,0.33473662316181,MV-202,sine_steer_python-1
1575,2026年09月15日_19时21分47秒_第001次,2026-09-15T19:21:47,1.574,15.0562738480587,-0.0328513455609149,3.76381773894337,5.50344458254488,0.0123437709752056,6.56152705527608,0,-0.641887219614422,-0.0155717394845344,0.322601362254905,MV-202,sine_steer_python-1
1576,2026年09月15日_19时21分47秒_第001次,2026-09-15T19:21:47,1.575,15.05629915588,-0.0328381700813125,3.76898557194346,5.50762619077714,0.0124200043002549,6.56570747192133,0,-0.6180339887499,-0.0149977097010876,0.310415339258673,MV-202,sine_steer_python-1
1577,2026年09月15日_19时21分47秒_第001次,2026-09-15T19:21:47,1.576,15.0563244218736,-0.0328275697126991,3.77414166757343,5.51180780079545,0.0124965214886192,6.56988788389789,0,-0.594083163154069,-0.0144213114200624,0.298180465405078,MV-202,sine_steer_python-1
1578,2026年09月15日_19时21分47秒_第001次,2026-09-15T19:21:47,1.577,15.0563496565048,-0.0328195445649467,3.77930101614936,5.51598941252891,0.0125733251308494,6.57406829113292,0,-0.570038524939953,-0.0138426359362193,0.28589865950386,MV-202,sine_steer_python-1
1579,2026年09月15日_19时21分47秒_第001次,2026-09-15T19:21:47,1.578,15.0563748621255,-0.0328141747824622,3.78446766181214,5.52017102594801,0.012650415641955,6.57824869359458,0,-0.545903871034646,-0.0132617748898816,0.273571848146685,MV-202,sine_steer_python-1
1580,2026年09月15日_19时21分47秒_第001次,2026-09-15T19:21:47,1.579,15.0564000374957,-0.032811522445255,3.78964706441303,5.52435264102318,0.0127277934056326,6.58242909125176,0,-0.521683012579791,-0.0126788202401094,0.261201965937382,MV-202,sine_steer_python-1
1581,2026年09月15日_19时21分47秒_第001次,2026-09-15T19:21:47,1.58,15.0564251827236,-0.0328116577486158,3.79483939496281,5.52853425772355,0.0128054588220035,6.58660948406949,0,-0.497379774329708,-0.0120938642391011,0.248790955639903,MV-202,sine_steer_python-1
1582,2026年09月15日_19时21分47秒_第001次,2026-09-15T19:21:47,1.581,15.0564502964942,-0.0328146499276322,3.80004357732865,5.53271587602102,0.0128834121352154,6.59078987201568,0,-0.47299799404745,-0.0115069994066349,0.236340768343651,MV-202,sine_steer_python-1
1583,2026年09月15日_19时21分47秒_第001次,2026-09-15T19:21:47,1.582,15.0564751806157,-0.0328210367929527,3.8063467708405,5.53689749588772,0.0129616535372496,6.5949702550587,0,-0.448541521898764,-0.0109183184902208,0.223853364232832,MV-202,sine_steer_python-1
1584,2026年09月15日_19时21分47秒_第001次,2026-09-15T19:21:47,1.583,15.0565000740413,-0.0328302352583947,3.81137403423042,5.54107911696864,0.0130401970603526,6.59915063228745,0,-0.424014219844113,-0.010327914376729,0.211330715405657,MV-202,sine_steer_python-1
1585,2026年09月15日_19时21分47秒_第001次,2026-09-15T19:21:47,1.584,15.05652489628,-0.0328414374493327,3.81665881341839,5.54526073982722,0.0131190117999881,6.60333100506317,0,-0.399419961028819,-0.00973587994428362,0.198774811234702,MV-202,sine_steer_python-1
1586,2026年09月15日_19时21分47秒_第001次,2026-09-15T19:21:47,1.585,15.0565496787574,-0.0328550765114278,3.82183952460622,5.54944236403758,0.0131981196657237,6.60751137266372,0,-0.374762629171449,-0.00914230794635072,0.186187662365241,MV-202,sine_steer_python-1
1587,2026年09月15日_19时21分47秒_第001次,2026-09-15T19:21:47,1.586,15.0565744129333,-0.0328711451253869,3.82700973894607,5.55362398970431,0.0132775133519933,6.6116917352704,0,-0.350046117950553,-0.0085472910698845,0.173571297307225,MV-202,sine_steer_python-1
1588,2026年09月15日_19时21分47秒_第001次,2026-09-15T19:21:47,1.587,15.0565991093886,-0.0328896413405137,3.83218411523476,5.55780561675289,0.0133571954322798,6.61587209280537,0,-0.32527433038977,-0.0079509221522194,0.160927752270403,MV-202,sine_steer_python-1
1589,2026年09月15日_19时21分47秒_第001次,2026-09-15T19:21:47,1.588,15.0566237698944,-0.0329106420231244,3.83736654636999,5.56198724515102,0.0134371663316395,6.62005244523216,0,-0.300451178241511,-0.00735329439308251,0.148259061224899,MV-202,sine_steer_python-1
1590,2026年09月15日_19时21分47秒_第001次,2026-09-15T19:21:47,1.589,15.0566483941375,-0.0329342061917327,3.84256233651022,5.56616887486593,0.0135174264450603,6.62423279251415,0,-0.275580581369275,-0.00675450146310145,0.135567250381682,MV-202,sine_steer_python-1
1591,2026年09月15日_19时21分47秒_第001次,2026-09-15T19:21:47,1.59,15.0566729824929,-0.0329604007850322,3.84777158613521,5.5703505058639,0.0135979761852061,6.62841313461062,0,-0.250666467128609,-0.00615463752239102,0.122854336486448,MV-202,sine_steer_python-1
1592,2026年09月15日_19时21分47秒_第001次,2026-09-15T19:21:47,1.591,15.0566975340268,-0.0329892917622539,3.85299317937103,5.57453213811384,0.0136788158111881,6.63259347148322,0,-0.225712769746965,-0.00555379719252861,0.110122327074886,MV-202,sine_steer_python-1
1593,2026年09月15日_19时21分47秒_第001次,2026-09-15T19:21:47,1.592,15.0567218505563,-0.0330214009009381,3.85929696054559,5.57871377158493,0.0137599455310044,6.63677380309354,0,-0.200723429702433,-0.00495207551088187,0.0973732214617985,MV-202,sine_steer_python-1
1594,2026年09月15日_19时21分47秒_第001次,2026-09-15T19:21:47,1.593,15.0567461730451,-0.0330561113338323,3.86434350640981,5.58289540590916,0.013841379425729,6.64095412850164,0,-0.175702393101491,-0.00434956787713914,0.0846090120554951,MV-202,sine_steer_python-1
1595,2026年09月15日_19时21分47秒_第001次,2026-09-15T19:21:47,1.594,15.0567704215858,-0.0330926564604137,3.86964575537833,5.58707704166627,0.0139230867242449,6.64513444909801,0,-0.150653611055865,-0.00374636999809388,0.0718316857549628,MV-202,sine_steer_python-1
1596,2026年09月15日_19时21分47秒_第001次,2026-09-15T19:21:47,1.595,15.0567946271504,-0.0331314557742176,3.87484599959407,5.59125867841667,0.0140050891679763,6.64931476413458,0,-0.125581039058627,-0.003142577833194,0.0590432253100918,MV-202,sine_steer_python-1
1597,2026年09月15日_19时21分47秒_第001次,2026-09-15T19:21:47,1.596,15.0568187816553,-0.0331724999239855,3.88003673015695,5.59544031626578,0.0140873795363517,6.65349507379001,0,-0.100488636359541,-0.0025382875406952,0.0462456106523664,MV-202,sine_steer_python-1
1598,2026年09月15日_19时21分47秒_第001次,2026-09-15T19:21:47,1.597,15.0568428958164,-0.0332157848660017,3.88523227853247,5.59962195513529,0.0141699603884345,6.65767537797672,0,-0.0753803653398659,-0.00193359542461347,0.0334408201915138,MV-202,sine_steer_python-1
1599,2026年09月15日_19时21分47秒_第001次,2026-09-15T19:21:47,1.598,15.0568669714115,-0.0332613841165144,3.89043638316159,5.60380359498993,0.0142528321621478,6.66185567664908,0,-0.0502601908866733,-0.00132859788346675,0.0206308320364818,MV-202,sine_steer_python-1
1600,2026年09月15日_19时21分47秒_第001次,2026-09-15T19:21:47,1.599,15.056891008643,-0.0333093534667801,3.89565420278601,5.60798523579389,0.0143359952665631,6.66603596976092,0,-0.0251320797667051,-0.000723391361542666,0.00781762510901407,MV-202,sine_steer_python-1
1601,2026年09月15日_19时21分47秒_第001次,2026-09-15T19:21:47,1.6,15.0569150081623,-0.0333597564226558,3.90088577070243,5.61216687751045,0.0144194501296461,6.67021625726176,0,-1.46957615897682e-15,-0.000118072302892519,-0.00499681985840916,MV-202,sine_steer_python-1
1602,2026年09月15日_19时21分47秒_第001次,2026-09-15T19:21:47,1.601,15.0569389693811,-0.0334126554412113,3.90612993537512,5.61634852010561,0.0145031970282084,6.67439653910325,0,0.0251320797667093,0.000487262891855427,-0.0178105194443515,MV-202,sine_steer_python-1
1603,2026年09月15日_19时21分47秒_第001次,2026-09-15T19:21:47,1.602,15.0569626940859,-0.0334685564686441,3.91243933925008,5.62053016354567,0.0145872361890113,6.67857681523685,0,0.0502601908866704,0.00109251790555485,-0.0306214867926465,MV-202,sine_steer_python-1
1604,2026年09月15日_19时21分47秒_第001次,2026-09-15T19:21:47,1.603,15.0569864249928,-0.0335268103957144,3.9175099587306,5.62471180744978,0.0146715817323287,6.68275708469092,0,0.07538036533987,0.00169759654010456,-0.0434277310559777,MV-202,sine_steer_python-1
1605,2026年09月15日_19时21分47秒_第001次,2026-09-15T19:21:47,1.604,15.0570100820828,-0.0335866898985973,3.9228341858167,5.62889345241387,0.0147562030406696,6.68693734888166,0,0.100488636359538,0.0023024027481529,-0.0562272570027532,MV-202,sine_steer_python-1
1606,2026年09月15日_19时21分47秒_第001次,2026-09-15T19:21:47,1.605,15.0570336963505,-0.0336486008311119,3.92805824567076,5.63307509798465,0.0148411216835279,6.69111760703245,0,0.125581039058625,0.00290684066049003,-0.0690180648068404,MV-202,sine_steer_python-1
1607,2026年09月15日_19时21分47秒_第001次,2026-09-15T19:21:47,1.606,15.0570572600353,-0.0337125314067907,3.9332735414808,5.6372567442686,0.0149263305300942,6.69529785931693,0,0.150653611055862,0.00351081460821216,-0.0817981500575472,MV-202,sine_steer_python-1
1608,2026年09月15日_19时21分47秒_第001次,2026-09-15T19:21:47,1.607,15.0570807839451,-0.0337784751046402,3.93849408574497,5.6414383911838,0.0150118321277049,6.69947810563568,0,0.175702393101488,0.00411422913932825,-0.0945655040039699,MV-202,sine_steer_python-1
1609,2026年09月15日_19时21分47秒_第001次,2026-09-15T19:21:47,1.608,15.0571042706397,-0.0338465017234276,3.94372345877706,5.64562003869227,0.015097626929997,6.70365834593215,0,0.20072342970243,0.00471698902988233,-0.107318114031926,MV-202,sine_steer_python-1
1610,2026年09月15日_19时21分47秒_第001次,2026-09-15T19:21:47,1.609,15.0571277201548,-0.033916663383645,3.94896668993359,5.64980168675577,0.015183715362947,6.70783858014951,0,0.225712769746962,0.00531899928948713,-0.120053964375767,MV-202,sine_steer_python-1
1611,2026年09月15日_19时21分47秒_第001次,2026-09-15T19:21:47,1.61,15.0571511334024,-0.0339890197631967,3.95422375011566,5.65398333533497,0.0152700978726267,6.71201880822635,0,0.250666467128613,0.00592016516276404,-0.132771036997881,MV-202,sine_steer_python-1
1612,2026年09月15日_19时21分47秒_第001次,2026-09-15T19:21:47,1.611,15.0571745100346,-0.0340636294117287,3.95949345819575,5.65816498439337,0.0153567747563292,6.71619903010354,0,0.275580581369272,0.00652039212680773,-0.145467312638257,MV-202,sine_steer_python-1
1613,2026年09月15日_19时21分47秒_第001次,2026-09-15T19:21:47,1.612,15.0571976517834,-0.0341409827621651,3.96581145008651,5.66234663389488,0.0154437462623882,6.72037924572189,0,0.300451178241515,0.00711958588409306,-0.15814077205948,MV-202,sine_steer_python-1
1614,2026年09月15日_19时21分47秒_第001次,2026-09-15T19:21:47,1.613,15.0572208026599,-0.0342204002943912,3.97090884256762,5.66652828344654,0.0155310265378818,6.72455945407841,0,0.325274330389767,0.00771765235274132,-0.170789397399149,MV-202,sine_steer_python-1
1615,2026年09月15日_19时21分47秒_第001次,2026-09-15T19:21:47,1.614,15.0572438818588,-0.0343011914026814,3.97625749696885,5.67070993366057,0.0156185851426975,6.72873965661415,0,0.35004611795055,0.00831449765596871,-0.183411173554453,MV-202,sine_steer_python-1
1616,2026年09月15日_19时21分47秒_第001次,2026-09-15T19:21:47,1.615,15.0572669208402,-0.0343837484194571,3.98150763043528,5.67489158407051,0.0157064434698731,6.7329198525244,0,0.374762629171446,0.00891002811147672,-0.196004089567665,MV-202,sine_steer_python-1
1617,2026年09月15日_19时21分47秒_第001次,2026-09-15T19:21:47,1.616,15.0572899119975,-0.0344680567390005,3.98674955147988,5.6790732347844,0.0157945944834419,6.7371000419783,0,0.399419961028816,0.0095041502213941,-0.208566139986915,MV-202,sine_steer_python-1
1618,2026年09月15日_19时21分47秒_第001次,2026-09-15T19:21:47,1.617,15.0573128661524,-0.0345541070498389,3.99199696455167,5.6832548857173,0.015883040721888,6.74128022486544,0,0.42401421984411,0.010096770663738,-0.221095326160747,MV-202,sine_steer_python-1
1619,2026年09月15日_19时21分47秒_第001次,2026-09-15T19:21:47,1.618,15.0573357872324,-0.034641965178514,3.99725329206663,5.68743653682914,0.015971782657531,6.74546040111944,0,0.448541521898761,0.0106877962863533,-0.23358965742581,MV-202,sine_steer_python-1
1620,2026年09月15日_19时21分47秒_第001次,2026-09-15T19:21:47,1.619,15.0573586744596,-0.0347316792981422,4.00252344991077,5.69161818808017,0.0160608207361853,6.74964057067453,0,0.472997994047454,0.0112771341039041,-0.246047152163086,MV-202,sine_steer_python-1
1621,2026年09月15日_19时21分47秒_第001次,2026-09-15T19:21:47,1.62,15.0573815289641,-0.0348233050636401,4.00780735198641,5.69579983942902,0.016150155424909,6.75382073345989,0,0.497379774329705,0.0118646912982124,-0.258465838710172,MV-202,sine_steer_python-1
1622,2026年09月15日_19时21分47秒_第001次,2026-09-15T19:21:47,1.621,15.0574043504825,-0.0349168969571092,4.01310379410888,5.69998149083749,0.0162397870443196,6.7580008894076,0,0.521683012579795,0.0124503752221994,-0.270843756118907,MV-202,sine_steer_python-1
1623,2026年09月15日_19时21分47秒_第001次,2026-09-15T19:21:47,1.622,15.0574269406836,-0.0350129307543317,4.01943168561067,5.70416314226782,0.0163297158671718,6.76218103844995,0,0.545903871034643,0.0130340934077272,-0.283178954745274,MV-202,sine_steer_python-1
1624,2026年09月15日_19时21分47秒_第001次,2026-09-15T19:21:47,1.623,15.0574495443263,-0.0351106990734021,4.02455687602296,5.70834479331599,0.016419956051946,6.76636117955541,0,0.57003852493995,0.0136157535777372,-0.295469496655368,MV-202,sine_steer_python-1
1625,2026年09月15日_19时21分47秒_第001次,2026-09-15T19:21:47,1.624,15.0574720794501,-0.0352095453183279,4.02993076064494,5.71252644461071,0.0165104773633632,6.77054131419157,0,0.594083163154073,0.014195263663244,-0.307713455822977,MV-202,sine_steer_python-1
1626,2026年09月15日_19时21分47秒_第001次,2026-09-15T19:21:47,1.625,15.0574945781677,-0.0353098489045116,4.03520761296036,5.71670809567317,0.0166013010125366,6.7747214415285,0,0.618033988749897,0.0147725318261019,-0.319908918080419,MV-202,sine_steer_python-1
1627,2026年09月15日_19时21分47秒_第001次,2026-09-15T19:21:47,1.626,15.0575170328635,-0.0354115924363027,4.04047663860542,5.72088974661368,0.0166924200636167,6.77890156173364,0,0.641887219614419,0.0153474664888824,-0.33205398076552,MV-202,sine_steer_python-1
1628,2026年09月15日_19时21分47秒_第001次,2026-09-15T19:21:47,1.627,15.0575394542645,-0.0355147639454629,4.04575124641491,5.725071397345,0.0167838370490994,6.78308167468862,0,0.665639089045972,0.0159199763735944,-0.344146751990976,MV-202,sine_steer_python-1
1629,2026年09月15日_19时21分47秒_第001次,2026-09-15T19:21:47,1.628,15.0575618462918,-0.0356194254377564,4.05103472879895,5.72925304782569,0.0168755524628632,6.78726178032041,0,0.689285846349038,0.0164899705510804,-0.356185349459899,MV-202,sine_steer_python-1
1630,2026年09月15日_19时21分47秒_第001次,2026-09-15T19:21:47,1.629,15.0575842097265,-0.0357256215338705,4.05633185840134,5.73343469801471,0.0169675667733949,6.791441878557,0,0.712823757426498,0.017057358502267,-0.368167898781121,MV-202,sine_steer_python-1
1631,2026年09月15日_19时21分47秒_第001次,2026-09-15T19:21:47,1.63,15.0576065444787,-0.03583340411456,4.06164252022954,5.73761634787007,0.0170598804713373,6.79562196932237,0,0.736249105369357,0.0176220501916988,-0.380092531233631,MV-202,sine_steer_python-1
1632,2026年09月15日_19时21分47秒_第001次,2026-09-15T19:21:47,1.631,15.0576288504172,-0.0359428240225354,4.06696548784963,5.74179799735237,0.0171524939033089,6.79980205254308,0,0.759558191043595,0.0181839561520196,-0.391957381068923,MV-202,sine_steer_python-1
1633,2026年09月15日_19时21分47秒_第001次,2026-09-15T19:21:47,1.632,15.0576509291711,-0.036054344066379,4.07330331063272,5.74597964642296,0.0172454073690005,6.80398212814659,0,0.782747333674403,0.0187429875688715,-0.403760582809408,MV-202,sine_steer_python-1
1634,2026年09月15日_19时21分47秒_第001次,2026-09-15T19:21:47,1.633,15.05767302571,-0.0361672325786642,4.07845600949877,5.75016129466787,0.0173386350194089,6.8081621950772,0,0.805812871427329,0.0192990563555493,-0.4155002689597,MV-202,sine_steer_python-1
1635,2026年09月15日_19时21分47秒_第001次,2026-09-15T19:21:47,1.634,15.0576950569223,-0.036280864375826,4.08385462574049,5.75434294273233,0.0174321468550417,6.81234225483172,0,0.828751161986564,0.019852075204842,-0.427174568672767,MV-202,sine_steer_python-1
1636,2026年09月15日_19时21分47秒_第001次,2026-09-15T19:21:47,1.635,15.0577170554776,-0.0363956072901167,4.08915755991753,5.75852459012612,0.0175259638982114,6.81652230655932,0,0.851558583130146,0.020401957606671,-0.438781607863032,MV-202,sine_steer_python-1
1637,2026年09月15日_19时21分47秒_第001次,2026-09-15T19:21:47,1.636,15.0577390136333,-0.0365114418083536,4.09445290407724,5.76270623696238,0.0176200793182525,6.82070235042939,0,0.874231533301865,0.0209486178266567,-0.45031951097652,MV-202,sine_steer_python-1
1638,2026年09月15日_19时21分47秒_第001次,2026-09-15T19:21:47,1.637,15.0577609419157,-0.0366283540920785,4.09975378502718,5.76688788315222,0.017714495644081,6.8248823863195,0,0.896766432180062,0.0214919708508054,-0.461786404198797,MV-202,sine_steer_python-1
1639,2026年09月15日_19时21分47秒_第001次,2026-09-15T19:21:47,1.638,15.0577828441004,-0.0367464031921256,4.10506337607601,5.77106952865341,0.0178092133934614,6.82906241415378,0,0.919159721242972,0.0220319323096747,-0.473180419532071,MV-202,sine_steer_python-1
1640,2026年09月15日_19时21分47秒_第001次,2026-09-15T19:21:47,1.639,15.0578047222699,-0.0368656311179011,4.11038631548874,5.77525117342417,0.0179042330597439,6.83324243385785,0,0.941407864330666,0.0225684183975395,-0.484499699080804,MV-202,sine_steer_python-1
1641,2026年09月15日_19时21分47秒_第001次,2026-09-15T19:21:47,1.64,15.0578265751179,-0.0369860869991187,4.11572246341565,5.7794328174224,0.0179995551591358,6.83742244535421,0,0.963507348203424,0.0231013457991056,-0.49574239901157,MV-202,sine_steer_python-1
1642,2026年09月15日_19时21分47秒_第001次,2026-09-15T19:21:47,1.641,15.0578484025203,-0.0371078191263674,4.12107057550755,5.78361446060798,0.018095180066117,6.84160244856768,0,0.985454683096582,0.0236306316312791,-0.506906692868077,MV-202,sine_steer_python-1
1643,2026年09月15日_19时21分47秒_第001次,2026-09-15T19:21:47,1.642,15.0578700061547,-0.0372312799353455,4.12741728815661,5.78779610294183,0.0181911081090673,6.84578244342456,0,1.00724640327152,0.0241561934028326,-0.517990774120682,MV-202,sine_steer_python-1
1644,2026年09月15日_19时21分47秒_第001次,2026-09-15T19:21:47,1.643,15.0578916307454,-0.0373557181407187,4.13259608776463,5.79197774400098,0.018287353408768,6.84996242884924,0,1.02887906756301,0.0246779489916234,-0.528992857965753,MV-202,sine_steer_python-1
1645,2026年09月15日_19时21分47秒_第001次,2026-09-15T19:21:47,1.644,15.0579131924824,-0.0374805375615717,4.13801781688595,5.79615938444673,0.0183838862352376,6.85414240637025,0,1.05034925992259,0.0251958166373772,-0.539911182459343,MV-202,sine_steer_python-1
1646,2026年09月15日_19时21分47秒_第001次,2026-09-15T19:21:47,1.645,15.0579347242296,-0.0376060965253277,4.1433450808176,5.80034102377835,0.0184807274132364,6.85832237511993,0,1.07165358995799,0.0257097149475777,-0.550744009088837,MV-202,sine_steer_python-1
1647,2026年09月15日_19时21分47秒_第001次,2026-09-15T19:21:47,1.646,15.0579562180945,-0.0377323747162689,4.14866484473806,5.80452266211195,0.0185778702216132,6.86250233527282,0,1.09278869346854,0.0262195629131994,-0.561489622922264,MV-202,sine_steer_python-1
1648,2026年09月15日_19时21分47秒_第001次,2026-09-15T19:21:47,1.647,15.0579776843413,-0.0378593578394546,4.15398996820356,5.80870429935734,0.018675317187136,6.86668228670569,0,1.11375123297637,0.0267252799363452,-0.572146332342813,MV-202,sine_steer_python-1
1649,2026年09月15日_19时21分47秒_第001次,2026-09-15T19:21:47,1.648,15.057999126548,-0.0379871034743133,4.15932351613204,5.81288593547178,0.0187730688527201,6.87086222934302,0,1.13453789825351,0.0272267858692001,-0.582712468140213,MV-202,sine_steer_python-1
1650,2026年09月15日_19时21分47秒_第001次,2026-09-15T19:21:47,1.649,15.0580205472925,-0.038115652533423,4.16467000960618,5.81706757041299,0.0188711257376478,6.87504216311104,0,1.15514540684454,0.0277240010430944,-0.593186382850631,MV-202,sine_steer_python-1
1651,2026年09月15日_19时21分47秒_第001次,2026-09-15T19:21:47,1.65,15.0580419447203,-0.038245053034767,4.17002927815537,5.82124920413863,0.0189694883844984,6.87922208793333,0,1.17557050458494,0.0282168463050852,-0.603566450114895,MV-202,sine_steer_python-1
1652,2026年09月15日_19时21分47秒_第001次,2026-09-15T19:21:47,1.651,15.0580633184958,-0.0383753523485316,4.17540006603371,5.82543083660812,0.0190681571962196,6.88340200373576,0,1.19580996611504,0.0287052430687322,-0.613851063518271,MV-202,sine_steer_python-1
1653,2026年09月15日_19时21分47秒_第001次,2026-09-15T19:21:47,1.652,15.0580844705539,-0.038506995833149,4.181753606875,5.82961246778199,0.0191671325303688,6.88758191044595,0,1.21586059538921,0.0291891133659554,-0.624038635125239,MV-202,sine_steer_python-1
1654,2026年09月15日_19时21分47秒_第001次,2026-09-15T19:21:47,1.653,15.0581056450137,-0.0386392181093683,4.18695603225446,5.83379409722895,0.0192664284511154,6.89176180697149,0,1.23571922618067,0.0296683798953705,-0.634127594107609,MV-202,sine_steer_python-1
1655,2026年09月15日_19时21分47秒_第001次,2026-09-15T19:21:47,1.654,15.0581267581618,-0.0387714496759336,4.1923981768435,5.83797572562543,0.0193660155332352,6.89594169487361,0,1.2553827225814,0.0301429660689883,-0.644116385507377,MV-202,sine_steer_python-1
1656,2026年09月15日_19时21分47秒_第001次,2026-09-15T19:21:47,1.655,15.0581478425441,-0.0389040419541622,4.19774693328566,5.84215735246083,0.0194659143930743,6.90012157327067,0,1.27484797949738,0.0306127960584926,-0.6540034690639,MV-202,sine_steer_python-1
1657,2026年09月15日_19时21分47秒_第001次,2026-09-15T19:21:47,1.656,15.0581688901956,-0.0390369755509274,4.20308812496335,5.84633897785403,0.0195661184221082,6.90430144234402,0,1.29411192313889,0.0310777948397168,-0.663787318107805,MV-202,sine_steer_python-1
1658,2026年09月15日_19时21分47秒_第001次,2026-09-15T19:21:47,1.657,15.0581899111211,-0.039170237505392,4.20843436012081,5.85052060171352,0.0196666301449932,6.90848130197139,0,1.31317151150591,0.0315378882332795,-0.673466418584403,MV-202,sine_steer_python-1
1659,2026年09月15日_19时21分47秒_第001次,2026-09-15T19:21:47,1.658,15.0582109087128,-0.0393038857542168,4.21378860651058,5.85470222399599,0.0197674501296083,6.91266115207914,0,1.3320237348685,0.0319930029401592,-0.683039268272408,MV-202,sine_steer_python-1
1660,2026年09月15日_19时21分47秒_第001次,2026-09-15T19:21:47,1.659,15.0582318853825,-0.0394379619390435,4.21915528429465,5.85888384465855,0.0198685789207471,6.91684099259546,0,1.35066561624205,0.0324430665717824,-0.692504376233654,MV-202,sine_steer_python-1
1661,2026年09月15日_19时21分47秒_第001次,2026-09-15T19:21:47,1.66,15.0582528391601,-0.0395725148644838,4.22453419101498,5.86306546365818,0.0199700170866411,6.92102082344585,0,1.36909421185738,0.0328880076744405,-0.701860262503648,MV-202,sine_steer_python-1
1662,2026年09月15日_19时21分47秒_第001次,2026-09-15T19:21:47,1.661,15.0582737695627,-0.0397075928594929,4.22992406243435,5.86724708095371,0.020071765057771,6.92520064455822,0,1.38730661162561,0.033327755747943,-0.711105458020102,MV-202,sine_steer_python-1
1663,2026年09月15日_19时21分47秒_第001次,2026-09-15T19:21:47,1.662,15.0582944790618,-0.0398436377750523,4.23628127557451,5.871428696505,0.0201738232197827,6.92938045586223,0,1.4052999395977,0.0337622412583299,-0.72023850480444,MV-202,sine_steer_python-1
1664,2026年09月15日_19时21分47秒_第001次,2026-09-15T19:21:47,1.663,15.0583152108619,-0.039979876031953,4.24150372340025,5.87561030987289,0.0202762055510184,6.93356025624996,0,1.42307135441857,0.034191395645119,-0.729257956355927,MV-202,sine_steer_python-1
1665,2026年09月15日_19时21分47秒_第001次,2026-09-15T19:21:47,1.664,15.0583358822644,-0.0401157623664676,4.2469624462431,5.87979192174764,0.020378882966176,6.93774004731451,0,1.44061804977581,0.0346151513251952,-0.738162378131499,MV-202,sine_steer_python-1
1666,2026年09月15日_19时21分47秒_第001次,2026-09-15T19:21:47,1.665,15.0583565249917,-0.0402516440142345,4.25232870810825,5.88397353160914,0.0204818758603656,6.94191982816133,0,1.45793725484282,0.03503344169265,-0.74695034826434,MV-202,sine_steer_python-1
1667,2026年09月15日_19时21分47秒_第001次,2026-09-15T19:21:47,1.666,15.0583771311494,-0.0403875042540269,4.25768717553053,5.88815513957857,0.0205851777393019,6.94609959897836,0,1.47502623471635,0.0354462011136355,-0.755620458475084,MV-202,sine_steer_python-1
1668,2026年09月15日_19时21分47秒_第001次,2026-09-15T19:21:47,1.667,15.0583977105397,-0.0405233332346192,4.26305022238108,5.89233674556283,0.0206887911240028,6.95027935964424,0,1.49188229084836,0.0358533649203123,-0.764171314946736,MV-202,sine_steer_python-1
1669,2026年09月15日_19时21分47秒_第001次,2026-09-15T19:21:47,1.668,15.058418266433,-0.0406591910217515,4.26842073118418,5.89651834951771,0.0207927166055429,6.95445911008696,0,1.50850276147221,0.0362548694037082,-0.772601539299297,MV-202,sine_steer_python-1
1670,2026年09月15日_19时21分47秒_第001次,2026-09-15T19:21:47,1.669,15.0584388006066,-0.0407951217152741,4.27380303601971,5.90069995139941,0.0208969547522288,6.95863885023621,0,1.5248850220229,0.0366506518041288,-0.780909769668394,MV-202,sine_steer_python-1
1671,2026年09月15日_19时21分47秒_第001次,2026-09-15T19:21:47,1.67,15.0584593113014,-0.040931176658637,4.2791969039923,5.90488155116369,0.0210015061556458,6.96281858001863,0,1.54102648555158,0.037040650301132,-0.78909466177251,MV-202,sine_steer_python-1
1672,2026年09月15日_19时21分47秒_第001次,2026-09-15T19:21:47,1.671,15.0584797980628,-0.0410674068369739,4.28460106467797,5.90906314876835,0.0211063712713106,6.96699829936334,0,1.55692460313405,0.0374248040041965,-0.797154889907422,MV-202,sine_steer_python-1
1673,2026年09月15日_19时21分47秒_第001次,2026-09-15T19:21:47,1.672,15.0585000642491,-0.0412042539243366,4.29095758396969,5.9132447441722,0.0212115505103144,6.97117800820114,0,1.57257686427323,0.0378030529434263,-0.805089147957869,MV-202,sine_steer_python-1
1674,2026年09月15日_19时21分47秒_第001次,2026-09-15T19:21:47,1.673,15.0585203518266,-0.0413409417967043,4.29619523349156,5.91742633692866,0.0213170577345726,6.97535770540839,0,1.58798079729567,0.0381753380617188,-0.812896150362654,MV-202,sine_steer_python-1
1675,2026年09月15日_19时21分47秒_第001次,2026-09-15T19:21:47,1.674,15.058540579892,-0.0414769466582565,4.30166547815283,5.92160792774018,0.0214228642321446,6.97953739260752,0,1.60313396974176,0.0385416012084841,-0.820574632984809,MV-202,sine_steer_python-1
1676,2026年09月15日_19时21分47秒_第001次,2026-09-15T19:21:47,1.675,15.0585607789955,-0.0416126139489806,4.30704403468106,5.92578951607747,0.0215289901626892,6.98371706889063,0,1.61803398874989,0.0389017851347014,-0.828123353910935,MV-202,sine_steer_python-1
1677,2026年09月15日_19时21分47秒_第001次,2026-09-15T19:21:47,1.676,15.0585809414671,-0.0417479309804907,4.31241439920981,5.92997110206341,0.0216354291462871,6.98789673445059,0,1.63267850143437,0.0392558334898266,-0.835541094166382,MV-202,sine_steer_python-1
1678,2026年09月15日_19时21分47秒_第001次,2026-09-15T19:21:47,1.677,15.0586010769894,-0.0418828923659914,4.31778872878982,5.93415268560296,0.0217421836973778,6.99207638916554,0,1.64706519525685,0.0396036908210804,-0.842826658321712,MV-202,sine_steer_python-1
1679,2026年09月15日_19时21分47秒_第001次,2026-09-15T19:21:47,1.678,15.0586211887981,-0.0420175616135678,4.32316983340084,5.93833426665066,0.0218492544270787,6.9962560329635,0,1.66119179839163,0.0399453025752189,-0.849978874984005,MV-202,sine_steer_python-1
1680,2026年09月15日_19时21分47秒_第001次,2026-09-15T19:21:47,1.679,15.058641277551,-0.0421519865151432,4.32856197719606,5.94251584516142,0.0219566419238666,7.00043566577407,0,1.67505608008428,0.0402806151026876,-0.856996597177156,MV-202,sine_steer_python-1
1681,2026年09月15日_19时21分47秒_第001次,2026-09-15T19:21:47,1.68,15.0586613424156,-0.0422862221925691,4.33396489401385,5.94669742108919,0.0220643467990798,7.00461528752299,0,1.68865585100403,0.040609575664163,-0.863878702611885,MV-202,sine_steer_python-1
1682,2026年09月15日_19时21分47秒_第001次,2026-09-15T19:21:47,1.681,15.0586813828894,-0.0424203234072965,4.33937731479126,5.95087899439051,0.0221723695295074,7.00879489813898,0,1.70198896358938,0.0409321324394911,-0.870624093847924,MV-202,sine_steer_python-1
1683,2026年09月15日_19时21分47秒_第001次,2026-09-15T19:21:47,1.682,15.0587012036121,-0.0425547342922798,4.34572750063449,5.95506056502277,0.0222807105478374,7.01297449755204,0,1.7150533123873,0.0412482345389255,-0.877231698368891,MV-202,sine_steer_python-1
1684,2026年09月15日_19时21分47秒_第001次,2026-09-15T19:21:47,1.683,15.0587210449812,-0.0426886810392246,4.35097428691785,5.95924213253246,0.0223893835693388,7.01715408462183,0,1.72784683438567,0.0415578320172166,-0.883700468447868,MV-202,sine_steer_python-1
1685,2026年09月15日_19时21分47秒_第001次,2026-09-15T19:21:47,1.684,15.0587408282989,-0.0428216581106914,4.35644976729964,5.96342369763274,0.0224983602857934,7.02133366099683,0,1.74036750933905,0.0418608758876546,-0.890029381063008,MV-202,sine_steer_python-1
1686,2026年09月15日_19时21分47秒_第001次,2026-09-15T19:21:47,1.685,15.0587605828465,-0.0429540108440991,4.36183418680585,5.96760525978539,0.0226076606066657,7.02551322575454,0,1.75261336008773,0.0421573181385501,-0.896217437731537,MV-202,sine_steer_python-1
1687,2026年09月15日_19时21分47秒_第001次,2026-09-15T19:21:47,1.686,15.0587803012878,-0.0430857312518603,4.36720986020826,5.97178681911451,0.0227172782653579,7.02969277909064,0,1.76458245286991,0.0424471117502608,-0.902263664318286,MV-202,sine_steer_python-1
1688,2026年09月15日_19时21分47秒_第001次,2026-09-15T19:21:47,1.687,15.0587999932603,-0.043216819057778,4.3725887452663,5.97596837552289,0.0228272157658088,7.03387232088083,0,1.77627289762709,0.0427302107138679,-0.908167110661179,MV-202,sine_steer_python-1
1689,2026年09月15日_19时21分47秒_第001次,2026-09-15T19:21:47,1.688,15.05881966204,-0.0433473417950653,4.37797359258093,5.98014992896361,0.0229374737351125,7.03805185105127,0,1.78768284830253,0.0430065700516181,-0.913926850117574,MV-202,sine_steer_python-1
1690,2026年09月15日_19时21分47秒_第001次,2026-09-15T19:21:47,1.689,15.0588393071952,-0.0434773514565148,4.38336860587523,5.98433147939007,0.0230480527777272,7.04223136952954,0,1.79881050313274,0.0432761458352027,-0.919541979318602,MV-202,sine_steer_python-1
1691,2026年09月15日_19时21分47秒_第001次,2026-09-15T19:21:47,1.69,15.0588589289482,-0.0436069073852841,4.3887734925623,5.98851302675418,0.0231589535203555,7.04641087623863,0,1.80965410493204,0.0435388952021583,-0.925011617973246,MV-202,sine_steer_python-1
1692,2026年09月15日_19时21分47秒_第001次,2026-09-15T19:21:47,1.691,15.05887852681,-0.043736068478514,4.39418699071073,5.99269457101112,0.023270176456599,7.05059037110504,0,1.82021194136999,0.0437947763722281,-0.930334908470971,MV-202,sine_steer_python-1
1693,2026年09月15日_19时21分47秒_第001次,2026-09-15T19:21:47,1.692,15.0588979064466,-0.0438652829689986,4.40052398660964,5.99687611211671,0.0233817220362298,7.05476985405621,0,1.83048234524184,0.04404374866025,-0.935511015818012,MV-202,sine_steer_python-1
1694,2026年09月15日_19时21分47秒_第001次,2026-09-15T19:21:47,1.693,15.0589173073327,-0.0439937831190218,4.40577270237329,6.00105764961101,0.0234936037997464,7.05894932393408,0,1.84046369473174,0.0442857724904696,-0.940539127486191,MV-202,sine_steer_python-1
1695,2026年09月15日_19时21分47秒_第001次,2026-09-15T19:21:47,1.694,15.0589366525332,-0.0441210780376948,4.4112460207863,6.0052391842169,0.0236057938691325,7.0631287824104,0,1.85015441366892,0.0445208094093172,-0.945418453255089,MV-202,sine_steer_python-1
1696,2026年09月15日_19时21分47秒_第001次,2026-09-15T19:21:47,1.695,15.058955970237,-0.0442475137848926,4.41662878623657,6.00942071538748,0.0237183118893338,7.06730822854705,0,1.8595529717765,0.0447488220949211,-0.950148225190156,MV-202,sine_steer_python-1
1697,2026年09月15日_19时21分47秒_第001次,2026-09-15T19:21:47,1.696,15.0589752534819,-0.0443730869517901,4.42200212350123,6.01360224324794,0.0238311517053791,7.07148766254083,0,1.86865788491322,0.0449697743647253,-0.954727697705761,MV-202,sine_steer_python-1
1698,2026年09月15日_19时21分47秒_第001次,2026-09-15T19:21:47,1.697,15.0589945118966,-0.0444978022322718,4.42737780767171,6.01778376769894,0.02394431580639,7.07566708426368,0,1.87746771530775,0.045183631182332,-0.959156147645301,MV-202,sine_steer_python-1
1699,2026年09月15日_19时21分47秒_第001次,2026-09-15T19:21:47,1.698,15.0590137484382,-0.0446217309635295,4.43275854846801,6.02196528869205,0.0240578048310704,7.07984649363862,0,1.88598107178573,0.0453903586632427,-0.963432874390295,MV-202,sine_steer_python-1
1700,2026年09月15日_19时21分47秒_第001次,2026-09-15T19:21:47,1.699,15.0590329625809,-0.0447449291223061,4.43814848417282,6.02614680617908,0.0241716193954539,7.08402589058988,0,1.89419660998949,0.0455899240790285,-0.967557200027587,MV-202,sine_steer_python-1
1701,2026年09月15日_19时21分47秒_第001次,2026-09-15T19:21:47,1.7,15.0590521550873,-0.0448674599032964,4.44354731278324,6.03032832011031,0.0242857601370472,7.08820527503697,0,1.90211303259031,0.0457822958601369,-0.97152846956722,MV-202,sine_steer_python-1
1702,2026年09月15日_19时21分47秒_第001次,2026-09-15T19:21:47,1.701,15.059071325569,-0.0449893859493103,4.44895378422085,6.03450983043958,0.0244002275617499,7.09238464690317,0,1.90972908949329,0.0459674435977146,-0.975346051222979,MV-202,sine_steer_python-1
1703,2026年09月15日_19时21分47秒_第001次,2026-09-15T19:21:47,1.702,15.0590902805106,-0.0451111602684175,4.45526975513372,6.03869133712132,0.0245150221318708,7.09656400611266,0,1.91704357803475,0.0461453380452739,-0.979009336617599,MV-202,sine_steer_python-1
1704,2026年09月15日_19时21分47秒_第001次,2026-09-15T19:21:47,1.703,15.0591092580814,-0.0452320237142839,4.46051229584919,6.04287283969002,0.0246301571884178,7.10074335148972,0,1.92405534317217,0.0463159511188214,-0.982517741021193,MV-202,sine_steer_python-1
1705,2026年09月15日_19时21分47秒_第001次,2026-09-15T19:21:47,1.704,15.0591281838354,-0.0453514962980788,4.46597521299353,6.04705433887717,0.0247456053059319,7.10492268472733,0,1.93076327766655,0.0464792558955374,-0.985870703757789,MV-202,sine_steer_python-1
1706,2026年09月15日_19时21分47秒_第001次,2026-09-15T19:21:47,1.705,15.0591470844917,-0.0454699248241608,4.47134800311866,6.05123583412814,0.0248613858518025,7.1091020048722,0,1.93716632225726,0.0466352266136594,-0.989067688500073,MV-202,sine_steer_python-1
1707,2026年09月15日_19时21分47秒_第001次,2026-09-15T19:21:47,1.706,15.0591659535223,-0.0455873096819323,4.47671059656611,6.05541732556917,0.0249774927808536,7.11328131212172,0,1.94326346582935,0.0467838386718815,-0.99210818354431,MV-202,sine_steer_python-1
1708,2026年09月15日_19时21分47秒_第001次,2026-09-15T19:21:47,1.707,15.0591848005327,-0.045703659762198,4.4820746002921,6.05959881309908,0.0250939285632657,7.11746060634402,0,1.94905374557315,0.0469250686279117,-0.994991702120807,MV-202,sine_steer_python-1
1709,2026年09月15日_19时21分47秒_第001次,2026-09-15T19:21:47,1.708,15.0592036279541,-0.0458190493769088,4.48744269770747,6.06378029666828,0.0252106938452506,7.12163988745903,0,1.95453624713639,0.0470588941971489,-0.997717782695425,MV-202,sine_steer_python-1
1710,2026年09月15日_19时21分47秒_第001次,2026-09-15T19:21:47,1.709,15.0592224358708,-0.0459335376820539,4.49281895977194,6.0679617762272,0.0253277892503395,7.12581915538775,0,1.95971010476849,0.0471852942519732,-1.00028598922917,MV-202,sine_steer_python-1
1711,2026年09月15日_19时21分47秒_第001次,2026-09-15T19:21:47,1.71,15.0592412250725,-0.0460471907991511,4.49820309064924,6.07214325172513,0.0254452154226863,7.12999841004686,0,1.96457450145738,0.0473042488214598,-1.00269591140513,MV-202,sine_steer_python-1
1712,2026年09月15日_19时21分47秒_第001次,2026-09-15T19:21:47,1.711,15.0592599938669,-0.0461600741380291,4.50359383689652,6.07632472311485,0.0255629728764158,7.13417765135683,0,1.96912866905841,0.0474157390914062,-1.00494716483246,MV-202,sine_steer_python-1
1713,2026年09月15日_19时21分47秒_第001次,2026-09-15T19:21:47,1.712,15.059278551803,-0.0462726455169888,4.50988031909083,6.0805061903493,0.0256810620822747,7.13835687923867,0,1.97337188841574,0.0475197474048664,-1.0070393912187,MV-202,sine_steer_python-1
1714,2026年09月15日_19时21分47秒_第001次,2026-09-15T19:21:47,1.713,15.0592971337198,-0.0463841559093062,4.51510804773716,6.084687652959,0.025799496161114,7.14253609250126,0,1.97730348947583,0.0476162572633743,-1.00897225849993,MV-202,sine_steer_python-1
1715,2026年09月15日_19时21分47秒_第001次,2026-09-15T19:21:47,1.714,15.0593156691948,-0.0464941326587936,4.52055184821319,6.08886911168296,0.0259182481585757,7.14671529285781,0,1.9809228513933,0.047705253328847,-1.010745460929,MV-202,sine_steer_python-1
1716,2026年09月15日_19时21分47秒_第001次,2026-09-15T19:21:47,1.715,15.0593341827271,-0.0466029228211843,4.52590591114624,6.09305056596008,0.0260373371532178,7.15089447934198,0,1.98422940262896,0.0477867214260762,-1.01235871912686,MV-202,sine_steer_python-1
1717,2026年09月15日_19时21分47秒_第001次,2026-09-15T19:21:47,1.716,15.0593526682801,-0.0467105294702871,4.53124896945211,6.09723201591788,0.0261567572081199,7.15507365215268,0,1.98722262104002,0.0478606485457513,-1.01381178010007,MV-202,sine_steer_python-1
1718,2026年09月15日_19时21分47秒_第001次,2026-09-15T19:21:47,1.717,15.0593711353722,-0.0468169646182411,4.53659247367732,6.10141346145385,0.0262765107709743,7.15925281115562,0,1.9899020339626,0.0479270228479776,-1.01510441722519,MV-202,sine_steer_python-1
1719,2026年09月15日_19时21分47秒_第001次,2026-09-15T19:21:47,1.718,15.0593895861507,-0.0469223044824088,4.54193908654899,6.10559490251773,0.026396598492037,7.16343195626913,0,1.99226721828634,0.0479858336662175,-1.01623643020295,MV-202,sine_steer_python-1
1720,2026年09月15日_19时21分47秒_第001次,2026-09-15T19:21:47,1.719,15.0594080209679,-0.0470266103022682,4.547292823125,6.10977633905922,0.0265170209989207,7.16761108741274,0,1.99431780052123,0.0480370715115374,-1.01720764498699,MV-202,sine_steer_python-1
1721,2026年09月15日_19时21分47秒_第001次,2026-09-15T19:21:47,1.72,15.0594264400652,-0.0471299500286578,4.55265339246676,6.11395777102707,0.0266377789390069,7.17179020450198,0,1.99605345685654,0.0480807313884534,-1.01801777350741,MV-202,sine_steer_python-1
1722,2026年09月15日_19时21分47秒_第001次,2026-09-15T19:21:47,1.721,15.0594448404563,-0.0472323907581291,4.5580195462172,6.11813919837336,0.0267588728312615,7.17596930745622,0,1.99747391321204,0.0481168066559772,-1.01866667394837,MV-202,sine_steer_python-1
1723,2026年09月15日_19时21分47秒_第001次,2026-09-15T19:21:47,1.722,15.0594630355804,-0.0473343948045241,4.56426785802399,6.12232062104994,0.0268803031515728,7.18014839619511,0,1.99857894528118,0.0481452889799292,-1.01915435169328,MV-202,sine_steer_python-1
1724,2026年09月15日_19时21分47秒_第001次,2026-09-15T19:21:47,1.723,15.0594812559486,-0.0474352242832596,4.5694720279725,6.12650203858483,0.0270020827837888,7.18432746951531,0,1.9993683785666,0.0481661736908995,-1.01948073433463,MV-202,sine_steer_python-1
1725,2026年09月15日_19时21分47秒_第001次,2026-09-15T19:21:47,1.724,15.0594994355689,-0.0475344107755374,4.57488792055404,6.13068345172382,0.0271241852601356,7.18850652915079,0,1.99984208840763,0.0481794552823144,-1.01964586071281,MV-202,sine_steer_python-1
1726,2026年09月15日_19时21分47秒_第001次,2026-09-15T19:21:47,1.725,15.0595175964449,-0.0476323009821402,4.58021447191787,6.13486485990042,0.027246629360783,7.19268557412516,0,2,0.0481851336327024,-1.01964961858422,MV-202,sine_steer_python-1
1727,2026年09月15日_19时21分47秒_第001次,2026-09-15T19:21:47,1.726,15.059535732987,-0.0477288996162596,4.58552921075729,6.13904626324378,0.0273694092560393,7.19686460464084,0,1.99984208840763,0.0481832083401025,-1.01949198403403,MV-202,sine_steer_python-1
1728,2026年09月15日_19时21分47秒_第001次,2026-09-15T19:21:47,1.727,15.0595538545751,-0.0478242208216824,4.5908434396025,6.14322766165058,0.0274925273682161,7.20104362056355,0,1.9993683785666,0.0481736791539759,-1.01917300307198,MV-202,sine_steer_python-1
1729,2026年09月15日_19时21分47秒_第001次,2026-09-15T19:21:47,1.728,15.0595719629763,-0.0479183417737419,4.59615980826992,6.14740905507038,0.0276159843488642,7.20522262181245,0,1.99857894528118,0.0481565460334928,-1.01869278950483,MV-202,sine_steer_python-1
1730,2026年09月15日_19时21分47秒_第001次,2026-09-15T19:21:47,1.729,15.0595900586778,-0.0480113248737499,4.60148228180498,6.15159044345264,0.0277397808269731,7.20940160830804,0,1.99747391321204,0.0481318089380881,-1.01805153360122,MV-202,sine_steer_python-1
1731,2026年09月15日_19时21分47秒_第001次,2026-09-15T19:21:47,1.73,15.0596081394778,-0.0481032389411658,4.60681055343125,6.15577182674604,0.027863917450435,7.21358057996721,0,1.99605345685654,0.048099468199967,-1.01724948626364,MV-202,sine_steer_python-1
1732,2026年09月15日_19时21分47秒_第001次,2026-09-15T19:21:47,1.731,15.0596262041374,-0.0481941520262155,4.61214343233997,6.15995320490166,0.0279883947403401,7.21775953670994,0,1.99431780052123,0.048059524717433,-1.01628695085306,MV-202,sine_steer_python-1
1733,2026年09月15日_19时21分47秒_第001次,2026-09-15T19:21:47,1.732,15.0596440687472,-0.0482845306760922,4.61834503322234,6.16413457787148,0.0281132131751839,7.22193847845788,0,1.99226721828635,0.0480119857062976,-1.01516403971392,MV-202,sine_steer_python-1
1734,2026年09月15日_19时21分47秒_第001次,2026-09-15T19:21:47,1.733,15.0596619591041,-0.0483736490939766,4.62351711857977,6.16831594518191,0.0282383853880752,7.22611740399875,0,1.9899020339626,0.0479568601568131,-1.01388086692104,MV-202,sine_steer_python-1
1735,2026年09月15日_19时21分47秒_第001次,2026-09-15T19:21:47,1.734,15.0596798138539,-0.0484610407755421,4.62889655736104,6.17249730758489,0.0283638854108785,7.23029631508831,0,1.98722262104002,0.0478941569049038,-1.01243762838461,MV-202,sine_steer_python-1
1736,2026年09月15日_19时21分47秒_第001次,2026-09-15T19:21:47,1.735,15.0596976523283,-0.0485470517101158,4.63418708766046,6.1766786645095,0.0284897317172101,7.23447521074341,0,1.98422940262896,0.0478238906681142,-1.01083434815102,MV-202,sine_steer_python-1
1737,2026年09月15日_19时21分47秒_第001次,2026-09-15T19:21:47,1.736,15.0597154693321,-0.0486316876136907,4.63946502380159,6.18086001608666,0.028615918583966,7.2386540911723,0,1.9809228513933,0.0477460732846705,-1.00907124770745,MV-202,sine_steer_python-1
1738,2026年09月15日_19时21分47秒_第001次,2026-09-15T19:21:47,1.737,15.0597332740559,-0.0487149641909559,4.64474152607966,6.18504136221267,0.0287424484056636,7.24283295624323,0,1.97730348947583,0.047660717533069,-1.00714858464395,MV-202,sine_steer_python-1
1739,2026年09月15日_19时21分47秒_第001次,2026-09-15T19:21:47,1.738,15.0597510675169,-0.0487969590551737,4.65001924078276,6.18922270283724,0.0288693218328984,7.24701180587862,0,1.97337188841574,0.0475678373877737,-1.00506664192719,MV-202,sine_steer_python-1
1740,2026年09月15日_19时21分47秒_第001次,2026-09-15T19:21:47,1.739,15.0597688492871,-0.0488777352748047,4.65530206634908,6.19340403790977,0.0289965394938017,7.25119064000226,0,1.96912866905841,0.0474674479710457,-1.00282572957507,MV-202,sine_steer_python-1
1741,2026年09月15日_19时21分47秒_第001次,2026-09-15T19:21:47,1.74,15.0597866169986,-0.0489573622258238,4.66058972007225,6.19758536737866,0.0291241020344616,7.25536945853419,0,1.96457450145738,0.0473595655336913,-1.00042618531922,MV-202,sine_steer_python-1
1742,2026年09月15日_19时21分47秒_第001次,2026-09-15T19:21:47,1.741,15.0598043699096,-0.049035908564444,4.66588104973395,6.20176669119487,0.02925200997591,7.25954826139793,0,1.95971010476849,0.0472442074456331,-0.997868374908975,MV-202,sine_steer_python-1
1743,2026年09月15日_19时21分47秒_第001次,2026-09-15T19:21:47,1.742,15.0598219271721,-0.0491138452058928,4.67202777798273,6.20594800931054,0.0293802637969777,7.2637270485191,0,1.95453624713639,0.0471213921833666,-0.995152692459105,MV-202,sine_steer_python-1
1744,2026年09月15日_19时21分47秒_第001次,2026-09-15T19:21:47,1.743,15.0598395093875,-0.0491904596458968,4.67715968211087,6.21012932125138,0.029508875868646,7.26790581867964,0,1.94905374557316,0.0469911393129763,-0.992279560956458,MV-202,sine_steer_python-1
1745,2026年09月15日_19时21分47秒_第001次,2026-09-15T19:21:47,1.744,15.0598570598896,-0.0492652858505917,4.68249455709811,6.21431062777464,0.0296378207333416,7.27208457365752,0,1.94326346582935,0.0468534694714106,-0.989249432853993,MV-202,sine_steer_python-1
1746,2026年09月15日_19时21分47秒_第001次,2026-09-15T19:21:47,1.745,15.0598745953087,-0.0493386692079676,4.6877410053092,6.21849192830555,0.0297671165508343,7.27626331246548,0,1.93716632225726,0.0467084043499804,-0.986062790566847,MV-202,sine_steer_python-1
1747,2026年09月15日_19时21分47秒_第001次,2026-09-15T19:21:47,1.746,15.0598921108222,-0.0494106163794943,4.69297411288796,6.2226732229768,0.029896757704023,7.28044203531916,0,1.93076327766655,0.0465559666828344,-0.982720146736892,MV-202,sine_steer_python-1
1748,2026年09月15日_19时21分47秒_第001次,2026-09-15T19:21:47,1.747,15.059909615373,-0.049481144634145,4.69820490213951,6.22685451168437,0.0300267465573204,7.28462074209101,0,1.92405534317217,0.0463961802418567,-0.979222044208873,MV-202,sine_steer_python-1
1749,2026年09月15日_19时21分47秒_第001次,2026-09-15T19:21:47,1.748,15.059927108704,-0.0495503320598303,4.70343602586739,6.23103579437821,0.0301570837582215,7.2887994327083,0,1.91704357803475,0.046229069838947,-0.975569055684911,MV-202,sine_steer_python-1
1750,2026年09月15日_19时21分47秒_第001次,2026-09-15T19:21:47,1.749,15.0599445894736,-0.0496182425248714,4.7086713062672,6.23521707100743,0.0302877699318283,7.2929781070992,0,1.90972908949329,0.0460546613361621,-0.97176178303668,MV-202,sine_steer_python-1
1751,2026年09月15日_19时21分47秒_第001次,2026-09-15T19:21:47,1.75,15.0599620563325,-0.0496849461875649,4.7139105057583,6.23939834152,0.030418805720158,7.29715676518808,0,1.90211303259031,0.0458729816631783,-0.967800856295157,MV-202,sine_steer_python-1
1752,2026年09月15日_19时21分47秒_第001次,2026-09-15T19:21:47,1.751,15.0599795082891,-0.0497505125359538,4.71915249803541,6.24357960586707,0.0305501916419729,7.30133540690344,0,1.89419660998949,0.0456840588403919,-0.963686932388854,MV-202,sine_steer_python-1
1753,2026年09月15日_19时21分47秒_第001次,2026-09-15T19:21:47,1.752,15.0599967679185,-0.0498154174294665,4.72523663645289,6.24776086400074,0.0306819281741383,7.30551403217573,0,1.88598107178573,0.0454879220052201,-0.959420693735088,MV-202,sine_steer_python-1
1754,2026年09月15日_19时21分47秒_第001次,2026-09-15T19:21:47,1.753,15.0600140502827,-0.0498789631921088,4.7303207356033,6.25194211544663,0.0308140274156219,7.3096926397829,0,1.87746771530775,0.0452846014388802,-0.955002846799817,MV-202,sine_steer_python-1
1755,2026年09月15日_19时21分47秒_第001次,2026-09-15T19:21:47,1.754,15.0600313033568,-0.049940683632257,4.73560340359009,6.25612336096612,0.0309464644282132,7.31387123152425,0,1.86865788491322,0.0450741285909703,-0.950434120738884,MV-202,sine_steer_python-1
1756,2026年09月15日_19时21分47秒_第001次,2026-09-15T19:21:47,1.755,15.0600485411867,-0.0500009241070157,4.74079817309729,6.26030459998092,0.0310792570508791,7.31804980640957,0,1.8595529717765,0.044856536099495,-0.945715266220043,MV-202,sine_steer_python-1
1757,2026年09月15日_19时21分47秒_第001次,2026-09-15T19:21:47,1.756,15.0600657593767,-0.0500596926915018,4.74597888536751,6.26448583262512,0.0312123997715917,7.32222836466197,0,1.85015441366892,0.0446318578045791,-0.940847054500472,MV-202,sine_steer_python-1
1758,2026年09月15日_19时21分47秒_第001次,2026-09-15T19:21:47,1.757,15.0600829651346,-0.0501170086618068,4.75115644813988,6.26866705879423,0.0313458949220465,7.32640690615831,0,1.84046369473174,0.0444001287549165,-0.935830276800257,MV-202,sine_steer_python-1
1759,2026年09月15日_19时21分47秒_第001次,2026-09-15T19:21:47,1.758,15.060100158943,-0.0501729512371569,4.75633349233719,6.27284827843751,0.0314797431442168,7.33058543082997,0,1.83048234524184,0.0441613852068851,-0.930665743974896,MV-202,sine_steer_python-1
1760,2026年09月15日_19时21分47秒_第001次,2026-09-15T19:21:47,1.759,15.060117338542,-0.0502275856433113,4.7615137880033,6.27702949150397,0.0316139450576036,7.33476393860977,0,1.82021194136999,0.0439156646170576,-0.925354286455773,MV-202,sine_steer_python-1
1761,2026年09月15日_19时21分47秒_第001次,2026-09-15T19:21:47,1.76,15.0601345032147,-0.0502809834429724,4.76669713062814,6.28121069794096,0.0317485012976255,7.33894242942613,0,1.80965410493204,0.0436630056294706,-0.91989675440116,MV-202,sine_steer_python-1
1762,2026年09月15日_19时21分47秒_第001次,2026-09-15T19:21:47,1.761,15.0601516518584,-0.0503332156028023,4.77188242120113,6.28539189769944,0.0318834123781005,7.34312090321187,0,1.79881050313274,0.0434034480593938,-0.914294017984143,MV-202,sine_steer_python-1
1763,2026年09月15日_19时21分47秒_第001次,2026-09-15T19:21:47,1.762,15.0601686107326,-0.050384763759432,4.77789662085207,6.28957309073117,0.0320186787712577,7.34729935990162,0,1.78768284830253,0.0431370328754402,-0.908546967739527,MV-202,sine_steer_python-1
1764,2026年09月15日_19时21分47秒_第001次,2026-09-15T19:21:47,1.763,15.06018558913,-0.0504349467450015,4.78292567612785,6.29375427656196,0.0321543122953503,7.35147779826946,0,1.77627289762709,0.0428638021816869,-0.902656514899268,MV-202,sine_steer_python-1
1765,2026年09月15日_19时21分47秒_第001次,2026-09-15T19:21:47,1.764,15.0602025395573,-0.050483298178219,4.78814886863496,6.29793545595599,0.0322902885378079,7.35565622013336,0,1.76458245286991,0.0425837992010702,-0.896623591662806,MV-202,sine_steer_python-1
1766,2026年09月15日_19时21分47秒_第001次,2026-09-15T19:21:47,1.765,15.0602194737691,-0.0505301641890857,4.79328472520047,6.30211662833147,0.0324266250098877,7.35983462449964,0,1.75261336008773,0.042297068260779,-0.890449151371847,MV-202,sine_steer_python-1
1767,2026年09月15日_19时21分47秒_第001次,2026-09-15T19:21:47,1.766,15.0602363873678,-0.0505755550049593,4.79840583243863,6.30629779382335,0.032563316303044,7.36401301159727,0,1.74036750933905,0.042003654779782,-0.884134168583857,MV-202,sine_steer_python-1
1768,2026年09月15日_19时21分47秒_第001次,2026-09-15T19:21:47,1.767,15.0602532858884,-0.0506194926461113,4.80352298391767,6.31047895232611,0.0327003647130784,7.3681913813058,0,1.72784683438567,0.0417036052581028,-0.877679639060644,MV-202,sine_steer_python-1
1769,2026年09月15日_19时21分47秒_第001次,2026-09-15T19:21:47,1.768,15.0602701711035,-0.050662058234792,4.80863878276959,6.31466010378774,0.0328377708734277,7.37236973355885,0,1.71505331238731,0.0413969672670732,-0.87108657970479,MV-202,sine_steer_python-1
1770,2026年09月15日_19时21分47秒_第001次,2026-09-15T19:21:47,1.769,15.0602870403601,-0.0507033191174263,4.81375695867782,6.31884124815677,0.0329755353949,7.3765480682921,0,1.70198896358938,0.0410837894396058,-0.86435602848451,MV-202,sine_steer_python-1
1771,2026年09月15日_19时21分47秒_第001次,2026-09-15T19:21:47,1.77,15.0603038932079,-0.0507433490010735,4.81887733081372,6.32302238537967,0.033113658903176,7.38072638543617,0,1.68865585100403,0.0407641214595555,-0.857489044386548,MV-202,sine_steer_python-1
1772,2026年09月15日_19时21分47秒_第001次,2026-09-15T19:21:47,1.771,15.0603207285956,-0.050782221069251,4.82399882834964,6.32720351540666,0.0332521419039031,7.38490468492605,0,1.67505608008428,0.0404380140494511,-0.850486707427546,MV-202,sine_steer_python-1
1773,2026年09月15日_19时21分47秒_第001次,2026-09-15T19:21:47,1.772,15.060337376741,-0.0508204234639287,4.82993594580505,6.33138463818876,0.0333909848614219,7.38908296669821,0,1.66119179839163,0.0401055189562382,-0.843350118739345,MV-202,sine_steer_python-1
1774,2026年09月15日_19时21分47秒_第001次,2026-09-15T19:21:47,1.773,15.0603540410126,-0.0508572929691882,4.83490294566564,6.33556575325202,0.0335301993060277,7.39326122952153,0,1.64706519525686,0.0397666889350883,-0.836080400725787,MV-202,sine_steer_python-1
1775,2026年09月15日_19时21分47秒_第001次,2026-09-15T19:21:47,1.774,15.0603706784268,-0.0508923632923553,4.84005961912357,6.33974686136212,0.0336697613539531,7.39743947522848,0,1.63267850143437,0.0394215777317456,-0.828678697271484,MV-202,sine_steer_python-1
1776,2026年09月15日_19时21分47秒_第001次,2026-09-15T19:21:47,1.775,15.0603872963964,-0.0509259819163902,4.84512957610345,6.34392796193368,0.033809688181957,7.40161770282002,0,1.6180339887499,0.0390702400641983,-0.821146173968985,MV-202,sine_steer_python-1
1777,2026年09月15日_19时21分47秒_第001次,2026-09-15T19:21:47,1.776,15.0604038926185,-0.0509581620220204,4.85018410200532,6.34810905510096,0.0339499744826754,7.40579591252697,0,1.60313396974175,0.0387127316046572,-0.813484018323019,MV-202,sine_steer_python-1
1778,2026年09月15日_19时21分47秒_第001次,2026-09-15T19:21:47,1.777,15.0604204724807,-0.0509889290344432,4.85523385812766,6.35229014075717,0.0340906225121873,7.40997410422901,0,1.58798079729567,0.0383491089628539,-0.805693439889166,MV-202,sine_steer_python-1
1779,2026年09月15日_19时21分47秒_第001次,2026-09-15T19:21:47,1.778,15.0604370378684,-0.0510183664698662,4.86028143976136,6.35647121884915,0.0342316328918539,7.41415227785963,0,1.57257686427324,0.0379794296715368,-0.797775670309581,MV-202,sine_steer_python-1
1780,2026年09月15日_19时21分47秒_第001次,2026-09-15T19:21:47,1.779,15.0604535863696,-0.0510465443761716,4.86533053510495,6.36065228932425,0.0343730062202138,7.41833043335417,0,1.55692460313405,0.037603752174792,-0.78973196321954,MV-202,sine_steer_python-1
1781,2026年09月15日_19时21分47秒_第001次,2026-09-15T19:21:47,1.78,15.0604701176499,-0.051073539097527,4.8703809833536,6.36483335212781,0.0345147431095339,7.42250857064257,0,1.54102648555158,0.0372221358194647,-0.781563594013107,MV-202,sine_steer_python-1
1782,2026年09月15日_19时21分47秒_第001次,2026-09-15T19:21:47,1.781,15.0604866308255,-0.0510994264916551,4.87543174258541,6.36901440720895,0.0346568440536178,7.42668668965887,0,1.5248850220229,0.0368346408495928,-0.77327185947197,MV-202,sine_steer_python-1
1783,2026年09月15日_19时21分47秒_第001次,2026-09-15T19:21:47,1.782,15.0605029603213,-0.051124701421439,4.88128470163403,6.37319545451756,0.0347993095052129,7.4308647903383,0,1.50850276147221,0.0364413284034056,-0.764858077276198,MV-202,sine_steer_python-1
1784,2026年09月15日_19时21分47秒_第001次,2026-09-15T19:21:47,1.783,15.0605193034412,-0.0511487193900659,4.88618273749022,6.37737649358009,0.034942150701572,7.4350428714424,0,1.49188229084836,0.0360422605121788,-0.756323585427325,MV-202,sine_steer_python-1
1785,2026年09月15日_19时21分47秒_第001次,2026-09-15T19:21:47,1.784,15.0605356216955,-0.0511710145052878,4.89126596115375,6.3815575251625,0.0350853442872836,7.43922093481334,0,1.47502623471635,0.035637500100058,-0.74766974162125,MV-202,sine_steer_python-1
1786,2026年09月15日_19时21分47秒_第001次,2026-09-15T19:21:47,1.785,15.0605519183157,-0.0511919358011679,4.8962631106032,6.38573854867598,0.0352289070983365,7.44339897944425,0,1.45793725484282,0.0352271109839231,-0.738897922610345,MV-202,sine_steer_python-1
1787,2026年09月15日_19时21分47秒_第001次,2026-09-15T19:21:47,1.786,15.0605681933163,-0.0512114996473338,4.90124415628014,6.38991956425361,0.0353728339256337,7.44757700556435,0,1.44061804977581,0.0348111578724371,-0.730009523591338,MV-202,sine_steer_python-1
1788,2026年09月15日_19时21分47秒_第001次,2026-09-15T19:21:47,1.787,15.060584451916,-0.0512297350156518,4.9062196273917,6.39410057178713,0.0355171269814338,7.45175501305035,0,1.42307135441857,0.034389706363592,-0.721005957647907,MV-202,sine_steer_python-1
1789,2026年09月15日_19时21分47秒_第001次,2026-09-15T19:21:47,1.788,15.0606006962013,-0.0512467279006181,4.91119211098103,6.39828157122194,0.0356617868712008,7.45593300183244,0,1.4052999395977,0.0339628229403096,-0.711888655266997,MV-202,sine_steer_python-1
1790,2026年09月15日_19时21分47秒_第001次,2026-09-15T19:21:47,1.789,15.0606169239056,-0.051262551065449,4.91616525139962,6.40246256250399,0.0358068141773794,7.46011097184242,0,1.38730661162561,0.0335305749639283,-0.702659063936083,MV-202,sine_steer_python-1
1791,2026年09月15日_19时21分47秒_第001次,2026-09-15T19:21:47,1.79,15.0606331349588,-0.0512772834489014,4.92113891008115,6.40664354557725,0.0359522094950055,7.46428892300642,0,1.36909421185737,0.0330930306656654,-0.693318647817714,MV-202,sine_steer_python-1
1792,2026年09月15日_19时21分47秒_第001次,2026-09-15T19:21:47,1.791,15.0606493286824,-0.0512910034736789,4.92611207460321,6.41082452038948,0.0360979733022582,7.46846685525446,0,1.35066561624205,0.0326502591363963,-0.683868887495373,MV-202,sine_steer_python-1
1793,2026年09月15日_19时21分47秒_第001次,2026-09-15T19:21:47,1.792,15.0606653439156,-0.0513042121252732,4.9318738123761,6.41500548688927,0.0362441060365304,7.47264476851749,0,1.3320237348685,0.0322023303153182,-0.674311279745292,MV-202,sine_steer_python-1
1794,2026年09月15日_19时21分47秒_第001次,2026-09-15T19:21:47,1.793,15.0606813717613,-0.0513162833852983,4.93669604907296,6.41918644460371,0.036390618639982,7.47682266154775,0,1.31317151150592,0.0317493149775875,-0.664647337323172,MV-202,sine_steer_python-1
1795,2026年09月15日_19时21分47秒_第001次,2026-09-15T19:21:47,1.794,15.0606973784004,-0.0513267519572088,4.94169899147703,6.42336739429817,0.036537488281365,7.4810005361926,0,1.29411192313889,0.0312912847213185,-0.654878588818557,MV-202,sine_steer_python-1
1796,2026年09月15日_19时21分47秒_第001次,2026-09-15T19:21:47,1.795,15.0607133632307,-0.0513359679060099,4.94661653274143,6.42754833538077,0.0366847314507471,7.48517839143539,0,1.27484797949738,0.0308283119555037,-0.645006578442935,MV-202,sine_steer_python-1
1797,2026年09月15日_19时21分47秒_第001次,2026-09-15T19:21:47,1.796,15.0607293283755,-0.0513439503592795,4.9515173243154,6.43172926798337,0.0368323430342387,7.48935622750097,0,1.2553827225814,0.0303604698881449,-0.635032865791903,MV-202,sine_steer_python-1
1798,2026年09月15日_19时21分47秒_第001次,2026-09-15T19:21:47,1.797,15.0607452789514,-0.0513507313378785,4.95641175951404,6.43591019199625,0.0369803251963437,7.49353404426052,0,1.23571922618067,0.0298878325143966,-0.62495902560311,MV-202,sine_steer_python-1
1799,2026年09月15日_19时21分47秒_第001次,2026-09-15T19:21:47,1.798,15.0607612168039,-0.0513563987096353,4.96130240996554,6.44009110736338,0.0371286785230274,7.49771184163856,0,1.21586059538921,0.0294104746046703,-0.614786647518954,MV-202,sine_steer_python-1
1800,2026年09月15日_19时21分47秒_第001次,2026-09-15T19:21:47,1.799,15.0607771400867,-0.0513610273068801,4.96619288068694,6.44427201402923,0.0372774035771055,7.50188961956089,0,1.19580996611504,0.0289284716927734,-0.604517335835787,MV-202,sine_steer_python-1
1801,2026年09月15日_19时21分47秒_第001次,2026-09-15T19:21:47,1.8,15.0607930490127,-0.0513646979454409,4.97108305609763,6.44845291193642,0.0374265009329425,7.50606737794763,0,1.17557050458495,0.028441900065496,-0.594152709135733,MV-202,sine_steer_python-1
1802,2026年09月15日_19时21分47秒_第001次,2026-09-15T19:21:47,1.801,15.0608089431201,-0.0513674908263272,4.9759719549516,6.45263380103148,0.0375759710497333,7.51024511672272,0,1.15514540684453,0.0279508367504385,-0.583694400058257,MV-202,sine_steer_python-1
1803,2026年09月15日_19时21分47秒_第001次,2026-09-15T19:21:47,1.802,15.0608246658081,-0.0513699115499798,4.98163552670903,6.45681468126176,0.0377258143462434,7.51442283581093,0,1.13453789825352,0.0274553595018437,-0.573144055132264,MV-202,sine_steer_python-1
1804,2026年09月15日_19时21分47秒_第001次,2026-09-15T19:21:47,1.803,15.0608404018411,-0.0513713512277548,4.98637532170972,6.46099555215544,0.0378760414711982,7.51860053395445,0,1.11375123297638,0.0269555467856913,-0.562503334620092,MV-202,sine_steer_python-1
1805,2026年09月15日_19时21分47秒_第001次,2026-09-15T19:21:47,1.804,15.0608561214198,-0.0513713451769304,4.99129139115109,6.46517641447685,0.0380266301099557,7.52277821300264,0,1.09278869346854,0.0264514777644143,-0.551773912367154,MV-202,sine_steer_python-1
1806,2026年09月15日_19时21分47秒_第001次,2026-09-15T19:21:47,1.805,15.0608718221318,-0.0513702433115457,4.99612277309997,6.46935726763144,0.0381775964032276,7.52695587192813,0,1.071653589958,0.0259432322807888,-0.540957475682111,MV-202,sine_steer_python-1
1807,2026年09月15日_19时21分47秒_第001次,2026-09-15T19:21:47,1.806,15.0608875070005,-0.051368066373286,5.00093681422179,6.47353811175058,0.0383289353296275,7.53113351095062,0,1.05034925992259,0.0254308908409606,-0.530055725251418,MV-202,sine_steer_python-1
1808,2026年09月15日_19时21分47秒_第001次,2026-09-15T19:21:47,1.807,15.0609031811867,-0.0513648483207369,5.00574376307673,6.47771894672329,0.0384806490026998,7.53531112993468,0,1.02887906756301,0.0249145345971487,-0.519070375062069,MV-202,sine_steer_python-1
1809,2026年09月15日_19时21分47秒_第001次,2026-09-15T19:21:47,1.808,15.0609188453694,-0.0513606776456592,5.01054616220347,6.48189977249258,0.0386327379860499,7.53948872879837,0,1.00724640327152,0.0243942453306317,-0.508003152304634,MV-202,sine_steer_python-1
1810,2026年09月15日_19时21分47秒_第001次,2026-09-15T19:21:47,1.809,15.0609344988825,-0.0513556300166074,5.01534759025346,6.48608058900145,0.0387852028201503,7.54366630746054,0,0.985454683096584,0.023870105435379,-0.496855797242039,MV-202,sine_steer_python-1
1811,2026年09月15日_19时21分47秒_第001次,2026-09-15T19:21:47,1.81,15.060950141977,-0.0513497868186524,5.02014795168444,6.49026139619175,0.0389380440561572,7.54784386583505,0,0.963507348203427,0.0233421979025383,-0.485630063036611,MV-202,sine_steer_python-1
1812,2026年09月15日_19时21分47秒_第001次,2026-09-15T19:21:47,1.811,15.0609657743897,-0.0513432286764519,5.02494629925855,6.49444219400912,0.0390912621318537,7.55202140383944,0,0.941407864330669,0.0228106063053658,-0.47432771556808,MV-202,sine_steer_python-1
1813,2026年09月15日_19时21分47秒_第001次,2026-09-15T19:21:47,1.812,15.0609812441295,-0.0513364635424255,5.03050509531253,6.49862298240017,0.0392448574450992,7.55619892139223,0,0.919159721242975,0.0222754147862616,-0.462950533116928,MV-202,sine_steer_python-1
1814,2026年09月15日_19时21分47秒_第001次,2026-09-15T19:21:47,1.813,15.0609967294847,-0.0513288973823244,5.03515621771028,6.50280376089472,0.0393988403567186,7.56037641722667,0,0.896766432180065,0.021736708045473,-0.451500305992283,MV-202,sine_steer_python-1
1815,2026年09月15日_19时21分47秒_第001次,2026-09-15T19:21:47,1.814,15.0610122048117,-0.0513200661783726,5.03997925699887,6.50698453025616,0.0395531890586408,7.56455389319283,0,0.874231533301868,0.0211945713300826,-0.439978836171121,MV-202,sine_steer_python-1
1816,2026年09月15日_19时21分47秒_第001次,2026-09-15T19:21:47,1.815,15.0610276663276,-0.0513103178483917,5.0447184034162,6.51116528988824,0.0397079193408161,7.56873134825405,0,0.851558583130142,0.0206490904257955,-0.428387936848404,MV-202,sine_steer_python-1
1817,2026年09月15日_19时21分47秒_第001次,2026-09-15T19:21:47,1.816,15.0610431174024,-0.0512996732330622,5.04943970201911,6.51534603992252,0.039863026272575,7.57290878262564,0,0.828751161986567,0.0201003516444513,-0.416729432009374,MV-202,sine_steer_python-1
1818,2026年09月15日_19时21分47秒_第001次,2026-09-15T19:21:47,1.817,15.0610585632108,-0.0512881667026131,5.05415324843289,6.51952678024739,0.0400185119143705,7.57708619616651,0,0.805812871427325,0.0195484418105247,-0.405005156023814,MV-202,sine_steer_python-1
1819,2026年09月15日_19时21分47秒_第001次,2026-09-15T19:21:47,1.818,15.0610740024636,-0.0512758857601435,5.05886154382695,6.52370751080555,0.0401743768057829,7.58126358878949,0,0.782747333674406,0.018993448248205,-0.393216953455637,MV-202,sine_steer_python-1
1820,2026年09月15日_19时21分47秒_第001次,2026-09-15T19:21:47,1.819,15.06108943611,-0.0512629053301182,5.06356814864756,6.52788823153892,0.0403306214634417,7.5854409604076,0,0.759558191043598,0.0184354587746708,-0.381366678573079,MV-202,sine_steer_python-1
1821,2026年09月15日_19时21分47秒_第001次,2026-09-15T19:21:47,1.82,15.061104864265,-0.0512493057562074,5.06827298615874,6.53206894238931,0.0404872464140115,7.58961831092998,0,0.73624910536936,0.017874561691915,-0.369456194762176,MV-202,sine_steer_python-1
1822,2026年09月15日_19时21分47秒_第001次,2026-09-15T19:21:47,1.821,15.0611202867763,-0.0512351664633591,5.07297514519373,6.53624964330209,0.0406442520727289,7.59379564026947,0,0.712823757426501,0.0173108457752491,-0.357487374051353,MV-202,sine_steer_python-1
1823,2026年09月15日_19时21分47秒_第001次,2026-09-15T19:21:47,1.822,15.061135556216,-0.0512209951024906,5.07842317922873,6.54043033422372,0.040801638815577,7.59797294834022,0,0.689285846349041,0.0167444002597697,-0.345462096790714,MV-202,sine_steer_python-1
1824,2026年09月15日_19时21分47秒_第001次,2026-09-15T19:21:47,1.823,15.0611508442928,-0.0512062097136251,5.08298008689605,6.54461101468644,0.0409594167244073,7.60215023386953,0,0.665639089045975,0.016175314827026,-0.33338225136117,MV-202,sine_steer_python-1
1825,2026年09月15日_19时21分47秒_第001次,2026-09-15T19:21:47,1.824,15.0611661300465,-0.0511903472195872,5.08770464863565,6.54879168545297,0.041117564486453,7.6063274987088,0,0.641887219614416,0.0156036795912466,-0.32124973387103,MV-202,sine_steer_python-1
1826,2026年09月15日_19时21分47秒_第001次,2026-09-15T19:21:47,1.825,15.0611814076489,-0.0511737514333467,5.09234623190528,6.55297234592674,0.0412760975415121,7.61050474181553,0,0.618033988749893,0.0150295850828468,-0.309066447945444,MV-202,sine_steer_python-1
1827,2026年09月15日_19时21分47秒_第001次,2026-09-15T19:21:47,1.826,15.0611966808004,-0.0511564417485675,5.09696957254331,6.55715299623999,0.0414350110490462,7.6146819634029,0,0.59408316315407,0.0144531222284058,-0.296834304663618,MV-202,sine_steer_python-1
1828,2026年09月15日_19时21分47秒_第001次,2026-09-15T19:21:47,1.827,15.0612119523487,-0.05113845125779,5.10158457393166,6.56133363628126,0.0415943070155624,7.61885916332695,0,0.570038524939953,0.0138743823272609,-0.284555222642876,MV-202,sine_steer_python-1
1829,2026年09月15日_19时21分47秒_第001次,2026-09-15T19:21:47,1.828,15.0612272223555,-0.0511198650258763,5.10619374556839,6.56551426599277,0.0417539859562332,7.62303634149721,0,0.545903871034646,0.013293457025338,-0.272231128238645,MV-202,sine_steer_python-1
1830,2026年09月15日_19时21分47秒_第001次,2026-09-15T19:21:47,1.829,15.0612424917356,-0.0511007556496419,5.11080060018185,6.56969488531692,0.0419140483637914,7.62721349782469,0,0.521683012579798,0.0127104382882531,-0.259863955776673,MV-202,sine_steer_python-1
1831,2026年09月15日_19时21分47秒_第001次,2026-09-15T19:21:47,1.83,15.0612577605784,-0.0510812008911778,5.11540508492681,6.57387549419589,0.0420744947404036,7.63139063221668,0,0.497379774329708,0.0121254183756584,-0.24745564771137,MV-202,sine_steer_python-1
1832,2026年09月15日_19时21分47秒_第001次,2026-09-15T19:21:47,1.831,15.0612730287365,-0.0510612774736038,5.12000632476398,6.57805609257554,0.0422353254790179,7.63556774458457,0,0.472997994047457,0.0115384898153491,-0.2350081547952,MV-202,sine_steer_python-1
1833,2026年09月15日_19时21分47秒_第001次,2026-09-15T19:21:47,1.832,15.0612881532237,-0.0510414901647665,5.12533851806997,6.58223668040289,0.0423965409341017,7.63974483484145,0,0.448541521898764,0.0109497453632998,-0.222523436855785,MV-202,sine_steer_python-1
1834,2026年09月15日_19时21分47秒_第001次,2026-09-15T19:21:47,1.833,15.0613032991407,-0.0510212663336385,5.12979661661699,6.58641725721323,0.0425581509197682,7.64392190171306,0,0.424014219844106,0.0103592779163792,-0.210003465570233,MV-202,sine_steer_python-1
1835,2026年09月15日_19时21分47秒_第001次,2026-09-15T19:21:47,1.834,15.0613184503098,-0.0510001445264365,5.13441822162063,6.59059782376901,0.0427201346073852,7.64809894705407,0,0.399419961028819,0.00976718036499767,-0.197450229792774,MV-202,sine_steer_python-1
1836,2026年09月15日_19时21分47秒_第001次,2026-09-15T19:21:47,1.835,15.0613335984862,-0.0509784625598455,5.13895790347706,6.59477837947456,0.0428825070888228,7.65227596982065,0,0.374762629171449,0.00917354547452435,-0.184865739665924,MV-202,sine_steer_python-1
1837,2026年09月15日_19时21分47秒_第001次,2026-09-15T19:21:47,1.836,15.061348746591,-0.0509562370915878,5.1434790650385,6.59895892446321,0.0430452636142692,7.65645297022723,0,0.350046117950553,0.00857846593832394,-0.172252023430011,MV-202,sine_steer_python-1
1838,2026年09月15日_19时21分47秒_第001次,2026-09-15T19:21:47,1.837,15.0613638963933,-0.0509334987429464,5.14799142950211,6.60313945862401,0.0432084061366114,7.66062994813031,0,0.32527433038977,0.00798203459251666,-0.159611117349237,MV-202,sine_steer_python-1
1839,2026年09月15日_19时21分47秒_第001次,2026-09-15T19:21:47,1.838,15.0613790489847,-0.0509103289433437,5.15249750400781,6.60731998189959,0.0433719351475387,7.66480690344024,0,0.300451178241518,0.00738434463010828,-0.146945055681892,MV-202,sine_steer_python-1
1840,2026年09月15日_19时21分47秒_第001次,2026-09-15T19:21:47,1.839,15.0613942049766,-0.0508867968000927,5.15700074781891,6.61150049423346,0.0435358511169023,7.66898383606981,0,0.275580581369275,0.0067854897126025,-0.134255865028457,MV-202,sine_steer_python-1
1841,2026年09月15日_19时21分47秒_第001次,2026-09-15T19:21:47,1.84,15.0614093643663,-0.050862976393657,5.16150113031242,6.61568099556875,0.0437001545235792,7.67316074592827,0,0.250666467128602,0.00618556399065853,-0.121545562537797,MV-202,sine_steer_python-1
1842,2026年09月15日_19时21分47秒_第001次,2026-09-15T19:21:47,1.841,15.0614245269056,-0.0508389407030853,5.16599781123866,6.61986148585234,0.043864845739566,7.6773376329294,0,0.225712769746965,0.00558466207711947,-0.108816156117574,MV-202,sine_steer_python-1
1843,2026年09月15日_19时21分47秒_第001次,2026-09-15T19:21:47,1.842,15.0614395538911,-0.0508151895165197,5.17121019340693,6.62404196503239,0.0440299250992563,7.6815144969891,0,0.200723429702426,0.00498287900167665,-0.0960696454101489,MV-202,sine_steer_python-1
1844,2026年09月15日_19时21分47秒_第001次,2026-09-15T19:21:47,1.843,15.0614546038865,-0.0507911573120174,5.1755659991378,6.62822243264768,0.0441954021611096,7.68569133683635,0,0.175702393101491,0.00438031015804072,-0.0833080230805834,MV-202,sine_steer_python-1
1845,2026年09月15日_19时21分47秒_第001次,2026-09-15T19:21:47,1.844,15.0614696650351,-0.050766385452057,5.18008127714679,6.63240288946066,0.0443612565706529,7.68986815433121,0,0.150653611055865,0.0037770512487652,-0.0705332762098372,MV-202,sine_steer_python-1
1846,2026年09月15日_19时21分47秒_第001次,2026-09-15T19:21:47,1.845,15.0614847243338,-0.0507412043034861,5.1845157966964,6.63658333487726,0.0445275030749403,7.69404494843309,0,0.125581039058628,0.00317319823069126,-0.0577473876606224,MV-202,sine_steer_python-1
1847,2026年09月15日_19时21分47秒_第001次,2026-09-15T19:21:47,1.846,15.061499786721,-0.0507156272375405,5.18893166230119,6.64076376903121,0.0446941370163051,7.69822171936006,0,0.100488636359542,0.00256884726113695,-0.0449523374068388,MV-202,sine_steer_python-1
1848,2026年09月15日_19时21分47秒_第001次,2026-09-15T19:21:47,1.847,15.0615148535295,-0.0506896818364828,5.19333841230285,6.64494419181298,0.0448611602952763,7.70239846697335,0,0.0753803653398732,0.00196409464487502,-0.0321501038290201,MV-202,sine_steer_python-1
1849,2026年09月15日_19时21分47秒_第001次,2026-09-15T19:21:47,1.848,15.0615299256807,-0.0506634452730497,5.19773852691912,6.64912460316642,0.0450285733817394,7.70657519118812,0,0.0502601908866735,0.00135903678275276,-0.0193426649403203,MV-202,sine_steer_python-1
1850,2026年09月15日_19时21分47秒_第001次,2026-09-15T19:21:47,1.849,15.0615450036198,-0.0506369826488494,5.20213541106362,6.65330500303634,0.0451963767244266,7.71075189192232,0,0.0251320797667054,0.000753770122762557,-0.00653199950854853,MV-202,sine_steer_python-1
1851,2026年09月15日_19时21分47秒_第001次,2026-09-15T19:21:47,1.85,15.061560087173,-0.0506103639163977,5.20652905172554,6.65748539136715,0.0453645707808325,7.7149285690907,0,1.71450551880629e-15,0.000148391113851814,0.00627991193820616,MV-202,sine_steer_python-1
1852,2026年09月15日_19时21分47秒_第001次,2026-09-15T19:21:47,1.851,15.0615751759139,-0.0505836579300047,5.21091864048061,6.66166576810712,0.045533155903971,7.71910522261282,0,-0.025132079766709,-0.000457003837502314,0.0190910862232783,MV-202,sine_steer_python-1
1853,2026年09月15日_19时21分47秒_第001次,2026-09-15T19:21:47,1.852,15.06159013526,-0.0505573581322888,5.21600837547735,6.66584613320575,0.0457021324101933,7.72328185241066,0,-0.0502601908866701,-0.00106231840740044,0.0318995367734564,MV-202,sine_steer_python-1
1854,2026年09月15日_19时21分47秒_第001次,2026-09-15T19:21:47,1.853,15.0616051174113,-0.0505309047254171,5.22025950751115,6.67002648620549,0.0458715096137944,7.72745845722053,0,-0.0753803653398698,-0.00166745639038576,0.0447032730498217,MV-202,sine_steer_python-1
1855,2026年09月15日_19时21分47秒_第001次,2026-09-15T19:21:47,1.854,15.0616201139573,-0.0505038435696979,5.22466617309641,6.67420682786873,0.0460412676263402,7.7316350389093,0,-0.100488636359538,-0.00227232173143937,0.0575003001424137,MV-202,sine_steer_python-1
1856,2026年09月15日_19时21分47秒_第001次,2026-09-15T19:21:47,1.855,15.0616351082286,-0.0504764970150487,5.22899338498566,6.67838715760323,0.0462114208532576,7.73581159644306,0,-0.125581039058624,-0.00287681855357402,0.0702886185514024,MV-202,sine_steer_python-1
1857,2026年09月15日_19时21分47秒_第001次,2026-09-15T19:21:47,1.856,15.0616501066739,-0.0504488751776369,5.233301928253,6.68256747554339,0.046381964731011,7.73998813004629,0,-0.150653611055861,-0.00348085118018797,0.0830662241890137,MV-202,sine_steer_python-1
1858,2026年09月15日_19时21分47秒_第001次,2026-09-15T19:21:47,1.857,15.0616651101598,-0.0504210026410933,5.23760114584932,6.68674778158114,0.0465529011093004,7.74416463958752,0,-0.175702393101488,-0.00408432415189562,0.0958311086144089,MV-202,sine_steer_python-1
1859,2026年09月15日_19时21分47秒_第001次,2026-09-15T19:21:47,1.858,15.0616801194045,-0.0503929524175715,5.24189348301912,6.69092807566159,0.046724230438173,7.74834112498914,0,-0.20072342970243,-0.00468714223789203,0.108581259499962,MV-202,sine_steer_python-1
1860,2026年09月15日_19时21分47秒_第001次,2026-09-15T19:21:47,1.859,15.0616951346516,-0.050364785759712,5.24618228388534,6.69510835773079,0.0468959531472195,7.75251758617656,0,-0.225712769746962,-0.00528921044177059,0.121314661331798,MV-202,sine_steer_python-1
1861,2026年09月15日_19时21分47秒_第001次,2026-09-15T19:21:47,1.86,15.061710155529,-0.0503365687064165,5.25046754795546,6.69928862773445,0.0470680696745886,7.75669402307208,0,-0.250666467128612,-0.00589043400277107,0.134029296298013,MV-202,sine_steer_python-1
1862,2026年09月15日_19时21分47秒_第001次,2026-09-15T19:21:47,1.861,15.0617251814134,-0.0503083662602097,5.25474849461381,6.70346888562203,0.0472405803563701,7.76087043560299,0,-0.275580581369271,-0.00649071839355297,0.146723145323526,MV-202,sine_steer_python-1
1863,2026年09月15日_19时21分47秒_第001次,2026-09-15T19:21:47,1.862,15.0617400817236,-0.0502806648928461,5.25971375523564,6.70764913134427,0.0474134854929286,7.76504682369903,0,-0.300451178241515,-0.00708996931329099,0.159394189307576,MV-202,sine_steer_python-1
1864,2026年09月15日_19时21分47秒_第001次,2026-09-15T19:21:47,1.863,15.0617550025712,-0.0502529100220905,5.26385878193214,6.71182936444708,0.047586794164189,7.7692231861064,0,-0.325274330389766,-0.0076880926779217,0.172040410477355,MV-202,sine_steer_python-1
1865,2026年09月15日_19时21分47秒_第001次,2026-09-15T19:21:47,1.864,15.061769937724,-0.050224654000111,5.26815546329971,6.71600958569221,0.0477604869416049,7.77339952469836,0,-0.35004611795055,-0.00828499460953109,0.184659793775153,MV-202,sine_steer_python-1
1866,2026年09月15日_19时21分47秒_第001次,2026-09-15T19:21:47,1.865,15.0617848688572,-0.0501962112836863,5.27237411357535,6.72018979448901,0.0479345778915277,7.77757583844925,0,-0.374762629171452,-0.00888058142573196,0.197250328244296,MV-202,sine_steer_python-1
1867,2026年09月15日_19时21分47秒_第001次,2026-09-15T19:21:47,1.866,15.0617998029791,-0.0501675893211562,5.27657416795891,6.72436999097252,0.0481090625465264,7.78175212759112,0,-0.399419961028816,-0.00947475962957396,0.209810008391189,MV-202,sine_steer_python-1
1868,2026年09月15日_19时21分47秒_第001次,2026-09-15T19:21:47,1.867,15.0618147406478,-0.0501388102900338,5.28076476666742,6.72855017503576,0.0482839427068135,7.78592839200045,0,-0.424014219844109,-0.0100674359008977,0.222336835484515,MV-202,sine_steer_python-1
1869,2026年09月15日_19时21分47秒_第001次,2026-09-15T19:21:47,1.868,15.0618296824049,-0.0501099436707694,5.2849483118405,6.73273034662475,0.0484592188043325,7.79010463160744,0,-0.448541521898761,-0.0106585170901135,0.234828818749619,MV-202,sine_steer_python-1
1870,2026年09月15日_19时21分47秒_第001次,2026-09-15T19:21:47,1.869,15.0618446283241,-0.0500810475317604,5.28912808048761,6.73691050568641,0.0486348912512179,7.79428084634528,0,-0.472997994047453,-0.0112479102150283,0.247283976431758,MV-202,sine_steer_python-1
1871,2026年09月15日_19时21分47秒_第001次,2026-09-15T19:21:47,1.87,15.0618595778766,-0.0500521846955694,5.29330407956729,6.74109065216725,0.0488109604679733,7.79845703614397,0,-0.497379774329705,-0.0118355224610179,0.259700336715414,MV-202,sine_steer_python-1
1872,2026年09月15日_19时21分47秒_第001次,2026-09-15T19:21:47,1.871,15.0618745302912,-0.0500234170421484,5.29747555218766,6.74527078601755,0.0489874267754441,7.80263320093842,0,-0.521683012579795,-0.0124212611847864,0.272075938489633,MV-202,sine_steer_python-1
1873,2026年09月15日_19时21分47秒_第001次,2026-09-15T19:21:47,1.872,15.0618893589315,-0.0499952239803787,5.30231525108685,6.74945090718875,0.0491642904596499,7.8068093406659,0,-0.545903871034643,-0.0130050339220112,0.284408831946238,MV-202,sine_steer_python-1
1874,2026年09月15日_19时21分47秒_第001次,2026-09-15T19:21:47,1.873,15.0619042041671,-0.0499670563089992,5.30635341367673,6.75363101522974,0.0493415603737498,7.81098545408301,0,-0.57003852493995,-0.0135867483992861,0.296697078994059,MV-202,sine_steer_python-1
1875,2026年09月15日_19时21分47秒_第001次,2026-09-15T19:21:47,1.874,15.0619190606989,-0.049938474930094,5.31053937788156,6.75781111090072,0.0495192175445844,7.81516154306698,0,-0.594083163154073,-0.0141663125509364,0.308938753464117,MV-202,sine_steer_python-1
1876,2026年09月15日_19时21分47秒_第001次,2026-09-15T19:21:47,1.875,15.0619339106878,-0.0499097869418687,5.3146488193883,6.76199119361199,0.0496972757009653,7.81933760659994,0,-0.61803398874989,-0.0147436345416376,0.321131941066705,MV-202,sine_steer_python-1
1877,2026年09月15日_19时21分47秒_第001次,2026-09-15T19:21:47,1.876,15.0619487607776,-0.0498809980094327,5.3187397927966,6.76617126349907,0.0498757304731505,7.8235136449207,0,-0.641887219614419,-0.0153186227961973,0.333274739042486,MV-202,sine_steer_python-1
1878,2026年09月15日_19时21分47秒_第001次,2026-09-15T19:21:47,1.877,15.0619636114393,-0.0498521287679178,5.32282122985544,6.77035132045536,0.0500545836127058,7.82768965791233,0,-0.665639089045972,-0.0158911860382549,0.345365255432648,MV-202,sine_steer_python-1
1879,2026年09月15日_19时21分47秒_第001次,2026-09-15T19:21:47,1.878,15.0619784631205,-0.0498232460348766,5.32689548253202,6.77453136442717,0.0502338355346553,7.83186564551143,0,-0.689285846349038,-0.0164612333397893,0.357401607888483,MV-202,sine_steer_python-1
1880,2026年09月15日_19时21分47秒_第001次,2026-09-15T19:21:47,1.879,15.0619933158113,-0.0497944055656121,5.33096575523281,6.77871139536169,0.0504134866347879,7.83604160765736,0,-0.712823757426497,-0.0170286741825701,0.369381921981379,MV-202,sine_steer_python-1
1881,2026年09月15日_19时21分47秒_第001次,2026-09-15T19:21:47,1.88,15.0620081689187,-0.0497656678362057,5.33503205803266,6.78289141320564,0.0505935373170621,7.84021754428605,0,-0.736249105369357,-0.0175934185316862,0.381304328966806,MV-202,sine_steer_python-1
1882,2026年09月15日_19时21分47秒_第001次,2026-09-15T19:21:47,1.881,15.0620230216213,-0.0497370924715202,5.33909365428991,6.78707141790939,0.0507739878881429,7.84439345533808,0,-0.759558191043595,-0.0181553769204733,0.393166963064747,MV-202,sine_steer_python-1
1883,2026年09月15日_19时21分47秒_第001次,2026-09-15T19:21:47,1.882,15.0620377512231,-0.0497091519149531,5.34380714883218,6.79125140942446,0.0509548386207175,7.84856934075613,0,-0.782747333674403,-0.0187144605355667,0.404967958753008,MV-202,sine_steer_python-1
1884,2026年09月15日_19时21分47秒_第001次,2026-09-15T19:21:47,1.883,15.0620524927196,-0.0496813028183159,5.34773807402817,6.79543138730213,0.0511360981467286,7.85274519930601,0,-0.805812871427328,-0.0192705812915075,0.416705448481225,MV-202,sine_steer_python-1
1885,2026年09月15日_19时21分47秒_第001次,2026-09-15T19:21:47,1.884,15.0620672409097,-0.049653116486724,5.35181294933212,6.79961135229991,0.0513177479449853,7.85692103286466,0,-0.828751161986564,-0.0198236518824674,0.428377561341937,MV-202,sine_steer_python-1
1886,2026年09月15日_19时21分47秒_第001次,2026-09-15T19:21:47,1.885,15.0620819799772,-0.0496248932302677,5.35581286285254,6.80379130382854,0.0514998014072657,7.86109684042007,0,-0.851558583130146,-0.0203735857997979,0.439982423187264,MV-202,sine_steer_python-1
1887,2026年09月15日_19时21分47秒_第001次,2026-09-15T19:21:47,1.886,15.0620967156177,-0.0495966377811846,5.35979446426514,6.80797124202353,0.0516822542625535,7.86527262221521,0,-0.874231533301865,-0.0209202973105635,0.451518158400357,MV-202,sine_steer_python-1
1888,2026年09月15日_19时21分47秒_第001次,2026-09-15T19:21:47,1.887,15.0621114484197,-0.0495683700285204,5.36376647174798,6.81215116677792,0.0518651082140312,7.86944837813684,0,-0.896766432180062,-0.0214637014022212,0.462982893103622,MV-202,sine_steer_python-1
1889,2026年09月15日_19时21分47秒_第001次,2026-09-15T19:21:47,1.888,15.0621261788441,-0.0495401548947954,5.36773118157072,6.81633107803769,0.0520483636603696,7.87362410812512,0,-0.919159721242972,-0.0220037137067767,0.474374759236189,MV-202,sine_steer_python-1
1890,2026年09月15日_19时21分47秒_第001次,2026-09-15T19:21:47,1.889,15.0621409069052,-0.0495120465610168,5.37169172128252,6.82051097574966,0.0522320209815184,7.87779981212253,0,-0.941407864330666,-0.0225402504199137,0.485691898841096,MV-202,sine_steer_python-1
1891,2026年09月15日_19时21分47秒_第001次,2026-09-15T19:21:47,1.89,15.0621556320557,-0.049484103863153,5.37564810089503,6.82469085986006,0.0524160805653859,7.88197549006785,0,-0.963507348203436,-0.0230732282276179,0.496932468028937,MV-202,sine_steer_python-1
1892,2026年09月15日_19时21分47秒_第001次,2026-09-15T19:21:47,1.891,15.0621703535347,-0.0494563848444122,5.37959960161084,6.82887073031875,0.0526005427049262,7.88615114190412,0,-0.985454683096581,-0.0236025642478101,0.508094640298607,MV-202,sine_steer_python-1
1893,2026年09月15日_19时21分47秒_第001次,2026-09-15T19:21:47,1.892,15.0621849526048,-0.0494293549095787,5.38418644001329,6.83305058707669,0.0527854076599272,7.89032676757616,0,-1.00724640327152,-0.0241281759898637,0.519176609093329,MV-202,sine_steer_python-1
1894,2026年09月15日_19时21分47秒_第001次,2026-09-15T19:21:47,1.893,15.0621995592237,-0.0494024769443723,5.38800990345273,6.83723042968703,0.0529706838452185,7.89450236585678,0,-1.02887906756301,-0.024649981331693,0.530176589605374,MV-202,sine_steer_python-1
1895,2026年09月15日_19时21分47秒_第001次,2026-09-15T19:21:47,1.894,15.0622141680195,-0.0493753340870575,5.39197345492434,6.84141025890346,0.0531563531886695,7.89867793861728,0,-1.05034925992259,-0.0251678985124596,0.54109281991309,MV-202,sine_steer_python-1
1896,2026年09月15日_19时21分47秒_第001次,2026-09-15T19:21:47,1.895,15.0622287657709,-0.049348220126652,5.39586363163909,6.84559007413698,0.0533424287448076,7.90285348484902,0,-1.07165358995799,-0.0256818461384244,0.551923561554724,MV-202,sine_steer_python-1
1897,2026年09月15日_19时21分47秒_第001次,2026-09-15T19:21:47,1.896,15.0622433571009,-0.0493211393874832,5.3997356637343,6.84976987552245,0.0535289063419163,7.90702900479541,0,-1.09278869346854,-0.0261917431993498,0.562667099661989,MV-202,sine_steer_python-1
1898,2026年09月15日_19时21分47秒_第001次,2026-09-15T19:21:47,1.897,15.062257942844,-0.0492941114558543,5.40359805080389,6.85394966295202,0.053715787634644,7.91120449834349,0,-1.11375123297637,-0.0266975090936891,0.573321742693151,MV-202,sine_steer_python-1
1899,2026年09月15日_19时21分47秒_第001次,2026-09-15T19:21:47,1.898,15.062272523569,-0.049267199750377,5.40745302965546,6.85812943637084,0.0539030730054387,7.91537996543342,0,-1.13453789825351,-0.0271990636616236,0.583885821804985,MV-202,sine_steer_python-1
1900,2026年09月15日_19时21分47秒_第001次,2026-09-15T19:21:47,1.899,15.0622870994071,-0.049240457220752,5.41130364820027,6.86230919572481,0.0540907628185212,7.91955540600733,0,-1.15514540684454,-0.0276963272267361,0.594357690005911,MV-202,sine_steer_python-1
1901,2026年09月15日_19时21分47秒_第001次,2026-09-15T19:21:47,1.9,15.062301669947,-0.0492139413551019,5.41514991462734,6.86648894095923,0.0542788574458708,7.92373082000334,0,-1.17557050458494,-0.0281892206435046,0.604735720904509,MV-202,sine_steer_python-1
1902,2026年09月15日_19时21分47秒_第001次,2026-09-15T19:21:47,1.901,15.0623162345762,-0.0491877088575577,5.41899112694566,6.87066867202296,0.0544673571668577,7.92790620736347,0,-1.19580996611504,-0.0286776653327376,0.615018307736381,MV-202,sine_steer_python-1
1903,2026年09月15日_19时21分47秒_第001次,2026-09-15T19:21:47,1.902,15.06233067852,-0.0491622175976047,5.42345088866591,6.87484838886594,0.0546562622284939,7.93208156803122,0,-1.21586059538921,-0.0291615833250221,0.62520386240966,MV-202,sine_steer_python-1
1904,2026年09月15日_19时21分47秒_第001次,2026-09-15T19:21:47,1.903,15.0623451269673,-0.0491369366952328,5.42716667666399,6.87902809104296,0.0548455808319592,7.93625690078409,0,-1.23571922618067,-0.0296408973151282,0.635290814187536,MV-202,sine_steer_python-1
1905,2026年09月15日_19时21分47秒_第001次,2026-09-15T19:21:47,1.904,15.0623595746232,-0.0491114620259959,5.43101868087232,6.88320777930292,0.0550352953514468,7.94043220748246,0,-1.2553827225814,-0.03011553071468,0.645277608190135,MV-202,sine_steer_python-1
1906,2026年09月15日_19时21分47秒_第001次,2026-09-15T19:21:47,1.905,15.0623740104677,-0.0490860806259961,5.43479891017809,6.88738745305734,0.0552254185037748,7.94460748711879,0,-1.27484797949738,-0.0305854076985425,0.65516270408327,MV-202,sine_steer_python-1
1907,2026年09月15日_19时21分47秒_第001次,2026-09-15T19:21:47,1.906,15.0623884383405,-0.0490607964554477,5.43856117024497,6.89156711243981,0.0554159462169249,7.94878273993328,0,-1.29411192313889,-0.0310504532468041,0.664944575019648,MV-202,sine_steer_python-1
1908,2026年09月15日_19时21分47秒_第001次,2026-09-15T19:21:47,1.907,15.0624028593462,-0.0490356287479082,5.44231373702125,6.89574675734139,0.0556068800967756,7.95295796581016,0,-1.31317151150591,-0.0315105931842632,0.674621706741896,MV-202,sine_steer_python-1
1909,2026年09月15日_19时21分47秒_第001次,2026-09-15T19:21:47,1.908,15.0624172742155,-0.049010639309672,5.44605878573712,6.89992638770614,0.0557982205095949,7.95713316468649,0,-1.3320237348685,-0.0319657542164107,0.684192596824089,MV-202,sine_steer_python-1
1910,2026年09月15日_19时21分47秒_第001次,2026-09-15T19:21:47,1.909,15.0624316832462,-0.0489858797014708,5.44979928329838,6.90410600347879,0.0559899678039486,7.96130833650106,0,-1.35066561624205,-0.0324158639599477,0.693655754109178,MV-202,sine_steer_python-1
1911,2026年09月15日_19时21分47秒_第001次,2026-09-15T19:21:47,1.91,15.0624460862085,-0.0489614058553097,5.45353523566882,6.90828560460349,0.0561821223360043,7.96548348118841,0,-1.36909421185738,-0.0328608509670138,0.703009698392999,MV-202,sine_steer_python-1
1912,2026年09月15日_19时21分47秒_第001次,2026-09-15T19:21:47,1.911,15.062460482679,-0.0489372728800831,5.45726595793537,6.91246519102794,0.0563746843717108,7.96965859868677,0,-1.38730661162561,-0.0333006447434313,0.71225296036054,MV-202,sine_steer_python-1
1913,2026年09月15日_19时21分47秒_第001次,2026-09-15T19:21:47,1.912,15.0624747618077,-0.0489139301249835,5.46159822320899,6.9166447627009,0.0565676541455009,7.97383368893558,0,-1.4052999395977,-0.0337351757612148,0.721384081776124,MV-202,sine_steer_python-1
1914,2026年09月15日_19时21分47秒_第001次,2026-09-15T19:21:47,1.913,15.0624890442058,-0.0488908524783603,5.46520612083631,6.9208243191788,0.0567610396484075,7.97800875071572,0,-1.42307135441857,-0.0341643754657234,0.730401615890553,MV-202,sine_steer_python-1
1915,2026年09月15日_19时21分47秒_第001次,2026-09-15T19:21:47,1.914,15.0625033252526,-0.0488676489682099,5.4689463650571,6.92500386120511,0.0569548236984085,7.98218378587212,0,-1.44061804977581,-0.0345881762794714,0.739304127923519,MV-202,sine_steer_python-1
1916,2026年09月15日_19时21分47秒_第001次,2026-09-15T19:21:47,1.915,15.0625175950069,-0.0488445991495368,5.47261644842649,6.92918338819265,0.0571490186743889,7.98635879339743,0,-1.45793725484283,-0.0350065116020059,0.748090195776615,MV-202,sine_steer_python-1
1917,2026年09月15日_19时21分47秒_第001次,2026-09-15T19:21:47,1.916,15.0625318570895,-0.0488217062057323,5.47626875446029,6.93336290027317,0.057343620604619,7.9905337735258,0,-1.47502623471635,-0.0354193158046235,0.756758410954232,MV-202,sine_steer_python-1
1918,2026年09月15日_19时21分47秒_第001次,2026-09-15T19:21:47,1.917,15.0625461127996,-0.0487989885176071,5.47991133032226,6.93754239733685,0.0575386310462578,7.99470872613682,0,-1.49188229084836,-0.0358265242242677,0.765307379437883,MV-202,sine_steer_python-1
1919,2026年09月15日_19时21分47秒_第001次,2026-09-15T19:21:47,1.918,15.0625603630294,-0.0487765057332834,5.48354628870009,6.94172187932665,0.0577340503497282,7.99888365116259,0,-1.50850276147221,-0.0362280731564239,0.773735722658969,MV-202,sine_steer_python-1
1920,2026年09月15日_19时21分47秒_第001次,2026-09-15T19:21:47,1.919,15.06257460824,-0.0487543074458789,5.48717651509009,6.94590134618623,0.05792987884835,8.00305854853684,0,-1.5248850220229,-0.0366238998455182,0.782042078580328,MV-202,sine_steer_python-1
1921,2026年09月15日_19时21分47秒_第001次,2026-09-15T19:21:47,1.92,15.0625888483747,-0.0487324474194251,5.49080201371367,6.95008079785868,0.0581261168829599,8.007233418189,0,-1.54102648555158,-0.0370139424749955,0.790225102755765,MV-202,sine_steer_python-1
1922,2026年09月15日_19时21分47秒_第001次,2026-09-15T19:21:47,1.921,15.0626030831848,-0.048710978526636,5.49442211782643,6.95426023429064,0.0583227647066416,8.0114082600521,0,-1.55692460313405,-0.0373981401579599,0.798283469326594,MV-202,sine_steer_python-1
1923,2026年09月15日_19时21分47秒_第001次,2026-09-15T19:21:47,1.922,15.0626172056552,-0.0486903402600764,5.49862656061666,6.95843965542984,0.0585198225418698,8.01558307406035,0,-1.57257686427323,-0.0377764329279586,0.806215872032888,MV-202,sine_steer_python-1
1924,2026年09月15日_19时21分47秒_第001次,2026-09-15T19:21:47,1.923,15.0626313319427,-0.0486700124812369,5.50212645364625,6.96261906083469,0.0587172981733771,8.01975785899807,0,-1.58798079729567,-0.0381487617312107,0.814021025174086,MV-202,sine_steer_python-1
1925,2026年09月15日_19时21分47秒_第001次,2026-09-15T19:21:47,1.924,15.0626454588136,-0.0486496174486129,5.50575484302725,6.96679845124283,0.0589151748609575,8.02393261669185,0,-1.60313396974176,-0.0385150684203421,0.821697664477809,MV-202,sine_steer_python-1
1926,2026年09月15日_19时21分47秒_第001次,2026-09-15T19:21:47,1.925,15.0626595759489,-0.0486294262017299,5.50931471210968,6.97097782606946,0.059113464645865,8.02810734613517,0,-1.6180339887499,-0.0388752957494346,0.829244547899934,MV-202,sine_steer_python-1
1927,2026年09月15日_19时21分47秒_第001次,2026-09-15T19:21:47,1.926,15.0626736873998,-0.0486094404641856,5.51285702780535,6.97515718544423,0.0593121636577545,8.03228204755494,0,-1.63267850143437,-0.0392293873709183,0.836660456340593,MV-202,sine_steer_python-1
1928,2026年09月15日_19时21分47秒_第001次,2026-09-15T19:21:47,1.927,15.0626877945145,-0.0485896770161456,5.51638960338167,6.97933652925687,0.0595112734056781,8.03645672082585,0,-1.64706519525685,-0.0395772878348378,0.843944194251616,MV-202,sine_steer_python-1
1929,2026年09月15日_19时21分47秒_第001次,2026-09-15T19:21:47,1.928,15.0627018982969,-0.0485701925802376,5.51991448847005,6.98351585744955,0.0597107942251104,8.04063136587486,0,-1.66119179839163,-0.0399189425905846,0.851094590129295,MV-202,sine_steer_python-1
1930,2026年09月15日_19时21分47秒_第001次,2026-09-15T19:21:47,1.929,15.0627159993201,-0.0485510340095379,5.52343448705971,6.98769516996517,0.0599107264351152,8.04480598263059,0,-1.67505608008428,-0.0402542979910267,0.858110496895818,MV-202,sine_steer_python-1
1931,2026年09月15日_19时21分47秒_第001次,2026-09-15T19:21:47,1.93,15.0627300976442,-0.0485322521226396,5.52694960231974,6.99187446674608,0.0601110703622727,8.04898057101748,0,-1.68865585100403,-0.0405833012990658,0.864990792168708,MV-202,sine_steer_python-1
1932,2026年09月15日_19时21分47秒_第001次,2026-09-15T19:21:47,1.931,15.0627441931358,-0.0485138967781624,5.5304591868832,6.99605374773823,0.0603118262479621,8.05315513096366,0,-1.70198896358938,-0.0409059006966346,0.8717343784217,MV-202,sine_steer_python-1
1933,2026年09月15日_19时21分47秒_第001次,2026-09-15T19:21:47,1.932,15.0627581824784,-0.0484963962084233,5.53453574071275,7.00023301288868,0.060512994303934,8.05732966239853,0,-1.7150533123873,-0.0412220452960755,0.878340183050565,MV-202,sine_steer_python-1
1934,2026年09月15日_19时21分47秒_第001次,2026-09-15T19:21:47,1.933,15.0627721774533,-0.0484792344262832,5.53792777789846,7.00441226175836,0.0607145821126329,8.06150416411173,0,-1.72784683438567,-0.0415316851543078,0.884807158236956,MV-202,sine_steer_python-1
1935,2026年09月15日_19时21分47秒_第001次,2026-09-15T19:21:47,1.934,15.0627861767891,-0.048462046867845,5.54144449488515,7.00859149507885,0.060916573374853,8.06567863791015,0,-1.74036750933905,-0.0418347712870167,0.891134280859301,MV-202,sine_steer_python-1
1936,2026年09月15日_19时21分47秒_第001次,2026-09-15T19:21:47,1.935,15.0628001684677,-0.0484450950241785,5.54489437494904,7.01277071226906,0.0611189797950468,8.0698530827904,0,-1.75261336008773,-0.0421312556851989,0.897320552322931,MV-202,sine_steer_python-1
1937,2026年09月15日_19时21分47秒_第001次,2026-09-15T19:21:47,1.936,15.0628141574993,-0.0484283784824514,5.54832697247804,7.01694991345637,0.0613217976060032,8.07402749897252,0,-1.76458245286991,-0.0424210913323076,0.903364998361802,MV-202,sine_steer_python-1
1938,2026年09月15日_19时21分47秒_第001次,2026-09-15T19:21:47,1.937,15.0628281451134,-0.0484119117117537,5.55174986213168,7.02112909853071,0.0615250282699216,8.07820188632774,0,-1.77627289762709,-0.0427042322229605,0.909266668666486,MV-202,sine_steer_python-1
1939,2026年09月15日_19时21分47秒_第001次,2026-09-15T19:21:47,1.938,15.0628421323438,-0.048395747810569,5.5551650298233,7.02530826743387,0.0617286721088518,8.08237624477917,0,-1.78768284830253,-0.0429806333833573,0.915024636429124,MV-202,sine_steer_python-1
1940,2026年09月15日_19时21分47秒_第001次,2026-09-15T19:21:47,1.939,15.0628561197932,-0.0483799302175003,5.55857519767428,7.02948742010843,0.0619327294292086,8.08655057425181,0,-1.79881050313274,-0.0432502508894402,0.920637998103475,MV-202,sine_steer_python-1
1941,2026年09月15日_19时21分47秒_第001次,2026-09-15T19:21:47,1.94,15.0628701075547,-0.0483645061553848,5.56198036811107,7.03366655649648,0.0621372005449935,8.09072487466672,0,-1.80965410493204,-0.0435130418832359,0.926105873209065,MV-202,sine_steer_python-1
1942,2026年09月15日_19时21分47秒_第001次,2026-09-15T19:21:47,1.941,15.0628840955251,-0.0483495218465993,5.56537991385758,7.03784567654372,0.0623420856876341,8.09489914594884,0,-1.82021194136999,-0.0437689645892043,0.931427403936271,MV-202,sine_steer_python-1
1943,2026年09月15日_19时21分47秒_第001次,2026-09-15T19:21:47,1.942,15.0628979839278,-0.0483353931226187,5.56932893794604,7.04202478019699,0.0625473850599668,8.09907338802463,0,-1.83048234524184,-0.0440179783270208,0.936601755088222,MV-202,sine_steer_python-1
1944,2026年09月15日_19时21分47秒_第001次,2026-09-15T19:21:47,1.943,15.0629118802278,-0.048321607658298,5.5726136831855,7.04620386702041,0.0627531060457381,8.10324759969219,0,-1.84046369473174,-0.0442600435257651,0.941628113934083,MV-202,sine_steer_python-1
1945,2026年09月15日_19时21分47秒_第001次,2026-09-15T19:21:47,1.944,15.0629257853547,-0.0483078140722313,5.57601933029471,7.05038293773926,0.0629592327876527,8.10742178273862,0,-1.85015441366892,-0.0444951217367352,0.9465056900492,MV-202,sine_steer_python-1
1946,2026年09月15日_19时21分47秒_第001次,2026-09-15T19:21:47,1.945,15.0629396848138,-0.0482942635936965,5.57935987966503,7.05456199177735,0.0631657766544363,8.11159593616705,0,-1.8595529717765,-0.0447231756429785,0.951233715292528,MV-202,sine_steer_python-1
1947,2026年09月15日_19时21分47秒_第001次,2026-09-15T19:21:47,1.946,15.0629535848203,-0.0482809532736953,5.58268347188164,7.05874102925988,0.0633727339843452,8.11577006019235,0,-1.86865788491322,-0.0449441690668867,0.955811443870848,MV-202,sine_steer_python-1
1948,2026年09月15日_19时21分47秒_第001次,2026-09-15T19:21:47,1.947,15.0629674863468,-0.0482678948671223,5.58599743924451,7.06292005007752,0.0635801061944779,8.11994415468468,0,-1.87746771530775,-0.0451580669770129,0.960238152419945,MV-202,sine_steer_python-1
1949,2026年09月15日_19时21分47秒_第001次,2026-09-15T19:21:47,1.948,15.0629813903681,-0.0482551374828676,5.58930370284021,7.06709905417214,0.0637878935954499,8.12411821956567,0,-1.88598107178573,-0.0453648354937828,0.9645131401149,MV-202,sine_steer_python-1
1950,2026年09月15日_19时21分47秒_第001次,2026-09-15T19:21:47,1.949,15.0629952974301,-0.0482427208250887,5.59260490200365,7.07127804148641,0.063996096483061,8.12829225475912,0,-1.89419660998949,-0.0455644418936204,0.968635728839117,MV-202,sine_steer_python-1
1951,2026年09月15日_19时21分47秒_第001次,2026-09-15T19:21:47,1.95,15.0630092075732,-0.0482306882455203,5.59590103803791,7.07545701196257,0.0642047151608082,8.13246626018516,0,-1.90211303259031,-0.0457568546117101,0.972605263404112,MV-202,sine_steer_python-1
1952,2026年09月15日_19时21分47秒_第001次,2026-09-15T19:21:47,1.951,15.0630231206405,-0.0482190821022176,5.59919150363984,7.07963596554648,0.0644137498522794,8.13664023576808,0,-1.90972908949329,-0.045942043243787,0.97642111183058,MV-202,sine_steer_python-1
1953,2026年09月15日_19时21分47秒_第001次,2026-09-15T19:21:47,1.952,15.0630369402457,-0.0482083052128341,5.60301388415916,7.08381490218513,0.0646232007535356,8.14081418143391,0,-1.91704357803475,-0.0461199785478038,0.980082665556874,MV-202,sine_steer_python-1
1954,2026年09月15日_19时21分47秒_第001次,2026-09-15T19:21:47,1.953,15.0630507696003,-0.0481978490482007,5.60619239913587,7.08799382144651,0.0648330750520114,8.14498809599309,0,-1.92405534317217,-0.0462906324441201,0.983589339670751,MV-202,sine_steer_python-1
1955,2026年09月15日_19时21分47秒_第001次,2026-09-15T19:21:47,1.954,15.0630646116584,-0.0481873755836647,5.60948806957459,7.09217272404916,0.0650433573353139,8.14916198121327,0,-1.93076327766655,-0.0464539780140575,0.986940573322464,MV-202,sine_steer_python-1
1956,2026年09月15日_19时21分47秒_第001次,2026-09-15T19:21:47,1.955,15.0630784494263,-0.0481771256147457,5.61272044136607,7.09635160942275,0.0652540586372927,8.15333583610784,0,-1.93716632225726,-0.0466099894997825,0.990135830020412,MV-202,sine_steer_python-1
1957,2026年09月15日_19时21分47秒_第001次,2026-09-15T19:21:47,1.956,15.0630922902249,-0.0481670937083659,5.61593623281592,7.10053047769041,0.0654651754043282,8.15750966088873,0,-1.94326346582935,-0.0467586423038045,0.993174597901486,MV-202,sine_steer_python-1
1958,2026年09月15日_19时21分47秒_第001次,2026-09-15T19:21:47,1.957,15.0631061347014,-0.0481572889746544,5.61914253156966,7.10470932874394,0.0656767090103494,8.1616834554277,0,-1.94905374557315,-0.0468999129875679,0.996056390039822,MV-202,sine_steer_python-1
1959,2026年09月15日_19时21分47秒_第001次,2026-09-15T19:21:47,1.958,15.0631199837025,-0.048147756652579,5.62234119237534,7.10888816252556,0.065888659756662,8.16585721964747,0,-1.95453624713639,-0.0470337792701072,0.99878074474936,MV-202,sine_steer_python-1
1960,2026年09月15日_19时21分47秒_第001次,2026-09-15T19:21:47,1.959,15.0631338376518,-0.0481385328835175,5.62553477032597,7.11306697897834,0.0661010279305669,8.17003095347317,0,-1.95971010476849,-0.047160220027313,1.00134722584459,MV-202,sine_steer_python-1
1961,2026年09月15日_19时21分47秒_第001次,2026-09-15T19:21:47,1.96,15.0631476964754,-0.0481296573698913,5.62872326454484,7.11724577804491,0.0663138138271637,8.17420465682656,0,-1.96457450145738,-0.0472792152916274,1.00375542286824,MV-202,sine_steer_python-1
1962,2026年09月15日_19时21分47秒_第001次,2026-09-15T19:21:47,1.961,15.0631615599051,-0.0481211688781244,5.63190608675012,7.1214245596715,0.0665270176643055,8.17837832963372,0,-1.96912866905841,-0.0473907462520472,1.00600495129616,MV-202,sine_steer_python-1
1963,2026年09月15日_19时21分47秒_第001次,2026-09-15T19:21:47,1.962,15.0631753348358,-0.0481134572388741,5.63560323510854,7.12560332380549,0.0667406396333642,8.18255197182269,0,-1.97337188841574,-0.0474947952546437,1.00809545271032,MV-202,sine_steer_python-1
1964,2026年09月15日_19时21分47秒_第001次,2026-09-15T19:21:47,1.963,15.0631891203042,-0.048106018601587,5.63867706120828,7.12978207001925,0.0669546867259515,8.18672558221998,0,-1.97730348947583,-0.0475913458037905,1.01002659492876,MV-202,sine_steer_python-1
1965,2026年09月15日_19时21分47秒_第001次,2026-09-15T19:21:47,1.964,15.0632029205773,-0.0480985286349253,5.6418643076517,7.13396079902389,0.0671691439796419,8.19089916257379,0,-1.9809228513933,-0.0476803825640959,1.0117980720926,MV-202,sine_steer_python-1
1966,2026年09月15日_19时21分47秒_第001次,2026-09-15T19:21:47,1.965,15.0632167171752,-0.048091218139034,5.6449901097559,7.13813951025545,0.0673840220935401,8.19507271191094,0,-1.98422940262896,-0.0477618913629353,1.01340960471566,MV-202,sine_steer_python-1
1967,2026年09月15日_19时21分47秒_第001次,2026-09-15T19:21:47,1.966,15.0632305179771,-0.0480840797212128,5.6480997457566,7.14231820383516,0.0675993176247679,8.19924623044249,0,-1.98722262104002,-0.0478358591935221,1.01486093969982,MV-202,sine_steer_python-1
1968,2026年09月15日_19时21分47秒_第001次,2026-09-15T19:21:47,1.967,15.0632443233437,-0.0480771203977623,5.65120005861776,7.14649687965602,0.0678150319058016,8.20341971804387,0,-1.9899020339626,-0.0479022742184712,1.01615185031761,MV-202,sine_steer_python-1
1969,2026年09月15日_19时21分47秒_第001次,2026-09-15T19:21:47,1.968,15.0632581339633,-0.0480703821357168,5.65429283509199,7.1506755376607,0.0680311652305056,8.20759317464093,0,-1.99226721828634,-0.0479611257737743,1.01728213616483,MV-202,sine_steer_python-1
1970,2026年09月15日_19时21分47秒_第001次,2026-09-15T19:21:47,1.969,15.0632719501107,-0.0480638981535482,5.6573805443202,7.1548541777927,0.0682477178794834,8.21176660016205,0,-1.99431780052123,-0.0480124043730676,1.01825162308844,MV-202,sine_steer_python-1
1971,2026年09月15日_19时21分47秒_第001次,2026-09-15T19:21:47,1.97,15.0632857715765,-0.0480577051835738,5.660463181801,7.15903279999509,0.0684646901411888,8.21593999453244,0,-1.99605345685654,-0.0480561050259468,1.01906002280559,MV-202,sine_steer_python-1
1972,2026年09月15日_19时21分47秒_第001次,2026-09-15T19:21:47,1.971,15.0632995979642,-0.0480518391182473,5.66354017677784,7.16321140421447,0.0686820822294452,8.22011335768168,0,-1.99747391321203,-0.0480922210944747,1.01970719337234,MV-202,sine_steer_python-1
1973,2026年09月15日_19时21分47秒_第001次,2026-09-15T19:21:47,1.972,15.0633133394017,-0.048046677393742,5.66711392187404,7.16738999039857,0.0688998943325873,8.22428668954143,0,-1.99857894528118,-0.0481207442461677,1.02019314010549,MV-202,sine_steer_python-1
1974,2026年09月15日_19时21分47秒_第001次,2026-09-15T19:21:47,1.973,15.0633270908443,-0.0480417223888634,5.67008496416038,7.1715685581246,0.0691181332446341,8.22845998895719,0,-1.9993683785666,-0.0481416698143057,1.02051779048187,MV-202,sine_steer_python-1
1975,2026年09月15日_19时21分47秒_第001次,2026-09-15T19:21:47,1.974,15.0633408567777,-0.0480366638657656,5.67316567679543,7.17574710809513,0.0693367844598721,8.23263325765671,0,-1.99984208840763,-0.0481549922939887,1.02068118327651,MV-202,sine_steer_python-1
1976,2026年09月15日_19时21分47秒_第001次,2026-09-15T19:21:47,1.975,15.0633546190535,-0.0480317235534415,5.67618684050407,7.17992563975274,0.0695558583417222,8.2368064946823,0,-2,-0.0481607115716757,1.02068320590946,MV-202,sine_steer_python-1
1977,2026年09月15日_19时21分47秒_第001次,2026-09-15T19:21:47,1.976,15.0633683852364,-0.0480268929669526,5.67919226881519,7.18410415321687,0.0697753515602657,8.24097970024538,0,-1.99984208840763,-0.0481588273795428,1.02052382878468,MV-202,sine_steer_python-1
1978,2026年09月15日_19时21分47秒_第001次,2026-09-15T19:21:47,1.977,15.0633821555379,-0.0480221779166579,5.68218856219593,7.18828264838153,0.0699952654076927,8.24515287422602,0,-1.9993683785666,-0.0481493394476017,1.02020309876077,MV-202,sine_steer_python-1
1979,2026年09月15日_19时21分47秒_第001次,2026-09-15T19:21:47,1.978,15.0633959305014,-0.048017618015076,5.68517743804393,7.19246112518971,0.0702156001717073,8.24932601655413,0,-1.99857894528118,-0.0481322476317778,1.01972113399962,MV-202,sine_steer_python-1
1980,2026年09月15日_19时21分47秒_第001次,2026-09-15T19:21:47,1.979,15.0634097102685,-0.0480132444944436,5.68816127800824,7.19663958358518,0.0704363561273895,8.25349912716215,0,-1.99747391321204,-0.048107551882711,1.0190781251391,MV-202,sine_steer_python-1
1981,2026年09月15日_19时21分47秒_第001次,2026-09-15T19:21:47,1.98,15.0634234945156,-0.048009092070058,5.69114007257801,7.20081802351128,0.0706575335576396,8.25767220597939,0,-1.99605345685654,-0.0480752525287451,1.01827432325121,MV-202,sine_steer_python-1
1982,2026年09月15日_19时21分47秒_第001次,2026-09-15T19:21:47,1.981,15.0634372827425,-0.0480051947279875,5.69411326695503,7.20499644491476,0.0708791326732728,8.26184525293952,0,-1.99431780052123,-0.048035350468429,1.01731003169688,MV-202,sine_steer_python-1
1983,2026年09月15日_19时21分47秒_第001次,2026-09-15T19:21:47,1.982,15.0634509883244,-0.0480019184351904,5.69756567186724,7.2091748477435,0.0711011536605325,8.26601826797821,0,-1.99226721828635,-0.047987852893682,1.01618536382938,MV-202,sine_steer_python-1
1984,2026年09月15日_19时21分47秒_第001次,2026-09-15T19:21:47,1.983,15.0634647022323,-0.0479987737603039,5.70043601842256,7.21335323157991,0.0713236031119239,8.27019124996168,0,-1.9899020339626,-0.0479327687671649,1.01490043488433,MV-202,sine_steer_python-1
1985,2026年09月15日_19时21分47秒_第001次,2026-09-15T19:21:47,1.984,15.0634784291455,-0.0479954649376506,5.70341226261379,7.21753159711656,0.0715464669861836,8.27436420059495,0,-1.98722262104002,-0.0478701069263349,1.01345544071526,MV-202,sine_steer_python-1
1986,2026年09月15日_19时21分47秒_第001次,2026-09-15T19:21:47,1.985,15.0634921513027,-0.0479922056738045,5.70633085909807,7.22170994380308,0.0717697553089946,8.27853711893711,0,-1.98422940262896,-0.0477998820885327,1.01185040537659,MV-202,sine_steer_python-1
1987,2026年09月15日_19时21分47秒_第001次,2026-09-15T19:21:47,1.986,15.0635058759856,-0.0479889873950537,5.70923414768912,7.22588827175659,0.0719934648649113,8.28271000519947,0,-1.9809228513933,-0.0477221060969539,1.01008555014999,MV-202,sine_steer_python-1
1988,2026年09月15日_19时21分47秒_第001次,2026-09-15T19:21:47,1.987,15.063519603301,-0.0479858156865232,5.71212848646513,7.23006658087187,0.0722175969063153,8.2868828592666,0,-1.97730348947583,-0.0476367917364982,1.00816113235479,MV-202,sine_steer_python-1
1989,2026年09月15日_19时21分47秒_第001次,2026-09-15T19:21:47,1.988,15.0635333336944,-0.0479827287862978,5.71501552322882,7.23424487109191,0.0724421517152536,8.29105568107216,0,-1.97337188841574,-0.0475439529889772,1.00607743464836,MV-202,sine_steer_python-1
1990,2026年09月15日_19时21分47秒_第001次,2026-09-15T19:21:47,1.989,15.0635470672259,-0.0479797569142481,5.71789755121876,7.2384231423605,0.072667129561694,8.29522847055221,0,-1.96912866905841,-0.0474436049851212,1.00383476669229,MV-202,sine_steer_python-1
1991,2026年09月15日_19时21分47秒_第001次,2026-09-15T19:21:47,1.99,15.0635608035112,-0.0479769337318862,5.72077455508493,7.24260139462086,0.0728925307232927,8.29940122763963,0,-1.96457450145738,-0.0473357639850737,1.00143346582485,MV-202,sine_steer_python-1
1992,2026年09月15日_19时21分47秒_第001次,2026-09-15T19:21:47,1.991,15.063574542004,-0.0479742922693529,5.72364599490039,7.24677962781962,0.0731183554080934,8.30357395227151,0,-1.95971010476849,-0.0472204473687668,0.998873897373517,MV-202,sine_steer_python-1
1993,2026年09月15日_19时21分47秒_第001次,2026-09-15T19:21:47,1.992,15.0635881993896,-0.0479721879680252,5.7269791492768,7.25095784190445,0.0733446038004087,8.30774664438679,0,-1.95453624713639,-0.0470976736232336,0.996156455008902,MV-202,sine_steer_python-1
1994,2026年09月15日_19时21分47秒_第001次,2026-09-15T19:21:47,1.993,15.0636018627437,-0.0479701416042239,5.72975087605516,7.25513603646327,0.0735712822857142,8.31191930287302,0,-1.94905374557316,-0.046967462325382,0.993281561261601,MV-202,sine_steer_python-1
1995,2026年09月15日_19时21分47秒_第001次,2026-09-15T19:21:47,1.994,15.063615536956,-0.0479678720111575,5.7326246856264,7.25931421217709,0.0737983772951273,8.31609192940905,0,-1.94326346582935,-0.0468298341229276,0.99024966813057,MV-202,sine_steer_python-1
1996,2026年09月15日_19时21分47秒_第001次,2026-09-15T19:21:47,1.995,15.0636292047312,-0.0479655858349251,5.7354427352955,7.26349236850296,0.0740258985135651,8.32026452307093,0,-1.93716632225726,-0.0466848107175239,0.987061257594922,MV-202,sine_steer_python-1
1997,2026年09月15日_19时21分47秒_第001次,2026-09-15T19:21:47,1.996,15.0636428731233,-0.0479632752627116,5.73824588300351,7.26767050555508,0.0742538428408659,8.32443708406832,0,-1.93076327766655,-0.0465324148528729,0.983716841893915,MV-202,sine_steer_python-1
1998,2026年09月15日_19时21分47秒_第001次,2026-09-15T19:21:47,1.997,15.0636565421999,-0.0479609464599535,5.74104024576375,7.27184862322872,0.074482211489368,8.32860961228919,0,-1.92405534317217,-0.0463726703092642,0.980216963518222,MV-202,sine_steer_python-1
1999,2026年09月15日_19时21分47秒_第001次,2026-09-15T19:21:47,1.998,15.0636702123752,-0.0479586370717103,5.74382740257426,7.27602672146658,0.0747110047352472,8.33278210766963,0,-1.91704357803475,-0.0462056019055316,0.976562194878131,MV-202,sine_steer_python-1
2000,2026年09月15日_19时21分47秒_第001次,2026-09-15T19:21:47,1.999,15.0636838836947,-0.0479563770574477,5.74660955827374,7.28020480021205,0.0749402228430669,8.33695457014798,0,-1.90972908949329,-0.0460312355089448,0.972753137626331,MV-202,sine_steer_python-1
2001,2026年09月15日_19时21分47秒_第001次,2026-09-15T19:21:47,2,15.0636975557821,-0.0479541997438392,5.74938669173108,7.28438285940797,0.0751698660848589,8.34112699965927,0,-1.90211303259031,-0.0458495980525241,0.968790421653876,MV-202,sine_steer_python-1
2002,2026年09月15日_19时21分47秒_第001次,2026-09-15T19:21:47,2.001,15.0637112281125,-0.0479521378896182,5.75215827764691,7.28856089900047,0.0753999346654591,8.3452993961425,0,-1.89419660998949,-0.0456607175581003,0.964674703830151,MV-202,sine_steer_python-1
2003,2026年09月15日_19时21分47秒_第001次,2026-09-15T19:21:47,2.002,15.0637248207675,-0.047950537079045,5.75537412000516,7.2927389189367,0.0756304287667583,8.34947175953835,0,-1.88598107178573,-0.0454646231626753,0.96040666659157,MV-202,sine_steer_python-1
2004,2026年09月15日_19时21分47秒_第001次,2026-09-15T19:21:47,2.003,15.0637384169926,-0.0479489300385401,5.75804913326029,7.29691691881046,0.0758613545609451,8.35364408875565,0,-1.87746771530775,-0.045261345145352,0.955987016495043,MV-202,sine_steer_python-1
2005,2026年09月15日_19时21分47秒_第001次,2026-09-15T19:21:47,2.004,15.0637520213999,-0.0479470499339819,5.76082235419431,7.30109489928957,0.0760926989589432,8.35781638544288,0,-1.86865788491322,-0.0450509149521387,0.951416482849731,MV-202,sine_steer_python-1
2006,2026年09月15日_19时21分47秒_第001次,2026-09-15T19:21:47,2.005,15.0637656181659,-0.0479450970248558,5.7635416855903,7.30527285983879,0.0763244713012896,8.36198864869247,0,-1.8595529717765,-0.0448333652162499,0.94669581652745,MV-202,sine_steer_python-1
2007,2026年09月15日_19时21分47秒_第001次,2026-09-15T19:21:47,2.006,15.0637792137269,-0.047943064736483,5.76624648858308,7.30945080056907,0.0765566686033857,8.3661608787106,0,-1.85015441366892,-0.0446087297721171,0.941825789027559,MV-202,sine_steer_python-1
2008,2026年09月15日_19时21分47秒_第001次,2026-09-15T19:21:47,2.007,15.0637928082419,-0.0479409602461066,5.76894264304638,7.31362872137589,0.0767892920367625,8.37033307538689,0,-1.84046369473174,-0.0443770436621389,0.936807191837785,MV-202,sine_steer_python-1
2009,2026年09月15日_19时21分47秒_第001次,2026-09-15T19:21:47,2.008,15.0638064021556,-0.0479388210017149,5.77163166070306,7.31780662220139,0.0770223418710302,8.3745052386582,0,-1.83048234524184,-0.0441383431360756,0.931640836094805,MV-202,sine_steer_python-1
2010,2026年09月15日_19时21分47秒_第001次,2026-09-15T19:21:47,2.009,15.0638199955583,-0.0479366770557778,5.77431565888467,7.32198450298834,0.0772558183645944,8.37867736846341,0,-1.82021194136999,-0.0438926656438087,0.926327552514255,MV-202,sine_steer_python-1
2011,2026年09月15日_19时21分47秒_第001次,2026-09-15T19:21:47,2.01,15.0638335881393,-0.0479345617096787,5.77699461159686,7.32616236367897,0.0774897217830553,8.38284946473797,0,-1.80965410493204,-0.0436400498228148,0.920868191533069,MV-202,sine_steer_python-1
2012,2026年09月15日_19时21分47秒_第001次,2026-09-15T19:21:47,2.011,15.0638471794502,-0.0479325077165038,5.7796680087682,7.33034020421869,0.0777240523272096,8.38702152742111,0,-1.79881050313274,-0.043380535482091,0.915263623590757,MV-202,sine_steer_python-1
2013,2026年09月15日_19时21分47秒_第001次,2026-09-15T19:21:47,2.012,15.0638606930442,-0.0479308510128979,5.78276822877752,7.33451802455391,0.0779588101756712,8.39119355645352,0,-1.78768284830253,-0.0431141635843754,0.909514739471678,MV-202,sine_steer_python-1
2014,2026年09月15日_19时21分47秒_第001次,2026-09-15T19:21:47,2.013,15.0638742083681,-0.0479291375273113,5.78534818802789,7.33869582428483,0.0781940012812445,8.39536555076517,0,-1.77627289762709,-0.0428409762283372,0.903622450637545,MV-202,sine_steer_python-1
2015,2026年09月15日_19时21分47秒_第001次,2026-09-15T19:21:47,2.014,15.0638877297724,-0.0479271141509848,5.78802242672155,7.34287360406461,0.0784296130411432,8.3995375119699,0,-1.76458245286991,-0.0425610166320086,0.897587689496203,MV-202,sine_steer_python-1
2016,2026年09月15日_19时21分47秒_第001次,2026-09-15T19:21:47,2.015,15.0639012429843,-0.0479249749338617,5.79064462119774,7.34705136336632,0.0786656544478707,8.40370943917618,0,-1.75261336008773,-0.0422743291181943,0.891411409575712,MV-202,sine_steer_python-1
2017,2026年09月15日_19时21分47秒_第001次,2026-09-15T19:21:47,2.016,15.0639147538474,-0.0479227145852521,5.79325262966439,7.35122910229727,0.078902122632356,8.40788133258468,0,-1.74036750933905,-0.0419809591020058,0.88509458559754,MV-202,sine_steer_python-1
2018,2026年09月15日_19时21分47秒_第001次,2026-09-15T19:21:47,2.017,15.0639282626542,-0.0479203412826815,5.79585209760512,7.35540682075311,0.0791390187243787,8.41205319208521,0,-1.72784683438567,-0.0416809530801417,0.878638213464946,MV-202,sine_steer_python-1
2019,2026年09月15日_19时21分47秒_第001次,2026-09-15T19:21:47,2.018,15.0639417699159,-0.0479178922281004,5.79844447166643,7.3595845186753,0.0793763429861171,8.41622501761387,0,-1.71505331238731,-0.04137435862115,0.872043310199019,MV-202,sine_steer_python-1
2020,2026年09月15日_19时21分47秒_第001次,2026-09-15T19:21:47,2.019,15.0639552758007,-0.0479153974784686,5.80103178314329,7.36376219600593,0.0796140956689405,8.42039680910859,0,-1.70198896358938,-0.0410612243557152,0.865310913862931,MV-202,sine_steer_python-1
2021,2026年09月15日_19时21分47秒_第001次,2026-09-15T19:21:47,2.02,15.0639687800927,-0.0479128901812202,5.80361400268494,7.36793985268653,0.0798522770311182,8.42456856650387,0,-1.68865585100403,-0.0407415999660341,0.85844208351424,MV-202,sine_steer_python-1
2022,2026年09月15日_19时21分47秒_第001次,2026-09-15T19:21:47,2.021,15.0639822824458,-0.0479104029164751,5.8061906366696,7.37211748866177,0.0800908872685183,8.42874028973778,0,-1.67505608008428,-0.0404155361735554,0.851437899215903,MV-202,sine_steer_python-1
2023,2026年09月15日_19时21分47秒_第001次,2026-09-15T19:21:47,2.022,15.0639957099274,-0.0479082616988933,5.8091766685125,7.3762951038773,0.0803299265555995,8.43291197874973,0,-1.66119179839163,-0.0400830847247145,0.844299462121926,MV-202,sine_steer_python-1
2024,2026年09月15日_19时21分47秒_第001次,2026-09-15T19:21:47,2.023,15.0640091381829,-0.047906026378628,5.81166299424108,7.38047269794034,0.0805694006205389,8.43708363249115,0,-1.64706519525686,-0.0397442983747096,0.837027894635555,MV-202,sine_steer_python-1
2025,2026年09月15日_19时21分47秒_第001次,2026-09-15T19:21:47,2.024,15.0640225717164,-0.0479034567136037,5.81423963171164,7.38465027148811,0.0808092973522768,8.44125525253746,0,-1.63267850143437,-0.0393992308697841,0.829624340620754,MV-202,sine_steer_python-1
2026,2026年09月15日_19时21分47秒_第001次,2026-09-15T19:21:47,2.025,15.0640359971015,-0.0479007402589305,5.81676604609276,7.38882782400299,0.0810496253920313,8.44542683801358,0,-1.61803398874989,-0.0390479369288003,0.82208996563351,MV-202,sine_steer_python-1
2027,2026年09月15日_19时21分47秒_第001次,2026-09-15T19:21:47,2.026,15.0640494199438,-0.0478978726803068,5.81927859377933,7.39300535558823,0.0812903819862105,8.44959838911308,0,-1.60313396974175,-0.0386904722250925,0.814425957131437,MV-202,sine_steer_python-1
2028,2026年09月15日_19时21分47秒_第001次,2026-09-15T19:21:47,2.027,15.0640628406242,-0.0478948627725624,5.82178268723608,7.39718286613983,0.0815315682220289,8.45376990572513,0,-1.58798079729567,-0.0383268933696152,0.806633524618701,MV-202,sine_steer_python-1
2029,2026年09月15日_19时21分47秒_第001次,2026-09-15T19:21:47,2.028,15.0640762597224,-0.0478917470830053,5.82427971046757,7.40136035559865,0.0817731843535082,8.45794138778423,0,-1.57257686427324,-0.0379572578962822,0.798713899688444,MV-202,sine_steer_python-1
2030,2026年09月15日_19时21分47秒_第001次,2026-09-15T19:21:47,2.029,15.0640896774843,-0.0478885552407926,5.82677161042315,7.40553782390617,0.0820152306242843,8.46211283522663,0,-1.55692460313405,-0.037581624250132,0.790668335935922,MV-202,sine_steer_python-1
2031,2026年09月15日_19时21分47秒_第001次,2026-09-15T19:21:47,2.03,15.0641030937846,-0.0478853197833561,5.82925835614783,7.40971527100335,0.0822577072846052,8.46628424798517,0,-1.54102648555158,-0.0372000517786103,0.782498108730018,MV-202,sine_steer_python-1
2032,2026年09月15日_19时21分47秒_第001次,2026-09-15T19:21:47,2.031,15.064116508372,-0.0478820726405279,5.83173947198693,7.41389269683424,0.0825006145247561,8.47045562599618,0,-1.5248850220229,-0.0368126007258913,0.774204514846895,MV-202,sine_steer_python-1
2033,2026年09月15日_19时21分47秒_第001次,2026-09-15T19:21:47,2.032,15.0641298518279,-0.0478791292786931,5.83461255676727,7.41807010134383,0.0827439525144198,8.4746269691973,0,-1.50850276147221,-0.0364193322297967,0.765788871984055,MV-202,sine_steer_python-1
2034,2026年09月15日_19时21分47秒_第001次,2026-09-15T19:21:47,2.033,15.0641431959722,-0.0478760637887655,5.83700649879518,7.42224748414717,0.0829877267530877,8.47879827656252,0,-1.49188229084836,-0.0360203083206081,0.757252518185267,MV-202,sine_steer_python-1
2035,2026年09月15日_19时21分47秒_第001次,2026-09-15T19:21:47,2.034,15.0641565458981,-0.0478726478342461,5.83948675804757,7.42642484586446,0.0832319256260088,8.48296954962595,0,-1.47502623471635,-0.035615591920882,0.748596811213792,MV-202,sine_steer_python-1
2036,2026年09月15日_19时21分47秒_第001次,2026-09-15T19:21:47,2.035,15.0641698881945,-0.0478690619209971,5.84191860085156,7.43060218598851,0.0834765574205143,8.48714078753022,0,-1.45793725484282,-0.0352052468453347,0.739823127913623,MV-202,sine_steer_python-1
2037,2026年09月15日_19时21分47秒_第001次,2026-09-15T19:21:47,2.036,15.0641832285984,-0.0478653021384498,5.8443368841593,7.43477950461823,0.08372161949868,8.49131199046099,0,-1.44061804977581,-0.0347893377999362,0.730932863595476,MV-202,sine_steer_python-1
2038,2026年09月15日_19时21分47秒_第001次,2026-09-15T19:21:47,2.037,15.0641965674978,-0.0478613773287359,5.84674678819616,7.43895680165029,0.0839671129046768,8.49548315830694,0,-1.42307135441857,-0.034367930379515,0.72192743147685,MV-202,sine_steer_python-1
2039,2026年09月15日_19时21分47秒_第001次,2026-09-15T19:21:47,2.038,15.0642099055129,-0.0478573228104701,5.84914963649945,7.44313407702518,0.0842130378839988,8.49965429100097,0,-1.4052999395977,-0.033941091063429,0.712808262195433,MV-202,sine_steer_python-1
2040,2026年09月15日_19时21分47秒_第001次,2026-09-15T19:21:47,2.039,15.0642232429383,-0.0478531672099315,5.85154729319718,7.44731133068399,0.0844593946722207,8.50382538847775,0,-1.38730661162561,-0.0335088872091207,0.70357680340341,MV-202,sine_steer_python-1
2041,2026年09月15日_19时21分47秒_第001次,2026-09-15T19:21:47,2.04,15.0642365797075,-0.0478489418787028,5.85393972733017,7.45148856256732,0.0847061835112626,8.50799645066872,0,-1.36909421185737,-0.0330713870436491,0.694234519439125,MV-202,sine_steer_python-1
2042,2026年09月15日_19时21分47秒_第001次,2026-09-15T19:21:47,2.041,15.0642499156302,-0.0478446775225388,5.85632648261421,7.45566577261882,0.0849534045855661,8.51216747750871,0,-1.35066561624205,-0.0326286596535475,0.68478289107513,MV-202,sine_steer_python-1
2043,2026年09月15日_19时21分47秒_第001次,2026-09-15T19:21:47,2.042,15.0642631847669,-0.047840678316577,5.85908776854273,7.4598429607831,0.0852010580598187,8.51633846893398,0,-1.3320237348685,-0.0321807749736193,0.675223415265932,MV-202,sine_steer_python-1
2044,2026年09月15日_19时21分47秒_第001次,2026-09-15T19:21:47,2.043,15.064276455079,-0.0478365327580824,5.86139050341711,7.46402012668384,0.085449149201865,8.52050942394308,0,-1.31317151150592,-0.0317278037743304,0.665557604964985,MV-202,sine_steer_python-1
2045,2026年09月15日_19时21分47秒_第001次,2026-09-15T19:21:47,2.044,15.0642897325603,-0.0478320235379116,5.86377554462187,7.46819727092326,0.0856976668973614,8.52468034402671,0,-1.29411192313889,-0.0312698176490781,0.655786988962907,MV-202,sine_steer_python-1
2046,2026年09月15日_19时21分47秒_第001次,2026-09-15T19:21:47,2.045,15.0643030031362,-0.0478273235378118,5.86611397306032,7.47237439300581,0.0859466190778155,8.52885122834724,0,-1.27484797949738,-0.0308068890021782,0.64591311166913,MV-202,sine_steer_python-1
2047,2026年09月15日_19时21分47秒_第001次,2026-09-15T19:21:47,2.046,15.0643162729419,-0.047822428760041,5.86843914711362,7.47655149302586,0.0861960032214962,8.53302207708259,0,-1.2553827225814,-0.0303390910369418,0.635937532877043,MV-202,sine_steer_python-1
2048,2026年09月15日_19时21分47秒_第001次,2026-09-15T19:21:47,2.047,15.0643295422844,-0.0478173475684607,5.87075601517285,7.48072857088119,0.0864458203294413,8.53719289012174,0,-1.23571922618067,-0.0298664977438318,0.625861827522395,MV-202,sine_steer_python-1
2049,2026年09月15日_19时21分47秒_第001次,2026-09-15T19:21:47,2.048,15.0643428117808,-0.0478121135461711,5.87306584186103,7.48490562651211,0.0866960706386401,8.54136366739683,0,-1.21586059538921,-0.0293891838887178,0.615687585437592,MV-202,sine_steer_python-1
2050,2026年09月15日_19时21分47秒_第001次,2026-09-15T19:21:47,2.049,15.0643560817298,-0.0478067538306097,5.87537040949354,7.48908265985961,0.0869467543766659,8.54553440884181,0,-1.19580996611504,-0.0289072250009242,0.60541641111021,MV-202,sine_steer_python-1
2051,2026年09月15日_19时21分47秒_第001次,2026-09-15T19:21:47,2.05,15.0643693520796,-0.0478012981224485,5.87766968819259,7.49325967086421,0.087197871777189,8.54970511438758,0,-1.17557050458495,-0.0284206973629051,0.595049923305753,MV-202,sine_steer_python-1
2052,2026年09月15日_19时21分47秒_第001次,2026-09-15T19:21:47,2.051,15.0643826226549,-0.0477957754614905,5.87996324195285,7.49743665946942,0.0874494230189215,8.55387578396853,0,-1.15514540684453,-0.027929677998103,0.584589754838602,MV-202,sine_steer_python-1
2053,2026年09月15日_19时21分47秒_第001次,2026-09-15T19:21:47,2.052,15.0643958309434,-0.0477904781246245,5.8826138801615,7.5016136256197,0.0877014082617008,8.55804641752046,0,-1.13453789825352,-0.0274342446567909,0.574037552404611,MV-202,sine_steer_python-1
2054,2026年09月15日_19时21分47秒_第001次,2026-09-15T19:21:47,2.053,15.064409041022,-0.0477850092963017,5.88482659710829,7.50579056894824,0.0879538325394554,8.56221701406914,0,-1.11375123297638,-0.0269344758011997,0.563394976423954,MV-202,sine_steer_python-1
2055,2026年09月15日_19时21分47秒_第001次,2026-09-15T19:21:47,2.054,15.0644222591548,-0.0477791620069674,5.88711758715946,7.5099674900383,0.088206685242231,8.56638757506028,0,-1.09278869346854,-0.0264304505902708,0.552663700889095,MV-202,sine_steer_python-1
2056,2026年09月15日_19时21分47秒_第001次,2026-09-15T19:21:47,2.055,15.0644354715634,-0.0477731012150792,5.88936378306706,7.51414438840678,0.0884599739442067,8.57055809967827,0,-1.071653589958,-0.0259222488635644,0.541845413244021,MV-202,sine_steer_python-1
2057,2026年09月15日_19时21分47秒_第001次,2026-09-15T19:21:47,2.056,15.0644486842531,-0.0477668225303355,5.89159703108201,7.51832126414372,0.0887136962406783,8.5747285880942,0,-1.05034925992259,-0.0254099511242748,0.530941814299245,MV-202,sine_steer_python-1
2058,2026年09月15日_19时21分47秒_第001次,2026-09-15T19:21:47,2.057,15.0644618974782,-0.0477603335546098,5.89382205035206,7.52249811714823,0.0889678530897098,8.5788990401986,0,-1.02887906756301,-0.0248936385218994,0.519954618156,MV-202,sine_steer_python-1
2059,2026年09月15日_19时21分47秒_第001次,2026-09-15T19:21:47,2.058,15.0644751118094,-0.0477536658897202,5.89604004713192,7.52667494736076,0.0892224447200885,8.58306945592402,0,-1.00724640327152,-0.0243733928351846,0.508885552111082,MV-202,sine_steer_python-1
2060,2026年09月15日_19时21分47秒_第001次,2026-09-15T19:21:47,2.059,15.0644883275067,-0.0477468449720272,5.89825272224403,7.53085175472237,0.089477471351683,8.58723983520491,0,-0.985454683096585,-0.023849296455712,0.49773635652749,MV-202,sine_steer_python-1
2061,2026年09月15日_19时21分47秒_第001次,2026-09-15T19:21:47,2.06,15.06450154449,-0.0477398986730143,5.90046004727629,7.53502853917375,0.0897329332102162,8.59141017797292,0,-0.963507348203427,-0.0233214323723373,0.486508784663536,MV-202,sine_steer_python-1
2062,2026年09月15日_19时21分47秒_第001次,2026-09-15T19:21:47,2.061,15.0645147625581,-0.0477328542235489,5.90266160670924,7.53920530065848,0.0899888304689864,8.59558048416314,0,-0.941407864330669,-0.0227898841561224,0.47520460248945,MV-202,sine_steer_python-1
2063,2026年09月15日_19时21分47秒_第001次,2026-09-15T19:21:47,2.062,15.0645279225767,-0.0477259917144371,5.90520280198206,7.54338203912108,0.0902451632833038,8.59975075371223,0,-0.919159721242975,-0.0222547359477574,0.463825588369104,MV-202,sine_steer_python-1
2064,2026年09月15日_19时21分47秒_第001次,2026-09-15T19:21:47,2.063,15.0645410847265,-0.0477189296085344,5.90732674148517,7.54755875420501,0.0905019364510636,8.60392098567588,0,-0.896766432180065,-0.0217160724493786,0.45237353260683,MV-202,sine_steer_python-1
2065,2026年09月15日_19时21分47秒_第001次,2026-09-15T19:21:47,2.064,15.0645542553357,-0.0477114709385144,5.90952490539937,7.55173544647357,0.0907591398707776,8.60809118145343,0,-0.874231533301868,-0.0211739789114161,0.440850237057053,MV-202,sine_steer_python-1
2066,2026年09月15日_19时21分47秒_第001次,2026-09-15T19:21:47,2.065,15.0645674211502,-0.0477037727412412,5.91168010276833,7.55591211545695,0.0910167807579529,8.61226134025372,0,-0.851558583130143,-0.020628541116516,0.42925751487954,MV-202,sine_steer_python-1
2067,2026年09月15日_19时21分47秒_第001次,2026-09-15T19:21:47,2.066,15.0645805878852,-0.0476958302794823,5.91382266000694,7.56008876124087,0.0912748568257848,8.61643146224185,0,-0.828751161986567,-0.0200798453655247,0.417597190401738,MV-202,sine_steer_python-1
2068,2026年09月15日_19时21分47秒_第001次,2026-09-15T19:21:47,2.067,15.0645937557298,-0.0476876504552363,5.91595706770926,7.56426538372594,0.0915333689895925,8.62060154731109,0,-0.805812871427325,-0.0195279784729589,0.405871098508002,MV-202,sine_steer_python-1
2069,2026年09月15日_19时21分47秒_第001次,2026-09-15T19:21:47,2.068,15.0646069251789,-0.0476792629910273,5.91808447382704,7.56844198285287,0.0917923174702782,8.62477159539555,0,-0.782747333674406,-0.0189730277600148,0.394081084018173,MV-202,sine_steer_python-1
2070,2026年09月15日_19时21分47秒_第001次,2026-09-15T19:21:47,2.069,15.0646200964267,-0.0476706917602299,5.92020649740874,7.57261855856298,0.0920517024802994,8.62894160643129,0,-0.759558191043599,-0.0184150810431705,0.382229001239168,MV-202,sine_steer_python-1
2071,2026年09月15日_19时21分47秒_第001次,2026-09-15T19:21:47,2.07,15.0646332693404,-0.0476619629778791,5.9223231112903,7.57679511079719,0.092311524237699,8.63311158035169,0,-0.73624910536936,-0.0178542266221642,0.370316713605036,MV-202,sine_steer_python-1
2072,2026年09月15日_19时21分47秒_第001次,2026-09-15T19:21:47,2.071,15.0646464436703,-0.047653102273206,5.92443392005306,7.58097163949925,0.0925717829106158,8.63728151709364,0,-0.712823757426501,-0.0172905532686617,0.358346093267256,MV-202,sine_steer_python-1
2073,2026年09月15日_19时21分47秒_第001次,2026-09-15T19:21:47,2.072,15.0646595636324,-0.0476443776349124,5.92686691742561,7.58514814461385,0.0928324786500658,8.64145141659554,0,-0.689285846349042,-0.016724150214199,0.346319020733743,MV-202,sine_steer_python-1
2074,2026年09月15日_19时21分47秒_第001次,2026-09-15T19:21:47,2.073,15.0646726855227,-0.0476354237598987,5.92890334739923,7.58932462579538,0.0930936160154914,8.64562127794557,0,-0.665639089045975,-0.0161551071375359,0.334237384516018,MV-202,sine_steer_python-1
2075,2026年09月15日_19时21分47秒_第001次,2026-09-15T19:21:47,2.074,15.0646858156897,-0.0476260536584478,5.93100993354758,7.59350108358598,0.0933551854180016,8.64979110249482,0,-0.641887219614416,-0.0155835141503293,0.322103080831814,MV-202,sine_steer_python-1
2076,2026年09月15日_19时21分47秒_第001次,2026-09-15T19:21:47,2.075,15.0646989414031,-0.0476164167794877,5.93307538067486,7.59767751752999,0.0936171937129094,8.65396088947877,0,-0.6180339887499,-0.015009461780042,0.309918013425363,MV-202,sine_steer_python-1
2077,2026年09月15日_19时21分47秒_第001次,2026-09-15T19:21:47,2.076,15.0647120680725,-0.0476065084147345,5.93512848955344,7.60185392770855,0.0938796387319823,8.65813063905687,0,-0.59408316315407,-0.0144330409497416,0.297684093520569,MV-202,sine_steer_python-1
2078,2026年09月15日_19时21分47秒_第001次,2026-09-15T19:21:47,2.077,15.0647251958155,-0.0475963351477699,5.93717352224446,7.60603031402387,0.0941425213478218,8.66230035112586,0,-0.570038524939954,-0.0138543429546449,0.285403239908395,MV-202,sine_steer_python-1
2079,2026年09月15日_19时21分47秒_第001次,2026-09-15T19:21:47,2.078,15.0647383250474,-0.0475859252336526,5.93921156823827,7.61020667641693,0.09440584177352,8.66647002562206,0,-0.545903871034647,-0.013273459435819,0.273077379149543,MV-202,sine_steer_python-1
2080,2026年09月15日_19时21分47秒_第001次,2026-09-15T19:21:47,2.079,15.0647514558953,-0.0475753014204238,5.94124416425927,7.61438301482928,0.0946696002141535,8.67063966248369,0,-0.521683012579798,-0.0126904823533388,0.260708445805368,MV-202,sine_steer_python-1
2081,2026年09月15日_19时21分47秒_第001次,2026-09-15T19:21:47,2.08,15.0647645881757,-0.0475644887274499,5.94327128390792,7.61855932920207,0.0949337968800664,8.67480926164641,0,-0.497379774329709,-0.0121055039606314,0.248298382588446,MV-202,sine_steer_python-1
2082,2026年09月15日_19时21分47秒_第001次,2026-09-15T19:21:47,2.081,15.0647777215951,-0.0475535116649956,5.94529255122458,7.62273561947922,0.0951984319341818,8.67897882304926,0,-0.472997994047457,-0.0115186167789157,0.235849140527882,MV-202,sine_steer_python-1
2083,2026年09月15日_19时21分47秒_第001次,2026-09-15T19:21:47,2.082,15.0647908037224,-0.0475426264850522,5.94761855971845,7.62691188560549,0.0954635055231257,8.68314834663281,0,-0.448541521898765,-0.0109299135576555,0.223362679725789,MV-202,sine_steer_python-1
2084,2026年09月15日_19时21分47秒_第001次,2026-09-15T19:21:47,2.083,15.0648038870043,-0.0475314853379518,5.94956869611466,7.63108812724681,0.0957290219649768,8.68731783151957,0,-0.424014219844106,-0.0103394871869496,0.210840972144287,MV-202,sine_steer_python-1
2085,2026年09月15日_19时21分47秒_第001次,2026-09-15T19:21:47,2.084,15.0648169777935,-0.0475199113871999,5.95158489146765,7.6352643449228,0.0959949721873454,8.6914872790099,0,-0.399419961028819,-0.00974743054981206,0.198286006949206,MV-202,sine_steer_python-1
2086,2026年09月15日_19时21分47秒_第001次,2026-09-15T19:21:47,2.085,15.0648300639092,-0.0475080470519013,5.95356176497648,7.6394405381927,0.0962613626834464,8.69565668836745,0,-0.374762629171449,-0.00915383640478456,0.185699794571045,MV-202,sine_steer_python-1
2087,2026年09月15日_19时21分47秒_第001次,2026-09-15T19:21:47,2.086,15.0648431504672,-0.0474958882259164,5.95552658608125,7.6436167071327,0.0965281914038894,8.69982605974561,0,-0.350046117950553,-0.00855879744141919,0.173084363410376,MV-202,sine_steer_python-1
2088,2026年09月15日_19时21分47秒_第001次,2026-09-15T19:21:47,2.087,15.0648562375339,-0.0474834417363095,5.95748338842904,7.6477928516466,0.0967954591781848,8.70399539304474,0,-0.32527433038977,-0.00796240649609914,0.160441749718441,MV-202,sine_steer_python-1
2089,2026年09月15日_19时21分47秒_第001次,2026-09-15T19:21:47,2.088,15.0648693254666,-0.0474707349447855,5.95943320295287,7.65196897167553,0.0970631662112687,8.70816468820329,0,-0.300451178241519,-0.00736475676508558,0.147773987613423,MV-202,sine_steer_python-1
2090,2026年09月15日_19时21分47秒_第001次,2026-09-15T19:21:47,2.089,15.06488241435,-0.0474577900549459,5.96137748357305,7.65614506716119,0.0973313127004345,8.71233394516148,0,-0.275580581369275,-0.00676594191448814,0.135083103498586,MV-202,sine_steer_python-1
2091,2026年09月15日_19时21分47秒_第001次,2026-09-15T19:21:47,2.09,15.0648955039769,-0.0474446314749884,5.96331620424712,7.66032113804487,0.0975998988478651,8.71650316385707,0,-0.250666467128602,-0.00616605609977985,0.122371114317042,MV-202,sine_steer_python-1
2092,2026年09月15日_19时21分47秒_第001次,2026-09-15T19:21:47,2.091,15.0649085940392,-0.0474312831826014,5.96524900792242,7.66449718427048,0.0978689248107609,8.720672344231,0,-0.225712769746965,-0.00556519393819741,0.10964002778912,MV-202,sine_steer_python-1
2093,2026年09月15日_19时21分47秒_第001次,2026-09-15T19:21:47,2.092,15.0649216354849,-0.0474179901404305,5.96746909585364,7.66867320578277,0.0981383907308038,8.72484148622562,0,-0.200723429702426,-0.00496345046323588,0.0968918433944203,MV-202,sine_steer_python-1
2094,2026年09月15日_19时21分47秒_第001次,2026-09-15T19:21:47,2.093,15.0649346769682,-0.0474044232166888,5.96933400291323,7.67284920225972,0.0984083006814593,8.72901058899899,0,-0.175702393101492,-0.00436092107126725,0.0841285536826299,MV-202,sine_steer_python-1
2095,2026年09月15日_19时21分47秒_第001次,2026-09-15T19:21:47,2.094,15.064947724852,-0.0473904159573801,5.97126083426985,7.67702517419702,0.0986786461100876,8.73317965379758,0,-0.150653611055865,-0.00375770146635324,0.0713521456692721,MV-202,sine_steer_python-1
2096,2026年09月15日_19时21分47秒_第001次,2026-09-15T19:21:47,2.095,15.064960767551,-0.0473761043303923,5.97315014132647,7.68120112116946,0.0989494331455185,8.73734867991404,0,-0.125581039058628,-0.00315388760580335,0.0585646021957179,MV-202,sine_steer_python-1
2097,2026年09月15日_19时21分47秒_第001次,2026-09-15T19:21:47,2.096,15.0649738099178,-0.047361485404365,5.97502765696002,7.68537704324787,0.0992206598569807,8.7415176674947,0,-0.100488636359542,-0.00254957564632529,0.0457679032599587,MV-202,sine_steer_python-1
2098,2026年09月15日_19时21分47秒_第001次,2026-09-15T19:21:47,2.097,15.0649868520058,-0.0473465667906254,5.97689718673182,7.68955294033759,0.0994923270300603,8.74568661644298,0,-0.0753803653398734,-0.00194486189096408,0.0329640273138415,MV-202,sine_steer_python-1
2099,2026年09月15日_19时21分47秒_第001次,2026-09-15T19:21:47,2.098,15.064999894153,-0.047331375489253,5.97875970315731,7.69372881237979,0.0997644348607299,8.74985552669875,0,-0.0502601908866738,-0.00133984273781473,0.0201549524852107,MV-202,sine_steer_python-1
2100,2026年09月15日_19时21分47秒_第001次,2026-09-15T19:21:47,2.099,15.0650129364415,-0.0473159336768761,5.98061657715356,7.69790465931617,0.100036983537643,8.75402439820355,0,-0.0251320797667056,-0.00073461463125368,0.00734265769313296,MV-202,sine_steer_python-1
2101,2026年09月15日_19时21分47秒_第001次,2026-09-15T19:21:47,2.1,15.0650259786813,-0.0473002656508044,5.98246778293151,7.702080481088,0.100309973253911,8.75819323089642,0,-1.95943487863577e-15,-0.000129274015886991,-0.00547087635233448,MV-202,sine_steer_python-1
2102,2026年09月15日_19时21分47秒_第001次,2026-09-15T19:21:47,2.101,15.0650390205906,-0.0472843953378083,5.98431298213056,7.70625627763911,0.100583404160065,8.76236202471939,0,0.0251320797667088,0.000476082706689389,-0.0182836662696311,MV-202,sine_steer_python-1
2103,2026年09月15日_19时21分47秒_第001次,2026-09-15T19:21:47,2.102,15.0650520165287,-0.0472685567010986,5.98642798173931,7.71043204891409,0.100857276391859,8.76653077961576,0,0.0502601908866699,0.00108135921799439,-0.03109372525798,MV-202,sine_steer_python-1
2104,2026年09月15日_19时21分47秒_第001次,2026-09-15T19:21:47,2.103,15.0650650114298,-0.0472524403749274,5.9882084873296,7.71460779460343,0.101131593775,8.77069949477983,0,0.0753803653398695,0.00168645931829217,-0.04389906253813,MV-202,sine_steer_python-1
2105,2026年09月15日_19时21分47秒_第001次,2026-09-15T19:21:47,2.104,15.0650780116793,-0.0472358904325463,5.99004674096925,7.71878351517753,0.101406348278758,8.77486817140054,0,0.100488636359538,0.00229128695836982,-0.0566976829561327,MV-202,sine_steer_python-1
2106,2026年09月15日_19时21分47秒_第001次,2026-09-15T19:21:47,2.105,15.0650910063386,-0.0472190367716295,5.99184924308429,7.72295921022747,0.10168154566511,8.77903680879995,0,0.125581039058624,0.00289574626700058,-0.0694875867700755,MV-202,sine_steer_python-1
2107,2026年09月15日_19时21分47秒_第001次,2026-09-15T19:21:47,2.106,15.0651040000328,-0.0472018780093464,5.99364018545455,7.72713487981828,0.101957184121245,8.78320540711596,0,0.150653611055861,0.00349974157318139,-0.0822667696569594,MV-202,sine_steer_python-1
2108,2026年09月15日_19时21分47秒_第001次,2026-09-15T19:21:47,2.107,15.0651169928432,-0.0471844228654254,5.9954231460211,7.73131052385684,0.102233264387625,8.7873739662541,0,0.175702393101488,0.00410317742281778,-0.0950332229537371,MV-202,sine_steer_python-1
2109,2026年09月15日_19时21分47秒_第001次,2026-09-15T19:21:47,2.108,15.065129985128,-0.0471666982762036,5.9971990392711,7.73548614228428,0.102509786650111,8.79154248615473,0,0.20072342970243,0.00470595858992547,-0.107784934130882,MV-202,sine_steer_python-1
2110,2026年09月15日_19时21分47秒_第001次,2026-09-15T19:21:47,2.109,15.0651429770058,-0.0471487266589154,5.99896915327249,7.73966173504219,0.102786751087536,8.79571096675964,0,0.225712769746962,0.00530799008224101,-0.120519887500967,MV-202,sine_steer_python-1
2111,2026年09月15日_19时21分47秒_第001次,2026-09-15T19:21:47,2.11,15.0651559683417,-0.0471305324352989,6.00073346278238,7.74383730207181,0.103064157882732,8.79987940800818,0,0.250666467128612,0.00590917714271735,-0.133236065095829,MV-202,sine_steer_python-1
2112,2026年09月15日_19时21分47秒_第001次,2026-09-15T19:21:47,2.111,15.0651689589174,-0.0471121396837404,6.00249164837566,7.74801284331677,0.103342007178339,8.80404780984247,0,0.275580581369271,0.00650942524705172,-0.145931447713408,MV-202,sine_steer_python-1
2113,2026年09月15日_19时21分47秒_第001次,2026-09-15T19:21:47,2.112,15.0651819065174,-0.047093771302151,6.00450210031198,7.75218835872146,0.103620299102945,8.8082161722057,0,0.300451178241515,0.00710864009664248,-0.15860401616064,MV-202,sine_steer_python-1
2114,2026年09月15日_19时21分47秒_第001次,2026-09-15T19:21:47,2.113,15.0651948524382,-0.047075138307456,6.0061987531886,7.75636384798943,0.10389903723204,8.81238449432903,0,0.325274330389766,0.00770672760888359,-0.171251752604702,MV-202,sine_steer_python-1
2115,2026年09月15日_19时21分47秒_第001次,2026-09-15T19:21:47,2.114,15.0652078030874,-0.0470560952768381,6.00794893833528,7.76053931156453,0.104178214057592,8.81655277734016,0,0.35004611795055,0.00830359390662576,-0.18387264195705,MV-202,sine_steer_python-1
2116,2026年09月15日_19时21分47秒_第001次,2026-09-15T19:21:47,2.115,15.0652207482136,-0.0470367660624716,6.00966512078656,7.76471474905487,0.104457834972413,8.82072102059098,0,0.374762629171452,0.00889914530756757,-0.19646467325888,MV-202,sine_steer_python-1
2117,2026年09月15日_19时21分47秒_第001次,2026-09-15T19:21:47,2.116,15.0652336922386,-0.0470171508726508,6.01136994747869,7.76889016051946,0.104737898280742,8.82488922420955,0,0.399419961028815,0.00949328831418407,-0.20902584104242,MV-202,sine_steer_python-1
2118,2026年09月15日_19时21分47秒_第001次,2026-09-15T19:21:47,2.117,15.0652466352995,-0.0469972595190997,6.0130667691301,7.77306554586678,0.105018404676581,8.8290573881027,0,0.424014219844109,0.010085929605163,-0.221554146626651,MV-202,sine_steer_python-1
2119,2026年09月15日_19时21分47秒_第001次,2026-09-15T19:21:47,2.118,15.0652595777995,-0.0469771188240694,6.01475644271323,7.77724090503791,0.105299354334418,8.83322551221036,0,0.448541521898761,0.0106769760293058,-0.234047599306512,MV-202,sine_steer_python-1
2120,2026年09月15日_19时21分47秒_第001次,2026-09-15T19:21:47,2.119,15.0652725199167,-0.0469567513589246,6.01644017387816,7.78141623797441,0.105580747422012,8.83739359647374,0,0.472997994047453,0.0112663346024765,-0.246504217410976,MV-202,sine_steer_python-1
2121,2026年09月15日_19时21分47秒_第001次,2026-09-15T19:21:47,2.12,15.0652854615925,-0.0469361815465671,6.01811793855574,7.78559154461749,0.105862584110664,8.84156164083167,0,0.497379774329705,0.0118539125078946,-0.258922029217273,MV-202,sine_steer_python-1
2122,2026年09月15日_19时21分47秒_第001次,2026-09-15T19:21:47,2.121,15.0652984026904,-0.0469154334577199,6.01978943691516,7.78976682491067,0.106144864533888,8.84572964522554,0,0.521683012579795,0.0124396171000288,-0.271299073710518,MV-202,sine_steer_python-1
2123,2026年09月15日_19时21分47秒_第001次,2026-09-15T19:21:47,2.122,15.0653113043956,-0.0468947184120676,6.02169559273176,7.79394207879817,0.106427588811888,8.84989760959774,0,0.545903871034643,0.0130233559123926,-0.283633401175577,MV-202,sine_steer_python-1
2124,2026年09月15日_19时21分47秒_第001次,2026-09-15T19:21:47,2.123,15.0653242044584,-0.0468737678970629,6.02330867561931,7.79811730599717,0.106710760268687,8.85406553321715,0,0.57003852493995,0.0136050366696385,-0.295923073604883,MV-202,sine_steer_python-1
2125,2026年09月15日_19时21分47秒_第001次,2026-09-15T19:21:47,2.124,15.0653371092778,-0.0468524467991367,6.02497104366045,7.80229250692397,0.106994371918338,8.8582334171469,0,0.594083163154073,0.0141845673045094,-0.308166164897832,MV-202,sine_steer_python-1
2126,2026年09月15日_19时21分47秒_第001次,2026-09-15T19:21:47,2.125,15.0653500093088,-0.0468308725461022,6.02660114059322,7.80646768120459,0.107278428782682,8.8624012607695,0,0.618033988749896,0.0147618559805628,-0.320360760813408,MV-202,sine_steer_python-1
2127,2026年09月15日_19时21分47秒_第001次,2026-09-15T19:21:47,2.126,15.0653629087718,-0.0468090466252539,6.02822006544774,7.81064282889185,0.107562929282118,8.86656906420218,0,0.641887219614419,0.0153368111220031,-0.332504958619055,MV-202,sine_steer_python-1
2128,2026年09月15日_19时21分47秒_第001次,2026-09-15T19:21:47,2.127,15.0653758078639,-0.0467869795707421,6.02983094176696,7.81481794989603,0.107847874062979,8.87073682735271,0,0.665639089045972,0.0159093414523515,-0.344596866362179,MV-202,sine_steer_python-1
2129,2026年09月15日_19时21分47秒_第001次,2026-09-15T19:21:47,2.128,15.065388707034,-0.0467646976912516,6.03143456940375,7.81899304415834,0.108133263287299,8.87490455016015,0,0.689285846349038,0.0164793560437845,-0.356634601688066,MV-202,sine_steer_python-1
2130,2026年09月15日_19时21分47秒_第001次,2026-09-15T19:21:47,2.129,15.0654016065186,-0.0467422232826749,6.03303207208026,7.82316811162044,0.108419097110712,8.87907223256482,0,0.712823757426497,0.0170467643783198,-0.368616290158086,MV-202,sine_steer_python-1
2131,2026年09月15日_19时21分47秒_第001次,2026-09-15T19:21:47,2.13,15.0654145063311,-0.0467195803099062,6.03462342764558,7.8273431522237,0.108705375691973,8.88323987450473,0,0.736249105369357,0.0176114764212725,-0.3805400630174,MV-202,sine_steer_python-1
2132,2026年09月15日_19时21分47秒_第001次,2026-09-15T19:21:47,2.131,15.0654274064107,-0.0466967923492812,6.03620835672416,7.83151816591168,0.1089920991545,8.88740747592035,0,0.759558191043595,0.0181734027056934,-0.392404054499002,MV-202,sine_steer_python-1
2133,2026年09月15日_19时21分47秒_第001次,2026-09-15T19:21:47,2.132,15.065440271271,-0.0466740582267975,6.03801023883122,7.83569315262866,0.109279267609186,8.89157503675311,0,0.782747333674403,0.0187324544172613,-0.404206399122531,MV-202,sine_steer_python-1
2134,2026年09月15日_19时21分47秒_第001次,2026-09-15T19:21:47,2.133,15.0654531352168,-0.0466511295113681,6.03953983301963,7.83986811210602,0.109566884128836,8.89574255631107,0,0.805812871427328,0.019288543468984,-0.415945229403611,MV-202,sine_steer_python-1
2135,2026年09月15日_19时21分47秒_第001次,2026-09-15T19:21:47,2.134,15.065466004572,-0.0466278811066111,6.04111444604407,7.84404304473169,0.109854942247814,8.89991003559014,0,0.828751161986563,0.0198415825531492,-0.427618674515385,MV-202,sine_steer_python-1
2136,2026年09月15日_19时21分47秒_第001次,2026-09-15T19:21:47,2.135,15.0654788704923,-0.0466044233112276,6.04265851274923,7.84821795015058,0.110143446615965,8.90407747400484,0,0.851558583130145,0.0203914851591041,-0.439224860395567,MV-202,sine_steer_python-1
2137,2026年09月15日_19时21分47秒_第001次,2026-09-15T19:21:47,2.136,15.0654917369736,-0.0465807583149169,6.0441915816075,7.8523928284093,0.110432395769214,8.90824487166132,0,0.874231533301865,0.020938165551948,-0.450761911511229,MV-202,sine_steer_python-1
2138,2026年09月15日_19时21分47秒_第001次,2026-09-15T19:21:47,2.137,15.065504604252,-0.0465568967516587,6.04571654840911,7.85656767942026,0.1107217903054,8.91241222846856,0,0.896766432180062,0.0214815387172762,-0.46222795406428,MV-202,sine_steer_python-1
2139,2026年09月15日_19时21分47秒_第001次,2026-09-15T19:21:47,2.138,15.0655174727988,-0.0465328637780758,6.04723415588137,7.86074250312501,0.111011630373425,8.91657954436507,0,0.919159721242972,0.0220215202853171,-0.473621120069748,MV-202,sine_steer_python-1
2140,2026年09月15日_19时21分47秒_第001次,2026-09-15T19:21:47,2.139,15.065530342883,-0.0465086807614293,6.04874544607496,7.8649172994656,0.111301916116174,8.92074681929057,0,0.941407864330666,0.0225580264500094,-0.484939551645166,MV-202,sine_steer_python-1
2141,2026年09月15日_19时21分47秒_第001次,2026-09-15T19:21:47,2.14,15.0655432145626,-0.0464843705421752,6.0502503993163,7.8690920683838,0.111592647679299,8.92491405318273,0,0.963507348203436,0.0230909738956113,-0.496181404974898,MV-202,sine_steer_python-1
2142,2026年09月15日_19时21分47秒_第001次,2026-09-15T19:21:47,2.141,15.0655560878232,-0.0464599555253316,6.0517487574361,7.8732668098235,0.11188382517562,8.92908124598158,0,0.985454683096581,0.0236202797383867,-0.507344853628599,MV-202,sine_steer_python-1
2143,2026年09月15日_19时21分47秒_第001次,2026-09-15T19:21:47,2.142,15.0655689303924,-0.0464356208890427,6.053446255815,7.87744152372925,0.112175448706274,8.93324839762813,0,1.00724640327152,0.024145861486236,-0.518428091112454,MV-202,sine_steer_python-1
2144,2026年09月15日_19时21分47秒_第001次,2026-09-15T19:21:47,2.143,15.0655817732421,-0.0464111375999739,6.05489233467303,7.88161620984728,0.112467521094542,8.93741550747179,0,1.02887906756301,0.0246676370159186,-0.529429332668164,MV-202,sine_steer_python-1
2145,2026年09月15日_19时21分47秒_第001次,2026-09-15T19:21:47,2.144,15.0655946225227,-0.046386390311613,6.05637915927921,7.88579086853649,0.112760036392627,8.94158257643931,0,1.05034925992259,0.0251855245658819,-0.540346816404792,MV-202,sine_steer_python-1
2146,2026年09月15日_19时21分47秒_第001次,2026-09-15T19:21:47,2.145,15.0656074700663,-0.0463614813376747,6.0578371662281,7.88996549946171,0.113052998878205,8.94574960397934,0,1.07165358995799,0.0256994427422138,-0.551178803867619,MV-202,sine_steer_python-1
2147,2026年09月15日_19时21分47秒_第001次,2026-09-15T19:21:47,2.146,15.0656203196016,-0.0463364129006424,6.05928435085748,7.89414010266332,0.113346407202525,8.94991659018731,0,1.09278869346854,0.0262093105344526,-0.5619235801844,MV-202,sine_steer_python-1
2148,2026年09月15日_19时21分47秒_第001次,2026-09-15T19:21:47,2.147,15.0656331713654,-0.0463111950359485,6.06072337985165,7.89831467805624,0.113640261914607,8.95408353497438,0,1.11375123297637,0.0267150473433532,-0.572579453796067,MV-202,sine_steer_python-1
2149,2026年09月15日_19时21分47秒_第001次,2026-09-15T19:21:47,2.148,15.0656460258109,-0.0462858510528535,6.06215493819501,7.90248922558268,0.113934563150074,8.95825043827944,0,1.13453789825351,0.0272165730199481,-0.583144755540888,MV-202,sine_steer_python-1
2150,2026年09月15日_19时21分47秒_第001次,2026-09-15T19:21:47,2.149,15.0656588831985,-0.0462604006996577,6.06357998604098,7.90666374518533,0.114229311038966,8.96241730004263,0,1.15514540684453,0.0277138078943026,-0.593617838002684,MV-202,sine_steer_python-1
2151,2026年09月15日_19时21分47秒_第001次,2026-09-15T19:21:47,2.15,15.0656717435895,-0.0462348650085504,6.06499850630013,7.91083823680668,0.114524505713807,8.96658412020232,0,1.17557050458494,0.028206672812442,-0.603997074865811,MV-202,sine_steer_python-1
2152,2026年09月15日_19时21分47秒_第001次,2026-09-15T19:21:47,2.151,15.0656846069732,-0.0462092645387251,6.06641026236324,7.9150127003912,0.114820147276858,8.97075089869917,0,1.19580996611504,0.0286950891872297,-0.614280859746462,MV-202,sine_steer_python-1
2153,2026年09月15日_19时21分47秒_第001次,2026-09-15T19:21:47,2.152,15.0656974441509,-0.0461837696560148,6.06800323452928,7.91918713588404,0.11511623581959,8.97491763547492,0,1.21586059538921,0.0291789790501677,-0.624467604726543,MV-202,sine_steer_python-1
2154,2026年09月15日_19时21分47秒_第001次,2026-09-15T19:21:47,2.153,15.0657102828891,-0.0461581699989284,6.06936575320378,7.92336154304675,0.115412773918521,8.97908432992298,0,1.23571922618067,0.0296582650996787,-0.634555738984506,MV-202,sine_steer_python-1
2155,2026年09月15日_19时21分47秒_第001次,2026-09-15T19:21:47,2.154,15.0657231290483,-0.0461323598540695,6.07076474675235,7.92753592220866,0.115709756141054,8.98325098289955,0,1.2553827225814,0.0301328707478104,-0.644543707559358,MV-202,sine_steer_python-1
2156,2026年09月15日_19时21分47秒_第001次,2026-09-15T19:21:47,2.155,15.0657359751055,-0.0461064327564297,6.07213666251503,7.93171027305548,0.116007186393257,8.98741759388999,0,1.27484797949738,0.030602720166529,-0.654429970177726,MV-202,sine_steer_python-1
2157,2026年09月15日_19时21分47秒_第001次,2026-09-15T19:21:47,2.156,15.0657488244737,-0.0460803903933669,6.07349793992423,7.93588459562137,0.116305063441949,8.99158416297987,0,1.29411192313889,0.0310677383321876,-0.664213000147768,MV-202,sine_steer_python-1
2158,2026年09月15日_19时21分47秒_第001次,2026-09-15T19:21:47,2.157,15.0657616773468,-0.046054241622309,6.07485101447422,7.94005888982409,0.11660338778751,8.9957506900839,0,1.31317151150591,0.0315278510661321,-0.67389128338342,MV-202,sine_steer_python-1
2159,2026年09月15日_19时21分47秒_第001次,2026-09-15T19:21:47,2.158,15.0657745341158,-0.0460280073464468,6.07619651213348,7.94423315560678,0.116902159552618,8.99991717514268,0,1.3320237348685,0.0319829850702431,-0.683463317624456,MV-202,sine_steer_python-1
2160,2026年09月15日_19时21分47秒_第001次,2026-09-15T19:21:47,2.159,15.0657873949903,-0.0460017051586182,6.07753531034427,7.94840739291303,0.117201378854855,9.00408361809812,0,1.35066561624205,0.0324330679569919,-0.692927611887721,MV-202,sine_steer_python-1
2161,2026年09月15日_19时21分47秒_第001次,2026-09-15T19:21:47,2.16,15.0658002599924,-0.0459753537695088,6.07886739412881,7.95258160168623,0.117501045814055,9.0082500188906,0,1.36909421185738,0.0328780282738217,-0.702282686159291,MV-202,sine_steer_python-1
2162,2026年09月15日_19时21分47秒_第001次,2026-09-15T19:21:47,2.161,15.0658131290749,-0.0459489714047453,6.08019254823732,7.95675578187169,0.11780116052241,9.01241637746282,0,1.38730661162561,0.0333177955217618,-0.711527071324644,MV-202,sine_steer_python-1
2163,2026年09月15日_19时21分47秒_第001次,2026-09-15T19:21:47,2.162,15.06582597597,-0.0459227126625152,6.08168088889932,7.96092993341533,0.118101723062256,9.01658269375857,0,1.4052999395977,0.0337523001680988,-0.720659309351734,MV-202,sine_steer_python-1
2164,2026年09月15日_19时21分47秒_第001次,2026-09-15T19:21:47,2.163,15.0658388253808,-0.0458963853268857,6.08295983979749,7.96510405609453,0.118402735766571,9.02074896721816,0,1.42307135441857,0.0341814736535792,-0.729677953687309,MV-202,sine_steer_python-1
2165,2026年09月15日_19时21分47秒_第001次,2026-09-15T19:21:47,2.164,15.0658516827626,-0.0458698934367422,6.08427099995172,7.96927815020835,0.118704193715634,9.02491519862596,0,1.44061804977581,0.0346052483962534,-0.738581569738452,MV-202,sine_steer_python-1
2166,2026年09月15日_19时21分47秒_第001次,2026-09-15T19:21:47,2.165,15.0658645412138,-0.0458433211996547,6.08555683507052,7.97345221546426,0.119006100444905,9.02908138750675,0,1.45793725484283,0.0350235577912856,-0.747368735592294,MV-202,sine_steer_python-1
2167,2026年09月15日_19时21分47秒_第001次,2026-09-15T19:21:47,2.166,15.0658774037908,-0.0458166694563086,6.08683222560804,7.97762625189014,0.119308454837363,9.03324753393713,0,1.47502623471635,0.0354363362057722,-0.756038042929012,MV-202,sine_steer_python-1
2168,2026年09月15日_19时21分47秒_第001次,2026-09-15T19:21:47,2.167,15.065890270611,-0.0457899455748203,6.08809937329789,7.98180025940683,0.119611257345275,9.03741363783677,0,1.49188229084836,0.0358435189726615,-0.764588097897854,MV-202,sine_steer_python-1
2169,2026年09月15日_19时21分47秒_第001次,2026-09-15T19:21:47,2.168,15.0659031419709,-0.0457631677723504,6.089358843307,7.98597423795853,0.119914508079027,9.04157969914928,0,1.50850276147221,0.0362450423835948,-0.773017522092358,MV-202,sine_steer_python-1
2170,2026年09月15日_19时21分47秒_第001次,2026-09-15T19:21:47,2.169,15.0659160179987,-0.0457363512379706,6.09061142904247,7.99014818748983,0.120218207144421,9.0457457178196,0,1.5248850220229,0.0366408436793077,-0.781324953629608,MV-202,sine_steer_python-1
2171,2026年09月15日_19时21分47秒_第001次,2026-09-15T19:21:47,2.17,15.06592889865,-0.0457095121443378,6.09185711664087,7.9943221079452,0.120522354649322,9.0499116937914,0,1.54102648555158,0.0370308610396043,-0.78950904821717,MV-202,sine_steer_python-1
2172,2026年09月15日_19时21分47秒_第001次,2026-09-15T19:21:47,2.171,15.0659417838152,-0.0456826661999328,6.09309571148373,7.99849599927085,0.120826950676587,9.05407762701058,0,1.55692460313405,0.0374150335740203,-0.797568480147896,MV-202,sine_steer_python-1
2173,2026年09月15日_19时21分47秒_第001次,2026-09-15T19:21:47,2.172,15.0659546500353,-0.045655951631792,6.09447937012393,8.00266986141355,0.121131995300173,9.05824351742418,0,1.57257686427323,0.0377933013125408,-0.805501943311239,MV-202,sine_steer_python-1
2174,2026年09月15日_19时21分47秒_第001次,2026-09-15T19:21:47,2.173,15.0659675191044,-0.0456291942000981,6.09567478672406,8.00684369416686,0.121437490612564,9.06240936452201,0,1.58798079729567,0.0381656051977898,-0.813308152157295,MV-202,sine_steer_python-1
2175,2026年09月15日_19时21分47秒_第001次,2026-09-15T19:21:47,2.174,15.0659803959774,-0.0456023080664811,6.09689814885627,8.01101749779875,0.121743432205196,9.06657516901511,0,1.60313396974176,0.0385318870787684,-0.820985842566082,MV-202,sine_steer_python-1
2176,2026年09月15日_19时21分47秒_第001次,2026-09-15T19:21:47,2.175,15.0659932743692,-0.0455753679037173,6.09809794721172,8.01519127203924,0.122049823244001,9.07074093047001,0,1.61803398874989,0.038892089705934,-0.828533772645999,MV-202,sine_steer_python-1
2177,2026年09月15日_19时21分47秒_第001次,2026-09-15T19:21:47,2.176,15.0660061569594,-0.0455483737174448,6.09928749997293,8.01936501690965,0.122356662728847,9.07490664895493,0,1.63267850143437,0.0392461567281336,-0.835950723447899,MV-202,sine_steer_python-1
2178,2026年09月15日_19时21分47秒_第001次,2026-09-15T19:21:47,2.177,15.0660190437764,-0.0455213314012315,6.10046877242786,8.02353873233403,0.122663951064524,9.07907232439547,0,1.64706519525685,0.0395940326919215,-0.843235499570317,MV-202,sine_steer_python-1
2179,2026年09月15日_19时21分47秒_第001次,2026-09-15T19:21:47,2.178,15.0660319350118,-0.0454942565327692,6.10164226693503,8.02771241825761,0.122971688349863,9.08323795673914,0,1.66119179839163,0.0399356630433573,-0.850386929649602,MV-202,sine_steer_python-1
2180,2026年09月15日_19时21分47秒_第001次,2026-09-15T19:21:47,2.179,15.0660448307051,-0.0454671619745695,6.10280869126666,8.03188607462602,0.123279874679618,9.0874035459347,0,1.67505608008428,0.0402709941321858,-0.857403866739104,MV-202,sine_steer_python-1
2181,2026年09月15日_19时21分47秒_第001次,2026-09-15T19:21:47,2.18,15.066057730741,-0.0454400614681582,6.10396803137065,8.03605970138475,0.123588510150419,9.09156909192986,0,1.68865585100403,0.0405999732184021,-0.86428518857821,MV-202,sine_steer_python-1
2182,2026年09月15日_19时21分47秒_第001次,2026-09-15T19:21:47,2.181,15.066070634946,-0.0454129683414652,6.10512011219851,8.04023329848084,0.123897594836527,9.09573459467439,0,1.70198896358938,0.0409225484812112,-0.871029797753781,MV-202,sine_steer_python-1
2183,2026年09月15日_19时21分47秒_第001次,2026-09-15T19:21:47,2.182,15.0660835225827,-0.0453860042245476,6.10639905526584,8.04440686586189,0.124207128804243,9.09990005411918,0,1.7150533123873,0.0412386690302891,-0.877636621773673,MV-202,sine_steer_python-1
2184,2026年09月15日_19时21分47秒_第001次,2026-09-15T19:21:47,2.183,15.0660964126991,-0.0453590130701698,6.10751096496254,8.04858040333788,0.124517113907931,9.10406546980559,0,1.72784683438567,0.0415482849198786,-0.884104612932251,MV-202,sine_steer_python-1
2185,2026年09月15日_19时21分47秒_第001次,2026-09-15T19:21:47,2.184,15.0661093096842,-0.0453319197244811,6.10864655022656,8.05275391114465,0.124827546249118,9.10823084236914,0,1.74036750933905,0.0418513471628482,-0.890432748225506,MV-202,sine_steer_python-1
2186,2026年09月15日_19时21分47秒_第001次,2026-09-15T19:21:47,2.185,15.0661222078903,-0.0453047894432537,6.10976033269198,8.05692738903542,0.125138428625037,9.11239617141988,0,1.75261336008773,0.042147807747185,-0.896620029184361,MV-202,sine_steer_python-1
2187,2026年09月15日_19时21分47秒_第001次,2026-09-15T19:21:47,2.186,15.0661351096251,-0.0452776216934947,6.11086406499433,8.0611008370246,0.125449760153091,9.11656145701747,0,1.76458245286991,0.0424376196530277,-0.902665481682842,MV-202,sine_steer_python-1
2188,2026年09月15日_19时21分47秒_第001次,2026-09-15T19:21:47,2.187,15.066148014841,-0.0452504211875404,6.11195947357254,8.06527425503936,0.125761541191114,9.12072669909383,0,1.77627289762709,0.042720736871341,-0.908568155563917,MV-202,sine_steer_python-1
2189,2026年09月15日_19时21分47秒_第001次,2026-09-15T19:21:47,2.188,15.0661609236396,-0.0452232011794208,6.11304699609833,8.06944764302589,0.126073771826955,9.12489189760048,0,1.78768284830253,0.0429971144243589,-0.914327124185578,MV-202,sine_steer_python-1
2190,2026年09月15日_19时21分47秒_第001次,2026-09-15T19:21:47,2.189,15.06617383599,-0.0451959725408246,6.11412725315463,8.07362100093066,0.126386452144873,9.12905705249012,0,1.79881050313274,0.0432667083838656,-0.91994148417538,MV-202,sine_steer_python-1
2191,2026年09月15日_19时21分47秒_第001次,2026-09-15T19:21:47,2.19,15.0661867517267,-0.0451687469361111,6.11520022920302,8.07779432870005,0.126699582230796,9.13322216371446,0,1.80965410493204,0.0435294758875978,-0.925410355233622,MV-202,sine_steer_python-1
2192,2026年09月15日_19时21分47秒_第001次,2026-09-15T19:21:47,2.191,15.0661996706357,-0.0451415356839999,6.11626576767047,8.0819676262818,0.127013162150903,9.1373872312271,0,1.82021194136999,0.0437853751555818,-0.930732879737773,MV-202,sine_steer_python-1
2193,2026年09月15日_19时21分47秒_第001次,2026-09-15T19:21:47,2.192,15.066212574523,-0.045114444842876,6.11743972450666,8.0861408936241,0.127327191964321,9.1415522549826,0,1.83048234524184,0.0440343655030199,-0.935908222678935,MV-202,sine_steer_python-1
2194,2026年09月15日_19时21分47秒_第001次,2026-09-15T19:21:47,2.193,15.0662254802787,-0.0450873479585109,6.11846818811175,8.09031413055801,0.127641673227184,9.14571723458007,0,1.84046369473174,0.0442764073545927,-0.940935571510743,MV-202,sine_steer_python-1
2195,2026年09月15日_19时21分47秒_第001次,2026-09-15T19:21:47,2.194,15.0662383913971,-0.045060172076902,6.11951569788336,8.09448733727835,0.127956602658406,9.14988217056855,0,1.85015441366892,0.0445114622572181,-0.945814135992347,MV-202,sine_steer_python-1
2196,2026年09月15日_19时21分47秒_第001次,2026-09-15T19:21:47,2.195,15.0662513029089,-0.0450329756628362,6.12054332255449,8.09866051356625,0.128271982628798,9.1540470626072,0,1.8595529717765,0.0447394928895448,-0.950543148167405,MV-202,sine_steer_python-1
2197,2026年09月15日_19时21分47秒_第001次,2026-09-15T19:21:47,2.196,15.0662642167415,-0.045005757848292,6.12156103070382,8.10283365942729,0.128587812393563,9.15821191074445,0,1.86865788491322,0.0449604630695545,-0.955121862427827,MV-202,sine_steer_python-1
2198,2026年09月15日_19时21分47秒_第001次,2026-09-15T19:21:47,2.197,15.0662771328009,-0.0449785226843078,6.12257038781562,8.10700677479213,0.128904092257417,9.16237671491862,0,1.87746771530775,0.0451743377613881,-0.959549555594486,MV-202,sine_steer_python-1
2199,2026年09月15日_19时21分47秒_第001次,2026-09-15T19:21:47,2.198,15.0662900511266,-0.0449512815698098,6.12357175559595,8.11117985960765,0.12922082229734,9.16654147508459,0,1.88598107178573,0.0453810830810717,-0.963825527027034,MV-202,sine_steer_python-1
2200,2026年09月15日_19时21分47秒_第001次,2026-09-15T19:21:47,2.199,15.0663029716543,-0.0449240438524759,6.12456566735456,8.11535291382108,0.12953800258587,9.17070619119835,0,1.89419660998949,0.0455806663006706,-0.967949098791736,MV-202,sine_steer_python-1
2201,2026年09月15日_19时21分47秒_第001次,2026-09-15T19:21:47,2.2,15.0663158942094,-0.044896819567853,6.12555210352478,8.11952593737953,0.129855633197163,9.17487086321497,0,1.90211303259031,0.0457730558510857,-0.971919615879819,MV-202,sine_steer_python-1
2202,2026年09月15日_19时21分47秒_第001次,2026-09-15T19:21:47,2.201,15.0663288185818,-0.0448696184588217,6.1265309210302,8.12369893023125,0.130173714188385,9.17903549109108,0,1.90972908949329,0.0459582213238665,-0.975736446488501,MV-202,sine_steer_python-1
2203,2026年09月15日_19时21分47秒_第001次,2026-09-15T19:21:47,2.202,15.0663417294799,-0.0448425282453034,6.12760019318789,8.12787189232491,0.130492245610655,9.18320007478411,0,1.91704357803475,0.0461361334728724,-0.979398982226154,MV-202,sine_steer_python-1
2204,2026年09月15日_19时21分47秒_第001次,2026-09-15T19:21:47,2.203,15.066354640544,-0.0448154199058341,6.12854464969188,8.13204482349943,0.130811228906619,9.18736461393691,0,1.92405534317217,0.0463067642143927,-0.982906638351348,MV-202,sine_steer_python-1
2205,2026年09月15日_19时21分47秒_第001次,2026-09-15T19:21:47,2.204,15.0663675552479,-0.0447882505982897,6.12950453354384,8.1362177239307,0.131130661087682,9.19152910903248,0,1.93076327766655,0.0464700866258274,-0.986258854179311,MV-202,sine_steer_python-1
2206,2026年09月15日_19时21分47秒_第001次,2026-09-15T19:21:47,2.205,15.0663804693631,-0.0447610653827163,6.13044593040938,8.14039059341572,0.131450544272009,9.19569355976554,0,1.93716632225726,0.0466260749455704,-0.9894550933766,MV-202,sine_steer_python-1
2207,2026年09月15日_19时21分47秒_第001次,2026-09-15T19:21:47,2.206,15.0663933845888,-0.044733864182823,6.13137766635326,8.14456343195512,0.131770877792527,9.19985796617732,0,1.94326346582935,0.0467747045724091,-0.992494844236028,MV-202,sine_steer_python-1
2208,2026年09月15日_19时21分47秒_第001次,2026-09-15T19:21:47,2.207,15.0664063008493,-0.0447066504839926,6.13230090349976,8.14873623948157,0.132091661919544,9.20402232820981,0,1.94905374557315,0.0469159520640858,-0.995377619986996,MV-202,sine_steer_python-1
2209,2026年09月15日_19时21分47秒_第001次,2026-09-15T19:21:47,2.208,15.0664192181946,-0.0446794340876996,6.13321595478754,8.15290901594248,0.132412896719215,9.2081866458204,0,1.95453624713639,0.0470497951359795,-0.998102959096745,MV-202,sine_steer_python-1
2210,2026年09月15日_19时21分47秒_第001次,2026-09-15T19:21:47,2.209,15.066432136577,-0.0446522230765054,6.13412326136714,8.15708176128536,0.132734582256314,9.21235091896708,0,1.95971010476849,0.0471762126604036,-1.00067042552966,MV-202,sine_steer_python-1
2211,2026年09月15日_19时21分47秒_第001次,2026-09-15T19:21:47,2.21,15.066445055856,-0.0446250261608188,6.13502280345943,8.1612544754576,0.133056718596653,9.21651514760694,0,1.96457450145738,0.0472951846663265,-1.00307960897393,MV-202,sine_steer_python-1
2212,2026年09月15日_19时21分47秒_第001次,2026-09-15T19:21:47,2.211,15.066457975862,-0.0445978518418997,6.13591446361933,8.1654271584076,0.133379305791272,9.22067933169835,0,1.96912866905841,0.0474066923394072,-1.00533012504517,MV-202,sine_steer_python-1
2213,2026年09月15日_19时21分47秒_第001次,2026-09-15T19:21:47,2.212,15.066470883707,-0.0445707731836661,6.13687786458401,8.16959981008412,0.133702343885788,9.22484347120022,0,1.97337188841574,0.0475107180225377,-1.00742161545841,MV-202,sine_steer_python-1
2214,2026年09月15日_19时21分47秒_第001次,2026-09-15T19:21:47,2.213,15.0664837914837,-0.0445436994897385,6.13773819609272,8.17377243035073,0.134025833983882,9.22900756581758,0,1.97730348947583,0.0476072452170748,-1.00935374815787,MV-202,sine_steer_python-1
2215,2026年09月15日_19时21分47秒_第001次,2026-09-15T19:21:47,2.214,15.066496701527,-0.0445165847773607,6.13860902112448,8.17794501933406,0.134349773789884,9.23317161593342,0,1.9809228513933,0.0476962585847515,-1.01112621740483,MV-202,sine_steer_python-1
2216,2026年09月15日_19时21分47秒_第001次,2026-09-15T19:21:47,2.215,15.0665096103813,-0.0444894695598226,6.13946334784381,8.18211757686318,0.13467416495537,9.23733562129531,0,1.98422940262896,0.0477777439501761,-1.01273874382868,MV-202,sine_steer_python-1
2217,2026年09月15日_19时21分47秒_第001次,2026-09-15T19:21:47,2.216,15.0665225194043,-0.0444623540499185,6.14030806962038,8.18629010292784,0.134999006965495,9.24149958192855,0,1.98722262104002,0.0478516883038625,-1.01419107444409,MV-202,sine_steer_python-1
2218,2026年09月15日_19时21分47秒_第001次,2026-09-15T19:21:47,2.217,15.0665354285437,-0.0444352418662303,6.14114424662788,8.19046259746428,0.135324300033067,9.24566349777966,0,1.9899020339626,0.0479180798057546,-1.01548298263518,MV-202,sine_steer_python-1
2219,2026年09月15日_19时21分47秒_第001次,2026-09-15T19:21:47,2.218,15.0665483378537,-0.0444081416852195,6.14197211121697,8.19463506042021,0.135650044213294,9.24982736880679,0,1.99226721828634,0.0479769077891732,-1.01661426810937,MV-202,sine_steer_python-1
2220,2026年09月15日_19时21分47秒_第001次,2026-09-15T19:21:47,2.219,15.0665612473246,-0.0443810607587648,6.14279201946174,8.19880749174361,0.135976239558111,9.25399119496868,0,1.99431780052123,0.0480281627650687,-1.01758475682594,MV-202,sine_steer_python-1
2221,2026年09月15日_19时21分47秒_第001次,2026-09-15T19:21:47,2.22,15.0665741568801,-0.0443540068104473,6.1436039472307,8.20297989138228,0.136302886120476,9.25815497622321,0,1.99605345685654,0.0480718397389392,-1.01839416067409,MV-202,sine_steer_python-1
2222,2026年09月15日_19时21分47秒_第001次,2026-09-15T19:21:47,2.221,15.0665870664278,-0.0443269873569643,6.14440778790311,8.20715225928488,0.136629983941392,9.2623187125292,0,1.99747391321203,0.04810793206988,-1.01904233783531,MV-202,sine_steer_python-1
2223,2026年09月15日_19时21分47秒_第001次,2026-09-15T19:21:47,2.222,15.0665999658556,-0.0443000577599963,6.14526522026812,8.21132459540028,0.136957533057473,9.2664824038458,0,1.99857894528118,0.0481364314232715,-1.01952929371244,MV-202,sine_steer_python-1
2224,2026年09月15日_19时21分47秒_第001次,2026-09-15T19:21:47,2.223,15.0666128645542,-0.0442731320884914,6.14604045853945,8.21549689960306,0.137285534421843,9.27064604992504,0,1.9993683785666,0.0481573331297731,-1.0198549558958,MV-202,sine_steer_python-1
2225,2026年09月15日_19时21分47秒_第001次,2026-09-15T19:21:47,2.224,15.0666257646324,-0.044246189625214,6.1468223275383,8.21966917199417,0.137613986094515,9.27480965107141,0,1.99984208840763,0.0481706316824383,-1.02001936324236,MV-202,sine_steer_python-1
2226,2026年09月15日_19时21分47秒_第001次,2026-09-15T19:21:47,2.225,15.0666386634629,-0.0442192591057491,6.14758916412587,8.22384141242219,0.137942889438651,9.27897320707082,0,2,0.0481763269621079,-1.02002240341138,MV-202,sine_steer_python-1
2227,2026年09月15日_19时21分47秒_第001次,2026-09-15T19:21:47,2.226,15.0666515622142,-0.0441923417320441,6.14834658464117,8.22801362087035,0.138272244028396,9.2831367179369,0,1.99984208840763,0.0481744186213848,-1.01986405017648,MV-202,sine_steer_python-1
2228,2026年09月15日_19时21分47秒_第001次,2026-09-15T19:21:47,2.227,15.0666644609165,-0.0441654408649565,6.14909529086716,8.23218579727709,0.138602050037535,9.28730018361781,0,1.9993683785666,0.0481649064007865,-1.01954434993658,MV-202,sine_steer_python-1
2229,2026年09月15日_19时21分47秒_第001次,2026-09-15T19:21:47,2.228,15.066677359693,-0.0441385638067118,6.14983545859415,8.23635794159047,0.138932307509687,9.29146360407168,0,1.99857894528118,0.0481477902158987,-1.019063418337,MV-202,sine_steer_python-1
2230,2026年09月15日_19时21分47秒_第001次,2026-09-15T19:21:47,2.229,15.0666902586119,-0.0441117167113921,6.15056735127933,8.24053005375863,0.139263016487503,9.29562697925685,0,1.99747391321204,0.0481230700216623,-1.01842144583542,MV-202,sine_steer_python-1
2231,2026年09月15日_19时21分47秒_第001次,2026-09-15T19:21:47,2.23,15.0667031576897,-0.044084906080079,6.15129094324477,8.24470213372959,0.139594177014203,9.29979030913091,0,1.99605345685654,0.0480907461478488,-1.01761868343983,MV-202,sine_steer_python-1
2232,2026年09月15日_19时21分47秒_第001次,2026-09-15T19:21:47,2.231,15.0667160569312,-0.0440581382298921,6.15200615118229,8.24887418145204,0.139925789123401,9.30395359365209,0,1.99431780052123,0.048050819492091,-1.01665543454398,MV-202,sine_steer_python-1
2233,2026年09月15日_19时21分47秒_第001次,2026-09-15T19:21:47,2.232,15.0667289486267,-0.0440314527835061,6.15275625224973,8.25304619687489,0.140257852845028,9.30811683277881,0,1.99226721828635,0.0480032972596862,-1.01553181193629,MV-202,sine_steer_python-1
2234,2026年09月15日_19时21分47秒_第001次,2026-09-15T19:21:47,2.233,15.0667418406491,-0.0440047957934544,6.15344574123987,8.25721817989556,0.140590368830161,9.31228002632345,0,1.9899020339626,0.0479481884288304,-1.01424793019979,MV-202,sine_steer_python-1
2235,2026年09月15日_19时21分47秒_第001次,2026-09-15T19:21:47,2.234,15.06675473408,-0.0439781489668873,6.1541370923474,8.26139013056814,0.140923335765032,9.31644317448771,0,1.98722262104002,0.0478855018354265,-1.01280398524771,MV-202,sine_steer_python-1
2236,2026年09月15日_19时21分47秒_第001次,2026-09-15T19:21:47,2.235,15.0667676271246,-0.0439515347965022,6.15481526533831,8.26556204877239,0.14125675458017,9.32060627710844,0,1.98422940262896,0.0478152521964358,-1.01120000115257,MV-202,sine_steer_python-1
2237,2026年09月15日_19时21分47秒_第001次,2026-09-15T19:21:47,2.236,15.0667805206556,-0.0439249547130505,6.15548407042021,8.26973393448099,0.141590624989237,9.32476933418167,0,1.9809228513933,0.0477374513515542,-1.00943619934021,MV-202,sine_steer_python-1
2238,2026年09月15日_19时21分47秒_第001次,2026-09-15T19:21:47,2.237,15.0667934147593,-0.0438984118658155,6.156144059117,8.2739057876359,0.141924947111499,9.3289323456582,0,1.97730348947583,0.0476521120813714,-1.00751283731279,MV-202,sine_steer_python-1
2239,2026年09月15日_19时21分47秒_第001次,2026-09-15T19:21:47,2.238,15.0668063095896,-0.0438719120774485,6.15679533270023,8.27807760818561,0.142259720978994,9.33309531149533,0,1.97337188841574,0.0475592483629307,-1.00543019792871,MV-202,sine_steer_python-1
2240,2026年09月15日_19时21分47秒_第001次,2026-09-15T19:21:47,2.239,15.0668192052702,-0.0438454602729609,6.15743806972695,8.28224939607875,0.142594946621723,9.3372582316506,0,1.96912866905841,0.0474588753215179,-1.00318859107879,MV-202,sine_steer_python-1
2241,2026年09月15日_19时21分47秒_第001次,2026-09-15T19:21:47,2.24,15.066832101892,-0.043819061535146,6.15807224248709,8.28642115126388,0.142930624070187,9.34142110608098,0,1.96457450145738,0.0473510092113625,-1.00078835435077,MV-202,sine_steer_python-1
2242,2026年09月15日_19时21分47秒_第001次,2026-09-15T19:21:47,2.241,15.0668449995405,-0.0437927207318311,6.15869778278415,8.29059287369003,0.143266753348037,9.34558393474384,0,1.95971010476849,0.0472356674061479,-0.998229853335787,MV-202,sine_steer_python-1
2243,2026年09月15日_19时21分47秒_第001次,2026-09-15T19:21:47,2.242,15.066857892974,-0.0437664599856342,6.15933974502207,8.2947645633064,0.143603334476245,9.34974671759669,0,1.95453624713639,0.0471128683863894,-0.995513481979469,MV-202,sine_steer_python-1
2244,2026年09月15日_19时21分47秒_第001次,2026-09-15T19:21:47,2.243,15.0668707881399,-0.0437402433889712,6.15994236178866,8.29893622002813,0.143940367879941,9.35390945450723,0,1.94905374557316,0.0469826317223513,-0.992639663092781,MV-202,sine_steer_python-1
2245,2026年09月15日_19时21分47秒_第001次,2026-09-15T19:21:47,2.244,15.0668836853914,-0.0437140662677429,6.1605425204201,8.30310784387182,0.144277852734083,9.35807214558211,0,1.94326346582935,0.0468449780551947,-0.989608848951366,MV-202,sine_steer_python-1
2246,2026年09月15日_19时21分47秒_第001次,2026-09-15T19:21:47,2.245,15.0668965837601,-0.0436879414838763,6.16113115751628,8.3072794347439,0.144615789608308,9.36223479070446,0,1.93716632225726,0.0466999290803266,-0.986421521797994,MV-202,sine_steer_python-1
2247,2026年09月15日_19时21分47秒_第001次,2026-09-15T19:21:47,2.246,15.0669094838489,-0.0436618705599861,6.16171053861541,8.31145099260838,0.144954178330002,9.36639738985477,0,1.93076327766655,0.0465475075357141,-0.983078194113904,MV-202,sine_steer_python-1
2248,2026年09月15日_19时21分47秒_第001次,2026-09-15T19:21:47,2.247,15.0669223857893,-0.0436358558426099,6.1622809589535,8.31562251741046,0.145293018971237,9.3705599429859,0,1.92405534317217,0.0463877371966244,-0.979579408601646,MV-202,sine_steer_python-1
2249,2026年09月15日_19时21分47秒_第001次,2026-09-15T19:21:47,2.248,15.0669352897579,-0.0436099011397801,6.1628424531781,8.3197940090993,0.145632311552188,9.3747224500547,0,1.91704357803475,0.0462206428777672,-0.975925737845393,MV-202,sine_steer_python-1
2250,2026年09月15日_19时21分47秒_第001次,2026-09-15T19:21:47,2.249,15.0669481959149,-0.0435840096063414,6.16339511084113,8.32396546762415,0.145972056091706,9.37888491101816,0,1.90972908949329,0.046046250443331,-0.972117783627608,MV-202,sine_steer_python-1
2251,2026年09月15日_19时21分47秒_第001次,2026-09-15T19:21:47,2.25,15.0669611044025,-0.0435581843820963,6.16393890284053,8.32813689293422,0.146312252608962,9.38304732583294,0,1.90211303259031,0.0458645868243826,-0.968156175921401,MV-202,sine_steer_python-1
2252,2026年09月15日_19时21分47秒_第001次,2026-09-15T19:21:47,2.251,15.0669740153597,-0.0435324283753658,6.16447378111604,8.33230828497904,0.1466529011189,9.38720969445598,0,1.89419660998949,0.045675680041952,-0.964041571629456,MV-202,sine_steer_python-1
2253,2026年09月15日_19时21分47秒_第001次,2026-09-15T19:21:47,2.252,15.0669869255663,-0.0435067442407176,6.1650061515617,8.33647964370828,0.146994001634703,9.3913720168443,0,1.88598107178573,0.0454795592333641,-0.959774653173985,MV-202,sine_steer_python-1
2254,2026年09月15日_19时21分47秒_第001次,2026-09-15T19:21:47,2.253,15.0669998396974,-0.0434811117507442,6.16552074954179,8.34065096905402,0.147335554371937,9.39553429292255,0,1.87746771530775,0.0452762546790864,-0.955356127053656,MV-202,sine_steer_python-1
2255,2026年09月15日_19时21分47秒_第001次,2026-09-15T19:21:47,2.254,15.0670127570897,-0.0434555420895586,6.16602859802522,8.34482226099617,0.147677558976457,9.39969652270092,0,1.86865788491322,0.045065797827409,-0.950786722480625,MV-202,sine_steer_python-1
2256,2026年09月15日_19时21分47秒_第001次,2026-09-15T19:21:47,2.255,15.067025677582,-0.0434300373972273,6.16652660806179,8.34899351946841,0.148020015662286,9.40385870611058,0,1.8595529717765,0.0448482213145867,-0.946067190197631,MV-202,sine_steer_python-1
2257,2026年09月15日_19时21分47秒_第001次,2026-09-15T19:21:47,2.256,15.0670386014523,-0.0434045989487777,6.16701550206984,8.35316474442616,0.14836292437006,9.40802084311687,0,1.85015441366892,0.0446235589786766,-0.941198301550277,MV-202,sine_steer_python-1
2258,2026年09月15日_19时21分47秒_第001次,2026-09-15T19:21:47,2.257,15.0670515288278,-0.0433792278964488,6.16749531156116,8.35733593581821,0.148706285124845,9.41218293367563,0,1.84046369473174,0.0443918458661096,-0.936180847855343,MV-202,sine_steer_python-1
2259,2026年09月15日_19时21分47秒_第001次,2026-09-15T19:21:47,2.258,15.0670644598563,-0.0433539256398647,6.16796599930408,8.36150709359462,0.14905009793543,9.41634497774406,0,1.83048234524184,0.0441531182309158,-0.931015640068559,MV-202,sine_steer_python-1
2260,2026年09月15日_19时21分47秒_第001次,2026-09-15T19:21:47,2.259,15.067077394684,-0.0433286931759902,6.16842756259814,8.36567821770555,0.149394362810014,9.42050697527956,0,1.82021194136999,0.0439074135273324,-0.925703508721025,MV-202,sine_steer_python-1
2261,2026年09月15日_19时21分47秒_第001次,2026-09-15T19:21:47,2.26,15.0670903334543,-0.043303531321144,6.16887996832851,8.3698493081011,0.149739079757053,9.42466892623943,0,1.80965410493204,0.0436547703971524,-0.920245304066839,MV-202,sine_steer_python-1
2262,2026年09月15日_19时21分47秒_第001次,2026-09-15T19:21:47,2.261,15.0671032763107,-0.043278440653885,6.16932318694717,8.37402036473153,0.150084248783452,9.42883083058118,0,1.79881050313274,0.0433952286535544,-0.914641896368451,MV-202,sine_steer_python-1
2263,2026年09月15日_19时21分47秒_第001次,2026-09-15T19:21:47,2.262,15.0671162229114,-0.0432534074062773,6.16974613480318,8.3781913875472,0.150429869895324,9.43299268826242,0,1.78768284830253,0.0431288292632565,-0.908894176241687,MV-202,sine_steer_python-1
2264,2026年09月15日_19时21分47秒_第001次,2026-09-15T19:21:47,2.263,15.0671291751438,-0.0432284323839478,6.1701720199247,8.38236237650153,0.150775943057933,9.43715449926866,0,1.77627289762709,0.042855614328666,-0.903003054990006,MV-202,sine_steer_python-1
2265,2026年09月15日_19时21分47秒_第001次,2026-09-15T19:21:47,2.264,15.0671421317797,-0.0432035350652138,6.17058675478674,8.38653333153247,0.151122468439398,9.44131626351053,0,1.76458245286991,0.0425756270712902,-0.896969464874148,MV-202,sine_steer_python-1
2266,2026年09月15日_19时21分47秒_第001次,2026-09-15T19:21:47,2.265,15.0671550933991,-0.0431787081903845,6.17099325357654,8.39070425260297,0.151469445886687,9.44547798097034,0,1.75261336008773,0.0422889118171375,-0.890794359286593,MV-202,sine_steer_python-1
2267,2026年09月15日_19时21分47秒_第001次,2026-09-15T19:21:47,2.266,15.0671680599312,-0.0431539522955886,6.17139070524408,8.3948751396595,0.151816875457617,9.4496396515989,0,1.74036750933905,0.0419955139842476,-0.88447871282492,MV-202,sine_steer_python-1
2268,2026年09月15日_19时21分47秒_第001次,2026-09-15T19:21:47,2.267,15.0671810314755,-0.0431292669974339,6.17177891095493,8.39904599265464,0.15216475713217,9.45380127535631,0,1.72784683438567,0.041695480071969,-0.878023521280304,MV-202,sine_steer_python-1
2269,2026年09月15日_19时21分47秒_第001次,2026-09-15T19:21:47,2.268,15.0671940081248,-0.0431046510165397,6.17215778643349,8.40321681153955,0.152513090908795,9.45796285220144,0,1.71505331238731,0.0413888576512143,-0.87142980157384,MV-202,sine_steer_python-1
2270,2026年09月15日_19时21分47秒_第001次,2026-09-15T19:21:47,2.269,15.067206989982,-0.0430801029600969,6.17252725393553,8.40738759626544,0.152861876785936,9.4621243820933,0,1.70198896358938,0.0410756953547373,-0.864698591681222,MV-202,sine_steer_python-1
2271,2026年09月15日_19时21分47秒_第001次,2026-09-15T19:21:47,2.27,15.0672199771596,-0.0430556211253946,6.17288728988479,8.41155834678355,0.153211114761909,9.46628586499119,0,1.68865585100403,0.0407560428664994,-0.857830950585468,MV-202,sine_steer_python-1
2272,2026年09月15日_19时21分47秒_第001次,2026-09-15T19:21:47,2.271,15.0672329697709,-0.0430312035959149,6.17323789240331,8.41572906304508,0.15356080483602,9.47044730085444,0,1.67505608008428,0.0404299509094037,-0.850827958288108,MV-202,sine_steer_python-1
2273,2026年09月15日_19时21分47秒_第001次,2026-09-15T19:21:47,2.272,15.0672459692493,-0.0430068162296626,6.17354929973853,8.41989974500127,0.153910947007656,9.47460868964257,0,1.66119179839163,0.0400974712310349,-0.843690715894683,MV-202,sine_steer_python-1
2274,2026年09月15日_19时21分47秒_第001次,2026-09-15T19:21:47,2.273,15.0672589764032,-0.0429824751569349,6.17388528650105,8.42407039262367,0.154261541035027,9.47877003140343,0,1.64706519525686,0.0397586565874565,-0.83642034577205,MV-202,sine_steer_python-1
2275,2026年09月15日_19时21分47秒_第001次,2026-09-15T19:21:47,2.274,15.067271988779,-0.0429582155567802,6.17420587936145,8.42824100581202,0.154612587556425,9.48293132594843,0,1.63267850143437,0.0394135607255318,-0.829017991758186,MV-202,sine_steer_python-1
2276,2026年09月15日_19时21分47秒_第001次,2026-09-15T19:21:47,2.275,15.0672850076984,-0.0429340189466366,6.17451996674387,8.43241158455843,0.154964086064843,9.48709257331307,0,1.6180339887499,0.0390622383645573,-0.821484819390991,MV-202,sine_steer_python-1
2277,2026年09月15日_19时21分47秒_第001次,2026-09-15T19:21:47,2.276,15.0672980326728,-0.0429098852923505,6.17482519342253,8.4365821288006,0.155316036732401,9.49125377343465,0,1.60313396974175,0.0387047451781882,-0.813822016114776,MV-202,sine_steer_python-1
2278,2026年09月15日_19时21分47秒_第001次,2026-09-15T19:21:47,2.277,15.067311063717,-0.0428858127050205,6.17512109500559,8.44075263849527,0.155668439493285,9.49541492627889,0,1.58798079729567,0.0383411377776747,-0.806030791421534,MV-202,sine_steer_python-1
2279,2026年09月15日_19时21分47秒_第001次,2026-09-15T19:21:47,2.278,15.0673241008163,-0.042861797230208,6.17540751328411,8.44492311359488,0.156021294335846,9.49957603180759,0,1.57257686427324,0.0379714736972904,-0.798112376889516,MV-202,sine_steer_python-1
2280,2026年09月15日_19时21分47秒_第001次,2026-09-15T19:21:47,2.279,15.0673371439854,-0.0428378350921109,6.17568427633645,8.44909355405184,0.156374601249218,9.50373708998264,0,1.55692460313405,0.0375958113825857,-0.790068026092685,MV-202,sine_steer_python-1
2281,2026年09月15日_19时21分47秒_第001次,2026-09-15T19:21:47,2.28,15.0673501932675,-0.0428139220826261,6.17595135470131,8.45326395981861,0.156728360222401,9.50789810076649,0,1.54102648555158,0.0372142101817491,-0.781899014368886,MV-202,sine_steer_python-1
2282,2026年09月15日_19时21分47秒_第001次,2026-09-15T19:21:47,2.281,15.0673632487143,-0.0427900538183391,6.17620876328357,8.4574343308474,0.157082571248103,9.51205906412156,0,1.5248850220229,0.0368267303399916,-0.773606638450796,MV-202,sine_steer_python-1
2283,2026年09月15日_19时21分47秒_第001次,2026-09-15T19:21:47,2.282,15.0673763137811,-0.0427661769383938,6.17640846395992,8.46160466709042,0.157437234320112,9.51621998001039,0,1.50850276147221,0.0364334329965125,-0.765192215978042,MV-202,sine_steer_python-1
2284,2026年09月15日_19时21分47秒_第001次,2026-09-15T19:21:47,2.283,15.0673893877429,-0.0427423250162398,6.17665407521462,8.46577496853907,0.157792348976429,9.52038084854624,0,1.49188229084836,0.0360343801833364,-0.756657084921054,MV-202,sine_steer_python-1
2285,2026年09月15日_19时21分47秒_第001次,2026-09-15T19:21:47,2.284,15.0674024670451,-0.042718546523003,6.17688000455644,8.46994523505234,0.158147916344144,9.52454166943928,0,1.47502623471635,0.0356296348251351,-0.748002602954048,MV-202,sine_steer_python-1
2286,2026年09月15日_19时21分47秒_第001次,2026-09-15T19:21:47,2.285,15.0674155537389,-0.0426948124317089,6.17710112188977,8.47411546665257,0.158503935559348,9.52870244278077,0,1.45793725484282,0.0352192607391022,-0.739230146816676,MV-202,sine_steer_python-1
2287,2026年09月15日_19时21分47秒_第001次,2026-09-15T19:21:47,2.286,15.0674286469146,-0.042671122226893,6.17731353114505,8.47828566326837,0.158860406910667,9.53286316849501,0,1.44061804977581,0.0348033226340224,-0.730341111701068,MV-202,sine_steer_python-1
2288,2026年09月15日_19时21分47秒_第001次,2026-09-15T19:21:47,2.287,15.0674417465047,-0.0426474726703561,6.17751651439251,8.48245582486064,0.159217330288007,9.53702384655442,0,1.42307135441857,0.034381886107842,-0.721336910693348,MV-202,sine_steer_python-1
2289,2026年09月15日_19时21分47秒_第001次,2026-09-15T19:21:47,2.288,15.0674548523893,-0.0426238573353069,6.17770984880073,8.48662595138309,0.159574705670763,9.54118447692465,0,1.4052999395977,0.0339550176432987,-0.712218974288753,MV-202,sine_steer_python-1
2290,2026年09月15日_19时21分47秒_第001次,2026-09-15T19:21:47,2.289,15.0674679644977,-0.0426002702980592,6.17789327511876,8.4907960427893,0.15993253303979,9.54534505957134,0,1.38730661162561,0.0335227846014342,-0.702988749987795,MV-202,sine_steer_python-1
2291,2026年09月15日_19时21分47秒_第001次,2026-09-15T19:21:47,2.29,15.0674810828064,-0.0425767051105457,6.1780667635895,8.49496609903295,0.160290812375626,9.54950559446096,0,1.36909421185737,0.0330852552130823,-0.693647701969713,MV-202,sine_steer_python-1
2292,2026年09月15日_19时21分47秒_第001次,2026-09-15T19:21:47,2.291,15.0674942073078,-0.0425531552146796,6.17823034990247,8.49913612006724,0.160649543665132,9.55366608155974,0,1.35066561624205,0.0326424985686703,-0.684197310837449,MV-202,sine_steer_python-1
2293,2026年09月15日_19时21分47秒_第001次,2026-09-15T19:21:47,2.292,15.0675073434401,-0.0425295483238633,6.17831776238331,8.50330610584525,0.161008726897164,9.55782652083397,0,1.3320237348685,0.032194584606903,-0.674639073388392,MV-202,sine_steer_python-1
2294,2026年09月15日_19时21分47秒_第001次,2026-09-15T19:21:47,2.293,15.0675204890194,-0.0425059360433349,6.17847239219088,8.50747605637878,0.16136836138912,9.56198691246453,0,1.31317151150592,0.031741584102412,-0.664974502400818,MV-202,sine_steer_python-1
2295,2026年09月15日_19时21分47秒_第001次,2026-09-15T19:21:47,2.294,15.0675336393555,-0.0424823803103111,6.17860305980402,8.51164597148486,0.161728448758529,9.5661472560583,0,1.29411192313889,0.031283568652773,-0.655205126487453,MV-202,sine_steer_python-1
2296,2026年09月15日_19时21分47秒_第001次,2026-09-15T19:21:47,2.295,15.0675467972393,-0.0424588419475838,6.17873061548585,8.51581585121677,0.16208898778495,9.57030755176415,0,1.27484797949738,0.0308206106664392,-0.645332489882973,MV-202,sine_steer_python-1
2297,2026年09月15日_19时21分47秒_第001次,2026-09-15T19:21:47,2.296,15.0675599613397,-0.0424353203469714,6.17884962288261,8.51998569549369,0.16244997887402,9.57446779949347,0,1.2553827225814,0.030352783350884,-0.635358152205667,MV-202,sine_steer_python-1
2298,2026年09月15日_19时21分47秒_第001次,2026-09-15T19:21:47,2.297,15.0675731315123,-0.0424118113179445,6.17895911108399,8.52415550428068,0.162811421871864,9.57862799922584,0,1.23571922618067,0.0298801607007565,-0.625283688214877,MV-202,sine_steer_python-1
2299,2026年09月15日_19时21分47秒_第001次,2026-09-15T19:21:47,2.298,15.0675863075387,-0.0423883063744667,6.1790587925806,8.52832527753262,0.163173316749361,9.58278815093109,0,1.21586059538921,0.0294028174860004,-0.61511068757306,MV-202,sine_steer_python-1
2300,2026年09月15日_19时21分47秒_第001次,2026-09-15T19:21:47,2.299,15.0675994892708,-0.0423647978693998,6.17914832041013,8.53249501520419,0.163535663479491,9.58694825457888,0,1.19580996611504,0.028920829240006,-0.604840754594531,MV-202,sine_steer_python-1
2301,2026年09月15日_19时21分47秒_第001次,2026-09-15T19:21:47,2.3,15.067612676629,-0.0423412775494226,6.17922766392101,8.53666471725015,0.163898462034711,9.59110831013992,0,1.17557050458495,0.0284342722492108,-0.594475507876566,MV-202,sine_steer_python-1
2302,2026年09月15日_19时21分47秒_第001次,2026-09-15T19:21:47,2.301,15.0676258695588,-0.0423177371253887,6.17929687882573,8.54083438362457,0.164261712396383,9.59526831758437,0,1.15514540684453,0.0279432235409421,-0.584016580070397,MV-202,sine_steer_python-1
2303,2026年09月15日_19时21分47秒_第001次,2026-09-15T19:21:47,2.302,15.0676390754707,-0.0422940858837854,6.17927152088947,8.54500401428131,0.164625414548747,9.59942827688236,0,1.13453789825352,0.0274477608692612,-0.573465617712795,MV-202,sine_steer_python-1
2304,2026年09月15日_19时21分47秒_第001次,2026-09-15T19:21:47,2.303,15.0676522907845,-0.0422703942440945,6.17933464073899,8.54917360925298,0.164989567587254,9.6035881882839,0,1.11375123297638,0.0269479627000679,-0.562824281069674,MV-202,sine_steer_python-1
2305,2026年09月15日_19时21分47秒_第001次,2026-09-15T19:21:47,2.304,15.0676655096667,-0.0422467377711837,6.17936951851286,8.55334316831328,0.165354173621979,9.60774805128989,0,1.09278869346854,0.0264439081958225,-0.552094243985455,MV-202,sine_steer_python-1
2306,2026年09月15日_19时21分47秒_第001次,2026-09-15T19:21:47,2.305,15.0676787356769,-0.0422230676553299,6.1794029819987,8.55751269154707,0.165719231075904,9.61190786610805,0,1.071653589958,0.0259356771994373,-0.541277193763171,MV-202,sine_steer_python-1
2307,2026年09月15日_19时21分47秒_第001次,2026-09-15T19:21:47,2.306,15.067691967083,-0.0421993836600335,6.17942805482847,8.56168217886365,0.166084740471933,9.61606763263618,0,1.0503492599226,0.0254233502172989,-0.530374831079219,MV-202,sine_steer_python-1
2308,2026年09月15日_19时21分47秒_第001次,2026-09-15T19:21:47,2.307,15.0677052036913,-0.0421756811058195,6.17944351389244,8.56585163023217,0.166450701612663,9.62022735086089,0,1.02887906756301,0.0249070084019609,-0.519388869906512,MV-202,sine_steer_python-1
2309,2026年09月15日_19时21分47秒_第001次,2026-09-15T19:21:47,2.308,15.0677184452129,-0.0421519499149585,6.17944900727213,8.57002104560851,0.166817114460611,9.62438702075586,0,1.00724640327152,0.0243867335351149,-0.508321037418212,MV-202,sine_steer_python-1
2310,2026年09月15日_19时21分47秒_第001次,2026-09-15T19:21:47,2.309,15.0677316914527,-0.0421281811832401,6.17944410029539,8.57419042494825,0.167183978981003,9.62854664229443,0,0.985454683096585,0.0238626080112023,-0.497173073857323,MV-202,sine_steer_python-1
2311,2026年09月15日_19时21分47秒_第001次,2026-09-15T19:21:47,2.31,15.067744942307,-0.0421043653162334,6.17942876125047,8.57835976820709,0.167551295138284,9.63270621545107,0,0.963507348203427,0.0233347148218797,-0.485946732364658,MV-202,sine_steer_python-1
2312,2026年09月15日_19时21分47秒_第001次,2026-09-15T19:21:47,2.311,15.0677581977077,-0.0420804927540283,6.1794030655462,8.58252907533977,0.167919062908346,9.63686574019943,0,0.94140786433067,0.0228031375409263,-0.474643778797856,MV-202,sine_steer_python-1
2313,2026年09月15日_19时21分47秒_第001次,2026-09-15T19:21:47,2.312,15.0677714668518,-0.0420564565592018,6.17926416599523,8.58669834630075,0.168287282270808,9.64102521651289,0,0.919159721242975,0.0222679603112631,-0.463265991415307,MV-202,sine_steer_python-1
2314,2026年09月15日_19时21分47秒_第001次,2026-09-15T19:21:47,2.313,15.0677847455457,-0.0420323657626701,6.17923545391078,8.59086758115301,0.168655951990213,9.64518464472155,0,0.896766432180066,0.0217292678336391,-0.451815160504849,MV-202,sine_steer_python-1
2315,2026年09月15日_19时21分47秒_第001次,2026-09-15T19:21:47,2.314,15.0677980263016,-0.0420082937559581,6.17917361672009,8.59503677960964,0.169025074858636,9.64934402420071,0,0.874231533301868,0.0211871453555789,-0.440293088024159,MV-202,sine_steer_python-1
2316,2026年09月15日_19时21分47秒_第001次,2026-09-15T19:21:47,2.315,15.0678113135005,-0.0419841865926874,6.17911234384695,8.59920594179625,0.169394648841153,9.65350335522698,0,0.851558583130143,0.0206416786631838,-0.428701587151173,MV-202,sine_steer_python-1
2317,2026年09月15日_19时21分47秒_第001次,2026-09-15T19:21:47,2.316,15.0678246049774,-0.0419600443893879,6.17904274526246,8.60337506760886,0.169764674612379,9.65766263767975,0,0.828751161986567,0.0200929540686943,-0.417042481855437,MV-202,sine_steer_python-1
2318,2026年09月15日_19时21分47秒_第001次,2026-09-15T19:21:47,2.317,15.0678379005227,-0.0419358625176475,6.17896348567759,8.60754415702151,0.1701351519202,9.66182187155311,0,0.805812871427326,0.0195410583969869,-0.405317606490009,MV-202,sine_steer_python-1
2319,2026年09月15日_19时21分47秒_第001次,2026-09-15T19:21:47,2.318,15.0678511998033,-0.0419116297423381,6.17887413250882,8.61171320999091,0.170506080718338,9.66598105682363,0,0.782747333674407,0.0189860789725918,-0.393528805603425,MV-202,sine_steer_python-1
2320,2026年09月15日_19时21分47秒_第001次,2026-09-15T19:21:47,2.319,15.0678645026169,-0.0418873363129194,6.17877416583053,8.61588222647359,0.170877460961527,9.67014019346756,0,0.759558191043599,0.0184281036129609,-0.381677933451603,MV-202,sine_steer_python-1
2321,2026年09月15日_19时21分47秒_第001次,2026-09-15T19:21:47,2.32,15.0678778088789,-0.0418629716560545,6.17866355045133,8.62005120642616,0.171249292603733,9.67429928146239,0,0.736249105369361,0.0178672206203279,-0.369766853410358,MV-202,sine_steer_python-1
2322,2026年09月15日_19时21分47秒_第001次,2026-09-15T19:21:47,2.321,15.0678911185536,-0.0418385252613158,6.17854237433562,8.62422014980403,0.171621575613185,9.67845832078439,0,0.712823757426501,0.0173035187702271,-0.357797437498678,MV-202,sine_steer_python-1
2323,2026年09月15日_19时21分47秒_第001次,2026-09-15T19:21:47,2.322,15.0679044430627,-0.0418138710364038,6.17829006709699,8.62838905656221,0.171994309962861,9.68261731140936,0,0.689285846349042,0.0167370872979483,-0.345771566058321,MV-202,sine_steer_python-1
2324,2026年09月15日_19时21分47秒_第001次,2026-09-15T19:21:47,2.323,15.0679177762393,-0.0417891192076185,6.17816857402852,8.63255792677644,0.172367494296612,9.68677625372818,0,0.665639089045976,0.0161680158851921,-0.333691127463466,MV-202,sine_steer_python-1
2325,2026年09月15日_19时21分47秒_第001次,2026-09-15T19:21:47,2.324,15.0679311100272,-0.0417643725795151,6.17801026494425,8.63672676012957,0.172741131714457,9.69093514701976,0,0.641887219614416,0.0155963946462774,-0.321558017818271,MV-202,sine_steer_python-1
2326,2026年09月15日_19时21分47秒_第001次,2026-09-15T19:21:47,2.325,15.0679444496621,-0.0417395643137055,6.17785390639618,8.64089555677152,0.173115219923722,9.69509399161114,0,0.618033988749894,0.0150223141116225,-0.30937414074746,MV-202,sine_steer_python-1
2327,2026年09月15日_19时21分47秒_第001次,2026-09-15T19:21:47,2.326,15.0679577927233,-0.0417146958693538,6.17768944060501,8.6450643165906,0.173489759680527,9.69925278736939,0,0.59408316315407,0.0144458652076898,-0.297141407334904,MV-202,sine_steer_python-1
2328,2026年09月15日_19时21分47秒_第001次,2026-09-15T19:21:47,2.327,15.0679711390431,-0.0416897624923982,6.17751514116461,8.64923303956393,0.173864750699272,9.70341153429287,0,0.570038524939954,0.0138671392335446,-0.284861736209129,MV-202,sine_steer_python-1
2329,2026年09月15日_19时21分47秒_第001次,2026-09-15T19:21:47,2.328,15.067984488312,-0.0416647517886081,6.17733052774312,8.65340172564896,0.174240192924414,9.70757023236047,0,0.545903871034647,0.0132862278346626,-0.272537053744286,MV-202,sine_steer_python-1
2330,2026年09月15日_19时21分47秒_第001次,2026-09-15T19:21:47,2.329,15.0679978403595,-0.0416396531570928,6.17713499066295,8.65757037480274,0.174616086304299,9.71172888155019,0,0.521683012579799,0.0127032229760408,-0.26016929429203,MV-202,sine_steer_python-1
2331,2026年09月15日_19时21分47秒_第001次,2026-09-15T19:21:47,2.33,15.0680111951487,-0.0416144550894206,6.1769284966831,8.66173898698241,0.174992430785919,9.71588748184145,0,0.497379774329709,0.0121182169165758,-0.247760400338341,MV-202,sine_steer_python-1
2332,2026年09月15日_19时21分47秒_第001次,2026-09-15T19:21:47,2.331,15.0680245526963,-0.0415891462011518,6.17671116124203,8.66590756214372,0.175369226332733,9.72004603321205,0,0.472997994047457,0.0115313021831728,-0.235312322672957,MV-202,sine_steer_python-1
2333,2026年09月15日_19时21分47秒_第001次,2026-09-15T19:21:47,2.332,15.0680379261937,-0.0415635850243986,6.17634411349071,8.67007610024193,0.175746472913567,9.72420453563915,0,0.448541521898765,0.0109425715305976,-0.222827021174263,MV-202,sine_steer_python-1
2334,2026年09月15日_19时21分47秒_第001次,2026-09-15T19:21:47,2.333,15.0680513091123,-0.0415379245743967,6.17612951752685,8.67424460138593,0.176124168820124,9.72836298959676,0,0.424014219844106,0.0103521178537262,-0.210306467603376,MV-202,sine_steer_python-1
2335,2026年09月15日_19时21分47秒_第001次,2026-09-15T19:21:47,2.334,15.068064691658,-0.0415122625095724,6.17587309147788,8.67841306519204,0.176502317869507,9.73252139422784,0,0.39941996102882,0.00976003403994383,-0.197752650942433,MV-202,sine_steer_python-1
2336,2026年09月15日_19时21分47秒_第001次,2026-09-15T19:21:47,2.335,15.0680780799538,-0.0414865279899604,6.17562061210785,8.682581491854,0.176880917293444,9.73667974993086,0,0.374762629171449,0.00916641285145901,-0.185167581467673,MV-202,sine_steer_python-1
2337,2026年09月15日_19时21分47秒_第001次,2026-09-15T19:21:47,2.336,15.0680914711737,-0.0414607230464659,6.17536005442773,8.6867498812455,0.177259968005089,9.74083805655099,0,0.350046117950554,0.00857134697998806,-0.172553287488847,MV-202,sine_steer_python-1
2338,2026年09月15日_19时21分47秒_第001次,2026-09-15T19:21:47,2.337,15.0681048651798,-0.0414348432603948,6.17508961165681,8.69091823334872,0.177639469661782,9.74499631409252,0,0.32527433038977,0.00797492926220137,-0.15991180524612,MV-202,sine_steer_python-1
2339,2026年09月15日_19时21分47秒_第001次,2026-09-15T19:21:47,2.338,15.0681182616569,-0.0414088753226594,6.17480872588764,8.6950865481218,0.178019422198391,9.74915452253531,0,0.300451178241519,0.00737725289322701,-0.147245168907119,MV-202,sine_steer_python-1
2340,2026年09月15日_19时21分47秒_第001次,2026-09-15T19:21:47,2.339,15.068131660466,-0.0413828079901591,6.17451670681249,8.69925482552264,0.178399825551503,9.75331268185843,0,0.275580581369275,0.00677841153735573,-0.13455540495368,MV-202,sine_steer_python-1
2341,2026年09月15日_19时21分47秒_第001次,2026-09-15T19:21:47,2.34,15.0681450616261,-0.0413566289362033,6.17421352019387,8.70342306550927,0.178780679656325,9.75747079204246,0,0.250666467128602,0.00617849934811921,-0.121844530412515,MV-202,sine_steer_python-1
2342,2026年09月15日_19时21分47秒_第001次,2026-09-15T19:21:47,2.341,15.0681584652208,-0.0413303259423903,6.17389929464109,8.707591268038,0.179161984467355,9.76162885306606,0,0.225712769746966,0.00557761094105162,-0.109114553076829,MV-202,sine_steer_python-1
2343,2026年09月15日_19时21分47秒_第001次,2026-09-15T19:21:47,2.342,15.0681718865231,-0.0413037395259098,6.17341740508326,8.71175943306464,0.179543739945487,9.76578686490701,0,0.200723429702427,0.00497584134824761,-0.0963674724866845,MV-202,sine_steer_python-1
2344,2026年09月15日_19时21分47秒_第001次,2026-09-15T19:21:47,2.343,15.0681853175606,-0.0412770347838024,6.1731087618287,8.7159275607169,0.179925944199253,9.76994482810683,0,0.175702393101492,0.00437328596547967,-0.0836052812192758,MV-202,sine_steer_python-1
2345,2026年09月15日_19时21分47秒_第001次,2026-09-15T19:21:47,2.344,15.0681987476558,-0.0412503295418921,6.17275427527837,8.72009565056985,0.180308601457705,9.77410274169642,0,0.150653611055865,0.00377004049700203,-0.0708299662829952,MV-202,sine_steer_python-1
2346,2026年09月15日_19时21分47秒_第001次,2026-09-15T19:21:47,2.345,15.0682121838311,-0.0412235423027639,6.17240527270662,8.72426370284769,0.180691708638429,9.7782606061308,0,0.125581039058628,0.00316620090099066,-0.0580435104834677,MV-202,sine_steer_python-1
2347,2026年09月15日_19时21分47秒_第001次,2026-09-15T19:21:47,2.346,15.0682256229858,-0.0411966760881982,6.1720483596097,8.72843171741433,0.181075266753806,9.78241842123843,0,0.100488636359542,0.00256186333573346,-0.0452478937529322,MV-202,sine_steer_python-1
2348,2026年09月15日_19时21分47秒_第001次,2026-09-15T19:21:47,2.347,15.0682390650447,-0.0411697262756826,6.17168141638578,8.73259969425564,0.181459275420755,9.7865761870272,0,0.0753803653398737,0.00195712410661587,-0.0324450944453665,MV-202,sine_steer_python-1
2349,2026年09月15日_19时21分47秒_第001次,2026-09-15T19:21:47,2.348,15.0682525097292,-0.0411426782357733,6.17130382963807,8.7367676333306,0.181843734563765,9.7907339034778,0,0.050260190886674,0.00135207961475777,-0.0196370905617514,MV-202,sine_steer_python-1
2350,2026年09月15日_19时21分47秒_第001次,2026-09-15T19:21:47,2.349,15.0682659569495,-0.0411155196722138,6.17091482169348,8.74093553459779,0.182228644110713,9.7948915705698,0,0.0251320797667059,0.000746826308107579,-0.00682586087110989,MV-202,sine_steer_python-1
2351,2026年09月15日_19时21分47秒_第001次,2026-09-15T19:21:47,2.35,15.0682794067897,-0.0410882370682165,6.17051435987084,8.74510339801592,0.182614003987691,9.7990491882845,0,2.20436423846524e-15,0.000141460635279028,0.0059866140850051,MV-202,sine_steer_python-1
2352,2026年09月15日_19时21分47秒_第001次,2026-09-15T19:21:47,2.351,15.0682928594013,-0.0410608170295678,6.17010259722158,8.74927122354185,0.182999814142479,9.803206756601,0,-0.0251320797667086,-0.000463920997841455,0.0187983511055925,MV-202,sine_steer_python-1
2353,2026年09月15日_19时21分47秒_第001次,2026-09-15T19:21:47,2.352,15.0683063319708,-0.0410330826772037,6.16950505253684,8.7534390111318,0.183386074530009,9.80736427549738,0,-0.0502601908866696,-0.00106922226817371,0.0316073635834473,MV-202,sine_steer_python-1
2354,2026年09月15日_19时21分47秒_第001次,2026-09-15T19:21:47,2.353,15.0683198155465,-0.0410052212954538,6.16910174181489,8.75760676093792,0.183772783018803,9.81152174558934,0,-0.0753803653398693,-0.00167434697126745,0.0444116609377433,MV-202,sine_steer_python-1
2355,2026年09月15日_19时21分47秒_第001次,2026-09-15T19:21:47,2.354,15.0683332982248,-0.0409773619039482,6.16864823108483,8.76177447248407,0.184159944352666,9.81567916578392,0,-0.100488636359538,-0.00227919905325291,0.0572092482105813,MV-202,sine_steer_python-1
2356,2026年09月15日_19时21分47秒_第001次,2026-09-15T19:21:47,2.355,15.0683467879213,-0.0409494143054968,6.16820188311164,8.76594214603054,0.184547555081617,9.81983653659902,0,-0.125581039058624,-0.00288368263838937,0.0699981258500782,MV-202,sine_steer_python-1
2357,2026年09月15日_19时21分47秒_第001次,2026-09-15T19:21:47,2.356,15.0683602811964,-0.0409213820598549,6.16774774370245,8.77010978142956,0.184935616336421,9.8239938578438,0,-0.150653611055861,-0.00348770205137444,0.0827762897141797,MV-202,sine_steer_python-1
2358,2026年09月15日_19时21分47秒_第001次,2026-09-15T19:21:47,2.357,15.068373778009,-0.0408932602054135,6.16728346472153,8.77427737867146,0.185324127688055,9.82815112953041,0,-0.175702393101487,-0.00409116183412589,0.0955417313076056,MV-202,sine_steer_python-1
2359,2026年09月15日_19时21分47秒_第001次,2026-09-15T19:21:47,2.358,15.0683872780809,-0.0408650326145231,6.16680837493164,8.77844493771614,0.185713089050754,9.83230835164025,0,-0.200723429702429,-0.0046939667570967,0.108292438250223,MV-202,sine_steer_python-1
2360,2026年09月15日_19时21分47秒_第001次,2026-09-15T19:21:47,2.359,15.0684007813417,-0.0408366857579094,6.16632161535702,8.78261245852311,0.186102500342477,9.83646552415347,0,-0.225712769746961,-0.00529602182504528,0.121026394979582,MV-202,sine_steer_python-1
2361,2026年09月15日_19时21分47秒_第001次,2026-09-15T19:21:47,2.36,15.0684142879105,-0.0408082047324386,6.16582315672275,8.78677994105205,0.186492361479093,9.84062264705223,0,-0.250666467128612,-0.00589723227824896,0.133741583640582,MV-202,sine_steer_python-1
2362,2026年09月15日_19时21分47秒_第001次,2026-09-15T19:21:47,2.361,15.0684277979776,-0.0407795747582093,6.16531317459431,8.79094738526053,0.186882672400687,9.84477972031622,0,-0.275580581369271,-0.00649750359023721,0.146435985122059,MV-202,sine_steer_python-1
2363,2026年09月15日_19时21分47秒_第001次,2026-09-15T19:21:47,2.362,15.068441330556,-0.0407506013705924,6.16459937860171,8.79511479110547,0.187273433055343,9.84893674392404,0,-0.300451178241514,-0.00709674146085691,0.159107580295549,MV-202,sine_steer_python-1
2364,2026年09月15日_19时21分47秒_第001次,2026-09-15T19:21:47,2.363,15.0684548757823,-0.0407214938804791,6.16410078771161,8.79928215876417,0.18766464107044,9.8530937185673,0,-0.325274330389766,-0.00769485180650089,0.171754351369677,MV-202,sine_steer_python-1
2365,2026年09月15日_19时21分47秒_第001次,2026-09-15T19:21:47,2.364,15.0684684204557,-0.0406923921359169,6.16354767165543,8.80344948770836,0.188056301704104,9.85725064302694,0,-0.350046117950549,-0.00829174074948804,0.184374283277614,MV-202,sine_steer_python-1
2366,2026年09月15日_19时21分47秒_第001次,2026-09-15T19:21:47,2.365,15.0684819733652,-0.0406631970130019,6.16300341674282,8.80761677823534,0.18844841113871,9.86140751788539,0,-0.374762629171452,-0.00888731460743983,0.196965365063066,MV-202,sine_steer_python-1
2367,2026年09月15日_19时21分47秒_第001次,2026-09-15T19:21:47,2.366,15.0684955307009,-0.0406339123480766,6.16245150803805,8.81178403018566,0.188840970622958,9.86556434293247,0,-0.399419961028815,-0.00948147988319786,0.209525591241993,MV-202,sine_steer_python-1
2368,2026年09月15日_19时21分47秒_第001次,2026-09-15T19:21:47,2.367,15.0685090924302,-0.0406045325784109,6.16188936713247,8.8159512435543,0.189233979681765,9.86972111818509,0,-0.424014219844109,-0.0100741432561942,0.222052963101113,MV-202,sine_steer_python-1
2369,2026年09月15日_19时21分47秒_第001次,2026-09-15T19:21:47,2.368,15.0685226582491,-0.0405750398213909,6.16131626335083,8.82011841830231,0.189627438219008,9.87387784362585,0,-0.448541521898761,-0.0106652115762534,0.234545489891317,MV-202,sine_steer_python-1
2370,2026年09月15日_19时21分47秒_第001次,2026-09-15T19:21:47,2.369,15.068536228081,-0.0405454190621574,6.1607312553044,8.82428555439028,0.190021346142691,9.87803451923598,0,-0.472997994047453,-0.011254591860445,0.247001189889818,MV-202,sine_steer_python-1
2371,2026年09月15日_19时21分47秒_第001次,2026-09-15T19:21:47,2.37,15.0685498020554,-0.0405156537655695,6.16013431633603,8.82845265177905,0.190415703358472,9.88219114499904,0,-0.497379774329705,-0.0118421912932854,0.259418091318233,MV-202,sine_steer_python-1
2372,2026年09月15日_19时21分47秒_第001次,2026-09-15T19:21:47,2.371,15.068563380377,-0.0404857275287874,6.15952564405519,8.8326197104271,0.190810509798784,9.88634772089589,0,-0.521683012579794,-0.0124279172305254,0.271794233106705,MV-202,sine_steer_python-1
2373,2026年09月15日_19时21分47秒_第001次,2026-09-15T19:21:47,2.372,15.0685769837985,-0.0404554281099824,6.15869518800046,8.83678673029217,0.191205765404946,9.89050424690622,0,-0.545903871034643,-0.0130116772068258,0.284127665490845,MV-202,sine_steer_python-1
2374,2026年09月15日_19时21分47秒_第001次,2026-09-15T19:21:47,2.373,15.0685906016223,-0.0404249866725775,6.15810087179563,8.84095371157739,0.191601467563041,9.89466072379964,0,-0.57003852493995,-0.0135933789477268,0.296416450424836,MV-202,sine_steer_python-1
2375,2026年09月15日_19时21分47秒_第001次,2026-09-15T19:21:47,2.374,15.0686042192821,-0.0403945535943664,6.1574477228688,8.84512065370147,0.191997622045541,9.89881715022922,0,-0.594083163154073,-0.0141729303864909,0.308658661785441,MV-202,sine_steer_python-1
2376,2026年09月15日_19时21分47秒_第001次,2026-09-15T19:21:47,2.375,15.068617846423,-0.0403640206593567,6.15680514227125,8.84928755699962,0.192394224667756,9.90297352684381,0,-0.618033988749889,-0.014750239686749,0.320852385327944,MV-202,sine_steer_python-1
2377,2026年09月15日_19时21分47秒_第001次,2026-09-15T19:21:47,2.376,15.0686314788365,-0.0403333918004763,6.15615505726037,8.85345442130057,0.192791276796307,9.90712985341426,0,-0.641887219614419,-0.0153252152723111,0.332995718336016,MV-202,sine_steer_python-1
2378,2026年09月15日_19时21分47秒_第001次,2026-09-15T19:21:47,2.377,15.0686451164746,-0.0403026606894264,6.15549466050586,8.85762124660422,0.193188777910298,9.91128612996303,0,-0.665639089045972,-0.0158977658658976,0.345086768890526,MV-202,sine_steer_python-1
2379,2026年09月15日_19时21分47秒_第001次,2026-09-15T19:21:47,2.378,15.0686587589828,-0.0402718075427258,6.15482316276144,8.86178803287295,0.193586727903427,9.91544235647465,0,-0.689285846349038,-0.0164678005386843,0.357123654677596,MV-202,sine_steer_python-1
2380,2026年09月15日_19时21分47秒_第001次,2026-09-15T19:21:47,2.379,15.0686724062537,-0.0402408157295426,6.15413954098646,8.86595478006858,0.193985126673926,9.91959853293223,0,-0.712823757426497,-0.0170352287717934,0.3691045012968,MV-202,sine_steer_python-1
2381,2026年09月15日_19时21分47秒_第001次,2026-09-15T19:21:47,2.38,15.0686860584028,-0.0402096669690065,6.15344377166256,8.87012148815326,0.194383974117423,9.92375465932149,0,-0.736249105369357,-0.0175999605298688,0.381027440023193,MV-202,sine_steer_python-1
2382,2026年09月15日_19时21分47秒_第001次,2026-09-15T19:21:47,2.381,15.0686997156246,-0.0401783431382698,6.15273607481267,8.87428815708654,0.194783270158882,9.92791073562524,0,-0.759558191043595,-0.0181619063460263,0.392890605086846,MV-202,sine_steer_python-1
2383,2026年09月15日_19时21分47秒_第001次,2026-09-15T19:21:47,2.382,15.068713400326,-0.0401466141886326,6.15178869308468,8.87845478682714,0.195183014733036,9.9320667618251,0,-0.782747333674403,-0.0187209774069051,0.404692130966148,MV-202,sine_steer_python-1
2384,2026年09月15日_19时21分47秒_第001次,2026-09-15T19:21:47,2.383,15.0687271010495,-0.0401147331035771,6.15109834892252,8.88262137760467,0.195583204984604,9.93622273877082,0,-0.805812871427328,-0.0192770856272392,0.416430150103265,MV-202,sine_steer_python-1
2385,2026年09月15日_19时21分47秒_第001次,2026-09-15T19:21:47,2.384,15.0687408017969,-0.04008286064317,6.15034488594929,8.88678792878383,0.195983847200448,9.940378664986,0,-0.828751161986563,-0.0198301437015083,0.428102791578335,MV-202,sine_steer_python-1
2386,2026年09月15日_19时21分47秒_第001次,2026-09-15T19:21:47,2.385,15.0687545130537,-0.0400508795011493,6.14960370996281,8.89095444073862,0.196384936829496,9.94453454118798,0,-0.851558583130145,-0.0203800651213944,0.439708181230102,MV-202,sine_steer_python-1
2387,2026年09月15日_19时21分47秒_第001次,2026-09-15T19:21:47,2.386,15.0687682301858,-0.0400187936915276,6.14885519325881,8.89512091328583,0.196786475356285,9.94869036712896,0,-0.874231533301864,-0.0209267641542367,0.451244443430719,MV-202,sine_steer_python-1
2388,2026年09月15日_19时21分47秒_第001次,2026-09-15T19:21:47,2.387,15.068781953109,-0.0399865961246058,6.14809630056033,8.89928734643048,0.197188462214395,9.95284614283785,0,-0.896766432180062,-0.0214701557876775,0.462709704295393,MV-202,sine_steer_python-1
2389,2026年09月15日_19时21分47秒_第001次,2026-09-15T19:21:47,2.388,15.0687956813968,-0.039954265140781,6.14732618447499,8.90345374013635,0.197590897287542,9.95700186830189,0,-0.919159721242971,-0.0220101556538425,0.474102095758869,MV-202,sine_steer_python-1
2390,2026年09月15日_19时21分47秒_第001次,2026-09-15T19:21:47,2.389,15.0688094148914,-0.0399217825350013,6.14654374061013,8.90762009436666,0.197993780464375,9.9611575435068,0,-0.941407864330666,-0.0225466799485313,0.485419759859981,MV-202,sine_steer_python-1
2391,2026年09月15日_19时21分47秒_第001次,2026-09-15T19:21:47,2.39,15.068823153675,-0.0398891283399728,6.1457489486333,8.91178640908495,0.198397111630678,9.96531316844124,0,-0.963507348203436,-0.0230796453579151,0.496660852702205,MV-202,sine_steer_python-1
2392,2026年09月15日_19时21分47秒_第001次,2026-09-15T19:21:47,2.391,15.0688368979144,-0.0398562827891383,6.1449420508846,8.91595268425192,0.198800890704116,9.96946874309069,0,-0.985454683096581,-0.0236089690002271,0.507823547771937,MV-202,sine_steer_python-1
2393,2026年09月15日_19时21分47秒_第001次,2026-09-15T19:21:47,2.392,15.0688506715976,-0.0398229981955723,6.14387764269243,8.92011891982735,0.199205117612996,9.97362426743936,0,-1.00724640327152,-0.0241345683853096,0.518906038493272,MV-202,sine_steer_python-1
2394,2026年09月15日_19时21分47秒_第001次,2026-09-15T19:21:47,2.393,15.0688644625806,-0.0397895495060964,6.14309112586437,8.92428511606791,0.199609789260468,9.97777974241928,0,-1.02887906756301,-0.0246563613917018,0.529906540032714,MV-202,sine_steer_python-1
2395,2026年09月15日_19时21分47秒_第001次,2026-09-15T19:21:47,2.394,15.0688782533825,-0.0397561078590245,6.14223722498529,8.92845127228332,0.200014912447887,9.98193516642281,0,-1.05034925992259,-0.0251742662593212,0.540823290437294,MV-202,sine_steer_python-1
2396,2026年09月15日_19时21分47秒_第001次,2026-09-15T19:21:47,2.395,15.0688920553234,-0.0397225470381743,6.14139733936481,8.93261738888707,0.200420482258441,9.9860905402376,0,-1.07165358995799,-0.0256882015952744,0.551654551210114,MV-202,sine_steer_python-1
2397,2026年09月15日_19时21分47秒_第001次,2026-09-15T19:21:47,2.396,15.0689058633297,-0.0396888712875924,6.14055028913418,8.93678346568386,0.200826500294516,9.99024586359748,0,-1.09278869346854,-0.0261980863902113,0.562398607446011,MV-202,sine_steer_python-1
2398,2026年09月15日_19时21分47秒_第001次,2026-09-15T19:21:47,2.397,15.0689196772732,-0.0396550729235949,6.13969281187339,8.94094950268394,0.201232965944386,9.99440113653844,0,-1.11375123297637,-0.0267038400434679,0.57305376756652,MV-202,sine_steer_python-1
2399,2026年09月15日_19时21分47秒_第001次,2026-09-15T19:21:47,2.398,15.0689334966483,-0.0396211285948236,6.13882400226824,8.94511549985255,0.201639879081902,9.99855635905096,0,-1.13453789825351,-0.0272053823960645,0.583618362693395,MV-202,sine_steer_python-1
2400,2026年09月15日_19时21分47秒_第001次,2026-09-15T19:21:47,2.399,15.0689473212412,-0.0395870187192306,6.13794267467222,8.94928145715428,0.202047239586231,10.0027115311239,0,-1.15514540684453,-0.0277026337723067,0.594090745804119,MV-202,sine_steer_python-1
2401,2026年09月15日_19时21分47秒_第001次,2026-09-15T19:21:47,2.4,15.0689611510973,-0.0395527218532401,6.13704881177918,8.95344737455414,0.202455047333387,10.0068666527493,0,-1.17557050458494,-0.0281955150272211,0.6044692904842,MV-202,sine_steer_python-1
2402,2026年09月15日_19时21分47秒_第001次,2026-09-15T19:21:47,2.401,15.0689749863532,-0.0395182168084447,6.13614267794671,8.95761325201398,0.202863302233792,10.0110217239158,0,-1.19580996611504,-0.0286839475821949,0.614752389948375,MV-202,sine_steer_python-1
2403,2026年09月15日_19时21分47秒_第001次,2026-09-15T19:21:47,2.402,15.0689888525251,-0.0394832385946599,6.13496128749164,8.96177908949467,0.203272004209362,10.0151767446107,0,-1.21586059538921,-0.0291678534682259,0.62493845608749,MV-202,sine_steer_python-1
2404,2026年09月15日_19时21分47秒_第001次,2026-09-15T19:21:47,2.403,15.0690027368623,-0.0394480844018584,6.13407858854548,8.96594488728046,0.203681149921211,10.0193317158498,0,-1.23571922618067,-0.0296471553802783,0.635025918155536,MV-202,sine_steer_python-1
2405,2026年09月15日_19时21分47秒_第001次,2026-09-15T19:21:47,2.404,15.0690166203714,-0.0394129358416354,6.13312425799322,8.97011064462495,0.204090746685252,10.0234866358924,0,-1.2553827225814,-0.0301217767299895,0.645013221272102,MV-202,sine_steer_python-1
2406,2026年09月15日_19时21分47秒_第001次,2026-09-15T19:21:47,2.405,15.069030515217,-0.0393776580978048,6.13218567639175,8.97427636198188,0.204500789219428,10.0276415055979,0,-1.27484797949738,-0.030591641692101,0.654898825109148,MV-202,sine_steer_python-1
2407,2026年09月15日_19时21分47秒_第001次,2026-09-15T19:21:47,2.406,15.0690444158891,-0.0393422559038235,6.13124011465772,8.97844203914356,0.20491127924373,10.0317963246817,0,-1.29411192313889,-0.03105667524645,0.664681202830917,MV-202,sine_steer_python-1
2408,2026年09月15日_19时21分47秒_第001次,2026-09-15T19:21:47,2.407,15.0690583222236,-0.039306721253783,6.13028408405276,8.98260767612551,0.205322216101186,10.035951093187,0,-1.31317151150591,-0.0315168032174487,0.674358840196786,MV-202,sine_steer_python-1
2409,2026年09月15日_19时21分47秒_第001次,2026-09-15T19:21:47,2.408,15.0690722336449,-0.0392710293851738,6.12931662155084,8.98677327289442,0.20573359965572,10.0401058111078,0,-1.3320237348685,-0.0319719523100779,0.683930234802724,MV-202,sine_steer_python-1
2410,2026年09月15日_19时21分47秒_第001次,2026-09-15T19:21:47,2.409,15.0690861498932,-0.0392351596238699,6.12833646032735,8.99093882941626,0.206145429776928,10.0442604784362,0,-1.35066561624205,-0.0324220501404238,0.693393895518011,MV-202,sine_steer_python-1
2411,2026年09月15日_19时21分47秒_第001次,2026-09-15T19:21:47,2.41,15.0691000709883,-0.0391990893390872,6.12734358591317,8.99510434565745,0.206557706330939,10.0484150951678,0,-1.36909421185738,-0.032867025259936,0.702748342168144,MV-202,sine_steer_python-1
2412,2026年09月15日_19时21分47秒_第001次,2026-09-15T19:21:47,2.411,15.0691139970493,-0.0391627962123316,6.12633828435453,8.99926982158096,0.206970429220784,10.0525696612944,0,-1.38730661162561,-0.0333068071736947,0.711992105469959,MV-202,sine_steer_python-1
2413,2026年09月15日_19时21分47秒_第001次,2026-09-15T19:21:47,2.412,15.0691279550838,-0.0391259983633999,6.1250400592046,9.00343525714868,0.207383598361819,10.0567241768062,0,-1.4052999395977,-0.0337413263529443,0.72112372722083,MV-202,sine_steer_python-1
2414,2026年09月15日_19时21分47秒_第001次,2026-09-15T19:21:47,2.413,15.0691419318224,-0.0390890155431064,6.1240612636986,9.00760065267297,0.207797210172442,10.0608786428046,0,-1.42307135441857,-0.0341705142422729,0.73014176070449,MV-202,sine_steer_python-1
2415,2026年09月15日_19时21分47秒_第001次,2026-09-15T19:21:47,2.414,15.069155906746,-0.0390520399644936,6.12300660313921,9.01176600735012,0.208211272482947,10.0650330574131,0,-1.44061804977581,-0.0345943032634525,0.739044771172341,MV-202,sine_steer_python-1
2416,2026年09月15日_19时21分47秒_第001次,2026-09-15T19:21:47,2.415,15.0691698928856,-0.0390149285578326,6.12196942613677,9.01593132167481,0.208625779646358,10.0691874215639,0,-1.45793725484282,-0.0350126268153374,0.747831336555692,MV-202,sine_steer_python-1
2417,2026年09月15日_19时21分47秒_第001次,2026-09-15T19:21:47,2.416,15.0691838843099,-0.038977686825659,6.12092545764899,9.02009659542664,0.2090407334998,10.0733417349535,0,-1.47502623471635,-0.035425419268604,0.756500048385496,MV-202,sine_steer_python-1
2418,2026年09月15日_19时21分47秒_第001次,2026-09-15T19:21:47,2.417,15.0691978808388,-0.0389403067233419,6.11987098355403,9.02426182862645,0.209456133340901,10.0774959976324,0,-1.49188229084836,-0.0358326159596681,0.765049512665873,MV-202,sine_steer_python-1
2419,2026年09月15日_19时21分47秒_第001次,2026-09-15T19:21:47,2.418,15.0692118818459,-0.0389027623596013,6.11880498342306,9.02842702124228,0.209871979023382,10.0816502095979,0,-1.50850276147221,-0.0362341531835928,0.773478350846393,MV-202,sine_steer_python-1
2420,2026年09月15日_19时21分47秒_第001次,2026-09-15T19:21:47,2.419,15.0692258870454,-0.0388650322450063,6.11772610943882,9.03259217324146,0.210288270406964,10.0858043708449,0,-1.5248850220229,-0.0366299681844933,0.781785200903243,MV-202,sine_steer_python-1
2421,2026年09月15日_19时21分47秒_第001次,2026-09-15T19:21:47,2.42,15.0692398964522,-0.0388270928326661,6.11663434988921,9.03675728459174,0.210705007347565,10.0899584813725,0,-1.54102648555158,-0.0370199991456179,0.789968718398853,MV-202,sine_steer_python-1
2422,2026年09月15日_19时21分47秒_第001次,2026-09-15T19:21:47,2.421,15.0692539101884,-0.0387889209379464,6.11553001229791,9.04092235525718,0.211122189740469,10.0941125411752,0,-1.55692460313405,-0.037404185179992,0.79802757747819,MV-202,sine_steer_python-1
2423,2026年09月15日_19时21分47秒_第001次,2026-09-15T19:21:47,2.422,15.0692679567201,-0.0387502181687829,6.11411515874823,9.04508738520064,0.21153981749409,10.0982665502459,0,-1.57257686427323,-0.0377824663211955,0.805960471880137,MV-202,sine_steer_python-1
2424,2026年09月15日_19时21分47秒_第001次,2026-09-15T19:21:47,2.423,15.0692820223591,-0.0387113270681952,6.11304040721315,9.04925237476301,0.211957886783405,10.1024205097726,0,-1.58798079729567,-0.038154783515579,0.813766115898744,MV-202,sine_steer_python-1
2425,2026年09月15日_19时21分47秒_第001次,2026-09-15T19:21:47,2.424,15.0692960850524,-0.0386724505475766,6.1118855691141,9.05341732308217,0.212376405952457,10.10657441774,0,-1.60313396974175,-0.0385210786159876,0.821443245252536,MV-202,sine_steer_python-1
2426,2026年09月15日_19时21分47秒_第001次,2026-09-15T19:21:47,2.425,15.0693101587246,-0.0386334375617135,6.11074994702058,9.05758223069436,0.212795368989584,10.1107282751545,0,-1.6180339887499,-0.0388812943767974,0.828990617885097,MV-202,sine_steer_python-1
2427,2026年09月15日_19时21分47秒_第001次,2026-09-15T19:21:47,2.426,15.0693242370426,-0.0385942945872427,6.1096077235974,9.0617470973662,0.213214777848348,10.1148820816924,0,-1.63267850143437,-0.0392353744507927,0.836407014681746,MV-202,sine_steer_python-1
2428,2026年09月15日_19时21分47秒_第001次,2026-09-15T19:21:47,2.427,15.0693383198341,-0.03855501374156,6.1084549603767,9.06591192312383,0.213634631780653,10.1190358374112,0,-1.64706519525685,-0.0395832633884137,0.843691240077718,MV-202,sine_steer_python-1
2429,2026年09月15日_19时21分47秒_第001次,2026-09-15T19:21:47,2.428,15.069352406444,-0.0385155681957977,6.10729057996181,9.07007670793665,0.214054930629561,10.123189542311,0,-1.66119179839163,-0.0399249066394724,0.850842122551627,MV-202,sine_steer_python-1
2430,2026年09月15日_19时21分47秒_第001次,2026-09-15T19:21:47,2.429,15.0693664965826,-0.0384759358227356,6.10611315388882,9.07424145177326,0.21447567424445,10.1273431963894,0,-1.67505608008428,-0.0402602505572671,0.857858515007563,MV-202,sine_steer_python-1
2431,2026年09月15日_19时21分47秒_第001次,2026-09-15T19:21:47,2.43,15.0693805902817,-0.0384360923235622,6.1049226732888,9.07840615460274,0.214896862470541,10.1314967996479,0,-1.68865585100403,-0.040589242405124,0.864739295045175,MV-202,sine_steer_python-1
2432,2026年09月15日_19时21分47秒_第001次,2026-09-15T19:21:47,2.431,15.0693946876878,-0.0383960137972888,6.10371946713508,9.08257081639017,0.215318495194865,10.1356503520838,0,-1.70198896358939,-0.0409118303653808,0.871483365121072,MV-202,sine_steer_python-1
2433,2026年09月15日_19时21分47秒_第001次,2026-09-15T19:21:47,2.432,15.0694088186834,-0.0383553855824075,6.1021882190321,9.08673543709937,0.215740572318376,10.139803853692,0,-1.7150533123873,-0.0412279635507498,0.878089652615463,MV-202,sine_steer_python-1
2434,2026年09月15日_19时21分47秒_第001次,2026-09-15T19:21:47,2.433,15.0694229692753,-0.0383145730515662,6.1010176817846,9.09090001710017,0.216163089772169,10.1439573057475,0,-1.72784683438567,-0.0415375920184824,0.884557109696106,MV-202,sine_steer_python-1
2435,2026年09月15日_19时21分47秒_第001次,2026-09-15T19:21:47,2.434,15.069437115862,-0.0382737898385234,6.09976284868706,9.09506455547103,0.216586056412789,10.1481107060941,0,-1.74036750933905,-0.0418406667845456,0.890884713229478,MV-202,sine_steer_python-1
2436,2026年09月15日_19时21分47秒_第001次,2026-09-15T19:21:47,2.435,15.0694512732866,-0.0382328770504547,6.09852896120713,9.09922905279036,0.217009465864174,10.1522640558123,0,-1.75261336008773,-0.0421371398401594,0.897071464611451,MV-202,sine_steer_python-1
2437,2026年09月15日_19时21分47秒_第001次,2026-09-15T19:21:47,2.436,15.0694654348307,-0.0381918422000674,6.09728866380555,9.10339350881157,0.217433320195484,10.1564173545578,0,-1.76458245286991,-0.0424269641689381,0.903116389569226,MV-202,sine_steer_python-1
2438,2026年09月15日_19时21分47秒_第001次,2026-09-15T19:21:47,2.437,15.0694796003491,-0.0381506776196152,6.09603779469802,9.10755792356617,0.217857618612481,10.1605706023946,0,-1.77627289762709,-0.0427100937655976,0.909018537789131,MV-202,sine_steer_python-1
2439,2026年09月15日_19时21分47秒_第001次,2026-09-15T19:21:47,2.438,15.0694937691758,-0.0381093555815729,6.09477522000786,9.11172229702489,0.218282360947043,10.1647237993249,0,-1.78768284830253,-0.042986483656372,0.914776982461775,MV-202,sine_steer_python-1
2440,2026年09月15日_19时21分47秒_第001次,2026-09-15T19:21:47,2.439,15.0695079410343,-0.038067853342514,6.09349943108174,9.11588662915762,0.218707547037674,10.1688769453485,0,-1.79881050313274,-0.043256089917172,0.920390820042037,MV-202,sine_steer_python-1
2441,2026年09月15日_19时21分47秒_第001次,2026-09-15T19:21:47,2.44,15.0695221159891,-0.0380261458569212,6.09221042210472,9.12005091993476,0.219133176718362,10.1730300404691,0,-1.80965410493204,-0.0435188696899245,0.925859170053817,MV-202,sine_steer_python-1
2442,2026年09月15日_19时21分47秒_第001次,2026-09-15T19:21:47,2.441,15.0695362942265,-0.0379842084957609,6.09090854362324,9.12421516932243,0.219559249867346,10.1771830846858,0,-1.82021194136999,-0.0437747811989357,0.931181174693996,MV-202,sine_steer_python-1
2443,2026年09月15日_19时21分47秒_第001次,2026-09-15T19:21:47,2.442,15.0695505069816,-0.0379417103794905,6.08926115343652,9.1283793772854,0.219985766377584,10.1813360779953,0,-1.83048234524184,-0.0440237837636746,0.936355998774257,MV-202,sine_steer_python-1
2444,2026年09月15日_19时21分47秒_第001次,2026-09-15T19:21:47,2.443,15.0695647400864,-0.0378990394974048,6.0879950267263,9.13254354422291,0.22041272193633,10.1854890217604,0,-1.84046369473174,-0.0442658378129671,0.94138282957434,MV-202,sine_steer_python-1
2445,2026年09月15日_19时21分47秒_第001次,2026-09-15T19:21:47,2.444,15.0695789683598,-0.0378564201504608,6.08664040979438,9.13670766915305,0.220840125910718,10.1896419136813,0,-1.85015441366892,-0.0445009048978206,0.946260876681763,MV-202,sine_steer_python-1
2446,2026年09月15日_19时21分47秒_第001次,2026-09-15T19:21:47,2.445,15.0695932075799,-0.0378136855431611,6.08530846685792,9.1408717526971,0.221267971560793,10.1937947549133,0,-1.8595529717765,-0.0447289477009673,0.950989371968679,MV-202,sine_steer_python-1
2447,2026年09月15日_19时21分47秒_第001次,2026-09-15T19:21:47,2.446,15.0696074506497,-0.0377708441226448,6.08397030861997,9.14503579459507,0.221696261070443,10.1979475450907,0,-1.86865788491322,-0.0449499300444689,0.955567569655654,MV-202,sine_steer_python-1
2448,2026年09月15日_19时21分47秒_第001次,2026-09-15T19:21:47,2.447,15.069621697461,-0.03772788832517,6.0826215508488,9.14919979488393,0.22212499359891,10.2021002842836,0,-1.87746771530775,-0.0451638168965441,0.959994746392432,MV-202,sine_steer_python-1
2449,2026年09月15日_19时21分47秒_第001次,2026-09-15T19:21:47,2.448,15.069635947344,-0.0376847894007584,6.08126100360054,9.1533637535358,0.222554168966407,10.206252972496,0,-1.88598107178573,-0.0453705743772903,0.964270201367798,MV-202,sine_steer_python-1
2450,2026年09月15日_19时21分47秒_第001次,2026-09-15T19:21:47,2.449,15.069650200042,-0.037641523850335,6.07988707849355,9.15752767052192,0.222983787000098,10.2104056097295,0,-1.89419660998949,-0.0455701697628188,0.968393256478175,MV-202,sine_steer_python-1
2451,2026年09月15日_19时21分47秒_第001次,2026-09-15T19:21:47,2.45,15.0696644556574,-0.0375980657282121,6.07849977299947,9.16169154581408,0.223413847522286,10.2145581959897,0,-1.90211303259031,-0.0457625714880248,0.972363256547086,MV-202,sine_steer_python-1
2452,2026年09月15日_19时21分47秒_第001次,2026-09-15T19:21:47,2.451,15.0696787144202,-0.037554389509817,6.07709945941779,9.16585537937951,0.223844350401971,10.2187107312771,0,-1.90972908949329,-0.0459477491483834,0.976179569605915,MV-202,sine_steer_python-1
2453,2026年09月15日_19时21分47秒_第001次,2026-09-15T19:21:47,2.452,15.0696930088286,-0.03751014796444,6.07533621075804,9.170019171184,0.224275295523676,10.22286321559,0,-1.91704357803475,-0.0461256735016201,0.979841587102453,MV-202,sine_steer_python-1
2454,2026年09月15日_19时21分47秒_第001次,2026-09-15T19:21:47,2.453,15.0697073246832,-0.0374657512462628,6.07397473168143,9.17418292165658,0.224706678331546,10.2270156503801,0,-1.92405534317217,-0.0462963164679061,0.983348724132159,MV-202,sine_steer_python-1
2455,2026年09月15日_19时21分47秒_第001次,2026-09-15T19:21:47,2.454,15.0697216351711,-0.0374214342182726,6.07252058709799,9.17834662975425,0.225138508700781,10.2311680332012,0,-1.93076327766655,-0.0464596511284134,0.986700419851294,MV-202,sine_steer_python-1
2456,2026年09月15日_19时21分47秒_第001次,2026-09-15T19:21:47,2.455,15.069735957011,-0.0373770219693587,6.07109084662051,9.18251029614185,0.225570779528394,10.2353203652849,0,-1.93716632225726,-0.0466156517251971,0.989896137772657,MV-202,sine_steer_python-1
2457,2026年09月15日_19时21分47秒_第001次,2026-09-15T19:21:47,2.456,15.0697502827215,-0.0373325236479105,6.06965509189861,9.18667392054585,0.226003493112219,10.2394726462431,0,-1.94326346582935,-0.0467642936606943,0.992935366035904,MV-202,sine_steer_python-1
2458,2026年09月15日_19时21分47秒_第001次,2026-09-15T19:21:47,2.457,15.0697646122281,-0.0372879315565005,6.06820871683163,9.19083750300885,0.226436648564747,10.2436248761521,0,-1.94905374557315,-0.0469055534963141,0.995817617716333,MV-202,sine_steer_python-1
2459,2026年09月15日_19时21分47秒_第001次,2026-09-15T19:21:47,2.458,15.0697789448527,-0.0372432156776762,6.06675047562442,9.19500104350447,0.226870245694208,10.2477770550177,0,-1.95453624713639,-0.0470394089510902,0.998542431127572,MV-202,sine_steer_python-1
2460,2026年09月15日_19时21分47秒_第001次,2026-09-15T19:21:47,2.459,15.0697932803522,-0.0371983515023765,6.0652787005131,9.19916454200542,0.227304284316134,10.251929182843,0,-1.95971010476849,-0.0471658389009436,1.00110937008246,MV-202,sine_steer_python-1
2461,2026年09月15日_19时21分47秒_第001次,2026-09-15T19:21:47,2.46,15.0698076188604,-0.0371533119230533,6.063793392393,9.20332799848496,0.227738764240869,10.2560812596357,0,-1.96457450145738,-0.0472848233783726,1.00351802412098,MV-202,sine_steer_python-1
2462,2026年09月15日_19时21分47秒_第001次,2026-09-15T19:21:47,2.461,15.0698219606431,-0.0371080702509953,6.06229494543731,9.20749141291156,0.228173685327922,10.2602332853978,0,-1.96912866905841,-0.0473963435724522,1.00576800871531,MV-202,sine_steer_python-1
2463,2026年09月15日_19时21分47秒_第001次,2026-09-15T19:21:47,2.462,15.0698363393474,-0.0370622626507241,6.06041617899674,9.21165478525213,0.228609047453145,10.2643852601289,0,-1.97337188841574,-0.0475003818293484,1.00785896544301,MV-202,sine_steer_python-1
2464,2026年09月15日_19时21分47秒_第001次,2026-09-15T19:21:47,2.463,15.0698507408954,-0.037016320824459,6.05895965041978,9.21581811596592,0.229044845818997,10.2685371853708,0,-1.97730348947583,-0.0475969216535409,1.00979056211726,MV-202,sine_steer_python-1
2465,2026年09月15日_19时21分47秒_第001次,2026-09-15T19:21:47,2.464,15.0698651367723,-0.0369704900949721,6.05740630444069,9.21998140394815,0.229481090805792,10.2726890585293,0,-1.9809228513933,-0.0476859477097502,1.011562492874,MV-202,sine_steer_python-1
2466,2026年09月15日_19时21分47秒_第001次,2026-09-15T19:21:47,2.465,15.0698795446315,-0.036924587137376,6.055879097437,9.22414464990796,0.229917774948791,10.276840880913,0,-1.98422940262896,-0.0477674458254658,1.01317447822182,MV-202,sine_steer_python-1
2467,2026年09月15日_19时21分47秒_第001次,2026-09-15T19:21:47,2.466,15.0698939565905,-0.036878621508718,6.05434608686648,9.22830785355818,0.230354900659151,10.2809926521118,0,-1.98722262104002,-0.0478414029940118,1.01462626505749,MV-202,sine_steer_python-1
2468,2026年09月15日_19时21分47秒_第001次,2026-09-15T19:21:47,2.467,15.0699083725953,-0.0368325850886338,6.05280244498591,9.23247101494725,0.230792467002597,10.285144372208,0,-1.9899020339626,-0.0479078073781066,1.0159176266487,MV-202,sine_steer_python-1
2469,2026年09月15日_19时21分47秒_第001次,2026-09-15T19:21:47,2.468,15.069922791944,-0.0367864463038816,6.05124687008905,9.23663413405044,0.231230473775287,10.2892960412097,0,-1.99226721828634,-0.047966648313835,1.01704836258685,MV-202,sine_steer_python-1
2470,2026年09月15日_19时21分47秒_第001次,2026-09-15T19:21:47,2.469,15.0699372143924,-0.0367401793463131,6.04967761517132,9.24079721084199,0.231668920781049,10.2934476591216,0,-1.99431780052123,-0.0480179163149112,1.01801829871517,MV-202,sine_steer_python-1
2471,2026年09月15日_19时21分47秒_第001次,2026-09-15T19:21:47,2.47,15.0699516400894,-0.0366937556588563,6.04809468449763,9.24496024529684,0.232107807818235,10.2975992259536,0,-1.99605345685654,-0.0480616063903304,1.01882714677577,MV-202,sine_steer_python-1
2472,2026年09月15日_19时21分47秒_第001次,2026-09-15T19:21:47,2.471,15.0699660693205,-0.0366471471028588,6.04649849407461,9.24912323738479,0.232547134736836,10.3017507417096,0,-1.99747391321203,-0.0480977119021119,1.01947476482607,MV-202,sine_steer_python-1
2473,2026年09月15日_19时21分47秒_第001次,2026-09-15T19:21:47,2.472,15.0699805367513,-0.0365999729629177,6.04450463516806,9.25328618707401,0.232986901404037,10.305902206391,0,-1.99857894528118,-0.0481262245180524,1.0199611581705,MV-202,sine_steer_python-1
2474,2026年09月15日_19时21分47秒_第001次,2026-09-15T19:21:47,2.473,15.069995028584,-0.0365526858174453,6.04295344920639,9.25744909485432,0.233427102782597,10.3100536216311,0,-1.9993683785666,-0.0481471395713967,1.02028625428685,MV-202,sine_steer_python-1
2475,2026年09月15日_19时21分47秒_第001次,2026-09-15T19:21:47,2.474,15.0700095145206,-0.0365055414071838,6.04130132042553,9.26161195955861,0.233867749754784,10.3142049846861,0,-1.99984208840763,-0.0481604515574836,1.02045009193957,MV-202,sine_steer_python-1
2476,2026年09月15日_19时21分47秒_第001次,2026-09-15T19:21:47,2.475,15.0700240131374,-0.0364583477049499,6.03967707205414,9.26577478194097,0.234308834495759,10.318356296943,0,-2,-0.0481661603613482,1.02045255860854,MV-202,sine_steer_python-1
2477,2026年09月15日_19时21分47秒_第001次,2026-09-15T19:21:47,2.476,15.0700385161283,-0.0364111144114502,6.038047242308,9.26993756170056,0.234750359529569,10.3225075579695,0,-1.99984208840763,-0.0481642656814168,1.02029362612751,MV-202,sine_steer_python-1
2478,2026年09月15日_19时21分47秒_第001次,2026-09-15T19:21:47,2.477,15.0700530234413,-0.0363638327303413,6.03640678169991,9.27410029889182,0.235192323875382,10.3266587678548,0,-1.9993683785666,-0.0481547672532339,1.01997334111429,MV-202,sine_steer_python-1
2479,2026年09月15日_19时21分47秒_第001次,2026-09-15T19:21:47,2.478,15.0700675343318,-0.0363164692883818,6.03475433226811,9.27826299349176,0.23563472731741,10.3308099266094,0,-1.99857894528118,-0.0481376649596983,1.01949182059293,MV-202,sine_steer_python-1
2480,2026年09月15日_19时21分47秒_第001次,2026-09-15T19:21:47,2.479,15.070082048535,-0.0362689967413955,6.03308806766996,9.28242564547637,0.236077569647928,10.3349610342403,0,-1.99747391321204,-0.0481129587542328,1.01884925508417,MV-202,sine_steer_python-1
2481,2026年09月15日_19时21分47秒_第001次,2026-09-15T19:21:47,2.48,15.0700965661967,-0.0362213848550555,6.03140799525206,9.28658825482231,0.236520850653468,10.3391120907602,0,-1.99605345685654,-0.0480806489666923,1.01804589559458,MV-202,sine_steer_python-1
2482,2026年09月15日_19时21分47秒_第001次,2026-09-15T19:21:47,2.481,15.0701110876032,-0.0361736038225064,6.02971455260019,9.29075082150084,0.23696457017469,10.3432630961751,0,-1.99431780052123,-0.0480407364960394,1.01708204546486,MV-202,sine_steer_python-1
2483,2026年09月15日_19时21分47秒_第001次,2026-09-15T19:21:47,2.482,15.0701256483051,-0.0361252558526146,6.02760612846487,9.29491334548151,0.237408728070311,10.3474140504888,0,-1.99226721828635,-0.0479932285406943,1.01595781777376,MV-202,sine_steer_python-1
2484,2026年09月15日_19时21分47秒_第001次,2026-09-15T19:21:47,2.483,15.0701402349435,-0.0360768137832672,6.02596077798411,9.29907582728501,0.237853319065706,10.3515649554277,0,-1.9899020339626,-0.0479381340707758,1.01467332744252,MV-202,sine_steer_python-1
2485,2026年09月15日_19时21分47秒_第001次,2026-09-15T19:21:47,2.484,15.0701548153566,-0.0360285438339878,6.02421038669936,9.30323826568134,0.238298354541928,10.3557158080969,0,-1.98722262104002,-0.0478754619237549,1.01322877032275,MV-202,sine_steer_python-1
2486,2026年09月15日_19时21分47秒_第001次,2026-09-15T19:21:47,2.485,15.0701694090316,-0.0359802450821244,6.02248962356474,9.3074006614702,0.238743826315958,10.3598666099634,0,-1.98422940262896,-0.0478052268173308,1.01162417045284,MV-202,sine_steer_python-1
2487,2026年09月15日_19时21分47秒_第001次,2026-09-15T19:21:47,2.486,15.0701840072184,-0.0359319272078846,6.02076351257726,9.31156301433693,0.239189737024441,10.364017360573,0,-1.9809228513933,-0.0477274405937866,1.00985974915249,MV-202,sine_steer_python-1
2488,2026年09月15日_19时21分47秒_第001次,2026-09-15T19:21:47,2.487,15.0701986098505,-0.0358835805933153,6.01902678218366,9.31572532434216,0.239636085640366,10.3681680600222,0,-1.97730348947583,-0.0476421160367234,1.00793576379557,MV-202,sine_steer_python-1
2489,2026年09月15日_19时21分47秒_第001次,2026-09-15T19:21:47,2.488,15.0702132161237,-0.0358351699335998,6.01727801760409,9.31988759146476,0.240082871936282,10.3723187083245,0,-1.97337188841574,-0.0475492671263539,1.00585249710658,MV-202,sine_steer_python-1
2490,2026年09月15日_19时21分47秒_第001次,2026-09-15T19:21:47,2.489,15.0702278257374,-0.0357866662289503,6.01551531285943,9.32404981568247,0.240530095693202,10.3764693054899,0,-1.96912866905841,-0.0474489089915333,1.00361025882583,MV-202,sine_steer_python-1
2491,2026年09月15日_19时21分47秒_第001次,2026-09-15T19:21:47,2.49,15.070242438819,-0.0357380374619162,6.01373867788323,9.3282119969738,0.240977756686151,10.3806198515339,0,-1.96457450145738,-0.0473410578902838,1.00120938638082,MV-202,sine_steer_python-1
2492,2026年09月15日_19时21分47秒_第001次,2026-09-15T19:21:47,2.491,15.0702570556417,-0.0356892520650062,6.01194857138639,9.33237413531154,0.241425854746772,10.3847703464656,0,-1.95971010476849,-0.0472257312002063,0.99865024519706,MV-202,sine_steer_python-1
2493,2026年09月15日_19时21分47秒_第001次,2026-09-15T19:21:47,2.492,15.0702717125161,-0.0356398951258725,6.00972621031472,9.33653623066664,0.241874389725628,10.3889207902914,0,-1.95453624713639,-0.0471029474058431,0.995933229049986,MV-202,sine_steer_python-1
2494,2026年09月15日_19时21分47秒_第001次,2026-09-15T19:21:47,2.493,15.0702863966783,-0.0355904592562009,6.00798728235108,9.34069828359095,0.242323356113064,10.3930711848325,0,-1.94905374557316,-0.0469727260815126,0.993058760579149,MV-202,sine_steer_python-1
2495,2026年09月15日_19时21分47秒_第001次,2026-09-15T19:21:47,2.494,15.0703010740326,-0.0355412213304958,6.00613924167184,9.34486029279096,0.242772765785889,10.3972215270414,0,-1.94326346582935,-0.046835087872321,0.990027291893323,MV-202,sine_steer_python-1
2496,2026年09月15日_19时21分47秒_第001次,2026-09-15T19:21:47,2.495,15.070315764972,-0.0354919714826948,6.00432258074978,9.34902225911257,0.243222610204933,10.4013718184666,0,-1.93716632225726,-0.0466900544773851,0.986839305078378,MV-202,sine_steer_python-1
2497,2026年09月15日_19时21分47秒_第001次,2026-09-15T19:21:47,2.496,15.0703304602889,-0.0354427193457089,6.00250081450601,9.35318418222715,0.243672892119209,10.4055220586321,0,-1.93076327766655,-0.0465376486380422,0.983495312473039,MV-202,sine_steer_python-1
2498,2026年09月15日_19时21分47秒_第001次,2026-09-15T19:21:47,2.497,15.0703451598942,-0.0353934544747196,6.00066844893996,9.35734606220162,0.244123610455978,10.4096722476423,0,-1.92405534317217,-0.0463778941324874,0.979995856656019,MV-202,sine_steer_python-1
2499,2026年09月15日_19时21分47秒_第001次,2026-09-15T19:21:47,2.498,15.0703598629162,-0.0353441396427694,5.99882401179785,9.36150789901669,0.244574764976459,10.4138223855138,0,-1.91704357803475,-0.0462108157778152,0.976341510110605,MV-202,sine_steer_python-1
2500,2026年09月15日_19时21分47秒_第001次,2026-09-15T19:21:47,2.499,15.070374569011,-0.0352947442162263,5.99696551706309,9.36566969265194,0.24502635545074,10.4179724722601,0,-1.90972908949329,-0.0460364394399764,0.972532874544686,MV-202,sine_steer_python-1
2501,2026年09月15日_19时21分47秒_第001次,2026-09-15T19:21:47,2.5,15.070389278282,-0.0352452344297988,5.99509297664451,9.36983144308771,0.245478381642677,10.4221225079001,0,-1.90211303259031,-0.0458547920511313,0.968570579885091,MV-202,sine_steer_python-1
2502,2026年09月15日_19时21分47秒_第001次,2026-09-15T19:21:47,2.501,15.0704039909846,-0.0351955770033797,5.99320686980289,9.37399315029831,0.245930843375227,10.4262724924461,0,-1.89419660998949,-0.0456659016327194,0.964455283017155,MV-202,sine_steer_python-1
2503,2026年09月15日_19时21分47秒_第001次,2026-09-15T19:21:47,2.502,15.070418744081,-0.0351453400288916,5.99087128086148,9.37815481425614,0.246383740491125,10.4304224259074,0,-1.88598107178573,-0.0454697973218012,0.960187666374214,MV-202,sine_steer_python-1
2504,2026年09月15日_19时21分47秒_第001次,2026-09-15T19:21:47,2.503,15.070433525554,-0.0350950355575455,5.98903943244577,9.38231643554439,0.246837067247855,10.4345723102015,0,-1.87746771530775,-0.0452665093979445,0.95576843649288,MV-202,sine_steer_python-1
2505,2026年09月15日_19时21分47秒_第001次,2026-09-15T19:21:47,2.504,15.070448299321,-0.0350449513899953,5.98709442241098,9.38647801280539,0.247290836015124,10.4387221421268,0,-1.86865788491322,-0.0450560693079693,0.951198322647386,MV-202,sine_steer_python-1
2506,2026年09月15日_19时21分47秒_第001次,2026-09-15T19:21:47,2.505,15.0704630866848,-0.0349948688143503,5.98518254362018,9.39063954693173,0.247745037899606,10.4428719233141,0,-1.8595529717765,-0.0448385096861743,0.946478075663057,MV-202,sine_steer_python-1
2507,2026年09月15日_19时21分47秒_第001次,2026-09-15T19:21:47,2.506,15.0704778779792,-0.0349447975171445,5.98326580727002,9.39480103758062,0.248199675762418,10.4470216532657,0,-1.85015441366892,-0.0446138643682725,0.941608466984463,MV-202,sine_steer_python-1
2508,2026年09月15日_19时21分47秒_第001次,2026-09-15T19:21:47,2.507,15.0704926730949,-0.0348947263478312,5.98133849663933,9.39896248482527,0.248654748485512,10.4511713320941,0,-1.84046369473174,-0.0443821683980649,0.936590288039404,MV-202,sine_steer_python-1
2509,2026年09月15日_19时21分47秒_第001次,2026-09-15T19:21:47,2.508,15.0705074710952,-0.0348446162895378,5.97939908139496,9.40312388864825,0.249110255819058,10.4553209598195,0,-1.83048234524184,-0.0441434580267666,0.931424349902429,MV-202,sine_steer_python-1
2510,2026年09月15日_19时21分47秒_第001次,2026-09-15T19:21:47,2.509,15.0705222715975,-0.0347944352151905,5.97744549510665,9.4072852490309,0.249566197522494,10.4594705364584,0,-1.82021194136999,-0.0438977707057059,0.926111483227402,MV-202,sine_steer_python-1
2511,2026年09月15日_19时21分47秒_第001次,2026-09-15T19:21:47,2.51,15.0705370746858,-0.0347441477611131,5.97547775105146,9.4114465659554,0.250022573348781,10.4636200620337,0,-1.80965410493204,-0.0436451450737495,0.920652538391906,MV-202,sine_steer_python-1
2512,2026年09月15日_19时21分47秒_第001次,2026-09-15T19:21:47,2.511,15.0705518806037,-0.0346937190919052,5.97349634845663,9.41560783939752,0.250479383112438,10.4677695365608,0,-1.79881050313274,-0.0433856209411896,0.915048385780109,MV-202,sine_steer_python-1
2513,2026年09月15日_19时21分47秒_第001次,2026-09-15T19:21:47,2.512,15.0705667268749,-0.0346427005674893,5.97104828745382,9.41976906933104,0.250936626648609,10.471918960052,0,-1.78768284830253,-0.043119239271938,0.909299916126183,MV-202,sine_steer_python-1
2514,2026年09月15日_19时21分47秒_第001次,2026-09-15T19:21:47,2.513,15.0705816023769,-0.0345916234584827,5.96912421054222,9.42393025637068,0.251394297983787,10.4760683345218,0,-1.77627289762709,-0.0428460421656982,0.903408040847549,MV-202,sine_steer_python-1
2515,2026年09月15日_19时21分47秒_第001次,2026-09-15T19:21:47,2.514,15.0705964690047,-0.034540786811322,5.96708294249593,9.42809139909389,0.251852409977834,10.4802176566127,0,-1.76458245286991,-0.0425660728413876,0.897373692314071,MV-202,sine_steer_python-1
2516,2026年09月15日_19时21分47秒_第001次,2026-09-15T19:21:47,2.515,15.0706113489842,-0.0344899632653804,5.96507655266038,9.4322524984404,0.252310953385137,10.4843669280393,0,-1.75261336008773,-0.0422793756225422,0.891197824022346,MV-202,sine_steer_python-1
2517,2026年09月15日_19时21分47秒_第001次,2026-09-15T19:21:47,2.516,15.0706262322,-0.0344391627393234,5.96306555416607,9.43641355405301,0.252769931178537,10.4885161482811,0,-1.74036750933905,-0.0419859959248486,0.884881410669002,MV-202,sine_steer_python-1
2518,2026年09月15日_19时21分47秒_第001次,2026-09-15T19:21:47,2.517,15.0706411185353,-0.0343883735710463,5.96104400752851,9.44057456601123,0.253229342194988,10.4926653174589,0,-1.72784683438567,-0.0416859802454234,0.87842544813913,MV-202,sine_steer_python-1
2519,2026年09月15日_19时21分47秒_第001次,2026-09-15T19:21:47,2.518,15.0706560070014,-0.0343375551523893,5.95901032389828,9.44473553429941,0.253689186173773,10.4968144355963,0,-1.71505331238731,-0.0413793761530737,0.871830953442371,MV-202,sine_steer_python-1
2520,2026年09月15日_19时21分47秒_第001次,2026-09-15T19:21:47,2.519,15.0706708971901,-0.0342866740627109,5.95696235619325,9.4488964589006,0.254149462863829,10.5009635027128,0,-1.70198896358938,-0.0410662322785818,0.86509896463729,MV-202,sine_steer_python-1
2521,2026年09月15日_19时21分47秒_第001次,2026-09-15T19:21:47,2.52,15.0706857891803,-0.0342356935418416,5.95490011856813,9.45305733979871,0.254610172007359,10.5051125188348,0,-1.68865585100403,-0.0407465983040781,0.858230540783785,MV-202,sine_steer_python-1
2522,2026年09月15日_19时21分47秒_第001次,2026-09-15T19:21:47,2.521,15.0707006832181,-0.0341845774016104,5.95282412973416,9.45721817697094,0.255071313410562,10.5092614839805,0,-1.67505608008428,-0.0404205249507789,0.851226761954164,MV-202,sine_steer_python-1
2523,2026年09月15日_19时21分47秒_第001次,2026-09-15T19:21:47,2.522,15.0707156173113,-0.0341328606002709,5.95026436165829,9.46137897039234,0.255532886901088,10.5134103981652,0,-1.66119179839163,-0.0400880639647234,0.844088729318727,MV-202,sine_steer_python-1
2524,2026年09月15日_19时21分47秒_第001次,2026-09-15T19:21:47,2.523,15.0707305813791,-0.0340810934437806,5.94824874742977,9.46553972070936,0.255994886276016,10.5175592635013,0,-1.64706519525686,-0.039749268100557,0.836817565303658,MV-202,sine_steer_python-1
2525,2026年09月15日_19时21分47秒_第001次,2026-09-15T19:21:47,2.524,15.0707455352694,-0.0340295865351067,5.94611192903058,9.46970042643378,0.256457324882626,10.5217080764729,0,-1.63267850143437,-0.0394041911038289,0.829414413801851,MV-202,sine_steer_python-1
2526,2026年09月15日_19时21分47秒_第001次,2026-09-15T19:21:47,2.525,15.0707605021514,-0.0339781040870909,5.94401172769106,9.47386108855294,0.25692019312474,10.5258568388788,0,-1.61803398874989,-0.0390528876925911,0.821880440403155,MV-202,sine_steer_python-1
2527,2026年09月15日_19时21分47秒_第001次,2026-09-15T19:21:47,2.526,15.0707754714763,-0.0339266564347688,5.94190716451196,9.47802170669496,0.257383494086395,10.5300055501758,0,-1.60313396974175,-0.0386954135392824,0.814216832602641,MV-202,sine_steer_python-1
2528,2026年09月15日_19时21分47秒_第001次,2026-09-15T19:21:47,2.527,15.0707904431387,-0.0338752315984995,5.93979207748043,9.48218228094561,0.257847226559727,10.534154210492,0,-1.58798079729567,-0.0383318252539169,0.806424799943859,MV-202,sine_steer_python-1
2529,2026年09月15日_19时21分47秒_第001次,2026-09-15T19:21:47,2.528,15.0708054161158,-0.0338237875700164,5.93766481901847,9.48634281129098,0.258311390273152,10.5383028198541,0,-1.57257686427324,-0.0379621803694639,0.798505574059497,MV-202,sine_steer_python-1
2530,2026年09月15日_19时21分47秒_第001次,2026-09-15T19:21:47,2.529,15.0708203899917,-0.0337722898202365,5.93552316135777,9.49050329771574,0.258775984965115,10.5424513782844,0,-1.55692460313405,-0.0375865373300552,0.790460408582777,MV-202,sine_steer_python-1
2531,2026年09月15日_19时21分47秒_第001次,2026-09-15T19:21:47,2.53,15.0708353648583,-0.0337207003724528,5.93336711922352,9.49466374020547,0.259241010367062,10.5465998858121,0,-1.54102648555158,-0.037204955482305,0.782290578917388,MV-202,sine_steer_python-1
2532,2026年09月15日_19时21分47秒_第001次,2026-09-15T19:21:47,2.531,15.0708503409824,-0.0336689818591614,5.93119723049782,9.49882413873871,0.259706466276848,10.5507483424582,0,-1.52488502202289,-0.0368174950696607,0.773997381869844,MV-202,sine_steer_python-1
2533,2026年09月15日_19时21分47秒_第001次,2026-09-15T19:21:47,2.532,15.0708653567815,-0.0336166531495411,5.92852649942654,9.50298449329173,0.260172352514592,10.55489674824,0,-1.50850276147221,-0.0364242172293444,0.765582135162691,MV-202,sine_steer_python-1
2534,2026年09月15日_19时21分47秒_第001次,2026-09-15T19:21:47,2.533,15.0708804033652,-0.0335642833471435,5.9264200120262,9.50714480454286,0.260638662649386,10.5590451053683,0,-1.49188229084836,-0.0360251839911734,0.757046176858929,MV-202,sine_steer_python-1
2535,2026年09月15日_19时21分47秒_第001次,2026-09-15T19:21:47,2.534,15.0708954385113,-0.0335121948628515,5.92418832265578,9.51130507093753,0.261105410513056,10.5631934101671,0,-1.47502623471635,-0.0356204582773788,0.748390864735226,MV-202,sine_steer_python-1
2536,2026年09月15日_19时21分47秒_第001次,2026-09-15T19:21:47,2.535,15.0709104863536,-0.0334601436538525,5.92199497916126,9.51546529351108,0.261572586160496,10.5673416645195,0,-1.45793725484282,-0.0352101039024832,0.739617575643438,MV-202,sine_steer_python-1
2537,2026年09月15日_19时21分47秒_第001次,2026-09-15T19:21:47,2.536,15.070925535926,-0.0334081405925928,5.91979751705192,9.51962547187673,0.26204019278628,10.5714898678584,0,-1.44061804977581,-0.0347941855723813,0.730727704897127,MV-202,sine_steer_python-1
2538,2026年09月15日_19时21分47秒_第001次,2026-09-15T19:21:47,2.537,15.0709405871529,-0.0333561735077402,5.91758955226218,9.52378560612653,0.262508229137803,10.5756380203194,0,-1.42307135441857,-0.0343727688819301,0.721722665712276,MV-202,sine_steer_python-1
2539,2026年09月15日_19时21分47秒_第001次,2026-09-15T19:21:47,2.538,15.0709556389941,-0.0333041991084693,5.91536937848401,9.52794569624823,0.26297669493253,10.5797861219315,0,-1.4052999395977,-0.0339459203106017,0.712603888721422,MV-202,sine_steer_python-1
2540,2026年09月15日_19时21分47秒_第001次,2026-09-15T19:21:47,2.539,15.0709706910429,-0.0332521818633978,5.9131346874315,9.53210574222809,0.263445589898326,10.5839341727192,0,-1.38730661162561,-0.0335137072160228,0.703372821568675,MV-202,sine_steer_python-1
2541,2026年09月15日_19时21分47秒_第001次,2026-09-15T19:21:47,2.54,15.0709857434199,-0.0332000826752902,5.9108854942807,9.53626574405333,0.263914913755787,10.5880821727142,0,-1.36909421185737,-0.0330761978254904,0.69403092858202,MV-202,sine_steer_python-1
2542,2026年09月15日_19时21分47秒_第001次,2026-09-15T19:21:47,2.541,15.071000796428,-0.0331478630821548,5.90862235595074,9.54042570170377,0.264384666294317,10.5922301219394,0,-1.35066561624205,-0.0326334612258156,0.684579690521919,MV-202,sine_steer_python-1
2543,2026年09月15日_19时21分47秒_第001次,2026-09-15T19:21:47,2.542,15.0710158888138,-0.0330950260907235,5.90584137045419,9.54458561515689,0.264854847326391,10.5963780204141,0,-1.3320237348685,-0.0321855673521081,0.675020604329738,MV-202,sine_steer_python-1
2544,2026年09月15日_19时21分47秒_第001次,2026-09-15T19:21:47,2.543,15.071031013028,-0.0330421592405232,5.90364463669277,9.54874548512307,0.265325450194562,10.6005258704476,0,-1.31317151150592,-0.031732586975159,0.665355182944919,MV-202,sine_steer_python-1
2545,2026年09月15日_19时21分47秒_第001次,2026-09-15T19:21:47,2.544,15.0710461247485,-0.0329895969135447,5.90131871916049,9.55290530998076,0.265796489212119,10.6046736682016,0,-1.29411192313889,-0.0312745916886999,0.655584955143692,MV-202,sine_steer_python-1
2546,2026年09月15日_19时21分47秒_第001次,2026-09-15T19:21:47,2.545,15.0710612490894,-0.0329370868777058,5.89903286632929,9.55706509081375,0.266267954086681,10.6088214156439,0,-1.27484797949738,-0.0308116538973811,0.645711465321112,MV-202,sine_steer_python-1
2547,2026年09月15日_19时21分47秒_第001次,2026-09-15T19:21:47,2.546,15.071076374678,-0.0328846405570195,5.89674313492604,9.56122482722017,0.266739848122635,10.6129691121831,0,-1.2553827225814,-0.030343846804841,0.635736273256515,MV-202,sine_steer_python-1
2548,2026年09月15日_19时21分47秒_第001次,2026-09-15T19:21:47,2.547,15.0710915014801,-0.0328322456052861,5.8944429194531,9.56538451929841,0.267212170022674,10.6171167579614,0,-1.23571922618067,-0.0298712444018557,0.625660953872218,MV-202,sine_steer_python-1
2549,2026年09月15日_19时21分47秒_第001次,2026-09-15T19:21:47,2.548,15.0711066284488,-0.0327798574556239,5.8921304550054,9.56954416703786,0.267684919493204,10.6212643530099,0,-1.21586059538921,-0.0293939214545843,0.6154870969882,MV-202,sine_steer_python-1
2550,2026年09月15日_19时21分47秒_第001次,2026-09-15T19:21:47,2.549,15.0711217551959,-0.0327274395677625,5.88980335309267,9.5737037704264,0.268158096251399,10.6254118973549,0,-1.19580996611504,-0.0289119534926096,0.60521630708092,MV-202,sine_steer_python-1
2551,2026年09月15日_19时21分47秒_第001次,2026-09-15T19:21:47,2.55,15.071136881879,-0.0326749517059578,5.88746162935425,9.57786332945286,0.268631700006905,10.62955939103,0,-1.17557050458495,-0.028425416798604,0.594850202906493,MV-202,sine_steer_python-1
2552,2026年09月15日_19时21分47秒_第001次,2026-09-15T19:21:47,2.551,15.0711520088446,-0.0326223542837611,5.88510585974214,9.5820228440984,0.269105730540568,10.6337068340598,0,-1.15514540684453,-0.0279343883961793,0.584390417272002,MV-202,sine_steer_python-1
2553,2026年09月15日_19时21分47秒_第001次,2026-09-15T19:21:47,2.552,15.0711671750739,-0.0325691345560045,5.88221529631257,9.58618231434168,0.269580187657111,10.6378542264648,0,-1.13453789825352,-0.0274389460357211,0.573838596868416,MV-202,sine_steer_python-1
2554,2026年09月15日_19时21分47秒_第001次,2026-09-15T19:21:47,2.553,15.0711823745114,-0.0325158979851587,5.87992891227927,9.5903417409254,0.270055064474187,10.642001570654,0,-1.11375123297638,-0.0269391681795098,0.563196402113697,MV-202,sine_steer_python-1
2555,2026年09月15日_19时21分47秒_第001次,2026-09-15T19:21:47,2.554,15.0711975606916,-0.0324629909989075,5.87750938108904,9.59450112216042,0.270530375783243,10.6461488626244,0,-1.09278869346854,-0.0264351339864698,0.552465507000921,MV-202,sine_steer_python-1
2556,2026年09月15日_19时21分47秒_第001次,2026-09-15T19:21:47,2.555,15.0712127597165,-0.0324101531244048,5.87513162503828,9.5986604591795,0.271006110946407,10.6502961044293,0,-1.071653589958,-0.0259269232960772,0.541647598977554,MV-202,sine_steer_python-1
2557,2026年09月15日_19时21分47秒_第001次,2026-09-15T19:21:47,2.556,15.0712279598063,-0.0323573962388623,5.87275022918053,9.60281975156557,0.271482273377165,10.6544432954521,0,-1.05034925992259,-0.0254146166113769,0.530744378860355,MV-202,sine_steer_python-1
2558,2026年09月15日_19时21分47秒_第001次,2026-09-15T19:21:47,2.557,15.0712431609708,-0.0323047077271594,5.87035836723452,9.60697899942342,0.271958861733603,10.6585904358416,0,-1.02887906756301,-0.0248982950816595,0.519757560759278,MV-202,sine_steer_python-1
2559,2026年09月15日_19时21分47秒_第001次,2026-09-15T19:21:47,2.558,15.071258362156,-0.0322520416438899,5.86795421586222,9.61113820274417,0.272435875711018,10.6627375256308,0,-1.00724640327152,-0.024378040485415,0.508688871981886,MV-202,sine_steer_python-1
2560,2026年09月15日_19时21分47秒_第001次,2026-09-15T19:21:47,2.559,15.0712735629915,-0.032199360326611,5.86553530673182,9.61529736151735,0.272913315015851,10.6668845648475,0,-0.985454683096585,-0.0238539352139329,0.497540052903517,MV-202,sine_steer_python-1
2561,2026年09月15日_19时21分47秒_第001次,2026-09-15T19:21:47,2.56,15.0712887636702,-0.0321466222791101,5.86310165599927,9.61945647573349,0.273391179346774,10.6710315535271,0,-0.963507348203428,-0.0233260622557537,0.486312856795816,MV-202,sine_steer_python-1
2562,2026年09月15日_19时21分47秒_第001次,2026-09-15T19:21:47,2.561,15.0713039645795,-0.0320937866595403,5.86065385868687,9.62361554537512,0.27386946847605,10.6751784916958,0,-0.94140786433067,-0.0227945051816152,0.475009049642698,MV-202,sine_steer_python-1
2563,2026年09月15日_19时21分47秒_第001次,2026-09-15T19:21:47,2.562,15.0713192048246,-0.0320403249815253,5.85765437967428,9.62777457042217,0.274348182200636,10.6793253793752,0,-0.919159721242976,-0.0222593481319028,0.46363040982133,MV-202,sine_steer_python-1
2564,2026年09月15日_19时21分47秒_第001次,2026-09-15T19:21:47,2.563,15.0713344799966,-0.0319868599889406,5.85527892962952,9.63193355164985,0.274827313415203,10.6834722190744,0,-0.896766432180066,-0.021720675808464,0.452178727648387,MV-202,sine_steer_python-1
2565,2026年09月15日_19时21分47秒_第001次,2026-09-15T19:21:47,2.564,15.0713497414286,-0.0319337501664919,5.85276639063753,9.63609248730104,0.275306877385901,10.6876190066246,0,-0.874231533301869,-0.0211785734614285,0.440655804990174,MV-202,sine_steer_python-1
2566,2026年09月15日_19时21分47秒_第001次,2026-09-15T19:21:47,2.565,15.0713650162071,-0.031880726660005,5.85029733110865,9.64025137855795,0.275786863131359,10.691765744165,0,-0.851558583130143,-0.0206331268731423,0.42906345501895,MV-202,sine_steer_python-1
2567,2026年09月15日_19时21分47秒_第001次,2026-09-15T19:21:47,2.566,15.0713802921354,-0.0318278016212512,5.84782487174782,9.64441022498824,0.276267274173534,10.6959124310537,0,-0.828751161986567,-0.0200844223441909,0.417403502073774,MV-202,sine_steer_python-1
2568,2026年09月15日_19时21分47秒_第001次,2026-09-15T19:21:47,2.567,15.0713955692581,-0.0317749619967977,5.84534196607223,9.64856902670323,0.276748109126132,10.7000590674464,0,-0.805812871427326,-0.0195325466888797,0.405677781048382,MV-202,sine_steer_python-1
2569,2026年09月15日_19时21分47秒_第001次,2026-09-15T19:21:47,2.568,15.0714108465047,-0.0317221602900494,5.84284673241205,9.65272778369588,0.277229367673409,10.7042056533777,0,-0.782747333674407,-0.0189775872282195,0.393888136770503,MV-202,sine_steer_python-1
2570,2026年09月15日_19时21分47秒_第001次,2026-09-15T19:21:47,2.569,15.0714261235116,-0.0316693575381069,5.84033662291284,9.65688649595745,0.27771104951117,10.7083521888771,0,-0.759558191043599,-0.0184196317785151,0.382036423554303,MV-202,sine_steer_python-1
2571,2026年09月15日_19时21分47秒_第001次,2026-09-15T19:21:47,2.57,15.071441400496,-0.0316165108029342,5.83781165424625,9.66104516348027,0.278193154327225,10.7124986739821,0,-0.736249105369361,-0.0178587686393458,0.370124504840589,MV-202,sine_steer_python-1
2572,2026年09月15日_19时21分47秒_第001次,2026-09-15T19:21:47,2.571,15.0714566778736,-0.0315635778026725,5.8352724404903,9.66520378624834,0.278675681885372,10.7166451087202,0,-0.712823757426501,-0.0172950865822388,0.358154252786935,MV-202,sine_steer_python-1
2573,2026年09月15日_19时21分47秒_第001次,2026-09-15T19:21:47,2.572,15.0714719947525,-0.0315100142757574,5.83216471845469,9.66936236424296,0.279158631974932,10.720791493115,0,-0.689285846349042,-0.0167286748386159,0.346127547906267,MV-202,sine_steer_python-1
2574,2026年09月15日_19时21分47秒_第001次,2026-09-15T19:21:47,2.573,15.0714873485182,-0.031456459541519,5.82970079760702,9.67352089827208,0.279641997269775,10.7249378297761,0,-0.665639089045976,-0.0161596230871484,0.334046278714009,MV-202,sine_steer_python-1
2575,2026年09月15日_19时21分47秒_第001次,2026-09-15T19:21:47,2.574,15.0715026882351,-0.031403284130093,5.82709587046263,9.67767938651021,0.280125793507276,10.7290841143679,0,-0.641887219614416,-0.0155880214394398,0.321912341430302,MV-202,sine_steer_python-1
2576,2026年09月15日_19时21分47秒_第001次,2026-09-15T19:21:47,2.575,15.0715180419625,-0.0313502106360038,5.82453612285877,9.68183783018955,0.280610009364784,10.7332303491166,0,-0.618033988749901,-0.0150139604229537,0.30972763979953,MV-202,sine_steer_python-1
2577,2026年09月15日_19时21分47秒_第001次,2026-09-15T19:21:47,2.576,15.0715333970688,-0.0312972512841143,5.82197321862354,9.6859962288624,0.281094648472236,10.7373765333551,0,-0.59408316315407,-0.014437530960834,0.297494085042561,MV-202,sine_steer_python-1
2578,2026年09月15日_19时21分47秒_第001次,2026-09-15T19:21:47,2.577,15.0715487536182,-0.0312443923974416,5.81939989155233,9.69015458264682,0.281579709399333,10.7415226672461,0,-0.570038524939954,-0.0138588243484706,0.285213595943224,MV-202,sine_steer_python-1
2579,2026年09月15日_19时21分47秒_第001次,2026-09-15T19:21:47,2.578,15.0715641105065,-0.0311915847460212,5.81681420163182,9.69431289153766,0.282065191819522,10.7456687508263,0,-0.545903871034647,-0.0132779322272142,0.272888099050428,MV-202,sine_steer_python-1
2580,2026年09月15日_19时21分47秒_第001次,2026-09-15T19:21:47,2.579,15.0715794673605,-0.0311387878852028,5.81421352169865,9.69847115552806,0.282551095418221,10.7498147841274,0,-0.521683012579799,-0.0126949465575267,0.260519528909321,MV-202,sine_steer_python-1
2581,2026年09月15日_19时21分47秒_第001次,2026-09-15T19:21:47,2.58,15.0715948244041,-0.0310859572571419,5.81159786882145,9.70262937461224,0.283037419872643,10.753960767189,0,-0.497379774329709,-0.0121099595933049,0.248109828212858,MV-202,sine_steer_python-1
2582,2026年09月15日_19时21分47秒_第001次,2026-09-15T19:21:47,2.581,15.0716101820646,-0.0310330489651619,5.80896787599807,9.70678754877576,0.283524164938396,10.758106700041,0,-0.472997994047444,-0.0115230638563172,0.23566094796709,MV-202,sine_steer_python-1
2583,2026年09月15日_19时21分47秒_第001次,2026-09-15T19:21:47,2.582,15.071625579328,-0.0309795029683608,5.80575261475896,9.71094567800138,0.284011330397446,10.7622525827084,0,-0.448541521898765,-0.0109343520967741,0.223174848242846,MV-202,sine_steer_python-1
2584,2026年09月15日_19时21分47秒_第001次,2026-09-15T19:21:47,2.583,15.0716410155147,-0.0309259744740594,5.80320084677086,9.71510376313006,0.284498908705179,10.7663984179035,0,-0.424014219844107,-0.0103439172060037,0.21065350095036,MV-202,sine_steer_python-1
2585,2026年09月15日_19时21分47秒_第001次,2026-09-15T19:21:47,2.584,15.071656437351,-0.0308728460639651,5.80050418115229,9.71926180226755,0.284986916066846,10.7705442011225,0,-0.39941996102882,-0.00975185206888815,0.1980988951765,MV-202,sine_steer_python-1
2586,2026年09月15日_19时21分47秒_第001次,2026-09-15T19:21:47,2.585,15.0716718738547,-0.0308198316514505,5.79785439149139,9.7234197966965,0.285475340820923,10.7746899346799,0,-0.37476262917145,-0.00915824944591644,0.185513041269367,MV-202,sine_steer_python-1
2587,2026年09月15日_19时21分47秒_第001次,2026-09-15T19:21:47,2.586,15.071687311939,-0.0307669433728068,5.79520169232898,9.72757774595385,0.285964186704954,10.7788356178836,0,-0.350046117950554,-0.00856320202764744,0.172897967587142,MV-202,sine_steer_python-1
2588,2026年09月15日_19时21分47秒_第001次,2026-09-15T19:21:47,2.587,15.0717027516703,-0.0307141667890422,5.79253859815009,9.7317356501645,0.286453452245159,10.7829812509037,0,-0.325274330389771,-0.00796680265011159,0.160255710396461,MV-202,sine_steer_python-1
2589,2026年09月15日_19时21分47秒_第001次,2026-09-15T19:21:47,2.588,15.0717181918929,-0.0306614508070689,5.78986311048315,9.73589350932531,0.286943137104542,10.7871268337799,0,-0.300451178241519,-0.00736914450824935,0.147588303871928,MV-202,sine_steer_python-1
2590,2026年09月15日_19时21分47秒_第001次,2026-09-15T19:21:47,2.589,15.0717336322064,-0.030608753376992,5.78717252295777,9.74005132343136,0.287433240958507,10.7912723665462,0,-0.275580581369276,-0.00677032126644267,0.13489777449035,MV-202,sine_steer_python-1
2591,2026年09月15日_19时21分47秒_第001次,2026-09-15T19:21:47,2.59,15.0717490728245,-0.0305560282062168,5.78446685278921,9.74420909247885,0.287923763474065,10.7954178492454,0,-0.250666467128602,-0.00617042707838692,0.122186139270436,MV-202,sine_steer_python-1
2592,2026年09月15日_19时21分47秒_第001次,2026-09-15T19:21:47,2.591,15.0717645141689,-0.0305032296764399,5.7817467516192,9.748366816455,0.28841470439902,10.7995632819095,0,-0.225712769746966,-0.00556955655965536,0.10945540600326,MV-202,sine_steer_python-1
2593,2026年09月15日_19时21分47秒_第001次,2026-09-15T19:21:47,2.592,15.071779994987,-0.0304497820618831,5.77842469598626,9.75252449534408,0.288906063508376,10.8037086645662,0,-0.200723429702427,-0.00496780474225882,0.096707574231599,MV-202,sine_steer_python-1
2594,2026年09月15日_19时21分47秒_第001次,2026-09-15T19:21:47,2.593,15.0717955166624,-0.0303963558633741,5.77578573839695,9.75668213002024,0.289397833041305,10.8078540000315,0,-0.175702393101492,-0.00436526702129724,0.0839446365593516,MV-202,sine_steer_python-1
2595,2026年09月15日_19时21分47秒_第001次,2026-09-15T19:21:47,2.594,15.0718110235234,-0.0303433457649988,5.7729980177021,9.76083971852011,0.289890029667838,10.8119992836323,0,-0.150653611055866,-0.0037620390997845,0.0711685800467539,MV-202,sine_steer_python-1
2596,2026年09月15日_19时21分47秒_第001次,2026-09-15T19:21:47,2.595,15.0718265455332,-0.0302904569657049,5.77025886462291,9.76499726217722,0.290382641390066,10.816144517773,0,-0.125581039058628,-0.00315821693420904,0.0583813875702952,MV-202,sine_steer_python-1
2597,2026年09月15日_19时21分47秒_第001次,2026-09-15T19:21:47,2.596,15.071842069134,-0.0302377014386272,5.76751705213769,9.76915476051307,0.290875672052852,10.8202897017367,0,-0.100488636359542,-0.00255389668068377,0.0455850391535196,MV-202,sine_steer_python-1
2598,2026年09月15日_19时21分47秒_第001次,2026-09-15T19:21:47,2.597,15.0718575943811,-0.0301850639364635,5.76476487585698,9.77331221365949,0.291369120139548,10.8244348357017,0,-0.0753803653398739,-0.00194917464187976,0.0327815132644868,MV-202,sine_steer_python-1
2599,2026年09月15日_19时21分47秒_第001次,2026-09-15T19:21:47,2.598,15.0718731200541,-0.0301324914685202,5.76200027869988,9.7774696216154,0.291862985303148,10.8285799197107,0,-0.0502601908866743,-0.00134414721572836,0.0199727880383617,MV-202,sine_steer_python-1
2600,2026年09月15日_19时21分47秒_第001次,2026-09-15T19:21:47,2.599,15.0718886457131,-0.0300799403541176,5.75922047512597,9.78162698437785,0.292357267209481,10.832724953801,0,-0.0251320797667061,-0.000738910846637929,0.00716084239326002,MV-202,sine_steer_python-1
2601,2026年09月15日_19时21分47秒_第001次,2026-09-15T19:21:47,2.6,15.0719041715497,-0.0300273625513445,5.75642548215674,9.78578430194509,0.2928519655158,10.8368699380185,0,-2.44929359829471e-15,-0.000133561979425301,-0.00565234296927499,MV-202,sine_steer_python-1
2602,2026年09月15日_19时21分47秒_第001次,2026-09-15T19:21:47,2.601,15.0719196979693,-0.029974710715826,5.75361596969401,9.78994157430598,0.293347079962539,10.8410148723985,0,0.0251320797667083,0.000471802983944691,-0.0184647846828833,MV-202,sine_steer_python-1
2603,2026年09月15日_19时21分47秒_第001次,2026-09-15T19:21:47,2.602,15.0719352633797,-0.029921393671245,5.75018790014381,9.79409880144636,0.293842610318173,10.8451597569715,0,0.0502601908866694,0.00107708772448129,-0.0312744959679395,MV-202,sine_steer_python-1
2604,2026年09月15日_19时21分47秒_第001次,2026-09-15T19:21:47,2.603,15.071950871344,-0.0298680967531197,5.74746243539149,9.79825598427376,0.294338548607689,10.8493045946582,0,0.075380365339869,0.00168219604182398,-0.0440794860712029,MV-202,sine_steer_python-1
2605,2026年09月15日_19时21分47秒_第001次,2026-09-15T19:21:47,2.604,15.0719664637484,-0.0298152268483795,5.74458436616668,9.80241312075517,0.29483491196311,10.8534493806159,0,0.100488636359538,0.00228703188604817,-0.0568777598684144,MV-202,sine_steer_python-1
2606,2026年09月15日_19时21分47秒_第001次,2026-09-15T19:21:47,2.605,15.0719820714953,-0.0297624805308668,5.7417565488583,9.80657021227544,0.295331688052608,10.8575941173395,0,0.125581039058624,0.00289149938515555,-0.06966731764988,MV-202,sine_steer_python-1
2607,2026年09月15日_19时21分47秒_第001次,2026-09-15T19:21:47,2.606,15.0719976805489,-0.0297098696403176,5.73892632279761,9.81072725834046,0.295828880828083,10.8617388040876,0,0.150653611055868,0.00349550286733979,-0.0824461551261685,MV-202,sine_steer_python-1
2608,2026年09月15日_19时21分47秒_第001次,2026-09-15T19:21:47,2.607,15.0720132909489,-0.0296573781813811,5.7360857653008,9.81488425908904,0.296326488730639,10.865883441047,0,0.175702393101487,0.0040989468777005,-0.095212263667865,MV-202,sine_steer_python-1
2609,2026年09月15日_19时21分47秒_第001次,2026-09-15T19:21:47,2.608,15.0720289014059,-0.0296049513375855,5.73323276059019,9.81904121452215,0.296824511403684,10.8700280282642,0,0.200723429702429,0.00470173618947706,-0.107963630777878,MV-202,sine_steer_python-1
2610,2026年09月15日_19时21分47秒_第001次,2026-09-15T19:21:47,2.609,15.0720445114368,-0.0295525438775115,5.73036444401155,9.82319812463882,0.297322948503892,10.8741725657796,0,0.225712769746961,0.0053037758096869,-0.12069824079875,MV-202,sine_steer_python-1
2611,2026年09月15日_19时21分47秒_第001次,2026-09-15T19:21:47,2.61,15.0720601212088,-0.0295001060999291,5.72748083204128,9.8273549894393,0.297821799679173,10.8783170536431,0,0.250666467128612,0.00590497098064326,-0.13341407578895,MV-202,sine_steer_python-1
2612,2026年09月15日_19时21分47秒_第001次,2026-09-15T19:21:47,2.611,15.072075731109,-0.029447589033061,5.72458261242293,9.83151180891408,0.298321064662986,10.882461491893,0,0.275580581369271,0.00650522717750715,-0.146109116568656,MV-202,sine_steer_python-1
2613,2026年09月15日_19时21分47秒_第001次,2026-09-15T19:21:47,2.612,15.072091379125,-0.0293943864262097,5.72104932627523,9.83566858305056,0.298820743217658,10.8866058805632,0,0.300451178241514,0.00710445010126337,-0.158781343961851,MV-202,sine_steer_python-1
2614,2026年09月15日_19时21分47秒_第001次,2026-09-15T19:21:47,2.613,15.0721070711044,-0.0293411981256977,5.71823804102489,9.83982531278977,0.29932082715566,10.8907502226799,0,0.325274330389766,0.00770254566902611,-0.17142874014709,MV-202,sine_steer_python-1
2615,2026年09月15日_19时21分47秒_第001次,2026-09-15T19:21:47,2.614,15.0721227464668,-0.029288443353891,5.71527033136404,9.84398199602856,0.299821334068505,10.8948945132298,0,0.350046117950549,0.00829942000350463,-0.184049290041355,MV-202,sine_steer_python-1
2616,2026年09月15日_19时21分47秒_第001次,2026-09-15T19:21:47,2.615,15.072138437056,-0.0292358102600613,5.71235454714934,9.84813863420337,0.300322251292787,10.8990387547991,0,0.374762629171452,0.0088949794223948,-0.196640982685499,MV-202,sine_steer_python-1
2617,2026年09月15日_19时21分47秒_第001次,2026-09-15T19:21:47,2.616,15.0721541283622,-0.0291833106683508,5.70943660224268,9.85229522680433,0.300823582887098,10.9031829466219,0,0.399419961028815,0.00948913042830294,-0.20920181260573,MV-202,sine_steer_python-1
2618,2026年09月15日_19时21分47秒_第001次,2026-09-15T19:21:47,2.617,15.072169820415,-0.029130927982633,5.70650835649876,9.85645177397722,0.301325327250843,10.9073270888938,0,0.424014219844109,0.010081779700172,-0.221729781109765,MV-202,sine_steer_python-1
2619,2026年09月15日_19时21分47秒_第001次,2026-09-15T19:21:47,2.618,15.0721855118619,-0.029078605716245,5.70356763551768,9.860608275725,0.301827484018188,10.9114711816648,0,0.44854152189876,0.0106728340871682,-0.234222897476637,MV-202,sine_steer_python-1
2620,2026年09月15日_19时21分47秒_第001次,2026-09-15T19:21:47,2.619,15.0722012021832,-0.0290262972471647,5.70061149569964,9.86476473204862,0.302330052836974,10.9156152249789,0,0.472997994047453,0.0112622006056138,-0.246679180015466,MV-202,sine_steer_python-1
2621,2026年09月15日_19时21分47秒_第001次,2026-09-15T19:21:47,2.62,15.0722168915285,-0.0289739513809735,5.69763995270392,9.86892114295026,0.302833033346086,10.9197592188895,0,0.497379774329704,0.011849786439262,-0.259096656980428,MV-202,sine_steer_python-1
2622,2026年09月15日_19时21分47秒_第001次,2026-09-15T19:21:47,2.621,15.0722325802746,-0.0289215176891098,5.69465371174927,9.873077508422,0.303336425272297,10.9239031634385,0,0.521683012579794,0.0124354989431724,-0.271473367331156,MV-202,sine_steer_python-1
2623,2026年09月15日_19时21分47秒_第001次,2026-09-15T19:21:47,2.622,15.072248305927,-0.0288683753286182,5.69101599688514,9.87723382845267,0.303840228372055,10.9280470586627,0,0.545903871034642,0.0130192456514894,-0.283807361325348,MV-202,sine_steer_python-1
2624,2026年09月15日_19时21分47秒_第001次,2026-09-15T19:21:47,2.623,15.0722640767143,-0.0288152384262541,5.68811955623085,9.881390104017,0.304344434246573,10.9321909076949,0,0.570038524939949,0.0136009342895187,-0.296096700927319,MV-202,sine_steer_python-1
2625,2026年09月15日_19时21分47秒_第001次,2026-09-15T19:21:47,2.624,15.0722798295817,-0.0287625386714054,5.68506288999761,9.88554633294107,0.304849060944557,10.9363347053495,0,0.594083163154072,0.0141804727906625,-0.308339460008084,MV-202,sine_steer_python-1
2626,2026年09月15日_19时21分47秒_第001次,2026-09-15T19:21:47,2.625,15.0722955973251,-0.0287099560578769,5.68205980867088,9.88970251671321,0.30535409547319,10.9404784543047,0,0.618033988749896,0.0147577693191274,-0.320533724298679,MV-202,sine_steer_python-1
2627,2026年09月15日_19时21分47秒_第001次,2026-09-15T19:21:47,2.626,15.0723113649734,-0.0286575025570833,5.67905480914628,9.89385865480757,0.30585954199729,10.9446221537697,0,0.641887219614419,0.0153327322997389,-0.332677591039779,MV-202,sine_steer_python-1
2628,2026年09月15日_19时21分47秒_第001次,2026-09-15T19:21:47,2.627,15.0723271325608,-0.0286051611612438,5.67603953496457,9.89801474737685,0.306365398875001,10.9487658039487,0,0.665639089045971,0.0159052704565922,-0.344769168254,MV-202,sine_steer_python-1
2629,2026年09月15日_19时21分47秒_第001次,2026-09-15T19:21:47,2.628,15.0723428986852,-0.0285528739059593,5.67301175340629,9.90217079442592,0.30687166573145,10.9529094048952,0,0.689285846349037,0.0164752928623686,-0.356806573564744,MV-202,sine_steer_python-1
2630,2026年09月15日_19时21分47秒_第001次,2026-09-15T19:21:47,2.629,15.0723586628046,-0.0285005929702455,5.66996844227591,9.90632679595755,0.307378342205844,10.9570529566563,0,0.712823757426497,0.0170427089994967,-0.368787932515507,MV-202,sine_steer_python-1
2631,2026年09月15日_19时21分47秒_第001次,2026-09-15T19:21:47,2.63,15.0723744250655,-0.028448265858842,5.66690961629393,9.91048275197579,0.307885427928218,10.9611964592891,0,0.736249105369356,0.0176074288335792,-0.380711376338806,MV-202,sine_steer_python-1
2632,2026年09月15日_19时21分47秒_第001次,2026-09-15T19:21:47,2.631,15.0723901858489,-0.0283958408777229,5.66383599791147,9.9146386624742,0.308392922618807,10.9653399128384,0,0.759558191043608,0.0181693628978157,-0.392575039260877,MV-202,sine_steer_python-1
2633,2026年09月15日_19时21分47秒_第001次,2026-09-15T19:21:47,2.632,15.0724059821282,-0.0283426831195557,5.66009460733601,9.91879452744297,0.308900826028312,10.9694833173438,0,0.782747333674402,0.0187284223778925,-0.404377055800522,MV-202,sine_steer_python-1
2634,2026年09月15日_19时21分47秒_第001次,2026-09-15T19:21:47,2.633,15.0724218246057,-0.0282895207883323,5.65711363194461,9.92295034789068,0.309409129547602,10.9736266760448,0,0.805812871427328,0.019284519186706,-0.416115558477715,MV-202,sine_steer_python-1
2635,2026年09月15日_19时21分47秒_第001次,2026-09-15T19:21:47,2.634,15.0724376477539,-0.0282367981342161,5.65396864684398,9.92710612157198,0.309917851680349,10.9777699835822,0,0.828751161986563,0.0198375660163525,-0.427788676473274,MV-202,sine_steer_python-1
2636,2026年09月15日_19时21分47秒_第001次,2026-09-15T19:21:47,2.635,15.0724534853358,-0.0281841872744541,5.65087888972359,9.93126185002739,0.310426979106334,10.9819132427266,0,0.851558583130145,0.0203874763559659,-0.439394535733556,MV-202,sine_steer_python-1
2637,2026年09月15日_19时21分47秒_第001次,2026-09-15T19:21:47,2.636,15.0724693219373,-0.0281317004816054,5.64778744937425,9.93541753271486,0.310936516095994,10.9860564526614,0,0.874231533301864,0.020934164470458,-0.45093126073319,MV-202,sine_steer_python-1
2638,2026年09月15日_19时21分47秒_第001次,2026-09-15T19:21:47,2.637,15.0724851576156,-0.0280793205124018,5.64468575448096,9.93957316979393,0.311446460966521,10.9901996135992,0,0.896766432180061,0.0214775453452837,-0.46239697767962,MV-202,sine_steer_python-1
2639,2026年09月15日_19时21分47秒_第001次,2026-09-15T19:21:47,2.638,15.0725009909365,-0.0280269880992124,5.64157151454943,9.94372876127134,0.311956813334077,10.9943427255965,0,0.919159721242971,0.0220175346105661,-0.473789818591908,MV-202,sine_steer_python-1
2640,2026年09月15日_19时21分47秒_第001次,2026-09-15T19:21:47,2.639,15.0725168213527,-0.0279746543906881,5.63844162934534,9.94788430715157,0.312467572829295,10.9984857887034,0,0.941407864330666,0.0225540484601381,-0.485107925591638,MV-202,sine_steer_python-1
2641,2026年09月15日_19时21分47秒_第001次,2026-09-15T19:21:47,2.64,15.0725326490245,-0.0279222657550078,5.63529611270885,9.95203980744046,0.312978739073407,11.0026288029797,0,0.963507348203436,0.0230870035781088,-0.496349454869019,MV-202,sine_steer_python-1
2642,2026年09月15日_19时21分47秒_第001次,2026-09-15T19:21:47,2.641,15.072548474354,-0.0278697693910707,5.63213570423807,9.95619526213298,0.313490311780129,11.006771768473,0,0.985454683096581,0.0236163170805174,-0.507512580002771,MV-202,sine_steer_python-1
2643,2026年09月15日_19时21分47秒_第001次,2026-09-15T19:21:47,2.642,15.0725643337361,-0.0278165168366507,5.62829133921652,9.9603506712206,0.314002290694413,11.0109146852251,0,1.00724640327152,0.0241419064749468,-0.518595494512069,MV-202,sine_steer_python-1
2644,2026年09月15日_19时21分47秒_第001次,2026-09-15T19:21:47,2.643,15.0725802404372,-0.0277632501284339,5.62522639226016,9.96450603574592,0.314514666997499,11.0150575565826,0,1.02887906756301,0.0246636896377491,-0.529596413655432,MV-202,sine_steer_python-1
2645,2026年09月15日_19时21分47秒_第001次,2026-09-15T19:21:47,2.644,15.0725961264603,-0.0277104261050036,5.62199366828088,9.96866135339158,0.315027459645745,11.0192003770109,0,1.05034925992259,0.0251815848068895,-0.540513575561915,MV-202,sine_steer_python-1
2646,2026年09月15日_19时21分47秒_第001次,2026-09-15T19:21:47,2.645,15.0726120265506,-0.027657709240713,5.61881779815603,9.97281662575052,0.315540654993437,11.0233431493729,0,1.07165358995799,0.0256955105879243,-0.551345241798865,MV-202,sine_steer_python-1
2647,2026年09月15日_19时21分47秒_第001次,2026-09-15T19:21:47,2.646,15.0726279248679,-0.0276051122069586,5.61564047178323,9.97697185226431,0.316054257415906,11.0274858728258,0,1.09278869346854,0.0262053859698399,-0.562089697516985,MV-202,sine_steer_python-1
2648,2026年09月15日_19时21分47秒_第001次,2026-09-15T19:21:47,2.647,15.0726438215091,-0.027552617641868,5.61245290469721,9.98112703309935,0.316568265189602,11.0316285475902,0,1.11375123297637,0.0267111303528688,-0.572745251179573,MV-202,sine_steer_python-1
2649,2026年09月15日_19时21分47秒_第001次,2026-09-15T19:21:47,2.648,15.072659715024,-0.0275001650864996,5.60925274937216,9.98528216826412,0.3170826779217,11.0357711737249,0,1.13453789825351,0.0272126635875929,-0.583310233643893,MV-202,sine_steer_python-1
2650,2026年09月15日_19时21分47秒_第001次,2026-09-15T19:21:47,2.649,15.0726756048751,-0.0274477047618143,5.60603682827443,9.98943725776483,0.317597495234222,11.0399137512823,0,1.15514540684454,0.0277099060035808,-0.59378299751255,MV-202,sine_steer_python-1
2651,2026年09月15日_19时21分47秒_第001次,2026-09-15T19:21:47,2.65,15.0726914912503,-0.0273951819947866,5.60280515458248,9.99359230160901,0.318112716739554,11.0440562803249,0,1.17557050458494,0.0282027784464479,-0.604161916487151,MV-202,sine_steer_python-1
2652,2026年09月15日_19时21分47秒_第001次,2026-09-15T19:21:47,2.651,15.0727073745861,-0.0273425429639173,5.59955848510158,9.99774729979301,0.318628342144827,11.0481987609022,0,1.19580996611504,0.028691202328776,-0.614445384196409,MV-202,sine_steer_python-1
2653,2026年09月15日_19时21分47秒_第001次,2026-09-15T19:21:47,2.652,15.0727232906469,-0.0272891260954139,5.59561179155349,10.0019022523096,0.319144371189169,11.052341193058,0,1.21586059538921,0.0291750996818902,-0.62463181272959,MV-202,sine_steer_python-1
2654,2026年09月15日_19时21分47秒_第001次,2026-09-15T19:21:47,2.653,15.0727392553552,-0.0272356869237938,5.59246337891474,10.0060571602354,0.319660794844862,11.0564835802457,0,1.23571922618067,0.0296543932041222,-0.634719631268407,MV-202,sine_steer_python-1
2655,2026年09月15日_19时21分47秒_第001次,2026-09-15T19:21:47,2.654,15.072755198239,-0.0271826948269255,5.58914344013292,10.0102120211808,0.320177632518534,11.0606259167543,0,1.2553827225814,0.030129006307518,-0.644707284851424,MV-202,sine_steer_python-1
2656,2026年09月15日_19时21分47秒_第001次,2026-09-15T19:21:47,2.655,15.0727711550364,-0.027129806790587,5.58588196460694,10.0143668367912,0.32069487024087,11.0647682055387,0,1.27484797949738,0.0305988631641366,-0.654593233201031,MV-202,sine_steer_python-1
2657,2026年09月15日_19时21分47秒_第001次,2026-09-15T19:21:47,2.656,15.0727871094918,-0.0270770359007954,5.5826192528596,10.0185216064918,0.321212512491299,11.0689104457295,0,1.2941119231389,0.0310638887505163,-0.664375949617387,MV-202,sine_steer_python-1
2658,2026年09月15日_19时21分47秒_第001次,2026-09-15T19:21:47,2.657,15.0728030617531,-0.0270243647110845,5.57934630912311,10.0226763304558,0.321730557505701,11.0730526375544,0,1.31317151150591,0.0315240088882685,-0.674053920002915,MV-202,sine_steer_python-1
2659,2026年09月15日_19时21分47秒_第001次,2026-09-15T19:21:47,2.658,15.0728190103628,-0.0269717315995909,5.57606072970104,10.0268310086934,0.322249004882196,11.0771947810747,0,1.33202373486851,0.0319791502796106,-0.683625642082927,MV-202,sine_steer_python-1
2660,2026年09月15日_19时21分47秒_第001次,2026-09-15T19:21:47,2.659,15.0728349548012,-0.0269190858781579,5.57275926061571,10.0309856412126,0.322767854234132,11.0813368763444,0,1.35066561624204,0.0324292405374053,-0.693089624857327,MV-202,sine_steer_python-1
2661,2026年09月15日_19时21分47秒_第001次,2026-09-15T19:21:47,2.66,15.0728508952913,-0.026866371843613,5.56944191470343,10.0351402280226,0.323287105164977,11.0854789234282,0,1.36909421185738,0.0328742082095332,-0.702444388293483,MV-202,sine_steer_python-1
2662,2026年09月15日_19时21分47秒_第001次,2026-09-15T19:21:47,2.661,15.0728668323101,-0.0268135346564629,5.56610946612907,10.0392947691211,0.323806757375191,11.0896209223774,0,1.38730661162561,0.0333139827974878,-0.711688463256956,MV-202,sine_steer_python-1
2663,2026年09月15日_19时21分47秒_第001次,2026-09-15T19:21:47,2.662,15.0728828009277,-0.0267598999907601,5.5620610446043,10.0434492645021,0.324326810597988,11.0937628732372,0,1.4052999395977,0.0337484947690332,-0.720820391695229,MV-202,sine_steer_python-1
2664,2026年09月15日_19时21分47秒_第001次,2026-09-15T19:21:47,2.663,15.0728988198152,-0.0267062364384195,5.55882962756101,10.0476037152769,0.32484725559747,11.0979047795681,0,1.42307135441857,0.0341776755653892,-0.729838727034847,MV-202,sine_steer_python-1
2665,2026年09月15日_19时21分47秒_第001次,2026-09-15T19:21:47,2.664,15.0729148160084,-0.026653025800396,5.55542295602855,10.0517581189825,0.325368112227947,11.1020466354812,0,1.44061804977581,0.0346014576050572,-0.7387420346636,MV-202,sine_steer_python-1
2666,2026年09月15日_19时21分47秒_第001次,2026-09-15T19:21:47,2.665,15.0729308262404,-0.0265999176449213,5.55207634251534,10.0559124773176,0.325889366198475,11.1061884440238,0,1.45793725484283,0.0350197742836189,-0.747528892650701,MV-202,sine_steer_python-1
2667,2026年09月15日_19时21分47秒_第001次,2026-09-15T19:21:47,2.666,15.072946833842,-0.0265469254089937,5.54872870793238,10.0600667896907,0.326411022091778,11.1103302042994,0,1.47502623471634,0.0354325599685406,-0.756197892660473,MV-202,sine_steer_python-1
2668,2026年09月15日_19时21分47秒_第001次,2026-09-15T19:21:47,2.667,15.0729628390139,-0.0264940315178197,5.5453708470887,10.064221056282,0.326933078103353,11.1144719165429,0,1.49188229084837,0.0358397499930821,-0.764747640828843,MV-202,sine_steer_python-1
2669,2026年09月15日_19时21分47秒_第001次,2026-09-15T19:21:47,2.668,15.0729788402918,-0.0264411731392887,5.54200030099941,10.0683752771036,0.327455533822225,11.1186135808172,0,1.5085027614722,0.0362412806491291,-0.773176758738771,MV-202,sine_steer_python-1
2670,2026年09月15日_19时21分47秒_第001次,2026-09-15T19:21:47,2.669,15.0729948371731,-0.0263882986211532,5.53861374013091,10.0725294521649,0.327978388853029,11.1227551971782,0,1.5248850220229,0.0366370891775933,-0.781483884499794,MV-202,sine_steer_python-1
2671,2026年09月15日_19时21分47秒_第001次,2026-09-15T19:21:47,2.67,15.0730108299139,-0.0263353511700309,5.53521117731785,10.0766835814772,0.328501642790279,11.1268967656925,0,1.54102648555158,0.0370271137583835,-0.789667673814857,MV-202,sine_steer_python-1
2672,2026年09月15日_19时21分47秒_第001次,2026-09-15T19:21:47,2.671,15.0730268190289,-0.0262822748624468,5.53179340425648,10.0808376650394,0.329025295327721,11.1310382864128,0,1.55692460313405,0.037411293501067,-0.797726800975258,MV-202,sine_steer_python-1
2673,2026年09月15日_19时21分47秒_第001次,2026-09-15T19:21:47,2.672,15.0730428388177,-0.0262283829110648,5.5276438296469,10.0849917028469,0.329549346192608,11.1351797593858,0,1.57257686427324,0.0377895684355932,-0.805659959871876,MV-202,sine_steer_python-1
2674,2026年09月15日_19时21分47秒_第001次,2026-09-15T19:21:47,2.673,15.0730589107916,-0.026174456439688,5.52432984551713,10.0891456960456,0.330073785941831,11.1393211882796,0,1.58798079729567,0.0381618795044898,-0.813465864958743,MV-202,sine_steer_python-1
2675,2026年09月15日_19时21分47秒_第001次,2026-09-15T19:21:47,2.674,15.0730749594641,-0.0261209895153358,5.52083690239101,10.0932996420993,0.330598634874645,11.1434625670261,0,1.60313396974175,0.0385281685566089,-0.821143252122082,MV-202,sine_steer_python-1
2676,2026年09月15日_19时21分47秒_第001次,2026-09-15T19:21:47,2.675,15.073091022557,-0.0260676243015174,5.5174055996286,10.09745354276,0.331123878380588,11.1476038987658,0,1.61803398874989,0.0388883783422139,-0.828690879478408,MV-202,sine_steer_python-1
2677,2026年09月15日_19时21分47秒_第001次,2026-09-15T19:21:47,2.676,15.0731070829807,-0.0260143744711681,5.51397348847491,10.1016073974197,0.331649521144911,11.1517451825747,0,1.63267850143437,0.0392424525099234,-0.836107528088133,MV-202,sine_steer_python-1
2678,2026年09月15日_19时21分47秒_第001次,2026-09-15T19:21:47,2.677,15.0731231409816,-0.0259612222296843,5.51053115614217,10.1057612062654,0.332175561322987,11.1558864186947,0,1.64706519525685,0.0395903356060393,-0.843392002560356,MV-202,sine_steer_python-1
2679,2026年09月15日_19时21分47秒_第001次,2026-09-15T19:21:47,2.678,15.0731391950801,-0.0259081034436097,5.50707608918133,10.1099149693111,0.332701998494772,11.1600276071908,0,1.66119179839163,0.0399319730763572,-0.85054313154255,MV-202,sine_steer_python-1
2680,2026年09月15日_19时21分47秒_第001次,2026-09-15T19:21:47,2.679,15.0731552447823,-0.025854965401838,5.50360488334809,10.1140686865682,0.333228832256219,11.1641687481204,0,1.67505608008428,0.0402673112703534,-0.857559768099344,MV-202,sine_steer_python-1
2681,2026年09月15日_19时21分47秒_第001次,2026-09-15T19:21:47,2.68,15.0731712903673,-0.0258017501251092,5.50011755176418,10.1182223580496,0.333756062192934,11.1683098415524,0,1.68865585100403,0.0405962974477611,-0.864440789981142,MV-202,sine_steer_python-1
2682,2026年09月15日_19时21分47秒_第001次,2026-09-15T19:21:47,2.681,15.0731873323775,-0.0257484005085533,5.49661490377774,10.1223759837559,0.334283687991975,11.172450887541,0,1.70198896358938,0.0409188797875379,-0.8711850997853,MV-202,sine_steer_python-1
2683,2026年09月15日_19时21分47秒_第001次,2026-09-15T19:21:47,2.682,15.073203404256,-0.0256942175660445,5.49236474828217,10.1265295636838,0.334811709374669,11.1765918861342,0,1.7150533123873,0.0412350073991351,-0.87779162502907,MV-202,sine_steer_python-1
2684,2026年09月15日_19时21分47秒_第001次,2026-09-15T19:21:47,2.683,15.073219530443,-0.025639994389188,5.4889686324989,10.1306830990143,0.335340116691853,11.1807328411086,0,1.72784683438567,0.041544630336597,-0.884259318015164,MV-202,sine_steer_python-1
2685,2026年09月15日_19时21分47秒_第001次,2026-09-15T19:21:47,2.684,15.0732356328909,-0.0255862371470412,5.4853898798148,10.1348365871373,0.335868930684909,11.1848737462162,0,1.74036750933905,0.0418476996126255,-0.890587155746632,MV-202,sine_steer_python-1
2686,2026年09月15日_19时21分47秒_第001次,2026-09-15T19:21:47,2.685,15.073251750298,-0.0255325805967939,5.48187433925824,10.1389900298586,0.336398136426123,11.1890146046913,0,1.75261336008773,0.0421441672150781,-0.8967741397599,MV-202,sine_steer_python-1
2687,2026年09月15日_19时21分47秒_第001次,2026-09-15T19:21:47,2.686,15.0732678651405,-0.0254790385232076,5.47835820249803,10.1431434265536,0.336927738702562,11.1931554155822,0,1.7645824528699,0.0424339861240032,-0.902819295932762,MV-202,sine_steer_python-1
2688,2026年09月15日_19时21分47秒_第001次,2026-09-15T19:21:47,2.687,15.0732839776983,-0.0254255928160894,5.47483185088492,10.1472967774165,0.337457735629822,11.1972961791386,0,1.77627289762709,0.0427171103303153,-0.908721674110372,MV-202,sine_steer_python-1
2689,2026年09月15日_19时21分47秒_第001次,2026-09-15T19:21:47,2.688,15.0733000864632,-0.0253721779496818,5.47129271723048,10.1514500824632,0.337988126778896,11.2014368954275,0,1.78768284830253,0.0429934948562374,-0.914480347651204,MV-202,sine_steer_python-1
2690,2026年09月15日_19时21分47秒_第001次,2026-09-15T19:21:47,2.689,15.0733161909355,-0.0253187400637745,5.46773732333733,10.1556033417071,0.338518911737176,11.2055775645083,0,1.79881050313274,0.0432630957735836,-0.920094413181681,MV-202,sine_steer_python-1
2691,2026年09月15日_19时21分47秒_第001次,2026-09-15T19:21:47,2.69,15.0733322914039,-0.0252652199064431,5.46416568280558,10.1597565551629,0.339050090081475,11.2097181864522,0,1.80965410493204,0.0435258702201619,-0.925562990399016,MV-202,sine_steer_python-1
2692,2026年09月15日_19时21分47秒_第001次,2026-09-15T19:21:47,2.691,15.0733483884237,-0.0252115591072029,5.46057862265962,10.1639097228328,0.339581661492281,11.2138587613154,0,1.82021194136999,0.0437817764161024,-0.93088522167631,MV-202,sine_steer_python-1
2693,2026年09月15日_19时21分47秒_第001次,2026-09-15T19:21:47,2.692,15.0733645144929,-0.0251570467654906,5.4562284751534,10.1680628447151,0.340113625685105,11.2179992891477,0,1.83048234524183,0.0440307736767423,-0.936060271999032,MV-202,sine_steer_python-1
2694,2026年09月15日_19时21分47秒_第001次,2026-09-15T19:21:47,2.693,15.0733806970632,-0.0251024873930953,5.45275067847188,10.1722159220258,0.340645972806007,11.2221397738345,0,1.84046369473174,0.044272822426926,-0.941087328813999,MV-202,sine_steer_python-1
2695,2026年09月15日_19时21分47秒_第001次,2026-09-15T19:21:47,2.694,15.0733968554874,-0.025048399120748,5.44908659545322,10.1763689520811,0.341178724035664,11.226280208948,0,1.85015441366892,0.0445078842137555,-0.945965601872635,MV-202,sine_steer_python-1
2696,2026年09月15日_19时21分47秒_第001次,2026-09-15T19:21:47,2.695,15.0734130294245,-0.0249944093296842,5.44548728664811,10.1805219367407,0.341711864131504,11.2304205978166,0,1.8595529717765,0.044735921716077,-0.950694323210321,MV-202,sine_steer_python-1
2697,2026年09月15日_19时21分47秒_第001次,2026-09-15T19:21:47,2.696,15.073429200902,-0.024940531825353,5.44188759437441,10.1846748753635,0.342245397981752,11.2345609394618,0,1.86865788491323,0.0449568987520777,-0.955272747210396,MV-202,sine_steer_python-1
2698,2026年09月15日_19时21分47秒_第001次,2026-09-15T19:21:47,2.697,15.0734453702196,-0.0248867481234913,5.43827769578006,10.1888277681508,0.34277932366264,11.2387012341408,0,1.87746771530774,0.0451707802861051,-0.959700150685089,MV-202,sine_steer_python-1
2699,2026年09月15日_19时21分47秒_第001次,2026-09-15T19:21:47,2.698,15.0734615358261,-0.0248329912558552,5.43465497056635,10.1929806151206,0.343313640736374,11.2428414819234,0,1.88598107178573,0.045377532434387,-0.963975832985645,MV-202,sine_steer_python-1
2700,2026年09月15日_19时21分47秒_第001次,2026-09-15T19:21:47,2.699,15.0734776972024,-0.0247792061669235,5.43101586724794,10.1971334162881,0.343848348781957,11.2469816828713,0,1.89419660998949,0.0455771224691801,-0.96809911617036,MV-202,sine_steer_python-1
2701,2026年09月15日_19时21分47秒_第001次,2026-09-15T19:21:47,2.7,15.0734938546326,-0.0247253322925253,5.4273603999909,10.2012861716704,0.344383447367591,11.2511218370585,0,1.90211303259031,0.0457695188215606,-0.972069345223189,MV-202,sine_steer_python-1
2702,2026年09月15日_19时21分47秒_第001次,2026-09-15T19:21:47,2.701,15.0735100086712,-0.0246713099624732,5.4236894134152,10.2054388812713,0.344918936167352,11.2552619445435,0,1.90972908949328,0.0459546910832348,-0.975885888334914,MV-202,sine_steer_python-1
2703,2026年09月15日_19时21分47秒_第001次,2026-09-15T19:21:47,2.702,15.0735261907864,-0.0246164167098241,5.41923989022268,10.2095915450903,0.345454814891098,11.2594020053783,0,1.91704357803475,0.0461326100081983,-0.979548137108257,MV-202,sine_steer_python-1
2704,2026年09月15日_19时21分47秒_第001次,2026-09-15T19:21:47,2.703,15.0735424315182,-0.0245614679795139,5.41568088698245,10.2137441643791,0.345991073481404,11.2635420235582,0,1.92405534317217,0.046303247512852,-0.983055506797233,MV-202,sine_steer_python-1
2705,2026年09月15日_19时21分47秒_第001次,2026-09-15T19:21:47,2.704,15.0735586475872,-0.0245069937657491,5.41193197716997,10.2178967363796,0.346527733555451,11.2676819924749,0,1.93076327766655,0.046466576674683,-0.986407436713564,MV-202,sine_steer_python-1
2706,2026年09月15日_19时21分47秒_第001次,2026-09-15T19:21:47,2.705,15.0735748795997,-0.0244526141696082,5.40824939375912,10.2220492630059,0.347064779558262,11.2718219155521,0,1.93716632225726,0.0466225717321486,-0.989603390521336,MV-202,sine_steer_python-1
2707,2026年09月15日_19时21分47秒_第001次,2026-09-15T19:21:47,2.706,15.0735911091234,-0.0243983429868292,5.40456664010032,10.2262017436002,0.347602216478583,11.2759617917844,0,1.94326346582935,0.0467712080840751,-0.992642856511882,MV-202,sine_steer_python-1
2708,2026年09月15日_19时21分47秒_第001次,2026-09-15T19:21:47,2.707,15.0736073364677,-0.0243441613640427,5.40087369077318,10.2303541783711,0.348140042353726,11.2801016214373,0,1.94905374557315,0.0469124622882209,-0.995525347914129,MV-202,sine_steer_python-1
2709,2026年09月15日_19时21分47秒_第001次,2026-09-15T19:21:47,2.708,15.0736235600284,-0.0242900009052759,5.3971678729434,10.2345065673388,0.3486782567373,11.2842414045836,0,1.95453624713639,0.0470463120599601,-0.998250403195755,MV-202,sine_steer_python-1
2710,2026年09月15日_19时21分47秒_第001次,2026-09-15T19:21:47,2.709,15.0736397792569,-0.0242358053795592,5.39344556244219,10.2386589105206,0.34921685920011,11.2883811412878,0,1.95971010476849,0.0471727362715829,-1.00081758632235,MV-202,sine_steer_python-1
2711,2026年09月15日_19时21分47秒_第001次,2026-09-15T19:21:47,2.71,15.0736559944233,-0.0241815129379274,5.38970677401479,10.2428112079353,0.349755849301931,11.292520831627,0,1.96457450145738,0.0472917149520188,-1.00322648698394,MV-202,sine_steer_python-1
2712,2026年09月15日_19时21分47秒_第001次,2026-09-15T19:21:47,2.711,15.0736722060724,-0.0241270626441514,5.38595236971744,10.2469634595887,0.350295226710594,11.2966604756626,0,1.96912866905841,0.0474032292868757,-1.00547672079857,MV-202,sine_steer_python-1
2713,2026年09月15日_19时21分47秒_第001次,2026-09-15T19:21:47,2.712,15.0736884445681,-0.0240717208966592,5.38140411506187,10.2511156654819,0.350834991130462,11.300800073449,0,1.97337188841573,0.0475072616189844,-1.00756792948408,MV-202,sine_steer_python-1
2714,2026年09月15日_19时21分47秒_第001次,2026-09-15T19:21:47,2.713,15.0737047436089,-0.0240163136659428,5.3777644017426,10.2552678269021,0.351375132301831,11.304939629092,0,1.97730348947583,0.0476037954496347,-1.00949978098777,MV-202,sine_steer_python-1
2715,2026年09月15日_19时21分47秒_第001次,2026-09-15T19:21:47,2.714,15.0737210172636,-0.0239613827555842,5.37393119058731,10.2594199410167,0.351915672275643,11.3090791358029,0,1.9809228513933,0.0476928154404893,-1.01127196957415,MV-202,sine_steer_python-1
2716,2026年09月15日_19时21分47秒_第001次,2026-09-15T19:21:47,2.715,15.0737373070771,-0.0239065411576007,5.37016584698873,10.2635720097944,0.352456595186972,11.3132185971009,0,1.98422940262896,0.0477743074160862,-1.01288421587586,MV-202,sine_steer_python-1
2717,2026年09月15日_19时21分47秒_第001次,2026-09-15T19:21:47,2.716,15.073753594154,-0.0238518026937148,5.36640054591226,10.2677240325607,0.352997906124405,11.3173580119542,0,1.98722262104002,0.0478482583668716,-1.01433626691068,MV-202,sine_steer_python-1
2718,2026年09月15日_19时21分47秒_第001次,2026-09-15T19:21:47,2.717,15.0737698788098,-0.0237971482129678,5.36262506104642,10.2718760095316,0.353539603086763,11.321497380637,0,1.9899020339626,0.0479146564527265,-1.01562789606565,MV-202,sine_steer_python-1
2719,2026年09月15日_19时21分47秒_第001次,2026-09-15T19:21:47,2.718,15.0737861593843,-0.0237425079719839,5.35883666759985,10.2760279407292,0.354081685619215,11.3256367032252,0,1.99226721828634,0.0479734910069163,-1.01675890305084,MV-202,sine_steer_python-1
2720,2026年09月15日_19时21分47秒_第001次,2026-09-15T19:21:47,2.719,15.0738024352968,-0.0236878246486636,5.35503166931739,10.2801798261731,0.35462415328452,11.3297759797866,0,1.99431780052123,0.0480247525403453,-1.01772911382775,MV-202,sine_steer_python-1
2721,2026年09月15日_19时21分47秒_第001次,2026-09-15T19:21:47,2.72,15.0738187068009,-0.0236330351996949,5.35121008151335,10.2843316658841,0.355167005634168,11.3339152104015,0,1.99605345685654,0.048068436058886,-1.01853824027,MV-202,sine_steer_python-1
2722,2026年09月15日_19时21分47秒_第001次,2026-09-15T19:21:47,2.721,15.07383497443,-0.0235780775178251,5.3473727834905,10.2884834598697,0.355710242329864,11.3380543951342,0,1.99747391321203,0.0481045349216636,-1.01918614055812,MV-202,sine_steer_python-1
2723,2026年09月15日_19时21分47秒_第001次,2026-09-15T19:21:47,2.722,15.073851267381,-0.0235222073745536,5.34272646141087,10.2926352081325,0.356253863070576,11.3421935340423,0,1.99857894528118,0.0481330407938882,-1.01967282010248,MV-202,sine_steer_python-1
2724,2026年09月15日_19时21分47秒_第001次,2026-09-15T19:21:47,2.723,15.0738676225778,-0.0234662609261984,5.33900654795759,10.2967869119955,0.356797857395393,11.3463326313421,0,1.9993683785666,0.048153949006244,-1.01999820649267,MV-202,sine_steer_python-1
2725,2026年09月15日_19时21分47秒_第001次,2026-09-15T19:21:47,2.724,15.0738839514314,-0.0234107917622042,5.33508957366016,10.3009385685513,0.357342247786278,11.3504716800644,0,1.99984208840763,0.0481672540516399,-1.02016233859206,MV-202,sine_steer_python-1
2726,2026年09月15日_19时21分47秒_第001次,2026-09-15T19:21:47,2.725,15.0739002964238,-0.0233554059962833,5.33124199548677,10.3050901798234,0.357887018070758,11.3546106838243,0,2,0.0481729558118003,-1.02016510402282,MV-202,sine_steer_python-1
2727,2026年09月15日_19时21分47秒_第001次,2026-09-15T19:21:47,2.726,15.0739166382008,-0.0233001175603874,5.3273946708417,10.3092417451204,0.358432173436511,11.3587496415637,0,1.99984208840763,0.0481710539602141,-1.02000647567374,MV-202,sine_steer_python-1
2728,2026年09月15日_19时21分47秒_第001次,2026-09-15T19:21:47,2.727,15.0739329770893,-0.0232449071243184,5.32353717429523,10.3133932646657,0.358977711844225,11.3628885535655,0,1.9993683785666,0.0481615482339729,-1.01968650009281,MV-202,sine_steer_python-1
2729,2026年09月15日_19时21分47秒_第001次,2026-09-15T19:21:47,2.728,15.0739493113773,-0.0231897037217289,5.31966672973442,10.3175447384835,0.359523632830716,11.3670274199089,0,1.99857894528118,0.0481444385319784,-1.01920529362913,MV-202,sine_steer_python-1
2730,2026年09月15日_19时21分47秒_第001次,2026-09-15T19:21:47,2.729,15.0739656404568,-0.0231344490646252,5.31577956945912,10.3216961665954,0.360069935950768,11.3711662406649,0,1.99747391321204,0.0481197248074504,-1.0185630468128,MV-202,sine_steer_python-1
2731,2026年09月15日_19时21分47秒_第001次,2026-09-15T19:21:47,2.73,15.07398196457,-0.0230790790436535,5.31187570937175,10.3258475490243,0.360616620747649,11.3753050159172,0,1.99605345685654,0.0480874073892283,-1.01776001069222,MV-202,sine_steer_python-1
2732,2026年09月15日_19时21分47秒_第001次,2026-09-15T19:21:47,2.731,15.0739982842444,-0.0230235305100409,5.30795604585347,10.3299988857792,0.361163686876968,11.3794437457333,0,1.99431780052123,0.0480474871746877,-1.0167964886737,MV-202,sine_steer_python-1
2733,2026年09月15日_19时21分47秒_第001次,2026-09-15T19:21:47,2.732,15.0740146274568,-0.0229670491603424,5.30321232796492,10.3341501768645,0.361711134032317,11.3835824301733,0,1.99226721828634,0.0479999713651013,-1.01567259371564,MV-202,sine_steer_python-1
2734,2026年09月15日_19时21分47秒_第001次,2026-09-15T19:21:47,2.733,15.0740310344239,-0.022910481027829,5.29941272645139,10.338301423639,0.362258951552515,11.387721073565,0,1.9899020339626,0.0479448689340505,-1.01438844059555,MV-202,sine_steer_python-1
2735,2026年09月15日_19时21分47秒_第001次,2026-09-15T19:21:47,2.734,15.0740474139035,-0.0228543914720548,5.29541252873643,10.3424526231201,0.362807162347737,11.3918596687577,0,1.98722262104002,0.0478821887174308,-1.01294422522778,MV-202,sine_steer_python-1
2736,2026年09月15日_19时21分47秒_第001次,2026-09-15T19:21:47,2.735,15.0740638093192,-0.0227983799840492,5.29148324174241,10.3466037773861,0.3633557499403,11.3959982194629,0,1.98422940262896,0.047811945431981,-1.01133997169482,MV-202,sine_steer_python-1
2737,2026年09月15日_19时21分47秒_第001次,2026-09-15T19:21:47,2.736,15.0740802008696,-0.0227424607055454,5.28755441640443,10.3507548857288,0.363904719616119,11.4001367245959,0,1.9809228513933,0.04773415091796,-1.00957590139906,MV-202,sine_steer_python-1
2738,2026年09月15日_19时21分47秒_第001次,2026-09-15T19:21:47,2.737,15.0740965889039,-0.0226866142576852,5.2836154300624,10.3549059483789,0.364454069298022,11.404275184448,0,1.97730348947583,0.0476488179567598,-1.00765227180895,MV-202,sine_steer_python-1
2739,2026年09月15日_19时21分47秒_第001次,2026-09-15T19:21:47,2.738,15.0741129716687,-0.0226307685841128,5.27966345600045,10.3590569653628,0.365003798514464,11.408413599102,0,1.97337188841574,0.0475559605264121,-1.00556936574139,MV-202,sine_steer_python-1
2740,2026年09月15日_19时21分47秒_第001次,2026-09-15T19:21:47,2.739,15.0741293485393,-0.0225748645609771,5.27569465579219,10.3632079367038,0.365553906812234,11.4125519686317,0,1.96912866905841,0.0474555937533612,-1.00332749303856,MV-202,sine_steer_python-1
2741,2026年09月15日_19时21分47秒_第001次,2026-09-15T19:21:47,2.74,15.0741457197568,-0.0225188371421426,5.27170904601086,10.367358862427,0.366104393726346,11.4166902931243,0,1.96457450145738,0.0473477338931477,-1.00092699123307,MV-202,sine_steer_python-1
2742,2026年09月15日_19时21分47秒_第001次,2026-09-15T19:21:47,2.741,15.0741620858532,-0.0224626222639896,5.2677075400059,10.371509742543,0.366655258906255,11.4208285726499,0,1.95971010476849,0.0472323983208956,-0.998368225855465,MV-202,sine_steer_python-1
2743,2026年09月15日_19时21分47秒_第001次,2026-09-15T19:21:47,2.742,15.0741784735364,-0.0224054560999885,5.26286709436423,10.3756605770577,0.367206502040099,11.4249668072714,0,1.95453624713639,0.0471096055186603,-0.995651590786568,MV-202,sine_steer_python-1
2744,2026年09月15日_19时21分47秒_第001次,2026-09-15T19:21:47,2.743,15.0741949263868,-0.022348194233333,5.25898830992842,10.3798113673658,0.367758112267302,11.4291050014278,0,1.94905374557315,0.0469793750583064,-0.99277750876998,MV-202,sine_steer_python-1
2745,2026年09月15日_19时21分47秒_第001次,2026-09-15T19:21:47,2.744,15.0742113505188,-0.0222914137622505,5.2549054215954,10.3839621104093,0.368310112923288,11.4332431477863,0,1.94326346582935,0.0468417275826087,-0.989746432013455,MV-202,sine_steer_python-1
2746,2026年09月15日_19时21分47秒_第001次,2026-09-15T19:21:47,2.745,15.0742277903054,-0.0222347077938869,5.25089494387688,10.3881128083215,0.368862487227458,11.4373812501549,0,1.93716632225726,0.0466966847885425,-0.98655884269376,MV-202,sine_steer_python-1
2747,2026年09月15日_19时21分47秒_第001次,2026-09-15T19:21:47,2.746,15.0742442255127,-0.0221780907574876,5.24688513260225,10.3922634603772,0.369415240563003,11.4415193074218,0,1.93076327766655,0.0465442694155366,-0.983215253230649,MV-202,sine_steer_python-1
2748,2026年09月15日_19时21分47秒_第001次,2026-09-15T19:21:47,2.747,15.074260656526,-0.0221215433309383,5.24286516986098,10.3964140668144,0.369968370815091,11.4456573198868,0,1.92405534317217,0.0463845052401538,-0.979716206272219,MV-202,sine_steer_python-1
2749,2026年09月15日_19时21分47秒_第001次,2026-09-15T19:21:47,2.748,15.0742770815634,-0.0220649924724881,5.23883217912768,10.4005646276614,0.370521877503723,11.4497952876357,0,1.91704357803475,0.0462174170781796,-0.976062274357494,MV-202,sine_steer_python-1
2750,2026年09月15日_19时21分47秒_第001次,2026-09-15T19:21:47,2.749,15.0742934999958,-0.0220083783207297,5.23478225204749,10.4047151429436,0.371075760167597,11.4539332107449,0,1.90972908949328,0.0460430307946181,-0.972254059234778,MV-202,sine_steer_python-1
2751,2026年09月15日_19时21分47秒_第001次,2026-09-15T19:21:47,2.75,15.074309912075,-0.0219516349871991,5.23071540601665,10.408865612688,0.371630018333364,11.4580710893047,0,1.90211303259031,0.0458613733210685,-0.968292190855047,MV-202,sine_steer_python-1
2752,2026年09月15日_19时21分47秒_第001次,2026-09-15T19:21:47,2.751,15.0743263183494,-0.0218946975822622,5.22663257131083,10.4130160369068,0.372184651644192,11.4622089233877,0,1.89419660998949,0.0456724726788037,-0.964177326111077,MV-202,sine_steer_python-1
2753,2026年09月15日_19时21分47秒_第001次,2026-09-15T19:21:47,2.752,15.0743427442071,-0.0218367932659085,5.22169605669185,10.4171664156073,0.372739659782618,11.4663467130593,0,1.88598107178573,0.0454763580051128,-0.959910147426945,MV-202,sine_steer_python-1
2754,2026年09月15日_19时21分47秒_第001次,2026-09-15T19:21:47,2.753,15.074359236669,-0.0217787867814314,5.21773858434735,10.4213167502204,0.3732950316896,11.4704844628694,0,1.87746771530775,0.0452730595801763,-0.955491361313872,MV-202,sine_steer_python-1
2755,2026年09月15日_19时21分47秒_第001次,2026-09-15T19:21:47,2.754,15.0743756992136,-0.0217212669026364,5.21357352894614,10.4254670376123,0.37385079112261,11.4746221653025,0,1.86865788491322,0.0450626088517823,-0.950921697005629,MV-202,sine_steer_python-1
2756,2026年09月15日_19时21分47秒_第001次,2026-09-15T19:21:47,2.755,15.0743921771706,-0.0216638205401826,5.20948236948084,10.4296172799713,0.374406921000442,11.478759824263,0,1.8595529717765,0.0448450384555152,-0.946201905273693,MV-202,sine_steer_python-1
2757,2026年09月15日_19时21分47秒_第001次,2026-09-15T19:21:47,2.756,15.0744086498874,-0.0216064624380655,5.20539207828695,10.4337674765552,0.374963426802527,11.4828974386115,0,1.85015441366891,0.0446203822286405,-0.94133275749752,MV-202,sine_steer_python-1
2758,2026年09月15日_19时21分47秒_第001次,2026-09-15T19:21:47,2.757,15.0744251177977,-0.0215491733833677,5.20129164422063,10.4379176276093,0.375520306376521,11.4870350086561,0,1.84046369473174,0.0443886752167222,-0.936315045030929,MV-202,sine_steer_python-1
2759,2026年09月15日_19时21分47秒_第001次,2026-09-15T19:21:47,2.758,15.0744415791023,-0.0214918793988384,5.19717814177426,10.4420677331639,0.376077559233835,11.4911725344853,0,1.83048234524183,0.0441499536728908,-0.931149578868045,MV-202,sine_steer_python-1
2760,2026年09月15日_19时21分47秒_第001次,2026-09-15T19:21:47,2.759,15.0744580331781,-0.0214345199274165,5.19304759351354,10.4462177932462,0.376635184904939,11.4953100161777,0,1.82021194137,0.0439042550504894,-0.92583718957817,MV-202,sine_steer_python-1
2761,2026年09月15日_19时21分47秒_第001次,2026-09-15T19:21:47,2.76,15.0744744802972,-0.0213770282747764,5.18890001785592,10.4503678078853,0.377193182907977,11.4994474538263,0,1.80965410493204,0.0436516179904515,-0.920378727452087,MV-202,sine_steer_python-1
2762,2026年09月15日_19时21分47秒_第001次,2026-09-15T19:21:47,2.761,15.0744909210331,-0.0213193387548805,5.18473636201037,10.454517777095,0.377751552879665,11.5035848475062,0,1.79881050313274,0.0433920823051552,-0.914775062786443,MV-202,sine_steer_python-1
2763,2026年09月15日_19时21分47秒_第001次,2026-09-15T19:21:47,2.762,15.0745073793958,-0.0212606699548097,5.17970442961236,10.4586677008839,0.378310294496769,11.5077221972844,0,1.78768284830253,0.0431256889605933,-0.909027086228106,MV-202,sine_steer_python-1
2764,2026年09月15日_19时21分47秒_第001次,2026-09-15T19:21:47,2.763,15.0745239059298,-0.0212018952994175,5.17566875811804,10.4628175807192,0.378869396502867,11.5118595078219,0,1.77627289762709,0.0428524800585334,-0.903135709107918,MV-202,sine_steer_python-1
2765,2026年09月15日_19时21分47秒_第001次,2026-09-15T19:21:47,2.764,15.074540401477,-0.0211436151399992,5.17142205461369,10.4669674133911,0.379428883074007,11.5159967714201,0,1.76458245286991,0.0425724988199355,-0.897101863710097,MV-202,sine_steer_python-1
2766,2026年09月15日_19时21分47秒_第001次,2026-09-15T19:21:47,2.765,15.0745569123275,-0.0210854103098881,5.16725071868778,10.471117201143,0.379988736830767,11.5201339920791,0,1.75261336008772,0.0422857895703561,-0.890926503446547,MV-202,sine_steer_python-1
2767,2026年09月15日_19时21分47秒_第001次,2026-09-15T19:21:47,2.766,15.074573417419,-0.0210272958332198,5.16308045100434,10.4752669432158,0.380548963347748,11.5242711686322,0,1.74036750933905,0.0419923977274796,-0.884610602930212,MV-202,sine_steer_python-1
2768,2026年09月15日_19时21分47秒_第001次,2026-09-15T19:21:47,2.767,15.0745899172413,-0.0209692525960904,5.15890004916986,10.4794166398619,0.381109560435239,11.528408301395,0,1.72784683438567,0.0416923697903954,-0.878155157963499,MV-202,sine_steer_python-1
2769,2026年09月15日_19时21分47秒_第001次,2026-09-15T19:21:47,2.768,15.0746064099838,-0.020911205673242,5.15470653949907,10.4835662911137,0.381670527595931,11.5325453904585,0,1.71505331238731,0.0413857533298565,-0.871561185474602,MV-202,sine_steer_python-1
2770,2026年09月15日_19时21分47秒_第001次,2026-09-15T19:21:47,2.769,15.0746228950347,-0.0208530937916448,5.15049587633143,10.4877158970003,0.38223186435193,11.5366824359034,0,1.70198896358938,0.0410725969785553,-0.864829723442067,MV-202,sine_steer_python-1
2771,2026年09月15日_19时21分47秒_第001次,2026-09-15T19:21:47,2.77,15.0746393726908,-0.0207948494259949,5.1462680793066,10.4918654575528,0.382793570212745,11.5408194378254,0,1.68865585100403,0.0407529504204945,-0.85796183084747,MV-202,sine_steer_python-1
2772,2026年09月15日_19时21分47秒_第001次,2026-09-15T19:21:47,2.771,15.0746558435542,-0.0207364060625405,5.14202411258502,10.4960149727865,0.383355644808493,11.5449563963011,0,1.67505608008428,0.0404268643787207,-0.850958587686579,MV-202,sine_steer_python-1
2773,2026年09月15日_19时21分47秒_第001次,2026-09-15T19:21:47,2.772,15.0746723301871,-0.0206769740832939,5.13689741440675,10.5001644427116,0.38391808781002,11.5490933113996,0,1.66119179839163,0.0400943906010632,-0.843821095054859,MV-202,sine_steer_python-1
2774,2026年09月15日_19时21分47秒_第001次,2026-09-15T19:21:47,2.773,15.0746888867458,-0.0206174350273221,5.13278403578475,10.5043138688314,0.384480887764859,11.5532301878925,0,1.64706519525686,0.0397555818439276,-0.836550475304984,MV-202,sine_steer_python-1
2775,2026年09月15日_19时21分47秒_第001次,2026-09-15T19:21:47,2.774,15.0747054114243,-0.0205584007002609,5.12845620853367,10.5084632478602,0.385044069263894,11.5573670178977,0,1.63267850143437,0.0394104918546062,-0.82914787225703,MV-202,sine_steer_python-1
2776,2026年09月15日_19时21分47秒_第001次,2026-09-15T19:21:47,2.775,15.0747219514713,-0.0204994459143074,5.12420520812431,10.5126125820966,0.385607614632013,11.5615038055113,0,1.6180339887499,0.0390591753528964,-0.821614451427968,MV-202,sine_steer_python-1
2777,2026年09月15日_19时21分47秒_第001次,2026-09-15T19:21:47,2.776,15.0747384854171,-0.0204405858859219,5.11995547554232,10.5167618707644,0.386171529537928,11.5656405495385,0,1.60313396974175,0.0387016880130067,-0.813951400238973,MV-202,sine_steer_python-1
2778,2026年09月15日_19时21分47秒_第001次,2026-09-15T19:21:47,2.777,15.0747550138081,-0.0203818015378405,5.11569561903454,10.5209111141234,0.386735811754753,11.5697772503027,0,1.58798079729568,0.0383380864467693,-0.806159928157699,MV-202,sine_steer_python-1
2779,2026年09月15日_19时21分47秒_第001次,2026-09-15T19:21:47,2.778,15.0747715348224,-0.0203230169341354,5.11142261746524,10.5250603122081,0.387300460776367,11.5739139078971,0,1.57257686427324,0.0379684281890409,-0.798241266737924,MV-202,sine_steer_python-1
2780,2026年09月15日_19时21分47秒_第001次,2026-09-15T19:21:47,2.779,15.0747880478582,-0.0202641700174325,5.10713235775664,10.5292094650494,0.387865476116435,11.5780505224046,0,1.55692460313405,0.0375927716859329,-0.790196669530145,MV-202,sine_steer_python-1
2781,2026年09月15日_19时21分47秒_第001次,2026-09-15T19:21:47,2.78,15.0748045532352,-0.0202051923604374,5.10282486092758,10.5333585726804,0.388430857275752,11.5821870939229,0,1.54102648555158,0.037211176286148,-0.782027411850699,MV-202,sine_steer_python-1
2782,2026年09月15日_19时21分47秒_第001次,2026-09-15T19:21:47,2.781,15.0748210515814,-0.0201460165469138,5.09850110807588,10.5375076351182,0.38899660387775,11.5863236225308,0,1.5248850220229,0.0368237022353462,-0.773734790413475,MV-202,sine_steer_python-1
2783,2026年09月15日_19时21分47秒_第001次,2026-09-15T19:21:47,2.782,15.0748375639304,-0.0200858450677991,5.09328030898662,10.5416566523744,0.389562715587264,11.5904601082989,0,1.50850276147221,0.0364304106730983,-0.765320122842641,MV-202,sine_steer_python-1
2784,2026年09月15日_19时21分47秒_第001次,2026-09-15T19:21:47,2.783,15.0748541481418,-0.0200255669446541,5.08908973041438,10.5458056259887,0.390129180757392,11.5945965561095,0,1.49188229084837,0.0360313636317153,-0.756784747096731,MV-202,sine_steer_python-1
2785,2026年09月15日_19时21分47秒_第001次,2026-09-15T19:21:47,2.784,15.0748706997402,-0.0199658053084735,5.08468132104731,10.5499545525993,0.390696024389898,11.5987329578969,0,1.47502623471635,0.0356266240360703,-0.748130020841642,MV-202,sine_steer_python-1
2786,2026年09月15日_19时21分47秒_第001次,2026-09-15T19:21:47,2.785,15.074887266925,-0.0199061289678254,5.08035118664413,10.5541034345601,0.391263228516675,11.6028693178531,0,1.45793725484282,0.0352162557034773,-0.739357320812166,MV-202,sine_steer_python-1
2787,2026年09月15日_19时21分47秒_第001次,2026-09-15T19:21:47,2.786,15.074903827815,-0.0198465532151074,5.07602252064927,10.558252271078,0.391830798899523,11.6070056347555,0,1.44061804977582,0.0348003233427678,-0.730468042198682,MV-202,sine_steer_python-1
2788,2026年09月15日_19时21分47秒_第001次,2026-09-15T19:21:47,2.787,15.0749203830086,-0.0197870589212034,5.07168374371384,10.5624010624202,0.392398733274646,11.6111419089351,0,1.42307135441857,0.0343788925518702,-0.72146359808822,MV-202,sine_steer_python-1
2789,2026年09月15日_19时21分47秒_第001次,2026-09-15T19:21:47,2.788,15.0749369306664,-0.0197275690537618,5.06733178786911,10.566549808623,0.392967031127097,11.6152781404875,0,1.4052999395977,0.033952029813452,-0.712345418979227,MV-202,sine_steer_python-1
2790,2026年09月15日_19时21分47秒_第001次,2026-09-15T19:21:47,2.789,15.0749534701902,-0.0196680206826241,5.06296247335044,10.5706985097197,0.393535691962091,11.6194143294974,0,1.38730661162561,0.0335198024884413,-0.703114952377181,MV-202,sine_steer_python-1
2791,2026年09月15日_19时21分47秒_第001次,2026-09-15T19:21:47,2.79,15.0749700019154,-0.0196083443906523,5.05857582263571,10.5748471657452,0.394104715271715,11.6235504760651,0,1.36909421185738,0.0330822788075253,-0.693773662467681,MV-202,sine_steer_python-1
2792,2026年09月15日_19时21分47秒_第001次,2026-09-15T19:21:47,2.791,15.0749865264881,-0.0195484717706648,5.05417283368014,10.5789957767185,0.394674100672703,11.6276865802713,0,1.35066561624205,0.0326395278609593,-0.684323029861129,MV-202,sine_steer_python-1
2793,2026年09月15日_19时21分47秒_第001次,2026-09-15T19:21:47,2.792,15.0750030632626,-0.0194875977132399,5.0488586222903,10.5831443426527,0.395243847823873,11.6318226421883,0,1.33202373486851,0.0321916195872594,-0.674764551363053,MV-202,sine_steer_python-1
2794,2026年09月15日_19时21分47秒_第001次,2026-09-15T19:21:47,2.793,15.0750196740035,-0.0194266180703285,5.04459137644375,10.5872928651237,0.395813944885732,11.6359586668094,0,1.31317151150592,0.0317386247608556,-0.665099739760393,MV-202,sine_steer_python-1
2795,2026年09月15日_19时21分47秒_第001次,2026-09-15T19:21:47,2.794,15.0750362514858,-0.0193661671842025,5.04010295363274,10.5914413406939,0.396384417266821,11.6400946458852,0,1.29411192313888,0.0312806149791173,-0.655330123674778,MV-202,sine_steer_python-1
2796,2026年09月15日_19时21分47秒_第001次,2026-09-15T19:21:47,2.795,15.0750528448553,-0.0193058078726974,5.03569424359369,10.5955897717727,0.396955246708894,11.6442305837039,0,1.27484797949739,0.0308176626502913,-0.645457247349776,MV-202,sine_steer_python-1
2797,2026年09月15日_19时21分47秒_第001次,2026-09-15T19:21:47,2.796,15.075069431812,-0.0192455553911291,5.03128720448437,10.5997381575498,0.397526439065879,11.648366479015,0,1.2553827225814,0.0303498409816477,-0.635482670412345,MV-202,sine_steer_python-1
2798,2026年09月15日_19时21分47秒_第001次,2026-09-15T19:21:47,2.797,15.0750860129976,-0.0191853904760742,5.02687007100284,10.6038864983,0.398097992037405,11.6525023321575,0,1.23571922618068,0.0298772239676432,-0.625407967630152,MV-202,sine_steer_python-1
2799,2026年09月15日_19时21分47秒_第001次,2026-09-15T19:21:47,2.798,15.0751025865462,-0.0191252349222144,5.02243972885153,10.6080347940617,0.398669905099765,11.6566381432293,0,1.21586059538921,0.0293998863780418,-0.615234728673312,MV-202,sine_steer_python-1
2800,2026年09月15日_19时21分47秒_第001次,2026-09-15T19:21:47,2.799,15.0751191518535,-0.0190650248503807,5.01799193222021,10.6121830448703,0.399242177749791,11.6607739123176,0,1.19580996611504,0.0289179037460748,-0.604964557862998,MV-202,sine_steer_python-1
2801,2026年09月15日_19时21分47秒_第001次,2026-09-15T19:21:47,2.8,15.0751357092607,-0.0190046897808605,5.01352670503551,10.616331250763,0.399814809470941,11.6649096395251,0,1.17557050458495,0.0284313523580448,-0.594599073802287,MV-202,sine_steer_python-1
2802,2026年09月15日_19时21分47秒_第001次,2026-09-15T19:21:47,2.801,15.0751522594226,-0.0189441602451229,5.00904506194951,10.6204794117602,0.400387799873313,11.6690453249347,0,1.15514540684454,0.0279403092411747,-0.584139909146916,MV-202,sine_steer_python-1
2803,2026年09月15日_19时21分47秒_第001次,2026-09-15T19:21:47,2.802,15.0751688199005,-0.0188826238431383,5.00363816009927,10.6246275278769,0.400961148609772,11.6731809686207,0,1.13453789825352,0.0274448521494559,-0.57358871043667,MV-202,sine_steer_python-1
2804,2026年09月15日_19时21分47秒_第001次,2026-09-15T19:21:47,2.803,15.0751854564921,-0.0188209826190951,4.99929481134744,10.6287756007253,0.401534843650252,11.6773165756873,0,1.11375123297637,0.0269450595487576,-0.562947137938834,MV-202,sine_steer_python-1
2805,2026年09月15日_19时21分47秒_第001次,2026-09-15T19:21:47,2.804,15.0752020591768,-0.0187598820462487,4.99472697655803,10.632923626792,0.402108910805881,11.6814521377019,0,1.09278869346855,0.0264410106015515,-0.552216865497447,MV-202,sine_steer_python-1
2806,2026年09月15日_19时21分47秒_第001次,2026-09-15T19:21:47,2.805,15.0752186780364,-0.0186988789929172,4.99024028209057,10.6370716085416,0.402683331531266,11.6855876590491,0,1.07165358995799,0.0259327851508005,-0.541399580413379,MV-202,sine_steer_python-1
2807,2026年09月15日_19时21分47秒_第001次,2026-09-15T19:21:47,2.806,15.0752352903444,-0.0186379885955262,4.98575546323348,10.6412195451472,0.403258111771534,11.6897231384508,0,1.05034925992259,0.0254204637029845,-0.530496983359187,MV-202,sine_steer_python-1
2808,2026年09月15日_19时21分47秒_第001次,2026-09-15T19:21:47,2.807,15.0752518967772,-0.0185771914076095,4.98126057029309,10.6453674368909,0.403833249190146,11.6938585762542,0,1.02887906756301,0.0249041274107847,-0.519510788302403,MV-202,sine_steer_python-1
2809,2026年09月15日_19时21分47秒_第001次,2026-09-15T19:21:47,2.808,15.0752684954332,-0.0185164080102192,4.97675244306155,10.6495152838135,0.404408743254753,11.6979939725598,0,1.00724640327152,0.0243838580560508,-0.508442722409515,MV-202,sine_steer_python-1
2810,2026年09月15日_19时21分47秒_第001次,2026-09-15T19:21:47,2.809,15.0752850856933,-0.0184555735367131,4.97222677025497,10.6536630859523,0.404984593453929,11.7021293274574,0,0.985454683096585,0.023859738033405,-0.497294525915899,MV-202,sine_steer_python-1
2811,2026年09月15日_19时21分47秒_第001次,2026-09-15T19:21:47,2.81,15.0753016678955,-0.0183946164117586,4.96768357716468,10.6578108433468,0.405560799262626,11.7062646410523,0,0.963507348203434,0.0233318503346988,-0.486067951954144,MV-202,sine_steer_python-1
2812,2026年09月15日_19时21分47秒_第001次,2026-09-15T19:21:47,2.811,15.0753182426941,-0.0183334660764429,4.96312389491198,10.6619585560192,0.406137360284421,11.7103999134301,0,0.94140786433067,0.0228002785339116,-0.474764766373403,MV-202,sine_steer_python-1
2813,2026年09月15日_19时21分47秒_第001次,2026-09-15T19:21:47,2.812,15.0753348257625,-0.0182713031951973,4.95762505953511,10.6661062239863,0.406714276166331,11.7145351446673,0,0.919159721242982,0.0222651067741645,-0.463386747423608,MV-202,sine_steer_python-1
2814,2026年09月15日_19时21分47秒_第001次,2026-09-15T19:21:47,2.813,15.0753514870291,-0.0182090354121559,4.95320620415927,10.6702538488962,0.407291534689808,11.718670339979,0,0.896766432180072,0.0217264197563985,-0.451935685384425,MV-202,sine_steer_python-1
2815,2026年09月15日_19时21分47秒_第001次,2026-09-15T19:21:47,2.814,15.075368113651,-0.0181473192916369,4.94855959108348,10.6744014271603,0.407869162064346,11.72280549075,0,0.874231533301862,0.0211843027283073,-0.440413382206135,MV-202,sine_steer_python-1
2816,2026年09月15日_19时21分47秒_第001次,2026-09-15T19:21:47,2.815,15.075384756635,-0.0180857058423893,4.943995535009,10.6785489612983,0.408447139460472,11.7269406014611,0,0.851558583130143,0.020638841476145,-0.428821651060172,MV-202,sine_steer_python-1
2817,2026年09月15日_19时21分47秒_第001次,2026-09-15T19:21:47,2.816,15.0754013928239,-0.0180242100471667,4.93943356096056,10.6826964504666,0.4090254729136,11.7310756708073,0,0.828751161986568,0.0200901223123046,-0.417162315910067,MV-202,sine_steer_python-1
2818,2026年09月15日_19时21分47秒_第001次,2026-09-15T19:21:47,2.817,15.0754180229232,-0.0179628122759563,4.93486153639599,10.6868438949546,0.409604160051461,11.735210699144,0,0.805812871427326,0.0195382320618165,-0.405437211102486,MV-202,sine_steer_python-1
2819,2026年09月15日_19时21分47秒_第001次,2026-09-15T19:21:47,2.818,15.0754346449906,-0.0179014319042919,4.9302762555818,10.6909912948056,0.410183200333199,11.7393456865745,0,0.782747333674407,0.0189832580493415,-0.393648181180077,MV-202,sine_steer_python-1
2820,2026年09月15日_19时21分47秒_第001次,2026-09-15T19:21:47,2.819,15.0754512583866,-0.0178400030888028,4.92567334230469,10.6951386500589,0.410762593239273,11.7434806331914,0,0.759558191043606,0.0184252880924364,-0.381797080394038,MV-202,sine_steer_python-1
2821,2026年09月15日_19时21分47秒_第001次,2026-09-15T19:21:47,2.82,15.0754678634408,-0.0177784531748966,4.921052823101,10.6992859607562,0.411342338236272,11.7476155391032,0,0.736249105369361,0.0178644104934265,-0.369885772116259,MV-202,sine_steer_python-1
2822,2026年09月15日_19时21分47秒_第001次,2026-09-15T19:21:47,2.821,15.0754844608022,-0.0177167105336455,4.91641574529986,10.7034332269217,0.411922434921373,11.7517504043978,0,0.712823757426508,0.0173007140279317,-0.35791612836214,MV-202,sine_steer_python-1
2823,2026年09月15日_19时21分47秒_第001次,2026-09-15T19:21:47,2.822,15.0755010641223,-0.0176539493018594,4.91082576405615,10.7075804485736,0.412502882935857,11.7558852291544,0,0.689285846349042,0.0167342879313155,-0.345890029470234,MV-202,sine_steer_python-1
2824,2026年09月15日_19时21分47秒_第001次,2026-09-15T19:21:47,2.823,15.075517747635,-0.0175910821911768,4.90633202538618,10.7117276273964,0.413083669874774,11.760020018699,0,0.665639089045969,0.0161652218853362,-0.333809363812159,MV-202,sine_steer_python-1
2825,2026年09月15日_19时21分47秒_第001次,2026-09-15T19:21:47,2.824,15.0755343956188,-0.0175287768518087,4.9016072945001,10.7158747597258,0.413664822341746,11.7641547642342,0,0.641887219614417,0.0155936060043476,-0.321676027490493,MV-202,sine_steer_python-1
2826,2026年09月15日_19时21分47秒_第001次,2026-09-15T19:21:47,2.825,15.0755510600048,-0.0174665785741795,4.89696652547901,10.720021848137,0.414246321226317,11.7682894703373,0,0.618033988749894,0.0150195308187684,-0.309491924129804,MV-202,sine_steer_python-1
2827,2026年09月15日_19时21分47秒_第001次,2026-09-15T19:21:47,2.826,15.0755677172062,-0.0174045021990309,4.89232804589221,10.7241688917695,0.414828172653257,11.7724241356762,0,0.594083163154071,0.014443087255016,-0.297258964815764,MV-202,sine_steer_python-1
2828,2026年09月15日_19时21分47秒_第001次,2026-09-15T19:21:47,2.827,15.075584367958,-0.0173425279581906,4.88767954193301,10.7283158909203,0.41541037421499,11.7765587606146,0,0.570038524939954,0.0138643666120512,-0.28497906818121,MV-202,sine_steer_python-1
2829,2026年09月15日_19时21分47秒_第001次,2026-09-15T19:21:47,2.828,15.0756010102764,-0.0172805740747604,4.88301776274273,10.7324628456348,0.415992925362287,11.7806933452591,0,0.545903871034654,0.0132834605351772,-0.272654160607467,MV-202,sine_steer_python-1
2830,2026年09月15日_19时21分47秒_第001次,2026-09-15T19:21:47,2.829,15.0756176435017,-0.0172185737830105,4.87833826773597,10.7366097559545,0.41657582556761,11.7848278897049,0,0.521683012579799,0.0127004609891531,-0.260286176456117,MV-202,sine_steer_python-1
2831,2026年09月15日_19时21分47秒_第001次,2026-09-15T19:21:47,2.83,15.075634267955,-0.0171564534077227,4.87364108457715,10.7407566219232,0.417159074289307,11.7889623940638,0,0.497379774329716,0.0121154602325865,-0.247877058225248,MV-202,sine_steer_python-1
2832,2026年09月15日_19时21分47秒_第001次,2026-09-15T19:21:47,2.831,15.0756508842802,-0.0170941403111411,4.86892727654168,10.744903443567,0.417742671118251,11.7930968584265,0,0.472997994047444,0.0115285507920406,-0.235428756718882,MV-202,sine_steer_python-1
2833,2026年09月15日_19时21分47秒_第001次,2026-09-15T19:21:47,2.832,15.0756675039592,-0.0170308025554338,4.86324696144962,10.7490502209058,0.418326615690074,11.7972312828744,0,0.448541521898758,0.0109398254218185,-0.22294323183491,MV-202,sine_steer_python-1
2834,2026年09月15日_19时21分47秒_第001次,2026-09-15T19:21:47,2.833,15.0756842057423,-0.0169673574342983,4.85867898295848,10.7531969556601,0.418910895415442,11.8013656728445,0,0.424014219844107,0.0103493770160303,-0.210422455366696,MV-202,sine_steer_python-1
2835,2026年09月15日_19时21分47秒_第001次,2026-09-15T19:21:47,2.834,15.0757008709644,-0.0169044836994594,4.85387681459821,10.7573436440902,0.419495537287846,11.8055000193576,0,0.399419961028813,0.0097572984609018,-0.197868416345377,MV-202,sine_steer_python-1
2836,2026年09月15日_19时21分47秒_第001次,2026-09-15T19:21:47,2.835,15.0757175524871,-0.0168417211010374,4.849160000174,10.7614902888266,0.420080521918932,11.8096343270871,0,0.37476262917145,0.00916368251743366,-0.185283125098346,MV-202,sine_steer_python-1
2837,2026年09月15日_19时21分47秒_第001次,2026-09-15T19:21:47,2.836,15.0757342263017,-0.0167790843800074,4.84444568283397,10.7656368889919,0.420665855521841,11.8137685946741,0,0.350046117950554,0.00856862187671577,-0.172668609961699,MV-202,sine_steer_python-1
2838,2026年09月15日_19时21分47秒_第001次,2026-09-15T19:21:47,2.837,15.0757508931774,-0.0167165537040875,4.8397213691669,10.7697834448906,0.421251535654093,11.8179028224906,0,0.325274330389771,0.00797220937563385,-0.160026907166207,MV-202,sine_steer_python-1
2839,2026年09月15日_19时21分47秒_第001次,2026-09-15T19:21:47,2.838,15.0757675510941,-0.0166540462235365,4.83498376363588,10.7739299565703,0.421837561758165,11.8220370106464,0,0.300451178241519,0.00737453821013061,-0.147360050844698,MV-202,sine_steer_python-1
2840,2026年09月15日_19时21分47秒_第001次,2026-09-15T19:21:47,2.839,15.0757841993765,-0.0165914943288722,4.83022836188375,10.7780764240746,0.422423933298605,11.8261711592394,0,0.275580581369283,0.00677570204556448,-0.134670067433568,MV-202,sine_steer_python-1
2841,2026年09月15日_19时21分47秒_第001次,2026-09-15T19:21:47,2.84,15.0758008383418,-0.0165288234046728,4.82545519261645,10.7822228474496,0.423010649725599,11.8303052683845,0,0.250666467128603,0.00617579503656618,-0.121958973912758,MV-202,sine_steer_python-1
2842,2026年09月15日_19时21分47秒_第001次,2026-09-15T19:21:47,2.841,15.0758174686338,-0.0164659598848252,4.82066533481991,10.7863692267229,0.423597710623764,11.8344393381749,0,0.225712769746959,0.00557491179969952,-0.109228778031701,MV-202,sine_steer_python-1
2843,2026年09月15日_19时21分47秒_第001次,2026-09-15T19:21:47,2.842,15.0758340994288,-0.0164020662321073,4.81489551571148,10.7905155619163,0.424185115623124,11.8385733686947,0,0.200723429702427,0.00497314736797874,-0.0964814792913413,MV-202,sine_steer_python-1
2844,2026年09月15日_19时21分47秒_第001次,2026-09-15T19:21:47,2.843,15.075850814194,-0.0163380638551091,4.81025395481253,10.794661854786,0.424772851951927,11.842707365491,0,0.175702393101485,0.00437059713796375,-0.0837190702352712,MV-202,sine_steer_python-1
2845,2026年09月15日_19时21分47秒_第001次,2026-09-15T19:21:47,2.844,15.0758674912672,-0.0162746426247657,4.80537504325444,10.7988081015173,0.4253609469892,11.8468413194033,0,0.150653611055866,0.00376735681455952,-0.0709435378441604,MV-202,sine_steer_python-1
2846,2026年09月15日_19时21分47秒_第001次,2026-09-15T19:21:47,2.845,15.0758841844503,-0.0162113369398927,4.80058286418505,10.8029543047955,0.42594938107176,11.8509752352009,0,0.125581039058629,0.00316352235645167,-0.0581568649018019,MV-202,sine_steer_python-1
2847,2026年09月15日_19时21分47秒_第001次,2026-09-15T19:21:47,2.846,15.0759008693235,-0.0161481614896342,4.79579338960087,10.8071004637266,0.426538160500081,11.8551091114978,0,0.100488636359543,0.00255918992229845,-0.0453610313245375,MV-202,sine_steer_python-1
2848,2026年09月15日_19时21分47秒_第001次,2026-09-15T19:21:47,2.847,15.0759175466992,-0.0160850964548095,4.79099394823034,10.8112465786224,0.427127282797125,11.8592429486745,0,0.0753803653398742,0.00195445581771889,-0.0325580154562187,MV-202,sine_steer_python-1
2849,2026年09月15日_19时21分47秒_第001次,2026-09-15T19:21:47,2.848,15.0759342145288,-0.016022057993187,4.78618120036376,10.8153926495327,0.427716747397115,11.8633767468434,0,0.0502601908866816,0.00134941644393674,-0.0197497952931993,MV-202,sine_steer_python-1
2850,2026年09月15日_19时21分47秒_第001次,2026-09-15T19:21:47,2.849,15.0759508721296,-0.0159589777281833,4.78135057852933,10.8195386765032,0.42830655375672,11.8675105061051,0,0.0251320797666992,0.000744168248882077,-0.00693834960498651,MV-202,sine_steer_python-1
2851,2026年09月15日_19时21分47秒_第001次,2026-09-15T19:21:47,2.85,15.0759675198222,-0.0158957801801384,4.77650211243353,10.823684659582,0.428896701317988,11.8716442265774,0,9.79965031572518e-15,0.000138807681041533,0.00587434106166268,MV-202,sine_steer_python-1
2852,2026年09月15日_19时21分47秒_第001次,2026-09-15T19:21:47,2.851,15.0759841582574,-0.0158323909280254,4.77163689657863,10.8278305987986,0.42948718965929,11.875777908356,0,-0.0251320797667081,-0.000466568853926394,0.0186862934964319,MV-202,sine_steer_python-1
2853,2026年09月15日_19时21分47秒_第001次,2026-09-15T19:21:47,2.852,15.0760007942014,-0.0157679673034335,4.76577841668159,10.8319764941764,0.430078018405028,11.8799115515271,0,-0.0502601908866762,-0.00107186503325478,0.0314955210790869,MV-202,sine_steer_python-1
2854,2026年09月15日_19时21分47秒_第001次,2026-09-15T19:21:47,2.853,15.0760175159897,-0.0157034343474621,4.76106394133308,10.8361223475072,0.430669174602992,11.8840451617479,0,-0.0753803653398688,-0.00167698465287897,0.044300033212723,MV-202,sine_steer_python-1
2855,2026年09月15日_19时21分47秒_第001次,2026-09-15T19:21:47,2.854,15.0760341989364,-0.015639493052563,4.75610899187856,10.8402681549013,0.431260686013299,11.8881787296764,0,-0.100488636359537,-0.00228183165936943,0.0570978349211078,MV-202,sine_steer_python-1
2856,2026年09月15日_19时21分47秒_第001次,2026-09-15T19:21:47,2.855,15.0760508977903,-0.0155756726383347,4.75124213966869,10.8444139190989,0.431852532701007,11.8923122601777,0,-0.125581039058623,-0.00288631017746266,0.0698869266324203,MV-202,sine_steer_python-1
2857,2026年09月15日_19时21分47秒_第001次,2026-09-15T19:21:47,2.856,15.0760675877331,-0.0155119877708564,4.74637819904659,10.8485596391893,0.432444721052823,11.8964457518384,0,-0.150653611055875,-0.00349032453235408,0.0826653041838328,MV-202,sine_steer_python-1
2858,2026年09月15日_19时21分47秒_第001次,2026-09-15T19:21:47,2.857,15.0760842696296,-0.0154484186995333,4.74150432269165,10.8527053154916,0.433037248557473,11.9005792050469,0,-0.17570239310148,-0.00409377926645911,0.0954309590592014,MV-202,sine_steer_python-1
2859,2026年09月15日_19时21分47秒_第001次,2026-09-15T19:21:47,2.858,15.0761009414123,-0.0153848806464393,4.73661712727389,10.8568509480576,0.433630114640923,11.9047126199185,0,-0.200723429702436,-0.00469657915071409,0.108181878858325,MV-202,sine_steer_python-1
2860,2026年09月15日_19时21分47秒_第001次,2026-09-15T19:21:47,2.859,15.0761176023983,-0.0153213045189442,4.73171198291653,10.8609965369352,0.434223318751961,11.908845996556,0,-0.225712769746954,-0.00529862919032155,0.12091604800014,MV-202,sine_steer_python-1
2861,2026年09月15日_19时21分47秒_第001次,2026-09-15T19:21:47,2.86,15.0761342529198,-0.0152576140216373,4.72678892032758,10.8651420821745,0.434816860324496,11.9129793350799,0,-0.250666467128611,-0.00589983462595682,0.133631448613053,MV-202,sine_steer_python-1
2862,2026年09月15日_19时21分47秒_第001次,2026-09-15T19:21:47,2.861,15.0761508936413,-0.015193733922775,4.72184904937088,10.8692875838069,0.435410738930623,11.9171126355881,0,-0.275580581369278,-0.00650010093148168,0.146326061572083,MV-202,sine_steer_python-1
2863,2026年09月15日_19时21分47秒_第001次,2026-09-15T19:21:47,2.862,15.0761675288536,-0.0151288168583216,4.71590276465077,10.8734330418571,0.436004954189092,11.9212458981688,0,-0.300451178241514,-0.00709933380699945,0.158997867738178,MV-202,sine_steer_python-1
2864,2026年09月15日_19时21分47秒_第001次,2026-09-15T19:21:47,2.863,15.0761842518422,-0.0150637909776849,4.7111160539602,10.8775784581526,0.436599492969245,11.9253791285883,0,-0.325274330389765,-0.00769743916907757,0.171644849312889,MV-202,sine_steer_python-1
2865,2026年09月15日_19时21分47秒_第001次,2026-09-15T19:21:47,2.864,15.0762009349027,-0.0149993683708527,4.70608578404522,10.8817238287289,0.437194383407693,11.9295123173239,0,-0.350046117950549,-0.00829432314012332,0.184264991225923,MV-202,sine_steer_python-1
2866,2026年09月15日_19时21分47秒_第001次,2026-09-15T19:21:47,2.865,15.0762176337313,-0.0149350732129201,4.70114496253173,10.8858691563809,0.437789605300847,11.9336454693356,0,-0.374762629171458,-0.0088898920377609,0.196856282521162,MV-202,sine_steer_python-1
2867,2026年09月15日_19时21分47秒_第001次,2026-09-15T19:21:47,2.866,15.0762343231218,-0.0148709201395034,4.69620725981268,10.8900144401811,0.438385165120515,11.9377785831826,0,-0.399419961028808,-0.00948405236475108,0.209416717718229,MV-202,sine_steer_python-1
2868,2026年09月15日_19时21分47秒_第001次,2026-09-15T19:21:47,2.867,15.0762510039992,-0.0148068894862991,4.69125965435918,10.8941596804559,0.43898106032149,11.941911659261,0,-0.424014219844115,-0.0100767108003703,0.221944298110796,MV-202,sine_steer_python-1
2869,2026年09月15日_19时21分47秒_第001次,2026-09-15T19:21:47,2.868,15.076267674283,-0.0147428955579991,4.68629871979033,10.8983048772593,0.439577290321475,11.9460446976886,0,-0.448541521898753,-0.0106677741942166,0.234437032959533,MV-202,sine_steer_python-1
2870,2026年09月15日_19时21分47秒_第001次,2026-09-15T19:21:47,2.869,15.0762843332968,-0.0146788685577397,4.68131976456146,10.9024500306412,0.440173854561364,11.9501776985703,0,-0.472997994047452,-0.0112571495630782,0.246892940553932,MV-202,sine_steer_python-1
2871,2026年09月15日_19时21分47秒_第001次,2026-09-15T19:21:47,2.87,15.0763009813887,-0.0146147313829071,4.67632282040256,10.9065951406538,0.440770752466925,11.954310662029,0,-0.497379774329711,-0.0118447440911413,0.259310049129836,MV-202,sine_steer_python-1
2872,2026年09月15日_19时21分47秒_第001次,2026-09-15T19:21:47,2.871,15.0763176192418,-0.01455040799482,4.67130901240338,10.9107402073301,0.441367983603949,11.9584435881645,0,-0.521683012579794,-0.0124304651337914,0.271686397633118,MV-202,sine_steer_python-1
2873,2026年09月15日_19时21分47秒_第001次,2026-09-15T19:21:47,2.872,15.0763342486409,-0.014485046723161,4.66527579480511,10.9148852306964,0.441965547585498,11.9625764770668,0,-0.545903871034649,-0.0130142202252998,0.284020036316203,MV-202,sine_steer_python-1
2874,2026年09月15日_19时21分47秒_第001次,2026-09-15T19:21:47,2.873,15.0763509678352,-0.0144195782487567,4.66041754326665,10.9190302126156,0.442563431104596,11.966709334611,0,-0.570038524939949,-0.0135959170908024,0.296309027150646,MV-202,sine_steer_python-1
2875,2026年09月15日_19时21分47秒_第001次,2026-09-15T19:21:47,2.874,15.0763676461342,-0.0143547257070554,4.65531268701928,10.9231751490489,0.443161662669605,11.9708421510936,0,-0.594083163154065,-0.0141754636631544,0.308551444030756,MV-202,sine_steer_python-1
2876,2026年09月15日_19时21分47秒_第001次,2026-09-15T19:21:47,2.875,15.0763843401742,-0.0142900083191043,4.65029861723538,10.9273200428453,0.443760221811472,11.9749749315693,0,-0.618033988749889,-0.0147527681055862,0.320745372729087,MV-202,sine_steer_python-1
2877,2026年09月15日_19时21分47秒_第001次,2026-09-15T19:21:47,2.876,15.0764010243674,-0.014225440642603,4.64528787423267,10.9314648930609,0.444359115085972,11.9791076745697,0,-0.641887219614425,-0.0153277388415236,0.332888910545837,MV-202,sine_steer_python-1
2878,2026年09月15日_19时21分47秒_第001次,2026-09-15T19:21:47,2.877,15.0764176997022,-0.0141610030767837,4.64026726410078,10.9356097000294,0.444958339914289,11.9832403804986,0,-0.665639089045964,-0.0159002845933336,0.344980165577126,MV-202,sine_steer_python-1
2879,2026年09月15日_19时21分47秒_第001次,2026-09-15T19:21:47,2.878,15.0764343640881,-0.0140966089875583,4.63523331795526,10.9397544638067,0.445557895705875,11.9873730494759,0,-0.689285846349037,-0.0164703144318829,0.357017255522517,MV-202,sine_steer_python-1
2880,2026年09月15日_19时21分47秒_第001次,2026-09-15T19:21:47,2.879,15.0764510168565,-0.014032187846381,4.63018128331452,10.943899184445,0.446157781893747,11.9915056816085,0,-0.712823757426503,-0.017037737838043,0.368998305992491,MV-202,sine_steer_python-1
2881,2026年09月15日_19时21分47秒_第001次,2026-09-15T19:21:47,2.88,15.0764676583728,-0.0139676617135867,4.62511119293848,10.9480438619984,0.446757997895549,11.9956382770216,0,-0.736249105369356,-0.0176024647762842,0.380921448269706,MV-202,sine_steer_python-1
2882,2026年09月15日_19时21分47秒_第001次,2026-09-15T19:21:47,2.881,15.0764842893388,-0.0139029537098095,4.6200241869961,10.9521884965016,0.447358543270771,11.9997708358168,0,-0.759558191043601,-0.0181644057796358,0.39278481658823,MV-202,sine_steer_python-1
2883,2026年09月15日_19时21分47秒_第001次,2026-09-15T19:21:47,2.882,15.0765009090222,-0.0138372082034668,4.61390493005398,10.9563330879827,0.447959417626791,12.0039033580857,0,-0.782747333674402,-0.0187234720347358,0.404586545426756,MV-202,sine_steer_python-1
2884,2026年09月15日_19时21分47秒_第001次,2026-09-15T19:21:47,2.883,15.0765176206049,-0.0137713577852371,4.60897585351334,10.9604776383396,0.448560607482596,12.0080358498114,0,-0.805812871427321,-0.0192795754563909,0.416324767224652,MV-202,sine_steer_python-1
2885,2026年09月15日_19时21分47秒_第001次,2026-09-15T19:21:47,2.884,15.0765342904581,-0.0137061365626908,4.60379716771945,10.9646221434594,0.449162141713419,12.0121683011108,0,-0.828751161986563,-0.0198326287391993,0.42799761105731,MV-202,sine_steer_python-1
2886,2026年09月15日_19时21分47秒_第001次,2026-09-15T19:21:47,2.885,15.0765509761424,-0.0136410588572143,4.59871059387467,10.9687666062455,0.449763999588043,12.0163007171324,0,-0.851558583130151,-0.0203825453749713,0.439603202758259,MV-202,sine_steer_python-1
2887,2026年09月15日_19时21分47秒_第001次,2026-09-15T19:21:47,2.886,15.0765676516901,-0.0135761390706007,4.59362755623888,10.9729110257373,0.450366187745087,12.0204330963805,0,-0.874231533301857,-0.0209292396311548,0.451139666695256,MV-202,sine_steer_python-1
2888,2026年09月15日_19时21分47秒_第001次,2026-09-15T19:21:47,2.887,15.0765843181521,-0.0135113576131215,4.58853469030189,10.9770554022758,0.450968703572506,12.0245654392663,0,-0.896766432180068,-0.0214726264954706,0.462605128980515,MV-202,sine_steer_python-1
2889,2026年09月15日_19时21分47秒_第001次,2026-09-15T19:21:47,2.888,15.0766009734257,-0.0134466268625767,4.58342848517234,10.9811997359192,0.451571546471556,12.0286977459119,0,-0.919159721242977,-0.022012621600097,0.473997721546751,MV-202,sine_steer_python-1
2890,2026年09月15日_19时21分47秒_第001次,2026-09-15T19:21:47,2.889,15.0766176168476,-0.0133818755051083,4.57830412812793,10.9853440267214,0.452174715867438,12.0328300164261,0,-0.941407864330665,-0.022549141140887,0.485315586430822,MV-202,sine_steer_python-1
2891,2026年09月15日_19时21分47秒_第001次,2026-09-15T19:21:47,2.89,15.0766342487969,-0.0133170247097241,4.57316165292639,10.9894882747391,0.452778211169747,12.0369622509363,0,-0.963507348203429,-0.0230821018040918,0.496556879733102,MV-202,sine_steer_python-1
2892,2026年09月15日_19时21分47秒_第001次,2026-09-15T19:21:47,2.891,15.0766508699901,-0.013251996700051,4.56800221463256,10.9936324800083,0.45338203193173,12.0410944495461,0,-0.985454683096581,-0.0236114207080722,0.507719774934887,MV-202,sine_steer_python-1
2893,2026年09月15日_19时21分47秒_第001次,2026-09-15T19:21:47,2.892,15.0766674771656,-0.0131859321999988,4.56179783900581,10.997776642559,0.453986177755129,12.0452266123485,0,-1.00724640327152,-0.0241370153628562,0.518802465452643,MV-202,sine_steer_python-1
2894,2026年09月15日_19时21分47秒_第001次,2026-09-15T19:21:47,2.893,15.0766841783987,-0.0131197650674302,4.55679867978695,11.001920764324,0.454590634987323,12.0493587454344,0,-1.02887906756301,-0.024658803647228,0.529803166442813,MV-202,sine_steer_python-1
2895,2026年09月15日_19时21分47秒_第001次,2026-09-15T19:21:47,2.894,15.0767008371675,-0.0130542402996225,4.55154694870268,11.0060648411168,0.455195432865461,12.0534908387416,0,-1.0503492599226,-0.0251767038013971,0.540720115940289,MV-202,sine_steer_python-1
2896,2026年09月15日_19时21分47秒_第001次,2026-09-15T19:21:47,2.895,15.0767175119376,-0.0129888673563283,4.54638864272223,11.0102088758948,0.455800550399568,12.0576228975123,0,-1.07165358995799,-0.0256906344327952,0.551551575434653,MV-202,sine_steer_python-1
2897,2026年09月15日_19时21分47秒_第001次,2026-09-15T19:21:47,2.896,15.0767341763589,-0.0129236603938782,4.54123408419348,11.0143528676808,0.456405994310037,12.0617549202235,0,-1.09278869346854,-0.0262005145324119,0.562295830006683,MV-202,sine_steer_python-1
2898,2026年09月15日_19时21分47秒_第001次,2026-09-15T19:21:47,2.897,15.0767508315399,-0.0128585997711453,4.53606973973828,11.0184968168233,0.45701176195202,12.065886907294,0,-1.11375123297637,-0.026706263499918,0.572951188063916,MV-202,sine_steer_python-1
2899,2026年09月15日_19时21分47秒_第001次,2026-09-15T19:21:47,2.898,15.0767674753604,-0.0127935968209216,4.53089205689484,11.0226407233826,0.457617852718696,12.0700188588481,0,-1.13453789825351,-0.0272078011766531,0.583515980714852,MV-202,sine_steer_python-1
2900,2026年09月15日_19时21分47秒_第001次,2026-09-15T19:21:47,2.899,15.0767841071565,-0.0127285793849638,4.52569616335046,11.0267845874148,0.458224266027573,12.0741507749965,0,-1.15514540684453,-0.0277050478871939,0.5939885609253,MV-202,sine_steer_python-1
2901,2026年09月15日_19时21分47秒_第001次,2026-09-15T19:21:47,2.9,15.0768007273142,-0.0126634676834514,4.52048209377651,11.0309284089784,0.458831001280326,12.0782826558692,0,-1.17557050458494,-0.028197924486771,0.604367302272197,MV-202,sine_steer_python-1
2902,2026年09月15日_19时21分47秒_第001次,2026-09-15T19:21:47,2.901,15.0768173365583,-0.0125981829857305,4.51525101790085,11.0350721881116,0.459438058024071,12.0824145015715,0,-1.19580996611503,-0.0286863523969872,0.614650597962573,MV-202,sine_steer_python-1
2903,2026年09月15日_19时21分47秒_第001次,2026-09-15T19:21:47,2.902,15.076833929063,-0.0125318626836848,4.50896247456758,11.0392159248458,0.460045435855031,12.0865463121982,0,-1.21586059538921,-0.0291702536489918,0.624836859880924,MV-202,sine_steer_python-1
2904,2026年09月15日_19时21分47秒_第001次,2026-09-15T19:21:47,2.903,15.076850617789,-0.0124654412697118,4.50389400363872,11.0433596211488,0.460653120951507,12.0906780939476,0,-1.23571922618067,-0.0296495509378168,0.634924517277973,MV-202,sine_steer_python-1
2905,2026年09月15日_19时21分47秒_第001次,2026-09-15T19:21:47,2.904,15.0768672633489,-0.0123996745521323,4.49857004064915,11.0475032727606,0.46126114290758,12.0948098365794,0,-1.25538272258139,-0.030124167675098,0.644912015273353,MV-202,sine_steer_python-1
2906,2026年09月15日_19时21分47秒_第001次,2026-09-15T19:21:47,2.905,15.0768839250933,-0.0123340671749728,4.49334080338442,11.0516468826926,0.46186948047803,12.098941545429,0,-1.27484797949738,-0.0305940280355241,0.654797813541675,MV-202,sine_steer_python-1
2907,2026年09月15日_19时21分47秒_第001次,2026-09-15T19:21:47,2.906,15.0769005762865,-0.0122686329696956,4.48811552655853,11.0557904499514,0.462478140463982,12.1030732189467,0,-1.29411192313889,-0.0310590569988298,0.664580385251795,MV-202,sine_steer_python-1
2908,2026年09月15日_19时21分47秒_第001次,2026-09-15T19:21:47,2.907,15.0769172180877,-0.0122033521932914,4.48288050962997,11.0599339748925,0.463087120188283,12.1072048575589,0,-1.31317151150591,-0.0315191803892759,0.674258216169714,MV-202,sine_steer_python-1
2909,2026年09月15日_19时21分47秒_第001次,2026-09-15T19:21:47,2.908,15.0769338483529,-0.0121381350907549,4.47763215895865,11.0640774575786,0.463696419036199,12.1113364613921,0,-1.3320237348685,-0.0319743249116433,0.683829803899943,MV-202,sine_steer_python-1
2910,2026年09月15日_19时21分47秒_第001次,2026-09-15T19:21:47,2.909,15.0769504664102,-0.0120729086164363,4.47236554325411,11.0682208980679,0.46430603641772,12.1154680305596,0,-1.35066561624205,-0.0324244181817802,0.693293657321966,MV-202,sine_steer_python-1
2911,2026年09月15日_19时21分47秒_第001次,2026-09-15T19:21:47,2.91,15.0769670726455,-0.0120075920021125,4.46708069797163,11.072364296421,0.464915971726781,12.1195995651935,0,-1.36909421185737,-0.0328693887508701,0.7026482962727,MV-202,sine_steer_python-1
2912,2026年09月15日_19时21分47秒_第001次,2026-09-15T19:21:47,2.911,15.0769836677844,-0.0119421055252808,4.46177880722484,11.0765076526779,0.465526224504531,12.1237310654014,0,-1.38730661162561,-0.0333091661237086,0.711892251481223,MV-202,sine_steer_python-1
2913,2026年09月15日_19时21分47秒_第001次,2026-09-15T19:21:47,2.912,15.0770002433695,-0.0118755835780534,4.4554070770575,11.0806509668717,0.466136794341832,12.1278625312801,0,-1.40529993959769,-0.0337436807712448,0.721024064757538,MV-202,sine_steer_python-1
2914,2026年09月15日_19时21分47秒_第001次,2026-09-15T19:21:47,2.913,15.0770169172942,-0.0118089606931642,4.45027009229824,11.0847942410049,0.466747667250475,12.1319939691347,0,-1.42307135441856,-0.0341728641377733,0.730042289397945,MV-202,sine_steer_python-1
2915,2026年09月15日_19时21分47秒_第001次,2026-09-15T19:21:47,2.914,15.0770335473074,-0.0117430034241044,4.44487473766423,11.0889374707446,0.467358873176515,12.1361253685479,0,-1.44061804977582,-0.0345966486447838,0.738945490665909,MV-202,sine_steer_python-1
2916,2026年09月15日_19时21分47秒_第001次,2026-09-15T19:21:47,2.915,15.0770501936292,-0.0116772116736591,4.43957539617691,11.0930806591558,0.467970390623065,12.1402567349484,0,-1.45793725484282,-0.0350149676908673,0.747732246504016,MV-202,sine_steer_python-1
2917,2026年09月15日_19时21分47秒_第001次,2026-09-15T19:21:47,2.916,15.0770668291356,-0.0116115988964771,4.43428022934753,11.0972238052289,0.468582226470975,12.1443880667598,0,-1.47502623471635,-0.0354277556464663,0.756401148453249,MV-202,sine_steer_python-1
2918,2026年09月15日_19时21分47秒_第001次,2026-09-15T19:21:47,2.917,15.077083455032,-0.0115461452260195,4.42897537119113,11.1013669093267,0.469194378011315,12.1485193644162,0,-1.49188229084836,-0.0358349478477983,0.764950802526225,MV-202,sine_steer_python-1
2919,2026年09月15日_19时21分47秒_第001次,2026-09-15T19:21:47,2.918,15.0771000691446,-0.0114807598068756,4.42365718726991,11.1055099715141,0.469806844621642,12.1526506280469,0,-1.50850276147221,-0.0362364805897682,0.773379830179326,MV-202,sine_steer_python-1
2920,2026年09月15日_19时21分47秒_第001次,2026-09-15T19:21:47,2.919,15.0771166707885,-0.0114153686941636,4.41832068791617,11.1096529918513,0.470419625704631,12.1567818577674,0,-1.52488502202289,-0.0366322911163761,0.781686869393692,MV-202,sine_steer_python-1
2921,2026年09月15日_19时21分47秒_第001次,2026-09-15T19:21:47,2.92,15.0771332603435,-0.0113498901239385,4.41296590921695,11.1137959704013,0.471032720646685,12.1609130537127,0,-1.54102648555157,-0.0370223176107993,0.789870575734875,MV-202,sine_steer_python-1
2922,2026年09月15日_19时21分47秒_第001次,2026-09-15T19:21:47,2.921,15.0771498385303,-0.0112842433774021,4.40759404936871,11.1179389072058,0.471646128983174,12.1650442159926,0,-1.55692460313404,-0.0374064991860366,0.797929623349062,MV-202,sine_steer_python-1
2923,2026年09月15日_19时21分47秒_第001次,2026-09-15T19:21:47,2.922,15.0771663941608,-0.011217560215051,4.40114013914981,11.1220818022995,0.472259850299778,12.1691753447059,0,-1.57257686427323,-0.0377847758756847,0.805862705974531,MV-202,sine_steer_python-1
2924,2026年09月15日_19时21分47秒_第001次,2026-09-15T19:21:47,2.923,15.0771830501681,-0.0111507746716843,4.39593546019129,11.1262246577194,0.47287387044432,12.1733064462641,0,-1.58798079729567,-0.0381570886261473,0.813668537903135,MV-202,sine_steer_python-1
2925,2026年09月15日_19时21分47秒_第001次,2026-09-15T19:21:47,2.924,15.0771996614147,-0.0110846639951441,4.39046957552622,11.1303674690603,0.473488219709919,12.1774375100744,0,-1.60313396974175,-0.0385233792903561,0.821345854849796,MV-202,sine_steer_python-1
2926,2026年09月15日_19时21分47秒_第001次,2026-09-15T19:21:47,2.925,15.0772162889815,-0.0110187234608485,4.38510097724507,11.1345102394403,0.474102876351631,12.1815685416581,0,-1.6180339887499,-0.0388835906228027,0.828893414753314,MV-202,sine_steer_python-1
2927,2026年09月15日_19时21分47秒_第001次,2026-09-15T19:21:47,2.926,15.0772329053581,-0.010952966129998,4.37973676826722,11.1386529678338,0.474717847329023,12.1856995394125,0,-1.63267850143437,-0.0392376662764084,0.836309998493248,MV-202,sine_steer_python-1
2928,2026年09月15日_19时21分47秒_第001次,2026-09-15T19:21:47,2.927,15.0772495117936,-0.0108873720264033,4.37436291894903,11.1427956546109,0.475333129901934,12.1898305037797,0,-1.64706519525685,-0.0395855508017663,0.843594410498404,MV-202,sine_steer_python-1
2929,2026年09月15日_19时21分47秒_第001次,2026-09-15T19:21:47,2.928,15.0772661060829,-0.0108218492174971,4.36897575446497,11.1469382998384,0.47594872344042,12.1939614348918,0,-1.66119179839162,-0.0399271896488505,0.85074547924059,MV-202,sine_steer_python-1
2930,2026年09月15日_19时21分47秒_第001次,2026-09-15T19:21:47,2.929,15.0772826875256,-0.0107563228831556,4.36357022739201,11.151080903579,0.476564627340048,12.1980923328666,0,-1.67505608008428,-0.0402625291711243,0.857762057616979,MV-202,sine_steer_python-1
2931,2026年09月15日_19时21分47秒_第001次,2026-09-15T19:21:47,2.93,15.0772992564936,-0.0106907102920306,4.35814637430476,11.1552234658977,0.477180840979901,12.2022231978419,0,-1.68865585100403,-0.0405915166320756,0.864643023220392,MV-202,sine_steer_python-1
2932,2026年09月15日_19时21分47秒_第001次,2026-09-15T19:21:47,2.931,15.0773158137004,-0.0106249297599743,4.35270540718184,11.1593659868379,0.47779736388975,12.2063540299301,0,-1.70198896358939,-0.0409141002141966,0.871387278500915,MV-202,sine_steer_python-1
2933,2026年09月15日_19时21分47秒_第001次,2026-09-15T19:21:47,2.932,15.0773323451078,-0.0105581108238328,4.34617034334471,11.163508466436,0.478414195650268,12.2104848292321,0,-1.71505331238731,-0.0412302290303404,0.877993750832839,MV-202,sine_steer_python-1
2934,2026年09月15日_19时21分47秒_第001次,2026-09-15T19:21:47,2.933,15.077348978839,-0.0104911865401217,4.34089880461927,11.1676509067632,0.479031321947767,12.214615602265,0,-1.72784683438567,-0.0415398531378834,0.88446139237866,MV-202,sine_steer_python-1
2935,2026年09月15日_19时21分47秒_第001次,2026-09-15T19:21:47,2.934,15.0773655668331,-0.0104249448102131,4.3353632658415,11.1717933033423,0.479648773417576,12.2187463382619,0,-1.74036750933905,-0.0418429235528988,0.890789180000395,MV-202,sine_steer_python-1
2936,2026年09月15日_19时21分47秒_第001次,2026-09-15T19:21:47,2.935,15.0773821710301,-0.0103588764338662,4.32992627143742,11.1759356593445,0.480266528070296,12.222877042836,0,-1.75261336008773,-0.0421393922666899,0.89697611509036,MV-202,sine_steer_python-1
2937,2026年09月15日_19时21分47秒_第001次,2026-09-15T19:21:47,2.936,15.0773987635395,-0.0102929940937838,4.32449388054964,11.180077973728,0.480884592943187,12.2270077143588,0,-1.76458245286991,-0.0424292122629303,0.90302122337327,MV-202,sine_steer_python-1
2938,2026年09月15日_19时21分47秒_第001次,2026-09-15T19:21:47,2.937,15.0774153456564,-0.0102272777489331,4.31905190176583,11.1842202468701,0.481502965265389,12.2311383532801,0,-1.77627289762709,-0.0427123375363711,0.908923554533937,MV-202,sine_steer_python-1
2939,2026年09月15日_19时21分47秒_第001次,2026-09-15T19:21:47,2.938,15.0774319151469,-0.0101616344429718,4.31359662034745,11.1883624788399,0.482121644399645,12.2352689597347,0,-1.78768284830253,-0.0429887231132573,0.914682181762491,MV-202,sine_steer_python-1
2940,2026年09月15日_19时21分47秒_第001次,2026-09-15T19:21:47,2.939,15.0774484712972,-0.0100959885335914,4.30812293179039,11.1925046697019,0.482740629734601,12.2393995338431,0,-1.79881050313274,-0.043258325069485,0.920296201514338,MV-202,sine_steer_python-1
2941,2026年09月15日_19时21分47秒_第001次,2026-09-15T19:21:47,2.94,15.0774650144732,-0.0100302563782831,4.30263087304945,11.1966468195235,0.4833599206422,12.243530075746,0,-1.80965410493204,-0.0435211005469411,0.925764733315133,MV-202,sine_steer_python-1
2942,2026年09月15日_19时21分47秒_第001次,2026-09-15T19:21:47,2.941,15.0774815453832,-0.00996435538518793,4.29712166961272,11.2007889283496,0.483979516646777,12.2476605855578,0,-1.82021194136999,-0.0437770077698712,0.931086919364283,MV-202,sine_steer_python-1
2943,2026年09月15日_19时21分47秒_第001次,2026-09-15T19:21:47,2.942,15.0774980470183,-0.00989741330645612,4.29050649172256,11.2049309962185,0.484599417324143,12.2517910633818,0,-1.83048234524184,-0.044026006057664,0.936261924476817,MV-202,sine_steer_python-1
2944,2026年09月15日_19时21分47秒_第001次,2026-09-15T19:21:47,2.943,15.0775146528535,-0.00983036178529827,4.2851689359135,11.2090730252349,0.485219608201443,12.2559215158401,0,-1.84046369473174,-0.044268055839047,0.941288935936607,MV-202,sine_steer_python-1
2945,2026年09月15日_19时21分47秒_第001次,2026-09-15T19:21:47,2.944,15.0775312118686,-0.00976399933560369,4.27956462688022,11.2132150108505,0.485840120251407,12.2600519319924,0,-1.85015441366892,-0.0445031186649152,0.946167163335851,MV-202,sine_steer_python-1
2946,2026年09月15日_19时21分47秒_第001次,2026-09-15T19:21:47,2.945,15.0775477868651,-0.00969781245828862,4.27406010407889,11.2173569562888,0.486460931243752,12.2641823175436,0,-1.8595529717765,-0.0447311572178793,0.950895838551799,MV-202,sine_steer_python-1
2947,2026年09月15日_19时21分47秒_第001次,2026-09-15T19:21:47,2.946,15.0775643495833,-0.00963181349119358,4.26856039790701,11.2214988604921,0.487082048292365,12.268312670839,0,-1.86865788491322,-0.0449521353198746,0.955474215810319,MV-202,sine_steer_python-1
2948,2026年09月15日_19时21分47秒_第001次,2026-09-15T19:21:47,2.947,15.0775809013708,-0.00956598239037379,4.26305115719896,11.2256407238448,0.487703468596191,12.2724429923364,0,-1.87746771530775,-0.0451660179389916,0.959901571766495,MV-202,sine_steer_python-1
2949,2026年09月15日_19时21分47秒_第001次,2026-09-15T19:21:47,2.948,15.0775974399706,-0.00950022524485528,4.25752862786146,11.2297825464181,0.488325191510816,12.2765732821732,0,-1.88598107178573,-0.0453727711952022,0.964177205614338,MV-202,sine_steer_python-1
2950,2026年09月15日_19时21分47秒_第001次,2026-09-15T19:21:47,2.949,15.0776139646616,-0.009434465657229,4.25198764905381,11.2339243282787,0.488947216418109,12.2807035404723,0,-1.89419660998949,-0.0455723623644987,0.968300439255253,MV-202,sine_steer_python-1
2951,2026年09月15日_19时21分47秒_第001次,2026-09-15T19:21:47,2.95,15.0776304758086,-0.00936861914250091,4.2464282580583,11.2380660694956,0.489569542683024,12.2848337673768,0,-1.90211303259031,-0.045764759881666,0.972270617517321,MV-202,sine_steer_python-1
2952,2026年09月15日_19时21分47秒_第001次,2026-09-15T19:21:47,2.951,15.0776469741202,-0.00930260226937472,4.24085169364334,11.242207770116,0.490192169824574,12.2889639630037,0,-1.90972908949329,-0.045949933342081,0.97608710843596,MV-202,sine_steer_python-1
2953,2026年09月15日_19时21分47秒_第001次,2026-09-15T19:21:47,2.952,15.0776634395151,-0.00923554145740268,4.23415744962104,11.2463494301792,0.490815097413816,12.2930941274581,0,-1.91704357803475,-0.0461278535033837,0.979749303462501,MV-202,sine_steer_python-1
2954,2026年09月15日_19时21分47秒_第001次,2026-09-15T19:21:47,2.953,15.0776800109519,-0.00916836652502331,4.22875472340859,11.2504910518238,0.491438310820981,12.2972242674662,0,-1.92405534317217,-0.0462984922856741,0.98325661769531,MV-202,sine_steer_python-1
2955,2026年09月15日_19时21分47秒_第001次,2026-09-15T19:21:47,2.954,15.0776965344388,-0.0091018865455973,4.22308253210068,11.2546326304303,0.492061841351387,12.3013543719155,0,-1.93076327766655,-0.0464618227700684,0.98660849029292,MV-202,sine_steer_python-1
2956,2026年09月15日_19时21分47秒_第001次,2026-09-15T19:21:47,2.955,15.0777130736388,-0.00903558390431848,4.21751135221827,11.2587741692745,0.492685666537416,12.3054844466015,0,-1.93716632225726,-0.0466178191985804,0.989804384769738,MV-202,sine_steer_python-1
2957,2026年09月15日_19时21分47秒_第001次,2026-09-15T19:21:47,2.956,15.0777295999366,-0.00896947062912893,4.21194520066977,11.2629156672827,0.493309793568466,12.3096144898438,0,-1.94326346582935,-0.0467664569736208,0.99284378926642,MV-202,sine_steer_python-1
2958,2026年09月15日_19时21分47秒_第001次,2026-09-15T19:21:47,2.957,15.0777461147409,-0.00890352673442684,4.20636956867096,11.2670571248463,0.493934219613758,12.3137445021076,0,-1.94905374557315,-0.0469077126565864,0.99572621685865,MV-202,sine_steer_python-1
2959,2026年09月15日_19时21分47秒_第001次,2026-09-15T19:21:47,2.958,15.0777626157797,-0.00883765742169238,4.20078066341268,11.2711985420387,0.494558944021834,12.3178744835327,0,-1.95453624713639,-0.047041563966512,0.998451205859895,MV-202,sine_steer_python-1
2960,2026年09月15日_19时21分47秒_第001次,2026-09-15T19:21:47,2.959,15.0777791023319,-0.00877178560177678,4.19517326853296,11.2753399189284,0.495183966167898,12.3220044342441,0,-1.95971010476849,-0.0471679897793305,1.00101832008234,MV-202,sine_steer_python-1
2961,2026年09月15日_19时21分47秒_第001次,2026-09-15T19:21:47,2.96,15.0777955747683,-0.0087058260103924,4.18954742164347,11.2794812555865,0.495809285410023,12.3261343543875,0,-1.96457450145738,-0.0472869701275629,1.00342714906488,MV-202,sine_steer_python-1
2962,2026年09月15日_19时21分47秒_第001次,2026-09-15T19:21:47,2.961,15.0778120335592,-0.00863969442801009,4.18390437111216,11.2836225520617,0.49643490126198,12.3302642440818,0,-1.96912866905841,-0.0473984862003146,1.00567730827828,MV-202,sine_steer_python-1
2963,2026年09月15日_19时21分47秒_第001次,2026-09-15T19:21:47,2.962,15.0778284559236,-0.00857251639898577,4.17713211526814,11.2877638083948,0.497060813290117,12.3343941034338,0,-1.97337188841574,-0.0475025203437881,1.00776843929838,MV-202,sine_steer_python-1
2964,2026年09月15日_19时21分47秒_第001次,2026-09-15T19:21:47,2.963,15.0778449858417,-0.00850521949104128,4.17166506323539,11.2919050267578,0.497687006709977,12.3385239392727,0,-1.97730348947583,-0.0475990560625045,1.00970020993645,MV-202,sine_steer_python-1
2965,2026年09月15日_19时21分47秒_第001次,2026-09-15T19:21:47,2.964,15.0778614669603,-0.00843862327647755,4.16592588036433,11.2960462024604,0.498313513154577,12.3426537403149,0,-1.9809228513933,-0.0476880780212276,1.01147231432646,MV-202,sine_steer_python-1
2966,2026年09月15日_19时21分47秒_第001次,2026-09-15T19:21:47,2.965,15.0778779635307,-0.00837220619385775,4.16028891678968,11.3001873388305,0.498940309922539,12.3467835124457,0,-1.98422940262896,-0.0477695720474902,1.01308447297498,MV-202,sine_steer_python-1
2967,2026年09月15日_19时21分47秒_第001次,2026-09-15T19:21:47,2.966,15.077894446635,-0.00830597998042522,4.15465719236436,11.3043284347783,0.499567404277599,12.3509132539588,0,-1.98722262104002,-0.0478435251346585,1.01453643277686,MV-202,sine_steer_python-1
2968,2026年09月15日_19时21分47秒_第001次,2026-09-15T19:21:47,2.967,15.077910917751,-0.00823992475452858,4.14901604280348,11.3084694907022,0.500194793359705,12.3550429653264,0,-1.9899020339626,-0.0479099254454903,1.01582796699796,MV-202,sine_steer_python-1
2969,2026年09月15日_19时21分47秒_第001次,2026-09-15T19:21:47,2.968,15.0779273745986,-0.00817394488015847,4.1433616372634,11.3126105066777,0.50082247651044,12.3591726466908,0,-1.99226721828634,-0.0479687623161049,1.01695887522804,MV-202,sine_steer_python-1
2970,2026年09月15日_19时21分47秒_第001次,2026-09-15T19:21:47,2.969,15.0779438164622,-0.00810796262149731,4.13768870471223,11.316751482775,0.501450453098428,12.3633022981787,0,-1.99431780052123,-0.0480200262602461,1.0179289833089,MV-202,sine_steer_python-1
2971,2026年09月15日_19时21分47秒_第001次,2026-09-15T19:21:47,2.97,15.0779602437232,-0.00804189197887858,4.13199728310992,11.3208924190674,0.502078722474941,12.367431919938,0,-1.99605345685654,-0.0480637122866786,1.01873800299225,MV-202,sine_steer_python-1
2972,2026年09月15日_19时21分47秒_第001次,2026-09-15T19:21:47,2.971,15.0779766565975,-0.00797564798491051,4.12628862995384,11.3250333156051,0.502707284148565,12.3715615120892,0,-1.99747391321203,-0.0480998137574041,1.01938579233605,MV-202,sine_steer_python-1
2973,2026年09月15日_19时21分47秒_第001次,2026-09-15T19:21:47,2.972,15.0779930296272,-0.00790835573073843,4.11943942566533,11.3291741724303,0.503336137680987,12.3756910747408,0,-1.99857894528118,-0.0481283223403259,1.01987235664001,MV-202,sine_steer_python-1
2974,2026年09月15日_19时21分47秒_第001次,2026-09-15T19:21:47,2.973,15.0780095118092,-0.00784094010858712,4.11390890474517,11.333314991748,0.503965268135259,12.3798206148239,0,-1.9993683785666,-0.0481492333686749,1.02019762338236,MV-202,sine_steer_python-1
2975,2026年09月15日_19时21分47秒_第001次,2026-09-15T19:21:47,2.974,15.0780259444232,-0.00777423108524265,4.10810362964491,11.3374557687979,0.504594707467192,12.3839501208847,0,-1.99984208840763,-0.0481625413378802,1.02036163132353,MV-202,sine_steer_python-1
2976,2026年09月15日_19时21分47秒_第001次,2026-09-15T19:21:47,2.975,15.0780423923266,-0.00770770330011477,4.1024017653549,11.3415965069592,0.505224432745191,12.3880795988976,0,-2,-0.0481682461324319,1.02036426796628,MV-202,sine_steer_python-1
2977,2026年09月15日_19时21分47秒_第001次,2026-09-15T19:21:47,2.976,15.0780588263044,-0.00764136819619127,4.09670535013724,11.3457372051264,0.505854451306157,12.3922090471301,0,-1.99984208840763,-0.048166347437837,1.02020550569164,MV-202,sine_steer_python-1
2978,2026年09月15日_19时21分47秒_第001次,2026-09-15T19:21:47,2.977,15.0780752479077,-0.00757520601513711,4.09099956647048,11.3498778637048,0.506484760261195,12.3963384660616,0,-1.9993683785666,-0.0481568449917573,1.01988539102531,MV-202,sine_steer_python-1
2979,2026年09月15日_19时21分47秒_第001次,2026-09-15T19:21:47,2.978,15.0780916548523,-0.00750912030774825,4.08528054617206,11.3540184827718,0.507115358945007,12.4004678558361,0,-1.99857894528118,-0.0481397386874165,1.01940404055582,MV-202,sine_steer_python-1
2980,2026年09月15日_19时21分47秒_第001次,2026-09-15T19:21:47,2.979,15.0781080464311,-0.00744303271048518,4.07954296440969,11.3581590623996,0.507746246719707,12.404597216582,0,-1.99747391321203,-0.0481150284793012,1.01876164475917,MV-202,sine_steer_python-1
2981,2026年09月15日_19时21分47秒_第001次,2026-09-15T19:21:47,2.98,15.0781244230386,-0.00737685650585759,4.07378685952355,11.3622996026633,0.508377422929842,12.4087265484493,0,-1.99605345685654,-0.0480827146978451,1.01795845461682,MV-202,sine_steer_python-1
2982,2026年09月15日_19时21分47秒_第001次,2026-09-15T19:21:47,2.981,15.0781407846838,-0.00731050599524287,4.0680134986375,11.3664401036148,0.509008887078863,12.41285585156,0,-1.99431780052123,-0.0480427982421688,1.01699477346174,MV-202,sine_steer_python-1
2983,2026年09月15日_19时21分47秒_第001次,2026-09-15T19:21:47,2.982,15.0781571031516,-0.00724310620124524,4.06108842140367,11.3705805652977,0.50964063872384,12.4169851260237,0,-1.99226721828635,-0.0479952863131812,1.0158707142676,MV-202,sine_steer_python-1
2984,2026年09月15日_19时21分47秒_第001次,2026-09-15T19:21:47,2.983,15.0781735324874,-0.00717557889742435,4.05549529941336,11.3747209899496,0.510272662777566,12.4211143788724,0,-1.9899020339626,-0.0479401878838562,1.01458639183526,MV-202,sine_steer_python-1
2985,2026年09月15日_19时21分47秒_第001次,2026-09-15T19:21:47,2.984,15.0781899115808,-0.00710876431427262,4.04962484275372,11.3788613727408,0.510904991513669,12.4252435984836,0,-1.98722262104002,-0.04787751179167,1.01314200201565,MV-202,sine_steer_python-1
2986,2026年09月15日_19时21分47秒_第001次,2026-09-15T19:21:47,2.985,15.0782063059175,-0.00704213341174676,4.04385897213136,11.3830017171014,0.511537601773925,12.4293727909198,0,-1.98422940262895,-0.0478072727544599,1.01153756884092,MV-202,sine_steer_python-1
2987,2026年09月15日_19时21分47秒_第001次,2026-09-15T19:21:47,2.986,15.078222685986,-0.0069756973099932,4.03809875979487,11.3871420219105,0.512170500967209,12.4335019544225,0,-1.9809228513933,-0.0477294826141602,1.00977331364536,MV-202,sine_steer_python-1
2988,2026年09月15日_19时21分47秒_第001次,2026-09-15T19:21:47,2.987,15.0782390534122,-0.00690943636771052,4.03232923729384,11.3912822875799,0.512803686176227,12.4376310894777,0,-1.97730348947583,-0.0476441541538754,1.00784949382364,MV-202,sine_steer_python-1
2989,2026年09月15日_19时21分47秒_第001次,2026-09-15T19:21:47,2.988,15.0782554059087,-0.00684325332199924,4.02654649982351,11.3954225141892,0.513437156728877,12.4417601962313,0,-1.97337188841574,-0.0475513013532064,1.00576639212598,MV-202,sine_steer_python-1
2990,2026年09月15日_19时21分47秒_第001次,2026-09-15T19:21:47,2.989,15.0782717427773,-0.00677706917633857,4.0207451696485,11.3995627018123,0.514070911980852,12.4458892748133,0,-1.96912866905841,-0.0474509393402909,1.00352431832285,MV-202,sine_steer_python-1
2991,2026年09月15日_19时21分47秒_第001次,2026-09-15T19:21:47,2.99,15.0782880644249,-0.0067107964893799,4.01492528554175,11.4037028505265,0.514704951270055,12.4500183253754,0,-1.96457450145738,-0.0473430843723386,1.00112360987589,MV-202,sine_steer_python-1
2992,2026年09月15日_19时21分47秒_第001次,2026-09-15T19:21:47,2.991,15.0783043707035,-0.00664434882523327,4.00908812483467,11.4078429603851,0.515339274094866,12.454147348041,0,-1.95971010476849,-0.0472277538260589,0.998564632248089,MV-202,sine_steer_python-1
2993,2026年09月15日_19时21分47秒_第001次,2026-09-15T19:21:47,2.992,15.0783206305487,-0.00657685149207937,4.00208826457692,11.4119830314331,0.515973880007796,12.4582763429209,0,-1.95453624713639,-0.0471049661850411,0.995847779255002,MV-202,sine_steer_python-1
2994,2026年09月15日_19时21分47秒_第001次,2026-09-15T19:21:47,2.993,15.0783370030944,-0.00650922268774522,3.99643342257283,11.4161230659405,0.516608753773673,12.4624053171469,0,-1.94905374557316,-0.0469747410226121,0.9929734735779,MV-202,sine_steer_python-1
2995,2026年09月15日_19时21分47秒_第001次,2026-09-15T19:21:47,2.994,15.0783533248044,-0.0064423127567069,3.99049870902708,11.4202630590089,0.517243927978908,12.4665342589294,0,-1.94326346582935,-0.0468370989828796,0.989942167367604,MV-202,sine_steer_python-1
2996,2026年09月15日_19时21分47秒_第001次,2026-09-15T19:21:47,2.995,15.0783696618151,-0.00637558907844823,3.98466974069953,11.4244030141189,0.517879379242288,12.4706631744179,0,-1.93716632225726,-0.0466920617639896,0.986754342750822,MV-202,sine_steer_python-1
2997,2026年09月15日_19时21分47秒_第001次,2026-09-15T19:21:47,2.996,15.0783859843157,-0.00630906240442681,3.97884663953039,11.428542930134,0.518515115043484,12.4747920618281,0,-1.93076327766655,-0.0465396521063745,0.983410512104316,MV-202,sine_steer_python-1
2998,2026年09月15日_19时21分47秒_第001次,2026-09-15T19:21:47,2.997,15.0784022940054,-0.00624271318710717,3.97301428846622,11.432682807473,0.519151132437266,12.4789209216527,0,-1.92405534317218,-0.0463798937874284,0.979911218040494,MV-202,sine_steer_python-1
2999,2026年09月15日_19时21分47秒_第001次,2026-09-15T19:21:47,2.998,15.0784185885919,-0.00617644333383282,3.96716874679192,11.4368226462171,0.519787430744836,12.4830497540395,0,-1.91704357803475,-0.0462128116235796,0.976257033070579,MV-202,sine_steer_python-1
3000,2026年09月15日_19时21分47秒_第001次,2026-09-15T19:21:47,2.999,15.078434867383,-0.00611017319541917,3.96130458476673,11.4409624464426,0.520424009315566,12.4871785591197,0,-1.90972908949329,-0.0460384314802742,0.972448558923605,MV-202,sine_steer_python-1
3001,2026年09月15日_19时21分47秒_第001次,2026-09-15T19:21:47,3,15.0784511307944,-0.00604381458753939,3.95542184163757,11.4451022082283,0.521060867480831,12.4913073370471,0,-1.90211303259031,-0.0458567802893431,0.968486425540115,MV-202,sine_steer_python-1
