step_id,sim_time_s,Vx_kmh,beta_deg,w_degps,delta1_deg,delta2_deg,delta3_deg,fb_deg,beta_int_deg,status
0,0.000000,40.000000,0.000000,0.000000,0.000000,0.000000,0.000000,-0.000000,0.000000,OK
1,0.010000,39.999011,0.000000,-0.000056,0.000000,-0.000000,-0.000000,-0.000000,0.000000,OK
2,0.020000,39.997031,0.000001,-0.000076,0.000000,-0.000000,-0.000000,-0.000000,0.000000,OK
3,0.030000,39.994619,0.000000,0.000042,0.000000,-0.000000,-0.000000,-0.000000,0.000000,OK
4,0.040000,39.991957,-0.000000,0.000060,0.000000,0.000000,0.000000,0.000000,0.000000,OK
5,0.050000,39.989215,-0.000001,0.000048,0.000000,0.000000,0.000000,0.000000,-0.000000,OK
6,0.060000,39.986464,-0.000001,0.000047,0.000000,0.000000,0.000000,0.000000,-0.000000,OK
7,0.070000,39.983705,-0.000000,0.000057,0.000000,0.000000,0.000000,0.000000,-0.000000,OK
8,0.080000,39.980905,-0.000000,0.000071,0.000000,0.000000,0.000000,0.000000,-0.000000,OK
9,0.090000,39.978010,-0.000000,0.000085,0.000000,0.000000,0.000000,0.000000,-0.000000,OK
10,0.100000,39.974966,-0.000000,0.000095,0.000000,0.000000,0.000000,0.000000,-0.000000,OK
11,0.110000,39.971721,-0.000001,0.000100,0.000000,0.000000,0.000000,0.000000,-0.000000,OK
12,0.120000,39.968234,-0.000001,0.000097,0.000000,0.000000,0.000001,0.000001,-0.000000,OK
13,0.130000,39.964476,-0.000001,0.000085,0.000000,0.000000,0.000001,0.000001,-0.000000,OK
14,0.140000,39.960431,-0.000002,0.000067,0.000000,0.000000,0.000001,0.000001,-0.000000,OK
15,0.150000,39.956093,-0.000002,0.000042,0.000000,0.000000,0.000001,0.000001,-0.000000,OK
16,0.160000,39.951464,-0.000002,0.000014,0.000000,0.000000,0.000001,0.000001,-0.000000,OK
17,0.170000,39.946559,-0.000002,-0.000018,0.000000,0.000000,0.000001,0.000001,-0.000000,OK
18,0.180000,39.941399,-0.000002,-0.000051,0.000000,0.000000,0.000001,0.000001,-0.000000,OK
19,0.190000,39.936012,-0.000001,-0.000084,0.000000,0.000000,0.000000,0.000000,-0.000000,OK
20,0.200000,39.930432,0.000001,-0.000114,0.000000,-0.000000,-0.000000,-0.000000,-0.000000,OK
21,0.210000,39.924684,0.000003,-0.000142,0.000000,-0.000000,-0.000001,-0.000001,-0.000000,OK
22,0.220000,39.918790,0.000005,-0.000164,0.000000,-0.000000,-0.000003,-0.000003,-0.000000,OK
23,0.230000,39.912756,0.000008,-0.000182,0.000000,-0.000000,-0.000005,-0.000005,0.000000,OK
24,0.240000,39.906573,0.000011,-0.000193,0.000000,-0.000000,-0.000006,-0.000006,0.000000,OK
25,0.250000,39.900220,0.000014,-0.000199,0.000000,-0.000000,-0.000008,-0.000008,0.000000,OK
26,0.260000,39.893669,0.000017,-0.000201,0.000000,-0.000000,-0.000010,-0.000010,0.000000,OK
27,0.270000,39.886888,0.000020,-0.000203,0.000000,-0.000000,-0.000012,-0.000012,0.000001,OK
28,0.280000,39.879849,0.000023,-0.000205,0.000000,-0.000000,-0.000014,-0.000014,0.000001,OK
29,0.290000,39.872537,0.000025,-0.000210,0.000000,-0.000000,-0.000016,-0.000016,0.000001,OK
30,0.300000,39.864954,0.000027,-0.000220,0.000000,-0.000000,-0.000017,-0.000017,0.000001,OK
31,0.310000,39.857115,0.000029,-0.000235,0.000000,-0.000000,-0.000018,-0.000018,0.000002,OK
32,0.320000,39.849053,0.000030,-0.000254,0.000000,-0.000000,-0.000019,-0.000019,0.000002,OK
33,0.330000,39.840808,0.000031,-0.000276,0.000000,-0.000000,-0.000019,-0.000019,0.000002,OK
34,0.340000,39.832421,0.000031,-0.000298,0.000000,-0.000000,-0.000020,-0.000020,0.000003,OK
35,0.350000,39.823925,0.000031,-0.000317,0.000000,-0.000000,-0.000020,-0.000020,0.000003,OK
36,0.360000,39.815344,0.000031,-0.000330,0.000000,-0.000000,-0.000020,-0.000020,0.000003,OK
37,0.370000,39.806687,0.000031,-0.000337,0.000000,-0.000000,-0.000020,-0.000020,0.000003,OK
38,0.380000,39.797951,0.000031,-0.000336,0.000000,-0.000000,-0.000021,-0.000021,0.000004,OK
39,0.390000,39.789124,0.000031,-0.000330,0.000000,-0.000000,-0.000021,-0.000021,0.000004,OK
40,0.400000,39.780192,0.000032,-0.000320,0.000000,-0.000001,-0.000021,-0.000021,0.000004,OK
41,0.410000,39.771139,0.000033,-0.000308,0.000000,-0.000001,-0.000022,-0.000022,0.000005,OK
42,0.420000,39.761958,0.000033,-0.000296,0.000000,-0.000001,-0.000023,-0.000023,0.000005,OK
43,0.430000,39.752646,0.000034,-0.000286,0.000000,-0.000001,-0.000023,-0.000023,0.000005,OK
44,0.440000,39.743210,0.000035,-0.000279,0.000000,-0.000001,-0.000024,-0.000024,0.000006,OK
45,0.450000,39.733658,0.000035,-0.000277,0.000000,-0.000001,-0.000024,-0.000024,0.000006,OK
46,0.460000,39.724007,0.000035,-0.000277,0.000000,-0.000001,-0.000024,-0.000024,0.000007,OK
47,0.470000,39.714273,0.000035,-0.000281,0.000000,-0.000001,-0.000024,-0.000024,0.000007,OK
48,0.480000,39.704471,0.000034,-0.000286,0.000000,-0.000001,-0.000024,-0.000024,0.000007,OK
49,0.490000,39.694619,0.000032,-0.000291,0.000000,-0.000001,-0.000023,-0.000023,0.000008,OK
50,0.500000,39.684730,0.000031,-0.000295,0.000000,-0.000001,-0.000022,-0.000022,0.000008,OK
51,0.510000,39.674819,0.000029,-0.000298,0.000000,-0.000001,-0.000021,-0.000021,0.000008,OK
52,0.520000,39.664897,0.000027,-0.000297,0.000000,-0.000000,-0.000020,-0.000020,0.000008,OK
53,0.530000,39.654972,0.000026,-0.000293,0.000000,-0.000000,-0.000020,-0.000020,0.000009,OK
54,0.540000,39.645047,0.000024,-0.000285,0.000000,-0.000000,-0.000019,-0.000019,0.000009,OK
55,0.550000,39.635124,0.000024,-0.000275,0.000000,-0.000000,-0.000019,-0.000019,0.000009,OK
56,0.560000,39.625198,0.000023,-0.000262,0.000000,-0.000000,-0.000019,-0.000019,0.000009,OK
57,0.570000,39.615263,0.000023,-0.000248,0.000000,-0.000000,-0.000019,-0.000019,0.000010,OK
58,0.580000,39.605311,0.000023,-0.000235,0.000000,-0.000000,-0.000019,-0.000019,0.000010,OK
59,0.590000,39.595336,0.000023,-0.000223,0.000000,-0.000000,-0.000019,-0.000019,0.000010,OK
60,0.600000,39.585337,0.000023,-0.000215,0.000000,-0.000000,-0.000019,-0.000019,0.000010,OK
61,0.610000,39.575318,0.000023,-0.000210,0.000000,-0.000000,-0.000019,-0.000019,0.000011,OK
62,0.620000,39.565290,0.000023,-0.000208,0.000000,-0.000000,-0.000019,-0.000019,0.000011,OK
63,0.630000,39.555270,0.000022,-0.000210,0.000000,-0.000000,-0.000019,-0.000019,0.000011,OK
64,0.640000,39.545274,0.000021,-0.000213,0.000000,-0.000000,-0.000018,-0.000018,0.000011,OK
65,0.650000,39.535322,0.000019,-0.000216,0.000000,-0.000000,-0.000017,-0.000017,0.000011,OK
66,0.660000,39.525428,0.000018,-0.000218,0.000000,-0.000000,-0.000017,-0.000017,0.000012,OK
67,0.670000,39.515599,0.000017,-0.000217,0.000000,-0.000000,-0.000016,-0.000016,0.000012,OK
68,0.680000,39.505837,0.000015,-0.000213,0.000000,-0.000000,-0.000015,-0.000015,0.000012,OK
69,0.690000,39.496137,0.000014,-0.000205,0.000000,-0.000000,-0.000015,-0.000015,0.000012,OK
70,0.700000,39.486492,0.000013,-0.000194,0.000000,-0.000000,-0.000014,-0.000014,0.000012,OK
71,0.710000,39.476891,0.000013,-0.000182,0.000000,-0.000000,-0.000014,-0.000014,0.000012,OK
72,0.720000,39.467329,0.000013,-0.000170,0.000000,-0.000000,-0.000014,-0.000014,0.000012,OK
73,0.730000,39.457801,0.000013,-0.000160,0.000000,-0.000000,-0.000014,-0.000014,0.000013,OK
74,0.740000,39.448309,0.000013,-0.000151,0.000000,-0.000000,-0.000014,-0.000014,0.000013,OK
75,0.750000,39.438860,0.000013,-0.000145,0.000000,-0.000000,-0.000014,-0.000014,0.000013,OK
76,0.760000,39.429464,0.000013,-0.000141,0.000000,-0.000000,-0.000014,-0.000014,0.000013,OK
77,0.770000,39.420131,0.000013,-0.000140,0.000000,-0.000000,-0.000014,-0.000014,0.000013,OK
78,0.780000,39.410871,0.000013,-0.000140,0.000000,-0.000000,-0.000014,-0.000014,0.000013,OK
79,0.790000,39.401693,0.000012,-0.000140,0.000000,-0.000000,-0.000014,-0.000014,0.000013,OK
80,0.800000,39.392600,0.000011,-0.000140,0.000000,-0.000000,-0.000013,-0.000013,0.000013,OK
81,0.810000,39.383594,0.000010,-0.000138,0.000000,-0.000000,-0.000013,-0.000013,0.000013,OK
82,0.820000,39.374676,0.000009,-0.000135,0.000000,-0.000000,-0.000012,-0.000012,0.000014,OK
83,0.830000,39.365843,0.000008,-0.000130,0.000000,-0.000000,-0.000012,-0.000012,0.000014,OK
84,0.840000,39.357093,0.000007,-0.000123,0.000000,-0.000000,-0.000011,-0.000011,0.000014,OK
85,0.850000,39.348426,0.000006,-0.000116,0.000000,-0.000000,-0.000011,-0.000011,0.000014,OK
86,0.860000,39.339840,0.000006,-0.000107,0.000000,-0.000000,-0.000010,-0.000010,0.000014,OK
87,0.870000,39.331336,0.000006,-0.000099,0.000000,-0.000000,-0.000010,-0.000010,0.000014,OK
88,0.880000,39.322914,0.000006,-0.000091,0.000000,-0.000000,-0.000010,-0.000010,0.000014,OK
89,0.890000,39.314575,0.000006,-0.000084,0.000000,-0.000000,-0.000010,-0.000010,0.000014,OK
90,0.900000,39.306321,0.000006,-0.000078,0.000000,-0.000000,-0.000010,-0.000010,0.000014,OK
91,0.910000,39.298153,0.000006,-0.000073,0.000000,-0.000000,-0.000010,-0.000010,0.000014,OK
92,0.920000,39.290073,0.000006,-0.000069,0.000000,-0.000000,-0.000010,-0.000010,0.000014,OK
93,0.930000,39.282084,0.000005,-0.000066,0.000000,-0.000000,-0.000010,-0.000010,0.000014,OK
94,0.940000,39.274189,0.000005,-0.000064,0.000000,-0.000000,-0.000010,-0.000010,0.000014,OK
95,0.950000,39.266392,0.000004,-0.000062,0.000000,-0.000000,-0.000010,-0.000010,0.000014,OK
96,0.960000,39.258696,0.000003,-0.000060,0.000000,-0.000000,-0.000009,-0.000009,0.000014,OK
97,0.970000,39.251105,0.000002,-0.000056,0.000000,-0.000000,-0.000009,-0.000009,0.000014,OK
98,0.980000,39.243620,0.000001,-0.000052,0.000000,-0.000000,-0.000008,-0.000008,0.000014,OK
99,0.990000,39.236239,0.000001,-0.000047,0.000000,-0.000000,-0.000008,-0.000008,0.000014,OK
100,1.000000,39.228962,0.000000,-0.000040,3.000000,0.070888,0.598645,-0.000007,0.000014,OK
101,1.010000,39.223692,0.013338,0.090494,3.000000,0.070698,0.590276,-0.008077,0.000148,OK
102,1.020000,39.216379,0.053369,0.380694,3.000000,0.070124,0.565575,-0.032362,0.000681,OK
103,1.030000,39.207890,0.113130,0.831644,3.000000,0.069263,0.528670,-0.068784,0.001813,OK
104,1.040000,39.198755,0.184098,1.393524,3.000000,0.068235,0.484648,-0.112286,0.003654,OK
105,1.050000,39.189332,0.257629,2.014428,3.000000,0.067162,0.438705,-0.157692,0.006230,OK
106,1.060000,39.179893,0.327127,2.654048,3.000000,0.066138,0.394833,-0.201027,0.009501,OK
107,1.070000,39.170636,0.388768,3.291397,3.000000,0.065218,0.355378,-0.239955,0.013389,OK
108,1.080000,39.161688,0.440515,3.916899,3.000000,0.064433,0.321617,-0.273206,0.017794,OK
109,1.090000,39.153107,0.481531,4.526972,3.000000,0.063794,0.294110,-0.300224,0.022609,OK
110,1.100000,39.144902,0.511697,5.120196,3.000000,0.063306,0.272984,-0.320881,0.027726,OK
111,1.110000,39.137063,0.531173,5.693920,3.000000,0.062967,0.258195,-0.335223,0.033038,OK
112,1.120000,39.129557,0.540511,6.246654,3.000000,0.062771,0.249462,-0.343528,0.038443,OK
113,1.130000,39.122327,0.540630,6.777931,3.000000,0.062706,0.246274,-0.346303,0.043850,OK
114,1.140000,39.115315,0.532583,7.287266,3.000000,0.062757,0.248039,-0.344138,0.049175,OK
115,1.150000,39.108468,0.517469,7.774019,3.000000,0.062910,0.254129,-0.337656,0.054350,OK
116,1.160000,39.101742,0.496412,8.237473,3.000000,0.063150,0.263897,-0.327504,0.059314,OK
117,1.170000,39.095106,0.470522,8.676628,3.000000,0.063461,0.276699,-0.314323,0.064019,OK
118,1.180000,39.088550,0.440831,9.089950,3.000000,0.063830,0.291935,-0.298712,0.068428,OK
119,1.190000,39.082070,0.408437,9.476785,3.000000,0.064241,0.308959,-0.281318,0.072512,OK
120,1.200000,39.075673,0.374443,9.836788,3.000000,0.064679,0.327117,-0.262794,0.076257,OK
121,1.210000,39.069368,0.339864,10.170089,3.000000,0.065129,0.345804,-0.243746,0.079655,OK
122,1.220000,39.063165,0.305603,10.476877,3.000000,0.065579,0.364478,-0.224717,0.082711,OK
123,1.230000,39.057068,0.272543,10.757025,3.000000,0.066015,0.382602,-0.206244,0.085437,OK
124,1.240000,39.051076,0.241471,11.010486,3.000000,0.066427,0.399694,-0.188808,0.087851,OK
125,1.250000,39.045181,0.213074,11.237274,3.000000,0.066804,0.415330,-0.172835,0.089982,OK
126,1.260000,39.039371,0.187867,11.437460,3.000000,0.067140,0.429182,-0.158650,0.091861,OK
127,1.270000,39.033635,0.166166,11.611550,3.000000,0.067428,0.441043,-0.146461,0.093522,OK
128,1.280000,39.027960,0.147993,11.761047,3.000000,0.067668,0.450881,-0.136297,0.095002,OK
129,1.290000,39.022340,0.133193,11.887405,3.000000,0.067862,0.458773,-0.128083,0.096334,OK
130,1.300000,39.016770,0.121566,11.991680,3.000000,0.068012,0.464822,-0.121715,0.097550,OK
131,1.310000,39.011252,0.112810,12.075375,3.000000,0.068123,0.469195,-0.117025,0.098678,OK
132,1.320000,39.005792,0.106553,12.140301,3.000000,0.068199,0.472103,-0.113804,0.099744,OK
133,1.330000,39.000398,0.102408,12.188577,3.000000,0.068246,0.473769,-0.111829,0.100768,OK
134,1.340000,38.995078,0.100012,12.222567,3.000000,0.068268,0.474401,-0.110891,0.101768,OK
135,1.350000,38.989835,0.099055,12.244758,3.000000,0.068270,0.474179,-0.110812,0.102758,OK
136,1.360000,38.984671,0.099280,12.257630,3.000000,0.068255,0.473251,-0.111444,0.103751,OK
137,1.370000,38.979582,0.100468,12.263482,3.000000,0.068226,0.471744,-0.112659,0.104756,OK
138,1.380000,38.974564,0.102470,12.264090,3.000000,0.068186,0.469742,-0.114372,0.105780,OK
139,1.390000,38.969616,0.105155,12.260948,3.000000,0.068135,0.467320,-0.116509,0.106832,OK
140,1.400000,38.964734,0.108394,12.255220,3.000000,0.068077,0.464554,-0.118995,0.107916,OK
141,1.410000,38.959919,0.112043,12.247798,3.000000,0.068012,0.461528,-0.121744,0.109036,OK
142,1.420000,38.955169,0.115938,12.239426,3.000000,0.067943,0.458339,-0.124661,0.110196,OK
143,1.430000,38.950485,0.119919,12.230546,3.000000,0.067872,0.455081,-0.127649,0.111395,OK
144,1.440000,38.945866,0.123837,12.221512,3.000000,0.067802,0.451845,-0.130619,0.112633,OK
145,1.450000,38.941310,0.127560,12.212607,3.000000,0.067734,0.448712,-0.133490,0.113909,OK
146,1.460000,38.936815,0.130978,12.204064,3.000000,0.067670,0.445747,-0.136196,0.115219,OK
147,1.470000,38.932376,0.134004,12.196168,3.000000,0.067611,0.443006,-0.138682,0.116559,OK
148,1.480000,38.927986,0.136581,12.189080,3.000000,0.067559,0.440525,-0.140911,0.117925,OK
149,1.490000,38.923641,0.138682,12.182885,3.000000,0.067513,0.438320,-0.142865,0.119311,OK
150,1.500000,38.919335,0.140306,12.177596,3.000000,0.067473,0.436396,-0.144541,0.120714,OK
151,1.510000,38.915061,0.141472,12.173183,3.000000,0.067440,0.434743,-0.145948,0.122129,OK
152,1.520000,38.910815,0.142207,12.169670,3.000000,0.067413,0.433346,-0.147100,0.123551,OK
153,1.530000,38.906589,0.142562,12.166988,3.000000,0.067391,0.432177,-0.148025,0.124977,OK
154,1.540000,38.902378,0.142605,12.165109,3.000000,0.067373,0.431196,-0.148765,0.126403,OK
155,1.550000,38.898180,0.142416,12.164042,3.000000,0.067359,0.430355,-0.149363,0.127827,OK
156,1.560000,38.893995,0.142076,12.163829,3.000000,0.067347,0.429608,-0.149869,0.129248,OK
157,1.570000,38.889824,0.141660,12.164514,3.000000,0.067336,0.428908,-0.150328,0.130664,OK
158,1.580000,38.885670,0.141229,12.166112,3.000000,0.067326,0.428221,-0.150776,0.132077,OK
159,1.590000,38.881538,0.140820,12.168574,3.000000,0.067315,0.427524,-0.151235,0.133485,OK
160,1.600000,38.877433,0.140446,12.171771,3.000000,0.067304,0.426809,-0.151712,0.134889,OK
161,1.610000,38.873363,0.140091,12.175498,3.000000,0.067292,0.426087,-0.152200,0.136290,OK
162,1.620000,38.869335,0.139723,12.179488,3.000000,0.067281,0.425377,-0.152678,0.137688,OK
163,1.630000,38.865359,0.139300,12.183460,3.000000,0.067270,0.424705,-0.153120,0.139081,OK
164,1.640000,38.861444,0.138785,12.187150,3.000000,0.067261,0.424094,-0.153505,0.140468,OK
165,1.650000,38.857601,0.138155,12.190366,3.000000,0.067254,0.423559,-0.153818,0.141850,OK
166,1.660000,38.853836,0.137409,12.193001,3.000000,0.067248,0.423102,-0.154058,0.143224,OK
167,1.670000,38.850160,0.136569,12.195049,3.000000,0.067244,0.422711,-0.154236,0.144590,OK
168,1.680000,38.846578,0.135675,12.196576,3.000000,0.067241,0.422362,-0.154378,0.145946,OK
169,1.690000,38.843097,0.134779,12.197700,3.000000,0.067237,0.422025,-0.154515,0.147294,OK
170,1.700000,38.839722,0.133932,12.198557,3.000000,0.067234,0.421668,-0.154676,0.148634,OK
171,1.710000,38.836457,0.133176,12.199272,3.000000,0.067229,0.421268,-0.154888,0.149965,OK
172,1.720000,38.833308,0.132534,12.199933,3.000000,0.067222,0.420808,-0.155166,0.151291,OK
173,1.730000,38.830278,0.132013,12.200586,3.000000,0.067214,0.420286,-0.155513,0.152611,OK
174,1.740000,38.827374,0.131599,12.201229,3.000000,0.067204,0.419708,-0.155923,0.153927,OK
175,1.750000,38.824599,0.131268,12.201833,3.000000,0.067193,0.419090,-0.156380,0.155239,OK
176,1.760000,38.821958,0.130990,12.202345,3.000000,0.067182,0.418449,-0.156869,0.156549,OK
177,1.770000,38.819454,0.130737,12.202709,3.000000,0.067170,0.417802,-0.157371,0.157857,OK
178,1.780000,38.817092,0.130486,12.202866,3.000000,0.067158,0.417164,-0.157872,0.159162,OK
179,1.790000,38.814875,0.130223,12.202765,3.000000,0.067146,0.416542,-0.158366,0.160464,OK
180,1.800000,38.812806,0.129942,12.202362,3.000000,0.067135,0.415942,-0.158847,0.161763,OK
181,1.810000,38.810888,0.129641,12.201617,3.000000,0.067124,0.415363,-0.159314,0.163060,OK
182,1.820000,38.809124,0.129321,12.200507,3.000000,0.067113,0.414806,-0.159769,0.164353,OK
183,1.830000,38.807516,0.128988,12.199021,3.000000,0.067103,0.414268,-0.160214,0.165643,OK
184,1.840000,38.806068,0.128645,12.197177,3.000000,0.067092,0.413747,-0.160651,0.166929,OK
185,1.850000,38.804780,0.128297,12.195019,3.000000,0.067082,0.413239,-0.161085,0.168212,OK
186,1.860000,38.803656,0.127954,12.192626,3.000000,0.067072,0.412741,-0.161518,0.169492,OK
187,1.870000,38.802695,0.127622,12.190096,3.000000,0.067062,0.412246,-0.161957,0.170768,OK
188,1.880000,38.801898,0.127314,12.187544,3.000000,0.067051,0.411748,-0.162409,0.172041,OK
189,1.890000,38.801264,0.127040,12.185073,3.000000,0.067040,0.411241,-0.162880,0.173311,OK
190,1.900000,38.800794,0.126807,12.182758,3.000000,0.067028,0.410719,-0.163374,0.174580,OK
191,1.910000,38.800486,0.126619,12.180631,3.000000,0.067016,0.410181,-0.163894,0.175846,OK
192,1.920000,38.800340,0.126471,12.178671,3.000000,0.067003,0.409629,-0.164438,0.177110,OK
193,1.930000,38.800356,0.126348,12.176810,3.000000,0.066990,0.409072,-0.164996,0.178374,OK
194,1.940000,38.800532,0.126234,12.174948,3.000000,0.066976,0.408519,-0.165559,0.179636,OK
195,1.950000,38.800870,0.126109,12.172972,3.000000,0.066963,0.407984,-0.166114,0.180897,OK
196,1.960000,38.801370,0.125955,12.170787,3.000000,0.066951,0.407475,-0.166651,0.182157,OK
197,1.970000,38.802031,0.125760,12.168331,3.000000,0.066938,0.407002,-0.167163,0.183415,OK
198,1.980000,38.802854,0.125523,12.165593,3.000000,0.066927,0.406564,-0.167649,0.184670,OK
199,1.990000,38.803836,0.125251,12.162613,3.000000,0.066916,0.406158,-0.168112,0.185922,OK
200,2.000000,38.804978,0.124958,12.159469,3.000000,0.066905,0.405774,-0.168561,0.187172,OK
201,2.010000,38.806277,0.124664,12.156261,3.000000,0.066895,0.405403,-0.169007,0.188418,OK
202,2.020000,38.807730,0.124385,12.153091,3.000000,0.066884,0.405033,-0.169462,0.189662,OK
203,2.030000,38.809337,0.124136,12.150043,3.000000,0.066873,0.404654,-0.169933,0.190904,OK
204,2.040000,38.811094,0.123922,12.147168,3.000000,0.066861,0.404264,-0.170425,0.192143,OK
205,2.050000,38.813000,0.123742,12.144481,3.000000,0.066849,0.403864,-0.170936,0.193380,OK
206,2.060000,38.815053,0.123588,12.141963,3.000000,0.066837,0.403457,-0.171461,0.194616,OK
207,2.070000,38.817251,0.123447,12.139572,3.000000,0.066824,0.403052,-0.171994,0.195851,OK
208,2.080000,38.819593,0.123308,12.137255,3.000000,0.066812,0.402654,-0.172527,0.197084,OK
209,2.090000,38.822077,0.123159,12.134956,3.000000,0.066799,0.402271,-0.173053,0.198315,OK
210,2.100000,38.824701,0.122995,12.132633,3.000000,0.066787,0.401906,-0.173570,0.199545,OK
211,2.110000,38.827464,0.122815,12.130256,3.000000,0.066775,0.401560,-0.174076,0.200773,OK
212,2.120000,38.830364,0.122620,12.127808,3.000000,0.066763,0.401232,-0.174572,0.202000,OK
213,2.130000,38.833399,0.122416,12.125290,3.000000,0.066752,0.400918,-0.175061,0.203224,OK
214,2.140000,38.836566,0.122205,12.122709,3.000000,0.066740,0.400616,-0.175546,0.204446,OK
215,2.150000,38.839864,0.121992,12.120086,3.000000,0.066729,0.400325,-0.176028,0.205666,OK
216,2.160000,38.843291,0.121778,12.117445,3.000000,0.066718,0.400042,-0.176509,0.206884,OK
217,2.170000,38.846844,0.121565,12.114817,3.000000,0.066706,0.399767,-0.176989,0.208099,OK
218,2.180000,38.850522,0.121353,12.112241,3.000000,0.066695,0.399500,-0.177468,0.209313,OK
219,2.190000,38.854321,0.121142,12.109752,3.000000,0.066684,0.399240,-0.177947,0.210524,OK
220,2.200000,38.858240,0.120936,12.107385,3.000000,0.066672,0.398986,-0.178428,0.211734,OK
221,2.210000,38.862277,0.120735,12.105167,3.000000,0.066661,0.398736,-0.178912,0.212941,OK
222,2.220000,38.866429,0.120544,12.103107,3.000000,0.066649,0.398487,-0.179400,0.214146,OK
223,2.230000,38.870694,0.120363,12.101197,3.000000,0.066638,0.398240,-0.179893,0.215350,OK
224,2.240000,38.875070,0.120192,12.099408,3.000000,0.066626,0.397994,-0.180391,0.216552,OK
225,2.250000,38.879556,0.120028,12.097698,3.000000,0.066614,0.397751,-0.180893,0.217752,OK
226,2.260000,38.884149,0.119864,12.096018,3.000000,0.066602,0.397515,-0.181394,0.218951,OK
227,2.270000,38.888847,0.119695,12.094320,3.000000,0.066590,0.397289,-0.181891,0.220148,OK
228,2.280000,38.893649,0.119514,12.092570,3.000000,0.066579,0.397077,-0.182380,0.221343,OK
229,2.290000,38.898553,0.119317,12.090754,3.000000,0.066568,0.396882,-0.182858,0.222536,OK
230,2.300000,38.903558,0.119103,12.088882,3.000000,0.066557,0.396703,-0.183326,0.223727,OK
231,2.310000,38.908661,0.118876,12.086988,3.000000,0.066546,0.396538,-0.183784,0.224916,OK
232,2.320000,38.913859,0.118642,12.085117,3.000000,0.066535,0.396386,-0.184236,0.226102,OK
233,2.330000,38.919152,0.118406,12.083319,3.000000,0.066524,0.396239,-0.184687,0.227286,OK
234,2.340000,38.924536,0.118178,12.081638,3.000000,0.066514,0.396096,-0.185141,0.228468,OK
235,2.350000,38.930010,0.117960,12.080101,3.000000,0.066503,0.395952,-0.185600,0.229648,OK
236,2.360000,38.935571,0.117756,12.078716,3.000000,0.066492,0.395806,-0.186066,0.230825,OK
237,2.370000,38.941218,0.117562,12.077472,3.000000,0.066481,0.395659,-0.186538,0.232001,OK
238,2.380000,38.946949,0.117375,12.076338,3.000000,0.066469,0.395514,-0.187012,0.233175,OK
239,2.390000,38.952763,0.117189,12.075279,3.000000,0.066458,0.395374,-0.187487,0.234347,OK
240,2.400000,38.958657,0.117000,12.074259,3.000000,0.066447,0.395242,-0.187958,0.235517,OK
241,2.410000,38.964631,0.116802,12.073249,3.000000,0.066436,0.395120,-0.188424,0.236685,OK
242,2.420000,38.970682,0.116595,12.072231,3.000000,0.066425,0.395009,-0.188882,0.237851,OK
243,2.430000,38.976810,0.116379,12.071202,3.000000,0.066415,0.394908,-0.189334,0.239014,OK
244,2.440000,38.983013,0.116156,12.070168,3.000000,0.066404,0.394818,-0.189782,0.240176,OK
245,2.450000,38.989288,0.115930,12.069143,3.000000,0.066394,0.394734,-0.190226,0.241335,OK
246,2.460000,38.995634,0.115703,12.068145,3.000000,0.066383,0.394656,-0.190668,0.242492,OK
247,2.470000,39.002049,0.115478,12.067190,3.000000,0.066373,0.394582,-0.191110,0.243647,OK
248,2.480000,39.008532,0.115254,12.066293,3.000000,0.066362,0.394512,-0.191552,0.244800,OK
249,2.490000,39.015080,0.115030,12.065464,3.000000,0.066352,0.394447,-0.191993,0.245950,OK
250,2.500000,39.021693,0.114807,12.064710,3.000000,0.066341,0.394386,-0.192433,0.247098,OK
251,2.510000,39.028368,0.114583,12.064035,3.000000,0.066331,0.394330,-0.192872,0.248244,OK
252,2.520000,39.035105,0.114358,12.063436,3.000000,0.066321,0.394279,-0.193309,0.249387,OK
253,2.530000,39.041902,0.114134,12.062918,3.000000,0.066310,0.394233,-0.193745,0.250529,OK
254,2.540000,39.048756,0.113911,12.062464,3.000000,0.066300,0.394190,-0.194180,0.251668,OK
255,2.550000,39.055668,0.113689,12.062079,3.000000,0.066290,0.394150,-0.194616,0.252805,OK
256,2.560000,39.062636,0.113469,12.061737,3.000000,0.066280,0.394113,-0.195051,0.253939,OK
257,2.570000,39.069658,0.113252,12.061433,3.000000,0.066269,0.394080,-0.195487,0.255072,OK
258,2.580000,39.076733,0.113034,12.061142,3.000000,0.066259,0.394050,-0.195922,0.256202,OK
259,2.590000,39.083859,0.112815,12.060860,3.000000,0.066249,0.394025,-0.196354,0.257330,OK
260,2.600000,39.091036,0.112591,12.060574,3.000000,0.066239,0.394006,-0.196783,0.258456,OK
261,2.610000,39.098262,0.112362,12.060288,3.000000,0.066229,0.393995,-0.197207,0.259580,OK
262,2.620000,39.105535,0.112126,12.060009,3.000000,0.066219,0.393992,-0.197626,0.260701,OK
263,2.630000,39.112854,0.111885,12.059760,3.000000,0.066209,0.393995,-0.198041,0.261820,OK
264,2.640000,39.120219,0.111641,12.059557,3.000000,0.066199,0.394004,-0.198453,0.262936,OK
265,2.650000,39.127626,0.111397,12.059423,3.000000,0.066189,0.394017,-0.198863,0.264050,OK
266,2.660000,39.135076,0.111154,12.059369,3.000000,0.066180,0.394032,-0.199273,0.265162,OK
267,2.670000,39.142567,0.110915,12.059402,3.000000,0.066170,0.394048,-0.199684,0.266271,OK
268,2.680000,39.150097,0.110680,12.059515,3.000000,0.066160,0.394065,-0.200097,0.267378,OK
269,2.690000,39.157666,0.110448,12.059690,3.000000,0.066151,0.394083,-0.200510,0.268482,OK
270,2.700000,39.165272,0.110219,12.059914,3.000000,0.066141,0.394103,-0.200924,0.269585,OK
271,2.710000,39.172915,0.109989,12.060165,3.000000,0.066131,0.394127,-0.201336,0.270684,OK
272,2.720000,39.180593,0.109757,12.060425,3.000000,0.066121,0.394155,-0.201745,0.271782,OK
273,2.730000,39.188304,0.109520,12.060690,3.000000,0.066112,0.394189,-0.202151,0.272877,OK
274,2.740000,39.196049,0.109279,12.060952,3.000000,0.066102,0.394228,-0.202552,0.273970,OK
275,2.750000,39.203826,0.109034,12.061222,3.000000,0.066093,0.394273,-0.202950,0.275060,OK
276,2.760000,39.211634,0.108786,12.061504,3.000000,0.066084,0.394321,-0.203346,0.276148,OK
277,2.770000,39.219471,0.108538,12.061819,3.000000,0.066074,0.394373,-0.203740,0.277234,OK
278,2.780000,39.227337,0.108292,12.062167,3.000000,0.066065,0.394427,-0.204133,0.278316,OK
279,2.790000,39.235229,0.108046,12.062566,3.000000,0.066056,0.394482,-0.204526,0.279397,OK
280,2.800000,39.243148,0.107802,12.063009,3.000000,0.066046,0.394540,-0.204919,0.280475,OK
281,2.810000,39.251092,0.107559,12.063503,3.000000,0.066037,0.394599,-0.205311,0.281551,OK
282,2.820000,39.259060,0.107316,12.064038,3.000000,0.066028,0.394661,-0.205701,0.282624,OK
283,2.830000,39.267051,0.107073,12.064614,3.000000,0.066019,0.394725,-0.206091,0.283694,OK
284,2.840000,39.275064,0.106829,12.065224,3.000000,0.066009,0.394792,-0.206479,0.284763,OK
285,2.850000,39.283098,0.106584,12.065866,3.000000,0.066000,0.394861,-0.206865,0.285829,OK
286,2.860000,39.291153,0.106339,12.066535,3.000000,0.065991,0.394933,-0.207249,0.286892,OK
287,2.870000,39.299226,0.106093,12.067230,3.000000,0.065982,0.395008,-0.207633,0.287953,OK
288,2.880000,39.307319,0.105849,12.067947,3.000000,0.065973,0.395084,-0.208015,0.289011,OK
289,2.890000,39.315428,0.105604,12.068685,3.000000,0.065964,0.395162,-0.208396,0.290067,OK
290,2.900000,39.323554,0.105360,12.069441,3.000000,0.065955,0.395242,-0.208777,0.291121,OK
291,2.910000,39.331695,0.105116,12.070214,3.000000,0.065946,0.395323,-0.209156,0.292172,OK
292,2.920000,39.339851,0.104871,12.071005,3.000000,0.065937,0.395408,-0.209533,0.293221,OK
293,2.930000,39.348020,0.104623,12.071820,3.000000,0.065928,0.395495,-0.209908,0.294267,OK
294,2.940000,39.356202,0.104372,12.072663,3.000000,0.065920,0.395587,-0.210279,0.295311,OK
295,2.950000,39.364395,0.104118,12.073539,3.000000,0.065911,0.395682,-0.210647,0.296352,OK
296,2.960000,39.372599,0.103861,12.074455,3.000000,0.065902,0.395780,-0.211012,0.297391,OK
297,2.970000,39.380813,0.103604,12.075414,3.000000,0.065894,0.395880,-0.211376,0.298427,OK
298,2.980000,39.389036,0.103347,12.076420,3.000000,0.065885,0.395982,-0.211739,0.299460,OK
299,2.990000,39.397267,0.103092,12.077470,3.000000,0.065877,0.396085,-0.212101,0.300491,OK
300,3.000000,39.405506,0.102837,12.078560,3.000000,0.065868,0.396188,-0.212462,0.301519,OK
301,3.010000,39.413751,0.102583,12.079684,3.000000,0.065860,0.396293,-0.212823,0.302545,OK
302,3.020000,39.422001,0.102330,12.080832,3.000000,0.065851,0.396398,-0.213182,0.303569,OK
303,3.030000,39.430256,0.102075,12.081997,3.000000,0.065843,0.396506,-0.213540,0.304589,OK
304,3.040000,39.438515,0.101819,12.083175,3.000000,0.065834,0.396616,-0.213895,0.305607,OK
305,3.050000,39.446778,0.101560,12.084364,3.000000,0.065826,0.396729,-0.214248,0.306623,OK
306,3.060000,39.455043,0.101300,12.085566,3.000000,0.065818,0.396844,-0.214598,0.307636,OK
307,3.070000,39.463309,0.101037,12.086783,3.000000,0.065809,0.396962,-0.214946,0.308646,OK
308,3.080000,39.471577,0.100773,12.088024,3.000000,0.065801,0.397082,-0.215291,0.309654,OK
309,3.090000,39.479844,0.100509,12.089292,3.000000,0.065793,0.397202,-0.215635,0.310659,OK
310,3.100000,39.488110,0.100246,12.090592,3.000000,0.065785,0.397324,-0.215978,0.311662,OK
311,3.110000,39.496375,0.099983,12.091925,3.000000,0.065777,0.397446,-0.216321,0.312662,OK
312,3.120000,39.504637,0.099722,12.093292,3.000000,0.065769,0.397569,-0.216663,0.313659,OK
313,3.130000,39.512896,0.099461,12.094688,3.000000,0.065761,0.397692,-0.217003,0.314653,OK
314,3.140000,39.521151,0.099201,12.096110,3.000000,0.065753,0.397816,-0.217343,0.315645,OK
315,3.150000,39.529401,0.098939,12.097553,3.000000,0.065745,0.397941,-0.217681,0.316635,OK
316,3.160000,39.537646,0.098677,12.099016,3.000000,0.065737,0.398068,-0.218017,0.317622,OK
317,3.170000,39.545885,0.098414,12.100495,3.000000,0.065729,0.398196,-0.218351,0.318606,OK
318,3.180000,39.554118,0.098150,12.101989,3.000000,0.065721,0.398325,-0.218684,0.319587,OK
319,3.190000,39.562343,0.097886,12.103500,3.000000,0.065713,0.398455,-0.219015,0.320566,OK
320,3.200000,39.570560,0.097623,12.105029,3.000000,0.065705,0.398585,-0.219345,0.321542,OK
321,3.210000,39.578767,0.097360,12.106577,3.000000,0.065698,0.398716,-0.219674,0.322516,OK
322,3.220000,39.586966,0.097097,12.108143,3.000000,0.065690,0.398847,-0.220002,0.323487,OK
323,3.230000,39.595154,0.096835,12.109728,3.000000,0.065682,0.398979,-0.220329,0.324455,OK
324,3.240000,39.603331,0.096572,12.111334,3.000000,0.065675,0.399111,-0.220654,0.325421,OK
325,3.250000,39.611496,0.096309,12.112958,3.000000,0.065667,0.399244,-0.220977,0.326384,OK
326,3.260000,39.619649,0.096044,12.114601,3.000000,0.065659,0.399379,-0.221299,0.327345,OK
327,3.270000,39.627789,0.095779,12.116266,3.000000,0.065652,0.399514,-0.221619,0.328302,OK
328,3.280000,39.635916,0.095513,12.117952,3.000000,0.065644,0.399650,-0.221937,0.329257,OK
329,3.290000,39.644028,0.095248,12.119661,3.000000,0.065637,0.399787,-0.222254,0.330210,OK
330,3.300000,39.652125,0.094982,12.121392,3.000000,0.065629,0.399923,-0.222569,0.331160,OK
331,3.310000,39.660207,0.094718,12.123145,3.000000,0.065622,0.400059,-0.222884,0.332107,OK
332,3.320000,39.668273,0.094454,12.124920,3.000000,0.065614,0.400196,-0.223198,0.333051,OK
333,3.330000,39.676322,0.094190,12.126712,3.000000,0.065607,0.400332,-0.223511,0.333993,OK
334,3.340000,39.684353,0.093926,12.128519,3.000000,0.065600,0.400468,-0.223822,0.334933,OK
335,3.350000,39.692367,0.093663,12.130340,3.000000,0.065592,0.400605,-0.224132,0.335869,OK
336,3.360000,39.700362,0.093399,12.132173,3.000000,0.065585,0.400742,-0.224441,0.336803,OK
337,3.370000,39.708338,0.093134,12.134019,3.000000,0.065578,0.400879,-0.224748,0.337735,OK
338,3.380000,39.716294,0.092869,12.135878,3.000000,0.065571,0.401017,-0.225053,0.338663,OK
339,3.390000,39.724229,0.092603,12.137753,3.000000,0.065563,0.401156,-0.225356,0.339589,OK
340,3.400000,39.732144,0.092336,12.139647,3.000000,0.065556,0.401295,-0.225658,0.340513,OK
341,3.410000,39.740037,0.092069,12.141560,3.000000,0.065549,0.401434,-0.225958,0.341433,OK
342,3.420000,39.747908,0.091803,12.143495,3.000000,0.065542,0.401573,-0.226257,0.342351,OK
343,3.430000,39.755757,0.091537,12.145452,3.000000,0.065535,0.401711,-0.226555,0.343267,OK
344,3.440000,39.763582,0.091271,12.147428,3.000000,0.065528,0.401849,-0.226852,0.344179,OK
345,3.450000,39.771384,0.091006,12.149423,3.000000,0.065521,0.401986,-0.227149,0.345089,OK
346,3.460000,39.779161,0.090742,12.151433,3.000000,0.065514,0.402123,-0.227443,0.345997,OK
347,3.470000,39.786913,0.090477,12.153457,3.000000,0.065507,0.402260,-0.227737,0.346902,OK
348,3.480000,39.794640,0.090212,12.155494,3.000000,0.065500,0.402397,-0.228029,0.347804,OK
349,3.490000,39.802341,0.089946,12.157543,3.000000,0.065493,0.402534,-0.228319,0.348703,OK
350,3.500000,39.810016,0.089679,12.159604,3.000000,0.065487,0.402672,-0.228607,0.349600,OK
351,3.510000,39.817664,0.089412,12.161679,3.000000,0.065480,0.402809,-0.228894,0.350494,OK
352,3.520000,39.825285,0.089145,12.163769,3.000000,0.065473,0.402946,-0.229180,0.351386,OK
353,3.530000,39.832878,0.088879,12.165875,3.000000,0.065466,0.403082,-0.229465,0.352274,OK
354,3.540000,39.840442,0.088613,12.167996,3.000000,0.065460,0.403217,-0.229748,0.353161,OK
355,3.550000,39.847978,0.088348,12.170134,3.000000,0.065453,0.403352,-0.230031,0.354044,OK
356,3.560000,39.855484,0.088082,12.172287,3.000000,0.065446,0.403487,-0.230312,0.354925,OK
357,3.570000,39.862960,0.087817,12.174454,3.000000,0.065440,0.403621,-0.230592,0.355803,OK
358,3.580000,39.870406,0.087551,12.176636,3.000000,0.065433,0.403755,-0.230870,0.356679,OK
359,3.590000,39.877821,0.087284,12.178832,3.000000,0.065427,0.403888,-0.231146,0.357551,OK
360,3.600000,39.885205,0.087017,12.181041,3.000000,0.065420,0.404022,-0.231421,0.358422,OK
361,3.610000,39.892557,0.086750,12.183263,3.000000,0.065414,0.404155,-0.231694,0.359289,OK
362,3.620000,39.899877,0.086483,12.185500,3.000000,0.065407,0.404287,-0.231967,0.360154,OK
363,3.630000,39.907165,0.086217,12.187750,3.000000,0.065401,0.404418,-0.232238,0.361016,OK
364,3.640000,39.914419,0.085951,12.190015,3.000000,0.065394,0.404549,-0.232508,0.361876,OK
365,3.650000,39.921641,0.085685,12.192292,3.000000,0.065388,0.404678,-0.232777,0.362732,OK
366,3.660000,39.928828,0.085420,12.194580,3.000000,0.065382,0.404807,-0.233045,0.363587,OK
367,3.670000,39.935981,0.085155,12.196880,3.000000,0.065375,0.404935,-0.233312,0.364438,OK
368,3.680000,39.943099,0.084889,12.199191,3.000000,0.065369,0.405063,-0.233577,0.365287,OK
369,3.690000,39.950183,0.084623,12.201513,3.000000,0.065363,0.405190,-0.233840,0.366133,OK
370,3.700000,39.957230,0.084357,12.203846,3.000000,0.065357,0.405317,-0.234102,0.366977,OK
371,3.710000,39.964242,0.084090,12.206191,3.000000,0.065351,0.405443,-0.234363,0.367818,OK
372,3.720000,39.971218,0.083824,12.208548,3.000000,0.065344,0.405568,-0.234622,0.368656,OK
373,3.730000,39.978157,0.083558,12.210919,3.000000,0.065338,0.405692,-0.234880,0.369492,OK
374,3.740000,39.985059,0.083292,12.213303,3.000000,0.065332,0.405815,-0.235137,0.370324,OK
375,3.750000,39.991923,0.083027,12.215700,3.000000,0.065326,0.405937,-0.235393,0.371155,OK
376,3.760000,39.998750,0.082762,12.218108,3.000000,0.065320,0.406057,-0.235648,0.371982,OK
377,3.770000,40.005538,0.082497,12.220529,3.000000,0.065314,0.406177,-0.235902,0.372807,OK
378,3.780000,40.012288,0.082232,12.222959,3.000000,0.065308,0.406296,-0.236154,0.373630,OK
379,3.790000,40.018999,0.081967,12.225398,3.000000,0.065302,0.406415,-0.236405,0.374449,OK
380,3.800000,40.025671,0.081701,12.227846,3.000000,0.065296,0.406532,-0.236654,0.375266,OK
381,3.810000,40.032304,0.081436,12.230302,3.000000,0.065291,0.406649,-0.236902,0.376081,OK
382,3.820000,40.038897,0.081171,12.232769,3.000000,0.065285,0.406764,-0.237149,0.376892,OK
383,3.830000,40.045449,0.080906,12.235244,3.000000,0.065279,0.406879,-0.237394,0.377701,OK
384,3.840000,40.051961,0.080641,12.237731,3.000000,0.065273,0.406992,-0.237639,0.378508,OK
385,3.850000,40.058432,0.080377,12.240228,3.000000,0.065267,0.407104,-0.237882,0.379312,OK
386,3.860000,40.064862,0.080113,12.242735,3.000000,0.065262,0.407214,-0.238124,0.380113,OK
387,3.870000,40.071250,0.079849,12.245253,3.000000,0.065256,0.407324,-0.238365,0.380911,OK
388,3.880000,40.077597,0.079584,12.247780,3.000000,0.065250,0.407433,-0.238604,0.381707,OK
389,3.890000,40.083902,0.079320,12.250316,3.000000,0.065245,0.407540,-0.238842,0.382500,OK
390,3.900000,40.090164,0.079056,12.252861,3.000000,0.065239,0.407647,-0.239079,0.383291,OK
391,3.910000,40.096384,0.078792,12.255413,3.000000,0.065234,0.407752,-0.239315,0.384079,OK
392,3.920000,40.102560,0.078528,12.257974,3.000000,0.065228,0.407856,-0.239549,0.384864,OK
393,3.930000,40.108694,0.078265,12.260542,3.000000,0.065223,0.407959,-0.239782,0.385647,OK
394,3.940000,40.114784,0.078001,12.263119,3.000000,0.065217,0.408061,-0.240014,0.386427,OK
395,3.950000,40.120830,0.077739,12.265704,3.000000,0.065212,0.408161,-0.240245,0.387204,OK
396,3.960000,40.126833,0.077476,12.268297,3.000000,0.065206,0.408259,-0.240475,0.387979,OK
397,3.970000,40.132791,0.077214,12.270898,3.000000,0.065201,0.408356,-0.240704,0.388751,OK
398,3.980000,40.138705,0.076952,12.273507,3.000000,0.065195,0.408452,-0.240931,0.389521,OK
399,3.990000,40.144574,0.076690,12.276122,3.000000,0.065190,0.408547,-0.241158,0.390287,OK
400,4.000000,40.150398,0.076428,12.278744,3.000000,0.065185,0.408641,-0.241382,0.391052,OK
401,4.010000,40.156177,0.076166,12.281373,3.000000,0.065179,0.408733,-0.241606,0.391813,OK
402,4.020000,40.161910,0.075904,12.284009,3.000000,0.065174,0.408824,-0.241828,0.392572,OK
403,4.030000,40.167598,0.075642,12.286651,3.000000,0.065169,0.408914,-0.242050,0.393329,OK
404,4.040000,40.173240,0.075380,12.289299,3.000000,0.065164,0.409002,-0.242270,0.394083,OK
405,4.050000,40.178836,0.075119,12.291955,3.000000,0.065159,0.409089,-0.242488,0.394834,OK
406,4.060000,40.184386,0.074859,12.294617,3.000000,0.065153,0.409174,-0.242706,0.395582,OK
407,4.070000,40.189889,0.074599,12.297286,3.000000,0.065148,0.409257,-0.242923,0.396328,OK
408,4.080000,40.195346,0.074339,12.299961,3.000000,0.065143,0.409339,-0.243139,0.397072,OK
409,4.090000,40.200756,0.074079,12.302642,3.000000,0.065138,0.409420,-0.243354,0.397813,OK
410,4.100000,40.206118,0.073819,12.305327,3.000000,0.065133,0.409499,-0.243567,0.398551,OK
411,4.110000,40.211434,0.073560,12.308018,3.000000,0.065128,0.409577,-0.243779,0.399286,OK
412,4.120000,40.216702,0.073300,12.310712,3.000000,0.065123,0.409653,-0.243990,0.400019,OK
413,4.130000,40.221923,0.073041,12.313411,3.000000,0.065118,0.409728,-0.244200,0.400750,OK
414,4.140000,40.227096,0.072782,12.316115,3.000000,0.065113,0.409802,-0.244408,0.401478,OK
415,4.150000,40.232221,0.072524,12.318824,3.000000,0.065108,0.409873,-0.244616,0.402203,OK
416,4.160000,40.237297,0.072266,12.321538,3.000000,0.065103,0.409944,-0.244822,0.402925,OK
417,4.170000,40.242326,0.072008,12.324256,3.000000,0.065099,0.410012,-0.245028,0.403646,OK
418,4.180000,40.247307,0.071751,12.326980,3.000000,0.065094,0.410078,-0.245232,0.404363,OK
419,4.190000,40.252239,0.071495,12.329708,3.000000,0.065089,0.410143,-0.245436,0.405078,OK
420,4.200000,40.257122,0.071239,12.332439,3.000000,0.065084,0.410207,-0.245639,0.405790,OK
421,4.210000,40.261957,0.070983,12.335175,3.000000,0.065079,0.410269,-0.245840,0.406500,OK
422,4.220000,40.266743,0.070727,12.337913,3.000000,0.065075,0.410329,-0.246040,0.407208,OK
423,4.230000,40.271479,0.070471,12.340655,3.000000,0.065070,0.410388,-0.246238,0.407912,OK
424,4.240000,40.276167,0.070215,12.343399,3.000000,0.065065,0.410445,-0.246436,0.408614,OK
425,4.250000,40.280806,0.069959,12.346146,3.000000,0.065061,0.410501,-0.246633,0.409314,OK
426,4.260000,40.285395,0.069704,12.348901,3.000000,0.065056,0.410555,-0.246828,0.410011,OK
427,4.270000,40.289935,0.069449,12.351654,3.000000,0.065051,0.410608,-0.247022,0.410705,OK
428,4.280000,40.294425,0.069194,12.354419,3.000000,0.065047,0.410659,-0.247215,0.411397,OK
429,4.290000,40.298866,0.068940,12.357181,3.000000,0.065042,0.410708,-0.247407,0.412087,OK
430,4.300000,40.303257,0.068686,12.359951,3.000000,0.065038,0.410755,-0.247598,0.412774,OK
431,4.310000,40.307599,0.068433,12.362718,3.000000,0.065033,0.410801,-0.247789,0.413458,OK
432,4.320000,40.311890,0.068180,12.365493,3.000000,0.065029,0.410845,-0.247978,0.414140,OK
433,4.330000,40.316132,0.067928,12.368262,3.000000,0.065024,0.410887,-0.248166,0.414819,OK
434,4.340000,40.320323,0.067675,12.371038,3.000000,0.065020,0.410928,-0.248353,0.415496,OK
435,4.350000,40.324465,0.067423,12.373810,3.000000,0.065016,0.410967,-0.248539,0.416170,OK
436,4.360000,40.328556,0.067171,12.376587,3.000000,0.065011,0.411004,-0.248723,0.416842,OK
437,4.370000,40.332598,0.066919,12.379359,3.000000,0.065007,0.411040,-0.248907,0.417511,OK
438,4.380000,40.336589,0.066668,12.382137,3.000000,0.065003,0.411073,-0.249090,0.418178,OK
439,4.390000,40.340530,0.066418,12.384911,3.000000,0.064998,0.411105,-0.249272,0.418842,OK
440,4.400000,40.344420,0.066169,12.387689,3.000000,0.064994,0.411135,-0.249453,0.419504,OK
441,4.410000,40.348260,0.065920,12.390463,3.000000,0.064990,0.411163,-0.249633,0.420163,OK
442,4.420000,40.352050,0.065672,12.393240,3.000000,0.064986,0.411189,-0.249813,0.420819,OK
443,4.430000,40.355790,0.065424,12.396019,3.000000,0.064981,0.411213,-0.249992,0.421474,OK
444,4.440000,40.359479,0.065177,12.398794,3.000000,0.064977,0.411235,-0.250169,0.422125,OK
445,4.450000,40.363118,0.064931,12.401572,3.000000,0.064973,0.411255,-0.250346,0.422775,OK
446,4.460000,40.366706,0.064685,12.404350,3.000000,0.064969,0.411274,-0.250522,0.423422,OK
447,4.470000,40.370244,0.064440,12.407123,3.000000,0.064965,0.411291,-0.250697,0.424066,OK
448,4.480000,40.373731,0.064194,12.409898,3.000000,0.064961,0.411306,-0.250871,0.424708,OK
449,4.490000,40.377168,0.063949,12.412672,3.000000,0.064956,0.411319,-0.251043,0.425347,OK
450,4.500000,40.380554,0.063704,12.415447,3.000000,0.064952,0.411331,-0.251215,0.425984,OK
451,4.510000,40.383890,0.063460,12.418223,3.000000,0.064948,0.411341,-0.251385,0.426619,OK
452,4.520000,40.387176,0.063216,12.420995,3.000000,0.064944,0.411349,-0.251555,0.427251,OK
453,4.530000,40.390411,0.062972,12.423766,3.000000,0.064940,0.411356,-0.251724,0.427881,OK
454,4.540000,40.393596,0.062730,12.426534,3.000000,0.064936,0.411360,-0.251892,0.428508,OK
455,4.550000,40.396730,0.062488,12.429299,3.000000,0.064932,0.411362,-0.252060,0.429133,OK
456,4.560000,40.399814,0.062247,12.432062,3.000000,0.064928,0.411362,-0.252226,0.429756,OK
457,4.570000,40.402848,0.062007,12.434823,3.000000,0.064925,0.411360,-0.252392,0.430376,OK
458,4.580000,40.405832,0.061767,12.437582,3.000000,0.064921,0.411357,-0.252557,0.430993,OK
459,4.590000,40.408765,0.061528,12.440339,3.000000,0.064917,0.411351,-0.252721,0.431609,OK
460,4.600000,40.411648,0.061290,12.443093,3.000000,0.064913,0.411343,-0.252885,0.432222,OK
461,4.610000,40.414481,0.061053,12.445844,3.000000,0.064909,0.411334,-0.253048,0.432832,OK
462,4.620000,40.417263,0.060816,12.448591,3.000000,0.064905,0.411322,-0.253210,0.433440,OK
463,4.630000,40.419996,0.060580,12.451333,3.000000,0.064901,0.411309,-0.253371,0.434046,OK
464,4.640000,40.422679,0.060344,12.454070,3.000000,0.064898,0.411293,-0.253531,0.434649,OK
465,4.650000,40.425312,0.060110,12.456800,3.000000,0.064894,0.411276,-0.253691,0.435251,OK
466,4.660000,40.427895,0.059876,12.459529,3.000000,0.064890,0.411257,-0.253850,0.435849,OK
467,4.670000,40.430428,0.059642,12.462252,3.000000,0.064886,0.411235,-0.254008,0.436446,OK
468,4.680000,40.432911,0.059409,12.464972,3.000000,0.064883,0.411212,-0.254165,0.437040,OK
469,4.690000,40.435345,0.059177,12.467692,3.000000,0.064879,0.411187,-0.254322,0.437632,OK
470,4.700000,40.437729,0.058945,12.470411,3.000000,0.064875,0.411161,-0.254477,0.438221,OK
471,4.710000,40.440064,0.058712,12.473133,3.000000,0.064872,0.411132,-0.254632,0.438808,OK
472,4.720000,40.442350,0.058480,12.475864,3.000000,0.064868,0.411103,-0.254784,0.439393,OK
473,4.730000,40.444586,0.058247,12.478594,3.000000,0.064864,0.411072,-0.254936,0.439975,OK
474,4.740000,40.446773,0.058013,12.481333,3.000000,0.064861,0.411041,-0.255086,0.440556,OK
475,4.750000,40.448911,0.057779,12.484071,3.000000,0.064857,0.411008,-0.255234,0.441133,OK
476,4.760000,40.451000,0.057545,12.486815,3.000000,0.064854,0.410973,-0.255381,0.441709,OK
477,4.770000,40.453040,0.057310,12.489557,3.000000,0.064850,0.410938,-0.255527,0.442282,OK
478,4.780000,40.455031,0.057075,12.492303,3.000000,0.064847,0.410901,-0.255671,0.442853,OK
479,4.790000,40.456973,0.056839,12.495045,3.000000,0.064844,0.410863,-0.255814,0.443421,OK
480,4.800000,40.458867,0.056603,12.497791,3.000000,0.064840,0.410824,-0.255956,0.443987,OK
481,4.810000,40.460713,0.056367,12.500530,3.000000,0.064837,0.410783,-0.256096,0.444551,OK
482,4.820000,40.462510,0.056131,12.503272,3.000000,0.064834,0.410741,-0.256235,0.445112,OK
483,4.830000,40.464259,0.055895,12.506007,3.000000,0.064831,0.410697,-0.256373,0.445671,OK
484,4.840000,40.465960,0.055660,12.508743,3.000000,0.064827,0.410652,-0.256510,0.446228,OK
485,4.850000,40.467613,0.055425,12.511471,3.000000,0.064824,0.410605,-0.256646,0.446782,OK
486,4.860000,40.469218,0.055190,12.514199,3.000000,0.064821,0.410557,-0.256781,0.447334,OK
487,4.870000,40.470776,0.054957,12.516917,3.000000,0.064818,0.410506,-0.256916,0.447883,OK
488,4.880000,40.472286,0.054723,12.519636,3.000000,0.064815,0.410454,-0.257049,0.448431,OK
489,4.890000,40.473749,0.054491,12.522343,3.000000,0.064811,0.410400,-0.257182,0.448976,OK
490,4.900000,40.475164,0.054260,12.525050,3.000000,0.064808,0.410343,-0.257315,0.449518,OK
491,4.910000,40.476532,0.054029,12.527746,3.000000,0.064805,0.410285,-0.257447,0.450058,OK
492,4.920000,40.477854,0.053799,12.530441,3.000000,0.064802,0.410226,-0.257578,0.450596,OK
493,4.930000,40.479128,0.053570,12.533128,3.000000,0.064799,0.410164,-0.257708,0.451132,OK
494,4.940000,40.480356,0.053342,12.535812,3.000000,0.064796,0.410101,-0.257838,0.451666,OK
495,4.950000,40.481538,0.053114,12.538490,3.000000,0.064793,0.410035,-0.257967,0.452197,OK
496,4.960000,40.482673,0.052886,12.541161,3.000000,0.064790,0.409969,-0.258095,0.452726,OK
497,4.970000,40.483762,0.052659,12.543826,3.000000,0.064787,0.409900,-0.258222,0.453252,OK
498,4.980000,40.484806,0.052432,12.546483,3.000000,0.064784,0.409830,-0.258348,0.453776,OK
499,4.990000,40.485803,0.052206,12.549133,3.000000,0.064781,0.409759,-0.258473,0.454298,OK
500,5.000000,40.486755,0.051981,12.551775,3.000000,0.064778,0.409686,-0.258598,0.454818,OK
501,5.010000,40.487661,0.051756,12.554409,3.000000,0.064775,0.409610,-0.258722,0.455336,OK
502,5.020000,40.488522,0.051533,12.557035,3.000000,0.064772,0.409533,-0.258845,0.455851,OK
503,5.030000,40.489339,0.051310,12.559652,3.000000,0.064769,0.409454,-0.258968,0.456364,OK
504,5.040000,40.490110,0.051088,12.562261,3.000000,0.064766,0.409374,-0.259090,0.456875,OK
505,5.050000,40.490836,0.050867,12.564861,3.000000,0.064763,0.409291,-0.259212,0.457384,OK
506,5.060000,40.491518,0.050648,12.567453,3.000000,0.064761,0.409206,-0.259334,0.457890,OK
507,5.070000,40.492156,0.050429,12.570036,3.000000,0.064758,0.409120,-0.259455,0.458395,OK
508,5.080000,40.492750,0.050212,12.572609,3.000000,0.064755,0.409031,-0.259575,0.458897,OK
509,5.090000,40.493300,0.049995,12.575174,3.000000,0.064752,0.408941,-0.259695,0.459397,OK
510,5.100000,40.493806,0.049779,12.577730,3.000000,0.064749,0.408848,-0.259815,0.459894,OK
511,5.110000,40.494268,0.049565,12.580276,3.000000,0.064746,0.408754,-0.259934,0.460390,OK
512,5.120000,40.494688,0.049351,12.582814,3.000000,0.064744,0.408658,-0.260053,0.460884,OK
513,5.130000,40.495064,0.049139,12.585342,3.000000,0.064741,0.408560,-0.260171,0.461375,OK
514,5.140000,40.495397,0.048927,12.587862,3.000000,0.064738,0.408460,-0.260289,0.461864,OK
515,5.150000,40.495688,0.048717,12.590372,3.000000,0.064735,0.408359,-0.260406,0.462351,OK
516,5.160000,40.495936,0.048507,12.592871,3.000000,0.064732,0.408256,-0.260522,0.462837,OK
517,5.170000,40.496142,0.048298,12.595362,3.000000,0.064730,0.408151,-0.260638,0.463320,OK
518,5.180000,40.496306,0.048089,12.597843,3.000000,0.064727,0.408045,-0.260753,0.463800,OK
519,5.190000,40.496428,0.047880,12.600314,3.000000,0.064724,0.407937,-0.260868,0.464279,OK
520,5.200000,40.496509,0.047673,12.602775,3.000000,0.064722,0.407827,-0.260982,0.464756,OK
521,5.210000,40.496548,0.047466,12.605226,3.000000,0.064719,0.407716,-0.261095,0.465231,OK
522,5.220000,40.496546,0.047261,12.607667,3.000000,0.064716,0.407603,-0.261208,0.465703,OK
523,5.230000,40.496503,0.047056,12.610099,3.000000,0.064714,0.407488,-0.261320,0.466174,OK
524,5.240000,40.496420,0.046852,12.612520,3.000000,0.064711,0.407372,-0.261432,0.466642,OK
525,5.250000,40.496296,0.046649,12.614931,3.000000,0.064708,0.407253,-0.261544,0.467109,OK
526,5.260000,40.496132,0.046448,12.617332,3.000000,0.064706,0.407133,-0.261655,0.467573,OK
527,5.270000,40.495927,0.046247,12.619723,3.000000,0.064703,0.407012,-0.261766,0.468036,OK
528,5.280000,40.495684,0.046047,12.622104,3.000000,0.064700,0.406888,-0.261876,0.468496,OK
529,5.290000,40.495400,0.045848,12.624474,3.000000,0.064698,0.406763,-0.261986,0.468955,OK
530,5.300000,40.495078,0.045651,12.626834,3.000000,0.064695,0.406636,-0.262096,0.469411,OK
531,5.310000,40.494716,0.045454,12.629183,3.000000,0.064693,0.406507,-0.262205,0.469866,OK
532,5.320000,40.494315,0.045258,12.631522,3.000000,0.064690,0.406377,-0.262314,0.470318,OK
533,5.330000,40.493876,0.045064,12.633851,3.000000,0.064688,0.406244,-0.262423,0.470769,OK
534,5.340000,40.493399,0.044870,12.636169,3.000000,0.064685,0.406111,-0.262531,0.471218,OK
535,5.350000,40.492884,0.044677,12.638476,3.000000,0.064682,0.405975,-0.262638,0.471664,OK
536,5.360000,40.492331,0.044485,12.640773,3.000000,0.064680,0.405838,-0.262746,0.472109,OK
537,5.370000,40.491740,0.044294,12.643059,3.000000,0.064677,0.405699,-0.262853,0.472552,OK
538,5.380000,40.491112,0.044104,12.645333,3.000000,0.064675,0.405559,-0.262959,0.472993,OK
539,5.390000,40.490447,0.043914,12.647598,3.000000,0.064672,0.405418,-0.263065,0.473432,OK
540,5.400000,40.489745,0.043725,12.649850,3.000000,0.064670,0.405275,-0.263170,0.473870,OK
541,5.410000,40.489007,0.043536,12.652092,3.000000,0.064667,0.405130,-0.263274,0.474305,OK
542,5.420000,40.488232,0.043348,12.654322,3.000000,0.064665,0.404985,-0.263378,0.474738,OK
543,5.430000,40.487422,0.043161,12.656541,3.000000,0.064663,0.404837,-0.263482,0.475170,OK
544,5.440000,40.486575,0.042975,12.658749,3.000000,0.064660,0.404688,-0.263585,0.475600,OK
545,5.450000,40.485693,0.042790,12.660945,3.000000,0.064658,0.404538,-0.263688,0.476028,OK
546,5.460000,40.484776,0.042606,12.663130,3.000000,0.064655,0.404386,-0.263791,0.476454,OK
547,5.470000,40.483824,0.042423,12.665304,3.000000,0.064653,0.404232,-0.263893,0.476878,OK
548,5.480000,40.482837,0.042241,12.667466,3.000000,0.064650,0.404077,-0.263995,0.477300,OK
549,5.490000,40.481816,0.042061,12.669617,3.000000,0.064648,0.403920,-0.264097,0.477721,OK
550,5.500000,40.480760,0.041881,12.671756,3.000000,0.064646,0.403762,-0.264198,0.478140,OK
551,5.510000,40.479670,0.041702,12.673884,3.000000,0.064643,0.403602,-0.264300,0.478557,OK
552,5.520000,40.478547,0.041524,12.676000,3.000000,0.064641,0.403440,-0.264401,0.478972,OK
553,5.530000,40.477391,0.041347,12.678104,3.000000,0.064638,0.403277,-0.264501,0.479386,OK
554,5.540000,40.476201,0.041172,12.680197,3.000000,0.064636,0.403113,-0.264602,0.479797,OK
555,5.550000,40.474978,0.040997,12.682278,3.000000,0.064634,0.402947,-0.264702,0.480207,OK
556,5.560000,40.473723,0.040823,12.684348,3.000000,0.064631,0.402779,-0.264802,0.480616,OK
557,5.570000,40.472436,0.040650,12.686406,3.000000,0.064629,0.402610,-0.264901,0.481022,OK
558,5.580000,40.471116,0.040478,12.688452,3.000000,0.064627,0.402440,-0.265000,0.481427,OK
559,5.590000,40.469765,0.040308,12.690487,3.000000,0.064624,0.402268,-0.265099,0.481830,OK
560,5.600000,40.468382,0.040138,12.692510,3.000000,0.064622,0.402094,-0.265198,0.482231,OK
561,5.610000,40.466968,0.039969,12.694521,3.000000,0.064620,0.401920,-0.265297,0.482631,OK
562,5.620000,40.465523,0.039800,12.696519,3.000000,0.064617,0.401744,-0.265395,0.483029,OK
563,5.630000,40.464047,0.039632,12.698507,3.000000,0.064615,0.401567,-0.265492,0.483425,OK
564,5.640000,40.462541,0.039465,12.700482,3.000000,0.064613,0.401388,-0.265589,0.483820,OK
565,5.650000,40.461005,0.039298,12.702445,3.000000,0.064610,0.401209,-0.265685,0.484213,OK
566,5.660000,40.459438,0.039132,12.704395,3.000000,0.064608,0.401028,-0.265782,0.484604,OK
567,5.670000,40.457843,0.038967,12.706334,3.000000,0.064606,0.400846,-0.265877,0.484994,OK
568,5.680000,40.456217,0.038803,12.708260,3.000000,0.064604,0.400663,-0.265973,0.485382,OK
569,5.690000,40.454563,0.038640,12.710175,3.000000,0.064601,0.400479,-0.266068,0.485768,OK
570,5.700000,40.452880,0.038478,12.712077,3.000000,0.064599,0.400293,-0.266163,0.486153,OK
571,5.710000,40.451169,0.038317,12.713967,3.000000,0.064597,0.400105,-0.266258,0.486536,OK
572,5.720000,40.449429,0.038157,12.715845,3.000000,0.064595,0.399917,-0.266353,0.486918,OK
573,5.730000,40.447662,0.037998,12.717711,3.000000,0.064592,0.399727,-0.266448,0.487298,OK
574,5.740000,40.445867,0.037840,12.719564,3.000000,0.064590,0.399535,-0.266542,0.487676,OK
575,5.750000,40.444044,0.037683,12.721406,3.000000,0.064588,0.399343,-0.266636,0.488053,OK
576,5.760000,40.442194,0.037527,12.723235,3.000000,0.064586,0.399149,-0.266730,0.488428,OK
577,5.770000,40.440318,0.037372,12.725052,3.000000,0.064584,0.398953,-0.266824,0.488802,OK
578,5.780000,40.438414,0.037218,12.726857,3.000000,0.064581,0.398757,-0.266918,0.489174,OK
579,5.790000,40.436485,0.037065,12.728650,3.000000,0.064579,0.398559,-0.267012,0.489545,OK
580,5.800000,40.434530,0.036913,12.730431,3.000000,0.064577,0.398360,-0.267105,0.489914,OK
581,5.810000,40.432548,0.036762,12.732199,3.000000,0.064575,0.398160,-0.267198,0.490282,OK
582,5.820000,40.430542,0.036612,12.733956,3.000000,0.064573,0.397958,-0.267291,0.490648,OK
583,5.830000,40.428510,0.036463,12.735700,3.000000,0.064570,0.397756,-0.267384,0.491012,OK
584,5.840000,40.426454,0.036315,12.737433,3.000000,0.064568,0.397552,-0.267477,0.491376,OK
585,5.850000,40.424372,0.036168,12.739153,3.000000,0.064566,0.397347,-0.267569,0.491737,OK
586,5.860000,40.422267,0.036021,12.740862,3.000000,0.064564,0.397141,-0.267661,0.492097,OK
587,5.870000,40.420137,0.035875,12.742558,3.000000,0.064562,0.396934,-0.267753,0.492456,OK
588,5.880000,40.417984,0.035731,12.744241,3.000000,0.064559,0.396726,-0.267845,0.492813,OK
589,5.890000,40.415807,0.035586,12.745913,3.000000,0.064557,0.396517,-0.267936,0.493169,OK
590,5.900000,40.413607,0.035442,12.747573,3.000000,0.064555,0.396307,-0.268027,0.493524,OK
591,5.910000,40.411384,0.035299,12.749220,3.000000,0.064553,0.396097,-0.268117,0.493877,OK
592,5.920000,40.409138,0.035156,12.750855,3.000000,0.064551,0.395885,-0.268208,0.494228,OK
593,5.930000,40.406870,0.035014,12.752477,3.000000,0.064549,0.395672,-0.268298,0.494578,OK
594,5.940000,40.404580,0.034873,12.754088,3.000000,0.064547,0.395459,-0.268387,0.494927,OK
595,5.950000,40.402268,0.034733,12.755686,3.000000,0.064544,0.395244,-0.268477,0.495275,OK
596,5.960000,40.399934,0.034594,12.757272,3.000000,0.064542,0.395028,-0.268567,0.495620,OK
597,5.970000,40.397579,0.034456,12.758845,3.000000,0.064540,0.394811,-0.268656,0.495965,OK
598,5.980000,40.395203,0.034319,12.760407,3.000000,0.064538,0.394593,-0.268745,0.496308,OK
599,5.990000,40.392806,0.034183,12.761956,3.000000,0.064536,0.394374,-0.268835,0.496650,OK
600,6.000000,40.390389,0.034048,12.763494,3.000000,0.064534,0.394155,-0.268924,0.496991,OK
601,6.010000,40.387952,0.033913,12.765019,3.000000,0.064532,0.393934,-0.269013,0.497330,OK
602,6.020000,40.385494,0.033780,12.766532,3.000000,0.064530,0.393711,-0.269102,0.497667,OK
603,6.030000,40.383017,0.033648,12.768033,3.000000,0.064528,0.393488,-0.269191,0.498004,OK
604,6.040000,40.380521,0.033517,12.769522,3.000000,0.064526,0.393265,-0.269280,0.498339,OK
605,6.050000,40.378005,0.033386,12.771000,3.000000,0.064523,0.393040,-0.269368,0.498673,OK
606,6.060000,40.375471,0.033257,12.772465,3.000000,0.064521,0.392814,-0.269457,0.499006,OK
607,6.070000,40.372918,0.033128,12.773919,3.000000,0.064519,0.392587,-0.269545,0.499337,OK
608,6.080000,40.370347,0.033001,12.775360,3.000000,0.064517,0.392359,-0.269634,0.499667,OK
609,6.090000,40.367758,0.032874,12.776790,3.000000,0.064515,0.392131,-0.269722,0.499996,OK
610,6.100000,40.365151,0.032748,12.778209,3.000000,0.064513,0.391901,-0.269810,0.500323,OK
611,6.110000,40.362526,0.032623,12.779615,3.000000,0.064511,0.391671,-0.269898,0.500649,OK
612,6.120000,40.359884,0.032499,12.781010,3.000000,0.064509,0.391440,-0.269986,0.500974,OK
613,6.130000,40.357225,0.032375,12.782393,3.000000,0.064507,0.391208,-0.270074,0.501298,OK
614,6.140000,40.354550,0.032252,12.783765,3.000000,0.064505,0.390975,-0.270162,0.501621,OK
615,6.150000,40.351858,0.032131,12.785125,3.000000,0.064503,0.390742,-0.270249,0.501942,OK
616,6.160000,40.349150,0.032009,12.786473,3.000000,0.064501,0.390508,-0.270337,0.502262,OK
617,6.170000,40.346426,0.031888,12.787809,3.000000,0.064499,0.390273,-0.270423,0.502581,OK
618,6.180000,40.343686,0.031768,12.789134,3.000000,0.064496,0.390038,-0.270510,0.502898,OK
619,6.190000,40.340931,0.031647,12.790446,3.000000,0.064494,0.389803,-0.270596,0.503215,OK
620,6.200000,40.338161,0.031528,12.791747,3.000000,0.064492,0.389567,-0.270682,0.503530,OK
621,6.210000,40.335376,0.031409,12.793037,3.000000,0.064490,0.389330,-0.270768,0.503844,OK
622,6.220000,40.332577,0.031292,12.794314,3.000000,0.064488,0.389092,-0.270854,0.504157,OK
623,6.230000,40.329763,0.031175,12.795580,3.000000,0.064486,0.388854,-0.270939,0.504469,OK
624,6.240000,40.326935,0.031058,12.796835,3.000000,0.064484,0.388615,-0.271025,0.504780,OK
625,6.250000,40.324093,0.030943,12.798078,3.000000,0.064482,0.388375,-0.271110,0.505089,OK
626,6.260000,40.321238,0.030829,12.799309,3.000000,0.064480,0.388134,-0.271196,0.505397,OK
627,6.270000,40.318369,0.030715,12.800529,3.000000,0.064478,0.387893,-0.271281,0.505704,OK
628,6.280000,40.315487,0.030603,12.801738,3.000000,0.064476,0.387651,-0.271367,0.506010,OK
629,6.290000,40.312592,0.030491,12.802935,3.000000,0.064474,0.387408,-0.271452,0.506315,OK
630,6.300000,40.309685,0.030380,12.804121,3.000000,0.064472,0.387165,-0.271538,0.506619,OK
631,6.310000,40.306766,0.030271,12.805295,3.000000,0.064470,0.386921,-0.271623,0.506922,OK
632,6.320000,40.303834,0.030161,12.806459,3.000000,0.064468,0.386677,-0.271709,0.507224,OK
633,6.330000,40.300891,0.030053,12.807611,3.000000,0.064466,0.386431,-0.271794,0.507524,OK
634,6.340000,40.297936,0.029946,12.808752,3.000000,0.064464,0.386185,-0.271879,0.507824,OK
635,6.350000,40.294970,0.029839,12.809882,3.000000,0.064462,0.385939,-0.271965,0.508122,OK
636,6.360000,40.291993,0.029734,12.811001,3.000000,0.064460,0.385692,-0.272050,0.508419,OK
637,6.370000,40.289005,0.029629,12.812110,3.000000,0.064458,0.385445,-0.272135,0.508716,OK
638,6.380000,40.286007,0.029524,12.813207,3.000000,0.064456,0.385196,-0.272220,0.509011,OK
639,6.390000,40.282998,0.029421,12.814293,3.000000,0.064454,0.384948,-0.272305,0.509305,OK
640,6.400000,40.279980,0.029318,12.815369,3.000000,0.064452,0.384699,-0.272390,0.509598,OK
641,6.410000,40.276951,0.029216,12.816434,3.000000,0.064450,0.384449,-0.272475,0.509890,OK
642,6.420000,40.273913,0.029115,12.817488,3.000000,0.064448,0.384199,-0.272559,0.510181,OK
643,6.430000,40.270866,0.029014,12.818532,3.000000,0.064446,0.383949,-0.272644,0.510472,OK
644,6.440000,40.267809,0.028914,12.819565,3.000000,0.064444,0.383698,-0.272729,0.510761,OK
645,6.450000,40.264744,0.028814,12.820586,3.000000,0.064442,0.383447,-0.272813,0.511049,OK
646,6.460000,40.261670,0.028715,12.821597,3.000000,0.064440,0.383196,-0.272897,0.511336,OK
647,6.470000,40.258588,0.028616,12.822598,3.000000,0.064438,0.382944,-0.272981,0.511622,OK
648,6.480000,40.255498,0.028517,12.823587,3.000000,0.064436,0.382693,-0.273064,0.511907,OK
649,6.490000,40.252400,0.028419,12.824565,3.000000,0.064434,0.382441,-0.273147,0.512192,OK
650,6.500000,40.249294,0.028322,12.825533,3.000000,0.064432,0.382189,-0.273230,0.512475,OK
651,6.510000,40.246181,0.028225,12.826490,3.000000,0.064430,0.381936,-0.273314,0.512757,OK
652,6.520000,40.243061,0.028129,12.827437,3.000000,0.064428,0.381683,-0.273397,0.513038,OK
653,6.530000,40.239934,0.028034,12.828373,3.000000,0.064426,0.381430,-0.273480,0.513319,OK
654,6.540000,40.236801,0.027939,12.829298,3.000000,0.064424,0.381176,-0.273563,0.513598,OK
655,6.550000,40.233661,0.027846,12.830213,3.000000,0.064422,0.380922,-0.273646,0.513876,OK
656,6.560000,40.230514,0.027753,12.831117,3.000000,0.064420,0.380667,-0.273729,0.514154,OK
657,6.570000,40.227362,0.027661,12.832011,3.000000,0.064418,0.380413,-0.273812,0.514431,OK
658,6.580000,40.224205,0.027570,12.832895,3.000000,0.064416,0.380157,-0.273895,0.514706,OK
659,6.590000,40.221041,0.027479,12.833768,3.000000,0.064415,0.379902,-0.273978,0.514981,OK
660,6.600000,40.217873,0.027389,12.834630,3.000000,0.064413,0.379646,-0.274061,0.515255,OK
661,6.610000,40.214699,0.027301,12.835483,3.000000,0.064411,0.379390,-0.274144,0.515528,OK
662,6.620000,40.211521,0.027212,12.836325,3.000000,0.064409,0.379133,-0.274227,0.515800,OK
663,6.630000,40.208339,0.027125,12.837157,3.000000,0.064407,0.378877,-0.274311,0.516071,OK
664,6.640000,40.205152,0.027038,12.837979,3.000000,0.064405,0.378620,-0.274394,0.516342,OK
665,6.650000,40.201961,0.026952,12.838791,3.000000,0.064403,0.378363,-0.274477,0.516611,OK
666,6.660000,40.198766,0.026866,12.839593,3.000000,0.064401,0.378105,-0.274560,0.516880,OK
667,6.670000,40.195568,0.026782,12.840385,3.000000,0.064399,0.377848,-0.274643,0.517148,OK
668,6.680000,40.192366,0.026697,12.841167,3.000000,0.064397,0.377590,-0.274726,0.517415,OK
669,6.690000,40.189161,0.026614,12.841939,3.000000,0.064395,0.377332,-0.274809,0.517681,OK
670,6.700000,40.185954,0.026531,12.842702,3.000000,0.064393,0.377074,-0.274892,0.517946,OK
671,6.710000,40.182744,0.026449,12.843454,3.000000,0.064391,0.376816,-0.274974,0.518211,OK
672,6.720000,40.179531,0.026367,12.844197,3.000000,0.064389,0.376558,-0.275057,0.518474,OK
673,6.730000,40.176316,0.026286,12.844929,3.000000,0.064387,0.376300,-0.275140,0.518737,OK
674,6.740000,40.173099,0.026205,12.845652,3.000000,0.064385,0.376041,-0.275223,0.518999,OK
675,6.750000,40.169881,0.026125,12.846365,3.000000,0.064383,0.375783,-0.275305,0.519261,OK
676,6.760000,40.166661,0.026044,12.847068,3.000000,0.064381,0.375525,-0.275387,0.519521,OK
677,6.770000,40.163440,0.025964,12.847761,3.000000,0.064379,0.375267,-0.275469,0.519781,OK
678,6.780000,40.160218,0.025885,12.848443,3.000000,0.064377,0.375010,-0.275551,0.520039,OK
679,6.790000,40.156995,0.025806,12.849116,3.000000,0.064375,0.374752,-0.275632,0.520297,OK
680,6.800000,40.153772,0.025727,12.849779,3.000000,0.064373,0.374494,-0.275714,0.520555,OK
681,6.810000,40.150548,0.025649,12.850431,3.000000,0.064372,0.374237,-0.275795,0.520811,OK
682,6.820000,40.147325,0.025572,12.851074,3.000000,0.064370,0.373979,-0.275876,0.521067,OK
683,6.830000,40.144101,0.025495,12.851707,3.000000,0.064368,0.373721,-0.275958,0.521322,OK
684,6.840000,40.140878,0.025419,12.852331,3.000000,0.064366,0.373463,-0.276039,0.521576,OK
685,6.850000,40.137655,0.025343,12.852944,3.000000,0.064364,0.373206,-0.276121,0.521830,OK
686,6.860000,40.134434,0.025269,12.853547,3.000000,0.064362,0.372948,-0.276202,0.522082,OK
687,6.870000,40.131213,0.025195,12.854141,3.000000,0.064360,0.372690,-0.276284,0.522334,OK
688,6.880000,40.127994,0.025121,12.854724,3.000000,0.064358,0.372432,-0.276366,0.522585,OK
689,6.890000,40.124777,0.025049,12.855298,3.000000,0.064356,0.372175,-0.276447,0.522836,OK
690,6.900000,40.121561,0.024977,12.855862,3.000000,0.064354,0.371917,-0.276529,0.523086,OK
691,6.910000,40.118347,0.024906,12.856417,3.000000,0.064352,0.371659,-0.276611,0.523335,OK
692,6.920000,40.115136,0.024835,12.856962,3.000000,0.064350,0.371401,-0.276693,0.523583,OK
693,6.930000,40.111927,0.024765,12.857497,3.000000,0.064348,0.371144,-0.276774,0.523831,OK
694,6.940000,40.108721,0.024696,12.858022,3.000000,0.064346,0.370886,-0.276856,0.524078,OK
695,6.950000,40.105517,0.024627,12.858538,3.000000,0.064345,0.370629,-0.276938,0.524324,OK
696,6.960000,40.102317,0.024559,12.859045,3.000000,0.064343,0.370372,-0.277020,0.524570,OK
697,6.970000,40.099121,0.024491,12.859542,3.000000,0.064341,0.370115,-0.277102,0.524814,OK
698,6.980000,40.095928,0.024424,12.860029,3.000000,0.064339,0.369858,-0.277184,0.525059,OK
699,6.990000,40.092739,0.024357,12.860507,3.000000,0.064337,0.369602,-0.277266,0.525302,OK
700,7.000000,40.089555,0.024291,12.860975,3.000000,0.064335,0.369345,-0.277347,0.525545,OK
701,7.010000,40.086374,0.024226,12.861434,3.000000,0.064333,0.369089,-0.277429,0.525787,OK
702,7.020000,40.083199,0.024161,12.861883,3.000000,0.064331,0.368833,-0.277511,0.526029,OK
703,7.030000,40.080028,0.024096,12.862323,3.000000,0.064329,0.368578,-0.277593,0.526270,OK
704,7.040000,40.076863,0.024032,12.862753,3.000000,0.064327,0.368322,-0.277674,0.526510,OK
705,7.050000,40.073702,0.023968,12.863173,3.000000,0.064325,0.368067,-0.277756,0.526750,OK
706,7.060000,40.070548,0.023905,12.863583,3.000000,0.064323,0.367813,-0.277837,0.526989,OK
707,7.070000,40.067399,0.023841,12.863984,3.000000,0.064321,0.367559,-0.277918,0.527227,OK
708,7.080000,40.064257,0.023778,12.864375,3.000000,0.064319,0.367306,-0.277999,0.527465,OK
709,7.090000,40.061120,0.023715,12.864756,3.000000,0.064318,0.367053,-0.278080,0.527702,OK
710,7.100000,40.057990,0.023652,12.865127,3.000000,0.064316,0.366801,-0.278161,0.527939,OK
711,7.110000,40.054868,0.023590,12.865489,3.000000,0.064314,0.366548,-0.278241,0.528175,OK
712,7.120000,40.051752,0.023529,12.865841,3.000000,0.064312,0.366297,-0.278322,0.528410,OK
713,7.130000,40.048643,0.023468,12.866183,3.000000,0.064310,0.366045,-0.278403,0.528645,OK
714,7.140000,40.045542,0.023408,12.866515,3.000000,0.064308,0.365794,-0.278484,0.528879,OK
715,7.150000,40.042449,0.023348,12.866837,3.000000,0.064306,0.365543,-0.278565,0.529112,OK
716,7.160000,40.039364,0.023289,12.867150,3.000000,0.064304,0.365292,-0.278646,0.529345,OK
717,7.170000,40.036287,0.023231,12.867453,3.000000,0.064302,0.365042,-0.278727,0.529578,OK
718,7.180000,40.033218,0.023173,12.867746,3.000000,0.064300,0.364793,-0.278808,0.529809,OK
719,7.190000,40.030158,0.023116,12.868029,3.000000,0.064298,0.364543,-0.278890,0.530040,OK
720,7.200000,40.027108,0.023059,12.868303,3.000000,0.064297,0.364294,-0.278971,0.530271,OK
721,7.210000,40.024066,0.023003,12.868567,3.000000,0.064295,0.364045,-0.279053,0.530501,OK
722,7.220000,40.021034,0.022948,12.868821,3.000000,0.064293,0.363797,-0.279134,0.530730,OK
723,7.230000,40.018012,0.022893,12.869066,3.000000,0.064291,0.363549,-0.279216,0.530959,OK
724,7.240000,40.015000,0.022839,12.869302,3.000000,0.064289,0.363302,-0.279297,0.531188,OK
725,7.250000,40.011997,0.022785,12.869527,3.000000,0.064287,0.363055,-0.279379,0.531416,OK
726,7.260000,40.009006,0.022732,12.869744,3.000000,0.064285,0.362809,-0.279461,0.531643,OK
727,7.270000,40.006025,0.022679,12.869950,3.000000,0.064283,0.362563,-0.279543,0.531870,OK
728,7.280000,40.003055,0.022627,12.870147,3.000000,0.064281,0.362318,-0.279624,0.532096,OK
729,7.290000,40.000096,0.022575,12.870335,3.000000,0.064279,0.362074,-0.279706,0.532322,OK
730,7.300000,39.997148,0.022524,12.870513,3.000000,0.064277,0.361829,-0.279788,0.532547,OK
731,7.310000,39.994213,0.022473,12.870682,3.000000,0.064275,0.361586,-0.279870,0.532772,OK
732,7.320000,39.991289,0.022423,12.870841,3.000000,0.064273,0.361343,-0.279952,0.532996,OK
733,7.330000,39.988377,0.022373,12.870991,3.000000,0.064271,0.361101,-0.280034,0.533220,OK
734,7.340000,39.985477,0.022323,12.871132,3.000000,0.064269,0.360860,-0.280116,0.533443,OK
735,7.350000,39.982591,0.022274,12.871262,3.000000,0.064268,0.360619,-0.280197,0.533666,OK
736,7.360000,39.979717,0.022225,12.871383,3.000000,0.064266,0.360379,-0.280279,0.533888,OK
737,7.370000,39.976856,0.022175,12.871494,3.000000,0.064264,0.360140,-0.280360,0.534110,OK
738,7.380000,39.974008,0.022126,12.871596,3.000000,0.064262,0.359902,-0.280441,0.534331,OK
739,7.390000,39.971174,0.022078,12.871688,3.000000,0.064260,0.359665,-0.280522,0.534552,OK
740,7.400000,39.968354,0.022029,12.871770,3.000000,0.064258,0.359428,-0.280604,0.534772,OK
741,7.410000,39.965548,0.021981,12.871843,3.000000,0.064256,0.359193,-0.280685,0.534992,OK
742,7.420000,39.962756,0.021934,12.871907,3.000000,0.064254,0.358958,-0.280766,0.535211,OK
743,7.430000,39.959979,0.021887,12.871961,3.000000,0.064252,0.358723,-0.280847,0.535430,OK
744,7.440000,39.957216,0.021841,12.872005,3.000000,0.064250,0.358489,-0.280929,0.535648,OK
745,7.450000,39.954468,0.021795,12.872040,3.000000,0.064248,0.358256,-0.281010,0.535866,OK
746,7.460000,39.951736,0.021750,12.872066,3.000000,0.064246,0.358024,-0.281092,0.536084,OK
747,7.470000,39.949019,0.021705,12.872082,3.000000,0.064244,0.357793,-0.281174,0.536301,OK
748,7.480000,39.946317,0.021661,12.872089,3.000000,0.064243,0.357562,-0.281256,0.536518,OK
749,7.490000,39.943631,0.021618,12.872087,3.000000,0.064241,0.357332,-0.281338,0.536734,OK
750,7.500000,39.940962,0.021575,12.872075,3.000000,0.064239,0.357102,-0.281420,0.536950,OK
751,7.510000,39.938308,0.021532,12.872054,3.000000,0.064237,0.356874,-0.281502,0.537165,OK
752,7.520000,39.935672,0.021491,12.872025,3.000000,0.064235,0.356646,-0.281584,0.537380,OK
753,7.530000,39.933052,0.021449,12.871986,3.000000,0.064233,0.356419,-0.281667,0.537594,OK
754,7.540000,39.930449,0.021408,12.871939,3.000000,0.064231,0.356193,-0.281749,0.537808,OK
755,7.550000,39.927863,0.021368,12.871882,3.000000,0.064229,0.355968,-0.281832,0.538022,OK
756,7.560000,39.925294,0.021328,12.871817,3.000000,0.064227,0.355743,-0.281914,0.538235,OK
757,7.570000,39.922743,0.021288,12.871744,3.000000,0.064225,0.355520,-0.281997,0.538448,OK
758,7.580000,39.920210,0.021249,12.871661,3.000000,0.064223,0.355297,-0.282080,0.538661,OK
759,7.590000,39.917695,0.021210,12.871570,3.000000,0.064221,0.355076,-0.282162,0.538873,OK
760,7.600000,39.915198,0.021172,12.871471,3.000000,0.064219,0.354855,-0.282245,0.539084,OK
761,7.610000,39.912719,0.021133,12.871363,3.000000,0.064217,0.354635,-0.282328,0.539296,OK
762,7.620000,39.910259,0.021096,12.871247,3.000000,0.064215,0.354416,-0.282411,0.539507,OK
763,7.630000,39.907818,0.021058,12.871122,3.000000,0.064213,0.354199,-0.282494,0.539717,OK
764,7.640000,39.905396,0.021021,12.870989,3.000000,0.064211,0.353982,-0.282577,0.539928,OK
765,7.650000,39.902993,0.020985,12.870847,3.000000,0.064209,0.353766,-0.282659,0.540137,OK
766,7.660000,39.900610,0.020948,12.870698,3.000000,0.064207,0.353552,-0.282742,0.540347,OK
767,7.670000,39.898246,0.020911,12.870540,3.000000,0.064205,0.353339,-0.282824,0.540556,OK
768,7.680000,39.895901,0.020874,12.870374,3.000000,0.064204,0.353128,-0.282907,0.540765,OK
769,7.690000,39.893577,0.020837,12.870199,3.000000,0.064202,0.352917,-0.282989,0.540973,OK
770,7.700000,39.891273,0.020801,12.870017,3.000000,0.064200,0.352707,-0.283071,0.541181,OK
771,7.710000,39.888989,0.020765,12.869827,3.000000,0.064198,0.352499,-0.283153,0.541389,OK
772,7.720000,39.886726,0.020729,12.869629,3.000000,0.064196,0.352291,-0.283236,0.541596,OK
773,7.730000,39.884483,0.020694,12.869423,3.000000,0.064194,0.352085,-0.283318,0.541803,OK
774,7.740000,39.882261,0.020659,12.869209,3.000000,0.064192,0.351880,-0.283400,0.542010,OK
775,7.750000,39.880060,0.020625,12.868988,3.000000,0.064190,0.351675,-0.283483,0.542216,OK
776,7.760000,39.877880,0.020591,12.868759,3.000000,0.064188,0.351472,-0.283566,0.542422,OK
777,7.770000,39.875721,0.020558,12.868523,3.000000,0.064186,0.351270,-0.283649,0.542627,OK
778,7.780000,39.873584,0.020525,12.868279,3.000000,0.064184,0.351069,-0.283731,0.542833,OK
779,7.790000,39.871468,0.020493,12.868029,3.000000,0.064182,0.350869,-0.283814,0.543038,OK
780,7.800000,39.869374,0.020461,12.867771,3.000000,0.064180,0.350670,-0.283898,0.543242,OK
781,7.810000,39.867302,0.020429,12.867507,3.000000,0.064178,0.350472,-0.283981,0.543446,OK
782,7.820000,39.865252,0.020398,12.867235,3.000000,0.064176,0.350275,-0.284064,0.543650,OK
783,7.830000,39.863224,0.020367,12.866957,3.000000,0.064174,0.350079,-0.284147,0.543854,OK
784,7.840000,39.861218,0.020337,12.866673,3.000000,0.064172,0.349885,-0.284231,0.544057,OK
785,7.850000,39.859235,0.020307,12.866382,3.000000,0.064170,0.349692,-0.284314,0.544261,OK
786,7.860000,39.857274,0.020277,12.866085,3.000000,0.064168,0.349500,-0.284398,0.544463,OK
787,7.870000,39.855336,0.020248,12.865782,3.000000,0.064166,0.349309,-0.284482,0.544666,OK
788,7.880000,39.853421,0.020219,12.865473,3.000000,0.064164,0.349119,-0.284565,0.544868,OK
789,7.890000,39.851529,0.020190,12.865158,3.000000,0.064162,0.348931,-0.284649,0.545070,OK
790,7.900000,39.849659,0.020161,12.864837,3.000000,0.064160,0.348744,-0.284732,0.545271,OK
791,7.910000,39.847813,0.020133,12.864511,3.000000,0.064158,0.348558,-0.284816,0.545473,OK
792,7.920000,39.845990,0.020105,12.864178,3.000000,0.064156,0.348373,-0.284900,0.545674,OK
793,7.930000,39.844191,0.020077,12.863841,3.000000,0.064154,0.348190,-0.284983,0.545875,OK
794,7.940000,39.842415,0.020049,12.863498,3.000000,0.064152,0.348008,-0.285067,0.546075,OK
795,7.950000,39.840662,0.020021,12.863149,3.000000,0.064151,0.347827,-0.285150,0.546275,OK
796,7.960000,39.838933,0.019993,12.862796,3.000000,0.064149,0.347648,-0.285234,0.546475,OK
797,7.970000,39.837228,0.019965,12.862437,3.000000,0.064147,0.347471,-0.285316,0.546675,OK
798,7.980000,39.835547,0.019937,12.862073,3.000000,0.064145,0.347295,-0.285399,0.546874,OK
799,7.990000,39.833889,0.019909,12.861704,3.000000,0.064143,0.347121,-0.285482,0.547073,OK
800,8.000000,39.832256,0.019881,12.861330,3.000000,0.064141,0.346947,-0.285565,0.547272,OK
801,8.010000,39.830646,0.019853,12.860952,3.000000,0.064139,0.346776,-0.285647,0.547471,OK
802,8.020000,39.829061,0.019826,12.860569,3.000000,0.064137,0.346605,-0.285730,0.547669,OK
803,8.030000,39.827499,0.019799,12.860181,3.000000,0.064135,0.346436,-0.285813,0.547867,OK
804,8.040000,39.825962,0.019772,12.859790,3.000000,0.064133,0.346268,-0.285895,0.548065,OK
805,8.050000,39.824449,0.019745,12.859394,3.000000,0.064131,0.346101,-0.285978,0.548262,OK
806,8.060000,39.822961,0.019719,12.858993,3.000000,0.064129,0.345936,-0.286061,0.548459,OK
807,8.070000,39.821497,0.019693,12.858589,3.000000,0.064127,0.345772,-0.286144,0.548656,OK
808,8.080000,39.820057,0.019667,12.858181,3.000000,0.064125,0.345609,-0.286227,0.548853,OK
809,8.090000,39.818642,0.019642,12.857770,3.000000,0.064123,0.345448,-0.286310,0.549049,OK
810,8.100000,39.817252,0.019617,12.857355,3.000000,0.064121,0.345287,-0.286393,0.549245,OK
811,8.110000,39.815886,0.019592,12.856937,3.000000,0.064119,0.345129,-0.286476,0.549441,OK
812,8.120000,39.814544,0.019568,12.856515,3.000000,0.064117,0.344971,-0.286559,0.549637,OK
813,8.130000,39.813228,0.019544,12.856091,3.000000,0.064115,0.344815,-0.286642,0.549832,OK
814,8.140000,39.811936,0.019519,12.855663,3.000000,0.064113,0.344660,-0.286726,0.550028,OK
815,8.150000,39.810668,0.019496,12.855233,3.000000,0.064111,0.344507,-0.286809,0.550223,OK
816,8.160000,39.809425,0.019472,12.854801,3.000000,0.064109,0.344355,-0.286892,0.550417,OK
817,8.170000,39.808207,0.019448,12.854366,3.000000,0.064107,0.344204,-0.286975,0.550612,OK
818,8.180000,39.807014,0.019425,12.853928,3.000000,0.064105,0.344055,-0.287058,0.550806,OK
819,8.190000,39.805846,0.019401,12.853489,3.000000,0.064103,0.343907,-0.287141,0.551000,OK
820,8.200000,39.804702,0.019378,12.853047,3.000000,0.064102,0.343760,-0.287224,0.551194,OK
821,8.210000,39.803583,0.019355,12.852604,3.000000,0.064100,0.343615,-0.287307,0.551387,OK
822,8.220000,39.802489,0.019332,12.852158,3.000000,0.064098,0.343472,-0.287390,0.551581,OK
823,8.230000,39.801419,0.019309,12.851711,3.000000,0.064096,0.343330,-0.287472,0.551774,OK
824,8.240000,39.800374,0.019286,12.851263,3.000000,0.064094,0.343189,-0.287555,0.551967,OK
825,8.250000,39.799354,0.019263,12.850812,3.000000,0.064092,0.343050,-0.287637,0.552159,OK
826,8.260000,39.798359,0.019239,12.850360,3.000000,0.064090,0.342913,-0.287719,0.552352,OK
827,8.270000,39.797388,0.019215,12.849907,3.000000,0.064088,0.342777,-0.287801,0.552544,OK
828,8.280000,39.796442,0.019191,12.849452,3.000000,0.064086,0.342643,-0.287883,0.552736,OK
829,8.290000,39.795520,0.019167,12.848996,3.000000,0.064084,0.342511,-0.287964,0.552927,OK
830,8.300000,39.794623,0.019143,12.848539,3.000000,0.064082,0.342380,-0.288045,0.553119,OK
831,8.310000,39.793751,0.019119,12.848081,3.000000,0.064080,0.342250,-0.288127,0.553310,OK
832,8.320000,39.792903,0.019095,12.847622,3.000000,0.064078,0.342122,-0.288208,0.553501,OK
833,8.330000,39.792080,0.019071,12.847162,3.000000,0.064076,0.341995,-0.288289,0.553692,OK
834,8.340000,39.791281,0.019048,12.846702,3.000000,0.064074,0.341870,-0.288370,0.553882,OK
835,8.350000,39.790507,0.019024,12.846241,3.000000,0.064073,0.341746,-0.288451,0.554072,OK
836,8.360000,39.789757,0.019001,12.845780,3.000000,0.064071,0.341623,-0.288532,0.554262,OK
837,8.370000,39.789031,0.018978,12.845318,3.000000,0.064069,0.341502,-0.288613,0.554452,OK
838,8.380000,39.788330,0.018955,12.844857,3.000000,0.064067,0.341382,-0.288694,0.554642,OK
839,8.390000,39.787652,0.018932,12.844395,3.000000,0.064065,0.341263,-0.288775,0.554831,OK
840,8.400000,39.786999,0.018909,12.843933,3.000000,0.064063,0.341146,-0.288856,0.555020,OK
841,8.410000,39.786370,0.018887,12.843472,3.000000,0.064061,0.341030,-0.288937,0.555209,OK
842,8.420000,39.785765,0.018864,12.843011,3.000000,0.064059,0.340916,-0.289017,0.555398,OK
843,8.430000,39.785184,0.018842,12.842550,3.000000,0.064057,0.340803,-0.289098,0.555586,OK
844,8.440000,39.784627,0.018819,12.842091,3.000000,0.064055,0.340691,-0.289179,0.555774,OK
845,8.450000,39.784094,0.018797,12.841632,3.000000,0.064053,0.340581,-0.289259,0.555962,OK
846,8.460000,39.783584,0.018775,12.841173,3.000000,0.064052,0.340472,-0.289340,0.556150,OK
847,8.470000,39.783099,0.018753,12.840716,3.000000,0.064050,0.340365,-0.289420,0.556338,OK
848,8.480000,39.782636,0.018730,12.840260,3.000000,0.064048,0.340259,-0.289501,0.556525,OK
849,8.490000,39.782198,0.018708,12.839806,3.000000,0.064046,0.340154,-0.289581,0.556712,OK
850,8.500000,39.781782,0.018686,12.839352,3.000000,0.064044,0.340051,-0.289661,0.556899,OK
851,8.510000,39.781390,0.018663,12.838900,3.000000,0.064042,0.339950,-0.289741,0.557085,OK
852,8.520000,39.781022,0.018641,12.838449,3.000000,0.064040,0.339849,-0.289821,0.557272,OK
853,8.530000,39.780676,0.018618,12.838000,3.000000,0.064038,0.339751,-0.289900,0.557458,OK
854,8.540000,39.780353,0.018596,12.837553,3.000000,0.064036,0.339653,-0.289980,0.557644,OK
855,8.550000,39.780054,0.018573,12.837107,3.000000,0.064035,0.339557,-0.290059,0.557830,OK
856,8.560000,39.779777,0.018550,12.836662,3.000000,0.064033,0.339463,-0.290138,0.558015,OK
857,8.570000,39.779523,0.018527,12.836220,3.000000,0.064031,0.339370,-0.290216,0.558201,OK
858,8.580000,39.779292,0.018503,12.835779,3.000000,0.064029,0.339279,-0.290295,0.558386,OK
859,8.590000,39.779084,0.018479,12.835340,3.000000,0.064027,0.339190,-0.290372,0.558570,OK
860,8.600000,39.778897,0.018454,12.834903,3.000000,0.064025,0.339102,-0.290450,0.558755,OK
861,8.610000,39.778734,0.018430,12.834468,3.000000,0.064023,0.339015,-0.290528,0.558939,OK
862,8.620000,39.778592,0.018405,12.834035,3.000000,0.064022,0.338930,-0.290605,0.559123,OK
863,8.630000,39.778472,0.018381,12.833604,3.000000,0.064020,0.338846,-0.290682,0.559307,OK
864,8.640000,39.778375,0.018356,12.833176,3.000000,0.064018,0.338764,-0.290759,0.559491,OK
865,8.650000,39.778299,0.018332,12.832749,3.000000,0.064016,0.338683,-0.290836,0.559674,OK
866,8.660000,39.778246,0.018307,12.832325,3.000000,0.064014,0.338603,-0.290913,0.559857,OK
867,8.670000,39.778213,0.018283,12.831904,3.000000,0.064013,0.338524,-0.290990,0.560040,OK
868,8.680000,39.778203,0.018259,12.831485,3.000000,0.064011,0.338447,-0.291066,0.560222,OK
869,8.690000,39.778214,0.018234,12.831068,3.000000,0.064009,0.338371,-0.291143,0.560405,OK
870,8.700000,39.778246,0.018210,12.830655,3.000000,0.064007,0.338296,-0.291219,0.560587,OK
871,8.710000,39.778299,0.018186,12.830244,3.000000,0.064005,0.338223,-0.291296,0.560769,OK
872,8.720000,39.778373,0.018162,12.829836,3.000000,0.064003,0.338151,-0.291372,0.560950,OK
873,8.730000,39.778468,0.018137,12.829431,3.000000,0.064002,0.338080,-0.291448,0.561132,OK
874,8.740000,39.778584,0.018113,12.829029,3.000000,0.064000,0.338010,-0.291524,0.561313,OK
875,8.750000,39.778721,0.018089,12.828630,3.000000,0.063998,0.337942,-0.291600,0.561494,OK
876,8.760000,39.778878,0.018065,12.828235,3.000000,0.063996,0.337875,-0.291676,0.561674,OK
877,8.770000,39.779055,0.018041,12.827843,3.000000,0.063995,0.337809,-0.291752,0.561855,OK
878,8.780000,39.779253,0.018016,12.827454,3.000000,0.063993,0.337744,-0.291827,0.562035,OK
879,8.790000,39.779471,0.017992,12.827069,3.000000,0.063991,0.337681,-0.291903,0.562215,OK
880,8.800000,39.779709,0.017967,12.826688,3.000000,0.063989,0.337619,-0.291978,0.562395,OK
881,8.810000,39.779966,0.017943,12.826310,3.000000,0.063987,0.337559,-0.292053,0.562574,OK
882,8.820000,39.780243,0.017918,12.825936,3.000000,0.063986,0.337499,-0.292127,0.562753,OK
883,8.830000,39.780540,0.017893,12.825565,3.000000,0.063984,0.337441,-0.292202,0.562932,OK
884,8.840000,39.780856,0.017868,12.825198,3.000000,0.063982,0.337385,-0.292276,0.563111,OK
885,8.850000,39.781192,0.017843,12.824830,3.000000,0.063980,0.337329,-0.292350,0.563289,OK
886,8.860000,39.781546,0.017818,12.824470,3.000000,0.063979,0.337274,-0.292425,0.563467,OK
887,8.870000,39.781919,0.017793,12.824106,3.000000,0.063977,0.337221,-0.292499,0.563645,OK
888,8.880000,39.782312,0.017769,12.823751,3.000000,0.063975,0.337169,-0.292573,0.563823,OK
889,8.890000,39.782722,0.017743,12.823394,3.000000,0.063973,0.337118,-0.292646,0.564000,OK
890,8.900000,39.783152,0.017717,12.823046,3.000000,0.063972,0.337069,-0.292719,0.564178,OK
891,8.910000,39.783599,0.017691,12.822697,3.000000,0.063970,0.337021,-0.292792,0.564354,OK
892,8.920000,39.784065,0.017664,12.822357,3.000000,0.063968,0.336975,-0.292864,0.564531,OK
893,8.930000,39.784549,0.017638,12.822016,3.000000,0.063967,0.336929,-0.292936,0.564708,OK
894,8.940000,39.785051,0.017611,12.821685,3.000000,0.063965,0.336885,-0.293008,0.564884,OK
895,8.950000,39.785570,0.017583,12.821353,3.000000,0.063963,0.336843,-0.293080,0.565059,OK
896,8.960000,39.786107,0.017556,12.821031,3.000000,0.063961,0.336801,-0.293151,0.565235,OK
897,8.970000,39.786661,0.017529,12.820709,3.000000,0.063960,0.336761,-0.293222,0.565410,OK
898,8.980000,39.787233,0.017501,12.820396,3.000000,0.063958,0.336721,-0.293293,0.565585,OK
899,8.990000,39.787822,0.017474,12.820083,3.000000,0.063956,0.336683,-0.293364,0.565760,OK
900,9.000000,39.788427,0.017446,12.819779,3.000000,0.063955,0.336646,-0.293435,0.565935,OK
901,9.010000,39.789050,0.017418,12.819475,3.000000,0.063953,0.336610,-0.293505,0.566109,OK
902,9.020000,39.789689,0.017391,12.819181,3.000000,0.063951,0.336576,-0.293576,0.566283,OK
903,9.030000,39.790344,0.017363,12.818887,3.000000,0.063950,0.336542,-0.293646,0.566456,OK
904,9.040000,39.791016,0.017334,12.818602,3.000000,0.063948,0.336509,-0.293715,0.566630,OK
905,9.050000,39.791704,0.017306,12.818318,3.000000,0.063946,0.336478,-0.293785,0.566803,OK
906,9.060000,39.792407,0.017278,12.818043,3.000000,0.063945,0.336447,-0.293855,0.566975,OK
907,9.070000,39.793127,0.017250,12.817769,3.000000,0.063943,0.336418,-0.293924,0.567148,OK
908,9.080000,39.793862,0.017221,12.817503,3.000000,0.063942,0.336390,-0.293993,0.567320,OK
909,9.090000,39.794613,0.017193,12.817239,3.000000,0.063940,0.336363,-0.294062,0.567492,OK
910,9.100000,39.795379,0.017164,12.816978,3.000000,0.063938,0.336337,-0.294130,0.567664,OK
911,9.110000,39.796160,0.017136,12.816724,3.000000,0.063937,0.336311,-0.294199,0.567835,OK
912,9.120000,39.796956,0.017107,12.816472,3.000000,0.063935,0.336287,-0.294267,0.568006,OK
913,9.130000,39.797767,0.017078,12.816225,3.000000,0.063933,0.336264,-0.294335,0.568177,OK
914,9.140000,39.798592,0.017050,12.815985,3.000000,0.063932,0.336242,-0.294403,0.568347,OK
915,9.150000,39.799432,0.017020,12.815747,3.000000,0.063930,0.336221,-0.294471,0.568518,OK
916,9.160000,39.800286,0.016991,12.815515,3.000000,0.063929,0.336201,-0.294539,0.568688,OK
917,9.170000,39.801154,0.016962,12.815290,3.000000,0.063927,0.336182,-0.294606,0.568857,OK
918,9.180000,39.802037,0.016932,12.815068,3.000000,0.063926,0.336164,-0.294673,0.569026,OK
919,9.190000,39.802933,0.016903,12.814851,3.000000,0.063924,0.336147,-0.294739,0.569195,OK
920,9.200000,39.803842,0.016873,12.814637,3.000000,0.063922,0.336131,-0.294806,0.569364,OK
921,9.210000,39.804765,0.016843,12.814431,3.000000,0.063921,0.336116,-0.294872,0.569533,OK
922,9.220000,39.805702,0.016813,12.814228,3.000000,0.063919,0.336102,-0.294938,0.569701,OK
923,9.230000,39.806651,0.016782,12.814030,3.000000,0.063918,0.336089,-0.295004,0.569869,OK
924,9.240000,39.807614,0.016751,12.813837,3.000000,0.063916,0.336077,-0.295069,0.570036,OK
925,9.250000,39.808589,0.016720,12.813646,3.000000,0.063915,0.336066,-0.295134,0.570203,OK
926,9.260000,39.809577,0.016688,12.813463,3.000000,0.063913,0.336057,-0.295198,0.570370,OK
927,9.270000,39.810577,0.016656,12.813284,3.000000,0.063912,0.336048,-0.295262,0.570537,OK
928,9.280000,39.811589,0.016623,12.813111,3.000000,0.063910,0.336041,-0.295325,0.570703,OK
929,9.290000,39.812614,0.016590,12.812943,3.000000,0.063909,0.336035,-0.295388,0.570869,OK
930,9.300000,39.813650,0.016557,12.812779,3.000000,0.063907,0.336029,-0.295452,0.571034,OK
931,9.310000,39.814699,0.016524,12.812619,3.000000,0.063906,0.336024,-0.295514,0.571200,OK
932,9.320000,39.815758,0.016492,12.812463,3.000000,0.063904,0.336020,-0.295577,0.571365,OK
933,9.330000,39.816829,0.016459,12.812310,3.000000,0.063903,0.336017,-0.295640,0.571529,OK
934,9.340000,39.817912,0.016427,12.812161,3.000000,0.063901,0.336014,-0.295703,0.571693,OK
935,9.350000,39.819005,0.016395,12.812015,3.000000,0.063900,0.336012,-0.295766,0.571857,OK
936,9.360000,39.820110,0.016363,12.811874,3.000000,0.063898,0.336011,-0.295828,0.572021,OK
937,9.370000,39.821225,0.016331,12.811736,3.000000,0.063897,0.336010,-0.295891,0.572184,OK
938,9.380000,39.822350,0.016299,12.811603,3.000000,0.063895,0.336010,-0.295953,0.572347,OK
939,9.390000,39.823486,0.016268,12.811475,3.000000,0.063894,0.336010,-0.296016,0.572510,OK
940,9.400000,39.824633,0.016236,12.811352,3.000000,0.063892,0.336012,-0.296078,0.572672,OK
941,9.410000,39.825789,0.016204,12.811234,3.000000,0.063891,0.336014,-0.296140,0.572834,OK
942,9.420000,39.826955,0.016172,12.811122,3.000000,0.063889,0.336017,-0.296201,0.572996,OK
943,9.430000,39.828131,0.016140,12.811016,3.000000,0.063888,0.336021,-0.296263,0.573158,OK
944,9.440000,39.829316,0.016108,12.810915,3.000000,0.063886,0.336025,-0.296324,0.573319,OK
945,9.450000,39.830511,0.016075,12.810821,3.000000,0.063885,0.336031,-0.296385,0.573479,OK
946,9.460000,39.831715,0.016042,12.810733,3.000000,0.063884,0.336037,-0.296445,0.573640,OK
947,9.470000,39.832928,0.016009,12.810652,3.000000,0.063882,0.336044,-0.296505,0.573800,OK
948,9.480000,39.834150,0.015975,12.810578,3.000000,0.063881,0.336052,-0.296565,0.573960,OK
949,9.490000,39.835380,0.015940,12.810511,3.000000,0.063879,0.336061,-0.296624,0.574119,OK
950,9.500000,39.836620,0.015906,12.810451,3.000000,0.063878,0.336071,-0.296682,0.574278,OK
951,9.510000,39.837867,0.015870,12.810399,3.000000,0.063877,0.336082,-0.296740,0.574437,OK
952,9.520000,39.839123,0.015834,12.810355,3.000000,0.063875,0.336094,-0.296798,0.574595,OK
953,9.530000,39.840386,0.015798,12.810318,3.000000,0.063874,0.336107,-0.296855,0.574753,OK
954,9.540000,39.841658,0.015760,12.810289,3.000000,0.063873,0.336121,-0.296912,0.574911,OK
955,9.550000,39.842937,0.015723,12.810268,3.000000,0.063871,0.336136,-0.296968,0.575068,OK
956,9.560000,39.844224,0.015685,12.810249,3.000000,0.063870,0.336152,-0.297023,0.575225,OK
957,9.570000,39.845518,0.015647,12.810238,3.000000,0.063869,0.336168,-0.297079,0.575381,OK
958,9.580000,39.846820,0.015609,12.810229,3.000000,0.063867,0.336185,-0.297134,0.575537,OK
959,9.590000,39.848128,0.015570,12.810226,3.000000,0.063866,0.336203,-0.297189,0.575693,OK
960,9.600000,39.849443,0.015532,12.810224,3.000000,0.063865,0.336221,-0.297243,0.575848,OK
961,9.610000,39.850765,0.015494,12.810228,3.000000,0.063863,0.336239,-0.297298,0.576003,OK
962,9.620000,39.852094,0.015456,12.810236,3.000000,0.063862,0.336258,-0.297353,0.576158,OK
963,9.630000,39.853429,0.015418,12.810248,3.000000,0.063861,0.336278,-0.297407,0.576312,OK
964,9.640000,39.854770,0.015380,12.810261,3.000000,0.063860,0.336298,-0.297461,0.576466,OK
965,9.650000,39.856117,0.015342,12.810280,3.000000,0.063858,0.336319,-0.297515,0.576619,OK
966,9.660000,39.857470,0.015303,12.810302,3.000000,0.063857,0.336341,-0.297568,0.576772,OK
967,9.670000,39.858829,0.015264,12.810325,3.000000,0.063856,0.336363,-0.297621,0.576925,OK
968,9.680000,39.860193,0.015226,12.810353,3.000000,0.063855,0.336385,-0.297674,0.577077,OK
969,9.690000,39.861563,0.015187,12.810385,3.000000,0.063853,0.336408,-0.297727,0.577229,OK
970,9.700000,39.862938,0.015148,12.810418,3.000000,0.063852,0.336432,-0.297779,0.577381,OK
971,9.710000,39.864318,0.015110,12.810457,3.000000,0.063851,0.336456,-0.297832,0.577532,OK
972,9.720000,39.865703,0.015071,12.810501,3.000000,0.063850,0.336480,-0.297884,0.577682,OK
973,9.730000,39.867092,0.015033,12.810545,3.000000,0.063848,0.336505,-0.297936,0.577833,OK
974,9.740000,39.868487,0.014995,12.810597,3.000000,0.063847,0.336530,-0.297988,0.577983,OK
975,9.750000,39.869886,0.014957,12.810653,3.000000,0.063846,0.336555,-0.298040,0.578132,OK
976,9.760000,39.871289,0.014919,12.810710,3.000000,0.063845,0.336581,-0.298092,0.578281,OK
977,9.770000,39.872696,0.014881,12.810775,3.000000,0.063843,0.336607,-0.298144,0.578430,OK
978,9.780000,39.874108,0.014843,12.810844,3.000000,0.063842,0.336634,-0.298195,0.578579,OK
979,9.790000,39.875523,0.014805,12.810914,3.000000,0.063841,0.336661,-0.298247,0.578727,OK
980,9.800000,39.876942,0.014768,12.810992,3.000000,0.063840,0.336688,-0.298298,0.578874,OK
981,9.810000,39.878364,0.014730,12.811075,3.000000,0.063839,0.336716,-0.298349,0.579022,OK
982,9.820000,39.879790,0.014692,12.811159,3.000000,0.063837,0.336744,-0.298399,0.579169,OK
983,9.830000,39.881219,0.014654,12.811251,3.000000,0.063836,0.336772,-0.298450,0.579315,OK
984,9.840000,39.882651,0.014616,12.811347,3.000000,0.063835,0.336801,-0.298500,0.579461,OK
985,9.850000,39.884087,0.014578,12.811445,3.000000,0.063834,0.336831,-0.298550,0.579607,OK
986,9.860000,39.885524,0.014540,12.811551,3.000000,0.063833,0.336860,-0.298600,0.579752,OK
987,9.870000,39.886965,0.014502,12.811656,3.000000,0.063832,0.336890,-0.298650,0.579897,OK
988,9.880000,39.888408,0.014464,12.811769,3.000000,0.063830,0.336920,-0.298700,0.580042,OK
989,9.890000,39.889854,0.014426,12.811883,3.000000,0.063829,0.336951,-0.298749,0.580186,OK
990,9.900000,39.891301,0.014388,12.812004,3.000000,0.063828,0.336982,-0.298798,0.580330,OK
991,9.910000,39.892751,0.014350,12.812127,3.000000,0.063827,0.337013,-0.298847,0.580474,OK
992,9.920000,39.894202,0.014312,12.812257,3.000000,0.063826,0.337045,-0.298896,0.580617,OK
993,9.930000,39.895656,0.014274,12.812388,3.000000,0.063825,0.337077,-0.298944,0.580760,OK
994,9.940000,39.897111,0.014235,12.812527,3.000000,0.063823,0.337109,-0.298992,0.580902,OK
995,9.950000,39.898567,0.014197,12.812668,3.000000,0.063822,0.337141,-0.299040,0.581044,OK
996,9.960000,39.900025,0.014158,12.812817,3.000000,0.063821,0.337174,-0.299088,0.581186,OK
997,9.970000,39.901484,0.014119,12.812966,3.000000,0.063820,0.337208,-0.299135,0.581327,OK
998,9.980000,39.902944,0.014080,12.813124,3.000000,0.063819,0.337241,-0.299182,0.581468,OK
999,9.990000,39.904405,0.014041,12.813283,3.000000,0.063818,0.337275,-0.299229,0.581608,OK
1000,10.000000,39.905867,0.014002,12.813450,3.000000,0.063817,0.337310,-0.299275,0.581748,OK
1001,10.010000,39.907329,0.013963,12.813617,3.000000,0.063816,0.337344,-0.299321,0.581888,OK
1002,10.020000,39.908792,0.013923,12.813793,3.000000,0.063815,0.337379,-0.299367,0.582027,OK
1003,10.030000,39.910256,0.013884,12.813970,3.000000,0.063813,0.337414,-0.299413,0.582166,OK
1004,10.040000,39.911719,0.013844,12.814154,3.000000,0.063812,0.337450,-0.299458,0.582304,OK
1005,10.050000,39.913183,0.013804,12.814339,3.000000,0.063811,0.337485,-0.299503,0.582442,OK
1006,10.060000,39.914647,0.013764,12.814533,3.000000,0.063810,0.337521,-0.299548,0.582580,OK
1007,10.070000,39.916110,0.013724,12.814726,3.000000,0.063809,0.337558,-0.299593,0.582717,OK
1008,10.080000,39.917573,0.013684,12.814928,3.000000,0.063808,0.337594,-0.299637,0.582854,OK
1009,10.090000,39.919036,0.013644,12.815130,3.000000,0.063807,0.337631,-0.299681,0.582990,OK
1010,10.100000,39.920498,0.013603,12.815339,3.000000,0.063806,0.337668,-0.299725,0.583126,OK
1011,10.110000,39.921960,0.013563,12.815549,3.000000,0.063805,0.337705,-0.299769,0.583262,OK
1012,10.120000,39.923420,0.013522,12.815767,3.000000,0.063804,0.337742,-0.299812,0.583397,OK
1013,10.130000,39.924880,0.013482,12.815985,3.000000,0.063803,0.337780,-0.299855,0.583532,OK
1014,10.140000,39.926339,0.013441,12.816210,3.000000,0.063802,0.337817,-0.299898,0.583666,OK
1015,10.150000,39.927796,0.013399,12.816435,3.000000,0.063801,0.337856,-0.299940,0.583800,OK
1016,10.160000,39.929252,0.013357,12.816668,3.000000,0.063800,0.337894,-0.299981,0.583934,OK
1017,10.170000,39.930707,0.013315,12.816900,3.000000,0.063799,0.337933,-0.300023,0.584067,OK
1018,10.180000,39.932160,0.013273,12.817139,3.000000,0.063798,0.337973,-0.300064,0.584200,OK
1019,10.190000,39.933611,0.013231,12.817378,3.000000,0.063797,0.338012,-0.300104,0.584332,OK
1020,10.200000,39.935061,0.013188,12.817625,3.000000,0.063796,0.338052,-0.300145,0.584464,OK
1021,10.210000,39.936509,0.013146,12.817871,3.000000,0.063795,0.338091,-0.300185,0.584595,OK
1022,10.220000,39.937954,0.013103,12.818125,3.000000,0.063794,0.338131,-0.300225,0.584727,OK
1023,10.230000,39.939398,0.013061,12.818377,3.000000,0.063793,0.338170,-0.300265,0.584857,OK
1024,10.240000,39.940839,0.013019,12.818638,3.000000,0.063792,0.338210,-0.300305,0.584987,OK
1025,10.250000,39.942277,0.012977,12.818897,3.000000,0.063791,0.338250,-0.300345,0.585117,OK
1026,10.260000,39.943713,0.012935,12.819164,3.000000,0.063791,0.338289,-0.300384,0.585246,OK
1027,10.270000,39.945147,0.012893,12.819430,3.000000,0.063790,0.338329,-0.300424,0.585375,OK
1028,10.280000,39.946578,0.012851,12.819704,3.000000,0.063789,0.338369,-0.300463,0.585504,OK
1029,10.290000,39.948006,0.012810,12.819977,3.000000,0.063788,0.338409,-0.300502,0.585632,OK
1030,10.300000,39.949430,0.012768,12.820257,3.000000,0.063787,0.338448,-0.300541,0.585760,OK
1031,10.310000,39.950852,0.012727,12.820537,3.000000,0.063786,0.338488,-0.300580,0.585887,OK
1032,10.320000,39.952271,0.012685,12.820824,3.000000,0.063785,0.338528,-0.300618,0.586014,OK
1033,10.330000,39.953686,0.012644,12.821111,3.000000,0.063784,0.338567,-0.300657,0.586140,OK
1034,10.340000,39.955098,0.012603,12.821405,3.000000,0.063783,0.338607,-0.300695,0.586266,OK
1035,10.350000,39.956506,0.012561,12.821698,3.000000,0.063782,0.338646,-0.300733,0.586392,OK
1036,10.360000,39.957911,0.012520,12.821999,3.000000,0.063781,0.338686,-0.300770,0.586517,OK
1037,10.370000,39.959312,0.012479,12.822298,3.000000,0.063781,0.338726,-0.300808,0.586642,OK
1038,10.380000,39.960709,0.012437,12.822606,3.000000,0.063780,0.338765,-0.300845,0.586766,OK
1039,10.390000,39.962102,0.012396,12.822912,3.000000,0.063779,0.338805,-0.300883,0.586890,OK
1040,10.400000,39.963491,0.012354,12.823226,3.000000,0.063778,0.338845,-0.300919,0.587014,OK
1041,10.410000,39.964876,0.012313,12.823538,3.000000,0.063777,0.338884,-0.300956,0.587137,OK
1042,10.420000,39.966257,0.012271,12.823859,3.000000,0.063776,0.338924,-0.300993,0.587260,OK
1043,10.430000,39.967634,0.012230,12.824178,3.000000,0.063775,0.338964,-0.301029,0.587382,OK
1044,10.440000,39.969006,0.012188,12.824504,3.000000,0.063774,0.339003,-0.301065,0.587504,OK
1045,10.450000,39.970373,0.012146,12.824829,3.000000,0.063774,0.339043,-0.301100,0.587625,OK
1046,10.460000,39.971736,0.012105,12.825162,3.000000,0.063773,0.339082,-0.301136,0.587746,OK
1047,10.470000,39.973094,0.012063,12.825494,3.000000,0.063772,0.339122,-0.301171,0.587867,OK
1048,10.480000,39.974447,0.012021,12.825833,3.000000,0.063771,0.339161,-0.301206,0.587987,OK
1049,10.490000,39.975795,0.011979,12.826170,3.000000,0.063770,0.339201,-0.301241,0.588107,OK
1050,10.500000,39.977138,0.011938,12.826515,3.000000,0.063769,0.339240,-0.301276,0.588226,OK
1051,10.510000,39.978476,0.011896,12.826858,3.000000,0.063769,0.339280,-0.301310,0.588345,OK
1052,10.520000,39.979809,0.011854,12.827209,3.000000,0.063768,0.339319,-0.301344,0.588464,OK
1053,10.530000,39.981137,0.011812,12.827558,3.000000,0.063767,0.339358,-0.301378,0.588582,OK
1054,10.540000,39.982459,0.011770,12.827914,3.000000,0.063766,0.339397,-0.301412,0.588700,OK
1055,10.550000,39.983776,0.011728,12.828268,3.000000,0.063765,0.339436,-0.301445,0.588817,OK
1056,10.560000,39.985087,0.011686,12.828630,3.000000,0.063765,0.339475,-0.301478,0.588934,OK
1057,10.570000,39.986392,0.011644,12.828990,3.000000,0.063764,0.339514,-0.301512,0.589050,OK
1058,10.580000,39.987692,0.011602,12.829356,3.000000,0.063763,0.339553,-0.301544,0.589166,OK
1059,10.590000,39.988986,0.011560,12.829721,3.000000,0.063762,0.339591,-0.301577,0.589282,OK
1060,10.600000,39.990274,0.011518,12.830093,3.000000,0.063762,0.339630,-0.301609,0.589397,OK
1061,10.610000,39.991556,0.011476,12.830463,3.000000,0.063761,0.339668,-0.301641,0.589512,OK
1062,10.620000,39.992832,0.011434,12.830839,3.000000,0.063760,0.339707,-0.301673,0.589626,OK
1063,10.630000,39.994102,0.011392,12.831214,3.000000,0.063759,0.339745,-0.301705,0.589740,OK
1064,10.640000,39.995366,0.011350,12.831596,3.000000,0.063759,0.339783,-0.301737,0.589853,OK
1065,10.650000,39.996623,0.011308,12.831975,3.000000,0.063758,0.339821,-0.301768,0.589967,OK
1066,10.660000,39.997874,0.011266,12.832361,3.000000,0.063757,0.339858,-0.301799,0.590079,OK
1067,10.670000,39.999119,0.011224,12.832745,3.000000,0.063756,0.339896,-0.301830,0.590191,OK
1068,10.680000,40.000357,0.011182,12.833136,3.000000,0.063756,0.339933,-0.301861,0.590303,OK
1069,10.690000,40.001589,0.011140,12.833525,3.000000,0.063755,0.339970,-0.301891,0.590415,OK
1070,10.700000,40.002813,0.011098,12.833920,3.000000,0.063754,0.340007,-0.301922,0.590526,OK
1071,10.710000,40.004031,0.011056,12.834313,3.000000,0.063753,0.340044,-0.301952,0.590636,OK
1072,10.720000,40.005243,0.011014,12.834712,3.000000,0.063753,0.340081,-0.301982,0.590746,OK
1073,10.730000,40.006447,0.010973,12.835109,3.000000,0.063752,0.340118,-0.302012,0.590856,OK
1074,10.740000,40.007644,0.010931,12.835512,3.000000,0.063751,0.340154,-0.302041,0.590965,OK
1075,10.750000,40.008835,0.010889,12.835913,3.000000,0.063751,0.340190,-0.302070,0.591074,OK
1076,10.760000,40.010018,0.010847,12.836321,3.000000,0.063750,0.340226,-0.302100,0.591183,OK
1077,10.770000,40.011194,0.010805,12.836726,3.000000,0.063749,0.340262,-0.302129,0.591291,OK
1078,10.780000,40.012363,0.010763,12.837137,3.000000,0.063749,0.340297,-0.302157,0.591398,OK
1079,10.790000,40.013525,0.010722,12.837546,3.000000,0.063748,0.340333,-0.302186,0.591506,OK
1080,10.800000,40.014679,0.010680,12.837961,3.000000,0.063747,0.340368,-0.302214,0.591612,OK
1081,10.810000,40.015826,0.010638,12.838373,3.000000,0.063747,0.340403,-0.302242,0.591719,OK
1082,10.820000,40.016966,0.010597,12.838792,3.000000,0.063746,0.340437,-0.302270,0.591825,OK
1083,10.830000,40.018098,0.010555,12.839208,3.000000,0.063745,0.340472,-0.302298,0.591930,OK
1084,10.840000,40.019222,0.010513,12.839629,3.000000,0.063745,0.340506,-0.302326,0.592035,OK
1085,10.850000,40.020339,0.010471,12.840049,3.000000,0.063744,0.340540,-0.302353,0.592140,OK
1086,10.860000,40.021448,0.010428,12.840473,3.000000,0.063743,0.340575,-0.302379,0.592244,OK
1087,10.870000,40.022549,0.010385,12.840895,3.000000,0.063743,0.340609,-0.302405,0.592348,OK
1088,10.880000,40.023643,0.010343,12.841322,3.000000,0.063742,0.340643,-0.302431,0.592452,OK
1089,10.890000,40.024728,0.010300,12.841746,3.000000,0.063742,0.340677,-0.302457,0.592555,OK
1090,10.900000,40.025806,0.010257,12.842176,3.000000,0.063741,0.340711,-0.302483,0.592657,OK
1091,10.910000,40.026876,0.010214,12.842603,3.000000,0.063740,0.340744,-0.302508,0.592759,OK
1092,10.920000,40.027937,0.010172,12.843035,3.000000,0.063740,0.340777,-0.302534,0.592861,OK
1093,10.930000,40.028991,0.010129,12.843465,3.000000,0.063739,0.340810,-0.302559,0.592962,OK
1094,10.940000,40.030036,0.010087,12.843900,3.000000,0.063739,0.340842,-0.302584,0.593063,OK
1095,10.950000,40.031074,0.010045,12.844332,3.000000,0.063738,0.340874,-0.302609,0.593164,OK
1096,10.960000,40.032103,0.010003,12.844769,3.000000,0.063737,0.340906,-0.302634,0.593264,OK
1097,10.970000,40.033124,0.009962,12.845203,3.000000,0.063737,0.340937,-0.302659,0.593363,OK
1098,10.980000,40.034137,0.009921,12.845643,3.000000,0.063736,0.340968,-0.302684,0.593463,OK
1099,10.990000,40.035141,0.009879,12.846080,3.000000,0.063736,0.340998,-0.302708,0.593561,OK
1100,11.000000,40.036137,0.009838,12.846521,3.000000,0.063735,0.341028,-0.302733,0.593660,OK
1101,11.010000,40.037124,0.009797,12.846961,3.000000,0.063734,0.341058,-0.302757,0.593758,OK
1102,11.020000,40.038103,0.009757,12.847405,3.000000,0.063734,0.341087,-0.302782,0.593855,OK
1103,11.030000,40.039074,0.009716,12.847846,3.000000,0.063733,0.341117,-0.302806,0.593953,OK
1104,11.040000,40.040036,0.009676,12.848292,3.000000,0.063733,0.341145,-0.302830,0.594049,OK
1105,11.050000,40.040989,0.009635,12.848736,3.000000,0.063732,0.341174,-0.302854,0.594146,OK
1106,11.060000,40.041934,0.009595,12.849185,3.000000,0.063732,0.341202,-0.302878,0.594242,OK
1107,11.070000,40.042870,0.009555,12.849636,3.000000,0.063731,0.341230,-0.302901,0.594337,OK
1108,11.080000,40.043797,0.009514,12.850085,3.000000,0.063731,0.341257,-0.302925,0.594432,OK
1109,11.090000,40.044716,0.009474,12.850539,3.000000,0.063730,0.341285,-0.302948,0.594527,OK
1110,11.100000,40.045626,0.009433,12.850995,3.000000,0.063729,0.341312,-0.302970,0.594621,OK
1111,11.110000,40.046527,0.009392,12.851448,3.000000,0.063729,0.341339,-0.302993,0.594715,OK
1112,11.120000,40.047419,0.009352,12.851906,3.000000,0.063728,0.341365,-0.303016,0.594809,OK
1113,11.130000,40.048303,0.009311,12.852364,3.000000,0.063728,0.341392,-0.303038,0.594902,OK
1114,11.140000,40.049177,0.009271,12.852820,3.000000,0.063727,0.341417,-0.303060,0.594995,OK
1115,11.150000,40.050043,0.009231,12.853280,3.000000,0.063727,0.341443,-0.303082,0.595087,OK
1116,11.160000,40.050899,0.009191,12.853741,3.000000,0.063726,0.341468,-0.303104,0.595179,OK
1117,11.170000,40.051747,0.009150,12.854198,3.000000,0.063726,0.341493,-0.303125,0.595270,OK
1118,11.180000,40.052586,0.009111,12.854660,3.000000,0.063725,0.341518,-0.303147,0.595361,OK
1119,11.190000,40.053416,0.009071,12.855122,3.000000,0.063725,0.341542,-0.303168,0.595452,OK
1120,11.200000,40.054236,0.009031,12.855582,3.000000,0.063724,0.341565,-0.303190,0.595542,OK
1121,11.210000,40.055048,0.008991,12.856044,3.000000,0.063724,0.341589,-0.303211,0.595632,OK
1122,11.220000,40.055850,0.008952,12.856508,3.000000,0.063723,0.341612,-0.303232,0.595722,OK
1123,11.230000,40.056644,0.008912,12.856968,3.000000,0.063723,0.341635,-0.303253,0.595811,OK
1124,11.240000,40.057428,0.008873,12.857432,3.000000,0.063722,0.341657,-0.303274,0.595900,OK
1125,11.250000,40.058203,0.008834,12.857896,3.000000,0.063722,0.341679,-0.303294,0.595988,OK
1126,11.260000,40.058969,0.008794,12.858358,3.000000,0.063721,0.341700,-0.303315,0.596076,OK
1127,11.270000,40.059726,0.008756,12.858822,3.000000,0.063721,0.341721,-0.303335,0.596164,OK
1128,11.280000,40.060474,0.008717,12.859287,3.000000,0.063720,0.341742,-0.303355,0.596251,OK
1129,11.290000,40.061212,0.008678,12.859749,3.000000,0.063720,0.341763,-0.303375,0.596338,OK
1130,11.300000,40.061941,0.008639,12.860214,3.000000,0.063719,0.341783,-0.303395,0.596424,OK
1131,11.310000,40.062661,0.008600,12.860680,3.000000,0.063719,0.341802,-0.303415,0.596510,OK
1132,11.320000,40.063372,0.008562,12.861143,3.000000,0.063718,0.341822,-0.303435,0.596596,OK
1133,11.330000,40.064073,0.008524,12.861608,3.000000,0.063718,0.341841,-0.303455,0.596681,OK
1134,11.340000,40.064765,0.008485,12.862074,3.000000,0.063718,0.341859,-0.303474,0.596766,OK
1135,11.350000,40.065448,0.008447,12.862542,3.000000,0.063717,0.341877,-0.303493,0.596850,OK
1136,11.360000,40.066121,0.008408,12.863007,3.000000,0.063717,0.341896,-0.303512,0.596934,OK
1137,11.370000,40.066785,0.008370,12.863475,3.000000,0.063716,0.341913,-0.303531,0.597018,OK
1138,11.380000,40.067440,0.008332,12.863943,3.000000,0.063716,0.341930,-0.303550,0.597101,OK
1139,11.390000,40.068086,0.008293,12.864412,3.000000,0.063715,0.341947,-0.303568,0.597184,OK
1140,11.400000,40.068722,0.008255,12.864877,3.000000,0.063715,0.341964,-0.303586,0.597267,OK
1141,11.410000,40.069349,0.008217,12.865345,3.000000,0.063714,0.341980,-0.303605,0.597349,OK
1142,11.420000,40.069966,0.008179,12.865812,3.000000,0.063714,0.341995,-0.303623,0.597431,OK
1143,11.430000,40.070574,0.008142,12.866280,3.000000,0.063714,0.342011,-0.303641,0.597512,OK
1144,11.440000,40.071173,0.008104,12.866745,3.000000,0.063713,0.342026,-0.303659,0.597593,OK
1145,11.450000,40.071762,0.008067,12.867212,3.000000,0.063713,0.342040,-0.303677,0.597674,OK
1146,11.460000,40.072342,0.008029,12.867677,3.000000,0.063712,0.342054,-0.303695,0.597754,OK
1147,11.470000,40.072913,0.007992,12.868144,3.000000,0.063712,0.342068,-0.303712,0.597834,OK
1148,11.480000,40.073474,0.007954,12.868612,3.000000,0.063711,0.342081,-0.303729,0.597914,OK
1149,11.490000,40.074026,0.007917,12.869077,3.000000,0.063711,0.342095,-0.303747,0.597993,OK
1150,11.500000,40.074569,0.007880,12.869544,3.000000,0.063711,0.342107,-0.303764,0.598071,OK
1151,11.510000,40.075102,0.007843,12.870008,3.000000,0.063710,0.342119,-0.303781,0.598150,OK
1152,11.520000,40.075626,0.007807,12.870473,3.000000,0.063710,0.342131,-0.303798,0.598228,OK
1153,11.530000,40.076141,0.007770,12.870939,3.000000,0.063709,0.342142,-0.303815,0.598306,OK
1154,11.540000,40.076646,0.007733,12.871401,3.000000,0.063709,0.342153,-0.303831,0.598383,OK
1155,11.550000,40.077142,0.007697,12.871865,3.000000,0.063709,0.342164,-0.303848,0.598460,OK
1156,11.560000,40.077628,0.007661,12.872326,3.000000,0.063708,0.342174,-0.303865,0.598537,OK
1157,11.570000,40.078105,0.007625,12.872788,3.000000,0.063708,0.342184,-0.303881,0.598613,OK
1158,11.580000,40.078573,0.007589,12.873250,3.000000,0.063708,0.342193,-0.303898,0.598689,OK
1159,11.590000,40.079032,0.007552,12.873713,3.000000,0.063707,0.342202,-0.303914,0.598764,OK
1160,11.600000,40.079481,0.007516,12.874173,3.000000,0.063707,0.342211,-0.303930,0.598839,OK
1161,11.610000,40.079921,0.007481,12.874634,3.000000,0.063706,0.342219,-0.303946,0.598914,OK
1162,11.620000,40.080352,0.007445,12.875092,3.000000,0.063706,0.342226,-0.303962,0.598989,OK
1163,11.630000,40.080773,0.007410,12.875549,3.000000,0.063706,0.342234,-0.303978,0.599063,OK
1164,11.640000,40.081185,0.007375,12.876006,3.000000,0.063705,0.342240,-0.303993,0.599137,OK
1165,11.650000,40.081588,0.007340,12.876464,3.000000,0.063705,0.342247,-0.304009,0.599210,OK
1166,11.660000,40.081982,0.007304,12.876923,3.000000,0.063705,0.342253,-0.304024,0.599283,OK
1167,11.670000,40.082366,0.007269,12.877383,3.000000,0.063704,0.342259,-0.304039,0.599356,OK
1168,11.680000,40.082741,0.007233,12.877843,3.000000,0.063704,0.342265,-0.304054,0.599428,OK
1169,11.690000,40.083107,0.007198,12.878299,3.000000,0.063703,0.342270,-0.304069,0.599500,OK
1170,11.700000,40.083464,0.007163,12.878755,3.000000,0.063703,0.342275,-0.304084,0.599572,OK
1171,11.710000,40.083812,0.007129,12.879207,3.000000,0.063703,0.342279,-0.304099,0.599643,OK
1172,11.720000,40.084151,0.007095,12.879657,3.000000,0.063702,0.342283,-0.304114,0.599714,OK
1173,11.730000,40.084480,0.007061,12.880106,3.000000,0.063702,0.342286,-0.304129,0.599784,OK
1174,11.740000,40.084800,0.007027,12.880554,3.000000,0.063702,0.342288,-0.304144,0.599855,OK
1175,11.750000,40.085112,0.006993,12.881001,3.000000,0.063701,0.342291,-0.304158,0.599925,OK
1176,11.760000,40.085414,0.006960,12.881448,3.000000,0.063701,0.342293,-0.304173,0.599994,OK
1177,11.770000,40.085707,0.006926,12.881895,3.000000,0.063701,0.342294,-0.304187,0.600064,OK
1178,11.780000,40.085991,0.006893,12.882342,3.000000,0.063700,0.342295,-0.304202,0.600132,OK
1179,11.790000,40.086266,0.006859,12.882788,3.000000,0.063700,0.342296,-0.304216,0.600201,OK
1180,11.800000,40.086533,0.006826,12.883233,3.000000,0.063700,0.342297,-0.304230,0.600269,OK
1181,11.810000,40.086790,0.006792,12.883678,3.000000,0.063699,0.342297,-0.304244,0.600337,OK
1182,11.820000,40.087038,0.006759,12.884122,3.000000,0.063699,0.342297,-0.304258,0.600405,OK
1183,11.830000,40.087278,0.006726,12.884566,3.000000,0.063699,0.342296,-0.304272,0.600472,OK
1184,11.840000,40.087508,0.006693,12.885008,3.000000,0.063698,0.342295,-0.304285,0.600539,OK
1185,11.850000,40.087730,0.006660,12.885450,3.000000,0.063698,0.342294,-0.304299,0.600606,OK
1186,11.860000,40.087943,0.006627,12.885889,3.000000,0.063698,0.342292,-0.304312,0.600672,OK
1187,11.870000,40.088147,0.006594,12.886328,3.000000,0.063697,0.342290,-0.304325,0.600738,OK
1188,11.880000,40.088342,0.006561,12.886765,3.000000,0.063697,0.342288,-0.304339,0.600803,OK
1189,11.890000,40.088529,0.006529,12.887200,3.000000,0.063697,0.342285,-0.304352,0.600869,OK
1190,11.900000,40.088706,0.006497,12.887633,3.000000,0.063696,0.342281,-0.304365,0.600934,OK
1191,11.910000,40.088876,0.006465,12.888065,3.000000,0.063696,0.342277,-0.304378,0.600998,OK
1192,11.920000,40.089036,0.006433,12.888494,3.000000,0.063696,0.342273,-0.304391,0.601063,OK
1193,11.930000,40.089188,0.006402,12.888921,3.000000,0.063696,0.342268,-0.304405,0.601127,OK
1194,11.940000,40.089331,0.006371,12.889345,3.000000,0.063695,0.342262,-0.304418,0.601190,OK
1195,11.950000,40.089466,0.006340,12.889767,3.000000,0.063695,0.342257,-0.304431,0.601254,OK
1196,11.960000,40.089592,0.006310,12.890187,3.000000,0.063695,0.342250,-0.304445,0.601317,OK
1197,11.970000,40.089710,0.006280,12.890603,3.000000,0.063694,0.342243,-0.304458,0.601380,OK
1198,11.980000,40.089819,0.006251,12.891017,3.000000,0.063694,0.342236,-0.304472,0.601442,OK
1199,11.990000,40.089920,0.006222,12.891428,3.000000,0.063694,0.342227,-0.304485,0.601504,OK
1200,12.000000,40.090012,0.006193,12.891836,3.000000,0.063693,0.342219,-0.304499,0.601566,OK
1201,12.010000,40.090097,0.006164,12.892241,3.000000,0.063693,0.342210,-0.304513,0.601628,OK
1202,12.020000,40.090172,0.006136,12.892642,3.000000,0.063693,0.342200,-0.304527,0.601689,OK
1203,12.030000,40.090240,0.006109,12.893046,3.000000,0.063692,0.342190,-0.304540,0.601750,OK
1204,12.040000,40.090299,0.006080,12.893448,3.000000,0.063692,0.342180,-0.304554,0.601811,OK
1205,12.050000,40.090350,0.006052,12.893851,3.000000,0.063692,0.342169,-0.304567,0.601872,OK
1206,12.060000,40.090393,0.006024,12.894254,3.000000,0.063691,0.342158,-0.304580,0.601932,OK
1207,12.070000,40.090428,0.005996,12.894654,3.000000,0.063691,0.342147,-0.304593,0.601992,OK
1208,12.080000,40.090454,0.005968,12.895052,3.000000,0.063691,0.342136,-0.304606,0.602052,OK
1209,12.090000,40.090473,0.005940,12.895452,3.000000,0.063690,0.342124,-0.304619,0.602111,OK
1210,12.100000,40.090483,0.005911,12.895851,3.000000,0.063690,0.342112,-0.304632,0.602170,OK
1211,12.110000,40.090486,0.005883,12.896250,3.000000,0.063690,0.342099,-0.304644,0.602229,OK
1212,12.120000,40.090481,0.005854,12.896647,3.000000,0.063690,0.342087,-0.304656,0.602288,OK
1213,12.130000,40.090467,0.005826,12.897042,3.000000,0.063689,0.342074,-0.304669,0.602346,OK
1214,12.140000,40.090446,0.005798,12.897439,3.000000,0.063689,0.342061,-0.304681,0.602404,OK
1215,12.150000,40.090417,0.005770,12.897833,3.000000,0.063689,0.342047,-0.304693,0.602461,OK
1216,12.160000,40.090381,0.005741,12.898227,3.000000,0.063688,0.342034,-0.304704,0.602519,OK
1217,12.170000,40.090336,0.005713,12.898619,3.000000,0.063688,0.342020,-0.304716,0.602576,OK
1218,12.180000,40.090284,0.005685,12.899008,3.000000,0.063688,0.342005,-0.304727,0.602633,OK
1219,12.190000,40.090224,0.005657,12.899397,3.000000,0.063688,0.341990,-0.304739,0.602689,OK
1220,12.200000,40.090157,0.005628,12.899784,3.000000,0.063687,0.341976,-0.304750,0.602746,OK
1221,12.210000,40.090082,0.005599,12.900169,3.000000,0.063687,0.341961,-0.304760,0.602802,OK
1222,12.220000,40.090000,0.005570,12.900552,3.000000,0.063687,0.341946,-0.304771,0.602857,OK
1223,12.230000,40.089910,0.005541,12.900936,3.000000,0.063687,0.341931,-0.304781,0.602913,OK
1224,12.240000,40.089813,0.005512,12.901316,3.000000,0.063686,0.341915,-0.304791,0.602968,OK
1225,12.250000,40.089708,0.005483,12.901694,3.000000,0.063686,0.341900,-0.304801,0.603023,OK
1226,12.260000,40.089596,0.005455,12.902070,3.000000,0.063686,0.341883,-0.304812,0.603077,OK
1227,12.270000,40.089477,0.005427,12.902446,3.000000,0.063686,0.341866,-0.304822,0.603132,OK
1228,12.280000,40.089350,0.005399,12.902818,3.000000,0.063685,0.341849,-0.304832,0.603186,OK
1229,12.290000,40.089216,0.005371,12.903188,3.000000,0.063685,0.341832,-0.304842,0.603239,OK
1230,12.300000,40.089075,0.005344,12.903555,3.000000,0.063685,0.341814,-0.304852,0.603293,OK
1231,12.310000,40.088927,0.005317,12.903922,3.000000,0.063685,0.341795,-0.304863,0.603346,OK
1232,12.320000,40.088772,0.005290,12.904285,3.000000,0.063684,0.341777,-0.304873,0.603399,OK
1233,12.330000,40.088610,0.005263,12.904646,3.000000,0.063684,0.341757,-0.304884,0.603451,OK
1234,12.340000,40.088441,0.005237,12.905004,3.000000,0.063684,0.341737,-0.304894,0.603504,OK
1235,12.350000,40.088265,0.005211,12.905363,3.000000,0.063684,0.341717,-0.304905,0.603556,OK
1236,12.360000,40.088083,0.005186,12.905717,3.000000,0.063683,0.341697,-0.304915,0.603608,OK
1237,12.370000,40.087893,0.005160,12.906070,3.000000,0.063683,0.341676,-0.304926,0.603659,OK
1238,12.380000,40.087697,0.005135,12.906424,3.000000,0.063683,0.341654,-0.304937,0.603711,OK
1239,12.390000,40.087494,0.005110,12.906774,3.000000,0.063683,0.341633,-0.304947,0.603762,OK
1240,12.400000,40.087284,0.005085,12.907122,3.000000,0.063682,0.341611,-0.304957,0.603813,OK
1241,12.410000,40.087068,0.005061,12.907471,3.000000,0.063682,0.341588,-0.304968,0.603863,OK
1242,12.420000,40.086845,0.005036,12.907815,3.000000,0.063682,0.341566,-0.304978,0.603914,OK
1243,12.430000,40.086616,0.005012,12.908157,3.000000,0.063682,0.341543,-0.304989,0.603964,OK
1244,12.440000,40.086381,0.004987,12.908500,3.000000,0.063681,0.341519,-0.304999,0.604014,OK
1245,12.450000,40.086139,0.004963,12.908838,3.000000,0.063681,0.341496,-0.305010,0.604063,OK
1246,12.460000,40.085890,0.004939,12.909175,3.000000,0.063681,0.341472,-0.305020,0.604113,OK
1247,12.470000,40.085635,0.004915,12.909512,3.000000,0.063681,0.341448,-0.305030,0.604162,OK
1248,12.480000,40.085375,0.004892,12.909844,3.000000,0.063681,0.341423,-0.305040,0.604211,OK
1249,12.490000,40.085108,0.004868,12.910173,3.000000,0.063680,0.341398,-0.305051,0.604259,OK
1250,12.500000,40.084834,0.004845,12.910504,3.000000,0.063680,0.341373,-0.305061,0.604308,OK
1251,12.510000,40.084555,0.004822,12.910830,3.000000,0.063680,0.341348,-0.305071,0.604356,OK
1252,12.520000,40.084270,0.004799,12.911153,3.000000,0.063680,0.341322,-0.305081,0.604404,OK
1253,12.530000,40.083979,0.004776,12.911478,3.000000,0.063679,0.341296,-0.305091,0.604452,OK
1254,12.540000,40.083681,0.004753,12.911797,3.000000,0.063679,0.341269,-0.305101,0.604499,OK
1255,12.550000,40.083379,0.004730,12.912115,3.000000,0.063679,0.341242,-0.305112,0.604547,OK
1256,12.560000,40.083070,0.004708,12.912433,3.000000,0.063679,0.341215,-0.305122,0.604594,OK
1257,12.570000,40.082755,0.004686,12.912746,3.000000,0.063678,0.341188,-0.305132,0.604641,OK
1258,12.580000,40.082435,0.004664,12.913056,3.000000,0.063678,0.341161,-0.305142,0.604687,OK
1259,12.590000,40.082109,0.004642,12.913368,3.000000,0.063678,0.341133,-0.305152,0.604734,OK
1260,12.600000,40.081778,0.004620,12.913675,3.000000,0.063678,0.341105,-0.305162,0.604780,OK
1261,12.610000,40.081441,0.004598,12.913979,3.000000,0.063677,0.341076,-0.305172,0.604826,OK
1262,12.620000,40.081099,0.004576,12.914284,3.000000,0.063677,0.341047,-0.305182,0.604872,OK
1263,12.630000,40.080751,0.004555,12.914584,3.000000,0.063677,0.341018,-0.305192,0.604917,OK
1264,12.640000,40.080398,0.004533,12.914886,3.000000,0.063677,0.340989,-0.305201,0.604962,OK
1265,12.650000,40.080040,0.004512,12.915184,3.000000,0.063676,0.340960,-0.305211,0.605008,OK
1266,12.660000,40.079676,0.004490,12.915483,3.000000,0.063676,0.340931,-0.305220,0.605052,OK
1267,12.670000,40.079307,0.004469,12.915777,3.000000,0.063676,0.340901,-0.305230,0.605097,OK
1268,12.680000,40.078933,0.004448,12.916072,3.000000,0.063676,0.340871,-0.305239,0.605142,OK
1269,12.690000,40.078554,0.004426,12.916362,3.000000,0.063676,0.340841,-0.305249,0.605186,OK
1270,12.700000,40.078170,0.004405,12.916653,3.000000,0.063675,0.340810,-0.305258,0.605230,OK
1271,12.710000,40.077782,0.004385,12.916938,3.000000,0.063675,0.340779,-0.305268,0.605274,OK
1272,12.720000,40.077388,0.004364,12.917224,3.000000,0.063675,0.340748,-0.305277,0.605317,OK
1273,12.730000,40.076989,0.004343,12.917504,3.000000,0.063675,0.340717,-0.305286,0.605361,OK
1274,12.740000,40.076586,0.004323,12.917785,3.000000,0.063674,0.340686,-0.305296,0.605404,OK
1275,12.750000,40.076178,0.004303,12.918061,3.000000,0.063674,0.340654,-0.305305,0.605447,OK
1276,12.760000,40.075765,0.004283,12.918337,3.000000,0.063674,0.340622,-0.305315,0.605490,OK
1277,12.770000,40.075348,0.004263,12.918607,3.000000,0.063674,0.340590,-0.305324,0.605533,OK
1278,12.780000,40.074926,0.004243,12.918879,3.000000,0.063674,0.340557,-0.305333,0.605575,OK
1279,12.790000,40.074500,0.004224,12.919144,3.000000,0.063673,0.340524,-0.305343,0.605617,OK
1280,12.800000,40.074069,0.004204,12.919411,3.000000,0.063673,0.340491,-0.305352,0.605659,OK
1281,12.810000,40.073634,0.004185,12.919671,3.000000,0.063673,0.340458,-0.305362,0.605701,OK
1282,12.820000,40.073194,0.004166,12.919932,3.000000,0.063673,0.340424,-0.305371,0.605743,OK
1283,12.830000,40.072751,0.004147,12.920188,3.000000,0.063672,0.340391,-0.305381,0.605784,OK
1284,12.840000,40.072303,0.004129,12.920445,3.000000,0.063672,0.340356,-0.305390,0.605826,OK
1285,12.850000,40.071851,0.004110,12.920695,3.000000,0.063672,0.340322,-0.305400,0.605867,OK
1286,12.860000,40.071395,0.004092,12.920947,3.000000,0.063672,0.340288,-0.305409,0.605908,OK
1287,12.870000,40.070935,0.004074,12.921193,3.000000,0.063672,0.340253,-0.305419,0.605948,OK
1288,12.880000,40.070471,0.004056,12.921440,3.000000,0.063671,0.340218,-0.305428,0.605989,OK
1289,12.890000,40.070003,0.004038,12.921681,3.000000,0.063671,0.340183,-0.305438,0.606029,OK
1290,12.900000,40.069532,0.004021,12.921923,3.000000,0.063671,0.340147,-0.305447,0.606069,OK
1291,12.910000,40.069056,0.004003,12.922159,3.000000,0.063671,0.340112,-0.305457,0.606110,OK
1292,12.920000,40.068577,0.003986,12.922397,3.000000,0.063670,0.340076,-0.305466,0.606149,OK
1293,12.930000,40.068094,0.003969,12.922628,3.000000,0.063670,0.340040,-0.305476,0.606189,OK
1294,12.940000,40.067608,0.003951,12.922861,3.000000,0.063670,0.340004,-0.305485,0.606229,OK
1295,12.950000,40.067118,0.003935,12.923088,3.000000,0.063670,0.339967,-0.305495,0.606268,OK
1296,12.960000,40.066625,0.003918,12.923316,3.000000,0.063670,0.339931,-0.305504,0.606307,OK
1297,12.970000,40.066128,0.003901,12.923538,3.000000,0.063669,0.339894,-0.305514,0.606346,OK
1298,12.980000,40.065628,0.003884,12.923762,3.000000,0.063669,0.339857,-0.305523,0.606385,OK
1299,12.990000,40.065125,0.003868,12.923979,3.000000,0.063669,0.339820,-0.305533,0.606424,OK
1300,13.000000,40.064618,0.003852,12.924199,3.000000,0.063669,0.339783,-0.305542,0.606462,OK
1301,13.010000,40.064108,0.003836,12.924411,3.000000,0.063668,0.339745,-0.305552,0.606501,OK
1302,13.020000,40.063595,0.003820,12.924626,3.000000,0.063668,0.339708,-0.305561,0.606539,OK
1303,13.030000,40.063079,0.003804,12.924834,3.000000,0.063668,0.339670,-0.305571,0.606577,OK
1304,13.040000,40.062561,0.003788,12.925044,3.000000,0.063668,0.339632,-0.305580,0.606615,OK
1305,13.050000,40.062039,0.003773,12.925247,3.000000,0.063668,0.339594,-0.305590,0.606652,OK
1306,13.060000,40.061514,0.003757,12.925452,3.000000,0.063667,0.339555,-0.305599,0.606690,OK
1307,13.070000,40.060987,0.003742,12.925651,3.000000,0.063667,0.339517,-0.305609,0.606727,OK
1308,13.080000,40.060456,0.003726,12.925852,3.000000,0.063667,0.339478,-0.305618,0.606765,OK
1309,13.090000,40.059923,0.003711,12.926046,3.000000,0.063667,0.339440,-0.305628,0.606802,OK
1310,13.100000,40.059388,0.003696,12.926242,3.000000,0.063666,0.339401,-0.305637,0.606839,OK
1311,13.110000,40.058850,0.003682,12.926432,3.000000,0.063666,0.339362,-0.305647,0.606875,OK
1312,13.120000,40.058309,0.003667,12.926623,3.000000,0.063666,0.339322,-0.305656,0.606912,OK
1313,13.130000,40.057766,0.003652,12.926808,3.000000,0.063666,0.339283,-0.305666,0.606949,OK
1314,13.140000,40.057220,0.003638,12.926995,3.000000,0.063666,0.339244,-0.305675,0.606985,OK
1315,13.150000,40.056672,0.003624,12.927175,3.000000,0.063665,0.339204,-0.305685,0.607021,OK
1316,13.160000,40.056122,0.003609,12.927357,3.000000,0.063665,0.339164,-0.305694,0.607057,OK
1317,13.170000,40.055570,0.003595,12.927533,3.000000,0.063665,0.339124,-0.305704,0.607093,OK
1318,13.180000,40.055016,0.003581,12.927711,3.000000,0.063665,0.339084,-0.305713,0.607129,OK
1319,13.190000,40.054459,0.003568,12.927882,3.000000,0.063664,0.339044,-0.305723,0.607165,OK
1320,13.200000,40.053900,0.003554,12.928055,3.000000,0.063664,0.339004,-0.305733,0.607200,OK
1321,13.210000,40.053340,0.003540,12.928222,3.000000,0.063664,0.338964,-0.305742,0.607236,OK
1322,13.220000,40.052777,0.003527,12.928390,3.000000,0.063664,0.338923,-0.305752,0.607271,OK
1323,13.230000,40.052213,0.003514,12.928552,3.000000,0.063663,0.338883,-0.305761,0.607306,OK
1324,13.240000,40.051647,0.003501,12.928716,3.000000,0.063663,0.338842,-0.305771,0.607341,OK
1325,13.250000,40.051079,0.003488,12.928874,3.000000,0.063663,0.338801,-0.305781,0.607376,OK
1326,13.260000,40.050509,0.003475,12.929033,3.000000,0.063663,0.338760,-0.305790,0.607411,OK
1327,13.270000,40.049938,0.003462,12.929186,3.000000,0.063663,0.338719,-0.305800,0.607445,OK
1328,13.280000,40.049365,0.003449,12.929341,3.000000,0.063662,0.338678,-0.305809,0.607480,OK
1329,13.290000,40.048791,0.003437,12.929489,3.000000,0.063662,0.338637,-0.305819,0.607514,OK
1330,13.300000,40.048215,0.003424,12.929640,3.000000,0.063662,0.338596,-0.305829,0.607549,OK
1331,13.310000,40.047638,0.003412,12.929784,3.000000,0.063662,0.338554,-0.305838,0.607583,OK
1332,13.320000,40.047059,0.003400,12.929930,3.000000,0.063661,0.338513,-0.305848,0.607617,OK
1333,13.330000,40.046479,0.003388,12.930069,3.000000,0.063661,0.338472,-0.305858,0.607651,OK
1334,13.340000,40.045898,0.003376,12.930211,3.000000,0.063661,0.338430,-0.305867,0.607684,OK
1335,13.350000,40.045316,0.003364,12.930346,3.000000,0.063661,0.338388,-0.305877,0.607718,OK
1336,13.360000,40.044733,0.003352,12.930483,3.000000,0.063661,0.338346,-0.305887,0.607751,OK
1337,13.370000,40.044148,0.003340,12.930614,3.000000,0.063660,0.338305,-0.305897,0.607785,OK
1338,13.380000,40.043563,0.003329,12.930746,3.000000,0.063660,0.338263,-0.305906,0.607818,OK
1339,13.390000,40.042976,0.003317,12.930872,3.000000,0.063660,0.338221,-0.305916,0.607851,OK
1340,13.400000,40.042389,0.003306,12.931001,3.000000,0.063660,0.338179,-0.305926,0.607884,OK
1341,13.410000,40.041801,0.003295,12.931122,3.000000,0.063659,0.338137,-0.305936,0.607917,OK
1342,13.420000,40.041212,0.003284,12.931247,3.000000,0.063659,0.338095,-0.305945,0.607950,OK
1343,13.430000,40.040623,0.003273,12.931364,3.000000,0.063659,0.338052,-0.305955,0.607983,OK
1344,13.440000,40.040032,0.003262,12.931484,3.000000,0.063659,0.338010,-0.305965,0.608016,OK
1345,13.450000,40.039442,0.003252,12.931596,3.000000,0.063658,0.337968,-0.305975,0.608048,OK
1346,13.460000,40.038850,0.003241,12.931712,3.000000,0.063658,0.337925,-0.305985,0.608080,OK
1347,13.470000,40.038258,0.003231,12.931821,3.000000,0.063658,0.337883,-0.305995,0.608113,OK
1348,13.480000,40.037666,0.003220,12.931932,3.000000,0.063658,0.337841,-0.306005,0.608145,OK
1349,13.490000,40.037073,0.003210,12.932036,3.000000,0.063658,0.337798,-0.306014,0.608177,OK
1350,13.500000,40.036480,0.003200,12.932143,3.000000,0.063657,0.337756,-0.306024,0.608209,OK
1351,13.510000,40.035887,0.003190,12.932243,3.000000,0.063657,0.337713,-0.306034,0.608241,OK
1352,13.520000,40.035293,0.003180,12.932346,3.000000,0.063657,0.337671,-0.306044,0.608273,OK
1353,13.530000,40.034699,0.003170,12.932442,3.000000,0.063657,0.337628,-0.306054,0.608304,OK
1354,13.540000,40.034105,0.003160,12.932540,3.000000,0.063656,0.337585,-0.306064,0.608336,OK
1355,13.550000,40.033511,0.003151,12.932632,3.000000,0.063656,0.337543,-0.306074,0.608368,OK
1356,13.560000,40.032917,0.003141,12.932726,3.000000,0.063656,0.337500,-0.306084,0.608399,OK
1357,13.570000,40.032323,0.003132,12.932814,3.000000,0.063656,0.337458,-0.306094,0.608430,OK
1358,13.580000,40.031729,0.003122,12.932904,3.000000,0.063655,0.337415,-0.306104,0.608461,OK
1359,13.590000,40.031136,0.003113,12.932987,3.000000,0.063655,0.337372,-0.306114,0.608493,OK
1360,13.600000,40.030542,0.003104,12.933073,3.000000,0.063655,0.337330,-0.306124,0.608524,OK
1361,13.610000,40.029949,0.003095,12.933153,3.000000,0.063655,0.337287,-0.306134,0.608555,OK
1362,13.620000,40.029356,0.003086,12.933235,3.000000,0.063654,0.337244,-0.306144,0.608585,OK
1363,13.630000,40.028763,0.003077,12.933310,3.000000,0.063654,0.337202,-0.306155,0.608616,OK
1364,13.640000,40.028171,0.003069,12.933388,3.000000,0.063654,0.337159,-0.306165,0.608647,OK
1365,13.650000,40.027579,0.003060,12.933459,3.000000,0.063654,0.337116,-0.306175,0.608678,OK
1366,13.660000,40.026987,0.003051,12.933533,3.000000,0.063653,0.337074,-0.306185,0.608708,OK
1367,13.670000,40.026397,0.003043,12.933600,3.000000,0.063653,0.337031,-0.306195,0.608738,OK
1368,13.680000,40.025806,0.003035,12.933671,3.000000,0.063653,0.336988,-0.306205,0.608769,OK
1369,13.690000,40.025217,0.003027,12.933734,3.000000,0.063653,0.336946,-0.306215,0.608799,OK
1370,13.700000,40.024628,0.003018,12.933800,3.000000,0.063653,0.336903,-0.306226,0.608829,OK
1371,13.710000,40.024040,0.003010,12.933859,3.000000,0.063652,0.336861,-0.306236,0.608859,OK
1372,13.720000,40.023452,0.003002,12.933922,3.000000,0.063652,0.336818,-0.306246,0.608889,OK
1373,13.730000,40.022866,0.002995,12.933977,3.000000,0.063652,0.336775,-0.306256,0.608919,OK
1374,13.740000,40.022280,0.002987,12.934036,3.000000,0.063652,0.336733,-0.306267,0.608949,OK
1375,13.750000,40.021695,0.002979,12.934087,3.000000,0.063651,0.336691,-0.306277,0.608979,OK
1376,13.760000,40.021112,0.002972,12.934142,3.000000,0.063651,0.336648,-0.306287,0.609009,OK
1377,13.770000,40.020529,0.002964,12.934190,3.000000,0.063651,0.336606,-0.306298,0.609038,OK
1378,13.780000,40.019947,0.002957,12.934241,3.000000,0.063651,0.336563,-0.306308,0.609068,OK
1379,13.790000,40.019367,0.002949,12.934285,3.000000,0.063650,0.336521,-0.306318,0.609097,OK
1380,13.800000,40.018787,0.002942,12.934332,3.000000,0.063650,0.336479,-0.306329,0.609127,OK
1381,13.810000,40.018209,0.002935,12.934372,3.000000,0.063650,0.336437,-0.306339,0.609156,OK
1382,13.820000,40.017632,0.002928,12.934416,3.000000,0.063650,0.336395,-0.306350,0.609185,OK
1383,13.830000,40.017057,0.002921,12.934453,3.000000,0.063649,0.336353,-0.306360,0.609215,OK
1384,13.840000,40.016482,0.002914,12.934493,3.000000,0.063649,0.336311,-0.306370,0.609244,OK
1385,13.850000,40.015910,0.002907,12.934526,3.000000,0.063649,0.336269,-0.306381,0.609273,OK
1386,13.860000,40.015338,0.002901,12.934562,3.000000,0.063649,0.336227,-0.306391,0.609302,OK
1387,13.870000,40.014768,0.002894,12.934592,3.000000,0.063648,0.336185,-0.306402,0.609331,OK
1388,13.880000,40.014200,0.002888,12.934624,3.000000,0.063648,0.336143,-0.306412,0.609360,OK
1389,13.890000,40.013633,0.002881,12.934651,3.000000,0.063648,0.336101,-0.306423,0.609389,OK
1390,13.900000,40.013068,0.002875,12.934680,3.000000,0.063648,0.336060,-0.306434,0.609417,OK
1391,13.910000,40.012504,0.002868,12.934702,3.000000,0.063647,0.336018,-0.306444,0.609446,OK
1392,13.920000,40.011942,0.002862,12.934728,3.000000,0.063647,0.335977,-0.306455,0.609475,OK
1393,13.930000,40.011382,0.002856,12.934747,3.000000,0.063647,0.335935,-0.306465,0.609503,OK
1394,13.940000,40.010824,0.002850,12.934770,3.000000,0.063647,0.335894,-0.306476,0.609532,OK
1395,13.950000,40.010267,0.002844,12.934786,3.000000,0.063646,0.335853,-0.306487,0.609560,OK
1396,13.960000,40.009713,0.002838,12.934804,3.000000,0.063646,0.335812,-0.306497,0.609588,OK
1397,13.970000,40.009160,0.002832,12.934817,3.000000,0.063646,0.335770,-0.306508,0.609617,OK
1398,13.980000,40.008609,0.002827,12.934833,3.000000,0.063646,0.335729,-0.306519,0.609645,OK
1399,13.990000,40.008060,0.002821,12.934842,3.000000,0.063645,0.335689,-0.306529,0.609673,OK
1400,14.000000,40.007513,0.002815,12.934854,3.000000,0.063645,0.335648,-0.306540,0.609701,OK
1401,14.010000,40.006968,0.002810,12.934860,3.000000,0.063645,0.335607,-0.306551,0.609730,OK
1402,14.020000,40.006426,0.002804,12.934870,3.000000,0.063645,0.335567,-0.306561,0.609758,OK
1403,14.030000,40.005885,0.002799,12.934873,3.000000,0.063644,0.335526,-0.306572,0.609786,OK
1404,14.040000,40.005347,0.002794,12.934878,3.000000,0.063644,0.335486,-0.306583,0.609814,OK
1405,14.050000,40.004811,0.002788,12.934878,3.000000,0.063644,0.335445,-0.306594,0.609841,OK
1406,14.060000,40.004277,0.002783,12.934881,3.000000,0.063644,0.335405,-0.306605,0.609869,OK
1407,14.070000,40.003745,0.002778,12.934878,3.000000,0.063643,0.335365,-0.306615,0.609897,OK
1408,14.080000,40.003216,0.002773,12.934878,3.000000,0.063643,0.335325,-0.306626,0.609925,OK
1409,14.090000,40.002689,0.002768,12.934871,3.000000,0.063643,0.335285,-0.306637,0.609952,OK
1410,14.100000,40.002164,0.002763,12.934868,3.000000,0.063643,0.335246,-0.306648,0.609980,OK
1411,14.110000,40.001642,0.002758,12.934859,3.000000,0.063642,0.335206,-0.306659,0.610008,OK
1412,14.120000,40.001122,0.002754,12.934853,3.000000,0.063642,0.335166,-0.306670,0.610035,OK
1413,14.130000,40.000605,0.002749,12.934841,3.000000,0.063642,0.335127,-0.306681,0.610063,OK
1414,14.140000,40.000090,0.002744,12.934831,3.000000,0.063642,0.335088,-0.306692,0.610090,OK
1415,14.150000,39.999578,0.002740,12.934816,3.000000,0.063641,0.335049,-0.306702,0.610117,OK
1416,14.160000,39.999069,0.002735,12.934804,3.000000,0.063641,0.335010,-0.306713,0.610145,OK
1417,14.170000,39.998562,0.002731,12.934787,3.000000,0.063641,0.334971,-0.306724,0.610172,OK
1418,14.180000,39.998058,0.002726,12.934772,3.000000,0.063640,0.334932,-0.306735,0.610199,OK
1419,14.190000,39.997556,0.002722,12.934751,3.000000,0.063640,0.334894,-0.306746,0.610227,OK
1420,14.200000,39.997058,0.002717,12.934734,3.000000,0.063640,0.334855,-0.306757,0.610254,OK
1421,14.210000,39.996562,0.002713,12.934711,3.000000,0.063640,0.334817,-0.306768,0.610281,OK
1422,14.220000,39.996068,0.002709,12.934690,3.000000,0.063639,0.334779,-0.306779,0.610308,OK
1423,14.230000,39.995578,0.002705,12.934664,3.000000,0.063639,0.334741,-0.306791,0.610335,OK
1424,14.240000,39.995091,0.002701,12.934642,3.000000,0.063639,0.334703,-0.306802,0.610362,OK
1425,14.250000,39.994606,0.002697,12.934613,3.000000,0.063639,0.334665,-0.306813,0.610389,OK
1426,14.260000,39.994124,0.002693,12.934588,3.000000,0.063638,0.334627,-0.306824,0.610416,OK
1427,14.270000,39.993645,0.002689,12.934557,3.000000,0.063638,0.334590,-0.306835,0.610443,OK
1428,14.280000,39.993170,0.002685,12.934529,3.000000,0.063638,0.334553,-0.306846,0.610470,OK
1429,14.290000,39.992697,0.002681,12.934495,3.000000,0.063638,0.334515,-0.306857,0.610497,OK
1430,14.300000,39.992227,0.002678,12.934465,3.000000,0.063637,0.334478,-0.306868,0.610523,OK
1431,14.310000,39.991760,0.002674,12.934429,3.000000,0.063637,0.334442,-0.306879,0.610550,OK
1432,14.320000,39.991297,0.002670,12.934396,3.000000,0.063637,0.334405,-0.306891,0.610577,OK
1433,14.330000,39.990836,0.002667,12.934358,3.000000,0.063637,0.334368,-0.306902,0.610603,OK
1434,14.340000,39.990379,0.002663,12.934323,3.000000,0.063636,0.334332,-0.306913,0.610630,OK
1435,14.350000,39.989924,0.002660,12.934282,3.000000,0.063636,0.334296,-0.306924,0.610657,OK
1436,14.360000,39.989473,0.002656,12.934245,3.000000,0.063636,0.334260,-0.306935,0.610683,OK
1437,14.370000,39.989025,0.002653,12.934202,3.000000,0.063635,0.334224,-0.306947,0.610710,OK
1438,14.380000,39.988581,0.002649,12.934162,3.000000,0.063635,0.334188,-0.306958,0.610736,OK
1439,14.390000,39.988139,0.002646,12.934117,3.000000,0.063635,0.334153,-0.306969,0.610763,OK
1440,14.400000,39.987701,0.002643,12.934075,3.000000,0.063635,0.334117,-0.306980,0.610789,OK
1441,14.410000,39.987267,0.002640,12.934028,3.000000,0.063634,0.334082,-0.306991,0.610816,OK
1442,14.420000,39.986835,0.002636,12.933984,3.000000,0.063634,0.334047,-0.307003,0.610842,OK
1443,14.430000,39.986407,0.002633,12.933935,3.000000,0.063634,0.334012,-0.307014,0.610868,OK
1444,14.440000,39.985982,0.002630,12.933889,3.000000,0.063634,0.333978,-0.307025,0.610895,OK
1445,14.450000,39.985561,0.002627,12.933838,3.000000,0.063633,0.333943,-0.307037,0.610921,OK
1446,14.460000,39.985143,0.002624,12.933789,3.000000,0.063633,0.333909,-0.307048,0.610947,OK
1447,14.470000,39.984728,0.002621,12.933736,3.000000,0.063633,0.333875,-0.307059,0.610973,OK
1448,14.480000,39.984317,0.002618,12.933686,3.000000,0.063633,0.333841,-0.307071,0.610999,OK
1449,14.490000,39.983910,0.002615,12.933631,3.000000,0.063632,0.333807,-0.307082,0.611026,OK
1450,14.500000,39.983506,0.002612,12.933579,3.000000,0.063632,0.333773,-0.307093,0.611052,OK
1451,14.510000,39.983105,0.002609,12.933522,3.000000,0.063632,0.333740,-0.307105,0.611078,OK
1452,14.520000,39.982708,0.002607,12.933468,3.000000,0.063631,0.333707,-0.307116,0.611104,OK
1453,14.530000,39.982315,0.002604,12.933410,3.000000,0.063631,0.333674,-0.307127,0.611130,OK
1454,14.540000,39.981925,0.002601,12.933354,3.000000,0.063631,0.333641,-0.307139,0.611156,OK
1455,14.550000,39.981539,0.002598,12.933294,3.000000,0.063631,0.333608,-0.307150,0.611182,OK
1456,14.560000,39.981156,0.002596,12.933236,3.000000,0.063630,0.333576,-0.307161,0.611208,OK
1457,14.570000,39.980777,0.002593,12.933174,3.000000,0.063630,0.333544,-0.307173,0.611234,OK
1458,14.580000,39.980401,0.002590,12.933114,3.000000,0.063630,0.333512,-0.307184,0.611260,OK
1459,14.590000,39.980030,0.002586,12.933050,3.000000,0.063630,0.333481,-0.307194,0.611286,OK
1460,14.600000,39.979662,0.002582,12.932988,3.000000,0.063629,0.333450,-0.307205,0.611311,OK
1461,14.610000,39.979297,0.002578,12.932922,3.000000,0.063629,0.333419,-0.307215,0.611337,OK
1462,14.620000,39.978936,0.002574,12.932858,3.000000,0.063629,0.333389,-0.307226,0.611363,OK
1463,14.630000,39.978579,0.002570,12.932789,3.000000,0.063629,0.333359,-0.307237,0.611389,OK
1464,14.640000,39.978226,0.002567,12.932724,3.000000,0.063628,0.333329,-0.307247,0.611414,OK
1465,14.650000,39.977877,0.002563,12.932654,3.000000,0.063628,0.333299,-0.307258,0.611440,OK
1466,14.660000,39.977531,0.002560,12.932586,3.000000,0.063628,0.333269,-0.307269,0.611465,OK
1467,14.670000,39.977189,0.002556,12.932514,3.000000,0.063628,0.333239,-0.307279,0.611491,OK
1468,14.680000,39.976850,0.002553,12.932445,3.000000,0.063627,0.333210,-0.307290,0.611517,OK
1469,14.690000,39.976516,0.002550,12.932371,3.000000,0.063627,0.333180,-0.307301,0.611542,OK
1470,14.700000,39.976185,0.002547,12.932300,3.000000,0.063627,0.333151,-0.307312,0.611568,OK
1471,14.710000,39.975858,0.002545,12.932225,3.000000,0.063627,0.333122,-0.307323,0.611593,OK
1472,14.720000,39.975535,0.002542,12.932153,3.000000,0.063626,0.333093,-0.307335,0.611618,OK
1473,14.730000,39.975216,0.002540,12.932076,3.000000,0.063626,0.333064,-0.307346,0.611644,OK
1474,14.740000,39.974901,0.002538,12.932003,3.000000,0.063626,0.333035,-0.307357,0.611669,OK
1475,14.750000,39.974589,0.002536,12.931925,3.000000,0.063626,0.333007,-0.307369,0.611695,OK
1476,14.760000,39.974282,0.002534,12.931851,3.000000,0.063625,0.332978,-0.307380,0.611720,OK
1477,14.770000,39.973978,0.002532,12.931772,3.000000,0.063625,0.332950,-0.307392,0.611745,OK
1478,14.780000,39.973678,0.002530,12.931692,3.000000,0.063625,0.332922,-0.307404,0.611771,OK
1479,14.790000,39.973382,0.002529,12.931614,3.000000,0.063624,0.332894,-0.307415,0.611796,OK
1480,14.800000,39.973090,0.002528,12.931532,3.000000,0.063624,0.332866,-0.307427,0.611821,OK
1481,14.810000,39.972802,0.002527,12.931449,3.000000,0.063624,0.332838,-0.307439,0.611846,OK
1482,14.820000,39.972517,0.002525,12.931369,3.000000,0.063624,0.332810,-0.307451,0.611872,OK
1483,14.830000,39.972237,0.002524,12.931285,3.000000,0.063623,0.332783,-0.307463,0.611897,OK
1484,14.840000,39.971960,0.002523,12.931201,3.000000,0.063623,0.332756,-0.307475,0.611922,OK
1485,14.850000,39.971688,0.002522,12.931121,3.000000,0.063623,0.332729,-0.307487,0.611947,OK
1486,14.860000,39.971419,0.002521,12.931036,3.000000,0.063622,0.332702,-0.307499,0.611973,OK
1487,14.870000,39.971155,0.002520,12.930952,3.000000,0.063622,0.332676,-0.307511,0.611998,OK
1488,14.880000,39.970894,0.002518,12.930871,3.000000,0.063622,0.332649,-0.307522,0.612023,OK
1489,14.890000,39.970637,0.002517,12.930787,3.000000,0.063622,0.332624,-0.307534,0.612048,OK
1490,14.900000,39.970384,0.002516,12.930703,3.000000,0.063621,0.332598,-0.307546,0.612073,OK
1491,14.910000,39.970135,0.002514,12.930623,3.000000,0.063621,0.332572,-0.307558,0.612098,OK
1492,14.920000,39.969891,0.002513,12.930539,3.000000,0.063621,0.332547,-0.307569,0.612123,OK
1493,14.930000,39.969650,0.002511,12.930455,3.000000,0.063620,0.332522,-0.307581,0.612149,OK
1494,14.940000,39.969413,0.002510,12.930375,3.000000,0.063620,0.332498,-0.307593,0.612174,OK
1495,14.950000,39.969180,0.002508,12.930291,3.000000,0.063620,0.332473,-0.307604,0.612199,OK
1496,14.960000,39.968950,0.002506,12.930207,3.000000,0.063620,0.332449,-0.307616,0.612224,OK
1497,14.970000,39.968725,0.002504,12.930127,3.000000,0.063619,0.332425,-0.307627,0.612249,OK
1498,14.980000,39.968504,0.002503,12.930043,3.000000,0.063619,0.332402,-0.307639,0.612274,OK
1499,14.990000,39.968287,0.002501,12.929959,3.000000,0.063619,0.332378,-0.307650,0.612299,OK
1500,15.000000,39.968074,0.002499,12.929878,3.000000,0.063619,0.332355,-0.307661,0.612324,OK
1501,15.010000,39.967864,0.002497,12.929794,3.000000,0.063618,0.332332,-0.307673,0.612349,OK
1502,15.020000,39.967659,0.002495,12.929710,3.000000,0.063618,0.332310,-0.307684,0.612374,OK
1503,15.030000,39.967458,0.002493,12.929629,3.000000,0.063618,0.332287,-0.307695,0.612399,OK
1504,15.040000,39.967260,0.002491,12.929545,3.000000,0.063618,0.332265,-0.307707,0.612424,OK
1505,15.050000,39.967067,0.002490,12.929461,3.000000,0.063617,0.332243,-0.307718,0.612449,OK
1506,15.060000,39.966877,0.002488,12.929380,3.000000,0.063617,0.332221,-0.307729,0.612473,OK
1507,15.070000,39.966692,0.002486,12.929296,3.000000,0.063617,0.332200,-0.307741,0.612498,OK
1508,15.080000,39.966510,0.002484,12.929211,3.000000,0.063616,0.332179,-0.307752,0.612523,OK
1509,15.090000,39.966333,0.002482,12.929130,3.000000,0.063616,0.332158,-0.307763,0.612548,OK
1510,15.100000,39.966159,0.002480,12.929045,3.000000,0.063616,0.332137,-0.307774,0.612573,OK
1511,15.110000,39.965989,0.002478,12.928961,3.000000,0.063616,0.332116,-0.307786,0.612598,OK
1512,15.120000,39.965823,0.002476,12.928879,3.000000,0.063615,0.332096,-0.307797,0.612622,OK
1513,15.130000,39.965661,0.002474,12.928794,3.000000,0.063615,0.332076,-0.307808,0.612647,OK
1514,15.140000,39.965503,0.002472,12.928710,3.000000,0.063615,0.332056,-0.307819,0.612672,OK
1515,15.150000,39.965349,0.002470,12.928627,3.000000,0.063615,0.332036,-0.307831,0.612696,OK
1516,15.160000,39.965199,0.002468,12.928543,3.000000,0.063614,0.332017,-0.307842,0.612721,OK
1517,15.170000,39.965053,0.002467,12.928458,3.000000,0.063614,0.331997,-0.307853,0.612746,OK
1518,15.180000,39.964910,0.002465,12.928376,3.000000,0.063614,0.331978,-0.307864,0.612770,OK
1519,15.190000,39.964772,0.002463,12.928291,3.000000,0.063614,0.331959,-0.307875,0.612795,OK
1520,15.200000,39.964637,0.002461,12.928206,3.000000,0.063613,0.331941,-0.307886,0.612820,OK
1521,15.210000,39.964507,0.002459,12.928119,3.000000,0.063613,0.331922,-0.307898,0.612844,OK
1522,15.220000,39.964380,0.002458,12.928035,3.000000,0.063613,0.331904,-0.307909,0.612869,OK
1523,15.230000,39.964257,0.002456,12.927949,3.000000,0.063612,0.331886,-0.307920,0.612893,OK
1524,15.240000,39.964137,0.002454,12.927863,3.000000,0.063612,0.331868,-0.307932,0.612918,OK
1525,15.250000,39.964022,0.002453,12.927776,3.000000,0.063612,0.331850,-0.307943,0.612943,OK
1526,15.260000,39.963911,0.002452,12.927692,3.000000,0.063612,0.331833,-0.307954,0.612967,OK
1527,15.270000,39.963803,0.002450,12.927605,3.000000,0.063611,0.331816,-0.307966,0.612992,OK
1528,15.280000,39.963699,0.002448,12.927520,3.000000,0.063611,0.331799,-0.307977,0.613016,OK
1529,15.290000,39.963599,0.002447,12.927434,3.000000,0.063611,0.331782,-0.307988,0.613040,OK
1530,15.300000,39.963503,0.002445,12.927351,3.000000,0.063611,0.331765,-0.308000,0.613065,OK
1531,15.310000,39.963410,0.002443,12.927266,3.000000,0.063610,0.331749,-0.308011,0.613089,OK
1532,15.320000,39.963322,0.002442,12.927182,3.000000,0.063610,0.331733,-0.308022,0.613114,OK
1533,15.330000,39.963237,0.002440,12.927097,3.000000,0.063610,0.331717,-0.308033,0.613138,OK
1534,15.340000,39.963155,0.002438,12.927015,3.000000,0.063610,0.331701,-0.308044,0.613163,OK
1535,15.350000,39.963078,0.002436,12.926932,3.000000,0.063609,0.331686,-0.308055,0.613187,OK
1536,15.360000,39.963004,0.002434,12.926849,3.000000,0.063609,0.331671,-0.308066,0.613211,OK
1537,15.370000,39.962934,0.002432,12.926766,3.000000,0.063609,0.331656,-0.308077,0.613236,OK
1538,15.380000,39.962868,0.002430,12.926686,3.000000,0.063609,0.331641,-0.308088,0.613260,OK
1539,15.390000,39.962805,0.002428,12.926604,3.000000,0.063608,0.331627,-0.308099,0.613284,OK
1540,15.400000,39.962746,0.002426,12.926523,3.000000,0.063608,0.331613,-0.308110,0.613308,OK
1541,15.410000,39.962691,0.002424,12.926441,3.000000,0.063608,0.331599,-0.308121,0.613333,OK
1542,15.420000,39.962639,0.002423,12.926357,3.000000,0.063607,0.331585,-0.308132,0.613357,OK
1543,15.430000,39.962591,0.002421,12.926277,3.000000,0.063607,0.331571,-0.308143,0.613381,OK
1544,15.440000,39.962547,0.002419,12.926195,3.000000,0.063607,0.331558,-0.308154,0.613405,OK
1545,15.450000,39.962506,0.002417,12.926115,3.000000,0.063607,0.331545,-0.308165,0.613429,OK
1546,15.460000,39.962469,0.002415,12.926034,3.000000,0.063606,0.331532,-0.308176,0.613454,OK
1547,15.470000,39.962435,0.002413,12.925952,3.000000,0.063606,0.331519,-0.308187,0.613478,OK
1548,15.480000,39.962405,0.002411,12.925873,3.000000,0.063606,0.331507,-0.308198,0.613502,OK
1549,15.490000,39.962379,0.002409,12.925793,3.000000,0.063606,0.331494,-0.308208,0.613526,OK
1550,15.500000,39.962356,0.002407,12.925716,3.000000,0.063605,0.331482,-0.308219,0.613550,OK
1551,15.510000,39.962336,0.002405,12.925637,3.000000,0.063605,0.331471,-0.308230,0.613574,OK
1552,15.520000,39.962320,0.002403,12.925558,3.000000,0.063605,0.331459,-0.308241,0.613598,OK
1553,15.530000,39.962308,0.002401,12.925482,3.000000,0.063605,0.331447,-0.308251,0.613622,OK
1554,15.540000,39.962299,0.002398,12.925404,3.000000,0.063604,0.331436,-0.308262,0.613646,OK
1555,15.550000,39.962293,0.002396,12.925329,3.000000,0.063604,0.331425,-0.308273,0.613670,OK
1556,15.560000,39.962291,0.002394,12.925253,3.000000,0.063604,0.331415,-0.308283,0.613694,OK
1557,15.570000,39.962292,0.002391,12.925177,3.000000,0.063604,0.331404,-0.308294,0.613718,OK
1558,15.580000,39.962297,0.002389,12.925099,3.000000,0.063603,0.331394,-0.308305,0.613742,OK
1559,15.590000,39.962305,0.002387,12.925024,3.000000,0.063603,0.331383,-0.308315,0.613766,OK
1560,15.600000,39.962316,0.002385,12.924948,3.000000,0.063603,0.331373,-0.308326,0.613790,OK
1561,15.610000,39.962331,0.002383,12.924875,3.000000,0.063603,0.331364,-0.308336,0.613813,OK
1562,15.620000,39.962349,0.002380,12.924802,3.000000,0.063602,0.331354,-0.308347,0.613837,OK
1563,15.630000,39.962370,0.002378,12.924728,3.000000,0.063602,0.331345,-0.308357,0.613861,OK
1564,15.640000,39.962395,0.002376,12.924654,3.000000,0.063602,0.331336,-0.308368,0.613885,OK
1565,15.650000,39.962422,0.002374,12.924582,3.000000,0.063602,0.331327,-0.308378,0.613908,OK
1566,15.660000,39.962453,0.002371,12.924510,3.000000,0.063601,0.331318,-0.308389,0.613932,OK
1567,15.670000,39.962488,0.002368,12.924441,3.000000,0.063601,0.331310,-0.308399,0.613956,OK
1568,15.680000,39.962525,0.002366,12.924371,3.000000,0.063601,0.331302,-0.308409,0.613979,OK
1569,15.690000,39.962566,0.002363,12.924302,3.000000,0.063601,0.331294,-0.308419,0.614003,OK
1570,15.700000,39.962610,0.002361,12.924231,3.000000,0.063600,0.331286,-0.308430,0.614027,OK
1571,15.710000,39.962657,0.002358,12.924159,3.000000,0.063600,0.331278,-0.308440,0.614050,OK
1572,15.720000,39.962707,0.002356,12.924091,3.000000,0.063600,0.331270,-0.308451,0.614074,OK
1573,15.730000,39.962760,0.002354,12.924022,3.000000,0.063600,0.331263,-0.308461,0.614097,OK
1574,15.740000,39.962817,0.002351,12.923956,3.000000,0.063599,0.331256,-0.308471,0.614121,OK
1575,15.750000,39.962876,0.002348,12.923891,3.000000,0.063599,0.331249,-0.308481,0.614144,OK
1576,15.760000,39.962938,0.002345,12.923825,3.000000,0.063599,0.331243,-0.308491,0.614168,OK
1577,15.770000,39.963004,0.002342,12.923759,3.000000,0.063599,0.331236,-0.308501,0.614191,OK
1578,15.780000,39.963072,0.002340,12.923693,3.000000,0.063599,0.331230,-0.308511,0.614215,OK
1579,15.790000,39.963144,0.002338,12.923625,3.000000,0.063598,0.331223,-0.308522,0.614238,OK
1580,15.800000,39.963218,0.002335,12.923556,3.000000,0.063598,0.331217,-0.308532,0.614261,OK
1581,15.810000,39.963295,0.002333,12.923491,3.000000,0.063598,0.331211,-0.308542,0.614285,OK
1582,15.820000,39.963375,0.002331,12.923427,3.000000,0.063598,0.331205,-0.308552,0.614308,OK
1583,15.830000,39.963459,0.002328,12.923365,3.000000,0.063597,0.331200,-0.308562,0.614331,OK
1584,15.840000,39.963544,0.002325,12.923305,3.000000,0.063597,0.331195,-0.308572,0.614355,OK
1585,15.850000,39.963633,0.002322,12.923246,3.000000,0.063597,0.331190,-0.308582,0.614378,OK
1586,15.860000,39.963725,0.002319,12.923187,3.000000,0.063597,0.331185,-0.308592,0.614401,OK
1587,15.870000,39.963819,0.002316,12.923127,3.000000,0.063596,0.331181,-0.308601,0.614424,OK
1588,15.880000,39.963916,0.002313,12.923068,3.000000,0.063596,0.331176,-0.308611,0.614447,OK
1589,15.890000,39.964016,0.002310,12.923007,3.000000,0.063596,0.331172,-0.308621,0.614470,OK
1590,15.900000,39.964119,0.002307,12.922947,3.000000,0.063596,0.331168,-0.308631,0.614493,OK
1591,15.910000,39.964224,0.002305,12.922885,3.000000,0.063595,0.331163,-0.308641,0.614516,OK
1592,15.920000,39.964332,0.002303,12.922823,3.000000,0.063595,0.331159,-0.308651,0.614539,OK
1593,15.930000,39.964443,0.002300,12.922765,3.000000,0.063595,0.331155,-0.308661,0.614562,OK
1594,15.940000,39.964556,0.002297,12.922708,3.000000,0.063595,0.331152,-0.308671,0.614585,OK
1595,15.950000,39.964672,0.002294,12.922655,3.000000,0.063595,0.331148,-0.308681,0.614608,OK
1596,15.960000,39.964791,0.002291,12.922604,3.000000,0.063594,0.331146,-0.308690,0.614631,OK
1597,15.970000,39.964912,0.002287,12.922554,3.000000,0.063594,0.331143,-0.308699,0.614654,OK
1598,15.980000,39.965035,0.002283,12.922505,3.000000,0.063594,0.331141,-0.308709,0.614677,OK
1599,15.990000,39.965162,0.002280,12.922456,3.000000,0.063594,0.331138,-0.308718,0.614700,OK
1600,16.000000,39.965290,0.002276,12.922408,3.000000,0.063593,0.331136,-0.308727,0.614723,OK
1601,16.010000,39.965421,0.002272,12.922360,3.000000,0.063593,0.331134,-0.308736,0.614745,OK
1602,16.020000,39.965555,0.002269,12.922312,3.000000,0.063593,0.331133,-0.308745,0.614768,OK
1603,16.030000,39.965691,0.002265,12.922263,3.000000,0.063593,0.331131,-0.308754,0.614791,OK
1604,16.040000,39.965829,0.002262,12.922215,3.000000,0.063593,0.331129,-0.308764,0.614813,OK
1605,16.050000,39.965970,0.002259,12.922167,3.000000,0.063592,0.331128,-0.308773,0.614836,OK
1606,16.060000,39.966112,0.002255,12.922119,3.000000,0.063592,0.331126,-0.308782,0.614858,OK
1607,16.070000,39.966258,0.002252,12.922071,3.000000,0.063592,0.331125,-0.308792,0.614881,OK
1608,16.080000,39.966405,0.002249,12.922023,3.000000,0.063592,0.331124,-0.308801,0.614903,OK
1609,16.090000,39.966555,0.002246,12.921975,3.000000,0.063591,0.331122,-0.308810,0.614926,OK
1610,16.100000,39.966707,0.002243,12.921928,3.000000,0.063591,0.331121,-0.308820,0.614948,OK
1611,16.110000,39.966862,0.002240,12.921881,3.000000,0.063591,0.331120,-0.308829,0.614971,OK
1612,16.120000,39.967018,0.002237,12.921835,3.000000,0.063591,0.331120,-0.308839,0.614993,OK
1613,16.130000,39.967177,0.002234,12.921789,3.000000,0.063591,0.331119,-0.308848,0.615015,OK
1614,16.140000,39.967337,0.002231,12.921744,3.000000,0.063590,0.331118,-0.308858,0.615038,OK
1615,16.150000,39.967500,0.002229,12.921699,3.000000,0.063590,0.331118,-0.308867,0.615060,OK
1616,16.160000,39.967665,0.002226,12.921655,3.000000,0.063590,0.331118,-0.308877,0.615082,OK
1617,16.170000,39.967832,0.002223,12.921612,3.000000,0.063590,0.331117,-0.308886,0.615104,OK
1618,16.180000,39.968001,0.002220,12.921570,3.000000,0.063589,0.331117,-0.308895,0.615127,OK
1619,16.190000,39.968172,0.002217,12.921528,3.000000,0.063589,0.331117,-0.308905,0.615149,OK
1620,16.200000,39.968345,0.002214,12.921488,3.000000,0.063589,0.331118,-0.308914,0.615171,OK
1621,16.210000,39.968520,0.002211,12.921448,3.000000,0.063589,0.331118,-0.308923,0.615193,OK
1622,16.220000,39.968697,0.002207,12.921410,3.000000,0.063589,0.331119,-0.308932,0.615215,OK
1623,16.230000,39.968876,0.002204,12.921373,3.000000,0.063588,0.331120,-0.308941,0.615237,OK
1624,16.240000,39.969057,0.002201,12.921337,3.000000,0.063588,0.331121,-0.308950,0.615259,OK
1625,16.250000,39.969239,0.002197,12.921302,3.000000,0.063588,0.331122,-0.308959,0.615281,OK
1626,16.260000,39.969424,0.002193,12.921269,3.000000,0.063588,0.331123,-0.308968,0.615303,OK
1627,16.270000,39.969610,0.002190,12.921237,3.000000,0.063588,0.331125,-0.308976,0.615325,OK
1628,16.280000,39.969798,0.002186,12.921206,3.000000,0.063587,0.331127,-0.308985,0.615347,OK
1629,16.290000,39.969988,0.002182,12.921176,3.000000,0.063587,0.331129,-0.308993,0.615369,OK
1630,16.300000,39.970179,0.002178,12.921148,3.000000,0.063587,0.331131,-0.309002,0.615390,OK
1631,16.310000,39.970372,0.002174,12.921121,3.000000,0.063587,0.331133,-0.309010,0.615412,OK
1632,16.320000,39.970567,0.002169,12.921096,3.000000,0.063587,0.331135,-0.309019,0.615434,OK
1633,16.330000,39.970763,0.002165,12.921072,3.000000,0.063586,0.331138,-0.309027,0.615456,OK
1634,16.340000,39.970961,0.002160,12.921049,3.000000,0.063586,0.331141,-0.309035,0.615477,OK
1635,16.350000,39.971161,0.002155,12.921028,3.000000,0.063586,0.331144,-0.309043,0.615499,OK
1636,16.360000,39.971362,0.002151,12.921008,3.000000,0.063586,0.331147,-0.309050,0.615520,OK
1637,16.370000,39.971565,0.002146,12.920990,3.000000,0.063586,0.331151,-0.309058,0.615542,OK
1638,16.380000,39.971769,0.002140,12.920973,3.000000,0.063585,0.331154,-0.309066,0.615563,OK
1639,16.390000,39.971975,0.002135,12.920958,3.000000,0.063585,0.331158,-0.309073,0.615584,OK
1640,16.400000,39.972182,0.002130,12.920944,3.000000,0.063585,0.331162,-0.309081,0.615606,OK
1641,16.410000,39.972390,0.002124,12.920931,3.000000,0.063585,0.331166,-0.309088,0.615627,OK
1642,16.420000,39.972600,0.002119,12.920920,3.000000,0.063585,0.331171,-0.309095,0.615648,OK
1643,16.430000,39.972812,0.002113,12.920911,3.000000,0.063585,0.331175,-0.309102,0.615669,OK
1644,16.440000,39.973025,0.002107,12.920903,3.000000,0.063584,0.331180,-0.309109,0.615690,OK
1645,16.450000,39.973239,0.002101,12.920896,3.000000,0.063584,0.331185,-0.309116,0.615711,OK
1646,16.460000,39.973454,0.002094,12.920891,3.000000,0.063584,0.331190,-0.309123,0.615732,OK
1647,16.470000,39.973670,0.002088,12.920888,3.000000,0.063584,0.331195,-0.309129,0.615753,OK
1648,16.480000,39.973888,0.002082,12.920886,3.000000,0.063584,0.331201,-0.309136,0.615774,OK
1649,16.490000,39.974107,0.002075,12.920885,3.000000,0.063584,0.331207,-0.309142,0.615795,OK
1650,16.500000,39.974328,0.002068,12.920886,3.000000,0.063583,0.331212,-0.309149,0.615815,OK
1651,16.510000,39.974549,0.002061,12.920889,3.000000,0.063583,0.331218,-0.309155,0.615836,OK
1652,16.520000,39.974772,0.002055,12.920888,3.000000,0.063583,0.331224,-0.309161,0.615857,OK
1653,16.530000,39.974995,0.002049,12.920887,3.000000,0.063583,0.331230,-0.309168,0.615877,OK
1654,16.540000,39.975220,0.002043,12.920883,3.000000,0.063583,0.331236,-0.309175,0.615897,OK
1655,16.550000,39.975446,0.002038,12.920879,3.000000,0.063583,0.331241,-0.309181,0.615918,OK
1656,16.560000,39.975673,0.002032,12.920874,3.000000,0.063583,0.331247,-0.309188,0.615938,OK
1657,16.570000,39.975901,0.002027,12.920870,3.000000,0.063582,0.331252,-0.309195,0.615958,OK
1658,16.580000,39.976129,0.002022,12.920867,3.000000,0.063582,0.331258,-0.309202,0.615979,OK
1659,16.590000,39.976359,0.002017,12.920866,3.000000,0.063582,0.331264,-0.309209,0.615999,OK
1660,16.600000,39.976590,0.002011,12.920866,3.000000,0.063582,0.331270,-0.309216,0.616019,OK
1661,16.610000,39.976822,0.002006,12.920867,3.000000,0.063582,0.331276,-0.309223,0.616039,OK
1662,16.620000,39.977054,0.002000,12.920871,3.000000,0.063582,0.331282,-0.309229,0.616059,OK
1663,16.630000,39.977288,0.001995,12.920871,3.000000,0.063581,0.331288,-0.309236,0.616079,OK
1664,16.640000,39.977522,0.001989,12.920871,3.000000,0.063581,0.331294,-0.309243,0.616099,OK
1665,16.650000,39.977757,0.001985,12.920870,3.000000,0.063581,0.331300,-0.309250,0.616119,OK
1666,16.660000,39.977992,0.001980,12.920868,3.000000,0.063581,0.331306,-0.309257,0.616139,OK
1667,16.670000,39.978229,0.001976,12.920866,3.000000,0.063581,0.331311,-0.309265,0.616158,OK
1668,16.680000,39.978466,0.001971,12.920865,3.000000,0.063581,0.331317,-0.309272,0.616178,OK
1669,16.690000,39.978704,0.001967,12.920866,3.000000,0.063580,0.331323,-0.309279,0.616198,OK
1670,16.700000,39.978943,0.001962,12.920869,3.000000,0.063580,0.331330,-0.309286,0.616217,OK
1671,16.710000,39.979182,0.001957,12.920874,3.000000,0.063580,0.331336,-0.309293,0.616237,OK
1672,16.720000,39.979422,0.001952,12.920881,3.000000,0.063580,0.331343,-0.309299,0.616256,OK
1673,16.730000,39.979663,0.001946,12.920885,3.000000,0.063580,0.331349,-0.309306,0.616276,OK
1674,16.740000,39.979904,0.001942,12.920891,3.000000,0.063580,0.331356,-0.309313,0.616295,OK
1675,16.750000,39.980146,0.001937,12.920895,3.000000,0.063579,0.331362,-0.309320,0.616315,OK
1676,16.760000,39.980388,0.001933,12.920899,3.000000,0.063579,0.331368,-0.309326,0.616334,OK
1677,16.770000,39.980631,0.001928,12.920904,3.000000,0.063579,0.331375,-0.309333,0.616353,OK
1678,16.780000,39.980874,0.001923,12.920910,3.000000,0.063579,0.331381,-0.309340,0.616372,OK
1679,16.790000,39.981118,0.001919,12.920919,3.000000,0.063579,0.331388,-0.309347,0.616392,OK
1680,16.800000,39.981362,0.001913,12.920929,3.000000,0.063579,0.331395,-0.309353,0.616411,OK
1681,16.810000,39.981606,0.001908,12.920942,3.000000,0.063578,0.331402,-0.309360,0.616430,OK
1682,16.820000,39.981851,0.001903,12.920953,3.000000,0.063578,0.331409,-0.309366,0.616449,OK
1683,16.830000,39.982096,0.001898,12.920965,3.000000,0.063578,0.331416,-0.309373,0.616468,OK
1684,16.840000,39.982342,0.001893,12.920976,3.000000,0.063578,0.331423,-0.309379,0.616487,OK
1685,16.850000,39.982588,0.001888,12.920987,3.000000,0.063578,0.331430,-0.309386,0.616506,OK
1686,16.860000,39.982834,0.001883,12.920999,3.000000,0.063578,0.331437,-0.309392,0.616524,OK
1687,16.870000,39.983081,0.001878,12.921012,3.000000,0.063578,0.331444,-0.309399,0.616543,OK
1688,16.880000,39.983327,0.001873,12.921028,3.000000,0.063577,0.331452,-0.309405,0.616562,OK
1689,16.890000,39.983574,0.001868,12.921047,3.000000,0.063577,0.331459,-0.309411,0.616581,OK
1690,16.900000,39.983821,0.001862,12.921067,3.000000,0.063577,0.331467,-0.309417,0.616599,OK
1691,16.910000,39.984069,0.001856,12.921085,3.000000,0.063577,0.331475,-0.309423,0.616618,OK
1692,16.920000,39.984316,0.001851,12.921105,3.000000,0.063577,0.331482,-0.309429,0.616636,OK
1693,16.930000,39.984564,0.001846,12.921123,3.000000,0.063577,0.331490,-0.309435,0.616655,OK
1694,16.940000,39.984812,0.001841,12.921141,3.000000,0.063577,0.331497,-0.309441,0.616673,OK
1695,16.950000,39.985059,0.001836,12.921160,3.000000,0.063576,0.331505,-0.309447,0.616692,OK
1696,16.960000,39.985307,0.001831,12.921181,3.000000,0.063576,0.331512,-0.309453,0.616710,OK
1697,16.970000,39.985555,0.001825,12.921204,3.000000,0.063576,0.331520,-0.309459,0.616728,OK
1698,16.980000,39.985803,0.001820,12.921229,3.000000,0.063576,0.331528,-0.309465,0.616746,OK
1699,16.990000,39.986051,0.001814,12.921252,3.000000,0.063576,0.331536,-0.309471,0.616765,OK
1700,17.000000,39.986299,0.001809,12.921276,3.000000,0.063576,0.331544,-0.309476,0.616783,OK
1701,17.010000,39.986547,0.001803,12.921299,3.000000,0.063576,0.331552,-0.309482,0.616801,OK
1702,17.020000,39.986794,0.001798,12.921322,3.000000,0.063575,0.331559,-0.309488,0.616819,OK
1703,17.030000,39.987042,0.001793,12.921347,3.000000,0.063575,0.331567,-0.309494,0.616837,OK
1704,17.040000,39.987289,0.001788,12.921373,3.000000,0.063575,0.331575,-0.309500,0.616854,OK
1705,17.050000,39.987537,0.001782,12.921402,3.000000,0.063575,0.331583,-0.309506,0.616872,OK
1706,17.060000,39.987784,0.001776,12.921433,3.000000,0.063575,0.331591,-0.309511,0.616890,OK
1707,17.070000,39.988031,0.001771,12.921461,3.000000,0.063575,0.331599,-0.309516,0.616908,OK
1708,17.080000,39.988278,0.001765,12.921491,3.000000,0.063575,0.331607,-0.309522,0.616925,OK
1709,17.090000,39.988525,0.001760,12.921520,3.000000,0.063574,0.331615,-0.309527,0.616943,OK
1710,17.100000,39.988771,0.001755,12.921548,3.000000,0.063574,0.331623,-0.309533,0.616961,OK
1711,17.110000,39.989017,0.001749,12.921579,3.000000,0.063574,0.331631,-0.309539,0.616978,OK
1712,17.120000,39.989263,0.001744,12.921611,3.000000,0.063574,0.331639,-0.309544,0.616995,OK
1713,17.130000,39.989508,0.001738,12.921645,3.000000,0.063574,0.331648,-0.309549,0.617013,OK
1714,17.140000,39.989754,0.001732,12.921681,3.000000,0.063574,0.331656,-0.309554,0.617030,OK
1715,17.150000,39.989998,0.001726,12.921715,3.000000,0.063574,0.331665,-0.309559,0.617047,OK
1716,17.160000,39.990243,0.001721,12.921751,3.000000,0.063574,0.331673,-0.309565,0.617065,OK
1717,17.170000,39.990487,0.001715,12.921785,3.000000,0.063573,0.331681,-0.309570,0.617082,OK
1718,17.180000,39.990731,0.001710,12.921819,3.000000,0.063573,0.331689,-0.309575,0.617099,OK
1719,17.190000,39.990974,0.001704,12.921854,3.000000,0.063573,0.331697,-0.309581,0.617116,OK
1720,17.200000,39.991217,0.001699,12.921891,3.000000,0.063573,0.331705,-0.309586,0.617133,OK
1721,17.210000,39.991459,0.001693,12.921930,3.000000,0.063573,0.331714,-0.309591,0.617150,OK
1722,17.220000,39.991701,0.001687,12.921967,3.000000,0.063573,0.331722,-0.309595,0.617167,OK
1723,17.230000,39.991942,0.001681,12.922005,3.000000,0.063573,0.331731,-0.309600,0.617184,OK
1724,17.240000,39.992183,0.001674,12.922042,3.000000,0.063573,0.331740,-0.309605,0.617200,OK
1725,17.250000,39.992423,0.001668,12.922078,3.000000,0.063573,0.331748,-0.309609,0.617217,OK
1726,17.260000,39.992663,0.001661,12.922116,3.000000,0.063572,0.331757,-0.309613,0.617234,OK
1727,17.270000,39.992902,0.001654,12.922156,3.000000,0.063572,0.331767,-0.309617,0.617250,OK
1728,17.280000,39.993141,0.001646,12.922199,3.000000,0.063572,0.331776,-0.309621,0.617267,OK
1729,17.290000,39.993379,0.001639,12.922238,3.000000,0.063572,0.331785,-0.309625,0.617283,OK
1730,17.300000,39.993616,0.001632,12.922279,3.000000,0.063572,0.331794,-0.309629,0.617299,OK
1731,17.310000,39.993852,0.001626,12.922319,3.000000,0.063572,0.331803,-0.309633,0.617315,OK
1732,17.320000,39.994088,0.001619,12.922359,3.000000,0.063572,0.331812,-0.309637,0.617332,OK
1733,17.330000,39.994324,0.001613,12.922400,3.000000,0.063572,0.331821,-0.309641,0.617348,OK
1734,17.340000,39.994558,0.001606,12.922443,3.000000,0.063572,0.331829,-0.309646,0.617364,OK
1735,17.350000,39.994792,0.001599,12.922489,3.000000,0.063572,0.331838,-0.309650,0.617380,OK
1736,17.360000,39.995025,0.001593,12.922531,3.000000,0.063572,0.331847,-0.309654,0.617396,OK
1737,17.370000,39.995257,0.001587,12.922576,3.000000,0.063571,0.331855,-0.309658,0.617412,OK
1738,17.380000,39.995489,0.001581,12.922618,3.000000,0.063571,0.331864,-0.309663,0.617427,OK
1739,17.390000,39.995720,0.001576,12.922662,3.000000,0.063571,0.331872,-0.309667,0.617443,OK
1740,17.400000,39.995950,0.001570,12.922706,3.000000,0.063571,0.331880,-0.309672,0.617459,OK
1741,17.410000,39.996179,0.001564,12.922752,3.000000,0.063571,0.331888,-0.309676,0.617475,OK
1742,17.420000,39.996407,0.001559,12.922801,3.000000,0.063571,0.331897,-0.309680,0.617490,OK
1743,17.430000,39.996634,0.001553,12.922847,3.000000,0.063571,0.331905,-0.309684,0.617506,OK
1744,17.440000,39.996861,0.001547,12.922895,3.000000,0.063571,0.331913,-0.309689,0.617521,OK
1745,17.450000,39.997087,0.001542,12.922942,3.000000,0.063571,0.331921,-0.309693,0.617537,OK
1746,17.460000,39.997312,0.001537,12.922989,3.000000,0.063570,0.331928,-0.309698,0.617552,OK
1747,17.470000,39.997535,0.001531,12.923037,3.000000,0.063570,0.331936,-0.309702,0.617567,OK
1748,17.480000,39.997758,0.001526,12.923087,3.000000,0.063570,0.331944,-0.309707,0.617583,OK
1749,17.490000,39.997980,0.001520,12.923140,3.000000,0.063570,0.331952,-0.309711,0.617598,OK
1750,17.500000,39.998201,0.001514,12.923195,3.000000,0.063570,0.331961,-0.309715,0.617613,OK
1751,17.510000,39.998421,0.001508,12.923247,3.000000,0.063570,0.331969,-0.309719,0.617628,OK
1752,17.520000,39.998641,0.001502,12.923301,3.000000,0.063570,0.331977,-0.309723,0.617643,OK
1753,17.530000,39.998859,0.001497,12.923353,3.000000,0.063570,0.331985,-0.309727,0.617658,OK
1754,17.540000,39.999076,0.001491,12.923405,3.000000,0.063570,0.331992,-0.309731,0.617673,OK
1755,17.550000,39.999292,0.001485,12.923459,3.000000,0.063570,0.332000,-0.309735,0.617688,OK
1756,17.560000,39.999507,0.001480,12.923514,3.000000,0.063569,0.332008,-0.309739,0.617702,OK
1757,17.570000,39.999720,0.001474,12.923571,3.000000,0.063569,0.332016,-0.309743,0.617717,OK
1758,17.580000,39.999933,0.001468,12.923631,3.000000,0.063569,0.332024,-0.309746,0.617732,OK
1759,17.590000,40.000145,0.001461,12.923687,3.000000,0.063569,0.332032,-0.309750,0.617747,OK
1760,17.600000,40.000356,0.001456,12.923746,3.000000,0.063569,0.332040,-0.309754,0.617761,OK
1761,17.610000,40.000565,0.001450,12.923802,3.000000,0.063569,0.332048,-0.309758,0.617776,OK
1762,17.620000,40.000774,0.001444,12.923858,3.000000,0.063569,0.332055,-0.309762,0.617790,OK
1763,17.630000,40.000981,0.001439,12.923915,3.000000,0.063569,0.332063,-0.309765,0.617804,OK
1764,17.640000,40.001187,0.001433,12.923974,3.000000,0.063569,0.332071,-0.309769,0.617819,OK
1765,17.650000,40.001392,0.001427,12.924035,3.000000,0.063569,0.332078,-0.309773,0.617833,OK
1766,17.660000,40.001596,0.001421,12.924097,3.000000,0.063569,0.332086,-0.309776,0.617847,OK
1767,17.670000,40.001798,0.001414,12.924157,3.000000,0.063569,0.332094,-0.309779,0.617861,OK
1768,17.680000,40.002000,0.001409,12.924218,3.000000,0.063568,0.332102,-0.309783,0.617875,OK
1769,17.690000,40.002200,0.001403,12.924278,3.000000,0.063568,0.332109,-0.309786,0.617889,OK
1770,17.700000,40.002399,0.001397,12.924337,3.000000,0.063568,0.332116,-0.309790,0.617903,OK
1771,17.710000,40.002596,0.001392,12.924397,3.000000,0.063568,0.332124,-0.309794,0.617917,OK
1772,17.720000,40.002793,0.001386,12.924459,3.000000,0.063568,0.332131,-0.309797,0.617931,OK
1773,17.730000,40.002988,0.001380,12.924522,3.000000,0.063568,0.332138,-0.309800,0.617945,OK
1774,17.740000,40.003182,0.001374,12.924588,3.000000,0.063568,0.332146,-0.309804,0.617959,OK
1775,17.750000,40.003375,0.001368,12.924650,3.000000,0.063568,0.332153,-0.309807,0.617972,OK
1776,17.760000,40.003566,0.001362,12.924714,3.000000,0.063568,0.332161,-0.309810,0.617986,OK
1777,17.770000,40.003756,0.001356,12.924776,3.000000,0.063568,0.332168,-0.309814,0.618000,OK
1778,17.780000,40.003945,0.001351,12.924838,3.000000,0.063568,0.332175,-0.309817,0.618013,OK
1779,17.790000,40.004132,0.001345,12.924901,3.000000,0.063568,0.332181,-0.309820,0.618027,OK
1780,17.800000,40.004318,0.001339,12.924965,3.000000,0.063567,0.332188,-0.309824,0.618040,OK
1781,17.810000,40.004503,0.001333,12.925030,3.000000,0.063567,0.332195,-0.309827,0.618053,OK
1782,17.820000,40.004687,0.001327,12.925098,3.000000,0.063567,0.332203,-0.309830,0.618067,OK
1783,17.830000,40.004869,0.001321,12.925168,3.000000,0.063567,0.332210,-0.309832,0.618080,OK
1784,17.840000,40.005049,0.001315,12.925234,3.000000,0.063567,0.332217,-0.309835,0.618093,OK
1785,17.850000,40.005229,0.001309,12.925302,3.000000,0.063567,0.332224,-0.309838,0.618106,OK
1786,17.860000,40.005407,0.001303,12.925367,3.000000,0.063567,0.332231,-0.309841,0.618119,OK
1787,17.870000,40.005583,0.001297,12.925432,3.000000,0.063567,0.332237,-0.309844,0.618132,OK
1788,17.880000,40.005758,0.001292,12.925497,3.000000,0.063567,0.332244,-0.309847,0.618145,OK
1789,17.890000,40.005932,0.001286,12.925564,3.000000,0.063567,0.332250,-0.309850,0.618158,OK
1790,17.900000,40.006104,0.001280,12.925632,3.000000,0.063567,0.332257,-0.309853,0.618171,OK
1791,17.910000,40.006275,0.001274,12.925701,3.000000,0.063567,0.332264,-0.309856,0.618183,OK
1792,17.920000,40.006445,0.001268,12.925773,3.000000,0.063567,0.332270,-0.309859,0.618196,OK
1793,17.930000,40.006613,0.001262,12.925841,3.000000,0.063567,0.332277,-0.309861,0.618209,OK
1794,17.940000,40.006779,0.001256,12.925910,3.000000,0.063567,0.332283,-0.309864,0.618221,OK
1795,17.950000,40.006944,0.001250,12.925977,3.000000,0.063566,0.332289,-0.309867,0.618234,OK
1796,17.960000,40.007108,0.001245,12.926044,3.000000,0.063566,0.332295,-0.309870,0.618246,OK
1797,17.970000,40.007270,0.001239,12.926111,3.000000,0.063566,0.332301,-0.309873,0.618259,OK
1798,17.980000,40.007431,0.001234,12.926178,3.000000,0.063566,0.332307,-0.309876,0.618271,OK
1799,17.990000,40.007590,0.001228,12.926248,3.000000,0.063566,0.332313,-0.309879,0.618283,OK
1800,18.000000,40.007747,0.001222,12.926318,3.000000,0.063566,0.332320,-0.309881,0.618295,OK
1801,18.010000,40.007904,0.001216,12.926391,3.000000,0.063566,0.332326,-0.309884,0.618308,OK
1802,18.020000,40.008058,0.001210,12.926465,3.000000,0.063566,0.332332,-0.309886,0.618320,OK
1803,18.030000,40.008212,0.001204,12.926536,3.000000,0.063566,0.332338,-0.309888,0.618332,OK
1804,18.040000,40.008363,0.001198,12.926608,3.000000,0.063566,0.332344,-0.309891,0.618344,OK
1805,18.050000,40.008513,0.001192,12.926677,3.000000,0.063566,0.332349,-0.309893,0.618356,OK
1806,18.060000,40.008662,0.001187,12.926745,3.000000,0.063566,0.332355,-0.309896,0.618367,OK
1807,18.070000,40.008809,0.001182,12.926814,3.000000,0.063566,0.332360,-0.309899,0.618379,OK
1808,18.080000,40.008955,0.001176,12.926883,3.000000,0.063566,0.332366,-0.309901,0.618391,OK
1809,18.090000,40.009099,0.001171,12.926953,3.000000,0.063566,0.332371,-0.309904,0.618403,OK
1810,18.100000,40.009241,0.001165,12.927025,3.000000,0.063566,0.332376,-0.309906,0.618414,OK
1811,18.110000,40.009382,0.001159,12.927098,3.000000,0.063565,0.332382,-0.309909,0.618426,OK
1812,18.120000,40.009521,0.001153,12.927173,3.000000,0.063565,0.332387,-0.309911,0.618438,OK
1813,18.130000,40.009659,0.001147,12.927249,3.000000,0.063565,0.332393,-0.309913,0.618449,OK
1814,18.140000,40.009795,0.001141,12.927322,3.000000,0.063565,0.332399,-0.309915,0.618460,OK
1815,18.150000,40.009930,0.001135,12.927395,3.000000,0.063565,0.332404,-0.309917,0.618472,OK
1816,18.160000,40.010063,0.001130,12.927466,3.000000,0.063565,0.332409,-0.309919,0.618483,OK
1817,18.170000,40.010195,0.001124,12.927535,3.000000,0.063565,0.332413,-0.309922,0.618494,OK
1818,18.180000,40.010325,0.001119,12.927605,3.000000,0.063565,0.332418,-0.309924,0.618505,OK
1819,18.190000,40.010453,0.001114,12.927675,3.000000,0.063565,0.332423,-0.309927,0.618517,OK
1820,18.200000,40.010580,0.001109,12.927746,3.000000,0.063565,0.332427,-0.309929,0.618528,OK
1821,18.210000,40.010705,0.001103,12.927818,3.000000,0.063565,0.332432,-0.309931,0.618539,OK
1822,18.220000,40.010828,0.001098,12.927891,3.000000,0.063565,0.332437,-0.309934,0.618550,OK
1823,18.230000,40.010950,0.001092,12.927965,3.000000,0.063565,0.332441,-0.309936,0.618561,OK
1824,18.240000,40.011071,0.001086,12.928041,3.000000,0.063565,0.332446,-0.309937,0.618571,OK
1825,18.250000,40.011190,0.001080,12.928118,3.000000,0.063565,0.332451,-0.309939,0.618582,OK
1826,18.260000,40.011307,0.001074,12.928192,3.000000,0.063565,0.332455,-0.309941,0.618593,OK
1827,18.270000,40.011422,0.001069,12.928266,3.000000,0.063565,0.332460,-0.309943,0.618604,OK
1828,18.280000,40.011536,0.001063,12.928337,3.000000,0.063565,0.332464,-0.309945,0.618614,OK
1829,18.290000,40.011649,0.001058,12.928407,3.000000,0.063565,0.332468,-0.309947,0.618625,OK
1830,18.300000,40.011759,0.001053,12.928477,3.000000,0.063565,0.332472,-0.309950,0.618635,OK
1831,18.310000,40.011869,0.001048,12.928547,3.000000,0.063564,0.332475,-0.309952,0.618646,OK
1832,18.320000,40.011976,0.001043,12.928617,3.000000,0.063564,0.332479,-0.309954,0.618656,OK
1833,18.330000,40.012082,0.001038,12.928689,3.000000,0.063564,0.332483,-0.309956,0.618667,OK
1834,18.340000,40.012186,0.001033,12.928761,3.000000,0.063564,0.332486,-0.309958,0.618677,OK
1835,18.350000,40.012289,0.001028,12.928834,3.000000,0.063564,0.332490,-0.309960,0.618687,OK
1836,18.360000,40.012390,0.001022,12.928909,3.000000,0.063564,0.332494,-0.309962,0.618698,OK
1837,18.370000,40.012490,0.001017,12.928985,3.000000,0.063564,0.332498,-0.309964,0.618708,OK
1838,18.380000,40.012587,0.001011,12.929062,3.000000,0.063564,0.332501,-0.309965,0.618718,OK
1839,18.390000,40.012684,0.001005,12.929139,3.000000,0.063564,0.332505,-0.309967,0.618728,OK
1840,18.400000,40.012778,0.000999,12.929218,3.000000,0.063564,0.332509,-0.309968,0.618738,OK
1841,18.410000,40.012871,0.000993,12.929293,3.000000,0.063564,0.332513,-0.309970,0.618748,OK
1842,18.420000,40.012963,0.000987,12.929368,3.000000,0.063564,0.332516,-0.309971,0.618758,OK
1843,18.430000,40.013052,0.000982,12.929440,3.000000,0.063564,0.332519,-0.309973,0.618768,OK
1844,18.440000,40.013140,0.000977,12.929510,3.000000,0.063564,0.332522,-0.309975,0.618777,OK
1845,18.450000,40.013227,0.000972,12.929579,3.000000,0.063564,0.332525,-0.309977,0.618787,OK
1846,18.460000,40.013312,0.000968,12.929648,3.000000,0.063564,0.332528,-0.309979,0.618797,OK
1847,18.470000,40.013395,0.000963,12.929717,3.000000,0.063564,0.332530,-0.309981,0.618806,OK
1848,18.480000,40.013477,0.000958,12.929787,3.000000,0.063564,0.332533,-0.309983,0.618816,OK
1849,18.490000,40.013557,0.000954,12.929857,3.000000,0.063564,0.332535,-0.309985,0.618825,OK
1850,18.500000,40.013635,0.000949,12.929928,3.000000,0.063564,0.332538,-0.309987,0.618835,OK
1851,18.510000,40.013712,0.000944,12.930000,3.000000,0.063564,0.332540,-0.309989,0.618844,OK
1852,18.520000,40.013787,0.000939,12.930072,3.000000,0.063564,0.332542,-0.309990,0.618854,OK
1853,18.530000,40.013861,0.000934,12.930145,3.000000,0.063564,0.332545,-0.309992,0.618863,OK
1854,18.540000,40.013933,0.000929,12.930219,3.000000,0.063563,0.332547,-0.309994,0.618872,OK
1855,18.550000,40.014003,0.000924,12.930293,3.000000,0.063563,0.332550,-0.309995,0.618882,OK
1856,18.560000,40.014072,0.000918,12.930369,3.000000,0.063563,0.332552,-0.309996,0.618891,OK
1857,18.570000,40.014139,0.000913,12.930445,3.000000,0.063563,0.332555,-0.309998,0.618900,OK
1858,18.580000,40.014205,0.000907,12.930521,3.000000,0.063563,0.332557,-0.309999,0.618909,OK
1859,18.590000,40.014269,0.000901,12.930598,3.000000,0.063563,0.332560,-0.310000,0.618918,OK
1860,18.600000,40.014331,0.000895,12.930676,3.000000,0.063563,0.332562,-0.310001,0.618927,OK
1861,18.610000,40.014392,0.000889,12.930754,3.000000,0.063563,0.332565,-0.310001,0.618936,OK
1862,18.620000,40.014451,0.000883,12.930832,3.000000,0.063563,0.332567,-0.310002,0.618945,OK
1863,18.630000,40.014509,0.000877,12.930906,3.000000,0.063563,0.332569,-0.310003,0.618953,OK
1864,18.640000,40.014565,0.000872,12.930979,3.000000,0.063563,0.332571,-0.310004,0.618962,OK
1865,18.650000,40.014619,0.000867,12.931048,3.000000,0.063563,0.332573,-0.310006,0.618971,OK
1866,18.660000,40.014672,0.000863,12.931115,3.000000,0.063563,0.332574,-0.310008,0.618980,OK
1867,18.670000,40.014723,0.000859,12.931181,3.000000,0.063563,0.332575,-0.310009,0.618988,OK
1868,18.680000,40.014773,0.000855,12.931245,3.000000,0.063563,0.332576,-0.310011,0.618997,OK
1869,18.690000,40.014821,0.000851,12.931310,3.000000,0.063563,0.332576,-0.310013,0.619005,OK
1870,18.700000,40.014868,0.000848,12.931374,3.000000,0.063563,0.332577,-0.310015,0.619014,OK
1871,18.710000,40.014913,0.000844,12.931438,3.000000,0.063563,0.332577,-0.310017,0.619022,OK
1872,18.720000,40.014956,0.000840,12.931502,3.000000,0.063563,0.332578,-0.310019,0.619030,OK
1873,18.730000,40.014998,0.000837,12.931567,3.000000,0.063563,0.332578,-0.310021,0.619039,OK
1874,18.740000,40.015039,0.000833,12.931631,3.000000,0.063563,0.332578,-0.310023,0.619047,OK
1875,18.750000,40.015077,0.000829,12.931696,3.000000,0.063563,0.332579,-0.310025,0.619055,OK
1876,18.760000,40.015115,0.000825,12.931762,3.000000,0.063563,0.332579,-0.310027,0.619064,OK
1877,18.770000,40.015151,0.000821,12.931827,3.000000,0.063563,0.332579,-0.310029,0.619072,OK
1878,18.780000,40.015185,0.000817,12.931893,3.000000,0.063563,0.332579,-0.310030,0.619080,OK
1879,18.790000,40.015218,0.000813,12.931960,3.000000,0.063563,0.332579,-0.310032,0.619088,OK
1880,18.800000,40.015249,0.000809,12.932026,3.000000,0.063563,0.332580,-0.310034,0.619096,OK
1881,18.810000,40.015279,0.000805,12.932093,3.000000,0.063562,0.332580,-0.310035,0.619104,OK
1882,18.820000,40.015307,0.000801,12.932160,3.000000,0.063562,0.332580,-0.310037,0.619112,OK
1883,18.830000,40.015334,0.000796,12.932227,3.000000,0.063562,0.332580,-0.310038,0.619120,OK
1884,18.840000,40.015359,0.000792,12.932294,3.000000,0.063562,0.332580,-0.310039,0.619128,OK
1885,18.850000,40.015382,0.000787,12.932361,3.000000,0.063562,0.332580,-0.310040,0.619136,OK
1886,18.860000,40.015405,0.000783,12.932429,3.000000,0.063562,0.332580,-0.310042,0.619144,OK
1887,18.870000,40.015425,0.000778,12.932496,3.000000,0.063562,0.332580,-0.310043,0.619152,OK
1888,18.880000,40.015445,0.000774,12.932563,3.000000,0.063562,0.332580,-0.310044,0.619159,OK
1889,18.890000,40.015463,0.000770,12.932630,3.000000,0.063562,0.332580,-0.310045,0.619167,OK
1890,18.900000,40.015479,0.000765,12.932697,3.000000,0.063562,0.332579,-0.310046,0.619175,OK
1891,18.910000,40.015494,0.000761,12.932764,3.000000,0.063562,0.332579,-0.310048,0.619182,OK
1892,18.920000,40.015507,0.000756,12.932831,3.000000,0.063562,0.332579,-0.310049,0.619190,OK
1893,18.930000,40.015519,0.000752,12.932897,3.000000,0.063562,0.332578,-0.310050,0.619198,OK
1894,18.940000,40.015530,0.000747,12.932963,3.000000,0.063562,0.332578,-0.310051,0.619205,OK
1895,18.950000,40.015539,0.000743,12.933029,3.000000,0.063562,0.332577,-0.310052,0.619212,OK
1896,18.960000,40.015547,0.000739,12.933094,3.000000,0.063562,0.332576,-0.310053,0.619220,OK
1897,18.970000,40.015553,0.000735,12.933159,3.000000,0.063562,0.332576,-0.310054,0.619227,OK
1898,18.980000,40.015558,0.000730,12.933223,3.000000,0.063562,0.332575,-0.310055,0.619234,OK
1899,18.990000,40.015561,0.000726,12.933287,3.000000,0.063562,0.332574,-0.310057,0.619242,OK
1900,19.000000,40.015563,0.000722,12.933351,3.000000,0.063562,0.332573,-0.310058,0.619249,OK
1901,19.010000,40.015564,0.000718,12.933414,3.000000,0.063562,0.332571,-0.310059,0.619256,OK
1902,19.020000,40.015563,0.000714,12.933476,3.000000,0.063562,0.332570,-0.310060,0.619263,OK
1903,19.030000,40.015561,0.000710,12.933538,3.000000,0.063562,0.332569,-0.310061,0.619270,OK
1904,19.040000,40.015558,0.000707,12.933600,3.000000,0.063562,0.332567,-0.310063,0.619277,OK
1905,19.050000,40.015553,0.000703,12.933661,3.000000,0.063562,0.332566,-0.310064,0.619284,OK
1906,19.060000,40.015547,0.000699,12.933721,3.000000,0.063562,0.332564,-0.310065,0.619291,OK
1907,19.070000,40.015539,0.000696,12.933781,3.000000,0.063562,0.332563,-0.310067,0.619298,OK
1908,19.080000,40.015530,0.000692,12.933840,3.000000,0.063562,0.332561,-0.310068,0.619305,OK
1909,19.090000,40.015520,0.000689,12.933899,3.000000,0.063562,0.332559,-0.310069,0.619312,OK
1910,19.100000,40.015508,0.000685,12.933957,3.000000,0.063562,0.332557,-0.310071,0.619319,OK
1911,19.110000,40.015496,0.000682,12.934014,3.000000,0.063562,0.332555,-0.310072,0.619326,OK
1912,19.120000,40.015481,0.000679,12.934071,3.000000,0.063562,0.332552,-0.310074,0.619333,OK
1913,19.130000,40.015466,0.000676,12.934127,3.000000,0.063562,0.332550,-0.310075,0.619339,OK
1914,19.140000,40.015449,0.000673,12.934182,3.000000,0.063562,0.332548,-0.310077,0.619346,OK
1915,19.150000,40.015431,0.000670,12.934237,3.000000,0.063561,0.332545,-0.310078,0.619353,OK
1916,19.160000,40.015412,0.000667,12.934291,3.000000,0.063561,0.332542,-0.310080,0.619360,OK
1917,19.170000,40.015391,0.000664,12.934345,3.000000,0.063561,0.332540,-0.310081,0.619366,OK
1918,19.180000,40.015369,0.000661,12.934397,3.000000,0.063561,0.332537,-0.310083,0.619373,OK
1919,19.190000,40.015346,0.000659,12.934450,3.000000,0.063561,0.332534,-0.310085,0.619379,OK
1920,19.200000,40.015322,0.000656,12.934501,3.000000,0.063561,0.332531,-0.310087,0.619386,OK
1921,19.210000,40.015296,0.000654,12.934552,3.000000,0.063561,0.332527,-0.310088,0.619392,OK
1922,19.220000,40.015269,0.000651,12.934602,3.000000,0.063561,0.332524,-0.310090,0.619399,OK
1923,19.230000,40.015241,0.000649,12.934651,3.000000,0.063561,0.332521,-0.310092,0.619405,OK
1924,19.240000,40.015212,0.000647,12.934700,3.000000,0.063561,0.332517,-0.310094,0.619412,OK
1925,19.250000,40.015182,0.000644,12.934748,3.000000,0.063561,0.332514,-0.310096,0.619418,OK
1926,19.260000,40.015150,0.000642,12.934795,3.000000,0.063561,0.332510,-0.310098,0.619425,OK
1927,19.270000,40.015117,0.000640,12.934842,3.000000,0.063561,0.332506,-0.310100,0.619431,OK
1928,19.280000,40.015083,0.000638,12.934893,3.000000,0.063561,0.332503,-0.310102,0.619438,OK
1929,19.290000,40.015048,0.000635,12.934944,3.000000,0.063561,0.332499,-0.310103,0.619444,OK
1930,19.300000,40.015012,0.000632,12.935000,3.000000,0.063561,0.332496,-0.310104,0.619450,OK
1931,19.310000,40.014974,0.000628,12.935056,3.000000,0.063561,0.332493,-0.310105,0.619457,OK
1932,19.320000,40.014936,0.000624,12.935114,3.000000,0.063561,0.332490,-0.310106,0.619463,OK
1933,19.330000,40.014896,0.000620,12.935172,3.000000,0.063561,0.332487,-0.310107,0.619469,OK
1934,19.340000,40.014855,0.000616,12.935229,3.000000,0.063561,0.332484,-0.310107,0.619475,OK
1935,19.350000,40.014813,0.000612,12.935286,3.000000,0.063561,0.332481,-0.310108,0.619481,OK
1936,19.360000,40.014770,0.000608,12.935342,3.000000,0.063561,0.332478,-0.310109,0.619487,OK
1937,19.370000,40.014726,0.000604,12.935397,3.000000,0.063561,0.332475,-0.310109,0.619493,OK
1938,19.380000,40.014681,0.000601,12.935451,3.000000,0.063561,0.332472,-0.310110,0.619499,OK
1939,19.390000,40.014635,0.000597,12.935504,3.000000,0.063561,0.332468,-0.310111,0.619505,OK
1940,19.400000,40.014587,0.000594,12.935556,3.000000,0.063561,0.332465,-0.310112,0.619511,OK
1941,19.410000,40.014539,0.000591,12.935606,3.000000,0.063561,0.332461,-0.310113,0.619517,OK
1942,19.420000,40.014490,0.000588,12.935654,3.000000,0.063561,0.332457,-0.310114,0.619523,OK
1943,19.430000,40.014439,0.000585,12.935702,3.000000,0.063561,0.332453,-0.310115,0.619529,OK
1944,19.440000,40.014388,0.000582,12.935747,3.000000,0.063561,0.332449,-0.310117,0.619535,OK
1945,19.450000,40.014335,0.000580,12.935792,3.000000,0.063561,0.332445,-0.310118,0.619541,OK
1946,19.460000,40.014281,0.000577,12.935840,3.000000,0.063560,0.332440,-0.310120,0.619546,OK
1947,19.470000,40.014227,0.000575,12.935888,3.000000,0.063560,0.332436,-0.310121,0.619552,OK
1948,19.480000,40.014171,0.000571,12.935939,3.000000,0.063560,0.332432,-0.310122,0.619558,OK
1949,19.490000,40.014115,0.000568,12.935991,3.000000,0.063560,0.332428,-0.310122,0.619563,OK
1950,19.500000,40.014058,0.000564,12.936043,3.000000,0.063560,0.332425,-0.310123,0.619569,OK
1951,19.510000,40.013999,0.000561,12.936095,3.000000,0.063560,0.332421,-0.310124,0.619575,OK
1952,19.520000,40.013940,0.000557,12.936146,3.000000,0.063560,0.332417,-0.310124,0.619580,OK
1953,19.530000,40.013880,0.000554,12.936196,3.000000,0.063560,0.332413,-0.310125,0.619586,OK
1954,19.540000,40.013818,0.000550,12.936245,3.000000,0.063560,0.332409,-0.310126,0.619591,OK
1955,19.550000,40.013756,0.000547,12.936292,3.000000,0.063560,0.332404,-0.310127,0.619597,OK
1956,19.560000,40.013693,0.000544,12.936338,3.000000,0.063560,0.332400,-0.310128,0.619602,OK
1957,19.570000,40.013629,0.000541,12.936382,3.000000,0.063560,0.332395,-0.310129,0.619608,OK
1958,19.580000,40.013564,0.000539,12.936425,3.000000,0.063560,0.332391,-0.310130,0.619613,OK
1959,19.590000,40.013499,0.000537,12.936466,3.000000,0.063560,0.332386,-0.310131,0.619618,OK
1960,19.600000,40.013432,0.000534,12.936510,3.000000,0.063560,0.332381,-0.310132,0.619624,OK
1961,19.610000,40.013365,0.000531,12.936553,3.000000,0.063560,0.332376,-0.310133,0.619629,OK
1962,19.620000,40.013297,0.000528,12.936600,3.000000,0.063560,0.332372,-0.310134,0.619634,OK
1963,19.630000,40.013227,0.000525,12.936646,3.000000,0.063560,0.332367,-0.310135,0.619640,OK
1964,19.640000,40.013158,0.000522,12.936693,3.000000,0.063560,0.332363,-0.310136,0.619645,OK
1965,19.650000,40.013087,0.000519,12.936739,3.000000,0.063560,0.332358,-0.310136,0.619650,OK
1966,19.660000,40.013015,0.000516,12.936784,3.000000,0.063560,0.332353,-0.310137,0.619655,OK
1967,19.670000,40.012943,0.000513,12.936828,3.000000,0.063560,0.332349,-0.310138,0.619660,OK
1968,19.680000,40.012870,0.000510,12.936870,3.000000,0.063560,0.332344,-0.310139,0.619665,OK
1969,19.690000,40.012796,0.000508,12.936910,3.000000,0.063560,0.332339,-0.310140,0.619670,OK
1970,19.700000,40.012721,0.000505,12.936948,3.000000,0.063560,0.332333,-0.310141,0.619676,OK
1971,19.710000,40.012646,0.000503,12.936985,3.000000,0.063560,0.332328,-0.310142,0.619681,OK
1972,19.720000,40.012570,0.000501,12.937025,3.000000,0.063560,0.332323,-0.310143,0.619686,OK
1973,19.730000,40.012493,0.000498,12.937064,3.000000,0.063560,0.332317,-0.310144,0.619691,OK
1974,19.740000,40.012416,0.000496,12.937105,3.000000,0.063560,0.332312,-0.310145,0.619696,OK
1975,19.750000,40.012337,0.000493,12.937147,3.000000,0.063560,0.332307,-0.310146,0.619700,OK
1976,19.760000,40.012258,0.000490,12.937188,3.000000,0.063560,0.332302,-0.310147,0.619705,OK
1977,19.770000,40.012179,0.000487,12.937229,3.000000,0.063560,0.332297,-0.310147,0.619710,OK
1978,19.780000,40.012098,0.000484,12.937268,3.000000,0.063560,0.332292,-0.310148,0.619715,OK
1979,19.790000,40.012017,0.000482,12.937306,3.000000,0.063560,0.332287,-0.310149,0.619720,OK
1980,19.800000,40.011936,0.000479,12.937342,3.000000,0.063560,0.332281,-0.310150,0.619725,OK
1981,19.810000,40.011854,0.000477,12.937377,3.000000,0.063560,0.332275,-0.310151,0.619729,OK
1982,19.820000,40.011771,0.000476,12.937409,3.000000,0.063560,0.332269,-0.310152,0.619734,OK
1983,19.830000,40.011687,0.000474,12.937444,3.000000,0.063560,0.332264,-0.310154,0.619739,OK
1984,19.840000,40.011603,0.000471,12.937479,3.000000,0.063560,0.332258,-0.310155,0.619744,OK
1985,19.850000,40.011518,0.000469,12.937516,3.000000,0.063560,0.332253,-0.310156,0.619748,OK
1986,19.860000,40.011433,0.000466,12.937553,3.000000,0.063560,0.332247,-0.310156,0.619753,OK
1987,19.870000,40.011347,0.000464,12.937590,3.000000,0.063560,0.332242,-0.310157,0.619758,OK
1988,19.880000,40.011260,0.000461,12.937625,3.000000,0.063560,0.332236,-0.310158,0.619762,OK
1989,19.890000,40.011173,0.000459,12.937660,3.000000,0.063560,0.332230,-0.310159,0.619767,OK
1990,19.900000,40.011086,0.000457,12.937693,3.000000,0.063560,0.332225,-0.310160,0.619771,OK
1991,19.910000,40.010998,0.000455,12.937724,3.000000,0.063560,0.332219,-0.310161,0.619776,OK
1992,19.920000,40.010909,0.000453,12.937753,3.000000,0.063559,0.332213,-0.310162,0.619780,OK
1993,19.930000,40.010820,0.000451,12.937780,3.000000,0.063559,0.332206,-0.310163,0.619785,OK
1994,19.940000,40.010730,0.000450,12.937810,3.000000,0.063559,0.332200,-0.310165,0.619789,OK
1995,19.950000,40.010640,0.000448,12.937839,3.000000,0.063559,0.332194,-0.310166,0.619794,OK
1996,19.960000,40.010549,0.000446,12.937871,3.000000,0.063559,0.332188,-0.310167,0.619798,OK
1997,19.970000,40.010458,0.000444,12.937904,3.000000,0.063559,0.332182,-0.310168,0.619803,OK
1998,19.980000,40.010366,0.000441,12.937936,3.000000,0.063559,0.332176,-0.310168,0.619807,OK
1999,19.990000,40.010274,0.000439,12.937967,3.000000,0.063559,0.332170,-0.310169,0.619812,OK
2000,20.000000,40.010182,0.000437,12.937997,3.000000,0.063559,0.332164,-0.310170,0.619816,OK
