sample_index,run_number,timestamp_local_iso8601,sim_time_s,state_vehicle_speed_kmh,state_beta_trucksim_deg,state_yaw_rate_trucksim_degps,state_x_m,state_y_m,state_xt_m,state_yt_m,cmd_delta1_deg,cmd_delta2_deg,cmd_delta3_deg,case_id,case_name
1,2026年09月05日_22时52分41秒_第036次,2026-09-05T22:52:41,0,0.1,0,0,-1.05819009496492,0,0,0,0,0,-0,MV-202,sine_steer_python-1
2,2026年09月05日_22时52分41秒_第036次,2026-09-05T22:52:41,0.001,0.1,0,0,-1.05819009496492,0,0,0,0,-4.73838466204978e-08,-2.00528438897947e-06,MV-202,sine_steer_python-1
3,2026年09月05日_22时52分41秒_第036次,2026-09-05T22:52:41,0.002,40,-1.04278536291435e-35,4.70468973902358e-20,-1.05816231718715,0,2.77777777777778e-05,0,0,-8.30121025249693e-09,-3.5130721788567e-07,MV-202,sine_steer_python-1
4,2026年09月05日_22时52分41秒_第036次,2026-09-05T22:52:41,0.003,39.9999422269714,-3.02435872530123e-09,-0.00135305768086938,-1.04150933490558,6.50844639819591e-25,0.0166815574786947,0,0,2.5006449160562e-08,1.05827292847498e-06,MV-202,sine_steer_python-1
5,2026年09月05日_22时52分41秒_第036次,2026-09-05T22:52:41,0.004,39.9999063041802,2.02953001280567e-06,-0.000781035331213993,-1.03039799155213,4.9383034335417e-08,0.0277938998506727,0,0,3.43816833607809e-08,1.45503283982825e-06,MV-202,sine_steer_python-1
6,2026年09月05日_22时52分41秒_第036次,2026-09-05T22:52:41,0.005,39.9998303385958,2.2326879816758e-06,-0.000744497081450399,-1.01928662100934,5.33732648009149e-08,0.0389064022616425,0,0,2.47194565345873e-08,1.04612740054374e-06,MV-202,sine_steer_python-1
7,2026年09月05日_22时52分41秒_第036次,2026-09-05T22:52:41,0.006,39.9997470306577,2.76548093969397e-06,-0.000656157791184502,-1.00817525870398,6.86561153080405e-08,0.0500189680639432,0,0,7.64385150266979e-09,3.23487795592985e-07,MV-202,sine_steer_python-1
8,2026年09月05日_22时52分41秒_第036次,2026-09-05T22:52:41,0.007,39.9996531254696,3.10753205386632e-06,-0.000534804591045643,-0.997063917291688,7.89363617285516e-08,0.0611315255673373,0,0,-7.02255602068759e-09,-2.97194570795499e-07,MV-202,sine_steer_python-1
9,2026年09月05日_22时52分41秒_第036次,2026-09-05T22:52:41,0.008,39.9995508250131,3.29547658321198e-06,-0.000418539514359409,-0.985952610269646,8.64804204155474e-08,0.0722440219718071,0,0,-1.33254352308625e-08,-5.63932418970101e-07,MV-202,sine_steer_python-1
10,2026年09月05日_22时52分41秒_第036次,2026-09-05T22:52:41,0.009,39.9994413860876,3.35838258966996e-06,-0.00031094683211091,-0.974841346377467,9.16786615164664e-08,0.0833564224468072,0,0,-8.72178773236441e-09,-3.69106056833662e-07,MV-202,sine_steer_python-1
11,2026年09月05日_22时52分41秒_第036次,2026-09-05T22:52:41,0.01,39.9993257104417,3.31451965120573e-06,-0.000214392274004174,-0.963730131278552,9.47151976012298e-08,0.0944687063792256,0,0,6.36805132079947e-09,2.69495931896234e-07,MV-202,sine_steer_python-1
12,2026年09月05日_22时52分41秒_第036次,2026-09-05T22:52:41,0.011,39.9992043932232,3.18361931118613e-06,-0.00013159439924538,-0.952618968154735,9.60131433752622e-08,0.105580864519289,0,0,2.91645145944901e-08,1.23424225763882e-06,MV-202,sine_steer_python-1
13,2026年09月05日_22时52分41秒_第036次,2026-09-05T22:52:41,0.012,39.9990777971272,2.98568394812185e-06,-6.22404018298704e-05,-0.941507858300402,9.58879087341577e-08,0.11669289637234,0,0,5.54028582130826e-08,2.34464895957765e-06,MV-202,sine_steer_python-1
14,2026年09月05日_22时52分41秒_第036次,2026-09-05T22:52:41,0.013,39.9989461135776,2.73789871455693e-06,-5.44845801337761e-06,-0.930396801631012,9.46436180201177e-08,0.127804807917437,0,0,8.02959787249205e-08,3.39812581963864e-06,MV-202,sine_steer_python-1
15,2026年09月05日_22时52分41秒_第036次,2026-09-05T22:52:41,0.014,39.9988094140621,2.45506939010017e-06,4.02535347031663e-05,-0.919285797113915,9.25334678911143e-08,0.138916609648822,0,0,9.9382278488601e-08,4.20585802563759e-06,MV-202,sine_steer_python-1
16,2026年09月05日_22时52分41秒_第036次,2026-09-05T22:52:41,0.015,39.9986676921491,2.14940222764257e-06,7.65452266385442e-05,-0.908174843125037,8.97656004122754e-08,0.150028314931419,0,0,1.09129421420051e-07,4.61835711449655e-06,MV-202,sine_steer_python-1
17,2026年09月05日_22时52分41秒_第036次,2026-09-05T22:52:41,0.016,39.9985208970604,1.83067404738066e-06,0.000105093454004221,-0.897063937737088,8.65056297727152e-08,0.161139938652038,0,0,1.07265371788351e-07,4.53947053408302e-06,MV-202,sine_steer_python-1
18,2026年09月05日_22时52分41秒_第036次,2026-09-05T22:52:41,0.017,39.9983689597484,1.50653383938069e-06,0.000127430647921856,-0.885953078945968,8.28817329684782e-08,0.172251496142006,0,0,9.28860274857026e-08,3.93093668319494e-06,MV-202,sine_steer_python-1
19,2026年09月05日_22时52分41秒_第036次,2026-09-05T22:52:41,0.018,39.998211812458,1.18283795015477e-06,0.000144883879124432,-0.874842264842569,7.89911407018383e-08,0.183363002343299,0,0,6.64105690708437e-08,2.81049528307811e-06,MV-202,sine_steer_python-1
20,2026年09月05日_22时52分41秒_第036次,2026-09-05T22:52:41,0.019,39.9980494027395,8.63994482679527e-07,0.000158550367725727,-0.863731493737315,7.49064330418243e-08,0.194474471188531,0,0,2.94287051578525e-08,1.24542280228032e-06,MV-202,sine_steer_python-1
21,2026年09月05日_22时52分41秒_第036次,2026-09-05T22:52:41,0.02,39.9978817028311,5.53280363024201e-07,0.000169301038600793,-0.852620764244652,7.06814228076303e-08,0.205585915164844,0,0,-1.55533937565653e-08,-6.58219623777844e-07,MV-202,sine_steer_python-1
22,2026年09月05日_22时52分41秒_第036次,2026-09-05T22:52:41,0.021,39.9977087152626,2.53116351902058e-07,0.000177801518081745,-0.841510075334326,6.63562333933129e-08,0.216697345032635,0,0,-6.54704128525655e-08,-2.77070787192057e-06,MV-202,sine_steer_python-1
23,2026年09月05日_22时52分41秒_第036次,2026-09-05T22:52:41,0.022,39.9975304754494,-3.47064046949473e-08,0.000184542271546819,-0.830399426355777,6.19614627003622e-08,0.227808769671679,0,0,-1.17130043851699e-07,-4.95694345580392e-06,MV-202,sine_steer_python-1
24,2026年09月05日_22时52分41秒_第036次,2026-09-05T22:52:41,0.023,39.9973470519562,-3.08848442760989e-07,0.0001898719421374,-0.819288817041381,5.75214287462661e-08,0.238920196029448,0,0,-1.67647257891638e-07,-7.09483195397411e-06,MV-202,sine_steer_python-1
25,2026年09月05日_22时52分41秒_第036次,2026-09-05T22:52:41,0.024,39.9971585481016,-5.68288679996362e-07,0.000194043868885273,-0.808178247493596,5.30565666935755e-08,0.250031629148985,0,0,-2.14788120788921e-07,-9.08983327178715e-06,MV-202,sine_steer_python-1
26,2026年09月05日_22时52分41秒_第036次,2026-09-05T22:52:41,0.025,39.9969650939255,-8.12250453269049e-07,0.000197194448921451,-0.797067718159113,4.8585116599449e-08,0.261143072257758,0,0,-2.57154080244237e-07,-1.08827606759361e-05,MV-202,sine_steer_python-1
27,2026年09月05日_22时52分41秒_第036次,2026-09-05T22:52:41,0.026,39.9967668433997,-1.04007549476307e-06,0.000199437729240073,-0.785957229797695,4.41241123168599e-08,0.272254526896203,0,0,-2.94190539370531e-07,-1.24501436261609e-05,MV-202,sine_steer_python-1
28,2026年09月05日_22时52分41秒_第036次,2026-09-05T22:52:41,0.027,39.9965639724844,-1.25125168001955e-06,0.000200843576016629,-0.774846783445094,3.96900774456689e-08,0.283365993075353,0,0,-3.26054048595133e-07,-1.3798607336546e-05,MV-202,sine_steer_python-1
29,2026年09月05日_22时52分41秒_第036次,2026-09-05T22:52:41,0.028,39.9963566742482,-1.44536173375659e-06,0.000201464534017241,-0.763736380372824,3.52991593197774e-08,0.294477469451302,0,0,-3.53397341251247e-07,-1.49557754817528e-05,MV-202,sine_steer_python-1
30,2026年09月05日_22时52分41秒_第036次,2026-09-05T22:52:41,0.029,39.996145154729,-1.62208119379419e-06,0.000201345355153065,-0.752626022048131,3.09671955953813e-08,0.305588953505512,0,0,-3.77129370349259e-07,-1.59601149531806e-05,MV-202,sine_steer_python-1
31,2026年09月05日_22时52分41秒_第036次,2026-09-05T22:52:41,0.03,39.9959296289276,-1.78117674139857e-06,0.000200530634665429,-0.74151571009497,2.67095460587168e-08,0.316700441724154,0,0,-3.98192599898747e-07,-1.6851510827715e-05,MV-202,sine_steer_python-1
32,2026年09月05日_22时52分41秒_第036次,2026-09-05T22:52:41,0.031,39.995710317089,-1.92250930672445e-06,0.000199069160317512,-0.730405446257216,2.25408777462932e-08,0.32781192977072,0,0,-4.17386258903555e-07,-1.76637864767984e-05,MV-202,sine_steer_python-1
33,2026年09月05日_22时52分41秒_第036次,2026-09-05T22:52:41,0.032,39.9954874413418,-2.04603849512691e-06,0.000197015902316749,-0.719295232364859,1.84749201377683e-08,0.33892341264783,0,0,-4.35256246399261e-07,-1.84200443476167e-05,MV-202,sine_steer_python-1
34,2026年09月05日_22时52分41秒_第036次,2026-09-05T22:52:41,0.033,39.9952612227393,-2.15182645155755e-06,0.000194432281788274,-0.708185070303653,1.45242350058931e-08,0.350034884845526,0,0,-4.52064789462752e-07,-1.91313818900636e-05,MV-202,sine_steer_python-1
35,2026年09月05日_22时52分41秒_第036次,2026-09-05T22:52:41,0.034,39.9950318787222,-2.24004003730449e-06,0.000191385255060099,-0.697074961988455,1.07000247963294e-08,0.361146340474467,0,0,-4.678393931914e-07,-1.979896311986e-05,MV-202,sine_steer_python-1
36,2026年09月05日_22时52分41秒_第036次,2026-09-05T22:52:41,0.035,39.9947996209999,-2.31095069158002e-06,0.000187945680249895,-0.685964909340304,7.01199247460329e-09,0.372257773383306,0,0,-4.82480819106418e-07,-2.04185882645836e-05,MV-202,sine_steer_python-1
37,2026年09月05日_22时52分41秒_第036次,2026-09-05T22:52:41,0.036,39.9945646538361,-2.36493178628451e-06,0.000184186331058812,-0.674854914267143,3.46825804816912e-09,0.383369177260271,0,0,-4.95890853718401e-07,-2.09861009293627e-05,MV-202,sine_steer_python-1
38,2026年09月05日_22时52分41秒_第036次,2026-09-05T22:52:41,0.037,39.9943271727103,-2.40245357996074e-06,0.000180179834734628,-0.663744978647998,7.53307063486743e-11,0.394480545719485,0,0,-5.08071991331864e-07,-2.15016066731645e-05,MV-202,sine_steer_python-1
39,2026年09月05日_22时52分41秒_第036次,2026-09-05T22:52:41,0.038,39.9940873633236,-2.42407607517734e-06,0.000175996731847398,-0.652635104320331,-3.16186857517739e-09,0.405591872372947,0,0,-5.19158963056116e-07,-2.19708073165348e-05,MV-202,sine_steer_python-1
40,2026年09月05日_22时52分41秒_第036次,2026-09-05T22:52:41,0.039,39.9938454009089,-2.43044019934655e-06,0.000171703787128348,-0.64152529307027,-6.23994161406398e-09,0.41670315088937,0,0,-5.29366090858781e-07,-2.24027729651436e-05,MV-202,sine_steer_python-1
41,2026年09月05日_22时52分41秒_第036次,2026-09-05T22:52:41,0.04,39.9936014498076,-2.42225777883042e-06,0.000167362625285813,-0.630415546625362,-9.1569136913361e-09,0.427814375041199,0,0,-5.38867777240363e-07,-2.28048843328121e-05,MV-202,sine_steer_python-1
42,2026年09月05日_22时52分41秒_第036次,2026-09-05T22:52:41,0.041,39.9933556632705,-2.40030077808834e-06,0.000163028722414273,-0.619305866649529,-1.19121094849918e-08,0.438925538741237,0,0,-5.47659478052647e-07,-2.3176949111188e-05,MV-202,sine_steer_python-1
43,2026年09月05日_22时52分41秒_第036次,2026-09-05T22:52:41,0.042,39.9931081834481,-2.36539024390245e-06,0.000158750750554284,-0.608196254739865,-1.4506013039711e-08,0.450036636070282,0,0,-5.55459286706541e-07,-2.35070370134208e-05,MV-202,sine_steer_python-1
44,2026年09月05日_22时52分41秒_第036次,2026-09-05T22:52:41,0.043,39.9928591415307,-2.31838534023285e-06,0.000154570251045552,-0.59708671242499,-1.69401196735008e-08,0.461147661297151,0,0,-5.61697432456209e-07,-2.37710353415468e-05,MV-202,sine_steer_python-1
45,2026年09月05日_22时52分41秒_第036次,2026-09-05T22:52:41,0.044,39.9926086580075,-2.26017279445146e-06,0.000150521596604517,-0.585977241164631,-1.92167865679248e-08,0.472258608892381,0,0,-5.65600757406223e-07,-2.39362240534314e-05,MV-202,sine_steer_python-1
46,2026年09月05日_22时52分41秒_第036次,2026-09-05T22:52:41,0.045,39.9923568430156,-2.19165700464586e-06,0.000146632195165391,-0.574867842350208,-2.1339087571595e-08,0.483369473536782,0,0,-5.66383649176929e-07,-2.39693560331676e-05,MV-202,sine_steer_python-1
47,2026年09月05日_22时52分41秒_第036次,2026-09-05T22:52:41,0.046,39.992103796752,-2.11375098974722e-06,0.000142922884101896,-0.563758517306148,-2.33106764166838e-08,0.494480250125913,0,0,-5.63459938301877e-07,-2.38456245889354e-05,MV-202,sine_steer_python-1
48,2026年09月05日_22时52分41秒_第036次,2026-09-05T22:52:41,0.047,39.9918496099273,-2.02736829911636e-06,0.000139408465474151,-0.552649267291761,-2.513566140587e-08,0.505590933771405,0,0,-5.56613357677087e-07,-2.35558772968943e-05,MV-202,sine_steer_python-1
49,2026年09月05日_22时52分41秒_第036次,2026-09-05T22:52:41,0.048,39.991594364244,-1.93341594247688e-06,0.000136098336069586,-0.541540093503487,-2.68184934965767e-08,0.516701519799942,0,0,-5.4610168691744e-07,-2.3111023390346e-05,MV-202,sine_steer_python-1
50,2026年09月05日_22时52分41秒_第036次,2026-09-05T22:52:41,0.049,39.9913381328816,-1.83278835348407e-06,0.000132997170285414,-0.530430997077379,-2.83638687981187e-08,0.527812003750565,0,0,-5.3266860022117e-07,-2.25425351613599e-05,MV-202,sine_steer_python-1
51,2026年09月05日_22时52分41秒_第036次,2026-09-05T22:52:41,0.05,39.9910809809809,-1.72636236035329e-06,0.000130105621672221,-0.519321979091705,-2.97766457178937e-08,0.538922381370875,0,0,-5.17463515952849e-07,-2.18990559951246e-05,MV-202,sine_steer_python-1
52,2026年09月05日_22时52分41秒_第036次,2026-09-05T22:52:41,0.051,39.9908229661143,-1.61499310910934e-06,0.000127421013682722,-0.508213040569579,-3.10617763718018e-08,0.550032648612573,0,0,-5.0187699356471e-07,-2.12394343676585e-05,MV-202,sine_steer_python-1
53,2026年09月05日_22时52分41秒_第036次,2026-09-05T22:52:41,0.052,39.9905641387388,-1.4995108621794e-06,0.000124937997779833,-0.497104182481556,-3.22242514217524e-08,0.56114280162669,0,0,-4.87309404178439e-07,-2.06229339848315e-05,MV-202,sine_steer_python-1
54,2026年09月05日_22时52分41秒_第036次,2026-09-05T22:52:41,0.053,39.9903045426248,-1.38071858231262e-06,0.000122649162612283,-0.485995405748132,-3.32690571765509e-08,0.57225283675879,0,0,-4.74929556023782e-07,-2.00990188109264e-05,MV-202,sine_steer_python-1
55,2026年09月05日_22时52分41秒_第036次,2026-09-05T22:52:41,0.054,39.9900442152606,-1.25939020425102e-06,0.000120545582637004,-0.47488671124213,-3.42011435836575e-08,0.58336275054431,0,0,-4.65475621525657e-07,-1.96989283029658e-05,MV-202,sine_steer_python-1
56,2026年09月05日_22时52分41秒_第036次,2026-09-05T22:52:41,0.055,39.9897831882287,-1.13626949359224e-06,0.000118617300694628,-0.463778099790929,-3.50254016533727e-08,0.594472539704201,0,0,-4.59142045016102e-07,-1.94308913450814e-05,MV-202,sine_steer_python-1
57,2026年09月05日_22时52分41秒_第036次,2026-09-05T22:52:41,0.056,39.989521487555,-1.01206939585952e-06,0.000116853741361013,-0.452669572178551,-3.57466488135495e-08,0.605582201140922,0,0,-4.55574176951769e-07,-1.92798991685989e-05,MV-202,sine_steer_python-1
58,2026年09月05日_22时52分41秒_第036次,2026-09-05T22:52:41,0.057,39.9892591340326,-8.8747178273979e-07,0.000115244055908916,-0.441561129147585,-3.63696207570562e-08,0.61669173193484,0,0,-4.53964346717042e-07,-1.92117711530652e-05,MV-202,sine_steer_python-1
59,2026年09月05日_22时52分41秒_第036次,2026-09-05T22:52:41,0.058,39.9889961435197,-7.63127510514605e-07,0.000113777401975805,-0.43045277140096,-3.68989684150622e-08,0.627801129341032,0,0,-4.53218074730525e-07,-1.91801889225958e-05,MV-202,sine_steer_python-1
60,2026年09月05日_22时52分41秒_第036次,2026-09-05T22:52:41,0.059,39.9887325272142,-6.3965671480627e-07,0.00011244316233863,-0.419344499603579,-3.7339258830342e-08,0.638910390786482,0,0,-4.52157733251815e-07,-1.91353152712168e-05,MV-202,sine_steer_python-1
61,2026年09月05日_22时52分41秒_第036次,2026-09-05T22:52:41,0.06,39.9884682919081,-5.1764927481194e-07,0.000111231109049926,-0.408236314383815,-3.76949788230931e-08,0.650019513867619,0,0,-4.4971481096354e-07,-1.9031930799977e-05,MV-202,sine_steer_python-1
62,2026年09月05日_22时52分41秒_第036次,2026-09-05T22:52:41,0.061,39.9882034402225,-3.97665390996499e-07,0.000110131518981078,-0.397128216334902,-3.79705405099017e-08,0.661128496348162,0,0,-4.45080584886094e-07,-1.88358103523795e-05,MV-202,sine_steer_python-1
63,2026年09月05日_22时52分41秒_第036次,2026-09-05T22:52:41,0.062,39.987937970826,-2.8023622891298e-07,0.000109135248217671,-0.38602020601622,-3.81702878780325e-08,0.672237336157207,0,0,-4.37807905407969e-07,-1.85280305568653e-05,MV-202,sine_steer_python-1
64,2026年09月05日_22时52分41秒_第036次,2026-09-05T22:52:41,0.063,39.9876718786394,-1.6586459223484e-07,0.000108233771367955,-0.37491228395449,-3.82985037648966e-08,0.683346031387505,0,0,-4.27861296849698e-07,-1.81070900826792e-05,MV-202,sine_steer_python-1
65,2026年09月05日_22时52分41秒_第036次,2026-09-05T22:52:41,0.064,39.9874051550275,-5.50255951988193e-08,0.00010741919289188,-0.363804450644909,-3.83594167299009e-08,0.694454580293864,0,0,-4.15608586861824e-07,-1.75885553959924e-05,MV-202,sine_steer_python-1
66,2026年09月05日_22时52分41秒_第036次,2026-09-05T22:52:41,0.065,39.9871377879815,5.18326865133989e-08,0.000106684235830729,-0.352696706552223,-3.83572074271197e-08,0.705562981291627,0,0,-4.0176246420726e-07,-1.70025874852512e-05,MV-202,sine_steer_python-1
67,2026年09月05日_22时52分41秒_第036次,2026-09-05T22:52:41,0.066,39.9868697622924,1.54288602052939e-07,0.000106022214091357,-0.341589052111756,-3.82960142065485e-08,0.716671232955164,0,0,-3.87280935161949e-07,-1.63897291760537e-05,MV-202,sine_steer_python-1
68,2026年09月05日_22时52分41秒_第036次,2026-09-05T22:52:41,0.067,39.9866010597174,2.51946357511647e-07,0.000105426992384532,-0.330481487730406,-3.81799377410948e-08,0.727779334016341,0,0,-3.7323753937042e-07,-1.57954126661562e-05,MV-202,sine_steer_python-1
69,2026年09月05日_22时52分41秒_第036次,2026-09-05T22:52:41,0.068,39.9863316591413,3.44435499085895e-07,0.000104892938442846,-0.319374013787629,-3.80130445995121e-08,0.738887283362918,0,0,-3.60674782768484e-07,-1.52637568067623e-05,MV-202,sine_steer_python-1
70,2026年09月05日_22时52分41秒_第036次,2026-09-05T22:52:41,0.069,39.9860615367333,4.31410447961749e-07,0.000104414870612072,-0.308266630636392,-3.7799369693597e-08,0.749995080036838,0,0,-3.50456196259658e-07,-1.48313062257087e-05,MV-202,sine_steer_python-1
71,2026年09月05日_22时52分41秒_第036次,2026-09-05T22:52:41,0.07,39.9857906660995,5.12550085126149e-07,0.000103988004030771,-0.297159338604135,-3.75429176375445e-08,0.761102723232391,0,0,-3.43133996273839e-07,-1.45214307223089e-05,MV-202,sine_steer_python-1
72,2026年09月05日_22时52分41秒_第036次,2026-09-05T22:52:41,0.071,39.9855190184336,5.87557381681268e-07,0.000103607897272333,-0.286052137993723,-3.72476630452039e-08,0.772210212294212,0,0,-3.38850929572008e-07,-1.43401713394874e-05,MV-202,sine_steer_python-1
73,2026年09月05日_22时52分41秒_第036次,2026-09-05T22:52:41,0.072,39.9852465626651,6.56159069197454e-07,0.00010327040139329,-0.274945029084403,-3.69175498697187e-08,0.783317546715106,0,0,-3.37295629169518e-07,-1.4274351026454e-05,MV-202,sine_steer_python-1
74,2026年09月05日_22时52分41秒_第036次,2026-09-05T22:52:41,0.073,39.9849732656048,7.18105343392158e-07,0.000102971612526698,-0.263838012132769,-3.65564898548641e-08,0.794424726133687,0,0,-3.37727848706322e-07,-1.42926425572515e-05,MV-202,sine_steer_python-1
75,2026年09月05日_22时52分41秒_第036次,2026-09-05T22:52:41,0.074,39.9846990920897,7.73169593894502e-07,0.000102707828945231,-0.252731087373729,-3.61683602330432e-08,0.805531750331823,0,0,-3.39080321576799e-07,-1.43498792091301e-05,MV-202,sine_steer_python-1
76,2026年09月05日_22时52分41秒_第036次,2026-09-05T22:52:41,0.075,39.9844240051261,8.21148152808445e-07,0.000102475513001905,-0.241624255021488,-3.5757000762687e-08,0.816638619231872,0,0,-3.40127789288536e-07,-1.43942080426909e-05,MV-202,sine_steer_python-1
77,2026年09月05日_22时52分41秒_第036次,2026-09-05T22:52:41,0.076,39.9841479660308,8.61860054882035e-07,0.000102271258269979,-0.230517515270537,-3.53262102450287e-08,0.827745332893733,0,0,-3.39695596155757e-07,-1.43759176293116e-05,MV-202,sine_steer_python-1
78,2026年09月05日_22时52分41秒_第036次,2026-09-05T22:52:41,0.077,39.983870934571,8.95146802515762e-07,0.000102091761714064,-0.21941086829665,-3.48797426069852e-08,0.838851891511689,0,0,-3.36867369898194e-07,-1.42562270940916e-05,MV-202,sine_steer_python-1
79,2026年09月05日_22时52分41秒_第036次,2026-09-05T22:52:41,0.078,39.9835928691033,9.20872129426505e-07,0.000101933801054602,-0.208304314257895,-3.44213026741982e-08,0.84995829541106,0,0,-3.31149232394668e-07,-1.40142355149423e-05,MV-202,sine_steer_python-1
80,2026年09月05日_22时52分41秒_第036次,2026-09-05T22:52:41,0.079,39.9833137267094,9.3892175704695e-07,0.000101794216494593,-0.197197853295646,-3.39545417181696e-08,0.861064545044675,0,0,-3.22557306283603e-07,-1.36506252019221e-05,MV-202,sine_steer_python-1
81,2026年09月05日_22时52分41秒_第036次,2026-09-05T22:52:41,0.08,39.9830334633312,9.4920313925668e-07,0.000101669897132823,-0.186091485535603,-3.34830528807436e-08,0.872170640989162,0,0,-3.11611905836808e-07,-1.31874158550137e-05,MV-202,sine_steer_python-1
82,2026年09月05日_22时52分41秒_第036次,2026-09-05T22:52:41,0.081,39.9827520339033,9.51645190606734e-07,0.000101557770962395,-0.174985211088821,-3.30103665342077e-08,0.883276583941081,0,0,-2.99240184238156e-07,-1.26638445969588e-05,MV-202,sine_steer_python-1
83,2026年09月05日_22时52分41秒_第036次,2026-09-05T22:52:41,0.082,39.982469392482,9.46197995067688e-07,0.000101454798371067,-0.16387903005274,-3.25399456641414e-08,0.894382374712893,0,0,-2.8660540112131e-07,-1.21291405754538e-05,MV-202,sine_steer_python-1
84,2026年09月05日_22时52分41秒_第036次,2026-09-05T22:52:41,0.083,39.9821854923736,9.32832492351465e-07,0.000101357968585487,-0.152772942512207,-3.20751813155982e-08,0.905488014228789,0,0,-2.74893962127613e-07,-1.16335124772406e-05,MV-202,sine_steer_python-1
85,2026年09月05日_22时52分41秒_第036次,2026-09-05T22:52:41,0.084,39.9819002862574,9.11540139641983e-07,0.000101264298659105,-0.141666948540514,-3.16193881626327e-08,0.916593503520387,0,0,-2.65100000822559e-07,-1.12190320348107e-05,MV-202,sine_steer_python-1
86,2026年09月05日_22时52分41秒_第036次,2026-09-05T22:52:41,0.085,39.9816137263077,8.8233254720312e-07,0.000101170834474061,-0.130561048200423,-3.11758002339218e-08,0.927698843722306,0,0,-2.57849371629983e-07,-1.09121854073809e-05,MV-202,sine_steer_python-1
87,2026年09月05日_22时52分41秒_第036次,2026-09-05T22:52:41,0.086,39.9813257643104,8.45241086952666e-07,0.000101074653331081,-0.119455241545186,-3.074756682924e-08,0.938804036067638,0,0,-2.53298001283537e-07,-1.07195714143193e-05,MV-202,sine_steer_python-1
88,2026年09月05日_22时52分41秒_第036次,2026-09-05T22:52:41,0.087,39.9810363517773,8.00316473639329e-07,0.000100972867914647,-0.108349528619565,-3.03377486491422e-08,0.949909081883315,0,0,-2.51123417628649e-07,-1.06275430340444e-05,MV-202,sine_steer_python-1
89,2026年09月05日_22时52分41秒_第036次,2026-09-05T22:52:41,0.088,39.9807454400561,7.47628318404993e-07,0.000100862631205904,-0.0972439094608434,-2.99493141579882e-08,0.961013982585396,0,0,-2.50606806428031e-07,-1.06056800480343e-05,MV-202,sine_steer_python-1
90,2026年09月05日_22时52分41秒_第036次,2026-09-05T22:52:41,0.089,39.9804529804361,6.87264655171297e-07,0.000100741142140025,-0.086138384099825,-2.95851361910731e-08,0.97211873967428,0,0,-2.50782906756186e-07,-1.06131326139218e-05,MV-202,sine_steer_python-1
91,2026年09月05日_22时52分41秒_第036次,2026-09-05T22:52:41,0.09,39.9801589242497,6.19331440359619e-07,0.000100605651474023,-0.0750329525618293,-2.92479888152726e-08,0.983223354729854,0,0,-2.50622688221298e-07,-1.06063521655253e-05,MV-202,sine_steer_python-1
92,2026年09月05日_22时52分41秒_第036次,2026-09-05T22:52:41,0.091,39.9798632229704,5.43952027272831e-07,0.000100453468179085,-0.0639276148676715,-2.89405444502668e-08,0.994327829406589,0,0,-2.49211651212439e-07,-1.05466370793104e-05,MV-202,sine_steer_python-1
93,2026年09月05日_22时52分41秒_第036次,2026-09-05T22:52:41,0.092,39.9795658283047,4.61266615733192e-07,0.000100281969596646,-0.0528223710346298,-2.8665371251543e-08,1.0054321654286,0,0,-2.45893048382031e-07,-1.04061938075276e-05,MV-202,sine_steer_python-1
94,2026年09月05日_22时52分41秒_第036次,2026-09-05T22:52:41,0.093,39.9792666922813,3.71431672902206e-07,0.000100088612488937,-0.0417172210774034,-2.84249308845013e-08,1.01653636458464,0,0,-2.4035626242812e-07,-1.01718770259581e-05,MV-202,sine_steer_python-1
95,2026年09月05日_22时52分41秒_第036次,2026-09-05T22:52:41,0.094,39.9789657673335,2.74619327910731e-07,9.98709385304368e-05,-0.0306121650090525,-2.82215766854387e-08,1.02764042872316,0,0,-2.32662229972822e-07,-9.84626557244981e-06,MV-202,sine_steer_python-1
96,2026年09月05日_22时52分41秒_第036次,2026-09-05T22:52:41,0.095,39.9786630063784,1.71016750919908e-07,9.96265794417916e-05,-0.0195072028419263,-2.80575519448111e-08,1.03874435974722,0,0,-2.2320819012849e-07,-9.44617060623771e-06,MV-202,sine_steer_python-1
97,2026年09月05日_22时52分41秒_第036次,2026-09-05T22:52:41,0.096,39.9783583628905,6.08255145453244e-08,9.93532618608039e-05,-0.0084023345885723,-2.79349884580621e-08,1.04984815960952,0,0,-2.1264260416518e-07,-8.99903500827043e-06,MV-202,sine_steer_python-1
98,2026年09月05日_22时52分41秒_第036次,2026-09-05T22:52:41,0.097,39.9780517909709,-5.57390603270962e-08,9.90488111967884e-05,0.00270243973736642,-2.78559052821892e-08,1.06095183030735,0,0,-2.01747528745628e-07,-8.53795541651499e-06,MV-202,sine_steer_python-1
99,2026年09月05日_22时52分41秒_第036次,2026-09-05T22:52:41,0.098,39.9777432454115,-1.78448571901341e-07,9.8711155165633e-05,0.013807120120275,-2.78222077120776e-08,1.07205537387762,0,0,-1.91309295449934e-07,-8.09620938344122e-06,MV-202,sine_steer_python-1
100,2026年09月05日_22时52分41秒_第036次,2026-09-05T22:52:41,0.099,39.9774326817547,-3.0706221666761e-07,9.83383267128998e-05,0.0249117065417066,-2.78356864498465e-08,1.08315879239181,0,0,-1.81998268623587e-07,-7.70216672815019e-06,MV-202,sine_steer_python-1
101,2026年09月05日_22时52分41秒_第036次,2026-09-05T22:52:41,0.1,39.9771200563482,-4.41327478535743e-07,9.79284665993681e-05,0.0360161989795374,-2.78980169836614e-08,1.09426208795109,0,0,-1.74274748816884e-07,-7.37530736993054e-06,MV-202,sine_steer_python-1
102,2026年09月05日_22时52分41秒_第036次,2026-09-05T22:52:41,0.101,39.9768053263954,-5.80980826313819e-07,9.74798256479587e-05,0.047120597407145,-2.80107591535895e-08,1.10536526268132,0,0.0251320797667052,0.000593689885545138,0.00500498005098764,MV-202,sine_steer_python-1
103,2026年09月05日_22时52分41秒_第036次,2026-09-05T22:52:41,0.102,39.9764884500015,-7.25748418003605e-07,9.69907666334911e-05,0.0582249017926011,-2.81753569144887e-08,1.11646831872819,0,0.050260190886675,0.00118591554956174,0.00994440502040407,MV-202,sine_steer_python-1
104,2026年09月05日_22时52分41秒_第036次,2026-09-05T22:52:41,0.103,39.9761693862144,-8.75346810205219e-07,9.64597658545969e-05,0.0693291120978869,-2.83931382858071e-08,1.12757125825239,0,0.0753803653398692,0.00177342368034531,0.0146839049166132,MV-202,sine_steer_python-1
105,2026年09月05日_22时52分41秒_第036次,2026-09-05T22:52:41,0.104,39.9758480950623,-1.0294836710544e-06,9.58854142569509e-05,0.0804332282781251,-2.86653154827497e-08,1.1386740834248,0,0.100488636359539,0.00235407492804226,0.0191362511274101,MV-202,sine_steer_python-1
106,2026年09月05日_22时52分41秒_第036次,2026-09-05T22:52:41,0.105,39.9755245375867,-1.18785849493e-06,9.52664186044318e-05,0.0915372502808328,-2.89929852319373e-08,1.14977679642177,0,0.125581039058627,0.00292650951497469,0.0232472085367829,MV-202,sine_steer_python-1
107,2026年09月05日_22时52分41秒_第036次,2026-09-05T22:52:41,0.106,39.975198675871,-1.35016331789607e-06,9.4601601884332e-05,0.102641178045197,-2.93771292594416e-08,1.16087939942044,0,0.150653611055866,0.00349004147612707,0.0269910632716007,MV-202,sine_steer_python-1
108,2026年09月05日_22时52分41秒_第036次,2026-09-05T22:52:41,0.107,39.974870473066,-1.51608343151339e-06,9.38899037423334e-05,0.113745011501366,-2.98186149490655e-08,1.17198189459418,0,0.175702393101486,0.00404454686733573,0.0303658934691614,MV-202,sine_steer_python-1
109,2026年09月05日_22时52分41秒_第036次,2026-09-05T22:52:41,0.108,39.9745398934114,-1.68529809420191e-06,9.313038034003e-05,0.124848750569764,-3.03181961681021e-08,1.18308428410805,0,0.20072342970243,0.00459034999862904,0.033388753736815,MV-202,sine_steer_python-1
110,2026年09月05日_22时52分41秒_第036次,2026-09-05T22:52:41,0.109,39.9742069022531,-1.85748123804884e-06,9.23222040770394e-05,0.135952395160429,-3.08765142510378e-08,1.19418657011435,0,0.225712769746964,0.0051281111565607,0.0360909198859225,MV-202,sine_steer_python-1
111,2026年09月05日_22时52分41秒_第036次,2026-09-05T22:52:41,0.11,39.9738714660585,-2.0323021700232e-06,9.14646628904827e-05,0.147055945172366,-3.14940991369371e-08,1.2052887547483,0,0.250666467128609,0.00565872166573864,0.0385134424684769,MV-202,sine_steer_python-1
112,2026年09月05日_22时52分41秒_第036次,2026-09-05T22:52:41,0.111,39.9735335524276,-2.20942626588634e-06,9.05571592382938e-05,0.158159400492928,-3.217137065395e-08,1.21639084012374,0,0.275580581369276,0.00618321331713245,0.0407033080906751,MV-202,sine_steer_python-1
113,2026年09月05日_22时52分41秒_第036次,2026-09-05T22:52:41,0.112,39.9731931301012,-2.38851565546456e-06,8.95992088158738e-05,0.169262760997215,-3.29086399463712e-08,1.22749282832903,0,0.300451178241514,0.0067026875472086,0.0427104380077871,MV-202,sine_steer_python-1
114,2026年09月05日_22时52分41秒_第036次,2026-09-05T22:52:41,0.113,39.972850168967,-2.5692298980002e-06,8.85904388516903e-05,0.180366026547496,-3.37061110320713e-08,1.23859472142291,0,0.325274330389767,0.0072182657458554,0.0445855834961086,MV-202,sine_steer_python-1
115,2026年09月05日_22时52分41秒_第036次,2026-09-05T22:52:41,0.114,39.9725046400624,-2.75122664614096e-06,8.75305861935318e-05,0.191469196992652,-3.45638824883948e-08,1.24969652143059,0,0.350046117950552,0.00773105728004857,0.0463789738777998,MV-202,sine_steer_python-1
116,2026年09月05日_22时52分41秒_第036次,2026-09-05T22:52:41,0.115,39.9721565155755,-2.93416229752067e-06,8.64194949607871e-05,0.202572272167645,-3.54819492592601e-08,1.26079823033986,0,0.37476262917145,0.00824213820290365,0.0481394190315314,MV-202,sine_steer_python-1
117,2026年09月05日_22时52分41秒_第036次,2026-09-05T22:52:41,0.116,39.9718057688435,-3.11769263252409e-06,8.52571140756407e-05,0.213675251893006,-3.64602045731763e-08,1.27189985009738,0,0.399419961028814,0.008752532580136,0.0499135235871491,MV-202,sine_steer_python-1
118,2026年09月05日_22时52分41秒_第036次,2026-09-05T22:52:41,0.117,39.9714523743495,-3.30147343749949e-06,8.40434944385785e-05,0.224778135974344,-3.74984419645282e-08,1.28300138260504,0,0.424014219844109,0.00926319023247323,0.0517447487453671,MV-202,sine_steer_python-1
119,2026年09月05日_22时52分41秒_第036次,2026-09-05T22:52:41,0.118,39.9710963077177,-3.48516111221731e-06,8.27787856159729e-05,0.235880924201887,-3.85963573966835e-08,1.29410282971643,0,0.448541521898762,0.00977495866099152,0.0536722259037677,MV-202,sine_steer_python-1
120,2026年09月05日_22时52分41秒_第036次,2026-09-05T22:52:41,0.119,39.9707375457063,-3.66841326033172e-06,8.14632326722254e-05,0.246983616350037,-3.97535514742698e-08,1.30520419323344,0,0.472997994047449,0.0102885514274004,0.0557294176466691,MV-202,sine_steer_python-1
121,2026年09月05日_22时52分41秒_第036次,2026-09-05T22:52:41,0.12,39.9703760662001,-3.85088926273182e-06,8.00971723861983e-05,0.258086212176952,-4.09695317349679e-08,1.31630547490303,0,0.497379774329709,0.0108045186271509,0.0579428649787047,MV-202,sine_steer_python-1
122,2026年09月05日_22时52分41秒_第036次,2026-09-05T22:52:41,0.121,39.9700118482015,-4.03225083228717e-06,7.86810294975556e-05,0.269188711424154,-4.22437150218519e-08,1.32740667641406,0,0.521683012579794,0.011323226177964,0.0603313063082887,MV-202,sine_steer_python-1
123,2026年09月05日_22时52分41秒_第036次,2026-09-05T22:52:41,0.122,39.9696448718203,-4.21216254983872e-06,7.72153124588491e-05,0.280291113816156,-4.35754299209789e-08,1.33850779939426,0,0.54590387103465,0.0118448492112461,0.0629053932734334,MV-202,sine_steer_python-1
124,2026年09月05日_22时52分41秒_第036次,2026-09-05T22:52:41,0.123,39.9692751182632,-4.39029238033952e-06,7.57006093347508e-05,0.29139341906012,-4.49639192660609e-08,1.34960884540736,0,0.570038524939952,0.0123693815529032,0.0656680886469247,MV-202,sine_steer_python-1
125,2026年09月05日_22时52分41秒_第036次,2026-09-05T22:52:41,0.124,39.9689025698232,-4.56631216923558e-06,7.4137583215347e-05,0.302495626845531,-4.64083426872073e-08,1.36070981595034,0,0.59408316315407,0.0128966593332964,0.0686156639872785,MV-202,sine_steer_python-1
126,2026年09月05日_22时52分41秒_第036次,2026-09-05T22:52:41,0.125,39.9685272098671,-4.73989811814661e-06,7.2526967685454e-05,0.313597736843904,-4.79077792200327e-08,1.37181071245076,0,0.618033988749895,0.0134263934896873,0.071739075342081,MV-202,sine_steer_python-1
127,2026年09月05日_22时52分41秒_第036次,2026-09-05T22:52:41,0.126,39.9681490228246,-4.91073123985013e-06,7.08695619154952e-05,0.324699748708514,-4.94612299466205e-08,1.38291153626432,0,0.641887219614419,0.013958204305705,0.0750254261998809,MV-202,sine_steer_python-1
128,2026年09月05日_22时52分41秒_第036次,2026-09-05T22:52:41,0.127,39.9677679941764,-5.07849779197904e-06,6.91662260096556e-05,0.335801662074142,-5.10676206776726e-08,1.39401228867247,0,0.665639089045973,0.0144916515699994,0.0784592451137433,MV-202,sine_steer_python-1
129,2026年09月05日_22时52分41秒_第036次,2026-09-05T22:52:41,0.128,39.9673841104425,-5.24288968986476e-06,6.74178757396258e-05,0.346903476556862,-5.27258046597379e-08,1.40511297088023,0,0.689285846349034,0.0150262561822677,0.0820234005723576,MV-202,sine_steer_python-1
130,2026年09月05日_22时52分41秒_第036次,2026-09-05T22:52:41,0.129,39.9669973591707,-5.40360489754022e-06,6.56254776832314e-05,0.358005191753843,-5.44345653049105e-08,1.41621358401406,0,0.712823757426502,0.0155615123115947,0.085699614805319,MV-202,sine_steer_python-1
131,2026年09月05日_22时52分41秒_第036次,2026-09-05T22:52:41,0.13,39.9666077289262,-5.56034779785136e-06,6.37900441087643e-05,0.369106807243175,-5.61926189462598e-08,1.42731412911993,0,0.736249105369356,0.016096892456968,0.089468676131777,MV-202,sine_steer_python-1
132,2026年09月05日_22时52分41秒_第036次,2026-09-05T22:52:41,0.131,39.9662152092803,-5.71282954115601e-06,6.19126276776075e-05,0.380208322583731,-5.79986175932673e-08,1.43841460716154,0,0.759558191043602,0.0166319742147138,0.0933158029515005,MV-202,sine_steer_python-1
133,2026年09月05日_22时52分41秒_第036次,2026-09-05T22:52:41,0.132,39.9658197908013,-5.86076837273865e-06,5.99943165128734e-05,0.391309737315048,-5.98511517053154e-08,1.44951501901862,0,0.782747333674405,0.0171662804632177,0.0972238771232274,MV-202,sine_steer_python-1
134,2026年09月05日_22时52分41秒_第036次,2026-09-05T22:52:41,0.133,39.9654214650449,-6.00388993966794e-06,5.80362287819054e-05,0.402411050957233,-6.17487529636435e-08,1.46061536548544,0,0.805812871427325,0.0176992130227639,0.10117063491067,MV-202,sine_steer_python-1
135,2026年09月05日_22时52分41秒_第036次,2026-09-05T22:52:41,0.134,39.965020224546,-6.14192757649207e-06,5.60395078651169e-05,0.4135122630109,-6.36898970401374e-08,1.47171564726937,0,0.828751161986569,0.0182301840900777,0.105134231609508,MV-202,sine_steer_python-1
136,2026年09月05日_22时52分41秒_第036次,2026-09-05T22:52:41,0.135,39.9646160628108,-6.27462257118295e-06,5.400531717559e-05,0.424613372957135,-6.56730063683487e-08,1.48281586498968,0,0.851558583130146,0.0187586391489802,0.10909421332747,MV-202,sine_steer_python-1
137,2026年09月05日_22时52分41秒_第036次,2026-09-05T22:52:41,0.136,39.9642089743103,-6.40172441075812e-06,5.19348351630197e-05,0.435714380257478,-6.76964528948115e-08,1.4939160191764,0,0.874231533301866,0.0192840786769431,0.113032437940394,MV-202,sine_steer_python-1
138,2026年09月05日_22时52分41秒_第036次,2026-09-05T22:52:41,0.137,39.9637989544742,-6.5229910074788e-06,4.98292505946188e-05,0.446815284353945,-6.97585608303079e-08,1.50501611026936,0,0.896766432180065,0.0198060728066935,0.116933696885209,MV-202,sine_steer_python-1
139,2026年09月05日_22时52分41秒_第036次,2026-09-05T22:52:41,0.138,39.9633859996862,-6.63818890618864e-06,4.76897576618242e-05,0.457916084669067,-7.18576093787106e-08,1.51611613861736,0,0.919159721242976,0.0203242647936692,0.120785861234835,MV-202,sine_steer_python-1
140,2026年09月05日_22时52分41秒_第036次,2026-09-05T22:52:41,0.139,39.9629701072796,-6.7470934728613e-06,4.55175516516981e-05,0.46901678060596,-7.39918354524882e-08,1.52721610447746,0,0.941407864330665,0.0208383623827939,0.124579513319504,MV-202,sine_steer_python-1
141,2026年09月05日_22时52分41秒_第036次,2026-09-05T22:52:41,0.14,39.9625512755344,-6.84948906563599e-06,4.33138242114686e-05,0.480117371548423,-7.61594363643886e-08,1.53831600801441,0,0.963507348203431,0.0213481200152181,0.128307188748904,MV-202,sine_steer_python-1
142,2026年09月05日_22时52分41秒_第036次,2026-09-05T22:52:41,0.141,39.9621295036747,-6.94516918789651e-06,4.10797594457528e-05,0.49121785686106,-7.83585725100692e-08,1.54941584930026,0,0.985454683096583,0.021853317915751,0.131962485576947,MV-202,sine_steer_python-1
143,2026年09月05日_22时52分41秒_第036次,2026-09-05T22:52:41,0.142,39.9617047918674,-7.03393662513474e-06,3.88165297392406e-05,0.502318235889431,-8.05873700110101e-08,1.56051562831406,0,1.00724640327152,0.0223537452922843,0.135539348162753,MV-202,sine_steer_python-1
144,2026年09月05日_22时52分41秒_第036次,2026-09-05T22:52:41,0.143,39.9612771412211,-7.11560356535603e-06,3.65252920762089e-05,0.513418507960232,-8.2843923352388e-08,1.57161534494167,0,1.02887906756301,0.0228491936217588,0.139031780011477,MV-202,sine_steer_python-1
145,2026年09月05日_22时52分41秒_第036次,2026-09-05T22:52:41,0.144,39.9608465537862,-7.18999170409967e-06,3.42071843893421e-05,0.524518672381495,-8.51262979819929e-08,1.58271499897578,0,1.05034925992259,0.0233394626027263,0.14243409562676,MV-202,sine_steer_python-1
146,2026年09月05日_22时52分41秒_第036次,2026-09-05T22:52:41,0.145,39.9604130325553,-7.2569323344434e-06,3.18633224755819e-05,0.535618728442823,-8.74325328982022e-08,1.59381459011599,0,1.07165358995799,0.0238243769241109,0.145741633025911,MV-202,sine_steer_python-1
147,2026年09月05日_22时52分41秒_第036次,2026-09-05T22:52:41,0.146,39.9599765814642,-7.31626642302637e-06,2.94947967885044e-05,0.546718675415645,-8.97606431977157e-08,1.60491411796906,0,1.09278869346854,0.0243038080294802,0.148951679639658,MV-202,sine_steer_python-1
148,2026年09月05日_22时52分41秒_第036次,2026-09-05T22:52:41,0.147,39.9595372053933,-7.36784467217296e-06,2.71026699858832e-05,0.557818512553502,-9.21086226209893e-08,1.61601358204926,0,1.11375123297638,0.0247776929369311,0.152064273987677,MV-202,sine_steer_python-1
149,2026年09月05日_22时52分41秒_第036次,2026-09-05T22:52:41,0.148,39.9590949101688,-7.41152756940179e-06,2.46879742851165e-05,0.568918239092357,-9.4474446045946e-08,1.62711298177888,0,1.13453789825351,0.0252460427043712,0.155082567763535,MV-202,sine_steer_python-1
150,2026年09月05日_22时52分41秒_第036次,2026-09-05T22:52:41,0.149,39.9586497025652,-7.44718542426989e-06,2.22517095934132e-05,0.580017854250928,-9.68560719862813e-08,1.63821231648883,0,1.15514540684454,0.025708936213972,0.15801256384327,MV-202,sine_steer_python-1
151,2026年09月05日_22时52分41秒_第036次,2026-09-05T22:52:41,0.15,39.9582015903065,-7.47469839378603e-06,1.97948415548379e-05,0.591117357231052,-9.92514450453608e-08,1.64931158541938,0,1.17557050458495,0.0261664996045508,0.16086224353016,MV-202,sine_steer_python-1
152,2026年09月05日_22时52分41秒_第036次,2026-09-05T22:52:41,0.151,39.9577505820678,-7.49395649639544e-06,1.73183002413721e-05,0.60221674721807,-1.01658498362713e-07,1.66041078772103,0,1.19580996611504,0.0266188763535612,0.163640295093378,MV-202,sine_steer_python-1
153,2026年09月05日_22时52分41秒_第036次,2026-09-05T22:52:41,0.152,39.9572966874772,-7.50485961560474e-06,1.48229788999204e-05,0.613316023381236,-1.04075156029472e-07,1.67150992245548,0,1.21586059538921,0.0270661961125329,0.16635478780661,MV-202,sine_steer_python-1
154,2026年09月05日_22时52分41秒_第036次,2026-09-05T22:52:41,0.153,39.9568399171163,-7.50731749332036e-06,1.23097333418253e-05,0.624415184874153,-1.06499335489468e-07,1.68260898859671,0,1.23571922618067,0.0275085508661924,0.169012155904788,MV-202,sine_steer_python-1
155,2026年09月05日_22时52分41秒_第036次,2026-09-05T22:52:41,0.154,39.9563802825205,-7.5012497139495e-06,9.77938130930662e-06,0.635514230835232,-1.08928949925797e-07,1.69370798503222,0,1.2553827225814,0.0279459846517243,0.17161675805339,MV-202,sine_steer_python-1
156,2026年09月05日_22时52分41秒_第036次,2026-09-05T22:52:41,0.155,39.955917796179,-7.48658567901118e-06,7.23270249369321e-06,0.646613160388169,-1.11361910622264e-07,1.70480691056432,0,1.27484797949738,0.0283784987310793,0.174171093546041,MV-202,sine_steer_python-1
157,2026年09月05日_22时52分41秒_第036次,2026-09-05T22:52:41,0.156,39.9554524715332,-7.4632645734395e-06,4.67043864781711e-06,0.657711972642448,-1.13796129309949e-07,1.71590576391159,0,1.29411192313889,0.0288060692183181,0.176676548587947,MV-202,sine_steer_python-1
158,2026年09月05日_22时52分41秒_第036次,2026-09-05T22:52:41,0.157,39.9549843229745,-7.43123532342196e-06,2.09329418854807e-06,0.668810666693868,-1.16229520507912e-07,1.72700454371039,0,1.31317151150591,0.0292286703510815,0.179134383750647,MV-202,sine_steer_python-1
159,2026年09月05日_22时52分41秒_第036次,2026-09-05T22:52:41,0.158,39.9545133658407,-7.39045654644325e-06,-4.98063076206495e-07,0.679909241625087,-1.18660003838084e-07,1.7381032485165,0,1.3320237348685,0.0296462949053895,0.181546573827508,MV-202,sine_steer_python-1
160,2026年09月05日_22时52分41秒_第036次,2026-09-05T22:52:41,0.159,39.9540396164113,-7.34089649360164e-06,-3.10300062881809e-06,0.691007696506183,-1.21085506338281e-07,1.74920187680691,0,1.35066561624205,0.0300589650351428,0.183916342030584,MV-202,sine_steer_python-1
161,2026年09月05日_22时52分41秒_第036次,2026-09-05T22:52:41,0.16,39.9535630919008,-7.2825329848894e-06,-5.72091999435712e-06,0.70210603039524,-1.23503964755294e-07,1.76030042698161,0,1.36909421185738,0.0304667313942065,0.186248185045767,MV-202,sine_steer_python-1
162,2026年09月05日_22时52分41秒_第036次,2026-09-05T22:52:41,0.161,39.9530838104511,-7.21535333707917e-06,-8.351254909267e-06,0.71320424233895,-1.25913327836553e-07,1.77139889736556,0,1.38730661162561,0.0308697273603586,0.18855014410238,MV-202,sine_steer_python-1
163,2026年09月05日_22时52分41秒_第036次,2026-09-05T22:52:41,0.162,39.9526017911213,-7.1393542849607e-06,-1.09934693435632e-05,0.72430233137323,-1.28311558599934e-07,1.78249728621072,0,1.4052999395977,0.0312681843286186,0.190834451427554,MV-202,sine_steer_python-1
164,2026年09月05日_22时52分41秒_第036次,2026-09-05T22:52:41,0.163,39.9521170538766,-7.05454189588136e-06,-1.36470553244637e-05,0.735400296523857,-1.3069663660647e-07,1.79359559169818,0,1.42307135441857,0.031662181473469,0.193106923553332,MV-202,sine_steer_python-1
165,2026年09月05日_22时52分41秒_第036次,2026-09-05T22:52:41,0.164,39.9516296195738,-6.96093147756732e-06,-1.63115304276757e-05,0.746498136807116,-1.33066560215136e-07,1.80469381194033,0,1.44061804977581,0.032051711475641,0.195369726643909,MV-202,sine_steer_python-1
166,2026年09月05日_22时52分41秒_第036次,2026-09-05T22:52:41,0.165,39.9511395099465,-6.85854747959479e-06,-1.89864351463043e-05,0.757595851230467,-1.35419348832472e-07,1.81579194498324,0,1.45793725484282,0.0324367176299419,0.197622933586512,MV-202,sine_steer_python-1
167,2026年09月05日_22时52分41秒_第036次,2026-09-05T22:52:41,0.166,39.9506467475863,-6.74742338832712e-06,-2.16713299698778e-05,0.768693438793218,-1.37753045149265e-07,1.82688998880897,0,1.47502623471635,0.0328171035736714,0.199864926552772,MV-202,sine_steer_python-1
168,2026年09月05日_22时52分41秒_第036次,2026-09-05T22:52:41,0.167,39.950151355923,-6.62760161557082e-06,-2.43657925147785e-05,0.779790898487217,-1.40065717371205e-07,1.83798794133805,0,1.49188229084836,0.0331927522573803,0.202093194480369,MV-202,sine_steer_python-1
169,2026年09月05日_22时52分41秒_第036次,2026-09-05T22:52:41,0.168,39.9496533592022,-6.49913338053193e-06,-2.70694141307804e-05,0.790888229297545,-1.42355461436298e-07,1.84908580043202,0,1.50850276147221,0.0335635470738391,0.204305224461818,MV-202,sine_steer_python-1
170,2026年09月05日_22时52分41秒_第036次,2026-09-05T22:52:41,0.169,39.9491527824597,-6.36207858574409e-06,-2.97817968464223e-05,0.80198543020323,-1.44620403220177e-07,1.86018356389603,0,1.5248850220229,0.0339293881934665,0.206499196879269,MV-202,sine_steer_python-1
171,2026年09月05日_22时52分41秒_第036次,2026-09-05T22:52:41,0.17,39.9486496514946,-6.21650568602572e-06,-3.25025498502129e-05,0.813082500177959,-1.46858700723866e-07,1.8712812294815,0,1.54102648555158,0.0342902999066067,0.208678521666228,MV-202,sine_steer_python-1
172,2026年09月05日_22时52分41秒_第036次,2026-09-05T22:52:41,0.171,39.9481439928393,-6.06249155120773e-06,-3.52312861114327e-05,0.824179438190804,-1.49068546257065e-07,1.88237879488889,0,1.55692460313405,0.0346463642544533,0.210849024404363,MV-202,sine_steer_python-1
173,2026年09月05日_22时52分41秒_第036次,2026-09-05T22:52:41,0.172,39.9476358337271,-5.9001213219563e-06,-3.79676189400298e-05,0.83527624320695,-1.51248168589818e-07,1.89347625777046,0,1.57257686427324,0.0349975156646856,0.213010247181769,MV-202,sine_steer_python-1
174,2026年09月05日_22时52分41秒_第036次,2026-09-05T22:52:41,0.173,39.9471252020575,-5.72948825883242e-06,-4.07111583463886e-05,0.846372914188425,-1.53395835095817e-07,1.90457361573316,0,1.58798079729567,0.0353436459215048,0.215159891214793,MV-202,sine_steer_python-1
175,2026年09月05日_22时52分41秒_第036次,2026-09-05T22:52:41,0.174,39.9466121263588,-5.55069358463818e-06,-4.34615078045065e-05,0.857469450094843,-1.55509853865137e-07,1.91567086634154,0,1.60313396974175,0.0356846185696708,0.217294423895144,MV-202,sine_steer_python-1
176,2026年09月05日_22时52分41秒_第036次,2026-09-05T22:52:41,0.175,39.9460966357488,-5.36384631932637e-06,-4.62182605570552e-05,0.868565849884135,-1.57588575794122e-07,1.92676800712068,0,1.61803398874989,0.0360202650673162,0.219408913713616,MV-202,sine_steer_python-1
177,2026年09月05日_22时52分41秒_第036次,2026-09-05T22:52:41,0.176,39.9455787598922,-5.16906310824435e-06,-4.89809964554645e-05,0.879662112513295,-1.59630396645646e-07,1.93786503555925,0,1.63267850143437,0.0363503912982982,0.221497305627772,MV-202,sine_steer_python-1
178,2026年09月05日_22时52分41秒_第036次,2026-09-05T22:52:41,0.177,39.945058528957,-4.96646804266597e-06,-5.174927850632e-05,0.890758236939109,-1.6163375907717e-07,1.94896194911251,0,1.64706519525685,0.0366747933561744,0.223553091679344,MV-202,sine_steer_python-1
179,2026年09月05日_22时52分41秒_第036次,2026-09-05T22:52:41,0.178,39.9445359735673,-4.75619247327758e-06,-5.45226498998626e-05,0.901854222118902,-1.63597154629794e-07,1.96005874520544,0,1.66119179839163,0.0369932785885888,0.225570217629828,MV-202,sine_steer_python-1
180,2026年09月05日_22时52分41秒_第036次,2026-09-05T22:52:41,0.179,39.9440111247553,-4.53837481581903e-06,-5.7300630749235e-05,0.91295006701126,-1.65519125677388e-07,1.97115542123587,0,1.67505608008428,0.037305684934986,0.227543871601338,MV-202,sine_steer_python-1
181,2026年09月05日_22时52分41秒_第036次,2026-09-05T22:52:41,0.18,39.94348401391,-4.31316034958447e-06,-6.00827154394545e-05,0.924045770576769,-1.6739826732969e-07,1.98225197457759,0,1.68865585100403,0.0376118926916406,0.2294710002517,MV-202,sine_steer_python-1
182,2026年09月05日_22时52分41秒_第036次,2026-09-05T22:52:41,0.181,39.9429546727251,-4.08070100783619e-06,-6.28683697667834e-05,0.935141331778728,-1.69233229286698e-07,1.99334840258362,0,1.70198896358938,0.0379118263662221,0.231350390491021,MV-202,sine_steer_python-1
183,2026年09月05日_22时52分41秒_第036次,2026-09-05T22:52:41,0.182,39.9424231331442,-3.84115516089891e-06,-6.56570286252729e-05,0.946236749583872,-1.7102271763389e-07,2.00444470258932,0,1.7150533123873,0.0382054455547976,0.233182279278183,MV-202,sine_steer_python-1
184,2026年09月05日_22时52分41秒_第036次,2026-09-05T22:52:41,0.183,39.9418894273052,-3.59468739121957e-06,-6.84480936003801e-05,0.957332022963075,-1.72765496582792e-07,2.01554087191573,0,1.72784683438567,0.0384927281013277,0.234967636390622,MV-202,sine_steer_python-1
185,2026年09月05日_22时52分41秒_第036次,2026-09-05T22:52:41,0.184,39.9413535874824,-3.34146826100694e-06,-7.12409310885717e-05,0.968427150892051,-1.74460390142659e-07,2.0266369078727,0,1.74036750933905,0.0387736511324296,0.236707356907831,MV-202,sine_steer_python-1
186,2026年09月05日_22时52分41秒_第036次,2026-09-05T22:52:41,0.185,39.9408156460278,-3.08167407192973e-06,-7.40348703582775e-05,0.979522132352042,-1.76106283724835e-07,2.03773280776225,0,1.75261336008773,0.0390481760319596,0.238401620982325,MV-202,sine_steer_python-1
187,2026年09月05日_22时52分41秒_第036次,2026-09-05T22:52:41,0.186,39.940275635311,-2.81548661754753e-06,-7.682920224158e-05,0.990616966330491,-1.77702125665698e-07,2.04882856888177,0,1.76458245286991,0.0393162419167364,0.240049614878802,MV-202,sine_steer_python-1
188,2026年09月05日_22时52分41秒_第036次,2026-09-05T22:52:41,0.187,39.9397335876583,-2.54309292791595e-06,-7.96231777131549e-05,1.00171165182171,-1.79246928681706e-07,2.05992418852732,0,1.77627289762709,0.0395777692413092,0.241649682712675,MV-202,sine_steer_python-1
189,2026年09月05日_22时52分41秒_第036次,2026-09-05T22:52:41,0.188,39.9391895352902,-2.26468500718398e-06,-8.24160071630604e-05,1.01280618782753,-1.80739771218928e-07,2.07101966399687,0,1.78768284830253,0.0398326717902779,0.243199835137176,MV-202,sine_steer_python-1
190,2026年09月05日_22时52分41秒_第036次,2026-09-05T22:52:41,0.189,39.9386435102596,-1.98045956374829e-06,-8.52068595438264e-05,1.02390057335793,-1.82179798734015e-07,2.08211499259359,0,1.79881050313274,0.0400808726251682,0.244698426769414,MV-202,sine_steer_python-1
191,2026年09月05日_22时52分41秒_第036次,2026-09-05T22:52:41,0.19,39.938095544388,-1.69061773380643e-06,-8.79948622218513e-05,1.03499480743167,-1.8356622486228e-07,2.09321017162908,0,1.80965410493204,0.0403223184005105,0.246144765032388,MV-202,sine_steer_python-1
192,2026年09月05日_22时52分41秒_第036次,2026-09-05T22:52:41,0.191,39.9375456692028,-1.39536479795234e-06,-9.07791007579901e-05,1.04608888907686,-1.84898332493496e-07,2.10430519842662,0,1.82021194136999,0.0405569871815818,0.247539443424554,MV-202,sine_steer_python-1
193,2026年09月05日_22时52分41秒_第036次,2026-09-05T22:52:41,0.192,39.9369939158731,-1.09490989178712e-06,-9.35586193311525e-05,1.05718281733161,-1.86175474738496e-07,2.11540007032439,0,1.83048234524183,0.0407848871907319,0.248884289585105,MV-202,sine_steer_python-1
194,2026年09月05日_22时52分41秒_第036次,2026-09-05T22:52:41,0.193,39.9364403151469,-7.89465710257904e-07,-9.63324211917846e-05,1.06827659124453,-1.87397075789705e-07,2.12649478467865,0,1.84046369473174,0.0410060469763777,0.250181948780282,MV-202,sine_steer_python-1
195,2026年09月05日_22时52分41秒_第036次,2026-09-05T22:52:41,0.194,39.9358848972878,-4.79248206663821e-07,-9.90994696265817e-05,1.0793702098753,-1.88562631662558e-07,2.13758933886693,0,1.85015441366892,0.0412205003036525,0.251435242642319,MV-202,sine_steer_python-1
196,2026年09月05日_22时52分41秒_第036次,2026-09-05T22:52:41,0.195,39.9353276920123,-1.64476286373401e-07,-0.000101858689043624,1.09046367229522,-1.89671710823766e-07,2.14868373029119,0,1.8595529717765,0.0414282706917015,0.252646512197816,MV-202,sine_steer_python-1
197,2026年09月05日_22时52分41秒_第036次,2026-09-05T22:52:41,0.196,39.9347687284277,1.54628503957003e-07,-0.000104608966434484,1.10155697758768,-1.90723954692883e-07,2.15977795638086,0,1.86865788491322,0.0416293604722605,0.25381715226275,MV-202,sine_steer_python-1
198,2026年09月05日_22时52分41秒_第036次,2026-09-05T22:52:41,0.197,39.934208034971,4.77842291299292e-07,-0.00010734915324823,1.11265012484869,-1.91719078023247e-07,2.17087201459597,0,1.87746771530775,0.0418237475916109,0.254947474261776,MV-202,sine_steer_python-1
199,2026年09月05日_22时52分41秒_第036次,2026-09-05T22:52:41,0.198,39.9336456393488,8.04939194947868e-07,-0.000110078067174915,1.12374311318728,-1.92656869154132e-07,2.18196590243014,0,1.88598107178573,0.0420113907254745,0.25603692198514,MV-202,sine_steer_python-1
200,2026年09月05日_22时52分41秒_第036次,2026-09-05T22:52:41,0.199,39.9330815684779,1.13569164778597e-06,-0.000112794494660556,1.134835941726,-1.93537190122285e-07,2.19305961741356,0,1.89419660998949,0.0421922405358059,0.257084548428956,MV-202,sine_steer_python-1
201,2026年09月05日_22时52分41秒_第036次,2026-09-05T22:52:41,0.2,39.932515848428,1.46987072028811e-06,-0.000115497193234388,1.1459286096013,-1.94359976663554e-07,2.2041531571159,0,1.90211303259031,0.0423662529780246,0.25808958024274,MV-202,sine_steer_python-1
202,2026年09月05日_22时52分41秒_第036次,2026-09-05T22:52:41,0.201,39.9319485043654,1.80724644594821e-06,-0.000118184894403779,1.15702111596394,-1.9512523804908e-07,2.21524651914921,0,1.90972908949329,0.0425334000714247,0.259051875117739,MV-202,sine_steer_python-1
203,2026年09月05日_22时52分41秒_第036次,2026-09-05T22:52:41,0.202,39.9313795604986,2.14758814784689e-06,-0.000120856306567743,1.16811345997934,-1.95833056812816e-07,2.22633970117066,0,1.91704357803475,0.0426936745862422,0.259972121480213,MV-202,sine_steer_python-1
204,2026年09月05日_22时52分41秒_第036次,2026-09-05T22:52:41,0.203,39.9308090400253,2.49066476550607e-06,-0.000123510118223486,1.17920564082794,-1.96483588324563e-07,2.23743270088535,0,1.92405534317217,0.0428470872780074,0.26085172215587,MV-202,sine_steer_python-1
205,2026年09月05日_22时52分41秒_第036次,2026-09-05T22:52:41,0.204,39.9302369650819,2.83624518131908e-06,-0.000126145001298141,1.19029765770552,-1.97077060237914e-07,2.24852551604889,0,1.93076327766655,0.0429936578510818,0.261692411914457,MV-202,sine_steer_python-1
206,2026年09月05日_22时52分41秒_第036次,2026-09-05T22:52:41,0.205,39.9296633566949,3.18409854583961e-06,-0.000128759614736402,1.20138950982344,-1.97613771784064e-07,2.2596181444701,0,1.93716632225726,0.0431334028989905,0.262495746503288,MV-202,sine_steer_python-1
207,2026年09月05日_22时52分41秒_第036次,2026-09-05T22:52:41,0.206,39.9290882347345,3.53399460117261e-06,-0.000131352608214856,1.21248119640898,-1.98094092949891e-07,2.27071058401342,0,1.94326346582935,0.0432663249807429,0.263262639547547,MV-202,sine_steer_python-1
208,2026年09月05日_22时52分41秒_第036次,2026-09-05T22:52:41,0.207,39.9285116178703,3.8857040018549e-06,-0.000133922625839992,1.22357271670553,-1.98518463504762e-07,2.28180283260142,0,1.94905374557315,0.043392406487849,0.263993102389757,MV-202,sine_steer_python-1
209,2026年09月05日_22时52分41秒_第036次,2026-09-05T22:52:41,0.208,39.92793352353,4.23899863207466e-06,-0.000136468310195769,1.2346640699728,-1.98887391896878e-07,2.2928948882171,0,1.95453624713639,0.0435116102533719,0.264686269748572,MV-202,sine_steer_python-1
210,2026年09月05日_22时52分41秒_第036次,2026-09-05T22:52:41,0.209,39.9273539678604,4.59365191898775e-06,-0.000138988306325881,1.24575525548702,-1.99201454018124e-07,2.30398674890618,0,1.95971010476849,0.0436238865590149,0.265340696730625,MV-202,sine_steer_python-1
211,2026年09月05日_22时52分41秒_第036次,2026-09-05T22:52:41,0.21,39.9267729656907,4.94943914101751e-06,-0.00014148126579528,1.2568462725411,-1.9946129184347e-07,2.31507841277925,0,1.96457450145738,0.0437291840898501,0.26595482335696,MV-202,sine_steer_python-1
212,2026年09月05日_22时52分41秒_第036次,2026-09-05T22:52:41,0.211,39.9261905304993,5.30613773052804e-06,-0.000143945850915858,1.26793712044471,-1.99667611930232e-07,2.32616987801381,0,1.96912866905841,0.0438274611590672,0.266527450660114,MV-202,sine_steer_python-1
213,2026年09月05日_22时52分41秒_第036次,2026-09-05T22:52:41,0.212,39.9256066743829,5.66352757019469e-06,-0.000146380738798172,1.27902779852446,-1.99821183809136e-07,2.33726114285629,0,1.97337188841574,0.043918693552208,0.267058073502598,MV-202,sine_steer_python-1
214,2026年09月05日_22时52分41秒_第036次,2026-09-05T22:52:41,0.213,39.9250214080284,6.02139128215997e-06,-0.00014878462573178,1.2901183061239,-1.99922838243831e-07,2.34835220562386,0,1.97730348947583,0.0440028765697209,0.267546967373479,MV-202,sine_steer_python-1
215,2026年09月05日_22时52分41秒_第036次,2026-09-05T22:52:41,0.214,39.9244347406885,6.37951450972932e-06,-0.0001511562311174,1.30120864260359,-1.99973465377131e-07,2.35944306470619,0,1.9809228513933,0.0440800208314465,0.267995010594076,MV-202,sine_steer_python-1
216,2026年09月05日_22时52分41秒_第036次,2026-09-05T22:52:41,0.215,39.9238466801595,6.73768619018851e-06,-0.000153494301867664,1.31229880734114,-1.99974012770704e-07,2.3705337185671,0,1.98422940262896,0.0441501434663444,0.268403310744129,MV-202,sine_steer_python-1
217,2026年09月05日_22时52分41秒_第036次,2026-09-05T22:52:41,0.216,39.9232572327627,7.09569881909645e-06,-0.000155797616311295,1.32338879973115,-1.99925483332502e-07,2.38162416574609,0,1.98722262104002,0.0442132577641904,0.26877276580339,MV-202,sine_steer_python-1
218,2026年09月05日_22时52分41秒_第036次,2026-09-05T22:52:41,0.217,39.9226664033284,7.45334870447591e-06,-0.00015806498843503,1.33447861918521,-1.99828933140453e-07,2.39271440485971,0,1.9899020339626,0.0442693647564052,0.269103707103771,MV-202,sine_steer_python-1
219,2026年09月05日_22时52分41秒_第036次,2026-09-05T22:52:41,0.218,39.9220741951841,7.81043621115079e-06,-0.000160295271684615,1.34556826513179,-1.99685469184046e-07,2.40380443460287,0,1.99226721828635,0.0443184529852565,0.269395889370094,MV-202,sine_steer_python-1
220,2026年09月05日_22时52分41秒_第036次,2026-09-05T22:52:41,0.219,39.9214806101444,8.16676599408923e-06,-0.000162487362951981,1.3566577370162,-1.99496246995292e-07,2.41489425375,0,1.99431780052123,0.0443604930419963,0.269648259599634,MV-202,sine_steer_python-1
221,2026年09月05日_22时52分41秒_第036次,2026-09-05T22:52:41,0.22,39.9208856485056,8.52214722065099e-06,-0.00016464020629981,1.36774703430041,-1.99262468215287e-07,2.42598386115605,0,1.99605345685654,0.0443954460136765,0.269859316353757,MV-202,sine_steer_python-1
222,2026年09月05日_22时52分41秒_第036次,2026-09-05T22:52:41,0.221,39.920289309042,8.87639378114759e-06,-0.000166752796584331,1.37883615646294,-1.98985378073185e-07,2.43707325575742,0,1.99747391321203,0.0444232774936322,0.270027703078277,MV-202,sine_steer_python-1
223,2026年09月05日_22时52分41秒_第036次,2026-09-05T22:52:41,0.222,39.9196915890071,9.22932448729015e-06,-0.00016882418296796,1.38992510299866,-1.98666262794697e-07,2.44816243657274,0,1.99857894528118,0.0444439620465164,0.27015239936608,MV-202,sine_steer_python-1
224,2026年09月05日_22时52分41秒_第036次,2026-09-05T22:52:41,0.223,39.9190924841361,9.58076325821766e-06,-0.000170853472309111,1.40101387341857,-1.98306446951603e-07,2.45925140270345,0,1.9993683785666,0.0444574953916966,0.270233237012091,MV-202,sine_steer_python-1
225,2026年09月05日_22时52分41秒_第036次,2026-09-05T22:52:41,0.224,39.9184919886537,9.930539293889e-06,-0.000172839832295994,1.41210246724959,-1.97907290746265e-07,2.47034015333435,0,1.99984208840763,0.0444638839083036,0.270270456613537,MV-202,sine_steer_python-1
226,2026年09月05日_22时52分41秒_第036次,2026-09-05T22:52:41,0.225,39.917890095283,1.02784872353263e-05,-0.000174782494446352,1.42319088403431,-1.97470187259299e-07,2.48142868773394,0,2,0.0444631476040992,0.270264833217314,MV-202,sine_steer_python-1
227,2026年09月05日_22时52分41秒_第036次,2026-09-05T22:52:41,0.226,39.9172867952593,1.0624447311735e-05,-0.000176680756977469,1.43427912333068,-1.9699655964083e-07,2.49251700525463,0,1.99984208840763,0.0444553352345454,0.27021831536834,MV-202,sine_steer_python-1
228,2026年09月05日_22时52分41秒_第036次,2026-09-05T22:52:41,0.227,39.916682078346,1.09682654742573e-05,-0.000178533987418843,1.44536718471169,-1.96487858270792e-07,2.50360510533286,0,1.9993683785666,0.0444405078887076,0.270133328543235,MV-202,sine_steer_python-1
229,2026年09月05日_22时52分41秒_第036次,2026-09-05T22:52:41,0.228,39.9160759328539,1.13097935161872e-05,-0.000180341625031185,1.45645506776506,-1.95945557900994e-07,2.51469298748896,0,1.99857894528118,0.0444186722704374,0.270009952268303,MV-202,sine_steer_python-1
230,2026年09月05日_22时52分41秒_第036次,2026-09-05T22:52:41,0.229,39.9154683456639,1.1648889179681e-05,-0.000182103183057206,1.46754277209288,-1.95371154760706e-07,2.52578065132703,0,1.99747391321203,0.0443898234644826,0.269847729945341,MV-202,sine_steer_python-1
231,2026年09月05日_22时52分41秒_第036次,2026-09-05T22:52:41,0.23,39.9148593022521,1.19854162488608e-05,-0.000183818250774464,1.4786302973112,-1.94766163660229e-07,2.53686809653453,0,1.99605345685654,0.0443539479547094,0.269645794856296,MV-202,sine_steer_python-1
232,2026年09月05日_22时52分41秒_第036次,2026-09-05T22:52:41,0.231,39.9142487867185,1.2319244629451e-05,-0.000185486495081715,1.48971764304964,-1.94132115082623e-07,2.54795532288181,0,1.99431780052123,0.0443110267804307,0.269403004620861,MV-202,sine_steer_python-1
233,2026年09月05日_22时52分41秒_第036次,2026-09-05T22:52:41,0.232,39.9136367818184,1.26502504145759e-05,-0.000187107662455016,1.50080480895095,-1.93470552281872e-07,2.55904233022146,0,1.99226721828635,0.044261042324016,0.269118230161494,MV-202,sine_steer_python-1
234,2026年09月05日_22时52分41秒_第036次,2026-09-05T22:52:41,0.233,39.9130232689966,1.29783159378881e-05,-0.00018868157989466,1.51189179467055,-1.92783028388055e-07,2.57012911848754,0,1.9899020339626,0.0442039859388918,0.26879067890319,MV-202,sine_steer_python-1
235,2026年09月05日_22时52分41秒_第036次,2026-09-05T22:52:41,0.234,39.9124082284245,1.33033298126893e-05,-0.000190208156274859,1.52297859987607,-1.92071103520971e-07,2.58121568769465,0,1.98722262104002,0.0441398613636983,0.268420041141037,MV-202,sine_steer_python-1
236,2026年09月05日_22时52分41秒_第036次,2026-09-05T22:52:41,0.235,39.9117916390402,1.36251869585219e-05,-0.000191687383323577,1.53406522424684,-1.91336341937597e-07,2.59230203793684,0,1.98422940262896,0.0440686882337054,0.268006638483116,MV-202,sine_steer_python-1
237,2026年09月05日_22时52分41秒_第036次,2026-09-05T22:52:41,0.236,39.9111734785907,1.39437886150331e-05,-0.000193119335977714,1.54515166747338,-1.90580309200657e-07,2.60338816938642,0,1.9809228513933,0.043990488800042,0.267550862759637,MV-202,sine_steer_python-1
238,2026年09月05日_22时52分41秒_第036次,2026-09-05T22:52:41,0.237,39.9105537236776,1.42590423427743e-05,-0.000194504173165697,1.55623792925688,-1.89804569387145e-07,2.61447408229262,0,1.97730348947583,0.0439052886829515,0.267053207501967,MV-202,sine_steer_python-1
239,2026年09月05日_22时52分41秒_第036次,2026-09-05T22:52:41,0.238,39.9099323498047,1.45708620124539e-05,-0.000195842137828897,1.5673240093086,-1.89010682337775e-07,2.62555977698006,0,1.97337188841574,0.0438131355048217,0.26651505571386,MV-202,sine_steer_python-1
240,2026年09月05日_22时52分41秒_第036次,2026-09-05T22:52:41,0.239,39.909309331428,1.4879167781831e-05,-0.000197133557067952,1.57840990734934,-1.88200200952194e-07,2.63664525384712,0,1.96912866905841,0.0437140457721104,0.265936432748542,MV-202,sine_steer_python-1
241,2026年09月05日_22时52分41秒_第036次,2026-09-05T22:52:41,0.24,39.9086846420088,1.51838860613711e-05,-0.000198378841761768,1.58949562310883,-1.87374668546096e-07,2.64773051336423,0,1.96457450145738,0.0436080179892214,0.265316560150228,MV-202,sine_steer_python-1
242,2026年09月05日_22时52分41秒_第036次,2026-09-05T22:52:41,0.241,39.9080582540683,1.54849494684857e-05,-0.000199578486260539,1.60058115632517,-1.8653561625843e-07,2.65881555607191,0,1.95971010476849,0.0434950441699529,0.264654342805388,MV-202,sine_steer_python-1
243,2026年09月05日_22时52分41秒_第036次,2026-09-05T22:52:41,0.242,39.907430139245,1.57822967712365e-05,-0.00020073306774823,1.61166650674413,-1.85684560535602e-07,2.66990038257875,0,1.95453624713639,0.043375115234957,0.263948597761734,MV-202,sine_steer_python-1
244,2026年09月05日_22时52分41秒_第036次,2026-09-05T22:52:41,0.243,39.9068002683539,1.60758728217348e-05,-0.000201843245313793,1.62275167411861,-1.84823000676877e-07,2.6809849935593,0,1.94905374557315,0.0432482269693486,0.263198306879945,MV-202,sine_steer_python-1
245,2026年09月05日_22时52分41秒_第036次,2026-09-05T22:52:41,0.244,39.9061686114479,1.63656284794988e-05,-0.000202909758980195,1.63383665820793,-1.83952416462298e-07,2.69206938975173,0,1.94326346582935,0.0431143844750532,0.262402805874926,MV-202,sine_steer_python-1
246,2026年09月05日_22时52分41秒_第036次,2026-09-05T22:52:41,0.245,39.9055351378808,1.66515205255787e-05,-0.000203933428367515,1.64492145877722,-1.83074265858753e-07,2.70315357195545,0,1.93716632225726,0.0429736037967414,0.261561853695106,MV-202,sine_steer_python-1
247,2026年09月05日_22时52分41秒_第036次,2026-09-05T22:52:41,0.246,39.9048998163728,1.69335115675493e-05,-0.00020491515143039,1.65600607559673,-1.82189982807936e-07,2.71423754102859,0,1.93076327766655,0.0428259103798173,0.260675567680571,MV-202,sine_steer_python-1
248,2026年09月05日_22时52分41秒_第036次,2026-09-05T22:52:41,0.247,39.9042626150767,1.7211569936311e-05,-0.000205855902673284,1.66709050844117,-1.81300975114317e-07,2.72532129788538,0,1.92405534317217,0.0426713350523187,0.259744253743185,MV-202,sine_steer_python-1
249,2026年09月05日_22时52分41秒_第036次,2026-09-05T22:52:41,0.248,39.9036235016466,1.74856695746313e-05,-0.000206756731394375,1.67817475708903,-1.8040862241251e-07,2.7364048434934,0,1.91704357803475,0.0425099089857965,0.258768193183143,MV-202,sine_steer_python-1
250,2026年09月05日_22时52分41秒_第036次,2026-09-05T22:52:41,0.249,39.9029824433078,1.77557899182586e-05,-0.000207618759825679,1.6892588213219,-1.79514274241192e-07,2.74748817887072,0,1.90972908949329,0.0423416593440927,0.257747458552095,MV-202,sine_steer_python-1
251,2026年09月05日_22时52分41秒_第036次,2026-09-05T22:52:41,0.25,39.9023394069273,1.80219157702011e-05,-0.000208443180888809,1.70034270092376,-1.78619248213053e-07,2.75857130508298,0,1.90211303259031,0.0421666070141927,0.25668181766982,MV-202,sine_steer_python-1
252,2026年09月05日_22时52分41秒_第036次,2026-09-05T22:52:41,0.251,39.9016943590871,1.8284037168249e-05,-0.000209231255981669,1.71142639568033,-1.77724828289155e-07,2.76965422324032,0,1.89419660998949,0.0419847670601396,0.25557075300485,MV-202,sine_steer_python-1
253,2026年09月05日_22时52分41秒_第036次,2026-09-05T22:52:41,0.252,39.9010472661567,1.85421492466268e-05,-0.000209984312477144,1.72250990537832,-1.76832263158156e-07,2.78073693449432,0,1.88598107178573,0.0417961516167396,0.254413584464628,MV-202,sine_steer_python-1
254,2026年09月05日_22时52分41秒_第036次,2026-09-05T22:52:41,0.253,39.9003980943681,1.87962520919527e-05,-0.000210703741242595,1.73359322980478,-1.75942764722115e-07,2.7918194400347,0,1.87746771530775,0.0416007741547259,0.253209650357541,MV-202,sine_steer_python-1
255,2026年09月05日_22时52分41秒_第036次,2026-09-05T22:52:41,0.254,39.8997468098907,1.90463505942834e-05,-0.00021139099383919,1.74467636874639,-1.75057506696392e-07,2.80290174108611,0,1.86865788491322,0.0413986536526005,0.251958484464013,MV-202,sine_steer_python-1
256,2026年09月05日_22时52分41秒_第036次,2026-09-05T22:52:41,0.255,39.8990933789075,1.92924542933893e-05,-0.00021204757979841,1.75575932198877,-1.74177623314801e-07,2.81398383890475,0,1.8595529717765,0.041189817312435,0.250659931453013,MV-202,sine_steer_python-1
257,2026年09月05日_22时52分41秒_第036次,2026-09-05T22:52:41,0.256,39.8984377676907,1.95345772210486e-05,-0.000212675063524717,1.76684208931579,-1.73304208160235e-07,2.82506573477491,0,1.85015441366892,0.0409743009989005,0.249314165830705,MV-202,sine_steer_python-1
258,2026年09月05日_22时52分41秒_第036次,2026-09-05T22:52:41,0.257,39.8977799426794,1.97727377394541e-05,-0.000213275061329759,1.77792467050888,-1.7243831309307e-07,2.83614743000555,0,1.84046369473174,0.0407521473632148,0.247921612760497,MV-202,sine_steer_python-1
259,2026年09月05日_22时52分41秒_第036次,2026-09-05T22:52:41,0.258,39.8971198705556,2.0006958376479e-05,-0.00021384923814209,1.78900706534638,-1.71580947310552e-07,2.84722892592676,0,1.83048234524184,0.0405234067093325,0.246482984684329,MV-202,sine_steer_python-1
260,2026年09月05日_22时52分41秒_第036次,2026-09-05T22:52:41,0.259,39.8964575183219,2.02372656579603e-05,-0.000214399304362184,1.80008927360284,-1.70733076512948e-07,2.85831022388614,0,1.82021194136999,0.0402881585325653,0.245000192435975,MV-202,sine_steer_python-1
261,2026年09月05日_22时52分41秒_第036次,2026-09-05T22:52:41,0.26,39.895792853378,2.0463689937761e-05,-0.000214927012398527,1.81117129504839,-1.69895622194049e-07,2.86939132524522,0,1.80965410493204,0.0400464561366078,0.243474002828347,MV-202,sine_steer_python-1
262,2026年09月05日_22时52分41秒_第036次,2026-09-05T22:52:41,0.261,39.8951258435972,2.06862652256404e-05,-0.000215434153155902,1.82225312944806,-1.69069461039488e-07,2.88047223137584,0,1.79881050313274,0.039798341468236,0.24190466552573,MV-202,sine_steer_python-1
263,2026年09月05日_22时52分41秒_第036次,2026-09-05T22:52:41,0.262,39.8944564574027,2.09050290133854e-05,-0.000215922552597263,1.83333477656119,-1.68255424450324e-07,2.89155294365644,0,1.78768284830253,0.0395438514917519,0.240292183132464,MV-202,sine_steer_python-1
264,2026年09月05日_22时52分41秒_第036次,2026-09-05T22:52:41,0.263,39.8937846638433,2.11200220998869e-05,-0.000216394068044831,1.84441623614076,-1.67454298180613e-07,2.90263346346838,0,1.77627289762709,0.0392830206293409,0.238636414990826,MV-202,sine_steer_python-1
265,2026年09月05日_22时52分41秒_第036次,2026-09-05T22:52:41,0.264,39.8931104326676,2.1331288415104e-05,-0.000216850584387222,1.85549750793282,-1.66666822089343e-07,2.91371379219231,0,1.76458245286991,0.0390158840923689,0.236937218736822,MV-202,sine_steer_python-1
266,2026年09月05日_22时52分41秒_第036次,2026-09-05T22:52:41,0.265,39.8924337343981,2.1538874843314e-05,-0.000217294010591443,1.86657859167587,-1.65893690007456e-07,2.92479393120438,0,1.75261336008773,0.0387424808289194,0.235194575668568,MV-202,sine_steer_python-1
267,2026年09月05日_22时52分41秒_第036次,2026-09-05T22:52:41,0.266,39.8917545404037,2.17428310465306e-05,-0.000217726275523486,1.87765948710032,-1.65135549728224e-07,2.93587388187266,0,1.74036750933905,0.0384628551536075,0.233408660313974,MV-202,sine_steer_python-1
268,2026年09月05日_22时52分41秒_第036次,2026-09-05T22:52:41,0.267,39.8910728229713,2.19432092873508e-05,-0.000218149324362431,1.88874019392791,-1.64393003096459e-07,2.94695364555338,0,1.72784683438567,0.0381770566163902,0.231579835363413,MV-202,sine_steer_python-1
269,2026年09月05日_22时52分41秒_第036次,2026-09-05T22:52:41,0.268,39.8903885553749,2.21400642526556e-05,-0.000218565114465215,1.89982071187119,-1.63666606223106e-07,2.95803322358735,0,1.7150533123873,0.0378851382671048,0.229708578562993,MV-202,sine_steer_python-1
270,2026年09月05日_22时52分41秒_第036次,2026-09-05T22:52:41,0.269,39.8897017119445,2.23334528775399e-05,-0.000218975611493224,1.91090104063299,-1.6295686980151e-07,2.96911261729627,0,1.70198896358938,0.0375871539905104,0.227795370132701,MV-202,sine_steer_python-1
271,2026年09月05日_22时52分41秒_第036次,2026-09-05T22:52:41,0.27,39.8890122681319,2.25234341703169e-05,-0.000219382785407893,1.92198117990597,-1.62264259538321e-07,2.98019182797923,0,1.68865585100403,0.0372831936560356,0.225842179268923,MV-202,sine_steer_python-1
272,2026年09月05日_22时52分41秒_第036次,2026-09-05T22:52:41,0.271,39.888320200575,2.27100690386567e-05,-0.000219788606308312,1.9330611293721,-1.61589196686015e-07,2.99127085690911,0,1.67505608008428,0.0369733423932805,0.223850742759242,MV-202,sine_steer_python-1
273,2026年09月05日_22时52分41秒_第036次,2026-09-05T22:52:41,0.272,39.8876254871601,2.2893420116884e-05,-0.000220195040523782,1.94414088870226,-1.60932058685237e-07,3.00234970532909,0,1.66119179839163,0.0366576493781511,0.221821244124143,MV-202,sine_steer_python-1
274,2026年09月05日_22时52分41秒_第036次,2026-09-05T22:52:41,0.273,39.8869281070814,2.30735515952221e-05,-0.000220604046294272,1.95522045755582,-1.60293179908124e-07,3.01342837444929,0,1.64706519525686,0.0363361598032234,0.219753665652266,MV-202,sine_steer_python-1
275,2026年09月05日_22时52分41秒_第036次,2026-09-05T22:52:41,0.274,39.8862280408982,2.32505290504496e-05,-0.000221017569878456,1.96629983558022,-1.59672852496296e-07,3.02450686544333,0,1.63267850143437,0.0360089167250101,0.217647867232005,MV-202,sine_steer_python-1
276,2026年09月05日_22时52分41秒_第036次,2026-09-05T22:52:41,0.275,39.8855252705895,2.34244192790064e-05,-0.000221437541231013,1.97737902241064,-1.59071327308243e-07,3.03558517944508,0,1.61803398874989,0.0356759638272951,0.215503703827272,MV-202,sine_steer_python-1
277,2026年09月05日_22时52分41秒_第036次,2026-09-05T22:52:41,0.276,39.8848197796055,2.3595290132006e-05,-0.000221865870014181,1.98845801766966,-1.58488814948151e-07,3.04666331754547,0,1.60313396974175,0.0353373476709749,0.213321121259976,MV-202,sine_steer_python-1
278,2026年09月05日_22时52分41秒_第036次,2026-09-05T22:52:41,0.277,39.8841115529162,2.376321035294e-05,-0.000222304441322454,1.99953682096695,-1.57925486896673e-07,3.05774128078934,0,1.58798079729567,0.034993118766424,0.211100202164363,MV-202,sine_steer_python-1
279,2026年09月05日_22时52分41秒_第036次,2026-09-05T22:52:41,0.278,39.8834005770573,2.39282494177743e-05,-0.00022275511159261,2.010615431899,-1.57381476724388e-07,3.06881907017244,0,1.57257686427324,0.0346433642914217,0.208842552857363,MV-202,sine_steer_python-1
280,2026年09月05日_22时52分41秒_第036次,2026-09-05T22:52:41,0.279,39.8826868401717,2.40904773779502e-05,-0.000223219704541848,2.02169385004887,-1.56856881393477e-07,3.07989668663848,0,1.55692460313405,0.0342882294655521,0.206552209334464,MV-202,sine_steer_python-1
281,2026年09月05日_22时52分41秒_第036次,2026-09-05T22:52:41,0.28,39.8819703320488,2.42499647064412e-05,-0.000223700006933774,2.03277207498598,-1.56351762642026e-07,3.09097413107636,0,1.54102648555158,0.0339278627034249,0.204233313333957,MV-202,sine_steer_python-1
282,2026年09月05日_22时52分41秒_第036次,2026-09-05T22:52:41,0.281,39.8812510441599,2.44067821467381e-05,-0.000224197764637865,2.04385010626593,-1.55866148446693e-07,3.10205140431741,0,1.5248850220229,0.0335623427699109,0.201887026914533,MV-202,sine_steer_python-1
283,2026年09月05日_22时52分41秒_第036次,2026-09-05T22:52:41,0.282,39.880528969689,2.45610005654104e-05,-0.000224714678398716,2.05492794343036,-1.55400034557087e-07,3.11312850713287,0,1.50850276147221,0.0331916822577337,0.199511680558817,MV-202,sine_steer_python-1
284,2026年09月05日_22时52分41秒_第036次,2026-09-05T22:52:41,0.283,39.8798041035614,2.47126908077709e-05,-0.000225252400082508,2.0660055860068,-1.54953386107657e-07,3.12420544023139,0,1.49188229084836,0.0328158883488517,0.197105347902221,MV-202,sine_steer_python-1
285,2026年09月05日_22时52分41秒_第036次,2026-09-05T22:52:41,0.284,39.8790764424673,2.4861923557658e-05,-0.000225812528417399,2.07708303350862,-1.54526139292081e-07,3.13528220425671,0,1.47502623471635,0.0324349665766189,0.194666005326198,MV-202,sine_steer_python-1
286,2026年09月05日_22时52分41秒_第036次,2026-09-05T22:52:41,0.285,39.8783459848817,2.50087692003975e-05,-0.000226396605306042,2.08816028543497,-1.54118203101055e-07,3.14635879978547,0,1.45793725484282,0.0320489245860986,0.192191691434377,MV-202,sine_steer_python-1
287,2026年09月05日_22时52分41秒_第036次,2026-09-05T22:52:41,0.286,39.8776127310806,2.51532976901418e-05,-0.000227006111900986,2.09923734127073,-1.53729461123882e-07,3.1574352273252,0,1.44061804977581,0.0316577754249136,0.189680646709186,MV-202,sine_steer_python-1
288,2026年09月05日_22时52分41秒_第036次,2026-09-05T22:52:41,0.287,39.8768766831528,2.52955784210632e-05,-0.000227642464809583,2.11031420048657,-1.53359773400668e-07,3.16851148731235,0,1.42307135441857,0.0312615398242339,0.187131410480858,MV-202,sine_steer_python-1
289,2026年09月05日_22时52分41秒_第036次,2026-09-05T22:52:41,0.288,39.8761378450073,2.54356801027338e-05,-0.000228307012518719,2.12139086253895,-1.53008978321611e-07,3.17958758011055,0,1.4052999395977,0.0308602471708761,0.184542862520554,MV-202,sine_steer_python-1
290,2026年09月05日_22时52分41秒_第036次,2026-09-05T22:52:41,0.289,39.8753962223774,2.55736706399826e-05,-0.000229001031660612,2.13246732687023,-1.52676894580907e-07,3.19066350600906,0,1.38730661162561,0.030453935193833,0.181914210213287,MV-202,sine_steer_python-1
291,2026年09月05日_22时52分41秒_第036次,2026-09-05T22:52:41,0.29,39.8746518228196,2.57096170170125e-05,-0.000229725723671191,2.14354359290876,-1.52363323166557e-07,3.20173926522126,0,1.36909421185738,0.0300426486989392,0.179244935415918,MV-202,sine_steer_python-1
292,2026年09月05日_22时52分41秒_第036次,2026-09-05T22:52:41,0.291,39.8739046557087,2.58435851863834e-05,-0.000230482211316792,2.15461966006902,-1.52068049383882e-07,3.21281485788337,0,1.35066561624205,0.0296264378862567,0.176534723623195,MV-202,sine_steer_python-1
293,2026年09月05日_22时52分41秒_第036次,2026-09-05T22:52:41,0.292,39.8731547322288,2.59756399624992e-05,-0.000231271535544742,2.16569552775182,-1.51790844914621e-07,3.22389028405338,0,1.3320237348685,0.0292053568177459,0.173783399475002,MV-202,sine_steer_python-1
294,2026年09月05日_22时52分41秒_第036次,2026-09-05T22:52:41,0.293,39.8724020653599,2.61058449201623e-05,-0.00023209465226065,2.17677119534447,-1.51531469902709e-07,3.23496554371001,0,1.31317151150591,0.0287794624663951,0.1709908868732,MV-202,sine_steer_python-1
295,2026年09月05日_22时52分41秒_第036次,2026-09-05T22:52:41,0.294,39.87164666986,2.62342622979185e-05,-0.000232952429475562,2.18784666222104,-1.51289675056592e-07,3.24604063675198,0,1.29411192313889,0.0283488145250781,0.168157201272879,MV-202,sine_steer_python-1
296,2026年09月05日_22时52分41秒_第036次,2026-09-05T22:52:41,0.295,39.8708885622437,2.63609529066947e-05,-0.000233845644465545,2.19892192774261,-1.51065203770024e-07,3.25711556299736,0,1.27484797949738,0.0279134758710577,0.165282469755541,MV-202,sine_steer_python-1
297,2026年09月05日_22时52分41秒_第036次,2026-09-05T22:52:41,0.296,39.870127760756,2.64859760435679e-05,-0.000234774981176581,2.20999699125756,-1.50857794255752e-07,3.26819032218311,0,1.2553827225814,0.0274735133612271,0.162366965134627,MV-202,sine_steer_python-1
298,2026年09月05日_22时52分41秒_第036次,2026-09-05T22:52:41,0.297,39.8693642853426,2.66093894109514e-05,-0.000235741027664403,2.22107185210191,-1.50667181679311e-07,3.27926491396481,0,1.23571922618067,0.0270289985391717,0.159411136353847,MV-202,sine_steer_python-1
299,2026年09月05日_22时52分41秒_第036次,2026-09-05T22:52:41,0.298,39.8685981576158,2.67312490410327e-05,-0.000236744274026912,2.23214650959966,-1.50493100297578e-07,3.29033933791654,0,1.21586059538921,0.0265800078880141,0.156415619669564,MV-202,sine_steer_python-1
300,2026年09月05日_22时52分41秒_第036次,2026-09-05T22:52:41,0.299,39.8678294008164,2.6851609226104e-05,-0.000237785110154002,2.24322096306317,-1.50335285585504e-07,3.30141359353096,0,1.19580996611504,0.0261266224342278,0.153381222354276,MV-202,sine_steer_python-1
301,2026年09月05日_22时52分41秒_第036次,2026-09-05T22:52:41,0.3,39.8670580397724,2.69705224541188e-05,-0.000238863824050653,2.25429521179356,-1.5019347635752e-07,3.31248768021948,0,1.17557050458495,0.0256689267325068,0.150308880181753,MV-202,sine_steer_python-1
302,2026年09月05日_22时52分41秒_第036次,2026-09-05T22:52:41,0.301,39.8662841008535,2.70880393503463e-05,-0.000239980600132539,2.26536925508114,-1.50067416869449e-07,3.32356159731275,0,1.15514540684454,0.0252070074630625,0.14719959848292,MV-202,sine_steer_python-1
303,2026年09月05日_22时52分41秒_第036次,2026-09-05T22:52:41,0.302,39.865507611922,2.72042086246087e-05,-0.000241135517922633,2.27644309220586,-1.49956858892229e-07,3.33463534406118,0,1.13453789825351,0.0247409519864727,0.144054391385978,MV-202,sine_steer_python-1
304,2026年09月05日_22时52分41秒_第036次,2026-09-05T22:52:41,0.303,39.8647286022807,2.73190770245139e-05,-0.000242328550797775,2.2875167224378,-1.49861563768732e-07,3.34570891963565,0,1.11375123297638,0.0242708471966812,0.140874233670623,MV-202,sine_steer_python-1
305,2026年09月05日_22时52分41秒_第036次,2026-09-05T22:52:41,0.304,39.8639471026169,2.74326892944764e-05,-0.000243559565201235,2.29859014503764,-1.49781304425983e-07,3.3567823231285,0,1.09278869346854,0.0237967789000535,0.137660034898991,MV-202,sine_steer_python-1
306,2026年09月05日_22时52分41秒_第036次,2026-09-05T22:52:41,0.305,39.8631631449437,2.75450881408727e-05,-0.000244828320054181,2.30966335925722,-1.49715867350994e-07,3.36785555355452,0,1.07165358995799,0.0233188317721314,0.13441263802325,MV-202,sine_steer_python-1
307,2026年09月05日_22时52分41秒_第036次,2026-09-05T22:52:41,0.306,39.8623767625383,2.76563142032352e-05,-0.000246134466279757,2.32073636434004,-1.49665054524956e-07,3.37892860985225,0,1.05034925992259,0.022837089765933,0.131132837136921,MV-202,sine_steer_python-1
308,2026年09月05日_22时52分41秒_第036次,2026-09-05T22:52:41,0.307,39.8615879898771,2.77664060313269e-05,-0.00024747754682354,2.33180915952182,-1.49628685302875e-07,3.39000149088531,0,1.02887906756301,0.0223516367240934,0.127821403883386,MV-202,sine_steer_python-1
309,2026年09月05日_22时52分41秒_第036次,2026-09-05T22:52:41,0.308,39.8607968625687,2.78754000684728e-05,-0.000248856996850134,2.34288174403111,-1.49606598232932e-07,3.401074195444,0,1.00724640327152,0.0218625569168003,0.124479110742285,MV-202,sine_steer_python-1
310,2026年09月05日_22时52分41秒_第036次,2026-09-05T22:52:41,0.309,39.8600034172839,2.79833306408747e-05,-0.000250272144185133,2.35395411708983,-1.49598652825449e-07,3.41214672224697,0,0.985454683096584,0.0213699352909001,0.121106742094451,MV-202,sine_steer_python-1
311,2026年09月05日_22时52分41秒_第036次,2026-09-05T22:52:41,0.31,39.8592076916843,2.8090229952983e-05,-0.000251722210156274,2.36502627791391,-1.49604731245856e-07,3.42321906994307,0,0.96350734820343,0.0208738573450713,0.117705089447928,MV-202,sine_steer_python-1
312,2026年09月05日_22时52分41秒_第036次,2026-09-05T22:52:41,0.311,39.8584097243476,2.81961280889773e-05,-0.000253206310573019,2.37609822571389,-1.4962473993491e-07,3.43429123711336,0,0.941407864330666,0.0203744086906329,0.114274933335782,MV-202,sine_steer_python-1
313,2026年09月05日_22时52分41秒_第036次,2026-09-05T22:52:41,0.312,39.8576095546923,2.83010530200543e-05,-0.00025472345719655,2.38716995969556,-1.49658611160269e-07,3.44536322227323,0,0.919159721242976,0.0198716744671514,0.110817019042582,MV-202,sine_steer_python-1
314,2026年09月05日_22时52分41秒_第036次,2026-09-05T22:52:41,0.313,39.8568072228999,2.84050306178998e-05,-0.000256272559388747,2.3982414790606,-1.49706304478833e-07,3.45643502387468,0,0.896766432180065,0.0193657388285737,0.107332035295169,MV-202,sine_steer_python-1
315,2026年09月05日_22时52分41秒_第036次,2026-09-05T22:52:41,0.314,39.8560027698362,2.85080846739228e-05,-0.000257852425971963,2.4093127830072,-1.49767808113979e-07,3.46750664030868,0,0.874231533301866,0.0188566846850391,0.103820603765362,MV-202,sine_steer_python-1
316,2026年09月05日_22时52分41秒_第036次,2026-09-05T22:52:41,0.315,39.8551962369713,2.86102369241269e-05,-0.000259461767636893,2.42038387073076,-1.49843140244879e-07,3.47857806990773,0,0.851558583130146,0.0183445937922693,0.100283283287125,MV-202,sine_steer_python-1
317,2026年09月05日_22时52分41秒_第036次,2026-09-05T22:52:41,0.316,39.8543876662982,2.87115070799453e-05,-0.000261099199285714,2.43145474142452,-1.49932350198956e-07,3.48964931094848,0,0.828751161986568,0.0178295471614192,0.0967205876516193,MV-202,sine_steer_python-1
318,2026年09月05日_22时52分41秒_第036次,2026-09-05T22:52:41,0.317,39.8535771002515,2.88119128642588e-05,-0.000262763243098056,2.44252539428023,-1.50035519542801e-07,3.50072036165449,0,0.805812871427325,0.0173116270154692,0.0931330688953306,MV-202,sine_steer_python-1
319,2026年09月05日_22时52分41秒_第036次,2026-09-05T22:52:41,0.318,39.8527645816243,2.89114700532458e-05,-0.000264452331386202,2.45359582848885,-1.50152763076442e-07,3.51179122019905,0,0.782747333674405,0.0167910268640965,0.0895259778015492,MV-202,sine_steer_python-1
320,2026年09月05日_22时52分41秒_第036次,2026-09-05T22:52:41,0.319,39.8519501534863,2.90101925230317e-05,-0.000266164810190961,2.46466604324118,-1.50284229715307e-07,3.52286188470819,0,0.759558191043603,0.0162679107846068,0.085903306607893,MV-202,sine_steer_python-1
321,2026年09月05日_22时52分41秒_第036次,2026-09-05T22:52:41,0.32,39.8511338591008,2.91080923018315e-05,-0.000267898942821792,2.47573603772856,-1.5043010326892e-07,3.53393235326369,0,0.736249105369356,0.01574233250475,0.0822643644088042,MV-202,sine_steer_python-1
322,2026年09月05日_22时52分41秒_第036次,2026-09-05T22:52:41,0.321,39.8503157418416,2.92051796267458e-05,-0.000269652913784632,2.48680581114354,-1.505906031019e-07,3.54500262390623,0,0.712823757426502,0.0152143419975451,0.0786082904741912,MV-202,sine_steer_python-1
323,2026年09月05日_22时52分41秒_第036次,2026-09-05T22:52:41,0.322,39.8494958451114,2.93014630053022e-05,-0.00027142483288707,2.49787536268054,-1.50765984685037e-07,3.55607269463857,0,0.689285846349034,0.0146839884486507,0.074934180339685,MV-202,sine_steer_python-1
324,2026年09月05日_22时52分41秒_第036次,2026-09-05T22:52:41,0.323,39.8486742122596,2.93969492813939e-05,-0.000273212739822384,2.50894469153652,-1.50956540027035e-07,3.56714256342888,0,0.665639089045974,0.014151321543077,0.0712411407055163,MV-202,sine_steer_python-1
325,2026年09月05日_22时52分41秒_第036次,2026-09-05T22:52:41,0.324,39.8478508865016,2.949164370575e-05,-0.000275014608479808,2.52001379691165,-1.51162597994029e-07,3.57821222821406,0,0.641887219614419,0.0136163924973895,0.0675283335483786,MV-202,sine_steer_python-1
326,2026年09月05日_22时52分41秒_第036次,2026-09-05T22:52:41,0.325,39.8470259108386,2.95855500098684e-05,-0.000276828352016227,2.53108267800995,-1.51384524495105e-07,3.58928168690313,0,0.618033988749895,0.013079254930302,0.0637950133989435,MV-202,sine_steer_python-1
327,2026年09月05日_22时52分41秒_第036次,2026-09-05T22:52:41,0.326,39.8461993279788,2.96786704840831e-05,-0.000278651827792287,2.54215133403994,-1.51622722567889e-07,3.60035093738072,0,0.59408316315407,0.0125399656358877,0.0600405605085321,MV-202,sine_steer_python-1
328,2026年09月05日_22时52分41秒_第036次,2026-09-05T22:52:41,0.327,39.8453711802601,2.97710060589276e-05,-0.00028048284260925,2.55321976421531,-1.51877632323559e-07,3.61141997751054,0,0.570038524939952,0.0119985852650898,0.0562645101474401,MV-202,sine_steer_python-1
329,2026年09月05日_22时52分41秒_第036次,2026-09-05T22:52:41,0.328,39.8445415095739,2.98625563896221e-05,-0.000282319157905558,2.56428796775548,-1.52149730781822e-07,3.6224888051389,0,0.54590387103465,0.0114551788714881,0.0524665761707451,MV-202,sine_steer_python-1
330,2026年09月05日_22时52分41秒_第036次,2026-09-05T22:52:41,0.329,39.8437103572913,2.99533199431681e-05,-0.000284158495606493,2.5753559438863,-1.52439531580015e-07,3.63355741809826,0,0.521683012579794,0.0109098162569964,0.0486466661264582,MV-202,sine_steer_python-1
331,2026年09月05日_22时52分41秒_第036次,2026-09-05T22:52:41,0.33,39.8428777641905,3.00432940885055e-05,-0.000285998543448958,2.58642369184058,-1.52747584563459e-07,3.64462581421083,0,0.497379774329709,0.0103625720676525,0.0448048857918899,MV-202,sine_steer_python-1
332,2026年09月05日_22时52分41秒_第036次,2026-09-05T22:52:41,0.331,39.8420437703868,3.01324751882148e-05,-0.000287836960898839,2.59749121085873,-1.53074475252323e-07,3.65569399129213,0,0.472997994047449,0.00981352563078035,0.0409415327640333,MV-202,sine_steer_python-1
333,2026年09月05日_22时52分41秒_第036次,2026-09-05T22:52:41,0.332,39.8412084152647,3.02208586924327e-05,-0.000289671385040862,2.60855850018932,-1.53420824192316e-07,3.66676194715454,0,0.448541521898762,0.00926276057543241,0.037057080873503,MV-202,sine_steer_python-1
334,2026年09月05日_22时52分41秒_第036次,2026-09-05T22:52:41,0.333,39.8403717374122,3.0308439234238e-05,-0.000291499436406913,2.61962555908964,-1.53787286190099e-07,3.67782967961095,0,0.42401421984411,0.00871036431901354,0.0331521589289964,MV-202,sine_steer_python-1
335,2026年09月05日_22时52分41秒_第036次,2026-09-05T22:52:41,0.334,39.8395337745579,3.03952107260205e-05,-0.000293318724957786,2.63069238682621,-1.54174549426932e-07,3.68889718647823,0,0.399419961028815,0.00815642752007741,0.0292275280250395,MV-202,sine_steer_python-1
336,2026年09月05日_22时52分41秒_第036次,2026-09-05T22:52:41,0.335,39.8386945635103,3.04811664566252e-05,-0.000295126856214087,2.64175898267538,-1.54583334468945e-07,3.69996446558085,0,0.374762629171449,0.00760104358556223,0.0252840611515179,MV-202,sine_steer_python-1
337,2026年09月05日_22时52分41秒_第036次,2026-09-05T22:52:41,0.336,39.8378541401011,3.05662991891156e-05,-0.000296921437192496,2.65282534592377,-1.55014393161825e-07,3.71103151475435,0,0.350046117950553,0.00704431732611267,0.0213231098973647,MV-202,sine_steer_python-1
338,2026年09月05日_22时52分41秒_第036次,2026-09-05T22:52:41,0.337,39.8370125391294,3.06506012583498e-05,-0.000298700082485821,2.66389147586877,-1.55468507418559e-07,3.72209833184881,0,0.325274330389768,0.00648648118460742,0.0173514232369872,MV-202,sine_steer_python-1
339,2026年09月05日_22时52分41秒_第036次,2026-09-05T22:52:41,0.338,39.8361697943111,3.0734064668326e-05,-0.000300460420332411,2.67495737181902,-1.55946487907108e-07,3.73316491473228,0,0.300451178241514,0.00592771267114834,0.0133734231304227,MV-202,sine_steer_python-1
340,2026年09月05日_22时52分41秒_第036次,2026-09-05T22:52:41,0.339,39.8353259382295,3.08166811888919e-05,-0.000302200098377624,2.68602303309486,-1.56449172642201e-07,3.7442312612942,0,0.275580581369276,0.00536811355874323,0.00939032398238326,MV-202,sine_steer_python-1
341,2026年09月05日_22时52分41秒_第036次,2026-09-05T22:52:41,0.34,39.8344810022906,3.08984424510739e-05,-0.000303916789841567,2.6970884590287,-1.56977425470661e-07,3.75529736944865,0,0.250666467128609,0.00480778238125844,0.00540320088378892,MV-202,sine_steer_python-1
342,2026年09月05日_22时52分41秒_第036次,2026-09-05T22:52:41,0.341,39.8336350166807,3.09793400413663e-05,-0.000305608199200058,2.70815364896549,-1.5753213448197e-07,3.76636323713765,0,0.225712769746963,0.0042468136200075,0.0014129557986081,MV-202,sine_steer_python-1
343,2026年09月05日_22时52分41秒_第036次,2026-09-05T22:52:41,0.342,39.8327880103277,3.10593655939394e-05,-0.000307272067942629,2.71921860226304,-1.58114210322343e-07,3.77742886233435,0,0.20072342970243,0.00368529824283694,-0.00257965911740085,MV-202,sine_steer_python-1
344,2026年09月05日_22时52分41秒_第036次,2026-09-05T22:52:41,0.343,39.8319400108659,3.1138510880731e-05,-0.00030890618011549,2.7302833182924,-1.58724584435916e-07,3.78849424304608,0,0.175702393101486,0.0031233242231427,-0.00657401907363146,MV-202,sine_steer_python-1
345,2026年09月05日_22时52分41秒_第036次,2026-09-05T22:52:41,0.344,39.831091044604,3.12167678989236e-05,-0.000310508367920658,2.74134779643815,-1.59364207222784e-07,3.7995593773174,0,0.150653611055866,0.00256097695016701,-0.0105696088139783,MV-202,sine_steer_python-1
346,2026年09月05日_22时52分41秒_第036次,2026-09-05T22:52:41,0.345,39.8302411364966,3.12941289556995e-05,-0.000312076516941979,2.75241203609875,-1.60034046140596e-07,3.81062426323303,0,0.125581039058626,0.00199833959758741,-0.0145660065591645,MV-202,sine_steer_python-1
347,2026年09月05日_22时52分41秒_第036次,2026-09-05T22:52:41,0.346,39.8293903101195,3.13705867496297e-05,-0.000313608571287251,2.76347603668677,-1.60735083732104e-07,3.82168889892066,0,0.100488636359539,0.0014354934789743,-0.0185628685126654,MV-202,sine_steer_python-1
348,2026年09月05日_22时52分41秒_第036次,2026-09-05T22:52:41,0.347,39.8285385876482,3.14461344484826e-05,-0.000315102538680854,2.77453979762916,-1.61468315601739e-07,3.83275328255367,0,0.0753803653398691,0.000872518338194614,-0.0225599161329454,MV-202,sine_steer_python-1
349,2026年09月05日_22时52分41秒_第036次,2026-09-05T22:52:41,0.348,39.8276859898402,3.15207657633627e-05,-0.000316556494990564,2.78560331836748,-1.62234748342054e-07,3.84381741235374,0,0.0502601908866756,0.000309492345935438,-0.026556935870134,MV-202,sine_steer_python-1
350,2026年09月05日_22时52分41秒_第036次,2026-09-05T22:52:41,0.349,39.8268325360204,3.15944750182493e-05,-0.000317968589028358,2.79666659835804,-1.63035397409005e-07,3.85488128659338,0,0.0251320797667048,-0.000253508514525894,-0.0305538047855339,MV-202,sine_steer_python-1
351,2026年09月05日_22时52分41秒_第036次,2026-09-05T22:52:41,0.35,39.8259782440707,3.16672572154841e-05,-0.000319337046763872,2.80772963707216,-1.63871284973712e-07,3.86594490359827,0,2.44929359829471e-16,-0.000816411004171115,-0.0345505136965218,MV-202,sine_steer_python-1
352,2026年09月05日_22时52分41秒_第036次,2026-09-05T22:52:41,0.351,39.8251231304227,3.17391080962869e-05,-0.000320660175283277,2.81879243399621,-1.64743437731863e-07,3.87700826174954,0,-0.0251320797667052,-0.00137914354498496,-0.0385471207339017,MV-202,sine_steer_python-1
353,2026年09月05日_22时52分41秒_第036次,2026-09-05T22:52:41,0.352,39.8242672100537,3.18100241960492e-05,-0.000321936366918636,2.8298549886318,-1.65652884691131e-07,3.88807135948588,0,-0.0502601908866751,-0.00194163420879691,-0.0425436655777147,MV-202,sine_steer_python-1
354,2026年09月05日_22时52分41秒_第036次,2026-09-05T22:52:41,0.353,39.8234104964867,3.18800028948492e-05,-0.000323164102586792,2.84091730049583,-1.6660065495156e-07,3.89913419530556,0,-0.0753803653398695,-0.00250380947803146,-0.0465401165009693,MV-202,sine_steer_python-1
355,2026年09月05日_22时52分41秒_第036次,2026-09-05T22:52:41,0.354,39.8225530017933,3.19490424620254e-05,-0.000324341955156553,2.85197936912053,-1.67587775461719e-07,3.91019676776827,0,-0.100488636359539,-0.00306559381723405,-0.0505363518333776,MV-202,sine_steer_python-1
356,2026年09月05日_22时52分41秒_第036次,2026-09-05T22:52:41,0.355,39.8216947366004,3.20171420951726e-05,-0.000325468592519858,2.86304119405356,-1.68615268786616e-07,3.92125907549686,0,-0.125581039058628,-0.00362690958461948,-0.0545321558335158,MV-202,sine_steer_python-1
357,2026年09月05日_22时52分41秒_第036次,2026-09-05T22:52:41,0.356,39.8208357100999,3.2084301953343e-05,-0.000326542780325362,2.87410277485793,-1.6968415086931e-07,3.93232111717891,0,-0.150653611055866,-0.00418767706403034,-0.0585272196395475,MV-202,sine_steer_python-1
358,2026年09月05日_22时52分41秒_第036次,2026-09-05T22:52:41,0.357,39.8199759300617,3.21505231841001e-05,-0.000327563384352411,2.88516411111204,-1.70795428809705e-07,3.94338289156816,0,-0.175702393101487,-0.00474781455342117,-0.0625211445919041,MV-202,sine_steer_python-1
359,2026年09月05日_22时52分41秒_第036次,2026-09-05T22:52:41,0.358,39.8191154028499,3.22158079442763e-05,-0.000328529372867562,2.89622520240958,-1.71950098662037e-07,3.95444439748583,0,-0.200723429702429,-0.00530723849786145,-0.0665134474259902,MV-202,sine_steer_python-1
360,2026年09月05日_22时52分41秒_第036次,2026-09-05T22:52:41,0.359,39.8182541334422,3.22801594147442e-05,-0.000329439818296512,2.90728604835953,-1.73149143255617e-07,3.96550563382172,0,-0.225712769746962,-0.00586586366877131,-0.0705035674141736,MV-202,sine_steer_python-1
361,2026年09月05日_22时52分41秒_第036次,2026-09-05T22:52:41,0.36,39.8173921254524,3.23435818083795e-05,-0.000330293898948136,2.91834664858595,-1.74393530047463e-07,3.97656659953523,0,-0.250666467128609,-0.0064236033893432,-0.0744908754603531,MV-202,sine_steer_python-1
362,2026年09月05日_22时52分41秒_第036次,2026-09-05T22:52:41,0.361,39.8165293811552,3.24060803718673e-05,-0.000331090900167166,2.92940700272796,-1.75684209018689e-07,3.98762729365622,0,-0.275580581369276,-0.00698036979791873,-0.0784746848023121,MV-202,sine_steer_python-1
363,2026年09月05日_22时52分41秒_第036次,2026-09-05T22:52:41,0.362,39.8156659015146,3.24676613807618e-05,-0.000331830215345901,2.94046711043951,-1.77022110610151e-07,3.99868771528565,0,-0.300451178241514,-0.00753607413227339,-0.0824542626023026,MV-202,sine_steer_python-1
364,2026年09月05日_22时52分41秒_第036次,2026-09-05T22:52:41,0.363,39.8148016862145,3.2528332128092e-05,-0.000332511346674702,2.95152697138926,-1.78408143714798e-07,4.00974786359615,0,-0.325274330389767,-0.00809062701254289,-0.0864288414841528,MV-202,sine_steer_python-1
365,2026年09月05日_22时52分41秒_第036次,2026-09-05T22:52:41,0.364,39.8139367336922,3.2588100906566e-05,-0.000333133905438234,2.96258658526034,-1.79843193726228e-07,4.02080773783241,0,-0.350046117950552,-0.00864393870190249,-0.090397630140425,MV-202,sine_steer_python-1
366,2026年09月05日_22时52分41秒_第036次,2026-09-05T22:52:41,0.365,39.8130710411743,3.26469769841095e-05,-0.000333697612058693,2.97364595175013,-1.81328120653345e-07,4.03186733731141,0,-0.374762629171449,-0.00919591933123777,-0.0943598224044715,MV-202,sine_steer_python-1
367,2026年09月05日_22时52分41秒_第036次,2026-09-05T22:52:41,0.366,39.8122046047148,3.27049705729737e-05,-0.000334202296076445,2.98470507057005,-1.82863757303068e-07,4.04292666142246,0,-0.399419961028814,-0.0097464790759611,-0.0983146042912137,MV-202,sine_steer_python-1
368,2026年09月05日_22时52分41秒_第036次,2026-09-05T22:52:41,0.367,39.8113374192358,3.27620927927963e-05,-0.000334647895374942,2.99576394144523,-1.8445090754217e-07,4.05398570962723,0,-0.424014219844109,-0.0102955283026946,-0.102261159797064,MV-202,sine_steer_python-1
369,2026年09月05日_22时52分41秒_第036次,2026-09-05T22:52:41,0.368,39.8104694785699,3.28183556269505e-05,-0.000335034455675598,3.00682256411429,-1.86090344637971e-07,4.06504448145941,0,-0.448541521898762,-0.0108429776949524,-0.106198675798557,MV-202,sine_steer_python-1
370,2026年09月05日_22时52分41秒_第036次,2026-09-05T22:52:41,0.369,39.809600775505,3.28737718733465e-05,-0.000335362129346967,3.01788093832896,-1.87782809684053e-07,4.07610297652444,0,-0.472997994047449,-0.0113887383715838,-0.110126346652845,MV-202,sine_steer_python-1
371,2026年09月05日_22时52分41秒_第036次,2026-09-05T22:52:41,0.37,39.8087313018307,3.29283550889743e-05,-0.00033563117417176,3.02893906385382,-1.89529010121524e-07,4.08716119449898,0,-0.49737977432971,-0.0119327220071776,-0.114043378890916,MV-202,sine_steer_python-1
372,2026年09月05日_22时52分41秒_第036次,2026-09-05T22:52:41,0.371,39.8078610483865,3.29821195289556e-05,-0.00033584195168209,3.0399969404659,-1.91329618353434e-07,4.09821913513021,0,-0.521683012579794,-0.0124748409540054,-0.117948995986621,MV-202,sine_steer_python-1
373,2026年09月05日_22时52分41秒_第036次,2026-09-05T22:52:41,0.372,39.8069900051116,3.30350800799228e-05,-0.000335994925473969,3.05105456795432,-1.93185270459736e-07,4.10927679823511,0,-0.54590387103465,-0.0130150083556859,-0.121842442787681,MV-202,sine_steer_python-1
374,2026年09月05日_22时52分41秒_第036次,2026-09-05T22:52:41,0.373,39.806118161096,3.30872521884167e-05,-0.000336090659094525,3.06211194611994,-1.95096565014769e-07,4.12033418369945,0,-0.570038524939952,-0.0135531382432147,-0.125722989209589,MV-202,sine_steer_python-1
375,2026年09月05日_22时52分41秒_第036次,2026-09-05T22:52:41,0.374,39.805245504633,3.31386517841726e-05,-0.000336129813731482,3.07316907477491,-1.97064062016119e-07,4.13139129147679,0,-0.59408316315407,-0.014089145607745,-0.129589932928048,MV-202,sine_steer_python-1
376,2026年09月05日_22时52分41秒_第036次,2026-09-05T22:52:41,0.375,39.8043720232728,3.31892951987551e-05,-0.000336113145772596,3.08422595374232,-1.99088281919419e-07,4.14244812158727,0,-0.618033988749895,-0.0146229464250796,-0.133442600056794,MV-202,sine_steer_python-1
377,2026年09月05日_22时52分41秒_第036次,2026-09-05T22:52:41,0.376,39.803497703877,3.3239199079946e-05,-0.000336041504106314,3.0952825828557,-2.0116970479003e-07,4.15350467411625,0,-0.641887219614419,-0.015154457627056,-0.137280343560105,MV-202,sine_steer_python-1
378,2026年09月05日_22时52分41秒_第036次,2026-09-05T22:52:41,0.377,39.8026225326744,3.3288380302132e-05,-0.00033591582716201,3.10633896195863,-2.03308769571316e-07,4.16456094921291,0,-0.665639089045973,-0.0156835970323441,-0.141102539940132,MV-202,sine_steer_python-1
379,2026年09月05日_22时52分41秒_第036次,2026-09-05T22:52:41,0.378,39.8017464953164,3.33368558729876e-05,-0.000335737139947587,3.11739509090429,-2.05505873467339e-07,4.17561694708865,0,-0.689285846349034,-0.0162102832550419,-0.144908584977324,MV-202,sine_steer_python-1
380,2026年09月05日_22时52分41秒_第036次,2026-09-05T22:52:41,0.379,39.800869576934,3.3384642837097e-05,-0.000335506550620479,3.12845096955495,-2.07761371451566e-07,4.18667266801545,0,-0.712823757426501,-0.0167344356101948,-0.148697889334927,MV-202,sine_steer_python-1
381,2026年09月05日_22时52分41秒_第036次,2026-09-05T22:52:41,0.38,39.7999917621949,3.34317581764544e-05,-0.000335225247279911,3.13950659778155,-2.10075575890606e-07,4.19772811232404,0,-0.736249105369357,-0.0172560299147721,-0.15247224035615,MV-202,sine_steer_python-1
382,2026年09月05日_22时52分41秒_第036次,2026-09-05T22:52:41,0.381,39.7991130353603,3.347821870889e-05,-0.000334894494282363,3.15056197546316,-2.12448756294847e-07,4.20878328040202,0,-0.759558191043602,-0.017775124195055,-0.156236890004856,MV-202,sine_steer_python-1
383,2026年09月05日_22时52分41秒_第036次,2026-09-05T22:52:41,0.382,39.7982333803422,3.35240409842343e-05,-0.000334515628622504,3.16161710248656,-2.14881139192379e-07,4.21983817269189,0,-0.782747333674405,-0.0182916209347545,-0.159990489938648,MV-202,sine_steer_python-1
384,2026年09月05日_22时52分41秒_第036次,2026-09-05T22:52:41,0.383,39.7973527807609,3.35692411791087e-05,-0.000334090056012688,3.17267197874569,-2.17372908124144e-07,4.23089278968895,0,-0.805812871427325,-0.0188054068071617,-0.163731006262949,MV-202,sine_steer_python-1
385,2026年09月05日_22时52分41秒_第036次,2026-09-05T22:52:41,0.384,39.7964712200013,3.36138349904095e-05,-0.000333619247161005,3.18372660414116,-2.19924203762507e-07,4.24194713193911,0,-0.828751161986567,-0.0193163670156218,-0.167456326161803,MV-202,sine_steer_python-1
386,2026年09月05日_22时52分41秒_第036次,2026-09-05T22:52:41,0.385,39.7955886812698,3.36578375285068e-05,-0.000333104733598339,3.19478097857976,-2.22535124155263e-07,4.25300120003666,0,-0.851558583130145,-0.0198243870046115,-0.171164329903917,MV-202,sine_steer_python-1
387,2026年09月05日_22时52分41秒_第036次,2026-09-05T22:52:41,0.386,39.7947051476501,3.37012632099546e-05,-0.000332548103649694,3.20583510197394,-2.25205725088879e-07,4.26405499462192,0,-0.874231533301865,-0.0203293538393618,-0.174852948832938,MV-202,sine_steer_python-1
388,2026年09月05日_22时52分41秒_第036次,2026-09-05T22:52:41,0.387,39.7938206021585,3.37441256506883e-05,-0.000331950998323276,3.21688897424129,-2.27936020573021e-07,4.27510851637883,0,-0.896766432180064,-0.0208311572472206,-0.178520209052808,MV-202,sine_steer_python-1
389,2026年09月05日_22时52分41秒_第036次,2026-09-05T22:52:41,0.388,39.7929350277982,3.37864375600559e-05,-0.000331315106982093,3.22794259530405,-2.30725983447325e-07,4.28616176603251,0,-0.919159721242976,-0.0213296903489452,-0.182164261998702,MV-202,sine_steer_python-1
390,2026年09月05日_22时52分41秒_第036次,2026-09-05T22:52:41,0.389,39.7920484076132,3.38282106359515e-05,-0.000330642163247635,3.23899596508858,-2.33575546097296e-07,4.2972147443467,0,-0.941407864330665,-0.0218248501353886,-0.185783404239252,MV-202,sine_steer_python-1
391,2026年09月05日_22时52分41秒_第036次,2026-09-05T22:52:41,0.39,39.79116072474,3.38694554619528e-05,-0.000329933940567837,3.25004908352484,-2.36484601295632e-07,4.3082674521212,0,-0.96350734820343,-0.0223165377488991,-0.189376089020468,MV-202,sine_steer_python-1
392,2026年09月05日_22时52分41秒_第036次,2026-09-05T22:52:41,0.391,39.7902719624594,3.39101814064544e-05,-0.000329192247986739,3.2611019505459,-2.39453003146025e-07,4.31931989018921,0,-0.985454683096584,-0.022804658619532,-0.192940931671864,MV-202,sine_steer_python-1
393,2026年09月05日_22时52分41秒_第036次,2026-09-05T22:52:41,0.392,39.7893821042462,3.39503965246294e-05,-0.000328418925831938,3.27215456608743,-2.42480568144149e-07,4.33037205941472,0,-1.00724640327152,-0.0232891224962892,-0.196476710576608,MV-202,sine_steer_python-1
394,2026年09月05日_22时52分41秒_第036次,2026-09-05T22:52:41,0.393,39.7884911338174,3.39901074635619e-05,-0.000327615841365824,3.2832069300872,-2.45567076335699e-07,4.34142396068975,0,-1.02887906756301,-0.0237698433956915,-0.199982364648762,MV-202,sine_steer_python-1
395,2026年09月05日_22时52分41秒_第036次,2026-09-05T22:52:41,0.394,39.787599035179,3.40293193708776e-05,-0.000326784884580782,3.29425904248457,-2.4871227258465e-07,4.35247559493168,0,-1.05034925992259,-0.0242467394752446,-0.203456987635522,MV-202,sine_steer_python-1
396,2026年09月05日_22时52分41秒_第036次,2026-09-05T22:52:41,0.395,39.7867057926715,3.40680358076164e-05,-0.000325927963785891,3.30531090321999,-2.5191586793558e-07,4.36352696308044,0,-1.07165358995799,-0.0247197328341575,-0.20689981934181,MV-202,sine_steer_python-1
397,2026年09月05日_22时52分41秒_第036次,2026-09-05T22:52:41,0.396,39.7858113910131,3.41062586652997e-05,-0.000325047001550859,3.31636251223455,-2.55177541069186e-07,4.37457806609578,0,-1.09278869346854,-0.0251887492457812,-0.21031023396401,MV-202,sine_steer_python-1
398,2026年09月05日_22时52分41秒_第036次,2026-09-05T22:52:41,0.397,39.7849158153411,3.41439880882002e-05,-0.00032414393040722,3.32741386946947,-2.58496939847452e-07,4.38562890495451,0,-1.11375123297638,-0.0256537178329499,-0.213687726004883,MV-202,sine_steer_python-1
399,2026年09月05日_22时52分41秒_第036次,2026-09-05T22:52:41,0.398,39.7840190512517,3.41812224006279e-05,-0.000323220688725359,3.33846497486566,-2.61873682947793e-07,4.3966794806477,0,-1.13453789825351,-0.0261145707047087,-0.217031894552171,MV-202,sine_steer_python-1
400,2026年09月05日_22时52分41秒_第036次,2026-09-05T22:52:41,0.399,39.7831210848376,3.42179580399387e-05,-0.000322279216719149,3.34951582836322,-2.65307361570211e-07,4.40772979417792,0,-1.15514540684454,-0.0265712425769787,-0.220342426877144,MV-202,sine_steer_python-1
401,2026年09月05日_22时52分41秒_第036次,2026-09-05T22:52:41,0.4,39.7822219027234,3.42541894956037e-05,-0.000321321452441673,3.36056642990103,-2.68797541220673e-07,4.41877984655646,0,-1.17557050458495,-0.0270236703982869,-0.223619082250154,MV-202,sine_steer_python-1
402,2026年09月05日_22时52分41秒_第036次,2026-09-05T22:52:41,0.401,39.7813214920993,3.42899092545278e-05,-0.000320349327790181,3.3716167794163,-2.72343763566513e-07,4.42982963880064,0,-1.19580996611504,-0.027471792994918,-0.226861676583945,MV-202,sine_steer_python-1
403,2026年09月05日_22时52分41秒_第036次,2026-09-05T22:52:41,0.402,39.7804198407517,3.43251077528852e-05,-0.000319364764810285,3.38266687684412,-2.75945548354752e-07,4.44087917193101,0,-1.21586059538921,-0.0279155507401135,-0.230070068102813,MV-202,sine_steer_python-1
404,2026年09月05日_22时52分41秒_第036次,2026-09-05T22:52:41,0.403,39.7795169370929,3.4359773335057e-05,-0.000318369671982486,3.39371672211708,-2.79602395375949e-07,4.45192844696872,0,-1.23571922618067,-0.0283548852429451,-0.233244143853415,MV-202,sine_steer_python-1
405,2026年09月05日_22时52分41秒_第036次,2026-09-05T22:52:41,0.404,39.7786127701871,3.43938922195827e-05,-0.000317365940454523,3.40476631516487,-2.83313786503063e-07,4.46297746493282,0,-1.2553827225814,-0.0287897390477553,-0.23638380667087,MV-202,sine_steer_python-1
406,2026年09月05日_22时52分41秒_第036次,2026-09-05T22:52:41,0.405,39.7777073297755,3.44274484723569e-05,-0.00031635544069798,3.41581565591383,-2.87079187750351e-07,4.47402622683765,0,-1.27484797949738,-0.0292200553366147,-0.239488962278127,MV-202,sine_steer_python-1
407,2026年09月05日_22时52分41秒_第036次,2026-09-05T22:52:41,0.406,39.7768006062977,3.44604239875462e-05,-0.000315340019178999,3.42686474428666,-2.90898051387768e-07,4.48507473369027,0,-1.29411192313889,-0.0296457776347142,-0.242559506512047,MV-202,sine_steer_python-1
408,2026年09月05日_22时52分41秒_第036次,2026-09-05T22:52:41,0.407,39.7758925909123,3.44927984762891e-05,-0.000314321494790691,3.43791358020202,-2.94769818082663e-07,4.49612298648789,0,-1.31317151150591,-0.0300668495293348,-0.245595313123677,MV-202,sine_steer_python-1
409,2026年09月05日_22时52分41秒_第036次,2026-09-05T22:52:41,0.408,39.7749832755135,3.45245494627127e-05,-0.000313301656080748,3.44896216357415,-2.98693919065958e-07,4.50717098621544,0,-1.3320237348685,-0.030483237627848,-0.248597204704121,MV-202,sine_steer_python-1
410,2026年09月05日_22时52分41秒_第036次,2026-09-05T22:52:41,0.409,39.774072652747,3.45556522885402e-05,-0.000312282258008846,3.46001049431263,-3.02669778323293e-07,4.51821873384312,0,-1.35066561624205,-0.0308949640649371,-0.251568328071176,MV-202,sine_steer_python-1
411,2026年09月05日_22时52分41秒_第036次,2026-09-05T22:52:41,0.41,39.7731607160222,3.45860801251869e-05,-0.000311265019276952,3.47105857232197,-3.06696814793032e-07,4.52926623032407,0,-1.36909421185738,-0.0313019880256114,-0.254509141484441,MV-202,sine_steer_python-1
412,2026年09月05日_22时52分41秒_第036次,2026-09-05T22:52:41,0.411,39.7722474595236,3.46158039942302e-05,-0.000310251619334837,3.4821063975014,-3.10774444580531e-07,4.54031347659206,0,-1.38730661162561,-0.0317043473967132,-0.257423406885352,MV-202,sine_steer_python-1
413,2026年09月05日_22时52分41秒_第036次,2026-09-05T22:52:41,0.412,39.7713328782182,3.46447927954607e-05,-0.000309243696141708,3.49315396974453,-3.14902083159587e-07,4.55136047355928,0,-1.4052999395977,-0.0321020130113474,-0.260312023373399,MV-202,sine_steer_python-1
414,2026年09月05日_22时52分41秒_第036次,2026-09-05T22:52:41,0.413,39.7704169678624,3.4673013343487e-05,-0.000308242843399594,3.50420128893909,-3.19079147582834e-07,4.5624072221142,0,-1.42307135441857,-0.0324949257720342,-0.263174596564129,MV-202,sine_steer_python-1
415,2026年09月05日_22时52分41秒_第036次,2026-09-05T22:52:41,0.414,39.7694997250057,3.47004304116736e-05,-0.000307250608516717,3.51524835496674,-3.23305058667682e-07,4.57345372311952,0,-1.44061804977581,-0.0328830216964456,-0.266010498222027,MV-202,sine_steer_python-1
416,2026年09月05日_22时52分41秒_第036次,2026-09-05T22:52:41,0.415,39.7685811469926,3.47270067843931e-05,-0.000306268490370213,3.52629516770278,-3.27579243170599e-07,4.5844999774102,0,-1.45793725484282,-0.0332662324902896,-0.268818890363646,MV-202,sine_steer_python-1
417,2026年09月05日_22时52分41秒_第036次,2026-09-05T22:52:41,0.416,39.7676612319622,3.47527033167301e-05,-0.000305297937214826,3.53734172701598,-3.31901135933993e-07,4.59554598579151,0,-1.47502623471635,-0.0336444865655744,-0.271598768102633,MV-202,sine_steer_python-1
418,2026年09月05日_22时52分41秒_第036次,2026-09-05T22:52:41,0.417,39.7667399788465,3.47774790016306e-05,-0.000304340345133385,3.54838803276836,-3.36270182000193e-07,4.60659174903732,0,-1.49188229084836,-0.0340177149414358,-0.274349209345836,MV-202,sine_steer_python-1
419,2026年09月05日_22时52分41秒_第036次,2026-09-05T22:52:41,0.418,39.7658173873659,3.48012910448687e-05,-0.000303397056107715,3.55943408481503,-3.40685838693777e-07,4.61763726788831,0,-1.50850276147221,-0.0343859862115121,-0.277075092399135,MV-202,sine_steer_python-1
420,2026年09月05日_22时52分41秒_第036次,2026-09-05T22:52:41,0.419,39.7648934580239,3.48240949467001e-05,-0.000302469356572725,3.57047988300406,-3.45147577655979e-07,4.6286825430504,0,-1.5248850220229,-0.0347493324289057,-0.279779719625958,MV-202,sine_steer_python-1
421,2026年09月05日_22时52分41秒_第036次,2026-09-05T22:52:41,0.42,39.7639681920985,3.48458445906528e-05,-0.000301558476096206,3.58152542717627,-3.4965488683133e-07,4.6397275751932,0,-1.54102648555158,-0.0351076386201482,-0.282460136564808,MV-202,sine_steer_python-1
422,2026年09月05日_22时52分41秒_第036次,2026-09-05T22:52:41,0.421,39.7630415916338,3.48664923390241e-05,-0.000300665586093894,3.59257071716521,-3.54207272401509e-07,4.65077236494862,0,-1.55692460313405,-0.0354607792493641,-0.285112912760833,MV-202,sine_steer_python-1
423,2026年09月05日_22时52分41秒_第036次,2026-09-05T22:52:41,0.422,39.7621136594284,3.48859891346339e-05,-0.000299791798761372,3.60361575279697,-3.58804260660529e-07,4.66181691290953,0,-1.57257686427324,-0.0358086279951177,-0.28773455567339,MV-202,sine_steer_python-1
424,2026年09月05日_22时52分41秒_第036次,2026-09-05T22:52:41,0.423,39.7611843990236,3.49042846086974e-05,-0.000298938166290924,3.61466053389014,-3.63445399819883e-07,4.67286121962854,0,-1.58798079729567,-0.0361510605715441,-0.29032162980538,MV-202,sine_steer_python-1
425,2026年09月05日_22时52分41秒_第036次,2026-09-05T22:52:41,0.424,39.760253814689,3.49213271946018e-05,-0.00029810567986134,3.62570506025575,-3.68130261754078e-07,4.68390528561689,0,-1.60313396974175,-0.0364879570540931,-0.292870854840957,MV-202,sine_steer_python-1
426,2026年09月05日_22时52分41秒_第036次,2026-09-05T22:52:41,0.425,39.7593219114077,3.49370642467217e-05,-0.000297295269334604,3.6367493316972,-3.7285844365872e-07,4.69494911134345,0,-1.61803398874989,-0.0368192036848413,-0.295379181777878,MV-202,sine_steer_python-1
427,2026年09月05日_22时52分41秒_第036次,2026-09-05T22:52:41,0.426,39.7583886948601,3.49514421647783e-05,-0.000296507802481022,3.64779334801026,-3.77629569642948e-07,4.70599269723379,0,-1.63267850143437,-0.0371446941684025,-0.29784384752155,MV-202,sine_steer_python-1
428,2026年09月05日_22时52分41秒_第036次,2026-09-05T22:52:41,0.427,39.757454171705,3.4964406521993e-05,-0.000295739856119065,3.65883710898301,-3.82443292230545e-07,4.71703604366938,0,-1.64706519525685,-0.0374643304921343,-0.300262409359388,MV-202,sine_steer_python-1
429,2026年09月05日_22时52分41秒_第036次,2026-09-05T22:52:41,0.428,39.7565183488448,3.49758958561366e-05,-0.000294994638522904,3.66988061439604,-3.8729928605334e-07,4.72807915098707,0,-1.66119179839163,-0.0377780233230651,-0.302632761527214,MV-202,sine_steer_python-1
430,2026年09月05日_22时52分41秒_第036次,2026-09-05T22:52:41,0.429,39.7555812339162,3.49858539319098e-05,-0.000294273073704815,3.68092386402221,-3.92197265487121e-07,4.73912201947819,0,-1.67505608008428,-0.0380856920486253,-0.304953136701637,MV-202,sine_steer_python-1
431,2026年09月05日_22时52分41秒_第036次,2026-09-05T22:52:41,0.43,39.7546428351856,3.49942232768886e-05,-0.000293576109607801,3.69196685762678,-3.9713697061967e-07,4.75016464938824,0,-1.68865585100403,-0.0383872645381885,-0.307222095674654,MV-202,sine_steer_python-1
432,2026年09月05日_22时52分41秒_第036次,2026-09-05T22:52:41,0.431,39.7537031615214,3.50009464822923e-05,-0.000292904556115993,3.70300959496749,-4.0211817803004e-07,4.76120704091647,0,-1.70198896358938,-0.0386826767051131,-0.309438508582333,MV-202,sine_steer_python-1
433,2026年09月05日_22时52分41秒_第036次,2026-09-05T22:52:41,0.432,39.7527622223725,3.50059662385107e-05,-0.000292259121296177,3.71405207579464,-4.07140698214512e-07,4.77224919421558,0,-1.71505331238731,-0.0389718719424941,-0.311601530786829,MV-202,sine_steer_python-1
434,2026年09月05日_22时52分41秒_第036次,2026-09-05T22:52:41,0.433,39.7518200277471,3.50092254449228e-05,-0.000291640423685691,3.72509429985112,-4.1220437768039e-07,4.78329110939159,0,-1.72784683438567,-0.0392548004911406,-0.313710575890075,MV-202,sine_steer_python-1
435,2026年09月05日_22时52分41秒_第036次,2026-09-05T22:52:41,0.434,39.7508765881894,3.50106673425452e-05,-0.000291048997649188,3.73613626687258,-4.17309099808717e-07,4.79433278650374,0,-1.74036750933905,-0.0395314187786881,-0.315765287527831,MV-202,sine_steer_python-1
436,2026年09月05日_22时52分41秒_第036次,2026-09-05T22:52:41,0.435,39.7499319147573,3.5010235645423e-05,-0.000290485299758669,3.74717797658754,-4.22454785607224e-07,4.80537422556451,0,-1.75261336008773,-0.0398016887489689,-0.317765510754895,MV-202,sine_steer_python-1
437,2026年09月05日_22时52分41秒_第036次,2026-09-05T22:52:41,0.436,39.7489860189994,3.50078746793393e-05,-0.000289949712813886,3.75821942871748,-4.27641394374425e-07,4.81641542653977,0,-1.76458245286991,-0.0400655771855266,-0.319711263186557,MV-202,sine_steer_python-1
438,2026年09月05日_22时52分41秒_第036次,2026-09-05T22:52:41,0.437,39.7480389129319,3.50035295231786e-05,-0.000289442549423817,3.76926062297706,-4.3286892418065e-07,4.82745638934898,0,-1.77627289762709,-0.0403230550257233,-0.321602705746,MV-202,sine_steer_python-1
439,2026年09月05日_22时52分41秒_第036次,2026-09-05T22:52:41,0.438,39.7470906090155,3.49971461523997e-05,-0.000288964054306798,3.78030155907424,-4.38137412237273e-07,4.83849711386554,0,-1.78768284830253,-0.0405740966630758,-0.323440112917159,MV-202,sine_steer_python-1
440,2026年09月05日_22时52分41秒_第036次,2026-09-05T22:52:41,0.439,39.7461411201322,3.49886715825952e-05,-0.000288514406689569,3.79134223671046,-4.43446935131448e-07,4.84953759991715,0,-1.79881050313274,-0.0408186792434244,-0.325223842740133,MV-202,sine_steer_python-1
441,2026年09月05日_22时52分41秒_第036次,2026-09-05T22:52:41,0.44,39.7451904595626,3.49780540132525e-05,-0.000288093722057589,3.80238265558086,-4.48797608947551e-07,4.86057784728636,0,-1.80965410493204,-0.0410567819714957,-0.32695430725053,MV-202,sine_steer_python-1
442,2026年09月05日_22时52分41秒_第036次,2026-09-05T22:52:41,0.441,39.744238640963,3.49652429702486e-05,-0.000287702053806923,3.81342281537448,-4.54189589281918e-07,4.87161785571114,0,-1.82021194136999,-0.0412883854538448,-0.328631944463798,MV-202,sine_steer_python-1
443,2026年09月05日_22时52分41秒_第036次,2026-09-05T22:52:41,0.442,39.7432856783428,3.49501894468148e-05,-0.000287339394974058,3.82446271577442,-4.59623071140609e-07,4.88265762488552,0,-1.83048234524184,-0.0415134711082741,-0.330257193180177,MV-202,sine_steer_python-1
444,2026年09月05日_22时52分41秒_第036次,2026-09-05T22:52:41,0.443,39.7423315860426,3.49328460426012e-05,-0.000287005679435121,3.83550235645818,-4.65098288747815e-07,4.89369715446042,0,-1.84046369473174,-0.0417320206667688,-0.331830471756425,MV-202,sine_steer_python-1
445,2026年09月05日_22时52分41秒_第036次,2026-09-05T22:52:41,0.444,39.7413763787117,3.4913167099735e-05,-0.00028670078380971,3.8465417370978,-4.70615515237893e-07,4.90473644404442,0,-1.85015441366892,-0.0419440157893064,-0.3333521615801,MV-202,sine_steer_python-1
446,2026年09月05日_22时52分41秒_第036次,2026-09-05T22:52:41,0.445,39.7404200712876,3.48911088366152e-05,-0.000286424528786194,3.85758085736015,-4.7617506226112e-07,4.91577549320469,0,-1.8595529717765,-0.0421494377922778,-0.33482259540445,MV-202,sine_steer_python-1
447,2026年09月05日_22时52分41秒_第036次,2026-09-05T22:52:41,0.446,39.7394626789743,3.48666294780095e-05,-0.00028617668072205,3.8686197169072,-4.81777279485559e-07,4.926814301468,0,-1.86865788491322,-0.0423482674815357,-0.336242050120082,MV-202,sine_steer_python-1
448,2026年09月05日_22时52分41秒_第036次,2026-09-05T22:52:41,0.447,39.7385042172222,3.48396893816847e-05,-0.000285956953355293,3.8796583153963,-4.87422554003857e-07,4.93785286832171,0,-1.87746771530775,-0.042540485069999,-0.337610743111369,MV-202,sine_steer_python-1
449,2026年09月05日_22时52分41秒_第036次,2026-09-05T22:52:41,0.448,39.7375447017085,3.4810251161278e-05,-0.000285765009466609,3.89069665248041,-4.93111309643759e-07,4.94889119321497,0,-1.88598107178573,-0.0427260701556776,-0.338928831173298,MV-202,sine_steer_python-1
450,2026年09月05日_22时52分41秒_第036次,2026-09-05T22:52:41,0.449,39.7365841483171,3.47782798049369e-05,-0.000285600462600888,3.90173472780844,-4.9884400619263e-07,4.95992927555986,0,-1.89419660998949,-0.0429050017383178,-0.3401964110636,MV-202,sine_steer_python-1
451,2026年09月05日_22时52分41秒_第036次,2026-09-05T22:52:41,0.45,39.7356225731211,3.47437427895666e-05,-0.000285462878788308,3.91277254102553,-5.04621138526009e-07,4.9709671147326,0,-1.90211303259031,-0.0430772582600222,-0.341413521068893,MV-202,sine_steer_python-1
452,2026年09月05日_22时52分41秒_第036次,2026-09-05T22:52:41,0.451,39.7346599923636,3.47066101903003e-05,-0.000285351778564654,3.92381009177336,-5.10443235646685e-07,4.98200471007493,0,-1.90972908949329,-0.0432428176641853,-0.342580143345475,MV-202,sine_steer_python-1
453,2026年09月05日_22时52分41秒_第036次,2026-09-05T22:52:41,0.452,39.7336964224413,3.4666854785369e-05,-0.000285266638635572,3.93484737969043,-5.1631085964628e-07,4.99304206089538,0,-1.91704357803475,-0.0434016574744456,-0.34369620710844,MV-202,sine_steer_python-1
454,2026年09月05日_22时52分41秒_第036次,2026-09-05T22:52:41,0.453,39.7327318798871,3.46244521554799e-05,-0.000285206893829097,3.94588440441243,-5.22224604574679e-07,5.00407916647071,0,-1.92405534317217,-0.0435537548988132,-0.344761592890032,MV-202,sine_steer_python-1
455,2026年09月05日_22时52分41秒_第036次,2026-09-05T22:52:41,0.454,39.7317663813544,3.45793807779754e-05,-0.000285171939133906,3.9569211655725,-5.28185095235588e-07,5.01511602604732,0,-1.93076327766655,-0.0436990869627259,-0.345776138029094,MV-202,sine_steer_python-1
456,2026年09月05日_22时52分41秒_第036次,2026-09-05T22:52:41,0.455,39.730799943602,3.45316221155983e-05,-0.000285161131483651,3.96795766280163,-5.34192985907931e-07,5.02615263884277,0,-1.93716632225726,-0.0438376306694729,-0.346739643327693,MV-202,sine_steer_python-1
457,2026年09月05日_22时52分41秒_第036次,2026-09-05T22:52:41,0.456,39.7298325834789,3.44811606992357e-05,-0.000285173791774433,3.9789938957289,-5.40248958992632e-07,5.03718900404727,0,-1.94326346582935,-0.0439693631795347,-0.347651880518384,MV-202,sine_steer_python-1
458,2026年09月05日_22时52分41秒_第036次,2026-09-05T22:52:41,0.457,39.7288643179107,3.44279842048937e-05,-0.0002852092068998,3.9900298639819,-5.46353723586659e-07,5.04822512082524,0,-1.94905374557315,-0.0440942619947472,-0.348512599945145,MV-202,sine_steer_python-1
459,2026年09月05日_22时52分41秒_第036次,2026-09-05T22:52:41,0.458,39.7278951638863,3.43720835246186e-05,-0.000285266631570213,4.00106556718701,-5.52508014006612e-07,5.05926098831685,0,-1.95453624713639,-0.044212305131116,-0.349321537771764,MV-202,sine_steer_python-1
460,2026年09月05日_22时52分41秒_第036次,2026-09-05T22:52:41,0.459,39.726925138445,3.43134528310064e-05,-0.000285345290425539,4.01210100496978,-5.58712588238588e-07,5.07029660563971,0,-1.95971010476849,-0.0443234712666089,-0.35007842213647,MV-202,sine_steer_python-1
461,2026年09月05日_22时52分41秒_第036次,2026-09-05T22:52:41,0.46,39.725954258665,3.425208963555e-05,-0.000285444379940053,4.02313617695523,-5.6496822634116e-07,5.0813319718904,0,-1.96457450145738,-0.0444277398567127,-0.350782977945114,MV-202,sine_steer_python-1
462,2026年09月05日_22时52分41秒_第036次,2026-09-05T22:52:41,0.461,39.7249825416514,3.41879948403694e-05,-0.000285563070344701,4.03417108276822,-5.71275728797939e-07,5.09236708614616,0,-1.96912866905841,-0.0445250912189451,-0.351434930351508,MV-202,sine_steer_python-1
463,2026年09月05日_22时52分41秒_第036次,2026-09-05T22:52:41,0.462,39.7240100045261,3.41211727833233e-05,-0.000285700507614799,4.04520572203379,-5.7763591482134e-07,5.10340194746656,0,-1.97337188841574,-0.0446155065951508,-0.352034007298005,MV-202,sine_steer_python-1
464,2026年09月05日_22时52分41秒_第036次,2026-09-05T22:52:41,0.463,39.723036664417,3.40516312764943e-05,-0.00028585581533948,4.05624009437747,-5.8404962061821e-07,5.1144365548951,0,-1.97730348947583,-0.0446989682048297,-0.352579941677624,MV-202,sine_steer_python-1
465,2026年09月05日_22时52分41秒_第036次,2026-09-05T22:52:41,0.464,39.7220625384488,3.39793816377908e-05,-0.000286028096660921,4.06727419942568,-5.90517697620859e-07,5.12547090746097,0,-1.9809228513933,-0.0447754593025596,-0.353072473672045,MV-202,sine_steer_python-1
466,2026年09月05日_22时52分41秒_第036次,2026-09-05T22:52:41,0.465,39.7210876437339,3.39044387157993e-05,-0.00028621643609305,4.07830803680601,-5.97041010684197e-07,5.13650500418063,0,-1.98422940262896,-0.0448449642479331,-0.35351135362353,MV-202,sine_steer_python-1
467,2026年09月05日_22时52分41秒_第036次,2026-09-05T22:52:41,0.466,39.7201119973635,3.38268209076023e-05,-0.000286419901495387,4.0893416061476,-6.03620436258053e-07,5.14753884405955,0,-1.98722262104002,-0.0449074685889296,-0.353896345481408,MV-202,sine_steer_python-1
468,2026年09月05日_22时52分41秒_第036次,2026-09-05T22:52:41,0.467,39.7191356163999,3.37465501698524e-05,-0.000286637545687605,4.10037490708143,-6.10256860542676e-07,5.15857242609386,0,-1.9899020339626,-0.0449629591518137,-0.354227230531482,MV-202,sine_steer_python-1
469,2026年09月05日_22时52分41秒_第036次,2026-09-05T22:52:41,0.468,39.7181585178684,3.36636520225187e-05,-0.000286868408423852,4.1114079392407,-6.16951177620597e-07,5.16960574927198,0,-1.99226721828634,-0.0450114276465727,-0.354503959975894,MV-202,sine_steer_python-1
470,2026年09月05日_22时52分41秒_第036次,2026-09-05T22:52:41,0.469,39.7171807187503,3.35781555459643e-05,-0.00028711151797547,4.12244070226114,-6.23704287588982e-07,5.1806388125763,0,-1.99431780052123,-0.0450528633443561,-0.354726344617705,MV-202,sine_steer_python-1
471,2026年09月05日_22时52分41秒_第036次,2026-09-05T22:52:41,0.47,39.7162022359759,3.34900933707255e-05,-0.000287365892971451,4.13347319578129,-6.30517094671042e-07,5.19167161498484,0,-1.99605345685654,-0.0450872548305227,-0.354894129786272,MV-202,sine_steer_python-1
472,2026年09月05日_22时52分41秒_第036次,2026-09-05T22:52:41,0.471,39.7152230864178,3.33995016604507e-05,-0.000287630543950236,4.14450541944289,-6.37390505342178e-07,5.20270415547278,0,-1.99747391321203,-0.0451145945853476,-0.355007188165018,MV-202,sine_steer_python-1
473,2026年09月05日_22时52分41秒_第036次,2026-09-05T22:52:41,0.472,39.7142432868848,3.33064200876838e-05,-0.000287904475015214,4.15553737289114,-6.44325426447128e-07,5.21373643301415,0,-1.99857894528118,-0.0451348748015004,-0.355065343592929,MV-202,sine_steer_python-1
474,2026年09月05日_22时52分41秒_第036次,2026-09-05T22:52:41,0.473,39.7132628541158,3.32108918026862e-05,-0.000288186685508078,4.16656905577502,-6.51322763333023e-07,5.22476844658335,0,-1.9993683785666,-0.0451480940832386,-0.355068653899521,MV-202,sine_steer_python-1
475,2026年09月05日_22时52分41秒_第036次,2026-09-05T22:52:41,0.474,39.7122818047738,3.31129633954583e-05,-0.00028847617135758,4.1776004677476,-6.5838341799452e-07,5.23580019515673,0,-1.99984208840763,-0.0451542469982916,-0.355016968914984,MV-202,sine_steer_python-1
476,2026年09月05日_22时52分41秒_第036次,2026-09-05T22:52:41,0.475,39.7113001554407,3.30126848505298e-05,-0.000288771926641167,4.18863160846632,-6.65508287230676e-07,5.24683167771408,0,-2,-0.0451533415817589,-0.354910671602579,MV-202,sine_steer_python-1
477,2026年09月05日_22时52分41秒_第036次,2026-09-05T22:52:41,0.476,39.7103179226115,3.29101094950472e-05,-0.000289072945053099,4.19966247759327,-6.72698260828926e-07,5.25786289324013,0,-1.99984208840763,-0.0451454248534047,-0.3547517558197,MV-202,sine_steer_python-1
478,2026年09月05日_22时52分41秒_第036次,2026-09-05T22:52:41,0.477,39.7093351226892,3.28052939400873e-05,-0.000289378221237273,4.21069307479549,-6.7995421977759e-07,5.26889384072603,0,-1.9993683785666,-0.0451305023932508,-0.354540427385654,MV-202,sine_steer_python-1
479,2026年09月05日_22时52分41秒_第036次,2026-09-05T22:52:41,0.478,39.7083517719793,3.26982980151824e-05,-0.000289686752093601,4.22172339974522,-6.87277034499787e-07,5.27992451917074,0,-1.99857894528118,-0.045108572249765,-0.354276534648495,MV-202,sine_steer_python-1
480,2026年09月05日_22时52分41秒_第036次,2026-09-05T22:52:41,0.479,39.7073678866851,3.25891846961252e-05,-0.000289997538023925,4.23275345212016,-6.94667563129854e-07,5.29095492758244,0,-1.99747391321203,-0.0450796314314642,-0.353959844782054,MV-202,sine_steer_python-1
481,2026年09月05日_22时52分41秒_第036次,2026-09-05T22:52:41,0.48,39.7063834829648,3.24780200262595e-05,-0.000290308700403419,4.24378323160374,-7.02126649823026e-07,5.30198506497984,0,-1.99605345685654,-0.0450436806228953,-0.353590243373362,MV-202,sine_steer_python-1
482,2026年09月05日_22时52分41秒_第036次,2026-09-05T22:52:41,0.481,39.7053985768084,3.23648717055541e-05,-0.000290619311710294,4.25481273788536,-7.09655121491415e-07,5.31301493039357,0,-1.99431780052123,-0.0450007213696257,-0.35316761487269,MV-202,sine_steer_python-1
483,2026年09月05日_22时52分41秒_第036次,2026-09-05T22:52:41,0.482,39.7044131840552,3.22498108530089e-05,-0.000290928818381141,4.2658419706606,-7.17253788783473e-07,5.32404452286735,0,-1.99226721828634,-0.0449507961836618,-0.352693540275976,MV-202,sine_steer_python-1
484,2026年09月05日_22时52分41秒_第036次,2026-09-05T22:52:41,0.483,39.7034273204396,3.21329119991739e-05,-0.000291236334549021,4.27687092963147,-7.2492344329615e-07,5.33507384145922,0,-1.9899020339626,-0.044893922923338,-0.352168519998688,MV-202,sine_steer_python-1
485,2026年09月05日_22时52分41秒_第036次,2026-09-05T22:52:41,0.484,39.7024410015682,3.20142522796825e-05,-0.000291541006853491,4.28789961450656,-7.3266485611795e-07,5.34610288524276,0,-1.98722262104002,-0.0448301000226772,-0.351592195628319,MV-202,sine_steer_python-1
486,2026年09月05日_22时52分41秒_第036次,2026-09-05T22:52:41,0.485,39.7014542429146,3.18939115301234e-05,-0.000291841965435679,4.29892802500132,-7.40478776960038e-07,5.35713165330815,0,-1.98422940262896,-0.0447593296666454,-0.3509643297528,MV-202,sine_steer_python-1
487,2026年09月05日_22时52分41秒_第036次,2026-09-05T22:52:41,0.486,39.7004670598147,3.17719721222204e-05,-0.000292138337769518,4.30995616083819,-7.48365932438554e-07,5.36816014476333,0,-1.9809228513933,-0.0446816090080646,-0.350284435023306,MV-202,sine_steer_python-1
488,2026年09月05日_22时52分41秒_第036次,2026-09-05T22:52:41,0.487,39.6994794674608,3.16485188341052e-05,-0.000292429251053063,4.32098402174682,-7.56327024939495e-07,5.37918835873495,0,-1.97730348947583,-0.044596935317317,-0.349551991899482,MV-202,sine_steer_python-1
489,2026年09月05日_22时52分41秒_第036次,2026-09-05T22:52:41,0.488,39.6984914808959,3.15236387137118e-05,-0.00029271383519564,4.3320116074642,-7.64362731325915e-07,5.39021629436939,0,-1.97337188841574,-0.044505306572922,-0.348766473686061,MV-202,sine_steer_python-1
490,2026年09月05日_22时52分41秒_第036次,2026-09-05T22:52:41,0.489,39.697503115008,3.1397420938706e-05,-0.000292991224814177,4.34303891773486,-7.72473701734231e-07,5.40124395083372,0,-1.96912866905841,-0.0444067218251209,-0.347927362007919,MV-202,sine_steer_python-1
491,2026年09月05日_22时52分41秒_第036次,2026-09-05T22:52:41,0.49,39.6965143845246,3.12699566723464e-05,-0.000293260561248412,4.35406595231096,-7.80660558422786e-07,5.41227132731651,0,-1.96457450145738,-0.0443011815069087,-0.347034160045529,MV-202,sine_steer_python-1
492,2026年09月05日_22时52分41秒_第036次,2026-09-05T22:52:41,0.491,39.695525304006,3.11413389158909e-05,-0.000293520993807334,4.36509271095249,-7.88923894674231e-07,5.42329842302874,0,-1.95971010476849,-0.0441886876884863,-0.346086403372973,MV-202,sine_steer_python-1
493,2026年09月05日_22时52分41秒_第036次,2026-09-05T22:52:41,0.492,39.6945358878394,3.10116623566078e-05,-0.000293771681059876,4.37611919342734,-7.97264273760642e-07,5.4343252372045,0,-1.95453624713639,-0.0440692442719037,-0.345083668265,MV-202,sine_steer_python-1
494,2026年09月05日_22时52分41秒_第036次,2026-09-05T22:52:41,0.493,39.6935461502326,3.08810232121297e-05,-0.000294011791850078,4.38714539951142,-8.05682227989425e-07,5.44535176910181,0,-1.94905374557315,-0.0439428571326069,-0.34402557775759,MV-202,sine_steer_python-1
495,2026年09月05日_22时52分41秒_第036次,2026-09-05T22:52:41,0.494,39.6925561052075,3.07495190711308e-05,-0.000294240506258142,4.39817132898877,-8.14178257799978e-07,5.45637801800319,0,-1.94326346582935,-0.0438095342171548,-0.342911805855035,MV-202,sine_steer_python-1
496,2026年09月05日_22时52分41秒_第036次,2026-09-05T22:52:41,0.495,39.6915657665928,3.06172487304894e-05,-0.000294457016378692,4.40919698165165,-8.22752830955806e-07,5.46740398321638,0,-1.93716632225726,-0.0436692856071611,-0.341742080310326,MV-202,sine_steer_python-1
497,2026年09月05日_22时52分41秒_第036次,2026-09-05T22:52:41,0.496,39.690575148018,3.04843120292714e-05,-0.000294660527109818,4.4202223573006,-8.31406381796618e-07,5.47842966407486,0,-1.93076327766655,-0.0435221235583933,-0.340516184358488,MV-202,sine_steer_python-1
498,2026年09月05日_22时52分41秒_第036次,2026-09-05T22:52:41,0.497,39.6895842629057,3.03508096797925e-05,-0.000294850257043158,4.4312474557445,-8.40139310574298e-07,5.48945505993839,0,-1.92405534317217,-0.0433680625210444,-0.339233957658847,MV-202,sine_steer_python-1
499,2026年09月05日_22时52分41秒_第036次,2026-09-05T22:52:41,0.498,39.6885931244649,3.02168430963573e-05,-0.000295025439022415,4.44227227680064,-8.48951982868507e-07,5.5004801701935,0,-1.91704357803475,-0.0432071191433065,-0.337895296537507,MV-202,sine_steer_python-1
500,2026年09月05日_22时52分41秒_第036次,2026-09-05T22:52:41,0.499,39.687601745683,3.00825142215095e-05,-0.00029518532101323,4.45329682029473,-8.578447290707e-07,5.51150499425386,0,-1.90972908949329,-0.0430393122567124,-0.336500153465535,MV-202,sine_steer_python-1
501,2026年09月05日_22时52分41秒_第036次,2026-09-05T22:52:41,0.5,39.686610139319,2.99479253506983e-05,-0.000295329166685279,4.46432108606097,-8.66817843959954e-07,5.52252953156074,0,-1.90211303259031,-0.0428646628394686,-0.33504853561298,MV-202,sine_steer_python-1
502,2026年09月05日_22时52分41秒_第036次,2026-09-05T22:52:41,0.501,39.6856183178957,2.98131789553042e-05,-0.000295456256284255,4.47534507394201,-8.75871586338037e-07,5.53355378158324,0,-1.89419660998949,-0.0426831939540208,-0.333540502319085,MV-202,sine_steer_python-1
503,2026年09月05日_22时52分41秒_第036次,2026-09-05T22:52:41,0.502,39.6846262936915,2.96783775047971e-05,-0.000295565887131565,4.486368783789,-8.85006178761306e-07,5.54457774381865,0,-1.88598107178573,-0.0424949306573948,-0.331976161416289,MV-202,sine_steer_python-1
504,2026年09月05日_22时52分41秒_第036次,2026-09-05T22:52:41,0.503,39.6836340787334,2.95436232879351e-05,-0.000295657374563925,4.49739221546156,-8.94221807325253e-07,5.55560141779261,0,-1.87746771530775,-0.0422998998866735,-0.330355664507291,MV-202,sine_steer_python-1
505,2026年09月05日_22时52分41秒_第036次,2026-09-05T22:52:41,0.504,39.6826416847882,2.94090182339819e-05,-0.000295730052476251,4.50841536882778,-9.03518621548999e-07,5.56662480305938,0,-1.86865788491322,-0.0420981303262734,-0.328679201476848,MV-202,sine_steer_python-1
506,2026年09月05日_22时52分41秒_第036次,2026-09-05T22:52:41,0.505,39.6816491233552,2.92746637338105e-05,-0.000295783274052397,4.51943824376417,-9.12896734311412e-07,5.57764789920188,0,-1.8595529717765,-0.0418896522671722,-0.326946994668024,MV-202,sine_steer_python-1
507,2026年09月05日_22时52分41秒_第036次,2026-09-05T22:52:41,0.506,39.6806564056576,2.91406604615097e-05,-0.000295816412626599,4.53046084015562,-9.22356221873959e-07,5.58867070583185,0,-1.85015441366892,-0.0416744974697351,-0.325159293216289,MV-202,sine_steer_python-1
508,2026年09月05日_22时52分41秒_第036次,2026-09-05T22:52:41,0.507,39.6796635426348,2.90071081971722e-05,-0.000295828862125729,4.54148315789536,-9.31897123969411e-07,5.5996932225899,0,-1.84046369473174,-0.041452699040837,-0.323316367994668,MV-202,sine_steer_python-1
509,2026年09月05日_22时52分41秒_第036次,2026-09-05T22:52:41,0.508,39.6786705449339,2.88741056504981e-05,-0.000295820038053863,4.55250519688491,-9.41519443959192e-07,5.6107154491455,0,-1.83048234524184,-0.0412242913328001,-0.32141850748881,MV-202,sine_steer_python-1
510,2026年09月05日_22时52分41秒_第036次,2026-09-05T22:52:41,0.509,39.677677422902,2.87417502866263e-05,-0.000295789377979727,4.56352695703398,-9.51223149064374e-07,5.62173738519694,0,-1.82021194136999,-0.040989309867128,-0.319466014728415,MV-202,sine_steer_python-1
511,2026年09月05日_22时52分41秒_第036次,2026-09-05T22:52:41,0.51,39.6766841865775,2.86101381536412e-05,-0.000295736342301993,4.57454843826042,-9.6100817065769e-07,5.63275903047128,0,-1.80965410493204,-0.0407477912813176,-0.317459205202232,MV-202,sine_steer_python-1
512,2026年09月05日_22时52分41秒_第036次,2026-09-05T22:52:41,0.511,39.6756908456826,2.84793637127383e-05,-0.000295660415019796,4.58556964049008,-9.7087440462166e-07,5.64378038472424,0,-1.79881050313274,-0.0404997732933544,-0.315398405528086,MV-202,sine_steer_python-1
513,2026年09月05日_22时52分41秒_第036次,2026-09-05T22:52:41,0.512,39.6746974096148,2.83495196713447e-05,-0.000295561104289684,4.59659056365678,-9.80821711776406e-07,5.65480144774003,0,-1.78768284830253,-0.040245294676668,-0.313283952571693,MV-202,sine_steer_python-1
514,2026年09月05日_22时52分41秒_第036次,2026-09-05T22:52:41,0.513,39.6737038874394,2.82206968193214e-05,-0.000295437943205559,4.60761120770214,-9.90849918357294e-07,5.6658222193312,0,-1.77627289762709,-0.0399843967357331,-0.311116256075854,MV-202,sine_steer_python-1
515,2026年09月05日_22时52分41秒_第036次,2026-09-05T22:52:41,0.514,39.6727102878812,2.80929838689355e-05,-0.000295290490368371,4.61863157257549,-1.00095881656376e-06,5.67684269933839,0,-1.76458245286991,-0.0397171695870158,-0.308897757260837,MV-202,sine_steer_python-1
516,2026年09月05日_22时52分41秒_第036次,2026-09-05T22:52:41,0.515,39.6717166193172,2.79664672987129e-05,-0.000295118330665607,4.62965165823373,-1.01114816515503e-06,5.68786288763009,0,-1.75261336008773,-0.0394436820879043,-0.30662996400921,MV-202,sine_steer_python-1
517,2026年09月05日_22时52分41秒_第036次,2026-09-05T22:52:41,0.516,39.670722889769,2.78412312018146e-05,-0.000294921075838828,4.6406714646412,-1.02141769010722e-06,5.69888278410237,0,-1.74036750933905,-0.0391639833376052,-0.304313514444433,MV-202,sine_steer_python-1
518,2026年09月05日_22时52分41秒_第036次,2026-09-05T22:52:41,0.517,39.6697291068952,2.77173571389852e-05,-0.000294698365145705,4.65169099176955,-1.03176708532517e-06,5.70990238867852,0,-1.72784683438567,-0.0388781232091634,-0.301949045904888,MV-202,sine_steer_python-1
519,2026年09月05日_22时52分41秒_第036次,2026-09-05T22:52:41,0.518,39.6687352779846,2.75949239966384e-05,-0.000294449865995609,4.66271023959757,-1.04219601339442e-06,5.72092170130876,0,-1.71505331238731,-0.0385861999727658,-0.299539210345017,MV-202,sine_steer_python-1
520,2026年09月05日_22时52分41秒_第036次,2026-09-05T22:52:41,0.519,39.667741409949,2.74740078502734e-05,-0.000294175274573531,4.67372920811104,-1.05270410639297e-06,5.73194072196982,0,-1.70198896358938,-0.0382882881629822,-0.297085622442899,MV-202,sine_steer_python-1
521,2026年09月05日_22时52分41秒_第036次,2026-09-05T22:52:41,0.52,39.6667475093171,2.73546818336492e-05,-0.000293874316417875,4.68474789730254,-1.06329096674206e-06,5.74295945066459,0,-1.68865585100403,-0.0379844397370524,-0.294588908715931,MV-202,sine_steer_python-1
522,2026年09月05日_22时52分41秒_第036次,2026-09-05T22:52:41,0.521,39.6657535822274,2.72370160138873e-05,-0.000293546746982701,4.69576630717133,-1.07395616810119e-06,5.75397788742161,0,-1.67505608008428,-0.0376747048216622,-0.292049585549575,MV-202,sine_steer_python-1
523,2026年09月05日_22时52分41秒_第036次,2026-09-05T22:52:41,0.522,39.664759634423,2.71210772728358e-05,-0.000293192352296801,4.70678443772313,-1.08469925630234e-06,5.76499603229469,0,-1.66119179839163,-0.0373591317703959,-0.289468061932963,MV-202,sine_steer_python-1
524,2026年09月05日_22时52分41秒_第036次,2026-09-05T22:52:41,0.523,39.6637656712455,2.7006929195104e-05,-0.000292810949415848,4.71780228896993,-1.09551975033031e-06,5.77601388536243,0,-1.64706519525685,-0.0370377675928861,-0.286844657866517,MV-202,sine_steer_python-1
525,2026年09月05日_22时52分41秒_第036次,2026-09-05T22:52:41,0.524,39.6627716976299,2.6894631962768e-05,-0.000292402387030343,4.72881986092983,-1.10641714332209e-06,5.78703144672766,0,-1.63267850143437,-0.0367106583607175,-0.284179621801427,MV-202,sine_steer_python-1
526,2026年09月05日_22时52分41秒_第036次,2026-09-05T22:52:41,0.525,39.6617777180999,2.67842422571581e-05,-0.000291966545912188,4.73983715362683,-1.11739090361752e-06,5.79804871651697,0,-1.6180339887499,-0.0363778495601561,-0.281473145835028,MV-202,sine_steer_python-1
527,2026年09月05日_22时52分41秒_第036次,2026-09-05T22:52:41,0.526,39.6607837367632,2.66758131678588e-05,-0.000291503339429746,4.7508541670906,-1.1284404758255e-06,5.80906569488016,0,-1.60313396974175,-0.036039386404862,-0.278725379213754,MV-202,sine_steer_python-1
528,2026年09月05日_22时52分41秒_第036次,2026-09-05T22:52:41,0.527,39.659789757308,2.65693941091314e-05,-0.000291012714033727,4.76187090135634,-1.13956528192566e-06,5.82008238198968,0,-1.58798079729567,-0.035695314118527,-0.275936440564855,MV-202,sine_steer_python-1
529,2026年09月05日_22时52分41秒_第036次,2026-09-05T22:52:41,0.528,39.6587957829993,2.6465030744003e-05,-0.000290494649655468,4.77288735646448,-1.15076472239094e-06,5.83109877804003,0,-1.57257686427324,-0.035345678196457,-0.273106429239858,MV-202,sine_steer_python-1
530,2026年09月05日_22时52分41秒_第036次,2026-09-05T22:52:41,0.529,39.6578018166763,2.63627649160099e-05,-0.000289949160161875,4.78390353246054,-1.16203817733097e-06,5.8421148832472,0,-1.55692460313405,-0.0349906011102605,-0.270238675359955,MV-202,sine_steer_python-1
531,2026年09月05日_22时52分41秒_第036次,2026-09-05T22:52:41,0.53,39.65680786075,2.62626345888998e-05,-0.000289376293642001,4.79491942939489,-1.17338500766233e-06,5.85313069784801,0,-1.54102648555158,-0.0346302058348823,-0.267336499898593,MV-202,sine_steer_python-1
532,2026年09月05日_22时52分41秒_第036次,2026-09-05T22:52:41,0.531,39.6558139172014,2.61646737941976e-05,-0.000288776132927267,4.8059350473225,-1.18480455628224e-06,5.86414622209954,0,-1.5248850220229,-0.0342646394770161,-0.264404215820176,MV-202,sine_steer_python-1
533,2026年09月05日_22时52分41秒_第036次,2026-09-05T22:52:41,0.532,39.6548199875808,2.60689125870691e-05,-0.000288148795764905,4.81695038630273,-1.19629614926932e-06,5.87516145627843,0,-1.50850276147221,-0.0338939294772147,-0.261441036838915,MV-202,sine_steer_python-1
534,2026年09月05日_22时52分41秒_第036次,2026-09-05T22:52:41,0.533,39.6538260730069,2.59753770100746e-05,-0.000287494435161398,4.82796544639913,-1.20785909708654e-06,5.88617640068027,0,-1.49188229084836,-0.033518081937016,-0.258445243524692,MV-202,sine_steer_python-1
535,2026年09月05日_22时52分41秒_第036次,2026-09-05T22:52:41,0.534,39.6528321741676,2.58840890652159e-05,-0.000286813239627147,4.83898022767915,-1.21949269579529e-06,5.8971910556189,0,-1.47502623471635,-0.0331371025344559,-0.255415069765703,MV-202,sine_steer_python-1
536,2026年09月05日_22时52分41秒_第036次,2026-09-05T22:52:41,0.535,39.6518382913207,2.57950666941268e-05,-0.000286105433384158,4.84999473021397,-1.23119622827952e-06,5.90820542142577,0,-1.45793725484282,-0.0327509990124591,-0.252348808435847,MV-202,sine_steer_python-1
537,2026年09月05日_22时52分41秒_第036次,2026-09-05T22:52:41,0.536,39.6508444242955,2.57083237664714e-05,-0.000285371276601808,4.86100895407821,-1.24296896546373e-06,5.91921949844918,0,-1.44061804977581,-0.0323597830678154,-0.249244891593879,MV-202,sine_steer_python-1
538,2026年09月05日_22时52分41秒_第036次,2026-09-05T22:52:41,0.537,39.6498505724959,2.56238700765316e-05,-0.000284611065399312,4.87202289934972,-1.25481016754209e-06,5.93023328705368,0,-1.42307135441857,-0.0319634716757092,-0.246101946791506,MV-202,sine_steer_python-1
539,2026年09月05日_22时52分41秒_第036次,2026-09-05T22:52:41,0.538,39.6488567349027,2.55417113477125e-05,-0.000283825132110696,4.88303656610934,-1.26671908520122e-06,5.94124678761926,0,-1.4052999395977,-0.0315620879045472,-0.242918831825774,MV-202,sine_steer_python-1
540,2026年09月05日_22时52分41秒_第036次,2026-09-05T22:52:41,0.539,39.6478629100788,2.54618492453858e-05,-0.000283013845156147,4.89404995444066,-1.27869496083929e-06,5.95226000054069,0,-1.38730661162561,-0.0311556613023809,-0.239694651376228,MV-202,sine_steer_python-1
541,2026年09月05日_22时52分41秒_第036次,2026-09-05T22:52:41,0.54,39.6468690961732,2.53842813973211e-05,-0.000282177609252615,4.90506306442977,-1.29073702977603e-06,5.96327292622677,0,-1.36909421185738,-0.0307442279465825,-0.236428759403601,MV-202,sine_steer_python-1
542,2026年09月05日_22时52分41秒_第036次,2026-09-05T22:52:41,0.541,39.6458752909273,2.53090014223048e-05,-0.00028131686518074,4.91607589616501,-1.30284452146353e-06,5.97428556509963,0,-1.35066561624205,-0.0303278302496708,-0.233120751239741,MV-202,sine_steer_python-1
543,2026年09月05日_22时52分41秒_第036次,2026-09-05T22:52:41,0.542,39.6448814916813,2.5235998966133e-05,-0.000280432089786103,4.92708844973678,-1.31501666067576e-06,5.98529791759394,0,-1.3320237348685,-0.0299065166075642,-0.229770449018706,MV-202,sine_steer_python-1
544,2026年09月05日_22时52分41秒_第036次,2026-09-05T22:52:41,0.543,39.6438876953817,2.5165259745306e-05,-0.000279523795845396,4.93810072523722,-1.32725266869006e-06,5.99630998415619,0,-1.31317151150591,-0.0294803409635847,-0.22637788355085,MV-202,sine_steer_python-1
545,2026年09月05日_22时52分41秒_第036次,2026-09-05T22:52:41,0.544,39.6428938985899,2.50967655980877e-05,-0.00027859253184013,4.94911272276006,-1.33955176445664e-06,6.00732176524395,0,-1.29411192313889,-0.0290493623441239,-0.222943275005171,MV-202,sine_steer_python-1
546,2026年09月05日_22时52分41秒_第036次,2026-09-05T22:52:41,0.545,39.6419000974914,2.50304945427044e-05,-0.000277638881728157,4.96012444240029,-1.35191316574769e-06,6.01833326132508,0,-1.27484797949738,-0.0286136444023358,-0.21946701393788,MV-202,sine_steer_python-1
547,2026年09月05日_22时52分41秒_第036次,2026-09-05T22:52:41,0.546,39.640906287906,2.49664208425551e-05,-0.000276663464687469,4.971135884254,-1.36433609028559e-06,6.02934447287701,0,-1.2553827225814,-0.0281732549870961,-0.215949643395949,MV-202,sine_steer_python-1
548,2026年09月05日_22时52分41秒_第036次,2026-09-05T22:52:41,0.547,39.6399124652991,2.49045150782129e-05,-0.000275666934615794,4.98214704841808,-1.37681975686012e-06,6.04035540038592,0,-1.23571922618067,-0.0277282657382495,-0.212391842138137,MV-202,sine_steer_python-1
549,2026年09月05日_22时52分41秒_第036次,2026-09-05T22:52:41,0.548,39.6389186247936,2.48447442257734e-05,-0.000274649979887589,4.99315793499006,-1.38936338641193e-06,6.05136604434603,0,-1.21586059538921,-0.0272787516978291,-0.208794408536447,MV-202,sine_steer_python-1
550,2026年09月05日_22时52分41秒_第036次,2026-09-05T22:52:41,0.549,39.6379247611832,2.47870717417417e-05,-0.000273613322760704,5.0041685440678,-1.40196620310326e-06,6.0623764052588,0,-1.19580996611504,-0.026824790921602,-0.20515824449549,MV-202,sine_steer_python-1
551,2026年09月05日_22时52分41秒_第036次,2026-09-05T22:52:41,0.55,39.6369308689461,2.47314576537327e-05,-0.000272557718909614,5.0151788757493,-1.41462743535703e-06,6.07338648363216,0,-1.17557050458495,-0.0263664640760115,-0.201484338757896,MV-202,sine_steer_python-1
552,2026年09月05日_22时52分41秒_第036次,2026-09-05T22:52:41,0.551,39.6359369422601,2.46778586570474e-05,-0.000271483956725321,5.02618893013247,-1.42734631687004e-06,6.08439627997972,0,-1.15514540684454,-0.0259038540113415,-0.197773749207725,MV-202,sine_steer_python-1
553,2026年09月05日_22时52分41秒_第036次,2026-09-05T22:52:41,0.552,39.6349429750184,2.46262282165184e-05,-0.000270392856835708,5.03719870731492,-1.44012208760252e-06,6.09540579482003,0,-1.13453789825351,-0.0254370453108655,-0.194027584162177,MV-202,sine_steer_python-1
554,2026年09月05日_22时52分41秒_第036次,2026-09-05T22:52:41,0.553,39.6339489608461,2.45765166738767e-05,-0.000269285271136286,5.0482082073937,-1.45295399473786e-06,6.10641502867577,0,-1.11375123297638,-0.0249661238255541,-0.190246983057362,MV-202,sine_steer_python-1
555,2026年09月05日_22时52分41秒_第036次,2026-09-05T22:52:41,0.554,39.6329548931182,2.45286713595408e-05,-0.000268162082167188,5.05921743046514,-1.46584129360767e-06,6.11742398207298,0,-1.09278869346854,-0.0244911762123391,-0.186433097290335,MV-202,sine_steer_python-1
556,2026年09月05日_22时52分41秒_第036次,2026-09-05T22:52:41,0.555,39.6319607649778,2.44826367093127e-05,-0.000267024202264334,5.07022637662457,-1.47878324859297e-06,6.12843265554032,0,-1.07165358995799,-0.0240122894991744,-0.18258707220133,MV-202,sine_steer_python-1
557,2026年09月05日_22时52分41秒_第036次,2026-09-05T22:52:41,0.556,39.6309665693556,2.44383543853038e-05,-0.000265872572444893,5.08123504596619,-1.49177913399295e-06,6.13944104960822,0,-1.05034925992259,-0.0235295507012009,-0.178710031224988,MV-202,sine_steer_python-1
558,2026年09月05日_22时52分41秒_第036次,2026-09-05T22:52:41,0.557,39.6299722989903,2.43957634005161e-05,-0.00026470816162846,5.09224343858279,-1.50482823485388e-06,6.15044916480819,0,-1.02887906756301,-0.0230430465091395,-0.174803063104401,MV-202,sine_steer_python-1
559,2026年09月05日_22时52分41秒_第036次,2026-09-05T22:52:41,0.558,39.6289779464492,2.43548002474225e-05,-0.000263531965409068,5.10325155456561,-1.51792984777679e-06,6.16145700167198,0,-1.00724640327152,-0.0225528630643758,-0.17086721277948,MV-202,sine_steer_python-1
560,2026年09月05日_22时52分41秒_第036次,2026-09-05T22:52:41,0.559,39.6279835041504,2.43153990295578e-05,-0.000262345005023618,5.11425939400412,-1.53108328168424e-06,6.17246456073086,0,-0.985454683096583,-0.0220590858266528,-0.166903476199231,MV-202,sine_steer_python-1
561,2026年09月05日_22时52分41秒_第036次,2026-09-05T22:52:41,0.56,39.6269889643854,2.42774915962926e-05,-0.000261148326093376,5.12526695698583,-1.5442878585548e-06,6.18347184251482,0,-0.963507348203429,-0.0215617995324232,-0.162912798974582,MV-202,sine_steer_python-1
562,2026年09月05日_22时52分41秒_第036次,2026-09-05T22:52:41,0.561,39.6259943193421,2.42410076801472e-05,-0.000259942997242531,5.13627424359613,-1.55754291412795e-06,6.19447884755181,0,-0.941407864330665,-0.0210610882327936,-0.15889607840249,MV-202,sine_steer_python-1
563,2026年09月05日_22时52分41秒_第036次,2026-09-05T22:52:41,0.562,39.6249995611287,2.42058750363314e-05,-0.000258730108983711,5.14728125391809,-1.57084779856436e-06,6.20548557636702,0,-0.919159721242975,-0.020557035390235,-0.154854167979167,MV-202,sine_steer_python-1
564,2026年09月05日_22时52分41秒_第036次,2026-09-05T22:52:41,0.563,39.6240046817989,2.41720195846477e-05,-0.000257510772105352,5.15828798803232,-1.58420187708622e-06,6.21649202948208,0,-0.896766432180066,-0.0200497240112375,-0.150787883436165,MV-202,sine_steer_python-1
565,2026年09月05日_22时52分41秒_第036次,2026-09-05T22:52:41,0.564,39.6230096733761,2.41393655527718e-05,-0.000256286116225646,5.16929444601677,-1.59760453057036e-06,6.22749820741432,0,-0.874231533301867,-0.0195392367935318,-0.146698009394445,MV-202,sine_steer_python-1
566,2026年09月05日_22时52分41秒_第036次,2026-09-05T22:52:41,0.565,39.6220145278801,2.41078356210112e-05,-0.000255057288278258,5.1803006279466,-1.61105515611708e-06,6.23850411067607,0,-0.851558583130144,-0.0190256562689252,-0.14258530583455,MV-202,sine_steer_python-1
567,2026年09月05日_22时52分41秒_第036次,2026-09-05T22:52:41,0.566,39.6210192373525,2.40773510682457e-05,-0.000253825450806156,5.19130653389404,-1.6245531675783e-06,6.24950973977388,0,-0.828751161986569,-0.018509064927041,-0.138450513760542,MV-202,sine_steer_python-1
568,2026年09月05日_22时52分41秒_第036次,2026-09-05T22:52:41,0.567,39.6200237939378,2.40478319185039e-05,-0.000252591015176142,5.20231216392822,-1.63809799605444e-06,6.26051509520779,0,-0.805812871427326,-0.017989569813673,-0.134295396985729,MV-202,sine_steer_python-1
569,2026年09月05日_22时52分41秒_第036次,2026-09-05T22:52:41,0.568,39.6190281897974,2.40191959403378e-05,-0.000251355371772282,5.21331751811508,-1.65168908895933e-06,6.27152017747068,0,-0.782747333674407,-0.017467400672352,-0.1301268970741,MV-202,sine_steer_python-1
570,2026年09月05日_22时52分41秒_第036次,2026-09-05T22:52:41,0.569,39.618032417186,2.39913606218444e-05,-0.000250119943635198,5.22432259651722,-1.66532591296222e-06,6.28252498704749,0,-0.759558191043602,-0.0169426608172299,-0.125946587267181,MV-202,sine_steer_python-1
571,2026年09月05日_22时52分41秒_第036次,2026-09-05T22:52:41,0.57,39.6170364684976,2.39642428797387e-05,-0.00024888600480655,5.23532739919377,-1.67900795262517e-06,6.29352952441452,0,-0.736249105369356,-0.0164153997993056,-0.121753749453333,MV-202,sine_steer_python-1
572,2026年09月05日_22时52分41秒_第036次,2026-09-05T22:52:41,0.571,39.6160403362838,2.39377589483561e-05,-0.000247654844570019,5.24633192620028,-1.69273471152453e-06,6.30453379003879,0,-0.712823757426503,-0.0158856645969478,-0.117547541732968,MV-202,sine_steer_python-1
573,2026年09月05日_22时52分41秒_第036次,2026-09-05T22:52:41,0.572,39.6150440132822,2.39118246208171e-05,-0.000246427743197071,5.25733617758864,-1.70650571259592e-06,6.31553778437731,0,-0.689285846349035,-0.015353501666837,-0.113327085699014,MV-202,sine_steer_python-1
574,2026年09月05日_22时52分41秒_第036次,2026-09-05T22:52:41,0.573,39.6140474924438,2.38863553699971e-05,-0.000245205976546969,5.26834015340698,-1.72032049838203e-06,6.32654150787645,0,-0.665639089045972,-0.0148189585567178,-0.109091535115439,MV-202,sine_steer_python-1
575,2026年09月05日_22时52分41秒_第036次,2026-09-05T22:52:41,0.574,39.6130507669607,2.38612664888826e-05,-0.00024399081476831,5.27934385369958,-1.73417863140417e-06,6.33754496097125,0,-0.64188721961442,-0.0142820851690867,-0.104840129815949,MV-202,sine_steer_python-1
576,2026年09月05日_22时52分41秒_第036次,2026-09-05T22:52:41,0.575,39.6120538302937,2.38364732283917e-05,-0.000242783521459052,5.29034727850681,-1.74807969440753e-06,6.34854814408483,0,-0.618033988749895,-0.013742934680443,-0.100572235032294,MV-202,sine_steer_python-1
577,2026年09月05日_22时52分41秒_第036次,2026-09-05T22:52:41,0.576,39.6110566761993,2.38118909348611e-05,-0.000241585351836606,5.30135042786505,-1.76202329059068e-06,6.35955105762774,0,-0.59408316315407,-0.0132015641532076,-0.0962873677232358,MV-202,sine_steer_python-1
578,2026年09月05日_22时52分41秒_第036次,2026-09-05T22:52:41,0.577,39.6100592987572,2.37874351857353e-05,-0.000240397551119441,5.31235330180663,-1.77600904379293e-06,6.37055370199734,0,-0.570038524939952,-0.0126580348889427,-0.0919852119616042,MV-202,sine_steer_python-1
579,2026年09月05日_22时52分41秒_第036次,2026-09-05T22:52:41,0.578,39.6090616923963,2.37630219239422e-05,-0.000239221352510129,5.32335590035983,-1.79003659864459e-06,6.38155607757724,0,-0.54590387103465,-0.0121124125747986,-0.087665625576198,MV-202,sine_steer_python-1
580,2026年09月05日_22时52分41秒_第036次,2026-09-05T22:52:41,0.579,39.6080638519211,2.37385675900599e-05,-0.000238057974815144,5.33435822354876,-1.80410562069616e-06,6.39255818473668,0,-0.521683012579794,-0.0115647672727817,-0.0833286401467387,MV-202,sine_steer_python-1
581,2026年09月05日_22时52分41秒_第036次,2026-09-05T22:52:41,0.58,39.6070657725374,2.37139892518576e-05,-0.000236908620398387,5.34536027139342,-1.81821579650942e-06,6.40356002383004,0,-0.497379774329711,-0.0110151732953258,-0.078974456191388,MV-202,sine_steer_python-1
582,2026年09月05日_22时52分41秒_第036次,2026-09-05T22:52:41,0.581,39.6060674498772,2.36892047316128e-05,-0.000235774472584101,5.35636204390962,-1.83236683373279e-06,6.41456159519623,0,-0.472997994047449,-0.0104637469375036,-0.0746050404422041,MV-202,sine_steer_python-1
583,2026年09月05日_22时52分41秒_第036次,2026-09-05T22:52:41,0.582,39.6050688800227,2.36641327301846e-05,-0.000234656693376143,5.367363541109,-1.84655846114977e-06,6.42556289915824,0,-0.448541521898761,-0.00991079395780479,-0.0702303675607937,MV-202,sine_steer_python-1
584,2026年09月05日_22时52分41秒_第036次,2026-09-05T22:52:41,0.583,39.60407005953,2.36386929483962e-05,-0.000233556420999098,5.37836476299904,-1.8607904287038e-06,6.43656393602261,0,-0.42401421984411,-0.00935644463448857,-0.0658529764615573,MV-202,sine_steer_python-1
585,2026年09月05日_22时52分41秒_第036次,2026-09-05T22:52:41,0.584,39.6030709854519,2.36128062051591e-05,-0.000232474767514971,5.38936570958304,-1.8750625075071e-06,6.44756470607895,0,-0.399419961028814,-0.0088007946491529,-0.0614739328601584,MV-202,sine_steer_python-1
586,2026年09月05日_22时52分41秒_第036次,2026-09-05T22:52:41,0.585,39.6020716553589,2.35863945524743e-05,-0.000231412816257985,5.40036638086015,-1.88937448983114e-06,6.4585652095995,0,-0.374762629171448,-0.00824393594984671,-0.0570941358290253,MV-202,sine_steer_python-1
587,2026年09月05日_22时52分41秒_第036次,2026-09-05T22:52:41,0.586,39.6010720673605,2.35593813868443e-05,-0.000230371619636877,5.41136677682543,-1.9037261890727e-06,6.46956544683874,0,-0.350046117950552,-0.00768595676065567,-0.0527143186816739,MV-202,sine_steer_python-1
588,2026年09月05日_22时52分41秒_第036次,2026-09-05T22:52:41,0.587,39.6000722201243,2.35316915575945e-05,-0.000229352196629497,5.42236689746985,-1.91811743971314e-06,6.48056541803291,0,-0.325274330389767,-0.00712694241394785,-0.0483350846588275,MV-202,sine_steer_python-1
589,2026年09月05日_22时52分41秒_第036次,2026-09-05T22:52:41,0.588,39.5990721128945,2.35032514714272e-05,-0.000228355530511385,5.43336674278036,-1.93254809724982e-06,6.49156512339972,0,-0.300451178241515,-0.00656697599346753,-0.043956934921708,MV-202,sine_steer_python-1
590,2026年09月05日_22时52分41秒_第036次,2026-09-05T22:52:41,0.589,39.5980717455087,2.34739891934861e-05,-0.000227382566712211,5.44436631273996,-1.94701803812278e-06,6.50256456313795,0,-0.275580581369277,-0.00600613882035273,-0.0395802889581492,MV-202,sine_steer_python-1
591,2026年09月05日_22时52分41秒_第036次,2026-09-05T22:52:41,0.59,39.5970711184142,2.34438345450175e-05,-0.000226434210415821,5.45536560732772,-1.96152715961699e-06,6.51356373742713,0,-0.250666467128608,-0.0054445109690845,-0.0352055069638034,MV-202,sine_steer_python-1
592,2026年09月05日_22时52分41秒_第036次,2026-09-05T22:52:41,0.591,39.5960702326822,2.34127191969473e-05,-0.000225511324555023,5.46636462651892,-1.97607537975459e-06,6.52456264642728,0,-0.225712769746964,-0.00488217152940392,-0.0308329017724588,MV-202,sine_steer_python-1
593,2026年09月05日_22时52分41秒_第036次,2026-09-05T22:52:41,0.592,39.5950690900203,2.33805767600758e-05,-0.000224614727777477,5.47736337028509,-1.99066263717464e-06,6.5355612902786,0,-0.20072342970243,-0.00431919880100606,-0.0264627474866854,MV-202,sine_steer_python-1
594,2026年09月05日_22时52分41秒_第036次,2026-09-05T22:52:41,0.593,39.5940676927849,2.33473428715018e-05,-0.000223745192378802,5.48836183859412,-2.00528889099596e-06,6.54655966910128,0,-0.175702393101488,-0.00375567047576434,-0.0220952876393332,MV-202,sine_steer_python-1
595,2026年09月05日_22时52分41秒_第036次,2026-09-05T22:52:41,0.594,39.5930660439904,2.33129552771416e-05,-0.000222903442403988,5.49936003141037,-2.019954120665e-06,6.55755778299528,0,-0.150653611055865,-0.00319166384646034,-0.0177307444951775,MV-202,sine_steer_python-1
596,2026年09月05日_22时52分41秒_第036次,2026-09-05T22:52:41,0.595,39.5920641473178,2.32773539104581e-05,-0.000222090151922808,5.51035794869476,-2.03465832579904e-06,6.56855563204014,0,-0.125581039058627,-0.00262725607728574,-0.0133693309729986,MV-202,sine_steer_python-1
597,2026年09月05日_22时52分41秒_第036次,2026-09-05T22:52:41,0.596,39.5910620071215,2.32404809675635e-05,-0.000221305943252394,5.52135559040494,-2.04940152600477e-06,6.57955321629488,0,-0.10048863635954,-0.00206252454702502,-0.00901126564451138,MV-202,sine_steer_python-1
598,2026年09月05日_22时52分41秒_第036次,2026-09-05T22:52:41,0.597,39.5900596284344,2.32022809782868e-05,-0.000220551385336189,5.53235295649534,-2.06418376069877e-06,6.59055053579786,0,-0.0753803653398702,-0.00149754720060198,-0.00465678808035096,MV-202,sine_steer_python-1
599,2026年09月05日_22时52分41秒_第036次,2026-09-05T22:52:41,0.598,39.589057016971,2.31627008735018e-05,-0.000219826992208245,5.54335004691737,-2.07900508890006e-06,6.60154759056671,0,-0.0502601908866741,-0.000932402773299882,-0.00030616878587229,MV-202,sine_steer_python-1
600,2026年09月05日_22时52分41秒_第036次,2026-09-05T22:52:41,0.599,39.5880541791295,2.31216900484903e-05,-0.000219133221736675,5.55434686161954,-2.09386558902633e-06,6.61254438059833,0,-0.0251320797667059,-0.000367170056704283,0.00404032146939239,MV-202,sine_steer_python-1
601,2026年09月05日_22时52分41秒_第036次,2026-09-05T22:52:41,0.6,39.5870511219911,2.30792004227614e-05,-0.00021847047413108,5.56534340054762,-2.10876535866521e-06,6.62354090586882,0,-4.89858719658941e-16,0.000198073897271119,0.00838248733251416,MV-202,sine_steer_python-1
602,2026年09月05日_22时52分41秒_第036次,2026-09-05T22:52:41,0.601,39.5860478533186,2.30351864955823e-05,-0.000217839090852852,5.57633966364478,-2.1237045143447e-06,6.63453716633358,0,0.0251320797667049,0.000763251006203262,0.0127200909213135,MV-202,sine_steer_python-1
603,2026年09月05日_22时52分41秒_第036次,2026-09-05T22:52:41,0.602,39.5850443815527,2.29896053979361e-05,-0.000217239353666047,5.58733565085177,-2.13868319128363e-06,6.6455331619273,0,0.0502601908866749,0.00132828073163451,0.0170527908330271,MV-202,sine_steer_python-1
604,2026年09月05日_22时52分41秒_第036次,2026-09-05T22:52:41,0.603,39.5840407158062,2.29424169407074e-05,-0.000216671483528598,5.59833136210707,-2.15370154313393e-06,6.65652889256415,0,0.0753803653398692,0.00189308019365341,0.0213801465713231,MV-202,sine_steer_python-1
605,2026年09月05日_22时52分41秒_第036次,2026-09-05T22:52:41,0.604,39.5830368658573,2.28935836587215e-05,-0.000216135639917954,5.60932679734711,-2.16875974170961e-06,6.66752435813785,0,0.100488636359539,0.0024575644452333,0.0257016297514934,MV-202,sine_steer_python-1
606,2026年09月05日_22时52分41秒_第036次,2026-09-05T22:52:41,0.605,39.5820328421404,2.28430708512186e-05,-0.000215631920118114,5.62032195650639,-2.18385797670664e-06,6.67851955852186,0,0.125581039058626,0.00302164679935286,0.0300166375117318,MV-202,sine_steer_python-1
607,2026年09月05日_22时52分41秒_第036次,2026-09-05T22:52:41,0.606,39.5810286557352,2.27908466183971e-05,-0.000215160358782086,5.63131683951772,-2.19899645540245e-06,6.6895144935696,0,0.150653611055866,0.00358523916361589,0.0343245062187223,MV-202,sine_steer_python-1
608,2026年09月05日_22时52分41秒_第036次,2026-09-05T22:52:41,0.607,39.5800243183546,2.27368818942686e-05,-0.000214720927288386,5.64231144631239,-2.21417540235206e-06,6.70050916311471,0,0.175702393101487,0.0041482523688998,0.0386245249078502,MV-202,sine_steer_python-1
609,2026年09月05日_22时52分41秒_第036次,2026-09-05T22:52:41,0.608,39.5790198423301,2.26811504753412e-05,-0.000214313533800108,5.65330577682037,-2.22939505906466e-06,6.7115035669713,0,0.200723429702429,0.0047105964793993,0.0429159479305765,MV-202,sine_steer_python-1
610,2026年09月05日_22时52分41秒_第036次,2026-09-05T22:52:41,0.609,39.5780152405964,2.26236290460871e-05,-0.000213938022879349,5.6642998309705,-2.24465568366974e-06,6.7224977049343,0,0.225712769746963,0.00527218106764848,0.0471980061181984,MV-202,sine_steer_python-1
611,2026年09月05日_22时52分41秒_第036次,2026-09-05T22:52:41,0.61,39.5770105266677,2.25642972000981e-05,-0.000213594257210538,5.67529360869071,-2.25995755056379e-06,6.7334915767798,0,0.25066646712861,0.00583291543894678,0.0514699158048235,MV-202,sine_steer_python-1
612,2026年09月05日_22时52分41秒_第036次,2026-09-05T22:52:41,0.611,39.5760057146079,2.25031375801203e-05,-0.000213282258261234,5.68628710990822,-2.27530095020031e-06,6.74448518226544,0,0.275580581369276,0.00639270879498688,0.0557308852787311,MV-202,sine_steer_python-1
613,2026年09月05日_22时52分41秒_第036次,2026-09-05T22:52:41,0.612,39.575000819053,2.2440136184894e-05,-0.000213001562865586,5.69728033454974,-2.29068618903025e-06,6.75547852113085,0,0.300451178241514,0.00695147033438336,0.0599801185651203,MV-202,sine_steer_python-1
614,2026年09月05日_22时52分41秒_第036次,2026-09-05T22:52:41,0.613,39.5739958551547,2.23752816366592e-05,-0.000212751806403202,5.7082732825417,-2.30611358821982e-06,6.76647159309811,0,0.325274330389766,0.00750910929615551,0.0642168167965396,MV-202,sine_steer_python-1
615,2026年09月05日_22时52分41秒_第036次,2026-09-05T22:52:41,0.614,39.5729908385656,2.23085656361315e-05,-0.000212532536162387,5.71926595381047,-2.32158348418885e-06,6.77746439787226,0,0.350046117950553,0.00806553495927603,0.0684401777257171,MV-202,sine_steer_python-1
616,2026年09月05日_22时52分41秒_第036次,2026-09-05T22:52:41,0.615,39.571985785413,2.22399828507004e-05,-0.000212343240087271,5.73025834828255,-2.33709622753699e-06,6.78845693514181,0,0.37476262917145,0.00862065661582128,0.0726493941227054,MV-202,sine_steer_python-1
617,2026年09月05日_22时52分41秒_第036次,2026-09-05T22:52:41,0.616,39.570980712273,2.21695309263072e-05,-0.000212183343184978,5.74125046588483,-2.35265218286606e-06,6.79944920457935,0,0.399419961028813,0.00917438353610466,0.0768436518338436,MV-202,sine_steer_python-1
618,2026年09月05日_22时52分41秒_第036次,2026-09-05T22:52:41,0.617,39.5699756361426,2.2097210479387e-05,-0.000212052208726859,5.75224230654476,-2.36825172820891e-06,6.81044120584212,0,0.424014219844109,0.00972662494026307,0.081022128114686,MV-202,sine_steer_python-1
619,2026年09月05日_22时52分41秒_第036次,2026-09-05T22:52:41,0.618,39.5689705744114,2.20230250859504e-05,-0.000211949139208286,5.7632338701906,-2.38389525454784e-06,6.82143293857264,0,0.44854152189876,0.0102772899778236,0.08518399030216,MV-202,sine_steer_python-1
620,2026年09月05日_22时52分41秒_第036次,2026-09-05T22:52:41,0.619,39.5679655448314,2.19469812670802e-05,-0.000211873377335355,5.77422515675165,-2.39958316529192e-06,6.83242440239942,0,0.472997994047449,0.0108262876730383,0.0893283930482924,MV-202,sine_steer_python-1
621,2026年09月05日_22时52分41秒_第036次,2026-09-05T22:52:41,0.62,39.5669605654861,2.18690884703217e-05,-0.000211824107567132,5.78521616615845,-2.41531587573491e-06,6.84341559693761,0,0.49737977432971,0.0113735266536189,0.0934544664832082,MV-202,sine_steer_python-1
622,2026年09月05日_22时52分41秒_第036次,2026-09-05T22:52:41,0.621,39.5659556547589,2.17893590477908e-05,-0.000211800457433244,5.796206898343,-2.43109381250659e-06,6.85440652178977,0,0.521683012579793,0.0119189148962221,0.0975613053671966,MV-202,sine_steer_python-1
623,2026年09月05日_22时52分41秒_第036次,2026-09-05T22:52:41,0.622,39.5649508313,2.17078082303592e-05,-0.000211801499209168,5.80719735323896,-2.44691741298976e-06,6.86539717654659,0,0.545903871034649,0.0124623626929448,0.101648093778107,MV-202,sine_steer_python-1
624,2026年09月05日_22时52分41秒_第036次,2026-09-05T22:52:41,0.623,39.5639461139937,2.16244540983405e-05,-0.000211826251799835,5.81818753078193,-2.46278712472885e-06,6.87638756078773,0,0.570038524939953,0.0130037817635723,0.105714066331442,MV-202,sine_steer_python-1
625,2026年09月05日_22时52分41秒_第036次,2026-09-05T22:52:41,0.624,39.5629415219233,2.15393175488424e-05,-0.000211873682639863,5.82917743090958,-2.47870340480875e-06,6.88737767408255,0,0.594083163154069,0.0135430835821597,0.109758437247457,MV-202,sine_steer_python-1
626,2026年09月05日_22时52分41秒_第036次,2026-09-05T22:52:41,0.625,39.5619370743374,2.1452422259529e-05,-0.000211942709812319,5.84016705356193,-2.49466671922454e-06,6.89836751599105,0,0.618033988749894,0.0140801799898441,0.113780426193967,MV-202,sine_steer_python-1
627,2026年09月05日_22时52分41秒_第036次,2026-09-05T22:52:41,0.626,39.5609327906141,2.13637946491528e-05,-0.000212032204323288,5.85115639868151,-2.51067754221565e-06,6.90935708606464,0,0.641887219614419,0.0146149834971757,0.117779270606207,MV-202,sine_steer_python-1
628,2026年09月05日_22时52分41秒_第036次,2026-09-05T22:52:41,0.627,39.5599286902256,2.12734638347572e-05,-0.000212140992377414,5.86214546621362,-2.52673635559037e-06,6.9203463838471,0,0.665639089045973,0.0151474073983127,0.121754230037855,MV-202,sine_steer_python-1
629,2026年09月05日_22时52分41秒_第036次,2026-09-05T22:52:41,0.628,39.5589247927028,2.11814615855552e-05,-0.000212267858068625,5.87313425610644,-2.54284364802323e-06,6.93133540887543,0,0.689285846349034,0.0156773658080728,0.125704587268074,MV-202,sine_steer_python-1
630,2026年09月05日_22时52分41秒_第036次,2026-09-05T22:52:41,0.629,39.5579211175984,2.10878222739699e-05,-0.000212411545770001,5.88412276831136,-2.55899991433084e-06,6.94232416068082,0,0.712823757426502,0.0162047736551136,0.129629647561602,MV-202,sine_steer_python-1
631,2026年09月05日_22时52分41秒_第036次,2026-09-05T22:52:41,0.63,39.5569176844519,2.0992582823152e-05,-0.000212570763013934,5.89511100278303,-2.5752056547273e-06,6.95331263878956,0,0.736249105369355,0.0167295907108585,0.133530601999029,MV-202,sine_steer_python-1
632,2026年09月05日_22时52分41秒_第036次,2026-09-05T22:52:41,0.631,39.5559145127525,2.08957826518204e-05,-0.00021274418327352,5.90609895947967,-2.59146137405608e-06,6.96430084272402,0,0.759558191043603,0.0172518848770759,0.137413206222492,MV-202,sine_steer_python-1
633,2026年09月05日_22时52分41秒_第036次,2026-09-05T22:52:41,0.632,39.5549116219038,2.07974636160046e-05,-0.00021293044885111,5.91708663836317,-2.60776758100333e-06,6.97528877200363,0,0.782747333674406,0.0177715596183455,0.141276241993369,MV-202,sine_steer_python-1
634,2026年09月05日_22时52分41秒_第036次,2026-09-05T22:52:41,0.633,39.5539090311878,2.06976699478842e-05,-0.000213128173909851,5.92807403939933,-2.62412478728875e-06,6.98627642614586,0,0.805812871427325,0.0182884970603383,0.145117574064659,MV-202,sine_steer_python-1
635,2026年09月05日_22时52分41秒_第036次,2026-09-05T22:52:41,0.634,39.5529067597292,2.0596448191872e-05,-0.000213335947518737,5.93906116255799,-2.6405335068359e-06,6.99726380466722,0,0.828751161986568,0.0188025779827504,0.148934996063461,MV-202,sine_steer_python-1
636,2026年09月05日_22时52分41秒_第036次,2026-09-05T22:52:41,0.635,39.5519048264607,2.04938471378883e-05,-0.000213552336806055,5.95004800781321,-2.65699425492245e-06,7.00825090708427,0,0.851558583130147,0.0193136836886521,0.152726309147134,MV-202,sine_steer_python-1
637,2026年09月05日_22时52分41秒_第036次,2026-09-05T22:52:41,0.636,39.5509032500883,2.03899177519912e-05,-0.000213775890197055,5.96103457514344,-2.67350754731326e-06,7.01923773291464,0,0.874231533301866,0.0198216975666153,0.156489387671236,MV-202,sine_steer_python-1
638,2026年09月05日_22时52分41秒_第036次,2026-09-05T22:52:41,0.637,39.549902049057,2.02847131044714e-05,-0.000214005140582097,5.97202086453166,-2.69007389937205e-06,7.03022428167803,0,0.896766432180065,0.0203265063224023,0.160222230880336,MV-202,sine_steer_python-1
639,2026年09月05日_22时52分41秒_第036次,2026-09-05T22:52:41,0.638,39.5489012415178,2.01782882952739e-05,-0.000214238608689564,5.98300687596555,-2.70669382515907e-06,7.04121055289728,0,0.919159721242975,0.0208280008752681,0.163923000408658,MV-202,sine_steer_python-1
640,2026年09月05日_22时52分41秒_第036次,2026-09-05T22:52:41,0.639,39.5479008452949,2.00707003771553e-05,-0.000214474806355094,5.99399260943761,-2.72336783651185e-06,7.05219654609935,0,0.941407864330666,0.0213260769424471,0.167590044590876,MV-202,sine_steer_python-1
641,2026年09月05日_22时52分41秒_第036次,2026-09-05T22:52:41,0.64,39.5469008778539,1.99620082763709e-05,-0.000214712239868892,6.00497806494529,-2.74009644210679e-06,7.06318226081637,0,0.963507348203431,0.0218206353486122,0.17122191113804,MV-202,sine_steer_python-1
642,2026年09月05日_22时52分41秒_第036次,2026-09-05T22:52:41,0.641,39.5459013562713,1.98522727110863e-05,-0.000214949413354603,6.01596324249113,-2.75688014651214e-06,7.07416769658663,0,0.985454683096583,0.0223115820993501,0.174817350010762,MV-202,sine_steer_python-1
643,2026年09月05日_22时52分41秒_第036次,2026-09-05T22:52:41,0.642,39.5449022972042,1.97415561076618e-05,-0.000215184832144105,6.02694814208289,-2.77371944922829e-06,7.08515285295567,0,1.00724640327152,0.0227988282677854,0.178375307974022,MV-202,sine_steer_python-1
644,2026年09月05日_22时52分41秒_第036次,2026-09-05T22:52:41,0.643,39.5439037168618,1.96299225148461e-05,-0.000215417006064701,6.0379327637336,-2.79061484371137e-06,7.09613772947718,0,1.02887906756301,0.023282289794709,0.181894919564813,MV-202,sine_steer_python-1
645,2026年09月05日_22时52分41秒_第036次,2026-09-05T22:52:41,0.644,39.5429056309777,1.95174375158155e-05,-0.0002156444528842,6.04891710746175,-2.80756681639368e-06,7.1071223257141,0,1.05034925992259,0.0237618871703,0.185375493454633,MV-202,sine_steer_python-1
646,2026年09月05日_22时52分41秒_第036次,2026-09-05T22:52:41,0.645,39.5419080547836,1.94041681385135e-05,-0.000215865701532796,6.05990117329132,-2.82457584569259e-06,7.11810664123956,0,1.07165358995799,0.0242375450637765,0.188816496338167,MV-202,sine_steer_python-1
647,2026年09月05日_22时52分41秒_第036次,2026-09-05T22:52:41,0.646,39.5409110029838,1.92901827639396e-05,-0.000216079295498092,6.07088496125187,-2.84164240101124e-06,7.12909067563785,0,1.09278869346854,0.024709191931603,0.192217535927941,MV-202,sine_steer_python-1
648,2026年09月05日_22时52分41秒_第036次,2026-09-05T22:52:41,0.647,39.5399144897319,1.91755510328993e-05,-0.000216283795945666,6.08186847137866,-2.85876694174501e-06,7.14007442850539,0,1.11375123297638,0.025176759620546,0.195578343739568,MV-202,sine_steer_python-1
649,2026年09月05日_22时52分41秒_第036次,2026-09-05T22:52:41,0.648,39.538918528608,1.90603437509337e-05,-0.000216477785097586,6.09285170371264,-2.87594991627042e-06,7.15105789945167,0,1.13453789825351,0.0256401829740663,0.198898758022244,MV-202,sine_steer_python-1
650,2026年09月05日_22时52分41秒_第036次,2026-09-05T22:52:41,0.649,39.5379231325979,1.89446327919511e-05,-0.00021665986920272,6.1038346583006,-2.89319176094557e-06,7.16204108810018,0,1.15514540684453,0.0260993994441935,0.202178706924428,MV-202,sine_steer_python-1
651,2026年09月05日_22时52分41秒_第036次,2026-09-05T22:52:41,0.65,39.5369283140737,1.88284910001345e-05,-0.000216828681736647,6.11481733519515,-2.91049289910723e-06,7.17302399408929,0,1.17557050458495,0.0265543487071356,0.205418191820765,MV-202,sine_steer_python-1
652,2026年09月05日_22时52分41秒_第036次,2026-09-05T22:52:41,0.651,39.5359340847755,1.87119920907501e-05,-0.000216982886380414,6.12579973445478,-2.92785374007143e-06,7.18400661707314,0,1.19580996611504,0.0270049722798884,0.20861727068461,MV-202,sine_steer_python-1
653,2026年09月05日_22时52分41秒_第036次,2026-09-05T22:52:41,0.652,39.5349404557954,1.85952105496182e-05,-0.000217121179951006,6.13678185614393,-2.94527467813752e-06,7.19498895672246,0,1.21586059538921,0.027451213136863,0.211776041464725,MV-202,sine_steer_python-1
654,2026年09月05日_22时52分41秒_第036次,2026-09-05T22:52:41,0.653,39.5339474375629,1.84782215314443e-05,-0.000217242295282009,6.14776370033293,-2.96275609160943e-06,7.20597101272543,0,1.23571922618067,0.0278930153292984,0.214894625583099,MV-202,sine_steer_python-1
655,2026年09月05日_22时52分41秒_第036次,2026-09-05T22:52:41,0.654,39.5329550398311,1.83611007572388e-05,-0.000217345003876569,6.15874526709809,-2.98029834181376e-06,7.21695278478845,0,1.2553827225814,0.0283303236147893,0.217973151864177,MV-202,sine_steer_python-1
656,2026年09月05日_22时52分41秒_第036次,2026-09-05T22:52:41,0.655,39.5319632716662,1.82439244105813e-05,-0.000217428118700781,6.16972655652168,-2.99790177213935e-06,7.22793427263687,0,1.27484797949738,0.0287630831083521,0.221011741378852,MV-202,sine_steer_python-1
657,2026年09月05日_22时52分41秒_第036次,2026-09-05T22:52:41,0.656,39.5309721414367,1.81267690333717e-05,-0.000217490496655619,6.1807075686919,-3.01556670709147e-06,7.23891547601578,0,1.29411192313889,0.0291912389689171,0.224010493791187,MV-202,sine_steer_python-1
658,2026年09月05日_22时52分41秒_第036次,2026-09-05T22:52:41,0.657,39.5299816568065,1.8009711420707e-05,-0.000217531040993492,6.19168830370288,-3.03329345135701e-06,7.24989639469063,0,1.31317151150591,0.0296147361352591,0.226969475800915,MV-202,sine_steer_python-1
659,2026年09月05日_22时52分41秒_第036次,2026-09-05T22:52:41,0.658,39.5289918247277,1.78928285151407e-05,-0.000217548703690491,6.20266876165469,-3.05108228889382e-06,7.26087702844791,0,1.3320237348685,0.0300335191229925,0.229888712173897,MV-202,sine_steer_python-1
660,2026年09月05日_22时52分41秒_第036次,2026-09-05T22:52:41,0.659,39.5280026514362,1.77761973005688e-05,-0.000217542487602062,6.21364894265325,-3.068933482043e-06,7.27185737709579,0,1.35066561624205,0.0304475318897863,0.23276817966336,MV-202,sine_steer_python-1
661,2026年09月05日_22时52分41秒_第036次,2026-09-05T22:52:41,0.66,39.5270141424493,1.76598946956747e-05,-0.000217511448539537,6.22462884681033,-3.08684727066046e-06,7.28283744046465,0,1.36909421185738,0.0308567203617485,0.235607913568739,MV-202,sine_steer_python-1
662,2026年09月05日_22时52分41秒_第036次,2026-09-05T22:52:41,0.661,39.5260263025641,1.75439974471172e-05,-0.000217454697285608,6.23560847424346,-3.10482387127656e-06,7.2938172184076,0,1.38730661162561,0.0312611423471217,0.238412659297904,MV-202,sine_steer_python-1
663,2026年09月05日_22时52分41秒_第036次,2026-09-05T22:52:41,0.662,39.5250391358582,1.74285820226908e-05,-0.000217371401182946,6.24658782507594,-3.12286347628985e-06,7.30479671080104,0,1.4052999395977,0.0316608974046903,0.241188903659241,MV-202,sine_steer_python-1
664,2026年09月05日_22时52分41秒_第036次,2026-09-05T22:52:41,0.663,39.5240526456922,1.73137245041331e-05,-0.000217260786050876,6.25756689943667,-3.14096625318463e-06,7.31577591754502,0,1.42307135441857,0.0320559450663447,0.243937181074974,MV-202,sine_steer_python-1
665,2026年09月05日_22时52分41秒_第036次,2026-09-05T22:52:41,0.664,39.5230668347135,1.71995004804621e-05,-0.000217122137584838,6.26854569746016,-3.15913234378397e-06,7.3267548385637,0,1.44061804977581,0.0324462261378979,0.246657207245406,MV-202,sine_steer_python-1
666,2026年09月05日_22时52分41秒_第036次,2026-09-05T22:52:41,0.665,39.5220817048624,1.70859849412144e-05,-0.000216954802665737,6.27952421928642,-3.17736186354236e-06,7.33773347380564,0,1.45793725484282,0.0328316747049475,0.249348386877851,MV-202,sine_steer_python-1
667,2026年09月05日_22时52分41秒_第036次,2026-09-05T22:52:41,0.666,39.5210972573789,1.6973252169976e-05,-0.000216758190701389,6.29050246506082,-3.1956549008709e-06,7.34871182324418,0,1.47502623471635,0.0332122191477168,0.252009856208586,MV-202,sine_steer_python-1
668,2026年09月05日_22时52分41秒_第036次,2026-09-05T22:52:41,0.667,39.5201134928122,1.68613756385297e-05,-0.000216531774585023,6.30148043493407,-3.21401151650779e-06,7.35968988687761,0,1.49188229084836,0.0335877835042086,0.254640540330254,MV-202,sine_steer_python-1
669,2026年09月05日_22时52分41秒_第036次,2026-09-05T22:52:41,0.668,39.5191304110312,1.67504279013406e-05,-0.000216275091816554,6.31245812906203,-3.23243174292466e-06,7.37066766472945,0,1.50850276147221,0.0339583167045418,0.257240391262723,MV-202,sine_steer_python-1
670,2026年09月05日_22时52分41秒_第036次,2026-09-05T22:52:41,0.669,39.5181480112367,1.66404804910256e-05,-0.000215987744961293,6.32343554760566,-3.2509155837819e-06,7.38164515684857,0,1.5248850220229,0.0343239160668921,0.259815619382765,MV-202,sine_steer_python-1
671,2026年09月05日_22时52分41秒_第036次,2026-09-05T22:52:41,0.67,39.5171662919751,1.65316038140616e-05,-0.000215669402629711,6.33441269073083,-3.26946301343229e-06,7.39262236330927,0,1.54102648555158,0.0346845435717448,0.262366674091632,MV-202,sine_steer_python-1
672,2026年09月05日_22时52分41秒_第036次,2026-09-05T22:52:41,0.671,39.5161852511536,1.64238670481169e-05,-0.000215319799613226,6.34538955860825,-3.2880739764668e-06,7.4035992842114,0,1.55692460313405,0.0350400701944836,0.264890121050025,MV-202,sine_steer_python-1
673,2026年09月05日_22时52分41秒_第036次,2026-09-05T22:52:41,0.672,39.5152048860572,1.63173380397094e-05,-0.000214938737411332,6.35636615141329,-3.30674838731138e-06,7.41457591968031,0,1.57257686427324,0.0353903643210986,0.26738238739929,MV-202,sine_steer_python-1
674,2026年09月05日_22时52分41秒_第036次,2026-09-05T22:52:41,0.673,39.5142251933662,1.62120832034899e-05,-0.000214526084299023,6.36734246932585,-3.32548612988396e-06,7.42555226986681,0,1.58798079729567,0.0357352946828126,0.269839885801032,MV-202,sine_steer_python-1
675,2026年09月05日_22时52分41秒_第036次,2026-09-05T22:52:41,0.674,39.5132461691763,1.61081674226203e-05,-0.000214081775375908,6.37831851253019,-3.34428705728877e-06,7.43652833494709,0,1.60313396974175,0.0360747330724973,0.272259129096864,MV-202,sine_steer_python-1
676,2026年09月05日_22时52分41秒_第036次,2026-09-05T22:52:41,0.675,39.512267809019,1.60056539505631e-05,-0.000213605812310657,6.38929428121481,-3.36315099158428e-06,7.44750411512256,0,1.61803398874989,0.0364085565225941,0.274636822148326,MV-202,sine_steer_python-1
677,2026年09月05日_22时52分41秒_第036次,2026-09-05T22:52:41,0.676,39.5112901078834,1.59046043143187e-05,-0.000213098263198825,6.40026977557224,-3.38207772359069e-06,7.45847961061964,0,1.63267850143437,0.0367366489542083,0.276969931304126,MV-202,sine_steer_python-1
678,2026年09月05日_22时52分41秒_第036次,2026-09-05T22:52:41,0.677,39.5103130602397,1.58050782195079e-05,-0.000212559262022984,6.41124499579891,-3.40106701276725e-06,7.46945482168952,0,1.64706519525685,0.0370589023432563,0.279255733439741,MV-202,sine_steer_python-1
679,2026年09月05日_22时52分41秒_第036次,2026-09-05T22:52:41,0.678,39.5093366600635,1.57071334570757e-05,-0.000211989008070109,6.42221994209495,-3.42011858714036e-06,7.48042974860784,0,1.66119179839163,0.037375217458848,0.281491846902618,MV-202,sine_steer_python-1
680,2026年09月05日_22时52分41秒_第036次,2026-09-05T22:52:41,0.679,39.5083609008608,1.56108258119375e-05,-0.000211387765153927,6.43319461466403,-3.43923214329874e-06,7.49140439167436,0,1.67505608008428,0.0376855042317931,0.283676246810904,MV-202,sine_steer_python-1
681,2026年09月05日_22时52分41秒_第036次,2026-09-05T22:52:41,0.68,39.5073857756942,1.55162089736249e-05,-0.000210755860935969,6.44416901371315,-3.45840734643754e-06,7.50237875121254,0,1.68865585100403,0.0379896818104354,0.285807267125014,MV-202,sine_steer_python-1
682,2026年09月05日_22时52分41秒_第036次,2026-09-05T22:52:41,0.681,39.5064112772108,1.54233344493608e-05,-0.000210093685539793,6.4551431394525,-3.47764383048379e-06,7.51335282756908,0,1.70198896358938,0.0382876783586458,0.287883591811319,MV-202,sine_steer_python-1
683,2026年09月05日_22时52分41秒_第036次,2026-09-05T22:52:41,0.682,39.5054373976693,1.53322514789012e-05,-0.000209401690841123,6.46611699209521,-3.49694119826032e-06,7.52432662111348,0,1.71505331238731,0.0385794306475038,0.289904237277776,MV-202,sine_steer_python-1
684,2026年09月05日_22时52分41秒_第036次,2026-09-05T22:52:41,0.683,39.5044641289695,1.52430069525291e-05,-0.000208680388811656,6.47709057185719,-3.51629902173484e-06,7.53530013223739,0,1.72784683438567,0.038864883488161,0.291868528090773,MV-202,sine_steer_python-1
685,2026年09月05日_22时52分41秒_第036次,2026-09-05T22:52:41,0.684,39.5034914626816,1.51556453309724e-05,-0.00020793035040071,6.48806387895694,-3.53571684231319e-06,7.54627336135415,0,1.74036750933905,0.0391439890486412,0.293776067782184,MV-202,sine_steer_python-1
686,2026年09月05日_22时52分41秒_第036次,2026-09-05T22:52:41,0.685,39.5025193900759,1.50702085685525e-05,-0.000207152203796056,6.49903691361535,-3.55519417121115e-06,7.55724630889803,0,1.75261336008773,0.0394167060920359,0.295626706331882,MV-202,sine_steer_python-1
687,2026年09月05日_22时52分41秒_第036次,2026-09-05T22:52:41,0.686,39.5015479021539,1.49867360388122e-05,-0.00020634663285701,6.51000967605546,-3.5747304898804e-06,7.56821897532364,0,1.76458245286991,0.039682999168052,0.297420505678227,MV-202,sine_steer_python-1
688,2026年09月05日_22时52分41秒_第036次,2026-09-05T22:52:41,0.687,39.5005769896792,1.49052644633218e-05,-0.000205514375427609,6.5209821665023,-3.59432525050218e-06,7.57919136110519,0,1.77627289762709,0.0399428377846637,0.299157704389086,MV-202,sine_steer_python-1
689,2026年09月05日_22时52分41秒_第036次,2026-09-05T22:52:41,0.688,39.4996066432085,1.48258278437064e-05,-0.000204656221286501,6.53195438518268,-3.61397787654445e-06,7.59016346673571,0,1.78768284830253,0.0401961955822306,0.30083868244026,MV-202,sine_steer_python-1
690,2026年09月05日_22时52分41秒_第036次,2026-09-05T22:52:41,0.689,39.4986368531241,1.47484573966603e-05,-0.000203773010392815,6.54292633232497,-3.63368776337768e-06,7.60113529272628,0,1.79881050313274,0.0404430495292057,0.302463926911312,MV-202,sine_steer_python-1
691,2026年09月05日_22时52分41秒_第036次,2026-09-05T22:52:41,0.69,39.4976676096649,1.46731814927627e-05,-0.00020286563061285,6.55389800815891,-3.6534542789579e-06,7.61210683960518,0,1.80965410493204,0.0406833791564793,0.304033999321131,MV-202,sine_steer_python-1
692,2026年09月05日_22时52分41秒_第036次,2026-09-05T22:52:41,0.691,39.496698902959,1.4600025598471e-05,-0.000201935015697127,6.56486941291538,-3.67327676457302e-06,7.62307810791703,0,1.82021194136999,0.0409171658461341,0.305549505271941,MV-202,sine_steer_python-1
693,2026年09月05日_22时52分41秒_第036次,2026-09-05T22:52:41,0.692,39.4957307230556,1.45290122221428e-05,-0.000200982142960972,6.57584054682623,-3.69315453564002e-06,7.63404909822192,0,1.83048234524183,0.0411443921892918,0.307011067024174,MV-202,sine_steer_python-1
694,2026年09月05日_22时52分41秒_第036次,2026-09-05T22:52:41,0.693,39.4947630599569,1.44601608636682e-05,-0.000200008030911628,6.58681141012406,-3.71308688257484e-06,7.64501981109441,0,1.84046369473174,0.0413650414260753,0.308419299554737,MV-202,sine_steer_python-1
695,2026年09月05日_22时52分41秒_第036次,2026-09-05T22:52:41,0.694,39.4937959036499,1.43934879681208e-05,-0.000199013736945178,6.59778200304201,-3.73307307171189e-06,7.65599024712266,0,1.85015441366892,0.0415790969779389,0.309774790533483,MV-202,sine_steer_python-1
696,2026年09月05日_22时52分41秒_第036次,2026-09-05T22:52:41,0.695,39.492829244138,1.43290068836596e-05,-0.000198000354776244,6.60875232581357,-3.75311234628682e-06,7.66696040690737,0,1.8595529717765,0.0417865420784978,0.311078084478106,MV-202,sine_steer_python-1
697,2026年09月05日_22时52分41秒_第036次,2026-09-05T22:52:41,0.696,39.4918630714728,1.42667278235247e-05,-0.000196969011876529,6.61972237867238,-3.77320392746926e-06,7.67793029106082,0,1.86865788491322,0.041987359503764,0.312329671125809,MV-202,sine_steer_python-1
698,2026年09月05日_22时52分41秒_第036次,2026-09-05T22:52:41,0.697,39.4908973757845,1.42066578323976e-05,-0.000195920867004872,6.63069216185204,-3.7933470154578e-06,7.68889990020582,0,1.87746771530775,0.0421815313970199,0.313529977819517,MV-202,sine_steer_python-1
699,2026年09月05日_22时52分41秒_第036次,2026-09-05T22:52:41,0.698,39.4899321473124,1.41488007575177e-05,-0.000194857107315255,6.64166167558589,-3.81354079061954e-06,7.69986923497467,0,1.88598107178573,0.0423690391783386,0.314679365484567,MV-202,sine_steer_python-1
700,2026年09月05日_22时52分41秒_第036次,2026-09-05T22:52:41,0.699,39.4889673764356,1.40931572239803e-05,-0.000193778945902845,6.65263092010686,-3.83378441468708e-06,7.71083829600808,0,1.89419660998949,0.0425498635248782,0.315778127607424,MV-202,sine_steer_python-1
701,2026年09月05日_22时52分41秒_第036次,2026-09-05T22:52:41,0.7,39.4880030537014,1.4039724615302e-05,-0.000192687618843163,6.66359989564726,-3.85407703199969e-06,7.72180708395411,0,1.90211303259031,0.0427239844061793,0.316826491547468,MV-202,sine_steer_python-1
702,2026年09月05日_22时52分41秒_第036次,2026-09-05T22:52:41,0.701,39.4870391698547,1.39884970583849e-05,-0.000191584382592055,6.67456860243858,-3.87441777079205e-06,7.73277559946706,0,1.90972908949329,0.0428913811589629,0.317824621524561,MV-202,sine_steer_python-1
703,2026年09月05日_22时52分41秒_第036次,2026-09-05T22:52:41,0.702,39.4860757158656,1.39394654138354e-05,-0.000190470511052809,6.68553704071137,-3.89480574453013e-06,7.74374384320639,0,1.91704357803475,0.0430520325880759,0.31877262271671,MV-202,sine_steer_python-1
704,2026年09月05日_22时52分41秒_第036次,2026-09-05T22:52:41,0.703,39.4851126829568,1.38926172710978e-05,-0.000189347292822956,6.69650521069499,-3.91524005328455e-06,7.75471181583557,0,1.92405534317217,0.0432059170836278,0.319670546046425,MV-202,sine_steer_python-1
705,2026年09月05日_22时52分41秒_第036次,2026-09-05T22:52:41,0.704,39.4841500626293,1.38479369489249e-05,-0.000188216028303349,6.70747311261752,-3.93571978514402e-06,7.76567951802103,0,1.93076327766655,0.0433530127479782,0.320518393388207,MV-202,sine_steer_python-1
706,2026年09月05日_22时52分41秒_第036次,2026-09-05T22:52:41,0.705,39.4831878466884,1.38054055009934e-05,-0.000187078026896317,6.71844074670553,-3.95624401766885e-06,7.77664695043096,0,1.93716632225726,0.0434932975293089,0.321316123059992,MV-202,sine_steer_python-1
707,2026年09月05日_22时52分41秒_第036次,2026-09-05T22:52:41,0.706,39.4822260272673,1.37650007269954e-05,-0.000185934604101888,6.72940811318396,-3.9768118193714e-06,7.78761411373429,0,1.94326346582935,0.0436267493605133,0.322063655546165,MV-202,sine_steer_python-1
708,2026年09月05日_22时52分41秒_第036次,2026-09-05T22:52:41,0.707,39.481264596851,1.37266971890089e-05,-0.000184787078707376,6.74037521227597,-3.99742225123391e-06,7.79858100859951,0,1.94905374557315,0.0437533463028044,0.322760879427906,MV-202,sine_steer_python-1
709,2026年09月05日_22时52分41秒_第036次,2026-09-05T22:52:41,0.708,39.4803035482976,1.36904662334653e-05,-0.000183636769961901,6.75134204420278,-4.0180743682503e-06,7.80954763569357,0,1.95453624713639,0.0438730666930144,0.323407657477986,MV-202,sine_steer_python-1
710,2026年09月05日_22时52分41秒_第036次,2026-09-05T22:52:41,0.709,39.4793428748598,1.36562760186468e-05,-0.000182484994727089,6.76230860918353,-4.03876722099143e-06,7.82051399568083,0,1.95971010476849,0.0439858892925232,0.32400383283269,MV-202,sine_steer_python-1
711,2026年09月05日_22时52分41秒_第036次,2026-09-05T22:52:41,0.71,39.4783825702046,1.3624091547702e-05,-0.000181333064654983,6.77327490743515,-4.05949985719233e-06,7.83148008922193,0,1.96457450145738,0.044091793434676,0.324549235107637,MV-202,sine_steer_python-1
712,2026年09月05日_22时52分41秒_第036次,2026-09-05T22:52:41,0.711,39.4774226284311,1.35938747072488e-05,-0.000180182283560141,6.78424093917226,-4.08027132336081e-06,7.84244591697271,0,1.96912866905841,0.044190759166921,0.325043686296891,MV-202,sine_steer_python-1
713,2026年09月05日_22时52分41秒_第036次,2026-09-05T22:52:41,0.712,39.4764630440885,1.35655843118683e-05,-0.000179033944458846,6.79520670460701,-4.10108066639505e-06,7.8534114795832,0,1.97337188841574,0.0442827673839368,0.325487006296652,MV-202,sine_steer_python-1
714,2026年09月05日_22时52分41秒_第036次,2026-09-05T22:52:41,0.713,39.4755038121914,1.35391761537937e-05,-0.000177889327128031,6.80617220394901,-4.12192693521307e-06,7.86437677769653,0,1.97730348947583,0.044367799948717,0.325879017924123,MV-202,sine_steer_python-1
715,2026年09月05日_22时52分41秒_第036次,2026-09-05T22:52:41,0.714,39.4745449282341,1.35146030587277e-05,-0.000176749695219784,6.81713743740518,-4.14280918239752e-06,7.87534181194793,0,1.9809228513933,0.0444458397996507,0.326219551348039,MV-202,sine_steer_python-1
716,2026年09月05日_22时52分41秒_第036次,2026-09-05T22:52:41,0.715,39.4735863882039,1.34918149468565e-05,-0.000175616293873541,6.8281024051797,-4.16372646582745e-06,7.88630658296375,0,1.98422940262896,0.0445168710427343,0.326508447893969,MV-202,sine_steer_python-1
717,2026年09月05日_22时52分41秒_第036次,2026-09-05T22:52:41,0.716,39.4726281885929,1.34707588997758e-05,-0.000174490347083237,6.83906710747391,-4.18467785032946e-06,7.89727109136046,0,1.98722262104002,0.0445808790288405,0.326745563221549,MV-202,sine_steer_python-1
718,2026年09月05日_22时52分41秒_第036次,2026-09-05T22:52:41,0.717,39.4716703264077,1.34513792328176e-05,-0.000173373055215747,6.8500315444862,-4.2056624093118e-06,7.90823533774371,0,1.9899020339626,0.0446378504163161,0.326930769885422,MV-202,sine_steer_python-1
719,2026年09月05日_22时52分41秒_第036次,2026-09-05T22:52:41,0.718,39.4707127991783,1.34336175728473e-05,-0.00017226559263233,6.860995716412,-4.22667922639553e-06,7.91919932270745,0,1.99226721828634,0.0446877768299212,0.327064112160661,MV-202,sine_steer_python-1
720,2026年09月05日_22时52分41秒_第036次,2026-09-05T22:52:41,0.719,39.4697556049654,1.34174129415177e-05,-0.000171169105404553,6.87195962344364,-4.24772739703826e-06,7.93016304683298,0,1.99431780052123,0.0447306473102727,0.327145486088462,MV-202,sine_steer_python-1
721,2026年09月05日_22时52分41秒_第036次,2026-09-05T22:52:41,0.72,39.4687987423666,1.34027018439468e-05,-0.00017008470896676,6.88292326577036,-4.26880603013799e-06,7.94112651068817,0,1.99605345685654,0.0447664501603218,0.327174718279347,MV-202,sine_steer_python-1
722,2026年09月05日_22时52分41秒_第036次,2026-09-05T22:52:41,0.721,39.4678422105197,1.33894183624265e-05,-0.00016901348599799,6.89388664357822,-4.28991424961965e-06,7.95208971482659,0,1.99747391321203,0.0447951798595432,0.327151857446505,MV-202,sine_steer_python-1
723,2026年09月05日_22时52分41秒_第036次,2026-09-05T22:52:41,0.722,39.4668860091067,1.33774942553639e-05,-0.000167956484391854,6.90484975705009,-4.31105119600048e-06,7.96305265978676,0,1.99857894528118,0.0448168304047244,0.327076894035021,MV-202,sine_steer_python-1
724,2026年09月05日_22时52分41秒_第036次,2026-09-05T22:52:41,0.723,39.4659301383546,1.33668590612568e-05,-0.000166914715163178,6.9158126063656,-4.33221602793607e-06,7.9740153460914,0,1.9993683785666,0.0448314494745192,0.326952050517463,MV-202,sine_steer_python-1
725,2026年09月05日_22时52分41秒_第036次,2026-09-05T22:52:41,0.724,39.4649745990352,1.33574402073811e-05,-0.000165889150650017,6.92677519170112,-4.35340792372128e-06,7.98497777424671,0,1.99984208840763,0.0448390515181925,0.326778104259163,MV-202,sine_steer_python-1
726,2026年09月05日_22时52分41秒_第036次,2026-09-05T22:52:41,0.725,39.4640193924641,1.33491631232388e-05,-0.000164880722628746,6.93773751322978,-4.37462608277669e-06,7.99593994474176,0,2,0.0448396288974539,0.326554859345506,MV-202,sine_steer_python-1
727,2026年09月05日_22时52分41秒_第036次,2026-09-05T22:52:41,0.726,39.4630645204976,1.33419513584348e-05,-0.00016389032068968,6.94869957112139,-4.39586972708416e-06,8.00690185804782,0,1.99984208840763,0.044833178291769,0.32628226335446,MV-202,sine_steer_python-1
728,2026年09月05日_22时52分41秒_第036次,2026-09-05T22:52:41,0.727,39.4621099855283,1.33357267049304e-05,-0.000162918790709298,6.95966136554253,-4.4171381025909e-06,8.01786351461782,0,1.9993683785666,0.0448196999134161,0.325960374454224,MV-202,sine_steer_python-1
729,2026年09月05日_22时52分41秒_第036次,2026-09-05T22:52:41,0.728,39.4611557904798,1.33304093235036e-05,-0.000161966933158277,6.97062289665649,-4.43843048057012e-06,8.0288249148858,0,1.99857894528118,0.04479924563125,0.325591398044822,MV-202,sine_steer_python-1
730,2026年09月05日_22时52分41秒_第036次,2026-09-05T22:52:41,0.729,39.4602019387993,1.3325917873759e-05,-0.000161035501959678,6.98158416462333,-4.45974615892859e-06,8.03978605926646,0,1.99747391321203,0.0447718234152235,0.325175642286926,MV-202,sine_steer_python-1
731,2026年09月05日_22时52分41秒_第036次,2026-09-05T22:52:41,0.73,39.4592484344497,1.33221696482076e-05,-0.000160125203177275,6.9925451695999,-4.48108446346982e-06,8.0507469481547,0,1.99605345685654,0.04473742851696,0.324712838215236,MV-202,sine_steer_python-1
732,2026年09月05日_22时52分41秒_第036次,2026-09-05T22:52:41,0.731,39.4582952819,1.33190807095842e-05,-0.000159236693794073,7.00350591173986,-4.50244474910823e-06,8.06170758192523,0,1.99431780052123,0.0446960544879979,0.324202605670858,MV-202,sine_steer_python-1
733,2026年09月05日_22时52分41秒_第036次,2026-09-05T22:52:41,0.732,39.4573424861143,1.33165660312815e-05,-0.000158370580776216,7.01446639119373,-4.52382640101506e-06,8.07266796093226,0,1.99226721828634,0.0446476934005076,0.323644463150154,MV-202,sine_steer_python-1
734,2026年09月05日_22时52分41秒_第036次,2026-09-05T22:52:41,0.733,39.4563900525406,1.33145396407686e-05,-0.000157527420245573,7.02542660810894,-4.54522883571767e-06,8.08362808550918,0,1.9899020339626,0.0445923369806869,0.323037875129516,MV-202,sine_steer_python-1
735,2026年09月05日_22时52分41秒_第036次,2026-09-05T22:52:41,0.734,39.4554379870969,1.33129147657796e-05,-0.000156707716540358,7.03638656262989,-4.56665150213544e-06,8.09458795596836,0,1.98722262104002,0.0445299774637899,0.322382288972625,MV-202,sine_steer_python-1
736,2026年09月05日_22时52分41秒_第036次,2026-09-05T22:52:41,0.735,39.4544862961578,1.33116039825655e-05,-0.000155911921681929,7.04734625489801,-4.58809388254293e-06,8.10554757260092,0,1.98422940262896,0.0444606119806434,0.321677319859451,MV-202,sine_steer_python-1
737,2026年09月05日_22时52分41秒_第036次,2026-09-05T22:52:41,0.736,39.4535349865391,1.33105193664185e-05,-0.00015514043484476,7.05830568505185,-4.6095554934775e-06,8.11650693567662,0,1.9809228513933,0.0443842343003443,0.320922401933228,MV-202,sine_steer_python-1
738,2026年09月05日_22时52分41秒_第036次,2026-09-05T22:52:41,0.737,39.4525840654819,1.33095726439422e-05,-0.000154393601898691,7.0692648532271,-4.63103588657324e-06,8.12746604544374,0,1.97730348947583,0.0443008396217778,0.320116990912737,MV-202,sine_steer_python-1
739,2026年09月05日_22时52分41秒_第036次,2026-09-05T22:52:41,0.738,39.4516335406353,1.3308675346686e-05,-0.000153671715213948,7.08022375955677,-4.65253464932033e-06,8.1384249021291,0,1.97337188841574,0.044210424960155,0.319260580482898,MV-202,sine_steer_python-1
740,2026年09月05日_22时52分41秒_第036次,2026-09-05T22:52:41,0.739,39.4506834200392,1.33077389660357e-05,-0.000152975013372846,7.09118240417116,-4.67405140576306e-06,8.14938350593801,0,1.96912866905841,0.0441129893367638,0.318352710387661,MV-202,sine_steer_python-1
741,2026年09月05日_22时52分41秒_第036次,2026-09-05T22:52:41,0.74,39.449733712105,1.33066751087656e-05,-0.000152303681289129,7.10214078719809,-4.69558581710602e-06,8.16034185705435,0,1.96457450145738,0.0440085339419238,0.317392973378023,MV-202,sine_steer_python-1
742,2026年09月05日_22时52分41秒_第036次,2026-09-05T22:52:41,0.741,39.4487844255967,1.33053956532748e-05,-0.000151657850263262,7.11309890876289,-4.71713758226162e-06,8.1712999556407,0,1.95971010476849,0.0438970622682409,0.316381020904679,MV-202,sine_steer_python-1
743,2026年09月05日_22时52分41秒_第036次,2026-09-05T22:52:41,0.742,39.447835569611,1.33038129059744e-05,-0.0001510375980718,7.12405676898857,-4.73870643830841e-06,8.18225780183848,0,1.95453624713639,0.0437785802082966,0.315316567309771,MV-202,sine_steer_python-1
744,2026年09月05日_22时52分41秒_第036次,2026-09-05T22:52:41,0.743,39.4468871535565,1.33018397572892e-05,-0.000150442949469761,7.13501436799591,-4.76029216087083e-06,8.19321539576817,0,1.94905374557315,0.0436530961158339,0.314199392477827,MV-202,sine_steer_python-1
745,2026年09月05日_22时52分41秒_第036次,2026-09-05T22:52:41,0.744,39.4459391871326,1.32993898374923e-05,-0.000149873876539609,7.1459717059036,-4.78189456442672e-06,8.20417273752954,0,1.94326346582935,0.0435206208290338,0.313029342886099,MV-202,sine_steer_python-1
746,2026年09月05日_22时52分41秒_第036次,2026-09-05T22:52:41,0.745,39.4449916803084,1.32963776715266e-05,-0.000149330299342703,7.15692878282833,-4.80351350252434e-06,8.21512982720196,0,1.93716632225726,0.0433811676551162,0.311806331021666,MV-202,sine_steer_python-1
747,2026年09月05日_22时52分41秒_第036次,2026-09-05T22:52:41,0.746,39.4440446433,1.32927188328202e-05,-0.00014881208643929,7.16788559888495,-4.82514886792655e-06,8.22608666484479,0,1.93076327766655,0.0432347523172909,0.310530333208781,MV-202,sine_steer_python-1
748,2026年09月05日_22时52分41秒_第036次,2026-09-05T22:52:41,0.747,39.4430980865489,1.32883300953896e-05,-0.000148319055859093,7.17884215418658,-4.84680059266254e-06,8.23704325049768,0,1.92405534317217,0.0430813928674729,0.309201385991077,MV-202,sine_steer_python-1
749,2026年09月05日_22时52分41秒_第036次,2026-09-05T22:52:41,0.748,39.4421520206993,1.32831295844387e-05,-0.000147850975986799,7.18979844884476,-4.86846864800481e-06,8.24799958418108,0,1.91704357803475,0.0429211095705496,0.307819581313965,MV-202,sine_steer_python-1
750,2026年09月05日_22时52分41秒_第036次,2026-09-05T22:52:41,0.749,39.4412064565751,1.32770369247632e-05,-0.000147407566380353,7.20075448296958,-4.89015304436666e-06,8.25895566589667,0,1.90972908949329,0.0427539247678645,0.30638506083206,MV-202,sine_steer_python-1
751,2026年09月05日_22时52分41秒_第036次,2026-09-05T22:52:41,0.75,39.4402614051574,1.32699733864795e-05,-0.000146988499138947,7.21171025666982,-4.91185383110194e-06,8.26991149562792,0,1.90211303259031,0.0425798627285614,0.304898009707878,MV-202,sine_steer_python-1
752,2026年09月05日_22时52分41秒_第036次,2026-09-05T22:52:41,0.751,39.4393168775616,1.32618620284039e-05,-0.000146593399916581,7.2226657700531,-4.9335710962419e-06,8.28086707334059,0,1.89419660998949,0.0423989494974792,0.303358650270006,MV-202,sine_steer_python-1
753,2026年09月05日_22时52分41秒_第036次,2026-09-05T22:52:41,0.752,39.4383728850142,1.32526278380561e-05,-0.000146221849327352,7.23362102322604,-4.95530496613395e-06,8.29182239898334,0,1.88598107178573,0.0422112127475174,0.301767235866122,MV-202,sine_steer_python-1
754,2026年09月05日_22时52分41秒_第036次,2026-09-05T22:52:41,0.753,39.4374294388302,1.32421978684918e-05,-0.000145873384276723,7.24457601629438,-4.97705560501322e-06,8.30277747248836,0,1.87746771530775,0.0420166816429404,0.300124045184722,MV-202,sine_steer_python-1
755,2026年09月05日_22时52分41秒_第036次,2026-09-05T22:52:41,0.754,39.4364865503903,1.32305013714299e-05,-0.000145547499518602,7.25553074936316,-4.99882321448031e-06,8.31373229377205,0,1.86865788491322,0.0418153867182644,0.298429377242091,MV-202,sine_steer_python-1
756,2026年09月05日_22时52分41秒_第036次,2026-09-05T22:52:41,0.755,39.4355442311185,1.32174699265311e-05,-0.000145243649089271,7.26648522253686,-5.02060803291363e-06,8.32468686273567,0,1.8595529717765,0.0416073597754322,0.296683547148935,MV-202,sine_steer_python-1
757,2026年09月05日_22时52分41秒_第036次,2026-09-05T22:52:41,0.756,39.4346024924599,1.3203037566336e-05,-0.000144961248097788,7.27743943591953,-5.04241033479313e-06,8.33564117926609,0,1.85015441366892,0.0413926338001323,0.294886882692769,MV-202,sine_steer_python-1
758,2026年09月05日_22时52分41秒_第036次,2026-09-05T22:52:41,0.757,39.4336613458582,1.31871408969945e-05,-0.000144699674270513,7.28839338961501,-5.06423042995301e-06,8.34659524323652,0,1.84046369473174,0.0411712428964942,0.293039721703558,MV-202,sine_steer_python-1
759,2026年09月05日_22时52分41秒_第036次,2026-09-05T22:52:41,0.758,39.4327208027349,1.31697192139893e-05,-0.00014445826987799,7.29934708372701,-5.08606866276081e-06,8.3575490545073,0,1.83048234524183,0.0409432222380751,0.291142410114278,MV-202,sine_steer_python-1
760,2026年09月05日_22时52分41秒_第036次,2026-09-05T22:52:41,0.759,39.4317808744677,1.31507146132431e-05,-0.000144236343410236,7.31030051835934,-5.1079254112185e-06,8.3685026129267,0,1.82021194136999,0.0407086080320871,0.289195300587219,MV-202,sine_steer_python-1
761,2026年09月05日_22时52分41秒_第036次,2026-09-05T22:52:41,0.76,39.4308415723696,1.31300720967082e-05,-0.000144033171694952,7.32125369361598,-5.12980108599916e-06,8.37945591833174,0,1.80965410493204,0.0404674374932429,0.287198751552775,MV-202,sine_steer_python-1
762,2026年09月05日_22时52分41秒_第036次,2026-09-05T22:52:41,0.761,39.4299029076691,1.31077396730224e-05,-0.000143848001577019,7.33220660960133,-5.15169612941259e-06,8.39040897054903,0,1.79881050313274,0.0402197488234581,0.285153126501351,MV-202,sine_steer_python-1
763,2026年09月05日_22时52分41秒_第036次,2026-09-05T22:52:41,0.762,39.4289648914902,1.30836684520779e-05,-0.000143680052062365,7.34315926642027,-5.17361101430054e-06,8.40136176939562,0,1.78768284830253,0.0399655811939608,0.283058793382413,MV-202,sine_steer_python-1
764,2026年09月05日_22时52分41秒_第036次,2026-09-05T22:52:41,0.763,39.428027534834,1.30578127341326e-05,-0.000143528516344546,7.35411166417838,-5.19554624287606e-06,8.41231431467988,0,1.77627289762709,0.0397049747271091,0.280916123996287,MV-202,sine_steer_python-1
765,2026年09月05日_22时52分41秒_第036次,2026-09-05T22:52:41,0.764,39.4270908485593,1.30301300929487e-05,-0.00014339256383152,7.36506380298209,-5.21750234549424e-06,8.4232666062024,0,1.76458245286991,0.0394379704763161,0.278725493310889,MV-202,sine_steer_python-1
766,2026年09月05日_22时52分41秒_第036次,2026-09-05T22:52:41,0.765,39.4261548433658,1.30005814527208e-05,-0.00014327134219666,7.37601568293877,-5.23947987937023e-06,8.4342186437569,0,1.75261336008773,0.0391646113111494,0.276487317098612,MV-202,sine_steer_python-1
767,2026年09月05日_22时52分41秒_第036次,2026-09-05T22:52:41,0.766,39.4252195297769,1.29691311587292e-05,-0.000143163979590164,7.38696730415695,-5.26147942723777e-06,8.44517042713107,0,1.74036750933905,0.0388849971821708,0.274204391039151,MV-202,sine_steer_python-1
768,2026年09月05日_22时52分41秒_第036次,2026-09-05T22:52:41,0.767,39.424284918123,1.2935747041743e-05,-0.000143069586658448,7.39791866674642,-5.28350159595904e-06,8.45612195610759,0,1.72784683438567,0.0385992074146417,0.271878601906271,MV-202,sine_steer_python-1
769,2026年09月05日_22时52分41秒_第036次,2026-09-05T22:52:41,0.768,39.4233510185267,1.29004004757116e-05,-0.000142987258768447,7.40886977081839,-5.30554701508173e-06,8.46707323046496,0,1.7150533123873,0.0383072933053864,0.269510614909861,MV-202,sine_steer_python-1
770,2026年09月05日_22时52分41秒_第036次,2026-09-05T22:52:41,0.769,39.4224178408881,1.28630664289897e-05,-0.000142916078121394,7.41982061648562,-5.32761633535227e-06,8.47802424997847,0,1.70198896358938,0.0380093268163627,0.267101934585824,MV-202,sine_steer_python-1
771,2026年09月05日_22时52分41秒_第036次,2026-09-05T22:52:41,0.77,39.4214853948704,1.28237235087684e-05,-0.000142855115892655,7.43077120386259,-5.34971022718641e-06,8.48897501442108,0,1.68865585100403,0.0377054182166487,0.26465565136556,MV-202,sine_steer_python-1
772,2026年09月05日_22时52分41秒_第036次,2026-09-05T22:52:41,0.771,39.4205536898878,1.27823539987106e-05,-0.000142803434334231,7.44172153306557,-5.37182937909974e-06,8.49992552356441,0,1.67505608008428,0.0373956245513137,0.262172568180968,MV-202,sine_steer_python-1
773,2026年09月05日_22时52分41秒_第036次,2026-09-05T22:52:41,0.772,39.4196227350929,1.27389438896755e-05,-0.000142760089067501,7.45267160421282,-5.39397449610434e-06,8.51087577717958,0,1.66119179839162,0.0370799976787862,0.259653233777939,MV-202,sine_steer_python-1
774,2026年09月05日_22时52分41秒_第036次,2026-09-05T22:52:41,0.773,39.4186925393658,1.26934829037928e-05,-0.000142724130974422,7.46362141742467,-5.4161462980696e-06,8.52182577503815,0,1.64706519525686,0.0367585870476701,0.257098060420093,MV-202,sine_steer_python-1
775,2026年09月05日_22时52分41秒_第036次,2026-09-05T22:52:41,0.774,39.4177631113037,1.26459645111653e-05,-0.000142694608403927,7.47457097282364,-5.43834551806206e-06,8.53277551691303,0,1.63267850143437,0.0364314401468391,0.25450734314324,MV-202,sine_steer_python-1
776,2026年09月05日_22时52分41秒_第036次,2026-09-05T22:52:41,0.775,39.4168344592118,1.25963859399147e-05,-0.000142670569289643,7.4855202705346,-5.46057290065079e-06,8.54372500257937,0,1.6180339887499,0.0360986030635073,0.251881283603122,MV-202,sine_steer_python-1
777,2026年09月05日_22时52分41秒_第036次,2026-09-05T22:52:41,0.776,39.4159065910947,1.25447481792142e-05,-0.000142651063072967,7.49646931068484,-5.48282920020287e-06,8.55467423181539,0,1.60313396974175,0.0357601209670378,0.249220010800562,MV-202,sine_steer_python-1
778,2026年09月05日_22时52分41秒_第036次,2026-09-05T22:52:41,0.777,39.414979514649,1.24910559752174e-05,-0.000142635142770083,7.50741809340421,-5.50511517915225e-06,8.5656232044033,0,1.58798079729567,0.0354160593835782,0.246524482678761,MV-202,sine_steer_python-1
779,2026年09月05日_22时52分41秒_第036次,2026-09-05T22:52:41,0.778,39.4140532372566,1.24353178201254e-05,-0.000142621866898422,7.51836661882519,-5.52743160626317e-06,8.57657192013013,0,1.57257686427324,0.0350665608048153,0.243798884781773,MV-202,sine_steer_python-1
780,2026年09月05日_22时52分41秒_第036次,2026-09-05T22:52:41,0.779,39.4131277659795,1.23775459342901e-05,-0.000142610301448998,7.52931488708301,-5.54977925487891e-06,8.58752037878853,0,1.55692460313405,0.034711732450708,0.241045874799357,MV-202,sine_steer_python-1
781,2026年09月05日_22时52分41秒_第036次,2026-09-05T22:52:41,0.78,39.4122031075548,1.23177562415071e-05,-0.000142599521686038,7.54026289831574,-5.57215890116879e-06,8.59846858017761,0,1.54102648555158,0.0343516892870827,0.238268405710585,MV-202,sine_steer_python-1
782,2026年09月05日_22时52分41秒_第036次,2026-09-05T22:52:41,0.781,39.4112792683908,1.22559683373647e-05,-0.000142588613918068,7.55121065266439,-5.59457132237231e-06,8.6094165241037,0,1.5248850220229,0.0339864384765774,0.235464830940731,MV-202,sine_steer_python-1
783,2026年09月05日_22时52分41秒_第036次,2026-09-05T22:52:41,0.782,39.4103562545646,1.21922054508005e-05,-0.00014257667742165,7.56215815027295,-5.61701729504592e-06,8.62036421038113,0,1.50850276147221,0.0336159824236229,0.232633270352129,MV-202,sine_steer_python-1
784,2026年09月05日_22时52分41秒_第036次,2026-09-05T22:52:41,0.783,39.4094340718196,1.21264943992417e-05,-0.00014256282595069,7.57310539128854,-5.6394975933164e-06,8.63131163883296,0,1.49188229084836,0.0332403237161977,0.229771819955045,MV-202,sine_steer_python-1
785,2026年09月05日_22时52分41秒_第036次,2026-09-05T22:52:41,0.784,39.408512725565,1.20588655367991e-05,-0.000142546189497855,7.58405237586138,-5.66201298714307e-06,8.64225880929167,0,1.47502623471635,0.0328594674826381,0.226878651953997,MV-202,sine_steer_python-1
786,2026年09月05日_22时52分41秒_第036次,2026-09-05T22:52:41,0.785,39.4075922208752,1.19893526962389e-05,-0.000142525915750278,7.59499910414496,-5.68456424059724e-06,8.65320572159989,0,1.45793725484282,0.0324734232048974,0.223952091727783,MV-202,sine_steer_python-1
787,2026年09月05日_22时52分41秒_第036次,2026-09-05T22:52:41,0.786,39.4066725624904,1.19179931243772e-05,-0.000142501171696269,7.60594557629603,-5.70715211015493e-06,8.664152375611,0,1.44061804977581,0.0320822059990496,0.220990672269055,MV-202,sine_steer_python-1
788,2026年09月05日_22时52分41秒_第036次,2026-09-05T22:52:41,0.787,39.4057537548184,1.18448274114127e-05,-0.000142471144930458,7.61689179247466,-5.7297773430148e-06,8.67509877118978,0,1.42307135441857,0.0316858374310615,0.217993170394103,MV-202,sine_steer_python-1
789,2026年09月05日_22时52分41秒_第036次,2026-09-05T22:52:41,0.788,39.4048358019367,1.17698994139278e-05,-0.000142435045175952,7.62783775284433,-5.75244067543611e-06,8.68604490821301,0,1.4052999395977,0.0312843460259821,0.214958628016083,MV-202,sine_steer_python-1
790,2026年09月05日_22时52分41秒_第036次,2026-09-05T22:52:41,0.789,39.4039187075954,1.16932561721985e-05,-0.000142392105311399,7.63878345757192,-5.77514283111482e-06,8.69699078657,0,1.38730661162561,0.0308777671335781,0.211886341842258,MV-202,sine_steer_python-1
791,2026年09月05日_22时52分41秒_第036次,2026-09-05T22:52:41,0.79,39.4030024752214,1.16149478212959e-05,-0.000142341582827842,7.64972890682777,-5.79788451957877e-06,8.70793640616312,0,1.36909421185738,0.0304661426921666,0.208775858705806,MV-202,sine_steer_python-1
792,2026年09月05日_22时52分41秒_第036次,2026-09-05T22:52:41,0.791,39.4020871079228,1.15350274969646e-05,-0.000142282760763718,7.66067410078571,-5.82066643462906e-06,8.71888176690832,0,1.35066561624205,0.0300495209102694,0.205626961812291,MV-202,sine_steer_python-1
793,2026年09月05日_22时52分41秒_第036次,2026-09-05T22:52:41,0.792,39.4011726084937,1.14535512356832e-05,-0.000142214948758825,7.67161903962307,-5.8434892528126e-06,8.72982686873556,0,1.33202373486851,0.0296279558249216,0.202439652142462,MV-202,sine_steer_python-1
794,2026年09月05日_22时52分41秒_第036次,2026-09-05T22:52:41,0.793,39.4002589794209,1.13705778694962e-05,-0.000142137484150651,7.68256372352071,-5.86635363194195e-06,8.7407717115892,0,1.31317151150591,0.0292015068050122,0.199214127710323,MV-202,sine_steer_python-1
795,2026年09月05日_22时52分41秒_第036次,2026-09-05T22:52:41,0.794,39.39934622289,1.12861689159748e-05,-0.000142049732638347,7.69350815266304,-5.88926020965699e-06,8.75171629542846,0,1.29411192313889,0.0287702380452663,0.195950762476486,MV-202,sine_steer_python-1
796,2026年09月05日_22时52分41秒_第036次,2026-09-05T22:52:41,0.795,39.3984343407924,1.12003884628785e-05,-0.000141951089299121,7.70445232723797,-5.91220960203299e-06,8.7626606202277,0,1.27484797949738,0.0283342180747068,0.192650085893154,MV-202,sine_steer_python-1
797,2026年09月05日_22时52分41秒_第036次,2026-09-05T22:52:41,0.796,39.3975233347335,1.11133030485488e-05,-0.00014184097904044,7.71539624743699,-5.93520240224665e-06,8.77360468597673,0,1.2553827225814,0.0278935192857701,0.189312763334216,MV-202,sine_steer_python-1
798,2026年09月05日_22时52分41秒_第036次,2026-09-05T22:52:41,0.797,39.3966132060404,1.10249815373807e-05,-0.000141718857474521,7.7263399134551,-5.95823917928519e-06,8.78454849268113,0,1.23571922618067,0.0274482174788249,0.185939577186472,MV-202,sine_steer_python-1
799,2026年09月05日_22时52分41秒_第036次,2026-09-05T22:52:41,0.798,39.3957039557713,1.09354949914809e-05,-0.000141584211314683,7.73728332549082,-5.98132047671791e-06,8.79549204036245,0,1.21586059538921,0.0269983914117739,0.182531408164467,MV-202,sine_steer_python-1
800,2026年09月05日_22时52分41秒_第036次,2026-09-05T22:52:41,0.799,39.3947955847239,1.08449165380065e-05,-0.000141436558867139,7.74822648374618,-6.00444681152592e-06,8.80643532905838,0,1.19580996611504,0.0265441223452034,0.179089216445287,MV-202,sine_steer_python-1
801,2026年09月05日_22时52分41秒_第036次,2026-09-05T22:52:41,0.8,39.3938880934458,1.07533212328416e-05,-0.00014127545037367,7.75916938842667,-6.02761867299128e-06,8.81737835882297,0,1.17557050458495,0.0260854935788244,0.175614022443185,MV-202,sine_steer_python-1
802,2026年09月05日_22时52分41秒_第036次,2026-09-05T22:52:41,0.801,39.392981482244,1.06607859206799e-05,-0.000141100468504252,7.77011203974124,-6.0508365216449e-06,8.82832112972672,0,1.15514540684454,0.0256225899826014,0.172106887369533,MV-202,sine_steer_python-1
803,2026年09月05日_22时52分41秒_第036次,2026-09-05T22:52:41,0.802,39.3920757511955,1.0567389092112e-05,-0.000140911228215766,7.78105443790225,-6.07410078828968e-06,8.83926364185663,0,1.13453789825351,0.0251554975336737,0.168568894049165,MV-202,sine_steer_python-1
804,2026年09月05日_22时52分41秒_第036次,2026-09-05T22:52:41,0.803,39.3911709001578,1.04732107371305e-05,-0.000140707377281094,7.79199658312543,-6.09741187307608e-06,8.85020589531631,0,1.11375123297638,0.0246843028757729,0.165001128698517,MV-202,sine_steer_python-1
805,2026年09月05日_22时52分41秒_第036次,2026-09-05T22:52:41,0.804,39.3902669287797,1.03783321965714e-05,-0.000140488596106241,7.80293847562982,-6.12077014466098e-06,8.86114789022595,0,1.09278869346854,0.0242090929201531,0.161404664469345,MV-202,sine_steer_python-1
806,2026年09月05日_22时52分41秒_第036次,2026-09-05T22:52:41,0.805,39.3893638365129,1.0282836010614e-05,-0.000140254597831639,7.81388011563777,-6.14417593942176e-06,8.87208962672229,0,1.07165358995799,0.0237299545057696,0.157780547508352,MV-202,sine_steer_python-1
807,2026年09月05日_22时52分41秒_第036次,2026-09-05T22:52:41,0.806,39.388461622623,1.01868057653021e-05,-0.000140005128254774,7.82482150337482,-6.16762956075234e-06,8.88303110495858,0,1.05034925992259,0.0232469740983999,0.15412978592628,MV-202,sine_steer_python-1
808,2026年09月05日_22时52分41秒_第036次,2026-09-05T22:52:41,0.807,39.3875602862007,1.00903259371697e-05,-0.000139739965607904,7.83576263906968,-6.19113127842732e-06,8.89397232510449,0,1.02887906756301,0.0227602375038741,0.150453336593508,MV-202,sine_steer_python-1
809,2026年09月05日_22时52分41秒_第036次,2026-09-05T22:52:41,0.808,39.386659826174,9.99348173613458e-06,-0.000139458920431625,7.84670352295417,-6.21468132803676e-06,8.90491328734594,0,1.00724640327152,0.0222698299771271,0.146752108479817,MV-202,sine_steer_python-1
810,2026年09月05日_22时52分41秒_第036次,2026-09-05T22:52:41,0.809,39.3857602413195,9.89635894724293e-06,-0.000139161835269161,7.85764415526312,-6.23827991049809e-06,8.91585399188498,0,0.985454683096584,0.0217758361663689,0.143026963270013,MV-202,sine_steer_python-1
811,2026年09月05日_22时52分41秒_第036次,2026-09-05T22:52:41,0.81,39.3848615302739,9.79904377132229e-06,-0.0001388485842493,7.86858453623433,-6.26192719164359e-06,8.92679443893957,0,0.963507348203432,0.021278340106124,0.139278715253506,MV-202,sine_steer_python-1
812,2026年09月05日_22时52分41秒_第036次,2026-09-05T22:52:41,0.811,39.3839636915461,9.70162266485009e-06,-0.000138519072854002,7.87952466610849,-6.28562330188159e-06,8.93773462874334,0,0.941407864330668,0.0207774252797773,0.135508134335265,MV-202,sine_steer_python-1
813,2026年09月05日_22时52分41秒_第036次,2026-09-05T22:52:41,0.812,39.3830667235287,9.6041821797087e-06,-0.000138173237252026,7.89046454512907,-6.30936833592867e-06,8.94867456154539,0,0.919159721242974,0.0202731747212028,0.131715950775121,MV-202,sine_steer_python-1
814,2026年09月05日_22时52分41秒_第036次,2026-09-05T22:52:41,0.813,39.3821706245093,9.5068088024232e-06,-0.000137811043962795,7.90140417354228,-6.33316235262598e-06,8.95961423760993,0,0.896766432180064,0.0197656711349945,0.127902860740225,MV-202,sine_steer_python-1
815,2026年09月05日_22时52分41秒_第036次,2026-09-05T22:52:41,0.814,39.3812753926822,9.40958879404176e-06,-0.000137432489154253,7.91234355159696,-6.35700537482412e-06,8.97055365721602,0,0.874231533301864,0.0192549970196819,0.124069531995616,MV-202,sine_steer_python-1
816,2026年09月05日_22时52分41秒_第036次,2026-09-05T22:52:41,0.815,39.3803810261599,9.31260803022139e-06,-0.000137037598121496,7.92328267954449,-6.38089738934617e-06,8.98149282065719,0,0.851558583130145,0.0187412347819508,0.120216609221964,MV-202,sine_steer_python-1
817,2026年09月05日_22时52分41秒_第036次,2026-09-05T22:52:41,0.816,39.3794875229839,9.21595184238041e-06,-0.000136626424599793,7.9342215576387,-6.40483834702342e-06,8.99243172824109,0,0.828751161986569,0.0182244678972215,0.116344763637671,MV-202,sine_steer_python-1
818,2026年09月05日_22时52分41秒_第036次,2026-09-05T22:52:41,0.817,39.3785948811356,9.11970485991552e-06,-0.000136199050002771,7.94516018613578,-6.42882816281088e-06,9.00337038028913,0,0.805812871427327,0.017704872745771,0.11245858129423,MV-202,sine_steer_python-1
819,2026年09月05日_22时52分41秒_第036次,2026-09-05T22:52:41,0.818,39.3777030985475,9.02395085385111e-06,-0.000135755582784091,7.9560985652942,-6.4528667159668e-06,9.01430877713599,0,0.782747333674405,0.0171826366036874,0.108563091477578,MV-202,sine_steer_python-1
820,2026年09月05日_22时52分41秒_第036次,2026-09-05T22:52:41,0.819,39.376812173113,8.92877258240267e-06,-0.00013529615755534,7.96703669537457,-6.4769538503155e-06,9.02524691912925,0,0.759558191043604,0.0166578192680718,0.104657909570699,MV-202,sine_steer_python-1
821,2026年09月05日_22时52分41秒_第036次,2026-09-05T22:52:41,0.82,39.3759221026973,8.8342516384933e-06,-0.000134820934348573,7.97797457663957,-6.50108937457249e-06,9.0361848066289,0,0.736249105369359,0.0161304688795874,0.100742140918055,MV-202,sine_steer_python-1
822,2026年09月05日_22时52分41秒_第036次,2026-09-05T22:52:41,0.821,39.3750328851465,8.74046829978461e-06,-0.000134330097728739,7.98891220935385,-6.52527306274664e-06,9.04712244000689,0,0.7128237574265,0.0156006320750128,0.0968148111813445,MV-202,sine_steer_python-1
823,2026年09月05日_22时52分41秒_第036次,2026-09-05T22:52:41,0.822,39.3741445182976,8.64750138134012e-06,-0.000133823855899354,7.99984959378392,-6.54950465460801e-06,9.05805981964661,0,0.689285846349034,0.0150683558042049,0.0928749437556305,MV-202,sine_steer_python-1
824,2026年09月05日_22时52分41秒_第036次,2026-09-05T22:52:41,0.823,39.3732569999875,8.5554280912773e-06,-0.000133302439924533,8.01078673019802,-6.57378385622249e-06,9.06899694594239,0,0.665639089045974,0.0145336888040957,0.0889216226413427,MV-202,sine_steer_python-1
825,2026年09月05日_22时52分41秒_第036次,2026-09-05T22:52:41,0.824,39.3723703280619,8.46432388988767e-06,-0.000132766102637094,8.02172361886606,-6.59811034055831e-06,9.07993381929898,0,0.641887219614418,0.0139966827179975,0.0849540403089909,MV-202,sine_steer_python-1
826,2026年09月05日_22时52分41秒_第036次,2026-09-05T22:52:41,0.825,39.3714845003835,8.37426235207656e-06,-0.000132215117836305,8.03266026005948,-6.62248374814735e-06,9.090870440131,0,0.618033988749896,0.0134573928808291,0.0809715314337527,MV-202,sine_steer_python-1
827,2026年09月05日_22时52分41秒_第036次,2026-09-05T22:52:41,0.826,39.3705995148403,8.28531503390149e-06,-0.000131649779294388,8.04359665405117,-6.64690368781504e-06,9.10180680886245,0,0.594083163154072,0.0129158788115129,0.076973594245208,MV-202,sine_steer_python-1
828,2026年09月05日_22时52分41秒_第036次,2026-09-05T22:52:41,0.827,39.3697153693528,8.19755134316451e-06,-0.000131070399725209,8.05453280111532,-6.67136973747029e-06,9.11274292592604,0,0.570038524939953,0.0123722044621188,0.0729599015892836,MV-202,sine_steer_python-1
829,2026年09月05日_22时52分41秒_第036次,2026-09-05T22:52:41,0.828,39.3688320618813,8.11103841434043e-06,-0.000130477309940865,8.06546870152736,-6.69588144494984e-06,9.12367879176276,0,0.545903871034652,0.0118264382751144,0.0689303038751792,MV-202,sine_steer_python-1
830,2026年09月05日_22时52分41秒_第036次,2026-09-05T22:52:41,0.829,39.3679495904329,8.02584098838874e-06,-0.000129870857799692,8.07640435556383,-6.7204383289201e-06,9.13461440682119,0,0.521683012579794,0.011278653097236,0.06488482595964,MV-202,sine_steer_python-1
831,2026年09月05日_22时52分41秒_第036次,2026-09-05T22:52:41,0.83,39.3670679530669,7.94202129732685e-06,-0.000129251407138861,8.08733976350228,-6.74503987983624e-06,9.145549771557,0,0.497379774329708,0.0107289259924669,0.0608236597655795,MV-202,sine_steer_python-1
832,2026年09月05日_22时52分41秒_第036次,2026-09-05T22:52:41,0.831,39.3661871479018,7.85963895389996e-06,-0.000128619336923675,8.09827492562115,-6.7696855609423e-06,9.15648488643232,0,0.472997994047449,0.0101773842147272,0.0567491103455698,MV-202,sine_steer_python-1
833,2026年09月05日_22时52分41秒_第036次,2026-09-05T22:52:41,0.832,39.3653071731194,7.7787508468345e-06,-0.000127975040202876,8.10920984219967,-6.79437480932953e-06,9.16741975191518,0,0.448541521898763,0.00962433644653569,0.0526711502721608,MV-202,sine_steer_python-1
834,2026年09月05日_22时52分41秒_第036次,2026-09-05T22:52:41,0.833,39.3644280269704,7.69941104158731e-06,-0.000127318923091599,8.12014451351778,-6.81910703703515e-06,9.17835436847894,0,0.424014219844108,0.00906990845980138,0.0485920018234175,MV-202,sine_steer_python-1
835,2026年09月05日_22时52分41秒_第036次,2026-09-05T22:52:41,0.834,39.3635497077788,7.62167068686573e-06,-0.000126651403813076,8.13107893985599,-6.84388163218475e-06,9.18928873660165,0,0.399419961028815,0.00851419717097559,0.0445126568757534,MV-202,sine_steer_python-1
836,2026年09月05日_22时52分41秒_第036次,2026-09-05T22:52:41,0.835,39.3626722139451,7.54557792719171e-06,-0.00012597291173182,8.1420131214953,-6.86869796017203e-06,9.20022285676552,0,0.374762629171451,0.00795729543854787,0.0404339268515324,MV-202,sine_steer_python-1
837,2026年09月05日_22时52分41秒_第036次,2026-09-05T22:52:41,0.836,39.3617955439508,7.47117782162353e-06,-0.000125283886414867,8.15294705871709,-6.89355536488286e-06,9.21115672945634,0,0.350046117950556,0.00739929218954979,0.0363564486323222,MV-202,sine_steer_python-1
838,2026年09月05日_22时52分41秒_第036次,2026-09-05T22:52:41,0.837,39.3609196963605,7.39851226888497e-06,-0.00012458477659564,8.16388075180302,-6.91845316994521e-06,9.22209035516285,0,0.325274330389765,0.00684027327484443,0.032280721295447,MV-202,sine_steer_python-1
839,2026年09月05日_22时52分41秒_第036次,2026-09-05T22:52:41,0.838,39.3600446698249,7.32761993880403e-06,-0.000123876039283661,8.17481420103496,-6.94339068001402e-06,9.23302373437622,0,0.300451178241514,0.00628032216423733,0.0282071360721894,MV-202,sine_steer_python-1
840,2026年09月05日_22时52分41秒_第036次,2026-09-05T22:52:41,0.839,39.3591704630829,7.25853621049347e-06,-0.000123158138889245,8.18574740669483,-6.96836718208194e-06,9.24395686758949,0,0.275580581369274,0.00571952047145915,0.0241359991223266,MV-202,sine_steer_python-1
841,2026年09月05日_22时52分41秒_第036次,2026-09-05T22:52:41,0.84,39.3582970749632,7.1912931172995e-06,-0.00012243154620821,8.19668036906459,-6.99338194681986e-06,9.25488975529697,0,0.250666467128608,0.00515794834432742,0.0200675485793754,MV-202,sine_steer_python-1
842,2026年09月05日_22时52分41秒_第036次,2026-09-05T22:52:41,0.841,39.3574245043854,7.1259192984252e-06,-0.000121696737541181,8.20761308842608,-7.01843422993406e-06,9.26582239799374,0,0.225712769746964,0.00459568475590825,0.016001967418013,MV-202,sine_steer_python-1
843,2026年09月05日_22时52分41秒_第036次,2026-09-05T22:52:41,0.842,39.3565527503611,7.06243995751419e-06,-0.000120954194010148,8.21854556506097,-7.04352327354052e-06,9.2767547961751,0,0.200723429702432,0.0040328077382405,0.0119393938921288,MV-202,sine_steer_python-1
844,2026年09月05日_22时52分41秒_第036次,2026-09-05T22:52:41,0.843,39.3556818119943,7.00087682847057e-06,-0.00012020440039043,8.22947779925066,-7.06864830756275e-06,9.28768695033603,0,0.175702393101487,0.00346939460448347,0.00787993148313602,MV-202,sine_steer_python-1
845,2026年09月05日_22时52分41秒_第036次,2026-09-05T22:52:41,0.844,39.3548116884813,6.94124814779146e-06,-0.000119447844512334,8.24040979127619,-7.09380855113304e-06,9.29861886097071,0,0.150653611055867,0.0029055222010219,0.00382366011621904,MV-202,sine_steer_python-1
846,2026年09月05日_22时52分41秒_第036次,2026-09-05T22:52:41,0.845,39.3539423791105,6.88356863441899e-06,-0.000118685016426236,8.25134154141817,-7.11900321400864e-06,9.30955052857197,0,0.12558103905863,0.00234126721936539,-0.000229350093197096,MV-202,sine_steer_python-1
847,2026年09月05日_22时52分41秒_第036次,2026-09-05T22:52:41,0.846,39.3530738832619,6.82784947654049e-06,-0.000117916407433838,8.2622730499567,-7.14423149799193e-06,9.32048195363089,0,0.100488636359537,0.00177670656759466,-0.00427902257563891,MV-202,sine_steer_python-1
848,2026年09月05日_22时52分41秒_第036次,2026-09-05T22:52:41,0.847,39.3522062004059,6.77409832519764e-06,-0.000117142509609142,8.27320431717129,-7.16949259835105e-06,9.33141313663623,0,0.0753803653398687,0.00121191773768019,-0.00832525822912493,MV-202,sine_steer_python-1
849,2026年09月05日_22时52分41秒_第036次,2026-09-05T22:52:41,0.848,39.3513393301024,6.72231929544102e-06,-0.000116363814855112,8.2841353433408,-7.19478570524807e-06,9.34234407807407,0,0.0502601908866761,0.000646979035147804,-0.0123679251893797,MV-202,sine_steer_python-1
850,2026年09月05日_22时52分41秒_第036次,2026-09-05T22:52:41,0.849,39.3504732719987,6.67251297410782e-06,-0.000115580814217641,8.29506612874335,-7.22011000515114e-06,9.35327477842729,0,0.0251320797667044,8.19686420107433e-05,-0.0164068980426508,MV-202,sine_steer_python-1
851,2026年09月05日_22时52分41秒_第036次,2026-09-05T22:52:41,0.85,39.3496080258282,6.62467643462795e-06,-0.000114793997316874,8.30599667365626,-7.24546468225572e-06,9.36420523817524,0,7.34788079488412e-16,-0.000483036933037424,-0.0204421230061444,MV-202,sine_steer_python-1
852,2026年09月05日_22时52分41秒_第036次,2026-09-05T22:52:41,0.851,39.3487435914081,6.57880325897398e-06,-0.000114003851489184,8.316926978356,-7.27084891988335e-06,9.37513545779324,0,-0.0251320797667029,-0.00104796019925725,-0.0244735047699392,MV-202,sine_steer_python-1
853,2026年09月05日_22时52分41秒_第036次,2026-09-05T22:52:41,0.852,39.3478799686371,6.53488356600067e-06,-0.000113210861395015,8.32785704311811,-7.29626190187634e-06,9.38606543775227,0,-0.0502601908866746,-0.00161272113797298,-0.0285008403537472,MV-202,sine_steer_python-1
854,2026年09月05日_22时52分41秒_第036次,2026-09-05T22:52:41,0.853,39.3470171574931,6.49290404698792e-06,-0.000112415508170514,8.33878686821718,-7.32170281397459e-06,9.39699517851858,0,-0.0753803653398672,-0.00217723725245898,-0.032523820730521,MV-202,sine_steer_python-1
855,2026年09月05日_22时52分41秒_第036次,2026-09-05T22:52:41,0.854,39.3461551580304,6.45284800728293e-06,-0.000111618269043515,8.34971645392674,-7.34717084517299e-06,9.40792468055334,0,-0.100488636359539,-0.00274142382988531,-0.0365420414496251,MV-202,sine_steer_python-1
856,2026年09月05日_22时52分41秒_第036次,2026-09-05T22:52:41,0.855,39.3452939703771,6.41469541479817e-06,-0.000110819616617289,8.36064580051925,-7.37266518906498e-06,9.4188539443123,0,-0.125581039058629,-0.0033051942693491,-0.0405550160322671,MV-202,sine_steer_python-1
857,2026年09月05日_22时52分41秒_第036次,2026-09-05T22:52:41,0.856,39.344433594732,6.37842295451975e-06,-0.000110020018503853,8.37157490826605,-7.39818504515407e-06,9.42978297024553,0,-0.150653611055866,-0.00386846043071231,-0.0445621902259979,MV-202,sine_steer_python-1
858,2026年09月05日_22时52分41秒_第036次,2026-09-05T22:52:41,0.857,39.3435740313617,6.34400408943735e-06,-0.000109219936693893,8.38250377743731,-7.42372962014459e-06,9.44071175879707,0,-0.175702393101485,-0.00443113298181008,-0.0485629561787223,MV-202,sine_steer_python-1
859,2026年09月05日_22时52分41秒_第036次,2026-09-05T22:52:41,0.858,39.3427152805974,6.31140912718811e-06,-0.000108419827124095,8.39343240830199,-7.44929812921027e-06,9.45164031040472,0,-0.200723429702431,-0.00499312172594985,-0.0525566657744897,MV-202,sine_steer_python-1
860,2026年09月05日_22时52分41秒_第036次,2026-09-05T22:52:41,0.859,39.341857342832,6.28060529266325e-06,-0.000107620139265302,8.40436080112779,-7.47488979721722e-06,9.46256862549975,0,-0.225712769746963,-0.00555433589047227,-0.0565426423215215,MV-202,sine_steer_python-1
861,2026年09月05日_22时52分41秒_第036次,2026-09-05T22:52:41,0.86,39.3410002185169,6.25155680614079e-06,-0.000106821315582628,8.41528895618114,-7.50050385993142e-06,9.47349670450667,0,-0.250666467128606,-0.00611468435878904,-0.0605201898503911,MV-202,sine_steer_python-1
862,2026年09月05日_22时52分41秒_第036次,2026-09-05T22:52:41,0.861,39.3401439081585,6.22422496669035e-06,-0.000106023791289919,8.42621687372717,-7.52613956518024e-06,9.48442454784309,0,-0.275580581369272,-0.00667407583357831,-0.064488599502026,MV-202,sine_steer_python-1
863,2026年09月05日_22时52分41秒_第036次,2026-09-05T22:52:41,0.862,39.3392884123152,6.1985682409684e-06,-0.000105227993811648,8.43714455402966,-7.55179617398133e-06,9.49535215591944,0,-0.300451178241516,-0.0072324189260911,-0.0684471527921346,MV-202,sine_steer_python-1
864,2026年09月05日_22时52分41秒_第036次,2026-09-05T22:52:41,0.863,39.3384337315948,6.17454235662286e-06,-0.000104434342590087,8.44807199735104,-7.57747296163298e-06,9.50627952913886,0,-0.325274330389767,-0.00778962217375721,-0.0723951218443679,MV-202,sine_steer_python-1
865,2026年09月05日_22时52分41秒_第036次,2026-09-05T22:52:41,0.864,39.3375798666505,6.15210040070471e-06,-0.000103643248616584,8.45899920395236,-7.60316921876314e-06,9.51720666789705,0,-0.350046117950554,-0.00834559399376657,-0.0763317669158017,MV-202,sine_steer_python-1
866,2026年09月05日_22时52分41秒_第036次,2026-09-05T22:52:41,0.865,39.3367268181787,6.13119292220554e-06,-0.000102855114144388,8.46992617409326,-7.62888425233659e-06,9.5281335725821,0,-0.37476262917145,-0.0089002425831904,-0.0802563316593493,MV-202,sine_steer_python-1
867,2026年09月05日_22时52分41秒_第036次,2026-09-05T22:52:41,0.866,39.3358745869159,6.11176803887876e-06,-0.000102070332483036,8.480852908032,-7.65461738662123e-06,9.53906024357444,0,-0.399419961028813,-0.00945347577774832,-0.0841680366299209,MV-202,sine_steer_python-1
868,2026年09月05日_22时52分41秒_第036次,2026-09-05T22:52:41,0.867,39.3350231736355,6.09377154808435e-06,-0.000101289287625797,8.4917794060254,-7.68036796410306e-06,9.5499866812467,0,-0.424014219844107,-0.0100052008875332,-0.0880660717989112,MV-202,sine_steer_python-1
869,2026年09月05日_22时52分41秒_第036次,2026-09-05T22:52:41,0.868,39.334172579146,6.0771470410455e-06,-0.000100512354055729,8.50270566832885,-7.70613534636183e-06,9.56091288596368,0,-0.448541521898762,-0.0105553245554398,-0.0919495899952934,MV-202,sine_steer_python-1
870,2026年09月05日_22时52分41秒_第036次,2026-09-05T22:52:41,0.869,39.3333228042875,6.0618360206317e-06,-9.9739896496018e-05,8.51363169519634,-7.73191891489668e-06,9.57183885808224,0,-0.472997994047447,-0.0111037527663313,-0.0958177066726474,MV-202,sine_steer_python-1
871,2026年09月05日_22时52分41秒_第036次,2026-09-05T22:52:41,0.87,39.3324738499304,6.04777802216464e-06,-9.89722696539936e-05,8.5245574868804,-7.75771807190088e-06,9.58276459795134,0,-0.497379774329713,-0.0116503912919335,-0.0996695180831825,MV-202,sine_steer_python-1
872,2026年09月05日_22时52分41秒_第036次,2026-09-05T22:52:41,0.871,39.3316257169725,6.03491073695715e-06,-9.8209818111787e-05,8.53548304363215,-7.78353224099109e-06,9.59369010591196,0,-0.521683012579796,-0.012195146873167,-0.10350415078443,MV-202,sine_steer_python-1
873,2026年09月05日_22时52分41秒_第036次,2026-09-05T22:52:41,0.872,39.3307784063372,6.02317013853802e-06,-9.74528760512849e-05,8.54640836570129,-7.80936086788221e-06,9.6046153822971,0,-0.545903871034651,-0.012737928710147,-0.107320824526529,MV-202,sine_steer_python-1
874,2026年09月05日_22时52分41秒_第036次,2026-09-05T22:52:41,0.873,39.3299319189721,6.01249061090809e-06,-9.67017670681398e-05,8.5573334533361,-7.83520342101798e-06,9.61554042743184,0,-0.570038524939951,-0.0132786489405079,-0.111118872512011,MV-202,sine_steer_python-1
875,2026年09月05日_22时52分41秒_第036次,2026-09-05T22:52:41,0.874,39.3290862558467,6.00280507879468e-06,-9.59568041127921e-05,8.56825830678344,-7.86105939214101e-06,9.62646524163333,0,-0.594083163154071,-0.013817221824326,-0.114897706579735,MV-202,sine_steer_python-1
876,2026年09月05日_22时52分41秒_第036次,2026-09-05T22:52:41,0.875,39.328241417952,5.99404513966807e-06,-9.52182893300105e-05,8.57918292628882,-7.88692829682023e-06,9.63738982521085,0,-0.618033988749894,-0.0143535627586332,-0.118656774814815,MV-202,sine_steer_python-1
877,2026年09月05日_22时52分41秒_第036次,2026-09-05T22:52:41,0.876,39.3273974062986,5.98614119710336e-06,-9.44865137526465e-05,8.59010731209634,-7.91280967491986e-06,9.64831417846587,0,-0.641887219614417,-0.0148875877660818,-0.122395539196711,MV-202,sine_steer_python-1
878,2026年09月05日_22时52分41秒_第036次,2026-09-05T22:52:41,0.877,39.3265542219161,5.97902259495215e-06,-9.37617573855928e-05,8.60103146444879,-7.93870309101931e-06,9.6592383016921,0,-0.665639089045973,-0.0154192133407098,-0.126113468471992,MV-202,sine_steer_python-1
879,2026年09月05日_22时52分41秒_第036次,2026-09-05T22:52:41,0.878,39.3257118658524,5.97261775272254e-06,-9.30442890028883e-05,8.61195538358758,-7.96460813478066e-06,9.67016219517563,0,-0.689285846349032,-0.0159483564289447,-0.129810036836001,MV-202,sine_steer_python-1
880,2026年09月05日_22时52分41秒_第036次,2026-09-05T22:52:41,0.879,39.3248703391735,5.96685430125168e-06,-9.23343660368244e-05,8.62287906975284,-7.99052442126173e-06,9.68108585919496,0,-0.712823757426502,-0.016474934432129,-0.133484723566317,MV-202,sine_steer_python-1
881,2026年09月05日_22时52分41秒_第036次,2026-09-05T22:52:41,0.88,39.3240296429629,5.96165921865889e-06,-9.16322344906822e-05,8.63380252318343,-8.01645159118057e-06,9.69200929402116,0,-0.736249105369358,-0.01699888397365,-0.13713780700611,MV-202,sine_steer_python-1
882,2026年09月05日_22时52分41秒_第036次,2026-09-05T22:52:41,0.881,39.3231897783217,5.95695896630665e-06,-9.09381288287181e-05,8.64472574411692,-8.04238931112365e-06,9.70293249991798,0,-0.759558191043603,-0.0175202814606615,-0.140775467768836,MV-202,sine_steer_python-1
883,2026年09月05日_22时52分41秒_第036次,2026-09-05T22:52:41,0.882,39.3223507463693,5.95267962442325e-06,-9.02522718829249e-05,8.6556487327897,-8.06833727371074e-06,9.71385547714198,0,-0.782747333674404,-0.0180390573017686,-0.144397690807591,MV-202,sine_steer_python-1
884,2026年09月05日_22时52分41秒_第036次,2026-09-05T22:52:41,0.883,39.3215125482433,5.94874702721219e-06,-8.95748748568207e-05,8.66657148943695,-8.09429519769838e-06,9.72477822594266,0,-0.805812871427326,-0.0185550959764346,-0.148002500907434,MV-202,sine_steer_python-1
885,2026年09月05日_22时52分41秒_第036次,2026-09-05T22:52:41,0.884,39.3206751851006,5.94508689724203e-06,-8.8906137108552e-05,8.67749401429268,-8.12026282804387e-06,9.73570074656263,0,-0.828751161986568,-0.0190682798037882,-0.151587815023805,MV-202,sine_steer_python-1
886,2026年09月05日_22时52分41秒_第036次,2026-09-05T22:52:41,0.885,39.3198386581183,5.9416249785797e-06,-8.82462462332966e-05,8.68841630758982,-8.1462399359104e-06,9.74662303923776,0,-0.851558583130143,-0.0195784909349058,-0.155151526139613,MV-202,sine_steer_python-1
887,2026年09月05日_22时52分41秒_第036次,2026-09-05T22:52:41,0.886,39.3190029684944,5.93828716888201e-06,-8.75953778256096e-05,8.6993383695602,-8.17222631863289e-06,9.75754510419734,0,-0.874231533301862,-0.0200856130053962,-0.158691572746656,MV-202,sine_steer_python-1
888,2026年09月05日_22时52分41秒_第036次,2026-09-05T22:52:41,0.887,39.3181681174499,5.93499964968332e-06,-8.69536955760574e-05,8.7102602004346,-8.19822179962602e-06,9.76846694166428,0,-0.896766432180066,-0.0205895324723021,-0.162205994976831,MV-202,sine_steer_python-1
889,2026年09月05日_22时52分41秒_第036次,2026-09-05T22:52:41,0.888,39.3173341062295,5.93168901519659e-06,-8.63213511242076e-05,8.72118180044284,-8.22422622825619e-06,9.77938855185527,0,-0.919159721242976,-0.0210901396157639,-0.165692976556145,MV-202,sine_steer_python-1
890,2026年09月05日_22时52分41秒_第036次,2026-09-05T22:52:41,0.889,39.3165009361039,5.92828239898721e-06,-8.56984840027461e-05,8.73210316981374,-8.25023947966106e-06,9.79030993498095,0,-0.941407864330667,-0.0215873292223219,-0.169150873294126,MV-202,sine_steer_python-1
891,2026年09月05日_22时52分41秒_第036次,2026-09-05T22:52:41,0.89,39.3156686083715,5.92470759848407e-06,-8.50852215680325e-05,8.74302430877525,-8.2762614545241e-06,9.80123109124614,0,-0.963507348203431,-0.0220810009835487,-0.172578229532983,MV-202,sine_steer_python-1
892,2026年09月05日_22时52分41秒_第036次,2026-09-05T22:52:41,0.891,39.31483712436,5.92089319707455e-06,-8.44816790829429e-05,8.75394521755443,-8.30229207881124e-06,9.81215202085002,0,-0.985454683096582,-0.0225710596519569,-0.175973784329601,MV-202,sine_steer_python-1
893,2026年09月05日_22时52分41秒_第036次,2026-09-05T22:52:41,0.892,39.3140064854293,5.91676868384796e-06,-8.38879593959458e-05,8.76486589637756,-8.32833130346135e-06,9.8230727239863,0,-1.00724640327152,-0.0230574150049147,-0.179336469515981,MV-202,sine_steer_python-1
894,2026年09月05日_22时52分41秒_第036次,2026-09-05T22:52:41,0.893,39.313176692973,5.91226457010379e-06,-8.33041531723161e-05,8.77578634547012,-8.35437910403591e-06,9.83399320084348,0,-1.02887906756301,-0.0235399816683957,-0.182665401829756,MV-202,sine_steer_python-1
895,2026年09月05日_22时52分41秒_第036次,2026-09-05T22:52:41,0.894,39.3123477484213,5.90731250344519e-06,-8.27303386710365e-05,8.78670656505689,-8.38043548033341e-06,9.844913451605,0,-1.05034925992259,-0.0240186788448317,-0.185959870987164,MV-202,sine_steer_python-1
896,2026年09月05日_22时52分41秒_第036次,2026-09-05T22:52:41,0.895,39.3115196532432,5.90184537839961e-06,-8.21665817225306e-05,8.79762655536196,-8.40650045596309e-06,9.85583347644949,0,-1.071653589958,-0.0244934299817802,-0.189219325241677,MV-202,sine_steer_python-1
897,2026年09月05日_22时52分41秒_第036次,2026-09-05T22:52:41,0.896,39.3106924089492,5.8957974438738e-06,-8.16129357641219e-05,8.80854631660885,-8.43257407788106e-06,9.86675327555094,0,-1.09278869346854,-0.0249641624095434,-0.192443355641043,MV-202,sine_steer_python-1
898,2026年09月05日_22时52分41秒_第036次,2026-09-05T22:52:41,0.897,39.3098660170937,5.88910440728654e-06,-8.10694416964482e-05,8.81946584902047,-8.45865641589359e-06,9.87767284907894,0,-1.11375123297638,-0.0254308069614995,-0.195631679581438,MV-202,sine_steer_python-1
899,2026年09月05日_22时52分41秒_第036次,2026-09-05T22:52:41,0.898,39.3090404792776,5.88170353495549e-06,-8.05361278980346e-05,8.83038515281926,-8.4847475621314e-06,9.88859219719888,0,-1.13453789825351,-0.025893297591962,-0.198784124197302,MV-202,sine_steer_python-1
900,2026年09月05日_22时52分41秒_第036次,2026-09-05T22:52:41,0.899,39.3082157971512,5.87353374895536e-06,-8.00130102481401e-05,8.84130422822717,-8.51084763048102e-06,9.89951132007216,0,-1.15514540684454,-0.0263515709934246,-0.201900609757378,MV-202,sine_steer_python-1
901,2026年09月05日_22时52分41秒_第036次,2026-09-05T22:52:41,0.9,39.3073919724163,5.86453572015528e-06,-7.95000918908156e-05,8.85222307546576,-8.53695675600233e-06,9.91043021785639,0,-1.17557050458495,-0.0268055662122193,-0.204981132996395,MV-202,sine_steer_python-1
902,2026年09月05日_22时52分41秒_第036次,2026-09-05T22:52:41,0.901,39.3065690068296,5.85465195708689e-06,-7.89973634865094e-05,8.86314169475626,-8.56307509429964e-06,9.92134889070562,0,-1.19580996611504,-0.0272552242618632,-0.208025750352341,MV-202,sine_steer_python-1
903,2026年09月05日_22时52分41秒_第036次,2026-09-05T22:52:41,0.902,39.3057469022043,5.8438268911941e-06,-7.85048029376665e-05,8.87406008631957,-8.58920282088375e-06,9.93226733877054,0,-1.21586059538921,-0.0277004877350556,-0.211034561151698,MV-202,sine_steer_python-1
904,2026年09月05日_22时52分41秒_第036次,2026-09-05T22:52:41,0.903,39.3049256604135,5.83200695753846e-06,-7.80223755265443e-05,8.88497825037638,-8.6153401304955e-06,9.94318556219865,0,-1.23571922618067,-0.0281413004185058,-0.214007690920548,MV-202,sine_steer_python-1
905,2026年09月05日_22时52分41秒_第036次,2026-09-05T22:52:41,0.904,39.3041052833918,5.81914067157377e-06,-7.75500338082795e-05,8.89589618714718,-8.64148723641408e-06,9.95410356113453,0,-1.2553827225814,-0.028577606918445,-0.216945275154292,MV-202,sine_steer_python-1
906,2026年09月05日_22时52分41秒_第036次,2026-09-05T22:52:41,0.905,39.3032857731383,5.80517870145022e-06,-7.70877176479947e-05,8.90681389685234,-8.66764436974308e-06,9.96502133572,0,-1.27484797949738,-0.0290093523077359,-0.219847444007909,MV-202,sine_steer_python-1
907,2026年09月05日_22时52分41秒_第036次,2026-09-05T22:52:41,0.906,39.3024671317182,5.79007393606331e-06,-7.66353542773296e-05,8.91773137971216,-8.69381177867003e-06,9.97593888609431,0,-1.29411192313889,-0.0294364818071405,-0.222714308437779,MV-202,sine_steer_python-1
908,2026年09月05日_22时52分41秒_第036次,2026-09-05T22:52:41,0.907,39.3016493612655,5.77378154870101e-06,-7.61928581298352e-05,8.9286486359469,-8.71998972771859e-06,9.98685621239438,0,-1.31317151150591,-0.0298589405130977,-0.225545948317042,MV-202,sine_steer_python-1
909,2026年09月05日_22时52分41秒_第036次,2026-09-05T22:52:41,0.908,39.3008324639843,5.75625905597726e-06,-7.5760131036609e-05,8.93956566577688,-8.74617849697331e-06,9.99777331475493,0,-1.3320237348685,-0.0302766731823034,-0.228342402959035,MV-202,sine_steer_python-1
910,2026年09月05日_22时52分41秒_第036次,2026-09-05T22:52:41,0.909,39.3000164421508,5.73746637253816e-06,-7.53370621190558e-05,8.95048246942251,-8.77237838129888e-06,10.0086901933088,0,-1.35066561624205,-0.0306896240798309,-0.231103664333016,MV-202,sine_steer_python-1
911,2026年09月05日_22时52分41秒_第036次,2026-09-05T22:52:41,0.91,39.2992012981149,5.71736586095584e-06,-7.49235279177204e-05,8.96139904710432,-8.79858968954127e-06,10.0196068481868,0,-1.36909421185738,-0.0310977368930986,-0.233829673068849,MV-202,sine_steer_python-1
912,2026年09月05日_22时52分41秒_第036次,2026-09-05T22:52:41,0.911,39.2983870343013,5.69592237722092e-06,-7.45193924116045e-05,8.97231539904306,-8.82481274371861e-06,10.0305232795185,0,-1.38730661162561,-0.0315010061782656,-0.236522494993227,MV-202,sine_steer_python-1
913,2026年09月05日_22时52分41秒_第036次,2026-09-05T22:52:41,0.912,39.297573653211,5.67310331153053e-06,-7.41245069435264e-05,8.98323152545973,-8.85104787819974e-06,10.0414394874318,0,-1.4052999395977,-0.0318994915085755,-0.239186919861995,MV-202,sine_steer_python-1
914,2026年09月05日_22时52分41秒_第036次,2026-09-05T22:52:41,0.913,39.2967611574216,5.64887862423688e-06,-7.37387105847002e-05,8.99414742657563,-8.87729543887811e-06,10.0523554720534,0,-1.42307135441857,-0.0322932423832781,-0.241827283613666,MV-202,sine_steer_python-1
915,2026年09月05日_22时52分41秒_第036次,2026-09-05T22:52:41,0.914,39.2959495495887,5.62322087768325e-06,-7.33618298791184e-05,9.00506310261242,-8.90355578234073e-06,10.063271233509,0,-1.44061804977582,-0.0326822082158982,-0.24444365846974,MV-202,sine_steer_python-1
916,2026年09月05日_22时52分41秒_第036次,2026-09-05T22:52:41,0.915,39.2951388324455,5.59610526276201e-06,-7.29936791645867e-05,9.01597855379217,-8.92982927502153e-06,10.0741867719232,0,-1.45793725484282,-0.0330663273161842,-0.247035617793485,MV-202,sine_steer_python-1
917,2026年09月05日_22时52分41秒_第036次,2026-09-05T22:52:41,0.916,39.2943290088035,5.56750962127735e-06,-7.26340606265563e-05,9.02689378033742,-8.95611629236612e-06,10.0851020874201,0,-1.47502623471635,-0.033445531921966,-0.249602448864657,MV-202,sine_steer_python-1
918,2026年09月05日_22时52分41秒_第036次,2026-09-05T22:52:41,0.917,39.2935200815519,5.53741446356921e-06,-7.22827643484316e-05,9.03780878247119,-8.98241721797937e-06,10.0960171801232,0,-1.49188229084836,-0.033819749311495,-0.252143199644007,MV-202,sine_steer_python-1
919,2026年09月05日_22时52分41秒_第036次,2026-09-05T22:52:41,0.918,39.2927120536574,5.50580298136801e-06,-7.19395686087934e-05,9.0487235604171,-9.00873244278486e-06,10.1069320501554,0,-1.50850276147221,-0.0341889064240249,-0.254656874157319,MV-202,sine_steer_python-1
920,2026年09月05日_22时52分41秒_第036次,2026-09-05T22:52:41,0.919,39.2919049281634,5.47266105640866e-06,-7.16042398714163e-05,9.05963811439936,-9.03506236417433e-06,10.1178466976395,0,-1.52488502202289,-0.0345530561298497,-0.257147781593883,MV-202,sine_steer_python-1
921,2026年09月05日_22时52分41秒_第036次,2026-09-05T22:52:41,0.92,39.2910987081888,5.43797726411674e-06,-7.12765330934605e-05,9.07055244464282,-9.06140738516766e-06,10.128761122698,0,-1.54102648555158,-0.0349122376648488,-0.259619623648009,MV-202,sine_steer_python-1
922,2026年09月05日_22时52分41秒_第036次,2026-09-05T22:52:41,0.921,39.2902933969266,5.40174287311162e-06,-7.095619185534e-05,9.08146655137307,-9.08776791356775e-06,10.1396753254538,0,-1.55692460313405,-0.0352663370310341,-0.262069580133706,MV-202,sine_steer_python-1
923,2026年09月05日_22时52分41秒_第036次,2026-09-05T22:52:41,0.922,39.2894889976426,5.36395184004543e-06,-7.06429486052776e-05,9.09238043481642,-9.11414436112867e-06,10.1505893060296,0,-1.57257686427324,-0.0356152249409081,-0.264494152445927,MV-202,sine_steer_python-1
924,2026年09月05日_22时52分41秒_第036次,2026-09-05T22:52:41,0.923,39.2886855136728,5.32460080015614e-06,-7.03365248883303e-05,9.10329409519998,-9.14053714272094e-06,10.1615030645485,0,-1.58798079729567,-0.0359587711201998,-0.266889769241287,MV-202,sine_steer_python-1
925,2026年09月05日_22时52分41秒_第036次,2026-09-05T22:52:41,0.924,39.2878829484213,5.28368905340685e-06,-7.00366315390888e-05,9.1142075327517,-9.1669466755108e-06,10.1724166011343,0,-1.60313396974175,-0.0362968472313533,-0.269252909901744,MV-202,sine_steer_python-1
926,2026年09月05日_22时52分41秒_第036次,2026-09-05T22:52:41,0.925,39.2870813053581,5.24121854628559e-06,-6.97429691391419e-05,9.12512074770042,-9.19337337814009e-06,10.1833299159111,0,-1.61803398874989,-0.0366293292590951,-0.271580205178605,MV-202,sine_steer_python-1
927,2026年09月05日_22时52分41秒_第036次,2026-09-05T22:52:41,0.926,39.2862805880153,5.19719384965312e-06,-6.94552281211625e-05,9.13603374027587,-9.21981766992344e-06,10.1942430090038,0,-1.63267850143437,-0.0369560993613259,-0.27386851521725,MV-202,sine_steer_python-1
928,2026年09月05日_22时52分41秒_第036次,2026-09-05T22:52:41,0.927,39.2854807999845,5.15162213211689e-06,-6.91730891599784e-05,9.14694651070877,-9.24627997004653e-06,10.2051558805382,0,-1.64706519525685,-0.0372770472219673,-0.276114986519243,MV-202,sine_steer_python-1
929,2026年09月05日_22时52分41秒_第036次,2026-09-05T22:52:41,0.928,39.2846819449128,5.10451312950279e-06,-6.8896223554985e-05,9.15785905923084,-9.27276069678456e-06,10.2160685306412,0,-1.66119179839162,-0.0375920709588217,-0.278317090083832,MV-202,sine_steer_python-1
930,2026年09月05日_22时52分41秒_第036次,2026-09-05T22:52:41,0.929,39.2838840264991,5.05587911042765e-06,-6.86242935401639e-05,9.16877138607481,-9.2992602667243e-06,10.2269809594405,0,-1.67505608008428,-0.0379010776429709,-0.280472643117348,MV-202,sine_steer_python-1
931,2026年09月05日_22时52分41秒_第036次,2026-09-05T22:52:41,0.93,39.2830870484898,5.00573483785214e-06,-6.83569526454235e-05,9.17968349147451,-9.32577909400428e-06,10.2378931670653,0,-1.68865585100403,-0.0382039834862432,-0.282579816700326,MV-202,sine_steer_python-1
932,2026年09月05日_22时52分41秒_第036次,2026-09-05T22:52:41,0.931,39.2822910146745,4.95409752686247e-06,-6.80938462534832e-05,9.19059537566485,-9.35231758956716e-06,10.248805153646,0,-1.70198896358938,-0.0385007137515241,-0.284637131728508,MV-202,sine_steer_python-1
933,2026年09月05日_22时52分41秒_第036次,2026-09-05T22:52:41,0.932,39.2814959288808,4.90098679900007e-06,-6.78346118216401e-05,9.20150703888191,-9.37887616042427e-06,10.2597169193145,0,-1.7150533123873,-0.0387912024379588,-0.286643445329356,MV-202,sine_steer_python-1
934,2026年09月05日_22时52分41秒_第036次,2026-09-05T22:52:41,0.933,39.2807017949696,4.84642463261773e-06,-6.75788794686771e-05,9.21241848136292,-9.4054552089404e-06,10.2706284642042,0,-1.72784683438567,-0.039075391789582,-0.288597929807349,MV-202,sine_steer_python-1
935,2026年09月05日_22时52分41秒_第036次,2026-09-05T22:52:41,0.934,39.2799086168298,4.7904353101013e-06,-6.73262724590708e-05,9.22332970334632,-9.43205513212823e-06,10.2815397884504,0,-1.74036750933905,-0.0393532316715102,-0.290500045985827,MV-202,sine_steer_python-1
936,2026年09月05日_22时52分41秒_第036次,2026-09-05T22:52:41,0.935,39.2791163983725,4.73304536165629e-06,-6.70764075417527e-05,9.23424070507178,-9.45867632096565e-06,10.29245089219,0,-1.75261336008773,-0.0396246788525862,-0.292349512591464,MV-202,sine_steer_python-1
937,2026年09月05日_22时52分41秒_第036次,2026-09-05T22:52:41,0.936,39.2783251435252,4.67428350566559e-06,-6.68288957045592e-05,9.24515148678024,-9.48531915972471e-06,10.3033617755619,0,-1.7645824528699,-0.0398896962275907,-0.294146273083492,MV-202,sine_steer_python-1
938,2026年09月05日_22时52分41秒_第036次,2026-09-05T22:52:41,0.937,39.2775348562261,4.61418058633398e-06,-6.65833425001121e-05,9.25606204871391,-9.51198402532307e-06,10.3142724387071,0,-1.77627289762709,-0.0401482520064649,-0.29589046108986,MV-202,sine_steer_python-1
939,2026年09月05日_22时52分41秒_第036次,2026-09-05T22:52:41,0.938,39.2767455404175,4.55276950795874e-06,-6.63393486921428e-05,9.2669723911163,-9.53867128669076e-06,10.3251828817687,0,-1.78768284830253,-0.040400318893138,-0.297582365407387,MV-202,sine_steer_python-1
940,2026年09月05日_22时52分41秒_第036次,2026-09-05T22:52:41,0.939,39.2759572000395,4.49008516656942e-06,-6.60965108679537e-05,9.27788251423229,-9.5653813041535e-06,10.3360931048918,0,-1.79881050313274,-0.0406458732731077,-0.299222395377095,MV-202,sine_steer_python-1
941,2026年09月05日_22时52分41秒_第036次,2026-09-05T22:52:41,0.94,39.2751698390235,4.426164378848e-06,-6.58544219159571e-05,9.28879241830806,-9.59211442884526e-06,10.3470031082244,0,-1.80965410493204,-0.040884894427072,-0.300811047367604,MV-202,sine_steer_python-1
942,2026年09月05日_22时52分41秒_第036次,2026-09-05T22:52:41,0.941,39.2743834612853,4.36104580834873e-06,-6.5612671764915e-05,9.2997021035912,-9.61887100212747e-06,10.3579128919164,0,-1.82021194136999,-0.0411173637873341,-0.302348873075026,MV-202,sine_steer_python-1
943,2026年09月05日_22时52分41秒_第036次,2026-09-05T22:52:41,0.942,39.2735980707183,4.29476988945452e-06,-6.53708479354365e-05,9.31061157033069,-9.64565135503585e-06,10.3688224561206,0,-1.83048234524183,-0.0413432642536393,-0.303836450345229,MV-202,sine_steer_python-1
944,2026年09月05日_22时52分41秒_第036次,2026-09-05T22:52:41,0.943,39.2728136711864,4.2273787489083e-06,-6.51285361880131e-05,9.32152081877689,-9.67245580775032e-06,10.3797318009925,0,-1.84046369473174,-0.0415625795845574,-0.305274357201196,MV-202,sine_steer_python-1
945,2026年09月05日_22时52分41秒_第036次,2026-09-05T22:52:41,0.944,39.2720302665172,4.15891612526118e-06,-6.48853212345352e-05,9.3324298491816,-9.69928466907676e-06,10.3906409266903,0,-1.85015441366892,-0.0417752938785947,-0.306663149676434,MV-202,sine_steer_python-1
946,2026年09月05日_22时52分41秒_第036次,2026-09-05T22:52:41,0.945,39.2712478604943,4.08942728636003e-06,-6.4640787303464e-05,9.34333866179805,-9.72613823595819e-06,10.4015498333749,0,-1.8595529717765,-0.0419813911553925,-0.30800334389326,MV-202,sine_steer_python-1
947,2026年09月05日_22时52分41秒_第036次,2026-09-05T22:52:41,0.946,39.2704664568507,4.01895894484582e-06,-6.43945189401349e-05,9.35424725688092,-9.75301679300283e-06,10.4124585212106,0,-1.86865788491322,-0.0421808550417341,-0.309295402585889,MV-202,sine_steer_python-1
948,2026年09月05日_22时52分41秒_第036次,2026-09-05T22:52:41,0.947,39.269686059261,3.94755917217236e-06,-6.41461016779731e-05,9.36515563468633,-9.77992061203654e-06,10.4233669903646,0,-1.87746771530775,-0.042373668560331,-0.310539725982074,MV-202,sine_steer_python-1
949,2026年09月05日_22时52分41秒_第036次,2026-09-05T22:52:41,0.948,39.2689066713344,3.87527731100691e-06,-6.38951226262738e-05,9.37606379547188,-9.8068499516722e-06,10.4342752410072,0,-1.88598107178573,-0.0425598140126091,-0.311736646670975,MV-202,sine_steer_python-1
950,2026年09月05日_22时52分41秒_第036次,2026-09-05T22:52:41,0.949,39.2681282966075,3.80216388607015e-06,-6.36411714334709e-05,9.38697173949663,-9.83380505690778e-06,10.4451832733123,0,-1.89419660998949,-0.0427392729412227,-0.312886427852076,MV-202,sine_steer_python-1
951,2026年09月05日_22时52分41秒_第036次,2026-09-05T22:52:41,0.95,39.267350938537,3.72827051420942e-06,-6.33838407086752e-05,9.3978794670211,-9.86078615874204e-06,10.4560910874569,0,-1.90211303259031,-0.042912026154782,-0.313989264222687,MV-202,sine_steer_python-1
952,2026年09月05日_22时52分41秒_第036次,2026-09-05T22:52:41,0.951,39.2665746004926,3.65364981283433e-06,-6.31227269496152e-05,9.40878697830732,-9.88779347381345e-06,10.4669986836218,0,-1.90972908949329,-0.0430780537967824,-0.315045284740663,MV-202,sine_steer_python-1
953,2026年09月05日_22时52分41秒_第036次,2026-09-05T22:52:41,0.952,39.2657992857496,3.57835530788754e-06,-6.28574312734301e-05,9.41969427361876,-9.91482720406165e-06,10.4779060619913,0,-1.91704357803475,-0.0432373354427874,-0.316054556586685,MV-202,sine_steer_python-1
954,2026年09月05日_22时52分41秒_第036次,2026-09-05T22:52:41,0.953,39.2650249974826,3.50244134097844e-06,-6.25875600445136e-05,9.43060135322039,-9.94188753640981e-06,10.4888132227534,0,-1.92405534317217,-0.0433898502138505,-0.317017089817588,MV-202,sine_steer_python-1
955,2026年09月05日_22时52分41秒_第036次,2026-09-05T22:52:41,0.954,39.2642517387581,3.42596297576101e-06,-6.23127256278487e-05,9.44150821737865,-9.96897464247459e-06,10.4997201661,0,-1.93076327766655,-0.0435355768987821,-0.317932842398232,MV-202,sine_steer_python-1
956,2026年09月05日_22时52分41秒_第036次,2026-09-05T22:52:41,0.955,39.263479512528,3.34897590399224e-06,-6.20325472591806e-05,9.45241486636144,-9.99608867829039e-06,10.510626892227,0,-1.93716632225726,-0.043674494081974,-0.318801725473663,MV-202,sine_steer_python-1
957,2026年09月05日_22时52分41秒_第036次,2026-09-05T22:52:41,0.956,39.2627083216233,3.27153635146948e-06,-6.17466516035242e-05,9.46332130043814,-1.00232297840647e-05,10.5215334013341,0,-1.94326346582935,-0.0438065802763199,-0.319623608863255,MV-202,sine_steer_python-1
958,2026年09月05日_22时52分41秒_第036次,2026-09-05T22:52:41,0.957,39.2619381687472,3.19370098357458e-06,-6.14546735226585e-05,9.47422751987957,-1.00503980839486e-05,10.5324396936254,0,-1.94905374557315,-0.0439318140618822,-0.320398326805242,MV-202,sine_steer_python-1
959,2026年09月05日_22时52分41秒_第036次,2026-09-05T22:52:41,0.958,39.2611690564699,3.11552681095693e-06,-6.1156256942693e-05,9.48513352495801,-1.0077593685836e-05,10.5433457693091,0,-1.95453624713639,-0.0440501742304574,-0.321125683958795,MV-202,sine_steer_python-1
960,2026年09月05日_22时52分41秒_第036次,2026-09-05T22:52:41,0.959,39.2604009872218,3.03707109564935e-06,-6.08510553687587e-05,9.49603931594717,-1.01048166811798e-05,10.5542516285977,0,-1.95971010476849,-0.0441616399347171,-0.321805461607711,MV-202,sine_steer_python-1
961,2026年09月05日_22时52分41秒_第036次,2026-09-05T22:52:41,0.96,39.2596339632886,2.95839125712128e-06,-6.05387327016463e-05,9.50694489312218,-1.0132067144835e-05,10.5651572717081,0,-1.96457450145738,-0.0442661908388946,-0.322437423937078,MV-202,sine_steer_python-1
962,2026年09月05日_22时52分41秒_第036次,2026-09-05T22:52:41,0.961,39.2588679868055,2.87954477911499e-06,-6.02189639203992e-05,9.5178502567596,-1.01593451349216e-05,10.5760626988618,0,-1.96912866905841,-0.0443638072667619,-0.323021324202009,MV-202,sine_steer_python-1
963,2026年09月05日_22时52分41秒_第036次,2026-09-05T22:52:41,0.962,39.2581030597528,2.80058911704043e-06,-5.9891435696124e-05,9.52875540713736,-1.01866506927105e-05,10.5869679102848,0,-1.97337188841574,-0.0444544703423208,-0.323556910593684,MV-202,sine_steer_python-1
964,2026年09月05日_22时52分41秒_第036次,2026-09-05T22:52:41,0.963,39.2573391839503,2.72158160605494e-06,-5.95558472254983e-05,9.53966034453477,-1.02139838425307e-05,10.5978729062079,0,-1.97730348947583,-0.0445381621192593,-0.324043931634669,MV-202,sine_steer_python-1
965,2026年09月05日_22时52分41秒_第036次,2026-09-05T22:52:41,0.964,39.2565763610538,2.64257937034931e-06,-5.92119106352181e-05,9.55056506923252,-1.02413445917012e-05,10.6087776868665,0,-1.9809228513933,-0.0446148656965082,-0.324482140990082,MV-202,sine_steer_python-1
966,2026年09月05日_22时52分41秒_第036次,2026-09-05T22:52:41,0.965,39.2558145925507,2.56363923305647e-06,-5.885935186049e-05,9.5614695815126,-1.02687329304795e-05,10.6196822525008,0,-1.98422940262896,-0.0446845653186802,-0.324871301642808,MV-202,sine_steer_python-1
967,2026年09月05日_22时52分41秒_第036次,2026-09-05T22:52:41,0.966,39.2550538797561,2.48481762780816e-06,-5.84979110755398e-05,9.57237388165834,-1.02961488320401e-05,10.6305866033562,0,-1.98722262104002,-0.0447472464613004,-0.325211189429157,MV-202,sine_steer_python-1
968,2026年09月05日_22时52分41秒_第036次,2026-09-05T22:52:41,0.967,39.2542942238102,2.40617051128138e-06,-5.8127343376988e-05,9.58327796995435,-1.03235922524667e-05,10.6414907396827,0,-1.9899020339626,-0.0448028959012511,-0.325501595953334,MV-202,sine_steer_python-1
969,2026年09月05日_22时52分41秒_第036次,2026-09-05T22:52:41,0.968,39.2535356256747,2.32775327736844e-06,-5.77474193400797e-05,9.5941818466865,-1.03510631307688e-05,10.6523946617357,0,-1.99226721828634,-0.0448515053036851,-0.325742480390274,MV-202,sine_steer_python-1
970,2026年09月05日_22时52分41秒_第036次,2026-09-05T22:52:41,0.969,39.2527780861309,2.24962067287116e-06,-5.73579255630477e-05,9.6050855121419,-1.03785613889217e-05,10.6632983697754,0,-1.99431780052123,-0.044893063874774,-0.325933658131541,MV-202,sine_steer_python-1
971,2026年09月05日_22时52分41秒_第036次,2026-09-05T22:52:41,0.97,39.2520216057775,2.17182671490468e-06,-5.6958665114207e-05,9.61598896660887,-1.04060869319246e-05,10.6742018640674,0,-1.99605345685654,-0.0449275600781302,-0.326074874170538,MV-202,sine_steer_python-1
972,2026年09月05日_22时52分41秒_第036次,2026-09-05T22:52:41,0.971,39.2512661850287,2.09442460998281e-06,-5.6549458167002e-05,9.62689221037691,-1.04336396478833e-05,10.6851051448824,0,-1.99747391321204,-0.0449549862569363,-0.326165997690521,MV-202,sine_steer_python-1
973,2026年09月05日_22时52分41秒_第036次,2026-09-05T22:52:41,0.972,39.2505118241137,2.01746667528544e-06,-5.61301423294691e-05,9.63779524373664,-1.04612194081072e-05,10.6960082124963,0,-1.99857894528118,-0.044975334460402,-0.326206846264017,MV-202,sine_steer_python-1
974,2026年09月05日_22时52分41秒_第036次,2026-09-05T22:52:41,0.973,39.2497585230753,1.94100426163651e-06,-5.57005731320351e-05,9.64869806697983,-1.04888260672344e-05,10.7069110671903,0,-1.9993683785666,-0.0449886065274,-0.326197611741461,MV-202,sine_steer_python-1
975,2026年09月05日_22时52分41秒_第036次,2026-09-05T22:52:41,0.974,39.2490062817699,1.86508767878335e-06,-5.52606243864835e-05,9.6596006803993,-1.05164594633727e-05,10.7178137092512,0,-1.99984208840763,-0.0449947987607796,-0.326138212916242,MV-202,sine_steer_python-1
976,2026年09月05日_22时52分41秒_第036次,2026-09-05T22:52:41,0.975,39.2482550998679,1.78976612277697e-06,-5.48101886282713e-05,9.67050308428891,-1.05441194182612e-05,10.7287161389707,0,-2,-0.044993899246666,-0.326028180715659,MV-202,sine_steer_python-1
977,2026年09月05日_22时52分41秒_第036次,2026-09-05T22:52:41,0.976,39.2475049768544,1.715087605781e-06,-5.43491774290053e-05,9.68140527894354,-1.05718057374534e-05,10.7396183566462,0,-1.99984208840763,-0.0449859057578497,-0.325867415235443,MV-202,sine_steer_python-1
978,2026年09月05日_22时52分41秒_第036次,2026-09-05T22:52:41,0.977,39.2467559120297,1.64109888820731e-06,-5.38775215324403e-05,9.69230726465902,-1.05995182105186e-05,10.7505203625804,0,-1.9993683785666,-0.0449708537808215,-0.32565737448118,MV-202,sine_steer_python-1
979,2026年09月05日_22时52分41秒_第036次,2026-09-05T22:52:41,0.978,39.2460079045118,1.56784541306955e-06,-5.33951713726931e-05,9.70320904173211,-1.06272566112613e-05,10.7614221570813,0,-1.99857894528118,-0.0449487730026744,-0.325399230828733,MV-202,sine_steer_python-1
980,2026年09月05日_22时52分41秒_第036次,2026-09-05T22:52:41,0.979,39.2452609532381,1.49537124332552e-06,-5.29020971050403e-05,9.71411061046046,-1.06550206979648e-05,10.7723237404625,0,-1.99747391321203,-0.0449196629976891,-0.325092843117937,MV-202,sine_steer_python-1
981,2026年09月05日_22时52分41秒_第036次,2026-09-05T22:52:41,0.98,39.2445150569676,1.42371900143643e-06,-5.23982888548271e-05,9.72501197114255,-1.06828102136477e-05,10.7832251130426,0,-1.99605345685654,-0.0448835272250488,-0.324738194917392,MV-202,sine_steer_python-1
982,2026年09月05日_22时52分41秒_第036次,2026-09-05T22:52:41,0.981,39.2437702142845,1.35292981175459e-06,-5.18837568785298e-05,9.73591312407766,-1.07106248863423e-05,10.7941262751458,0,-1.99431780052123,-0.0448403682032429,-0.324335190062158,MV-202,sine_steer_python-1
983,2026年09月05日_22时52分41秒_第036次,2026-09-05T22:52:41,0.982,39.2430264236015,1.28304324562887e-06,-5.13585315896367e-05,9.74681406956582,-1.07384644293912e-05,10.8050272271017,0,-1.99226721828635,-0.0447901870770679,-0.32388363504,MV-202,sine_steer_python-1
984,2026年09月05日_22时52分41秒_第036次,2026-09-05T22:52:41,0.983,39.2422836831637,1.2140972691751e-06,-5.08226637426831e-05,9.75771480790778,-1.07663285417598e-05,10.815927969245,0,-1.9899020339626,-0.0447329851697398,-0.323383303959884,MV-202,sine_steer_python-1
985,2026年09月05日_22时52分41秒_第036次,2026-09-05T22:52:41,0.984,39.2415419910528,1.14612819406265e-06,-5.02762242861572e-05,9.76861533940493,-1.07942169083685e-05,10.8268285019155,0,-1.98722262104002,-0.0446687650593129,-0.32283398496954,MV-202,sine_steer_python-1
986,2026年09月05日_22时52分41秒_第036次,2026-09-05T22:52:41,0.985,39.2408013451925,1.07917063086678e-06,-4.97193045152286e-05,9.7795156643593,-1.08221292004445e-05,10.8377288254586,0,-1.98422940262896,-0.0445975661397828,-0.322236984157002,MV-202,sine_steer_python-1
987,2026年09月05日_22时52分41秒_第036次,2026-09-05T22:52:41,0.986,39.240061743353,1.01325744568879e-06,-4.91520159316804e-05,9.79041578307346,-1.08500650758821e-05,10.8486289402244,0,-1.9809228513933,-0.0445194068409113,-0.321592681579412,MV-202,sine_steer_python-1
988,2026年09月05日_22时52分41秒_第036次,2026-09-05T22:52:41,0.987,39.2393231831574,9.48419719448964e-07,-4.85744900270207e-05,9.8013156958505,-1.08780241796319e-05,10.8595288465681,0,-1.97730348947583,-0.0444342887201196,-0.320900704002747,MV-202,sine_steer_python-1
989,2026年09月05日_22时52分41秒_第036次,2026-09-05T22:52:41,0.988,39.2385856620874,8.84686710085285e-07,-4.79868783835312e-05,9.81221540299398,-1.09060061440923e-05,10.87042854485,0,-1.97337188841574,-0.0443422134721205,-0.320160644636502,MV-202,sine_steer_python-1
990,2026年09月05日_22时52分41秒_第036次,2026-09-05T22:52:41,0.989,39.2378491774901,8.22085818098674e-07,-4.73893522259098e-05,9.82311490480789,-1.09340105895321e-05,10.8813280354352,0,-1.96912866905841,-0.0442431830369087,-0.319372067894577,MV-202,sine_steer_python-1
991,2026年09月05日_22时52分41秒_第036次,2026-09-05T22:52:41,0.99,39.2371137265843,7.60642554662529e-07,-4.67821023224314e-05,9.83401420159656,-1.09620371245161e-05,10.8922273186933,0,-1.96457450145738,-0.0441371999785016,-0.318534525513489,MV-202,sine_steer_python-1
992,2026年09月05日_22时52分41秒_第036次,2026-09-05T22:52:41,0.991,39.2363793064686,7.00380513038419e-07,-4.61653386726817e-05,9.84491329366465,-1.09900853463499e-05,10.9031263949988,0,-1.95971010476849,-0.0440242678361434,-0.317647571515545,MV-202,sine_steer_python-1
993,2026年09月05日_22时52分41秒_第036次,2026-09-05T22:52:41,0.992,39.2356459141282,6.41321342900823e-07,-4.55392902322083e-05,9.85581218131707,-1.10181548415442e-05,10.9140252647307,0,-1.95453624713639,-0.0439043914165745,-0.316710774686287,MV-202,sine_steer_python-1
994,2026年09月05日_22时52分41秒_第036次,2026-09-05T22:52:41,0.993,39.2349135464432,5.83484727827187e-07,-4.49042044453634e-05,9.86671086485895,-1.10462451862867e-05,10.924923928272,0,-1.94905374557315,-0.0437775770351565,-0.315723728890449,MV-202,sine_steer_python-1
995,2026年09月05日_22时52分41秒_第036次,2026-09-05T22:52:41,0.994,39.2341822001969,5.26888365611979e-07,-4.42603469586982e-05,9.87760934459556,-1.10743559469295e-05,10.9358223860104,0,-1.94326346582935,-0.0436438327096498,-0.314686061386639,MV-202,sine_steer_python-1
996,2026年09月05日_22时52分41秒_第036次,2026-09-05T22:52:41,0.995,39.2334518720841,4.71547951852427e-07,-4.36080010417279e-05,9.8885076208323,-1.11024866804925e-05,10.9467206383372,0,-1.93716632225726,-0.0435031683099001,-0.313597439279114,MV-202,sine_steer_python-1
997,2026年09月05日_22时52分41秒_第036次,2026-09-05T22:52:41,0.996,39.2327225587199,4.17477166329239e-07,-4.29474672552886e-05,9.89940569387459,-1.11306369351772e-05,10.9576186856478,0,-1.93076327766655,-0.0433555956671691,-0.312457574265205,MV-202,sine_steer_python-1
998,2026年09月05日_22时52分41秒_第036次,2026-09-05T22:52:41,0.997,39.2319942566491,3.64687662696654e-07,-4.22790627528461e-05,9.91030356402788,-1.1158806250894e-05,10.9685165283414,0,-1.92405534317217,-0.0432011286472446,-0.311266225854049,MV-202,sine_steer_python-1
999,2026年09月05日_22时52分41秒_第036次,2026-09-05T22:52:41,0.998,39.2312669623547,3.13189060862115e-07,-4.16031208931156e-05,9.92120123159754,-1.11869941598009e-05,10.9794141668206,0,-1.91704357803475,-0.0430397831916086,-0.310023203238335,MV-202,sine_steer_python-1
1000,2026年09月05日_22时52分41秒_第036次,2026-09-05T22:52:41,0.999,39.2305406722682,2.62988942724346e-07,-4.09199904786752e-05,9.93209869688886,-1.12152001868512e-05,10.9903116014912,0,-1.90972908949329,-0.0428715773307279,-0.308728365991788,MV-202,sine_steer_python-1
1001,2026年09月05日_22时52分41秒_第036次,2026-09-05T22:52:41,1,39.2298153827788,2.14092850541927e-07,-4.02300351660643e-05,9.94299596020695,-1.1243423850358e-05,11.0012088327625,0,-1.90211303259031,-0.0426965311730142,-0.307381623743042,MV-202,sine_steer_python-1
1002,2026年09月05日_22时52分41秒_第036次,2026-09-05T22:52:41,1.001,39.2290910902429,1.66504288464133e-07,-3.95336328708757e-05,9.95389302185671,-1.12716646625634e-05,11.0121058610462,0,-1.89419660998949,-0.0425146668722961,-0.305982934946746,MV-202,sine_steer_python-1
1003,2026年09月05日_22时52分41秒_第036次,2026-09-05T22:52:41,1.002,39.2283677909946,1.20224727070162e-07,-3.8831174919896e-05,9.96478988214281,-1.12999221302169e-05,11.0230026867572,0,-1.88598107178573,-0.0423260085761331,-0.304532304850704,MV-202,sine_steer_python-1
1004,2026年09月05日_22时52分41秒_第036次,2026-09-05T22:52:41,1.003,39.2276454813552,7.52536105729209e-08,-3.81230653455663e-05,9.97568654136955,-1.13281957551704e-05,11.0338993103124,0,-1.87746771530775,-0.0421305823571497,-0.303029782751374,MV-202,sine_steer_python-1
1005,2026年09月05日_22时52分41秒_第036次,2026-09-05T22:52:41,1.004,39.2269241576434,3.15883670728876e-08,-3.74097202733671e-05,9.98658299984094,-1.13564850349664e-05,11.0447957321314,0,-1.86865788491322,-0.0419284161298547,-0.301475458641954,MV-202,sine_steer_python-1
1006,2026年09月05日_22时52分41秒_第036次,2026-09-05T22:52:41,1.005,39.2262038161855,-1.07755781845388e-08,-3.66915667540549e-05,9.99747925786051,-1.13847894634565e-05,11.0556919526353,0,-1.8595529717765,-0.0417195395560776,-0.299869459385458,MV-202,sine_steer_python-1
1007,2026年09月05日_22时52分41秒_第036次,2026-09-05T22:52:41,1.006,39.2254844533254,-5.18447872344609e-08,-3.59690423576357e-05,10.0083753157314,-1.14131085313994e-05,11.0665879722473,0,-1.85015441366892,-0.0415039839430026,-0.29821194458105,MV-202,sine_steer_python-1
1008,2026年09月05日_22时52分41秒_第036次,2026-09-05T22:52:41,1.007,39.2247660654346,-9.16277903497395e-08,-3.52425939346971e-05,10.0192711737561,-1.14414417270927e-05,11.0774837913919,0,-1.84046369473174,-0.0412817821384919,-0.296503102322068,MV-202,sine_steer_python-1
1009,2026年09月05日_22时52分41秒_第036次,2026-09-05T22:52:41,1.008,39.2240486489223,-1.30135064888707e-07,-3.45126769561031e-05,10.0301668322368,-1.14697885369844e-05,11.0883794104947,0,-1.83048234524183,-0.0410529684286734,-0.294743145056305,MV-202,sine_steer_python-1
1010,2026年09月05日_22时52分41秒_第036次,2026-09-05T22:52:41,1.009,39.2233322002456,-1.67379011045499e-07,-3.37797545317247e-05,10.0410622914748,-1.14981484463155e-05,11.0992748299825,0,-1.82021194136999,-0.0408175787611533,-0.292932319230578,MV-202,sine_steer_python-1
1011,2026年09月05日_22时52分41秒_第036次,2026-09-05T22:52:41,1.01,39.2226167159189,-2.03373925007807e-07,-3.30442964758855e-05,10.051957551771,-1.15265209397384e-05,11.1101700502826,0,-1.80965410493204,-0.0405756850131463,-0.291072355427214,MV-202,sine_steer_python-1
1012,2026年09月05日_22时52分41秒_第036次,2026-09-05T22:52:41,1.011,39.2219021925242,-2.38135969616178e-07,-3.23067783503558e-05,10.0628526134255,-1.15549055019653e-05,11.1210650718226,0,-1.79881050313274,-0.0403273504033653,-0.289164582188241,MV-202,sine_steer_python-1
1013,2026年09月05日_22时52分41秒_第036次,2026-09-05T22:52:41,1.012,39.2211886652014,-2.3039314962357e-08,0.000850724042778155,10.0737474767376,-1.15833016183994e-05,11.1319598950304,0,-1.78768284830253,-0.0400726200339688,-0.287209525807805,MV-202,sine_steer_python-1
1014,2026年09月05日_22时52分41秒_第036次,2026-09-05T22:52:41,1.013,39.2204760722331,4.97279046785008e-06,0.000471549941540665,10.0846421420222,-1.15726167374599e-05,11.1428545203505,0,-1.77627289762709,-0.0398115389409581,-0.285207674217191,MV-202,sine_steer_python-1
1015,2026年09月05日_22时52分41秒_第036次,2026-09-05T22:52:41,1.014,39.2197644308268,1.25462537180562e-05,0.000510292417000642,10.0955366095633,-1.15868905579693e-05,11.1537489481957,0,-1.76458245286991,-0.0395441518796111,-0.283159468224692,MV-202,sine_steer_python-1
1016,2026年09月05日_22时52分41秒_第036次,2026-09-05T22:52:41,1.015,39.2190537340347,2.24528460952729e-05,0.000453326664594057,10.1064308796607,-1.15923998942034e-05,11.1646431789957,0,-1.75261336008773,-0.0392705046791997,-0.2810653590723,MV-202,sine_steer_python-1
1017,2026年09月05日_22时52分41秒_第036次,2026-09-05T22:52:41,1.016,39.2183439808858,3.48489438996015e-05,0.000432692667669469,10.1173249526091,-1.15996497750182e-05,11.1755372131739,0,-1.74036750933905,-0.0389906878413022,-0.278927653239193,MV-202,sine_steer_python-1
1018,2026年09月05日_22时52分41秒_第036次,2026-09-05T22:52:41,1.017,39.2176351682174,4.96329139096779e-05,0.000450699744529427,10.1282188287034,-1.16057891665047e-05,11.1864310511542,0,-1.72784683438567,-0.0387047711436308,-0.276747746226775,MV-202,sine_steer_python-1
1019,2026年09月05日_22时52分41秒_第036次,2026-09-05T22:52:41,1.018,39.216927293619,6.67117259212353e-05,0.000503113711612725,10.1391125082373,-1.1610205543381e-05,11.1973246933584,0,-1.7150533123873,-0.0384128043655328,-0.274526153148171,MV-202,sine_steer_python-1
1020,2026年09月05日_22时52分41秒_第036次,2026-09-05T22:52:41,1.019,39.2162203546912,8.60071544315233e-05,0.000590860696314582,10.1500059915035,-1.16122676011852e-05,11.2082181402063,0,-1.70198896358938,-0.0381148360573132,-0.272263303010852,MV-202,sine_steer_python-1
1021,2026年09月05日_22时52分41秒_第036次,2026-09-05T22:52:41,1.02,39.2155143491539,0.000107436354433671,0.00070958244763218,10.1608992787939,-1.16111709459556e-05,11.2191113921156,0,-1.68865585100403,-0.037810913511625,-0.269959537872046,MV-202,sine_steer_python-1
1022,2026年09月05日_22时52分41秒_第036次,2026-09-05T22:52:41,1.021,39.2148092748697,0.000130921580604546,0.000855353825658763,10.1717923703994,-1.16062455936929e-05,11.2300044495015,0,-1.67505608008428,-0.0375010830850255,-0.267615126732564,MV-202,sine_steer_python-1
1023,2026年09月05日_22时52分41秒_第036次,2026-09-05T22:52:41,1.022,39.2141052341007,0.000156638682372231,0.00190833749042372,10.1826852666097,-1.15968486312982e-05,11.2408973127763,0,-1.66119179839163,-0.0371853905168024,-0.265230279325944,MV-202,sine_steer_python-1
1024,2026年09月05日_22时52分41秒_第036次,2026-09-05T22:52:41,1.023,39.2134020682408,0.000189026792420773,0.00171783090222019,10.1935779677575,-1.15433777165213e-05,11.2517899823946,0,-1.64706519525686,-0.0368638812163201,-0.262805158581665,MV-202,sine_steer_python-1
1025,2026年09月05日_22时52分41秒_第036次,2026-09-05T22:52:41,1.024,39.2126998255335,0.000225829134919907,0.00196201830734604,10.2044704740937,-1.1509231982513e-05,11.262682458725,0,-1.63267850143437,-0.0365366005260925,-0.260339892063217,MV-202,sine_steer_python-1
1026,2026年09月05日_22时52分41秒_第036次,2026-09-05T22:52:41,1.025,39.2119984997392,0.000266733241407855,0.00212524214156778,10.2153627859113,-1.14602078288775e-05,11.2735747421765,0,-1.6180339887499,-0.0362035939633822,-0.257834582499523,MV-202,sine_steer_python-1
1027,2026年09月05日_22时52分41秒_第036次,2026-09-05T22:52:41,1.026,39.2112980916402,0.000311831961008253,0.00233784257587177,10.226254903493,-1.14063299067687e-05,11.2844668331446,0,-1.60313396974175,-0.0358649074423646,-0.255289317496645,MV-202,sine_steer_python-1
1028,2026年09月05日_22时52分41秒_第036次,2026-09-05T22:52:41,1.027,39.2105986000025,0.000360961792102277,0.00260093825322276,10.237146827122,-1.13443003701785e-05,11.2953587320225,0,-1.58798079729567,-0.0355205874784504,-0.252704178497649,MV-202,sine_steer_python-1
1029,2026年09月05日_22时52分41秒_第036次,2026-09-05T22:52:41,1.028,39.2099000243142,0.000413969089160769,0.00290942463693236,10.24803855708,-1.12730850072242e-05,11.3062504391985,0,-1.57257686427324,-0.0351707228169912,-0.250081004871372,MV-202,sine_steer_python-1
1030,2026年09月05日_22时52分41秒_第036次,2026-09-05T22:52:41,1.029,39.2092023641111,0.00047071611000306,0.00326359893840025,10.2589300936478,-1.11916520562873e-05,11.3171419550563,0,-1.55692460313405,-0.0348154475868443,-0.247423527710947,MV-202,sine_steer_python-1
1031,2026年09月05日_22时52分41秒_第036次,2026-09-05T22:52:41,1.03,39.2085056190767,0.000531061439823855,0.00365865084701243,10.2698214371051,-1.10988157616803e-05,11.3280332799747,0,-1.54102648555158,-0.0344549069589322,-0.244735914700004,MV-202,sine_steer_python-1
1032,2026年09月05日_22时52分41秒_第036次,2026-09-05T22:52:41,1.031,39.2078097890628,0.000594869609905462,0.00409032014058768,10.2807125877303,-1.09935416165156e-05,11.3389244143277,0,-1.5248850220229,-0.034089168087355,-0.242018997838043,MV-202,sine_steer_python-1
1033,2026年09月05日_22时52分41秒_第036次,2026-09-05T22:52:41,1.032,39.2071150363096,0.000662261618870425,0.00544411895627284,10.291603545801,-1.08748374646733e-05,11.3498153584836,0,-1.50850276147221,-0.0337182412045575,-0.239271167775525,MV-202,sine_steer_python-1
1034,2026年09月05日_22时52分41秒_第036次,2026-09-05T22:52:41,1.033,39.2064211160782,0.000737561350931317,0.00555985189369343,10.3024943116615,-1.07030042586667e-05,11.360706112875,0,-1.49188229084836,-0.033342135050046,-0.236490722575567,MV-202,sine_steer_python-1
1035,2026年09月05日_22时52分41秒_第036次,2026-09-05T22:52:41,1.034,39.205728105593,0.000818500520020899,0.00611851421628122,10.3133848855299,-1.0540834654864e-05,11.3715966778015,0,-1.47502623471635,-0.0329608595113121,-0.233675979915728,MV-202,sine_steer_python-1
1036,2026年09月05日_22时52分41秒_第036次,2026-09-05T22:52:41,1.035,39.2050360000513,0.000904704961943262,0.00660464246815861,10.3242752676895,-1.03538904474114e-05,11.3824870536237,0,-1.45793725484282,-0.0325744276165297,-0.230825361726285,MV-202,sine_steer_python-1
1037,2026年09月05日_22时52分41秒_第036次,2026-09-05T22:52:41,1.036,39.2043448023141,0.000996214460909557,0.00714835101893798,10.3351654584094,-1.01518790933809e-05,11.3933772406827,0,-1.44061804977582,-0.0321828569875414,-0.227937455972803,MV-202,sine_steer_python-1
1038,2026年09月05日_22时52分41秒_第036次,2026-09-05T22:52:41,1.037,39.2036545136007,0.00109281310410757,0.00775072720739275,10.3460554579594,-9.93121134045871e-06,11.4042672393152,0,-1.42307135441857,-0.0317861707875601,-0.225011057072258,MV-202,sine_steer_python-1
1039,2026年09月05日_22时52分41秒_第036次,2026-09-05T22:52:41,1.038,39.2029651357,0.00119429536707655,0.00840657778496352,10.3569452666077,-9.69057538015061e-06,11.4151570498511,0,-1.4052999395977,-0.0313843982339224,-0.222045187919467,MV-202,sine_steer_python-1
1040,2026年09月05日_22时52分41秒_第036次,2026-09-05T22:52:41,1.039,39.2022766704621,0.00130047234220012,0.00911606731730122,10.3678348846221,-9.4286724882938e-06,11.4260466726139,0,-1.38730661162561,-0.0309775747598246,-0.219039107072182,MV-202,sine_steer_python-1
1041,2026年09月05日_22时52分41秒_第036次,2026-09-05T22:52:41,1.04,39.2015891198629,0.00141115220004844,0.00987423171791516,10.3787243122691,-9.14406107130392e-06,11.4369361079204,0,-1.36909421185738,-0.0305657419134241,-0.215992304831798,MV-202,sine_steer_python-1
1042,2026年09月05日_22时52分41秒_第036次,2026-09-05T22:52:41,1.041,39.200902486021,0.00152614983290996,0.0106766309497789,10.3896135498144,-8.83546054101472e-06,11.4478253560808,0,-1.35066561624205,-0.0301489470792756,-0.212904491813457,MV-202,sine_steer_python-1
1043,2026年09月05日_22时52分41秒_第036次,2026-09-05T22:52:41,1.042,39.2002169839035,0.0016455397260756,0.0124166664279173,10.4005025975229,-8.50164193522474e-06,11.4587144173985,0,-1.33202373486851,-0.0297272430969031,-0.209775583169447,MV-202,sine_steer_python-1
1044,2026年09月05日_22时52分41秒_第036次,2026-09-05T22:52:41,1.043,39.1995322922722,0.00177351480444965,0.0129205891905606,10.4113914557474,-8.10302146399722e-06,11.4696032922603,0,-1.31317151150591,-0.029300687835849,-0.206605680976213,MV-202,sine_steer_python-1
1045,2026年09月05日_22时52分41秒_第036次,2026-09-05T22:52:41,1.044,39.1988485155237,0.00190782153583095,0.0138734617583272,10.4222801246751,-7.70176195042956e-06,11.4804919808798,0,-1.29411192313889,-0.0288693437678835,-0.20339505650603,MV-202,sine_steer_python-1
1046,2026年09月05日_22时52分41秒_第036次,2026-09-05T22:52:41,1.045,39.198165650491,0.00204802939477808,0.0147601582462263,10.43316860458,-7.26332319633627e-06,11.4913804835515,0,-1.27484797949738,-0.028433277557767,-0.200144133288352,MV-202,sine_steer_python-1
1047,2026年09月05日_22时52分41秒_第036次,2026-09-05T22:52:41,1.046,39.1974837020142,0.00219413375302262,0.0157105015475535,10.4440568957184,-6.79718190688065e-06,11.5022688005455,0,-1.2553827225814,-0.0279925596767688,-0.19685347113862,MV-202,sine_steer_python-1
1048,2026年09月05日_22时52分41秒_第036次,2026-09-05T22:52:41,1.047,39.1968026737989,0.00234587498926852,0.0167255817440975,10.4549449983475,-6.29954783798856e-06,11.5131569321268,0,-1.23571922618067,-0.0275472640304357,-0.19352375079456,MV-202,sine_steer_python-1
1049,2026年09月05日_22时52分41秒_第036次,2026-09-05T22:52:41,1.048,39.1961225698221,0.00250300435308051,0.017800137414325,10.4658329127237,-5.7689205693829e-06,11.5240448785531,0,-1.21586059538921,-0.0270974675854294,-0.190155758517605,MV-202,sine_steer_python-1
1050,2026年09月05日_22时52分41秒_第036次,2026-09-05T22:52:41,1.049,39.1954433940892,0.00266529043641396,0.0189342160189986,10.476720639103,-5.20382128440447e-06,11.5349326400753,0,-1.19580996611504,-0.0266432499799951,-0.18675037000626,MV-202,sine_steer_python-1
1051,2026年09月05日_22时52分41秒_第036次,2026-09-05T22:52:41,1.05,39.1947651506477,0.00283249966964682,0.020122720021242,10.4876081777407,-4.60263790767444e-06,11.5458202169373,0,-1.17557050458495,-0.026184693107945,-0.183308533193594,MV-202,sine_steer_python-1
1052,2026年09月05日_22时52分41秒_第036次,2026-09-05T22:52:41,1.051,39.1940878436031,0.00300440598236641,0.0213610509871931,10.4984955288918,-3.96392738041703e-06,11.5567076093759,0,-1.15514540684454,-0.0257218806750634,-0.179831249882784,MV-202,sine_steer_python-1
1053,2026年09月05日_22时52分41秒_第036次,2026-09-05T22:52:41,1.052,39.1934117335024,0.00318104609104927,0.0235520182252289,10.5093826928107,-3.28630589820952e-06,11.5675948176215,0,-1.13453789825351,-0.0252548977370872,-0.176319556608411,MV-202,sine_steer_python-1
1054,2026年09月05日_22时52分41秒_第036次,2026-09-05T22:52:41,1.053,39.1927364314582,0.00336647588896232,0.0245059371208364,10.5202696698584,-2.53045216380173e-06,11.5784818420052,0,-1.11375123297638,-0.0247838302373837,-0.172774505490621,MV-202,sine_steer_python-1
1055,2026年09月05日_22时52分41秒_第036次,2026-09-05T22:52:41,1.054,39.1920620663029,0.0035584761966176,0.0259126626375036,10.531156460196,-1.75789648098867e-06,11.5893686826525,0,-1.09278869346854,-0.0243087645681269,-0.169197146089527,MV-202,sine_steer_python-1
1056,2026年09月05日_22时52分41秒_第036次,2026-09-05T22:52:41,1.055,39.1913886362152,0.00375656696601932,0.0272575845092838,10.5420430640907,-9.34096873636578e-07,11.6002553397875,0,-1.07165358995799,-0.0238297871800512,-0.165588509320942,MV-202,sine_steer_python-1
1057,2026年09月05日_22时52分41秒_第036次,2026-09-05T22:52:41,1.056,39.190716147332,0.00396070789029748,0.0286702422266865,10.5529294817893,-6.83691112294997e-08,11.6111418136079,0,-1.05034925992259,-0.0233469842626394,-0.161949594358182,MV-202,sine_steer_python-1
1058,2026年09月05日_22时52分41秒_第036次,2026-09-05T22:52:41,1.057,39.1900446053145,0.00417060438174671,0.0301518061280495,10.56381571354,8.43204507953189e-07,11.6220281043069,0,-1.02887906756301,-0.022860441509766,-0.158281359154817,MV-202,sine_steer_python-1
1059,2026年09月05日_22时52分41秒_第036次,2026-09-05T22:52:41,1.058,39.1893740156778,0.00438597312405008,0.0316970106104043,10.5747017595908,1.80224024147927e-06,11.6329142120714,0,-1.00724640327152,-0.022370243976845,-0.154584714843644,MV-202,sine_steer_python-1
1060,2026年09月05日_22时52分41秒_第036次,2026-09-05T22:52:41,1.059,39.1887043839086,0.00460654883418778,0.0333058406263941,10.5855876201898,2.81032541967471e-06,11.6438001370827,0,-0.985454683096584,-0.0218764760266335,-0.150860523890391,MV-202,sine_steer_python-1
1061,2026年09月05日_22时52分41秒_第036次,2026-09-05T22:52:41,1.06,39.1880357154117,0.0048320647984432,0.0349731166223397,10.5964732955852,3.86917199537923e-06,11.6546858795164,0,-0.963507348203433,-0.0213792213540163,-0.147109601592011,MV-202,sine_steer_python-1
1062,2026年09月05日_22时52分41秒_第036次,2026-09-05T22:52:41,1.061,39.1873680155301,0.00506226255076259,0.0366941277283514,10.6073587860252,4.98031615026205e-06,11.6655714395426,0,-0.941407864330669,-0.0208785630722498,-0.143332720177373,MV-202,sine_steer_python-1
1063,2026年09月05日_22时52分41秒_第036次,2026-09-05T22:52:41,1.062,39.1867015835198,0.00529714950371156,0.039381773962048,10.6182440917582,6.1452284773309e-06,11.6764568173261,0,-0.919159721242974,-0.0203745838373986,-0.13953061452541,MV-202,sine_steer_python-1
1064,2026年09月05日_22时52分41秒_第036次,2026-09-05T22:52:41,1.063,39.1860359704984,0.00554064618613063,0.0408295058587369,10.6291292131549,7.40286685106608e-06,11.6873420131495,0,-0.896766432180064,-0.0198673659895089,-0.135703988592616,MV-202,sine_steer_python-1
1065,2026年09月05日_22时52分41秒_第036次,2026-09-05T22:52:41,1.064,39.1853713266667,0.00579058124400166,0.0427321956889333,10.6400141503572,8.69231130329833e-06,11.6982270270629,0,-0.874231533301864,-0.0193569916924188,-0.131853521784218,MV-202,sine_steer_python-1
1066,2026年09月05日_22时52分41秒_第036次,2026-09-05T22:52:41,1.065,39.184707650872,0.00604643283046084,0.0445758983948923,10.6508989036297,1.00480283287771e-05,11.7091118592327,0,-0.851558583130145,-0.0188435430580559,-0.127979874670442,MV-202,sine_steer_python-1
1067,2026年09月05日_22时52分41秒_第036次,2026-09-05T22:52:41,1.066,39.1840449495267,0.0063081334195003,0.0464898795932218,10.6617834732148,1.14608043344457e-05,11.7199965097984,0,-0.828751161986569,-0.0183271022459001,-0.124083693653801,MV-202,sine_steer_python-1
1068,2026年09月05日_22时52分41秒_第036次,2026-09-05T22:52:41,1.067,39.1833832293738,0.00657536194735212,0.0484754429372718,10.6726678593565,1.29346236604279e-05,11.730880978897,0,-0.805812871427328,-0.0178077849183579,-0.120167027761424,MV-202,sine_steer_python-1
1069,2026年09月05日_22时52分41秒_第036次,2026-09-05T22:52:41,1.068,39.1827224965142,0.00684780896171025,0.050527364131533,10.6835520622996,1.44711589260433e-05,11.741765266662,0,-0.782747333674405,-0.017285821112075,-0.116236752501089,MV-202,sine_steer_python-1
1070,2026年09月05日_22时52分41秒_第036次,2026-09-05T22:52:41,1.069,39.1820627569632,0.00712518369848638,0.0526456055463124,10.6944360822895,1.60720478439245e-05,11.7526493732238,0,-0.759558191043604,-0.016761299497324,-0.112293743737111,MV-202,sine_steer_python-1
1071,2026年09月05日_22时52分41秒_第036次,2026-09-05T22:52:41,1.07,39.1814040165178,0.00740719465906821,0.0548249439205375,10.7053199195725,1.77390453555284e-05,11.7635332987097,0,-0.736249105369353,-0.0162342695379223,-0.108337203368259,MV-202,sine_steer_python-1
1072,2026年09月05日_22时52分41秒_第036次,2026-09-05T22:52:41,1.071,39.180746280786,0.00769355930255313,0.057060591310177,10.7162035743954,1.94737252699304e-05,11.7744170432444,0,-0.7128237574265,-0.0157047783851427,-0.104366221695559,MV-202,sine_steer_python-1
1073,2026年09月05日_22时52分41秒_第036次,2026-09-05T22:52:41,1.072,39.1800898814447,0.00798426386979579,0.0602754968002913,10.7270870470058,2.12775908707785e-05,11.7853006069503,0,-0.689285846349034,-0.0151728728451228,-0.100379861174084,MV-202,sine_steer_python-1
1074,2026年09月05日_22时52分41秒_第036次,2026-09-05T22:52:41,1.073,39.1794343161329,0.00828310171440819,0.0622465232424149,10.7379703377874,2.31891768546396e-05,11.7961839900822,0,-0.665639089045975,-0.0146386009603014,-0.0963772237842555,MV-202,sine_steer_python-1
1075,2026年09月05日_22时52分41秒_第036次,2026-09-05T22:52:41,1.074,39.1787797534069,0.00858795733078776,0.0646733458848847,10.7488534468698,2.51481337961026e-05,11.8070671926429,0,-0.641887219614418,-0.0141020132476514,-0.0923575038770127,MV-202,sine_steer_python-1
1076,2026年09月05日_22时52分41秒_第036次,2026-09-05T22:52:41,1.075,39.1781261919637,0.0088982754175145,0.0670428054560471,10.7597363745206,2.71887972991971e-05,11.8179502147664,0,-0.618033988749896,-0.013563163599379,-0.0883200267417752,MV-202,sine_steer_python-1
1077,2026年09月05日_22时52分41秒_第036次,2026-09-05T22:52:41,1.076,39.1774736374054,0.00921396926929934,0.0694838990409122,10.7706191209829,2.93020094498418e-05,11.8288330565619,0,-0.594083163154072,-0.0130221098811569,-0.0842642743808659,MV-202,sine_steer_python-1
1078,2026年09月05日_22时52分41秒_第036次,2026-09-05T22:52:41,1.077,39.1768220966087,0.00953469942165272,0.0719980939554876,10.7815016865023,3.14917739285371e-05,11.8397157181386,0,-0.570038524939953,-0.0124789142739329,-0.0801899004374239,MV-202,sine_steer_python-1
1079,2026年09月05日_22时52分41秒_第036次,2026-09-05T22:52:41,1.078,39.1761715752769,0.00986013829375362,0.0745802366800091,10.7923840713258,3.37597742252413e-05,11.8505981996063,0,-0.545903871034652,-0.0119336434089215,-0.0760967363752254,MV-202,sine_steer_python-1
1080,2026年09月05日_22时52分41秒_第036次,2026-09-05T22:52:41,1.079,39.1755220789935,0.0101899775853804,0.0772302952567724,10.8032662757017,3.61076543333217e-05,11.8614805010746,0,-0.521683012579794,-0.0113863683438417,-0.0719847909437367,MV-202,sine_steer_python-1
1081,2026年09月05日_22时52分41秒_第036次,2026-09-05T22:52:41,1.08,39.1748736130034,0.0105239088926471,0.079943031382073,10.8141482998794,3.85371694535351e-05,11.8723626226539,0,-0.497379774329708,-0.0108371644234439,-0.0678542447491798,MV-202,sine_steer_python-1
1082,2026年09月05日_22时52分41秒_第036次,2026-09-05T22:52:41,1.081,39.1742261822531,0.0108616334067487,0.08271360822573,10.8250301441099,4.10498896963992e-05,11.8832445644553,0,-0.472997994047449,-0.0102861179476003,-0.0637057329007964,MV-202,sine_steer_python-1
1083,2026年09月05日_22时52分41秒_第036次,2026-09-05T22:52:41,1.082,39.1735801454509,0.0112031237671871,0.086474402159938,10.8359118086454,4.36473110819387e-05,11.8941263265912,0,-0.448541521898764,-0.00973350213007183,-0.0595477915667698,MV-202,sine_steer_python-1
1084,2026年09月05日_22时52分41秒_第036次,2026-09-05T22:52:41,1.083,39.1729349523256,0.0115520593016237,0.0889869392747248,10.8467932938855,4.63675210279452e-05,11.90500790932,0,-0.424014219844109,-0.00917949623195064,-0.0553849733316318,MV-202,sine_steer_python-1
1085,2026年09月05日_22时52分41秒_第036次,2026-09-05T22:52:41,1.084,39.172290787104,0.0119063835177752,0.0919551274597827,10.8576745999546,4.91506898919729e-05,11.9158893126321,0,-0.399419961028815,-0.00862419699815628,-0.0512183311674058,MV-202,sine_steer_python-1
1086,2026年09月05日_22时52分41秒_第036次,2026-09-05T22:52:41,1.085,39.1716476476465,0.0122655161063132,0.0948666934435093,10.8685557271275,5.20309868921125e-05,11.9267705366635,0,-0.374762629171452,-0.00806769795324383,-0.047048774459635,MV-202,sine_steer_python-1
1087,2026年09月05日_22时52分41秒_第036次,2026-09-05T22:52:41,1.086,39.1710055378573,0.0126293584397398,0.097850367885824,10.8794366756536,5.49992757066088e-05,11.9376515815271,0,-0.350046117950556,-0.00751008876420488,-0.042877042617232,MV-202,sine_steer_python-1
1088,2026年09月05日_22时52分41秒_第036次,2026-09-05T22:52:41,1.087,39.1703644639848,0.0129975599286502,0.100907794290977,10.8903174457845,5.80595452608581e-05,11.9485324473395,0,-0.325274330389766,-0.00695145598396014,-0.0387037370362597,MV-202,sine_steer_python-1
1089,2026年09月05日_22时52分41秒_第036次,2026-09-05T22:52:41,1.088,39.169724430576,0.013369782042498,0.104033906485351,10.9011980377742,6.12134578978938e-05,11.9594131342211,0,-0.300451178241514,-0.0063918837565841,-0.0345293514337041,MV-202,sine_steer_python-1
1090,2026年09月05日_22时52分41秒_第036次,2026-09-05T22:52:41,1.089,39.1690854420657,0.0137457060191497,0.107228696657506,10.9120784518782,6.44626331773326e-05,11.9702936422962,0,-0.275580581369274,-0.0058314543576797,-0.0303542952016959,MV-202,sine_steer_python-1
1091,2026年09月05日_22时52分41秒_第036次,2026-09-05T22:52:41,1.09,39.1684475024667,0.0141250135148002,0.110486931642731,10.922958688354,6.78087971992234e-05,11.9811739716929,0,-0.250666467128608,-0.00527024860455514,-0.0261789112497872,MV-202,sine_steer_python-1
1092,2026年09月05日_22时52分41秒_第036次,2026-09-05T22:52:41,1.091,39.1678106154227,0.0145073963007087,0.113803747080514,10.9338387474605,7.12534883064839e-05,11.9920541225437,0,-0.225712769746964,-0.00470834616490404,-0.0220034895515912,MV-202,sine_steer_python-1
1093,2026年09月05日_22时52分41秒_第036次,2026-09-05T22:52:41,1.092,39.1671751624136,0.0148928200147955,0.118119884628551,10.9447186294586,7.4798168415802e-05,12.002934094986,0,-0.200723429702432,-0.00414582579979122,-0.0178282779118134,MV-202,sine_steer_python-1
1094,2026年09月05日_22时52分41秒_第036次,2026-09-05T22:52:41,1.093,39.1665405500845,0.015284866295204,0.121183521424287,10.9555983347661,7.84804825988788e-05,12.0138138893136,0,-0.175702393101487,-0.00358276558226106,-0.0136534917030547,MV-202,sine_steer_python-1
1095,2026年09月05日_22时52分41秒_第036次,2026-09-05T22:52:41,1.094,39.1659069761866,0.0156815364846617,0.124701952934395,10.9664778635072,8.22410645259113e-05,12.0246935055413,0,-0.150653611055868,-0.00301924313112036,-0.00947932424562587,MV-202,sine_steer_python-1
1096,2026年09月05日_22时52分41秒_第036次,2026-09-05T22:52:41,1.095,39.1652744374037,0.0160822331634934,0.128163876119164,10.9773572159673,8.61138984309637e-05,12.0355729438394,0,-0.125581039058623,-0.00245533589162927,-0.00530595916687062,MV-202,sine_steer_python-1
1097,2026年09月05日_22时52分41秒_第036次,2026-09-05T22:52:41,1.096,39.164642935451,0.0164868517995004,0.131697751723757,10.9882363924052,9.00898468666788e-05,12.0464522043584,0,-0.100488636359537,-0.00189112146277868,-0.00113358473637366,MV-202,sine_steer_python-1
1098,2026年09月05日_22时52分41秒_第036次,2026-09-05T22:52:41,1.097,39.1640124755632,0.016895036694301,0.135305395999489,10.9991153930817,9.41728616536493e-05,12.0573312872545,0,-0.0753803653398689,-0.00132667791969303,0.00303759201955545,MV-202,sine_steer_python-1
1099,2026年09月05日_22时52分41秒_第036次,2026-09-05T22:52:41,1.098,39.1633830607767,0.017306444257282,0.138981834144118,11.0099942182607,9.83645638045121e-05,12.0682101926909,0,-0.0502601908866764,-0.000762083926780529,0.00720734008506668,MV-202,sine_steer_python-1
1100,2026年09月05日_22时52分41秒_第036次,2026-09-05T22:52:41,1.099,39.1627546940726,0.0177207510134864,0.142727090675901,11.0208728682077,0.000102666529361249,12.0790889208374,0,-0.0251320797667046,-0.000197417687276594,0.011375448536258,MV-202,sine_steer_python-1
1101,2026年09月05日_22时52分41秒_第036次,2026-09-05T22:52:41,1.1,39.1621273779742,0.0181376342844878,0.146535948352982,11.0317513431903,0.000107080437443926,12.0899674718705,0,-9.79717439317883e-16,0.000367244361879783,0.0155417813947532,MV-202,sine_steer_python-1
1102,2026年09月05日_22时52分41秒_第036次,2026-09-05T22:52:41,1.101,39.1615011146125,0.0185567818760657,0.150403528406474,11.0426296434779,0.000111607777819469,12.1008458459733,0,0.0251320797667027,0.000931825332930577,0.0197061830962041,MV-202,sine_steer_python-1
1103,2026年09月05日_22时52分41秒_第036次,2026-09-05T22:52:41,1.102,39.1608763051906,0.0189781576555345,0.155277566167716,11.0535077693417,0.000116249962479439,12.1117240433363,0,0.0502601908866744,0.00149624598749254,0.0238683974109092,MV-202,sine_steer_python-1
1104,2026年09月05日_22时52分41秒_第036次,2026-09-05T22:52:41,1.103,39.1602523175283,0.0194052633801657,0.158895387864962,11.0643857212182,0.000121044220841632,12.122602064315,0,0.075380365339867,0.00206042456597197,0.0280280597739693,MV-202,sine_steer_python-1
1105,2026年09月05日_22时52分41秒_第036次,2026-09-05T22:52:41,1.104,39.1596293613957,0.0198361532912012,0.162966634533575,11.0752634992343,0.000125931591366489,12.1334799089758,0,0.100488636359539,0.00262427701646263,0.0321847065709985,MV-202,sine_steer_python-1
1106,2026年09月05日_22时52分41秒_第036次,2026-09-05T22:52:41,1.105,39.1590074324087,0.0202702196407357,0.166981044366418,11.0861411036864,0.00013094586776174,12.1443575775486,0,0.125581039058629,0.00318771730608676,0.036337787891607,MV-202,sine_steer_python-1
1107,2026年09月05日_22时52分41秒_第036次,2026-09-05T22:52:41,1.106,39.1583865300826,0.0207073564265896,0.171066796525578,11.0970185348441,0.00013607789800697,12.1552350702449,0,0.150653611055866,0.00375065775913592,0.0404866813929636,MV-202,sine_steer_python-1
1108,2026年09月05日_22时52分41秒_第036次,2026-09-05T22:52:41,1.107,39.1577666587051,0.0211472072696865,0.175225862098568,11.1078957929781,0.000141331583790083,12.1661123872831,0,0.175702393101485,0.00431300939646975,0.0446307062017266,MV-202,sine_steer_python-1
1109,2026年09月05日_22时52分41秒_第036次,2026-09-05T22:52:41,1.108,39.1571478199122,0.0215894278134414,0.179453349415112,11.1187728783626,0.000146708493864372,12.1769895288906,0,0.20072342970243,0.0048746822571094,0.0487691360554557,MV-202,sine_steer_python-1
1110,2026年09月05日_22时52分41秒_第036次,2026-09-05T22:52:41,1.109,39.156530015387,0.0220336940137157,0.183749312894749,11.1296497912732,0.00015221015064032,12.1878664953025,0,0.225712769746963,0.00543558568318529,0.0529012108908831,MV-202,sine_steer_python-1
1111,2026年09月05日_22时52分41秒_第036次,2026-09-05T22:52:41,1.11,39.1559132463629,0.0224796828502049,0.188108552086978,11.1405265319876,0.00015783817710717,12.1987432867615,0,0.250666467128606,0.00599562855090822,0.0570261461478494,MV-202,sine_steer_python-1
1112,2026年09月05日_22时52分41秒_第036次,2026-09-05T22:52:41,1.111,39.1552975137015,0.0229270820012286,0.192526177907235,11.1514031007854,0.000163594006089801,12.2096199035187,0,0.275580581369272,0.00655471943506451,0.0611431392607399,MV-202,sine_steer_python-1
1113,2026年09月05日_22时52分41秒_第036次,2026-09-05T22:52:41,1.112,39.1546832363959,0.0233758572341862,0.197955352845155,11.1622794979478,0.000169478991977151,12.2204963458328,0,0.300451178241516,0.00711276670204087,0.0652513731257237,MV-202,sine_steer_python-1
1114,2026年09月05日_22时52分41秒_第036次,2026-09-05T22:52:41,1.113,39.1540697472482,0.0238294483323813,0.202125361170524,11.1731557239276,0.000175529989720093,12.2313726141332,0,0.325274330389767,0.00766967853528265,0.069350016707874,MV-202,sine_steer_python-1
1115,2026年09月05日_22时52分41秒_第036次,2026-09-05T22:52:41,1.114,39.1534572671507,0.0242859545210379,0.206747021692111,11.1840317788546,0.000181688384008338,12.2422487085517,0,0.350046117950554,0.00822536290651547,0.0734382233500918,MV-202,sine_steer_python-1
1116,2026年09月05日_22时52分41秒_第036次,2026-09-05T22:52:41,1.115,39.1528457911774,0.0247447631066355,0.211311174053789,11.1949076630349,0.000187987781366069,12.2531246293875,0,0.37476262917145,0.00877972751606908,0.0775151277685604,MV-202,sine_steer_python-1
1117,2026年09月05日_22时52分41秒_第036次,2026-09-05T22:52:41,1.116,39.1522353170698,0.0252057694148852,0.215945695197922,11.2057833767471,0.000194419008263413,12.2640003769224,0,0.399419961028813,0.00933267973756398,0.0815798432230494,MV-202,sine_steer_python-1
1118,2026年09月05日_22时52分41秒_第036次,2026-09-05T22:52:41,1.117,39.1516258486338,0.0256686191982183,0.220652681214677,11.2166589202701,0.000200985909609306,12.2748759514441,0,0.424014219844107,0.00988412661793849,0.0856314610167085,MV-202,sine_steer_python-1
1119,2026年09月05日_22时52分41秒_第036次,2026-09-05T22:52:41,1.118,39.1510173866143,0.0261329700377626,0.225427304733457,11.2275342938863,0.000207689997189253,12.2857513532496,0,0.448541521898762,0.0104339750024699,0.0896690552755312,MV-202,sine_steer_python-1
1120,2026年09月05日_22时52分41秒_第036次,2026-09-05T22:52:41,1.119,39.1504099319324,0.0265984998991641,0.23026963830038,11.2384094978794,0.000214532735591902,12.296626582643,0,0.472997994047447,0.0109821318634068,0.0936916963508247,MV-202,sine_steer_python-1
1121,2026年09月05日_22时52分41秒_第036次,2026-09-05T22:52:41,1.12,39.1498034850997,0.027064887876923,0.23517449040985,11.2492845325347,0.000221515688186327,12.3075016399359,0,0.497379774329713,0.0115285048738219,0.0976984746434566,MV-202,sine_steer_python-1
1122,2026年09月05日_22时52分41秒_第036次,2026-09-05T22:52:41,1.121,39.1491980463024,0.0275318238558325,0.240136957791747,11.2601593981392,0.000228640227868181,12.318376525447,0,0.521683012579796,0.0120730031402379,0.101688531240446,MV-202,sine_steer_python-1
1123,2026年09月05日_22时52分41秒_第036次,2026-09-05T22:52:41,1.122,39.1485940512581,0.027999277745026,0.246113961523922,11.2710340949812,0.000235907648842455,12.3292512395024,0,0.545903871034651,0.012615537826083,0.105661084036562,MV-202,sine_steer_python-1
1124,2026年09月05日_22时52分41秒_第036次,2026-09-05T22:52:41,1.123,39.147990801157,0.0284706445206933,0.250829705429281,11.2819086235259,0.000243354480895945,12.3401257826013,0,0.570038524939951,0.0131560223630088,0.109615436445132,MV-202,sine_steer_python-1
1125,2026年09月05日_22时52分41秒_第036次,2026-09-05T22:52:41,1.124,39.1473885275678,0.0289440584902238,0.255994953498228,11.2927829839038,0.000250922397098913,12.3510001549376,0,0.59408316315407,0.0136943721699383,0.113550965187883,MV-202,sine_steer_python-1
1126,2026年09月05日_22时52分41秒_第036次,2026-09-05T22:52:41,1.125,39.1467872258255,0.029418906089117,0.261101699067308,11.3036571764267,0.000258644825241562,12.361874356873,0,0.618033988749894,0.0142305040956081,0.117467096244447,MV-202,sine_steer_python-1
1127,2026年09月05日_22时52分41秒_第036次,2026-09-05T22:52:41,1.126,39.1461868926041,0.0298950854258087,0.266277489200909,11.3145312013789,0.000266512567114859,12.372748388752,0,0.641887219614417,0.0147643358782291,0.121363281438547,MV-202,sine_steer_python-1
1128,2026年09月05日_22时52分41秒_第036次,2026-09-05T22:52:41,1.127,39.145587531935,0.0303722458968361,0.271524507355375,11.3254050590435,0.000274529407818775,12.3836222509221,0,0.665639089045973,0.0152957857681213,0.125238981912083,MV-202,sine_steer_python-1
1129,2026年09月05日_22时52分41秒_第036次,2026-09-05T22:52:41,1.128,39.1449891444092,0.0308500484813019,0.27683796462142,11.3362787497074,0.000282696800901661,12.3944959437387,0,0.689285846349032,0.0158247723110053,0.129093658432444,MV-202,sine_steer_python-1
1130,2026年09月05日_22时52分41秒_第036次,2026-09-05T22:52:41,1.129,39.1443917309291,0.0313281745455196,0.282217933844735,11.347152273658,0.000291016152145932,12.4053694675625,0,0.712823757426501,0.0163512142348621,0.132926766123128,MV-202,sine_steer_python-1
1131,2026年09月05日_22时52分41秒_第036次,2026-09-05T22:52:41,1.13,39.1437952920358,0.0318063066242551,0.28765921916983,11.3580256311842,0.000299488964810847,12.4162428227595,0,0.736249105369358,0.0168750806479535,0.136739878969824,MV-202,sine_steer_python-1
1132,2026年09月05日_22时52分41秒_第036次,2026-09-05T22:52:41,1.131,39.1431998279984,0.0322841380702219,0.293156894492847,11.368898822576,0.000308116551667234,12.4271160097012,0,0.759558191043602,0.0173964358881991,0.140538588070401,MV-202,sine_steer_python-1
1133,2026年09月05日_22时52分41秒_第036次,2026-09-05T22:52:41,1.132,39.1426057907196,0.0327616441794167,0.299669937675999,11.3797718481242,0.000316900146747548,12.4379890287638,0,0.782747333674404,0.0179151825009434,0.144321621113466,MV-202,sine_steer_python-1
1134,2026年09月05日_22时52分41秒_第036次,2026-09-05T22:52:41,1.133,39.1420124527751,0.0332421912643147,0.304920473782372,11.3906447083009,0.000325876007363807,12.4488618804966,0,0.805812871427326,0.0184312042310141,0.14808689491322,MV-202,sine_steer_python-1
1135,2026年09月05日_22时52分41秒_第036次,2026-09-05T22:52:41,1.134,39.1414200561817,0.0337239379152847,0.31061796300056,11.401517403234,0.000334986038019643,12.4597345651379,0,0.828751161986568,0.0189443830169896,0.151832234364858,MV-202,sine_steer_python-1
1136,2026年09月05日_22时52分41秒_第036次,2026-09-05T22:52:41,1.135,39.1408285974065,0.0342062728749565,0.316255599941389,11.4123899332356,0.000344263498614325,12.4706070830903,0,0.851558583130143,0.01945460088028,0.155555451967487,MV-202,sine_steer_python-1
1137,2026年09月05日_22时52分41秒_第036次,2026-09-05T22:52:41,1.136,39.1402380728278,0.0346890976999282,0.321960571443742,11.4232622985908,0.000353699164829761,12.481479434739,0,0.874231533301862,0.0199617415157191,0.159254414706404,MV-202,sine_steer_python-1
1138,2026年09月05日_22时52分41秒_第036次,2026-09-05T22:52:41,1.137,39.1396484874386,0.035172066206615,0.327735108178852,11.4341344995824,0.000363296760616921,12.4923516204681,0,0.896766432180066,0.020465691557127,0.162927097201606,MV-202,sine_steer_python-1
1139,2026年09月05日_22时52分41秒_第036次,2026-09-05T22:52:41,1.138,39.1390598424256,0.0356548435654308,0.333574431839828,11.4450065364965,0.000373057681580388,12.5032236406672,0,0.919159721242976,0.020966341512543,0.166571620884371,MV-202,sine_steer_python-1
1140,2026年09月05日_22时52分41秒_第036次,2026-09-05T22:52:41,1.139,39.1384721394043,0.0361371153338958,0.339478596406437,11.4558784096194,0.000382983275158856,12.5140954957284,0,0.941407864330667,0.0214635863928795,0.170186280203616,MV-202,sine_steer_python-1
1141,2026年09月05日_22时52分41秒_第036次,2026-09-05T22:52:41,1.14,39.137885379665,0.0366185682781537,0.34544238756047,11.4667501192384,0.000393074985360941,12.5249671860462,0,0.963507348203431,0.021957326070316,0.173769557400281,MV-202,sine_steer_python-1
1142,2026年09月05日_22时52分41秒_第036次,2026-09-05T22:52:41,1.141,39.1372995642627,0.037098900011493,0.351460847443109,11.4776216656415,0.000403334065896734,12.5358387120173,0,0.985454683096582,0.0224474654094962,0.177320127670109,MV-202,sine_steer_python-1
1143,2026年09月05日_22时52分41秒_第036次,2026-09-05T22:52:41,1.142,39.1367151609315,0.0375780920531401,0.358493323226361,11.4884930491171,0.00041376169182195,12.5467100740405,0,1.00724640327152,0.0229339142226608,0.180836856877174,MV-202,sine_steer_python-1
1144,2026年09月05日_22时52分41秒_第036次,2026-09-05T22:52:41,1.143,39.1361314161731,0.0380594972794605,0.364262830681795,11.4993642701386,0.000424393901303789,12.5575812726857,0,1.02887906756301,0.0234165870965286,0.184318793840254,MV-202,sine_steer_python-1
1145,2026年09月05日_22时52分41秒_第036次,2026-09-05T22:52:41,1.144,39.1355485822106,0.0385412878794288,0.37047629638383,11.5102353288268,0.000435172774620462,12.5684523082076,0,1.05034925992259,0.0238954031311937,0.187765158895194,MV-202,sine_steer_python-1
1146,2026年09月05日_22时52分41秒_第036次,2026-09-05T22:52:41,1.145,39.1349666573698,0.0390228577350162,0.376628162597034,11.5211062254889,0.000446131415725979,12.5793231810196,0,1.071653589958,0.0243702856235842,0.191175330110083,MV-202,sine_steer_python-1
1147,2026年09月05日_22时52分41秒_第036次,2026-09-05T22:52:41,1.146,39.1343856383586,0.0395041123507284,0.382845228189062,11.5319769604062,0.00045726057364447,12.5901938915175,0,1.09278869346854,0.0248411617192422,0.19454882815883,MV-202,sine_steer_python-1
1148,2026年09月05日_22时52分41秒_第036次,2026-09-05T22:52:41,1.147,39.1338055316945,0.0399847106155985,0.389129733695668,11.5428475338559,0.000468563910819766,12.6010644400913,0,1.11375123297638,0.0253079620475301,0.197885300492787,MV-202,sine_steer_python-1
1149,2026年09月05日_22时52分41秒_第036次,2026-09-05T22:52:41,1.148,39.1332263397224,0.0404643226225191,0.395476886636011,11.5537179461187,0.000480042766140561,12.6119348271341,0,1.13453789825351,0.0257706203480377,0.201184505140441,MV-202,sine_steer_python-1
1150,2026年09月05日_22时52分41秒_第036次,2026-09-05T22:52:41,1.149,39.1326480652975,0.0409426389037531,0.40188670640068,11.5645881974751,0.000491698430111755,12.6228050530379,0,1.15514540684454,0.0262290730908923,0.204446294250558,MV-202,sine_steer_python-1
1151,2026年09月05日_22时52分41秒_第036次,2026-09-05T22:52:41,1.15,39.1320707109571,0.0414193512934917,0.408353949862369,11.575458288206,0.000503532289317405,12.6336751181944,0,1.17557050458495,0.0266832590912901,0.207670597393519,MV-202,sine_steer_python-1
1152,2026年09月05日_22时52分41秒_第036次,2026-09-05T22:52:41,1.151,39.1314942790105,0.0418941625538027,0.414873622577536,11.5863282185928,0.000515545540469465,12.6445450229945,0,1.19580996611504,0.0271331191188135,0.210857404645773,MV-202,sine_steer_python-1
1153,2026年09月05日_22时52分41秒_第036次,2026-09-05T22:52:41,1.152,39.1309192525935,0.0423670613932927,0.422403801041207,11.5971979889171,0.000527739301885764,12.6554147678276,0,1.21586059538921,0.0275785955043832,0.214006749578936,MV-202,sine_steer_python-1
1154,2026年09月05日_22时52分41秒_第036次,2026-09-05T22:52:41,1.153,39.1303448541562,0.0428414017931077,0.428671281858188,11.6080675996483,0.000540149445566128,12.6662843532523,0,1.23571922618067,0.0280196317510989,0.217118692418763,MV-202,sine_steer_python-1
1155,2026年09月05日_22时52分41秒_第036次,2026-09-05T22:52:41,1.154,39.1297713457128,0.0433153597325683,0.435379272250582,11.6189370508971,0.00055271817432451,12.67715377951,0,1.2553827225814,0.0284561721586592,0.220193303784306,MV-202,sine_steer_python-1
1156,2026年09月05日_22时52分41秒_第036次,2026-09-05T22:52:41,1.155,39.1291987278711,0.043788337184068,0.442023510197619,11.6298063429614,0.000565478449249984,12.6880230469931,0,1.27484797949738,0.0288881614735386,0.223230649522484,MV-202,sine_steer_python-1
1157,2026年09月05日_22时52分41秒_第036次,2026-09-05T22:52:41,1.156,39.1286269979963,0.044260244415108,0.448730385845944,11.6406754761144,0.000578420993386889,12.6988921560774,0,1.29411192313889,0.0293155445779423,0.226230777188609,MV-202,sine_steer_python-1
1158,2026年09月05日_22时52分41秒_第036次,2026-09-05T22:52:41,1.157,39.1280561643879,0.0447307463711629,0.455502119030545,11.6515444506242,0.000591549408760178,12.709761107129,0,1.31317151150591,0.0297382662294732,0.229193704677117,MV-202,sine_steer_python-1
1159,2026年09月05日_22时52分41秒_第036次,2026-09-05T22:52:41,1.158,39.127486230793,0.0451995191620874,0.462333885146514,11.6624132667622,0.000604864980234136,12.7206299005143,0,1.3320237348685,0.0301562708605755,0.232119411385281,MV-202,sine_steer_python-1
1160,2026年09月05日_22时52分41秒_第036次,2026-09-05T22:52:41,1.159,39.1269172015094,0.0456662594672806,0.469225660053578,11.6732819247994,0.000618368944361408,12.7314985365963,0,1.35066561624205,0.0305695024426756,0.235007832117232,MV-202,sine_steer_python-1
1161,2026年09月05日_22时52分41秒_第036次,2026-09-05T22:52:41,1.16,39.1263490804909,0.0461306654363411,0.476172168271423,11.6841504250074,0.000632062633800737,12.742367015735,0,1.36909421185738,0.030977906704807,0.237858950618572,MV-202,sine_steer_python-1
1162,2026年09月05日_22时52分41秒_第036次,2026-09-05T22:52:41,1.161,39.1257818714335,0.0465924462971865,0.483168380751921,11.6950187676577,0.000645947192113295,12.7532353382873,0,1.38730661162561,0.0313815131826526,0.240676271156784,MV-202,sine_steer_python-1
1163,2026年09月05日_22时52分41秒_第036次,2026-09-05T22:52:41,1.162,39.1252160722454,0.0470515993514663,0.491169538019394,11.7058869530218,0.000660023685022045,12.7641035046066,0,1.4052999395977,0.031780391571952,0.243464971836306,MV-202,sine_steer_python-1
1164,2026年09月05日_22时52分41秒_第036次,2026-09-05T22:52:41,1.163,39.1246508827865,0.047511493626079,0.497908988626613,11.7167549815618,0.000674327871036123,12.7749715152123,0,1.42307135441857,0.0321745506902078,0.246227628272969,MV-202,sine_steer_python-1
1165,2026年09月05日_22时52分41秒_第036次,2026-09-05T22:52:41,1.164,39.1240865742224,0.0479703003578771,0.505085096735357,11.7276228533766,0.000688802026712908,12.7858393703082,0,1.44061804977582,0.0325639333235021,0.248963994743916,MV-202,sine_steer_python-1
1166,2026年09月05日_22时52分41秒_第036次,2026-09-05T22:52:41,1.165,39.1235231494972,0.0484274328810788,0.512194947451581,11.7384905687516,0.000703478985325157,12.7967070702405,0,1.45793725484282,0.0329484761886259,0.251673541316111,MV-202,sine_steer_python-1
1167,2026年09月05日_22时52分41秒_第036次,2026-09-05T22:52:41,1.166,39.1229606066151,0.0488828075403697,0.519364510366876,11.7493581279503,0.000718349447012458,12.8075746153419,0,1.47502623471635,0.0333281101898515,0.254355464487067,MV-202,sine_steer_python-1
1168,2026年09月05日_22时52分41秒_第036次,2026-09-05T22:52:41,1.167,39.1223989555708,0.0493360968022806,0.526595962487549,11.7602255312292,0.000733416957105217,12.8184420059311,0,1.49188229084836,0.0337027616683334,0.257008739739143,MV-202,sine_steer_python-1
1169,2026年09月05日_22时52分41秒_第036次,2026-09-05T22:52:41,1.168,39.1218382014135,0.0497869843633449,0.53388443727039,11.7710927788488,0.000748682751803249,12.8293092423266,0,1.50850276147221,0.0340724102622745,0.259634572365108,MV-202,sine_steer_python-1
1170,2026年09月05日_22时52分41秒_第036次,2026-09-05T22:52:41,1.169,39.1212783497475,0.0502351746866418,0.541229865735439,11.7819598710691,0.000764148019494393,12.8401763248417,0,1.52488502202289,0.0344371580666448,0.262239327201442,MV-202,sine_steer_python-1
1171,2026年09月05日_22时52分41秒_第036次,2026-09-05T22:52:41,1.17,39.1207194057759,0.0506803739341952,0.548626943806777,11.7928268081503,0.000779814045335016,12.8510432537854,0,1.54102648555158,0.0347969273782246,0.264821723968277,MV-202,sine_steer_python-1
1172,2026年09月05日_22时52分41秒_第036次,2026-09-05T22:52:41,1.171,39.1201613743856,0.0511222995486821,0.556070616755454,11.803693590353,0.000795681926631024,12.8619100294625,0,1.55692460313405,0.0351515901260378,0.267378319747248,MV-202,sine_steer_python-1
1173,2026年09月05日_22时52分41秒_第036次,2026-09-05T22:52:41,1.172,39.1196047674491,0.0515609592532228,0.564511826792877,11.8145602179379,0.000811752683827202,12.8727766521729,0,1.57257686427324,0.0355010156737276,0.269905533827904,MV-202,sine_steer_python-1
1174,2026年09月05日_22时52分41秒_第036次,2026-09-05T22:52:41,1.173,39.1190487631329,0.0519997502458293,0.571693080067188,11.8254266913578,0.000828062014495284,12.8836431223803,0,1.58798079729567,0.035845074039461,0.272399783779199,MV-202,sine_steer_python-1
1175,2026年09月05日_22时52分41秒_第036次,2026-09-05T22:52:41,1.174,39.1184936409546,0.0524368317961931,0.579306850818555,11.8362930107004,0.00084455222722729,12.8945094402382,0,1.60313396974175,0.0361836385049847,0.274857595562561,MV-202,sine_steer_python-1
1176,2026年09月05日_22时52分41秒_第036次,2026-09-05T22:52:41,1.175,39.117939405919,0.0528716320639645,0.586851626279282,11.8471591762379,0.000861256045388315,12.9053756060327,0,1.61803398874989,0.0365165876818802,0.277275690666376,MV-202,sine_steer_python-1
1177,2026年09月05日_22时52分41秒_第036次,2026-09-05T22:52:41,1.176,39.1173860563578,0.0533040751314683,0.594452951327387,11.8580251882235,0.00087816415303456,12.9162416200411,0,1.63267850143437,0.036843807059546,0.279651051319733,MV-202,sine_steer_python-1
1178,2026年09月05日_22时52分41秒_第036次,2026-09-05T22:52:41,1.177,39.1168336035943,0.053733842750496,0.602112945540335,11.8688910469024,0.00089528004640231,12.927107482525,0,1.64706519525685,0.0371651900884052,0.281980966047748,MV-202,sine_steer_python-1
1179,2026年09月05日_22时52分41秒_第036次,2026-09-05T22:52:41,1.178,39.1162820536074,0.0541606280343741,0.609826697400254,11.8797567525242,0.000912604922248938,12.9379731937453,0,1.66119179839162,0.0374806388573058,0.284263058060354,MV-202,sine_steer_python-1
1180,2026年09月05日_22时52分41秒_第036次,2026-09-05T22:52:41,1.179,39.115731412912,0.054584145085416,0.617594097611805,11.890622305338,0.000930139930540758,12.9488387539579,0,1.67505608008428,0.0377900644238685,0.28649529895831,MV-202,sine_steer_python-1
1181,2026年09月05日_22时52分41秒_第036次,2026-09-05T22:52:41,1.18,39.1151816875482,0.05500410995087,0.62540982244617,11.9014877055936,0.000947886319373871,12.9597041634144,0,1.68865585100403,0.0380933868538131,0.288676010126023,MV-202,sine_steer_python-1
1182,2026年09月05日_22时52分41秒_第036次,2026-09-05T22:52:41,1.181,39.1146328831649,0.0554202501678981,0.633268804913783,11.9123529535413,0.000965845150782385,12.970569422362,0,1.70198896358938,0.0383905350213565,0.29080385401458,MV-202,sine_steer_python-1
1183,2026年09月05日_22时52分41秒_第036次,2026-09-05T22:52:41,1.182,39.1140855247495,0.0558325858328689,0.642116362032178,11.9232180494316,0.000984017411402011,12.9814345310439,0,1.7150533123873,0.0386814462182951,0.292877817329551,MV-202,sine_steer_python-1
1184,2026年09月05日_22时52分41秒_第036次,2026-09-05T22:52:41,1.183,39.1135387691498,0.0562445541002796,0.649706538759084,11.9340829937086,0.00100243878980271,12.9922994898644,0,1.72784683438567,0.0389660656145657,0.294897187934501,MV-202,sine_steer_python-1
1185,2026年09月05日_22时52分41秒_第036次,2026-09-05T22:52:41,1.184,39.1129929034287,0.0566542961249466,0.65772496368135,11.9449477864511,0.00102105159463391,13.0031642989272,0,1.74036750933905,0.0392443456079622,0.296861527065072,MV-202,sine_steer_python-1
1186,2026年09月05日_22时52分41秒_第036次,2026-09-05T22:52:41,1.185,39.1124479341647,0.0570612581514549,0.665671583868355,11.9558124279188,0.00103988846037982,13.0140289584576,0,1.75261336008773,0.0395162450954919,0.298770638228859,MV-202,sine_steer_python-1
1187,2026年09月05日_22时52分41秒_第036次,2026-09-05T22:52:41,1.186,39.1119038595419,0.0574653736016357,0.673671519067874,11.9666769183566,0.00105894006643619,13.0248934686799,0,1.7645824528699,0.0397817286939582,0.300624533959247,MV-202,sine_steer_python-1
1188,2026年09月05日_22时52分41秒_第036次,2026-09-05T22:52:41,1.187,39.111360691701,0.0578663351587636,0.681726821520967,11.977541258,0.00107820987205869,13.0357578298006,0,1.77627289762709,0.0400407659332763,0.302423401418627,MV-202,sine_steer_python-1
1189,2026年09月05日_22时52分41秒_第036次,2026-09-05T22:52:41,1.188,39.1108184370438,0.0582638470074573,0.689832535155819,11.9884054470895,0.00109769904818808,13.0466220420276,0,1.78768284830253,0.0402933304431815,0.304167567725863,MV-202,sine_steer_python-1
1190,2026年09月05日_22时52分41秒_第036次,2026-09-05T22:52:41,1.189,39.1102771024852,0.0586576345139846,0.697988517051975,11.9992694858655,0.00111740872051185,13.0574861055645,0,1.79881050313274,0.0405393991525165,0.30585746582054,MV-202,sine_steer_python-1
1191,2026年09月05日_22时52分41秒_第036次,2026-09-05T22:52:41,1.19,39.1097366943902,0.059047425197989,0.706189434089968,12.0101333745694,0.001137340114866,13.0683500206118,0,1.80965410493204,0.0407789515199237,0.30749360166122,MV-202,sine_steer_python-1
1192,2026年09月05日_22时52分41秒_第036次,2026-09-05T22:52:41,1.191,39.1091972186583,0.0594329582309027,0.714430220851539,12.0209971134433,0.00115749427332184,13.0792137873674,0,1.82021194136999,0.0410119688148396,0.309076523558105,MV-202,sine_steer_python-1
1193,2026年09月05日_22时52分41秒_第036次,2026-09-05T22:52:41,1.192,39.1086592126856,0.0598142677006802,0.723649413041922,12.03186070273,0.00117787216446177,13.0900774060261,0,1.83048234524183,0.0412384334672914,0.310606794423801,MV-202,sine_steer_python-1
1194,2026年09月05日_22时52分41秒_第036次,2026-09-05T22:52:41,1.193,39.1081218119451,0.0601948404669497,0.731614684038062,12.042724142867,0.00119850951760244,13.100940876942,0,1.84046369473174,0.0414583285032481,0.312084967651891,MV-202,sine_steer_python-1
1195,2026年09月05日_22时52分41秒_第036次,2026-09-05T22:52:41,1.194,39.1075853104062,0.0605727941714842,0.740003966594517,12.0535874339274,0.00121934862117518,13.1118042001812,0,1.85015441366892,0.0416716370786096,0.3135115671779,MV-202,sine_steer_python-1
1196,2026年09月05日_22时52分41秒_第036次,2026-09-05T22:52:41,1.195,39.1070497156804,0.0609475956915206,0.74831872678003,12.0644505761609,0.00124042204415229,13.1226673759197,0,1.8595529717765,0.0418783421193205,0.314887072039774,MV-202,sine_steer_python-1
1197,2026年09月05日_22时52分41秒_第036次,2026-09-05T22:52:41,1.196,39.1065150253226,0.0613191888435212,0.756683657334879,12.0753135698071,0.00126172047718971,13.1335304043417,0,1.86865788491322,0.0420784260681081,0.316211905459272,MV-202,sine_steer_python-1
1198,2026年09月05日_22时52分41秒_第036次,2026-09-05T22:52:41,1.197,39.105981251792,0.0616872782888453,0.765100734453053,12.0861764150944,0.00128324735881733,13.1443932856127,0,1.87746771530775,0.0422718707310459,0.31748642815606,MV-202,sine_steer_python-1
1199,2026年09月05日_22时52分41秒_第036次,2026-09-05T22:52:41,1.198,39.1054484014305,0.0620515802822993,0.773564957471563,12.0970391122571,0.00130500385170395,13.155256019902,0,1.88598107178573,0.042458657210767,0.318710935336032,MV-202,sine_steer_python-1
1200,2026年09月05日_22时52分41秒_第036次,2026-09-05T22:52:41,1.199,39.1049164810821,0.0624118323742097,0.782076154592262,12.1079016615301,0.0013269910751993,13.1661186073765,0,1.89419660998949,0.0426387659088407,0.319885656612713,MV-202,sine_steer_python-1
1201,2026年09月05日_22时52分41秒_第036次,2026-09-05T22:52:41,1.2,39.1043854969791,0.0627677743927521,0.790628990745139,12.1187640631492,0.00134921025131869,13.1769810482022,0,1.90211303259031,0.0428121765782609,0.321010758054309,MV-202,sine_steer_python-1
1202,2026年09月05日_22时52分41秒_第036次,2026-09-05T22:52:41,1.201,39.103855454829,0.063119157888472,0.799218412120321,12.1296263173516,0.00137166242097649,13.1878433425439,0,1.90972908949329,0.042978868408254,0.322086345602425,MV-202,sine_steer_python-1
1203,2026年09月05日_22时52分41秒_第036次,2026-09-05T22:52:41,1.202,39.1033269040338,0.0634660317921777,0.808775220629978,12.1404884243755,0.00139434855380816,13.1987054905661,0,1.91704357803475,0.0431388201272014,0.323112469260879,MV-202,sine_steer_python-1
1204,2026年09月05日_22时52分41秒_第036次,2026-09-05T22:52:41,1.203,39.1027989583254,0.0638119397272928,0.817082452708279,12.1513503846542,0.00141730446489572,13.2095674925902,0,1.92405534317217,0.0432920101142373,0.324089127655224,MV-202,sine_steer_python-1
1205,2026年09月05日_22时52分41秒_第036次,2026-09-05T22:52:41,1.204,39.1022719182518,0.0641549709189828,0.825809613986487,12.1622121982594,0.00144047241463586,13.2204293486645,0,1.93076327766655,0.043438416514861,0.325016272766276,MV-202,sine_steer_python-1
1206,2026年09月05日_22时52分41秒_第036次,2026-09-05T22:52:41,1.205,39.1017457920024,0.0644946142822912,0.834459749348453,12.1730738654335,0.00146388493040109,13.2312910589344,0,1.93716632225726,0.04357801735973,0.32589381480335,MV-202,sine_steer_python-1
1207,2026年09月05日_22时52分41秒_第036次,2026-09-05T22:52:41,1.206,39.1012205761528,0.0648308241511159,0.843157116559347,12.1839353864139,0.00148753273335186,13.2421526235637,0,1.94326346582935,0.0437107906879238,0.32672162727279,MV-202,sine_steer_python-1
1208,2026年09月05日_22时52分41秒_第036次,2026-09-05T22:52:41,1.207,39.1006962831229,0.0651633172486025,0.85190360551661,12.1947967614252,0.00151141926027283,13.2530140426969,0,1.94905374557315,0.0438367146763107,0.327499552311635,MV-202,sine_steer_python-1
1209,2026年09月05日_22时52分41秒_第036次,2026-09-05T22:52:41,1.208,39.1001729188611,0.0654918218991778,0.860694167477077,12.205657990699,0.00153554568551487,13.2638753164851,0,1.95453624713639,0.0439557677755815,0.328227406310673,MV-202,sine_steer_python-1
1210,2026年09月05日_22时52分41秒_第036次,2026-09-05T22:52:41,1.209,39.099650489829,0.065816087731453,0.869528601555909,12.2165190744673,0.00155991314222619,13.274736445079,0,1.95971010476849,0.0440679288517118,0.328904985774329,MV-202,sine_steer_python-1
1211,2026年09月05日_22时52分41秒_第036次,2026-09-05T22:52:41,1.21,39.0991290018369,0.0661358666699563,0.878401572458057,12.2273800129637,0.00158452286898565,13.2855974286303,0,1.96457450145738,0.0441731773298317,0.329532073289023,MV-202,sine_steer_python-1
1212,2026年09月05日_22时52分41秒_第036次,2026-09-05T22:52:41,1.211,39.0986084601339,0.0664509223221374,0.887308041419723,12.2382408064236,0.00160937592607877,13.2964582672923,0,1.96912866905841,0.044271493336323,0.330108443422218,MV-202,sine_steer_python-1
1213,2026年09月05日_22时52分41秒_第036次,2026-09-05T22:52:41,1.212,39.0980894261064,0.0667613182924006,0.897170351372685,12.2491014550834,0.00163447330480125,13.3073189612194,0,1.97337188841574,0.0443628578346935,0.330633868362959,MV-202,sine_steer_python-1
1214,2026年09月05日_22时52分41秒_第036次,2026-09-05T22:52:41,1.213,39.0975709912025,0.0670706589372167,0.905788236654454,12.2599619593749,0.00165985094330845,13.3181795107206,0,1.97730348947583,0.0444472527513359,0.331108123138583,MV-202,sine_steer_python-1
1215,2026年09月05日_22时52分41秒_第036次,2026-09-05T22:52:41,1.214,39.0970534625893,0.0673770005867691,0.914822173196141,12.270822319372,0.00168545107794291,13.3290399158487,0,1.9809228513933,0.0445246610883345,0.331530990287079,MV-202,sine_steer_python-1
1216,2026年09月05日_22时52分41秒_第036次,2026-09-05T22:52:41,1.215,39.096536848753,0.0676798542539263,0.923776845452785,12.2816825353124,0.00171130621650194,13.3399001767385,0,1.98422940262896,0.0445950670215917,0.33190226391215,MV-202,sine_steer_python-1
1217,2026年09月05日_22时52分41秒_第036次,2026-09-05T22:52:41,1.216,39.0960211451469,0.0679791838346528,0.932776059681177,12.2925426074342,0.00173740713123034,13.350760293554,0,1.98722262104002,0.0446584559833751,0.3322217530832,MV-202,sine_steer_python-1
1218,2026年09月05日_22时52分41秒_第036次,2026-09-05T22:52:41,1.217,39.0955063640017,0.0682747171184402,0.941821606776368,12.3034025359609,0.00176375727673741,13.3616202664393,0,1.9899020339626,0.0447148147287727,0.332489284559137,MV-202,sine_steer_python-1
1219,2026年09月05日_22时52分41秒_第036次,2026-09-05T22:52:41,1.218,39.0949925107491,0.0685661934122996,0.950908382017782,12.3142623211238,0.00179035785923889,13.372480095547,0,1.99226721828634,0.0447641349586529,0.332704856093132,MV-202,sine_steer_python-1
1220,2026年09月05日_22时52分41秒_第036次,2026-09-05T22:52:41,1.219,39.0944795913689,0.0688533732346642,0.960036149433095,12.3251219631548,0.00181721004579101,13.3833397810314,0,1.99431780052123,0.0448064058586696,0.332868320255057,MV-202,sine_steer_python-1
1221,2026年09月05日_22时52分41秒_第036次,2026-09-05T22:52:41,1.22,39.0939676111737,0.0691360193195614,0.969199568899348,12.3359814622877,0.00184431511160781,13.3941993230498,0,1.99605345685654,0.0448416158798157,0.332979460477791,MV-202,sine_steer_python-1
1222,2026年09月05日_22时52分41秒_第036次,2026-09-05T22:52:41,1.221,39.093456574901,0.0694139059462119,0.978393613110958,12.3468408187582,0.00187167415631344,13.4050587217623,0,1.99747391321204,0.0448697573398381,0.333038184785782,MV-202,sine_steer_python-1
1223,2026年09月05日_22时52分41秒_第036次,2026-09-05T22:52:41,1.222,39.0929470562507,0.0696871102137275,0.988531676791428,12.3577000328035,0.00189928821267063,13.4159179773323,0,1.99857894528118,0.044890822239481,0.333044349505784,MV-202,sine_steer_python-1
1224,2026年09月05日_22时52分41秒_第036次,2026-09-05T22:52:41,1.223,39.0924381237986,0.0699592980772507,0.9974311127955,12.3685591048554,0.00192719336883675,13.4267770900733,0,1.9993683785666,0.044904809606588,0.332998069377943,MV-202,sine_steer_python-1
1225,2026年09月05日_22时52分41秒_第036次,2026-09-05T22:52:41,1.224,39.0919300916939,0.0702284890613348,1.00674289725925,12.3794180349929,0.00195533185097564,13.4376360600615,0,1.99984208840763,0.0449117106631672,0.332899090347976,MV-202,sine_steer_python-1
1226,2026年09月05日_22时52分41秒_第036次,2026-09-05T22:52:41,1.225,39.0914229686325,0.0704942150838476,1.01597341743304,12.3902768234504,0.00198373616499923,13.4484948874375,0,2,0.0449115626637713,0.332749066527202,MV-202,sine_steer_python-1
1227,2026年09月05日_22时52分41秒_第036次,2026-09-05T22:52:41,1.226,39.09091674901,0.0707564477102267,1.02524600340816,12.4011354704687,0.00201239715386443,13.459353572382,0,1.99984208840763,0.0449043941049257,0.332549244287739,MV-202,sine_steer_python-1
1228,2026年09月05日_22时52分41秒_第036次,2026-09-05T22:52:41,1.227,39.0904114449204,0.0710149238895657,1.03456233315114,12.4119939762718,0.0020413183078588,13.4702121150542,0,1.9993683785666,0.0448902036341722,0.332299567096138,MV-202,sine_steer_python-1
1229,2026年09月05日_22时52分41秒_第036次,2026-09-05T22:52:41,1.228,39.0899070613521,0.0712693919345444,1.04391723506027,12.4228523410924,0.0020705008831872,13.4810705156234,0,1.99857894528118,0.0448689886097117,0.331999885024732,MV-202,sine_steer_python-1
1230,2026年09月05日_22时52分41秒_第036次,2026-09-05T22:52:41,1.229,39.0894036038966,0.0715196212062823,1.0533104278857,12.4337105651637,0.00209994609863265,13.4919287742618,0,1.99747391321203,0.0448407452374588,0.331649960502327,MV-202,sine_steer_python-1
1231,2026年09月05日_22时52分41秒_第036次,2026-09-05T22:52:41,1.23,39.0889010774793,0.0717653831373676,1.0627365575845,12.4445686487209,0.00212965528356841,13.5027868911456,0,1.99605345685654,0.0448054778216109,0.331249859814757,MV-202,sine_steer_python-1
1232,2026年09月05日_22时52分41秒_第036次,2026-09-05T22:52:41,1.231,39.0883994864539,0.0720064605068736,1.07219059974764,12.4554265920013,0.00215962959416541,13.5136448664549,0,1.99431780052123,0.0447632356171742,0.330801512237953,MV-202,sine_steer_python-1
1233,2026年09月05日_22时52分41秒_第036次,2026-09-05T22:52:41,1.232,39.0878994173857,0.0722429419863767,1.08257673862721,12.4662843952437,0.00218987012150324,13.5245027003739,0,1.99226721828635,0.0447140291256184,0.330305168602238,MV-202,sine_steer_python-1
1234,2026年09月05日_22时52分41秒_第036次,2026-09-05T22:52:41,1.233,39.0873999154546,0.0724785532766105,1.09173047256046,12.4771420588808,0.00222041311863331,13.5353603932314,0,1.9899020339626,0.0446578553269116,0.329760468237036,MV-202,sine_steer_python-1
1235,2026年09月05日_22时52分41秒_第036次,2026-09-05T22:52:41,1.234,39.0869013023501,0.0727112740500709,1.10129293633429,12.487999582998,0.00225120082266079,13.5462179451388,0,1.98722262104002,0.0445947106559031,0.32916698887306,MV-202,sine_steer_python-1
1236,2026年09月05日_22时52分41秒_第036次,2026-09-05T22:52:41,1.235,39.0864035870384,0.0729406550393196,1.11077228806537,12.4988569678267,0.00228226574912742,13.5570753562511,0,1.98422940262896,0.0445245953669428,0.328524430617693,MV-202,sine_steer_python-1
1237,2026年09月05日_22时52分41秒_第036次,2026-09-05T22:52:41,1.236,39.0859067630694,0.0731666730277341,1.12029135197096,12.5097142136111,0.0023135988283815,13.5679326267753,0,1.9809228513933,0.0444475052494345,0.327832265982741,MV-202,sine_steer_python-1
1238,2026年09月05日_22时52分41秒_第036次,2026-09-05T22:52:41,1.237,39.0854108425868,0.0733890717002136,1.12985168083921,12.5205713205764,0.00234520360063888,13.5787897568934,0,1.97730348947583,0.0443634366506098,0.327089952282413,MV-202,sine_steer_python-1
1239,2026年09月05日_22时52分41秒_第036次,2026-09-05T22:52:41,1.238,39.0849158303371,0.0736076059217672,1.13944802547789,12.5314282889565,0.00237708138634723,13.5896467467986,0,1.97337188841574,0.0442723869840749,0.326296953200973,MV-202,sine_steer_python-1
1240,2026年09月05日_22时52分41秒_第036次,2026-09-05T22:52:41,1.239,39.0844217317337,0.0738220514199951,1.14908004838917,12.5422851189862,0.00240923346980976,13.6005035966876,0,1.96912866905841,0.0441743550205258,0.325452751176895,MV-202,sine_steer_python-1
1241,2026年09月05日_22时52分41秒_第036次,2026-09-05T22:52:41,1.24,39.0839285515329,0.0740321858352031,1.1587423716071,12.5531418109024,0.0024416612478841,13.6113603067608,0,1.96457450145738,0.0440693411378417,0.324556858053601,MV-202,sine_steer_python-1
1242,2026年09月05日_22时52分41秒_第036次,2026-09-05T22:52:41,1.241,39.0834362939299,0.0742377979446742,1.16842996382431,12.5639983649437,0.00247436594616973,13.6222168772232,0,1.95971010476849,0.0439573475326263,0.323608824098723,MV-202,sine_steer_python-1
1243,2026年09月05日_22时52分41秒_第036次,2026-09-05T22:52:41,1.242,39.0829455589475,0.0744389857586377,1.17903773823598,12.5748547813504,0.00250734872647631,13.6330733082835,0,1.95453624713639,0.0438383783924215,0.322608245362668,MV-202,sine_steer_python-1
1244,2026年09月05日_22时52分41秒_第036次,2026-09-05T22:52:41,1.243,39.0824553679979,0.0746395308353836,1.18841952343838,12.5857110605551,0.00254064600937549,13.6439296002883,0,1.94905374557315,0.043712440032261,0.321554769532204,MV-202,sine_steer_python-1
1245,2026年09月05日_22时52分41秒_第036次,2026-09-05T22:52:41,1.244,39.0819660508902,0.0748373711502431,1.19820638811656,12.5965672026504,0.00257420006852282,13.6547857533876,0,1.94326346582935,0.0435795409973163,0.32044810035333,MV-202,sine_steer_python-1
1246,2026年09月05日_22时52分41秒_第036次,2026-09-05T22:52:41,1.245,39.0814776169888,0.0750320737697253,1.20790833660811,12.6074232078635,0.0026080434336296,13.665641767752,0,1.93716632225726,0.043439692131995,0.319288000639093,MV-202,sine_steer_python-1
1247,2026年09月05日_22时52分41秒_第036次,2026-09-05T22:52:41,1.246,39.0809900592609,0.0752236181789465,1.21764765699838,12.6182790764417,0.00264216713493748,13.6764976436154,0,1.93076327766655,0.0432929066154215,0.318074293859695,MV-202,sine_steer_python-1
1248,2026年09月05日_22时52分41秒_第036次,2026-09-05T22:52:41,1.247,39.0805033901238,0.0754117523530371,1.22742576976899,12.6291348086102,0.00267657477220581,13.6873533811826,0,1.92405534317217,0.0431391999635126,0.316806864324433,MV-202,sine_steer_python-1
1249,2026年09月05日_22时52分41秒_第036次,2026-09-05T22:52:41,1.248,39.0800176143136,0.0755962352792052,1.23723734141058,12.6399904046037,0.00271126773958605,13.6982089806701,0,1.91704357803475,0.0429785899986579,0.315485655998651,MV-202,sine_steer_python-1
1250,2026年09月05日_22时52分41秒_第036次,2026-09-05T22:52:41,1.249,39.0795327372952,0.0757768466465253,1.24708197037101,12.6508458646577,0.00274624739585438,13.7090644422973,0,1.90972908949329,0.0428110967891512,0.314110670047012,MV-202,sine_steer_python-1
1251,2026年09月05日_22时52分41秒_第036次,2026-09-05T22:52:41,1.25,39.0790487638832,0.075953367931382,1.25695424784605,12.6617011890094,0.00278151521377329,13.7199197662869,0,1.90211303259031,0.0426367425617844,0.312681961247781,MV-202,sine_steer_python-1
1252,2026年09月05日_22时52分41秒_第036次,2026-09-05T22:52:41,1.251,39.0785656983387,0.0761255915740839,1.26684912866645,12.6725563778978,0.00281707249632615,13.7307749528655,0,1.89419660998949,0.0424555515922177,0.31119963347358,MV-202,sine_steer_python-1
1253,2026年09月05日_22时52分41秒_第036次,2026-09-05T22:52:41,1.252,39.0780841545897,0.0762936228398656,1.27765235949252,12.6834114315637,0.00285292048353379,13.7416300022635,0,1.88598107178573,0.0422675500787721,0.309663834477573,MV-202,sine_steer_python-1
1254,2026年09月05日_22时52分41秒_第036次,2026-09-05T22:52:41,1.253,39.07760313012,0.0764612940271209,1.28723601254321,12.6942663504376,0.00288909575506268,13.7524849148397,0,1.87746771530775,0.0420727660061728,0.308074750261265,MV-202,sine_steer_python-1
1255,2026年09月05日_22时52分41秒_第036次,2026-09-05T22:52:41,1.254,39.0771229632939,0.0766265010214646,1.29722096452857,12.7051211346186,0.00292554064894959,13.7633396907799,0,1.86865788491322,0.0418712290062884,0.306432599321995,MV-202,sine_steer_python-1
1256,2026年09月05日_22时52分41秒_第036次,2026-09-05T22:52:41,1.255,39.0766436639836,0.0767888248603539,1.30711915022822,12.7159757843283,0.00296228770699437,13.7741943302639,0,1.8595529717765,0.0416629702229385,0.304737627079256,MV-202,sine_steer_python-1
1257,2026年09月05日_22时52分41秒_第036次,2026-09-05T22:52:41,1.256,39.0761652247934,0.076948245610098,1.31705229507065,12.7268302998155,0.00299932806741792,13.7850488335472,0,1.85015441366892,0.0414480221872604,0.302990100754521,MV-202,sine_steer_python-1
1258,2026年09月05日_22时52分41秒_第036次,2026-09-05T22:52:41,1.257,39.0756876585856,0.0771045135158247,1.3270216879077,12.737684681304,0.00303666539449016,13.7959032008509,0,1.84046369473174,0.0412264187088942,0.301190304927191,MV-202,sine_steer_python-1
1259,2026年09月05日_22时52分41秒_第036次,2026-09-05T22:52:41,1.258,39.0752109702584,0.0772573897163213,1.33702191113735,12.7485389290276,0.00307430116083349,13.8067574324081,0,1.83048234524183,0.0409981947864194,0.299338537912072,MV-202,sine_steer_python-1
1260,2026年09月05日_22时52分41秒_第036次,2026-09-05T22:52:41,1.259,39.0747351654915,0.0774066559505248,1.34705249756145,12.7593930432207,0.0031122368040105,13.8176115284537,0,1.82021194136999,0.0407633865382366,0.297435109008987,MV-202,sine_steer_python-1
1261,2026年09月05日_22时52分41秒_第036次,2026-09-05T22:52:41,1.26,39.0742602493118,0.0775520956850941,1.35710800669728,12.7702470241193,0.00315047387650959,13.8284654892252,0,1.80965410493204,0.040522031152755,0.295480336576415,MV-202,sine_steer_python-1
1262,2026年09月05日_22时52分41秒_第036次,2026-09-05T22:52:41,1.261,39.073786226191,0.0776935032443551,1.36718337833316,12.7811008719612,0.00318901376212614,13.8393193149631,0,1.79881050313274,0.0402741668546781,0.293474546793371,MV-202,sine_steer_python-1
1263,2026年09月05日_22时52分41秒_第036次,2026-09-05T22:52:41,1.262,39.0733137241301,0.0778309895699889,1.37815542152321,12.7919545869856,0.00322785778213084,13.8501730059106,0,1.78768284830253,0.0400198328827364,0.291418072912701,MV-202,sine_steer_python-1
1264,2026年09月05日_22时52分41秒_第036次,2026-09-05T22:52:41,1.263,39.0728417167671,0.0779684320836349,1.38791416887336,12.8028081696187,0.00326704265809145,13.8610265624298,0,1.77627289762709,0.0397590702993021,0.289311289726844,MV-202,sine_steer_python-1
1265,2026年09月05日_22时52分41秒_第036次,2026-09-05T22:52:41,1.264,39.0723705512044,0.0781036857078983,1.39807025694107,12.8136616199654,0.00330651082107284,13.8718799847344,0,1.76458245286991,0.0394919697781722,0.287156636004655,MV-202,sine_steer_python-1
1266,2026年09月05日_22时52分41秒_第036次,2026-09-05T22:52:41,1.265,39.0719002378534,0.0782363435733951,1.40813764407395,12.8245149382391,0.00334629481755522,13.8827332730042,0,1.75261336008773,0.0392186043589995,0.284955769099071,MV-202,sine_steer_python-1
1267,2026年09月05日_22时52分41秒_第036次,2026-09-05T22:52:41,1.266,39.0714307690701,0.0783663848976359,1.4182374728277,12.8353681246883,0.00338638589807511,13.8935864275068,0,1.74036750933905,0.0389390236179194,0.282709318497151,MV-202,sine_steer_python-1
1268,2026年09月05日_22时52分41秒_第036次,2026-09-05T22:52:41,1.267,39.0709621582246,0.0784935608732887,1.42837090979514,12.8462211795337,0.00342678779258994,13.9044394484707,0,1.72784683438567,0.0386532779617955,0.280417913997503,MV-202,sine_steer_python-1
1269,2026年09月05日_22时52分41秒_第036次,2026-09-05T22:52:41,1.268,39.070494410441,0.0786176335303175,1.4385324615184,12.8570741030064,0.00346750205320942,13.9152923361357,0,1.7150533123873,0.0383614673731563,0.278084248642486,MV-202,sine_steer_python-1
1270,2026年09月05日_22时52分41秒_第036次,2026-09-05T22:52:41,1.269,39.0700275316637,0.0787383854663454,1.44872160086041,12.8679268953376,0.00350853019696865,13.9261450907426,0,1.70198896358939,0.0380636668634714,0.275709924542684,MV-202,sine_steer_python-1
1271,2026年09月05日_22时52分41秒_第036次,2026-09-05T22:52:41,1.27,39.0695615271714,0.0788556010209488,1.45893286184017,12.8787795567604,0.00354987385638386,13.9369977125341,0,1.68865585100403,0.0377599284789641,0.27329553797523,MV-202,sine_steer_python-1
1272,2026年09月05日_22时52分41秒_第036次,2026-09-05T22:52:41,1.271,39.0690964016745,0.0789690753573073,1.46916117465556,12.8896320875091,0.00359153449610032,13.9478502017547,0,1.67505608008428,0.0374503023009388,0.2708415681753,MV-202,sine_steer_python-1
1273,2026年09月05日_22时52分41秒_第036次,2026-09-05T22:52:41,1.272,39.0686327970782,0.0790789241710304,1.48027472648325,12.9004844878198,0.00363351351842224,13.9587025586511,0,1.66119179839163,0.0371348365172358,0.26834838067531,MV-202,sine_steer_python-1
1274,2026年09月05日_22时52分41秒_第036次,2026-09-05T22:52:41,1.273,39.0681696635156,0.0791890643860981,1.49018109500262,12.9113367581116,0.00367584776357725,13.9695547835776,0,1.64706519525686,0.0368135778744439,0.26581624670762,MV-202,sine_steer_python-1
1275,2026年09月05日_22时52分41秒_第036次,2026-09-05T22:52:41,1.274,39.0677073567259,0.0792973124483274,1.5004806851343,12.9221888984944,0.00371847978463507,13.9804068767684,0,1.63267850143437,0.0364865721113051,0.263245361830526,MV-202,sine_steer_python-1
1276,2026年09月05日_22时52分41秒_第036次,2026-09-05T22:52:41,1.275,39.0672458875972,0.0794032723242313,1.51068957911973,12.9330409091712,0.00376144212178715,13.9912588383923,0,1.6180339887499,0.0361538643422929,0.260635862453472,MV-202,sine_steer_python-1
1277,2026年09月05日_22时52分41秒_第036次,2026-09-05T22:52:41,1.276,39.0667852482341,0.0795069216978267,1.52092832279464,12.9438927903885,0.00380472613969693,14.0021106687205,0,1.60313396974175,0.0358154994017798,0.257987840696638,MV-202,sine_steer_python-1
1278,2026年09月05日_22时52分41秒_第036次,2026-09-05T22:52:41,1.277,39.066325452464,0.079608012115113,1.53119797727875,12.954744542362,0.00384833563273327,14.0129623679791,0,1.58798079729567,0.0354715221551601,0.255301357854243,MV-202,sine_steer_python-1
1279,2026年09月05日_22时52分41秒_第036次,2026-09-05T22:52:41,1.278,39.065866505589,0.0797063059523242,1.54149298827833,12.9655961653181,0.00389227223113414,14.0238139364057,0,1.57257686427324,0.0351220138796576,0.252577986069236,MV-202,sine_steer_python-1
1280,2026年09月05日_22时52分41秒_第036次,2026-09-05T22:52:41,1.279,39.0654084137604,0.0798015861749037,1.55181278050165,12.9764476594835,0.00393653752985896,14.0346653742383,0,1.55692460313405,0.0347671101260702,0.249821565331758,MV-202,sine_steer_python-1
1281,2026年09月05日_22时52分41秒_第036次,2026-09-05T22:52:41,1.28,39.0649511824421,0.0798936375610461,1.5621518743073,12.9872990250861,0.00398113323964451,14.0455166817158,0,1.54102648555158,0.0344069494489416,0.247036031083495,MV-202,sine_steer_python-1
1282,2026年09月05日_22时52分41秒_第036次,2026-09-05T22:52:41,1.281,39.0644948165092,0.0799822557312257,1.57250520092709,12.9981502623555,0.00402606090404897,14.0563678590786,0,1.5248850220229,0.0340416061110306,0.244222564049358,MV-202,sine_steer_python-1
1283,2026年09月05日_22时52分41秒_第036次,2026-09-05T22:52:41,1.282,39.0640399712915,0.0800675607854169,1.58373269896418,13.0090013715226,0.00407132200435323,14.0672189065683,0,1.50850276147221,0.033671086966899,0.24137945870057,MV-202,sine_steer_python-1
1284,2026年09月05日_22时52分41秒_第036次,2026-09-05T22:52:41,1.283,39.0635855740177,0.0801535037096229,1.59375898879625,13.0198523529973,0.00411695347262415,14.0780698245227,0,1.49188229084836,0.0332953971499773,0.238504906597849,MV-202,sine_steer_python-1
1285,2026年09月05日_22时52分41秒_第036次,2026-09-05T22:52:41,1.284,39.0631319887267,0.0802378659584947,1.60417429110483,13.030703206894,0.00416289801342901,14.0889206131902,0,1.47502623471635,0.0329145429039947,0.235597116671412,MV-202,sine_steer_python-1
1286,2026年09月05日_22时52分41秒_第036次,2026-09-05T22:52:41,1.285,39.0626792266546,0.0803202615855478,1.61449691647836,13.041553933403,0.00420918814781992,14.0997712727208,0,1.45793725484282,0.0325285337103221,0.232654405553015,MV-202,sine_steer_python-1
1287,2026年09月05日_22时52分41秒_第036次,2026-09-05T22:52:41,1.286,39.0622272795705,0.0804006666190132,1.62484680423453,13.0524045327677,0.00425581535516934,14.1106218033821,0,1.44061804977582,0.032137383855266,0.229675264179036,MV-202,sine_steer_python-1
1288,2026年09月05日_22时52分41秒_第036次,2026-09-05T22:52:41,1.287,39.0617761616341,0.0804788328910981,1.6352249311745,13.063255005197,0.00430278349184317,14.1214722053912,0,1.42307135441857,0.0317411134655771,0.226658401901584,MV-202,sine_steer_python-1
1289,2026年09月05日_22时52分41秒_第036次,2026-09-05T22:52:41,1.288,39.0613258782117,0.0805545230733966,1.64562570089813,13.0741053509114,0.00435009426377554,14.132322478977,0,1.4052999395977,0.0313397490801586,0.2236027709876,MV-202,sine_steer_python-1
1290,2026年09月05日_22时52分41秒_第036次,2026-09-05T22:52:41,1.289,39.0608764355412,0.0806275204681896,1.65604850478807,13.0849555701314,0.00439774934133661,14.1431726243686,0,1.38730661162561,0.0309333238420604,0.220507575062208,MV-202,sine_steer_python-1
1291,2026年09月05日_22时52分41秒_第036次,2026-09-05T22:52:41,1.29,39.060427839151,0.0806976102826061,1.66648786393193,13.0958056630786,0.00444575051080244,14.1540226417954,0,1.36909421185738,0.0305218774014864,0.217372265333628,MV-202,sine_steer_python-1
1292,2026年09月05日_22时52分41秒_第036次,2026-09-05T22:52:41,1.291,39.0599800939586,0.0807645886011897,1.67693872325078,13.1066556299765,0.00449409939192572,14.164872531488,0,1.35066561624205,0.0301054556190239,0.214196528373454,MV-202,sine_steer_python-1
1293,2026年09月05日_22时52分41秒_第036次,2026-09-05T22:52:41,1.292,39.0595338680139,0.0808285798794737,1.68825318479752,13.1175054710495,0.0045427975422134,14.1757222936781,0,1.33202373486851,0.0296841101495311,0.210980268855089,MV-202,sine_steer_python-1
1294,2026年09月05日_22时52分41秒_第036次,2026-09-05T22:52:41,1.293,39.0590880664947,0.0808935638063085,1.69837234600436,13.1283551866964,0.00459188195685803,14.1865719286809,0,1.31317151150591,0.0292578979723974,0.207723590030465,MV-202,sine_steer_python-1
1295,2026年09月05日_22时52分41秒_第036次,2026-09-05T22:52:41,1.294,39.0586430612702,0.0809572908556918,1.70887631670116,13.1392047770356,0.00464129552234423,14.1974214367562,0,1.29411192313889,0.0288268809152518,0.204426773936335,MV-202,sine_steer_python-1
1296,2026年09月05日_22时52分41秒_第036次,2026-09-05T22:52:41,1.295,39.0581988637856,0.0810193846319131,1.71928574079765,13.1500542422434,0.00469107072697392,14.2082708180305,0,1.27484797949738,0.0283911251981984,0.201090262475458,MV-202,sine_steer_python-1
1297,2026年09月05日_22时52分41秒_第036次,2026-09-05T22:52:41,1.296,39.0577554653744,0.081079819604746,1.72971994163574,13.160903582559,0.00474119916508766,14.2191200727641,0,1.2553827225814,0.027950701007173,0.197714639735509,MV-202,sine_steer_python-1
1298,2026年09月05日_22时52分41秒_第036次,2026-09-05T22:52:41,1.297,39.0573128803979,0.0811383480033533,1.74017983342661,13.1717527981835,0.00479168475234479,14.2299692011615,0,1.23571922618067,0.0275056820905929,0.194300615298654,MV-202,sine_steer_python-1
1299,2026年09月05日_22时52分41秒_第036次,2026-09-05T22:52:41,1.298,39.0568711141721,0.0811947328798946,1.75065979627167,13.1826018893304,0.00484252926766972,14.2408182034402,0,1.21586059538921,0.0270561453649444,0.190849007933738,MV-202,sine_steer_python-1
1300,2026年09月05日_22时52分41秒_第036次,2026-09-05T22:52:41,1.299,39.0564301729098,0.0812487579381465,1.76115920238606,13.1934508562129,0.00489373445409573,14.2516670798171,0,1.19580996611504,0.0266021705129621,0.18736072897919,MV-202,sine_steer_python-1
1301,2026年09月05日_22时52分41秒_第036次,2026-09-05T22:52:41,1.3,39.0559900620969,0.0813002088598708,1.77167258684755,13.2042996990455,0.0049453021705484,14.2625158305097,0,1.17557050458495,0.0261438395620094,0.183836764892365,MV-202,sine_steer_python-1
1302,2026年09月05日_22时52分41秒_第036次,2026-09-05T22:52:41,1.301,39.0555507874895,0.0813488026796179,1.78219328042126,13.2151484180444,0.0049972341100704,14.2733644557367,0,1.15514540684454,0.0256812364384685,0.18027815878829,MV-202,sine_steer_python-1
1303,2026年09月05日_22时52分41秒_第036次,2026-09-05T22:52:41,1.302,39.0551130296793,0.081394605172134,1.79356546462554,13.2259970134274,0.00504953185152658,14.2842129557185,0,1.13453789825351,0.0252144465040059,0.176685991216632,MV-202,sine_steer_python-1
1304,2026年09月05日_22时52分41秒_第036次,2026-09-05T22:52:41,1.303,39.0546756745233,0.0814414625790576,1.80374344209354,13.2368454855808,0.00510223237623286,14.2950613307458,0,1.11375123297638,0.024743556088954,0.173061360822467,MV-202,sine_steer_python-1
1305,2026年09月05日_22时52分41秒_第036次,2026-09-05T22:52:41,1.304,39.0542390997592,0.0814872502673134,1.81430206575007,13.2476938346295,0.00515527865849216,14.305909581092,0,1.09278869346854,0.0242686520446235,0.169405365814514,MV-202,sine_steer_python-1
1306,2026年09月05日_22时52分41秒_第036次,2026-09-05T22:52:41,1.305,39.053803317203,0.0815315777539926,1.82476245550979,13.258542060734,0.0052087031978022,14.3167577068583,0,1.07165358995799,0.0237898213388081,0.165719087267842,MV-202,sine_steer_python-1
1307,2026年09月05日_22时52分41秒_第036次,2026-09-05T22:52:41,1.306,39.0533683175241,0.0815744320695031,1.83524404231181,13.2693901641298,0.00526249763626955,14.3276057082979,0,1.05034925992259,0.0233071507167631,0.162003575203723,MV-202,sine_steer_python-1
1308,2026年09月05日_22时52分41秒_第036次,2026-09-05T22:52:41,1.307,39.0529341151461,0.0816155737160532,1.84574757097753,13.28023814501,0.0053166659316,14.3384535856028,0,1.02887906756301,0.0228207264441578,0.158259838144442,MV-202,sine_steer_python-1
1309,2026年09月05日_22时52分41秒_第036次,2026-09-05T22:52:41,1.308,39.052500715175,0.0816547751563197,1.85626746586946,13.2910860035806,0.00537120990206369,14.3493013389788,0,1.00724640327152,0.0223306341402696,0.15448883649205,MV-202,sine_steer_python-1
1310,2026年09月05日_22时52分41秒_第036次,2026-09-05T22:52:41,1.309,39.0520681236574,0.0816918292223288,1.86680312054456,13.3019337400478,0.00542613133373325,14.3601489686313,0,0.985454683096584,0.0218369587010793,0.150691479715527,MV-202,sine_steer_python-1
1311,2026年09月05日_22时52分41秒_第036次,2026-09-05T22:52:41,1.31,39.0516363459046,0.0817265305824246,1.87734912493081,13.3127813546187,0.00548143212841913,14.3709964747662,0,0.963507348203433,0.0213397843049728,0.146868627036822,MV-202,sine_steer_python-1
1312,2026年09月05日_22时52分41秒_第036次,2026-09-05T22:52:41,1.311,39.0512053865971,0.0817586846497629,1.88790052337446,13.323628847502,0.00553711402320756,14.3818438575907,0,0.941407864330669,0.0208391944853744,0.143021090951445,MV-202,sine_steer_python-1
1313,2026年09月05日_22时52分41秒_第036次,2026-09-05T22:52:41,1.312,39.0507759375065,0.0817884250066353,1.89929482278494,13.3344762189077,0.00559317869389137,14.392691117313,0,0.919159721242975,0.020335272248038,0.139149642640538,MV-202,sine_steer_python-1
1314,2026年09月05日_22时52分41秒_第036次,2026-09-05T22:52:41,1.313,39.0503468638693,0.0818196174688555,1.90950116520508,13.3453234692074,0.00564966314796973,14.4035382541975,0,0.896766432180065,0.0198281002116407,0.135255018370471,MV-202,sine_steer_python-1
1315,2026年09月05日_22时52分41秒_第036次,2026-09-05T22:52:41,1.314,39.0499185506356,0.081850102231517,1.92008406698373,13.3561705985314,0.00570651059337252,14.4143852685309,0,0.874231533301864,0.0193177607528379,0.131337926082867,MV-202,sine_steer_python-1
1316,2026年09月05日_22时52分41秒_第036次,2026-09-05T22:52:41,1.315,39.049491009726,0.0818794973961906,1.93056720250457,13.3670176070236,0.0057637534627551,14.4252321603884,0,0.851558583130145,0.018804336140198,0.127399051515866,MV-202,sine_steer_python-1
1317,2026年09月05日_22时52分41秒_第036次,2026-09-05T22:52:41,1.316,39.0490642313719,0.0819077882501226,1.94106933759042,13.377864494914,0.00582138351014136,14.4360789300158,0,0.82875116198657,0.0182879086458249,0.123439063383512,MV-202,sine_steer_python-1
1318,2026年09月05日_22时52分41秒_第036次,2026-09-05T22:52:41,1.317,39.0486382301394,0.081934735509048,1.9515912165562,13.3887112623869,0.00587940474274106,14.4469255775921,0,0.805812871427328,0.0177686012183174,0.119460335701534,MV-202,sine_steer_python-1
1319,2026年09月05日_22时52分41秒_第036次,2026-09-05T22:52:41,1.318,39.0482130110789,0.0819601116509414,1.96212729704537,13.3995579096398,0.00593781904345273,14.457772103311,0,0.782747333674406,0.0172466416780724,0.115469665644082,MV-202,sine_steer_python-1
1320,2026年09月05日_22时52分41秒_第036次,2026-09-05T22:52:41,1.319,39.0477885802209,0.0819837093918331,1.97267700136071,13.4104044368705,0.00599662826318206,14.468618507366,0,0.759558191043604,0.0167221138824395,0.111467739910656,MV-202,sine_steer_python-1
1321,2026年09月05日_22时52分41秒_第036次,2026-09-05T22:52:41,1.32,39.0473649428663,0.0820053232125173,1.98323497516607,13.4212508442776,0.00605583436889549,14.4794647899511,0,0.736249105369353,0.0161950668994665,0.107453757221565,MV-202,sine_steer_python-1
1322,2026年09月05日_22时52分41秒_第036次,2026-09-05T22:52:41,1.321,39.04694210369,0.0820247582056683,1.99379631892327,13.4320971320616,0.00611543916388952,14.4903109512617,0,0.7128237574265,0.0156655475729489,0.103426807428521,MV-202,sine_steer_python-1
1323,2026年09月05日_22时52分41秒_第036次,2026-09-05T22:52:41,1.322,39.0465207654592,0.0820421510440673,2.00519183262481,13.442943300424,0.00617544439043461,14.5011569914943,0,0.689285846349034,0.0151336024759496,0.0993859546840525,MV-202,sine_steer_python-1
1324,2026年09月05日_22时52分41秒_第036次,2026-09-05T22:52:41,1.323,39.0460997742731,0.0820613810395299,2.0154056051936,13.4537893497207,0.00623588703612175,14.5120029108858,0,0.665639089045975,0.0145992794818548,0.0953303043764966,MV-202,sine_steer_python-1
1325,2026年09月05日_22时52分41秒_第036次,2026-09-05T22:52:41,1.324,39.0456795219395,0.0820802667091006,2.02599218996076,13.4646352800879,0.00629671057607558,14.5228487097383,0,0.641887219614419,0.0140626289866439,0.0912590553018355,MV-202,sine_steer_python-1
1326,2026年09月05日_22时52分41秒_第036次,2026-09-05T22:52:41,1.325,39.045260020575,0.0820984328809162,2.036477888915,13.4754810916518,0.00635794736927691,14.5336943881,0,0.618033988749896,0.0135237047917017,0.0871715374765253,MV-202,sine_steer_python-1
1327,2026年09月05日_22时52分41秒_第036次,2026-09-05T22:52:41,1.326,39.0448412601303,0.0821158618810993,2.04698079831672,13.486326784637,0.00641958928400343,14.5445399462095,0,0.594083163154073,0.0129825646848118,0.0830672371842571,MV-202,sine_steer_python-1
1328,2026年09月05日_22时52分41秒_第036次,2026-09-05T22:52:41,1.327,39.0444232554353,0.0821323133522509,2.05750163866357,13.497172359218,0.00648164037707898,14.5553853842326,0,0.570038524939953,0.012439270767298,0.0789458112855284,MV-202,sine_steer_python-1
1329,2026年09月05日_22时52分41秒_第036次,2026-09-05T22:52:41,1.328,39.0440060116262,0.082147558465168,2.06803487062524,13.5080178155836,0.00654410259459752,14.5662307023506,0,0.545903871034649,0.0118938895780693,0.0748070929372213,MV-202,sine_steer_python-1
1330,2026年09月05日_22时52分41秒_第036次,2026-09-05T22:52:41,1.329,39.0435895348629,0.0821613884714377,2.078579910374,13.5188631539227,0.00660697784993306,14.5770759007447,0,0.521683012579794,0.0113464920629481,0.0706510907690002,MV-202,sine_steer_python-1
1331,2026年09月05日_22时52分41秒_第036次,2026-09-05T22:52:41,1.33,39.0431738305876,0.0821735962982367,2.08913142725876,13.5297083744252,0.00667026817180511,14.5879209795961,0,0.497379774329708,0.0107971534318666,0.0664779833178884,MV-202,sine_steer_python-1
1332,2026年09月05日_22时52分41秒_第036次,2026-09-05T22:52:41,1.331,39.0427589036278,0.082183985335145,2.09968454949319,13.5405534772825,0.00673397542553196,14.5987659390878,0,0.472997994047449,0.0102459875614783,0.0622895753816062,MV-202,sine_steer_python-1
1333,2026年09月05日_22时52分41秒_第036次,2026-09-05T22:52:41,1.332,39.0423454669141,0.0821926938028224,2.11106387670146,13.5513984626874,0.00679810141501821,14.6096107794038,0,0.448541521898764,0.00969329891211087,0.0580957274143874,MV-202,sine_steer_python-1
1334,2026年09月05日_22时52分41秒_第036次,2026-09-05T22:52:41,1.333,39.041932349052,0.0822036071011372,2.12126762612092,13.5622433309789,0.00686268307212683,14.620455500751,0,0.424014219844109,0.00913922208960501,0.0538991029081371,MV-202,sine_steer_python-1
1335,2026年09月05日_22时52分41秒_第036次,2026-09-05T22:52:41,1.334,39.041519948483,0.082214525201665,2.13184051999877,13.5730880822996,0.00692766417192684,14.6313001034477,0,0.399419961028815,0.0085838532193165,0.0497007282465882,MV-202,sine_steer_python-1
1336,2026年09月05日_22时52分41秒_第036次,2026-09-05T22:52:41,1.335,39.0411082776552,0.0822250775384242,2.14231157317723,13.5839327167572,0.00699307698133317,14.642144587513,0,0.374762629171452,0.00802728466884601,0.0455014626225551,MV-202,sine_steer_python-1
1337,2026年09月05日_22时52分41秒_第036次,2026-09-05T22:52:41,1.336,39.0406973264386,0.0822352420867101,2.1527981817476,13.5947772345707,0.00705891347967356,14.6529889531768,0,0.350046117950556,0.0074696050036882,0.04130199668054,MV-202,sine_steer_python-1
1338,2026年09月05日_22时52分41秒_第036次,2026-09-05T22:52:41,1.337,39.0402871100883,0.082244776034266,2.16330104966704,13.6056216359043,0.00712517776664752,14.66383320059,0,0.325274330389766,0.00691089981662611,0.0371028881076635,MV-202,sine_steer_python-1
1339,2026年09月05日_22时52分41秒_第036次,2026-09-05T22:52:41,1.338,39.0398776340033,0.0822534478272253,2.17381464429279,13.6164659209379,0.00719187184442445,14.6746773299198,0,0.300451178241514,0.00635125241471292,0.0329045911975359,MV-202,sine_steer_python-1
1340,2026年09月05日_22时52分41秒_第036次,2026-09-05T22:52:41,1.339,39.0394689046476,0.0822610458204889,2.18433837549221,13.627310089851,0.00725899768136901,14.6855213413329,0,0.275580581369274,0.00579074433931991,0.0287074793488984,MV-202,sine_steer_python-1
1341,2026年09月05日_22时52分41秒_第036次,2026-09-05T22:52:41,1.34,39.0390609277802,0.0822673599495296,2.19486693566534,13.6381541428242,0.00732655736001988,14.696365234996,0,0.250666467128608,0.00522945575262596,0.0245118619121422,MV-202,sine_steer_python-1
1342,2026年09月05日_22时52分41秒_第036次,2026-09-05T22:52:41,1.341,39.0386537085562,0.0822721904613659,2.20539547818632,13.6489980800399,0.00739455279947937,14.7072090110772,0,0.225712769746965,0.0046674657224171,0.0203179967336465,MV-202,sine_steer_python-1
1343,2026年09月05日_22时52分41秒_第036次,2026-09-05T22:52:41,1.342,39.0382479691802,0.0822756755271021,2.21674291849941,13.6598419016816,0.00746298585675619,14.7180526697453,0,0.200723429702433,0.00410485244607135,0.0161261001279845,MV-202,sine_steer_python-1
1344,2026年09月05日_22时52分41秒_第036次,2026-09-05T22:52:41,1.343,39.0378425224853,0.0822816993044038,2.22692081431901,13.6706856080701,0.0075318933692637,14.728896211174,0,0.175702393101487,0.003541693458601,0.0119363561767107,MV-202,sine_steer_python-1
1345,2026年09月05日_22时52分41秒_第036次,2026-09-05T22:52:41,1.344,39.0374377733266,0.082288046292675,2.23746419530175,13.6815291993555,0.00760121944091081,14.7397396356962,0,0.150653611055868,0.00297806586634516,0.00774892711391865,MV-202,sine_steer_python-1
1346,2026年09月05日_22时52分41秒_第036次,2026-09-05T22:52:41,1.345,39.0370337346076,0.0822943484537349,2.24790488034537,13.6923726756261,0.00767099622527145,14.7505829432985,0,0.125581039058624,0.0024140466374266,0.00356396611262292,MV-202,sine_steer_python-1
1347,2026年09月05日_22时52分41秒_第036次,2026-09-05T22:52:41,1.346,39.0366303962978,0.0823005781000636,2.25835953954012,13.703216037095,0.00774121580651549,14.7614261341998,0,0.100488636359538,0.00184971295353533,-0.000618367334289258,MV-202,sine_steer_python-1
1348,2026年09月05日_22时52分41秒_第036次,2026-09-05T22:52:41,1.347,39.0362277742163,0.0823064886993826,2.26882887038132,13.7140592839161,0.00781188231760728,14.7722692085328,0,0.0753803653398692,0.00128514256533315,-0.00479789188814735,MV-202,sine_steer_python-1
1349,2026年09月05日_22时52分41秒_第036次,2026-09-05T22:52:41,1.348,39.0358258741697,0.0823118447154702,2.27930735236424,13.7249024162599,0.00788299780688168,14.7831121664474,0,0.0502601908866766,0.000720414025085742,-0.00897439405707563,MV-202,sine_steer_python-1
1350,2026年09月05日_22时52分41秒_第036次,2026-09-05T22:52:41,1.349,39.0354247030626,0.08231643037766,2.28979439019132,13.7357454342964,0.00795456428749735,14.7939550080929,0,0.0251320797667049,0.000155605865004048,-0.0131476625662943,MV-202,sine_steer_python-1
1351,2026年09月05日_22时52分41秒_第036次,2026-09-05T22:52:41,1.35,39.0350242671003,0.082320031438914,2.30028469979337,13.7465883381968,0.00802658388523143,14.8047977336182,0,1.22464679914735e-15,-0.000409205135779368,-0.0173175613461838,MV-202,sine_steer_python-1
1352,2026年09月05日_22时52分41秒_第036次,2026-09-05T22:52:41,1.351,39.0346245718892,0.0823224438554565,2.31077345828687,13.7574311281341,0.00809905856215687,14.8156403431731,0,-0.0251320797667024,-0.000973941488248541,-0.0214839245845073,MV-202,sine_steer_python-1
1353,2026年09月05日_22时52分41秒_第036次,2026-09-05T22:52:41,1.352,39.0342263478995,0.0823238044642744,2.32207437428059,13.7682738042826,0.00817199021735589,14.8264828369084,0,-0.0502601908866742,-0.00153852322798076,-0.0256464813143682,MV-202,sine_steer_python-1
1354,2026年09月05日_22时52分41秒_第036次,2026-09-05T22:52:41,1.353,39.0338283939266,0.0823279895030063,2.33221162534804,13.7791163669438,0.00824541555428006,14.8373252149596,0,-0.0753803653398703,-0.00210286793552687,-0.0298048558278748,MV-202,sine_steer_python-1
1355,2026年09月05日_22时52分41秒_第036次,2026-09-05T22:52:41,1.354,39.0334311209446,0.0823327712644782,2.34271066775857,13.7899588162761,0.00831927903021642,14.8481674776728,0,-0.100488636359539,-0.00266689100380669,-0.0339585785768194,MV-202,sine_steer_python-1
1356,2026年09月05日_22时52分41秒_第036次,2026-09-05T22:52:41,1.355,39.0330345423552,0.0823377826345418,2.35310621519327,13.8008011523481,0.00839361266241385,14.8590096249982,0,-0.125581039058628,-0.003230505969656,-0.0381070997629889,MV-202,sine_steer_python-1
1357,2026年09月05日_22时52分41秒_第036次,2026-09-05T22:52:41,1.356,39.0326386483209,0.0823429894370845,2.36351418897971,13.811643375367,0.00846840863136755,14.8698516571403,0,-0.150653611055865,-0.00379362486278698,-0.0422498036419299,MV-202,sine_steer_python-1
1358,2026年09月05日_22时52分41秒_第036次,2026-09-05T22:52:41,1.357,39.0322434552741,0.0823481406774855,2.37393529210079,13.8224854854764,0.00854367109161294,14.8806935742109,0,-0.175702393101485,-0.00435615855067934,-0.0463860226410221,MV-202,sine_steer_python-1
1359,2026年09月05日_22时52分41秒_第036次,2026-09-05T22:52:41,1.358,39.0318489694766,0.0823529961432496,2.38436402428966,13.8333274828373,0.00861940212578748,14.8915353763394,0,-0.20072342970243,-0.00491801706338323,-0.0505150506217441,MV-202,sine_steer_python-1
1360,2026年09月05日_22时52分41秒_第036次,2026-09-05T22:52:41,1.359,39.0314551983083,0.0823573353099314,2.39479978940619,13.8441693676105,0.0086956037798194,14.9023770636546,0,-0.225712769746962,-0.00547910988096133,-0.0546361545595734,MV-202,sine_steer_python-1
1361,2026年09月05日_22时52分41秒_第036次,2026-09-05T22:52:41,1.36,39.0310621484451,0.0823609391928543,2.40523733095259,13.8550111399578,0.00877227821045204,14.9132186362846,0,-0.250666467128606,-0.00603934616761224,-0.0587485839684202,MV-202,sine_steer_python-1
1362,2026年09月05日_22时52分41秒_第036次,2026-09-05T22:52:41,1.361,39.0306698259563,0.0823635989778486,2.41567185231542,13.8658528000428,0.00884942741035999,14.9240600943587,0,-0.275580581369272,-0.00659863494157998,-0.0628515776096492,MV-202,sine_steer_python-1
1363,2026年09月05日_22时52分41秒_第036次,2026-09-05T22:52:41,1.362,39.0302789684213,0.0823654495616221,2.42691226819922,13.8766943480307,0.00892705330825346,14.9349014380063,0,-0.300451178241515,-0.00715688517722752,-0.0669443673327847,MV-202,sine_steer_python-1
1364,2026年09月05日_22时52分41秒_第036次,2026-09-05T22:52:41,1.363,39.0298883622702,0.0823703537926778,2.4369947734503,13.8875357842033,0.00900519243552926,14.9457426673218,0,-0.325274330389767,-0.00771400584302663,-0.0710261792068125,MV-202,sine_steer_python-1
1365,2026年09月05日_22时52分41秒_第036次,2026-09-05T22:52:41,1.364,39.0294984241734,0.0823760753957179,2.44743533675399,13.8983771087282,0.00908378962297519,14.9565837826632,0,-0.350046117950554,-0.00826990588476595,-0.0750962323353385,MV-202,sine_steer_python-1
1366,2026年09月05日_22时52分41秒_第036次,2026-09-05T22:52:41,1.365,39.0291091679451,0.0823822474038591,2.45777165804164,13.9092183216545,0.00916287672843308,14.967424783942,0,-0.374762629171449,-0.00882449416530743,-0.0791537358343419,MV-202,sine_steer_python-1
1367,2026年09月05日_22时52分41秒_第036次,2026-09-05T22:52:41,1.366,39.0287205839025,0.0823888291160996,2.46811889280354,13.9200594231836,0.00924244601915174,14.9782656713466,0,-0.399419961028813,-0.00937767936973934,-0.0831978843446151,MV-202,sine_steer_python-1
1368,2026年09月05日_22时52分41秒_第036次,2026-09-05T22:52:41,1.367,39.028332689011,0.0823955651396813,2.47847776455591,13.9309004134495,0.00932250165884076,14.9891064449659,0,-0.424014219844106,-0.00992936987850084,-0.0872278521822636,MV-202,sine_steer_python-1
1369,2026年09月05日_22时52分41秒_第036次,2026-09-05T22:52:41,1.368,39.0279454899015,0.0824022107199686,2.48884280535123,13.9417412926038,0.00940304575207255,14.9999471049077,0,-0.448541521898761,-0.010479473607882,-0.0912427860879976,MV-202,sine_steer_python-1
1370,2026年09月05日_22时52分41秒_第036次,2026-09-05T22:52:41,1.369,39.0275589943307,0.0824085407936693,2.49921342690245,13.9525820607985,0.00948408036519641,15.0107876512793,0,-0.472997994047447,-0.0110278978445442,-0.0952417976711075,MV-202,sine_steer_python-1
1371,2026年09月05日_22时52分41秒_第036次,2026-09-05T22:52:41,1.37,39.0271732093335,0.0824143319386344,2.50958440888054,13.9634227181863,0.00956560767351583,15.021628084187,0,-0.497379774329712,-0.0115745492635391,-0.0992239635112185,MV-202,sine_steer_python-1
1372,2026年09月05日_22时52分41秒_第036次,2026-09-05T22:52:41,1.371,39.0267881413195,0.0824193709550115,2.51995098824149,13.9742632649223,0.00964762968798553,15.0324684037387,0,-0.521683012579795,-0.0121193348708118,-0.103188364329934,MV-202,sine_steer_python-1
1373,2026年09月05日_22时52分41秒_第036次,2026-09-05T22:52:41,1.372,39.0264045336895,0.082423791047949,2.53111761540895,13.9851037011628,0.00973014835472649,15.0433086100428,0,-0.54590387103465,-0.0126621643328259,-0.107134183445376,MV-202,sine_steer_python-1
1374,2026年09月05日_22时52分41秒_第036次,2026-09-05T22:52:41,1.373,39.0260211620593,0.0824314377321548,2.54113205187116,13.9959440271696,0.00981319999879163,15.0541487031509,0,-0.570038524939951,-0.0132029505946508,-0.111060733410641,MV-202,sine_steer_python-1
1375,2026年09月05日_22时52分41秒_第036次,2026-09-05T22:52:41,1.374,39.0256384482347,0.0824400701732269,2.55150081931477,14.0067842431215,0.00989672984106003,15.0649886834351,0,-0.594083163154067,-0.0137416079443648,-0.114967373644214,MV-202,sine_steer_python-1
1376,2026年09月05日_22时52分41秒_第036次,2026-09-05T22:52:41,1.375,39.0252564062234,0.0824493217282748,2.56176469547845,14.0176243490477,0.00998076955872403,15.075828550768,0,-0.61803398874989,-0.0142780509195317,-0.118853463168284,MV-202,sine_steer_python-1
1377,2026年09月05日_22时52分41秒_第036次,2026-09-05T22:52:41,1.376,39.0248750263247,0.0824591459949122,2.57203805859248,14.028464345145,0.0100653114968632,15.0866683053233,0,-0.64188721961442,-0.0148121942392419,-0.122718357040947,MV-202,sine_steer_python-1
1378,2026年09月05日_22时52分41秒_第036次,2026-09-05T22:52:41,1.377,39.0244943258294,0.0824692840961815,2.58232166989166,14.0393042315381,0.010150359817013,15.0975079471685,0,-0.665639089045972,-0.0153439529623628,-0.126561412561135,MV-202,sine_steer_python-1
1379,2026年09月05日_22时52分41秒_第036次,2026-09-05T22:52:41,1.378,39.0241143115264,0.0824794877125442,2.5926101088605,14.0501440083704,0.0102359166345778,15.1083474763913,0,-0.689285846349039,-0.0158732426219143,-0.130381994519196,MV-202,sine_steer_python-1
1380,2026年09月05日_22时52分41秒_第036次,2026-09-05T22:52:41,1.379,39.0237349913274,0.0824895282861141,2.60290280704993,14.0609836757854,0.0103219840254286,15.1191868930795,0,-0.712823757426504,-0.0163999792940766,-0.134179477690469,MV-202,sine_steer_python-1
1381,2026年09月05日_22时52分41秒_第036次,2026-09-05T22:52:41,1.38,39.0233563723975,0.0824991790698842,2.61319459219784,14.0718232339279,0.0104085641726614,15.1300261973202,0,-0.736249105369357,-0.0169241071526597,-0.137954412820463,MV-202,sine_steer_python-1
1382,2026年09月05日_22时52分41秒_第036次,2026-09-05T22:52:41,1.381,39.0229784612493,0.0825082236553861,2.62348074548973,14.0826626829448,0.0104956590950001,15.1408653892028,0,-0.759558191043602,-0.0174457010654338,-0.14171286935021,MV-202,sine_steer_python-1
1383,2026年09月05日_22时52分41秒_第036次,2026-09-05T22:52:41,1.382,39.0226020057552,0.0825167945675694,2.63456149269932,14.0935020229848,0.0105832707457341,15.1517044688176,0,-0.782747333674403,-0.0179646793031804,-0.145454273677251,MV-202,sine_steer_python-1
1384,2026年09月05日_22时52分41秒_第036次,2026-09-05T22:52:41,1.383,39.0222257721173,0.0825287175217751,2.64449587116734,14.1043412542894,0.0106714352149649,15.1625434361759,0,-0.805812871427322,-0.0184809250707265,-0.149176553128828,MV-202,sine_steer_python-1
1385,2026年09月05日_22时52分41秒_第036次,2026-09-05T22:52:41,1.384,39.0218501866197,0.0825417512923798,2.65478094505899,14.1151803770503,0.0107600981282815,15.1733822916694,0,-0.828751161986564,-0.0189943197613278,-0.152877543219758,MV-202,sine_steer_python-1
1386,2026年09月05日_22时52分41秒_第036次,2026-09-05T22:52:41,1.385,39.0214752631503,0.0825555305274174,2.66496065968896,14.1260193912776,0.0108492909645068,15.1842210351353,0,-0.851558583130146,-0.0195047448989046,-0.156555069406561,MV-202,sine_steer_python-1
1387,2026年09月05日_22时52分41秒_第036次,2026-09-05T22:52:41,1.386,39.0211009917276,0.0825700045978332,2.67514860795623,14.1368582971646,0.0109390061399079,15.1950596667373,0,-0.874231533301865,-0.0200120837565487,-0.160207015140833,MV-202,sine_steer_python-1
1388,2026年09月05日_22时52分41秒_第036次,2026-09-05T22:52:41,1.387,39.0207273896798,0.0825849126719419,2.68534560562121,14.1476970948274,0.0110292478051238,15.2058981865265,0,-0.896766432180062,-0.0205162226524747,-0.16383137628022,MV-202,sine_steer_python-1
1389,2026年09月05日_22时52分41秒_第036次,2026-09-05T22:52:41,1.388,39.0203544636661,0.0826000044241373,2.69554629509547,14.1585357844019,0.0111200180780833,15.2167365945758,0,-0.919159721242979,-0.021017051909458,-0.167426301266814,MV-202,sine_steer_python-1
1390,2026年09月05日_22时52分41秒_第036次,2026-09-05T22:52:41,1.389,39.0199822214645,0.0826150493879523,2.70575014026652,14.1693743660244,0.0112113190362036,15.227574890959,0,-0.941407864330667,-0.0215144664974188,-0.170990117903417,MV-202,sine_steer_python-1
1391,2026年09月05日_22时52分41秒_第036次,2026-09-05T22:52:41,1.39,39.0196106700794,0.0826298191039088,2.71595202923295,14.1802128398325,0.0113031528626567,15.2384130757502,0,-0.963507348203431,-0.0220083663945194,-0.174521348222606,MV-202,sine_steer_python-1
1392,2026年09月05日_22时52分41秒_第036次,2026-09-05T22:52:41,1.391,39.0192398158357,0.0826440955876008,2.72614729840873,14.191051205966,0.0113955215765807,15.2492511490263,0,-0.985454683096582,-0.0224986567101217,-0.17801871328068,MV-202,sine_steer_python-1
1393,2026年09月05日_22时52分41秒_第036次,2026-09-05T22:52:41,1.392,39.0188704097655,0.082658012106714,2.73713210608131,14.2018894645665,0.01148842713144,15.260089110866,0,-1.00724640327152,-0.0229852476215277,-0.181481130076521,MV-202,sine_steer_python-1
1394,2026年09月05日_22时52分41秒_第036次,2026-09-05T22:52:41,1.393,39.0185012099147,0.0826753731800623,2.74697661447123,14.212727615856,0.0115819053602141,15.2709269612465,0,-1.02887906756301,-0.0234680541758202,-0.184907702761442,MV-202,sine_steer_python-1
1395,2026年09月05日_22时52分41秒_第036次,2026-09-05T22:52:41,1.394,39.0181326463692,0.0826939411475407,2.75716837039727,14.2235656600404,0.0116759023075461,15.2817647005869,0,-1.05034925992259,-0.0239469960009232,-0.188297710004621,MV-202,sine_steer_python-1
1396,2026年09月05日_22时52分41秒_第036次,2026-09-05T22:52:41,1.395,39.0177647325629,0.0827133532883091,2.76725457233699,14.2344035971117,0.0117704492405549,15.2926023286964,0,-1.07165358995799,-0.024421996961201,-0.191650590013214,MV-202,sine_steer_python-1
1397,2026年09月05日_22时52分41秒_第036次,2026-09-05T22:52:41,1.396,39.0173974579527,0.0827335564372655,2.77734801941242,14.2452414272602,0.0118655386433311,15.3034398457362,0,-1.09278869346854,-0.0248929847840258,-0.194965924323223,MV-202,sine_steer_python-1
1398,2026年09月05日_22时52分41秒_第036次,2026-09-05T22:52:41,1.397,39.0170308396099,0.0827542895030101,2.78744959515676,14.2560791505944,0.0119611746503793,15.3142772517487,0,-1.11375123297638,-0.0253598906743287,-0.19824342108161,MV-202,sine_steer_python-1
1399,2026年09月05日_22时52分41秒_第036次,2026-09-05T22:52:41,1.398,39.0166648837778,0.0827753018279332,2.79755401738042,14.2669167672439,0.0120573593774037,15.3251145468001,0,-1.13453789825351,-0.0258226489259594,-0.201482898193842,MV-202,sine_steer_python-1
1400,2026年09月05日_22时52分41秒_第036次,2026-09-05T22:52:41,1.399,39.0162995978215,0.0827963626848445,2.80766079184064,14.2777542773384,0.0121540948989756,15.3359517309586,0,-1.15514540684454,-0.0262811965327313,-0.204684266459509,MV-202,sine_steer_python-1
1401,2026年09月05日_22时52分41秒_第036次,2026-09-05T22:52:41,1.4,39.0159349883126,0.0828172435221791,2.81776487616435,14.2885916810088,0.0122513833942336,15.3467888042932,0,-1.17557050458495,-0.0267354727988772,-0.207847512685481,MV-202,sine_steer_python-1
1402,2026年09月05日_22时52分41秒_第036次,2026-09-05T22:52:41,1.401,39.0155710611241,0.0828377263660687,2.82786166977217,14.2994289783889,0.012349226878981,15.3576257668769,0,-1.19580996611504,-0.0271854189482879,-0.210972682751064,MV-202,sine_steer_python-1
1403,2026年09月05日_22时52分41秒_第036次,2026-09-05T22:52:41,1.402,39.0152085692775,0.0828579465566775,2.83874335736343,14.3102661696141,0.0124476273034548,15.3684626187858,0,-1.21586059538921,-0.0276309777338146,-0.214059864680274,MV-202,sine_steer_python-1
1404,2026年09月05日_22时52分41秒_第036次,2026-09-05T22:52:41,1.403,39.0148462638222,0.0828816864389691,2.84849117393043,14.3211032548864,0.0125466202271267,15.3792993599701,0,-1.23571922618067,-0.0280720930511883,-0.217109171914645,MV-202,sine_steer_python-1
1405,2026年09月05日_22时52分41秒_第036次,2026-09-05T22:52:41,1.404,39.0144845780391,0.0829067152494788,2.85858304868933,14.331940234428,0.0126461521289964,15.3901359908869,0,-1.2553827225814,-0.0285087095656706,-0.220120727130286,MV-202,sine_steer_python-1
1406,2026年09月05日_22时52分41秒_第036次,2026-09-05T22:52:41,1.405,39.0141235246402,0.0829326740716616,2.86856951271091,14.3427771082124,0.0127462540552402,15.4009725113251,0,-1.27484797949738,-0.0289407723623923,-0.223094647062866,MV-202,sine_steer_python-1
1407,2026年09月05日_22时52分41秒_第036次,2026-09-05T22:52:41,1.406,39.0137630923089,0.0829595085862563,2.87856255872174,14.3536138764282,0.0128469185576812,15.4118089214527,0,-1.29411192313889,-0.0293682266327193,-0.226031028862415,MV-202,sine_steer_python-1
1408,2026年09月05日_22时52分41秒_第036次,2026-09-05T22:52:41,1.407,39.013403297643,0.0829869587800614,2.88856314505669,14.3644505391766,0.0129481497527444,15.4226452213121,0,-1.31317151150591,-0.0297910174085517,-0.228929938480976,MV-202,sine_steer_python-1
1409,2026年09月05日_22时52分41秒_第036次,2026-09-05T22:52:41,1.408,39.0130441462698,0.0830147749310383,2.89856607148293,14.3752870965811,0.013049949752409,15.4334814109716,0,-1.3320237348685,-0.0302090893542461,-0.231791401502531,MV-202,sine_steer_python-1
1410,2026年09月05日_22时52分41秒_第036次,2026-09-05T22:52:41,1.409,39.0126856449561,0.0830427272436327,2.908570889311,14.3861235487655,0.0131523206271674,15.4443174905021,0,-1.35066561624205,-0.0306223866222653,-0.234615396672409,MV-202,sine_steer_python-1
1411,2026年09月05日_22时52分41秒_第036次,2026-09-05T22:52:41,1.41,39.0123277996681,0.0830705881915855,2.91857262891926,14.3969598958545,0.0132552645510809,15.4551534599766,0,-1.36909421185738,-0.0310308527742688,-0.237401852198139,MV-202,sine_steer_python-1
1412,2026年09月05日_22时52分41秒_第036次,2026-09-05T22:52:41,1.411,39.01197061567,0.0830981408492531,2.92856675453224,14.4077961379759,0.0133587835358248,15.4659893194726,0,-1.38730661162561,-0.0314344679742691,-0.240152219326977,MV-202,sine_steer_python-1
1413,2026年09月05日_22时52分41秒_第036次,2026-09-05T22:52:41,1.412,39.0116148470252,0.0831255233737831,2.93934153237198,14.4186322752591,0.0134628795278394,15.4768250690716,0,-1.4052999395977,-0.031833322927145,-0.242872601151406,MV-202,sine_steer_python-1
1414,2026年09月05日_22时52分41秒_第036次,2026-09-05T22:52:41,1.413,39.0112592389119,0.0831564947064655,2.94898926907302,14.429468307886,0.013567587800593,15.4876607087046,0,-1.42307135441857,-0.0322274598594916,-0.245567022879078,MV-202,sine_steer_python-1
1415,2026年09月05日_22时52分41秒_第036次,2026-09-05T22:52:41,1.414,39.0109042273419,0.0831888333641529,2.9589781485912,14.4403042360956,0.0136728552839858,15.4984962388752,0,-1.44061804977581,-0.0326168238622573,-0.248235371851151,MV-202,sine_steer_python-1
1416,2026年09月05日_22时52分41秒_第036次,2026-09-05T22:52:41,1.415,39.0105498241779,0.0832221847586879,2.96886210709378,14.4511400598432,0.0137787127967132,15.5093316593597,0,-1.45793725484282,-0.0330013529889698,-0.250877210105594,MV-202,sine_steer_python-1
1417,2026年09月05日_22时52分41秒_第036次,2026-09-05T22:52:41,1.416,39.0101960172542,0.0832564940529976,2.97875231161,14.461975779315,0.0138851529604399,15.5201669703406,0,-1.47502623471635,-0.033380979042889,-0.253491807417124,MV-202,sine_steer_python-1
1418,2026年09月05日_22时52分41秒_第036次,2026-09-05T22:52:41,1.417,39.0098428226198,0.0832915028753892,2.98864979494246,14.4728113946053,0.0139921798736229,15.5310021718672,0,-1.49188229084836,-0.0337556288152737,-0.256078193344299,MV-202,sine_steer_python-1
1419,2026年09月05日_22时52分41秒_第036次,2026-09-05T22:52:41,1.418,39.0094902452327,0.0833269629020732,2.99854943813518,14.4836469058314,0.0140997956449287,15.5418372640169,0,-1.50850276147221,-0.0341252377151132,-0.258635734254,MV-202,sine_steer_python-1
1420,2026年09月05日_22时52分41秒_第036次,2026-09-05T22:52:41,1.419,39.0091382912241,0.0833626456295399,3.00845083464813,14.4944823131106,0.0142080023412722,15.5526722468704,0,-1.52488502202289,-0.0344898835216846,-0.261169799333188,MV-202,sine_steer_python-1
1421,2026年09月05日_22时52分41秒_第036次,2026-09-05T22:52:41,1.42,39.0087869659356,0.0833983248181785,3.0183490837979,14.5053176165613,0.0143168021321511,15.5635071205103,0,-1.54102648555158,-0.034849570781821,-0.263682626875066,MV-202,sine_steer_python-1
1422,2026年09月05日_22时52分41秒_第036次,2026-09-05T22:52:41,1.421,39.0084362740195,0.0834337847512398,3.02823970946848,14.5161528163048,0.0144261970256882,15.5743418850249,0,-1.55692460313405,-0.0352041761856502,-0.266171009669754,MV-202,sine_steer_python-1
1423,2026年09月05日_22时52分41秒_第036次,2026-09-05T22:52:41,1.422,39.0080869698826,0.083469166255927,3.03890709705531,14.5269879124643,0.0145361889651337,15.5851765405064,0,-1.57257686427324,-0.0355535693057735,-0.268631409525263,MV-202,sine_steer_python-1
1424,2026年09月05日_22时52分41秒_第036次,2026-09-05T22:52:41,1.423,39.0077377939839,0.0835082029229959,3.04845463636729,14.5378229052003,0.0146468129268096,15.5960110868711,0,-1.58798079729567,-0.0358976192310028,-0.271060238039998,MV-202,sine_steer_python-1
1425,2026年09月05日_22时52分41秒_第036次,2026-09-05T22:52:41,1.424,39.0073891847709,0.0835486838768986,3.05834062399497,14.5486577947687,0.0147580163084824,15.606845524675,0,-1.60313396974175,-0.0362361973976909,-0.273453976143925,MV-202,sine_steer_python-1
1426,2026年09月05日_22时52分41秒_第036次,2026-09-05T22:52:41,1.425,39.007041153302,0.0835902584794437,3.06812246748407,14.5594925811053,0.0148698296954522,15.6176798536855,0,-1.6180339887499,-0.036569179884013,-0.275809270869526,MV-202,sine_steer_python-1
1427,2026年09月05日_22时52分41秒_第036次,2026-09-05T22:52:41,1.426,39.0066936866515,0.0836328710743302,3.07791048192789,14.5703272643938,0.0149822457817119,15.628514074103,0,-1.63267850143437,-0.0368964491726375,-0.278123009632735,MV-202,sine_steer_python-1
1428,2026年09月05日_22时52分41秒_第036次,2026-09-05T22:52:41,1.427,39.0063468004052,0.0836762645579839,3.08770576776095,14.5811618447205,0.0150952686480125,15.6393481859878,0,-1.64706519525685,-0.0372178954261742,-0.28039237390671,MV-202,sine_steer_python-1
1429,2026年09月05日_22时52分41秒_第036次,2026-09-05T22:52:41,1.428,39.0060004989608,0.083720191531611,3.09750328018857,14.5919963221954,0.0152089004000806,15.6501821894289,0,-1.66119179839163,-0.0375334173305508,-0.282614874619508,MV-202,sine_steer_python-1
1430,2026年09月05日_22时52分41秒_第036次,2026-09-05T22:52:41,1.429,39.0056547879374,0.0837644242135231,3.10730264527271,14.6028306969284,0.0153231431015082,15.6610160845187,0,-1.67505608008429,-0.0378429225633888,-0.284788371688016,MV-202,sine_steer_python-1
1431,2026年09月05日_22时52分41秒_第036次,2026-09-05T22:52:41,1.43,39.0053096721905,0.0838087369901434,3.11709902154326,14.6136649690306,0.0154379989172916,15.6718498713519,0,-1.68865585100403,-0.0381463279432374,-0.286911080049967,MV-202,sine_steer_python-1
1432,2026年09月05日_22时52分41秒_第036次,2026-09-05T22:52:41,1.431,39.0049651559136,0.0838529146045539,3.12688798174838,14.6244991386157,0.0155534698519237,15.6826835500283,0,-1.70198896358938,-0.0384435593128146,-0.288981564442028,MV-202,sine_steer_python-1
1433,2026年09月05日_22时52分41秒_第036次,2026-09-05T22:52:41,1.432,39.0046219933754,0.083897099510787,3.1374500613511,14.6353332057991,0.0156695578452169,15.693517120652,0,-1.7150533123873,-0.0387345512061072,-0.290998725032797,MV-202,sine_steer_python-1
1434,2026年09月05日_22时52分41秒_第036次,2026-09-05T22:52:41,1.433,39.0042789215281,0.0839449972016609,3.14689974248162,14.6461671707185,0.015786297564217,15.7043505831237,0,-1.72784683438567,-0.0390192463454322,-0.29296177586142,MV-202,sine_steer_python-1
1435,2026年09月05日_22时52分41秒_第036次,2026-09-05T22:52:41,1.434,39.0039363811025,0.0839944078263633,3.15668528623167,14.6570010336458,0.0159036368902466,15.7151839380525,0,-1.74036750933905,-0.039297595010237,-0.29487021784986,MV-202,sine_steer_python-1
1436,2026年09月05日_22时52分41秒_第036次,2026-09-05T22:52:41,1.435,39.0035943825555,0.0840449834887139,3.16636763364832,14.6678347944959,0.016021606167842,15.7260171851954,0,-1.75261336008773,-0.0395695543145111,-0.296723807949589,MV-202,sine_steer_python-1
1437,2026年09月05日_22时52分41秒_第036次,2026-09-05T22:52:41,1.436,39.003252912431,0.0840966666024922,3.17605621689037,14.6786684534482,0.0161401981642058,15.7368503247699,0,-1.76458245286991,-0.0398350874244797,-0.298522525763501,MV-202,sine_steer_python-1
1438,2026年09月05日_22时52分41秒_第036次,2026-09-05T22:52:41,1.437,39.0029119860708,0.0841492001818118,3.1857521933692,14.6895020105795,0.0162594169408376,15.7476833568446,0,-1.77627289762709,-0.0400941627432859,-0.300266538773719,MV-202,sine_steer_python-1
1439,2026年09月05日_22时52分41秒_第036次,2026-09-05T22:52:41,1.438,39.0025716075519,0.0842023365361202,3.19545058164967,14.7003354659908,0.0163792645989283,15.7585162815177,0,-1.78768284830253,-0.0403467530852555,-0.301956167131996,MV-202,sine_steer_python-1
1440,2026年09月05日_22时52分41秒_第036次,2026-09-05T22:52:41,1.439,39.0022317822279,0.0842558473291453,3.205151027607,14.7111688197833,0.0164997431968644,15.7693490988904,0,-1.79881050313274,-0.040592834859542,-0.303591848851068,MV-202,sine_steer_python-1
1441,2026年09月05日_22时52分41秒_第036次,2026-09-05T22:52:41,1.44,39.0018925147238,0.0843095062464821,3.21484873640319,14.7220020720587,0.0166208548929114,15.7801818090654,0,-1.80965410493204,-0.0408323872815383,-0.305174106175474,MV-202,sine_steer_python-1
1442,2026年09月05日_22时52分41秒_第036次,2026-09-05T22:52:41,1.441,39.0015538090379,0.0843630971183699,3.22453931640032,14.7328352229215,0.0167426016854139,15.79101441215,0,-1.82021194136999,-0.0410653916299952,-0.306703513891921,MV-202,sine_steer_python-1
1443,2026年09月05日_22时52分41秒_第036次,2026-09-05T22:52:41,1.442,39.0012164189584,0.0844167623984109,3.23499947341093,14.7436682724775,0.0168649855079191,15.8018469082553,0,-1.83048234524183,-0.0412918305675421,-0.308180670328868,MV-202,sine_steer_python-1
1444,2026年09月05日_22时52分41秒_第036次,2026-09-05T22:52:41,1.443,39.0008790791979,0.0844741762740921,3.24435480262477,14.7545012208392,0.0169880407037397,15.8126792972605,0,-1.84046369473174,-0.041511687541269,-0.309606171751375,MV-202,sine_steer_python-1
1445,2026年09月05日_22时52分41秒_第036次,2026-09-05T22:52:41,1.444,39.0005422326919,0.0845331497872432,3.25404337648723,14.7653340682933,0.0171117156501425,15.8235115798226,0,-1.85015441366892,-0.0417249462774191,-0.310980590746867,MV-202,sine_steer_python-1
1446,2026年09月05日_22时52分41秒_第036次,2026-09-05T22:52:41,1.445,39.0002058895944,0.0845933361336513,3.26362973028236,14.7761668147312,0.0172360404407085,15.8343437556818,0,-1.8595529717765,-0.0419315903796882,-0.3123044590045,MV-202,sine_steer_python-1
1447,2026年09月05日_22时52分41秒_第036次,2026-09-05T22:52:41,1.446,38.9998700362251,0.0846546742948181,3.27322238142488,14.7869994603266,0.0173610079136527,15.8451758250656,0,-1.86865788491322,-0.0421316030343732,-0.313578254625682,MV-202,sine_steer_python-1
1448,2026年09月05日_22时52分41秒_第036次,2026-09-05T22:52:41,1.447,38.9995346879672,0.0847169059142317,3.28282253350735,14.7978320051443,0.0174866221065315,15.8560077880437,0,-1.87746771530775,-0.042324966818476,-0.314802393800898,MV-202,sine_steer_python-1
1449,2026年09月05日_22时52分41秒_第036次,2026-09-05T22:52:41,1.448,38.9991998488754,0.0847797815116408,3.29242525780688,14.8086644492748,0.0176128851111898,15.8668396447157,0,-1.88598107178573,-0.0425116636000777,-0.31597722639969,MV-202,sine_steer_python-1
1450,2026年09月05日_22时52分41秒_第036次,2026-09-05T22:52:41,1.449,38.9988655243346,0.084843070696563,3.3020302079396,14.8194967928079,0.0177397989756458,15.8776713951833,0,-1.89419660998949,-0.0426916745150663,-0.317103034799097,MV-202,sine_steer_python-1
1451,2026年09月05日_22时52分41秒_第036次,2026-09-05T22:52:41,1.45,38.9985317190357,0.084906544962468,3.31163262429143,14.8303290358343,0.0178673658458742,15.8885030395484,0,-1.90211303259031,-0.0428649800016103,-0.318180035161528,MV-202,sine_steer_python-1
1452,2026年09月05日_22时52分41秒_第036次,2026-09-05T22:52:41,1.451,38.998198437077,0.084969985749319,3.32122813923124,14.8411611784468,0.0179955877081829,15.8993345779169,0,-1.90972908949329,-0.0430315598739519,-0.319208380380986,MV-202,sine_steer_python-1
1453,2026年09月05日_22时52分41秒_第036次,2026-09-05T22:52:41,1.452,38.9978664314636,0.085033533835029,3.33158962134771,14.8519932207399,0.01812446648363,15.910166010397,0,-1.91704357803475,-0.0431913934198582,-0.320188164034018,MV-202,sine_steer_python-1
1454,2026年09月05日_22时52分41秒_第036次,2026-09-05T22:52:41,1.453,38.9975344359437,0.085100829094099,3.34085384980224,14.8628251627983,0.0182540361751617,15.9209973368365,0,-1.92405534317217,-0.043344459510588,-0.32111942486356,MV-202,sine_steer_python-1
1455,2026年09月05日_22时52分41秒_第036次,2026-09-05T22:52:41,1.454,38.9972028955627,0.0851696932411671,3.350448543597,14.8736570049217,0.0183842456634196,15.9318285579307,0,-1.93076327766655,-0.0434907367171878,-0.322002151534361,MV-202,sine_steer_python-1
1456,2026年09月05日_22时52分41秒_第036次,2026-09-05T22:52:41,1.455,38.996871820479,0.0852397790519552,3.35994189417554,14.8844887469759,0.0185151247778505,15.9426596733919,0,-1.93716632225726,-0.0436302034311601,-0.32283628757812,MV-202,sine_steer_python-1
1457,2026年09月05日_22时52分41秒_第036次,2026-09-05T22:52:41,1.456,38.996541197083,0.0853110207556553,3.36944147604558,14.8953203891265,0.0186466664219721,15.953490683447,0,-1.94326346582935,-0.0437628379902675,-0.323621736561807,MV-202,sine_steer_python-1
1458,2026年09月05日_22时52分41秒_第036次,2026-09-05T22:52:41,1.457,38.9962110410626,0.0853831573770626,3.37894853154198,14.9061519314247,0.018778874601327,15.9643215881558,0,-1.94905374557315,-0.0438886188110546,-0.324358367547291,MV-202,sine_steer_python-1
1459,2026年09月05日_22时52分41秒_第036次,2026-09-05T22:52:41,1.458,38.9958813567199,0.0854559364504418,3.38845817785666,14.9169833739478,0.0189117513902854,15.9751523876079,0,-1.95453624713639,-0.0440075245288168,-0.325046020873774,MV-202,sine_steer_python-1
1460,2026年09月05日_22时52分41秒_第036次,2026-09-05T22:52:41,1.459,38.9955521497287,0.0855291243933437,3.39797006872687,14.9278147167729,0.0190452988180815,15.9859830818939,0,-1.95971010476849,-0.0441195341439035,-0.325684514216145,MV-202,sine_steer_python-1
1461,2026年09月05日_22时52分41秒_第036次,2026-09-05T22:52:41,1.46,38.9952234250952,0.0856024894360298,3.40747947322866,14.9386459599769,0.0191795190096675,15.9968136711034,0,-1.96457450145738,-0.0442246271712267,-0.326273648786428,MV-202,sine_steer_python-1
1462,2026年09月05日_22时52分41秒_第036次,2026-09-05T22:52:41,1.461,38.994895187257,0.0856758096279766,3.41698204144821,14.9494771036395,0.0193144139303441,16.0076441553289,0,-1.96912866905841,-0.0443227837884009,-0.326813215483968,MV-202,sine_steer_python-1
1463,2026年09月05日_22时52分41秒_第036次,2026-09-05T22:52:41,1.462,38.9945681880833,0.0857492229334431,3.42724674478186,14.9603081478415,0.0194499854794736,16.0184745346641,0,-1.97337188841574,-0.0444139849774885,-0.327303000780662,MV-202,sine_steer_python-1
1464,2026年09月05日_22时52分41秒_第036次,2026-09-05T22:52:41,1.463,38.994241161564,0.0858263328633223,3.43642171719404,14.9711390926378,0.0195862673024593,16.0293048089122,0,-1.97730348947583,-0.0444982126559028,-0.327742792152076,MV-202,sine_steer_python-1
1465,2026年09月05日_22时52分41秒_第036次,2026-09-05T22:52:41,1.464,38.993914554662,0.0859049719089235,3.44592413606516,14.9819699383393,0.0197232087851185,16.0401349787956,0,-1.9809228513933,-0.0445754497933124,-0.328132382920348,MV-202,sine_steer_python-1
1466,2026年09月05日_22时52分41秒_第036次,2026-09-05T22:52:41,1.465,38.9935883777664,0.0859847916315612,3.45532591363105,14.9928006847846,0.0198608394777457,16.0509650439866,0,-1.98422940262896,-0.0446456805128923,-0.328471576438646,MV-202,sine_steer_python-1
1467,2026年09月05日_22时52分41秒_第036次,2026-09-05T22:52:41,1.466,38.9932626175376,0.086065720909441,3.46473366048958,15.0036313321292,0.0199991523407464,16.0617950046992,0,-1.98722262104002,-0.0447088901764806,-0.328760189598781,MV-202,sine_steer_python-1
1468,2026年09月05日_22时52分41秒_第036次,2026-09-05T22:52:41,1.467,38.9929372901302,0.0861474956645669,3.47414865582259,15.0144618804089,0.0201381513372042,16.0726248609711,0,-1.9899020339626,-0.0447650654538442,-0.328998055671069,MV-202,sine_steer_python-1
1469,2026年09月05日_22时52分41秒_第036次,2026-09-05T22:52:41,1.468,38.9926124002537,0.0862298600606933,3.48356606213534,15.0252923296863,0.020277838513699,16.08345461287,0,-1.99226721828634,-0.0448141979393341,-0.329185177339287,MV-202,sine_steer_python-1
1470,2026年09月05日_22时52分41秒_第036次,2026-09-05T22:52:41,1.469,38.9922879540133,0.0863125770377783,3.49298553241497,15.0361226800237,0.0204182158702577,16.0942842604635,0,-1.99431780052123,-0.0448562767196937,-0.329321411738809,MV-202,sine_steer_python-1
1471,2026年09月05日_22时52分41秒_第036次,2026-09-05T22:52:41,1.47,38.9919639568581,0.0863954113820396,3.50240236492932,15.0469529314832,0.0205592855002682,16.1051138038171,0,-1.99605345685654,-0.0448912901486927,-0.329406546252029,MV-202,sine_steer_python-1
1472,2026年09月05日_22时52分41秒_第036次,2026-09-05T22:52:41,1.471,38.9916404136775,0.0864781376774501,3.51181222855359,15.0577830841295,0.0207010493374361,16.1159432429981,0,-1.99747391321204,-0.0449192304496506,-0.32944049227803,MV-202,sine_steer_python-1
1473,2026年09月05日_22时52分41秒_第036次,2026-09-05T22:52:41,1.472,38.9913180747492,0.0865608909105004,3.5219800623964,15.0686131380283,0.0208435092488045,16.1267725780742,0,-1.99857894528118,-0.0449400922728944,-0.329423224802914,MV-202,sine_steer_python-1
1474,2026年09月05日_22时52分41秒_第036次,2026-09-05T22:52:41,1.473,38.9909956753546,0.0866472377241161,3.53106566871224,15.079443093203,0.0209866985071119,16.1376018087927,0,-1.9993683785666,-0.044953875010914,-0.329354880572647,MV-202,sine_steer_python-1
1475,2026年09月05日_22时52分41秒_第036次,2026-09-05T22:52:41,1.474,38.9906736640383,0.0867350220394303,3.54047545942678,15.0902729499752,0.0211305670001521,16.1484309358926,0,-1.99984208840763,-0.0449605652911716,-0.329235015917708,MV-202,sine_steer_python-1
1476,2026年09月05日_22时52分41秒_第036次,2026-09-05T22:52:41,1.475,38.9903520515005,0.0868238945061637,3.54978513488147,15.1011027081541,0.0212751439843389,16.159259958995,0,-2,-0.0449601594229749,-0.329063556704793,MV-202,sine_steer_python-1
1477,2026年09月05日_22时52分41秒_第036次,2026-09-05T22:52:41,1.476,38.9900308247208,0.0869137790928386,3.5591003293388,15.1119323678845,0.0214204224676801,16.1700888782908,0,-1.99984208840763,-0.0449527099860674,-0.328842772538755,MV-202,sine_steer_python-1
1478,2026年09月05日_22时52分41秒_第036次,2026-09-05T22:52:41,1.477,38.9897100003289,0.0870044091869683,3.56842236265031,15.1227619291855,0.0215664063599497,16.1809176937857,0,-1.9993683785666,-0.044938231912261,-0.328573299101485,MV-202,sine_steer_python-1
1479,2026年09月05日_22时52分41秒_第036次,2026-09-05T22:52:41,1.478,38.9893895834463,0.0870955262651038,3.57774644846394,15.1335913921042,0.0217130976694781,16.1917464055156,0,-1.99857894528118,-0.0449167239200932,-0.328255046587556,MV-202,sine_steer_python-1
1480,2026年09月05日_22时52分41秒_第036次,2026-09-05T22:52:41,1.479,38.989069580594,0.0871868905809629,3.58707224499526,15.144420756687,0.0218604983567607,16.2025750135159,0,-1.99747391321203,-0.0448881836004627,-0.327887837873506,MV-202,sine_steer_python-1
1481,2026年09月05日_22时52分41秒_第036次,2026-09-05T22:52:41,1.48,38.9887499976319,0.0872782643773488,3.59639508715014,15.1552500229804,0.0220086104734316,16.2134035178189,0,-1.99605345685654,-0.0448526119576373,-0.32747160074676,MV-202,sine_steer_python-1
1482,2026年09月05日_22时52分41秒_第036次,2026-09-05T22:52:41,1.481,38.988430839853,0.0873694197796614,3.60571067075948,15.1660791910333,0.0221574359116065,16.2242319184585,0,-1.99431780052123,-0.044810011709628,-0.327006295621998,MV-202,sine_steer_python-1
1483,2026年09月05日_22时52分41秒_第036次,2026-09-05T22:52:41,1.482,38.9881128553828,0.0874604897405717,3.61577968056769,15.1769082608957,0.0223069764962185,16.2350602154683,0,-1.99226721828635,-0.0447604264544885,-0.326493573585167,MV-202,sine_steer_python-1
1484,2026年09月05日_22时52分41秒_第036次,2026-09-05T22:52:41,1.483,38.9877947816193,0.0875550052793963,3.62477406218586,15.1877372325584,0.0224572651169681,16.2458884085315,0,-1.9899020339626,-0.0447038704294814,-0.325933803327973,MV-202,sine_steer_python-1
1485,2026年09月05日_22时52分41秒_第036次,2026-09-05T22:52:41,1.484,38.9874770682117,0.0876508229158659,3.63408919480677,15.1985661063534,0.022608252157263,16.2567164983974,0,-1.98722262104002,-0.0446403420275178,-0.325326643871122,MV-202,sine_steer_python-1
1486,2026年09月05日_22时52分41秒_第036次,2026-09-05T22:52:41,1.485,38.9871597260844,0.0877475938301547,3.64330463531212,15.2093948820605,0.0227599665676329,16.267544484629,0,-1.98422940262896,-0.0445698433931814,-0.324671873012192,MV-202,sine_steer_python-1
1487,2026年09月05日_22时52分41秒_第036次,2026-09-05T22:52:41,1.486,38.9868427424232,0.0878452385455254,3.6525250366334,15.2202235598131,0.0229124013958376,16.2783723673883,0,-1.9809228513933,-0.0444923717766518,-0.32396902211017,MV-202,sine_steer_python-1
1488,2026年09月05日_22时52分41秒_第036次,2026-09-05T22:52:41,1.487,38.9865261341844,0.0879434894836496,3.66175176695828,15.2310521396134,0.0230655604894097,16.2892001466431,0,-1.97730348947583,-0.0444079246265413,-0.323217591425654,MV-202,sine_steer_python-1
1489,2026年09月05日_22时52分41秒_第036次,2026-09-05T22:52:41,1.488,38.9862099067475,0.0880420870970321,3.67098010139412,15.2418806214926,0.0232194458101511,16.300027822393,0,-1.97337188841574,-0.0443165001516142,-0.322417073939016,MV-202,sine_steer_python-1
1490,2026年09月05日_22时52分41秒_第036次,2026-09-05T22:52:41,1.489,38.9858940668794,0.0881407906967036,3.68020971408671,15.2527090054813,0.0233740592711111,16.3108553946364,0,-1.96912866905841,-0.0442180976523123,-0.321566969468816,MV-202,sine_steer_python-1
1491,2026年09月05日_22时52分41秒_第036次,2026-09-05T22:52:41,1.49,38.9855786206681,0.0882393618035113,3.68943598864961,15.2635372916102,0.0235294028746229,16.321682863369,0,-1.96457450145738,-0.0441127178057084,-0.320666796805504,MV-202,sine_steer_python-1
1492,2026年09月05日_22时52分41秒_第036次,2026-09-05T22:52:41,1.491,38.9852635736142,0.0883375719771576,3.69865466063215,15.2743654799124,0.0236854784640726,16.3325102285876,0,-1.95971010476849,-0.0440003629071174,-0.319716104010758,MV-202,sine_steer_python-1
1493,2026年09月05日_22时52分41秒_第036次,2026-09-05T22:52:41,1.492,38.9849496710717,0.0884355539658672,3.70862185628125,15.2851935704224,0.0238422878155479,16.3433374902893,0,-1.95453624713639,-0.0438810370686473,-0.318714476898211,MV-202,sine_steer_python-1
1494,2026年09月05日_22时52分41秒_第036次,2026-09-05T22:52:41,1.493,38.9846356531239,0.0885368058799048,3.71752228668197,15.2960215630984,0.02399986343195,16.3541646480908,0,-1.94905374557316,-0.0437547463797358,-0.317661545909499,MV-202,sine_steer_python-1
1495,2026年09月05日_22时52分41秒_第036次,2026-09-05T22:52:41,1.494,38.9843219699576,0.0886391982449791,3.72673998799908,15.3068494582834,0.0241581561853287,16.3649917027505,0,-1.94326346582935,-0.0436214990327846,-0.316556991517644,MV-202,sine_steer_python-1
1496,2026年09月05日_22时52分41秒_第036次,2026-09-05T22:52:41,1.495,38.9840086324941,0.088742385032432,3.7358584406652,15.3176772557277,0.0243171947129979,16.3758186537723,0,-1.93716632225726,-0.0434813054153946,-0.315400548221521,MV-202,sine_steer_python-1
1497,2026年09月05日_22时52分41秒_第036次,2026-09-05T22:52:41,1.496,38.983695627886,0.0888462854526021,3.74498131536937,15.3285049555539,0.0244769720981052,16.3866455012889,0,-1.93076327766655,-0.0433341781698506,-0.314192007159327,MV-202,sine_steer_python-1
1498,2026年09月05日_22时52分41秒_第036次,2026-09-05T22:52:41,1.497,38.9833829731493,0.0889506331467457,3.7541100368565,15.3393325577477,0.0246374921208714,16.3974722452309,0,-1.92405534317217,-0.0431801322203334,-0.312931217361582,MV-202,sine_steer_python-1
1499,2026年09月05日_22时52分41秒_第036次,2026-09-05T22:52:41,1.498,38.9830706736534,0.0890551697729891,3.76323995302262,15.350160062325,0.0247987566923345,16.408298885562,0,-1.91704357803475,-0.0430191847686684,-0.31161808567854,MV-202,sine_steer_python-1
1500,2026年09月05日_22时52分41秒_第036次,2026-09-05T22:52:41,1.499,38.9827587361345,0.0891596559545213,3.77237076570433,15.3609874693011,0.0249607676743698,16.4191254222454,0,-1.90972908949329,-0.0428513552600964,-0.310252575445365,MV-202,sine_steer_python-1
1501,2026年09月05日_22时52分41秒_第036次,2026-09-05T22:52:41,1.5,38.9824471666257,0.0892638547656624,3.7814979201157,15.3718147786916,0.0251235270167901,16.4299518552418,0,-1.90211303259031,-0.0426766653213798,-0.308834703983441,MV-202,sine_steer_python-1
1502,2026年09月05日_22时52分41秒_第036次,2026-09-05T22:52:41,1.501,38.9821359705464,0.0893675394881026,3.7906172049458,15.3826419905143,0.0252870365115542,16.440778184514,0,-1.89419660998949,-0.0424951386744356,-0.307364539073193,MV-202,sine_steer_python-1
1503,2026年09月05日_22时52分41秒_第036次,2026-09-05T22:52:41,1.502,38.9818258898784,0.0894708448669782,3.80047982405094,15.3934691047891,0.025451297883713,16.4516044100253,0,-1.88598107178573,-0.0423068010296899,-0.305842194576026,MV-202,sine_steer_python-1
1504,2026年09月05日_22时52分41秒_第036次,2026-09-05T22:52:41,1.503,38.9815156677206,0.0895772395950975,3.80928397619597,15.4042961214419,0.0256163432525665,16.4624305313296,0,-1.87746771530775,-0.0421116799643254,-0.30426782542426,MV-202,sine_steer_python-1
1505,2026年09月05日_22时52分41秒_第036次,2026-09-05T22:52:41,1.504,38.9812057542243,0.0896846094306859,3.81840201095132,15.4151230408278,0.0257821239737737,16.4732565491988,0,-1.86865788491322,-0.0419098047914596,-0.302641622234398,MV-202,sine_steer_python-1
1506,2026年09月05日_22时52分41秒_第036次,2026-09-05T22:52:41,1.505,38.9808961600041,0.0897926136302907,3.82742139523091,15.4259498626687,0.0259486683695838,16.4840824630826,0,-1.8595529717765,-0.0417012064268845,-0.300963805824188,MV-202,sine_steer_python-1
1507,2026年09月05日_22时52分41秒_第036次,2026-09-05T22:52:41,1.506,38.9805868718842,0.089901172310463,3.83644481618133,15.4367765870768,0.0261159695587932,16.4949082730895,0,-1.85015441366892,-0.0414859172601312,-0.29923462191963,MV-202,sine_steer_python-1
1508,2026年09月05日_22时52分41秒_第036次,2026-09-05T22:52:41,1.507,38.9802779066262,0.0900100225412381,3.84547376026339,15.4476032140226,0.0262840312540399,16.5057339791183,0,-1.84046369473174,-0.0412639710361273,-0.297454336317125,MV-202,sine_steer_python-1
1509,2026年09月05日_22时52分41秒_第036次,2026-09-05T22:52:41,1.508,38.9799692692813,0.0901189093765582,3.85450365663311,15.4584297435073,0.026452855316209,16.5165595811034,0,-1.83048234524184,-0.0410354027525097,-0.295623230715098,MV-202,sine_steer_python-1
1510,2026年09月05日_22时52分41秒_第036次,2026-09-05T22:52:41,1.509,38.9796609662476,0.0902275969024549,3.86353424361655,15.469256175532,0.0266224435571324,16.5273850789791,0,-1.82021194136999,-0.0408002485757948,-0.293741599350716,MV-202,sine_steer_python-1
1511,2026年09月05日_22时52分41秒_第036次,2026-09-05T22:52:41,1.51,38.9793530031971,0.0903358518534962,3.87256103767814,15.4800825100979,0.0267927978757464,16.5382104726784,0,-1.80965410493204,-0.0405585457773344,-0.291809746481068,MV-202,sine_steer_python-1
1512,2026年09月05日_22时52分41秒_第036次,2026-09-05T22:52:41,1.511,38.9790453851652,0.0904434512883381,3.88157989060788,15.4909087472091,0.0269639200147302,16.5490357621373,0,-1.79881050313274,-0.0403103326876272,-0.289827984648394,MV-202,sine_steer_python-1
1513,2026年09月05日_22时52分41秒_第036次,2026-09-05T22:52:41,1.512,38.9787388502614,0.0905505338837755,3.89133669479663,15.501734886871,0.0271358116507175,16.5598609472934,0,-1.78768284830253,-0.0400556630142592,-0.287797240779577,MV-202,sine_steer_python-1
1514,2026年09月05日_22时52分41秒_第036次,2026-09-05T22:52:41,1.513,38.9784321447532,0.0906605422832935,3.90004389119242,15.5125609289785,0.0273085045282075,16.5706860276454,0,-1.77627289762709,-0.0397946299016525,-0.285720074479922,MV-202,sine_steer_python-1
1515,2026年09月05日_22时52分41秒_第036次,2026-09-05T22:52:41,1.514,38.9781257182686,0.0907713781125903,3.90906178300235,15.5233868739002,0.0274819504851898,16.5815110039876,0,-1.76458245286991,-0.0395272854553064,-0.283597272952118,MV-202,sine_steer_python-1
1516,2026年09月05日_22时52分41秒_第036次,2026-09-05T22:52:41,1.515,38.9778195808173,0.0908827079793837,3.91798188061657,15.5342127213298,0.0276561775318686,16.5923358757241,0,-1.75261336008773,-0.0392536776421431,-0.281429412507132,MV-202,sine_steer_python-1
1517,2026年09月05日_22时52分41秒_第036次,2026-09-05T22:52:41,1.516,38.9775137186262,0.0909944545955404,3.92690588176007,15.5450384713708,0.0278311788274438,16.6031606429483,0,-1.74036750933905,-0.0389738560530068,-0.279217102697488,MV-202,sine_steer_python-1
1518,2026年09月05日_22时52分41秒_第036次,2026-09-05T22:52:41,1.517,38.977208147923,0.0911063600846665,3.93583533393729,15.5558641239789,0.0280069580211301,16.6139853055368,0,-1.72784683438567,-0.0386879190929926,-0.276962983371883,MV-202,sine_steer_python-1
1519,2026年09月05日_22时52分41秒_第036次,2026-09-05T22:52:41,1.518,38.976902873174,0.0912181744472027,3.94476575015569,15.566689679142,0.0281835169286015,16.6248098634037,0,-1.71505331238731,-0.038395937132529,-0.274668473221325,MV-202,sine_steer_python-1
1520,2026年09月05日_22时52分41秒_第036次,2026-09-05T22:52:41,1.519,38.9765979001808,0.0913296666903455,3.95369690796439,15.5775151368475,0.0283608573169866,16.6356343164645,0,-1.70198896358939,-0.0380979612365963,-0.272334139306493,MV-202,sine_steer_python-1
1521,2026年09月05日_22时52分41秒_第036次,2026-09-05T22:52:41,1.52,38.9762932340053,0.0914406085728799,3.96262439843967,15.5883404970833,0.0285389810400659,16.6464586646341,0,-1.68865585100403,-0.0377940407385869,-0.269960440873851,MV-202,sine_steer_python-1
1522,2026年09月05日_22时52分41秒_第036次,2026-09-05T22:52:41,1.521,38.9759888790592,0.0915507821947099,3.97154413995898,15.5991657598402,0.028717889797319,16.6572829078318,0,-1.67505608008428,-0.0374842233023642,-0.267547732300504,MV-202,sine_steer_python-1
1523,2026年09月05日_22时52分41秒_第036次,2026-09-05T22:52:41,1.522,38.9756855692418,0.0916603312776875,3.98119633686623,15.6099909251106,0.0288975852233583,16.6681070459793,0,-1.66119179839163,-0.0371685553243645,-0.265096280383577,MV-202,sine_steer_python-1
1524,2026年09月05日_22时52分41秒_第036次,2026-09-05T22:52:41,1.523,38.9753820540541,0.0917726748316094,3.98980838898313,15.6208159927586,0.0290780986995801,16.6789310785305,0,-1.64706519525686,-0.0368470823170627,-0.262606280859486,MV-202,sine_steer_python-1
1525,2026年09月05日_22时52分41秒_第036次,2026-09-05T22:52:41,1.524,38.9750787822664,0.0918857301394931,3.99872819711098,15.6316409631671,0.0292593825493706,16.6897550063125,0,-1.63267850143437,-0.0365198492520989,-0.260077873223774,MV-202,sine_steer_python-1
1526,2026年09月05日_22时52分41秒_第036次,2026-09-05T22:52:41,1.525,38.974775763066,0.0919991722757826,4.00755136575582,15.6424658360026,0.0294414644769155,16.7005788286935,0,-1.61803398874989,-0.0361869008731424,-0.257511154272716,MV-202,sine_steer_python-1
1527,2026年09月05日_22时52分41秒_第036次,2026-09-05T22:52:41,1.526,38.9744729819096,0.0921129272569108,4.01637859015046,15.6532906113603,0.0296243376897118,16.7114025457625,0,-1.60313396974175,-0.0358482819838771,-0.254906190594787,MV-202,sine_steer_python-1
1528,2026年09月05日_22时52分41秒_第036次,2026-09-05T22:52:41,1.527,38.9741704543132,0.0922267428769129,4.02521147129714,15.6641152891818,0.0298080057805887,16.7222261573835,0,-1.58798079729567,-0.0355040377152834,-0.252263030189282,MV-202,sine_steer_python-1
1529,2026年09月05日_22时52分41秒_第036次,2026-09-05T22:52:41,1.528,38.9738681839968,0.0923403745966966,4.03404560153872,15.6749398694418,0.0299924705276155,16.7330496634607,0,-1.57257686427323,-0.0351542903208245,-0.249584956478638,MV-202,sine_steer_python-1
1530,2026年09月05日_22时52分41秒_第036次,2026-09-05T22:52:41,1.529,38.9735661760179,0.0924535967424568,4.04288079308919,15.6857643521152,0.0301777336610049,16.7438730639007,0,-1.55692460313404,-0.0347991522139591,-0.246874803917797,MV-202,sine_steer_python-1
1531,2026年09月05日_22时52分41秒_第036次,2026-09-05T22:52:41,1.53,38.973264434694,0.0925661863806848,4.05171270761437,15.6965887371765,0.0303637969973267,16.75469635861,0,-1.54102648555158,-0.0344387712204897,-0.244136875328301,MV-202,sine_steer_python-1
1532,2026年09月05日_22时52分41秒_第036次,2026-09-05T22:52:41,1.531,38.9729629636928,0.0926779308201302,4.06053732609756,15.7074130246037,0.0305506622009397,16.7655195475008,0,-1.5248850220229,-0.0340731829938021,-0.241370690070655,MV-202,sine_steer_python-1
1533,2026年09月05日_22时52分41秒_第036次,2026-09-05T22:52:41,1.532,38.9726624925485,0.0927889788295888,4.070088831221,15.7182372143763,0.0307383308726017,16.7763426304886,0,-1.50850276147221,-0.0337023947112853,-0.238574530465093,MV-202,sine_steer_python-1
1534,2026年09月05日_22时52分41秒_第036次,2026-09-05T22:52:41,1.533,38.9723617740628,0.092902726746538,4.07861020751544,15.729061306328,0.0309268340419493,16.7871656069915,0,-1.49188229084837,-0.0333264129228219,-0.235746622038017,MV-202,sine_steer_python-1
1535,2026年09月05日_22时52分41秒_第036次,2026-09-05T22:52:41,1.534,38.9720612559962,0.0930171064538965,4.08743661839185,15.739885300856,0.0311161245244387,16.7979884778784,0,-1.47502623471635,-0.032945246041188,-0.232885239320893,MV-202,sine_steer_python-1
1536,2026年09月05日_22时52分41秒_第036次,2026-09-05T22:52:41,1.535,38.9717609466217,0.0931318014426846,4.0961678079379,15.7507091975999,0.031306229724735,16.8088112424906,0,-1.45793725484282,-0.0325589062400705,-0.229988786469347,MV-202,sine_steer_python-1
1537,2026年09月05日_22时52分41秒_第036次,2026-09-05T22:52:41,1.536,38.9714608305871,0.093246740626485,4.1049034483547,15.7615329966464,0.0314971429075315,16.8196339009206,0,-1.44061804977581,-0.0321674108015474,-0.227055854578768,MV-202,sine_steer_python-1
1538,2026年09月05日_22时52分41秒_第036次,2026-09-05T22:52:41,1.537,38.9711609226529,0.0933616769768946,4.11364518071675,15.7723566979229,0.0316888676169491,16.8304564530286,0,-1.42307135441857,-0.0317707829594522,-0.224085257682201,MV-202,sine_steer_python-1
1539,2026年09月05日_22时52分41秒_第036次,2026-09-05T22:52:41,1.538,38.970861225768,0.0934763708262295,4.12238866599858,15.7831803013911,0.0318814056014411,16.8412788987162,0,-1.4052999395977,-0.0313690523143376,-0.221076050634204,MV-202,sine_steer_python-1
1540,2026年09月05日_22时52分41秒_第036次,2026-09-05T22:52:41,1.539,38.9705617442339,0.0935906011271494,4.13113374021693,15.7940038070125,0.0320747585622318,16.8521012378885,0,-1.38730661162561,-0.0309622549078988,-0.218027532596251,MV-202,sine_steer_python-1
1541,2026年09月05日_22时52分41秒_第036次,2026-09-05T22:52:41,1.54,38.9702624816256,0.0937041494635237,4.13987612536887,15.8048272147485,0.0322689282865214,16.8629234704511,0,-1.36909421185738,-0.030550433047969,-0.21493923997735,MV-202,sine_steer_python-1
1542,2026年09月05日_22时52分41秒_第036次,2026-09-05T22:52:41,1.541,38.969963440882,0.0938168074670265,4.1486118548736,15.8156505245638,0.0324639164112889,16.8737455963154,0,-1.35066561624205,-0.0301336349704404,-0.211810932482655,MV-202,sine_steer_python-1
1543,2026年09月05日_22时52分41秒_第036次,2026-09-05T22:52:41,1.542,38.9696653471773,0.0939287279093781,4.15806881436172,15.8264737364244,0.0326597245110379,16.8845676153969,0,-1.33202373486851,-0.0297119144128194,-0.208642575430585,MV-202,sine_steer_python-1
1544,2026年09月05日_22时52分41秒_第036次,2026-09-05T22:52:41,1.543,38.9693669567539,0.0940432839349762,4.16650608599971,15.837296850133,0.0328563832717986,16.8953895270841,0,-1.31317151150592,-0.0292853301572699,-0.205434320785841,MV-202,sine_steer_python-1
1545,2026年09月05日_22时52分41秒_第036次,2026-09-05T22:52:41,1.544,38.9690687163701,0.0941584203791183,4.17524579198734,15.8481198661007,0.0330538460096329,16.9062113322928,0,-1.29411192313889,-0.0288539455812311,-0.20218648851925,MV-202,sine_steer_python-1
1546,2026年09月05日_22时52分41秒_第036次,2026-09-05T22:52:41,1.545,38.9687706334256,0.0942738280896659,4.18389185871562,15.8589427839393,0.0332521398342288,16.9170330303423,0,-1.27484797949738,-0.028417828233795,-0.198899549063443,MV-202,sine_steer_python-1
1547,2026年09月05日_22时52分41秒_第036次,2026-09-05T22:52:41,1.546,38.9684726918502,0.0943894375698243,4.19254290940703,15.8697656037262,0.0334512580751451,16.9278546213334,0,-1.2553827225814,-0.0279770494388378,-0.19557410690579,MV-202,sine_steer_python-1
1548,2026年09月05日_22时52分41秒_第036次,2026-09-05T22:52:41,1.547,38.9681749057322,0.0945050056147391,4.20120060858957,15.880588325374,0.0336512042338982,16.9386761051259,0,-1.23571922618067,-0.0275316839137557,-0.192210884846322,MV-202,sine_steer_python-1
1549,2026年09月05日_22时52分41秒_第036次,2026-09-05T22:52:41,1.548,38.9678772773482,0.094620296017303,4.20986067170776,15.8914109488303,0.0338519800355171,16.9494974816229,0,-1.21586059538921,-0.0270818093869535,-0.188810708207202,MV-202,sine_steer_python-1
1550,2026年09月05日_22时52分41秒_第036次,2026-09-05T22:52:41,1.549,38.9675798103531,0.0947350908865863,4.21852294425131,15.9022334740423,0.0340535871581776,16.9603187507307,0,-1.19580996611504,-0.0266275061981176,-0.185374488317996,MV-202,sine_steer_python-1
1551,2026年09月05日_22时52分41秒_第036次,2026-09-05T22:52:41,1.55,38.9672825076979,0.0948491748029607,4.22718319502472,15.9130559009571,0.0342560273653738,16.9711399123564,0,-1.17557050458495,-0.026168856871664,-0.181903204870198,MV-202,sine_steer_python-1
1552,2026年09月05日_22时52分41秒_第036次,2026-09-05T22:52:41,1.551,38.9669853717206,0.0949623421540153,4.23583749660958,15.9238782295249,0.0344593022720993,16.9819609664129,0,-1.15514540684454,-0.0257059456634812,-0.178397887146564,MV-202,sine_steer_python-1
1553,2026年09月05日_22时52分41秒_第036次,2026-09-05T22:52:41,1.552,38.966689123339,0.0950747480178315,4.24520721734062,15.9347004596973,0.0346634134316981,16.9927819128173,0,-1.13453789825352,-0.025238858091607,-0.174859594576021,MV-202,sine_steer_python-1
1554,2026年09月05日_22时52分41秒_第036次,2026-09-05T22:52:41,1.553,38.9663925224817,0.0951897407784783,4.25356794993873,15.9455225912442,0.0348683911899596,17.0036027509291,0,-1.11375123297638,-0.0247676804702695,-0.171289397436974,MV-202,sine_steer_python-1
1555,2026年09月05日_22时52分41秒_第036次,2026-09-05T22:52:41,1.554,38.966096015011,0.0953052764227764,4.2622285033488,15.9563446245897,0.0350741893718111,17.0144234817115,0,-1.09278869346854,-0.0242924994718918,-0.167688358750348,MV-202,sine_steer_python-1
1556,2026年09月05日_22时52分41秒_第036次,2026-09-05T22:52:41,1.555,38.9657996075921,0.0954210515542464,4.27079702918276,15.9671665593161,0.0352808347929639,17.0252441044622,0,-1.071653589958,-0.0238134017422464,-0.164057518428368,MV-202,sine_steer_python-1
1557,2026年09月05日_22时52分41秒_第036次,2026-09-05T22:52:41,1.556,38.9655032836173,0.0955369965507274,4.27937107399837,15.9779883954902,0.0354883208526437,17.0360646192892,0,-1.05034925992259,-0.0233304735900699,-0.160397880580457,MV-202,sine_steer_python-1
1558,2026年09月05日_22时52分41秒_第036次,2026-09-05T22:52:41,1.557,38.965207056669,0.0956528703269424,4.28795230948185,15.9888101330082,0.035696651012781,17.0468850260514,0,-1.02887906756301,-0.0228438007650941,-0.156710404566318,MV-202,sine_steer_python-1
1559,2026年09月05日_22时52分41秒_第036次,2026-09-05T22:52:41,1.558,38.9649109285287,0.0957684384339539,4.29653649157541,15.9996317718018,0.0359058269779662,17.0577053246515,0,-1.00724640327152,-0.0223534683292417,-0.152995999996031,MV-202,sine_steer_python-1
1560,2026年09月05日_22时52分41秒_第036次,2026-09-05T22:52:41,1.559,38.9646149023847,0.0958834844362877,4.30512346119501,16.0104533118025,0.0361158504059764,17.0685255149954,0,-0.985454683096584,-0.0218595606169923,-0.149255525507302,MV-202,sine_steer_python-1
1561,2026年09月05日_22时52分41秒_第036次,2026-09-05T22:52:41,1.56,38.9643189807476,0.0959977942203955,4.3137090209786,16.0212747529412,0.0363267230388954,17.0793455969889,0,-0.963507348203433,-0.0213621612741064,-0.145489790861191,MV-202,sine_steer_python-1
1562,2026年09月05日_22时52分41秒_第036次,2026-09-05T22:52:41,1.561,38.9640231655411,0.096111163255008,4.3222892701681,16.0320960951519,0.0365384464716994,17.0901655705434,0,-0.941407864330663,-0.0208613533557262,-0.141699561552418,MV-202,sine_steer_python-1
1563,2026年09月05日_22时52分41秒_第036次,2026-09-05T22:52:41,1.562,38.9637281735493,0.096223747160584,4.33157887601599,16.0429173383698,0.0367510222381997,17.1009854355742,0,-0.919159721242975,-0.0203572194601401,-0.137885564930302,MV-202,sine_steer_python-1
1564,2026年09月05日_22时52分41秒_第036次,2026-09-05T22:52:41,1.563,38.9634327687311,0.0963388676847271,4.33987029543141,16.0537384823307,0.0369644803425585,17.1118051914084,0,-0.896766432180065,-0.0198498418768006,-0.134048496924218,MV-202,sine_steer_python-1
1565,2026年09月05日_22时52分41秒_第036次,2026-09-05T22:52:41,1.564,38.9631373961711,0.0964544904890273,4.3484587757721,16.0645595274691,0.0371787751247412,17.1226248390519,0,-0.874231533301868,-0.0193393027304756,-0.130189028606924,MV-202,sine_steer_python-1
1566,2026年09月05日_22时52分41秒_第036次,2026-09-05T22:52:41,1.565,38.9628420619794,0.0965703164089411,4.35695673955628,16.0753804733364,0.0373939331036287,17.1334443777761,0,-0.851558583130149,-0.0188256841074993,-0.126307812002289,MV-202,sine_steer_python-1
1567,2026年09月05日_22时52分41秒_第036次,2026-09-05T22:52:41,1.566,38.962546749216,0.096686274176231,4.36546063132168,16.0862013199865,0.0376099477494792,17.1442638076912,0,-0.828751161986567,-0.0183090681550717,-0.122405484754733,MV-202,sine_steer_python-1
1568,2026年09月05日_22时52分41秒_第036次,2026-09-05T22:52:41,1.567,38.9622514711426,0.0968021233721595,4.37397211720073,16.0970220672972,0.0378268224841938,17.1550831286496,0,-0.805812871427325,-0.0177895918449852,-0.11848498899706,MV-202,sine_steer_python-1
1569,2026年09月05日_22时52分41秒_第036次,2026-09-05T22:52:41,1.568,38.9619562292349,0.0969176299122334,4.38248698326934,16.1078427151824,0.0380445589914601,17.1659023405477,0,-0.782747333674406,-0.0172674751222569,-0.114552763180048,MV-202,sine_steer_python-1
1570,2026年09月05日_22时52分41秒_第036次,2026-09-05T22:52:41,1.569,38.9616610263999,0.0970325774809507,4.39100505559061,16.1186632635558,0.0382631589078973,17.1767214432847,0,-0.759558191043605,-0.0167427915292421,-0.110609032264734,MV-202,sine_steer_python-1
1571,2026年09月05日_22时52分41秒_第036次,2026-09-05T22:52:41,1.57,38.9613658648902,0.0971467520011779,4.39952216167034,16.12948371233,0.0384826239531171,17.1875404367587,0,-0.736249105369353,-0.0162155898938494,-0.106652960013088,MV-202,sine_steer_python-1
1572,2026年09月05日_22时52分41秒_第036次,2026-09-05T22:52:41,1.571,38.9610707463923,0.0972599488223377,4.40803441912551,16.1403040614207,0.0387029557007557,17.1983593208729,0,-0.7128237574265,-0.0156859170590324,-0.102683611729709,MV-202,sine_steer_python-1
1573,2026年09月05日_22时52分41秒_第036次,2026-09-05T22:52:41,1.572,38.9607763836253,0.0973723228560174,4.41724964487847,16.1511243107446,0.0389241556635051,17.2091780955334,0,-0.689285846349034,-0.0151538197748727,-0.098700034830998,MV-202,sine_steer_python-1
1574,2026年09月05日_22时52分41秒_第036次,2026-09-05T22:52:41,1.573,38.9604814704931,0.0974871681632158,4.42547733051718,16.1619444599914,0.0391462534981696,17.2199967599793,0,-0.665639089045975,-0.0146193462344903,-0.0947013243001202,MV-202,sine_steer_python-1
1575,2026年09月05日_22时52分41秒_第036次,2026-09-05T22:52:41,1.574,38.9601865097098,0.0976024592745915,4.43399905170311,16.1727645095804,0.0393692040683078,17.2308153152585,0,-0.641887219614422,-0.0140825472639044,-0.0906866734972545,MV-202,sine_steer_python-1
1576,2026年09月05日_22时52分41秒_第036次,2026-09-05T22:52:41,1.575,38.959891500234,0.0977179003986189,4.44243157113224,16.1835844590322,0.0395930335863267,17.2416337606048,0,-0.6180339887499,-0.0135434771780431,-0.086655410848499,MV-202,sine_steer_python-1
1577,2026年09月05日_22时52分41秒_第036次,2026-09-05T22:52:41,1.576,38.9595964281348,0.0978334178223247,4.45087020307902,16.194404308379,0.0398177355931965,17.252452096117,0,-0.594083163154069,-0.0130021943402019,-0.0826070239914827,MV-202,sine_steer_python-1
1578,2026年09月05日_22时52分41秒_第036次,2026-09-05T22:52:41,1.577,38.9593013093358,0.0979487711205723,4.45931660762103,16.2052240574727,0.0400433134673938,17.2632703216282,0,-0.570038524939953,-0.0124587614717932,-0.0785411733588444,MV-202,sine_steer_python-1
1579,2026年09月05日_22时52分41秒_第036次,2026-09-05T22:52:41,1.578,38.9590061480181,0.0980637259861762,4.46776659600591,16.2160437062036,0.0402697688687793,17.2740884370172,0,-0.545903871034646,-0.0119132457618394,-0.0744576972916921,MV-202,sine_steer_python-1
1580,2026年09月05日_22时52分41秒_第036次,2026-09-05T22:52:41,1.579,38.9587109498667,0.098178065729389,4.47621997424013,16.2268632544618,0.0404971034098277,17.2849064421654,0,-0.521683012579791,-0.0113657188234863,-0.0703566106827351,MV-202,sine_steer_python-1
1581,2026年09月05日_22时52分41秒_第036次,2026-09-05T22:52:41,1.58,38.9584157200326,0.0982915759090633,4.48467259063637,16.2376827021374,0.0407253187846508,17.2957243369533,0,-0.497379774329708,-0.0108162565393964,-0.0662380989202169,MV-202,sine_steer_python-1
1582,2026年09月05日_22时52分41秒_第036次,2026-09-05T22:52:41,1.581,38.9581204632627,0.0984040514472833,4.493120577827,16.2485020491239,0.0409544165425291,17.3065421212667,0,-0.47299799404745,-0.0102649785693637,-0.0621041902530624,MV-202,sine_steer_python-1
1583,2026年09月05日_22时52分41秒_第036次,2026-09-05T22:52:41,1.582,38.9578258915401,0.0985156461894796,4.50226466436445,16.259321295317,0.0411843981720182,17.3173597949946,0,-0.448541521898764,-0.00971218662740592,-0.0579646079403005,MV-202,sine_steer_python-1
1584,2026年09月05日_22时52分41秒_第036次,2026-09-05T22:52:41,1.583,38.9575307816778,0.0986296254565992,4.51043211347618,16.2701404403784,0.0414152929799252,17.3281773573779,0,-0.424014219844113,-0.00915800982713768,-0.0538217626323548,MV-202,sine_steer_python-1
1585,2026年09月05日_22时52分41秒_第036次,2026-09-05T22:52:41,1.584,38.9572355810401,0.09874397273949,4.51889033436015,16.2809594847584,0.0416470563437509,17.3389948094867,0,-0.399419961028819,-0.00860254416569092,-0.0496766552206808,MV-202,sine_steer_python-1
1586,2026年09月05日_22时52分41秒_第036次,2026-09-05T22:52:41,1.585,38.9569402990939,0.0988583956273187,4.52726044601905,16.2917784279427,0.0418797141711657,17.3498121505199,0,-0.374762629171449,-0.00804588186829817,-0.0455301191877747,MV-202,sine_steer_python-1
1587,2026年09月05日_22时52分41秒_第036次,2026-09-05T22:52:41,1.586,38.9566449229995,0.0989728180459202,4.53563663757871,16.3025972699575,0.0421132600695515,17.3606293805736,0,-0.350046117950553,-0.00748811141067686,-0.0413828220918959,MV-202,sine_steer_python-1
1588,2026年09月05日_22时52分41秒_第036次,2026-09-05T22:52:41,1.587,38.9563494703509,0.099086999701452,4.54402055036682,16.3134160106424,0.0423476973711766,17.3714464994694,0,-0.32527433038977,-0.00692931833436835,-0.0372353005740186,MV-202,sine_steer_python-1
1589,2026年09月05日_22时52分41秒_第036次,2026-09-05T22:52:41,1.588,38.9560539472806,0.0992007063133051,4.55240802507729,16.3242346498763,0.0425830277088804,17.3822635070754,0,-0.300451178241511,-0.00636958591902415,-0.033087989308241,MV-202,sine_steer_python-1
1590,2026年09月05日_22时52分41秒_第036次,2026-09-05T22:52:41,1.589,38.9557583616786,0.0993137211437862,4.56079885350143,16.3350531875388,0.0428192526676891,17.3930804032626,0,-0.275580581369275,-0.00580899569591995,-0.0289412432311489,MV-202,sine_steer_python-1
1591,2026年09月05日_22时52分41秒_第036次,2026-09-05T22:52:41,1.59,38.9554627211105,0.0994258297980582,4.56918891282015,16.3458716235097,0.0430563739127443,17.4038971879015,0,-0.250666467128609,-0.00524762783428612,-0.024795354388229,MV-202,sine_steer_python-1
1592,2026年09月05日_22时52分41秒_第036次,2026-09-05T22:52:41,1.591,38.9551670329078,0.0995368272642263,4.57757435982167,16.3566899576734,0.0432943929653695,17.4147138608676,0,-0.225712769746965,-0.00468556143013956,-0.0206505646547679,MV-202,sine_steer_python-1
1593,2026年09月05日_22时52分41秒_第036次,2026-09-05T22:52:41,1.592,38.9548720076217,0.0996468668126156,4.58664864311981,16.3675081899166,0.0435333112862861,17.4255304220404,0,-0.200723429702433,-0.00412287473673611,-0.0165070759861081,MV-202,sine_steer_python-1
1594,2026年09月05日_22时52分41秒_第036次,2026-09-05T22:52:41,1.593,38.9545764302053,0.0997591860157448,4.5947570772065,16.3783263198754,0.0437731578271014,17.436346870622,0,-0.175702393101491,-0.00355964537893357,-0.0123650599900548,MV-202,sine_steer_python-1
1595,2026年09月05日_22时52分41秒_第036次,2026-09-05T22:52:41,1.594,38.9542807500268,0.0998717779332085,4.6031527818819,16.3891443480197,0.0440138884830551,17.4471632077182,0,-0.150653611055865,-0.00299595059182585,-0.00822466852674365,MV-202,sine_steer_python-1
1596,2026年09月05日_22时52分41秒_第036次,2026-09-05T22:52:41,1.595,38.9539849792799,0.0999843544269772,4.61146130966076,16.3999622738148,0.0442555288468768,17.4579794324968,0,-0.125581039058627,-0.00243186751259634,-0.004086046560056,MV-202,sine_steer_python-1
1597,2026年09月05日_22时52分41秒_第036次,2026-09-05T22:52:41,1.596,38.953689108119,0.100096837961929,4.61977570881853,16.4107800972854,0.0444980725906233,17.468795545052,0,-0.100488636359541,-0.00186747352460414,5.0652783524837e-05,MV-202,sine_steer_python-1
1598,2026年09月05日_22时52分41秒_第036次,2026-09-05T22:52:41,1.597,38.9533931570898,0.100208989388167,4.62809761020287,16.4215978182645,0.0447415229960685,17.4796115451957,0,-0.0753803653398659,-0.00130284659797731,0.00418525331473558,MV-202,sine_steer_python-1
1599,2026年09月05日_22时52分41秒_第036次,2026-09-05T22:52:41,1.598,38.9530971352871,0.100320575539426,4.63642288705768,16.4324154366268,0.0449858816655509,17.4904274327878,0,-0.0502601908866733,-0.000738065459859409,0.0083175481140226,MV-202,sine_steer_python-1
1600,2026年09月05日_22时52分41秒_第036次,2026-09-05T22:52:41,1.599,38.9528010535517,0.100431380792321,4.64475131906517,16.4432329522479,0.0452311501534473,17.5012432076917,0,-0.0251320797667051,-0.000173208569820249,0.0124473424993686,MV-202,sine_steer_python-1
1601,2026年09月05日_22时52分41秒_第036次,2026-09-05T22:52:41,1.6,38.9525049223777,0.100541192030723,4.65307881464869,16.4540503650045,0.0454773300930437,17.5120588697703,0,-1.46957615897682e-15,0.000391647330113362,0.0165745150103987,MV-202,sine_steer_python-1
1602,2026年09月05日_22时52分41秒_第036次,2026-09-05T22:52:41,1.601,38.9522087519926,0.10064980560486,4.66140155715233,16.4648676747786,0.0457244229751794,17.5228744188924,0,0.0251320797667093,0.00095642477286852,0.0206989133076235,MV-202,sine_steer_python-1
1603,2026年09月05日_22时52分41秒_第036次,2026-09-05T22:52:41,1.602,38.9519132517964,0.100757256211129,4.67040731675024,16.4756848814553,0.0459724302305565,17.533689854931,0,0.0502601908866704,0.00152104383229795,0.0248202801001505,MV-202,sine_steer_python-1
1604,2026年09月05日_22时52分41秒_第036次,2026-09-05T22:52:41,1.603,38.9516172151378,0.100866772578761,4.67845920975648,16.4865019846541,0.0462213803861837,17.5445051770536,0,0.07538036533987,0.00208542209913763,0.0289382516740399,MV-202,sine_steer_python-1
1605,2026年09月05日_22时52分41秒_第036次,2026-09-05T22:52:41,1.604,38.9513210929186,0.100976369027478,4.68679543564905,16.4973189848719,0.0464712298440968,17.555320386405,0,0.100488636359538,0.00264947494661144,0.0330523687151348,MV-202,sine_steer_python-1
1606,2026年09月05日_22时52分41秒_第036次,2026-09-05T22:52:41,1.605,38.951024899796,0.101085762222213,4.695045966697,16.5081358815609,0.0467220038658222,17.5661354821261,0,0.125581039058625,0.00321311586106598,0.0371620898598394,MV-202,sine_steer_python-1
1607,2026年09月05日_22时52分41秒_第036次,2026-09-05T22:52:41,1.606,38.950728628557,0.101194874927207,4.70330260853404,16.5189526747517,0.0469736961738808,17.576950464313,0,0.150653611055862,0.00377625679126145,0.0412668060122526,MV-202,sine_steer_python-1
1608,2026年09月05日_22时52分41秒_第036次,2026-09-05T22:52:41,1.607,38.9504323022412,0.101303470935431,4.7115669218572,16.5297693642787,0.0472263099866888,17.5877653327718,0,0.175702393101488,0.00433880849282123,0.0453658544428551,MV-202,sine_steer_python-1
1609,2026年09月05日_22时52分41秒_第036次,2026-09-05T22:52:41,1.608,38.9501359323866,0.101411320094964,4.71983478082309,16.5405859500191,0.0474798468642079,17.5985800873587,0,0.20072342970243,0.00490068084999445,0.0494585319213014,MV-202,sine_steer_python-1
1610,2026年09月05日_22时52分41秒_第036次,2026-09-05T22:52:41,1.609,38.9498395324387,0.101518148154858,4.72810690615418,16.5514024318518,0.0477343083188963,17.6093947279334,0,0.225712769746962,0.0054617831567006,0.0535441061246619,MV-202,sine_steer_python-1
1611,2026年09月05日_22时52分41秒_第036次,2026-09-05T22:52:41,1.61,38.9495431153872,0.101623678841505,4.73638002250523,16.5622188096584,0.0479896959056466,17.6202092543561,0,0.250666467128613,0.00602202434050496,0.057621824631486,MV-202,sine_steer_python-1
1612,2026年09月05日_22时52分41秒_第036次,2026-09-05T22:52:41,1.611,38.9492466934693,0.101727739094508,4.74464950792375,16.5730350833265,0.048246011025544,17.6310236664937,0,0.275580581369272,0.00658131311812731,0.0616909210201825,MV-202,sine_steer_python-1
1613,2026年09月05日_22时52分41秒_第036次,2026-09-05T22:52:41,1.612,38.9489509735792,0.10183048444094,4.75359326960574,16.5838512527468,0.048503255061897,17.6418379642172,0,0.300451178241515,0.00713955807809055,0.0657506178857304,MV-202,sine_steer_python-1
1614,2026年09月05日_22时52分41秒_第036次,2026-09-05T22:52:41,1.613,38.9486547571586,0.101935085074953,4.76159463903413,16.5946673175259,0.0487614562314532,17.6526521466635,0,0.325274330389767,0.00769666769348763,0.0698001269002123,MV-202,sine_steer_python-1
1615,2026年09月05日_22时52分41秒_第036次,2026-09-05T22:52:41,1.614,38.9483584959326,0.102039570500622,4.76987690411547,16.6054832781942,0.0490205714227398,17.6634662150206,0,0.35004611795055,0.00825255027437652,0.0738386463175929,MV-202,sine_steer_python-1
1616,2026年09月05日_22时52分41秒_第036次,2026-09-05T22:52:41,1.615,38.9480622061523,0.102143663732238,4.77807466345032,16.6162991341973,0.0492806255727369,17.6742801684073,0,0.374762629171446,0.0088071138748831,0.0778653565578267,MV-202,sine_steer_python-1
1617,2026年09月05日_22时52分41秒_第036次,2026-09-05T22:52:41,1.616,38.9477658825587,0.102247289777651,4.78627862762508,16.6271148855775,0.0495416124567957,17.6850940069261,0,0.399419961028816,0.00936026617694663,0.0818794147927529,MV-202,sine_steer_python-1
1618,2026年09月05日_22时52分41秒_第036次,2026-09-05T22:52:41,1.617,38.947469549858,0.102350216961876,4.79449039659323,16.637930532176,0.0498035352296705,17.6959077303823,0,0.42401421984411,0.00991191438691983,0.0858799500576343,MV-202,sine_steer_python-1
1619,2026年09月05日_22时52分41秒_第036次,2026-09-05T22:52:41,1.618,38.947173221246,0.102452219668517,4.80270592111522,16.6487460738783,0.0500663954079887,17.7067213386325,0,0.448541521898761,0.010461965214395,0.0898660618144099,MV-202,sine_steer_python-1
1620,2026年09月05日_22时52分41秒_第036次,2026-09-05T22:52:41,1.619,38.9468769115094,0.102553089811549,4.81092497815065,16.6595615105723,0.0503301944608573,17.717534831538,0,0.472997994047454,0.0110103250640988,0.0938368275051574,MV-202,sine_steer_python-1
1621,2026年09月05日_22时52分41秒_第036次,2026-09-05T22:52:41,1.62,38.9465806349449,0.102652622116077,4.81914356786201,16.670376842148,0.0505949339345038,17.7283482089602,0,0.497379774329705,0.0115569006245865,0.0977913269152061,MV-202,sine_steer_python-1
1622,2026年09月05日_22时52分41秒_第036次,2026-09-05T22:52:41,1.621,38.9462844054417,0.102750620904991,4.8273579595015,16.6811920685014,0.0508606152360842,17.739161470768,0,0.521683012579795,0.0121015999056104,0.101728685658321,MV-202,sine_steer_python-1
1623,2026年09月05日_22时52分41秒_第036次,2026-09-05T22:52:41,1.622,38.9459889270896,0.102847245457039,4.83623779183758,16.6920071895334,0.0511272397141692,17.7499746168353,0,0.545903871034643,0.0126443332836804,0.10564811924067,MV-202,sine_steer_python-1
1624,2026年09月05日_22时52分41秒_第036次,2026-09-05T22:52:41,1.623,38.9456930084706,0.102945646830565,4.8441866663303,16.7028222048432,0.0513948352517549,17.7607876462734,0,0.57003852493995,0.0131850137870512,0.109548945022517,MV-202,sine_steer_python-1
1625,2026年09月05日_22时52分41秒_第036次,2026-09-05T22:52:41,1.624,38.9453971017064,0.103043864975377,4.85241264900356,16.7136371149984,0.0516633592427264,17.7716005603177,0,0.594083163154073,0.0137235564804624,0.113430555864309,MV-202,sine_steer_python-1
1626,2026年09月05日_22时52分41秒_第036次,2026-09-05T22:52:41,1.625,38.945101223291,0.103141632340485,4.86055497808648,16.7244519194426,0.0519328363093014,17.7824133580701,0,0.618033988749897,0.014259877607243,0.117292383239331,MV-202,sine_steer_python-1
1627,2026年09月05日_22时52分41秒_第036次,2026-09-05T22:52:41,1.626,38.9448053695303,0.103238876672518,4.86870322066906,16.7352666182332,0.0522032602956424,17.7932260396436,0,0.641887219614419,0.0147938940182607,0.121133872414282,MV-202,sine_steer_python-1
1628,2026年09月05日_22时52分41秒_第036次,2026-09-05T22:52:41,1.627,38.944509566002,0.103335371642436,4.87685897313892,16.7460812112223,0.0524746343083825,17.8040386048474,0,0.665639089045972,0.0153255229239907,0.124954471367852,MV-202,sine_steer_python-1
1629,2026年09月05日_22时52分41秒_第036次,2026-09-05T22:52:41,1.628,38.9442138268977,0.103430896905704,4.88501822148011,16.7568956983073,0.0527469598383724,17.8148510535434,0,0.689285846349038,0.0158546818215807,0.128753627191681,MV-202,sine_steer_python-1
1630,2026年09月05日_22时52分41秒_第036次,2026-09-05T22:52:41,1.629,38.9439181679176,0.103525249567745,4.89318072935124,16.7677100793882,0.0530202383301488,17.8256633855989,0,0.712823757426498,0.016381288481944,0.132530785079402,MV-202,sine_steer_python-1
1631,2026年09月05日_22时52分41秒_第036次,2026-09-05T22:52:41,1.63,38.9436226042201,0.103618229620577,4.90134252639705,16.7785243543673,0.0532944713055882,17.8364756008814,0,0.736249105369357,0.0169052970950315,0.136286917965112,MV-202,sine_steer_python-1
1632,2026年09月05日_22时52分41秒_第036次,2026-09-05T22:52:41,1.631,38.9433271505087,0.103709646630742,4.90949990711343,16.7893385231536,0.0535696601502478,17.8472876992668,0,0.759558191043595,0.0174267800497593,0.140027988080159,MV-202,sine_steer_python-1
1633,2026年09月05日_22时52分41秒_第036次,2026-09-05T22:52:41,1.632,38.9430325073329,0.103799664439231,4.91831379676666,16.8001525856607,0.0538458061928297,17.8580996806362,0,0.782747333674403,0.0179456487754011,0.14375312940444,MV-202,sine_steer_python-1
1634,2026年09月05日_22时52分41秒_第036次,2026-09-05T22:52:41,1.633,38.9427374900993,0.103891416028228,4.92620852095632,16.8109665414838,0.0541229369904811,17.8689115440808,0,0.805812871427329,0.0184617869882677,0.147460287629483,MV-202,sine_steer_python-1
1635,2026年09月05日_22时52分41秒_第036次,2026-09-05T22:52:41,1.634,38.9424425505033,0.103982951602124,4.93437653878722,16.8217803912307,0.0544010104494182,17.8797232908872,0,0.828751161986564,0.0189750765263392,0.151147313331265,MV-202,sine_steer_python-1
1636,2026年09月05日_22时52分41秒_第036次,2026-09-05T22:52:41,1.635,38.9421477047874,0.10407401362194,4.94246171501844,16.8325941343454,0.0546800508854608,17.8905349201448,0,0.851558583130146,0.0194853992752207,0.154812043037626,MV-202,sine_steer_python-1
1637,2026年09月05日_22时52分41秒_第036次,2026-09-05T22:52:41,1.636,38.9418529502735,0.104164532905773,4.95055242931379,16.8434077709032,0.0549600522223779,17.9013464319822,0,0.874231533301865,0.0199926387833253,0.158452367146224,MV-202,sine_steer_python-1
1638,2026年09月05日_22时52分41秒_第036次,2026-09-05T22:52:41,1.637,38.9415583129,0.104254288728678,4.95865025485229,16.8542213007696,0.0552410175286711,17.9121578262166,0,0.896766432180062,0.0204966815527779,0.16206628412805,MV-202,sine_steer_python-1
1639,2026年09月05日_22时52分41秒_第036次,2026-09-05T22:52:41,1.638,38.941263807361,0.104343066183861,4.96675120940662,16.865034723856,0.0555229482795621,17.9229691027196,0,0.919159721242972,0.0209974179959055,0.165651940587304,MV-202,sine_steer_python-1
1640,2026年09月05日_22时52分41秒_第036次,2026-09-05T22:52:41,1.639,38.9409694497958,0.104430667622462,4.97485504898047,16.8758480400768,0.0558058459048619,17.9337802613686,0,0.941407864330666,0.0214947430786329,0.169207658076543,MV-202,sine_steer_python-1
1641,2026年09月05日_22时52分41秒_第036次,2026-09-05T22:52:41,1.64,38.9406752557698,0.104516898244083,4.98295784464507,16.8866612493487,0.0560897119115216,17.9445913020417,0,0.963507348203424,0.0219885566861714,0.172731948171759,MV-202,sine_steer_python-1
1642,2026年09月05日_22时52分41秒_第036次,2026-09-05T22:52:41,1.641,38.9403812403646,0.104601572684088,4.99105593133957,16.8974743515955,0.0563745476724622,17.9554022246257,0,0.985454683096582,0.0224787637542193,0.176223517622492,MV-202,sine_steer_python-1
1643,2026年09月05日_22时52分41秒_第036次,2026-09-05T22:52:41,1.642,38.9400881000089,0.104684858986823,4.99980135050279,16.9082873467457,0.0566603545049858,17.966213029013,0,1.00724640327152,0.0229652742182953,0.179681265805924,MV-202,sine_steer_python-1
1644,2026年09月05日_22时52分41秒_第036次,2026-09-05T22:52:41,1.643,38.9397946569399,0.104769871406757,5.00763954233977,16.9191002343922,0.0569471596471407,17.9770237142791,0,1.02887906756301,0.0234480028307651,0.183104276585248,MV-202,sine_steer_python-1
1645,2026年09月05日_22时52分41秒_第036次,2026-09-05T22:52:41,1.644,38.939501361775,0.104854670016728,5.01574715237684,16.9299130151844,0.0572349215280907,17.9878342817647,0,1.05034925992259,0.023926868887953,0.186491806362505,MV-202,sine_steer_python-1
1646,2026年09月05日_22时52分41秒_第036次,2026-09-05T22:52:41,1.645,38.9392082302225,0.104939006717669,5.02377273122736,16.9407256885683,0.057523664161754,17.9986447305513,0,1.07165358995799,0.0244017959017429,0.189843269781433,MV-202,sine_steer_python-1
1647,2026年09月05日_22时52分41秒_第036次,2026-09-05T22:52:41,1.646,38.9389152602547,0.105022814701602,5.03180347033887,16.9515382546389,0.0578133815589756,18.0094550607857,0,1.09278869346854,0.0248727112409051,0.193158224148223,MV-202,sine_steer_python-1
1648,2026年09月05日_22时52分41秒_第036次,2026-09-05T22:52:41,1.647,38.9386224778491,0.105105878069195,5.03984092564915,16.9623507132759,0.0581040767560724,18.0202652722971,0,1.11375123297637,0.0253395457582094,0.196436353250332,MV-202,sine_steer_python-1
1649,2026年09月05日_22时52分41秒_第036次,2026-09-05T22:52:41,1.648,38.9383298978945,0.10518798649316,5.04788115274651,16.9731630644064,0.0583957512184905,18.0310753649701,0,1.13453789825351,0.0258022334115215,0.199677450921071,MV-202,sine_steer_python-1
1650,2026年09月05日_22时52分41秒_第036次,2026-09-05T22:52:41,1.649,38.9380375366785,0.10526894663027,5.05592390392076,16.9839753079604,0.0586884063668747,18.0418853386953,0,1.15514540684454,0.026260710881506,0.202881404462093,MV-202,sine_steer_python-1
1651,2026年09月05日_22时52分41秒_第036次,2026-09-05T22:52:41,1.65,38.9377454099005,0.105348567873464,5.06396529466287,16.9947874438701,0.0589820436985161,18.0526951933645,0,1.17557050458494,0.0267149171857859,0.206048177918587,MV-202,sine_steer_python-1
1652,2026年09月05日_22时52分41秒_第036次,2026-09-05T22:52:41,1.651,38.9374535327639,0.10542666884281,5.07200170208767,17.005599472075,0.0592766645787083,18.0635049288781,0,1.19580996611504,0.0271647932893756,0.209177795200737,MV-202,sine_steer_python-1
1653,2026年09月05日_22时52分41秒_第036次,2026-09-05T22:52:41,1.652,38.9371625971156,0.105503420536884,5.08067616386536,17.0164113925194,0.0595722703181037,18.074314545143,0,1.21586059538921,0.0276102817133573,0.21227032313572,MV-202,sine_steer_python-1
1654,2026年09月05日_22时52分41秒_第036次,2026-09-05T22:52:41,1.653,38.9368714322714,0.105581916501053,5.08845549662695,17.027223204795,0.0598688878365411,18.0851240412215,0,1.23571922618067,0.0280513261471646,0.21532585467796,MV-202,sine_steer_python-1
1655,2026年09月05日_22时52分41秒_第036次,2026-09-05T22:52:41,1.654,38.9365804872815,0.105660225958292,5.09650035032029,17.0380349095932,0.060166476096246,18.0959334185103,0,1.2553827225814,0.0284878710733824,0.218344492655083,MV-202,sine_steer_python-1
1656,2026年09月05日_22时52分41秒_第036次,2026-09-05T22:52:41,1.655,38.9362897772099,0.105738108893906,5.10446400709834,17.0488465063632,0.060465058809978,18.1067426760856,0,1.27484797949738,0.0289198614166941,0.2213263345415,MV-202,sine_steer_python-1
1657,2026年09月05日_22时52分41秒_第036次,2026-09-05T22:52:41,1.656,38.9359993004728,0.105815499529468,5.1124324559308,17.0596579952197,0.0607646300803475,18.1175518141148,0,1.29411192313889,0.0293472422297481,0.224271458799803,MV-202,sine_steer_python-1
1658,2026年09月05日_22时52分41秒_第036次,2026-09-05T22:52:41,1.657,38.9357090829243,0.10589218541489,5.12040723112847,17.070469376058,0.0610651929146572,18.1283608324409,0,1.31317151150591,0.0297699584280013,0.227179913299272,MV-202,sine_steer_python-1
1659,2026年09月05日_22时52分41秒_第036次,2026-09-05T22:52:41,1.658,38.9354191394919,0.105967959394776,5.12838442295779,17.0812806488208,0.0613667487716891,18.1391697309631,0,1.3320237348685,0.0301879545830906,0.230051706214848,MV-202,sine_steer_python-1
1660,2026年09月05日_22时52分41秒_第036次,2026-09-05T22:52:41,1.659,38.9351294864683,0.106042630991971,5.13636377606783,17.0920918134543,0.0616692990657802,18.1499785095871,0,1.35066561624205,0.0306011747804512,0.232886799647471,MV-202,sine_steer_python-1
1661,2026年09月05日_22时52分41秒_第036次,2026-09-05T22:52:41,1.66,38.9348401395555,0.106116012328878,5.14434144687535,17.1029028699067,0.0619728452871331,18.1607871682197,0,1.36909421185738,0.0310095625423632,0.235685106015112,MV-202,sine_steer_python-1
1662,2026年09月05日_22时52分41秒_第036次,2026-09-05T22:52:41,1.661,38.9345511139573,0.106187924526467,5.15231385110628,17.1137138181334,0.0622773887957278,18.1715957067767,0,1.38730661162561,0.0314131256990006,0.238449232739558,MV-202,sine_steer_python-1
1663,2026年09月05日_22时52分41秒_第036次,2026-09-05T22:52:41,1.662,38.9342630965521,0.106258539909837,5.16091495235471,17.124524658095,0.0625829308976079,18.1824041251801,0,1.4052999395977,0.0318119345174221,0.241184403171984,MV-202,sine_steer_python-1
1664,2026年09月05日_22时52分41秒_第036次,2026-09-05T22:52:41,1.663,38.9339749241713,0.106330928589004,5.16863311070136,17.1353353893824,0.062889498190649,18.193212422481,0,1.42307135441857,0.0322060216797658,0.243894223565991,MV-202,sine_steer_python-1
1665,2026年09月05日_22时52分41秒_第036次,2026-09-05T22:52:41,1.664,38.9336870439256,0.106403168327139,5.17661282961082,17.1461460127286,0.0631970501796989,18.2040206001322,0,1.44061804977581,0.0325953308868248,0.246578507228015,MV-202,sine_steer_python-1
1666,2026年09月05日_22时52分41秒_第036次,2026-09-05T22:52:41,1.665,38.9333994702302,0.106475025568118,5.18451216787711,17.1569565275865,0.0635056102737966,18.2148286572055,0,1.45793725484282,0.0329797996475543,0.249236777587542,MV-202,sine_steer_python-1
1667,2026年09月05日_22时52分41秒_第036次,2026-09-05T22:52:41,1.666,38.9331122018447,0.106546434073187,5.19241589684634,17.1677669340908,0.0638151726693167,18.2256365938896,0,1.47502623471635,0.03335935945753,0.251868275538816,MV-202,sine_steer_python-1
1668,2026年09月05日_22时52分41秒_第036次,2026-09-05T22:52:41,1.667,38.9328252644341,0.106617183367696,5.2003255256357,17.1785772321521,0.0641257403449293,18.2364444100415,0,1.49188229084836,0.0337339370168062,0.254472010651986,MV-202,sine_steer_python-1
1669,2026年09月05日_22时52分41秒_第036次,2026-09-05T22:52:41,1.668,38.9325386729001,0.106687068012153,5.2082371768943,17.1893874217289,0.0644373147530214,18.2472521055756,0,1.50850276147221,0.0341034800888424,0.257047856297346,MV-202,sine_steer_python-1
1670,2026年09月05日_22时52分41秒_第036次,2026-09-05T22:52:41,1.669,38.9322524434818,0.106755898957709,5.21615058463791,17.2001975027836,0.0647498973016235,18.258059680413,0,1.5248850220229,0.0344680814498,0.259601800412135,MV-202,sine_steer_python-1
1671,2026年09月05日_22时52分41秒_第036次,2026-09-05T22:52:41,1.67,38.9319665918306,0.106823489644268,5.22406194384378,17.2110074752804,0.065063489473551,18.2688671344756,0,1.54102648555158,0.0348277160382929,0.262134810158602,MV-202,sine_steer_python-1
1672,2026年09月05日_22时52分41秒_第036次,2026-09-05T22:52:41,1.671,38.9316811331022,0.106889662311707,5.23196770652772,17.2218173391907,0.0653780926229169,18.2796744676942,0,1.55692460313405,0.0351822569864033,0.264643510481959,MV-202,sine_steer_python-1
1673,2026年09月05日_22时52分41秒_第036次,2026-09-05T22:52:41,1.672,38.9313967488406,0.106954589114375,5.24049272256099,17.232627094491,0.0656937080503443,18.2904816800063,0,1.57257686427323,0.0355315739559116,0.267124349673817,MV-202,sine_steer_python-1
1674,2026年09月05日_22时52分41秒_第036次,2026-09-05T22:52:41,1.673,38.9311122839442,0.107021313938727,5.24814701354078,17.2434367407716,0.0660103620241767,18.3012887704517,0,1.58798079729567,0.0358755365436941,0.269573743347893,MV-202,sine_steer_python-1
1675,2026年09月05日_22时52分41秒_第036次,2026-09-05T22:52:41,1.674,38.930828183274,0.107087922933766,5.25605880620224,17.2542462788067,0.0663280145997591,18.3120957405381,0,1.60313396974176,0.0362140170305451,0.2719881904788,MV-202,sine_steer_python-1
1676,2026年09月05日_22时52分41秒_第036次,2026-09-05T22:52:41,1.675,38.9305444606239,0.107154187625864,5.263890983086,17.265055708053,0.0666466888768604,18.322902589333,0,1.61803398874989,0.0365468925928982,0.274364366686083,MV-202,sine_steer_python-1
1677,2026年09月05日_22时52分41秒_第036次,2026-09-05T22:52:41,1.676,38.9302611150442,0.107220040167848,5.27172708482386,17.2758650286648,0.0669663791449816,18.3337093170456,0,1.63267850143437,0.0368740469868811,0.276699195198785,MV-202,sine_steer_python-1
1678,2026年09月05日_22时52分41秒_第036次,2026-09-05T22:52:41,1.677,38.9299781719802,0.107285270971221,5.27956859452095,17.2866742405677,0.0672870883519437,18.3445159235467,0,1.64706519525685,0.0371953717525545,0.27898989752663,MV-202,sine_steer_python-1
1679,2026年09月05日_22时52分41秒_第036次,2026-09-05T22:52:41,1.678,38.929695646274,0.107349675283957,5.28741166755512,17.2974833437363,0.067608817941466,18.355322408765,0,1.66119179839163,0.0375107669949956,0.28123402623179,MV-202,sine_steer_python-1
1680,2026年09月05日_22时52分41秒_第036次,2026-09-05T22:52:41,1.679,38.9294135540783,0.107413064517066,5.29525602692978,17.3082923381486,0.0679315693128129,18.3661287726362,0,1.67505608008428,0.0378201417999971,0.283429482243375,MV-202,sine_steer_python-1
1681,2026年09月05日_22时52分41秒_第036次,2026-09-05T22:52:41,1.68,38.9291319109609,0.107475252525399,5.30309790647388,17.3191012237846,0.0682553439387402,18.3769350150965,0,1.68865585100403,0.038123414340519,0.285574519088138,MV-202,sine_steer_python-1
1682,2026年09月05日_22时52分41秒_第036次,2026-09-05T22:52:41,1.681,38.9288507352089,0.107536061841216,5.31093374926637,17.3299100006315,0.0685801431646662,18.3877411360912,0,1.70198896358938,0.0384205117269694,0.2876677362825,MV-202,sine_steer_python-1
1683,2026年09月05日_22时52分41秒_第036次,2026-09-05T22:52:41,1.682,38.9285707051006,0.107595663601805,5.31937922886426,17.3407186686829,0.0689059682827735,18.3985471355733,0,1.7150533123873,0.038711369650729,0.289708063976162,MV-202,sine_steer_python-1
1684,2026年09月05日_22时52分41秒_第036次,2026-09-05T22:52:41,1.683,38.9282906740157,0.107657073347113,5.32696615510097,17.3515272275305,0.0692328452223026,18.4093530125737,0,1.72784683438567,0.0389959318661481,0.291694740761294,MV-202,sine_steer_python-1
1685,2026年09月05日_22时52分41秒_第036次,2026-09-05T22:52:41,1.684,38.9280110791697,0.107718386183632,5.33480642922981,17.3623356779903,0.0695607345949309,18.4201587686542,0,1.74036750933905,0.0392741495515402,0.293627286362331,MV-202,sine_steer_python-1
1686,2026年09月05日_22时52分41秒_第036次,2026-09-05T22:52:41,1.685,38.9277319370154,0.107779377968149,5.34256775183548,17.3731440195222,0.0698896591838917,18.4309644028773,0,1.75261336008773,0.0395459805845234,0.2955054707029,MV-202,sine_steer_python-1
1687,2026年09月05日_22时52分41秒_第036次,2026-09-05T22:52:41,1.686,38.9274532455854,0.107839978868795,5.350332447407,17.3839522523012,0.0702196133693353,18.441769915473,0,1.76458245286991,0.0398113887617952,0.297329280623797,MV-202,sine_steer_python-1
1688,2026年09月05日_22时52分41秒_第036次,2026-09-05T22:52:41,1.687,38.9271750302832,0.107899979829075,5.35810196989638,17.3947603762684,0.0705506000645392,18.4525753063254,0,1.77627289762709,0.0400703429886358,0.299098885323073,MV-202,sine_steer_python-1
1689,2026年09月05日_22时52分41秒_第036次,2026-09-05T22:52:41,1.688,38.9268973057819,0.107959176532063,5.36587251267144,17.4055683914148,0.0708826207008166,18.4633805753779,0,1.78768284830253,0.0403228164596863,0.300814601430697,MV-202,sine_steer_python-1
1690,2026年09月05日_22时52分41秒_第036次,2026-09-05T22:52:41,1.689,38.926620088042,0.108017380670775,5.3736437913911,17.4163762977344,0.0712156766649501,18.4741857225802,0,1.79881050313274,0.0405687858502137,0.302476858531476,MV-202,sine_steer_python-1
1691,2026年09月05日_22时52分41秒_第036次,2026-09-05T22:52:41,1.69,38.9263433924475,0.108074406418674,5.38141208298391,17.4271840952237,0.0715497694158484,18.4849907478829,0,1.80965410493204,0.0408082305360985,0.30408616590849,MV-202,sine_steer_python-1
1692,2026年09月05日_22时52分41秒_第036次,2026-09-05T22:52:41,1.691,38.9260672364182,0.108129954130165,5.38917154597972,17.4379917838858,0.0718849002864529,18.4957956512456,0,1.82021194136999,0.0410411318606416,0.305643081273622,MV-202,sine_steer_python-1
1693,2026年09月05日_22时52分41秒_第036次,2026-09-05T22:52:41,1.692,38.9257922900602,0.108184234023972,5.39753064392612,17.4487993637326,0.0722210704774342,18.5066004326395,0,1.83048234524184,0.041267472466116,0.307148182244592,MV-202,sine_steer_python-1
1694,2026年09月05日_22时52分41秒_第036次,2026-09-05T22:52:41,1.693,38.9255174197224,0.108240106801779,5.40504023196816,17.4596068343543,0.0725583055867773,18.5174050910828,0,1.84046369473174,0.0414872357068337,0.308602041279105,MV-202,sine_steer_python-1
1695,2026年09月05日_22时52分41秒_第036次,2026-09-05T22:52:41,1.694,38.9252430575587,0.108295789953423,5.41279920863705,17.4704141966109,0.0728965666805227,18.528209628196,0,1.85015441366892,0.0417004051575979,0.310005204653838,MV-202,sine_steer_python-1
1696,2026年09月05日_22时52分41秒_第036次,2026-09-05T22:52:41,1.695,38.92496921984,0.108351045475146,5.42047868120457,17.4812214499648,0.0732358762688011,18.5390140430345,0,1.8595529717765,0.041906964226519,0.311358175869017,MV-202,sine_steer_python-1
1697,2026年09月05日_22时52分41秒_第036次,2026-09-05T22:52:41,1.696,38.9246959045646,0.108405812673555,5.42816025552695,17.492028594612,0.0735762287716006,18.5498183358502,0,1.86865788491322,0.042106895874655,0.312661403582713,MV-202,sine_steer_python-1
1698,2026年09月05日_22时52分41秒_第036次,2026-09-05T22:52:41,1.697,38.924423136988,0.108459877495397,5.4358450255022,17.5028356305088,0.0739176270562299,18.5606225065407,0,1.87746771530775,0.0423001824376916,0.313915273872154,MV-202,sine_steer_python-1
1699,2026年09月05日_22时52分41秒_第036次,2026-09-05T22:52:41,1.698,38.9241509337936,0.108512924990506,5.44352702332699,17.5136425576628,0.0742600725106021,18.5714265550645,0,1.88598107178573,0.042486805538167,0.315120106334747,MV-202,sine_steer_python-1
1700,2026年09月05日_22时52分41秒_第036次,2026-09-05T22:52:41,1.699,38.9238793097343,0.108564827293803,5.45120819356998,17.5244493760877,0.0746035664112261,18.5822304813915,0,1.89419660998949,0.0426667460717909,0.316276153331401,MV-202,sine_steer_python-1
1701,2026年09月05日_22时52分41秒_第036次,2026-09-05T22:52:41,1.7,38.9236082798276,0.108615411040977,5.45888443114429,17.5352560857954,0.0749481102063491,18.5930342854866,0,1.90211303259031,0.0428399842490688,0.317383601575702,MV-202,sine_steer_python-1
1702,2026年09月05日_22时52分41秒_第036次,2026-09-05T22:52:41,1.701,38.9233378584751,0.10866451264343,5.4665525556023,17.5460626868064,0.0752937051750189,18.6038379673257,0,1.90972908949329,0.0430064996739778,0.318442575295402,MV-202,sine_steer_python-1
1703,2026年09月05日_22时52分41秒_第036次,2026-09-05T22:52:41,1.702,38.9230687104769,0.108712306394039,5.47480956310486,17.5568691791458,0.0756403525597572,18.6146415268903,0,1.91704357803475,0.0431662714444934,0.319453140322191,MV-202,sine_steer_python-1
1704,2026年09月05日_22时52分41秒_第036次,2026-09-05T22:52:41,1.703,38.9227997135251,0.108761504852616,5.48222663484242,17.567675562405,0.075988077561557,18.6254449631909,0,1.92405534317217,0.0433192782643865,0.320415308661933,MV-202,sine_steer_python-1
1705,2026年09月05日_22时52分41秒_第036次,2026-09-05T22:52:41,1.704,38.9225312949365,0.108810440331949,5.48988897243337,17.5784818374864,0.0763368417222235,18.6362482779042,0,1.93076327766655,0.0434654985605792,0.32132904330427,MV-202,sine_steer_python-1
1706,2026年09月05日_22时52分41秒_第036次,2026-09-05T22:52:41,1.705,38.9222634705167,0.108858864248725,5.49747124653414,17.5892880038555,0.0766866672641833,18.6470514700801,0,1.93716632225726,0.043604910604429,0.322194263203383,MV-202,sine_steer_python-1
1707,2026年09月05日_22时52分41秒_第036次,2026-09-05T22:52:41,1.706,38.9219962381338,0.108906725640871,5.50505432818646,17.6000940617284,0.0770375486477663,18.6578545399924,0,1.94326346582935,0.0437374926378174,0.323010848468235,MV-202,sine_steer_python-1
1708,2026年09月05日_22时52分41秒_第036次,2026-09-05T22:52:41,1.707,38.9217296222822,0.108953830584902,5.51263947183898,17.6109000110767,0.0773894886915378,18.6686574875526,0,1.94905374557315,0.0438632230055454,0.323778645826745,MV-202,sine_steer_python-1
1709,2026年09月05日_22时52分41秒_第036次,2026-09-05T22:52:41,1.708,38.9214636369294,0.108999991506741,5.52022306334429,17.6217058519236,0.0777424887549473,18.6794603127341,0,1.95453624713639,0.0439820802946146,0.324497474388924,MV-202,sine_steer_python-1
1710,2026年09月05日_22时52分41秒_第036次,2026-09-05T22:52:41,1.709,38.9211982972873,0.109045036253852,5.52780489178542,17.6325115842952,0.0780965501601239,18.6902630155169,0,1.95971010476849,0.0440940434791634,0.325167131656976,MV-202,sine_steer_python-1
1711,2026年09月05日_22时52分41秒_第036次,2026-09-05T22:52:41,1.71,38.9209336179776,0.109088795051551,5.53538140877862,17.6433172082194,0.0784516743001089,18.7010655958816,0,1.96457450145738,0.0441990920679454,0.325787399650039,MV-202,sine_steer_python-1
1712,2026年09月05日_22时52分41秒_第036次,2026-09-05T22:52:41,1.711,38.9206696131053,0.109131106551638,5.54294932538698,17.6541227237314,0.0788078624468766,18.7118680538179,0,1.96912866905841,0.0442972062499413,0.326358050956257,MV-202,sine_steer_python-1
1713,2026年09月05日_22时52分41秒_第036次,2026-09-05T22:52:41,1.712,38.9204069413487,0.109172146205085,5.55109596734045,17.664928130871,0.0791651158227239,18.722670389322,0,1.97337188841574,0.0443883670333787,0.326878854511127,MV-202,sine_steer_python-1
1714,2026年09月05日_22时52分41秒_第036次,2026-09-05T22:52:41,1.713,38.9201444894295,0.109214602911032,5.55841549834869,17.675733429229,0.0795234592802503,18.7334726013956,0,1.97730348947583,0.0444725563740436,0.327349580927215,MV-202,sine_steer_python-1
1715,2026年09月05日_22时52分41秒_第036次,2026-09-05T22:52:41,1.714,38.9198826815162,0.1092568184989,5.56597604402496,17.6865386197458,0.0798828549194334,18.7442746917655,0,1.9809228513933,0.0445497572900017,0.327770007252704,MV-202,sine_steer_python-1
1716,2026年09月05日_22时52分41秒_第036次,2026-09-05T22:52:41,1.715,38.9196215324543,0.109298552100714,5.57345734776697,17.6973437018904,0.0802433246327309,18.7550766594797,0,1.98422940262896,0.044619953961191,0.328139921093666,MV-202,sine_steer_python-1
1717,2026年09月05日_22时52分41秒_第036次,2026-09-05T22:52:41,1.716,38.9193610401241,0.109339753441437,5.58093902999362,17.7081486758971,0.0806048629697821,18.7658785048318,0,1.98722262104002,0.0446831318133807,0.328459124078897,MV-202,sine_steer_python-1
1718,2026年09月05日_22时52分41秒_第036次,2026-09-05T22:52:41,1.717,38.9191012284458,0.109380232084827,5.58842234507358,17.7189535417513,0.0809674727101334,18.7766802277476,0,1.9899020339626,0.0447392775864707,0.328727434666854,MV-202,sine_steer_python-1
1719,2026年09月05日_22时52分41秒_第036次,2026-09-05T22:52:41,1.718,38.9188421109898,0.109419803911887,5.5959037372948,17.7297582994906,0.0813311551984078,18.7874818282156,0,1.99226721828634,0.0447883829477054,0.328944841043453,MV-202,sine_steer_python-1
1720,2026年09月05日_22时52分41秒_第036次,2026-09-05T22:52:41,1.719,38.9185837025356,0.109458300153446,5.60338300614593,17.7405629491556,0.0816959117426536,18.7982833062313,0,1.99431780052123,0.0448304370666038,0.329111186466903,MV-202,sine_steer_python-1
1721,2026年09月05日_22时52分41秒_第036次,2026-09-05T22:52:41,1.72,38.9183260172706,0.109495554527423,5.61085666340068,17.7513674907887,0.0820617437213269,18.8090846617908,0,1.99605345685654,0.044865428375911,0.329226244498349,MV-202,sine_steer_python-1
1722,2026年09月05日_22时52分41秒_第036次,2026-09-05T22:52:41,1.721,38.9180690688643,0.109531409187293,5.61832147645375,17.7621719244391,0.0824286523940414,18.8198858948996,0,1.99747391321204,0.0448933491817128,0.329289913092958,MV-202,sine_steer_python-1
1723,2026年09月05日_22时52分41秒_第036次,2026-09-05T22:52:41,1.722,38.9178135094783,0.109566041539135,5.62635498638266,17.7729762501611,0.0827966389718261,18.8306870055701,0,1.99857894528118,0.0449141914836228,0.32930203849295,MV-202,sine_steer_python-1
1724,2026年09月05日_22时52分41秒_第036次,2026-09-05T22:52:41,1.723,38.917558235323,0.109602116846599,5.63357452866629,17.7837804675446,0.0831657279604032,18.8414879927975,0,1.9993683785666,0.0449279547776737,0.329262744727227,MV-202,sine_steer_python-1
1725,2026年09月05日_22时52分41秒_第036次,2026-09-05T22:52:41,1.724,38.9173036671375,0.109637988049391,5.64103097644946,17.7945845775666,0.0835358820292324,18.8522888583594,0,1.99984208840763,0.0449346308640033,0.329171791319421,MV-202,sine_steer_python-1
1726,2026年09月05日_22时52分41秒_第036次,2026-09-05T22:52:41,1.725,38.9170498186764,0.109673422825245,5.64840916716477,17.8053885796996,0.083907122742742,18.863089601304,0,2,0.0449342155083504,0.329029065524608,MV-202,sine_steer_python-1
1727,2026年09月05日_22时52分41秒_第036次,2026-09-05T22:52:41,1.726,38.9167966877635,0.109708372482709,5.65578744097146,17.8161924741953,0.0842794447454231,18.8738902219466,0,1.99984208840763,0.0449267577422191,0.328836670375603,MV-202,sine_steer_python-1
1728,2026年09月05日_22时52分41秒_第036次,2026-09-05T22:52:41,1.727,38.9165442976499,0.109742650945651,5.6631670365207,17.8269962610525,0.0846528507819975,18.884690720229,0,1.9993683785666,0.0449122742726355,0.328595301352231,MV-202,sine_steer_python-1
1729,2026年09月05日_22时52分41秒_第036次,2026-09-05T22:52:41,1.728,38.9162926614267,0.109776078390511,5.67054444624735,17.8377999403227,0.08502734218649,18.8954910961569,0,1.99857894528118,0.0448907638555077,0.328304855126095,MV-202,sine_steer_python-1
1730,2026年09月05日_22时52分41秒_第036次,2026-09-05T22:52:41,1.729,38.9160417933624,0.109808490227222,5.67791947266142,17.8486035120602,0.0854029202570469,18.9062913497431,0,1.99747391321204,0.0448622241740991,0.327965143596783,MV-202,sine_steer_python-1
1731,2026年09月05日_22时52分41秒_第036次,2026-09-05T22:52:41,1.73,38.9157917071365,0.109839724413713,5.68528868357392,17.8594069763212,0.08577958636169,18.917091481001,0,1.99605345685654,0.0448266563277875,0.327576083966197,MV-202,sine_steer_python-1
1732,2026年09月05日_22时52分41秒_第036次,2026-09-05T22:52:41,1.731,38.915542415914,0.109869627298054,5.69264890059193,17.8702103331686,0.0861573417518642,18.9278914899541,0,1.99431780052123,0.0447840608339272,0.327137529189728,MV-202,sine_steer_python-1
1733,2026年09月05日_22时52分41秒_第036次,2026-09-05T22:52:41,1.732,38.9152945649384,0.109898378710142,5.70056784467863,17.8810135826703,0.0865361876315776,18.9386913766326,0,1.99226721828635,0.0447344619393792,0.326650297398987,MV-202,sine_steer_python-1
1734,2026年09月05日_22时52分41秒_第036次,2026-09-05T22:52:41,1.733,38.9150470604517,0.109928619493489,5.70768613560854,17.891816724415,0.0869161481579875,18.9494911400279,0,1.9899020339626,0.0446778954323394,0.326115655492165,MV-202,sine_steer_python-1
1735,2026年09月05日_22时52分41秒_第036次,2026-09-05T22:52:41,1.734,38.9148003195032,0.109958715250403,5.71503727451606,17.9026197594149,0.087297186582863,18.9602907819688,0,1.98722262104002,0.0446143602494065,0.32553327217338,MV-202,sine_steer_python-1
1736,2026年09月05日_22时52分41秒_第036次,2026-09-05T22:52:41,1.735,38.914554354689,0.109988442507666,5.72231123911085,17.913422687146,0.08767932414338,18.9710903015063,0,1.98422940262896,0.044543859187858,0.324902939780743,MV-202,sine_steer_python-1
1737,2026年09月05日_22时52分41秒_第036次,2026-09-05T22:52:41,1.736,38.9143091637464,0.110017754548903,5.72958507910258,17.9242255078761,0.0880625555844345,18.9818896989786,0,1.9809228513933,0.0444663900565035,0.32422420054981,MV-202,sine_steer_python-1
1738,2026年09月05日_22时52分41秒_第036次,2026-09-05T22:52:41,1.737,38.9140647692149,0.110046469979955,5.73686001807957,17.9350282216168,0.088446883620281,18.9926889743456,0,1.97730348947583,0.0443819507258245,0.323496560157747,MV-202,sine_steer_python-1
1739,2026年09月05日_22时52分41秒_第036次,2026-09-05T22:52:41,1.738,38.9138211836763,0.110074413520161,5.74413259774795,17.9458308284326,0.0888323095788794,19.0034881276312,0,1.97337188841574,0.0442905397108768,0.322719512437089,MV-202,sine_steer_python-1
1740,2026年09月05日_22时52分41秒_第036次,2026-09-05T22:52:41,1.739,38.9135784208651,0.1101014249263,5.75140262338345,17.9566333283911,0.0892188347530412,19.0142871588671,0,1.96912866905841,0.0441921565220237,0.321892554313042,MV-202,sine_steer_python-1
1741,2026年09月05日_22时52分41秒_第036次,2026-09-05T22:52:41,1.74,38.9133364939372,0.110127346485826,5.75866671846505,17.967435721561,0.0896064605049054,19.0250860680856,0,1.96457450145738,0.0440868019664556,0.321015198644669,MV-202,sine_steer_python-1
1742,2026年09月05日_22时52分41秒_第036次,2026-09-05T22:52:41,1.741,38.9130954155446,0.110152028751332,5.76592175775298,17.9782380080181,0.0899951880823097,19.0358848553291,0,1.95971010476849,0.0439744784038141,0.32008698512312,MV-202,sine_steer_python-1
1743,2026年09月05日_22时52分41秒_第036次,2026-09-05T22:52:41,1.742,38.9128558236542,0.11017565371599,5.77372564553154,17.9890401878432,0.0903850186867892,19.0466835206469,0,1.95453624713639,0.0438551899556227,0.319107489217993,MV-202,sine_steer_python-1
1744,2026年09月05日_22时52分41秒_第036次,2026-09-05T22:52:41,1.743,38.9126166351744,0.11020083601217,5.780742328916,17.9998422606231,0.0907759761240665,19.0574820630284,0,1.94905374557316,0.0437289426735399,0.318076329384606,MV-202,sine_steer_python-1
1745,2026年09月05日_22时52分41秒_第036次,2026-09-05T22:52:41,1.744,38.9123782632492,0.11022595496834,5.78798783900611,18.0106442274037,0.0911680242427597,19.0682804843528,0,1.94326346582935,0.0435957446700975,0.316993172687563,MV-202,sine_steer_python-1
1746,2026年09月05日_22时52分41秒_第036次,2026-09-05T22:52:41,1.745,38.9121407193409,0.110250795477256,5.79515733686553,18.0214460876636,0.0915611839531565,19.0790787836757,0,1.93716632225726,0.043455606214369,0.315857738944289,MV-202,sine_steer_python-1
1747,2026年09月05日_22时52分41秒_第036次,2026-09-05T22:52:41,1.746,38.9119040011316,0.110275312443569,5.8023265677449,18.0322478416859,0.0919554501060401,19.0898769613585,0,1.93076327766655,0.0433085397943375,0.314669803463991,MV-202,sine_steer_python-1
1748,2026年09月05日_22时52分41秒_第036次,2026-09-05T22:52:41,1.747,38.9116681304794,0.110299328725817,5.80949673761232,18.0430494894939,0.0923508253892814,19.1006750173793,0,1.92405534317217,0.043154560147455,0.313429198445561,MV-202,sine_steer_python-1
1749,2026年09月05日_22时52分41秒_第036次,2026-09-05T22:52:41,1.748,38.9114331194982,0.110322673079447,5.81666443510629,18.0538510311642,0.0927473111288621,19.1114729517809,0,1.91704357803475,0.0429936842609201,0.312135813099711,MV-202,sine_steer_python-1
1750,2026年09月05日_22时52分41秒_第036次,2026-09-05T22:52:41,1.749,38.9111989814358,0.110345189022339,5.82382946443806,18.0646524667761,0.0931449086162264,19.1222707646139,0,1.90972908949329,0.0428259313434658,0.310789592571689,MV-202,sine_steer_python-1
1751,2026年09月05日_22时52分41秒_第036次,2026-09-05T22:52:41,1.75,38.9109657289779,0.110366722511214,5.83098850087326,18.0754537964103,0.0935436192114237,19.1330684559294,0,1.90211303259031,0.0426513227708787,0.309390535759104,MV-202,sine_steer_python-1
1752,2026年09月05日_22时52分41秒_第036次,2026-09-05T22:52:41,1.751,38.9107333743238,0.110387127569813,5.83813846782654,18.0862550201543,0.0939434441623324,19.1438660257884,0,1.89419660998949,0.0424698820080011,0.307938692141467,MV-202,sine_steer_python-1
1753,2026年09月05日_22时52分41秒_第036次,2026-09-05T22:52:41,1.752,38.9105025478333,0.110406587326901,5.84582749820718,18.0970561381004,0.0943443846714976,19.1546634742588,0,1.88598107178573,0.042281634510692,0.306434157768821,MV-202,sine_steer_python-1
1754,2026年09月05日_22时52分41秒_第036次,2026-09-05T22:52:41,1.753,38.910272177833,0.110427687346212,5.85274282984052,18.1078571498333,0.0947464641875453,19.1654608003286,0,1.87746771530775,0.0420866076121479,0.304877070595533,MV-202,sine_steer_python-1
1755,2026年09月05日_22时52分41秒_第036次,2026-09-05T22:52:41,1.754,38.9100426733794,0.11044882132913,5.85988295103574,18.11865805643,0.09514964717094,19.1762580059251,0,1.86865788491322,0.0418848303989132,0.303267605384662,MV-202,sine_steer_python-1
1756,2026年09月05日_22时52分41秒_第036次,2026-09-05T22:52:41,1.755,38.9098140449119,0.110469781305372,5.86694824715416,18.1294588573715,0.0955539542035151,19.1870550901079,0,1.8595529717765,0.041676333582674,0.301605968440727,MV-202,sine_steer_python-1
1757,2026年09月05日_22时52分41秒_第036次,2026-09-05T22:52:41,1.756,38.9095862901368,0.110490522779925,5.87401314267479,18.1402595529547,0.0959593802458798,19.1978520532605,0,1.85015441366892,0.0414611493743035,0.299892392444342,MV-202,sine_steer_python-1
1758,2026年09月05日_22时52分41秒_第036次,2026-09-05T22:52:41,1.757,38.9093594303213,0.110510871787793,5.88107882212395,18.1510601432133,0.0963659279618617,19.2086488953779,0,1.84046369473174,0.0412393113663689,0.298127131651608,MV-202,sine_steer_python-1
1759,2026年09月05日_22时52分41秒_第036次,2026-09-05T22:52:41,1.758,38.9091334772061,0.110530659989421,5.88814191737734,18.1618606282347,0.0967735986776461,19.2194456165204,0,1.83048234524184,0.0410108544293309,0.29631045767962,MV-202,sine_steer_python-1
1760,2026年09月05日_22时52分41秒_第036次,2026-09-05T22:52:41,1.759,38.9089084436506,0.110549733479765,5.89520222638316,18.172661008109,0.0971823936852423,19.2302422167556,0,1.82021194136999,0.0407758146249822,0.294442656028328,MV-202,sine_steer_python-1
1761,2026年09月05日_22时52分41秒_第036次,2026-09-05T22:52:41,1.76,38.9086843419728,0.110567940654621,5.9022564710688,18.1834612829276,0.0975923143442347,19.2410386961515,0,1.80965410493204,0.0405342291385157,0.292524023397677,MV-202,sine_steer_python-1
1762,2026年09月05日_22时52分41秒_第036次,2026-09-05T22:52:41,1.761,38.9084611840247,0.110585137736193,5.90930161786313,18.1942614527882,0.0980033619039049,19.2518350547856,0,1.79881050313274,0.0402861362283243,0.290554865762066,MV-202,sine_steer_python-1
1763,2026年09月05日_22时52分41秒_第036次,2026-09-05T22:52:41,1.762,38.9082395922265,0.11060150742148,5.91687610952982,18.2050615177935,0.0984155375688934,19.2626312927423,0,1.78768284830253,0.0400315912841235,0.288536178084332,MV-202,sine_steer_python-1
1764,2026年09月05日_22时52分41秒_第036次,2026-09-05T22:52:41,1.763,38.9080185071785,0.110619602581535,5.92369037405614,18.2158614775255,0.0988288644213128,19.2734274090064,0,1.77627289762709,0.0397706859985024,0.286470455777417,MV-202,sine_steer_python-1
1765,2026年09月05日_22时52分41秒_第036次,2026-09-05T22:52:41,1.764,38.9077983336744,0.110637831748915,5.9307253073646,18.22666133309,0.0992433075472966,19.2842234055491,0,1.76458245286991,0.0395034713211943,0.284358434835134,MV-202,sine_steer_python-1
1766,2026年09月05日_22时52分41秒_第036次,2026-09-05T22:52:41,1.765,38.9075790812939,0.110655992411725,5.93768655982223,18.2374610839695,0.0996588871956542,19.2950192814323,0,1.75261336008773,0.039229995094578,0.282200684361468,MV-202,sine_steer_python-1
1767,2026年09月05日_22时52分41秒_第036次,2026-09-05T22:52:41,1.766,38.90736074787,0.110674039298391,5.94464721889162,18.2482607304733,0.100075598438068,19.305815037058,0,1.74036750933905,0.0389503051003561,0.279997735802229,MV-202,sine_steer_python-1
1768,2026年09月05日_22时52分41秒_第036次,2026-09-05T22:52:41,1.767,38.9071433541976,0.110691800226141,5.95160844472949,18.2590602726443,0.100493443913858,19.3166106724351,0,1.72784683438567,0.0386644944044145,0.277752001856804,MV-202,sine_steer_python-1
1769,2026年09月05日_22时52分41秒_第036次,2026-09-05T22:52:41,1.768,38.9069269117615,0.110709108352307,5.95856690963004,18.2698597105796,0.100912424948705,19.327406187638,0,1.71505331238731,0.0383726391745359,0.275465145743593,MV-202,sine_steer_python-1
1770,2026年09月05日_22时52分41秒_第036次,2026-09-05T22:52:41,1.769,38.9067114445341,0.110725810963371,5.96552256142238,18.2806590443788,0.101332542834165,19.3382015827479,0,1.70198896358938,0.0380747905794906,0.273137738579662,MV-202,sine_steer_python-1
1771,2026年09月05日_22时52分41秒_第036次,2026-09-05T22:52:41,1.77,38.906496962528,0.110741757232951,5.97247210626704,18.291458274147,0.101753798928469,19.3489968578507,0,1.68865585100403,0.0377709981406332,0.270770247587331,MV-202,sine_steer_python-1
1772,2026年09月05日_22时52分41秒_第036次,2026-09-05T22:52:41,1.771,38.9062834755301,0.110756804088501,5.97941252171179,18.3022573999939,0.102176194480749,19.3597920130394,0,1.67505608008428,0.0374613097200397,0.268363035934185,MV-202,sine_steer_python-1
1773,2026年09月05日_22时52分41秒_第036次,2026-09-05T22:52:41,1.772,38.9060715985069,0.110771132051075,5.98687266953424,18.3130564220327,0.102599730696055,19.3705870484124,0,1.66119179839163,0.0371457719065433,0.26591637934328,MV-202,sine_steer_python-1
1774,2026年09月05日_22时52分41秒_第036次,2026-09-05T22:52:41,1.773,38.9058602799183,0.110787257372542,5.99358595954806,18.3238553398446,0.103024430277317,19.3813819629508,0,1.64706519525686,0.0368244303985047,0.263430482580738,MV-202,sine_steer_python-1
1775,2026年09月05日_22时52分41秒_第036次,2026-09-05T22:52:41,1.774,38.9056499253513,0.110803604037973,6.00051574463622,18.3346541545622,0.103450258947617,19.3921767586642,0,1.63267850143437,0.0364973303453234,0.260905494205286,MV-202,sine_steer_python-1
1776,2026年09月05日_22时52分41秒_第036次,2026-09-05T22:52:41,1.775,38.9054405406705,0.110819973181812,6.00737292675738,18.3454528656717,0.103877236615435,19.4029714346161,0,1.6180339887499,0.0361645166579878,0.258341520009886,MV-202,sine_steer_python-1
1777,2026年09月05日_22时52分41秒_第036次,2026-09-05T22:52:41,1.776,38.9052321242254,0.110836317455475,6.01422925292018,18.3562514734943,0.10430535846178,19.4137659912238,0,1.60313396974175,0.0358260342942274,0.25573863539082,MV-202,sine_steer_python-1
1778,2026年09月05日_22时52分41秒_第036次,2026-09-05T22:52:41,1.777,38.9050246959648,0.110852465139275,6.02108585021132,18.3670499780829,0.104734627098223,19.4245604285072,0,1.58798079729567,0.0354819285225449,0.253096896825844,MV-202,sine_steer_python-1
1779,2026年09月05日_22时52分41秒_第036次,2026-09-05T22:52:41,1.778,38.9048182668652,0.110868249616812,6.02793942717038,18.3778483795442,0.105165043846342,19.4353547465515,0,1.57257686427324,0.0351322909046705,0.250418290385714,MV-202,sine_steer_python-1
1780,2026年09月05日_22时52分41秒_第036次,2026-09-05T22:52:41,1.779,38.9046128490619,0.110883518067018,6.03478975589399,18.3886466779873,0.105596609993384,19.4461489454482,0,1.55692460313405,0.0347772524278925,0.247706440948562,MV-202,sine_steer_python-1
1781,2026年09月05日_22时52分41秒_第036次,2026-09-05T22:52:41,1.78,38.9044084542155,0.110898119733494,6.04163363945308,18.399444873522,0.106029326891052,19.4569430252883,0,1.54102648555158,0.0344169574540299,0.244965508333052,MV-202,sine_steer_python-1
1782,2026年09月05日_22时52分41秒_第036次,2026-09-05T22:52:41,1.781,38.9042050936025,0.110911911257817,6.04846811772693,18.4102429662646,0.106463195783608,19.4677369861714,0,1.5248850220229,0.0340514675603481,0.242196114252969,MV-202,sine_steer_python-1
1783,2026年09月05日_22时52分41秒_第036次,2026-09-05T22:52:41,1.782,38.9040033738557,0.110925069723669,6.05581255901678,18.4210409563358,0.106898217871191,19.4785308282028,0,1.50850276147221,0.033680790727471,0.239396579437887,MV-202,sine_steer_python-1
1784,2026年09月05日_22时52分41秒_第036次,2026-09-05T22:52:41,1.783,38.9038022579089,0.110940071553336,6.06242333600523,18.4318388433121,0.107334415461929,19.489324550353,0,1.49188229084836,0.0333049335984733,0.236565138084728,MV-202,sine_steer_python-1
1785,2026年09月05日_22时52分41秒_第036次,2026-09-05T22:52:41,1.784,38.9036021469169,0.110955357099348,6.06924614125804,18.4426366283494,0.107771754923376,19.5001181546619,0,1.47502623471635,0.0329239041575763,0.233700051658099,MV-202,sine_steer_python-1
1786,2026年09月05日_22时52分41秒_第036次,2026-09-05T22:52:41,1.785,38.9034030464866,0.110970730106872,6.07599723211081,18.453434310934,0.108210255812971,19.5109116401874,0,1.45793725484282,0.0325377137550442,0.230799694885591,MV-202,sine_steer_python-1
1787,2026年09月05日_22时52分41秒_第036次,2026-09-05T22:52:41,1.786,38.9032049554684,0.110986140389605,6.08274699790471,18.4642318913961,0.108649913416406,19.521705007355,0,1.44061804977581,0.0321463785773767,0.227862618260809,MV-202,sine_steer_python-1
1788,2026年09月05日_22时52分41秒_第036次,2026-09-05T22:52:41,1.787,38.9030078937248,0.111001416033616,6.08949654696581,18.4750293697953,0.109090730311186,19.5324982561888,0,1.42307135441857,0.031749920598474,0.224887588596805,MV-202,sine_steer_python-1
1789,2026年09月05日_22时52分41秒_第036次,2026-09-05T22:52:41,1.788,38.9028118723199,0.11101639003968,6.09624263399813,18.4858267462451,0.109532707808489,19.543291386778,0,1.4052999395977,0.0313483680838624,0.221873610681366,MV-202,sine_steer_python-1
1790,2026年09月05日_22时52分41秒_第036次,2026-09-05T22:52:41,1.789,38.9026169034304,0.111030908966572,6.10298502352864,18.4966240208618,0.109975847184819,19.5540843992182,0,1.38730661162561,0.0309417557343888,0.218819933688287,MV-202,sine_steer_python-1
1791,2026年09月05日_22时52分41秒_第036次,2026-09-05T22:52:41,1.79,38.9024229987497,0.111044821410295,6.10972056482788,18.5074211937618,0.110420149779265,19.5648772936035,0,1.36909421185737,0.0305301245607361,0.215726046207909,MV-202,sine_steer_python-1
1792,2026年09月05日_22时52分41秒_第036次,2026-09-05T22:52:41,1.791,38.9022301695793,0.111057983244709,6.116446339393,18.5182182650685,0.110865616824699,19.5756700700366,0,1.35066561624205,0.0301135215768371,0.212591663622738,MV-202,sine_steer_python-1
1793,2026年09月05日_22时52分41秒_第036次,2026-09-05T22:52:41,1.792,38.9020390135124,0.111070567443317,6.12367227464565,18.5290152349092,0.111312249509933,19.5864627286257,0,1.3320237348685,0.0296919993898887,0.209416711115106,MV-202,sine_steer_python-1
1794,2026年09月05日_22时52分41秒_第036次,2026-09-05T22:52:41,1.793,38.9018485085442,0.111085008230825,6.13017765682982,18.5398121028561,0.111760069733163,19.5972552683273,0,1.31317151150592,0.0292656157487127,0.206201304918843,MV-202,sine_steer_python-1
1795,2026年09月05日_22时52分41秒_第036次,2026-09-05T22:52:41,1.794,38.9016590508744,0.111099763742023,6.136890463676,18.5506088700876,0.112209044511062,19.6080476912064,0,1.29411192313889,0.028834433092831,0.20294573360747,MV-202,sine_steer_python-1
1796,2026年09月05日_22时52分41秒_第036次,2026-09-05T22:52:41,1.795,38.9014706457164,0.111114639902749,6.14353235069872,18.5614055360895,0.112659193039277,19.6188399963122,0,1.27484797949738,0.0283985181245609,0.199650440361911,MV-202,sine_steer_python-1
1797,2026年09月05日_22时52分41秒_第036次,2026-09-05T22:52:41,1.796,38.9012832922382,0.111129583646935,6.15017234220994,18.5722021012009,0.113110510702673,19.6296321840743,0,1.2553827225814,0.0279579414084678,0.196316006401137,MV-202,sine_steer_python-1
1798,2026年09月05日_22时52分41秒_第036次,2026-09-05T22:52:41,1.797,38.9010970100622,0.111144422899412,6.15681153272414,18.5829985654878,0.11356300003792,19.6404242545173,0,1.23571922618067,0.0275127769891805,0.192943135194431,MV-202,sine_steer_python-1
1799,2026年09月05日_22时52分41秒_第036次,2026-09-05T22:52:41,1.798,38.9009118101968,0.111158990391763,6.16344672907778,18.5937949290701,0.114016662339074,19.651216207731,0,1.21586059538921,0.0270631020114374,0.189532636772552,MV-202,sine_steer_python-1
1800,2026年09月05日_22时52分41秒_第036次,2026-09-05T22:52:41,1.799,38.9007277047265,0.111173132253133,6.17007769346777,18.6045911920707,0.114471498865187,19.6620080438112,0,1.19580996611504,0.0266089963257464,0.186085411434448,MV-202,sine_steer_python-1
1801,2026年09月05日_22时52分41秒_第036次,2026-09-05T22:52:41,1.8,38.9005447052516,0.111186696701324,6.17670132725368,18.6153873546126,0.114927510936005,19.6727997628522,0,1.17557050458495,0.0261505420683368,0.182602432370578,MV-202,sine_steer_python-1
1802,2026年09月05日_22时52分41秒_第036次,2026-09-05T22:52:41,1.801,38.9003628229791,0.11119953918944,6.18331475945283,18.6261834168256,0.115384699766323,19.6835913649566,0,1.15514540684453,0.0256878232132711,0.17908472711291,MV-202,sine_steer_python-1
1803,2026年09月05日_22时52分41秒_第036次,2026-09-05T22:52:41,1.802,38.9001826459038,0.111211828753171,6.19041848564846,18.6369793788433,0.115843066526996,19.6943828502318,0,1.13453789825352,0.0252209251051236,0.175533358167906,MV-202,sine_steer_python-1
1804,2026年09月05日_22时52分41秒_第036次,2026-09-05T22:52:41,1.803,38.9000031677391,0.111225956302143,6.19681475154316,18.6477752402342,0.116302632693227,19.7051742176194,0,1.11375123297638,0.0247499339899913,0.171949403584798,MV-202,sine_steer_python-1
1805,2026年09月05日_22时52分41秒_第036次,2026-09-05T22:52:41,1.804,38.8998247793286,0.11124039962798,6.20341374427226,18.6585710021972,0.116763365933045,19.7159654692044,0,1.09278869346854,0.0242749365686855,0.16833393846862,MV-202,sine_steer_python-1
1806,2026年09月05日_22时52分41秒_第036次,2026-09-05T22:52:41,1.805,38.8996474854182,0.111254967267947,6.20994256320109,18.6693666642185,0.117225285070486,19.7267566040258,0,1.071653589958,0.0237960195975869,0.164688018516671,MV-202,sine_steer_python-1
1807,2026年09月05日_22时52分41秒_第036次,2026-09-05T22:52:41,1.806,38.8994712853788,0.111269604018107,6.21646886556355,18.6801622266453,0.117688385584318,19.7375476225147,0,1.05034925992259,0.0233132695597209,0.161012666532535,MV-202,sine_steer_python-1
1808,2026年09月05日_22时52分41秒_第036次,2026-09-05T22:52:41,1.807,38.8992961984827,0.111284138446283,6.22299374003291,18.6909576895496,0.118152669964163,19.7483385246942,0,1.02887906756301,0.0228267724219083,0.157308862588163,MV-202,sine_steer_python-1
1809,2026年09月05日_22时52分41秒_第036次,2026-09-05T22:52:41,1.808,38.8991222355731,0.111298403886454,6.2295140544834,18.7017530530578,0.118618139480996,19.7591293106526,0,1.00724640327152,0.0223366134848938,0.15357753812515,MV-202,sine_steer_python-1
1810,2026年09月05日_22时52分41秒_第036次,2026-09-05T22:52:41,1.809,38.8989494085308,0.111312246969464,6.23602957688395,18.7125483172989,0.119084795370636,19.7699199804846,0,0.985454683096584,0.0218428773243379,0.14981957390484,MV-202,sine_steer_python-1
1811,2026年09月05日_22时52分41秒_第036次,2026-09-05T22:52:41,1.81,38.8987777287509,0.111325516525386,6.24253726923026,18.7233434824024,0.119552638927867,19.780710534283,0,0.963507348203427,0.0213456478134726,0.146035801416933,MV-202,sine_steer_python-1
1812,2026年09月05日_22时52分41秒_第036次,2026-09-05T22:52:41,1.811,38.8986072072317,0.111338068632461,6.24903431651343,18.734138548504,0.120021671344003,19.7915009721487,0,0.941407864330669,0.0208450082098864,0.142227007003866,MV-202,sine_steer_python-1
1813,2026年09月05日_22时52分41秒_第036次,2026-09-05T22:52:41,1.812,38.8984384218701,0.11135006927072,6.25601173861262,18.744933515744,0.120491893766755,19.8022912941881,0,0.919159721242975,0.0203410412829036,0.138393937704525,MV-202,sine_steer_python-1
1814,2026年09月05日_22时52分41秒_第036次,2026-09-05T22:52:41,1.813,38.8982703826634,0.111363866036903,6.26229488022563,18.7557283836873,0.120963327239065,19.8130814993273,0,0.896766432180065,0.0198338294595901,0.134537307887401,MV-202,sine_steer_python-1
1815,2026年09月05日_22时52分41秒_第036次,2026-09-05T22:52:41,1.814,38.8981034747212,0.111377958490375,6.2687760340251,18.766523153552,0.1214359400817,19.8238715896693,0,0.874231533301868,0.0193234549704822,0.130657805873614,MV-202,sine_steer_python-1
1816,2026年09月05日_22时52分41秒_第036次,2026-09-05T22:52:41,1.815,38.8979377022167,0.111392158868279,6.27518778782529,18.7773178248252,0.121909750739819,19.8346615642435,0,0.851558583130142,0.0188099999799905,0.126756099913083,MV-202,sine_steer_python-1
1817,2026年09月05日_22时52分41秒_第036次,2026-09-05T22:52:41,1.816,38.8977730645996,0.111406411121167,6.28159643167561,18.7881123978619,0.122384754782667,19.8454514234821,0,0.828751161986567,0.0182935466912917,0.122832843083267,MV-202,sine_steer_python-1
1818,2026年09月05日_22时52分41秒_第036次,2026-09-05T22:52:41,1.817,38.8976095806637,0.111420545781283,6.28800305641282,18.7989068727402,0.122860954648701,19.8562411674069,0,0.805812871427325,0.0177742179599326,0.118890393113215,MV-202,sine_steer_python-1
1819,2026年09月05日_22时52分41秒_第036次,2026-09-05T22:52:41,1.818,38.8974472609586,0.111434398139491,6.29440460008122,18.8097012495927,0.123338351582085,19.8670307961051,0,0.782747333674406,0.0172522417430588,0.114935540997892,MV-202,sine_steer_python-1
1820,2026年09月05日_22时52分41秒_第036次,2026-09-05T22:52:41,1.819,38.8972861170317,0.111447816705341,6.30080084483439,18.8204955285548,0.123816946791978,19.8778203096706,0,0.759558191043598,0.0167277009916701,0.110968923442178,MV-202,sine_steer_python-1
1821,2026年09月05日_22时52分41秒_第036次,2026-09-05T22:52:41,1.82,38.8971261599421,0.111460652318408,6.3071888220316,18.8312897097619,0.124296741545042,19.8886097081956,0,0.73624910536936,0.0162006448622786,0.106989731667546,MV-202,sine_steer_python-1
1822,2026年09月05日_22时52分41秒_第036次,2026-09-05T22:52:41,1.821,38.8969674003479,0.111472763094447,6.31356578118941,18.8420837933562,0.124777737006253,19.8993989917807,0,0.712823757426501,0.0156711203028531,0.102997049075157,MV-202,sine_steer_python-1
1823,2026年09月05日_22时52分41秒_第036次,2026-09-05T22:52:41,1.822,38.8968104055983,0.111484313198094,6.32041317912536,18.852877779484,0.125259934297626,19.9101881605319,0,0.689285846349041,0.0151391739959272,0.0989899339733179,MV-202,sine_steer_python-1
1824,2026年09月05日_22时52分41秒_第036次,2026-09-05T22:52:41,1.823,38.8966542024261,0.111497607589323,6.32657967074436,18.8636716677076,0.125743354025008,19.9209772133631,0,0.665639089045975,0.0146048539259096,0.0949674863554905,MV-202,sine_steer_python-1
1825,2026年09月05日_22时52分41秒_第036次,2026-09-05T22:52:41,1.824,38.8964991698513,0.111511169630954,6.3329395262958,18.8744654592632,0.126227965164,19.9317661523946,0,0.641887219614416,0.0140682106008457,0.0909289000530142,MV-202,sine_steer_python-1
1826,2026年09月05日_22时52分41秒_第036次,2026-09-05T22:52:41,1.825,38.8963453113444,0.111524816604465,6.33923086361216,18.8852591536392,0.126713785776974,19.9425549766491,0,0.618033988749893,0.0135292979371944,0.0868735006338464,MV-202,sine_steer_python-1
1827,2026年09月05日_22时52分41秒_第036次,2026-09-05T22:52:41,1.826,38.8961926263053,0.111538493055666,6.34551860479925,18.8960527511985,0.127200811522951,19.9533436865617,0,0.59408316315407,0.0129881738441001,0.0828007705906957,MV-202,sine_steer_python-1
1828,2026年09月05日_22时52分41秒_第036次,2026-09-05T22:52:41,1.827,38.8960411329132,0.111552032907704,6.35180384861281,18.906846252025,0.127689044787966,19.9641322821551,0,0.570038524939953,0.012444900553947,0.0787103637973906,MV-202,sine_steer_python-1
1829,2026年09月05日_22时52分41秒_第036次,2026-09-05T22:52:41,1.828,38.8958908412916,0.111565274824143,6.35808361024124,18.9176396562577,0.128178486788555,19.974920763518,0,0.545903871034646,0.0118995447489786,0.074602111339469,MV-202,sine_steer_python-1
1830,2026年09月05日_22时52分41秒_第036次,2026-09-05T22:52:41,1.829,38.8957417625239,0.11157807058678,6.36435769228991,18.9284329640382,0.128669138706715,19.9857091307462,0,0.521683012579798,0.0113521775317522,0.0704760207398432,MV-202,sine_steer_python-1
1831,2026年09月05日_22时52分41秒_第036次,2026-09-05T22:52:41,1.83,38.8955939072041,0.111590274413647,6.37062320191818,18.9392261755082,0.129161001780771,19.9964973839339,0,0.497379774329708,0.0108028742818229,0.0663322703730128,MV-202,sine_steer_python-1
1832,2026年09月05日_22时52分41秒_第036次,2026-09-05T22:52:41,1.831,38.8954472855233,0.111601747797471,6.37687745933076,18.950019290816,0.12965407714945,20.0072855231842,0,0.472997994047457,0.0102517443372764,0.0621724660042444,MV-202,sine_steer_python-1
1833,2026年09月05日_22时52分41秒_第036次,2026-09-05T22:52:41,1.832,38.8953024539001,0.11161265423165,6.38359224710463,18.9608123101141,0.13014836590945,20.018073548606,0,0.448541521898764,0.00969908787477,0.0580062801549222,MV-202,sine_steer_python-1
1834,2026年09月05日_22时52分41秒_第036次,2026-09-05T22:52:41,1.833,38.8951584561727,0.111625256775369,6.38963977405088,18.9716052329627,0.130643888228498,20.0288614591053,0,0.424014219844106,0.00914504411151802,0.0538365653922762,MV-202,sine_steer_python-1
1835,2026年09月05日_22时52分41秒_第036次,2026-09-05T22:52:41,1.834,38.8950156649637,0.111638104253318,6.39587614611094,18.982398060615,0.13114061374096,20.0396492568209,0,0.399419961028819,0.0085897091565436,0.0496643417142298,MV-202,sine_steer_python-1
1836,2026年09月05日_22时52分41秒_第036次,2026-09-05T22:52:41,1.835,38.8948740829206,0.11165102012568,6.40204504824675,18.9931907925616,0.131638560125625,20.0504369407735,0,0.374762629171449,0.00803317546244996,0.0454904665923561,MV-202,sine_steer_python-1
1837,2026年09月05日_22时52分41秒_第036次,2026-09-05T22:52:41,1.836,38.8947337092878,0.111663950686586,6.40821003089812,19.0039834291724,0.132137723133317,20.0612245114043,0,0.350046117950553,0.0074755317017465,0.0413156302751008,MV-202,sine_steer_python-1
1838,2026年09月05日_22时52分41秒_第036次,2026-09-05T22:52:41,1.837,38.8945945615169,0.111676734349752,6.41437220259717,19.0147759705377,0.132638105099113,20.0720119687405,0,0.32527433038977,0.00691686357751602,0.0371403905908235,MV-202,sine_steer_python-1
1839,2026年09月05日_22时52分41秒_第036次,2026-09-05T22:52:41,1.838,38.8944566492006,0.111689214201802,6.42052865875951,19.0255684168025,0.133139707213773,20.0827993128761,0,0.300451178241518,0.00635725450598352,0.0329652023266115,MV-202,sine_steer_python-1
1840,2026年09月05日_22时52分41秒_第036次,2026-09-05T22:52:41,1.839,38.8943199828575,0.111701246287348,6.42667922479593,19.0363607681147,0.133642530634224,20.0935865439124,0,0.275580581369275,0.00579678613626805,0.0287904397150958,MV-202,sine_steer_python-1
1841,2026年09月05日_22时52分41秒_第036次,2026-09-05T22:52:41,1.84,38.8941845725207,0.111712689132788,6.43282108608927,19.047153024622,0.134146576572758,20.1043736619495,0,0.250666467128602,0.00523553874032865,0.0246164134271756,MV-202,sine_steer_python-1
1842,2026年09月05日_22时52分41秒_第036次,2026-09-05T22:52:41,1.841,38.8940504278236,0.111723408473754,6.4389516356203,19.0579451864789,0.134651846144375,20.115160667097,0,0.225712769746965,0.0046735915033587,0.0204433833523778,MV-202,sine_steer_python-1
1843,2026年09月05日_22时52分41秒_第036次,2026-09-05T22:52:41,1.842,38.8939180939478,0.111733567773811,6.4455328702133,19.0687372538438,0.135158340423167,20.1259475594705,0,0.200723429702426,0.00411102275327844,0.0162715688030887,MV-202,sine_steer_python-1
1844,2026年09月05日_22时52分41秒_第036次,2026-09-05T22:52:41,1.843,38.8937866321831,0.111745388408277,6.45146078538276,19.0795292262756,0.135666079139909,20.1367343379733,0,0.175702393101491,0.00354791017253405,0.0121011579710277,MV-202,sine_steer_python-1
1845,2026年09月05日_22时52分41秒_第036次,2026-09-05T22:52:41,1.844,38.8936564085127,0.111757445750011,6.45757317994648,19.0903211050428,0.136175032593831,20.1475210047648,0,0.150653611055865,0.00298433103290801,0.00793231835909726,MV-202,sine_steer_python-1
1846,2026年09月05日_22时52分41秒_第036次,2026-09-05T22:52:41,1.845,38.8935274246878,0.111769569984161,6.46361933827376,19.1011128896386,0.13668521808136,20.1583075588684,0,0.125581039058628,0.00242036248294734,0.00376520943772956,MV-202,sine_steer_python-1
1847,2026年09月05日_22时52分41秒_第036次,2026-09-05T22:52:41,1.846,38.8933996797402,0.111781709690211,6.46966143120396,19.11190458044,0.137196631449034,20.1690940007349,0,0.100488636359542,0.00185608189135012,-0.000400002332484328,MV-202,sine_steer_python-1
1848,2026年09月05日_22时52分41秒_第036次,2026-09-05T22:52:41,1.847,38.8932731903323,0.111793708233678,6.47570057453075,19.122696177543,0.137709274984203,20.1798803304002,0,0.0753803653398732,0.00129156719125906,-0.00456312844803394,MV-202,sine_steer_python-1
1849,2026年09月05日_22时52分41秒_第036次,2026-09-05T22:52:41,1.848,38.8931479654742,0.11180541351513,6.48173394255321,19.1334876810988,0.138223149855331,20.1906665479672,0,0.0502601908866735,0.000726897070834071,-0.00872394983978,MV-202,sine_steer_python-1
1850,2026年09月05日_22时52分41秒_第036次,2026-09-05T22:52:41,1.849,38.8930240150746,0.111816686154764,6.48776138138053,19.1442790912608,0.138738257197863,20.2014526535467,0,0.0251320797667054,0.000162150019153028,-0.0128822568597248,MV-202,sine_steer_python-1
1851,2026年09月05日_22时52分41秒_第036次,2026-09-05T22:52:41,1.85,38.8929013485663,0.111827389223533,6.49378015256104,19.1550704081828,0.139254598201711,20.2122386472485,0,1.71450551880629e-15,-0.000402597228828499,-0.0170379147240234,MV-202,sine_steer_python-1
1852,2026年09月05日_22时52分41秒_第036次,2026-09-05T22:52:41,1.851,38.8927799749926,0.111837392858803,6.49978771945368,19.1658616320249,0.139772173961877,20.2230245291921,0,-0.025132079766709,-0.000967267327880041,-0.0211907627366542,MV-202,sine_steer_python-1
1853,2026年09月05日_22时52分41秒_第036次,2026-09-05T22:52:41,1.852,38.8926604280657,0.111846860403995,6.50623620101788,19.1766527629513,0.140290985533624,20.2338102995035,0,-0.0502601908866701,-0.00153178049652726,-0.0253405363232742,MV-202,sine_steer_python-1
1854,2026年09月05日_22时52分41秒_第036次,2026-09-05T22:52:41,1.853,38.8925417869016,0.111857970890076,6.51204556757375,19.1874438005196,0.140811052212065,20.2445959570881,0,-0.0753803653398698,-0.00209605446880444,-0.0294868645375972,MV-202,sine_steer_python-1
1855,2026年09月05日_22时52分41秒_第036次,2026-09-05T22:52:41,1.854,38.8924244106741,0.11186932672488,6.5180351786313,19.1982347460122,0.141332344969073,20.2553815041268,0,-0.100488636359538,-0.00266000475478215,-0.03362928067551,MV-202,sine_steer_python-1
1856,2026年09月05日_22时52分41秒_第036次,2026-09-05T22:52:41,1.855,38.8923083002349,0.111880764606323,6.52395994613255,19.2090255989252,0.141854880720327,20.2661669396503,0,-0.125581039058624,-0.00322354496965092,-0.0377672357665849,MV-202,sine_steer_python-1
1857,2026年09月05日_22时52分41秒_第036次,2026-09-05T22:52:41,1.856,38.8921934544041,0.111892235202735,6.52988064929425,19.2198163596416,0.142378655412509,20.2769522641217,0,-0.150653611055861,-0.00378658718273925,-0.0419001128855805,MV-202,sine_steer_python-1
1858,2026年09月05日_22时52分41秒_第036次,2026-09-05T22:52:41,1.857,38.8920798890598,0.111903586560135,6.53579840505138,19.2306070282631,0.142903671288792,20.2877374775887,0,-0.175702393101488,-0.00434904226270609,-0.0460272412880677,MV-202,sine_steer_python-1
1859,2026年09月05日_22时52分41秒_第036次,2026-09-05T22:52:41,1.858,38.8919676126414,0.111914671054352,6.54171046156371,19.2413976049461,0.14342992949898,20.2985225801658,0,-0.20072342970243,-0.00491082020141911,-0.0501479096379925,MV-202,sine_steer_python-1
1860,2026年09月05日_22时52分41秒_第036次,2026-09-05T22:52:41,1.859,38.891856634466,0.111925353470668,6.54761667984131,19.2521880898495,0.143957431160624,20.3093075719759,0,-0.225712769746962,-0.00547183039870367,-0.0542613775777685,MV-202,sine_steer_python-1
1861,2026年09月05日_22时52分41秒_第036次,2026-09-05T22:52:41,1.86,38.8917469633913,0.111935500946354,6.55351439191485,19.2629784831323,0.144486177444757,20.3200924531411,0,-0.250666467128612,-0.00603198189156053,-0.0583668849491945,MV-202,sine_steer_python-1
1862,2026年09月05日_22时52分41秒_第036次,2026-09-05T22:52:41,1.861,38.8916386079013,0.11194498747627,6.55940112556398,19.2737687849597,0.1450161694298,20.3308772237931,0,-0.275580581369271,-0.00659118351621891,-0.062463658173825,MV-202,sine_steer_python-1
1863,2026年09月05日_22时52分41秒_第036次,2026-09-05T22:52:41,1.862,38.8915320900641,0.111953975479691,6.56571905907418,19.2845589955009,0.145547408155505,20.3416618840703,0,-0.300451178241515,-0.00714934399826324,-0.0665509135913518,MV-202,sine_steer_python-1
1864,2026年09月05日_22时52分41秒_第036次,2026-09-05T22:52:41,1.863,38.8914265072565,0.111964600075776,6.57141226701622,19.2953491143125,0.146079912480906,20.3524464328836,0,-0.325274330389766,-0.00770637197325444,-0.0706278578581277,MV-202,sine_steer_python-1
1865,2026年09月05日_22时52分41秒_第036次,2026-09-05T22:52:41,1.864,38.8913222117339,0.111975490739143,6.57728155458448,19.3061391426888,0.146613654058825,20.3632308724349,0,-0.35004611795055,-0.00826217594632533,-0.0746936857630101,MV-202,sine_steer_python-1
1866,2026年09月05日_22时52分41秒_第036次,2026-09-05T22:52:41,1.865,38.8912192035147,0.111986489796031,6.5830874868976,19.3169290801286,0.147148649424636,20.3740152017649,0,-0.374762629171452,-0.00881666420364377,-0.0787475760035471,MV-202,sine_steer_python-1
1867,2026年09月05日_22时52分41秒_第036次,2026-09-05T22:52:41,1.866,38.8911174812647,0.111997549198386,6.58888943684193,19.3277189270202,0.147684894628638,20.3847994213501,0,-0.399419961028816,-0.00936974469307624,-0.0827886856506104,MV-202,sine_steer_python-1
1868,2026年09月05日_22时52分41秒_第036次,2026-09-05T22:52:41,1.867,38.8910170601402,0.112008520816128,6.59468851449303,19.33850868347,0.148222391872263,20.3955835312509,0,-0.424014219844109,-0.00992132490174766,-0.0868161444643434,MV-202,sine_steer_python-1
1869,2026年09月05日_22时52分41秒_第036次,2026-09-05T22:52:41,1.868,38.8909179480786,0.11201926060175,6.6004820349242,19.3492983496391,0.148761142289024,20.4063675315947,0,-0.448541521898761,-0.0104713117881913,-0.0908290514902061,MV-202,sine_steer_python-1
1870,2026年09月05日_22时52分41秒_第036次,2026-09-05T22:52:41,1.869,38.8908201538785,0.112029636563253,6.60626986636242,19.3600879256909,0.149301146980775,20.417151422517,0,-0.472997994047453,-0.0110196118973583,-0.0948264793556405,MV-202,sine_steer_python-1
1871,2026年09月05日_22时52分41秒_第036次,2026-09-05T22:52:41,1.87,38.8907236858997,0.112039518924096,6.61204940388648,19.3708774117888,0.149842407101658,20.4279352041527,0,-0.497379774329705,-0.0115661318859057,-0.0988074959254862,MV-202,sine_steer_python-1
1872,2026年09月05日_22时52分41秒_第036次,2026-09-05T22:52:41,1.871,38.8906285521483,0.112048784522146,6.61781823211343,19.3816668081023,0.150384923715309,20.438718876646,0,-0.521683012579795,-0.0121107796159457,-0.102771210145116,MV-202,sine_steer_python-1
1873,2026年09月05日_22时52分41秒_第036次,2026-09-05T22:52:41,1.872,38.8905352629088,0.112057593586845,6.6240085526119,19.3924561148047,0.150928697847564,20.4495024401479,0,-0.545903871034643,-0.0126534653773206,-0.106716823610811,MV-202,sine_steer_python-1
1874,2026年09月05日_22时52分41秒_第036次,2026-09-05T22:52:41,1.873,38.8904429343138,0.112068035147409,6.62958862431723,19.4032453314517,0.151473747918206,20.4602858935761,0,-0.57003852493995,-0.0131941022213695,-0.110643644668695,MV-202,sine_steer_python-1
1875,2026年09月05日_22时52分41秒_第036次,2026-09-05T22:52:41,1.874,38.8903519116282,0.112078765586885,6.63534060002921,19.4140344593469,0.152020046268458,20.4710692391506,0,-0.594083163154073,-0.0137326051899261,-0.114551055480956,MV-202,sine_steer_python-1
1876,2026年09月05日_22时52分41秒_第036次,2026-09-05T22:52:41,1.875,38.8902621941539,0.112089631609338,6.64103072297325,19.4248234979919,0.152567609051603,20.4818524759228,0,-0.61803398874989,-0.014268890339798,-0.118438470111532,MV-202,sine_steer_python-1
1877,2026年09月05日_22时52分41秒_第036次,2026-09-05T22:52:41,1.876,38.8901737804945,0.112100585355074,6.64671694452491,19.435612447779,0.15311643242302,20.4926356043813,0,-0.641887219614419,-0.0148028741883022,-0.12230531037798,MV-202,sine_steer_python-1
1878,2026年09月05日_22时52分41秒_第036次,2026-09-05T22:52:41,1.877,38.8900866851848,0.11211148140875,6.65240036014922,19.4464013088185,0.153666518542729,20.5034186245984,0,-0.665639089045972,-0.0153344735344212,-0.126150997696501,MV-202,sine_steer_python-1
1879,2026年09月05日_22时52分41秒_第036次,2026-09-05T22:52:41,1.878,38.8900009157619,0.112122178187175,6.65807834515906,19.4571900812751,0.154217868528135,20.5142015367131,0,-0.689285846349038,-0.015863605445762,-0.129974952032063,MV-202,sine_steer_python-1
1880,2026年09月05日_22时52分41秒_第036次,2026-09-05T22:52:41,1.879,38.8899164806091,0.112132545805034,6.66375076768457,19.4679787653158,0.154770483465358,20.5249843408722,0,-0.712823757426497,-0.01639018728332,-0.13377659249491,MV-202,sine_steer_python-1
1881,2026年09月05日_22时52分41秒_第036次,2026-09-05T22:52:41,1.88,38.8898333876933,0.11214245645874,6.66941507895828,19.4787673611074,0.155324364491348,20.5357670372215,0,-0.736249105369357,-0.0169141718079447,-0.137556823011688,MV-202,sine_steer_python-1
1882,2026年09月05日_22时52分41秒_第036次,2026-09-05T22:52:41,1.881,38.8897516446486,0.112151788722571,6.67506891354617,19.4895558688228,0.155879512654434,20.5465496259162,0,-0.759558191043595,-0.0174356317639898,-0.141321612571956,MV-202,sine_steer_python-1
1883,2026年09月05日_22时52分41秒_第036次,2026-09-05T22:52:41,1.882,38.8896717498473,0.112160699305466,6.68113447361637,19.5003442886383,0.156435928965779,20.5573321071176,0,-0.782747333674403,-0.0179544789299663,-0.145070101891329,MV-202,sine_steer_python-1
1884,2026年09月05日_22时52分41秒_第036次,2026-09-05T22:52:41,1.883,38.889592838706,0.112171228870132,6.68660426160064,19.5111326201086,0.156993631400051,20.5681144797495,0,-0.805812871427328,-0.0184705967846255,-0.148800218789796,MV-202,sine_steer_python-1
1885,2026年09月05日_22时52分41秒_第036次,2026-09-05T22:52:41,1.884,38.8895152494331,0.112182060655629,6.69224169025424,19.5219208645443,0.157552592992292,20.5788967460453,0,-0.828751161986564,-0.018983866965255,-0.152509797768722,MV-202,sine_steer_python-1
1886,2026年09月05日_22时52分41秒_第036次,2026-09-05T22:52:41,1.885,38.8894389807504,0.112193044545961,6.69781870681898,19.5327090214492,0.15811282950948,20.5896789050656,0,-0.851558583130146,-0.0194941711930305,-0.156196661056148,MV-202,sine_steer_python-1
1887,2026年09月05日_22时52分41秒_第036次,2026-09-05T22:52:41,1.886,38.8893640312977,0.112204131886459,6.70339182782973,19.5434970912185,0.158674337211183,20.6004609573081,0,-0.874231533301865,-0.0200013928859886,-0.159858686433485,MV-202,sine_steer_python-1
1888,2026年09月05日_22时52分41秒_第036次,2026-09-05T22:52:41,1.887,38.8892904150952,0.112215179018097,6.7089621285247,19.5542850739654,0.159237118213991,20.611242902854,0,-0.896766432180062,-0.0205054184477673,-0.163493861349143,MV-202,sine_steer_python-1
1889,2026年09月05日_22时52分41秒_第036次,2026-09-05T22:52:41,1.888,38.889218139384,0.112226045899616,6.7145270400203,19.5650729698573,0.159801173617066,20.6220247418509,0,-0.919159721242972,-0.0210061382219289,-0.167100322888332,MV-202,sine_steer_python-1
1890,2026年09月05日_22时52分41秒_第036次,2026-09-05T22:52:41,1.889,38.8891472122353,0.112236603864887,6.72008642541999,19.5758607790637,0.160366504488457,20.6328064744537,0,-0.941407864330666,-0.0215034471329945,-0.170676384491561,MV-202,sine_steer_python-1
1891,2026年09月05日_22时52分41秒_第036次,2026-09-05T22:52:41,1.89,38.8890776413242,0.112246726236205,6.7256377877554,19.5866485017539,0.160933111945374,20.643588100816,0,-0.963507348203436,-0.0219972450499503,-0.174220550934192,MV-202,sine_steer_python-1
1892,2026年09月05日_22时52分41秒_第036次,2026-09-05T22:52:41,1.891,38.8890094340123,0.112256292520396,6.73117880734183,19.5974361381029,0.161500997018107,20.6543696211,0,-0.985454683096581,-0.0224874369155225,-0.177731523394277,MV-202,sine_steer_python-1
1893,2026年09月05日_22时52分41秒_第036次,2026-09-05T22:52:41,1.892,38.888943076627,0.112265454917498,6.73712165844324,19.6082236882894,0.162070160700241,20.665151035474,0,-1.00724640327152,-0.0229739326926382,-0.181208196791722,MV-202,sine_steer_python-1
1894,2026年09月05日_22时52分41秒_第036次,2026-09-05T22:52:41,1.893,38.8888777243821,0.112276203899343,6.74248316214331,19.6190111518668,0.162640620513834,20.6759323428658,0,-1.02887906756301,-0.0234566471786796,-0.184649651528189,MV-202,sine_steer_python-1
1895,2026年09月05日_22时52分41秒_第036次,2026-09-05T22:52:41,1.894,38.8888137083445,0.112287249845483,6.74800790376941,19.62979853015,0.163212350190562,20.6867135455157,0,-1.05034925992259,-0.023935499729577,-0.188055141413054,MV-202,sine_steer_python-1
1896,2026年09月05日_22时52分41秒_第036次,2026-09-05T22:52:41,1.895,38.888751026776,0.112298445064487,6.75347356241443,19.6405858226452,0.163785365105123,20.6974946424909,0,-1.07165358995799,-0.0244104139281668,-0.191424079230042,MV-202,sine_steer_python-1
1897,2026年09月05日_22时52分41秒_第036次,2026-09-05T22:52:41,1.896,38.88868967843,0.112309739586057,6.75893521001986,19.651373029749,0.164359661618466,20.708275634294,0,-1.09278869346854,-0.0248813172221002,-0.19475602101429,MV-202,sine_steer_python-1
1898,2026年09月05日_22时52分41秒_第036次,2026-09-05T22:52:41,1.897,38.8886296768961,0.11232099103914,6.76439389921285,19.6621601515768,0.164935241799969,20.719056521011,0,-1.11375123297637,-0.0253481405474559,-0.198050649724079,MV-202,sine_steer_python-1
1899,2026年09月05日_22时52分41秒_第036次,2026-09-05T22:52:41,1.898,38.8885710291979,0.112332060518951,6.76984711587272,19.6729471882976,0.165512106726733,20.729837302794,0,-1.13453789825351,-0.0258108179463952,-0.201307758660715,MV-202,sine_steer_python-1
1900,2026年09月05日_22时52分41秒_第036次,2026-09-05T22:52:41,1.899,38.8885137431696,0.112342820232477,6.77529471671018,19.6837341400826,0.166090257444832,20.7406179798019,0,-1.15514540684454,-0.0262692861816581,-0.204527234756167,MV-202,sine_steer_python-1
1901,2026年09月05日_22时52分41秒_第036次,2026-09-05T22:52:41,1.9,38.8884578262655,0.112353144344682,6.78073425586558,19.6945210071023,0.166669695047718,20.7513985521917,0,-1.17557050458494,-0.0267234843479466,-0.207709041731485,MV-202,sine_steer_python-1
1902,2026年09月05日_22时52分41秒_第036次,2026-09-05T22:52:41,1.901,38.8884032856408,0.112362913075319,6.78616345897431,19.7053077895335,0.167250420543561,20.7621790201288,0,-1.19580996611504,-0.027173353480201,-0.210853203127455,MV-202,sine_steer_python-1
1903,2026年09月05日_22时52分41秒_第036次,2026-09-05T22:52:41,1.902,38.8883505954337,0.112372273753356,6.79198441996077,19.7160944875558,0.167832434904218,20.772959383784,0,-1.21586059538921,-0.0276188361608777,-0.213959785297766,MV-202,sine_steer_python-1
1904,2026年09月05日_22时52分41秒_第036次,2026-09-05T22:52:41,1.903,38.8882989311079,0.112383165691678,6.7972384025142,19.7268811007218,0.168415755191708,20.7837396420864,0,-1.23571922618067,-0.02805987613166,-0.217028880595067,MV-202,sine_steer_python-1
1905,2026年09月05日_22时52分41秒_第036次,2026-09-05T22:52:41,1.904,38.8882486164648,0.112394327125879,6.80265106729989,19.7376676303481,0.169000355834738,20.7945197972764,0,-1.2553827225814,-0.0284964179184711,-0.220060591125885,MV-202,sine_steer_python-1
1906,2026年09月05日_22时52分41秒_第036次,2026-09-05T22:52:41,1.905,38.8881996493859,0.112405612709942,6.80800585503417,19.7484540759433,0.169586251809272,20.805299848425,0,-1.27484797949738,-0.0289284064812813,-0.223055013560359,MV-202,sine_steer_python-1
1907,2026年09月05日_22时52分41秒_第036次,2026-09-05T22:52:41,1.906,38.8881520287754,0.112416971285931,6.8133563875285,19.7592404379046,0.170173439573986,20.8160797960348,0,-1.29411192313889,-0.0293557869012534,-0.226012225527433,MV-202,sine_steer_python-1
1908,2026年09月05日_22时52分41秒_第036次,2026-09-05T22:52:41,1.907,38.8881057678326,0.11242826195855,6.81870369568283,19.7700267163483,0.170761921146629,20.826859640193,0,-1.31317151150591,-0.0297785041170131,-0.228932274093338,MV-202,sine_steer_python-1
1909,2026年09月05日_22时52分41秒_第036次,2026-09-05T22:52:41,1.908,38.8880608733983,0.112439347216212,6.82404532254985,19.7808129114446,0.171351697577943,20.8376393810519,0,-1.3320237348685,-0.0301965027193248,-0.231815166715303,MV-202,sine_steer_python-1
1910,2026年09月05日_22时52分41秒_第036次,2026-09-05T22:52:41,1.909,38.8880173530994,0.112450100458074,6.82938112068669,19.7915990233653,0.171942769887771,20.8484190187701,0,-1.35066561624205,-0.0306097268096832,-0.234660864902539,MV-202,sine_steer_python-1
1911,2026年09月05日_22时52分41秒_第036次,2026-09-05T22:52:41,1.91,38.8879752141942,0.112460397074091,6.83470869827735,19.8023850522821,0.172535139141585,20.8591985535043,0,-1.36909421185738,-0.0310181199238764,-0.237469280628607,MV-202,sine_steer_python-1
1912,2026年09月05日_22时52分41秒_第036次,2026-09-05T22:52:41,1.911,38.8879344636512,0.112470118440864,6.84002582951555,19.813170998372,0.173128806321276,20.869977985419,0,-1.38730661162561,-0.0314216791525806,-0.24024256615765,MV-202,sine_steer_python-1
1913,2026年09月05日_22时52分41秒_第036次,2026-09-05T22:52:41,1.912,38.8878955632664,0.112479407351451,6.84572444084236,19.8239568618155,0.173723772372894,20.8807573146836,0,-1.4052999395977,-0.0318204874679597,-0.242986482015627,MV-202,sine_steer_python-1
1914,2026年09月05日_22时52分41秒_第036次,2026-09-05T22:52:41,1.913,38.8878577091096,0.112490151974757,6.85087042874019,19.8347426421641,0.174320053892751,20.8915365402265,0,-1.42307135441857,-0.0322145769794379,-0.245704609982446,MV-202,sine_steer_python-1
1915,2026年09月05日_22时52分41秒_第036次,2026-09-05T22:52:41,1.914,38.8878212175538,0.11250111948212,6.85617041562534,19.8455283407342,0.174917626005453,20.9023156642821,0,-1.44061804977581,-0.0326038915304368,-0.24839676935989,MV-202,sine_steer_python-1
1916,2026年09月05日_22时52分41秒_第036次,2026-09-05T22:52:41,1.915,38.8877860861269,0.112512167475248,6.86141363469891,19.856313957037,0.175516503282726,20.9130946859228,0,-1.45793725484283,-0.0329883687965011,-0.251062490869989,MV-202,sine_steer_python-1
1917,2026年09月05日_22时52分41秒_第036次,2026-09-05T22:52:41,1.916,38.8877523138747,0.1125232443508,6.86665225574259,19.867099491469,0.176116682277791,20.9238736056473,0,-1.47502623471635,-0.0333679403603596,-0.253701019596238,MV-202,sine_steer_python-1
1918,2026年09月05日_22时52分41秒_第036次,2026-09-05T22:52:41,1.917,38.8877199135985,0.11253421147684,6.87188729112723,19.8778849441476,0.176718164953042,20.9346524235407,0,-1.49188229084836,-0.0337425329489464,-0.256311366997173,MV-202,sine_steer_python-1
1919,2026年09月05日_22时52分41秒_第036次,2026-09-05T22:52:41,1.918,38.8876888919427,0.112544933575686,6.87711634595534,19.888670315243,0.177320952329392,20.9454311397523,0,-1.50850276147221,-0.0341120945691396,-0.25889341775031,MV-202,sine_steer_python-1
1920,2026年09月05日_22时52分41秒_第036次,2026-09-05T22:52:41,1.919,38.8876592563092,0.112555286122811,6.88233927344175,19.8994556049276,0.177925045397159,20.9562097544378,0,-1.5248850220229,-0.0344767198090882,-0.261453237777204,MV-202,sine_steer_python-1
1921,2026年09月05日_22时52分41秒_第036次,2026-09-05T22:52:41,1.92,38.8876310137382,0.112565146659611,6.88755374126123,19.910240813373,0.178530445190695,20.9669882677502,0,-1.54102648555158,-0.0348363810449629,-0.263991687186431,MV-202,sine_steer_python-1
1922,2026年09月05日_22时52分41秒_第036次,2026-09-05T22:52:41,1.921,38.8876041709857,0.112574398684667,6.89275757788972,19.9210259407566,0.179137152662657,20.9777666798505,0,-1.55692460313405,-0.0351909511125134,-0.266505380110641,MV-202,sine_steer_python-1
1923,2026年09月05日_22时52分41秒_第036次,2026-09-05T22:52:41,1.922,38.887579177352,0.112583181328888,6.89833242063796,19.9318109872589,0.179745168730521,20.9885449909042,0,-1.57257686427323,-0.0355402995015164,-0.268990759530348,MV-202,sine_steer_python-1
1924,2026年09月05日_22时52分41秒_第036次,2026-09-05T22:52:41,1.923,38.8875552497664,0.11259333242925,6.90336905157057,19.9425959524309,0.180354509522138,20.9993231998382,0,-1.58798079729567,-0.0358842956518732,-0.271444236621372,MV-202,sine_steer_python-1
1925,2026年09月05日_22时52分41秒_第036次,2026-09-05T22:52:41,1.924,38.8875326969795,0.112603649338401,6.90855492426891,19.953380837587,0.180965150856621,21.0101013088755,0,-1.60313396974176,-0.0362228116995594,-0.273862306671984,MV-202,sine_steer_python-1
1926,2026年09月05日_22时52分41秒_第036次,2026-09-05T22:52:41,1.925,38.8875115161467,0.112613993671755,6.91368509499642,19.9641656422408,0.181577106898033,21.0208793170894,0,-1.6180339887499,-0.0365557246845114,-0.27624164220319,MV-202,sine_steer_python-1
1927,2026年09月05日_22时52分41秒_第036次,2026-09-05T22:52:41,1.926,38.8874917064082,0.112624314500675,6.91881028169798,19.9749503667881,0.182190374292527,21.0316572249724,0,-1.63267850143437,-0.0368829182311857,-0.278579163783089,MV-202,sine_steer_python-1
1928,2026年09月05日_22时52分41秒_第036次,2026-09-05T22:52:41,1.927,38.8874732801193,0.112634476591414,6.92393148215734,19.9857350113465,0.182804954945166,21.0424350326057,0,-1.64706519525685,-0.0372042837503914,-0.280872090593427,MV-202,sine_steer_python-1
1929,2026年09月05日_22时52分41秒_第036次,2026-09-05T22:52:41,1.928,38.8874562436779,0.112644348056259,6.92904636922362,19.9965195760863,0.183420849845417,21.053212740134,0,-1.66119179839163,-0.0375197212192246,-0.283117973149962,MV-202,sine_steer_python-1
1930,2026年09月05日_22时52分41秒_第036次,2026-09-05T22:52:41,1.929,38.8874406042078,0.11265380761287,6.93415480243745,20.0073040611797,0.184038059952691,21.0639903477083,0,-1.67505608008428,-0.0378291395968863,-0.285314710619075,MV-202,sine_steer_python-1
1931,2026年09月05日_22时52分41秒_第036次,2026-09-05T22:52:41,1.93,38.8874263684753,0.112662736127506,6.9392545151514,20.0180884667984,0.184656586269067,21.074767855477,0,-1.68865585100403,-0.038132456932302,-0.287460555095061,MV-202,sine_steer_python-1
1932,2026年09月05日_22时52分41秒_第036次,2026-09-05T22:52:41,1.931,38.8874135429657,0.112671020397297,6.94434339650808,20.0288727931193,0.185276429717064,21.0855452635962,0,-1.70198896358938,-0.0384296002162584,-0.289554105067921,MV-202,sine_steer_python-1
1933,2026年09月05日_22时52分41秒_第036次,2026-09-05T22:52:41,1.932,38.8874025643407,0.112678796974081,6.94979264961759,20.0396570403228,0.185897591184905,21.0963225722266,0,-1.7150533123873,-0.038720505027033,-0.291594290153365,MV-202,sine_steer_python-1
1934,2026年09月05日_22时52分41秒_第036次,2026-09-05T22:52:41,1.933,38.8873926705586,0.112687854542569,6.95471823418441,20.05044120796,0.186520086332395,21.1070997802942,0,-1.72784683438567,-0.0390051150143259,-0.293580348981325,MV-202,sine_steer_python-1
1935,2026年09月05日_22时52分41秒_第036次,2026-09-05T22:52:41,1.934,38.8873841625411,0.11269702179045,6.95978829278758,20.0612252973412,0.187143891672709,21.1178768900078,0,-1.74036750933905,-0.0392833812616757,-0.295511801943461,MV-202,sine_steer_python-1
1936,2026年09月05日_22时52分41秒_第036次,2026-09-05T22:52:41,1.935,38.8873770370269,0.112706165514364,6.96480373362748,20.0720093079836,0.18776902096136,21.128653900442,0,-1.75261336008773,-0.0395552615624946,-0.297388420287067,MV-202,sine_steer_python-1
1937,2026年09月05日_22时52分41秒_第036次,2026-09-05T22:52:41,1.936,38.8873712931819,0.112715236604891,6.96981382312513,20.0827932402811,0.188395470937952,21.1394308120826,0,-1.76458245286991,-0.0398207196397283,-0.29921019282583,MV-202,sine_steer_python-1
1938,2026年09月05日_22时52分41秒_第036次,2026-09-05T22:52:41,1.937,38.8873669428492,0.112724104349279,6.97481954751431,20.0935770943517,0.189023243450455,21.1502076250067,0,-1.77627289762709,-0.0400797243344944,-0.300977291340833,MV-202,sine_steer_python-1
1939,2026年09月05日_22时52分41秒_第036次,2026-09-05T22:52:41,1.938,38.8873639921127,0.112732641357141,6.97981865216038,20.1043608703653,0.189652339457495,21.1609843393544,0,-1.78768284830253,-0.0403322487854019,-0.302690035590903,MV-202,sine_steer_python-1
1940,2026年09月05日_22时52分41秒_第036次,2026-09-05T22:52:41,1.939,38.8873624477504,0.112740730668655,6.9848110076369,20.1151445684939,0.190282759888425,21.1717609552723,0,-1.79881050313274,-0.0405782696180011,-0.304348858755819,MV-202,sine_steer_python-1
1941,2026年09月05日_22时52分41秒_第036次,2026-09-05T22:52:41,1.94,38.8873623161871,0.112748257526297,6.9897944180641,20.1259281889086,0.190914505714124,21.1825374729043,0,-1.80965410493204,-0.0408177661628612,-0.305954274095775,MV-202,sine_steer_python-1
1942,2026年09月05日_22时52分41秒_第036次,2026-09-05T22:52:41,1.941,38.8873636035696,0.112755113044197,6.99476683843475,20.1367117317862,0.191547577828264,21.1933138924023,0,-1.82021194136999,-0.041050719720634,-0.307506843604632,MV-202,sine_steer_python-1
1943,2026年09月05日_22时52分41秒_第036次,2026-09-05T22:52:41,1.942,38.8873667337941,0.112761432101313,7.00008888740682,20.1474951973064,0.192181977091327,21.2040902139223,0,-1.83048234524184,-0.041277112892251,-0.309007149425779,MV-202,sine_steer_python-1
1944,2026年09月05日_22时52分41秒_第036次,2026-09-05T22:52:41,1.943,38.8873709659745,0.112768955251849,7.00490199841457,20.158278585021,0.192817718697897,21.2148664363924,0,-1.84046369473174,-0.0414969289911783,-0.310455768747913,MV-202,sine_steer_python-1
1945,2026年09月05日_22时52分41秒_第036次,2026-09-05T22:52:41,1.944,38.8873765930058,0.1127765433524,7.00985485893578,20.1690618962348,0.193454779856562,21.2256425620048,0,-1.85015441366892,-0.0417101515516758,-0.311853252771695,MV-202,sine_steer_python-1
1946,2026年09月05日_22时52分41秒_第036次,2026-09-05T22:52:41,1.945,38.8873836111642,0.112784069267347,7.01475425526838,20.1798451304688,0.194093173915553,21.2364185898381,0,-1.8595529717765,-0.0419167639420188,-0.313200110127259,MV-202,sine_steer_python-1
1947,2026年09月05日_22时52分41秒_第036次,2026-09-05T22:52:41,1.946,38.8873920195753,0.11279148652515,7.01964800097662,20.190628288115,0.194732897710434,21.2471945203719,0,-1.86865788491322,-0.0421167490850315,-0.314496794842151,MV-202,sine_steer_python-1
1948,2026年09月05日_22时52分41秒_第036次,2026-09-05T22:52:41,1.947,38.8874018295072,0.112798669701095,7.02453707167167,20.2014113692911,0.19537395303427,21.2579703536804,0,-1.87746771530775,-0.0423100892809619,-0.315743698649162,MV-202,sine_steer_python-1
1949,2026年09月05日_22时52分41秒_第036次,2026-09-05T22:52:41,1.948,38.8874130466687,0.112805496624411,7.0294192877799,20.2121943741668,0.196016340817342,21.2687460899006,0,-1.88598107178573,-0.0424967661209654,-0.31694114713671,MV-202,sine_steer_python-1
1950,2026年09月05日_22时52分41秒_第036次,2026-09-05T22:52:41,1.949,38.887425677433,0.112811855325351,7.03429453330351,20.2229773029136,0.196660061961606,21.2795217291758,0,-1.89419660998949,-0.0426767604744967,-0.318089399033714,MV-202,sine_steer_python-1
1951,2026年09月05日_22时52分41秒_第036次,2026-09-05T22:52:41,1.95,38.8874397278261,0.11281763603493,7.03916068579204,20.2337601557019,0.19730511740955,21.2902972716472,0,-1.90211303259031,-0.0428500525315936,-0.319188647822932,MV-202,sine_steer_python-1
1952,2026年09月05日_22时52分41秒_第036次,2026-09-05T22:52:41,1.951,38.8874552036009,0.1128227347391,7.04401576875075,20.2445429327079,0.197951508028953,21.3010727174636,0,-1.90972908949329,-0.043016621881645,-0.32023902490252,MV-202,sine_steer_python-1
1953,2026年09月05日_22时52分41秒_第036次,2026-09-05T22:52:41,1.952,38.8874725157796,0.11282728505896,7.04920968038261,20.2553256341104,0.19859923465563,21.3118480667786,0,-1.91704357803475,-0.0431764476133716,-0.32124060364878,MV-202,sine_steer_python-1
1954,2026年09月05日_22时52分41秒_第036次,2026-09-05T22:52:41,1.953,38.8874909447616,0.112832979834883,7.0539095922851,20.2661082594629,0.199248312022762,21.3226233185252,0,-1.92405534317217,-0.043329508425487,-0.322193403934262,MV-202,sine_steer_python-1
1955,2026年09月05日_22时52分41秒_第036次,2026-09-05T22:52:41,1.954,38.8875107752429,0.112838712483856,7.05874460149056,20.2768908100626,0.199898718037628,21.3333984748784,0,-1.93076327766655,-0.0434757827424655,-0.323097396865894,MV-202,sine_steer_python-1
1956,2026年09月05日_22时52分41秒_第036次,2026-09-05T22:52:41,1.955,38.8875320030138,0.112844362266991,7.06352739552885,20.2876732854353,0.200550465643627,21.3441735349238,0,-1.93716632225726,-0.0436152488340072,-0.323952509684346,MV-202,sine_steer_python-1
1957,2026年09月05日_22时52分41秒_第036次,2026-09-05T22:52:41,1.956,38.887554627113,0.112849885611757,7.06830433109403,20.2984556859701,0.201203551775991,21.3549484991363,0,-1.94326346582935,-0.0437478849393249,-0.324758630873435,MV-202,sine_steer_python-1
1958,2026年09月05日_22时52分41秒_第036次,2026-09-05T22:52:41,1.957,38.8875786581953,0.112855162577146,7.07307637157287,20.3092380117848,0.201857978176157,21.3657233675892,0,-1.94905374557315,-0.0438736693979952,-0.325515615554222,MV-202,sine_steer_python-1
1959,2026年09月05日_22时52分41秒_第036次,2026-09-05T22:52:41,1.958,38.8876041015578,0.11286007635042,7.07784141229115,20.3200202630483,0.202513745749517,21.3764981404181,0,-1.95453624713639,-0.0439925807881361,-0.326223291196719,MV-202,sine_steer_python-1
1960,2026年09月05日_22时52分41秒_第036次,2026-09-05T22:52:41,1.959,38.8876309631357,0.112864520025777,7.08259935026147,20.3308024399313,0.203170855374139,21.3872728177655,0,-1.95971010476849,-0.0441045980707841,-0.326881463601494,MV-202,sine_steer_python-1
1961,2026年09月05日_22时52分41秒_第036次,2026-09-05T22:52:41,1.96,38.8876592485263,0.112868388833755,7.08734813624488,20.3415845426036,0.203829307967663,21.3980473997713,0,-1.96457450145738,-0.0442097007373574,-0.327489923019009,MV-202,sine_steer_python-1
1962,2026年09月05日_22时52分41秒_第036次,2026-09-05T22:52:41,1.961,38.8876889630622,0.112871583580084,7.09208586198311,20.3523665712402,0.204489104375541,21.4088218865836,0,-1.96912866905841,-0.0443078689557173,-0.328048450215946,MV-202,sine_steer_python-1
1963,2026年09月05日_22时52分41秒_第036次,2026-09-05T22:52:41,1.962,38.8877205047972,0.112874236410428,7.09715159789849,20.3631485260192,0.205150245412487,21.4195962783552,0,-1.97337188841574,-0.044399083709949,-0.32855682228104,MV-202,sine_steer_python-1
1964,2026年09月05日_22时52分41秒_第036次,2026-09-05T22:52:41,1.963,38.8877531755881,0.112877992036594,7.10173846161244,20.3739304064959,0.205812745353431,21.430370574028,0,-1.97730348947583,-0.0444833269295684,-0.329014817988017,MV-202,sine_steer_python-1
1965,2026年09月05日_22时52分41秒_第036次,2026-09-05T22:52:41,1.964,38.8877872517935,0.11288177640623,7.1064558413916,20.3847122139584,0.20647658280907,21.4411447757588,0,-1.9809228513933,-0.0445605816050972,-0.329422222585614,MV-202,sine_steer_python-1
1966,2026年09月05日_22时52分41秒_第036次,2026-09-05T22:52:41,1.965,38.8878227287297,0.112885474865101,7.11112234653349,20.3954939479376,0.20714177032029,21.4519188826436,0,-1.98422940262896,-0.0446308318883268,-0.329778831943635,MV-202,sine_steer_python-1
1967,2026年09月05日_22时52分41秒_第036次,2026-09-05T22:52:41,1.966,38.887859605333,0.112889046402173,7.11578287012425,20.4062756088195,0.207808304925782,21.4626928951539,0,-1.98722262104002,-0.0446940631766791,-0.330084456030201,MV-202,sine_steer_python-1
1968,2026年09月05日_22时52分41秒_第036次,2026-09-05T22:52:41,1.967,38.8878978916394,0.112892376163355,7.12043835962123,20.4170571967216,0.208476188318557,21.4734668133642,0,-1.9899020339626,-0.044750262181614,-0.330338921718638,MV-202,sine_steer_python-1
1969,2026年09月05日_22时52分41秒_第036次,2026-09-05T22:52:41,1.968,38.8879375925317,0.112895352247652,7.12508678279616,20.4278387118116,0.209145421382366,21.4842406374108,0,-1.99226721828634,-0.0447994205450584,-0.33054222581647,MV-202,sine_steer_python-1
1970,2026年09月05日_22时52分41秒_第036次,2026-09-05T22:52:41,1.969,38.8879787135076,0.112897872313091,7.1297280468681,20.4386201542593,0.209816004974575,21.4950143674365,0,-1.99431780052123,-0.0448415274034537,-0.330694219946546,MV-202,sine_steer_python-1
1971,2026年09月05日_22时52分41秒_第036次,2026-09-05T22:52:41,1.97,38.8880212597398,0.112899836039449,7.1343601732023,20.4494015242332,0.210487939991066,21.5057880035822,0,-1.99605345685654,-0.044876571159801,-0.330794686238265,MV-202,sine_steer_python-1
1972,2026年09月05日_22时52分41秒_第036次,2026-09-05T22:52:41,1.971,38.8880652361476,0.112901148453649,7.13898131910239,20.4601828219073,0.211161227257968,21.5165615459968,0,-1.99747391321203,-0.0449045440868027,-0.330843531124077,MV-202,sine_steer_python-1
1973,2026年09月05日_22时52分41秒_第036次,2026-09-05T22:52:41,1.972,38.8881110277312,0.112901939447504,7.14391965363903,20.4709640474581,0.211835867571796,21.5273349948339,0,-1.99857894528118,-0.044925442082633,-0.330840775559433,MV-202,sine_steer_python-1
1974,2026年09月05日_22时52分41秒_第036次,2026-09-05T22:52:41,1.973,38.8881579580364,0.112903804417384,7.14839438491569,20.4817452004439,0.212511874750397,21.5381083490477,0,-1.9993683785666,-0.0449392667666047,-0.330786644198475,MV-202,sine_steer_python-1
1975,2026年09月05日_22时52分41秒_第036次,2026-09-05T22:52:41,1.974,38.888206294979,0.112905701544252,7.1529950944412,20.4925262821414,0.21318922811311,21.5488816107752,0,-1.99984208840763,-0.0449460065949321,-0.330680764614431,MV-202,sine_steer_python-1
1976,2026年09月05日_22时52分41秒_第036次,2026-09-05T22:52:41,1.975,38.8882560334483,0.112907521435167,7.15754633218494,20.5033072920872,0.213867939799342,21.5596547791258,0,-2,-0.0449456591244352,-0.330523109801979,MV-202,sine_steer_python-1
1977,2026年09月05日_22时52分41秒_第036次,2026-09-05T22:52:41,1.976,38.8883071722939,0.112909224860325,7.16209151902905,20.5140882306635,0.214548006954038,21.5704278545684,0,-1.99984208840763,-0.0449382757257492,-0.33031589176644,MV-202,sine_steer_python-1
1978,2026年09月05日_22时52分41秒_第036次,2026-09-05T22:52:41,1.977,38.8883597209599,0.112910701236466,7.16663158175253,20.5248690979872,0.215229431223861,21.5812008371801,0,-1.9993683785666,-0.0449238646532007,-0.330059458612453,MV-202,sine_steer_python-1
1979,2026年09月05日_22时52分41秒_第036次,2026-09-05T22:52:41,1.978,38.8884136839427,0.112911842733415,7.17116455692069,20.5356498942246,0.215912213472936,21.5919737270987,0,-1.99857894528118,-0.0449024244350802,-0.32975370752003,MV-202,sine_steer_python-1
1980,2026年09月05日_22时52分41秒_第036次,2026-09-05T22:52:41,1.979,38.8884690663335,0.112912550705193,7.17569035790613,20.5464306195439,0.216596354539791,21.6027465244688,0,-1.99747391321204,-0.0448739525223361,-0.329398450732868,MV-202,sine_steer_python-1
1981,2026年09月05日_22时52分41秒_第036次,2026-09-05T22:52:41,1.98,38.8885258729137,0.112912728390982,7.18020707287165,20.5572112741123,0.217281855300246,21.613519229433,0,-1.99605345685654,-0.0448384498255768,-0.328993607655811,MV-202,sine_steer_python-1
1982,2026年09月05日_22时52分41秒_第036次,2026-09-05T22:52:41,1.981,38.8885841082249,0.112912284130079,7.18471292084544,20.5679918581021,0.217968716562642,21.6242918421419,0,-1.99431780052123,-0.0447959233429838,-0.32853931571671,MV-202,sine_steer_python-1
1983,2026年09月05日_22时52分41秒_第036次,2026-09-05T22:52:41,1.982,38.8886441441317,0.112911344474894,7.18952512433257,20.5787723716881,0.218656939106658,21.6350643627506,0,-1.99226721828635,-0.0447464201622145,-0.328037369827816,MV-202,sine_steer_python-1
1984,2026年09月05日_22时52分41秒_第036次,2026-09-05T22:52:41,1.983,38.888705326153,0.112911453860125,7.19388907536311,20.589552814432,0.219346536291688,21.6458367902282,0,-1.9899020339626,-0.0446899476595869,-0.327487844883328,MV-202,sine_steer_python-1
1985,2026年09月05日_22时52分41秒_第036次,2026-09-05T22:52:41,1.984,38.8887679136807,0.112911602366821,7.19837446854497,20.600333187597,0.220037488150364,21.6566091266894,0,-1.98722262104002,-0.0446265041079479,-0.326890391614305,MV-202,sine_steer_python-1
1986,2026年09月05日_22时52分41秒_第036次,2026-09-05T22:52:41,1.985,38.8888319012491,0.112911684820633,7.20281181293244,20.6111134907261,0.220729806419724,21.667381371259,0,-1.98422940262896,-0.0445560914826543,-0.326244777767367,MV-202,sine_steer_python-1
1987,2026年09月05日_22时52分41秒_第036次,2026-09-05T22:52:41,1.986,38.8888972876579,0.112911662844084,7.207243048167,20.6218937241968,0.221423488352092,21.6781535244033,0,-1.9809228513933,-0.0444787069198177,-0.325550527286833,MV-202,sine_steer_python-1
1988,2026年09月05日_22时52分41秒_第036次,2026-09-05T22:52:41,1.987,38.8889640818075,0.112911429192334,7.21166907584023,20.6326738881251,0.222118535548128,21.6889255862021,0,-1.97730348947583,-0.0443943478068447,-0.324807135563055,MV-202,sine_steer_python-1
1989,2026年09月05日_22时52分41秒_第036次,2026-09-05T22:52:41,1.988,38.8890322878554,0.112910879181548,7.21608799781472,20.6434539826754,0.222814948852565,21.6996975567952,0,-1.97337188841574,-0.0443030123354125,-0.324014092882393,MV-202,sine_steer_python-1
1990,2026年09月05日_22时52分41秒_第036次,2026-09-05T22:52:41,1.989,38.8891019105354,0.112909916943956,7.22049972972603,20.6542340080143,0.223512729085163,21.7104694363289,0,-1.96912866905841,-0.0442046998256844,-0.323170898236242,MV-202,sine_steer_python-1
1991,2026年09月05日_22时52分41秒_第036次,2026-09-05T22:52:41,1.99,38.8891729542869,0.112908448372107,7.22490242296876,20.6650139643069,0.224211877101556,21.7212412249475,0,-1.96457450145738,-0.0440994110038049,-0.322277071138706,MV-202,sine_steer_python-1
1992,2026年09月05日_22时52分41秒_第036次,2026-09-05T22:52:41,1.991,38.8892454233243,0.112906384226322,7.22929435476401,20.6757938517234,0.224912393692002,21.732012922803,0,-1.95971010476849,-0.0439871482357359,-0.321332161596335,MV-202,sine_steer_python-1
1993,2026年09月05日_22时52分41秒_第036次,2026-09-05T22:52:41,1.992,38.889319676297,0.112903846672151,7.23398177068208,20.6865736704367,0.225614279618885,21.742784530052,0,-1.95453624713639,-0.0438679157179892,-0.320335758257311,MV-202,sine_steer_python-1
1994,2026年09月05日_22时52分41秒_第036次,2026-09-05T22:52:41,1.993,38.8893950810041,0.11290232752904,7.23823631553127,20.6973534200125,0.226317547779565,21.75355604568,0,-1.94905374557316,-0.0437417196306907,-0.319287494970503,MV-202,sine_steer_python-1
1995,2026年09月05日_22时52分41秒_第036次,2026-09-05T22:52:41,1.994,38.8894718882446,0.112900848640225,7.24260772758258,20.7081331016982,0.227022178923225,21.764327471776,0,-1.94326346582935,-0.0436085682565334,-0.318187055905161,MV-202,sine_steer_python-1
1996,2026年09月05日_22时52分41秒_第036次,2026-09-05T22:52:41,1.995,38.8895500922769,0.112899308139506,7.2469324938224,20.7189127150438,0.227728184381798,21.7750988074811,0,-1.93716632225726,-0.0434684720675108,-0.317034179311489,MV-202,sine_steer_python-1
1997,2026年09月05日_22时52分41秒_第036次,2026-09-05T22:52:41,1.996,38.8896296918949,0.112897667754114,7.2512510646273,20.7296922604215,0.228435561514357,21.785870053258,0,-1.93076327766655,-0.0433214437803638,-0.315828659962021,MV-202,sine_steer_python-1
1998,2026年09月05日_22时52分41秒_第036次,2026-09-05T22:52:41,1.997,38.8897106955085,0.112895822856792,7.25556431319876,20.7404717379459,0.229144311874196,21.7966412091888,0,-1.92405534317217,-0.0431674983812946,-0.314570350297607,MV-202,sine_steer_python-1
1999,2026年09月05日_22时52分41秒_第036次,2026-09-05T22:52:41,1.998,38.8897931069876,0.112893671226717,7.25987040450116,20.7512511477794,0.22985443628521,21.8074122754144,0,-1.91704357803475,-0.0430066531206328,-0.313259160307581,MV-202,sine_steer_python-1
2000,2026年09月05日_22时52分41秒_第036次,2026-09-05T22:52:41,1.999,38.8898769307587,0.112891119126754,7.26416925390291,20.7620304900861,0.230565935546816,21.818183252082,0,-1.90972908949329,-0.0428389274786394,-0.311895056194749,MV-202,sine_steer_python-1
2001,2026年09月05日_22时52分41秒_第036次,2026-09-05T22:52:41,2,38.8899621709698,0.112888074494851,7.26845907389924,20.772809765029,0.231278810492744,21.8289541393367,0,-1.90211303259031,-0.0426643431043858,-0.310478057907731,MV-202,sine_steer_python-1
2002,2026年09月05日_22时52分41秒_第036次,2026-09-05T22:52:41,2.001,38.8900488315567,0.112884449945912,7.27273819787677,20.7835889727759,0.231993061893346,21.8397249373312,0,-1.89419660998949,-0.0424829237305142,-0.309008235659628,MV-202,sine_steer_python-1
2003,2026年09月05日_22时52分41秒_第036次,2026-09-05T22:52:41,2.002,38.8901372578785,0.112880362568591,7.27730186226852,20.7943681134971,0.232708690491766,21.8504956462224,0,-1.88598107178573,-0.0422946950677167,-0.307485705595535,MV-202,sine_steer_python-1
2004,2026年09月05日_22时52分41秒_第036次,2026-09-05T22:52:41,2.003,38.8902268403056,0.112877250341069,7.28144803979888,20.8051471867631,0.233425708718611,21.861266265013,0,-1.87746771530775,-0.0420996846838838,-0.305910624818443,MV-202,sine_steer_python-1
2005,2026年09月05日_22时52分41秒_第036次,2026-09-05T22:52:41,2.004,38.8903178209751,0.112874167081835,7.28570644450607,20.8159261938037,0.23414409804119,21.8720367957622,0,-1.86865788491322,-0.04189792187388,-0.304283186025452,MV-202,sine_steer_python-1
2006,2026年09月05日_22时52分41秒_第036次,2026-09-05T22:52:41,2.005,38.8904101939387,0.112871013747058,7.28991956100715,20.8267051341761,0.234863869382441,21.8828072376279,0,-1.8595529717765,-0.0416894375266142,-0.302603612036414,MV-202,sine_steer_python-1
2007,2026年09月05日_22时52分41秒_第036次,2026-09-05T22:52:41,2.006,38.8905039580208,0.112867751857737,7.29412634441209,20.8374840082465,0.235585020206347,21.8935775910674,0,-1.85015441366892,-0.04147426399629,-0.300872150506176,MV-202,sine_steer_python-1
2008,2026年09月05日_22时52分41秒_第036次,2026-09-05T22:52:41,2.007,38.8905991211843,0.112864279138297,7.29832763814521,20.8482628161281,0.236307552016369,21.9043478561638,0,-1.84046369473174,-0.0412524349842448,-0.299089069091758,MV-202,sine_steer_python-1
2009,2026年09月05日_22时52分41秒_第036次,2026-09-05T22:52:41,2.008,38.8906956870508,0.112860495619322,7.30252166995194,20.8590415579806,0.237031465613102,21.9151180330581,0,-1.83048234524184,-0.041023985436562,-0.297254651293779,MV-202,sine_steer_python-1
2010,2026年09月05日_22时52分41秒_第036次,2026-09-05T22:52:41,2.009,38.8907936597782,0.112856309533398,7.30670835436828,20.8698202339658,0.237756761773125,21.9258881218969,0,-1.82021194136999,-0.0407889514607268,-0.295369193110785,MV-202,sine_steer_python-1
2011,2026年09月05日_22时52分41秒_第036次,2026-09-05T22:52:41,2.01,38.890893043259,0.112851630755701,7.31088596486859,20.8805988442439,0.238483441305723,21.936658122825,0,-1.80965410493204,-0.0405473702622634,-0.293433000546139,MV-202,sine_steer_python-1
2012,2026年09月05日_22时52分41秒_第036次,2026-09-05T22:52:41,2.011,38.8909938411853,0.112846373700298,7.31505289103644,20.8913773889799,0.239211504958778,21.9474280359942,0,-1.79881050313274,-0.0402992800998899,-0.291446387905634,MV-202,sine_steer_python-1
2013,2026年09月05日_22时52分41秒_第036次,2026-09-05T22:52:41,2.012,38.8910963855586,0.112840650234839,7.31949331209111,20.9021558683414,0.239940953453627,21.9581978615604,0,-1.78768284830253,-0.0400447223170957,-0.289409763973906,MV-202,sine_steer_python-1
2014,2026年09月05日_22时52分41秒_第036次,2026-09-05T22:52:41,2.013,38.8912000895617,0.112835843971211,7.3235316348116,20.9129342819047,0.240671798749668,21.9689675985444,0,-1.77627289762709,-0.0397837869642778,-0.287325562759033,MV-202,sine_steer_python-1
2015,2026年09月05日_22时52分41秒_第036次,2026-09-05T22:52:41,2.014,38.8913051865924,0.11283104129942,7.32767747466962,20.9237126308793,0.241404023032524,21.9797372489707,0,-1.76458245286991,-0.0395165401564774,-0.285195169851374,MV-202,sine_steer_python-1
2016,2026年09月05日_22时52分41秒_第036次,2026-09-05T22:52:41,2.015,38.8914116705428,0.112826146075386,7.33177933427984,20.9344909148307,0.242137636812183,21.9905068120141,0,-1.75261336008773,-0.0392430303407169,-0.28301918776739,MV-202,sine_steer_python-1
2017,2026年09月05日_22时52分41秒_第036次,2026-09-05T22:52:41,2.016,38.8915195402873,0.112821119838659,7.33587466977356,20.9452691341186,0.242872637655403,22.001276288125,0,-1.74036750933905,-0.0389633053821894,-0.280798159138693,MV-202,sine_steer_python-1
2018,2026年09月05日_22时52分41秒_第036次,2026-09-05T22:52:41,2.017,38.8916288033643,0.112815862935874,7.3399642950614,20.9560472888541,0.243609027013216,22.0120456773863,0,-1.72784683438567,-0.0386774464316915,-0.278534000075319,MV-202,sine_steer_python-1
2019,2026年09月05日_22时52分41秒_第036次,2026-09-05T22:52:41,2.018,38.8917394631673,0.112810277972642,7.34404650208378,20.9668253791946,0.244346805660436,22.0228149799374,0,-1.71505331238731,-0.0383855434357597,-0.276228964153208,MV-202,sine_steer_python-1
2020,2026年09月05日_22时52分41秒_第036次,2026-09-05T22:52:41,2.019,38.891851523603,0.112804275522052,7.34812120580739,20.9776034052987,0.245085974348392,22.0335841959233,0,-1.70198896358938,-0.0380876480151417,-0.273883648818921,MV-202,sine_steer_python-1
2021,2026年09月05日_22时52分41秒_第036次,2026-09-05T22:52:41,2.02,38.8919649883237,0.112797767814557,7.35218674238998,20.9883813673239,0.245826533859578,22.0443533254871,0,-1.68865585100403,-0.0377838102535228,-0.271498552137146,MV-202,sine_steer_python-1
2022,2026年09月05日_22时52分41秒_第036次,2026-09-05T22:52:41,2.021,38.8920798607908,0.112790671526805,7.356241559485,20.9991592654323,0.24656848491714,22.0551223687783,0,-1.67505608008428,-0.0374740784361365,-0.269074062070421,MV-202,sine_steer_python-1
2023,2026年09月05日_22时52分41秒_第036次,2026-09-05T22:52:41,2.022,38.8921964595952,0.1127830937068,7.36055870845014,21.0099370997883,0.247311828218433,22.0658913259508,0,-1.66119179839163,-0.0371584994220861,-0.266610472505831,MV-202,sine_steer_python-1
2024,2026年09月05日_22时52分41秒_第036次,2026-09-05T22:52:41,2.023,38.8923142209026,0.112776363802359,7.36448917767971,21.0207148699749,0.248056575248727,22.0766601960438,0,-1.64706519525686,-0.0368371190510426,-0.264108000749881,MV-202,sine_steer_python-1
2025,2026年09月05日_22时52分41秒_第036次,2026-09-05T22:52:41,2.024,38.8924333692835,0.112769601658333,7.36852239922643,21.0314925771793,0.248802708911505,22.0874289810433,0,-1.63267850143437,-0.0365099825048113,-0.261566803124493,MV-202,sine_steer_python-1
2026,2026年09月05日_22时52分41秒_第036次,2026-09-05T22:52:41,2.025,38.8925538984935,0.112762714615056,7.37251291407336,21.0422702209761,0.249550239300873,22.0981976801414,0,-1.61803398874989,-0.0361771346344723,-0.258986989109063,MV-202,sine_steer_python-1
2027,2026年09月05日_22时52分41秒_第036次,2026-09-05T22:52:41,2.026,38.8926758074555,0.112755664906829,7.37649667745373,21.0530478017178,0.250299164084923,22.1089662937797,0,-1.60313396974175,-0.0358386202596945,-0.256368634307174,MV-202,sine_steer_python-1
2028,2026年09月05日_22时52分41秒_第036次,2026-09-05T22:52:41,2.027,38.892799103285,0.11274835620804,7.38047447495576,21.0638253195138,0.251049484660504,22.1197348220401,0,-1.58798079729567,-0.0354944844450934,-0.253711792444698,MV-202,sine_steer_python-1
2029,2026年09月05日_22时52分41秒_第036次,2026-09-05T22:52:41,2.028,38.8929237891459,0.112740694439726,7.38444466512517,21.0746027745182,0.251801201775118,22.1305032650595,0,-1.57257686427324,-0.0351448285301039,-0.251018869569642,MV-202,sine_steer_python-1
2030,2026年09月05日_22时52分41秒_第036次,2026-09-05T22:52:41,2.029,38.8930498686907,0.11273259328301,7.38840716568516,21.0853801668868,0.252554316153461,22.1412716229804,0,-1.55692460313405,-0.0347897768604423,-0.248293214673157,MV-202,sine_steer_python-1
2031,2026年09月05日_22时52分41秒_第036次,2026-09-05T22:52:41,2.03,38.8931773453268,0.11272396811678,7.39236037819698,21.0961574967742,0.253308828549994,22.1520398959429,0,-1.54102648555158,-0.0344294760903633,-0.245539090046599,MV-202,sine_steer_python-1
2032,2026年09月05日_22时52分41秒_第036次,2026-09-05T22:52:41,2.031,38.8933062222777,0.112714738695939,7.3963028112513,21.1069347643391,0.254064739662051,22.162808084094,0,-1.5248850220229,-0.0340639781100593,-0.242756712200257,MV-202,sine_steer_python-1
2033,2026年09月05日_22时52分41秒_第036次,2026-09-05T22:52:41,2.032,38.8934368046861,0.112705008012824,7.4004962978414,21.1177119697426,0.254822050162082,22.1735761875843,0,-1.50850276147221,-0.0336932901903898,-0.239944376824062,MV-202,sine_steer_python-1
2034,2026年09月05日_22时52分41秒_第036次,2026-09-05T22:52:41,2.033,38.8935685518043,0.11269605205969,7.40431859006806,21.1284891125755,0.255580771060534,22.1843442054732,0,-1.49188229084836,-0.0333174184951479,-0.237100302657687,MV-202,sine_steer_python-1
2035,2026年09月05日_22时52分41秒_第036次,2026-09-05T22:52:41,2.034,38.89370167928,0.112687025119474,7.40823884231636,21.1392661940007,0.256340885978605,22.1951121397038,0,-1.47502623471635,-0.0329363707099825,-0.234222743175375,MV-202,sine_steer_python-1
2036,2026年09月05日_22时52分41秒_第036次,2026-09-05T22:52:41,2.035,38.8938361807361,0.11267783888411,7.41211765344511,21.1500432136025,0.257102404593298,22.2058799894867,0,-1.45793725484282,-0.0325501580388054,-0.23131007137109,MV-202,sine_steer_python-1
2037,2026年09月05日_22时52分41秒_第036次,2026-09-05T22:52:41,2.036,38.8939720551276,0.112668457177385,7.41598947663846,21.1608201717259,0.257865324674005,22.2166477552539,0,-1.44061804977581,-0.0321587966445408,-0.228360841014323,MV-202,sine_steer_python-1
2038,2026年09月05日_22时52分41秒_第036次,2026-09-05T22:52:41,2.037,38.8941093091327,0.112658787898042,7.41985507030959,21.1715970684782,0.258629647563146,22.2274154370856,0,-1.42307135441857,-0.0317623085729926,-0.225373826046875,MV-202,sine_steer_python-1
2039,2026年09月05日_22时52分41秒_第036次,2026-09-05T22:52:41,2.038,38.8942479456702,0.112648741185465,7.42371286199009,21.1823739040106,0.259395373980928,22.2381830351158,0,-1.4052999395977,-0.031360722232791,-0.222348041209084,MV-202,sine_steer_python-1
2040,2026年09月05日_22时52分41秒_第036次,2026-09-05T22:52:41,2.039,38.8943879681214,0.112638234729414,7.42756277447668,21.1931506784756,0.260162504625618,22.2489505494843,0,-1.38730661162561,-0.0309540725182356,-0.21928274756694,MV-202,sine_steer_python-1
2041,2026年09月05日_22时52分41秒_第036次,2026-09-05T22:52:41,2.04,38.8945293796313,0.112627187953616,7.43140327736972,21.2039273920246,0.26093104022402,22.2597179803281,0,-1.36909421185737,-0.0305424006665257,-0.216177446809648,MV-202,sine_steer_python-1
2042,2026年09月05日_22时52分41秒_第036次,2026-09-05T22:52:41,2.041,38.8946721831674,0.11261552457988,7.43523294293019,21.214704044813,0.261700981448212,22.270485327791,0,-1.35066561624205,-0.0301257539373717,-0.213031868039964,MV-202,sine_steer_python-1
2043,2026年09月05日_22时52分41秒_第036次,2026-09-05T22:52:41,2.042,38.8948166703984,0.112603344373122,7.43930228639605,21.2254806369985,0.262472328946467,22.2812525920204,0,-1.3320237348685,-0.0297041851923805,-0.209845950331262,MV-202,sine_steer_python-1
2044,2026年09月05日_22时52分41秒_第036次,2026-09-05T22:52:41,2.043,38.8949623237241,0.112591870698924,7.44301601888949,21.2362571681801,0.263245093255825,22.2920197720975,0,-1.31317151150592,-0.0292777524354577,-0.206619823642085,MV-202,sine_steer_python-1
2045,2026年09月05日_22时52分41秒_第036次,2026-09-05T22:52:41,2.044,38.895109349772,0.112580293149196,7.44682291931908,21.247033639495,0.264019258716164,22.3027868699196,0,-1.29411192313889,-0.0288465183559597,-0.203353789853677,MV-202,sine_steer_python-1
2046,2026年09月05日_22时52分41秒_第036次,2026-09-05T22:52:41,2.045,38.8952577420306,0.112568528604369,7.45058966232713,21.2578100505378,0.264794834587988,22.3135538847173,0,-1.27484797949738,-0.0284105498962259,-0.200048304844968,MV-202,sine_steer_python-1
2047,2026年09月05日_22时52分41秒_第036次,2026-09-05T22:52:41,2.046,38.8954074994631,0.112556543292292,7.45434919751837,21.2685864016455,0.265571818743552,22.3243208169121,0,-1.2553827225814,-0.0279699178472367,-0.196703961763066,MV-202,sine_steer_python-1
2048,2026年09月05日_22时52分41秒_第036次,2026-09-05T22:52:41,2.047,38.8955586282923,0.11254425012354,7.45810225638512,21.2793626929233,0.266350212472224,22.3350876665831,0,-1.23571922618067,-0.0275246964629838,-0.193321475090308,MV-202,sine_steer_python-1
2049,2026年09月05日_22时52分41秒_第036次,2026-09-05T22:52:41,2.048,38.8957111311716,0.112531564220494,7.46184733687442,21.2901389245192,0.267130016468538,22.3458544338617,0,-1.21586059538921,-0.0270749630772504,-0.189901664817679,MV-202,sine_steer_python-1
2050,2026年09月05日_22时52分41秒_第036次,2026-09-05T22:52:41,2.049,38.8958650111925,0.112518408015374,7.4655843681944,21.3009150965824,0.267911231406112,22.3566211188846,0,-1.19580996611504,-0.026620797706259,-0.186445440024401,MV-202,sine_steer_python-1
2051,2026年09月05日_22时52分41秒_第036次,2026-09-05T22:52:41,2.05,38.8960202712184,0.112504705678323,7.46931188955924,21.3116912092606,0.268693857986013,22.3673877217862,0,-1.17557050458495,-0.0261622826261319,-0.182953781396085,MV-202,sine_steer_python-1
2052,2026年09月05日_22时52分41秒_第036次,2026-09-05T22:52:41,2.051,38.8961769139421,0.112490385564733,7.47302853851303,21.3224672627061,0.269477896857126,22.3781542427073,0,-1.15514540684453,-0.0256995019233891,-0.17942772260659,MV-202,sine_steer_python-1
2053,2026年09月05日_22时52分41秒_第036次,2026-09-05T22:52:41,2.052,38.8963352175381,0.112475544793686,7.47697341956156,21.3332432570728,0.270263348645737,22.3889206817925,0,-1.13453789825352,-0.0252325410272218,-0.175868330933982,MV-202,sine_steer_python-1
2054,2026年09月05日_22时52分41秒_第036次,2026-09-05T22:52:41,2.053,38.8964946876081,0.112461354637246,7.48057838331554,21.344019191969,0.271050223418174,22.399687038147,0,-1.11375123297638,-0.024761486241494,-0.172276687870935,MV-202,sine_steer_python-1
2055,2026年09月05日_22时52分41秒_第036次,2026-09-05T22:52:41,2.054,38.8966555216654,0.112447040588862,7.48427174031255,21.3547950685038,0.271838506235455,22.4104533136193,0,-1.09278869346854,-0.0242864243003127,-0.168653870738761,MV-202,sine_steer_python-1
2056,2026年09月05日_22时52分41秒_第036次,2026-09-05T22:52:41,2.055,38.89681771307,0.112432525230325,7.48792625695148,21.3655708862832,0.27262820594348,22.421219507462,0,-1.071653589958,-0.0238074419724222,-0.165000936374147,MV-202,sine_steer_python-1
2057,2026年09月05日_22时52分41秒_第036次,2026-09-05T22:52:41,2.056,38.8969812607738,0.112417777665201,7.4915733764941,21.3763466456356,0.273419320520167,22.4319856200863,0,-1.05034925992259,-0.023324625736582,-0.161318907825979,MV-202,sine_steer_python-1
2058,2026年09月05日_22时52分41秒_第036次,2026-09-05T22:52:41,2.057,38.8971461705316,0.112402716239645,7.4952138024556,21.3871223466641,0.274211851204388,22.4427516515704,0,-1.02887906756301,-0.0228380615432978,-0.157608764712161,MV-202,sine_steer_python-1
2059,2026年09月05日_22时52分41秒_第036次,2026-09-05T22:52:41,2.058,38.8973124447195,0.112387261439949,7.4988461031923,21.397897989513,0.275005798667721,22.4535176020434,0,-1.00724640327152,-0.0223478346693332,-0.153871437507449,MV-202,sine_steer_python-1
2060,2026年09月05日_22时52分41秒_第036次,2026-09-05T22:52:41,2.059,38.897480086128,0.11237134077258,7.50247021415886,21.4086735743279,0.275801163561933,22.4642834716396,0,-0.985454683096585,-0.021854029662563,-0.15010780565818,MV-202,sine_steer_python-1
2061,2026年09月05日_22时52分41秒_第036次,2026-09-05T22:52:41,2.06,38.8976490973288,0.11235488343689,7.50608474419247,21.4194491012534,0.276597946565219,22.4750492604912,0,-0.963507348203427,-0.0213567303677288,-0.146318699123327,MV-202,sine_steer_python-1
2062,2026年09月05日_22时52分41秒_第036次,2026-09-05T22:52:41,2.061,38.8978194807318,0.112337822654437,7.50968839611628,21.4302245704375,0.277396148306184,22.4858149687365,0,-0.941407864330669,-0.0208560200153001,-0.142504902588109,MV-202,sine_steer_python-1
2063,2026年09月05日_22时52分41秒_第036次,2026-09-05T22:52:41,2.062,38.8979915009925,0.11232025301388,7.51350879151024,21.4409999820305,0.278195769392091,22.4965805965173,0,-0.919159721242975,-0.0203519813500073,-0.138667161357956,MV-202,sine_steer_python-1
2064,2026年09月05日_22时52分41秒_第036次,2026-09-05T22:52:41,2.063,38.8981646869968,0.1123032936249,7.5170050609348,21.4517753356509,0.278996819421248,22.5073461429656,0,-0.896766432180065,-0.0198446967773335,-0.134806188013695,MV-202,sine_steer_python-1
2065,2026年09月05日_22时52分41秒_第036次,2026-09-05T22:52:41,2.064,38.898339227059,0.112286206130244,7.52058496677658,21.4625506323775,0.279799284179629,22.5181116098784,0,-0.874231533301868,-0.0193342485092678,-0.130922669037153,MV-202,sine_steer_python-1
2066,2026年09月05日_22时52分41秒_第036次,2026-09-05T22:52:41,2.065,38.898515114433,0.112268918824389,7.52412738140405,21.4733258718285,0.280603172100767,22.528876996532,0,-0.851558583130143,-0.0188207186944591,-0.127017270778379,MV-202,sine_steer_python-1
2067,2026年09月05日_22时52分41秒_第036次,2026-09-05T22:52:41,2.066,38.8986923480511,0.112251403674679,7.52766223747401,21.4841010543232,0.281408481271482,22.5396423033273,0,-0.828751161986567,-0.0183041895227425,-0.123090644340579,MV-202,sine_steer_python-1
2068,2026年09月05日_22时52分41秒_第036次,2026-09-05T22:52:41,2.067,38.8988709332026,0.112233584396998,7.53119020830869,21.4948761799621,0.282215212883035,22.5504075303422,0,-0.805812871427325,-0.0177847904119699,-0.119145423677386,MV-202,sine_steer_python-1
2069,2026年09月05日_22时52分41秒_第036次,2026-09-05T22:52:41,2.068,38.8990508719881,0.112215386728174,7.53470993134195,21.5056512488859,0.283023367586982,22.5611726777039,0,-0.782747333674406,-0.0172627458422275,-0.11518825080712,MV-202,sine_steer_python-1
2070,2026年09月05日_22时52分41秒_第036次,2026-09-05T22:52:41,2.069,38.8992321669005,0.112196743084264,7.5382213467024,21.5164262612365,0.283832946016158,22.5719377455444,0,-0.759558191043599,-0.0167381343626839,-0.111219574165354,MV-202,sine_steer_python-1
2071,2026年09月05日_22时52分41秒_第036次,2026-09-05T22:52:41,2.07,38.8994148202256,0.112177587479685,7.54172313142106,21.5272012171543,0.284643948828757,22.5827027339941,0,-0.73624910536936,-0.0162110049401613,-0.107238574850526,MV-202,sine_steer_python-1
2072,2026年09月05日_22时52分41秒_第036次,2026-09-05T22:52:41,2.071,38.8995988340965,0.11215785773917,7.54521405212857,21.5379761167836,0.285456376635943,22.593467643189,0,-0.712823757426501,-0.0156814044358309,-0.10324433032923,MV-202,sine_steer_python-1
2073,2026年09月05日_22时52分41秒_第036次,2026-09-05T22:52:41,2.072,38.8997844596129,0.112137645512174,7.54891020467684,21.5487509602704,0.286270230028731,22.6042324732685,0,-0.689285846349042,-0.0151493795251924,-0.0992358961855387,MV-202,sine_steer_python-1
2074,2026年09月05日_22时52分41秒_第036次,2026-09-05T22:52:41,2.073,38.8999712490783,0.112118016977904,7.5522980862088,21.5595257472444,0.287085518138838,22.6149972233939,0,-0.665639089045975,-0.0146149782508988,-0.0952123722877866,MV-202,sine_steer_python-1
2075,2026年09月05日_22时52分41秒_第036次,2026-09-05T22:52:41,2.074,38.9001593815307,0.112098269881941,7.55576484945274,21.5703004787519,0.287902227481747,22.625761895307,0,-0.641887219614416,-0.0140782512290839,-0.0911729542903133,MV-202,sine_steer_python-1
2076,2026年09月05日_22时52分41秒_第036次,2026-09-05T22:52:41,2.075,38.9003488501614,0.112078337735354,7.55919548581107,21.5810751544241,0.288720366080153,22.6365264883101,0,-0.6180339887499,-0.0135392525197692,-0.08711697092628,MV-202,sine_steer_python-1
2077,2026年09月05日_22时52分41秒_第036次,2026-09-05T22:52:41,2.076,38.9005396538883,0.112058194897701,7.56261841196407,21.5918497745702,0.289539932132514,22.6472910027931,0,-0.59408316315407,-0.0129980401985364,-0.0830439086648979,MV-202,sine_steer_python-1
2078,2026年09月05日_22时52分41秒_第036次,2026-09-05T22:52:41,2.077,38.9007317975534,0.112037769939431,7.56603426831313,21.6026243392883,0.290360926784736,22.6580554388337,0,-0.570038524939954,-0.0124546766765568,-0.0789534257247189,MV-202,sine_steer_python-1
2079,2026年09月05日_22时52分41秒_第036次,2026-09-05T22:52:41,2.078,38.9009252829989,0.112016993296935,7.56944175935689,21.6133988487152,0.291183350670562,22.6688197965572,0,-0.545903871034647,-0.0119092288187899,-0.0748453575504961,MV-202,sine_steer_python-1
2080,2026年09月05日_22时52分41秒_第036次,2026-09-05T22:52:41,2.079,38.9011201124391,0.111995801707596,7.57284082757113,21.6241733029884,0.292007204405985,22.6795840760937,0,-0.521683012579798,-0.0113617679079681,-0.0707197157676373,MV-202,sine_steer_python-1
2081,2026年09月05日_22时52分41秒_第036次,2026-09-05T22:52:41,2.08,38.9013162878935,0.111974133378703,7.57623021600268,21.6349477022443,0.292832488631171,22.6903482775712,0,-0.497379774329709,-0.0108123694964548,-0.0665766823950259,MV-202,sine_steer_python-1
2082,2026年09月05日_22时52分41秒_第036次,2026-09-05T22:52:41,2.081,38.9015138112398,0.111951930084093,7.57960875286739,21.6457220466229,0.293659203941684,22.7011124011236,0,-0.472997994047457,-0.0102611514374577,-0.062418219737212,MV-202,sine_steer_python-1
2083,2026年09月05日_22时52分41秒_第036次,2026-09-05T22:52:41,2.082,38.9017129199689,0.111929279718924,7.58318099493476,21.6564963362658,0.294487350914001,22.7118764468877,0,-0.448541521898765,-0.00970841656813867,-0.0582541089940869,MV-202,sine_steer_python-1
2084,2026年09月05日_22时52分41秒_第036次,2026-09-05T22:52:41,2.083,38.9019131899861,0.111907194202741,7.5864608406393,21.6672705708148,0.295316938212586,22.7226404140556,0,-0.424014219844106,-0.0091542953594549,-0.0540868284958297,MV-202,sine_steer_python-1
2085,2026年09月05日_22时52分41秒_第036次,2026-09-05T22:52:41,2.084,38.9021147909834,0.111885007189289,7.58981479024344,21.6780447512813,0.296147953086838,22.7334043043105,0,-0.399419961028819,-0.00859888379073506,-0.0499173885069545,MV-202,sine_steer_python-1
2086,2026年09月05日_22时52分41秒_第036次,2026-09-05T22:52:41,2.085,38.9023177161475,0.111862656564802,7.59313396691099,21.6888188773101,0.296980403148652,22.744168116982,0,-0.374762629171449,-0.00804227407870435,-0.0457466321530587,MV-202,sine_steer_python-1
2087,2026年09月05日_22时52分41秒_第036次,2026-09-05T22:52:41,2.086,38.9025219643975,0.111840118325087,7.59644526574262,21.6995929492002,0.297814286709575,22.7549318524482,0,-0.350046117950553,-0.00748455468243978,-0.0415752361605001,MV-202,sine_steer_python-1
2088,2026年09月05日_22时52分41秒_第036次,2026-09-05T22:52:41,2.087,38.9027275401577,0.111817325118304,7.59974929187284,21.7103669670468,0.298649604871062,22.7656955107864,0,-0.32527433038977,-0.00692581112335722,-0.0374037460549567,MV-202,sine_steer_python-1
2089,2026年09月05日_22时52分41秒_第036次,2026-09-05T22:52:41,2.088,38.9029344450395,0.111794211291297,7.6030448150972,21.7211409309822,0.299486358249816,22.7764590921193,0,-0.300451178241519,-0.00636612666155348,-0.0332326052790705,MV-202,sine_steer_python-1
2090,2026年09月05日_22时52分41秒_第036次,2026-09-05T22:52:41,2.089,38.9031426810067,0.111770717101511,7.6063317781164,21.7319148411398,0.300324547445612,22.7872225965744,0,-0.275580581369275,-0.00580558281078604,-0.0290621774798081,MV-202,sine_steer_python-1
2091,2026年09月05日_22时52分41秒_第036次,2026-09-05T22:52:41,2.09,38.9033522498414,0.111746784139702,7.60960898804843,21.7426886976516,0.301164173081027,22.7979860242772,0,-0.250666467128602,-0.00524425972423126,-0.0248927633266557,MV-202,sine_steer_python-1
2092,2026年09月05日_22时52分41秒_第036次,2026-09-05T22:52:41,2.091,38.9035631531944,0.111722357314017,7.61287533272521,21.7534625006528,0.302005235736311,22.8087493753583,0,-0.225712769746965,-0.00468223648140627,-0.0207246131482657,MV-202,sine_steer_python-1
2093,2026年09月05日_22时52分41秒_第036次,2026-09-05T22:52:41,2.092,38.9037756148809,0.111697519793372,7.61632383754974,21.7642362502805,0.302847735973527,22.8195126499517,0,-0.200723429702426,-0.0041195913150782,-0.0165579370305366,MV-202,sine_steer_python-1
2094,2026年09月05日_22时52分41秒_第036次,2026-09-05T22:52:41,2.093,38.9039892346254,0.11167322766857,7.61949580170043,21.7750099461895,0.303691681986992,22.8302758472815,0,-0.175702393101492,-0.00355640182286714,-0.0123929142664509,MV-202,sine_steer_python-1
2095,2026年09月05日_22时52分41秒_第036次,2026-09-05T22:52:41,2.094,38.9042041727049,0.111648850347229,7.6227370444746,21.7857835893543,0.304537061763471,22.8410389689685,0,-0.150653611055865,-0.00299274520335303,-0.00822970384690977,MV-202,sine_steer_python-1
2096,2026年09月05日_22时52分41秒_第036次,2026-09-05T22:52:41,2.095,38.9044204223654,0.111624329175226,7.62594483389885,21.7965571794339,0.305383882502318,22.85180201437,0,-0.125581039058628,-0.00242869854641919,-0.00406845724525337,MV-202,sine_steer_python-1
2097,2026年09月05日_22时52分41秒_第036次,2026-09-05T22:52:41,2.096,38.9046379825456,0.111599641007689,7.62914453869213,21.8073307167165,0.306232142627994,22.8625649838512,0,-0.100488636359542,-0.00186433917870502,9.06664688223487e-05,MV-202,sine_steer_python-1
2098,2026年09月05日_22时52分41秒_第036次,2026-09-05T22:52:41,2.097,38.904856857284,0.111574721799935,7.63233672756133,21.8181042012943,0.307081843196773,22.8733278774881,0,-0.0753803653398734,-0.00129974500850898,0.00424748554887017,MV-202,sine_steer_python-1
2099,2026年09月05日_22时52分41秒_第036次,2026-09-05T22:52:41,2.098,38.9050770479899,0.111549509053638,7.63552023493952,21.8288776332951,0.307932984807446,22.8840906954001,0,-0.0502601908866738,-0.000734994721279425,0.00840178683708408,MV-202,sine_steer_python-1
2100,2026年09月05日_22时52分41秒_第036次,2026-09-05T22:52:41,2.099,38.9052985564053,0.111523945806067,7.6386950027374,21.8396510128478,0.308785568042549,22.8948534377112,0,-0.0251320797667056,-0.000170166828777836,0.0125533656087391,MV-202,sine_steer_python-1
2101,2026年09月05日_22时52分41秒_第036次,2026-09-05T22:52:41,2.1,38.9055213841025,0.111497976310344,7.64185990134292,21.8504243400796,0.30963959350589,22.9056161045433,0,-1.95943487863577e-15,0.000394661894412845,0.0167020913715531,MV-202,sine_steer_python-1
2102,2026年09月05日_22时52分41秒_第036次,2026-09-05T22:52:41,2.101,38.9057455325333,0.11147154790933,7.64501387740712,21.8611976151213,0.31049506176108,22.9163786960231,0,0.0251320797667088,0.000959413969079245,0.0208478038052305,MV-202,sine_steer_python-1
2103,2026年09月05日_22时52分41秒_第036次,2026-09-05T22:52:41,2.102,38.9059712117636,0.111444738211705,7.64833843984085,21.8719708381048,0.311351973354299,22.9271412122802,0,0.0502601908866699,0.00152400945159874,0.0249902375970889,MV-202,sine_steer_python-1
2104,2026年09月05日_22时52分41秒_第036次,2026-09-05T22:52:41,2.103,38.9061980455526,0.111418446063424,7.6514022783558,21.8827440086995,0.312210336005218,22.9379036525725,0,0.0753803653398695,0.00208836592556693,0.029129021636388,MV-202,sine_steer_python-1
2105,2026年09月05日_22时52分41秒_第036次,2026-09-05T22:52:41,2.104,38.9064261846925,0.111392076678604,7.65453050939112,21.8935171278403,0.313070138439932,22.9486660184533,0,0.100488636359538,0.00265239877002059,0.0332636899502376,MV-202,sine_steer_python-1
2106,2026年09月05日_22时52分41秒_第036次,2026-09-05T22:52:41,2.105,38.9066556225452,0.111365574160463,7.65762655965506,21.9042901952017,0.31393138744206,22.9594283093089,0,0.125581039058624,0.00321602149137405,0.0373936953112278,MV-202,sine_steer_python-1
2107,2026年09月05日_22时52分41秒_第036次,2026-09-05T22:52:41,2.106,38.9068863580811,0.111338915687289,7.6607142682886,21.9150632110604,0.314794081547368,22.9701905254898,0,0.150653611055861,0.0037791460733644,0.0415184235838415,MV-202,sine_steer_python-1
2108,2026年09月05日_22时52分41秒_第036次,2026-09-05T22:52:41,2.107,38.9071183949777,0.1113120400145,7.66379416801345,21.9258361755057,0.315658221764843,22.9809526670697,0,0.175702393101488,0.00434168332227484,0.0456372078574376,MV-202,sine_steer_python-1
2109,2026年09月05日_22时52分41秒_第036次,2026-09-05T22:52:41,2.108,38.9073517344628,0.111284887328145,7.66686515882862,21.9366090886609,0.316523808673171,22.9917147341638,0,0.20072342970243,0.0049035431902906,0.0497493416480395,MV-202,sine_steer_python-1
2110,2026年09月05日_22时52分41秒_第036次,2026-09-05T22:52:41,2.109,38.9075863780758,0.111257403011094,7.66992718246548,21.94738195065,0.317390842835364,23.0024767268917,0,0.225712769746962,0.00546463505930457,0.0538540904250095,MV-202,sine_steer_python-1
2111,2026年09月05日_22时52分41秒_第036次,2026-09-05T22:52:41,2.11,38.9078223271979,0.11122953358342,7.67297917342805,21.9581547615958,0.31825932483408,23.0132386453704,0,0.250666467128612,0.00602486796900708,0.0579507007808842,MV-202,sine_steer_python-1
2112,2026年09月05日_22时52分41秒_第036次,2026-09-05T22:52:41,2.111,38.9080595830978,0.111201228467268,7.67602013806088,21.9689275216242,0.319129255213832,23.0240004897218,0,0.275580581369271,0.00658415077800994,0.0620384067692399,MV-202,sine_steer_python-1
2113,2026年09月05日_22时52分41秒_第036次,2026-09-05T22:52:41,2.112,38.9082983420258,0.11117255925655,7.67922007601497,21.9797002308622,0.320000634502392,23.0347622600704,0,0.300451178241515,0.00714239225368989,0.0661164332281307,MV-202,sine_steer_python-1
2114,2026年09月05日_22时52分41秒_第036次,2026-09-05T22:52:41,2.113,38.9085382519522,0.111144366622737,7.68217507356796,21.9904728889948,0.320873469939779,23.0455239557086,0,0.325274330389766,0.00769950109349787,0.0701839962051578,MV-202,sine_steer_python-1
2115,2026年09月05日_22时52分41秒_第036次,2026-09-05T22:52:41,2.114,38.9087794541106,0.111116091935412,7.68518952055714,22.0012454969153,0.321747750991879,23.0562855781183,0,0.35004611795055,0.00825538588609711,0.0742403008366485,MV-202,sine_steer_python-1
2116,2026年09月05日_22时52分41秒_第036次,2026-09-05T22:52:41,2.115,38.9090219420197,0.111087681774319,7.68817301675155,22.0120180543149,0.322623484022731,23.0670471267154,0,0.374762629171452,0.00880995502407201,0.0782845371755777,MV-202,sine_steer_python-1
2117,2026年09月05日_22时52分41秒_第036次,2026-09-05T22:52:41,2.116,38.9092657146814,0.111059113519263,7.69114787040965,22.0227905614583,0.323500667676997,23.0778086018342,0,0.399419961028815,0.00936311658230382,0.0823158745597024,MV-202,sine_steer_python-1
2118,2026年09月05日_22时52分41秒_第036次,2026-09-05T22:52:41,2.117,38.9095107754218,0.111030328644145,7.69411458018417,22.0335630184321,0.324379302913605,23.0885700035455,0,0.424014219844109,0.0099147781827831,0.0863334553895424,MV-202,sine_steer_python-1
2119,2026年09月05日_22时52分41秒_第036次,2026-09-05T22:52:41,2.118,38.9097571252932,0.111001269983564,7.69707211407475,22.0443354253549,0.325259390288368,23.0993313319597,0,0.448541521898761,0.0104648468921193,0.0903363902588326,MV-202,sine_steer_python-1
2120,2026年09月05日_22时52分41秒_第036次,2026-09-05T22:52:41,2.119,38.9100047656368,0.110971885273914,7.70002041581079,22.0551077823462,0.326140930342007,23.1100925871907,0,0.472997994047453,0.0110132292717867,0.0943237595019381,MV-202,sine_steer_python-1
2121,2026年09月05日_22时52分41秒_第036次,2026-09-05T22:52:41,2.12,38.910253697645,0.110942123354813,7.70295848642026,22.0658800895242,0.32702392363325,23.1208537693505,0,0.497379774329705,0.0115598318410249,0.0982946321793673,MV-202,sine_steer_python-1
2122,2026年09月05日_22时52分41秒_第036次,2026-09-05T22:52:41,2.121,38.9105039224044,0.110911935824583,7.70588539438381,22.07665234701,0.327908370684753,23.1316148785552,0,0.521683012579795,0.0121045622240311,0.102248114145788,MV-202,sine_steer_python-1
2123,2026年09月05日_22时52分41秒_第036次,2026-09-05T22:52:41,2.122,38.9107556223003,0.110881388297799,7.70895961880036,22.087424554926,0.328794272003143,23.1423759149237,0,0.545903871034643,0.0126473305552193,0.106183407388602,MV-202,sine_steer_python-1
2124,2026年09月05日_22时52分41秒_第036次,2026-09-05T22:52:41,2.123,38.9110084696253,0.110851262995117,7.7118046825517,22.0981967129741,0.32968163434455,23.1531368777846,0,0.57003852493995,0.0131880498372074,0.110099825219826,MV-202,sine_steer_python-1
2125,2026年09月05日_22时52分41秒_第036次,2026-09-05T22:52:41,2.124,38.911262595978,0.110821038071819,7.71470421680673,22.1089688220039,0.330570447914042,23.1638977685442,0,0.594083163154073,0.0137266349951234,0.113996751934452,MV-202,sine_steer_python-1
2126,2026年09月05日_22时52分41秒_第036次,2026-09-05T22:52:41,2.125,38.9115179950552,0.11079066278826,7.71757400871481,22.1197408817245,0.331460718652581,23.1746585866493,0,0.618033988749896,0.0142630018300958,0.117873597828792,MV-202,sine_steer_python-1
2127,2026年09月05日_22时52分41秒_第036次,2026-09-05T22:52:41,2.126,38.9117746658744,0.110760115050111,7.72043483590185,22.1305128923885,0.332352445311409,23.1854193324173,0,0.641887219614419,0.0147970665262116,0.121729777630123,MV-202,sine_steer_python-1
2128,2026年09月05日_22时52分41秒_第036次,2026-09-05T22:52:41,2.127,38.9120326114043,0.11072933941022,7.72328716569893,22.1412848540799,0.333245628796861,23.1961800059159,0,0.665639089045972,0.0153287455431763,0.125564705377905,MV-202,sine_steer_python-1
2129,2026年09月05日_22时52分41秒_第036次,2026-09-05T22:52:41,2.128,38.912291832511,0.110698281751997,7.72613003742288,22.1520567669128,0.334140269639442,23.2069406072501,0,0.689285846349038,0.0158579556428367,0.129377795060645,MV-202,sine_steer_python-1
2130,2026年09月05日_22时52分41秒_第036次,2026-09-05T22:52:41,2.129,38.9125523303259,0.110666892601617,7.72896339992484,22.1628286310025,0.335036368355242,23.2177011365283,0,0.712823757426497,0.0163846139290615,0.133168461858051,MV-202,sine_steer_python-1
2131,2026年09月05日_22时52分41秒_第036次,2026-09-05T22:52:41,2.13,38.9128141058392,0.110635123589809,7.73178632407413,22.1736004464626,0.335933925476801,23.2284615938572,0,0.736249105369357,0.0169086715408868,0.136937547984545,MV-202,sine_steer_python-1
2132,2026年09月05日_22时52分41秒_第036次,2026-09-05T22:52:41,2.131,38.9130771599411,0.110602928996118,7.7345979438262,22.1843722134096,0.33683294150276,23.2392219793472,0,0.759558191043595,0.0174302015633125,0.140691043772679,MV-202,sine_steer_python-1
2133,2026年09月05日_22时52分41秒_第036次,2026-09-05T22:52:41,2.132,38.9133416611279,0.110570368928612,7.73754518432466,22.1951439319614,0.337733416916552,23.2499822931112,0,0.782747333674403,0.0179491171169691,0.144428153664838,MV-202,sine_steer_python-1
2134,2026年09月05日_22时52分41秒_第036次,2026-09-05T22:52:41,2.133,38.9136073060506,0.110538167485551,7.74027908321154,22.2059156018383,0.338635357987933,23.2607425345168,0,0.805812871427328,0.0184653016437122,0.148146810812254,MV-202,sine_steer_python-1
2135,2026年09月05日_22时52分41秒_第036次,2026-09-05T22:52:41,2.134,38.913874216599,0.110505840408221,7.74306247011942,22.2166872238444,0.339538755660233,23.2715027048911,0,0.828751161986563,0.018978636752159,0.151844855371874,MV-202,sine_steer_python-1
2136,2026年09月05日_22时52分41秒_第036次,2026-09-05T22:52:41,2.135,38.914142386652,0.110473340229186,7.74581733295849,22.2274587977079,0.340443615449065,23.2822628037138,0,0.851558583130145,0.0194890041472129,0.155520115724599,MV-202,sine_steer_python-1
2137,2026年09月05日_22时52分41秒_第036次,2026-09-05T22:52:41,2.136,38.9144118152154,0.110440646034159,7.7485629196806,22.2382303236693,0.341349936210845,23.2930228312852,0,0.874231533301865,0.019996287244676,0.159170476367825,MV-202,sine_steer_python-1
2138,2026年09月05日_22时52分41秒_第036次,2026-09-05T22:52:41,2.137,38.9146825048808,0.110407706128281,7.75129966892965,22.2490018018101,0.342257718797818,23.3037827876703,0,0.896766432180062,0.020500372461556,0.162793932092102,MV-202,sine_steer_python-1
2139,2026年09月05日_22时52分41秒_第036次,2026-09-05T22:52:41,2.138,38.9149544563062,0.110374470138309,7.75402669458017,22.2597732322404,0.343166963713866,23.3145426729692,0,0.919159721242972,0.0210011501710099,0.166388627973919,MV-202,sine_steer_python-1
2140,2026年09月05日_22时52分41秒_第036次,2026-09-05T22:52:41,2.139,38.9152276703901,0.110340892090775,7.75674395370029,22.2705446150709,0.344077671449278,23.3253024872855,0,0.941407864330666,0.0214985153428882,0.169952886069288,MV-202,sine_steer_python-1
2141,2026年09月05日_22时52分41秒_第036次,2026-09-05T22:52:41,2.14,38.915502147897,0.11030692713245,7.75945059023188,22.2813159504115,0.344989842509383,23.3360622307208,0,0.963507348203436,0.0219923679054641,0.173485220316678,MV-202,sine_steer_python-1
2142,2026年09月05日_22时52分41秒_第036次,2026-09-05T22:52:41,2.141,38.915777889496,0.110272532960677,7.76214580682569,22.2920872383741,0.345903477367938,23.3468219033808,0,0.985454683096581,0.0224826128715867,0.176984341473143,MV-202,sine_steer_python-1
2143,2026年09月05日_22时52分41秒_第036次,2026-09-05T22:52:41,2.142,38.9160550497979,0.110237764894275,7.76496492375456,22.3028584790721,0.346818576484466,23.3575815053731,0,1.00724640327152,0.0229691602819966,0.180449154312,MV-202,sine_steer_python-1
2144,2026年09月05日_22时52分41秒_第036次,2026-09-05T22:52:41,2.143,38.9163333497865,0.110203289602345,7.76758659931824,22.3136296722459,0.347735145642013,23.368341036107,0,1.02887906756301,0.0234519250159146,0.183878749206905,MV-202,sine_steer_python-1
2145,2026年09月05日_22时52分41秒_第036次,2026-09-05T22:52:41,2.144,38.9166129015752,0.110168661214926,7.77025281011101,22.3244008186523,0.348653176521746,23.379100496828,0,1.05034925992259,0.0239308265116854,0.187272389909138,MV-202,sine_steer_python-1
2146,2026年09月05日_22时52分41秒_第036次,2026-09-05T22:52:41,2.145,38.9168936992216,0.110133836295495,7.77289175639438,22.3351719180397,0.349572674213357,23.3898598870512,0,1.07165358995799,0.0244057884322067,0.190629498987608,MV-202,sine_steer_python-1
2147,2026年09月05日_22时52分41秒_第036次,2026-09-05T22:52:41,2.146,38.9171757416874,0.110098795873337,7.77552115704832,22.3459429706364,0.350493637678433,23.4006192070604,0,1.09278869346854,0.0248767383006486,0.193949642010705,MV-202,sine_steer_python-1
2148,2026年09月05日_22时52分41秒_第036次,2026-09-05T22:52:41,2.147,38.9174590311634,0.110063492764802,7.77814142362176,22.3567139765218,0.351416067715114,23.4113784569189,0,1.11375123297637,0.0253436071227053,0.197232511157851,MV-202,sine_steer_python-1
2149,2026年09月05日_22时52分41秒_第036次,2026-09-05T22:52:41,2.148,38.9177435680736,0.110027881095321,7.7807517467419,22.3674849358021,0.352339964800846,23.422137636723,0,1.13453789825351,0.0258063290036844,0.200477908612929,MV-202,sine_steer_python-1
2150,2026年09月05日_22时52分41秒_第036次,2026-09-05T22:52:41,2.149,38.9180293530583,0.109991919138086,7.7833520937635,22.378255848584,0.353265329400463,23.4328967465727,0,1.15514540684453,0.0262648407631003,0.20368572985353,MV-202,sine_steer_python-1
2151,2026年09月05日_22时52分41秒_第036次,2026-09-05T22:52:41,2.15,38.9183163866311,0.109955566291311,7.78594168384265,22.3890267149732,0.354192161992591,23.4436557865657,0,1.17557050458494,0.0267190815466135,0.206855946830429,MV-202,sine_steer_python-1
2152,2026年09月05日_22时52分41秒_第036次,2026-09-05T22:52:41,2.151,38.9186046692152,0.109918784392001,7.78851979041866,22.3997975350777,0.355120463026759,23.454414756804,0,1.19580996611504,0.0271689924350812,0.209988591028573,MV-202,sine_steer_python-1
2153,2026年09月05日_22时52分41秒_第036次,2026-09-05T22:52:41,2.152,38.9188943415609,0.109881624666149,7.79121007142959,22.4105683090066,0.356050232939392,23.4651736573914,0,1.21586059538921,0.0276145160525916,0.213083736489857,MV-202,sine_steer_python-1
2154,2026年09月05日_22时52分41秒_第036次,2026-09-05T22:52:41,2.153,38.9191851489265,0.109844697066435,7.79371891856684,22.4213390365216,0.356981477028345,23.4759324877824,0,1.23571922618067,0.0280555961787088,0.216141483019456,MV-202,sine_steer_python-1
2155,2026年09月05日_22时52分41秒_第036次,2026-09-05T22:52:41,2.154,38.9194771935938,0.109807594749863,7.79626740117411,22.4321097183304,0.357914187713293,23.4866912491384,0,1.2553827225814,0.0284921773736562,0.219161939945674,MV-202,sine_steer_python-1
2156,2026年09月05日_22时52分41秒_第036次,2026-09-05T22:52:41,2.155,38.9197704697987,0.109770278970042,7.79878994112649,22.442880354203,0.358848369659035,23.4974499410136,0,1.27484797949738,0.0289242046278689,0.222145210916681,MV-202,sine_steer_python-1
2157,2026年09月05日_22时52分41秒_第036次,2026-09-05T22:52:41,2.156,38.9200649764305,0.109732733324116,7.80130272755751,22.4536509443551,0.359784021933759,23.5082085636755,0,1.29411192313889,0.0293516230484858,0.225091380265902,MV-202,sine_steer_python-1
2158,2026年09月05日_22时52分41秒_第036次,2026-09-05T22:52:41,2.157,38.9203607152612,0.109694915736867,7.80380614486658,22.4644214888645,0.360721145282909,23.5189671171876,0,1.31317151150591,0.0297743775946758,0.228000501448455,MV-202,sine_steer_python-1
2159,2026年09月05日_22时52分41秒_第036次,2026-09-05T22:52:41,2.158,38.9206576864614,0.10965678540345,7.80629946092794,22.4751919878333,0.361659740159074,23.5297256016439,0,1.3320237348685,0.0301924128712555,0.230872587948025,MV-202,sine_steer_python-1
2160,2026年09月05日_22时52分41秒_第036次,2026-09-05T22:52:41,2.159,38.920955890395,0.109618305383963,7.80878265374333,22.4859624413645,0.362599807003341,23.5404840171419,0,1.35066561624205,0.0306056729863155,0.233707606894997,MV-202,sine_steer_python-1
2161,2026年09月05日_22时52分41秒_第036次,2026-09-05T22:52:41,2.16,38.9212553273077,0.109579439836372,7.81125501806422,22.49673284956,0.363541346269446,23.5512423637773,0,1.36909421185738,0.0310141014741247,0.236505475448946,MV-202,sine_steer_python-1
2162,2026年09月05日_22时52分41秒_第036次,2026-09-05T22:52:41,2.161,38.9215559973605,0.109540155211871,7.81371589842095,22.5075032125238,0.364484358384622,23.5620006416495,0,1.38730661162561,0.0314176940636902,0.2392682934146,MV-202,sine_steer_python-1
2163,2026年09月05日_22时52分41秒_第036次,2026-09-05T22:52:41,2.162,38.9218580274812,0.109500499071451,7.81627723989889,22.5182735303608,0.365428843764213,23.5727588508601,0,1.4052999395977,0.0318165308592237,0.242001705012371,MV-202,sine_steer_python-1
2164,2026年09月05日_22时52分41秒_第036次,2026-09-05T22:52:41,2.163,38.9221611871465,0.10946102505048,7.81867326300238,22.5290438028553,0.366374807223396,23.5835169909123,0,1.42307135441857,0.0322106479588357,0.244709465778036,MV-202,sine_steer_python-1
2165,2026年09月05日_22时52分41秒_第036次,2026-09-05T22:52:41,2.164,38.9224655687671,0.109421365694819,7.82110408050672,22.539814030664,0.3673222419223,23.5942750628819,0,1.44061804977581,0.0325999895933203,0.247391416269187,MV-202,sine_steer_python-1
2166,2026年09月05日_22时52分41秒_第036次,2026-09-05T22:52:41,2.165,38.9227711667699,0.10938148728437,7.8235103427846,22.5505842135796,0.368271152102888,23.6050330663646,0,1.45793725484283,0.032984493495794,0.250047094403743,MV-202,sine_steer_python-1
2167,2026年09月05日_22时52分41秒_第036次,2026-09-05T22:52:41,2.166,38.9230779799559,0.109341376275185,7.82590670680876,22.5613543518052,0.369221536942347,23.6157910016131,0,1.47502623471635,0.0333640912874626,0.252675751551501,MV-202,sine_steer_python-1
2168,2026年09月05日_22时52分41秒_第036次,2026-09-05T22:52:41,2.167,38.9233860096738,0.109300995950637,7.8282935280492,22.5721244454166,0.370173397135749,23.6265488686924,0,1.49188229084836,0.0337387097040156,0.255276404096187,MV-202,sine_steer_python-1
2169,2026年09月05日_22时52分41秒_第036次,2026-09-05T22:52:41,2.168,38.9236952558356,0.109260310786542,7.83067015030012,22.5828944945126,0.371126733113241,23.6373066676955,0,1.50850276147221,0.0341082929935108,0.257848781925967,MV-202,sine_steer_python-1
2170,2026年09月05日_22时52分41秒_第036次,2026-09-05T22:52:41,2.169,38.9240057185253,0.10921928879861,7.83303656071995,22.593664499192,0.372081545294624,23.6480643987189,0,1.5248850220229,0.03447293057529,0.260398736333238,MV-202,sine_steer_python-1
2171,2026年09月05日_22时52分41秒_第036次,2026-09-05T22:52:41,2.17,38.9243173977188,0.109177899031197,7.83539212816346,22.6044344595532,0.373037834111245,23.6588220618574,0,1.54102648555158,0.0348326047708677,0.262927552958121,MV-202,sine_steer_python-1
2172,2026年09月05日_22时52分41秒_第036次,2026-09-05T22:52:41,2.171,38.9246302933148,0.10913611263385,7.83773626666816,22.6152043756959,0.373995599970563,23.6695796572094,0,1.55692460313405,0.0351871895214585,0.265431896885743,MV-202,sine_steer_python-1
2173,2026年09月05日_22时52分41秒_第036次,2026-09-05T22:52:41,2.172,38.9249445189587,0.10909397314548,7.84016897610875,22.6259742477209,0.37495484326939,23.6803371848754,0,1.57257686427323,0.0355365543831519,0.267908217908562,MV-202,sine_steer_python-1
2174,2026年09月05日_22时52分41秒_第036次,2026-09-05T22:52:41,2.173,38.9252598676088,0.109051964426279,7.842452916128,22.6367440754428,0.375915568273471,23.6910946444175,0,1.58798079729567,0.0358805687330525,0.270352928433508,MV-202,sine_steer_python-1
2175,2026年09月05日_22时52分41秒_第036次,2026-09-05T22:52:41,2.174,38.9255764219301,0.109009768378799,7.8447664480961,22.6475138594549,0.376877769002126,23.7018520368126,0,1.60313396974176,0.0362191045408168,0.272762520484315,MV-202,sine_steer_python-1
2176,2026年09月05日_22时52分41秒_第036次,2026-09-05T22:52:41,2.175,38.9258941766149,0.108967354681332,7.84705704856667,22.6582835995791,0.37784144921471,23.7126093617074,0,1.61803398874989,0.0365520386027228,0.27513365992875,MV-202,sine_steer_python-1
2177,2026年09月05日_22时52分41秒_第036次,2026-09-05T22:52:41,2.176,38.9262131303655,0.108924712516405,7.84933758789748,22.6690532960036,0.378806608220418,23.7233666193377,0,1.63267850143437,0.0368792542470392,0.277463258341535,MV-202,sine_steer_python-1
2178,2026年09月05日_22时52分41秒_第036次,2026-09-05T22:52:41,2.177,38.9265332841188,0.10888181056333,7.85160848220013,22.6798229488032,0.379773246659219,23.7341238097718,0,1.64706519525685,0.0372006425579085,0.279748524502887,MV-202,sine_steer_python-1
2179,2026年09月05日_22时52分41秒_第036次,2026-09-05T22:52:41,2.178,38.9268546375431,0.108838618451726,7.85386913717609,22.6905925580727,0.38074136494055,23.7448809331028,0,1.66119179839163,0.0375161031740633,0.281986997912637,MV-202,sine_steer_python-1
2180,2026年09月05日_22时52分41秒_第036次,2026-09-05T22:52:41,2.179,38.9271771904556,0.108795109020126,7.8561195486499,22.7013621239076,0.381710963463273,23.7556379894271,0,1.67505608008428,0.0378255447199264,0.284176566752656,MV-202,sine_steer_python-1
2181,2026年09月05日_22时52分41秒_第036次,2026-09-05T22:52:41,2.18,38.9275009425788,0.108751256028891,7.85835915594883,22.7121316464022,0.38268204263681,23.7663949788396,0,1.68865585100403,0.0381288849250264,0.286315472662467,MV-202,sine_steer_python-1
2182,2026年09月05日_22时52分41秒_第036次,2026-09-05T22:52:41,2.181,38.927825893567,0.108707035123256,7.86058743599871,22.7229011256526,0.383654602849454,23.7771519014385,0,1.70198896358938,0.0384260504846402,0.288402304566225,MV-202,sine_steer_python-1
2183,2026年09月05日_22时52分41秒_第036次,2026-09-05T22:52:41,2.182,38.9281521423178,0.108662486630637,7.86289302773366,22.7336705617554,0.384628644480159,23.7879087573237,0,1.7150533123873,0.0387169767110115,0.290435983638481,MV-202,sine_steer_python-1
2184,2026年09月05日_22时52分41秒_第036次,2026-09-05T22:52:41,2.183,38.9284795074326,0.108618064123499,7.86506539304173,22.744439954538,0.385604171452528,23.7986655460992,0,1.72784683438567,0.0390016070204518,0.292415741326114,MV-202,sine_steer_python-1
2185,2026年09月05日_22时52分41秒_第036次,2026-09-05T22:52:41,2.184,38.928808061373,0.108573469077251,7.86726338417998,22.7552093045587,0.386581178299697,23.8094222686717,0,1.74036750933905,0.0392798922970908,0.294341092151586,MV-202,sine_steer_python-1
2186,2026年09月05日_22时52分41秒_第036次,2026-09-05T22:52:41,2.185,38.9291377990204,0.108528678817209,7.86943952593258,22.7659786116537,0.387559668484777,23.8201789247228,0,1.75261336008773,0.0395517901689951,0.296211802809667,MV-202,sine_steer_python-1
2187,2026年09月05日_22时52分41秒_第036次,2026-09-05T22:52:41,2.186,38.9294687190289,0.108483684953221,7.87160564567138,22.7767478760012,0.388539641388866,23.8309355144782,0,1.76458245286991,0.0398172642271795,0.298027858850015,MV-202,sine_steer_python-1
2188,2026年09月05日_22时52分41秒_第036次,2026-09-05T22:52:41,2.187,38.9298008219605,0.108438460598954,7.8737619366974,22.7875170976732,0.389521097619267,23.8416920380078,0,1.77627289762709,0.0400762832132363,0.299789430034711,MV-202,sine_steer_python-1
2189,2026年09月05日_22时52分41秒_第036次,2026-09-05T22:52:41,2.188,38.930134107261,0.108392979926102,7.87590789582563,22.7982862767605,0.390504037567736,23.8524484954052,0,1.78768284830253,0.04032882019748,0.301496835298213,MV-202,sine_steer_python-1
2190,2026年09月05日_22时52分41秒_第036次,2026-09-05T22:52:41,2.189,38.9304685745151,0.108347219856502,7.87804351598462,22.8090554133543,0.391488461619214,23.8632048867663,0,1.79881050313274,0.0405748517670697,0.30315050813371,MV-202,sine_steer_python-1
2191,2026年09月05日_22时52分41秒_第036次,2026-09-05T22:52:41,2.19,38.9308042232216,0.108301158100806,7.88016830538031,22.8198245075447,0.39247437016763,23.8739612121861,0,1.80965410493204,0.0408143572424807,0.304750963183981,MV-202,sine_steer_python-1
2192,2026年09月05日_22时52分41秒_第036次,2026-09-05T22:52:41,2.191,38.9311410528205,0.108254773996449,7.88228181129564,22.8305935594233,0.393461763587874,23.8847174717621,0,1.82021194136999,0.0410473179404895,0.306298764806147,MV-202,sine_steer_python-1
2193,2026年09月05日_22时52分41秒_第036次,2026-09-05T22:52:41,2.192,38.9314791493695,0.108208102357384,7.884460587878,22.8413625690821,0.394450642246303,23.8954736655936,0,1.83048234524184,0.0412737165016489,0.307794498371847,MV-202,sine_steer_python-1
2194,2026年09月05日_22时52分41秒_第036次,2026-09-05T22:52:41,2.193,38.9318183544847,0.108161515152781,7.88652295460758,22.8521315363859,0.395441009468242,23.9062297933536,0,1.84046369473174,0.0414935362990952,0.309238745016698,MV-202,sine_steer_python-1
2195,2026年09月05日_22时52分41秒_第036次,2026-09-05T22:52:41,2.194,38.9321587309768,0.108114770047282,7.88860542098429,22.862900461817,0.396432860740735,23.9169858558347,0,1.85015441366892,0.0417067609426975,0.31063206043268,MV-202,sine_steer_python-1
2196,2026年09月05日_22时52分41秒_第036次,2026-09-05T22:52:41,2.195,38.9325002741352,0.108067845266507,7.89066779705702,22.8736693452466,0.397426199001103,23.9277418527773,0,1.8595529717765,0.0419133738877123,0.311974958092078,MV-202,sine_steer_python-1
2197,2026年09月05日_22时52分41秒_第036次,2026-09-05T22:52:41,2.196,38.9328429825423,0.108020733857225,7.89271993255502,22.8844381868358,0.398421023781945,23.9384977843876,0,1.86865788491322,0.0421133581506084,0.313267897016005,MV-202,sine_steer_python-1
2198,2026年09月05日_22时52分41秒_第036次,2026-09-05T22:52:41,2.197,38.9331868564103,0.107973413154487,7.89476214934216,22.8952069866556,0.399417335633554,23.9492536507392,0,1.87746771530775,0.0423066961274553,0.314511273892245,MV-202,sine_steer_python-1
2199,2026年09月05日_22时52分41秒_第036次,2026-09-05T22:52:41,2.198,38.9335318950024,0.107925861181695,7.89679399527418,22.905975744793,0.400415134929524,23.9600094519252,0,1.88598107178573,0.0424933695034776,0.31570541905937,MV-202,sine_steer_python-1
2200,2026年09月05日_22时52分41秒_第036次,2026-09-05T22:52:41,2.199,38.9338780976968,0.10787805837772,7.89881546976506,22.916744461335,0.401414422035039,23.970765188041,0,1.89419660998949,0.0426733592373193,0.316850595659362,MV-202,sine_steer_python-1
2201,2026年09月05日_22时52分41秒_第036次,2026-09-05T22:52:41,2.2,38.9342254638021,0.107829985841808,7.90082614610757,22.9275131363681,0.402415197323062,23.9815208591809,0,1.90211303259031,0.0428466456011206,0.317947001157699,MV-202,sine_steer_python-1
2202,2026年09月05日_22时52分41秒_第036次,2026-09-05T22:52:41,2.201,38.9345739925783,0.107781626066804,7.9028256260725,22.9382817699795,0.403417461150098,23.9922764654416,0,1.90972908949329,0.0430132082579854,0.318994770450133,MV-202,sine_steer_python-1
2203,2026年09月05日_22时52分41秒_第036次,2026-09-05T22:52:41,2.202,38.9349237556098,0.107733008916502,7.90487904749099,22.9490503622571,0.404421213865219,24.0030320069206,0,1.91704357803475,0.0431730263614438,0.319993979903766,MV-202,sine_steer_python-1
2204,2026年09月05日_22时52分41秒_第036次,2026-09-05T22:52:41,2.203,38.9352746199624,0.107684467079246,7.90683172389785,22.9598189130838,0.405426458413546,24.0137874833394,0,1.92405534317217,0.043326078666189,0.320944651878691,MV-202,sine_steer_python-1
2205,2026年09月05日_22时52分41秒_第036次,2026-09-05T22:52:41,2.204,38.9356266383093,0.107635782277266,7.90880027021324,22.9705874228975,0.406433190858858,24.024542895407,0,1.93076327766655,0.043472343644331,0.321846759486979,MV-202,sine_steer_python-1
2206,2026年09月05日_22时52分41秒_第036次,2026-09-05T22:52:41,2.205,38.9359798062746,0.107586938131658,7.91074984638419,22.9813558915884,0.407441413809783,24.0352982429038,0,1.93716632225726,0.0436117996055798,0.322700231522818,MV-202,sine_steer_python-1
2207,2026年09月05日_22时52分41秒_第036次,2026-09-05T22:52:41,2.206,38.9363341224388,0.107537928805609,7.91268912220603,22.9921243193055,0.408451126881285,24.0460535260222,0,1.94326346582935,0.0437444248223634,0.323504957607454,MV-202,sine_steer_python-1
2208,2026年09月05日_22时52分41秒_第036次,2026-09-05T22:52:41,2.207,38.9366895867153,0.107488734872148,7.91461823649658,23.0028927061172,0.409462330587071,24.0568087448363,0,1.94905374557315,0.0438701976615478,0.324260793620534,MV-202,sine_steer_python-1
2209,2026年09月05日_22时52分41秒_第036次,2026-09-05T22:52:41,2.208,38.9370461982181,0.107439337652315,7.9165368166221,23.0136610521065,0.410475025282146,24.0675638994378,0,1.95453624713639,0.0439890967234769,0.324967567448818,MV-202,sine_steer_python-1
2210,2026年09月05日_22时52分41秒_第036次,2026-09-05T22:52:41,2.209,38.9374039561636,0.107389720458903,7.91844485447046,23.0244293573559,0.411489211315955,24.0783189899201,0,1.95971010476849,0.0441011009871725,0.325625085003275,MV-202,sine_steer_python-1
2211,2026年09月05日_22时52分41秒_第036次,2026-09-05T22:52:41,2.21,38.9377628597078,0.107339867155122,7.9203419866631,23.0351976219473,0.412504889043982,24.0890740163755,0,1.96457450145738,0.0442061899585486,0.326233136370947,MV-202,sine_steer_python-1
2212,2026年09月05日_22时52分41秒_第036次,2026-09-05T22:52:41,2.211,38.9381229079666,0.10728976276855,7.92222787871139,23.0459658459636,0.4135220588072,24.0998289788978,0,1.96912866905841,0.0443043438171089,0.326791501909048,MV-202,sine_steer_python-1
2213,2026年09月05日_22时52分41秒_第036次,2026-09-05T22:52:41,2.212,38.9384841594659,0.107239430503519,7.92415574645506,23.0567340294877,0.414540720939779,24.110583877582,0,1.97337188841574,0.0443955435562135,0.327299958072296,MV-202,sine_steer_python-1
2214,2026年09月05日_22时52分41秒_第036次,2026-09-05T22:52:41,2.213,38.9388465047956,0.107189126064624,7.92599937688969,23.0675021724399,0.415560877816926,24.1213387122176,0,1.97730348947583,0.044479771112602,0.327758282790226,MV-202,sine_steer_python-1
2215,2026年09月05日_22时52分41秒_第036次,2026-09-05T22:52:41,2.214,38.9392099868965,0.107138682229456,7.92785343380477,23.0782702751818,0.416582526400118,24.1320934833948,0,1.9809228513933,0.0445570094821321,0.328166260265157,MV-202,sine_steer_python-1
2216,2026年09月05日_22时52分41秒_第036次,2026-09-05T22:52:41,2.215,38.9395746019022,0.107088083134991,7.92969007150488,23.0890383376387,0.41760566879926,24.1428481909515,0,1.98422940262896,0.0446272428201129,0.328523685122208,MV-202,sine_steer_python-1
2217,2026年09月05日_22时52分41秒_第036次,2026-09-05T22:52:41,2.216,38.9399403483699,0.107037323453879,7.93151610195475,23.0998063599422,0.418630304767938,24.1536028350578,0,1.98722262104002,0.0446904565257358,0.328830365890553,MV-202,sine_steer_python-1
2218,2026年09月05日_22时52分41秒_第036次,2026-09-05T22:52:41,2.217,38.940307225933,0.106986386990075,7.93333174410474,23.1105743421597,0.41965643476339,24.1643574157889,0,1.9899020339626,0.0447466373106559,0.32908612781873,MV-202,sine_steer_python-1
2219,2026年09月05日_22时52分41秒_第036次,2026-09-05T22:52:41,2.218,38.9406752335817,0.106935258037364,7.93513668084589,23.1213422843699,0.420684059119535,24.1751119332336,0,1.99226721828634,0.0447957768147708,0.329290965877112,MV-202,sine_steer_python-1
2220,2026年09月05日_22时52分41秒_第036次,2026-09-05T22:52:41,2.219,38.9410443703848,0.106883922580687,7.93693090808152,23.1321101866514,0.421713178163645,24.185866387482,0,1.99431780052123,0.0448378641745946,0.329444729823292,MV-202,sine_steer_python-1
2221,2026年09月05日_22时52分41秒_第036次,2026-09-05T22:52:41,2.22,38.9414146353632,0.106832367081255,7.9387141271426,23.1428780490822,0.422743792227548,24.196620778623,0,1.99605345685654,0.0448728877915915,0.329547199737766,MV-202,sine_steer_python-1
2222,2026年09月05日_22时52分41秒_第036次,2026-09-05T22:52:41,2.221,38.9417860275055,0.106780578985852,7.94048605936885,23.1536458717406,0.423775901630887,24.2073751067469,0,1.99747391321203,0.0449008399387115,0.329598279964648,MV-202,sine_steer_python-1
2223,2026年09月05日_22时52分41秒_第036次,2026-09-05T22:52:41,2.222,38.9421585916016,0.106728575195362,7.94228828847831,23.1644136547054,0.424809506687381,24.2181293719442,0,1.99857894528118,0.0449217166977364,0.329597997006849,MV-202,sine_steer_python-1
2224,2026年09月05日_22时52分41秒_第036次,2026-09-05T22:52:41,2.223,38.9425322427842,0.106676552378696,7.9440222706533,23.1751813979267,0.425844609290603,24.2288835740643,0,1.9993683785666,0.0449355200392899,0.329546588086771,MV-202,sine_steer_python-1
2225,2026年09月05日_22时52分41秒_第036次,2026-09-05T22:52:41,2.224,38.942907014047,0.106624381151,7.94576175212448,23.1859491017027,0.426881207137769,24.2396377135886,0,1.99984208840763,0.0449422387683114,0.329443693109596,MV-202,sine_steer_python-1
2226,2026年09月05日_22时52分41秒_第036次,2026-09-05T22:52:41,2.225,38.9432829020143,0.106572048319116,7.94748506299843,23.1967167659873,0.427919301920219,24.2503917904046,0,2,0.0449418665310176,0.329289117093926,MV-202,sine_steer_python-1
2227,2026年09月05日_22时52分41秒_第036次,2026-09-05T22:52:41,2.226,38.9436599052424,0.106519549244215,7.94919749251454,23.207484390897,0.428958893498185,24.2611458046614,0,1.99984208840763,0.0449344521562774,0.329084961685159,MV-202,sine_steer_python-1
2228,2026年09月05日_22时52分41秒_第036次,2026-09-05T22:52:41,2.227,38.9440380231046,0.10646687089387,7.95089920742439,23.2182519764978,0.429999982278438,24.2718997564333,0,1.9993683785666,0.0449200086656792,0.32883177398789,MV-202,sine_steer_python-1
2229,2026年09月05日_22时52分41秒_第036次,2026-09-05T22:52:41,2.228,38.9444172544764,0.106414000680009,7.95258995837411,23.2290195228643,0.431042568571134,24.2826536458052,0,1.99857894528118,0.0448985347805766,0.328529456528611,MV-202,sine_steer_python-1
2230,2026年09月05日_22时52分41秒_第036次,2026-09-05T22:52:41,2.229,38.9447975982917,0.106360927396588,7.95426974025486,23.2397870300711,0.43208665268071,24.2934074728625,0,1.99747391321204,0.0448700282032129,0.328177829232919,MV-202,sine_steer_python-1
2231,2026年09月05日_22时52分41秒_第036次,2026-09-05T22:52:41,2.23,38.9451790534445,0.106307640274623,7.95593831994232,23.2505544981921,0.433132234914569,24.3041612376898,0,1.99605345685654,0.0448344900836515,0.327776818586349,MV-202,sine_steer_python-1
2232,2026年09月05日_22时52分41秒_第036次,2026-09-05T22:52:41,2.231,38.9455616188015,0.10625412937864,7.95759548063623,23.2613219273014,0.43417931557009,24.3149149403721,0,1.99431780052123,0.0447919218611027,0.327326323614553,MV-202,sine_steer_python-1
2233,2026年09月05日_22时52分41秒_第036次,2026-09-05T22:52:41,2.232,38.9459453248969,0.106200405886947,7.95927140247491,23.2720893174733,0.435227894939519,24.325668580995,0,1.99226721828635,0.044742364263766,0.326827866872182,MV-202,sine_steer_python-1
2234,2026年09月05日_22时52分41秒_第036次,2026-09-05T22:52:41,2.233,38.9463301121581,0.106146622319011,7.96089461461513,23.2828566686819,0.436277974509619,24.3364221594602,0,1.9899020339626,0.0446858366108231,0.326282025260362,MV-202,sine_steer_python-1
2235,2026年09月05日_22时52分41秒_第036次,2026-09-05T22:52:41,2.234,38.9467160034537,0.106092676543539,7.96251878434896,23.2936239811722,0.437329552584472,24.3471756761491,0,1.98722262104002,0.0446223376355101,0.325688465596109,MV-202,sine_steer_python-1
2236,2026年09月05日_22时52分41秒_第036次,2026-09-05T22:52:41,2.235,38.947102995863,0.106038560005767,7.9641277734971,23.3043912549213,0.438382630503732,24.3579291309917,0,1.98422940262896,0.0445518698420129,0.32504697447895,MV-202,sine_steer_python-1
2237,2026年09月05日_22时52分41秒_第036次,2026-09-05T22:52:41,2.236,38.9474910879408,0.105984269084271,7.96572563265094,23.3151584900327,0.439437208210221,24.3686825241181,0,1.9809228513933,0.044474430803921,0.32435709075448,MV-202,sine_steer_python-1
2238,2026年09月05日_22时52分41秒_第036次,2026-09-05T22:52:41,2.237,38.9478802787935,0.105929794029289,7.9673123809322,23.3259256865704,0.44049328606655,24.3794358555998,0,1.97730348947583,0.0443900182500777,0.323618320562304,MV-202,sine_steer_python-1
2239,2026年09月05日_22时52分41秒_第036次,2026-09-05T22:52:41,2.238,38.9482705671679,0.105875125652106,7.96888785551571,23.3366928446051,0.441550864358254,24.390189125517,0,1.97337188841574,0.0442986306326167,0.32283016142215,MV-202,sine_steer_python-1
2240,2026年09月05日_22时52分41秒_第036次,2026-09-05T22:52:41,2.239,38.9486619518504,0.105820255822721,7.9704520530608,23.3474599642073,0.44260994336756,24.4009423339497,0,1.96912866905841,0.044200267462907,0.321992116542082,MV-202,sine_steer_python-1
2241,2026年09月05日_22时52分41秒_第036次,2026-09-05T22:52:41,2.24,38.9490544315928,0.105765176831401,7.97200481161336,23.3582270454467,0.443670523377907,24.4116954809773,0,1.96457450145738,0.0440949295988546,0.321103707054276,MV-202,sine_steer_python-1
2242,2026年09月05日_22时52分41秒_第036次,2026-09-05T22:52:41,2.241,38.9494480051224,0.105709881666739,7.97354598451464,23.3689940883934,0.444732604664709,24.4224485666793,0,1.95971010476849,0.0439826194869154,0.32016448233386,MV-202,sine_steer_python-1
2243,2026年09月05日_22时52分41秒_第036次,2026-09-05T22:52:41,2.242,38.9498426881977,0.10565437330491,7.97509511143606,23.3797610931174,0.445796187498955,24.4332015911353,0,1.95453624713639,0.0438633413593909,0.319174028428816,MV-202,sine_steer_python-1
2244,2026年09月05日_22时52分41秒_第036次,2026-09-05T22:52:41,2.243,38.9502384471849,0.10559872159603,7.97660703054321,23.3905280596362,0.446861272765549,24.4439545543182,0,1.94905374557316,0.0437371013927149,0.318131974842874,MV-202,sine_steer_python-1
2245,2026年09月05日_22时52分41秒_第036次,2026-09-05T22:52:41,2.244,38.9506352946745,0.105542882496388,7.97811435957967,23.401294988111,0.447927859679091,24.4547074564788,0,1.94326346582935,0.0436039078307364,0.317037999841218,MV-202,sine_steer_python-1
2246,2026年09月05日_22时52分41秒_第036次,2026-09-05T22:52:41,2.245,38.9510332283195,0.105486847490396,7.97960784411488,23.4120618785576,0.448995949079521,24.4654602976066,0,1.93716632225726,0.0434637710754259,0.315891834381861,MV-202,sine_steer_python-1
2247,2026年09月05日_22时52分41秒_第036次,2026-09-05T22:52:41,2.246,38.9514322465809,0.105430614516479,7.98108975391734,23.4228287310618,0.450065541039553,24.4762130778058,0,1.93076327766655,0.0433167037464442,0.314693264734052,MV-202,sine_steer_python-1
2248,2026年09月05日_22时52分41秒_第036次,2026-09-05T22:52:41,2.247,38.9518323482611,0.10537417806908,7.982560199042,23.4335955456871,0.451136635862564,24.4869657971474,0,1.92405534317217,0.0431627207105228,0.313442133824217,MV-202,sine_steer_python-1
2249,2026年09月05日_22时52分41秒_第036次,2026-09-05T22:52:41,2.248,38.9522335319436,0.105317533012501,7.98401910453728,23.4443623225007,0.45220923380777,24.4977184557066,0,1.91704357803475,0.0430018390815557,0.31213834134823,MV-202,sine_steer_python-1
2250,2026年09月05日_22时52分41秒_第036次,2026-09-05T22:52:41,2.249,38.9526357962238,0.105260675013674,7.9854664928256,23.4551290615695,0.45328333513043,24.5084710535586,0,1.90972908949329,0.0428340781925867,0.310781842700475,MV-202,sine_steer_python-1
2251,2026年09月05日_22时52分41秒_第036次,2026-09-05T22:52:41,2.25,38.9530391396705,0.105203600140726,7.98690228675185,23.4658957629602,0.454358940085385,24.519223590778,0,1.90211303259031,0.0426594595414072,0.309372646792986,MV-202,sine_steer_python-1
2252,2026年09月05日_22时52分41秒_第036次,2026-09-05T22:52:41,2.251,38.9534435608316,0.105146305033959,7.98832641276029,23.4766624267391,0.455436048921814,24.5299760674391,0,1.89419660998949,0.0424780067121661,0.307910812866444,MV-202,sine_steer_python-1
2253,2026年09月05日_22时52分41秒_第036次,2026-09-05T22:52:41,2.252,38.9538490638971,0.105088789980915,7.98974535823476,23.4874290529726,0.456514661885463,24.5407284836162,0,1.88598107178573,0.0422897452763173,0.306396446433971,MV-202,sine_steer_python-1
2254,2026年09月05日_22时52分41秒_第036次,2026-09-05T22:52:41,2.253,38.9542556366396,0.105031077906442,7.99114404388854,23.4981956417088,0.457594779424731,24.5514808393472,0,1.87746771530775,0.0420947026773184,0.304829694544516,MV-202,sine_steer_python-1
2255,2026年09月05日_22时52分41秒_第036次,2026-09-05T22:52:41,2.254,38.9546632814957,0.104973086662188,7.99253445905382,23.5089621930446,0.458676401429518,24.5622331347636,0,1.86865788491322,0.0418929081045671,0.303210740597779,MV-202,sine_steer_python-1
2256,2026年09月05日_22时52分41秒_第036次,2026-09-05T22:52:41,2.255,38.9550719968311,0.104914832491191,7.99391289079087,23.5197287070306,0.45975952829128,24.5729853699091,0,1.8595529717765,0.0416843923629202,0.301539798979175,MV-202,sine_steer_python-1
2257,2026年09月05日_22时52分41秒_第036次,2026-09-05T22:52:41,2.256,38.9554817810305,0.104856316229515,7.99527999829196,23.5304951837377,0.460844160182596,24.5837375448649,0,1.85015441366892,0.0414691877445648,0.299817109801076,MV-202,sine_steer_python-1
2258,2026年09月05日_22时52分41秒_第036次,2026-09-05T22:52:41,2.257,38.9558926326258,0.104797536810444,7.99663576424937,23.5412616232294,0.461930297343198,24.5944896597012,0,1.84046369473174,0.0412473279097635,0.298042934026342,MV-202,sine_steer_python-1
2259,2026年09月05日_22时52分41秒_第036次,2026-09-05T22:52:41,2.258,38.9563045500611,0.10473849364331,7.99798011407597,23.5520280255703,0.463017939998771,24.6052417144893,0,1.83048234524184,0.0410188477819731,0.296217549206949,MV-202,sine_steer_python-1
2260,2026年09月05日_22时52分41秒_第036次,2026-09-05T22:52:41,2.259,38.9567175317746,0.104679186726998,7.99931302825309,23.5627943908245,0.464107088373032,24.6159937092999,0,1.82021194136999,0.0407837834610849,0.29434124599634,MV-202,sine_steer_python-1
2261,2026年09月05日_22时52分41秒_第036次,2026-09-05T22:52:41,2.26,38.9571315761843,0.104619616481959,8.00063446965267,23.5735607190557,0.465197742688653,24.6267456442037,0,1.80965410493204,0.0405421721562697,0.292414325498427,MV-202,sine_steer_python-1
2262,2026年09月05日_22时52分41秒_第036次,2026-09-05T22:52:41,2.261,38.9575466816883,0.104559783790278,8.00194441384742,23.5843270103272,0.466289903165461,24.6374975192707,0,1.79881050313274,0.0402940521375022,0.290437097414108,MV-202,sine_steer_python-1
2263,2026年09月05日_22时52分41秒_第036次,2026-09-05T22:52:41,2.262,38.95796284103,0.104499686878191,8.00323628370319,23.5950932647021,0.467383570021077,24.6482493345707,0,1.78768284830253,0.0400394725251344,0.288410294508989,MV-202,sine_steer_python-1
2264,2026年09月05日_22时52分41秒_第036次,2026-09-05T22:52:41,2.263,38.9583800632691,0.104439302305642,8.00452508586398,23.6058594822611,0.468478743264569,24.6590010902097,0,1.77627289762709,0.0397785274144887,0.286336516805667,MV-202,sine_steer_python-1
2265,2026年09月05日_22时52分41秒_第036次,2026-09-05T22:52:41,2.264,38.9587983421085,0.104378645136198,8.00579991427272,23.6166256630351,0.469575423458005,24.669752786198,0,1.76458245286991,0.0395112717926565,0.284216673897067,MV-202,sine_steer_python-1
2266,2026年09月05日_22时52分41秒_第036次,2026-09-05T22:52:41,2.265,38.9592176762041,0.104317719276169,8.00706383372615,23.6273918071045,0.470673610618303,24.6805044226349,0,1.75261336008773,0.0392377537345511,0.282051347354404,MV-202,sine_steer_python-1
2267,2026年09月05日_22时52分41秒_第036次,2026-09-05T22:52:41,2.266,38.9596380638975,0.104256527004129,8.00831608023997,23.6381579145254,0.471773305014933,24.6912559995802,0,1.74036750933905,0.0389580209553363,0.279841068271769,MV-202,sine_steer_python-1
2268,2026年09月05日_22时52分41秒_第036次,2026-09-05T22:52:41,2.267,38.9600595033938,0.104195072311332,8.00955661963883,23.648923985361,0.472874506837511,24.7020075171042,0,1.72784683438567,0.0386721653490752,0.277588202116097,MV-202,sine_steer_python-1
2269,2026年09月05日_22时52分41秒_第036次,2026-09-05T22:52:41,2.268,38.9604819929418,0.104133359595928,8.01078548780285,23.6596900196725,0.47397721628763,24.7127589752756,0,1.71505331238731,0.0383802651279825,0.275294500750506,MV-202,sine_steer_python-1
2270,2026年09月05日_22时52分41秒_第036次,2026-09-05T22:52:41,2.269,38.9609055307594,0.104071393504099,8.01200269496911,23.6704560175212,0.475081433565637,24.7235103741624,0,1.70198896358938,0.0380823716085254,0.272960543522083,MV-202,sine_steer_python-1
2271,2026年09月05日_22时52分41秒_第036次,2026-09-05T22:52:41,2.27,38.961330115047,0.104009179047929,8.01320829014884,23.6812219789674,0.476187158869632,24.7342617138321,0,1.68865585100403,0.0377785344307196,0.270586804500377,MV-202,sine_steer_python-1
2272,2026年09月05日_22时52分41秒_第036次,2026-09-05T22:52:41,2.271,38.9617557439868,0.103946721532612,8.01440232579176,23.6919879040714,0.477294392397367,24.7450129943521,0,1.67505608008428,0.0374688015315821,0.268173651693164,MV-202,sine_steer_python-1
2273,2026年09月05日_22时52分41秒_第036次,2026-09-05T22:52:41,2.272,38.9621823942495,0.103884011884,8.01556842884404,23.7027537928927,0.47840313434565,24.7557642157889,0,1.66119179839163,0.0371532195334891,0.265721363753548,MV-202,sine_steer_python-1
2274,2026年09月05日_22时52分41秒_第036次,2026-09-05T22:52:41,2.273,38.9626101024741,0.103820956122785,8.01674626001271,23.7135196455549,0.479513384177541,24.7665153783213,0,1.64706519525686,0.0368318341330568,0.263230146725476,MV-202,sine_steer_python-1
2275,2026年09月05日_22时52分41秒_第036次,2026-09-05T22:52:41,2.274,38.9630388516307,0.103757621616923,8.01790507069447,23.7242854620094,0.48062514326401,24.7772664818336,0,1.63267850143437,0.0365046904475887,0.260700149002247,MV-202,sine_steer_python-1
2276,2026年09月05日_22时52分41秒_第036次,2026-09-05T22:52:41,2.275,38.9634686408978,0.10369401470571,8.01905416597022,23.7350512423734,0.481738411187339,24.7880175264861,0,1.6180339887499,0.0361718333298855,0.25813147494865,MV-202,sine_steer_python-1
2277,2026年09月05日_22时52分41秒_第036次,2026-09-05T22:52:41,2.276,38.9638994684277,0.103630140606053,8.02019127863273,23.745816986687,0.482853188328397,24.7987685123171,0,1.60313396974175,0.0358333076574052,0.255524197439983,MV-202,sine_steer_python-1
2278,2026年09月05日_22时52分41秒_第036次,2026-09-05T22:52:41,2.277,38.9643313320559,0.103566008640823,8.0213163757601,23.7565826950129,0.483969474829247,24.8095194393991,0,1.58798079729567,0.0354891586003292,0.252878369511383,MV-202,sine_steer_python-1
2279,2026年09月05日_22时52分41秒_第036次,2026-09-05T22:52:41,2.278,38.9647642297918,0.103501628395233,8.02242960350605,23.76734836741,0.485087270869649,24.8202703077994,0,1.57257686427324,0.0351394885180409,0.250196435281322,MV-202,sine_steer_python-1
2280,2026年09月05日_22时52分41秒_第036次,2026-09-05T22:52:41,2.279,38.9651981595912,0.10343700932991,8.02353100220511,23.778114003936,0.48620657662926,24.8310211175844,0,1.55692460313405,0.0347844219484921,0.247481746755195,MV-202,sine_steer_python-1
2281,2026年09月05日_22时52分41秒_第036次,2026-09-05T22:52:41,2.28,38.9656331194006,0.103372161171128,8.02462071262876,23.7888796046488,0.48732739228383,24.8417718688207,0,1.54102648555158,0.0344241058361095,0.244738573414524,MV-202,sine_steer_python-1
2282,2026年09月05日_22时52分41秒_第036次,2026-09-05T22:52:41,2.281,38.9660691071537,0.103307093722915,8.02569886905315,23.7996451696053,0.488449718011119,24.8525225615737,0,1.5248850220229,0.0340585906572809,0.241967066787892,MV-202,sine_steer_python-1
2283,2026年09月05日_22时52分41秒_第036次,2026-09-05T22:52:41,2.282,38.9665060870819,0.103241794790861,8.02673682203256,23.810410698862,0.489573553988976,24.8632731959084,0,1.50850276147221,0.0336878839298641,0.239165527974783,MV-202,sine_steer_python-1
2284,2026年09月05日_22时52分41秒_第036次,2026-09-05T22:52:41,2.283,38.9669441182603,0.103176118482241,8.02780304058003,23.8211761925795,0.490698899223792,24.8740237720792,0,1.49188229084836,0.0333119921094383,0.23633218305195,MV-202,sine_steer_python-1
2285,2026年09月05日_22时52分41秒_第036次,2026-09-05T22:52:41,2.284,38.9673831739006,0.103110167166634,8.02884547272032,23.8319416506363,0.491825755797817,24.8847742898437,0,1.47502623471635,0.0329309231980853,0.233465293902611,MV-202,sine_steer_python-1
2286,2026年09月05日_22时52分41秒_第036次,2026-09-05T22:52:41,2.285,38.9678232536824,0.103043952712224,8.02987960154197,23.8427070731858,0.492954122882999,24.8955247494252,0,1.45793725484282,0.0325446887257481,0.23056324236563,MV-202,sine_steer_python-1
2287,2026年09月05日_22时52分41秒_第036次,2026-09-05T22:52:41,2.286,38.9682643556011,0.102977482753074,8.03090164522947,23.853472460252,0.494084000967995,24.9062751508415,0,1.44061804977581,0.0321533051770249,0.227624590903518,MV-202,sine_steer_python-1
2288,2026年09月05日_22时52分41秒_第036次,2026-09-05T22:52:41,2.287,38.9687064771416,0.102910771518534,8.03191151336949,23.8642378118981,0.495215390146674,24.9170254941683,0,1.42307135441857,0.0317567949031964,0.2246481215015,MV-202,sine_steer_python-1
2289,2026年09月05日_22时52分41秒_第036次,2026-09-05T22:52:41,2.288,38.9691496160915,0.102843833411339,8.03290941686349,23.8750031281797,0.496348290578178,24.9277757794729,0,1.4052999395977,0.0313551865930425,0.221632855910615,MV-202,sine_steer_python-1
2290,2026年09月05日_22时52分41秒_第036次,2026-09-05T22:52:41,2.289,38.9695937701686,0.102776682345368,8.03389539435881,23.885768409152,0.497482702422892,24.9385260068211,0,1.38730661162561,0.0309485153895659,0.218578060919029,MV-202,sine_steer_python-1
2291,2026年09月05日_22时52分41秒_第036次,2026-09-05T22:52:41,2.29,38.9700389370914,0.102709332399238,8.03486965202215,23.8965336548699,0.498618625836244,24.9492761762793,0,1.36909421185737,0.0305368227441297,0.215483242521593,MV-202,sine_steer_python-1
2292,2026年09月05日_22时52分41秒_第036次,2026-09-05T22:52:41,2.291,38.9704851145718,0.102641797508297,8.03583238698583,23.9072988653871,0.499756060978269,24.9600262879123,0,1.35066561624205,0.0301201560957419,0.21234813269897,MV-202,sine_steer_python-1
2293,2026年09月05日_22时52分41秒_第036次,2026-09-05T22:52:41,2.292,38.9709322544567,0.102574060755475,8.03674292422325,23.9180640407569,0.500895008010285,24.9707763417842,0,1.3320237348685,0.0296985684523891,0.209172672059526,MV-202,sine_steer_python-1
2294,2026年09月05日_22时52分41秒_第036次,2026-09-05T22:52:41,2.293,38.9713804382164,0.102505904131651,8.0376983510965,23.9288291811885,0.502035465383938,24.9815263382381,0,1.31317151150592,0.0292721179350128,0.205956990907192,MV-202,sine_steer_python-1
2295,2026年09月05日_22时52分41秒_第036次,2026-09-05T22:52:41,2.294,38.9718296293464,0.102437479950142,8.03862469442278,23.9395942864692,0.503177436054069,24.992276276887,0,1.29411192313889,0.0288408673251314,0.202701390470014,MV-202,sine_steer_python-1
2296,2026年09月05日_22时52分41秒_第036次,2026-09-05T22:52:41,2.295,38.9722798281458,0.10236880270463,8.03954433814666,23.9503593567974,0.504320918705643,25.0030261580284,0,1.27484797949738,0.028404883637027,0.199406325173735,MV-202,sine_steer_python-1
2297,2026年09月05日_22时52分41秒_第036次,2026-09-05T22:52:41,2.296,38.9727310324387,0.102299882045166,8.0404516848314,23.9611243921783,0.505465913962795,25.0137759816566,0,1.2553827225814,0.0279642377176325,0.196072386092852,MV-202,sine_steer_python-1
2298,2026年09月05日_22时52分41秒_第036次,2026-09-05T22:52:41,2.297,38.9731832393839,0.102230736923354,8.04134670940515,23.971889392676,0.506612421865012,25.0245257478526,0,1.23571922618067,0.0275190038642707,0.192700285161743,MV-202,sine_steer_python-1
2299,2026年09月05日_22时52分41秒_第036次,2026-09-05T22:52:41,2.298,38.9736364465703,0.102161386184375,8.04222968271953,23.9826543583436,0.507760442551854,25.0352754566842,0,1.21586059538921,0.0270692594437193,0.189290839446374,MV-202,sine_steer_python-1
2300,2026年09月05日_22时52分41秒_第036次,2026-09-05T22:52:41,2.299,38.9740906514955,0.102091847836188,8.04310065084767,23.9934192892334,0.508909976163626,25.0460251082178,0,1.19580996611504,0.0266150844960569,0.185844954776258,MV-202,sine_steer_python-1
2301,2026年09月05日_22时52分41秒_第036次,2026-09-05T22:52:41,2.3,38.9745458516699,0.102022139930005,8.04395988947504,24.0041841853978,0.510061022834527,25.0567747025199,0,1.17557050458495,0.0261565613124236,0.182363608277071,MV-202,sine_steer_python-1
2302,2026年09月05日_22时52分41秒_第036次,2026-09-05T22:52:41,2.301,38.9750020446035,0.101952280140939,8.0448076574925,24.0149490468876,0.511213582705969,25.0675242396558,0,1.15514540684453,0.0256937739852461,0.178847829742879,MV-202,sine_steer_python-1
2303,2026年09月05日_22时52分41秒_第036次,2026-09-05T22:52:41,2.302,38.9754591685713,0.101882247232866,8.04559177359697,24.0257138737528,0.512367655921794,25.0782737196893,0,1.13453789825352,0.025226807940057,0.175298682234789,MV-202,sine_steer_python-1
2304,2026年09月05日_22时52分41秒_第036次,2026-09-05T22:52:41,2.303,38.9759173291602,0.10181178278359,8.04643654146981,24.0364786662354,0.513523240543803,25.0890231430355,0,1.11375123297638,0.024755749467237,0.171717242682356,MV-202,sine_steer_python-1
2305,2026年09月05日_22时52分41秒_第036次,2026-09-05T22:52:41,2.304,38.9763764798354,0.101741064873573,8.04724791591814,24.0472434240584,0.514680340120295,25.0997725091899,0,1.09278869346854,0.0242806852778266,0.168104583509712,MV-202,sine_steer_python-1
2306,2026年09月05日_22时52分41秒_第036次,2026-09-05T22:52:41,2.305,38.9768366214286,0.101670113881538,8.04805374519573,24.0580081474511,0.515838952997751,25.1105218185093,0,1.071653589958,0.0238017021088349,0.164461756362837,MV-202,sine_steer_python-1
2307,2026年09月05日_22时52分41秒_第036次,2026-09-05T22:52:41,2.306,38.977297751651,0.101598941110049,8.04884721585723,24.0687728364049,0.516999079885827,25.121271070971,0,1.0503492599226,0.0233188864002399,0.160789778876744,MV-202,sine_steer_python-1
2308,2026年09月05日_22时52分41秒_第036次,2026-09-05T22:52:41,2.307,38.977759867362,0.101527569353302,8.04962814106644,24.0795374909832,0.518160720786161,25.1320202666593,0,1.02887906756301,0.0228323240589414,0.157089625127846,MV-202,sine_steer_python-1
2309,2026年09月05日_22时52分41秒_第036次,2026-09-05T22:52:41,2.308,38.9782229659728,0.101456021325388,8.05039687522934,24.0903021112364,0.519323875819632,25.1427694056428,0,1.00724640327152,0.0223421003158747,0.153362220033315,MV-202,sine_steer_python-1
2310,2026年09月05日_22时52分41秒_第036次,2026-09-05T22:52:41,2.309,38.9786870447904,0.101384318475821,8.05115346278709,24.1010666972138,0.520488545110575,25.1535184879882,0,0.985454683096585,0.0218482996735614,0.149608437581241,MV-202,sine_steer_python-1
2311,2026年09月05日_22时52分41秒_第036次,2026-09-05T22:52:41,2.31,38.9791521011426,0.10131248217878,8.05189824782752,24.1118312489648,0.5216547287756,25.1642675137625,0,0.963507348203427,0.0213510059343704,0.145829102478875,MV-202,sine_steer_python-1
2312,2026年09月05日_22时52分41秒_第036次,2026-09-05T22:52:41,2.311,38.9796181323627,0.101240533193132,8.05263155722216,24.122595766537,0.522822426940615,25.1750164830306,0,0.94140786433067,0.0208503022914253,0.142024994453931,MV-202,sine_steer_python-1
2313,2026年09月05日_22时52分41秒_第036次,2026-09-05T22:52:41,2.312,38.9800850646315,0.101168444384247,8.05328923283512,24.1333602499772,0.52399163973471,25.1857653958562,0,0.919159721242975,0.0203462714585312,0.138196854208582,MV-202,sine_steer_python-1
2314,2026年09月05日_22时52分41秒_第036次,2026-09-05T22:52:41,2.313,38.9805530255943,0.101095881173158,8.05402416451212,24.1441246995804,0.525162364651067,25.1965142527491,0,0.896766432180066,0.0198389958173253,0.134345390103561,MV-202,sine_steer_python-1
2315,2026年09月05日_22时52分41秒_第036次,2026-09-05T22:52:41,2.314,38.9810219591251,0.101023072762848,8.05472029932782,24.1548891149711,0.526334606135757,25.2072630530507,0,0.874231533301868,0.019328557562968,0.130471284782118,MV-202,sine_steer_python-1
2316,2026年09月05日_22时52分41秒_第036次,2026-09-05T22:52:41,2.315,38.9814918667751,0.100950040736557,8.05541250200618,24.1656534964274,0.527508362036571,25.2180117971973,0,0.851558583130143,0.0188150388336166,0.126575201109469,MV-202,sine_steer_python-1
2317,2026年09月05日_22时52分41秒_第036次,2026-09-05T22:52:41,2.316,38.9819627461087,0.100876797347995,8.05609209542495,24.1764178439207,0.528683633202792,25.2287604851406,0,0.828751161986567,0.0182985218138308,0.122657787011286,MV-202,sine_steer_python-1
2318,2026年09月05日_22时52分41秒_第036次,2026-09-05T22:52:41,2.317,38.9824345937144,0.100803369109264,8.05675897731447,24.1871821575159,0.529860419580212,25.2395091169708,0,0.805812871427326,0.0177791348554078,0.118721628444775,MV-202,sine_steer_python-1
2319,2026年09月05日_22时52分41秒_第036次,2026-09-05T22:52:41,2.318,38.9829074068534,0.100729782161134,8.05741355891902,24.1979464372607,0.531038721269586,25.2502576927567,0,0.782747333674407,0.0172571033055232,0.114773401363294,MV-202,sine_steer_python-1
2320,2026年09月05日_22时52分41秒_第036次,2026-09-05T22:52:41,2.319,38.9833811826623,0.100656061060713,8.05805589061904,24.2087106832018,0.532218538374097,25.261006212565,0,0.759558191043599,0.0167325059549025,0.110813561737039,MV-202,sine_steer_python-1
2321,2026年09月05日_22时52分41秒_第036次,2026-09-05T22:52:41,2.32,38.9838559183106,0.100582230194808,8.05868638307569,24.2194748953861,0.533399870987854,25.2717546764628,0,0.736249105369361,0.0162053918150156,0.106841289954951,MV-202,sine_steer_python-1
2322,2026年09月05日_22时52分41秒_第036次,2026-09-05T22:52:41,2.321,38.9843316109808,0.100508313133349,8.05930542077121,24.2302390738586,0.53458271921669,25.2825030845148,0,0.712823757426501,0.0156758077813374,0.102855662427854,MV-202,sine_steer_python-1
2323,2026年09月05日_22时52分41秒_第036次,2026-09-05T22:52:41,2.322,38.9848081733576,0.100434277534103,8.05983747226168,24.2410032186629,0.5357670831706,25.2932514367836,0,0.689285846349042,0.0151438005542081,0.0988557333746045,MV-202,sine_steer_python-1
2324,2026年09月05日_22时52分41秒_第036次,2026-09-05T22:52:41,2.323,38.9852857571772,0.100359749874251,8.06046235916078,24.2517673301281,0.536952959963115,25.3039997338533,0,0.665639089045976,0.0146094181933432,0.0948406010606461,MV-202,sine_steer_python-1
2325,2026年09月05日_22时52分41秒_第036次,2026-09-05T22:52:41,2.324,38.9857642963629,0.100284982655395,8.06104417439598,24.2625314078127,0.538140354610544,25.3147479749425,0,0.641887219614416,0.0140727113263652,0.0908094593937583,MV-202,sine_steer_python-1
2326,2026年09月05日_22时52分41秒_第036次,2026-09-05T22:52:41,2.325,38.9862437930759,0.100210002824662,8.06162312006478,24.2732954520269,0.53932926463249,25.3254961605481,0,0.618033988749894,0.0135337340215341,0.0867616353160353,MV-202,sine_steer_python-1
2327,2026年09月05日_22时52分41秒_第036次,2026-09-05T22:52:41,2.326,38.9867242448071,0.100134823567646,8.06218935011794,24.284059462728,0.540519690957535,25.3362442906031,0,0.59408316315407,0.0129925443616266,0.0826966135551775,MV-202,sine_steer_python-1
2328,2026年09月05日_22时52分41秒_第036次,2026-09-05T22:52:41,2.327,38.9872056479023,0.100059474526002,8.06274258028395,24.2948234399805,0.541711633492911,25.3469923652003,0,0.570038524939954,0.0124492047658564,0.0786140507184163,MV-202,sine_steer_python-1
2329,2026年09月05日_22时52分41秒_第036次,2026-09-05T22:52:41,2.328,38.987687999496,0.0999839850650094,8.06328330525313,24.3055873838295,0.5429050923185,25.3577403844084,0,0.545903871034647,0.011903782109519,0.0745137808309742,MV-202,sine_steer_python-1
2330,2026年09月05日_22时52分41秒_第036次,2026-09-05T22:52:41,2.329,38.9881712965843,0.0999083825815276,8.06381157106367,24.3163512943188,0.544100067519468,25.368488348293,0,0.521683012579799,0.011356347688924,0.0703958143309463,MV-202,sine_steer_python-1
2331,2026年09月05日_22时52分41秒_第036次,2026-09-05T22:52:41,2.33,38.9886555362037,0.0998326942340411,8.06432785483459,24.3271151714926,0.545296559170142,25.3792362569206,0,0.497379774329709,0.0108069770737416,0.0662603323030079,MV-202,sine_steer_python-1
2332,2026年09月05日_22时52分41秒_第036次,2026-09-05T22:52:41,2.331,38.9891407154074,0.0997569461759443,8.06483260782787,24.3378790153927,0.546494567358504,25.3899841103544,0,0.472997994047457,0.0102557844701938,0.0621091411406687,MV-202,sine_steer_python-1
2333,2026年09月05日_22时52分41秒_第036次,2026-09-05T22:52:41,2.332,38.9896267352734,0.0996810995259168,8.06523830960041,24.3486428260597,0.547694092177335,25.4007319086555,0,0.448541521898765,0.00970307155222753,0.0579519713149669,MV-202,sine_steer_python-1
2334,2026年09月05日_22时52分41秒_第036次,2026-09-05T22:52:41,2.333,38.9901137689696,0.0996046972767773,8.06575348662511,24.3594066038829,0.548895130133131,25.4114796525104,0,0.424014219844106,0.00914897234547233,0.0537914502192579,MV-202,sine_steer_python-1
2335,2026年09月05日_22时52分41秒_第036次,2026-09-05T22:52:41,2.334,38.9906017410183,0.0995280478902951,8.06621991363374,24.3701703483113,0.550097687196274,25.4222273409683,0,0.39941996102882,0.00859358290327679,0.0496285899767484,MV-202,sine_steer_python-1
2336,2026年09月05日_22时52分41秒_第036次,2026-09-05T22:52:41,2.335,38.9910906544119,0.0994511784353413,8.06668510099356,24.3809340597097,0.551301760354074,25.4329749746113,0,0.374762629171449,0.00803699556156887,0.0454642375719325,MV-202,sine_steer_python-1
2337,2026年09月05日_22时52分41秒_第036次,2026-09-05T22:52:41,2.336,38.9915805065062,0.0993741028095476,8.06713721490381,24.391697738014,0.552507350682018,25.4437225533436,0,0.350046117950554,0.00747929888924937,0.0412990732868942,MV-202,sine_steer_python-1
2338,2026年09月05日_22时52分41秒_第036次,2026-09-05T22:52:41,2.337,38.9920712934235,0.099296854304147,8.06757610425418,24.4024613832909,0.553714458025099,25.4544700772627,0,0.32527433038977,0.00692057850270439,0.0371336456692043,MV-202,sine_steer_python-1
2339,2026年09月05日_22时52分41秒_第036次,2026-09-05T22:52:41,2.338,38.9925630121858,0.0992194656301184,8.06800231611972,24.4132249955829,0.554923082439798,25.4652175464362,0,0.300451178241519,0.00636091774373079,0.0329684007168317,MV-202,sine_steer_python-1
2340,2026年09月05日_22时52分41秒_第036次,2026-09-05T22:52:41,2.339,38.9930556596542,0.0991419672846268,8.06841590484895,24.423988574932,0.556133223986126,25.4759649609286,0,0.275580581369275,0.00580039819618746,0.0288037042363732,MV-202,sine_steer_python-1
2341,2026年09月05日_22时52分41秒_第036次,2026-09-05T22:52:41,2.34,38.9935492327407,0.0990643894876514,8.06881741481573,24.4347521213801,0.557344882711963,25.4867123208052,0,0.250666467128602,0.00523910007377605,0.0246398587468445,MV-202,sine_steer_python-1
2342,2026年09月05日_22时52分41秒_第036次,2026-09-05T22:52:41,2.341,38.994043728379,0.0989867613107665,8.06920735407691,24.4455156349667,0.558558058681352,25.4974596261274,0,0.225712769746966,0.00467710250917198,0.0204771162093453,MV-202,sine_steer_python-1
2343,2026年09月05日_22时52分41秒_第036次,2026-09-05T22:52:41,2.342,38.9945390347432,0.0989090386412879,8.06948676716393,24.4562791157297,0.559772751964183,25.5082068769544,0,0.200723429702427,0.00411448378324298,0.0163156882225479,MV-202,sine_steer_python-1
2344,2026年09月05日_22时52分41秒_第036次,2026-09-05T22:52:41,2.343,38.9950353482684,0.0988307172553881,8.06989134102685,24.4670425641003,0.560988958639429,25.5189540740547,0,0.175702393101492,0.00355132153755173,0.0121557555120811,MV-202,sine_steer_python-1
2345,2026年09月05日_22时52分41秒_第036次,2026-09-05T22:52:41,2.344,38.9955325837434,0.0987521354938804,8.07024257276936,24.4778059794498,0.562206685317655,25.5297012163387,0,0.150653611055865,0.00298769301055759,0.00799747842349335,MV-202,sine_steer_python-1
2346,2026年09月05日_22时52分41秒_第036次,2026-09-05T22:52:41,2.345,38.9960307448667,0.0986733251588763,8.07059368032793,24.4885693621818,0.563425928615593,25.540448304456,0,0.125581039058628,0.00242367532818422,0.003841009714177,MV-202,sine_steer_python-1
2347,2026年09月05日_22时52分41秒_第036次,2026-09-05T22:52:41,2.346,38.9965298289142,0.0985943014496015,8.07093150333093,24.4993327122164,0.564646689697508,25.551195338288,0,0.100488636359542,0.00185934584839382,-0.000313490369192725,MV-202,sine_steer_python-1
2348,2026年09月05日_22时52分41秒_第036次,2026-09-05T22:52:41,2.347,38.9970298317932,0.0985151013518657,8.07125576998613,24.5100960296208,0.565868968362132,25.5619423179344,0,0.0753803653398737,0.00129478250611187,-0.0044658390099797,MV-202,sine_steer_python-1
2349,2026年09月05日_22时52分41秒_第036次,2026-09-05T22:52:41,2.348,38.9975307504179,0.0984357613284446,8.07156710539275,24.5208593144357,0.567092764641541,25.5726892434615,0,0.050260190886674,0.000730064000863974,-0.00861582242044941,MV-202,sine_steer_python-1
2350,2026年09月05日_22时52分41秒_第036次,2026-09-05T22:52:41,2.349,38.9980325815244,0.0983563153112731,8.07186556332313,24.5316225667003,0.568318078573432,25.583436114932,0,0.0251320797667059,0.000165268819409671,-0.0127632368116414,MV-202,sine_steer_python-1
2351,2026年09月05日_22时52分41秒_第036次,2026-09-05T22:52:41,2.35,38.9985353219048,0.098276796930298,8.07215175655222,24.5423857864547,0.569544910181835,25.5941829324094,0,2.20436423846524e-15,-0.000399526293138275,-0.0169079527256135,MV-202,sine_steer_python-1
2352,2026年09月05日_22时52分41秒_第036次,2026-09-05T22:52:41,2.351,38.999038968375,0.0981972385226979,8.07242626022865,24.5531489737356,0.570773259509104,25.604929695953,0,-0.0251320797667086,-0.000964243925181821,-0.021049812401437,MV-202,sine_steer_python-1
2353,2026年09月05日_22时52分41秒_第036次,2026-09-05T22:52:41,2.352,38.9995433968472,0.0981175908571876,8.07257852526788,24.5639121285785,0.572003126604279,25.6156764056191,0,-0.0502601908866696,-0.00152880421692357,-0.0251885536827602,MV-202,sine_steer_python-1
2354,2026年09月05日_22时52分41秒_第036次,2026-09-05T22:52:41,2.353,39.0000488260756,0.0980372911898254,8.07287188493371,24.5746752514642,0.573234507060152,25.6264230622679,0,-0.0753803653398693,-0.00209312482739655,-0.0293238081698955,MV-202,sine_steer_python-1
2355,2026年09月05日_22时52分41秒_第036次,2026-09-05T22:52:41,2.354,39.0005551613096,0.0979567166382764,8.07310691592926,24.5854383416731,0.574467408230247,25.6371696646554,0,-0.100488636359538,-0.0026571211977146,-0.0334551119462392,MV-202,sine_steer_python-1
2356,2026年09月05日_22时52分41秒_第036次,2026-09-05T22:52:41,2.355,39.0010624070142,0.0978759027425289,8.07334307812224,24.5962013996547,0.575701826307397,25.6479162135063,0,-0.125581039058624,-0.00322070688150213,-0.0375819191236322,MV-202,sine_steer_python-1
2357,2026年09月05日_22时52分41秒_第036次,2026-09-05T22:52:41,2.356,39.0015705603492,0.0977948662905698,8.07356567374089,24.6069644253108,0.576937762563484,25.6586627086762,0,-0.150653611055861,-0.00378379389452139,-0.0417036161767309,MV-202,sine_steer_python-1
2358,2026年09月05日_22时52分41秒_第036次,2026-09-05T22:52:41,2.357,39.0020796170002,0.0977136484449229,8.07377440194988,24.6177274187104,0.578175216745367,25.6694091502676,0,-0.175702393101487,-0.00434629305986761,-0.0458195360760408,MV-202,sine_steer_python-1
2359,2026年09月05日_22时52分41秒_第036次,2026-09-05T22:52:41,2.358,39.0025895737628,0.0976322897859006,8.07396996291003,24.6284903798922,0.57941418886072,25.6801555383454,0,-0.200723429702429,-0.0049081143312174,-0.0499289714862694,MV-202,sine_steer_python-1
2360,2026年09月05日_22时52分41秒_第036次,2026-09-05T22:52:41,2.359,39.0031004272338,0.0975508280762683,8.07415241758207,24.6392533088934,0.580654678923677,25.6909018729702,0,-0.225712769746961,-0.0054691670763144,-0.0540311862805027,MV-202,sine_steer_python-1
2361,2026年09月05日_22时52分41秒_第036次,2026-09-05T22:52:41,2.36,39.0036121740723,0.0974693007523339,8.07432245063951,24.6500162057519,0.581896686933294,25.701648154204,0,-0.250666467128612,-0.00602936030438905,-0.0581254246826503,MV-202,sine_steer_python-1
2362,2026年09月05日_22时52分41秒_第036次,2026-09-05T22:52:41,2.361,39.0041248109628,0.0973877438176107,8.07448070409513,24.6607790705026,0.583140212909301,25.7123943821036,0,-0.275580581369271,-0.00658860282605343,-0.062210917554149,MV-202,sine_steer_python-1
2363,2026年09月05日_22时52分41秒_第036次,2026-09-05T22:52:41,2.362,39.0046382017191,0.0973061034097732,8.07450504238118,24.6715419031783,0.584385256879097,25.7231405567231,0,-0.300451178241514,-0.00714680334110956,-0.0662868856319223,MV-202,sine_steer_python-1
2364,2026年09月05日_22时52分41秒_第036次,2026-09-05T22:52:41,2.363,39.0051525871149,0.097223758995002,8.07468642079892,24.6823047043113,0.58563181394997,25.733886679016,0,-0.325274330389766,-0.00770387045687339,-0.0703525398273852,MV-202,sine_steer_python-1
2365,2026年09月05日_22时52分41秒_第036次,2026-09-05T22:52:41,2.364,39.005667862923,0.0971411265931816,8.07480451354751,24.6930674730893,0.586879892216322,25.7446327475809,0,-0.350046117950549,-0.00825971264563263,-0.0744070789494838,MV-202,sine_steer_python-1
2366,2026年09月05日_22时52分41秒_第036次,2026-09-05T22:52:41,2.365,39.0061840343797,0.097058245947767,8.07492501289742,24.7038302100087,0.588129487447675,25.7553787632196,0,-0.374762629171452,-0.00881423815425577,-0.0784496853999584,MV-202,sine_steer_python-1
2367,2026年09月05日_22时52分41秒_第036次,2026-09-05T22:52:41,2.366,39.0067010985082,0.096975135833744,8.07503168315335,24.7145929149534,0.589380601023346,25.7661247257614,0,-0.399419961028815,-0.00936735488354006,-0.0824795195796296,MV-202,sine_steer_python-1
2368,2026年09月05日_22时52分41秒_第036次,2026-09-05T22:52:41,2.367,39.0072190507641,0.0968918419890769,8.07512419295733,24.7253555879941,0.590633232638542,25.776870635312,0,-0.424014219844109,-0.00991897026567172,-0.0864957141971307,MV-202,sine_steer_python-1
2369,2026年09月05日_22时52分41秒_第036次,2026-09-05T22:52:41,2.368,39.0077378876414,0.0968083896851079,8.07520364503056,24.7361182291678,0.59188738227689,25.7876164919352,0,-0.448541521898761,-0.0104689911990285,-0.0904973709739409,MV-202,sine_steer_python-1
2370,2026年09月05日_22时52分41秒_第036次,2026-09-05T22:52:41,2.369,39.0082576054562,0.0967248049649907,8.07527028619149,24.746880838511,0.593143049918084,25.7983622956901,0,-0.472997994047453,-0.0110173241707157,-0.0944835652567496,MV-202,sine_steer_python-1
2371,2026年09月05日_22时52分41秒_第036次,2026-09-05T22:52:41,2.37,39.0087782007872,0.0966411363457785,8.07532464497942,24.7576434160613,0.594400235524445,25.8091080466374,0,-0.497379774329705,-0.0115638757932851,-0.0984533681561154,MV-202,sine_steer_python-1
2372,2026年09月05日_22时52分41秒_第036次,2026-09-05T22:52:41,2.371,39.0092996701815,0.096557423851922,8.07536739576092,24.7684059618517,0.595658939091509,25.8198537448321,0,-0.521683012579794,-0.0121085539025759,-0.102405892564882,MV-202,sine_steer_python-1
2373,2026年09月05日_22时52分41秒_第036次,2026-09-05T22:52:41,2.372,39.0098218655546,0.0964736100902486,8.07526478338419,24.7791684759134,0.596919160621055,25.8305993903262,0,-0.545903871034643,-0.0126512687661752,-0.106340344142372,MV-202,sine_steer_python-1
2374,2026年09月05日_22时52分41秒_第036次,2026-09-05T22:52:41,2.373,39.010345049426,0.0963890206010756,8.07533529149746,24.7899309588318,0.598180894733703,25.8413449841695,0,-0.57003852493995,-0.0131919334067987,-0.110256034964881,MV-202,sine_steer_python-1
2375,2026年09月05日_22时52分41秒_第036次,2026-09-05T22:52:41,2.374,39.0108691081603,0.0963041081187513,8.07533775116643,24.8006934097002,0.599444150261999,25.8520905248,0,-0.594083163154073,-0.013730462844768,-0.114152351157124,MV-202,sine_steer_python-1
2376,2026年09月05日_22时52分41秒_第036次,2026-09-05T22:52:41,2.375,39.011394047787,0.0962189170854099,8.07534406852969,24.8114558290636,0.600708922549854,25.8628360130988,0,-0.618033988749889,-0.0142667731382555,-0.11802871164802,MV-202,sine_steer_python-1
2377,2026年09月05日_22时52分41秒_第036次,2026-09-05T22:52:41,2.376,39.011919865186,0.0961334685431672,8.07533646971751,24.8222182167881,0.601975213081728,25.8735814488691,0,-0.641887219614419,-0.0148007808303408,-0.121884544089709,MV-202,sine_steer_python-1
2378,2026年09月05日_22时52分41秒_第036次,2026-09-05T22:52:41,2.377,39.0124465555858,0.0960478130069425,8.0753145956142,24.8329805729466,0.603243021498963,25.8843268322204,0,-0.665639089045972,-0.015332402763484,-0.125719276419104,MV-202,sine_steer_python-1
2379,2026年09月05日_22时52分41秒_第036次,2026-09-05T22:52:41,2.378,39.0129741155178,0.0959620002432843,8.07527929734259,24.8437428975751,0.604512347758843,25.8950721632161,0,-0.689285846349038,-0.0158615560589849,-0.129532335488233,MV-202,sine_steer_python-1
2380,2026年09月05日_22时52分41秒_第036次,2026-09-05T22:52:41,2.379,39.0135025412729,0.0958760766007798,8.07523065310249,24.8545051907076,0.605783191826948,25.905817441914,0,-0.712823757426497,-0.016388158135948,-0.133323147412665,MV-202,sine_steer_python-1
2381,2026年09月05日_22时52分41秒_第036次,2026-09-05T22:52:41,2.38,39.0140318292134,0.0957900880096314,8.07516949505191,24.8652674523792,0.607055553651158,25.9165626683741,0,-0.736249105369357,-0.0169121614299752,-0.137092606825787,MV-202,sine_steer_python-1
2382,2026年09月05日_22时52分41秒_第036次,2026-09-05T22:52:41,2.381,39.0145619757283,0.095704078642838,8.0750966031453,24.8760296826213,0.608329433204843,25.9273078426502,0,-0.759558191043595,-0.0174336388949742,-0.140846695990233,MV-202,sine_steer_python-1
2383,2026年09月05日_22时52分41秒_第036次,2026-09-05T22:52:41,2.382,39.015092821017,0.0956179873058699,8.07486665486463,24.8867918814629,0.609604830471153,25.9380529647928,0,-0.782747333674403,-0.0179525027358534,-0.144584577997272,MV-202,sine_steer_python-1
2384,2026年09月05日_22时52分41秒_第036次,2026-09-05T22:52:41,2.383,39.015624648902,0.0955310834313906,8.07482578116069,24.8975540495436,0.610881739591384,25.9487980359505,0,-0.805812871427328,-0.0184686365006925,-0.148304187850805,MV-202,sine_steer_python-1
2385,2026年09月05日_22时52分41秒_第036次,2026-09-05T22:52:41,2.384,39.016157336412,0.0954438580043659,8.07471196091488,24.9083161858603,0.612160170135892,25.9595430543982,0,-0.828751161986563,-0.0189819218820676,-0.152003366563774,MV-202,sine_steer_python-1
2386,2026年09月05日_22时52分41秒_第036次,2026-09-05T22:52:41,2.385,39.0166908903389,0.0953563601736447,8.07460332558444,24.9190782910076,0.613440117029211,25.9702880210986,0,-0.851558583130145,-0.0194922406443254,-0.155679942283221,MV-202,sine_steer_python-1
2387,2026年09月05日_22时52分41秒_第036次,2026-09-05T22:52:41,2.386,39.0172253073724,0.0952686132300718,8.07448057253442,24.9298403648333,0.614721581864698,25.9810329358288,0,-0.874231533301864,-0.0199994762382983,-0.159331798189139,MV-202,sine_steer_python-1
2388,2026年09月05日_22时52分41秒_第036次,2026-09-05T22:52:41,2.387,39.0177605824819,0.0951806724861068,8.07434331355838,24.9406024074125,0.616004564234204,25.9917777987028,0,-0.896766432180062,-0.0205035150919805,-0.162956926688575,MV-202,sine_steer_python-1
2389,2026年09月05日_22时52分41秒_第036次,2026-09-05T22:52:41,2.388,39.0182967120338,0.0950925923904027,8.07419247185171,24.9513644187798,0.617289064073212,26.002522609784,0,-0.919159721242971,-0.0210042475666478,-0.16655346946008,MV-202,sine_steer_python-1
2390,2026年09月05日_22时52分41秒_第036次,2026-09-05T22:52:41,2.389,39.0188336921367,0.0950044236374223,8.07402812932294,24.9621263989677,0.618575081326591,26.0132673691298,0,-0.941407864330666,-0.0215015685993862,-0.170119744234189,MV-202,sine_steer_python-1
2391,2026年09月05日_22时52分41秒_第036次,2026-09-05T22:52:41,2.39,39.0193715189782,0.0949162164244569,8.0738511857692,24.97288834801,0.619862615920388,26.0240120768,0,-0.963507348203436,-0.0219953780677534,-0.17365425981981,MV-202,sine_steer_python-1
2392,2026年09月05日_22时52分41秒_第036次,2026-09-05T22:52:41,2.391,39.0199101887751,0.094828018995505,8.07366248373618,24.9836502659362,0.621151667808706,26.0347567328477,0,-0.985454683096581,-0.0224855809199037,-0.177155721208209,MV-202,sine_steer_python-1
2393,2026年09月05日_22时52分41秒_第036次,2026-09-05T22:52:41,2.392,39.0204495301894,0.0947397662458736,8.07330512378376,24.9944121527735,0.62244223695662,26.0455013373225,0,-1.00724640327152,-0.0229720871214695,-0.180623026928343,MV-202,sine_steer_python-1
2394,2026年09月05日_22时52分41秒_第036次,2026-09-05T22:52:41,2.393,39.0209898480529,0.094650671623432,8.07315279815134,25.0051740092169,0.623734317028705,26.0562458914746,0,-1.02887906756301,-0.0234548114699528,-0.184055260792232,MV-202,sine_steer_python-1
2395,2026年09月05日_22时52分41秒_第036次,2026-09-05T22:52:41,2.394,39.021531010153,0.0945612639405516,8.07292264946003,25.0159358341649,0.625027918333463,26.0669903934128,0,-1.05034925992259,-0.0239336733190166,-0.187451679827376,MV-202,sine_steer_python-1
2396,2026年09月05日_22时52分41秒_第036次,2026-09-05T22:52:41,2.395,39.0220730240649,0.0944715969181202,8.07269901197098,25.0266976282627,0.626323035378914,26.0777348441834,0,-1.07165358995799,-0.0244085962470302,-0.190811699850419,MV-202,sine_steer_python-1
2397,2026年09月05日_22时52分41秒_第036次,2026-09-05T22:52:41,2.396,39.0226158862893,0.0943816958881463,8.07246104804113,25.0374593913392,0.627619669869199,26.0884792435377,0,-1.09278869346854,-0.0248795076952474,-0.194134879754703,MV-202,sine_steer_python-1
2398,2026年09月05日_22时52分41秒_第036次,2026-09-05T22:52:41,2.397,39.0231595915481,0.0942916207383558,8.07220833656594,25.0482211234721,0.62891782134882,26.0992235915947,0,-1.11375123297637,-0.0253463385918254,-0.197420905198202,MV-202,sine_steer_python-1
2399,2026年09月05日_22时52分41秒_第036次,2026-09-05T22:52:41,2.398,39.0237041360507,0.0942014303524306,8.0719418712849,25.0589828246945,0.630217489733463,26.1099678884182,0,-1.13453789825351,-0.0258090229700277,-0.200669572045649,MV-202,sine_steer_python-1
2400,2026年09月05日_22时52分41秒_第036次,2026-09-05T22:52:41,2.399,39.0242495157309,0.0941111795011143,8.07166173830003,25.0697444950373,0.631518674949153,26.1207121340659,0,-1.15514540684453,-0.0262674975833782,-0.203880769683141,MV-202,sine_steer_python-1
2401,2026年09月05日_22时52分41秒_第036次,2026-09-05T22:52:41,2.4,39.0247957266079,0.0940209223562035,8.07136890652746,25.080506134533,0.632821376901822,26.1314563285978,0,-1.17557050458494,-0.0267217015177487,-0.207054464205426,MV-202,sine_steer_python-1
2402,2026年09月05日_22时52分41秒_第036次,2026-09-05T22:52:41,2.401,39.025342764733,0.0939307109180522,8.07106428314851,25.0912677432093,0.634125595527856,26.1422004720668,0,-1.19580996611504,-0.0271715758002933,-0.210190681473647,MV-202,sine_steer_python-1
2403,2026年09月05日_22时52分41秒_第036次,2026-09-05T22:52:41,2.402,39.0258904473806,0.0938404758698622,8.0705794492965,25.1020293210916,0.635431330775643,26.1529445645221,0,-1.21586059538921,-0.0276170630072565,-0.213289490130144,MV-202,sine_steer_python-1
2404,2026年09月05日_22时52分41秒_第036次,2026-09-05T22:52:41,2.403,39.0264391001422,0.0937493744391123,8.07031555689774,25.1127908689316,0.63673857583442,26.1636886073178,0,-1.23571922618067,-0.0280581068760042,-0.216350984797395,MV-202,sine_steer_python-1
2405,2026年09月05日_22时52分41秒_第036次,2026-09-05T22:52:41,2.404,39.0269885816528,0.0936579728012087,8.06996896905246,25.1235523855274,0.638047341751334,26.1744325983936,0,-1.2553827225814,-0.0284946519301054,-0.219375269835196,MV-202,sine_steer_python-1
2406,2026年09月05日_22时52分41秒_第036次,2026-09-05T22:52:41,2.405,39.0275389002881,0.093566328875999,8.06963021549018,25.1343138715759,0.639357622619432,26.185176538882,0,-1.27484797949738,-0.0289266431289466,-0.222362444141668,MV-202,sine_steer_python-1
2407,2026年09月05日_22时52分41秒_第036次,2026-09-05T22:52:41,2.406,39.0280900523574,0.0934744696282569,8.0692769269368,25.1450753268869,0.640669420254255,26.1959204285077,0,-1.29411192313889,-0.0293540255544577,-0.225312587530151,MV-202,sine_steer_python-1
2408,2026年09月05日_22时52分41秒_第036次,2026-09-05T22:52:41,2.407,39.0286420323443,0.0933824591058272,8.0689086512271,25.1558367515406,0.641982734153717,26.2066642673955,0,-1.31317151150591,-0.0297767441468043,-0.228225749182777,MV-202,sine_steer_python-1
2409,2026年09月05日_22时52分41秒_第036次,2026-09-05T22:52:41,2.408,39.0291948363069,0.0932903601994058,8.06852645335299,25.1665981455687,0.643297564214296,26.2174080556101,0,-1.3320237348685,-0.0301947434984253,-0.231101938576666,MV-202,sine_steer_python-1
2410,2026年09月05日_22时52分41秒_第036次,2026-09-05T22:52:41,2.409,39.0297484600105,0.0931982313209318,8.06813042398229,25.1773595090009,0.644613910343631,26.2281517932094,0,-1.35066561624205,-0.0306079677120172,-0.233941119118857,MV-202,sine_steer_python-1
2411,2026年09月05日_22时52分41秒_第036次,2026-09-05T22:52:41,2.41,39.0303028993129,0.0931061301756713,8.06772160101058,25.1881208418682,0.645931772427891,26.238895480254,0,-1.36909421185738,-0.0310163603236223,-0.23674320453816,MV-202,sine_steer_python-1
2412,2026年09月05日_22时52分41秒_第036次,2026-09-05T22:52:41,2.411,39.0308581501063,0.0930141120753349,8.06730095576327,25.1988821441969,0.647251150385996,26.2496391167969,0,-1.38730661162561,-0.031419919390678,-0.239510389635821,MV-202,sine_steer_python-1
2413,2026年09月05日_22时52分41秒_第036次,2026-09-05T22:52:41,2.412,39.0314140184216,0.0929221030624122,8.06668861697827,25.2096434160103,0.648572044149789,26.260382702887,0,-1.4052999395977,-0.0318187253693278,-0.242248329981758,MV-202,sine_steer_python-1
2414,2026年09月05日_22时52分41秒_第036次,2026-09-05T22:52:41,2.413,39.0319708503723,0.0928292037615593,8.06631306969229,25.2204046581186,0.649894446433075,26.2711262399847,0,-1.42307135441857,-0.0322128114856022,-0.244960656040323,MV-202,sine_steer_python-1
2415,2026年09月05日_22时52分41秒_第036次,2026-09-05T22:52:41,2.414,39.0325284955345,0.0927360172256307,8.06584996035291,25.2311658692172,0.651218369021355,26.2818697258577,0,-1.44061804977581,-0.0326021216477826,-0.247647191202808,MV-202,sine_steer_python-1
2416,2026年09月05日_22时52分41秒_第036次,2026-09-05T22:52:41,2.415,39.0330869631047,0.0926426051331536,8.06539600365374,25.2419270500559,0.652543805593135,26.2926131617258,0,-1.45793725484282,-0.032986593533766,-0.250307467522272,MV-202,sine_steer_python-1
2417,2026年09月05日_22时52分41秒_第036次,2026-09-05T22:52:41,2.416,39.0336462492034,0.0925489956350085,8.06492729986305,25.2526882004254,0.653870758074975,26.3033565472873,0,-1.47502623471635,-0.0333661587376025,-0.252940731686416,MV-202,sine_steer_python-1
2418,2026年09月05日_22时52分41秒_第036次,2026-09-05T22:52:41,2.417,39.0342063480887,0.0924552565023662,8.0644433658552,25.2634493204084,0.65519922591801,26.3140998826728,0,-1.49188229084836,-0.0337407440004999,-0.255545996778235,MV-202,sine_steer_python-1
2419,2026年09月05日_22时52分41秒_第036次,2026-09-05T22:52:41,2.418,39.0347672556783,0.0923614541992488,8.06394533711386,25.2742104100355,0.656529208999165,26.3248431679479,0,-1.50850276147221,-0.0341102958098572,-0.258123084020473,MV-202,sine_steer_python-1
2420,2026年09月05日_22时52分41秒_第036次,2026-09-05T22:52:41,2.419,39.0353289675799,0.092267650353771,8.0634333080952,25.2849714693351,0.657860707207261,26.3355864031709,0,-1.5248850220229,-0.0344749068298413,-0.260677978645357,MV-202,sine_steer_python-1
2421,2026年09月05日_22时52分41秒_第036次,2026-09-05T22:52:41,2.42,39.0358914795013,0.0921739057889646,8.0629083846873,25.295732498337,0.659193720408185,26.346329588403,0,-1.54102648555158,-0.0348345535772725,-0.263211716871344,MV-202,sine_steer_python-1
2422,2026年09月05日_22时52分41秒_第036次,2026-09-05T22:52:41,2.421,39.0364547871869,0.0920802787230283,8.06237160128961,25.3064934970658,0.660528248502785,26.3570727236973,0,-1.55692460313405,-0.035189109170067,-0.265720925381972,MV-202,sine_steer_python-1
2423,2026年09月05日_22时52分41秒_第036次,2026-09-05T22:52:41,2.422,39.0370186855759,0.0919866901820054,8.06163170597157,25.3172544655436,0.661864291405678,26.3678158091025,0,-1.57257686427323,-0.0355384431704274,-0.268202050718886,MV-202,sine_steer_python-1
2424,2026年09月05日_22时52分41秒_第036次,2026-09-05T22:52:41,2.423,39.0375835410615,0.0918921838762452,8.06114438083787,25.32801540464,0.6632018413543,26.3785588461872,0,-1.58798079729567,-0.0358824250422889,-0.270651505467532,MV-202,sine_steer_python-1
2425,2026年09月05日_22时52分41秒_第036次,2026-09-05T22:52:41,2.424,39.038149194264,0.0917973993338068,8.06056462333162,25.338776312946,0.664540910871436,26.3893018325435,0,-1.60313396974175,-0.0362209269064325,-0.273065784563183,MV-202,sine_steer_python-1
2426,2026年09月05日_22时52分41秒_第036次,2026-09-05T22:52:41,2.425,39.0387156552219,0.091702401646016,8.05999532214741,25.3495371912655,0.665881493220745,26.4000447694807,0,-1.6180339887499,-0.0365538257581849,-0.275441558826442,MV-202,sine_steer_python-1
2427,2026年09月05日_22时52分41秒_第036次,2026-09-05T22:52:41,2.426,39.0392829198729,0.0916072198105233,8.05941104878791,25.3602980393696,0.667223590438667,26.4107876566698,0,-1.63267850143437,-0.0368810051572615,-0.277775746170457,MV-202,sine_steer_python-1
2428,2026年09月05日_22时52分41秒_第036次,2026-09-05T22:52:41,2.427,39.0398509822654,0.0915119250045443,8.05881128980947,25.3710588573442,0.668567201928652,26.4215304942471,0,-1.64706519525685,-0.0372023564377352,-0.280065562511998,MV-202,sine_steer_python-1
2429,2026年09月05日_22时52分41秒_第036次,2026-09-05T22:52:41,2.428,39.0404198381892,0.0914165869624347,8.0581972509943,25.3818196452187,0.669912327547027,26.432273282279,0,-1.66119179839163,-0.0375177794947324,-0.282308554778357,MV-202,sine_steer_python-1
2430,2026年09月05日_22时52分41秒_第036次,2026-09-05T22:52:41,2.429,39.0409894831075,0.0913212702451941,8.0575690304402,25.3925804030202,0.671258967162687,26.4430160208243,0,-1.67505608008428,-0.0378271832055483,-0.284502618448663,MV-202,sine_steer_python-1
2431,2026年09月05日_22时52分41秒_第036次,2026-09-05T22:52:41,2.43,39.0415599125901,0.091226038530071,8.05692780170617,25.4033411307779,0.672607120620074,26.4537587099448,0,-1.68865585100403,-0.0381304855411534,-0.286646001996249,MV-202,sine_steer_python-1
2432,2026年09月05日_22时52分41秒_第036次,2026-09-05T22:52:41,2.431,39.0421311222466,0.0911309526988552,8.05627466189467,25.4141018285149,0.673956787800738,26.4645013496933,0,-1.70198896358939,-0.0384276134209556,-0.28873730046816,MV-202,sine_steer_python-1
2433,2026年09月05日_22时52分41秒_第036次,2026-09-05T22:52:41,2.432,39.0427028960926,0.091035928570147,8.05540704760177,25.4248624962518,0.675307968600803,26.4752439401181,0,-1.7150533123873,-0.03871850236002,-0.290775440283109,MV-202,sine_steer_python-1
2434,2026年09月05日_22时52分41秒_第036次,2026-09-05T22:52:41,2.433,39.0432756205327,0.0909399528722998,8.05480770722571,25.4356231349195,0.676660654780108,26.4859864828982,0,-1.72784683438567,-0.0390030959538181,-0.292759657155177,MV-202,sine_steer_python-1
2435,2026年09月05日_22时52分41秒_第036次,2026-09-05T22:52:41,2.434,39.0438491273416,0.0908437013382145,8.054111057473,25.4463837430027,0.678014859596808,26.4967289754467,0,-1.74036750933905,-0.0392813452409531,-0.29468946885505,MV-202,sine_steer_python-1
2436,2026年09月05日_22时52分41秒_第036次,2026-09-05T22:52:41,2.435,39.0444234274208,0.0907472423317375,8.05342614991849,25.4571443213605,0.679370575899035,26.5074714191635,0,-1.75261336008773,-0.0395532079792331,-0.296564644306066,MV-202,sine_steer_python-1
2437,2026年09月05日_22时52分41秒_第036次,2026-09-05T22:52:41,2.436,39.0449985165298,0.0906506055586871,8.05272602993757,25.4679048697445,0.680727805831497,26.5182138136919,0,-1.76458245286991,-0.0398186478652757,-0.2983851702932,MV-202,sine_steer_python-1
2438,2026年09月05日_22时52分41秒_第036次,2026-09-05T22:52:41,2.437,39.0455743885218,0.0905538654922327,8.05201015509032,25.4786653882437,0.682086548748646,26.5289561591739,0,-1.77627289762709,-0.0400776337230956,-0.300151216862492,MV-202,sine_steer_python-1
2439,2026年09月05日_22时52分41秒_第036次,2026-09-05T22:52:41,2.438,39.0461510390697,0.0904570950465821,8.05127980194521,25.4894258768868,0.683446804484812,26.5396984556767,0,-1.78768284830253,-0.0403301386834022,-0.301863102331046,MV-202,sine_steer_python-1
2440,2026年09月05日_22时52分41秒_第036次,2026-09-05T22:52:41,2.439,39.0467284635027,0.0903603616494774,8.05053507281398,25.5001863357,0.684808572887534,26.5504407032593,0,-1.79881050313274,-0.0405761393729984,-0.303521258728802,MV-202,sine_steer_python-1
2441,2026年09月05日_22时52分41秒_第036次,2026-09-05T22:52:41,2.44,39.0473066572632,0.0902637317897766,8.04977720932291,25.5109467647117,0.686171853778366,26.5611829019837,0,-1.80965410493204,-0.0408156151326866,-0.305126198451455,MV-202,sine_steer_python-1
2442,2026年09月05日_22时52分41秒_第036次,2026-09-05T22:52:41,2.441,39.0478856158353,0.0901672689940273,8.04900737163202,25.521707163944,0.687536647018111,26.5719250519028,0,-1.82021194136999,-0.0410485472819188,-0.306678482897091,MV-202,sine_steer_python-1
2443,2026年09月05日_22时52分41秒_第036次,2026-09-05T22:52:41,2.442,39.0484651125029,0.0900708839337134,8.04801174531068,25.5324675334162,0.688902952482939,26.5826671530642,0,-1.83048234524184,-0.0412749184482502,-0.308178693851562,MV-202,sine_steer_python-1
2444,2026年09月05日_22时52分41秒_第036次,2026-09-05T22:52:41,2.443,39.0490455533705,0.0899735066242234,8.04730002992083,25.5432278741223,0.690270761454208,26.593409207259,0,-1.84046369473174,-0.0414947119784718,-0.309627408337799,MV-202,sine_steer_python-1
2445,2026年09月05日_22时52分41秒_第036次,2026-09-05T22:52:41,2.444,39.049626761484,0.089875848862381,8.04648612662982,25.5539881844385,0.691640087922853,26.6041512117182,0,-1.85015441366892,-0.0417079114453894,-0.311025177520941,MV-202,sine_steer_python-1
2446,2026年09月05日_22时52分41秒_第036次,2026-09-05T22:52:41,2.445,39.0502087486253,0.0897779823907188,8.04568523835337,25.5647484652805,0.693010924320919,26.6148931679339,0,-1.8595529717765,-0.0419145002592934,-0.312372510052849,MV-202,sine_steer_python-1
2447,2026年09月05日_22时52分41秒_第036次,2026-09-05T22:52:41,2.446,39.0507915103763,0.089679937709731,8.0448688878202,25.5755087163803,0.694383272899719,26.6256350755209,0,-1.86865788491322,-0.0421144613866096,-0.313669859961537,MV-202,sine_steer_python-1
2448,2026年09月05日_22时52分41秒_第036次,2026-09-05T22:52:41,2.447,39.0513750404055,0.0895817927027788,8.04403650533006,25.5862689378304,0.695757132963437,26.6363769346271,0,-1.87746771530775,-0.0423077771709288,-0.31491761888209,MV-202,sine_steer_python-1
2449,2026年09月05日_22时52分41秒_第036次,2026-09-05T22:52:41,2.448,39.0519593342755,0.0894836235956738,8.04318943915974,25.5970291296591,0.69713250432308,26.6471187453205,0,-1.88598107178573,-0.0424944292448518,-0.316116112138842,MV-202,sine_steer_python-1
2450,2026年09月05日_22时52分41秒_第036次,2026-09-05T22:52:41,2.449,39.0525443871882,0.0893855008360592,8.04232779689357,25.607789291892,0.698509386803532,26.6578605076601,0,-1.89419660998949,-0.0426743985160827,-0.317265597976532,MV-202,sine_steer_python-1
2451,2026年09月05日_22时52分41秒_第036次,2026-09-05T22:52:41,2.45,39.0531301944642,0.0892874938974134,8.04145288909593,25.6185494245568,0.699887780202197,26.6686022217084,0,-1.90211303259031,-0.0428476652088444,-0.318366269138068,MV-202,sine_steer_python-1
2452,2026年09月05日_22时52分41秒_第036次,2026-09-05T22:52:41,2.451,39.0537167514669,0.0891896691433544,8.04056593982012,25.629309527675,0.701267684357895,26.6793438875183,0,-1.90972908949329,-0.0430142089422313,-0.319418256009739,MV-202,sine_steer_python-1
2453,2026年09月05日_22时52分41秒_第036次,2026-09-05T22:52:41,2.452,39.0543038209648,0.0890919323941956,8.03944193274803,25.6400696012648,0.702649099125643,26.6900855051366,0,-1.91704357803475,-0.0431740088301959,-0.320421630685508,MV-202,sine_steer_python-1
2454,2026年09月05日_22时52分41秒_第036次,2026-09-05T22:52:41,2.453,39.0548918284008,0.0889931575457537,8.03861742269118,25.6508296463848,0.704032015308302,26.7008270764686,0,-1.92405534317217,-0.0433270435925557,-0.321376411501082,MV-202,sine_steer_python-1
2455,2026年09月05日_22时52分41秒_第036次,2026-09-05T22:52:41,2.454,39.0554805882154,0.0888940923969257,8.03768585578479,25.6615896613009,0.705416447626666,26.7115685985601,0,-1.93076327766655,-0.0434732916713486,-0.322282567798265,MV-202,sine_steer_python-1
2456,2026年09月05日_22时52分41秒_第036次,2026-09-05T22:52:41,2.455,39.0560701130833,0.0887948123819946,8.03676857395764,25.6723496469869,0.706802388096699,26.7223100729971,0,-1.93716632225726,-0.0436127313510082,-0.323140024855827,MV-202,sine_steer_python-1
2457,2026年09月05日_22时52分41秒_第036次,2026-09-05T22:52:41,2.456,39.0566603984043,0.0886953490581979,8.03583558130019,25.6831096031552,0.708189839075031,26.7330514993656,0,-1.94326346582935,-0.0437453408833859,-0.323948669031485,MV-202,sine_steer_python-1
2458,2026年09月05日_22时52分41秒_第036次,2026-09-05T22:52:41,2.457,39.0572514376681,0.0885957840014301,8.03488628261758,25.6938695299019,0.709578799814739,26.7437928778197,0,-1.94905374557315,-0.0438710986192766,-0.324708353186073,MV-202,sine_steer_python-1
2459,2026年09月05日_22时52分41秒_第036次,2026-09-05T22:52:41,2.458,39.0578432263291,0.0884961970404032,8.03392209886873,25.7046294272553,0.710969270102679,26.7545342084281,0,-1.95453624713639,-0.0439899831471549,-0.325418902420439,MV-202,sine_steer_python-1
2460,2026年09月05日_22时52分41秒_第036次,2026-09-05T22:52:41,2.459,39.0584357594626,0.0883966619462604,8.03294314406826,25.7153892952404,0.71236124974029,26.7652754912502,0,-1.95971010476849,-0.0441019734379622,-0.326080120076028,MV-202,sine_steer_python-1
2461,2026年09月05日_22时52分41秒_第036次,2026-09-05T22:52:41,2.46,39.0590290322685,0.0882972514908473,8.03195079866942,25.7261491338849,0.713754738500111,26.7760167263493,0,-1.96457450145738,-0.0442070489928265,-0.326691793866699,MV-202,sine_steer_python-1
2462,2026年09月05日_22时52分41秒_第036次,2026-09-05T22:52:41,2.461,39.0596230399896,0.0881980351977357,8.03094635153301,25.7369089432097,0.715149736198316,26.786757913778,0,-1.96912866905841,-0.0443051899892368,-0.327253701951491,MV-202,sine_steer_python-1
2463,2026年09月05日_22时52分41秒_第036次,2026-09-05T22:52:41,2.462,39.0602175351153,0.0880989144779356,8.02969362397553,25.7476687232324,0.716546242668182,26.7974990535833,0,-1.97337188841574,-0.0443963774208208,-0.327765618742031,MV-202,sine_steer_python-1
2464,2026年09月05日_22时52分41秒_第036次,2026-09-05T22:52:41,2.463,39.0608129620224,0.0879987079168883,8.02875594540456,25.7584284750774,0.717944248235158,26.8082401477865,0,-1.97730348947583,-0.0444805932264748,-0.328227320263892,MV-202,sine_steer_python-1
2465,2026年09月05日_22时52分41秒_第036次,2026-09-05T22:52:41,2.464,39.0614091266744,0.0878981992524378,8.02770636356816,25.7691881968989,0.719343768347052,26.8189811932454,0,-1.9809228513933,-0.0445578204058321,-0.328638588943811,MV-202,sine_steer_python-1
2466,2026年09月05日_22时52分41秒_第036次,2026-09-05T22:52:41,2.465,39.0620060426476,0.0877974680269593,8.02667234592391,25.7799478897299,0.720744794604576,26.8297221916418,0,-1.98422940262896,-0.0446280431194412,-0.328999217753835,MV-202,sine_steer_python-1
2467,2026年09月05日_22时52分41秒_第036次,2026-09-05T22:52:41,2.466,39.0626037051505,0.0876965471878663,8.02562238202962,25.7907075532628,0.722147329469031,26.8404631425328,0,-1.98722262104002,-0.0446912467731091,-0.329309013689516,MV-202,sine_steer_python-1
2468,2026年09月05日_22时52分41秒_第036次,2026-09-05T22:52:41,2.467,39.0632021074961,0.0875955223459463,8.02455585260577,25.8014671875984,0.723551372142244,26.8512040460789,0,-1.9899020339626,-0.0447474180863907,-0.329567800581972,MV-202,sine_steer_python-1
2469,2026年09月05日_22时52分41秒_第036次,2026-09-05T22:52:41,2.468,39.063801245028,0.0874944772722473,8.02347425191578,25.8122267927644,0.724956922386787,26.8619449023503,0,-1.99226721828634,-0.0447965487074833,-0.329775572063821,MV-202,sine_steer_python-1
2470,2026年09月05日_22时52分41秒_第036次,2026-09-05T22:52:41,2.469,39.0644011126933,0.0873934894011046,8.02237770124546,25.8229863687861,0.726363979980588,26.872685711407,0,-1.99431780052123,-0.0448386277826015,-0.329932176676602,MV-202,sine_steer_python-1
2471,2026年09月05日_22时52分41秒_第036次,2026-09-05T22:52:41,2.47,39.0650017055683,0.0872926351402849,8.02126765154633,25.8337459156912,0.727772544671326,26.8834264733133,0,-1.99605345685654,-0.0448736437235409,-0.330037393376328,MV-202,sine_steer_python-1
2472,2026年09月05日_22时52分41秒_第036次,2026-09-05T22:52:41,2.471,39.0656030187721,0.0871919875077666,8.02014545705381,25.8445054335002,0.729182616252603,26.8941671881225,0,-1.99747391321203,-0.0449015888133882,-0.330091125437693,MV-202,sine_steer_python-1
2473,2026年09月05日_22时52分41秒_第036次,2026-09-05T22:52:41,2.472,39.0662047947631,0.0870914439621481,8.01876381175058,25.8552649222304,0.730594194536085,26.9049078558816,0,-1.99857894528118,-0.0449224593580178,-0.330093407402662,MV-202,sine_steer_python-1
2474,2026年09月05日_22时52分41秒_第036次,2026-09-05T22:52:41,2.473,39.0668074964211,0.0869897686387217,8.01771274450425,25.8660243830733,0.732007269371933,26.9156484787307,0,-1.9993683785666,-0.0449362577233331,-0.330044491881024,MV-202,sine_steer_python-1
2475,2026年09月05日_22时52分41秒_第036次,2026-09-05T22:52:41,2.474,39.0674109213651,0.0868877810667729,8.01654496032157,25.8767838140699,0.733421856932474,26.9263890533369,0,-1.99984208840763,-0.044942973038685,-0.329944031213425,MV-202,sine_steer_python-1
2476,2026年09月05日_22时52分41秒_第036次,2026-09-05T22:52:41,2.475,39.0680150840791,0.0867855652856266,8.01539403730047,25.8875432163133,0.734837948404849,26.9371295814798,0,-2,-0.0449425980985703,-0.329791793187457,MV-202,sine_steer_python-1
2477,2026年09月05日_22时52分41秒_第036次,2026-09-05T22:52:41,2.476,39.0686199795697,0.0866831559152259,8.01422695427698,25.8983025894764,0.736255546355057,26.9478700626876,0,-1.99984208840763,-0.044935180941589,-0.329589844691234,MV-202,sine_steer_python-1
2478,2026年09月05日_22时52分41秒_第036次,2026-09-05T22:52:41,2.477,39.0692256009732,0.08658064288137,8.01304306868402,25.909061933664,0.737674649934236,26.9586104971279,0,-1.9993683785666,-0.0449207352272512,-0.329338758765405,MV-202,sine_steer_python-1
2479,2026年09月05日_22时52分41秒_第036次,2026-09-05T22:52:41,2.478,39.0698319435191,0.0864781141634057,8.01184394807637,25.9198212489045,0.739095258881231,26.9693508848728,0,-1.99857894528118,-0.0448992596986913,-0.32903843784061,MV-202,sine_steer_python-1
2480,2026年09月05日_22时52分41秒_第036次,2026-09-05T22:52:41,2.479,39.0704390020228,0.0863756511141211,8.01062972123434,25.930580535223,0.740517372951062,26.9800912259835,0,-1.99747391321204,-0.0448707520937781,-0.32868870238694,MV-202,sine_steer_python-1
2481,2026年09月05日_22时52分41秒_第036次,2026-09-05T22:52:41,2.48,39.0710467714335,0.086273334019787,8.009401909577,25.9413397926476,0.741940991867212,26.990831520526,0,-1.99605345685654,-0.0448352135930847,-0.328289479284305,MV-202,sine_steer_python-1
2482,2026年09月05日_22时52分41秒_第036次,2026-09-05T22:52:41,2.481,39.0716552467427,0.0861712396219657,8.00816193263429,25.9520990211986,0.743366115401421,27.0015717685545,0,-1.99431780052123,-0.0447926457994507,-0.327840673652849,MV-202,sine_steer_python-1
2483,2026年09月05日_22时52分41秒_第036次,2026-09-05T22:52:41,2.482,39.07226416063,0.0860692617710416,8.0066513942916,25.962858220893,0.744792743344498,27.0123119701169,0,-1.99226721828635,-0.0447430899443554,-0.327343828574051,MV-202,sine_steer_python-1
2484,2026年09月05日_22时52分41秒_第036次,2026-09-05T22:52:41,2.483,39.0728739940384,0.0859661108992238,8.00548694125996,25.973617392991,0.746220865074058,27.0230521274742,0,-1.9899020339626,-0.0446865646589881,-0.326799491145208,MV-202,sine_steer_python-1
2485,2026年09月05日_22时52分41秒_第036次,2026-09-05T22:52:41,2.484,39.0734845363803,0.0858626420365581,8.00420099430582,25.9843765354186,0.747650497484957,27.0337922371005,0,-1.98722262104002,-0.0446230686757189,-0.326207327522238,MV-202,sine_steer_python-1
2486,2026年09月05日_22时52分41秒_第036次,2026-09-05T22:52:41,2.485,39.074095803053,0.0857589439664395,8.00293322583221,25.9951356493302,0.749081631353027,27.0445323008752,0,-1.98422940262896,-0.0445526044907761,-0.325567123411639,MV-202,sine_steer_python-1
2487,2026年09月05日_22时52分41秒_第036次,2026-09-05T22:52:41,2.486,39.0747077888513,0.0856550531128646,8.00164910725207,26.0058947343786,0.750514269349491,27.0552723182978,0,-1.9809228513933,-0.0444751696711272,-0.324878416890405,MV-202,sine_steer_python-1
2488,2026年09月05日_22时52分41秒_第036次,2026-09-05T22:52:41,2.487,39.0753204867363,0.0855510638384761,8.0003479728539,26.0166537906737,0.751948410575839,27.0660122895436,0,-1.97730348947583,-0.0443907619419132,-0.324140713520899,MV-202,sine_steer_python-1
2489,2026年09月05日_22时52分41秒_第036次,2026-09-05T22:52:41,2.488,39.075933891821,0.0854470684316297,7.99903146276834,26.0274128182438,0.753384054748196,27.0767522146869,0,-1.97337188841574,-0.0442993797537713,-0.323353510407169,MV-202,sine_steer_python-1
2490,2026年09月05日_22时52分41秒_第036次,2026-09-05T22:52:41,2.489,39.0765479987877,0.0853431522474551,7.99769971279321,26.0381718171145,0.754821201599692,27.0874920937909,0,-1.96912866905841,-0.0442010226180407,-0.322516310471917,MV-202,sine_steer_python-1
2491,2026年09月05日_22时52分41秒_第036次,2026-09-05T22:52:41,2.49,39.0771628024564,0.0852393995162175,7.99635431406838,26.0489307873141,0.756259850830659,27.0982319269238,0,-1.96457450145738,-0.0440956913932542,-0.321628634657985,MV-202,sine_steer_python-1
2492,2026年09月05日_22时52分41秒_第036次,2026-09-05T22:52:41,2.491,39.0777782976895,0.0851358907501882,7.99499675061926,26.0596897288632,0.757700002192025,27.1089717141412,0,-1.95971010476849,-0.0439833885262916,-0.320690032210688,MV-202,sine_steer_python-1
2493,2026年09月05日_22时52分41秒_第036次,2026-09-05T22:52:41,2.492,39.0783942076362,0.0850325163402015,7.99335758165922,26.0704486417786,0.759141655454799,27.1197114554923,0,-1.95453624713639,-0.0438641182488701,-0.319700089073452,MV-202,sine_steer_python-1
2494,2026年09月05日_22时52分41秒_第036次,2026-09-05T22:52:41,2.493,39.0790110308719,0.0849279335390425,7.99207997347547,26.0812075273902,0.760584799526888,27.1304511533614,0,-1.94905374557316,-0.0437378867351778,-0.318658434642872,MV-202,sine_steer_python-1
2495,2026年09月05日_22时52分41秒_第036次,2026-09-05T22:52:41,2.494,39.0796285487445,0.0848230324269582,7.99067612748301,26.0919663835072,0.762029452024089,27.1411908040273,0,-1.94326346582935,-0.0436047022247357,-0.317564747056316,MV-202,sine_steer_python-1
2496,2026年09月05日_22时52分41秒_第036次,2026-09-05T22:52:41,2.495,39.0802467775718,0.0847179065757183,7.98929179278244,26.1027252113466,0.763475603313368,27.1519304094708,0,-1.93716632225726,-0.0434645751129578,-0.316418757116855,MV-202,sine_steer_python-1
2497,2026年09月05日_22时52分41秒_第036次,2026-09-05T22:52:41,2.496,39.0808657119309,0.0846125941481487,7.98789093617976,26.1134840105412,0.764923256171846,27.1626699691627,0,-1.93076327766655,-0.0433175180108484,-0.315220250916797,MV-202,sine_steer_python-1
2498,2026年09月05日_22时52分41秒_第036次,2026-09-05T22:52:41,2.497,39.0814853446116,0.0845071938674625,7.98647286849433,26.1242427812053,0.766372409652532,27.1734094832868,0,-1.92405534317217,-0.043163545774738,-0.3139690711984,MV-202,sine_steer_python-1
2499,2026年09月05日_22时52分41秒_第036次,2026-09-05T22:52:41,2.498,39.0821056706122,0.084401802233099,7.98503930118365,26.135001523368,0.767823063449907,27.1841489519199,0,-1.91704357803475,-0.0430026755068702,-0.312665117486691,MV-202,sine_steer_python-1
2500,2026年09月05日_22时52分41秒_第036次,2026-09-05T22:52:41,2.499,39.0827266844833,0.0842965084880188,7.98359037604552,26.145760237055,0.769275217276263,27.1948883751277,0,-1.90972908949329,-0.042834926527913,-0.311308345040394,MV-202,sine_steer_python-1
2501,2026年09月05日_22时52分41秒_第036次,2026-09-05T22:52:41,2.5,39.0833483809182,0.0841914006745787,7.98212775264812,26.1565189222954,0.770728870809818,27.2056277529805,0,-1.90211303259031,-0.0426603203230108,-0.309898762689854,MV-202,sine_steer_python-1
2502,2026年09月05日_22时52分41秒_第036次,2026-09-05T22:52:41,2.501,39.0839707546524,0.0840865629271718,7.9806529781692,26.1672775791097,0.772184023781686,27.2163670855363,0,-1.89419660998949,-0.0424788804637024,-0.308436429660601,MV-202,sine_steer_python-1
2503,2026年09月05日_22时52分41秒_第036次,2026-09-05T22:52:41,2.502,39.0845935195458,0.0839818821167419,7.97888562410532,26.1780362075146,0.77364067594405,27.2271063728456,0,-1.88598107178573,-0.042290632508988,-0.306921451521692,MV-202,sine_steer_python-1
2504,2026年09月05日_22时52分41秒_第036次,2026-09-05T22:52:41,2.503,39.0852171913928,0.0838759625942615,7.97749525633229,26.1887948089112,0.775098815737526,27.237845617418,0,-1.87746771530775,-0.042095603889962,-0.305353975445758,MV-202,sine_steer_python-1
2505,2026年09月05日_22时52分41秒_第036次,2026-09-05T22:52:41,2.504,39.0858415436243,0.0837697289082694,7.97597393025714,26.1995533809901,0.776558461497405,27.2485848153343,0,-1.86865788491322,-0.0418938237835412,-0.303734185014487,MV-202,sine_steer_python-1
2506,2026年09月05日_22时52分41秒_第036次,2026-09-05T22:52:41,2.505,39.0864665934876,0.0836632792695964,7.97447345312891,26.2103119250319,0.77801960318398,27.2593239686788,0,-1.8595529717765,-0.0416853229816988,-0.302062294840906,MV-202,sine_steer_python-1
2507,2026年09月05日_22时52分41秒_第036次,2026-09-05T22:52:41,2.506,39.0870923353404,0.0835566533382156,7.97295628974084,26.2210704406487,0.779482243680718,27.2700630768933,0,-1.85015441366892,-0.0414701337630502,-0.300338545297852,MV-202,sine_steer_python-1
2508,2026年09月05日_22时52分41秒_第036次,2026-09-05T22:52:41,2.507,39.0877187618101,0.0834499539502166,7.97142172699732,26.2318289279601,0.780946381993043,27.2808021401701,0,-1.84046369473174,-0.041248289773373,-0.298563197631308,MV-202,sine_steer_python-1
2509,2026年09月05日_22时52分41秒_第036次,2026-09-05T22:52:41,2.508,39.0883458677856,0.0833432815522393,7.96987154624358,26.2425873869955,0.782412017794573,27.291541158589,0,-1.83048234524184,-0.0410198259206065,-0.296736529693244,MV-202,sine_steer_python-1
2510,2026年09月05日_22时52分41秒_第036次,2026-09-05T22:52:41,2.509,39.0889736476919,0.0832367290011087,7.96830589406202,26.2533458177811,0.783879150777468,27.3022801322178,0,-1.82021194136999,-0.0407847782880908,-0.294858832453213,MV-202,sine_steer_python-1
2511,2026年09月05日_22时52分41秒_第036次,2026-09-05T22:52:41,2.51,39.0896020961016,0.0831303878668685,7.96672649696257,26.2641042203466,0.785347780598493,27.31301906113,0,-1.80965410493204,-0.0405431840675193,-0.292930407351161,MV-202,sine_steer_python-1
2512,2026年09月05日_22时52分41秒_第036次,2026-09-05T22:52:41,2.511,39.0902312076299,0.0830243456123313,7.96513496374649,26.2748625947126,0.786817906969549,27.3237579453851,0,-1.79881050313274,-0.0402950815106502,-0.290951564451085,MV-202,sine_steer_python-1
2513,2026年09月05日_22时52分41秒_第036次,2026-09-05T22:52:41,2.512,39.0908606870849,0.0829184853764004,7.96323994640335,26.2856209408959,0.788289529624524,27.3344967850354,0,-1.78768284830253,-0.0400405179718822,-0.288922962981527,MV-202,sine_steer_python-1
2514,2026年09月05日_22时52分41秒_第036次,2026-09-05T22:52:41,2.513,39.0914910670791,0.0828113587073253,7.96173727015298,26.2963792603698,0.789762636538434,27.3452355827178,0,-1.77627289762709,-0.0397795875152904,-0.286847202885785,MV-202,sine_steer_python-1
2515,2026年09月05日_22时52分41秒_第036次,2026-09-05T22:52:41,2.514,39.0921221132802,0.082703923971008,7.96009892618527,26.3071375507048,0.791237246764407,27.3559743343121,0,-1.76458245286991,-0.03951234649917,-0.284725253082385,MV-202,sine_steer_python-1
2516,2026年09月05日_22时52分41秒_第036次,2026-09-05T22:52:41,2.515,39.0927538438755,0.0825962837473651,7.95848276078021,26.3178958132456,0.792713349857715,27.3667130420074,0,-1.75261336008773,-0.0392388430341108,-0.282557698017783,MV-202,sine_steer_python-1
2517,2026年09月05日_22时52分41秒_第036次,2026-09-05T22:52:41,2.516,39.0933862530062,0.0824884788519297,7.95684973948779,26.3286540475839,0.794190948808086,27.377451705216,0,-1.74036750933905,-0.0389591245914083,-0.280345059882438,MV-202,sine_steer_python-1
2518,2026年09月05日_22时52分41秒_第036次,2026-09-05T22:52:41,2.517,39.0940193331492,0.0823806158954087,7.9551991251175,26.3394122538443,0.795670042573725,27.3881903241388,0,-1.72784683438567,-0.0386732808688227,-0.278089612681591,MV-202,sine_steer_python-1
2519,2026年09月05日_22时52分41秒_第036次,2026-09-05T22:52:41,2.518,39.0946530790927,0.0822727989268255,7.95353276767141,26.3501704320569,0.79715063080759,27.3989288988586,0,-1.71505331238731,-0.0383813927503351,-0.275793222842849,MV-202,sine_steer_python-1
2520,2026年09月05日_22时52分41秒_第036次,2026-09-05T22:52:41,2.519,39.0952874851454,0.082165124072177,7.95185081750901,26.3609285822484,0.79863271318184,27.4096674294454,0,-1.70198896358938,-0.0380835116167618,-0.273456474014187,MV-202,sine_steer_python-1
2521,2026年09月05日_22时52分41秒_第036次,2026-09-05T22:52:41,2.52,39.0959225457687,0.082057686084378,7.95015506681205,26.371686704449,0.800116289331848,27.4204059159751,0,-1.68865585100403,-0.0377796872157876,-0.271079846445033,MV-202,sine_steer_python-1
2522,2026年09月05日_22时52分41秒_第036次,2026-09-05T22:52:41,2.521,39.0965582554665,0.08195057541113,7.94844718470477,26.3824447986797,0.801601358950286,27.4311443585092,0,-1.67505608008428,-0.0374699675735212,-0.268663713585075,MV-202,sine_steer_python-1
2523,2026年09月05日_22时52分41秒_第036次,2026-09-05T22:52:41,2.522,39.0971943102339,0.0818436712006452,7.94642497950215,26.3932028649573,0.803087921752667,27.4418827571014,0,-1.66119179839163,-0.0371543993792718,-0.26620835863879,MV-202,sine_steer_python-1
2524,2026年09月05日_22时52分41秒_第036次,2026-09-05T22:52:41,2.523,39.0978312591024,0.0817354722503668,7.94481038247844,26.4039609048288,0.804575965249343,27.4526211145173,0,-1.64706519525686,-0.0368330283775252,-0.26371399144056,MV-202,sine_steer_python-1
2525,2026年09月05日_22时52分41秒_第036次,2026-09-05T22:52:41,2.524,39.0984688601367,0.0816269700975279,7.94305540885984,26.4147189157425,0.8060655092091,27.4633594264328,0,-1.63267850143437,-0.0365058997167924,-0.261180763513787,MV-202,sine_steer_python-1
2526,2026年09月05日_22时52分41秒_第036次,2026-09-05T22:52:41,2.525,39.0991071324746,0.0815182714101938,7.94132392456168,26.4254768991086,0.807556542783213,27.4740976951429,0,-1.61803398874989,-0.0361730582662854,-0.258608781771133,MV-202,sine_steer_python-1
2527,2026年09月05日_22时52分41秒_第036次,2026-09-05T22:52:41,2.526,39.099746070046,0.0814094178228617,7.93957539923223,26.4362348544979,0.809049069066945,27.4848359200299,0,-1.60313396974175,-0.0358345489065779,-0.255998121115975,MV-202,sine_steer_python-1
2528,2026年09月05日_22时52分41秒_第036次,2026-09-05T22:52:41,2.527,39.1003856651903,0.0813005193981057,7.93780907196897,26.4469927820402,0.81054308697102,27.4955741013029,0,-1.58798079729567,-0.0354904167988952,-0.253348836142511,MV-202,sine_steer_python-1
2529,2026年09月05日_22时52分41秒_第036次,2026-09-05T22:52:41,2.528,39.1010259126053,0.0811916834683889,7.93602686072578,26.4577506817665,0.812038596127318,27.5063122390473,0,-1.57257686427324,-0.0351407610096132,-0.250663233428226,MV-202,sine_steer_python-1
2530,2026年09月05日_22时52分41秒_第036次,2026-09-05T22:52:41,2.529,39.101666806494,0.0810830091204683,7.93422891917061,26.468508553704,0.813535596187498,27.5170503333353,0,-1.55692460313405,-0.0347857072028116,-0.247944714721837,MV-202,sine_steer_python-1
2531,2026年09月05日_22时52分41秒_第036次,2026-09-05T22:52:41,2.53,39.1023083412164,0.080974593991847,7.93241710443256,26.4792663978835,0.815034086764993,27.5277883842447,0,-1.54102648555158,-0.0344254019751755,-0.245197536830848,MV-202,sine_steer_python-1
2532,2026年09月05日_22时52分41秒_第036次,2026-09-05T22:52:41,2.531,39.102950511175,0.0808665312281839,7.93059314521622,26.4900242143267,0.816534067532627,27.5385263918388,0,-1.52488502202289,-0.0340598995356931,-0.242422011509069,MV-202,sine_steer_python-1
2533,2026年09月05日_22时52分41秒_第036次,2026-09-05T22:52:41,2.532,39.1035930038003,0.0807586957986907,7.928444083971,26.5007820030505,0.818035538186855,27.5492643561722,0,-1.50850276147221,-0.0336892074531473,-0.239616444133676,MV-202,sine_steer_python-1
2534,2026年09月05日_22时52分41秒_第036次,2026-09-05T22:52:41,2.533,39.1042363841272,0.080649533903373,7.92671780201507,26.5115397656768,0.819538485773809,27.5600022801406,0,-1.49188229084836,-0.0333133321372377,-0.236779060991922,MV-202,sine_steer_python-1
2535,2026年09月05日_22时52分41秒_第036次,2026-09-05T22:52:41,2.534,39.1048804027851,0.0805400696707543,7.92484643010549,26.5222974995298,0.821042930775071,27.570740159213,0,-1.47502623471635,-0.032932281475392,-0.23390812130262,MV-202,sine_steer_python-1
2536,2026年09月05日_22时52分41秒_第036次,2026-09-05T22:52:41,2.535,39.1055250798698,0.0804304136737931,7.92299983423177,26.5330552060865,0.822548861938452,27.5814779957912,0,-1.45793725484282,-0.0325460668323249,-0.23100200213623,MV-202,sine_steer_python-1
2537,2026年09月05日_22时52分41秒_第036次,2026-09-05T22:52:41,2.536,39.1061704091055,0.0803206081319176,7.92113599231484,26.5438128848966,0.824056282463487,27.5922157892266,0,-1.44061804977581,-0.0321547044944527,-0.228059259826626,MV-202,sine_steer_python-1
2538,2026年09月05日_22时52分41秒_第036次,2026-09-05T22:52:41,2.537,39.106816382706,0.08021076634768,7.91925412079591,26.5545705360954,0.825565191212654,27.6029535397365,0,-1.42307135441857,-0.0317582165973979,-0.225078669522813,MV-202,sine_steer_python-1
2539,2026年09月05日_22时52分41秒_第036次,2026-09-05T22:52:41,2.538,39.1074629952879,0.0801009987364899,7.91735620553454,26.5653281597147,0.827075587795856,27.6136912474084,0,-1.4052999395977,-0.0313566316095174,-0.222059245967893,MV-202,sine_steer_python-1
2540,2026年09月05日_22时52分41秒_第036次,2026-09-05T22:52:41,2.539,39.108110240957,0.0799914071632438,7.91544240372235,26.5760857557825,0.828587471843304,27.6244289123161,0,-1.38730661162561,-0.0309499844583119,-0.219000249178258,MV-202,sine_steer_python-1
2541,2026年09月05日_22时52分41秒_第036次,2026-09-05T22:52:41,2.54,39.1087581139806,0.0798820919843466,7.91351463739694,26.5868433243305,0.830100842945508,27.6351665345395,0,-1.36909421185737,-0.0305383163912411,-0.215901178894014,MV-202,sine_steer_python-1
2542,2026年09月05日_22时52分41秒_第036次,2026-09-05T22:52:41,2.541,39.1094066086679,0.079773148895395,7.91157469479429,26.597600865381,0.831615700754423,27.6459041141427,0,-1.35066561624205,-0.0301216746589514,-0.212761761523351,MV-202,sine_steer_python-1
2543,2026年09月05日_22时52分41秒_第036次,2026-09-05T22:52:41,2.542,39.110055404149,0.0796644486580981,7.90929892655964,26.6083583789512,0.833132044946393,27.6566416511813,0,-1.3320237348685,-0.0297001120982903,-0.20958193285403,MV-202,sine_steer_python-1
2544,2026年09月05日_22时52分41秒_第036次,2026-09-05T22:52:41,2.543,39.1107050810149,0.0795543852462588,7.90746101522935,26.6191158667393,0.834649862103725,27.6673791486823,0,-1.31317151150592,-0.0292736866763011,-0.206361819120691,MV-202,sine_steer_python-1
2545,2026年09月05日_22时52分41秒_第036次,2026-09-05T22:52:41,2.544,39.1113553826335,0.0794440148946898,7.90547329847762,26.6298733259441,0.836169173417264,27.6781166019044,0,-1.29411192313889,-0.0288424610368699,-0.203101718190853,MV-202,sine_steer_python-1
2546,2026年09月05日_22时52分41秒_第036次,2026-09-05T22:52:41,2.545,39.1120063300634,0.079333452067793,7.90351162254033,26.64063075811,0.837689967231725,27.6888540133578,0,-1.27484797949738,-0.0284065020715743,-0.199802081780676,MV-202,sine_steer_python-1
2547,2026年09月05日_22时52分41秒_第036次,2026-09-05T22:52:41,2.546,39.1126579168252,0.0792227394973132,7.90153247866063,26.6513881627657,0.839212246849368,27.6995913823619,0,-1.2553827225814,-0.0279658805183872,-0.19646349885477,MV-202,sine_steer_python-1
2548,2026年09月05日_22时52分41秒_第036次,2026-09-05T22:52:41,2.547,39.1133101350164,0.0791119936787015,7.89953506224082,26.6621455400522,0.840736011083453,27.7103287091419,0,-1.23571922618067,-0.0275206705787265,-0.193086679807003,MV-202,sine_steer_python-1
2549,2026年09月05日_22时52分41秒_第036次,2026-09-05T22:52:41,2.548,39.1139629791775,0.07900132807722,7.89752142756659,26.6729028900024,0.842261259520825,27.7210659937875,0,-1.21586059538921,-0.0270709495364488,-0.189672440728011,MV-202,sine_steer_python-1
2550,2026年09月05日_22时52分41秒_第036次,2026-09-05T22:52:41,2.549,39.114616443323,0.0788908473226517,7.89549173616969,26.683660212645,0.843787991769153,27.7318032363736,0,-1.19580996611504,-0.0266167973621606,-0.186221687055575,MV-202,sine_steer_python-1
2551,2026年09月05日_22时52分41秒_第036次,2026-09-05T22:52:41,2.55,39.1152705216321,0.0787806544953574,7.89344797554871,26.6944175080133,0.845316207394935,27.7425404369817,0,-1.17557050458495,-0.0261582962917338,-0.182735396137908,MV-202,sine_steer_python-1
2552,2026年09月05日_22时52分41秒_第036次,2026-09-05T22:52:41,2.551,39.1159252083248,0.0786708478643184,7.89139199401808,26.70517477613,0.84684590602816,27.7532775956769,0,-1.15514540684453,-0.0256955303772417,-0.179214598634493,MV-202,sine_steer_python-1
2553,2026年09月05日_22时52分41秒_第036次,2026-09-05T22:52:41,2.552,39.1165801745154,0.078561294149363,7.88898951679847,26.7159320170132,0.848377087323975,27.7640147125153,0,-1.13453789825352,-0.0252285850190967,-0.175660359126792,MV-202,sine_steer_python-1
2554,2026年09月05日_22时52分41秒_第036次,2026-09-05T22:52:41,2.553,39.1172360158619,0.0784503357345589,7.88703989226297,26.7266892324383,0.849909737401676,27.7747517906565,0,-1.11375123297638,-0.024757546497452,-0.172073756703658,MV-202,sine_steer_python-1
2555,2026年09月05日_22时52分41秒_第036次,2026-09-05T22:52:41,2.554,39.1178924686511,0.0783390605605918,7.88493575390215,26.7374464194773,0.851443878157359,27.7854888251467,0,-1.09278869346854,-0.0242825015268604,-0.168455866537161,MV-202,sine_steer_python-1
2556,2026年09月05日_22时52分41秒_第036次,2026-09-05T22:52:41,2.555,39.1185495549048,0.078227587153552,7.88285890782542,26.7482035797433,0.852979497533222,27.7962258186049,0,-1.071653589958,-0.0238035368596314,-0.164807743525686,MV-202,sine_steer_python-1
2557,2026年09月05日_22时52分41秒_第036次,2026-09-05T22:52:41,2.556,39.1192072679374,0.0781159588490646,7.88076436433723,26.7589607127437,0.854516598932778,27.8069627703184,0,-1.05034925992259,-0.0233207389602259,-0.161130408949353,MV-202,sine_steer_python-1
2558,2026年09月05日_22时52分41秒_第036次,2026-09-05T22:52:41,2.557,39.1198655997351,0.078004295450382,7.87865129968939,26.7697178186257,0.856055181119219,27.8176996805202,0,-1.02887906756301,-0.02283419376621,-0.157424840794023,MV-202,sine_steer_python-1
2559,2026年09月05日_22时52分41秒_第036次,2026-09-05T22:52:41,2.558,39.1205245447642,0.0778927135983895,7.87652183739855,26.7804748974233,0.857595243655422,27.828436549302,0,-1.00724640327152,-0.0223439865422843,-0.153691968018785,MV-202,sine_steer_python-1
2560,2026年09月05日_22时52分41秒_第036次,2026-09-05T22:52:41,2.559,39.1211840969484,0.0777813208297572,7.87437614447292,26.7912319491666,0.859136786125618,27.8391733767398,0,-0.985454683096585,-0.02185020182496,-0.149932668663147,MV-202,sine_steer_python-1
2561,2026年09月05日_22时52分41秒_第036次,2026-09-05T22:52:41,2.56,39.1218442503795,0.0776702231048074,7.87221627472748,26.8019889738901,0.860679808071439,27.8499101629168,0,-0.963507348203428,-0.0213529234483936,-0.14614777139142,MV-202,sine_steer_python-1
2562,2026年09月05日_22时52分41秒_第036次,2026-09-05T22:52:41,2.561,39.1225049991878,0.0775595214355819,7.87004413740145,26.8127459716177,0.862224309100083,27.8606469078991,0,-0.94140786433067,-0.0208522346335444,-0.142338059718756,MV-202,sine_steer_python-1
2563,2026年09月05日_22时52分41秒_第036次,2026-09-05T22:52:41,2.562,39.1231660067764,0.0774490788302659,7.86751489004112,26.8235029423681,0.863770288844699,27.8713836117432,0,-0.919159721242976,-0.0203482181170909,-0.138504277921264,MV-202,sine_steer_python-1
2564,2026年09月05日_22时52分41秒_第036次,2026-09-05T22:52:41,2.563,39.1238278833394,0.0773371869511469,7.8654534256488,26.8342598879957,0.865317732963169,27.882120277743,0,-0.896766432180066,-0.0198409562982484,-0.134647137704872,MV-202,sine_steer_python-1
2565,2026年09月05日_22时52分41秒_第036次,2026-09-05T22:52:41,2.564,39.1244903582684,0.0772249650847338,7.86323275926827,26.845016805444,0.866866664052633,27.8928569007295,0,-0.874231533301869,-0.0193305313846968,-0.130767324838116,MV-202,sine_steer_python-1
2566,2026年09月05日_22时52分41秒_第036次,2026-09-05T22:52:41,2.565,39.1251534545445,0.0771125361266978,7.86104063559951,26.8557736963959,0.868417069653898,27.9035934834322,0,-0.851558583130143,-0.0188170255227081,-0.12686550511806,MV-202,sine_steer_python-1
2567,2026年09月05日_22时52分41秒_第036次,2026-09-05T22:52:41,2.566,39.1258171652703,0.0769999442211015,7.8588305900905,26.8665305603376,0.869968953270607,27.914330025106,0,-0.828751161986567,-0.0183005209014447,-0.122942329245363,MV-202,sine_steer_python-1
2568,2026年09月05日_22时52分41秒_第036次,2026-09-05T22:52:41,2.567,39.1264814823213,0.0768873127000089,7.85660178163057,26.8772873974226,0.871522313615462,27.9250665259919,0,-0.805812871427326,-0.0177811448686816,-0.119000343243641,MV-202,sine_steer_python-1
2569,2026年09月05日_22时52分41秒_第036次,2026-09-05T22:52:41,2.568,39.1271464000869,0.0767747616044275,7.8543564036795,26.8880442076864,0.873077150226908,27.9358029861836,0,-0.782747333674407,-0.0172591228946264,-0.115046230836254,MV-202,sine_steer_python-1
2570,2026年09月05日_22时52分41秒_第036次,2026-09-05T22:52:41,2.569,39.127811912398,0.0766624016108141,7.85209462979779,26.8988009911607,0.874633462665311,27.9465394057589,0,-0.759558191043599,-0.0167345349848327,-0.111080501969023,MV-202,sine_steer_python-1
2571,2026年09月05日_22时52分41秒_第036次,2026-09-05T22:52:41,2.57,39.1284780132554,0.0765503417982291,7.84981858088747,26.9095577478814,0.876191250447071,27.9572757848025,0,-0.736249105369361,-0.0162074301742645,-0.107102340558229,MV-202,sine_steer_python-1
2572,2026年09月05日_22时52分41秒_第036次,2026-09-05T22:52:41,2.571,39.1291446966962,0.0764386861658001,7.84753022786764,26.9203144778738,0.877750513156271,27.9680121233818,0,-0.712823757426501,-0.0156778553594226,-0.103110825575945,MV-202,sine_steer_python-1
2573,2026年09月05日_22时52分41秒_第036次,2026-09-05T22:52:41,2.572,39.1298116187309,0.0763272944245396,7.84487421193034,26.9310711811578,0.879311250403791,27.9787484215543,0,-0.689285846349042,-0.0151458572254003,-0.0991050130988309,MV-202,sine_steer_python-1
2574,2026年09月05日_22时52分41秒_第036次,2026-09-05T22:52:41,2.573,39.1304794035283,0.0762144085143699,7.84270085888951,26.9418278596675,0.880873447388578,27.98948468275,0,-0.665639089045976,-0.0146114838030657,-0.0950840026589122,MV-202,sine_steer_python-1
2575,2026年09月05日_22时52分41秒_第036次,2026-09-05T22:52:41,2.574,39.1311477737749,0.076101178686406,7.84036364908518,26.9525845102169,0.88243712740473,28.0002209015825,0,-0.641887219614416,-0.0140747856803309,-0.0910469889538038,MV-202,sine_steer_python-1
2576,2026年09月05日_22时52分41秒_第036次,2026-09-05T22:52:41,2.575,39.1318167534055,0.0759877325636576,7.83805624328086,26.9633411345595,0.884002277593464,28.0109570808934,0,-0.618033988749901,-0.0135358168773746,-0.0869932993427553,MV-202,sine_steer_python-1
2577,2026年09月05日_22时52分41秒_第036次,2026-09-05T22:52:41,2.576,39.1324863353013,0.0758741153304924,7.83573070810405,26.9740977321605,0.885568901557969,28.0216932199052,0,-0.59408316315407,-0.0129946354226866,-0.0829224186882363,MV-202,sine_steer_python-1
2578,2026年09月05日_22时52分41秒_第036次,2026-09-05T22:52:41,2.577,39.1331565108959,0.0757604241884766,7.83338668306706,26.9848543031799,0.887136997960596,28.0324293188676,0,-0.570038524939954,-0.0124513036768292,-0.0788340035265827,MV-202,sine_steer_python-1
2579,2026年09月05日_22时52分41秒_第036次,2026-09-05T22:52:41,2.578,39.1338272744868,0.0756467798896631,7.83102635197243,26.9956108476572,0.88870656629835,28.0431653778771,0,-0.545903871034647,-0.0119058884536447,-0.0747278876714585,MV-202,sine_steer_python-1
2580,2026年09月05日_22时52分41秒_第036次,2026-09-05T22:52:41,2.579,39.134498619864,0.0755333007171299,7.82864974475895,27.0063673656266,0.890277606101316,28.0539013970135,0,-0.521683012579799,-0.0113584609865213,-0.0706040812641556,MV-202,sine_steer_python-1
2581,2026年09月05日_22时52分41秒_第036次,2026-09-05T22:52:41,2.58,39.1351705409539,0.0754200992749223,7.82625901560332,27.0171238571265,0.891850116857384,28.0646373763639,0,-0.497379774329709,-0.0108090967818798,-0.0664627650545341,MV-202,sine_steer_python-1
2582,2026年09月05日_22时52分41秒_第036次,2026-09-05T22:52:41,2.581,39.1358430317203,0.0753072829013786,7.8238561670644,27.027880322184,0.893424098123514,28.0753733159976,0,-0.472997994047444,-0.0102579102851392,-0.062305757876954,MV-202,sine_steer_python-1
2583,2026年09月05日_22时52分41秒_第036次,2026-09-05T22:52:41,2.582,39.1365157411079,0.0751947061716105,7.82107538498698,27.0386367608209,0.894999549485007,28.0861092159734,0,-0.448541521898765,-0.00970520361387089,-0.0581428112733123,MV-202,sine_steer_python-1
2584,2026年09月05日_22时52分41秒_第036次,2026-09-05T22:52:41,2.583,39.1371893066084,0.0750805540134146,7.81879244453234,27.0493931750528,0.896576455680537,28.0968450798596,0,-0.424014219844107,-0.00915111030650685,-0.0539765342785554,MV-202,sine_steer_python-1
2585,2026年09月05日_22时52分41秒_第036次,2026-09-05T22:52:41,2.584,39.1378634444893,0.074966012752473,7.81634123195465,27.0601495615642,0.898154840688575,28.107580902051,0,-0.39941996102882,-0.00859572639111971,-0.0498079401804365,MV-202,sine_steer_python-1
2586,2026年09月05日_22时52分41秒_第036次,2026-09-05T22:52:41,2.585,39.1385381796498,0.0748512150749142,7.81392129945861,27.0709059221803,0.899734691251252,28.1183166855031,0,-0.37476262917145,-0.00803914417238739,-0.0456378768484494,MV-202,sine_steer_python-1
2587,2026年09月05日_22时52分41秒_第036次,2026-09-05T22:52:41,2.586,39.1392135047634,0.074736207369412,7.81148324953454,27.0816622563457,0.901316011066777,28.129052429406,0,-0.350046117950554,-0.00748145218965873,-0.0414670254922123,MV-202,sine_steer_python-1
2588,2026年09月05日_22时52分41秒_第036次,2026-09-05T22:52:41,2.587,39.1398894115035,0.0746211209631381,7.80902620376583,27.0924185642278,0.902898798743679,28.1397881340191,0,-0.325274330389771,-0.00692273603358556,-0.0372959357179522,MV-202,sine_steer_python-1
2589,2026年09月05日_22时52分41秒_第036次,2026-09-05T22:52:41,2.588,39.1405658941117,0.0745060836118588,7.80655249402924,27.1031748458664,0.904483053768284,28.1505237994418,0,-0.300451178241519,-0.00636307902440964,-0.0331250547278523,MV-202,sine_steer_python-1
2590,2026年09月05日_22时52分41秒_第036次,2026-09-05T22:52:41,2.589,39.1412429462361,0.0743912131333458,7.80406230922471,27.1139311012972,0.906068775650016,28.1612594257565,0,-0.275580581369276,-0.00580256272855742,-0.0289547496750443,MV-202,sine_steer_python-1
2591,2026年09月05日_22时52分41秒_第036次,2026-09-05T22:52:41,2.59,39.1419205616963,0.0742766256758678,7.80155790656731,27.1246873305607,0.907655963851705,28.1719950130536,0,-0.250666467128602,-0.00524126734600763,-0.0247853245490727,MV-202,sine_steer_python-1
2592,2026年09月05日_22时52分41秒_第036次,2026-09-05T22:52:41,2.591,39.1425987343405,0.0741624320041633,7.79904138306295,27.1354435336859,0.909244617908132,28.1827305614048,0,-0.225712769746966,-0.00467927199870716,-0.0206170328747493,MV-202,sine_steer_python-1
2593,2026年09月05日_22时52分41秒_第036次,2026-09-05T22:52:41,2.592,39.1432771064164,0.0740484841245577,7.79613648298714,27.1461997106961,0.910834737382625,28.1934660708711,0,-0.200723429702427,-0.00411665495858429,-0.0164500878562065,MV-202,sine_steer_python-1
2594,2026年09月05日_22时52分41秒_第036次,2026-09-05T22:52:41,2.593,39.1439563281342,0.0739329193692199,7.79374429146458,27.156955863689,0.912426306562663,28.2042015451608,0,-0.175702393101492,-0.0035534938595389,-0.0122846718415607,MV-202,sine_steer_python-1
2595,2026年09月05日_22时52分41秒_第036次,2026-09-05T22:52:41,2.594,39.144636109455,0.0738169537748068,7.79117930759594,27.1677119892173,0.91401935011309,28.2149369784483,0,-0.150653611055866,-0.00298986593350694,-0.00812094681082971,MV-202,sine_steer_python-1
2596,2026年09月05日_22时52分41秒_第036次,2026-09-05T22:52:41,2.595,39.1453164762027,0.0737007253561837,7.78864695276093,27.178468089179,0.915613854381141,28.2256723738047,0,-0.125581039058628,-0.00242584829973582,-0.00395906711429191,MV-202,sine_steer_python-1
2597,2026年09月05日_22时52分41秒_第036次,2026-09-05T22:52:41,2.596,39.1459974208025,0.0735842817633621,7.78609637260504,27.1892241629976,0.917209823163515,28.2364077303882,0,-0.100488636359542,-0.00186151830844806,0.000200805490617108,MV-202,sine_steer_python-1
2598,2026年09月05日_22时52分41秒_第036次,2026-09-05T22:52:41,2.597,39.1466789348059,0.0734677583280116,7.78352667071299,27.1999802108475,0.918807255018981,28.2471430484682,0,-0.0753803653398739,-0.00129695388424353,0.00435848682376069,MV-202,sine_steer_python-1
2599,2026年09月05日_22时52分41秒_第036次,2026-09-05T22:52:41,2.598,39.1473610123584,0.0733512866521026,7.78094024389403,27.2107362327711,0.92040614941015,28.2578783281479,0,-0.0502601908866743,-0.000732233716909339,0.00851376174723379,MV-202,sine_steer_python-1
2600,2026年09月05日_22时52分41秒_第036次,2026-09-05T22:52:41,2.599,39.1480436469983,0.0732349881240605,7.77833728327475,27.2214922288057,0.922006505823483,28.268613569513,0,-0.0251320797667061,-0.000167436306608152,0.0126664241797675,MV-202,sine_steer_python-1
2601,2026年09月05日_22时52分41秒_第036次,2026-09-05T22:52:41,2.6,39.148726832439,0.0731189824206434,7.77572010757409,27.2322481989946,0.923608323697743,28.2793487726577,0,-2.44929359829471e-15,0.000397361587782149,0.0168163423949425,MV-202,sine_steer_python-1
2602,2026年09月05日_22时52分41秒_第036次,2026-09-05T22:52:41,2.601,39.1494105624209,0.0730033836809573,7.77309086997745,27.2430041433685,0.925211602545936,28.2900839376564,0,0.0251320797667083,0.000962082540909189,0.0209633564047571,MV-202,sine_steer_python-1
2603,2026年09月05日_22时52分41秒_第036次,2026-09-05T22:52:41,2.602,39.1500944728454,0.0728880415058146,7.7700628886556,27.2537600619524,0.926816341910634,28.3008190645729,0,0.0502601908866694,0.00152664667309489,0.0251072016070354,MV-202,sine_steer_python-1
2604,2026年09月05日_22时52分41秒_第036次,2026-09-05T22:52:41,2.603,39.150779226069,0.0727710464848948,7.76756243124348,27.2645159569266,0.928422525632962,28.3115541572577,0,0.075380365339869,0.00209097162590398,0.0292475072998368,MV-202,sine_steer_python-1
2605,2026年09月05日_22时52分41秒_第036次,2026-09-05T22:52:41,2.604,39.1514645259673,0.0726536435991215,7.76488468200892,27.275271824711,0.930030179061209,28.3222892096625,0,0.100488636359538,0.00265497282786763,0.0333838075131066,MV-202,sine_steer_python-1
2606,2026年09月05日_22时52分41秒_第036次,2026-09-05T22:52:41,2.605,39.1521503992985,0.0725359762803186,7.76224089691028,27.2860276672769,0.931639288151754,28.3330242249759,0,0.125581039058624,0.00321856382522123,0.0375155545673883,MV-202,sine_steer_python-1
2607,2026年09月05日_22时52分41秒_第036次,2026-09-05T22:52:41,2.606,39.1528368382501,0.0724180933699612,7.75957876618727,27.2967834840262,0.933249856801024,28.3437592023244,0,0.150653611055868,0.00378165663135259,0.0416421334008909,MV-202,sine_steer_python-1
2608,2026年09月05日_22时52分41秒_第036次,2026-09-05T22:52:41,2.607,39.1535238342689,0.0723001341273906,7.75689737416625,27.3075392751408,0.93486188351997,28.3544941419879,0,0.175702393101487,0.00434416207188562,0.0457628756981383,MV-202,sine_steer_python-1
2609,2026年09月05日_22时52分41秒_第036次,2026-09-05T22:52:41,2.608,39.1542113814167,0.0721822339036475,7.75419918212901,27.3182950406649,0.936475367749255,28.3652290440739,0,0.200723429702429,0.00490599010806532,0.0498770730943608,MV-202,sine_steer_python-1
2610,2026年09月05日_22时52分41秒_第036次,2026-09-05T22:52:41,2.609,39.1548994731342,0.0720645175456858,7.75148438462308,27.3290507806383,0.93809030895402,28.3759639086719,0,0.225712769746961,0.00546705012065771,0.0539839887075696,MV-202,sine_steer_python-1
2611,2026年09月05日_22时52分41秒_第036次,2026-09-05T22:52:41,2.61,39.1555881030394,0.0719471081298913,7.74875536337489,27.3398064951063,0.939706706550499,28.3866987358801,0,0.250666467128612,0.00602725113808199,0.058082866311449,MV-202,sine_steer_python-1
2612,2026年09月05日_22时52分41秒_第036次,2026-09-05T22:52:41,2.611,39.1562772647752,0.0718301230250877,7.74601432952303,27.3505621841016,0.941324560031333,28.3974335257763,0,0.275580581369271,0.0065865019973421,0.0621729366662951,MV-202,sine_steer_python-1
2613,2026年09月05日_22时52分41秒_第036次,2026-09-05T22:52:41,2.612,39.1569665882225,0.0717134094242892,7.74286424101435,27.3613178476509,0.942943868919636,28.4081682784274,0,0.300451178241514,0.00714471143324169,0.0662534208169435,MV-202,sine_steer_python-1
2614,2026年09月05日_22时52分41秒_第036次,2026-09-05T22:52:41,2.613,39.1576567473384,0.0715950117595712,7.74025640969537,27.372073488018,0.944564616614103,28.4189029978277,0,0.325274330389766,0.00770178809849523,0.0703235304680003,MV-202,sine_steer_python-1
2615,2026年09月05日_22时52分41秒_第036次,2026-09-05T22:52:41,2.614,39.1583474401244,0.0714762031380235,7.73746680534633,27.3828291014886,0.946186829143457,28.4296376777047,0,0.350046117950549,0.00825764052321372,0.0743824657935909,MV-202,sine_steer_python-1
2616,2026年09月05日_22时52分41秒_第036次,2026-09-05T22:52:41,2.615,39.1590386942745,0.0713571323071053,7.73471249299447,27.3935846901079,0.947810492076295,28.4403723213657,0,0.374762629171452,0.00881217702622924,0.0784294112065887,MV-202,sine_steer_python-1
2617,2026年09月05日_22时52分41秒_第036次,2026-09-05T22:52:41,2.616,39.1597305017441,0.071237849067372,7.7319397142858,27.4043402532562,0.949435609409089,28.4511069279055,0,0.399419961028815,0.00936530559434571,0.0824635297628326,MV-202,sine_steer_python-1
2618,2026年09月05日_22时52分41秒_第036次,2026-09-05T22:52:41,2.617,39.1604228538866,0.0711184963713782,7.72914753547945,27.4150957911227,0.951062179605969,28.4618414976148,0,0.424014219844109,0.00991693375456654,0.0864839572511597,MV-202,sine_steer_python-1
2619,2026年09月05日_22时52分41秒_第036次,2026-09-05T22:52:41,2.618,39.1611157446892,0.0709992130724801,7.72633848200195,27.425851303754,0.952690202086463,28.4725760306059,0,0.44854152189876,0.0104669684927274,0.0904897982165793,MV-202,sine_steer_python-1
2620,2026年09月05日_22时52分41秒_第036次,2026-09-05T22:52:41,2.619,39.1618091675039,0.0708801272243685,7.72351275163553,27.4366067911918,0.954319676295127,28.483310526972,0,0.472997994047453,0.0110153163441282,0.094480129220882,MV-202,sine_steer_python-1
2621,2026年09月05日_22时52分41秒_第036次,2026-09-05T22:52:41,2.62,39.1625031158628,0.0707613650455014,7.7206727883352,27.4473622534838,0.955950601626352,28.4940449868157,0,0.497379774329704,0.0115618838969889,0.0984540195618238,MV-202,sine_steer_python-1
2622,2026年09月05日_22时52分41秒_第036次,2026-09-05T22:52:41,2.621,39.1631975833201,0.0706430468725001,7.71782086020944,27.4581176906646,0.957582977553025,28.5047794102185,0,0.521683012579794,0.0121065789093397,0.102410578081524,MV-202,sine_steer_python-1
2623,2026年09月05日_22时52分41秒_第036次,2026-09-05T22:52:41,2.622,39.1638921940549,0.0705250173671594,7.71454963800118,27.4688731027625,0.95921680357935,28.5155137972505,0,0.545903871034642,0.0126493116009999,0.106349007696084,MV-202,sine_steer_python-1
2624,2026年09月05日_22时52分41秒_第036次,2026-09-05T22:52:41,2.623,39.1645876330905,0.0704052752462741,7.71183531873239,27.4796284921261,0.960852062664604,28.5262481520509,0,0.570038524939949,0.0131899949960431,0.110268619887749,MV-202,sine_steer_python-1
2625,2026年09月05日_22时52分41秒_第036次,2026-09-05T22:52:41,2.624,39.1652835927675,0.0702851208925931,7.70893476326421,27.4903838549054,0.962488781514519,28.5369824681214,0,0.594083163154072,0.0137285440854756,0.114168798958096,MV-202,sine_steer_python-1
2626,2026年09月05日_22时52分41秒_第036次,2026-09-05T22:52:41,2.625,39.1659801017178,0.0701647081856061,7.70607081725078,27.50113919322,0.964126945312357,28.5477167488889,0,0.618033988749896,0.014264874823893,0.118048958911002,MV-202,sine_steer_python-1
2627,2026年09月05日_22时52分41秒_第036次,2026-09-05T22:52:41,2.626,39.1666771516735,0.0700440875924355,7.70318827878703,27.5118945064288,0.965766558154382,28.5584509934161,0,0.641887219614419,0.0147989035988363,0.121908520303123,MV-202,sine_steer_python-1
2628,2026年09月05日_22时52分41秒_第036次,2026-09-05T22:52:41,2.627,39.1673747339086,0.0699234054736431,7.70028619581268,27.5226497947281,0.967407618458363,28.569185202005,0,0.665639089045971,0.0153305470799114,0.125746903275915,MV-202,sine_steer_python-1
2629,2026年09月05日_22时52分41秒_第036次,2026-09-05T22:52:41,2.628,39.1680728423476,0.0698028038967717,7.69736715637972,27.5334050581669,0.969050125622988,28.5799193747722,0,0.689285846349037,0.015859722220557,0.129563527137212,MV-202,sine_steer_python-1
2630,2026年09月05日_22时52分41秒_第036次,2026-09-05T22:52:41,2.629,39.1687714702659,0.0696824138384474,7.69443136039599,27.544160296789,0.97069407907245,28.590653511815,0,0.712823757426497,0.0163863462877586,0.133357811169195,MV-202,sine_steer_python-1
2631,2026年09月05日_22时52分41秒_第036次,2026-09-05T22:52:41,2.63,39.1694706111217,0.0695623643786712,7.69148131258896,27.5549155106445,0.972339478179478,28.6013876132401,0,0.736249105369356,0.016910371456391,0.137130638620434,MV-202,sine_steer_python-1
2632,2026年09月05日_22时52分41秒_第036次,2026-09-05T22:52:41,2.631,39.1701702583932,0.0694427785457826,7.68851933659106,27.5656706997701,0.973986322397324,28.6121216791326,0,0.759558191043608,0.0174318704926941,0.140887983505868,MV-202,sine_steer_python-1
2633,2026年09月05日_22时52分41秒_第036次,2026-09-05T22:52:41,2.632,39.1708700308779,0.0693234983326369,7.6851278952842,27.5764258641958,0.975634611211344,28.6228557095658,0,0.782747333674402,0.0179507558039058,0.144629017231058,MV-202,sine_steer_python-1
2634,2026年09月05日_22时52分41秒_第036次,2026-09-05T22:52:41,2.633,39.1715706241326,0.0692024771648288,7.68230789961404,27.5871810063555,0.977284327143815,28.6335897088249,0,0.805812871427328,0.018466910865096,0.148351671506623,MV-202,sine_steer_python-1
2635,2026年09月05日_22时52分41秒_第036次,2026-09-05T22:52:41,2.634,39.1722717250567,0.0690810418871751,7.67929721292696,27.5979361222623,0.978935497573664,28.6443236701834,0,0.828751161986563,0.0189802173121358,0.152053784789279,MV-202,sine_steer_python-1
2636,2026年09月05日_22时52分41秒_第036次,2026-09-05T22:52:41,2.635,39.1729733632224,0.0689593513417752,7.67632443250781,27.6086912141113,0.980588107300795,28.655057597189,0,0.851558583130145,0.0194905568694261,0.155733183425359,MV-202,sine_steer_python-1
2637,2026年09月05日_22时52分41秒_第036次,2026-09-05T22:52:41,2.636,39.1736755301492,0.0688374563982328,7.67333291840639,27.6194462812394,0.982242160520538,28.6657914888716,0,0.874231533301864,0.0199978129638557,0.159387749517178,MV-202,sine_steer_python-1
2638,2026年09月05日_22时52分41秒_第036次,2026-09-05T22:52:41,2.637,39.1743782170481,0.0687155065755745,7.67032170043667,27.6302013238504,0.9838976556043,28.6765253455443,0,0.896766432180061,0.0205018720143117,0.163015475067592,MV-202,sine_steer_python-1
2639,2026年09月05日_22时52分41秒_第036次,2026-09-05T22:52:41,2.638,39.1750814177937,0.0685936469103196,7.66729342821067,27.6409563419955,0.985554591929762,28.6872591673278,0,0.919159721242971,0.0210026243861712,0.166614501955144,MV-202,sine_steer_python-1
2640,2026年09月05日_22时52分41秒_第036次,2026-09-05T22:52:41,2.639,39.1757851255985,0.0684720110684234,7.66424830313963,27.651711335721,0.987212968900529,28.6979929543232,0,0.941407864330666,0.0214999650319738,0.170183148634895,MV-202,sine_steer_python-1
2641,2026年09月05日_22时52分41秒_第036次,2026-09-05T22:52:41,2.64,39.1764893338599,0.0683507307680572,7.66118888977135,27.6624663050793,0.988872785867406,28.7087267066412,0,0.963507348203436,0.0219937938536219,0.173719925063059,MV-202,sine_steer_python-1
2642,2026年09月05日_22时52分41秒_第036次,2026-09-05T22:52:41,2.641,39.1771940359931,0.0682299315171451,7.65811756633787,27.6732212501091,0.990534042263694,28.7194604243702,0,0.985454683096581,0.0224840158299468,0.177223537692758,MV-202,sine_steer_python-1
2643,2026年09月05日_22时52分41秒_第036次,2026-09-05T22:52:41,2.642,39.1778988457417,0.0681094525731522,7.65460666962889,27.6839761708424,0.992196737555541,28.7301941075861,0,1.00724640327152,0.0229705409616232,0.180692886742031,MV-202,sine_steer_python-1
2644,2026年09月05日_22时52分41秒_第036次,2026-09-05T22:52:41,2.643,39.178604468652,0.0679872025856336,7.65168164958516,27.6947310697992,0.993860853830287,28.7409277607214,0,1.02887906756301,0.0234532840836296,0.18412705785836,MV-202,sine_steer_python-1
2645,2026年09月05日_22时52分41秒_第036次,2026-09-05T22:52:41,2.644,39.1793105864055,0.0678645341229141,7.6485614870353,27.7054859428546,0.995526419135752,28.751661376819,0,1.05034925992259,0.0239321645878215,0.187525309978835,MV-202,sine_steer_python-1
2646,2026年09月05日_22时52分41秒_第036次,2026-09-05T22:52:41,2.645,39.1800172295167,0.067741610909993,7.64548050163614,27.7162407922798,0.997193417890141,28.7623949595479,0,1.07165358995799,0.0244071060901663,0.190887060847868,MV-202,sine_steer_python-1
2647,2026年09月05日_22时52分41秒_第036次,2026-09-05T22:52:41,2.646,39.1807243893031,0.0676184840492347,7.6423806216923,27.7269956173895,0.998861854386738,28.7731285079047,0,1.09278869346854,0.0248780360680096,0.19421187126567,MV-202,sine_steer_python-1
2648,2026年09月05日_22时52分41秒_第036次,2026-09-05T22:52:41,2.647,39.1814320569271,0.0674953060677448,7.63926085968809,27.7377504183953,1.00053172695025,28.783862022213,0,1.11375123297637,0.025344885483521,0.197499428751545,MV-202,sine_steer_python-1
2649,2026年09月05日_22时52分41秒_第036次,2026-09-05T22:52:41,2.648,39.1821402262259,0.0673722248295827,7.63612392631794,27.7485051953508,1.00220303493688,28.7945955025978,0,1.13453789825351,0.0258075884015895,0.200749530972608,MV-202,sine_steer_python-1
2650,2026年09月05日_22时52分41秒_第036次,2026-09-05T22:52:41,2.649,39.1828488903609,0.0672493765644131,7.63297002447349,27.7592599483045,1.00387577772909,28.8053289491632,0,1.15514540684454,0.0262660816048481,0.203962069052391,MV-202,sine_steer_python-1
2651,2026年09月05日_22时52分41秒_第036次,2026-09-05T22:52:41,2.65,39.1835580426806,0.0671268955170884,7.62980177816203,27.7700146773115,1.00554995465525,28.8160623620238,0,1.17557050458494,0.0267203042057192,0.207137010756051,MV-202,sine_steer_python-1
2652,2026年09月05日_22时52分41秒_第036次,2026-09-05T22:52:41,2.651,39.1842676765479,0.0670049095784121,7.62662161988252,27.7807693824126,1.00722556512811,28.8267957412707,0,1.19580996611504,0.0271701972553406,0.210274383547141,MV-202,sine_steer_python-1
2653,2026年09月05日_22时52分41秒_第036次,2026-09-05T22:52:41,2.652,39.1849774009917,0.0668832553314879,7.62299184040983,27.7915240636417,1.00890260859404,28.8375290869823,0,1.21586059538921,0.0276157033513336,0.213374257600419,MV-202,sine_steer_python-1
2654,2026年09月05日_22时52分41秒_第036次,2026-09-05T22:52:41,2.653,39.1856879309794,0.0667597973306514,7.6199622570888,27.8022787236061,1.01058106670748,28.848262403739,0,1.23571922618067,0.0280567662497568,0.216436728996972,MV-202,sine_steer_python-1
2655,2026年09月05日_22时52分41秒_第036次,2026-09-05T22:52:41,2.654,39.1863989432031,0.0666359132154317,7.61673308438727,27.8130333580414,1.01226096818042,28.8589956843508,0,1.2553827225814,0.0284933304900593,0.219461903475504,MV-202,sine_steer_python-1
2656,2026年09月05日_22时52分41秒_第036次,2026-09-05T22:52:41,2.655,39.1871104691175,0.0665117716454733,7.61354433470105,27.823787969296,1.01394229705094,28.8697289326086,0,1.27484797949738,0.0289253410445324,0.222449881226027,MV-202,sine_steer_python-1
2657,2026年09月05日_22时52分41秒_第036次,2026-09-05T22:52:41,2.656,39.1878224998458,0.0663874239122821,7.61033651166717,27.8345425566622,1.01562505770901,28.8804621474753,0,1.2941119231389,0.0293527430048683,0.225400743259151,MV-202,sine_steer_python-1
2658,2026年09月05日_22时52分41秒_第036次,2026-09-05T22:52:41,2.657,39.1885350265139,0.0662630255276162,7.60710861171759,27.8452971203594,1.0173092484322,28.8911953292847,0,1.31317151150591,0.0297754813177072,0.228314539853092,MV-202,sine_steer_python-1
2659,2026年09月05日_22时52分41秒_第036次,2026-09-05T22:52:41,2.658,39.1892480429299,0.0661387271690818,7.6038634066332,27.8560516604438,1.01899486855464,28.9019284781654,0,1.33202373486851,0.0301935005785951,0.231191281475912,MV-202,sine_steer_python-1
2660,2026年09月05日_22时52分41秒_第036次,2026-09-05T22:52:41,2.659,39.1899615422133,0.0660146676320466,7.60060110126306,27.8668061769662,1.02068191743712,28.9126615942246,0,1.35066561624204,0.0306067448899794,0.234030932420502,MV-202,sine_steer_python-1
2661,2026年09月05日_22时52分41秒_第036次,2026-09-05T22:52:41,2.66,39.1906755176711,0.0658909837037594,7.59732437920086,27.8775606699847,1.02237039438495,28.9233946775801,0,1.36909421185738,0.0310151577844351,0.236833407201634,MV-202,sine_steer_python-1
2662,2026年09月05日_22时52分41秒_第036次,2026-09-05T22:52:41,2.661,39.1913899626214,0.0657678056875273,7.59403572736573,27.888315139542,1.02406029878981,28.9341277283256,0,1.38730661162561,0.03141873736994,0.239600903740124,MV-202,sine_steer_python-1
2663,2026年09月05日_22时52分41秒_第036次,2026-09-05T22:52:41,2.662,39.1921044817303,0.0656449676918873,7.59028746646707,27.8990695856745,1.02575163007766,28.9448607465418,0,1.4052999395977,0.0318175626294132,0.2423390162871,MV-202,sine_steer_python-1
2664,2026年09月05日_22时52分41秒_第036次,2026-09-05T22:52:41,2.663,39.1928197987876,0.0655202910401265,7.587153616749,27.9098240110773,1.02744436947248,28.9555937369575,0,1.42307135441857,0.0322116684211231,0.245051445419705,MV-202,sine_steer_python-1
2665,2026年09月05日_22时52分41秒_第036次,2026-09-05T22:52:41,2.664,39.1935355857271,0.0653951778593941,7.58381574214386,27.9205784113458,1.02913854634537,28.966326692148,0,1.44061804977581,0.0326009987402944,0.247738019270311,MV-202,sine_steer_python-1
2666,2026年09月05日_22时52分41秒_第036次,2026-09-05T22:52:41,2.665,39.1942518749386,0.0652698019233047,7.58051951756441,27.9313327889057,1.0308341443561,28.9770596160269,0,1.45793725484283,0.0329854912752018,0.250398271430372,MV-202,sine_steer_python-1
2667,2026年09月05日_22时52分41秒_第036次,2026-09-05T22:52:41,2.666,39.1949686573537,0.0651442147837319,7.5772040296724,27.9420871430275,1.03253116799015,28.9877925075224,0,1.47502623471634,0.0333650776210546,0.253031449771094,MV-202,sine_steer_python-1
2668,2026年09月05日_22时52分41秒_第036次,2026-09-05T22:52:41,2.667,39.1956859240693,0.0650185750252455,7.57386826038021,27.9528414739382,1.03422961547766,28.9985253669786,0,1.49188229084837,0.0337396845077874,0.255636568066331,MV-202,sine_steer_python-1
2669,2026年09月05日_22时52分41秒_第036次,2026-09-05T22:52:41,2.668,39.1964036688694,0.0648930362331232,7.57051504281719,27.9635957816969,1.0359294861303,29.0092581945274,0,1.5085027614722,0.0341092582448023,0.258213441198172,MV-202,sine_steer_python-1
2670,2026年09月05日_22时52分41秒_第036次,2026-09-05T22:52:41,2.669,39.1971218848351,0.0647677398745851,7.56714458454487,27.974350066357,1.03763077928676,29.019990990279,0,1.5248850220229,0.0344738903910431,0.260768008804102,MV-202,sine_steer_python-1
2671,2026年09月05日_22时52分41秒_第036次,2026-09-05T22:52:41,2.67,39.1978405652357,0.0646428253948917,7.56375962912832,27.9851043279792,1.03933349422895,29.0307237543543,0,1.54102648555158,0.0348335586738357,0.263301359644021,MV-202,sine_steer_python-1
2672,2026年09月05日_22时52分41秒_第036次,2026-09-05T22:52:41,2.671,39.1985597033473,0.0645184256347404,7.56036271831091,27.995858566609,1.04103763032713,29.0414564868495,0,1.55692460313405,0.0351881364024745,0.265810129806799,MV-202,sine_steer_python-1
2673,2026年09月05日_22时52分41秒_第036次,2026-09-05T22:52:41,2.672,39.1992788998355,0.0643943725313266,7.5564962744678,28.0066127822848,1.04274318698657,29.0521891878473,0,1.57257686427324,0.0355374931137732,0.268290766083315,MV-202,sine_steer_python-1
2674,2026年09月05日_22时52分41秒_第036次,2026-09-05T22:52:41,2.673,39.1999988866853,0.0642684451821863,7.55325836279556,28.0173669777906,1.04445014500368,29.0629218622258,0,1.58798079729567,0.0358814982307306,0.27073968067645,MV-202,sine_steer_python-1
2675,2026年09月05日_22时52分41秒_第036次,2026-09-05T22:52:41,2.674,39.2007193313062,0.064142069648177,7.54981201203471,28.0281211485806,1.04615853440364,29.0736545023241,0,1.60313396974175,0.0362200238210957,0.273153367652913,MV-202,sine_steer_python-1
2676,2026年09月05日_22时52分41秒_第036次,2026-09-05T22:52:41,2.675,39.201440267013,0.0640154250777363,7.54640852854105,28.0388752971587,1.04786833847008,29.0843871121788,0,1.61803398874989,0.0365529468183092,0.275528496615724,MV-202,sine_steer_python-1
2677,2026年09月05日_22时52分41秒_第036次,2026-09-05T22:52:41,2.676,39.2021616845443,0.0638885634209451,7.54298559003887,28.049629422773,1.04957956178314,29.0951196906835,0,1.63267850143437,0.0368801507143605,0.277861984038747,MV-202,sine_steer_python-1
2678,2026年09月05日_22时52分41秒_第036次,2026-09-05T22:52:41,2.677,39.2028835749718,0.0637616464836913,7.53954216543695,28.060383525659,1.05129220252556,29.1058522381925,0,1.64706519525685,0.0372015267724555,0.280151044291598,MV-202,sine_steer_python-1
2679,2026年09月05日_22时52分41秒_第036次,2026-09-05T22:52:41,2.678,39.2036059320551,0.0636348309072269,7.53608114945533,28.0711376058784,1.05300625998647,29.1165847548411,0,1.66119179839163,0.0375169748160952,0.282393222746752,MV-202,sine_steer_python-1
2680,2026年09月05日_22时52分41秒_第036次,2026-09-05T22:52:41,2.679,39.2043287488374,0.063508260984571,7.5326027531167,28.0818916634873,1.05472173348244,29.1273172407424,0,1.67505608008428,0.037826403652246,0.284586413407211,MV-202,sine_steer_python-1
2681,2026年09月05日_22时52分41秒_第036次,2026-09-05T22:52:41,2.68,39.2050520185494,0.0633820789757529,7.52910978031181,28.0926456985495,1.05643862227203,29.1380496960204,0,1.68865585100403,0.0381297311845589,0.286728863420519,MV-202,sine_steer_python-1
2682,2026年09月05日_22时52分41秒_第036次,2026-09-05T22:52:41,2.681,39.2057757344244,0.0632564204182524,7.52560482797151,28.1033997111131,1.05815692570407,29.1487821207739,0,1.70198896358938,0.0384268842694732,0.288819166714266,MV-202,sine_steer_python-1
2683,2026年09月05日_22时52分41秒_第036次,2026-09-05T22:52:41,2.682,39.2064994934955,0.0631311154167078,7.52162048976378,28.1141537012188,1.05987664316321,29.1595145150878,0,1.7150533123873,0.0387177983643969,0.290856248833864,MV-202,sine_steer_python-1
2684,2026年09月05日_22时52分41秒_第036次,2026-09-05T22:52:41,2.683,39.2072240352969,0.0630039019043601,7.51827872008786,28.1249076717403,1.06159775502183,29.1702468839906,0,1.72784683438567,0.0390024170130472,0.292839344890474,MV-202,sine_steer_python-1
2685,2026年09月05日_22时52分41秒_第036次,2026-09-05T22:52:41,2.684,39.2079490229482,0.0628762293048363,7.51472412850127,28.1356616179895,1.06332029195426,29.1809792195834,0,1.74036750933905,0.0392806912084379,0.29476797233252,MV-202,sine_steer_python-1
2686,2026年09月05日_22时52分41秒_第036次,2026-09-05T22:52:41,2.685,39.2086744906764,0.0627482824130373,7.51121362064377,28.1464155425494,1.0650442368707,29.1917115260272,0,1.75261336008773,0.0395525786689465,0.296641900040741,MV-202,sine_steer_python-1
2687,2026年09月05日_22时52分41秒_第036次,2026-09-05T22:52:41,2.686,39.2094004290224,0.0626201137141929,7.50768347339857,28.1571694446458,1.06676959444542,29.2024438021806,0,1.7645824528699,0.0398180430577225,0.298461115028116,MV-202,sine_steer_python-1
2688,2026年09月05日_22时52分41秒_第036次,2026-09-05T22:52:41,2.687,39.2101268290331,0.0624918883759936,7.50413264393774,28.1679233245223,1.06849636281418,29.2131760484084,0,1.77627289762709,0.0400770531709612,0.300225787825219,MV-202,sine_steer_python-1
2689,2026年09月05日_22时52分41秒_第036次,2026-09-05T22:52:41,2.688,39.2108536844414,0.0623637662292442,7.50056408854925,28.1786771822437,1.07022454124395,29.2239082648496,0,1.78768284830253,0.040329582116823,0.301936237473532,MV-202,sine_steer_python-1
2690,2026年09月05日_22时52分41秒_第036次,2026-09-05T22:52:41,2.689,39.2115809882496,0.0622358945253081,7.49697802220524,28.1894310178691,1.07195412902955,29.2346404516203,0,1.79881050313274,0.0405756065044343,0.30359289694952,MV-202,sine_steer_python-1
2691,2026年09月05日_22时52分41秒_第036次,2026-09-05T22:52:41,2.69,39.2123087336474,0.0621084184677782,7.49337730919187,28.2001848314653,1.07368512540655,29.2453726088481,0,1.80965410493204,0.0408151056613798,0.305196279799286,MV-202,sine_steer_python-1
2692,2026年09月05日_22时52分41秒_第036次,2026-09-05T22:52:41,2.691,39.213036913458,0.0619814534332253,7.48976499325034,28.2109386230829,1.0754175297028,29.2561047366343,0,1.82021194136999,0.0410480608979288,0.306746948756416,MV-202,sine_steer_python-1
2693,2026年09月05日_22时52分41秒_第036次,2026-09-05T22:52:41,2.692,39.2137651208732,0.0618547898263503,7.48566445833233,28.2216923927674,1.07715134126965,29.2668368350667,0,1.83048234524183,0.0412744548360437,0.308245487107671,MV-202,sine_steer_python-1
2694,2026年09月05日_22时52分41秒_第036次,2026-09-05T22:52:41,2.693,39.2144941023639,0.0617261248143515,7.48222117544117,28.2324461434863,1.0788865400338,29.2775689093259,0,1.84046369473174,0.0414942708200451,0.309692473521575,MV-202,sine_steer_python-1
2695,2026年09月05日_22时52分41秒_第036次,2026-09-05T22:52:41,2.694,39.2152235172747,0.0615969464323041,7.47856105795937,28.2431998704101,1.0806231573033,29.2883009512736,0,1.85015441366892,0.0417074924229053,0.311088460932083,MV-202,sine_steer_python-1
2696,2026年09月05日_22时52分41秒_第036次,2026-09-05T22:52:41,2.695,39.2159534006806,0.0614674401696927,7.4749466509995,28.2539535762014,1.08236117561664,29.299032965196,0,1.8595529717765,0.0419141030572347,0.312433959861726,MV-202,sine_steer_python-1
2697,2026年09月05日_22时52分41秒_第036次,2026-09-05T22:52:41,2.696,39.2166837429971,0.061337660533649,7.47131276357517,28.2647072600649,1.08410059973269,29.3097649499172,0,1.86865788491323,0.0421140856934771,0.3137294262908,MV-202,sine_steer_python-1
2698,2026年09月05日_22时52分41秒_第036次,2026-09-05T22:52:41,2.697,39.2174145352871,0.0612077761111236,7.46765831681017,28.2754609222535,1.08584142773574,29.3204969058127,0,1.87746771530774,0.0423074226805278,0.314975253870059,MV-202,sine_steer_python-1
2699,2026年09月05日_22时52分41秒_第036次,2026-09-05T22:52:41,2.698,39.2181457713006,0.0610779502315178,7.46398631153552,28.2862145628356,1.0875836588652,29.3312288330257,0,1.88598107178573,0.0424940956572328,0.316171769987317,MV-202,sine_steer_python-1
2700,2026年09月05日_22时52分41秒_第036次,2026-09-05T22:52:41,2.699,39.2188774440394,0.0609483334229941,7.460296957296,28.2969681818743,1.08932729238896,29.3419607316759,0,1.89419660998949,0.0426740855381917,0.317319234985537,MV-202,sine_steer_python-1
2701,2026年09月05日_22时52分41秒_第036次,2026-09-05T22:52:41,2.7,39.2196095466877,0.0608190741327053,7.45659317545974,28.3077217794404,1.09107232751447,29.3526926018947,0,1.90211303259031,0.0428473725549289,0.318417843729402,MV-202,sine_steer_python-1
2702,2026年09月05日_22时52分41秒_第036次,2026-09-05T22:52:41,2.701,39.2203420724176,0.0606903138508827,7.45287767370944,28.3184753555883,1.09281876354331,29.363424443787,0,1.90972908949328,0.0430139363340212,0.319467728740186,MV-202,sine_steer_python-1
2703,2026年09月05日_22时52分41秒_第036次,2026-09-05T22:52:41,2.702,39.2210746121203,0.0605618770831534,7.44866360946217,28.3292289103649,1.09456659981438,29.374156257443,0,1.91704357803475,0.0431737559968539,0.320468964249461,MV-202,sine_steer_python-1
2704,2026年09月05日_22时52分41秒_第036次,2026-09-05T22:52:41,2.703,39.2218079182173,0.0604314084961794,7.44512054988781,28.3399824468259,1.09631581585781,29.3848880481962,0,1.92405534317217,0.0433268102703795,0.321421570721793,MV-202,sine_steer_python-1
2705,2026年09月05日_22时52分41秒_第036次,2026-09-05T22:52:41,2.704,39.2225416462641,0.060300418132619,7.44135625733094,28.3507359599992,1.09806644361518,29.3956198076685,0,1.93076327766655,0.0434730776032055,0.322325519606928,MV-202,sine_steer_python-1
2706,2026年09月05日_22时52分41秒_第036次,2026-09-05T22:52:41,2.705,39.2232758321887,0.0601690975357289,7.437638861658,28.3614894526271,1.09981846525955,29.4063515402727,0,1.93716632225726,0.0436125362855054,0.323180738258526,MV-202,sine_steer_python-1
2707,2026年09月05日_22时52分41秒_第036次,2026-09-05T22:52:41,2.706,39.2240104661769,0.0600375019093699,7.43390183102738,28.3722429238923,1.10157188564275,29.4170832447983,0,1.94326346582935,0.0437451645738016,0.323987115065179,MV-202,sine_steer_python-1
2708,2026年09月05日_22时52分41秒_第036次,2026-09-05T22:52:41,2.707,39.2247455392413,0.0599058032848108,7.43014410348166,28.3829963740565,1.10332670280257,29.4278149216323,0,1.94905374557315,0.0438709408223171,0.324744504866267,MV-202,sine_steer_python-1
2709,2026年09月05日_22时52分41秒_第036次,2026-09-05T22:52:41,2.708,39.2254810450738,0.0597741682332919,7.42636875662131,28.3937498031917,1.10508291595621,29.4385465709225,0,1.95453624713639,0.0439898436216233,0.325452734684211,MV-202,sine_steer_python-1
2710,2026年09月05日_22时52分41秒_第036次,2026-09-05T22:52:41,2.709,39.2262169766062,0.0596427502767872,7.42257601219295,28.4045032113641,1.10684052434973,29.4492781927922,0,1.95971010476849,0.0441018519434338,0.326111609724466,MV-202,sine_steer_python-1
2711,2026年09月05日_22时52分41秒_第036次,2026-09-05T22:52:41,2.71,39.2269533269534,0.0595117008259007,7.41876885322329,28.4152565986482,1.10859952716761,29.4600097873774,0,1.96457450145738,0.0442069452884167,0.326720919510379,MV-202,sine_steer_python-1
2712,2026年09月05日_22时52分41秒_第036次,2026-09-05T22:52:41,2.711,39.2276900892158,0.0593811642026836,7.41495003981046,28.4260099651017,1.11035992369059,29.4707413547864,0,1.96912866905841,0.0443051038325185,0.327280443961394,MV-202,sine_steer_python-1
2713,2026年09月05日_22时52分41秒_第036次,2026-09-05T22:52:41,2.712,39.2284268518235,0.0592509639203095,7.41062302275665,28.4367633107743,1.11212171323768,29.4814728951127,0,1.97337188841573,0.0443963085669112,0.327789959206833,MV-202,sine_steer_python-1
2714,2026年09月05日_22时52分41秒_第036次,2026-09-05T22:52:41,2.713,39.2291643726502,0.0591187065851018,7.40698091537553,28.447516638813,1.11388487492978,29.4922044138436,0,1.97730348947583,0.044480541427276,0.328249242952858,MV-202,sine_steer_python-1
2715,2026年09月05日_22时52分41秒_第036次,2026-09-05T22:52:41,2.714,39.2299023036984,0.0589859232331918,7.40311335818371,28.4582699441019,1.11564944133915,29.5029359023601,0,1.9809228513933,0.0445577854093794,0.328658079273504,MV-202,sine_steer_python-1
2716,2026年09月05日_22时52分41秒_第036次,2026-09-05T22:52:41,2.715,39.230640681746,0.0588528114341585,7.39929396966876,28.4690232294638,1.11741539427571,29.5136673652023,0,1.98422940262896,0.0446280246693087,0.329016262756333,MV-202,sine_steer_python-1
2717,2026年09月05日_22时52分41秒_第036次,2026-09-05T22:52:41,2.716,39.231379496764,0.0587194269378874,7.3954548330474,28.479776494059,1.11918273868447,29.5243988011253,0,1.98722262104002,0.0446912446078255,0.3293236019803,MV-202,sine_steer_python-1
2718,2026年09月05日_22时52分41秒_第036次,2026-09-05T22:52:41,2.717,39.2321187397368,0.0585859451061312,7.39159486814786,28.490529738158,1.12095147255855,29.5351302105277,0,1.9899020339626,0.0447474319388436,0.329579922326457,MV-202,sine_steer_python-1
2719,2026年09月05日_22时52分41秒_第036次,2026-09-05T22:52:41,2.718,39.2328584043199,0.0584525356467705,7.38771720489514,28.501282961836,1.12272159509503,29.5458615935618,0,1.99226721828634,0.0447965783054016,0.329785218988485,MV-202,sine_steer_python-1
2720,2026年09月05日_22时52分41秒_第036次,2026-09-05T22:52:41,2.719,39.2335984833972,0.0583193549753035,7.38382206251038,28.5120361651623,1.1244931055203,29.5565929503552,0,1.99431780052123,0.0448386728465251,0.329939341974031,MV-202,sine_steer_python-1
2721,2026年09月05日_22时52分41秒_第036次,2026-09-05T22:52:41,2.72,39.2343389700359,0.0581865573605941,7.37991247756011,28.522789348215,1.12626600299816,29.5673242810483,0,1.99605345685654,0.0448737039664787,0.330042071678665,MV-202,sine_steer_python-1
2722,2026年09月05日_22时52分41秒_第036次,2026-09-05T22:52:41,2.721,39.2350798572843,0.058054289842108,7.37599125946958,28.5335425110545,1.12804028679064,29.5780555857532,0,1.99747391321203,0.0449016639403897,0.330093312788291,MV-202,sine_steer_python-1
2723,2026年09月05日_22时52分41秒_第036次,2026-09-05T22:52:41,2.722,39.2358207314789,0.0579223749737972,7.37155223868066,28.5442956537333,1.12981595619892,29.5887868645669,0,1.99857894528118,0.0449225488642816,0.330093092709849,MV-202,sine_steer_python-1
2724,2026年09月05日_22时52分41秒_第036次,2026-09-05T22:52:41,2.723,39.2365623553435,0.0577883819937752,7.36781188832078,28.5550487794902,1.13159298993975,29.5995181231314,0,1.9993683785666,0.0449363607261724,0.330041649757887,MV-202,sine_steer_python-1
2725,2026年09月05日_22时52分41秒_第036次,2026-09-05T22:52:41,2.724,39.2373043775823,0.0576538621178047,7.36384186449753,28.5658018830641,1.13337142121265,29.6102493525859,0,1.99984208840763,0.0449430883261009,0.329938624036524,MV-202,sine_steer_python-1
2726,2026年09月05日_22时52分41秒_第036次,2026-09-05T22:52:41,2.725,39.2380468358185,0.0575190188634387,7.35992124290146,28.5765549673589,1.13515123146854,29.6209805575984,0,2,0.0449427267042106,0.329783880005343,MV-202,sine_steer_python-1
2727,2026年09月05日_22时52分41秒_第036次,2026-09-05T22:52:41,2.726,39.23878971982,0.0573839083270893,7.35598073485045,28.5873080315122,1.13693242574609,29.6317117368897,0,1.99984208840763,0.0449353257298898,0.329579563847733,MV-202,sine_steer_python-1
2728,2026年09月05日_22时52分41秒_第036次,2026-09-05T22:52:41,2.727,39.239533020556,0.0572487089929343,7.35201924728032,28.5980610758033,1.13871500199507,29.6424428908701,0,1.9993683785666,0.0449208960694718,0.329326123577391,MV-202,sine_steer_python-1
2729,2026年09月05日_22时52分41秒_第036次,2026-09-05T22:52:41,2.728,39.2402767316553,0.0571135934842808,7.34803996589626,28.6088141003104,1.14049895939343,29.6531740196969,0,1.99857894528118,0.0448994363629858,0.329023458879022,MV-202,sine_steer_python-1
2730,2026年09月05日_22时52分41秒_第036次,2026-09-05T22:52:41,2.729,39.2410208459633,0.0569787208838403,7.34404311079187,28.6195671051061,1.14228429714881,29.663905123502,0,1.99747391321204,0.0448709442148735,0.328671386196032,MV-202,sine_steer_python-1
2731,2026年09月05日_22时52分41秒_第036次,2026-09-05T22:52:41,2.73,39.2417653565082,0.0568442480868205,7.34003177441317,28.6303200902717,1.14407101440504,29.6746362024302,0,1.99605345685654,0.0448354206880349,0.328269829030662,MV-202,sine_steer_python-1
2732,2026年09月05日_22时52分41秒_第036次,2026-09-05T22:52:41,2.731,39.2425102562944,0.0567103246145312,7.33600881725881,28.6410730558707,1.14585911040611,29.6853672565978,0,1.99431780052123,0.0447928685949393,0.327818745279486,MV-202,sine_steer_python-1
2733,2026年09月05日_22时52分41秒_第036次,2026-09-05T22:52:41,2.732,39.2432551299174,0.0565767719686902,7.3314585448788,28.6518260019582,1.14764858443586,29.6960982861051,0,1.99226721828634,0.0447433320376177,0.32731980106516,MV-202,sine_steer_python-1
2734,2026年09月05日_22时52分41秒_第036次,2026-09-05T22:52:41,2.733,39.2440007443462,0.0564411225673313,7.32762058689289,28.6625789318651,1.14943941481046,29.7068292967498,0,1.9899020339626,0.0446868257004453,0.326773378027973,MV-202,sine_steer_python-1
2735,2026年09月05日_22时52分41秒_第036次,2026-09-05T22:52:41,2.734,39.2447467452356,0.0563049469560548,7.32354875589826,28.6733318401848,1.15123163535222,29.7175602794281,0,1.98722262104002,0.0446233481730077,0.326179137789212,MV-202,sine_steer_python-1
2736,2026年09月05日_22时52分41秒_第036次,2026-09-05T22:52:41,2.735,39.2454931710432,0.0561684544416298,7.31952754833736,28.6840847299024,1.15302522715598,29.7282912389369,0,1.98422940262896,0.0445529017880324,0.325536860636714,MV-202,sine_steer_python-1
2737,2026年09月05日_22时52分41秒_第036次,2026-09-05T22:52:41,2.736,39.246240011342,0.056031701212964,7.31548631226083,28.6948376001328,1.15482019535357,29.7390221739621,0,1.9809228513933,0.0444754839766701,0.324846080377454,MV-202,sine_steer_python-1
2738,2026年09月05日_22时52分41秒_第036次,2026-09-05T22:52:41,2.737,39.2469872570966,0.0558948686266138,7.31142394259814,28.7055904511638,1.15661653785182,29.7497530849262,0,1.97730348947583,0.0443910923583802,0.324106299556693,MV-202,sine_steer_python-1
2739,2026年09月05日_22时52分41秒_第036次,2026-09-05T22:52:41,2.738,39.2477349019182,0.0557581319703977,7.30734368010682,28.7163432830771,1.15841425380983,29.7604839719913,0,1.97337188841574,0.0442997253038854,0.323317013329605,MV-202,sine_steer_python-1
2740,2026年09月05日_22时52分41秒_第036次,2026-09-05T22:52:41,2.739,39.2484829386229,0.0556216527498994,7.30324574538924,28.7270960959485,1.16021334241659,29.7712148352934,0,1.96912866905841,0.0442013822670858,0.322477723597994,MV-202,sine_steer_python-1
2741,2026年09月05日_22时52分41秒_第036次,2026-09-05T22:52:41,2.74,39.2492313602089,0.0554855902472595,7.29913328584639,28.7378488898624,1.16201380279613,29.7819456749822,0,1.96457450145738,0.0440960640689003,0.321587951098666,MV-202,sine_steer_python-1
2742,2026年09月05日_22时52分41秒_第036次,2026-09-05T22:52:41,2.741,39.2499801596461,0.055350096232425,7.29500921205174,28.7486016648854,1.16381563417446,29.7926764911777,0,1.95971010476849,0.0439837731362511,0.32064724559305,MV-202,sine_steer_python-1
2743,2026年09月05日_22时52分41秒_第036次,2026-09-05T22:52:41,2.742,39.2507289201437,0.0552149910634058,7.29034840362291,28.7593544210755,1.16561883581812,29.8034072839839,0,1.95453624713639,0.0438645136967696,0.319655194186516,MV-202,sine_steer_python-1
2744,2026年09月05日_22时52分41秒_第036次,2026-09-05T22:52:41,2.743,39.2514784123116,0.0550777708812962,7.28641343083863,28.7701071618561,1.16742338564572,29.8141380593547,0,1.94905374557315,0.0437382919348875,0.318611428017415,MV-202,sine_steer_python-1
2745,2026年09月05日_22时52分41秒_第036次,2026-09-05T22:52:41,2.744,39.2522282790082,0.0549400247680668,7.28224040773381,28.7808598816745,1.16922931809746,29.824868807942,0,1.94326346582935,0.0436051161132293,0.317515627481803,MV-202,sine_steer_python-1
2746,2026年09月05日_22时52分41秒_第036次,2026-09-05T22:52:41,2.745,39.2529785595156,0.0548019676887116,7.27811921331286,28.791612583597,1.17103661391468,29.835599534672,0,1.93716632225726,0.0434649966616148,0.316367526091809,MV-202,sine_steer_python-1
2747,2026年09月05日_22时52分41秒_第036次,2026-09-05T22:52:41,2.746,39.2537292432226,0.054663655712574,7.27397784057885,28.8023652667159,1.17284527832146,29.8463302381959,0,1.93076327766655,0.0433179462349954,0.315166913024023,MV-202,sine_steer_python-1
2748,2026年09月05日_22时52分41秒_第036次,2026-09-05T22:52:41,2.747,39.2544803211022,0.0545252728655679,7.26981517304553,28.813117931328,1.17465530918179,29.8570609189479,0,1.92405534317217,0.04316397974117,0.313913634394139,MV-202,sine_steer_python-1
2749,2026年09月05日_22时52分41秒_第036次,2026-09-05T22:52:41,2.748,39.2552317867582,0.0543869969015483,7.26563450567373,28.8238705775182,1.17646670563577,29.8677915770948,0,1.91704357803475,0.0430031143391185,0.312607593293845,MV-202,sine_steer_python-1
2750,2026年09月05日_22时52分41秒_第036次,2026-09-05T22:52:41,2.749,39.2559836329885,0.0542489915621149,7.26143605924088,28.8346232053652,1.1782794668536,29.878522212777,0,1.90972908949328,0.0428353694091123,0.311248748639682,MV-202,sine_steer_python-1
2751,2026年09月05日_22时52分41秒_第036次,2026-09-05T22:52:41,2.75,39.2567358527724,0.0541114183391407,7.25722303531857,28.8453758149572,1.18009359193932,29.8892528261487,0,1.90211303259031,0.042660766496364,0.309837112908771,MV-202,sine_steer_python-1
2752,2026年09月05日_22时52分41秒_第036次,2026-09-05T22:52:41,2.751,39.257488439056,0.0539744310846845,7.25299839378396,28.8561284063636,1.1819090801007,29.8999834173337,0,1.89419660998949,0.0424793292306957,0.308372748866774,MV-202,sine_steer_python-1
2753,2026年09月05日_22时52分41秒_第036次,2026-09-05T22:52:41,2.752,39.2582409740237,0.0538378489909579,7.24822768937684,28.8668809796454,1.18372593058674,29.9107139864393,0,1.88598107178573,0.0422910832256768,0.306855765434199,MV-202,sine_steer_python-1
2754,2026年09月05日_22时52分41秒_第036次,2026-09-05T22:52:41,2.753,39.2589942313141,0.0536991325448581,7.24419621334409,28.8776335383193,1.18554412092123,29.9214445395761,0,1.87746771530775,0.0420960559617805,0.305286312883529,MV-202,sine_steer_python-1
2755,2026年09月05日_22时52分41秒_第036次,2026-09-05T22:52:41,2.754,39.2597478512457,0.0535598886508013,7.23992252956742,28.8883860766852,1.18736368615708,29.9321750671507,0,1.86865788491322,0.0418942766591666,0.303664577604409,MV-202,sine_steer_python-1
2756,2026年09月05日_22时52分41秒_第036次,2026-09-05T22:52:41,2.755,39.260501873916,0.0534203378817781,7.23570186092797,28.8991385978918,1.18918460668444,29.942905574219,0,1.8595529717765,0.0416857761465318,0.301990776709284,MV-202,sine_steer_python-1
2757,2026年09月05日_22时52分41秒_第036次,2026-09-05T22:52:41,2.756,39.2612562885407,0.0532805360611521,7.23146085424191,28.9098911010085,1.19100688781849,29.953636059397,0,1.85015441366891,0.0414705867328314,0.300265152767357,MV-202,sine_steer_python-1
2758,2026年09月05日_22时52分41秒_第036次,2026-09-05T22:52:41,2.757,39.2620110861138,0.0531406697689745,7.2271983826141,28.9206435863408,1.19283052738025,29.9643665231306,0,1.84046369473174,0.0412487420883691,0.298487968941668,MV-202,sine_steer_python-1
2759,2026年09月05日_22时52分41秒_第036次,2026-09-05T22:52:41,2.758,39.2627662602429,0.0530009191169162,7.22291779476782,28.9313960539771,1.19465552449047,29.9750969655913,0,1.83048234524183,0.0410202771406665,0.296659504758511,MV-202,sine_steer_python-1
2760,2026年09月05日_22时52分41秒_第036次,2026-09-05T22:52:41,2.759,39.2635218037184,0.0528614499881487,7.21861931173214,28.9421485039993,1.19648187830022,29.9858273869235,0,1.82021194137,0.0407852279887325,0.294780052662302,MV-202,sine_steer_python-1
2761,2026年09月05日_22时52分41秒_第036次,2026-09-05T22:52:41,2.76,39.2642777095111,0.0527224260013446,7.21430618886022,28.9529009364993,1.19830958789315,29.9965577872858,0,1.80965410493204,0.0405436318370484,0.292849915411899,MV-202,sine_steer_python-1
2762,2026年09月05日_22时52分41秒_第036次,2026-09-05T22:52:41,2.761,39.2650339705535,0.0525840030198911,7.20998143494842,28.9636533515496,1.20013865245844,30.0072881668056,0,1.79881050313274,0.0402955269481982,0.29086940427285,MV-202,sine_steer_python-1
2763,2026年09月05日_22时52分41秒_第036次,2026-09-05T22:52:41,2.762,39.2657901683767,0.0524459991503678,7.20510137989303,28.974405749214,1.2019690712271,30.0180185255936,0,1.78768284830253,0.0400409586657131,0.288839094092168,MV-202,sine_steer_python-1
2764,2026年09月05日_22时52分41秒_第036次,2026-09-05T22:52:41,2.763,39.2665470790187,0.0523058399737923,7.20097381773141,28.9851581331029,1.20380082133094,30.0287488699173,0,1.77627289762709,0.0397800207483403,0.28676157257563,MV-202,sine_steer_python-1
2765,2026年09月05日_22时52分41秒_第036次,2026-09-05T22:52:41,2.764,39.2673043405176,0.0521651495804698,7.19659991217604,28.9959104973688,1.20563393842998,30.039479189937,0,1.76458245286991,0.0395127720558863,0.284637915126493,MV-202,sine_steer_python-1
2766,2026年09月05日_22时52分41秒_第036次,2026-09-05T22:52:41,2.765,39.2680619937771,0.0520241542028959,7.19228019066466,29.0066628452427,1.20746840256559,30.0502094908385,0,1.75261336008772,0.0392392608197746,0.282468711914835,MV-202,sine_steer_python-1
2767,2026年09月05日_22时52分41秒_第036次,2026-09-05T22:52:41,2.766,39.2688200278484,0.0518829093909936,7.18793996325441,29.0174151757711,1.2093042191428,30.0609397712023,0,1.74036750933905,0.0389595346404204,0.280254491164134,MV-202,sine_steer_python-1
2768,2026年09月05日_22时52分41秒_第036次,2026-09-05T22:52:41,2.767,39.2695784337587,0.0517416042618845,7.18357809390359,29.0281674892687,1.21114138593944,30.0716700314861,0,1.72784683438567,0.038673681119681,0.277997438736934,MV-202,sine_steer_python-1
2769,2026年09月05日_22时52分41秒_第036次,2026-09-05T22:52:41,2.768,39.270337205128,0.0516004212743708,7.17919798491551,29.0389197858272,1.21297990205657,30.0824002718659,0,1.71505331238731,0.0383817832952104,0.275699512685881,MV-202,sine_steer_python-1
2770,2026年09月05日_22时52分41秒_第036次,2026-09-05T22:52:41,2.769,39.2710963347487,0.0514595284553095,7.17479985791718,29.049672065532,1.21481976662575,30.0931304924899,0,1.70198896358938,0.0380838925329056,0.273361296490929,MV-202,sine_steer_python-1
2771,2026年09月05日_22时52分41秒_第036次,2026-09-05T22:52:41,2.77,39.2718558155915,0.0513190915625152,7.17038702190879,29.0604243284785,1.21666097870992,30.103860693521,0,1.68865585100403,0.0377800586505849,0.270983273795491,MV-202,sine_steer_python-1
2772,2026年09月05日_22时52分41秒_第036次,2026-09-05T22:52:41,2.771,39.2726156405838,0.0511792684935871,7.16596253447303,29.0711765747425,1.21850353747927,30.1145908750902,0,1.67505608008428,0.0374703297257458,0.268565820614274,MV-202,sine_steer_python-1
2773,2026年09月05日_22时52分41秒_第036次,2026-09-05T22:52:41,2.772,39.2733753909832,0.0510398764496314,7.16097359799756,29.0819288043908,1.22034744214649,30.1253210373114,0,1.66119179839163,0.0371547524782447,0.266109221799343,MV-202,sine_steer_python-1
2774,2026年09月05日_22时52分41秒_第036次,2026-09-05T22:52:41,2.773,39.2741358445796,0.0508983069807856,7.1567502950783,29.0926810211282,1.22219266945446,30.1360511866093,0,1.64706519525686,0.0368333726659372,0.263613688069842,MV-202,sine_steer_python-1
2775,2026年09月05日_22时52分41秒_第036次,2026-09-05T22:52:41,2.774,39.2748966376198,0.050756191335446,7.15227634967954,29.1034332189589,1.22403925566467,30.1467813128972,0,1.63267850143437,0.0365062354366996,0.261079371205424,MV-202,sine_steer_python-1
2776,2026年09月05日_22时52分41秒_第036次,2026-09-05T22:52:41,2.775,39.2756578153866,0.0506136141658671,7.14785468172352,29.1141854011979,1.2258871804661,30.1575114214931,0,1.6180339887499,0.0361733856477354,0.258506377857879,MV-202,sine_steer_python-1
2777,2026年09月05日_22时52分41秒_第036次,2026-09-05T22:52:41,2.776,39.2764193654236,0.0504706942823917,7.1434120119519,29.1249375668868,1.22773644925673,30.1682415109741,0,1.60313396974175,0.0358348681584177,0.255894782245089,MV-202,sine_steer_python-1
2778,2026年09月05日_22时52分41秒_第036次,2026-09-05T22:52:41,2.777,39.2771812786281,0.0503276273068455,7.13894660156301,29.1356897163452,1.22958705979935,30.1789715818031,0,1.58798079729568,0.0354907281013705,0.253244637926996,MV-202,sine_steer_python-1
2779,2026年09月05日_22时52分41秒_第036次,2026-09-05T22:52:41,2.778,39.2779435484714,0.0501846042399808,7.13446216221165,29.1464418496737,1.23143901114677,30.1897016341702,0,1.57257686427324,0.0351410663270257,0.250558327209979,MV-202,sine_steer_python-1
2780,2026年09月05日_22时52分41秒_第036次,2026-09-05T22:52:41,2.779,39.2787061675955,0.0500418008608807,7.12995893619437,29.1571939669637,1.23329230240114,30.2004316682317,0,1.55692460313405,0.0347860080400814,0.247839232479066,MV-202,sine_steer_python-1
2781,2026年09月05日_22时52分41秒_第036次,2026-09-05T22:52:41,2.78,39.2794691288226,0.0498993905738373,7.12544030669365,29.167946068317,1.23514693259101,30.2111616841601,0,1.54102648555158,0.0344257000072874,0.245091617818359,MV-202,sine_steer_python-1
2782,2026年09月05日_22时52分41秒_第036次,2026-09-05T22:52:41,2.781,39.2802324249344,0.049757538726404,7.12090940166053,29.1786981538155,1.23700290085458,30.2218916820948,0,1.5248850220229,0.0340601940286864,0.242315692967852,MV-202,sine_steer_python-1
2783,2026年09月05日_22时52分41秒_第036次,2026-09-05T22:52:41,2.782,39.2809956370591,0.0496160666376926,7.11580435366084,29.1894502235319,1.23886020637363,30.2326216621576,0,1.50850276147221,0.0336894975486639,0.239509758046934,MV-202,sine_steer_python-1
2784,2026年09月05日_22时52分41秒_第036次,2026-09-05T22:52:41,2.783,39.2817595469647,0.0494722183746721,7.11147501189516,29.200202281268,1.24071882549475,30.2433516309355,0,1.49188229084837,0.0333136169090961,0.236672036447545,MV-202,sine_steer_python-1
2785,2026年09月05日_22时52分41秒_第036次,2026-09-05T22:52:41,2.784,39.2825237866462,0.0493277484512109,7.10689125528069,29.2109543208965,1.24257879498424,30.2540815781244,0,1.47502623471635,0.0329325599723063,0.233800786265088,MV-202,sine_steer_python-1
2786,2026年09月05日_22时52分41秒_第036次,2026-09-05T22:52:41,2.785,39.2832883988333,0.0491828800409982,7.1023627614167,29.2217063458079,1.24444009423441,30.2648115091604,0,1.45793725484282,0.032546338112634,0.230894384879536,MV-202,sine_steer_python-1
2787,2026年09月05日_22时52分41秒_第036次,2026-09-05T22:52:41,2.786,39.2840533720487,0.0490376775200663,7.09781266690847,29.2324583550114,1.24630272878261,30.2755414225664,0,1.44061804977582,0.0321549676527197,0.227951390023932,MV-202,sine_steer_python-1
2788,2026年09月05日_22时52分41秒_第036次,2026-09-05T22:52:41,2.787,39.2848186972636,0.048892340795509,7.09323975453448,29.2432103488423,1.24816669631159,30.286271318828,0,1.42307135441857,0.031758470783574,0.224970579022537,MV-202,sine_steer_python-1
2789,2026年09月05日_22时52分41秒_第036次,2026-09-05T22:52:41,2.788,39.2855843679806,0.048747063393012,7.08864758084323,29.2539623274031,1.25003199586398,30.2970011981368,0,1.4052999395977,0.0313568760416946,0.221950969299143,MV-202,sine_steer_python-1
2790,2026年09月05日_22时52分41秒_第036次,2026-09-05T22:52:41,2.789,39.2863503768627,0.0486020238031481,7.08403640604078,29.2647142907898,1.25189862651622,30.3077310606547,0,1.38730661162561,0.0309502184302221,0.218891823834716,MV-202,sine_steer_python-1
2791,2026年09月05日_22时52分41秒_第036次,2026-09-05T22:52:41,2.79,39.2871167185007,0.0484573207205204,7.07940816998763,29.2754662391084,1.25376658727434,30.3184609065589,0,1.36909421185738,0.0305385392756875,0.215792645446151,MV-202,sine_steer_python-1
2792,2026年09月05日_22时52分41秒_第036次,2026-09-05T22:52:41,2.791,39.2878833865541,0.048313088004143,7.07476616547362,29.2862181724538,1.25563587720602,30.3291907360096,0,1.35066561624205,0.0301218859082673,0.212653163605281,MV-202,sine_steer_python-1
2793,2026年09月05日_22时52分41秒_第036次,2026-09-05T22:52:41,2.792,39.2886499619841,0.0481691755297659,7.06954030118735,29.2969700909078,1.25750649544599,30.3399205491428,0,1.33202373486851,0.0297003112427603,0.209473317064547,MV-202,sine_steer_python-1
2794,2026年09月05日_22时52分41秒_第036次,2026-09-05T22:52:41,2.793,39.2894172297933,0.048022671425448,7.06509992557472,29.3077219983669,1.25937841796289,30.3506503527052,0,1.31317151150592,0.0292738733212662,0.206253234868933,MV-202,sine_steer_python-1
2795,2026年09月05日_22时52分41秒_第036次,2026-09-05T22:52:41,2.794,39.2901848181732,0.0478754532358705,7.0604013079858,29.3184738885756,1.2612516820056,30.3613801361789,0,1.29411192313888,0.0288426348590038,0.202993217507182,MV-202,sine_steer_python-1
2796,2026年09月05日_22时52分41秒_第036次,2026-09-05T22:52:41,2.795,39.2909527708857,0.0477277328678281,7.05575781812439,29.3292257649996,1.26312626667457,30.3721099051183,0,1.27484797949739,0.0284066628145906,0.199693719103753,MV-202,sine_steer_python-1
2797,2026年09月05日_22时52分41秒_第036次,2026-09-05T22:52:41,2.796,39.2917210760681,0.0475795852023253,7.05109181225519,29.3399776266347,1.26500217754548,30.3828396580265,0,1.2553827225814,0.0279660279882516,0.196355330798019,MV-202,sine_steer_python-1
2798,2026年09月05日_22时52分41秒_第036次,2026-09-05T22:52:41,2.797,39.2924897245973,0.0474312187652081,7.04640196687343,29.3507294738278,1.26687941224964,30.3935693954052,0,1.23571922618068,0.0275208046383409,0.19297876490292,MV-202,sine_steer_python-1
2799,2026年09月05日_22时52分41秒_第036次,2026-09-05T22:52:41,2.798,39.2932587098401,0.0472828363695473,7.04169192525528,29.3614813066894,1.2687579697896,30.4042991174581,0,1.21586059538921,0.0270710700997244,0.189564839147013,MV-202,sine_steer_python-1
2800,2026年09月05日_22时52分41秒_第036次,2026-09-05T22:52:41,2.799,39.2940280243251,0.047134625389047,7.03696196992037,29.3722331253227,1.27063784920511,30.4150288243579,0,1.19580996611504,0.0266169043874523,0.186114460298114,MV-202,sine_steer_python-1
2801,2026年09月05日_22时52分41秒_第036次,2026-09-05T22:52:41,2.8,39.2947976607631,0.0469867706166326,7.03221562662882,29.3829849298414,1.27251904946465,30.4257585162926,0,1.17557050458495,0.0261583897746946,0.182628606702466,MV-202,sine_steer_python-1
2802,2026年09月05日_22时52分41秒_第036次,2026-09-05T22:52:41,2.801,39.2955676118131,0.0468394484567248,7.02745616772943,29.3937367203378,1.27440156965054,30.4364881934158,0,1.15514540684454,0.0256956103432854,0.179108309669473,MV-202,sine_steer_python-1
2803,2026年09月05日_22时52分41秒_第036次,2026-09-05T22:52:41,2.802,39.2963374596427,0.046692485821311,7.02210351218858,29.4044884968949,1.27628540889128,30.4472178558619,0,1.13453789825352,0.0252286515157704,0.175554634079126,MV-202,sine_steer_python-1
2804,2026年09月05日_22时52分41秒_第036次,2026-09-05T22:52:41,2.803,39.2971079892203,0.046542939735372,7.01754926207553,29.415240263505,1.27817054277487,30.4579475105397,0,1.11375123297637,0.0247575995870951,0.171968658980096,MV-202,sine_steer_python-1
2805,2026年09月05日_22时52分41秒_第036次,2026-09-05T22:52:41,2.804,39.297878827436,0.046392703185236,7.0127327230751,29.4259920137654,1.28005700912312,30.4686771466836,0,1.09278869346855,0.0242825412799404,0.168351459194799,MV-202,sine_steer_python-1
2806,2026年09月05日_22时52分41秒_第036次,2026-09-05T22:52:41,2.805,39.2986500188325,0.04624199478436,7.0079723832462,29.4367437512253,1.28194478670102,30.4794067699794,0,1.07165358995799,0.0238035633490981,0.164704089006312,MV-202,sine_steer_python-1
2807,2026年09月05日_22时52分41秒_第036次,2026-09-05T22:52:41,2.806,39.2994215514024,0.0460908899162979,7.00318933732322,29.4474954748581,1.28383388116861,30.4901363788949,0,1.05034925992259,0.0233207522571266,0.161027568867654,MV-202,sine_steer_python-1
2808,2026年09月05日_22时52分41秒_第036次,2026-09-05T22:52:41,2.807,39.3001934160974,0.0459396002965837,6.99838227338237,29.45824718502,1.28572429011487,30.500865973944,0,1.02887906756301,0.0228341939366625,0.15732287578395,MV-202,sine_steer_python-1
2809,2026年09月05日_22时52分41秒_第036次,2026-09-05T22:52:41,2.808,39.3009656063207,0.0457883317204472,6.9935549076825,29.4689988818255,1.28761601252343,30.5115955553352,0,1.00724640327152,0.0223439736457705,0.153590937636369,MV-202,sine_steer_python-1
2810,2026年09月05日_22时52分41秒_第036次,2026-09-05T22:52:41,2.809,39.3017381146259,0.045637274313628,6.98870754209171,29.4797505653811,1.28950904741593,30.5223251232451,0,0.985454683096585,0.0218501759137858,0.149832631339173,MV-202,sine_steer_python-1
2811,2026年09月05日_22时52分41秒_第036次,2026-09-05T22:52:41,2.81,39.3025109337451,0.0454866155828269,6.98384376914709,29.4905022358044,1.29140339374214,30.5330546778662,0,0.963507348203434,0.0213528845680829,0.146048784424159,MV-202,sine_steer_python-1
2812,2026年09月05日_22时52分41秒_第036次,2026-09-05T22:52:41,2.811,39.3032840563511,0.0453365345120066,6.978966920004,29.5012538931911,1.29329905056779,30.5437842193554,0,0.94140786433067,0.0208521828238581,0.142240179293687,MV-202,sine_steer_python-1
2813,2026年09月05日_22时52分41秒_第036次,2026-09-05T22:52:41,2.812,39.304057065719,0.0451868589965533,6.97348784960998,29.512005537627,1.29519601700575,30.5545137478505,0,0.919159721242982,0.0203481534133635,0.138407559144631,MV-202,sine_steer_python-1
2814,2026年09月05日_22时52分41秒_第036次,2026-09-05T22:52:41,2.813,39.3048307460871,0.0450346153608665,6.96882008157856,29.5227571731977,1.29709426828469,30.5652432704176,0,0.896766432180072,0.0198408787327969,0.134551634640885,MV-202,sine_steer_python-1
2815,2026年09月05日_22时52分41秒_第036次,2026-09-05T22:52:41,2.814,39.3056047232955,0.044881710951227,6.96388617845527,29.5335087933535,1.29899384279263,30.5759727760436,0,0.874231533301862,0.0193304409881301,0.130673090542417,MV-202,sine_steer_python-1
2816,2026年09月05日_22时52分41秒_第036次,2026-09-05T22:52:41,2.815,39.3063790426485,0.0447283708637242,6.9590096806309,29.544260401726,1.30089471896822,30.5867022705444,0,0.851558583130143,0.0188169223250276,0.126772591662913,MV-202,sine_steer_python-1
2817,2026年09月05日_22时52分41秒_第036次,2026-09-05T22:52:41,2.816,39.307153691988,0.0445746706425413,6.95411040867116,29.5550119972657,1.30279690255856,30.5974317523522,0,0.828751161986568,0.0183004049328946,0.122850787734888,MV-202,sine_steer_python-1
2818,2026年09月05日_22时52分41秒_第036次,2026-09-05T22:52:41,2.817,39.3079286623455,0.0444208248612484,6.94918703728895,29.5657635803379,1.30470039111385,30.6081612219922,0,0.805812871427326,0.0177810170705648,0.118910262351377,MV-202,sine_steer_python-1
2819,2026年09月05日_22时52分41秒_第036次,2026-09-05T22:52:41,2.818,39.308703947163,0.0442670419739754,6.94424332971706,29.5765151510604,1.30660518360159,30.6188906796774,0,0.782747333674407,0.0172589841210542,0.114957694523601,MV-202,sine_steer_python-1
2820,2026年09月05日_22时52分41秒_第036次,2026-09-05T22:52:41,2.819,39.3094795390251,0.0441135145518166,6.93927958589191,29.5872667095432,1.30851127902761,30.629620125588,0,0.759558191043606,0.0167343850272901,0.110993548177093,MV-202,sine_steer_python-1
2821,2026年09月05日_22时52分41秒_第036次,2026-09-05T22:52:41,2.82,39.310255430691,0.043960432519583,6.93429944753239,29.5980182559073,1.3104186763249,30.6403495599207,0,0.736249105369361,0.016207268794349,0.107017004910253,MV-202,sine_steer_python-1
2822,2026年09月05日_22时52分41秒_第036次,2026-09-05T22:52:41,2.821,39.3110316148534,0.0438079771543766,6.92930629120466,29.6087697902516,1.31232737454418,30.651078982836,0,0.712823757426508,0.0156776823082137,0.103027142179826,MV-202,sine_steer_python-1
2823,2026年09月05日_22时52分41秒_第036次,2026-09-05T22:52:41,2.822,39.3118076761528,0.0436559770649592,6.92370206107373,29.6195213126648,1.31423737278405,30.6618083944746,0,0.689285846349042,0.0151456722577512,0.0990230151343693,MV-202,sine_steer_python-1
2824,2026年09月05日_22时52分41秒_第036次,2026-09-05T22:52:41,2.823,39.3125843976137,0.0435014280560969,6.91892186698324,29.6302728273261,1.31614864591663,30.6725378020606,0,0.665639089045969,0.0146112866896218,0.0950037228692106,MV-202,sine_steer_python-1
2825,2026年09月05日_22时52分41秒_第036次,2026-09-05T22:52:41,2.824,39.3133614042501,0.0433462513229722,6.91387172143854,29.6410243275381,1.3180612328937,30.6832671943328,0,0.641887219614417,0.0140745762169854,0.0909684600291933,MV-202,sine_steer_python-1
2826,2026年09月05日_22时52分41秒_第036次,2026-09-05T22:52:41,2.825,39.3141387421144,0.0431906781675166,6.90888017218543,29.651775817015,1.31997511183101,30.6939965772377,0,0.618033988749894,0.013535594892236,0.0869165542003569,MV-202,sine_steer_python-1
2827,2026年09月05日_22时52分41秒_第036次,2026-09-05T22:52:41,2.826,39.3149163988997,0.0430347840174664,6.90386577497427,29.6625272946844,1.32189028856273,30.7047259491716,0,0.594083163154071,0.0129944007808021,0.082847490657385,MV-202,sine_steer_python-1
2828,2026年09月05日_22时52分41秒_第036次,2026-09-05T22:52:41,2.827,39.3156943657225,0.0428787860196853,6.89882719307184,29.6732787609205,1.3238067606013,30.7154553106715,0,0.570038524939954,0.0124510562829902,0.0787609264538715,MV-202,sine_steer_python-1
2829,2026年09月05日_22时52分41秒_第036次,2026-09-05T22:52:41,2.828,39.3164726360659,0.0427228949960242,6.89376823717493,29.6840302158446,1.32572452689881,30.7261846619548,0,0.545903871034654,0.0119056282536264,0.0746566959601887,MV-202,sine_steer_python-1
2830,2026年09月05日_22时52分41秒_第036次,2026-09-05T22:52:41,2.829,39.3172512025471,0.0425673056728737,6.88868920627881,29.6947816595699,1.32764358644589,30.7369140032055,0,0.521683012579799,0.0113581879670868,0.070534809862237,MV-202,sine_steer_python-1
2831,2026年09月05日_22时52分41秒_第036次,2026-09-05T22:52:41,2.83,39.3180300579537,0.0424122101021402,6.88359379169802,29.705533092221,1.3295639381593,30.7476433346248,0,0.497379774329716,0.0108088109698498,0.066395449403388,MV-202,sine_steer_python-1
2832,2026年09月05日_22时52分41秒_第036次,2026-09-05T22:52:41,2.831,39.3188091949992,0.0422577915633258,6.87848541564989,29.7162845139001,1.33148558107527,30.7583726563765,0,0.472997994047444,0.0102576126716918,0.0622404730158319,MV-202,sine_steer_python-1
2833,2026年09月05日_22时52分41秒_第036次,2026-09-05T22:52:41,2.832,39.3195881999336,0.0421038790765134,6.87275728460943,29.7270359246989,1.3334085142785,30.7691019686047,0,0.448541521898758,0.00970489515709759,0.0580796296226917,MV-202,sine_steer_python-1
2834,2026年09月05日_22时52分41秒_第036次,2026-09-05T22:52:41,2.833,39.3203678540922,0.0419474380290715,6.86786574789009,29.7377873288905,1.33533271228627,30.7798312786915,0,0.424014219844107,0.00915079128905954,0.0539154984417331,MV-202,sine_steer_python-1
2835,2026年09月05日_22时52分41秒_第036次,2026-09-05T22:52:41,2.834,39.3211477818817,0.0417904030104379,6.8627004734444,29.7485387196292,1.33725821461122,30.7905605751275,0,0.399419961028813,0.00859539709190914,0.0497490913579162,MV-202,sine_steer_python-1
2836,2026年09月05日_22时52分41秒_第036次,2026-09-05T22:52:41,2.835,39.3219280300817,0.0416330112243473,6.85759497316006,29.7592901007122,1.33918499904892,30.8012898639902,0,0.37476262917145,0.00803880485844109,0.0455812544856321,MV-202,sine_steer_python-1
2837,2026年09月05日_22时52分41秒_第036次,2026-09-05T22:52:41,2.836,39.3227085862368,0.0414753376976958,6.8524665488292,29.770041471044,1.34111307152003,30.8120191436399,0,0.350046117950554,0.00748110311804896,0.0414126673537616,MV-202,sine_steer_python-1
2838,2026年09月05日_22时52分41秒_第036次,2026-09-05T22:52:41,2.837,39.3234894415511,0.0413176018602155,6.84731385475002,29.780792831008,1.34304242949964,30.8227484146255,0,0.325274330389771,0.00692237745299984,0.0372438779474388,MV-202,sine_steer_python-1
2839,2026年09月05日_22时52分41秒_第036次,2026-09-05T22:52:41,2.838,39.3242705895496,0.041160016608359,6.84214074954324,29.7915441807287,1.34497307192459,30.8334776771687,0,0.300451178241519,0.00636271117584132,0.0330753318706893,MV-202,sine_steer_python-1
2840,2026年09月05日_22时52分41秒_第036次,2026-09-05T22:52:41,2.839,39.3250520228832,0.0410027785359375,6.83694753186968,29.802295520323,1.34690499777039,30.8442069314579,0,0.275580581369283,0.00580218584544164,0.0289073946784906,MV-202,sine_steer_python-1
2841,2026年09月05日_22时52分41秒_第036次,2026-09-05T22:52:41,2.84,39.3258337343689,0.0408460815374529,6.83173794249195,29.8130468499189,1.34883820593761,30.8549361776983,0,0.250666467128603,0.00524088165398539,0.024740368747142,MV-202,sine_steer_python-1
2842,2026年09月05日_22时52分41秒_第036次,2026-09-05T22:52:41,2.841,39.3266157167425,0.0406901106150665,6.82651544888728,29.8237981696219,1.35077269544789,30.8656654160576,0,0.225712769746959,0.00467887771523444,0.0205745059669025,MV-202,sine_steer_python-1
2843,2026年09月05日_22时52分41秒_第036次,2026-09-05T22:52:41,2.842,39.3273975581118,0.0405346949037922,6.82066469703243,29.8345494795269,1.35270846537196,30.8763946466831,0,0.200723429702427,0.0041162522929398,0.0164100179032616,MV-202,sine_steer_python-1
2844,2026年09月05日_22时52分41秒_第036次,2026-09-05T22:52:41,2.843,39.3281800376449,0.0403767694711512,6.81566291913642,29.8453007840015,1.35464548987335,30.887123877115,0,0.175702393101485,0.00355308301274278,0.012247085260835,MV-202,sine_steer_python-1
2845,2026年09月05日_22时52分41秒_第036次,2026-09-05T22:52:41,2.844,39.3289627793648,0.0402182819012319,6.81038364853052,29.8560520760512,1.35658380902219,30.8978530955958,0,0.150653611055866,0.00298944709808337,0.00808586836380235,MV-202,sine_steer_python-1
2846,2026年09月05日_22时52分41秒_第036次,2026-09-05T22:52:41,2.845,39.3297458307565,0.0400594750179973,6.80516531675744,29.8668033595563,1.35852340029619,30.9085823083337,0,0.125581039058629,0.00242542166086153,0.00392651995187948,MV-202,sine_steer_python-1
2847,2026年09月05日_22时52分41秒_第036次,2026-09-05T22:52:41,2.846,39.3305291792189,0.0399004231984585,6.79992398243472,29.8775546333984,1.36046426970131,30.9193115136535,0,0.100488636359543,0.00186108404667713,-0.000230799714100314,MV-202,sine_steer_python-1
2848,2026年09月05日_22时52分41秒_第036次,2026-09-05T22:52:41,2.847,39.3313128160489,0.0397413479032794,6.79465829317799,29.88830589797,1.3624064146753,30.9300407121158,0,0.0753803653398742,0.00129651218059423,-0.00438590773579537,MV-202,sine_steer_python-1
2849,2026年09月05日_22时52分41秒_第036次,2026-09-05T22:52:41,2.848,39.3320967348158,0.0395824638529291,6.78937215584895,29.8990571533993,1.36434983413943,30.940769903947,0,0.0502601908866816,0.000731784759043317,-0.00853858999544166,MV-202,sine_steer_python-1
2850,2026年09月05日_22时52分41秒_第036次,2026-09-05T22:52:41,2.849,39.3328809282075,0.0394239692672739,6.78406586928489,29.9098083998065,1.36629452705369,30.9514990893393,0,0.0251320797666992,0.000166980281289964,-0.012688641751049,MV-202,sine_steer_python-1
2851,2026年09月05日_22时52分41秒_第036次,2026-09-05T22:52:41,2.85,39.333665389074,0.0392660596492015,6.77874322348688,29.9205596373234,1.36824049230203,30.9622282685025,0,9.79965031572518e-15,-0.000397824495520453,-0.0168359326504333,MV-202,sine_steer_python-1
2852,2026年09月05日_22时52分41秒_第036次,2026-09-05T22:52:41,2.851,39.3344501101767,0.0391089214978708,6.77340773077399,29.931310866059,1.37018772889102,30.9729574416079,0,-0.0251320797667081,-0.000962552135576775,-0.0209803035612871,MV-202,sine_steer_python-1
2853,2026年09月05日_22时52分41秒_第036次,2026-09-05T22:52:41,2.852,39.3352346817432,0.0389523838263271,6.76743565323077,29.9420620861111,1.37213623587687,30.9836866088061,0,-0.0502601908866762,-0.0015271227503498,-0.0251214908030821,MV-202,sine_steer_python-1
2854,2026年09月05日_22时52分41秒_第036次,2026-09-05T22:52:41,2.853,39.3360198802835,0.038793351556405,6.76232474909222,29.9528133019429,1.37408598707019,30.9944157777956,0,-0.0753803653398688,-0.00209145397363932,-0.0292591246389398,MV-202,sine_steer_python-1
2855,2026年09月05日_22时52分41秒_第036次,2026-09-05T22:52:41,2.854,39.3368053296658,0.0386337849232004,6.75693262884409,29.9635645064105,1.37603702309464,31.0051449365705,0,-0.100488636359537,-0.00265546122626598,-0.0333927400628413,MV-202,sine_steer_python-1
2856,2026年09月05日_22时52分41秒_第036次,2026-09-05T22:52:41,2.855,39.3375910780604,0.0384739321581106,6.75160259828358,29.9743157034774,1.37798932111199,31.0158740914702,0,-0.125581039058623,-0.00321905804719014,-0.0375217903738408,MV-202,sine_steer_python-1
2857,2026年09月05日_22时52分41秒_第036次,2026-09-05T22:52:41,2.856,39.3383771127261,0.0383138668111918,6.74624948397947,29.9850668920026,1.37994288721204,31.0266032407835,0,-0.150653611055875,-0.00378215644344118,-0.0416456615228265,MV-202,sine_steer_python-1
2858,2026年09月05日_22时52分41秒_第036次,2026-09-05T22:52:41,2.857,39.3391634250583,0.0381538121963133,6.74087192920573,29.9958180723878,1.38189771879478,31.037332385083,0,-0.17570239310148,-0.00434466723545001,-0.0457636862511441,MV-202,sine_steer_python-1
2859,2026年09月05日_22时52分41秒_第036次,2026-09-05T22:52:41,2.858,39.3399500086754,0.0379939846844705,6.73547388946604,30.0065692447649,1.38385381476523,31.0480615245996,0,-0.200723429702436,-0.00490650038043749,-0.0498751572944769,MV-202,sine_steer_python-1
2860,2026年09月05日_22时52分41秒_第036次,2026-09-05T22:52:41,2.859,39.3407368563075,0.0378345839598465,6.73005566439622,30.0173204092575,1.38581117406716,31.0587906595295,0,-0.225712769746954,-0.00546756525610865,-0.0539793389058238,MV-202,sine_steer_python-1
2861,2026年09月05日_22时52分41秒_第036次,2026-09-05T22:52:41,2.86,39.3415239608424,0.0376758069815883,6.7246210931435,30.0280715660018,1.38776979556715,31.0695197900871,0,-0.250666467128611,-0.00602777088844939,-0.0580754760135133,MV-202,sine_steer_python-1
2862,2026年09月05日_22时52分41秒_第036次,2026-09-05T22:52:41,2.861,39.3423113150721,0.0375178416044064,6.71917373258295,30.0388227151099,1.3897296782559,31.0802489164472,0,-0.275580581369278,-0.00658702611223379,-0.0621628005338265,MV-202,sine_steer_python-1
2863,2026年09月05日_22时52分41秒_第036次,2026-09-05T22:52:41,2.862,39.3430985116235,0.0373605165807407,6.71308163241186,30.0495738566832,1.39169082117428,31.090978038764,0,-0.300451178241514,-0.00714523965979073,-0.0662405346494055,MV-202,sine_steer_python-1
2864,2026年09月05日_22时52分41秒_第036次,2026-09-05T22:52:41,2.863,39.343886323836,0.0372007069982625,6.70786272765154,30.0603249952806,1.3936531977808,31.101707164894,0,-0.325274330389765,-0.00770232018064753,-0.0703078911641983,MV-202,sine_steer_python-1
2865,2026年09月05日_22时52分41秒_第036次,2026-09-05T22:52:41,2.864,39.3446743756575,0.037040385446817,6.70235891690758,30.0710761236087,1.39561684924814,31.112436282583,0,-0.350046117950549,-0.00825817620049092,-0.0743640712905737,MV-202,sine_steer_python-1
2866,2026年09月05日_22时52分41秒_第036次,2026-09-05T22:52:41,2.865,39.3454627159247,0.0368798054504827,6.69691833388721,30.0818272457146,1.39758175242395,31.1231653983015,0,-0.374762629171458,-0.0088127160318039,-0.0784082603889239,MV-202,sine_steer_python-1
2867,2026年09月05日_22时52分41秒_第036次,2026-09-05T22:52:41,2.866,39.346251331762,0.0367190396473446,6.69145458463997,30.0925783604345,1.39954791348008,31.1338945103026,0,-0.399419961028808,-0.00936584765210761,-0.082439622328679,MV-202,sine_steer_python-1
2868,2026年09月05日_22时52分41秒_第036次,2026-09-05T22:52:41,2.867,39.3470402146707,0.0365583131192724,6.685966310448,30.1033294681798,1.40151532977821,31.1446236191707,0,-0.424014219844115,-0.00991747857482608,-0.0864572935198402,MV-202,sine_steer_python-1
2869,2026年09月05日_22时52分41秒_第036次,2026-09-05T22:52:41,2.868,39.3478293583236,0.0363978438077486,6.68045751591499,30.114080569086,1.40348400020626,31.1553527251413,0,-0.448541521898753,-0.0104675157668434,-0.0904603788896613,MV-202,sine_steer_python-1
2870,2026年09月05日_22时52分41秒_第036次,2026-09-05T22:52:41,2.869,39.3486187554982,0.0362378327934678,6.67492850219598,30.1248316632808,1.40545392369092,31.1660818284148,0,-0.472997994047452,-0.0110158657405929,-0.0944479552033388,MV-202,sine_steer_python-1
2871,2026年09月05日_22时52分41秒_第036次,2026-09-05T22:52:41,2.87,39.3494083991253,0.0360784784338433,6.66938315759666,30.1355827509042,1.40742509908051,31.1768109292099,0,-0.497379774329711,-0.0115624350640432,-0.0984190920590591,MV-202,sine_steer_python-1
2872,2026年09月05日_22时52分41秒_第036次,2026-09-05T22:52:41,2.871,39.3501982820331,0.0359199698918168,6.66382508338552,30.1463338320722,1.40939752534897,31.1875400277052,0,-0.521683012579794,-0.0121071314843781,-0.102372898985432,MV-202,sine_steer_python-1
2873,2026年09月05日_22时52分41秒_第036次,2026-09-05T22:52:41,2.872,39.3509879995469,0.0357621356333724,6.65761428002935,30.1570849068897,1.4113712015209,31.1982691240584,0,-0.545903871034649,-0.0126498652156977,-0.106308579791066,MV-202,sine_steer_python-1
2874,2026年09月05日_22时52分41秒_第036次,2026-09-05T22:52:41,2.873,39.3517783212948,0.0356018213885602,6.65228852312987,30.167835980012,1.41334610070386,31.2089982262839,0,-0.570038524939949,-0.0131905492745267,-0.110225446758726,MV-202,sine_steer_python-1
2875,2026年09月05日_22时52分41秒_第036次,2026-09-05T22:52:41,2.874,39.3525688715443,0.0354410118335174,6.64667420763234,30.1785870439959,1.4153222646145,31.2197273218796,0,-0.594083163154065,-0.0137290986469863,-0.114122885086751,MV-202,sine_steer_python-1
2876,2026年09月05日_22时52分41秒_第036次,2026-09-05T22:52:41,2.875,39.3533596997804,0.0352799657728165,6.64112424775557,30.1893381029724,1.41729966978825,31.2304564174469,0,-0.618033988749889,-0.0142654292900791,-0.11800030997015,MV-202,sine_steer_python-1
2877,2026年09月05日_22时52分41秒_第036次,2026-09-05T22:52:41,2.876,39.3541507929983,0.0351187549370891,6.63555104092011,30.2000891557552,1.41927832247725,31.2411855112034,0,-0.641887219614425,-0.0147994575994319,-0.12185714338399,MV-202,sine_steer_python-1
2878,2026年09月05日_22时52分41秒_第036次,2026-09-05T22:52:41,2.877,39.3549421428123,0.0349576061788593,6.62995322865981,30.2108402027653,1.42125822000425,31.2519146037452,0,-0.665639089045964,-0.0153311002559214,-0.125692807009158,MV-202,sine_steer_python-1
2879,2026年09月05日_22时52分41秒_第036次,2026-09-05T22:52:41,2.878,39.3557337429539,0.034796739016583,6.62433486509211,30.2215912441423,1.42323936123924,31.2626436953128,0,-0.689285846349037,-0.0158602742264025,-0.129506721768662,MV-202,sine_steer_python-1
2880,2026年09月05日_22时52分41秒_第036次,2026-09-05T22:52:41,2.879,39.3565255862531,0.034636355944488,6.61869625361975,30.2323422800178,1.42522174509102,31.2733727861104,0,-0.712823757426503,-0.0163868967930519,-0.133298308619322,MV-202,sine_steer_python-1
2881,2026年09月05日_22时52分41秒_第036次,2026-09-05T22:52:41,2.88,39.3573176656885,0.0344766567430283,6.61304133173362,30.2430933105363,1.42720537038882,31.2841018763615,0,-0.736249105369356,-0.0169109198082636,-0.137068438173882,MV-202,sine_steer_python-1
2882,2026年09月05日_22时52分41秒_第036次,2026-09-05T22:52:41,2.881,39.3581099741285,0.0343178319166388,6.6073737449689,30.2538443358175,1.42919023608898,31.2948309662485,0,-0.759558191043601,-0.0174324163613002,-0.140823099121225,MV-202,sine_steer_python-1
2883,2026年09月05日_22时52分41秒_第036次,2026-09-05T22:52:41,2.882,39.3589021099149,0.0341597097187673,6.60104559788888,30.2645953559703,1.43117634119901,31.3055600559326,0,-0.782747333674402,-0.0179512989830823,-0.144561469083165,MV-202,sine_steer_python-1
2884,2026年09月05日_22时52分41秒_第036次,2026-09-05T22:52:41,2.883,39.3596948383954,0.0339991071534463,6.59561418573769,30.2753463757467,1.43316365847725,31.3162891535862,0,-0.805812871427321,-0.0184674511723398,-0.148281481734162,MV-202,sine_steer_python-1
2885,2026年09月05日_22时52分41秒_第036次,2026-09-05T22:52:41,2.884,39.3604877844014,0.0338380207138384,6.58989060435824,30.2860973875536,1.43515223017877,31.3270182464595,0,-0.828751161986563,-0.0189807545823555,-0.151980977212598,MV-202,sine_steer_python-1
2886,2026年09月05日_22时52分41秒_第036次,2026-09-05T22:52:41,2.885,39.3612809980475,0.0336767145546426,6.58423249989877,30.2968483956061,1.43714203252907,31.337747341285,0,-0.851558583130151,-0.0194910909487783,-0.155657783268172,MV-202,sine_steer_python-1
2887,2026年09月05日_22时52分41秒_第036次,2026-09-05T22:52:41,2.886,39.3620744662041,0.0335152595687198,6.5785510732971,30.3075993986958,1.43913307185882,31.3484764362447,0,-0.874231533301857,-0.0199983437041601,-0.1593097831526,MV-202,sine_steer_python-1
2888,2026年09月05日_22时52分41秒_第036次,2026-09-05T22:52:41,2.887,39.3628681806041,0.0333538844436014,6.57284496834188,30.3183503972533,1.44112534545143,31.3592055319469,0,-0.896766432180068,-0.020502399268448,-0.162934969805169,MV-202,sine_steer_python-1
2889,2026年09月05日_22时52分41秒_第036次,2026-09-05T22:52:41,2.888,39.3636621350415,0.033192810339913,6.56711828890545,30.3291013914226,1.44311885215834,31.3699346286367,0,-0.919159721242977,-0.0210031480046864,-0.166531485878929,MV-202,sine_steer_python-1
2890,2026年09月05日_22时52分41秒_第036次,2026-09-05T22:52:41,2.889,39.3644563224025,0.0330322412376747,6.56137134125116,30.3398523813393,1.44511359086977,31.3806637265229,0,-0.941407864330665,-0.0215004848608293,-0.170097650490076,MV-202,sine_steer_python-1
2891,2026年09月05日_22时52分41秒_第036次,2026-09-05T22:52:41,2.89,39.3652507357165,0.032872378416851,6.55560811197344,30.3506033671526,1.44710956039525,31.3913928258335,0,-0.963507348203429,-0.0219943097333773,-0.173631974200314,MV-202,sine_steer_python-1
2892,2026年09月05日_22时52分41秒_第036次,2026-09-05T22:52:41,2.891,39.3660453678958,0.0327134138046216,6.54983229066272,30.3613543489863,1.44910675967292,31.4021219267551,0,-0.985454683096581,-0.0224845275962087,-0.177133164065427,MV-202,sine_steer_python-1
2893,2026年09月05日_22时52分41秒_第036次,2026-09-05T22:52:41,2.892,39.3668398206306,0.0325551755804113,6.54338822977084,30.3721053269532,1.45110518769256,31.4128510294525,0,-1.00724640327152,-0.0229710484460106,-0.180600120928417,MV-202,sine_steer_python-1
2894,2026年09月05日_22时52分41秒_第036次,2026-09-05T22:52:41,2.893,39.3676348543958,0.0323944527678775,6.53785243768527,30.3828563059024,1.45310481686562,31.4235801422559,0,-1.02887906756301,-0.0234537871150857,-0.184031931097455,MV-202,sine_steer_python-1
2895,2026年09月05日_22时52分41秒_第036次,2026-09-05T22:52:41,2.894,39.3684300948333,0.0322332533754915,6.53202091217025,30.3936072780912,1.45510568997989,31.4343092521686,0,-1.0503492599226,-0.0239326629941191,-0.187427854212986,MV-202,sine_steer_python-1
2896,2026年09月05日_22时52分41秒_第036次,2026-09-05T22:52:41,2.895,39.3692255926693,0.0320718470208594,6.52625598143457,30.4043582478189,1.45710778295349,31.4450383660541,0,-1.07165358995799,-0.0244075996993163,-0.190787308761267,MV-202,sine_steer_python-1
2897,2026年09月05日_22时52分41秒_第036次,2026-09-05T22:52:41,2.896,39.3700213346511,0.0319103038555589,6.52046766221737,30.415109213855,1.45911110219417,31.4557674820591,0,-1.09278869346854,-0.0248785247093629,-0.194109856309704,MV-202,sine_steer_python-1
2898,2026年09月05日_22时52分41秒_第036次,2026-09-05T22:52:41,2.897,39.3708173126353,0.0317488544888835,6.51465460221968,30.42586017664,1.46111564494579,31.4664966008041,0,-1.11375123297637,-0.0253453689884453,-0.197395185152118,MV-202,sine_steer_python-1
2899,2026年09月05日_22时52分41秒_第036次,2026-09-05T22:52:41,2.898,39.3716135204806,0.0315877218075275,6.5088209550306,30.4366111363224,1.46312141004085,31.4772257225394,0,-1.13453789825351,-0.0258080666037059,-0.200643093718546,MV-202,sine_steer_python-1
2900,2026年09月05日_22时52分41秒_第036次,2026-09-05T22:52:41,2.899,39.3724099511319,0.0314271113643594,6.50296703016375,30.4473620930422,1.46512839635058,31.4879548474783,0,-1.15514540684453,-0.0262665543398799,-0.203853473867462,MV-202,sine_steer_python-1
2901,2026年09月05日_22时52分41秒_第036次,2026-09-05T22:52:41,2.9,39.373206597672,0.0312672260260901,6.49709686302062,30.4581130469532,1.46713660266448,31.4986839758536,0,-1.17557050458494,-0.0267207713110835,-0.207026294059799,MV-202,sine_steer_python-1
2902,2026年09月05日_22时52分41秒_第036次,2026-09-05T22:52:41,2.901,39.3740034530585,0.0311082592306556,6.49121418684515,30.4688639981836,1.4691460279021,31.5094131078564,0,-1.19580996611503,-0.0271706585696274,-0.21016158241096,MV-202,sine_steer_python-1
2903,2026年09月05日_22时52分41秒_第036次,2026-09-05T22:52:41,2.902,39.3748001226726,0.0309500392409149,6.48465573788558,30.4796149468503,1.47115667103516,31.5201422436553,0,-1.21586059538921,-0.0276161587138412,-0.213259409705675,MV-202,sine_steer_python-1
2904,2026年09月05日_22时52分41秒_第036次,2026-09-05T22:52:41,2.903,39.3755973615067,0.0307893279030886,6.47901694256254,30.4903658978998,1.47316850413122,31.5308713917384,0,-1.23571922618067,-0.0280572155002085,-0.216319872600768,MV-202,sine_steer_python-1
2905,2026年09月05日_22时52分41秒_第036次,2026-09-05T22:52:41,2.904,39.3763947962633,0.0306281443797139,6.47307889898815,30.5011168434398,1.47518157050483,31.5416005388625,0,-1.25538272258139,-0.0284937734685941,-0.219343077387807,MV-202,sine_steer_python-1
2906,2026年09月05日_22时52分41秒_第036次,2026-09-05T22:52:41,2.905,39.3771924782595,0.0304667638632676,6.46720856623569,30.511867787854,1.47719584576972,31.5523296920222,0,-1.27484797949738,-0.0289257775919991,-0.222329124799373,MV-202,sine_steer_python-1
2907,2026年09月05日_22时52分41秒_第036次,2026-09-05T22:52:41,2.906,39.3779903941217,0.0303052558468066,6.46131478918148,30.5226187298899,1.47921133640943,31.5630588493293,0,-1.29411192313889,-0.0293531729633847,-0.225278096389528,MV-202,sine_steer_python-1
2908,2026年09月05日_22时52分41秒_第036次,2026-09-05T22:52:41,2.907,39.3787885358338,0.0301438529303121,6.45539622070945,30.5333696699982,1.48122803962839,31.5737880114169,0,-1.31317151150591,-0.0297759045314057,-0.228190042988401,MV-202,sine_steer_python-1
2909,2026年09月05日_22时52分41秒_第036次,2026-09-05T22:52:41,2.908,39.379586897321,0.0299827797895554,6.44945706375814,30.5441206083318,1.48324595423998,31.5845171785403,0,-1.3320237348685,-0.0301939168944268,-0.231064975626871,MV-202,sine_steer_python-1
2910,2026年09月05日_22时52分41秒_第036次,2026-09-05T22:52:41,2.909,39.3803854715883,0.0298222436130838,6.44349763120475,30.5548715450355,1.48526507909631,31.5952463509178,0,-1.35066561624205,-0.0306071541584497,-0.233902859168423,MV-202,sine_steer_python-1
2911,2026年09月05日_22时52分41秒_第036次,2026-09-05T22:52:41,2.91,39.3811842517737,0.0296624489141293,6.43752200669387,30.5656224802677,1.48728541296672,31.6059755287875,0,-1.36909421185737,-0.0310155598601411,-0.236703608697826,MV-202,sine_steer_python-1
2912,2026年09月05日_22时52分41秒_第036次,2026-09-05T22:52:41,2.911,39.3819832308814,0.0295035906989109,6.4315339664785,30.5763734141612,1.48930695475206,31.6167047123448,0,-1.38730661162561,-0.031419130105348,-0.239469337783582,MV-202,sine_steer_python-1
2913,2026年09月05日_22时52分41秒_第036次,2026-09-05T22:52:41,2.912,39.3827820183322,0.029345497448365,6.42486276091555,30.5871243468372,1.49132970340589,31.6274339017626,0,-1.40529993959769,-0.0318179468146531,-0.242205765327574,MV-202,sine_steer_python-1
2914,2026年09月05日_22时52分41秒_第036次,2026-09-05T22:52:41,2.913,39.3835813630159,0.029184904637535,6.419122446773,30.5978752833396,1.49335363065533,31.6381631056864,0,-1.42307135441856,-0.0322120439114515,-0.244916552671258,MV-202,sine_steer_python-1
2915,2026年09月05日_22时52分41秒_第036次,2026-09-05T22:52:41,2.914,39.3843808929486,0.0290238421466912,6.41307941967353,30.6086262156269,1.4953787803356,31.648892310628,0,-1.44061804977582,-0.0326013653698753,-0.24760152736048,MV-202,sine_steer_python-1
2916,2026年09月05日_22时52分41秒_第036次,2026-09-05T22:52:41,2.915,39.3851806600169,0.0288625908182964,6.40710521706571,30.619377148167,1.49740512775941,31.6596215237126,0,-1.45793725484282,-0.0329858488965614,-0.250260224047115,MV-202,sine_steer_python-1
2917,2026年09月05日_22时52分41秒_第036次,2026-09-05T22:52:41,2.916,39.385980650728,0.0287012195253959,6.40110752432781,30.6301280796857,1.49943267948497,31.6703507430175,0,-1.47502623471635,-0.0333654260974645,-0.252891891315951,MV-202,sine_steer_python-1
2918,2026年09月05日_22时52分41秒_第036次,2026-09-05T22:52:41,2.917,39.3867808571971,0.0285399628805369,6.39508500044194,30.640879010644,1.5014614326775,31.6810799691885,0,-1.49188229084836,-0.0337400237104962,-0.255495543512667,MV-202,sine_steer_python-1
2919,2026年09月05日_22时52分41秒_第036次,2026-09-05T22:52:41,2.918,39.3875812734167,0.0283790473629079,6.38904189702459,30.6516299411995,1.5034913861313,31.6918092024864,0,-1.50850276147221,-0.0341095872537382,-0.258070962205881,MV-202,sine_steer_python-1
2920,2026年09月05日_22时52分41秒_第036次,2026-09-05T22:52:41,2.919,39.3883818924542,0.0282186818092458,6.38297853016998,30.6623808715015,1.50552253867943,31.7025384431345,0,-1.52488502202289,-0.0344742084091366,-0.260624092431304,MV-202,sine_steer_python-1
2921,2026年09月05日_22时52分41秒_第036次,2026-09-05T22:52:41,2.92,39.3891827075041,0.0280590723872847,6.37689903095307,30.6731318017135,1.50755488907106,31.7132676913764,0,-1.54102648555157,-0.0348338657825533,-0.26315606032731,MV-202,sine_steer_python-1
2922,2026年09月05日_22时52分41秒_第036次,2026-09-05T22:52:41,2.921,39.3899837116192,0.0279004156758429,6.37080721776691,30.6838827319728,1.50958843618838,31.7239969474121,0,-1.55692460313404,-0.0351884327596238,-0.265663505349874,MV-202,sine_steer_python-1
2923,2026年09月05日_22时52分41秒_第036次,2026-09-05T22:52:41,2.922,39.3907845186113,0.0277425404600075,6.36402498193341,30.694633662405,1.51162317896681,31.7347262114191,0,-1.57257686427323,-0.0355377788905013,-0.268142874963514,MV-202,sine_steer_python-1
2924,2026年09月05日_22时52分41秒_第036次,2026-09-05T22:52:41,2.923,39.3915858706434,0.027582156618112,6.35818472679052,30.7053845981516,1.51365908879684,31.7454554922001,0,-1.58798079729567,-0.0358817735968414,-0.270590581400613,MV-202,sine_steer_python-1
2925,2026年09月05日_22时52分41秒_第036次,2026-09-05T22:52:41,2.924,39.3923873973027,0.0274213042359429,6.35203834263389,30.7161355310221,1.51569621002816,31.7561847760224,0,-1.60313396974175,-0.0362202889330849,-0.273003118229117,MV-202,sine_steer_python-1
2926,2026年09月05日_22时52分41秒_第036次,2026-09-05T22:52:41,2.925,39.3931891510212,0.0272602698264815,6.34596189160538,30.7268864655685,1.5177345176759,31.7669140701419,0,-1.6180339887499,-0.0365532018103203,-0.275377154148295,MV-202,sine_steer_python-1
2927,2026年09月05日_22时52分41秒_第036次,2026-09-05T22:52:41,2.926,39.3939911181904,0.0270991216245679,6.33986191202337,30.7376374004952,1.51977401837195,31.7776433726016,0,-1.63267850143437,-0.0368803956920116,-0.277709604444219,MV-202,sine_steer_python-1
2928,2026年09月05日_22时52分41秒_第036次,2026-09-05T22:52:41,2.927,39.3947932910606,0.0269380962196184,6.3337370696243,30.7483883362734,1.52181470924264,31.7883726840601,0,-1.64706519525685,-0.0372017618093059,-0.279997682125992,MV-202,sine_steer_python-1
2929,2026年09月05日_22时52分41秒_第036次,2026-09-05T22:52:41,2.928,39.3955956636941,0.0267774218513792,6.3275916638137,30.7591392730655,1.5238565890633,31.7991020047841,0,-1.66119179839162,-0.0375171999523907,-0.282238931129148,MV-202,sine_steer_python-1
2930,2026年09月05日_22时52分41秒_第036次,2026-09-05T22:52:41,2.929,39.3963982292232,0.0266173089604271,6.32142601357788,30.7698902110255,1.52589965664796,31.8098313350018,0,-1.67505608008428,-0.0378266188955223,-0.284431244021845,MV-202,sine_steer_python-1
2931,2026年09月05日_22时52分41秒_第036次,2026-09-05T22:52:41,2.93,39.3972009809013,0.0264579653205766,6.31524429644229,30.780641150322,1.52794391072576,31.8205606749623,0,-1.68865585100403,-0.038129936511661,-0.286572866579013,MV-202,sine_steer_python-1
2932,2026年09月05日_22时52分41秒_第036次,2026-09-05T22:52:41,2.931,39.3980039118323,0.0262995890319585,6.30905037192663,30.7913920910969,1.52998935016027,31.8312900248708,0,-1.70198896358939,-0.0384270796295795,-0.288662391460474,MV-202,sine_steer_python-1
2933,2026年09月05日_22时52分41秒_第036次,2026-09-05T22:52:41,2.932,39.3988066405734,0.0261420092175972,6.30215889709506,30.8021430334803,1.53203597386881,31.8420193849091,0,-1.71505331238731,-0.0387179836826822,-0.290698743076022,MV-202,sine_steer_python-1
2934,2026年09月05日_22时52分41秒_第036次,2026-09-05T22:52:41,2.933,39.3996099019348,0.0259819108940887,6.2962203399257,30.8128939827112,1.53408375290919,31.8527487640367,0,-1.72784683438567,-0.039002592194692,-0.292681155548191,MV-202,sine_steer_python-1
2935,2026年09月05日_22时52分41秒_第036次,2026-09-05T22:52:41,2.934,39.4004133273368,0.0258213437778278,6.28997228337374,30.8236449304505,1.53613273213912,31.8634781482773,0,-1.74036750933905,-0.0392808561427634,-0.294609145489332,MV-202,sine_steer_python-1
2936,2026年09月05日_22时52分41秒_第036次,2026-09-05T22:52:41,2.935,39.4012169697312,0.0256606000222258,6.28379525953501,30.8343958813342,1.53818288627978,31.8742075450175,0,-1.75261336008773,-0.0395527332335274,-0.296482481095977,MV-202,sine_steer_python-1
2937,2026年09月05日_22时52分41秒_第036次,2026-09-05T22:52:41,2.936,39.4020208153993,0.0254997471568766,6.27759467227638,30.8451468340453,1.54023422203557,31.8849369522659,0,-1.76458245286991,-0.0398181871223883,-0.298301148844182,MV-202,sine_steer_python-1
2938,2026年09月05日_22时52分41秒_第036次,2026-09-05T22:52:41,2.937,39.4028248567316,0.0253390236643964,6.2713691946116,30.8558977890655,1.54228673649428,31.895666370694,0,-1.77627289762709,-0.0400771866016334,-0.300065318868167,MV-202,sine_steer_python-1
2939,2026年09月05日_22时52分41秒_第036次,2026-09-05T22:52:41,2.938,39.4036290878636,0.0251786594563901,6.26512317275117,30.8666487465617,1.54434042841229,31.9063958005742,0,-1.78768284830253,-0.0403297047791563,-0.30177530994547,MV-202,sine_steer_python-1
2940,2026年09月05日_22时52分41秒_第036次,2026-09-05T22:52:41,2.939,39.4044335019961,0.02501886648917,6.25885692818752,30.877399706693,1.54639529658464,31.91712524214,0,-1.79881050313274,-0.0405757182672251,-0.303431554911343,MV-202,sine_steer_python-1
2941,2026年09月05日_22时52分41秒_第036次,2026-09-05T22:52:41,2.94,39.4052380924454,0.0248598540526574,6.25257468386593,30.888150669633,1.54845133972044,31.9278546956459,0,-1.80965410493204,-0.0408152063996945,-0.305034567281725,MV-202,sine_steer_python-1
2942,2026年09月05日_22时52分41秒_第036次,2026-09-05T22:52:41,2.941,39.4060428523704,0.0247018216776655,6.24628033939115,30.8989016355283,1.55050855666463,31.938584161302,0,-1.82021194136999,-0.0410481504958862,-0.306584909856571,MV-202,sine_steer_python-1
2943,2026年09月05日_22时52分41秒_第036次,2026-09-05T22:52:41,2.942,39.4068474054307,0.0245445988240318,6.23928144060004,30.9096526045136,1.55256694631637,31.9493136392948,0,-1.83048234524184,-0.0412745331891703,-0.308083166067637,MV-202,sine_steer_python-1
2944,2026年09月05日_22时52分41秒_第036次,2026-09-05T22:52:41,2.943,39.4076524784561,0.02438484636041,6.23324623981079,30.9204035819251,1.55462647940487,31.9600431387396,0,-1.84046369473174,-0.0414943378371226,-0.309529914785761,MV-202,sine_steer_python-1
2945,2026年09月05日_22时52分41秒_第036次,2026-09-05T22:52:41,2.944,39.4084577049678,0.0242246230189294,6.2268982116585,30.9311545592757,1.55668720128908,31.970772645418,0,-1.85015441366892,-0.041707548027242,-0.310925709180376,MV-202,sine_steer_python-1
2946,2026年09月05日_22时52分41秒_第036次,2026-09-05T22:52:41,2.945,39.4092631384093,0.0240642265347691,6.22062230252712,30.9419055412852,1.55874908639976,31.9815021668459,0,-1.8595529717765,-0.0419141471873236,-0.312271060016867,MV-202,sine_steer_python-1
2947,2026年09月05日_22时52分41秒_第036次,2026-09-05T22:52:41,2.946,39.4100687649605,0.0239037236399986,6.21432279472565,30.9526565266154,1.56081214151263,31.9922317009983,0,-1.86865788491322,-0.042114118303038,-0.313566423500024,MV-202,sine_steer_python-1
2948,2026年09月05日_22时52分41秒_第036次,2026-09-05T22:52:41,2.947,39.4108745771577,0.0237433546035377,6.20799836905341,30.9634075157581,1.56287636367711,32.0029612485593,0,-1.87746771530775,-0.0423074437379838,-0.314812193462943,MV-202,sine_steer_python-1
2949,2026年09月05日_22时52分41秒_第036次,2026-09-05T22:52:41,2.948,39.4116805692142,0.0235833509000707,6.20165341756461,30.9741585088853,1.56494175163056,32.0136908098069,0,-1.88598107178573,-0.0424941051447029,-0.316008697413534,MV-202,sine_steer_python-1
2950,2026年09月05日_22时52分41秒_第036次,2026-09-05T22:52:41,2.949,39.4124867344048,0.0234239258964379,6.1952882639258,30.984909506161,1.56700830414894,32.0244203849795,0,-1.89419660998949,-0.0426740834501221,-0.317156195737533,MV-202,sine_steer_python-1
2951,2026年09月05日_22时52分41秒_第036次,2026-09-05T22:52:41,2.95,39.4132930661135,0.0232652902945879,6.18890717553539,30.9956605077637,1.5690760199212,32.0351499743374,0,-1.90211303259031,-0.0428473588964927,-0.31825488325565,MV-202,sine_steer_python-1
2952,2026年09月05日_22时52分41秒_第036次,2026-09-05T22:52:41,2.951,39.4140995575592,0.0231076449544313,6.18251409112403,31.006411513845,1.57114489777353,32.0458795780953,0,-1.90972908949329,-0.0430139111194268,-0.319304892354825,MV-202,sine_steer_python-1
2953,2026年09月05日_22时52分41秒_第036次,2026-09-05T22:52:41,2.952,39.4149058378659,0.0229508196666021,6.17540956598743,31.0171625245442,1.57321493658678,32.0566091964441,0,-1.91704357803475,-0.0431737192476806,-0.320306297043434,MV-202,sine_steer_python-1
2954,2026年09月05日_22时52分41秒_第036次,2026-09-05T22:52:41,2.953,39.4157126252506,0.0227914518797935,6.16927935944285,31.0279135452944,1.57528610676558,32.0673388386544,0,-1.92405534317217,-0.0433267620140372,-0.321259117479587,MV-202,sine_steer_python-1
2955,2026年09月05日_22时52分41秒_第036次,2026-09-05T22:52:41,2.954,39.4165195556089,0.0226316087116856,6.16283303750733,31.0386645674612,1.57735845416303,32.0780684902661,0,-1.93076327766655,-0.0434730178715887,-0.32216332473181,MV-202,sine_steer_python-1
2956,2026年09月05日_22时52分41秒_第036次,2026-09-05T22:52:41,2.955,39.4173266828467,0.0224715934232742,6.15645990435315,31.0494155958478,1.57943195292298,32.0887981589245,0,-1.93716632225726,-0.0436124651138747,-0.32301884570779,MV-202,sine_steer_python-1
2957,2026年09月05日_22时52分41秒_第036次,2026-09-05T22:52:41,2.956,39.4181339930525,0.0223114718618793,6.15006313400548,31.0601666290948,1.58150660989109,32.0995278425703,0,-1.94326346582935,-0.0437450819999063,-0.32382556829584,MV-202,sine_steer_python-1
2958,2026年09月05日_22时52分41秒_第036次,2026-09-05T22:52:41,2.957,39.4189414789154,0.0221514859830313,6.14364141561899,31.0709176677045,1.58358242207847,32.1102575419002,0,-1.94905374557315,-0.0438708468857445,-0.324583346790729,MV-202,sine_steer_python-1
2959,2026年09月05日_22时52分41秒_第036次,2026-09-05T22:52:41,2.958,39.419749134732,0.0219918687260821,6.137199186232,31.0816687118539,1.58565938820327,32.1209872571977,0,-1.95453624713639,-0.0439897383633504,-0.325292007634816,MV-202,sine_steer_python-1
2960,2026年09月05日_22时52分41秒_第036次,2026-09-05T22:52:41,2.959,39.4205569538569,0.0218328347764301,6.13073677148566,31.0924197617116,1.5877375070221,32.131716988706,0,-1.95971010476849,-0.0441017354055474,-0.325951355425498,MV-202,sine_steer_python-1
2961,2026年09月05日_22时52分41秒_第036次,2026-09-05T22:52:41,2.96,39.421364929748,0.0216745961600102,6.12425848240389,31.1031708174616,1.58981677720359,32.1424467366908,0,-1.96457450145738,-0.0442068175139656,-0.326561179056032,MV-202,sine_steer_python-1
2962,2026年09月05日_22时52分41秒_第036次,2026-09-05T22:52:41,2.961,39.4221730556902,0.021517354982937,6.11776829604125,31.1139218792601,1.59189719755487,32.1531765013713,0,-1.96912866905841,-0.0443049648654637,-0.327121257798297,MV-202,sine_steer_python-1
2963,2026年09月05日_22时52分41秒_第036次,2026-09-05T22:52:41,2.962,39.4229809666383,0.0213609413877372,6.11055989438943,31.1246729472513,1.59397876693821,32.1639062829426,0,-1.97337188841574,-0.0443961584521473,-0.327631367119901,MV-202,sine_steer_python-1
2964,2026年09月05日_22时52分41秒_第036次,2026-09-05T22:52:41,2.963,39.4237893715586,0.0212019701825094,6.10433627144702,31.1354240269649,1.59606145543781,32.1746360908297,0,-1.97730348947583,-0.0444803802107002,-0.328091284053653,MV-202,sine_steer_python-1
2965,2026年09月05日_22时52分41秒_第036次,2026-09-05T22:52:41,2.964,39.4245979089975,0.0210425162452109,6.09779328432922,31.1461751096196,1.59814530939349,32.1853659103318,0,-1.9809228513933,-0.0445576131379999,-0.328500791990583,MV-202,sine_steer_python-1
2966,2026年09月05日_22时52分41秒_第036次,2026-09-05T22:52:41,2.965,39.4254066332939,0.020882888338385,6.09132453769521,31.156926200102,1.60023030266565,32.1960957492226,0,-1.98422940262896,-0.0446278413913869,-0.32885968482752,MV-202,sine_steer_python-1
2967,2026年09月05日_22时52分41秒_第036次,2026-09-05T22:52:41,2.966,39.4262155304557,0.0207231513689486,6.08483211098714,31.1676772970315,1.60231644216839,32.2068256054086,0,-1.98722262104002,-0.0446910503730595,-0.329167770447082,MV-202,sine_steer_python-1
2968,2026年09月05日_22时52分41秒_第036次,2026-09-05T22:52:41,2.967,39.4270245933314,0.0205635489122053,6.07831470236226,31.1784284009211,1.60440372487449,32.217555479599,0,-1.9899020339626,-0.044747226798604,-0.329424873531024,MV-202,sine_steer_python-1
2969,2026年09月05日_22时52分41秒_第036次,2026-09-05T22:52:41,2.968,39.427833816307,0.0204043153088072,6.07177679310467,31.1891795119524,1.6064921494826,32.2282853720823,0,-1.99226721828634,-0.0447963623122849,-0.329630988542505,MV-202,sine_steer_python-1
2970,2026年09月05日_22时52分41秒_第036次,2026-09-05T22:52:41,2.969,39.4286431928232,0.0202456665077091,6.06521871078279,31.1999306302993,1.60858171472972,32.2390152831065,0,-1.99431780052123,-0.0448384460557119,-0.329785964803321,MV-202,sine_steer_python-1
2971,2026年09月05日_22时52分41秒_第036次,2026-09-05T22:52:41,2.97,39.4294527164177,0.0200878158093504,6.05864480937524,31.2106817561508,1.61067241926384,32.2497452129424,0,-1.99605345685654,-0.0448734664361591,-0.32988958203056,MV-202,sine_steer_python-1
2972,2026年09月05日_22时52分41秒_第036次,2026-09-05T22:52:41,2.971,39.4302623804475,0.0199309665233411,6.05205910362944,31.2214328896681,1.61276426187272,32.2604751618134,0,-1.99747391321203,-0.0449014157321915,-0.329941744237485,MV-202,sine_steer_python-1
2973,2026年09月05日_22时52分41秒_第036次,2026-09-05T22:52:41,2.972,39.4310718260704,0.019774949214381,6.04474851498745,31.232184031,1.61485724139972,32.2712051299189,0,-1.99857894528118,-0.0449222901181513,-0.32994248131343,MV-202,sine_steer_python-1
2974,2026年09月05日_22时52分41秒_第036次,2026-09-05T22:52:41,2.973,39.4318817523544,0.0196163569065249,6.03843300661131,31.2429351857728,1.616951327613,32.2819351268368,0,-1.9993683785666,-0.0449360917255949,-0.329892036817106,MV-202,sine_steer_python-1
2975,2026年09月05日_22时52分41秒_第036次,2026-09-05T22:52:41,2.974,39.4326918007775,0.0194572716280572,6.03179492580204,31.2536863450589,1.61904656733127,32.2926651376271,0,-1.99984208840763,-0.044942809486898,-0.32979005560736,MV-202,sine_steer_python-1
2976,2026年09月05日_22时52分41秒_第036次,2026-09-05T22:52:41,2.975,39.4335020260799,0.0192980076676474,6.02523211957485,31.2644375138279,1.62114293413506,32.3033951701909,0,-2,-0.0449424365782083,-0.329636322429965,MV-202,sine_steer_python-1
2977,2026年09月05日_22时52分41秒_第036次,2026-09-05T22:52:41,2.976,39.4343124141997,0.0191386289818678,6.01864558690188,31.2751886906784,1.62324043500538,32.3141252224006,0,-1.99984208840763,-0.0449350214976054,-0.329432924516646,MV-202,sine_steer_python-1
2978,2026年09月05日_22时52分41秒_第036次,2026-09-05T22:52:41,2.977,39.4351229581517,0.0189793807446285,6.01203403562578,31.2859398761336,1.62533906687664,32.3248552949774,0,-1.9993683785666,-0.0449205778130179,-0.329180431789353,MV-202,sine_steer_python-1
2979,2026年09月05日_22时52分41秒_第036次,2026-09-05T22:52:41,2.978,39.435933652416,0.0188204986808532,6.00540199061982,31.2966910703805,1.62743882842773,32.335585388215,0,-1.99857894528118,-0.0448991042598223,-0.328878747101142,MV-202,sine_steer_python-1
2980,2026年09月05日_22时52分41秒_第036次,2026-09-05T22:52:41,2.979,39.4367444905255,0.0186621999945854,5.99874978144559,31.3074422735976,1.62953971837578,32.3463155023658,0,-1.99747391321203,-0.0448705985569844,-0.328527690854917,MV-202,sine_steer_python-1
2981,2026年09月05日_22时52分41秒_第036次,2026-09-05T22:52:41,2.98,39.4375554661029,0.018504699258088,5.99208180447956,31.3181934859795,1.63164173534785,32.3570456377053,0,-1.99605345685654,-0.0448350618632631,-0.328127189715281,MV-202,sine_steer_python-1
2982,2026年09月05日_22时52分41秒_第036次,2026-09-05T22:52:41,2.981,39.4383665725822,0.018348200988372,5.98540211165803,31.3289447076922,1.63374487811209,32.3677757944615,0,-1.99431780052123,-0.0447924959748415,-0.327677157666836,MV-202,sine_steer_python-1
2983,2026年09月05日_22时52分41秒_第036次,2026-09-05T22:52:41,2.982,39.4391774577014,0.0181925362974234,5.97799097169702,31.3396959388893,1.63584914549267,32.3785059728374,0,-1.99226721828635,-0.044742942547465,-0.327179156402981,MV-202,sine_steer_python-1
2984,2026年09月05日_22时52分41秒_第036次,2026-09-05T22:52:41,2.983,39.4399888099744,0.0180342773633745,5.97158505882724,31.350447185293,1.63795450694636,32.3892361825631,0,-1.9899020339626,-0.0446864195228378,-0.326633704474194,MV-202,sine_steer_python-1
2985,2026年09月05日_22时52分41秒_第036次,2026-09-05T22:52:41,2.984,39.4408002740915,0.0178755127701659,5.96485340868812,31.3611984378307,1.64006100976272,32.3999664084607,0,-1.98722262104002,-0.0446229255962103,-0.326040467064359,MV-202,sine_steer_python-1
2986,2026年09月05日_22时52分41秒_第036次,2026-09-05T22:52:41,2.985,39.4416119051624,0.0177165624058701,5.95819805162156,31.3719497015542,1.64216862724618,32.4106966585576,0,-1.98422940262895,-0.0445524632237528,-0.325399228760138,MV-202,sine_steer_python-1
2987,2026年09月05日_22时52分41秒_第036次,2026-09-05T22:52:41,2.986,39.4424236890651,0.0175574893107936,5.95151892058838,31.3827009750416,1.64427736644316,32.4214269306924,0,-1.9809228513933,-0.0444750299379765,-0.324709526728833,MV-202,sine_steer_python-1
2988,2026年09月05日_22时52分41秒_第036次,2026-09-05T22:52:41,2.987,39.4432356189855,0.0173985402783772,5.9448147337559,31.3934522588267,1.6463872242498,32.4321572255981,0,-1.97730348947583,-0.0443906234354309,-0.323970865844245,MV-202,sine_steer_python-1
2989,2026年09月05日_22时52分41秒_第036次,2026-09-05T22:52:41,2.988,39.4440476895029,0.0172399524421382,5.93809005893344,31.4042035531013,1.64849819932507,32.4428875435734,0,-1.97337188841574,-0.0442992421431466,-0.323182742705783,MV-202,sine_steer_python-1
2990,2026年09月05日_22时52分41秒_第036次,2026-09-05T22:52:41,2.989,39.4448598942461,0.0170819442928864,5.93134522777372,31.414954858049,1.65061029036603,32.453617884875,0,-1.96912866905841,-0.0442008855532156,-0.322344659888747,MV-202,sine_steer_python-1
2991,2026年09月05日_22时52分41秒_第036次,2026-09-05T22:52:41,2.99,39.4456722269272,0.0169247317106031,5.92458467852574,31.4257061738698,1.65272349597871,32.4643482497835,0,-1.96457450145738,-0.0440955545088912,-0.321456138129012,MV-202,sine_steer_python-1
2992,2026年09月05日_22时52分41秒_第036次,2026-09-05T22:52:41,2.991,39.4464846810616,0.0167685204608108,5.91781249985261,31.4364575007347,1.6548378149115,32.4750786385308,0,-1.95971010476849,-0.043983251445557,-0.320516726597382,MV-202,sine_steer_python-1
2993,2026年09月05日_22时52分41秒_第036次,2026-09-05T22:52:41,2.992,39.4472969113456,0.01661314237045,5.91030241107172,31.4472088388021,1.65695324596926,32.4858090513237,0,-1.95453624713639,-0.0438639805872037,-0.319526011294498,MV-202,sine_steer_python-1
2994,2026年09月05日_22时52分41秒_第036次,2026-09-05T22:52:41,2.993,39.448109595078,0.0164551497731282,5.90380754583895,31.4579601938898,1.6590697583024,32.4965394980437,0,-1.94905374557316,-0.0437377481041457,-0.31848362180928,MV-202,sine_steer_python-1
2995,2026年09月05日_22时52分41秒_第036次,2026-09-05T22:52:41,2.994,39.4489223804409,0.0162966372203208,5.89698382556497,31.4687115567808,1.66118739966318,32.5072699632761,0,-1.94326346582935,-0.0436045622359696,-0.317389236610102,MV-202,sine_steer_python-1
2996,2026年09月05日_22时52分41秒_第036次,2026-09-05T22:52:41,2.995,39.4497353228814,0.0161379303054082,5.89023740391056,31.4794629326088,1.6633061430839,32.5180004551741,0,-1.93716632225726,-0.043464433382092,-0.316242586969549,MV-202,sine_steer_python-1
2997,2026年09月05日_22时52分41秒_第036次,2026-09-05T22:52:41,2.996,39.4505484082248,0.0159790912141486,5.88346716253595,31.4902143199318,1.66542599567508,32.5287309715427,0,-1.93076327766655,-0.0433173741612928,-0.31504345958098,MV-202,sine_steer_python-1
2998,2026年09月05日_22时52分41秒_第036次,2026-09-05T22:52:41,2.997,39.4513616298329,0.0158203684052348,5.8766718304451,31.5009657192939,1.66754695429484,32.5394615131266,0,-1.92405534317218,-0.0431633994410879,-0.313791697903796,MV-202,sine_steer_python-1
2999,2026年09月05日_22时52分41秒_第036次,2026-09-05T22:52:41,2.998,39.4521749823862,0.0156620004678841,5.86985601764556,31.5117171308919,1.66966901758221,32.5501920802294,0,-1.91704357803475,-0.0430025263377533,-0.312487202272457,MV-202,sine_steer_python-1
3000,2026年09月05日_22时52分41秒_第036次,2026-09-05T22:52:41,2.999,39.4529884596133,0.0155042072318485,5.86302005792014,31.5224685549147,1.67179218421424,32.5609226731126,0,-1.90972908949329,-0.0428347741881187,-0.311129928817046,MV-202,sine_steer_python-1
3001,2026年09月05日_22时52分41秒_第036次,2026-09-05T22:52:41,3,39.4538020553183,0.0153472059390189,5.85616843080323,31.5332199915675,1.67391645277597,32.5716532920611,0,-1.90211303259031,-0.0426601644948089,-0.309719887266867,MV-202,sine_steer_python-1
